;px_last;yld_ytm_mid;asset_swap_spd_mid;z_sprd_mid
1997-11-17;100.237;6.585;;
1997-11-18;100.549;6.561;;
1997-11-19;101.519;6.486;;
1997-11-21;102.36;6.422;;
1997-11-24;102.35;6.422;;
1997-11-25;103.023;6.372;;
1997-11-26;103.489;6.337;;
1997-11-27;103.322;6.349;;
1997-11-28;103.771;6.316;;
1997-12-01;104.232;6.282;;
1997-12-02;105.12;6.217;;
1997-12-03;104.998;6.226;;
1997-12-04;105.813;6.167;;
1997-12-05;105.517;6.188;;
1997-12-09;105.575;6.184;;
1997-12-10;105.281;6.205;;
1997-12-11;105.98;6.154;;
1997-12-12;106.457;6.12;;
1997-12-15;106.546;6.114;;
1997-12-16;106.563;6.113;;
1997-12-17;106.424;6.123;;
1997-12-18;106.696;6.103;;
1997-12-19;107.138;6.072;;
1997-12-22;107.325;6.059;;
1997-12-23;108.24;5.995;;
1997-12-24;108.412;5.983;;
1997-12-29;108.121;6.003;;
1997-12-30;107.107;6.074;;
1997-12-31;107.444;6.05;;
1998-01-02;107.148;6.071;;
1998-01-05;108.625;5.968;;
1998-01-06;108.615;5.968;;
1998-01-07;108.871;5.951;;
1998-01-08;109.404;5.914;;
1998-01-09;109.831;5.885;;
1998-01-12;110.255;5.856;;
1998-01-13;110.12;5.866;;
1998-01-14;109.61;5.9;;
1998-01-15;109.166;5.93;;
1998-01-16;108.675;5.964;;
1998-01-19;109.093;5.935;;
1998-01-20;109.24;5.925;;
1998-01-21;108.416;5.982;;
1998-01-22;108.485;5.977;;
1998-01-23;108.398;5.983;;
1998-01-26;108.358;5.986;;
1998-01-27;108.328;5.988;;
1998-01-28;108.208;5.996;;
1998-01-29;108.254;5.993;;
1998-01-30;108.447;5.98;;
1998-02-02;108.427;5.981;;
1998-02-03;108.627;5.967;;
1998-02-04;108.3;5.99;;
1998-02-05;108.358;5.986;;
1998-02-06;108.615;5.968;;
1998-02-09;108.305;5.989;;
1998-02-10;108.664;5.964;;
1998-02-11;109.522;5.905;;
1998-02-12;109.805;5.886;;
1998-02-13;109.696;5.893;;
1998-02-16;109.585;5.901;;
1998-02-17;110.356;5.849;;
1998-02-18;110.356;5.849;;
1998-02-19;110.101;5.866;;
1998-02-20;109.912;5.879;;
1998-02-23;110.191;5.86;;
1998-02-24;109.914;5.878;;
1998-02-25;109.984;5.874;;
1998-02-26;110.229;5.857;;
1998-02-27;110.142;5.863;;
1998-03-02;110.677;5.827;;
1998-03-03;110.541;5.836;;
1998-03-04;109.692;5.893;;
1998-03-05;110.073;5.868;;
1998-03-06;110.101;5.866;;
1998-03-09;110.603;5.832;;
1998-03-10;111.144;5.795;;
1998-03-11;111.261;5.788;;
1998-03-12;112.059;5.735;;
1998-03-13;112.084;5.733;;
1998-03-16;112.138;5.729;;
1998-03-17;112.1;5.732;;
1998-03-18;112.388;5.713;;
1998-03-19;112.204;5.725;;
1998-03-20;112.708;5.692;;
1998-03-23;112.672;5.694;;
1998-03-24;113.002;5.673;;
1998-03-25;113.576;5.636;;
1998-03-26;113.621;5.633;;
1998-03-27;113.216;5.659;;
1998-03-30;112.514;5.705;;
1998-03-31;112.558;5.702;;
1998-04-01;112.482;5.707;;
1998-04-02;113.338;5.651;;
1998-04-03;113.931;5.612;;
1998-04-06;114.045;5.605;;
1998-04-07;114.164;5.597;;
1998-04-08;114.041;5.605;;
1998-04-09;114.026;5.606;;
1998-04-10;114.043;5.605;;
1998-04-14;113.936;5.612;;
1998-04-15;113.914;5.613;;
1998-04-16;114.075;5.603;;
1998-04-17;114.273;5.59;;
1998-04-20;113.979;5.609;;
1998-04-21;113.62;5.632;;
1998-04-22;113.032;5.67;;
1998-04-23;112.961;5.675;;
1998-04-24;112.96;5.675;;
1998-04-27;111.597;5.765;;
1998-04-28;111.441;5.775;;
1998-04-29;111.124;5.796;;
1998-04-30;111.784;5.752;;
1998-05-01;111.805;5.751;;
1998-05-04;112.433;5.709;;
1998-05-05;112.108;5.731;;
1998-05-06;112.094;5.731;;
1998-05-07;111.753;5.754;;
1998-05-08;111.957;5.74;;
1998-05-11;111.918;5.743;;
1998-05-12;111.114;5.796;;
1998-05-13;111.464;5.773;;
1998-05-14;111.532;5.768;;
1998-05-15;111.051;5.8;;
1998-05-18;111.252;5.787;;
1998-05-19;111.554;5.767;;
1998-05-20;112.193;5.724;;
1998-05-21;112.416;5.709;;
1998-05-22;112.365;5.713;;
1998-05-25;112.367;5.713;;
1998-05-26;112.771;5.686;;
1998-05-27;112.785;5.685;;
1998-05-28;112.59;5.698;;
1998-05-29;113.151;5.661;;
1998-06-01;113.344;5.648;;
1998-06-02;113.28;5.653;;
1998-06-03;113.208;5.657;;
1998-06-04;113.103;5.664;;
1998-06-05;113.259;5.654;;
1998-06-08;113.437;5.642;;
1998-06-09;113.023;5.669;;
1998-06-10;113.657;5.628;;
1998-06-11;114.251;5.589;;
1998-06-12;114.37;5.582;;
1998-06-15;114.661;5.563;;
1998-06-16;114.425;5.578;;
1998-06-17;113.865;5.614;;
1998-06-18;114.031;5.603;;
1998-06-19;113.834;5.616;;
1998-06-22;114.205;5.592;;
1998-06-23;114.215;5.591;;
1998-06-24;114.275;5.587;;
1998-06-25;114.192;5.593;;
1998-06-26;114.176;5.594;;
1998-06-29;114.09;5.599;;
1998-06-30;113.867;5.613;;
1998-07-01;113.983;5.606;;
1998-07-02;114.593;5.567;;
1998-07-03;114.667;5.562;;
1998-07-06;115.225;5.526;;
1998-07-07;115.048;5.538;;
1998-07-08;114.976;5.542;;
1998-07-09;115.042;5.538;;
1998-07-10;115.208;5.527;;
1998-07-13;114.742;5.557;;
1998-07-14;114.647;5.563;;
1998-07-15;114.525;5.571;;
1998-07-16;114.569;5.568;;
1998-07-17;114.747;5.556;;
1998-07-20;114.92;5.545;;
1998-07-21;115.153;5.53;;
1998-07-22;115.153;5.53;;
1998-07-23;115.21;5.527;;
1998-07-24;115.241;5.525;;
1998-07-27;115.371;5.516;;
1998-07-28;115.331;5.519;;
1998-07-29;115.403;5.514;;
1998-07-30;115.358;5.517;;
1998-07-31;115.468;5.51;;
1998-08-03;115.786;5.49;;
1998-08-04;116.184;5.465;;
1998-08-05;116.348;5.455;;
1998-08-06;116.444;5.448;;
1998-08-07;116.859;5.423;;
1998-08-10;117.283;5.396;;
1998-08-11;117.987;5.353;;
1998-08-12;117.424;5.387;;
1998-08-13;117.061;5.41;;
1998-08-14;116.876;5.421;;
1998-08-17;117.291;5.396;;
1998-08-18;117.281;5.396;;
1998-08-19;117.244;5.398;;
1998-08-20;117.84;5.362;;
1998-08-21;118.296;5.334;;
1998-08-24;117.401;5.389;;
1998-08-25;117.33;5.393;;
1998-08-26;117.377;5.39;;
1998-08-27;117.594;5.376;;
1998-08-28;116.82;5.424;;
1998-08-31;116.711;5.431;;
1998-09-01;116.124;5.468;;
1998-09-02;116.687;5.432;;
1998-09-03;116.999;5.413;;
1998-09-04;117.003;5.413;;
1998-09-07;117.162;5.403;;
1998-09-08;117.046;5.41;;
1998-09-09;117.752;5.366;;
1998-09-10;118.059;5.347;;
1998-09-11;117.975;5.352;;
1998-09-14;117.801;5.363;;
1998-09-15;118.126;5.343;;
1998-09-16;118.168;5.34;;
1998-09-17;118.8;5.302;;
1998-09-18;118.691;5.309;;
1998-09-21;118.991;5.29;;
1998-09-22;119.237;5.275;;
1998-09-23;118.864;5.298;;
1998-09-24;118.871;5.297;;
1998-09-25;118.473;5.322;;
1998-09-28;118.423;5.325;;
1998-09-29;118.355;5.329;;
1998-09-30;119.207;5.277;;
1998-10-01;120.144;5.221;;
1998-10-02;119.822;5.24;;
1998-10-05;119.082;5.284;;
1998-10-06;119.353;5.268;;
1998-10-07;119.532;5.257;;
1998-10-08;117.043;5.409;;
1998-10-09;113.431;5.639;;
1998-10-12;112.356;5.709;;
1998-10-13;113.82;5.613;;
1998-10-14;114.777;5.552;;
1998-10-15;115.31;5.518;;
1998-10-16;115.317;5.517;;
1998-10-19;115.403;5.512;;
1998-10-20;115.163;5.527;;
1998-10-21;115.573;5.501;;
1998-10-22;115.64;5.497;;
1998-10-23;115.649;5.496;;
1998-10-26;114.925;5.542;;
1998-10-27;115.592;5.5;;
1998-10-28;115.677;5.494;;
1998-10-29;115.889;5.481;;
1998-10-30;115.939;5.477;;
1998-11-02;115.737;5.49;;
1998-11-03;116.011;5.473;;
1998-11-04;116.003;5.473;;
1998-11-05;116.029;5.471;;
1998-11-06;115.559;5.501;;
1998-11-09;115.39;5.512;;
1998-11-10;115.404;5.511;;
1998-11-11;115.286;5.518;;
1998-11-12;115.776;5.487;;
1998-11-13;115.818;5.484;;
1998-11-16;115.805;5.485;;
1998-11-17;115.864;5.481;;
1998-11-18;117.256;5.394;;
1998-11-19;118.126;5.34;;
1998-11-20;118.86;5.296;;
1998-11-23;119.427;5.261;;
1998-11-24;119.349;5.266;;
1998-11-25;119.418;5.262;;
1998-11-26;119.405;5.262;;
1998-11-27;121.339;5.147;;
1998-11-30;121.572;5.133;;
1998-12-01;121.482;5.138;;
1998-12-02;121.682;5.127;;
1998-12-03;121.944;5.111;;
1998-12-04;122.564;5.075;;
1998-12-07;123.045;5.047;;
1998-12-09;125.191;4.925;;
1998-12-10;126.126;4.873;;
1998-12-11;125.999;4.88;;
1998-12-14;124.874;4.942;;
1998-12-15;124.567;4.96;;
1998-12-16;124.079;4.987;;
1998-12-17;123.888;4.998;;
1998-12-18;124.489;4.964;;
1998-12-21;124.199;4.98;;
1998-12-22;123.401;5.026;;
1998-12-23;124.265;4.976;;
1998-12-29;124.438;4.966;;
1998-12-30;124.878;4.941;;
1999-01-04;127.147;4.815;;
1999-01-05;127.499;4.795;;
1999-01-06;127.735;4.782;;
1999-01-07;127.572;4.791;;
1999-01-08;127.438;4.798;;
1999-01-11;125.744;4.892;;
1999-01-12;125.771;4.89;;
1999-01-13;125.73;4.892;;
1999-01-14;125.007;4.933;;
1999-01-15;125.09;4.928;;
1999-01-18;125.577;4.901;;
1999-01-19;125.917;4.882;;
1999-01-20;125.796;4.888;;
1999-01-21;126.329;4.858;;
1999-01-22;126.596;4.844;;
1999-01-25;126.721;4.837;;
1999-01-26;126.786;4.833;;
1999-01-27;126.88;4.828;;
1999-01-28;126.687;4.838;;
1999-01-29;126.616;4.842;;
1999-02-01;126.205;4.865;;
1999-02-02;125.877;4.883;;
1999-02-03;125.323;4.914;;
1999-02-04;124.116;4.982;;
1999-02-05;124.846;4.94;;
1999-02-08;123.965;4.99;;
1999-02-09;124.616;4.953;;
1999-02-10;124.802;4.943;;
1999-02-11;124.878;4.938;;
1999-02-12;124.118;4.981;;
1999-02-15;121.851;5.112;;
1999-02-16;121.86;5.112;;
1999-02-17;122.012;5.103;;
1999-02-18;121.825;5.114;;
1999-02-19;122.371;5.082;;
1999-02-22;122.58;5.069;;
1999-02-23;122.905;5.051;;
1999-02-24;122.867;5.053;;
1999-02-25;121.359;5.141;;
1999-02-26;120.6;5.186;;
1999-03-01;118.887;5.289;;
1999-03-02;119.173;5.271;;
1999-03-03;118.152;5.334;;
1999-03-04;117.284;5.387;;
1999-03-05;118.501;5.312;;
1999-03-08;118.783;5.295;;
1999-03-09;118.057;5.339;;
1999-03-10;118.553;5.309;;
1999-03-11;118.637;5.304;;
1999-03-12;119.063;5.278;;
1999-03-15;119.007;5.281;;
1999-03-16;119.623;5.244;;
1999-03-17;120.32;5.202;;
1999-03-18;120.573;5.186;;
1999-03-19;120.495;5.191;;
1999-03-22;120.029;5.219;;
1999-03-23;119.718;5.238;;
1999-03-24;119.628;5.243;;
1999-03-25;119.582;5.246;;
1999-03-26;118.248;5.327;;
1999-03-29;117.955;5.345;;
1999-03-30;118.39;5.318;;
1999-03-31;119.406;5.256;;
1999-04-01;119.379;5.258;;
1999-04-02;119.422;5.255;;
1999-04-06;120.4;5.196;;
1999-04-07;121.089;5.155;;
1999-04-08;121.079;5.155;;
1999-04-09;122.13;5.093;;
1999-04-12;122.421;5.076;;
1999-04-13;121.699;5.119;;
1999-04-14;121.848;5.11;;
1999-04-15;121.358;5.139;;
1999-04-16;121.012;5.159;;
1999-04-19;121.054;5.156;;
1999-04-20;121.695;5.118;;
1999-04-21;121.943;5.104;;
1999-04-22;121.864;5.108;;
1999-04-23;121.943;5.104;;
1999-04-26;121.275;5.143;;
1999-04-27;121.471;5.131;;
1999-04-28;121.238;5.145;;
1999-04-29;121.501;5.129;;
1999-04-30;121.1;5.153;;
1999-05-03;121.008;5.159;;
1999-05-04;120.202;5.207;;
1999-05-05;120.003;5.218;;
1999-05-06;119.312;5.26;;
1999-05-07;119.429;5.253;;
1999-05-10;118.644;5.301;;
1999-05-11;118.38;5.317;;
1999-05-12;118.427;5.314;;
1999-05-13;119.14;5.27;;
1999-05-14;117.271;5.385;;
1999-05-17;117.295;5.384;;
1999-05-18;117.689;5.359;;
1999-05-19;117.509;5.37;;
1999-05-20;118.134;5.331;;
1999-05-21;118.521;5.307;;
1999-05-24;118.741;5.294;;
1999-05-25;118.04;5.337;;
1999-05-26;118.231;5.325;;
1999-05-27;117.308;5.382;;
1999-05-28;116.766;5.416;;
1999-05-31;116.634;5.424;;
1999-06-01;115.498;5.496;;
1999-06-02;114.864;5.537;;
1999-06-03;115.46;5.499;;
1999-06-04;114.71;5.547;;
1999-06-07;115.097;5.522;;
1999-06-08;115.219;5.514;;
1999-06-09;114.822;5.539;;
1999-06-10;113.093;5.652;;
1999-06-11;113.159;5.648;;
1999-06-14;113.357;5.635;;
1999-06-15;114.064;5.588;;
1999-06-16;114.801;5.54;;
1999-06-17;115.27;5.51;;
1999-06-18;115.534;5.493;;
1999-06-21;114.238;5.577;;
1999-06-22;113.47;5.627;;
1999-06-23;112.852;5.668;;
1999-06-24;110.869;5.801;;
1999-06-25;111.947;5.728;;
1999-06-28;111.85;5.734;;
1999-06-29;112.345;5.701;;
1999-06-30;112.444;5.695;;
1999-07-01;112.178;5.712;;
1999-07-02;111.622;5.75;;
1999-07-05;111.382;5.766;;
1999-07-06;110.522;5.824;;
1999-07-07;109.968;5.862;;
1999-07-08;109.727;5.879;;
1999-07-09;110.521;5.824;;
1999-07-12;110.839;5.802;;
1999-07-13;111.666;5.746;;
1999-07-14;111.557;5.754;;
1999-07-15;110.273;5.841;;
1999-07-16;111.025;5.79;;
1999-07-19;110.826;5.803;;
1999-07-20;111.781;5.738;;
1999-07-21;112.486;5.691;;
1999-07-22;111.89;5.731;;
1999-07-23;111.653;5.747;;
1999-07-26;111.395;5.764;;
1999-07-27;111.27;5.773;;
1999-07-28;111.089;5.785;;
1999-07-29;110.031;5.857;;
1999-07-30;109.437;5.898;;
1999-08-02;108.565;5.96;;
1999-08-03;108.563;5.96;;
1999-08-04;108.755;5.946;;
1999-08-05;107.985;6.0;;
1999-08-06;107.611;6.027;;
1999-08-09;107.384;6.043;;
1999-08-10;107.397;6.042;;
1999-08-11;107.229;6.054;;
1999-08-12;107.614;6.027;;
1999-08-13;108.107;5.992;;
1999-08-16;107.656;6.024;;
1999-08-17;108.221;5.984;;
1999-08-18;108.421;5.969;;
1999-08-19;108.134;5.99;;
1999-08-20;108.169;5.987;;
1999-08-23;108.894;5.936;;
1999-08-24;108.737;5.947;;
1999-08-25;109.314;5.906;;
1999-08-26;109.388;5.901;;
1999-08-27;108.877;5.937;;
1999-08-30;107.946;6.003;;
1999-08-31;107.662;6.023;;
1999-09-01;107.476;6.036;;
1999-09-02;106.703;6.092;;
1999-09-03;107.372;6.044;;
1999-09-06;107.208;6.056;;
1999-09-07;105.544;6.177;;
1999-09-08;106.126;6.134;;
1999-09-09;105.997;6.144;;
1999-09-10;105.968;6.146;;
1999-09-13;104.963;6.22;;
1999-09-14;104.748;6.236;;
1999-09-15;104.656;6.243;;
1999-09-16;105.196;6.203;;
1999-09-17;106.161;6.131;;
1999-09-20;105.606;6.172;;
1999-09-21;105.633;6.17;;
1999-09-22;105.687;6.166;;
1999-09-23;105.683;6.167;;
1999-09-24;106.627;6.097;;
1999-09-27;106.493;6.107;;
1999-09-28;106.162;6.131;;
1999-09-29;105.526;6.178;;
1999-09-30;105.872;6.153;;
1999-10-01;105.14;6.207;;
1999-10-04;105.168;6.205;;
1999-10-05;105.161;6.205;;
1999-10-06;104.806;6.232;;
1999-10-07;104.55;6.251;;
1999-10-08;104.294;6.27;;
1999-10-11;104.006;6.292;;
1999-10-12;102.936;6.373;;
1999-10-13;103.104;6.36;;
1999-10-14;101.793;6.462;;
1999-10-15;102.36;6.418;;
1999-10-18;102.025;6.444;;
1999-10-19;102.354;6.418;;
1999-10-20;101.436;6.49;;
1999-10-21;102.467;6.41;;
1999-10-22;102.492;6.408;;
1999-10-25;101.814;6.46;;
1999-10-26;102.101;6.438;;
1999-10-27;103.61;6.322;;
1999-10-28;104.844;6.229;;
1999-10-29;106.032;6.141;;
1999-11-01;106.468;6.109;;
1999-11-02;107.301;6.048;;
1999-11-03;106.763;6.087;;
1999-11-04;107.961;6.001;;
1999-11-05;108.389;5.97;;
1999-11-08;108.793;5.942;;
1999-11-09;108.133;5.989;;
1999-11-10;107.62;6.025;;
1999-11-11;107.604;6.026;;
1999-11-12;108.582;5.956;;
1999-11-15;108.196;5.984;;
1999-11-16;108.773;5.943;;
1999-11-17;107.659;6.022;;
1999-11-18;107.33;6.046;;
1999-11-19;106.835;6.081;;
1999-11-22;106.821;6.082;;
1999-11-23;106.558;6.102;;
1999-11-24;105.396;6.187;;
1999-11-25;105.491;6.18;;
1999-11-26;105.003;6.216;;
1999-11-29;104.747;6.235;;
1999-11-30;106.063;6.138;;
1999-12-01;106.606;6.098;;
1999-12-02;105.646;6.168;;
1999-12-03;106.185;6.128;;
1999-12-06;107.319;6.046;;
1999-12-07;108.045;5.994;;
1999-12-08;107.589;6.026;;
1999-12-09;107.854;6.007;;
1999-12-10;108.595;5.955;;
1999-12-13;108.035;5.994;;
1999-12-14;106.909;6.075;;
1999-12-15;107.421;6.038;;
1999-12-16;105.586;6.172;;
1999-12-17;104.914;6.222;;
1999-12-20;104.73;6.236;;
1999-12-21;105.274;6.195;;
1999-12-22;104.993;6.216;;
1999-12-23;105.529;6.176;;
1999-12-24;105.371;6.188;;
1999-12-27;105.483;6.18;;
1999-12-28;104.779;6.232;;
1999-12-29;104.41;6.26;;
1999-12-30;103.997;6.291;;
1999-12-31;103.93;6.296;;
2000-01-03;102.599;6.398;;
2000-01-04;102.809;6.382;;
2000-01-05;102.777;6.384;;
2000-01-06;101.98;6.446;;
2000-01-07;103.232;6.349;;
2000-01-10;103.995;6.291;;
2000-01-11;102.498;6.406;;
2000-01-12;102.18;6.431;;
2000-01-13;102.598;6.398;;
2000-01-14;102.22;6.427;;
2000-01-17;101.76;6.463;;
2000-01-18;100.998;6.524;;
2000-01-19;101.626;6.474;;
2000-01-20;101.826;6.458;;
2000-01-21;102.166;6.432;;
2000-01-24;102.389;6.414;;
2000-01-25;103.219;6.35;;
2000-01-26;103.321;6.342;;
2000-01-27;102.516;6.404;;
2000-01-28;102.563;6.401;;
2000-01-31;103.592;6.321;;
2000-02-01;104.488;6.253;;
2000-02-02;104.343;6.264;;
2000-02-03;105.732;6.16;;
2000-02-04;104.56;6.248;;
2000-02-07;104.391;6.261;;
2000-02-08;105.274;6.194;;
2000-02-09;105.404;6.185;;
2000-02-10;104.269;6.27;;
2000-02-11;104.326;6.266;;
2000-02-14;104.985;6.216;;
2000-02-15;104.75;6.234;;
2000-02-16;104.363;6.263;;
2000-02-17;104.643;6.242;;
2000-02-18;105.053;6.211;;
2000-02-21;105.715;6.162;;
2000-02-22;106.909;6.074;;
2000-02-23;106.378;6.113;;
2000-02-24;106.626;6.094;;
2000-02-25;105.862;6.151;;
2000-02-28;105.138;6.204;;
2000-02-29;105.231;6.197;;
2000-03-01;105.604;6.17;;
2000-03-02;105.412;6.184;;
2000-03-03;106.134;6.13;;
2000-03-06;106.021;6.139;;
2000-03-07;105.979;6.142;;
2000-03-08;105.72;6.161;;
2000-03-09;106.669;6.091;;
2000-03-10;106.355;6.114;;
2000-03-13;106.842;6.078;;
2000-03-14;106.743;6.086;;
2000-03-15;107.229;6.05;;
2000-03-16;108.255;5.976;;
2000-03-17;108.88;5.932;;
2000-03-20;108.907;5.93;;
2000-03-21;109.155;5.912;;
2000-03-22;108.657;5.948;;
2000-03-23;109.372;5.897;;
2000-03-24;108.897;5.931;;
2000-03-27;107.999;5.995;;
2000-03-28;108.278;5.975;;
2000-03-29;107.417;6.037;;
2000-03-30;107.999;5.995;;
2000-03-31;108.718;5.943;;
2000-04-03;109.028;5.921;;
2000-04-04;109.083;5.917;;
2000-04-05;108.893;5.931;;
2000-04-06;108.564;5.954;;
2000-04-07;109.195;5.909;;
2000-04-10;109.656;5.877;;
2000-04-11;109.505;5.888;;
2000-04-12;109.345;5.899;;
2000-04-13;109.327;5.9;;
2000-04-14;108.556;5.955;;
2000-04-17;108.593;5.952;;
2000-04-18;108.32;5.971;;
2000-04-19;108.015;5.993;;
2000-04-20;107.895;6.002;;
2000-04-21;107.769;6.011;;
2000-04-24;107.82;6.007;;
2000-04-25;107.531;6.028;;
2000-04-26;108.22;5.979;;
2000-04-27;108.043;5.991;;
2000-04-28;108.374;5.967;;
2000-05-01;108.407;5.965;;
2000-05-02;107.787;6.01;;
2000-05-03;106.486;6.104;;
2000-05-04;105.856;6.151;;
2000-05-05;106.025;6.138;;
2000-05-08;106.682;6.09;;
2000-05-09;107.395;6.038;;
2000-05-10;107.556;6.026;;
2000-05-11;106.207;6.124;;
2000-05-12;106.796;6.081;;
2000-05-15;107.034;6.064;;
2000-05-16;107.56;6.025;;
2000-05-17;106.648;6.092;;
2000-05-18;106.177;6.126;;
2000-05-19;105.688;6.162;;
2000-05-22;106.42;6.108;;
2000-05-23;106.972;6.068;;
2000-05-24;107.35;6.04;;
2000-05-25;108.117;5.985;;
2000-05-26;108.766;5.938;;
2000-05-29;108.171;5.981;;
2000-05-30;108.542;5.954;;
2000-05-31;108.763;5.938;;
2000-06-01;109.401;5.893;;
2000-06-02;109.271;5.902;;
2000-06-05;108.945;5.925;;
2000-06-06;108.66;5.946;;
2000-06-07;108.618;5.949;;
2000-06-08;108.393;5.965;;
2000-06-09;109.251;5.903;;
2000-06-12;109.109;5.914;;
2000-06-13;108.984;5.922;;
2000-06-14;108.035;5.99;;
2000-06-15;108.17;5.98;;
2000-06-16;108.821;5.934;;
2000-06-19;108.736;5.94;;
2000-06-20;108.838;5.932;;
2000-06-21;108.1;5.985;;
2000-06-22;107.674;6.016;;
2000-06-23;107.11;6.057;;
2000-06-26;107.573;6.023;;
2000-06-27;107.635;6.019;;
2000-06-28;107.741;6.011;;
2000-06-29;107.79;6.007;;
2000-06-30;107.561;6.024;;
2000-07-03;107.442;6.032;;
2000-07-04;107.595;6.021;;
2000-07-05;107.625;6.019;;
2000-07-06;107.169;6.052;;
2000-07-07;107.589;6.022;;
2000-07-10;107.223;6.048;;
2000-07-11;107.561;6.024;;
2000-07-12;107.313;6.041;;
2000-07-13;107.372;6.037;;
2000-07-14;106.944;6.068;;
2000-07-17;106.974;6.066;;
2000-07-18;107.024;6.062;;
2000-07-19;107.413;6.034;;
2000-07-20;107.8;6.006;;
2000-07-21;107.952;5.995;;
2000-07-24;108.03;5.989;;
2000-07-25;108.286;5.971;;
2000-07-26;108.864;5.929;;
2000-07-27;108.847;5.931;;
2000-07-28;108.655;5.944;;
2000-07-31;108.658;5.944;;
2000-08-01;109.133;5.91;;
2000-08-02;108.934;5.924;;
2000-08-03;108.785;5.935;;
2000-08-04;108.681;5.942;;
2000-08-07;108.873;5.929;;
2000-08-08;108.693;5.941;;
2000-08-09;109.114;5.911;;
2000-08-10;109.256;5.901;;
2000-08-11;109.717;5.869;;
2000-08-14;109.214;5.904;;
2000-08-15;108.564;5.95;;
2000-08-16;109.121;5.911;;
2000-08-17;109.154;5.908;;
2000-08-18;109.366;5.893;;
2000-08-21;109.135;5.91;;
2000-08-22;109.376;5.893;;
2000-08-23;109.334;5.895;;
2000-08-24;109.043;5.916;;
2000-08-25;109.069;5.914;;
2000-08-28;108.874;5.928;;
2000-08-29;108.263;5.972;;
2000-08-30;108.319;5.968;;
2000-08-31;108.313;5.968;;
2000-09-01;109.405;5.89;;
2000-09-04;109.076;5.914;;
2000-09-05;108.933;5.924;;
2000-09-06;108.735;5.938;;
2000-09-07;108.445;5.958;;
2000-09-08;108.01;5.99;;
2000-09-11;108.05;5.987;;
2000-09-12;107.56;6.022;;
2000-09-13;107.336;6.039;;
2000-09-14;107.207;6.048;;
2000-09-15;106.299;6.115;;
2000-09-18;105.556;6.17;;
2000-09-19;105.916;6.143;;
2000-09-20;105.916;6.143;;
2000-09-21;106.233;6.12;;
2000-09-22;106.398;6.107;;
2000-09-25;106.205;6.122;;
2000-09-26;106.554;6.096;;
2000-09-27;106.076;6.131;;
2000-09-28;106.476;6.102;;
2000-09-29;106.862;6.073;;
2000-10-02;106.602;6.092;;
2000-10-03;106.576;6.094;;
2000-10-04;106.436;6.105;;
2000-10-05;106.37;6.109;;
2000-10-06;106.717;6.084;;
2000-10-09;106.879;6.072;;
2000-10-10;106.902;6.07;;
2000-10-11;107.125;6.054;;
2000-10-12;106.85;6.074;;
2000-10-13;106.524;6.098;;
2000-10-16;106.483;6.101;;
2000-10-17;106.396;6.107;;
2000-10-18;106.289;6.115;;
2000-10-19;106.711;6.084;;
2000-10-20;106.934;6.068;;
2000-10-23;107.103;6.055;;
2000-10-24;106.907;6.07;;
2000-10-25;106.348;6.111;;
2000-10-26;106.595;6.093;;
2000-10-27;106.81;6.077;;
2000-10-30;106.784;6.079;;
2000-10-31;106.753;6.081;;
2000-11-01;106.741;6.082;;
2000-11-02;106.814;6.076;;
2000-11-03;106.846;6.074;;
2000-11-06;106.583;6.093;;
2000-11-07;106.356;6.11;;
2000-11-08;106.063;6.132;;
2000-11-09;106.199;6.122;;
2000-11-10;106.255;6.117;;
2000-11-13;106.403;6.106;;
2000-11-14;106.463;6.102;;
2000-11-15;106.482;6.1;;
2000-11-16;106.864;6.072;;
2000-11-17;106.794;6.077;;
2000-11-20;106.939;6.067;;
2000-11-21;106.877;6.071;;
2000-11-22;107.441;6.03;;
2000-11-23;107.633;6.016;;
2000-11-24;107.938;5.993;;
2000-11-27;107.834;6.001;;
2000-11-28;108.232;5.972;;
2000-11-29;108.116;5.98;;
2000-11-30;108.671;5.94;;
2000-12-01;108.746;5.935;;
2000-12-04;108.978;5.918;;
2000-12-05;108.659;5.941;;
2000-12-06;108.083;5.982;;
2000-12-07;108.441;5.957;;
2000-12-08;108.311;5.966;;
2000-12-11;108.273;5.969;;
2000-12-12;108.116;5.98;;
2000-12-13;108.776;5.932;;
2000-12-14;109.313;5.894;;
2000-12-15;109.703;5.866;;
2000-12-18;109.708;5.866;;
2000-12-19;109.026;5.914;;
2000-12-20;108.829;5.928;;
2000-12-21;109.102;5.909;;
2000-12-22;109.075;5.91;;
2000-12-25;109.133;5.906;;
2000-12-26;109.133;5.906;;
2000-12-27;109.302;5.894;;
2000-12-28;109.02;5.914;;
2000-12-29;109.801;5.859;;
2001-01-01;109.87;5.854;;
2001-01-02;110.722;5.794;;
2001-01-03;112.091;5.699;;
2001-01-04;111.621;5.731;;
2001-01-05;111.87;5.714;;
2001-01-08;111.858;5.715;;
2001-01-09;111.321;5.752;;
2001-01-10;110.862;5.784;;
2001-01-11;110.868;5.783;;
2001-01-12;110.035;5.842;;
2001-01-15;110.062;5.84;;
2001-01-16;109.723;5.864;;
2001-01-17;110.127;5.835;;
2001-01-18;110.111;5.836;;
2001-01-19;109.573;5.874;;
2001-01-22;109.485;5.88;;
2001-01-23;109.872;5.853;;
2001-01-24;109.569;5.874;;
2001-01-25;109.825;5.856;;
2001-01-26;109.997;5.844;;
2001-01-29;110.115;5.836;;
2001-01-30;110.269;5.825;;
2001-01-31;110.519;5.807;;
2001-02-01;110.782;5.789;;
2001-02-02;111.141;5.764;;
2001-02-05;111.348;5.749;;
2001-02-06;111.391;5.746;;
2001-02-07;111.456;5.741;;
2001-02-08;111.14;5.763;;
2001-02-09;111.479;5.74;;
2001-02-12;111.487;5.739;;
2001-02-13;111.406;5.745;;
2001-02-14;110.986;5.774;;
2001-02-15;110.5;5.808;;
2001-02-16;110.562;5.803;;
2001-02-19;110.634;5.798;;
2001-02-20;110.356;5.818;;
2001-02-21;109.955;5.846;;
2001-02-22;109.8;5.857;;
2001-02-23;109.931;5.848;;
2001-02-26;109.838;5.854;;
2001-02-27;110.488;5.808;;
2001-02-28;110.626;5.799;;
2001-03-01;110.719;5.792;;
2001-03-02;110.63;5.798;;
2001-03-05;110.385;5.816;;
2001-03-06;110.48;5.809;;
2001-03-07;110.34;5.819;;
2001-03-08;110.95;5.776;;
2001-03-09;111.051;5.769;;
2001-03-12;111.175;5.76;;
2001-03-13;110.731;5.791;;
2001-03-14;110.758;5.789;;
2001-03-15;110.524;5.805;;
2001-03-16;110.676;5.795;;
2001-03-19;110.577;5.802;;
2001-03-20;110.619;5.799;;
2001-03-21;111.052;5.768;;
2001-03-22;111.508;5.737;;
2001-03-23;111.376;5.746;;
2001-03-26;111.114;5.764;;
2001-03-27;110.995;5.772;;
2001-03-28;110.967;5.774;;
2001-03-29;110.617;5.799;;
2001-03-30;110.519;5.805;;
2001-04-02;110.386;5.815;;
2001-04-03;110.497;5.807;;
2001-04-04;109.887;5.85;;
2001-04-05;110.144;5.832;;
2001-04-06;110.572;5.802;;
2001-04-09;110.381;5.815;;
2001-04-10;110.117;5.834;;
2001-04-11;109.574;5.872;;
2001-04-12;109.756;5.859;;
2001-04-13;109.671;5.865;;
2001-04-16;109.638;5.868;;
2001-04-17;109.117;5.905;;
2001-04-18;108.829;5.925;;
2001-04-19;107.916;5.992;;
2001-04-20;108.537;5.946;;
2001-04-23;108.8;5.927;;
2001-04-24;108.613;5.941;;
2001-04-25;108.688;5.936;;
2001-04-26;109.236;5.896;;
2001-04-27;108.493;5.95;;
2001-04-30;107.661;6.01;;
2001-05-01;107.761;6.003;;
2001-05-02;107.721;6.006;;
2001-05-03;108.445;5.953;;
2001-05-04;108.663;5.937;;
2001-05-07;108.662;5.937;;
2001-05-08;108.684;5.935;;
2001-05-09;108.788;5.928;;
2001-05-10;108.409;5.955;;
2001-05-11;107.177;6.045;;
2001-05-14;106.44;6.1;;
2001-05-15;106.804;6.073;;
2001-05-16;107.006;6.058;;
2001-05-17;107.269;6.038;;
2001-05-18;107.686;6.008;;
2001-05-21;107.835;5.997;;
2001-05-22;107.378;6.03;;
2001-05-23;106.689;6.081;;
2001-05-24;106.356;6.106;;
2001-05-25;106.013;6.131;;
2001-05-28;106.157;6.121;;
2001-05-29;106.643;6.084;;
2001-05-30;106.667;6.082;;
2001-05-31;106.415;6.101;;
2001-06-01;107.376;6.03;;
2001-06-04;107.253;6.039;;
2001-06-05;107.973;5.986;;
2001-06-06;107.483;6.022;;
2001-06-07;107.091;6.051;;
2001-06-08;107.384;6.029;;
2001-06-11;107.63;6.011;;
2001-06-12;107.44;6.025;;
2001-06-13;107.511;6.019;;
2001-06-14;108.011;5.983;;
2001-06-15;107.759;6.001;;
2001-06-18;107.852;5.994;;
2001-06-19;107.669;6.008;;
2001-06-20;107.823;5.996;;
2001-06-21;108.407;5.954;;
2001-06-22;108.426;5.952;;
2001-06-25;108.164;5.971;;
2001-06-26;107.954;5.987;;
2001-06-27;108.128;5.974;;
2001-06-28;107.617;6.011;;
2001-06-29;106.629;6.084;;
2001-07-02;106.739;6.076;;
2001-07-03;106.633;6.084;;
2001-07-04;106.713;6.078;;
2001-07-05;106.945;6.061;;
2001-07-06;107.647;6.009;;
2001-07-09;107.522;6.018;;
2001-07-10;107.437;6.024;;
2001-07-11;107.648;6.009;;
2001-07-12;107.436;6.024;;
2001-07-13;107.321;6.033;;
2001-07-16;107.595;6.012;;
2001-07-17;108.201;5.968;;
2001-07-18;108.496;5.946;;
2001-07-19;108.798;5.924;;
2001-07-20;109.084;5.904;;
2001-07-23;108.878;5.919;;
2001-07-24;108.781;5.926;;
2001-07-25;108.562;5.941;;
2001-07-26;108.983;5.911;;
2001-07-27;109.592;5.867;;
2001-07-30;109.654;5.863;;
2001-07-31;110.105;5.83;;
2001-08-01;109.667;5.862;;
2001-08-02;109.705;5.859;;
2001-08-03;109.657;5.862;;
2001-08-06;109.649;5.863;;
2001-08-07;109.746;5.856;;
2001-08-08;109.625;5.864;;
2001-08-09;110.514;5.801;;
2001-08-10;111.021;5.765;;
2001-08-13;111.063;5.762;;
2001-08-14;110.546;5.799;;
2001-08-15;110.619;5.793;;
2001-08-16;110.753;5.784;;
2001-08-17;111.292;5.746;;
2001-08-20;110.988;5.767;;
2001-08-21;110.469;5.804;;
2001-08-22;110.244;5.82;;
2001-08-23;110.274;5.818;;
2001-08-24;109.98;5.839;;
2001-08-27;110.16;5.826;;
2001-08-28;110.961;5.769;;
2001-08-29;110.968;5.768;;
2001-08-30;111.256;5.748;;
2001-08-31;110.866;5.776;;
2001-09-03;110.875;5.775;;
2001-09-04;109.759;5.854;;
2001-09-05;109.57;5.868;;
2001-09-06;110.061;5.832;;
2001-09-07;110.471;5.803;;
2001-09-10;109.957;5.84;;
2001-09-11;110.709;5.786;;
2001-09-12;108.924;5.914;;
2001-09-13;108.648;5.934;;
2001-09-14;108.679;5.932;;
2001-09-17;108.345;5.956;;
2001-09-18;108.096;5.974;;
2001-09-19;107.513;6.017;;
2001-09-20;107.719;6.002;;
2001-09-21;107.022;6.053;;
2001-09-24;107.652;6.007;;
2001-09-25;108.667;5.932;;
2001-09-26;109.41;5.879;;
2001-09-27;109.987;5.837;;
2001-09-28;109.851;5.847;;
2001-10-01;110.057;5.832;;
2001-10-02;111.015;5.764;;
2001-10-03;111.504;5.73;;
2001-10-04;111.357;5.74;;
2001-10-05;111.551;5.727;;
2001-10-08;110.984;5.766;;
2001-10-09;110.766;5.782;;
2001-10-10;111.099;5.758;;
2001-10-11;111.342;5.741;;
2001-10-12;111.707;5.716;;
2001-10-15;112.264;5.677;;
2001-10-16;112.592;5.654;;
2001-10-17;112.5;5.66;;
2001-10-18;112.814;5.639;;
2001-10-19;112.503;5.66;;
2001-10-22;112.939;5.63;;
2001-10-23;112.9;5.633;;
2001-10-24;113.654;5.581;;
2001-10-25;114.437;5.528;;
2001-10-26;114.98;5.492;;
2001-10-29;115.847;5.434;;
2001-10-30;116.146;5.414;;
2001-10-31;117.037;5.356;;
2001-11-01;119.733;5.183;;
2001-11-02;118.4;5.268;;
2001-11-05;117.954;5.296;;
2001-11-06;117.631;5.317;;
2001-11-07;118.34;5.271;;
2001-11-08;118.219;5.279;;
2001-11-09;118.044;5.29;;
2001-11-12;118.073;5.288;;
2001-11-13;117.191;5.345;;
2001-11-14;116.428;5.395;;
2001-11-15;115.321;5.468;;
2001-11-16;115.006;5.489;;
2001-11-19;115.29;5.47;;
2001-11-20;115.267;5.471;;
2001-11-21;114.533;5.52;;
2001-11-22;114.334;5.533;;
2001-11-23;115.111;5.481;;
2001-11-26;115.422;5.46;;
2001-11-27;113.659;5.579;;
2001-11-28;113.817;5.568;;
2001-11-29;114.824;5.5;;
2001-11-30;115.553;5.451;;
2001-12-03;116.424;5.394;;
2001-12-04;116.893;5.363;;
2001-12-05;114.228;5.54;;
2001-12-06;114.543;5.518;;
2001-12-07;112.835;5.635;;
2001-12-10;113.603;5.582;;
2001-12-11;114.202;5.541;;
2001-12-12;115.298;5.468;;
2001-12-13;115.338;5.465;;
2001-12-14;115.738;5.438;;
2001-12-17;114.186;5.542;;
2001-12-18;114.315;5.533;;
2001-12-19;114.629;5.512;;
2001-12-20;114.14;5.545;;
2001-12-21;113.546;5.585;;
2001-12-24;113.378;5.596;;
2001-12-25;113.466;5.59;;
2001-12-26;113.541;5.585;;
2001-12-27;112.787;5.637;;
2001-12-28;112.504;5.656;;
2001-12-31;112.16;5.68;;
2002-01-01;111.972;5.693;;
2002-01-02;112.511;5.656;;
2002-01-03;113.068;5.617;;
2002-01-04;112.765;5.638;;
2002-01-07;114.403;5.526;;
2002-01-08;114.015;5.553;;
2002-01-09;113.675;5.575;;
2002-01-10;113.655;5.577;;
2002-01-11;114.029;5.551;;
2002-01-14;115.157;5.475;;
2002-01-15;114.972;5.488;;
2002-01-16;114.934;5.49;;
2002-01-17;114.241;5.537;;
2002-01-18;113.926;5.558;;
2002-01-21;114.326;5.531;;
2002-01-22;113.831;5.564;;
2002-01-23;114.415;5.525;;
2002-01-24;113.558;5.583;;
2002-01-25;112.509;5.655;;
2002-01-28;112.892;5.628;;
2002-01-29;113.154;5.61;;
2002-01-30;113.5;5.586;;
2002-01-31;114.061;5.548;;
2002-02-01;114.312;5.531;;
2002-02-04;114.585;5.513;;
2002-02-05;114.727;5.503;;
2002-02-06;114.181;5.54;;
2002-02-07;112.838;5.632;;
2002-02-08;112.857;5.63;;
2002-02-11;112.576;5.65;;
2002-02-12;112.149;5.679;;
2002-02-13;112.31;5.668;;
2002-02-14;112.641;5.645;;
2002-02-15;113.056;5.616;;
2002-02-18;113.033;5.618;;
2002-02-19;112.609;5.647;;
2002-02-20;112.408;5.661;;
2002-02-21;111.97;5.691;;
2002-02-22;112.616;5.646;;
2002-02-25;112.053;5.686;;
2002-02-26;112.053;5.686;;
2002-02-27;112.263;5.671;;
2002-02-28;112.425;5.659;;
2002-03-01;112.323;5.667;;
2002-03-04;112.086;5.683;;
2002-03-05;111.404;5.731;;
2002-03-06;110.571;5.79;;
2002-03-07;110.352;5.805;;
2002-03-08;110.363;5.805;;
2002-03-11;110.313;5.808;;
2002-03-12;110.26;5.812;;
2002-03-13;110.049;5.827;;
2002-03-14;109.597;5.86;;
2002-03-15;109.779;5.846;;
2002-03-18;110.064;5.826;;
2002-03-19;110.135;5.821;;
2002-03-20;109.863;5.84;;
2002-03-21;109.656;5.855;;
2002-03-22;109.493;5.867;;
2002-03-25;109.117;5.894;;
2002-03-26;109.644;5.856;;
2002-03-27;109.625;5.857;;
2002-03-28;109.304;5.88;;
2002-03-29;109.212;5.887;;
2002-04-01;109.227;5.886;;
2002-04-02;108.798;5.917;;
2002-04-03;109.542;5.863;;
2002-04-04;110.3;5.808;;
2002-04-05;110.394;5.802;;
2002-04-08;109.614;5.858;;
2002-04-09;109.546;5.863;;
2002-04-10;109.446;5.87;;
2002-04-11;109.99;5.831;;
2002-04-12;110.052;5.826;;
2002-04-15;110.349;5.805;;
2002-04-16;109.519;5.865;;
2002-04-17;109.251;5.884;;
2002-04-18;109.057;5.898;;
2002-04-19;109.15;5.891;;
2002-04-22;109.69;5.852;;
2002-04-23;109.239;5.885;;
2002-04-24;109.763;5.847;;
2002-04-25;110.192;5.816;;
2002-04-26;110.617;5.785;;
2002-04-29;110.061;5.825;;
2002-04-30;110.303;5.808;;
2002-05-01;110.252;5.811;;
2002-05-02;109.828;5.842;;
2002-05-03;110.645;5.783;;
2002-05-06;110.668;5.781;;
2002-05-07;110.751;5.775;;
2002-05-08;109.983;5.83;;
2002-05-09;109.582;5.859;;
2002-05-10;109.475;5.867;;
2002-05-13;109.664;5.853;;
2002-05-14;109.104;5.894;;
2002-05-15;109.504;5.865;;
2002-05-16;109.712;5.849;;
2002-05-17;109.485;5.866;;
2002-05-20;110.067;5.824;;
2002-05-21;110.401;5.8;;
2002-05-22;110.378;5.801;;
2002-05-23;110.521;5.791;;
2002-05-24;110.569;5.787;;
2002-05-27;110.229;5.812;;
2002-05-28;110.641;5.782;;
2002-05-29;110.662;5.78;;
2002-05-30;110.711;5.777;;
2002-05-31;110.372;5.801;;
2002-06-03;110.398;5.799;;
2002-06-04;110.781;5.772;;
2002-06-05;110.907;5.763;;
2002-06-06;110.781;5.772;;
2002-06-07;110.613;5.784;;
2002-06-10;110.977;5.757;;
2002-06-11;110.887;5.764;;
2002-06-12;111.391;5.728;;
2002-06-13;112.189;5.672;;
2002-06-14;112.733;5.634;;
2002-06-17;112.363;5.659;;
2002-06-18;113.007;5.614;;
2002-06-19;113.527;5.578;;
2002-06-20;113.429;5.585;;
2002-06-21;113.621;5.572;;
2002-06-24;114.501;5.511;;
2002-06-25;113.743;5.563;;
2002-06-26;115.06;5.473;;
2002-06-27;114.453;5.514;;
2002-06-28;113.84;5.556;;
2002-07-01;113.156;5.603;;
2002-07-02;113.78;5.56;;
2002-07-03;113.733;5.563;;
2002-07-04;113.237;5.598;;
2002-07-05;112.516;5.648;;
2002-07-08;112.789;5.629;;
2002-07-09;112.828;5.626;;
2002-07-10;113.8;5.558;;
2002-07-11;114.598;5.504;;
2002-07-12;114.896;5.484;;
2002-07-15;115.519;5.442;;
2002-07-16;114.785;5.491;;
2002-07-17;114.23;5.529;;
2002-07-18;114.395;5.517;;
2002-07-19;114.941;5.48;;
2002-07-22;115.473;5.444;;
2002-07-23;115.738;5.426;;
2002-07-24;116.615;5.368;;
2002-07-25;116.122;5.4;;
2002-07-26;116.031;5.406;;
2002-07-29;114.617;5.502;;
2002-07-30;114.552;5.506;;
2002-07-31;115.412;5.448;;
2002-08-01;116.198;5.395;;
2002-08-02;116.86;5.351;;
2002-08-05;117.852;5.286;;
2002-08-06;116.998;5.342;;
2002-08-07;117.904;5.282;;
2002-08-08;117.173;5.33;;
2002-08-09;117.741;5.293;;
2002-08-12;118.2;5.263;;
2002-08-13;118.684;5.231;;
2002-08-14;119.832;5.157;;
2002-08-15;117.929;5.28;;
2002-08-16;118.262;5.258;;
2002-08-19;117.734;5.293;;
2002-08-20;118.268;5.258;;
2002-08-21;117.358;5.317;;
2002-08-22;116.657;5.363;;
2002-08-23;117.115;5.333;;
2002-08-26;117.164;5.33;;
2002-08-27;117.078;5.335;;
2002-08-28;118.075;5.27;;
2002-08-29;118.149;5.265;;
2002-08-30;117.922;5.28;;
2002-09-02;118.631;5.234;;
2002-09-03;119.531;5.176;;
2002-09-04;119.465;5.18;;
2002-09-05;119.382;5.185;;
2002-09-06;119.288;5.191;;
2002-09-09;119.435;5.181;;
2002-09-10;118.803;5.222;;
2002-09-11;118.208;5.26;;
2002-09-12;118.896;5.216;;
2002-09-13;119.387;5.184;;
2002-09-16;120.337;5.123;;
2002-09-17;120.19;5.133;;
2002-09-18;120.698;5.1;;
2002-09-19;120.975;5.083;;
2002-09-20;119.965;5.147;;
2002-09-23;120.453;5.116;;
2002-09-24;120.664;5.102;;
2002-09-25;119.782;5.158;;
2002-09-26;119.549;5.173;;
2002-09-27;119.566;5.172;;
2002-09-30;119.981;5.145;;
2002-10-01;119.66;5.166;;
2002-10-02;118.711;5.227;;
2002-10-03;118.424;5.245;;
2002-10-04;119.18;5.196;;
2002-10-07;119.798;5.156;;
2002-10-08;120.22;5.129;;
2002-10-09;120.149;5.134;;
2002-10-10;119.388;5.182;;
2002-10-11;118.645;5.23;;
2002-10-14;117.952;5.275;;
2002-10-15;116.724;5.356;;
2002-10-16;116.702;5.358;;
2002-10-17;116.934;5.342;;
2002-10-18;116.508;5.37;;
2002-10-21;116.318;5.383;;
2002-10-22;115.713;5.424;;
2002-10-23;116.399;5.378;;
2002-10-24;115.61;5.43;;
2002-10-25;116.164;5.393;;
2002-10-28;116.672;5.359;;
2002-10-29;117.215;5.323;;
2002-10-30;116.514;5.369;;
2002-10-31;117.312;5.316;;
2002-11-01;116.359;5.38;;
2002-11-04;116.394;5.377;;
2002-11-05;115.937;5.408;;
2002-11-06;115.957;5.406;;
2002-11-07;117.149;5.327;;
2002-11-08;118.136;5.262;;
2002-11-11;118.078;5.265;;
2002-11-12;118.61;5.231;;
2002-11-13;118.412;5.243;;
2002-11-14;117.527;5.301;;
2002-11-15;117.917;5.275;;
2002-11-18;117.827;5.281;;
2002-11-19;118.204;5.257;;
2002-11-20;118.498;5.237;;
2002-11-21;117.509;5.302;;
2002-11-22;117.509;5.302;;
2002-11-25;117.561;5.298;;
2002-11-26;118.448;5.24;;
2002-11-27;117.573;5.297;;
2002-11-28;117.748;5.286;;
2002-11-29;118.285;5.25;;
2002-12-02;117.881;5.277;;
2002-12-03;118.321;5.248;;
2002-12-04;118.293;5.249;;
2002-12-05;118.944;5.207;;
2002-12-06;119.264;5.186;;
2002-12-09;119.371;5.179;;
2002-12-10;119.287;5.185;;
2002-12-11;119.625;5.163;;
2002-12-12;120.177;5.127;;
2002-12-13;120.164;5.128;;
2002-12-16;119.786;5.152;;
2002-12-17;120.097;5.132;;
2002-12-18;120.661;5.096;;
2002-12-19;120.603;5.1;;
2002-12-20;120.656;5.096;;
2002-12-23;120.866;5.082;;
2002-12-24;120.887;5.081;;
2002-12-25;120.851;5.083;;
2002-12-26;120.851;5.083;;
2002-12-27;122.075;5.006;;
2002-12-30;121.84;5.021;;
2002-12-31;121.927;5.015;;
2003-01-01;121.911;5.016;;
2003-01-02;120.122;5.129;;
2003-01-03;119.74;5.153;;
2003-01-06;119.607;5.162;;
2003-01-07;120.203;5.124;;
2003-01-08;121.313;5.053;;
2003-01-09;121.037;5.07;;
2003-01-10;121.407;5.047;;
2003-01-13;121.251;5.057;;
2003-01-14;121.806;5.022;;
2003-01-15;121.547;5.038;;
2003-01-16;121.289;5.054;;
2003-01-17;122.054;5.006;;
2003-01-20;122.479;4.979;;
2003-01-21;123.059;4.943;;
2003-01-22;123.322;4.927;;
2003-01-23;124.236;4.871;;
2003-01-24;125.064;4.82;;
2003-01-27;124.907;4.83;;
2003-01-28;124.579;4.849;;
2003-01-29;124.646;4.845;;
2003-01-30;123.808;4.896;;
2003-01-31;123.78;4.898;;
2003-02-03;123.66;4.905;;
2003-02-04;124.267;4.868;;
2003-02-05;123.97;4.886;;
2003-02-06;123.755;4.899;;
2003-02-07;124.007;4.883;;
2003-02-10;123.692;4.903;;
2003-02-11;123.77;4.898;;
2003-02-12;123.95;4.886;;
2003-02-13;124.104;4.877;;
2003-02-14;123.755;4.898;;
2003-02-17;123.809;4.895;;
2003-02-18;123.776;4.897;;
2003-02-19;124.783;4.835;;
2003-02-20;124.586;4.847;;
2003-02-21;124.381;4.859;;
2003-02-24;124.657;4.842;;
2003-02-25;124.26;4.867;;
2003-02-26;124.41;4.857;;
2003-02-27;123.697;4.901;;
2003-02-28;124.327;4.862;;
2003-03-03;124.575;4.847;;
2003-03-04;124.334;4.861;;
2003-03-05;124.843;4.83;;
2003-03-06;124.921;4.825;;
2003-03-07;125.852;4.769;;
2003-03-10;126.207;4.748;;
2003-03-11;126.007;4.76;;
2003-03-12;125.969;4.762;;
2003-03-13;123.846;4.89;;
2003-03-14;123.325;4.922;;
2003-03-17;121.3;5.049;;
2003-03-18;121.973;5.006;;
2003-03-19;120.954;5.071;;
2003-03-20;121.161;5.057;;
2003-03-21;120.127;5.123;;
2003-03-24;121.275;5.05;;
2003-03-25;120.744;5.084;;
2003-03-26;120.639;5.09;;
2003-03-27;120.636;5.09;;
2003-03-28;121.561;5.031;;
2003-03-31;122.753;4.957;;
2003-04-01;122.742;4.957;;
2003-04-02;121.589;5.029;;
2003-04-03;121.253;5.051;;
2003-04-04;121.523;5.033;;
2003-04-07;120.931;5.071;;
2003-04-08;121.278;5.049;;
2003-04-09;121.871;5.011;;
2003-04-10;122.329;4.982;;
2003-04-11;121.534;5.032;;
2003-04-14;121.482;5.035;;
2003-04-15;121.656;5.024;;
2003-04-16;122.556;4.968;;
2003-04-17;122.523;4.97;;
2003-04-18;121.91;5.008;;
2003-04-21;121.873;5.01;;
2003-04-22;122.455;4.974;;
2003-04-23;121.862;5.011;;
2003-04-24;122.546;4.968;;
2003-04-25;122.474;4.972;;
2003-04-28;122.04;4.999;;
2003-04-29;121.834;5.012;;
2003-04-30;122.58;4.965;;
2003-05-01;122.439;4.974;;
2003-05-02;122.003;5.001;;
2003-05-05;122.645;4.961;;
2003-05-06;122.558;4.966;;
2003-05-07;123.774;4.89;;
2003-05-08;124.068;4.872;;
2003-05-09;124.063;4.872;;
2003-05-12;123.752;4.891;;
2003-05-13;123.992;4.877;;
2003-05-14;124.143;4.867;;
2003-05-15;125.282;4.797;;
2003-05-16;126.089;4.749;;
2003-05-19;127.43;4.669;;
2003-05-20;127.544;4.662;;
2003-05-21;128.1;4.629;;
2003-05-22;128.035;4.633;;
2003-05-23;129.2;4.565;;
2003-05-26;129.542;4.545;;
2003-05-27;129.079;4.571;;
2003-05-28;126.949;4.696;;
2003-05-29;127.74;4.649;;
2003-05-30;127.046;4.69;;
2003-06-02;126.369;4.73;;
2003-06-03;128.045;4.631;;
2003-06-04;127.785;4.646;;
2003-06-05;128.436;4.608;;
2003-06-06;127.421;4.667;;
2003-06-09;128.73;4.59;;
2003-06-10;129.385;4.552;;
2003-06-11;129.189;4.563;;
2003-06-12;129.225;4.561;;
2003-06-13;130.765;4.472;;
2003-06-16;130.917;4.463;;
2003-06-17;128.799;4.585;;
2003-06-18;127.809;4.643;;
2003-06-19;128.006;4.631;;
2003-06-20;126.931;4.695;;
2003-06-23;127.398;4.667;;
2003-06-24;127.248;4.676;;
2003-06-25;128.144;4.623;;
2003-06-26;125.65;4.771;;
2003-06-27;124.735;4.827;;
2003-06-30;125.091;4.805;;
2003-07-01;125.361;4.788;;
2003-07-02;124.802;4.822;;
2003-07-03;124.017;4.87;;
2003-07-04;124.425;4.845;;
2003-07-07;123.864;4.879;;
2003-07-08;123.585;4.896;;
2003-07-09;123.795;4.883;;
2003-07-10;124.402;4.846;;
2003-07-11;124.446;4.843;;
2003-07-14;124.694;4.828;;
2003-07-15;122.659;4.954;;
2003-07-16;122.519;4.962;;
2003-07-17;121.959;4.997;;
2003-07-18;122.426;4.968;;
2003-07-21;121.884;5.002;;
2003-07-22;122.11;4.987;;
2003-07-23;122.933;4.936;;
2003-07-24;122.158;4.984;;
2003-07-25;123.087;4.926;;
2003-07-28;121.39;5.033;;
2003-07-29;121.356;5.035;;
2003-07-30;121.491;5.026;;
2003-07-31;120.576;5.084;;
2003-08-01;121.107;5.05;;
2003-08-04;122.058;4.99;;
2003-08-05;121.283;5.039;;
2003-08-06;121.776;5.007;;
2003-08-07;122.406;4.967;;
2003-08-08;123.662;4.889;;
2003-08-11;122.642;4.952;;
2003-08-12;123.05;4.927;;
2003-08-13;121.517;5.023;;
2003-08-14;121.327;5.035;;
2003-08-15;122.252;4.976;;
2003-08-18;122.279;4.975;;
2003-08-19;123.264;4.913;;
2003-08-20;122.102;4.985;;
2003-08-21;122.279;4.974;;
2003-08-22;122.531;4.958;;
2003-08-25;122.293;4.973;;
2003-08-26;122.447;4.963;;
2003-08-27;121.551;5.02;;
2003-08-28;122.067;4.987;;
2003-08-29;121.832;5.002;;
2003-09-01;121.374;5.031;;
2003-09-02;120.082;5.114;;
2003-09-03;119.701;5.138;;
2003-09-04;119.864;5.128;;
2003-09-05;120.186;5.107;;
2003-09-08;120.707;5.073;;
2003-09-09;119.952;5.122;;
2003-09-10;120.628;5.078;;
2003-09-11;120.249;5.102;;
2003-09-12;121.786;5.004;;
2003-09-15;121.551;5.019;;
2003-09-16;120.99;5.054;;
2003-09-17;121.098;5.047;;
2003-09-18;121.008;5.053;;
2003-09-19;121.682;5.01;;
2003-09-22;122.068;4.985;;
2003-09-23;122.078;4.985;;
2003-09-24;121.613;5.014;;
2003-09-25;121.86;4.998;;
2003-09-26;122.395;4.964;;
2003-09-29;122.347;4.967;;
2003-09-30;122.886;4.933;;
2003-10-01;122.732;4.942;;
2003-10-02;121.448;5.024;;
2003-10-03;120.733;5.07;;
2003-10-06;121.427;5.025;;
2003-10-07;120.748;5.068;;
2003-10-08;120.963;5.054;;
2003-10-09;120.214;5.103;;
2003-10-10;120.853;5.061;;
2003-10-13;120.064;5.112;;
2003-10-14;120.218;5.102;;
2003-10-15;119.56;5.145;;
2003-10-16;120.102;5.11;;
2003-10-17;120.327;5.095;;
2003-10-20;120.544;5.081;;
2003-10-21;120.797;5.064;;
2003-10-22;120.989;5.052;;
2003-10-23;120.234;5.1;;
2003-10-24;120.606;5.076;;
2003-10-27;120.211;5.102;;
2003-10-28;120.081;5.11;;
2003-10-29;119.799;5.128;;
2003-10-30;119.55;5.145;;
2003-10-31;120.256;5.098;;
2003-11-03;119.464;5.15;;
2003-11-04;120.112;5.108;;
2003-11-05;120.082;5.109;;
2003-11-06;119.042;5.177;;
2003-11-07;118.79;5.194;;
2003-11-10;118.813;5.192;;
2003-11-11;118.69;5.2;;
2003-11-12;118.624;5.204;;
2003-11-13;119.106;5.173;;
2003-11-14;119.801;5.127;;
2003-11-17;119.863;5.123;;
2003-11-18;120.142;5.104;;
2003-11-19;119.329;5.157;;
2003-11-20;119.503;5.146;;
2003-11-21;120.109;5.106;;
2003-11-24;119.103;5.172;;
2003-11-25;119.032;5.177;;
2003-11-26;119.212;5.164;;
2003-11-27;119.01;5.178;;
2003-11-28;119.017;5.177;;
2003-12-01;118.636;5.202;;
2003-12-02;118.663;5.2;;
2003-12-03;118.683;5.199;;
2003-12-04;118.608;5.204;;
2003-12-05;119.926;5.117;;
2003-12-08;119.41;5.151;;
2003-12-09;119.036;5.175;;
2003-12-10;119.341;5.155;;
2003-12-11;119.111;5.17;;
2003-12-12;119.867;5.12;;
2003-12-15;119.977;5.113;;
2003-12-16;120.156;5.101;;
2003-12-17;120.75;5.062;;
2003-12-18;120.799;5.059;;
2003-12-19;120.535;5.076;;
2003-12-22;120.875;5.054;;
2003-12-23;121.041;5.043;;
2003-12-24;121.018;5.044;;
2003-12-25;121.043;5.043;;
2003-12-26;121.044;5.043;;
2003-12-29;120.714;5.064;;
2003-12-30;120.306;5.09;;
2003-12-31;120.343;5.087;;
2004-01-01;120.333;5.088;;
2004-01-02;119.649;5.133;;
2004-01-05;119.672;5.131;;
2004-01-06;120.469;5.079;;
2004-01-07;120.393;5.084;;
2004-01-08;120.568;5.072;;
2004-01-09;121.37;5.02;;
2004-01-12;121.588;5.006;;
2004-01-13;121.501;5.012;;
2004-01-14;121.523;5.01;;
2004-01-15;121.444;5.015;;
2004-01-16;121.161;5.033;;
2004-01-19;121.003;5.043;;
2004-01-20;121.495;5.012;;
2004-01-21;121.396;5.018;;
2004-01-22;121.666;5.0;;
2004-01-23;122.1;4.972;;
2004-01-26;121.136;5.034;;
2004-01-27;121.286;5.024;;
2004-01-28;121.325;5.022;;
2004-01-29;119.922;5.113;;
2004-01-30;120.554;5.071;;
2004-02-02;120.596;5.068;;
2004-02-03;120.858;5.051;;
2004-02-04;120.961;5.044;;
2004-02-05;121.133;5.033;;
2004-02-06;121.544;5.007;;
2004-02-09;121.614;5.002;;
2004-02-10;121.527;5.008;;
2004-02-11;121.846;4.987;;
2004-02-12;121.607;5.002;;
2004-02-13;121.926;4.982;;
2004-02-16;121.811;4.989;;
2004-02-17;122.143;4.968;;
2004-02-18;121.795;4.99;;
2004-02-19;121.32;5.02;;
2004-02-20;121.187;5.029;;
2004-02-23;121.275;5.023;;
2004-02-24;121.742;4.993;;
2004-02-25;121.639;4.999;;
2004-02-26;121.7;4.995;;
2004-02-27;122.219;4.962;;
2004-03-01;122.205;4.963;;
2004-03-02;122.0;4.976;;
2004-03-03;121.569;5.003;;
2004-03-04;121.986;4.976;;
2004-03-05;123.192;4.899;;
2004-03-08;123.911;4.854;;
2004-03-09;124.331;4.828;;
2004-03-10;124.226;4.834;;
2004-03-11;124.415;4.822;;
2004-03-12;124.397;4.823;;
2004-03-15;124.517;4.816;;
2004-03-16;123.879;4.856;;
2004-03-17;124.178;4.837;;
2004-03-18;124.411;4.822;;
2004-03-19;124.309;4.828;;
2004-03-22;124.626;4.808;;
2004-03-23;124.419;4.821;;
2004-03-24;124.608;4.809;;
2004-03-25;124.557;4.812;;
2004-03-26;124.098;4.841;;
2004-03-29;123.069;4.905;;
2004-03-30;123.27;4.893;;
2004-03-31;123.416;4.883;;
2004-04-01;123.354;4.887;;
2004-04-02;122.184;4.961;;
2004-04-05;121.78;4.987;;
2004-04-06;121.914;4.978;;
2004-04-07;122.232;4.958;;
2004-04-08;122.104;4.966;;
2004-04-09;122.116;4.965;;
2004-04-12;122.116;4.965;;
2004-04-13;121.134;5.028;;
2004-04-14;120.947;5.04;;
2004-04-15;121.249;5.02;;
2004-04-16;121.905;4.978;;
2004-04-19;121.776;4.986;;
2004-04-20;121.355;5.013;;
2004-04-21;121.176;5.025;;
2004-04-22;121.169;5.025;;
2004-04-23;120.982;5.037;;
2004-04-26;121.086;5.03;;
2004-04-27;121.15;5.026;;
2004-04-28;120.943;5.039;;
2004-04-29;120.813;5.048;;
2004-04-30;121.028;5.034;;
2004-05-03;121.384;5.01;;
2004-05-04;121.143;5.026;;
2004-05-05;120.91;5.041;;
2004-05-06;120.227;5.085;;
2004-05-07;119.389;5.14;;
2004-05-10;119.613;5.126;;
2004-05-11;119.501;5.133;;
2004-05-12;119.035;5.164;;
2004-05-13;118.78;5.18;;
2004-05-14;119.408;5.139;;
2004-05-17;119.741;5.116;;
2004-05-18;119.429;5.137;;
2004-05-19;118.769;5.181;;
2004-05-20;119.041;5.162;;
2004-05-21;119.091;5.159;;
2004-05-24;118.994;5.165;;
2004-05-25;119.232;5.149;;
2004-05-26;119.587;5.126;;
2004-05-27;119.983;5.099;;
2004-05-28;119.457;5.134;;
2004-05-31;118.848;5.175;;
2004-06-01;119.01;5.164;;
2004-06-02;118.865;5.173;;
2004-06-03;118.966;5.166;;
2004-06-04;118.953;5.167;;
2004-06-07;119.172;5.152;;
2004-06-08;119.379;5.138;;
2004-06-09;118.957;5.166;;
2004-06-10;119.18;5.151;;
2004-06-11;118.973;5.165;;
2004-06-14;119.196;5.15;;
2004-06-15;120.412;5.07;;
2004-06-16;119.791;5.11;;
2004-06-17;119.789;5.11;;
2004-06-18;120.127;5.088;;
2004-06-21;120.295;5.077;;
2004-06-22;119.881;5.104;;
2004-06-23;119.788;5.11;;
2004-06-24;120.477;5.064;;
2004-06-25;120.22;5.081;;
2004-06-28;119.631;5.12;;
2004-06-29;119.836;5.106;;
2004-06-30;120.515;5.061;;
2004-07-01;120.455;5.065;;
2004-07-02;121.056;5.026;;
2004-07-05;121.09;5.024;;
2004-07-06;121.035;5.027;;
2004-07-07;121.156;5.019;;
2004-07-08;121.241;5.013;;
2004-07-09;121.218;5.015;;
2004-07-12;121.418;5.002;;
2004-07-13;120.802;5.042;;
2004-07-14;120.95;5.032;;
2004-07-15;120.917;5.034;;
2004-07-16;121.534;4.994;;
2004-07-19;121.461;4.998;;
2004-07-20;121.329;5.007;;
2004-07-21;120.664;5.05;;
2004-07-22;121.251;5.011;;
2004-07-23;121.501;4.995;;
2004-07-26;121.228;5.013;;
2004-07-27;121.027;5.026;;
2004-07-28;120.894;5.034;;
2004-07-29;121.184;5.015;;
2004-07-30;121.944;4.966;;
2004-08-02;122.104;4.955;;
2004-08-03;122.251;4.946;;
2004-08-04;122.488;4.93;;
2004-08-05;122.839;4.908;;
2004-08-06;123.749;4.85;;
2004-08-09;123.606;4.859;;
2004-08-10;123.682;4.854;;
2004-08-11;123.307;4.877;;
2004-08-12;123.594;4.859;;
2004-08-13;123.825;4.844;;
2004-08-16;123.233;4.882;;
2004-08-17;123.534;4.863;;
2004-08-18;123.303;4.877;;
2004-08-19;123.442;4.868;;
2004-08-20;123.547;4.861;;
2004-08-23;122.837;4.906;;
2004-08-24;122.985;4.897;;
2004-08-25;123.519;4.863;;
2004-08-26;123.743;4.848;;
2004-08-27;123.639;4.855;;
2004-08-30;123.764;4.847;;
2004-08-31;124.262;4.815;;
2004-09-01;123.951;4.835;;
2004-09-02;123.536;4.861;;
2004-09-03;122.689;4.915;;
2004-09-06;122.875;4.903;;
2004-09-07;123.007;4.894;;
2004-09-08;123.327;4.873;;
2004-09-09;123.909;4.836;;
2004-09-10;124.124;4.823;;
2004-09-13;124.015;4.83;;
2004-09-14;124.19;4.818;;
2004-09-15;124.185;4.818;;
2004-09-16;124.388;4.806;;
2004-09-17;124.67;4.788;;
2004-09-20;124.948;4.77;;
2004-09-21;124.922;4.772;;
2004-09-22;125.767;4.719;;
2004-09-23;126.067;4.7;;
2004-09-24;125.72;4.722;;
2004-09-27;126.145;4.695;;
2004-09-28;125.992;4.705;;
2004-09-29;125.243;4.751;;
2004-09-30;125.023;4.764;;
2004-10-01;124.579;4.792;;
2004-10-04;124.563;4.793;;
2004-10-05;125.11;4.759;;
2004-10-06;125.232;4.751;;
2004-10-07;124.859;4.774;;
2004-10-08;125.676;4.723;;
2004-10-11;125.371;4.742;;
2004-10-12;125.968;4.705;;
2004-10-13;126.013;4.702;;
2004-10-14;126.333;4.682;;
2004-10-15;126.181;4.691;;
2004-10-18;126.125;4.694;;
2004-10-19;125.779;4.716;;
2004-10-20;126.482;4.672;;
2004-10-21;126.54;4.668;;
2004-10-22;126.602;4.664;;
2004-10-25;126.95;4.643;;
2004-10-26;126.815;4.651;;
2004-10-27;126.878;4.647;;
2004-10-28;126.368;4.678;;
2004-10-29;126.434;4.674;;
2004-11-01;126.496;4.67;;
2004-11-02;126.065;4.697;;
2004-11-03;126.281;4.683;;
2004-11-04;127.076;4.634;;
2004-11-05;126.309;4.681;;
2004-11-08;126.566;4.665;;
2004-11-09;127.12;4.631;;
2004-11-10;127.187;4.626;;
2004-11-11;127.817;4.588;;
2004-11-12;128.57;4.542;;
2004-11-15;128.572;4.542;;
2004-11-16;129.051;4.513;;
2004-11-17;128.734;4.532;;
2004-11-18;128.027;4.574;;
2004-11-19;128.506;4.545;;
2004-11-22;128.824;4.526;;
2004-11-23;129.128;4.507;;
2004-11-24;129.142;4.506;;
2004-11-25;129.563;4.481;;
2004-11-26;129.779;4.468;;
2004-11-29;129.014;4.514;;
2004-11-30;129.294;4.497;;
2004-12-01;129.586;4.479;;
2004-12-02;128.918;4.519;;
2004-12-03;129.962;4.456;;
2004-12-06;130.648;4.415;;
2004-12-07;130.926;4.399;;
2004-12-08;131.558;4.362;;
2004-12-09;132.146;4.327;;
2004-12-10;132.544;4.304;;
2004-12-13;132.892;4.284;;
2004-12-14;132.9;4.283;;
2004-12-15;134.076;4.215;;
2004-12-16;133.808;4.231;;
2004-12-17;133.205;4.265;;
2004-12-20;133.477;4.249;;
2004-12-21;132.977;4.278;;
2004-12-22;132.847;4.285;;
2004-12-23;133.069;4.272;;
2004-12-24;133.032;4.274;;
2004-12-27;132.664;4.295;;
2004-12-28;131.663;4.353;;
2004-12-29;130.962;4.394;;
2004-12-30;131.544;4.359;;
2004-12-31;131.529;4.36;;
2005-01-03;132.283;4.316;;
2005-01-04;132.054;4.329;;
2005-01-05;132.187;4.321;;
2005-01-06;132.729;4.29;;
2005-01-07;133.18;4.263;;
2005-01-10;133.387;4.251;;
2005-01-11;133.337;4.254;;
2005-01-12;133.292;4.256;;
2005-01-13;133.977;4.217;;
2005-01-14;134.393;4.193;;
2005-01-17;134.805;4.17;;
2005-01-18;135.19;4.148;;
2005-01-19;135.945;4.105;;
2005-01-20;134.845;4.167;;
2005-01-21;134.617;4.179;;
2005-01-24;135.209;4.146;;
2005-01-25;135.354;4.138;;
2005-01-26;135.407;4.134;;
2005-01-27;135.06;4.154;;
2005-01-28;135.531;4.127;;
2005-01-31;135.791;4.112;;
2005-02-01;136.029;4.099;;
2005-02-02;136.094;4.095;;
2005-02-03;136.103;4.094;;
2005-02-04;137.487;4.017;;
2005-02-07;138.2;3.978;;
2005-02-08;138.518;3.96;;
2005-02-09;138.819;3.943;;
2005-02-10;138.476;3.962;;
2005-02-11;137.707;4.004;;
2005-02-14;137.12;4.036;;
2005-02-15;136.744;4.057;;
2005-02-16;136.045;4.095;;
2005-02-17;135.534;4.124;;
2005-02-18;133.716;4.227;;
2005-02-21;133.113;4.261;;
2005-02-22;133.171;4.258;;
2005-02-23;132.821;4.278;;
2005-02-24;132.386;4.303;;
2005-02-25;132.806;4.278;;
2005-02-28;133.013;4.266;;
2005-03-01;132.288;4.308;;
2005-03-02;131.35;4.363;;
2005-03-03;131.43;4.358;;
2005-03-04;132.7;4.283;;
2005-03-07;133.164;4.256;;
2005-03-08;132.31;4.306;;
2005-03-09;131.418;4.358;;
2005-03-10;130.97;4.384;;
2005-03-11;130.922;4.387;;
2005-03-14;130.963;4.384;;
2005-03-15;132.024;4.322;;
2005-03-16;133.012;4.264;;
2005-03-17;132.614;4.287;;
2005-03-18;132.151;4.314;;
2005-03-21;131.849;4.331;;
2005-03-22;132.513;4.292;;
2005-03-23;131.8;4.333;;
2005-03-24;132.185;4.31;;
2005-03-25;132.126;4.314;;
2005-03-28;132.1;4.315;;
2005-03-29;132.219;4.308;;
2005-03-30;132.579;4.287;;
2005-03-31;133.311;4.244;;
2005-04-01;133.161;4.253;;
2005-04-04;133.763;4.218;;
2005-04-05;133.482;4.234;;
2005-04-06;133.193;4.25;;
2005-04-07;133.658;4.224;;
2005-04-08;132.738;4.277;;
2005-04-11;133.342;4.241;;
2005-04-12;133.66;4.223;;
2005-04-13;134.018;4.202;;
2005-04-14;133.653;4.223;;
2005-04-15;133.852;4.211;;
2005-04-18;134.263;4.188;;
2005-04-19;134.828;4.155;;
2005-04-20;134.483;4.174;;
2005-04-21;134.294;4.185;;
2005-04-22;134.421;4.178;;
2005-04-25;134.84;4.154;;
2005-04-26;134.902;4.15;;
2005-04-27;135.525;4.114;;
2005-04-28;135.645;4.107;;
2005-04-29;135.752;4.101;;
2005-05-02;135.663;4.106;;
2005-05-03;136.001;4.087;;
2005-05-04;135.12;4.136;;
2005-05-05;135.291;4.126;;
2005-05-06;134.769;4.156;;
2005-05-09;135.483;4.115;;
2005-05-10;136.525;4.056;;
2005-05-11;137.323;4.011;;
2005-05-12;137.231;4.016;;
2005-05-13;137.677;3.991;;
2005-05-16;137.529;3.999;;
2005-05-17;137.51;4.0;;
2005-05-18;138.016;3.972;;
2005-05-19;137.698;3.989;;
2005-05-20;137.332;4.009;;
2005-05-23;137.919;3.977;;
2005-05-24;138.151;3.964;;
2005-05-25;138.134;3.964;;
2005-05-26;137.456;4.002;;
2005-05-27;136.692;4.044;;
2005-05-30;136.477;4.056;;
2005-05-31;137.82;3.981;;
2005-06-01;138.153;3.962;;
2005-06-02;138.753;3.929;;
2005-06-03;138.418;3.947;;
2005-06-06;138.991;3.916;;
2005-06-07;140.226;3.848;;
2005-06-08;140.896;3.812;;
2005-06-09;140.819;3.816;;
2005-06-10;140.637;3.825;;
2005-06-13;139.33;3.896;;
2005-06-14;138.965;3.916;;
2005-06-15;137.073;4.02;;
2005-06-16;137.31;4.006;;
2005-06-17;137.832;3.977;;
2005-06-20;137.424;4.0;;
2005-06-21;138.88;3.919;;
2005-06-22;140.379;3.837;;
2005-06-23;140.01;3.857;;
2005-06-24;140.427;3.834;;
2005-06-27;140.771;3.815;;
2005-06-28;139.542;3.882;;
2005-06-29;139.156;3.902;;
2005-06-30;139.805;3.867;;
2005-07-01;139.357;3.891;;
2005-07-04;139.156;3.902;;
2005-07-05;138.493;3.938;;
2005-07-06;138.188;3.954;;
2005-07-07;138.579;3.933;;
2005-07-08;138.707;3.925;;
2005-07-11;137.614;3.986;;
2005-07-12;137.793;3.976;;
2005-07-13;137.202;4.008;;
2005-07-14;136.476;4.048;;
2005-07-15;136.656;4.038;;
2005-07-18;137.195;4.008;;
2005-07-19;137.007;4.018;;
2005-07-20;136.724;4.034;;
2005-07-21;136.695;4.035;;
2005-07-22;137.932;3.966;;
2005-07-25;138.337;3.943;;
2005-07-26;138.01;3.961;;
2005-07-27;138.412;3.939;;
2005-07-28;138.3;3.945;;
2005-07-29;138.198;3.95;;
2005-08-01;137.252;4.002;;
2005-08-02;136.786;4.028;;
2005-08-03;137.084;4.011;;
2005-08-04;137.134;4.008;;
2005-08-05;136.41;4.049;;
2005-08-08;136.411;4.048;;
2005-08-09;136.291;4.055;;
2005-08-10;136.71;4.031;;
2005-08-11;136.804;4.026;;
2005-08-12;137.573;3.982;;
2005-08-15;137.808;3.969;;
2005-08-16;138.416;3.935;;
2005-08-17;138.438;3.934;;
2005-08-18;139.006;3.902;;
2005-08-19;139.017;3.901;;
2005-08-22;139.293;3.886;;
2005-08-23;139.515;3.874;;
2005-08-24;139.627;3.867;;
2005-08-25;139.998;3.847;;
2005-08-26;139.952;3.849;;
2005-08-29;139.926;3.85;;
2005-08-30;139.985;3.847;;
2005-08-31;140.757;3.805;;
2005-09-01;141.301;3.775;;
2005-09-02;141.334;3.773;;
2005-09-05;141.541;3.762;;
2005-09-06;141.145;3.783;;
2005-09-07;140.923;3.795;;
2005-09-08;141.456;3.766;;
2005-09-09;141.877;3.743;;
2005-09-12;140.302;3.828;;
2005-09-13;140.7;3.806;;
2005-09-14;140.883;3.796;;
2005-09-15;140.66;3.807;;
2005-09-16;140.082;3.839;;
2005-09-19;141.022;3.788;;
2005-09-20;141.204;3.778;;
2005-09-21;142.578;3.704;;
2005-09-22;142.638;3.7;;
2005-09-23;142.21;3.723;;
2005-09-26;140.644;3.807;;
2005-09-27;140.648;3.806;;
2005-09-28;140.967;3.789;;
2005-09-29;140.755;3.8;;
2005-09-30;140.812;3.797;;
2005-10-03;140.115;3.834;;
2005-10-04;140.347;3.822;;
2005-10-05;140.648;3.805;;
2005-10-06;140.185;3.83;;
2005-10-07;140.395;3.818;;
2005-10-10;140.728;3.8;;
2005-10-11;140.153;3.831;;
2005-10-12;139.682;3.856;;
2005-10-13;138.501;3.921;;
2005-10-14;138.436;3.924;;
2005-10-17;138.476;3.922;;
2005-10-18;138.519;3.92;;
2005-10-19;138.949;3.895;;
2005-10-20;138.487;3.921;;
2005-10-21;139.748;3.851;;
2005-10-24;139.59;3.86;;
2005-10-25;138.038;3.945;;
2005-10-26;137.202;3.991;;
2005-10-27;136.535;4.029;;
2005-10-28;136.652;4.022;;
2005-10-31;137.202;3.991;;
2005-11-01;136.746;4.017;;
2005-11-02;136.191;4.047;;
2005-11-03;135.979;4.059;;
2005-11-04;135.674;4.077;;
2005-11-07;135.562;4.083;;
2005-11-08;136.347;4.038;;
2005-11-09;135.239;4.101;;
2005-11-10;135.232;4.101;;
2005-11-11;135.428;4.089;;
2005-11-14;135.317;4.096;;
2005-11-15;135.449;4.088;;
2005-11-16;136.655;4.019;;
2005-11-17;136.312;4.038;;
2005-11-18;135.073;4.109;;
2005-11-21;135.944;4.059;;
2005-11-22;136.079;4.051;;
2005-11-23;136.304;4.037;;
2005-11-24;137.439;3.973;;
2005-11-25;137.143;3.99;;
2005-11-28;137.129;3.99;;
2005-11-29;136.192;4.043;;
2005-11-30;136.544;4.023;;
2005-12-01;137.156;3.988;;
2005-12-02;137.484;3.969;;
2005-12-05;137.055;3.993;;
2005-12-06;137.734;3.955;;
2005-12-07;137.224;3.983;;
2005-12-08;137.736;3.954;;
2005-12-09;136.845;4.004;;
2005-12-12;137.304;3.978;;
2005-12-13;137.679;3.957;;
2005-12-14;138.214;3.926;;
2005-12-15;137.904;3.943;;
2005-12-16;138.725;3.897;;
2005-12-19;138.875;3.889;;
2005-12-20;138.786;3.894;;
2005-12-21;138.014;3.936;;
2005-12-22;138.725;3.896;;
2005-12-23;139.175;3.871;;
2005-12-26;139.074;3.877;;
2005-12-27;139.125;3.874;;
2005-12-28;139.706;3.841;;
2005-12-29;139.305;3.863;;
2005-12-30;139.675;3.842;;
2006-01-02;139.345;3.86;;
2006-01-03;139.425;3.856;;
2006-01-04;139.725;3.839;;
2006-01-05;139.864;3.831;;
2006-01-06;140.114;3.817;;
2006-01-09;140.345;3.804;;
2006-01-10;140.065;3.819;;
2006-01-11;139.964;3.824;;
2006-01-12;140.236;3.809;;
2006-01-13;140.305;3.805;;
2006-01-16;140.025;3.82;;
2006-01-17;140.005;3.821;;
2006-01-18;139.824;3.831;;
2006-01-19;138.794;3.888;;
2006-01-20;138.105;3.926;;
2006-01-23;137.834;3.941;;
2006-01-24;138.074;3.927;;
2006-01-25;136.824;3.997;;
2006-01-26;135.514;4.072;;
2006-01-27;135.595;4.067;;
2006-01-30;135.916;4.049;;
2006-01-31;136.125;4.036;15.957;13.423
2006-02-01;135.264;4.085;18.323;15.451
2006-02-02;135.654;4.063;15.659;13.196
2006-02-03;135.925;4.047;16.683;14.047
2006-02-06;135.986;4.043;16.764;14.103
2006-02-07;135.255;4.085;18.421;15.555
2006-02-08;135.404;4.076;16.64;14.053
2006-02-09;135.875;4.049;18.078;15.215
2006-02-10;135.855;4.05;15.834;13.349
2006-02-13;135.584;4.065;17.959;15.146
2006-02-14;135.425;4.074;18.113;15.285
2006-02-15;135.114;4.092;19.1;16.149
2006-02-16;134.945;4.101;;
2006-02-17;136.055;4.037;18.344;15.447
2006-02-20;136.184;4.03;19.165;16.119
2006-02-21;136.084;4.035;19.284;16.224
2006-02-22;136.614;4.004;18.481;15.513
2006-02-23;135.706;4.056;18.218;15.342
2006-02-24;135.645;4.06;17.347;14.567
2006-02-27;135.105;4.091;18.047;15.19
2006-02-28;136.025;4.038;16.453;13.782
2006-03-01;135.544;4.065;16.693;14.019
2006-03-02;134.654;4.116;17.446;14.699
2006-03-03;134.555;4.122;17.083;14.384
2006-03-06;134.714;4.112;;
2006-03-07;134.345;4.134;17.212;14.502
2006-03-08;133.184;4.201;;16.134
2006-03-09;133.036;4.21;;16.208
2006-03-10;132.315;4.253;18.066;15.417
2006-03-13;131.916;4.276;;
2006-03-14;132.824;4.222;17.382;14.794
2006-03-15;132.416;4.246;17.933;15.28
2006-03-16;133.044;4.208;18.637;15.823
2006-03-17;132.536;4.238;17.66;15.032
2006-03-20;133.014;4.21;17.201;14.605
2006-03-21;133.095;4.205;16.727;14.195
2006-03-22;133.456;4.183;16.696;14.137
2006-03-23;132.805;4.222;17.272;14.681
2006-03-24;133.404;4.186;16.95;14.366
2006-03-27;133.195;4.198;17.315;14.697
2006-03-28;131.845;4.279;;
2006-03-29;131.255;4.314;17.363;14.865
2006-03-30;130.744;4.344;16.717;14.353
2006-03-31;130.975;4.33;;
2006-04-03;130.074;4.385;15.847;13.651
2006-04-04;129.574;4.416;;
2006-04-05;128.895;4.457;18.163;15.779
2006-04-06;127.686;4.533;18.986;16.633
2006-04-07;127.216;4.562;18.843;16.583
2006-04-10;127.805;4.525;15.498;13.577
2006-04-11;128.195;4.5;18.188;15.889
2006-04-12;128.095;4.506;15.997;13.977
2006-04-13;126.796;4.588;16.511;14.536
2006-04-14;126.695;4.594;17.244;15.186
2006-04-17;126.635;4.598;17.678;15.575
2006-04-18;126.695;4.594;18.797;16.567
2006-04-19;126.686;4.594;18.362;16.178
2006-04-20;127.154;4.564;16.733;14.698
2006-04-21;126.775;4.588;19.424;17.092
2006-04-24;126.936;4.578;18.57;16.323
2006-04-25;126.436;4.61;17.304;15.244
2006-04-26;126.415;4.611;18.437;16.229
2006-04-27;126.995;4.574;17.198;15.092
2006-04-28;127.436;4.545;17.727;15.501
2006-05-01;127.436;4.545;17.853;15.611
2006-05-02;127.014;4.572;17.503;15.34
2006-05-03;126.686;4.592;17.748;15.59
2006-05-04;126.284;4.618;18.686;16.444
2006-05-05;126.505;4.604;18.574;16.334
2006-05-08;126.326;4.615;19.063;16.782
2006-05-09;126.204;4.623;18.202;16.035
2006-05-10;126.654;4.594;;
2006-05-11;125.454;4.67;17.984;15.915
2006-05-12;124.895;4.707;19.343;17.185
2006-05-15;125.596;4.661;19.46;17.24
2006-05-16;126.245;4.619;20.228;17.865
2006-05-17;124.716;4.718;21.143;18.869
2006-05-18;125.305;4.679;21.332;18.968
2006-05-19;125.975;4.636;;
2006-05-22;126.855;4.579;;
2006-05-23;126.745;4.586;19.784;17.458
2006-05-24;127.355;4.547;20.326;17.861
2006-05-25;127.376;4.546;18.83;16.546
2006-05-26;127.314;4.549;20.464;17.984
2006-05-29;127.255;4.553;20.665;18.172
2006-05-30;126.555;4.597;20.282;17.903
2006-05-31;125.865;4.641;19.221;17.023
2006-06-01;125.596;4.658;20.806;18.448
2006-06-02;126.674;4.589;20.946;18.46
2006-06-05;126.064;4.628;19.499;17.233
2006-06-06;125.796;4.645;19.433;17.193
2006-06-07;125.716;4.65;19.806;17.529
2006-06-08;126.603;4.593;18.654;16.444
2006-06-09;126.7;4.587;19.575;17.245
2006-06-12;126.952;4.57;19.992;17.595
2006-06-13;127.722;4.521;18.509;16.223
2006-06-14;127.275;4.549;18.186;15.97
2006-06-15;126.568;4.594;17.809;15.69
2006-06-16;126.747;4.583;17.434;15.346
2006-06-19;126.255;4.614;19.687;17.32
2006-06-20;125.966;4.632;18.965;16.748
2006-06-21;125.686;4.65;18.577;16.426
2006-06-22;124.975;4.696;18.186;16.149
2006-06-23;124.674;4.716;19.301;17.164
2006-06-26;124.585;4.721;19.562;17.393
2006-06-27;124.775;4.709;17.41;15.458
2006-06-28;124.814;4.706;16.178;14.362
2006-06-29;125.264;4.676;18.741;16.591
2006-06-30;125.365;4.67;17.46;15.437
2006-07-03;125.135;4.684;17.865;15.81
2006-07-04;125.314;4.673;16.488;14.579
2006-07-05;124.49;4.726;16.957;15.058
2006-07-06;124.889;4.7;16.014;14.179
2006-07-07;125.519;4.659;16.413;14.486
2006-07-10;125.11;4.685;17.49;15.472
2006-07-11;125.55;4.657;16.157;14.266
2006-07-12;124.981;4.693;17.467;15.473
2006-07-13;125.526;4.658;18.069;15.973
2006-07-14;126.22;4.613;16.806;14.807
2006-07-17;125.987;4.627;18.065;15.935
2006-07-18;125.822;4.638;17.31;15.272
2006-07-19;126.28;4.608;17.869;15.726
2006-07-20;126.351;4.603;18.234;16.038
2006-07-21;126.781;4.576;;
2006-07-24;126.777;4.576;16.003;14.048
2006-07-25;126.642;4.584;16.643;14.622
2006-07-26;126.216;4.611;;
2006-07-27;126.608;4.586;17.694;15.558
2006-07-28;127.037;4.558;17.554;15.394
2006-07-31;127.119;4.553;17.133;15.017
2006-08-01;127.004;4.56;18.1;15.877
2006-08-02;127.044;4.557;17.309;15.175
2006-08-03;126.569;4.588;16.219;14.241
2006-08-04;127.721;4.514;15.024;13.109
2006-08-07;127.7;4.515;15.382;13.423
2006-08-08;127.757;4.511;16.417;14.326
2006-08-09;127.329;4.538;16.629;14.54
2006-08-10;127.292;4.54;16.642;14.556
2006-08-11;126.708;4.578;15.421;13.522
2006-08-14;126.377;4.599;16.199;14.223
2006-08-15;126.91;4.564;16.373;14.337
2006-08-16;127.505;4.526;16.439;14.349
2006-08-17;127.801;4.507;15.983;13.92
2006-08-18;128.179;4.483;16.458;14.303
2006-08-21;128.812;4.443;16.838;14.585
2006-08-22;129.47;4.402;15.9;13.737
2006-08-23;129.173;4.42;17.997;15.579
2006-08-24;129.544;4.397;16.479;14.23
2006-08-25;129.719;4.386;16.625;14.347
2006-08-28;129.679;4.388;16.95;14.633
2006-08-29;129.141;4.421;;
2006-08-30;129.536;4.396;15.935;13.759
2006-08-31;130.115;4.36;16.852;14.507
2006-09-01;130.536;4.334;16.136;13.855
2006-09-04;130.45;4.339;16.61;14.265
2006-09-05;129.911;4.373;15.522;13.362
2006-09-06;129.26;4.413;16.981;14.668
2006-09-07;129.641;4.389;16.478;14.198
2006-09-08;130.334;4.346;;12.506
2006-09-11;130.302;4.348;14.992;12.85
2006-09-12;129.645;4.388;;
2006-09-13;130.434;4.339;15.494;13.27
2006-09-14;130.52;4.333;15.397;13.174
2006-09-15;130.758;4.319;;
2006-09-18;130.14;4.357;16.63;14.243
2006-09-19;130.833;4.314;17.143;14.633
2006-09-20;130.896;4.309;15.295;13.05
2006-09-21;130.999;4.303;;
2006-09-22;132.057;4.238;15.937;13.538
2006-09-25;132.411;4.217;16.637;14.116
2006-09-26;132.641;4.203;15.913;13.472
2006-09-27;132.469;4.212;16.35;13.846
2006-09-28;132.077;4.236;17.943;15.226
2006-09-29;131.763;4.255;16.496;14.017
2006-10-02;132.163;4.231;15.415;13.068
2006-10-03;131.298;4.283;17.358;14.785
2006-10-04;131.974;4.241;17.505;14.859
2006-10-05;131.615;4.263;17.2;14.628
2006-10-06;131.082;4.296;15.854;13.519
2006-10-09;131.256;4.285;15.943;13.576
2006-10-10;130.55;4.328;15.296;13.063
2006-10-11;130.772;4.314;;
2006-10-12;130.886;4.307;14.11;12.024
2006-10-13;130.477;4.332;14.004;11.96
2006-10-16;130.493;4.331;14.4;12.296
2006-10-17;131.139;4.291;;
2006-10-18;130.745;4.315;13.466;11.488
2006-10-19;130.172;4.35;14.621;12.513
2006-10-20;130.269;4.344;14.387;12.299
2006-10-23;129.723;4.378;14.608;12.517
2006-10-24;129.723;4.377;14.939;12.801
2006-10-25;129.66;4.381;16.581;14.214
2006-10-26;130.171;4.349;15.26;13.04
2006-10-27;131.21;4.285;15.213;12.941
2006-10-30;131.616;4.26;15.915;13.502
2006-10-31;132.629;4.198;15.991;13.494
2006-11-01;133.235;4.161;16.735;14.082
2006-11-02;132.367;4.213;16.623;14.056
2006-11-03;131.829;4.246;15.914;13.482
2006-11-06;131.622;4.258;;
2006-11-07;132.518;4.203;16.854;14.215
2006-11-08;132.352;4.213;17.48;14.752
2006-11-09;132.461;4.206;16.664;14.059
2006-11-10;132.849;4.183;15.288;12.884
2006-11-13;132.437;4.207;14.946;12.625
2006-11-14;132.935;4.177;14.394;12.129
2006-11-15;132.477;4.204;14.992;12.664
2006-11-16;132.274;4.216;13.45;11.369
2006-11-17;132.878;4.18;15.639;13.172
2006-11-20;132.988;4.173;16.435;13.841
2006-11-21;133.092;4.166;15.442;12.995
2006-11-22;133.035;4.169;14.969;12.609
2006-11-23;132.748;4.186;14.931;12.588
2006-11-24;133.224;4.158;13.65;11.491
2006-11-27;132.743;4.186;16.517;13.946
2006-11-28;133.068;4.167;14.937;12.59
2006-11-29;132.73;4.186;13.325;11.248
2006-11-30;133.059;4.166;15.382;12.967
2006-12-01;133.501;4.14;15.28;12.852
2006-12-04;133.146;4.161;16.027;13.515
2006-12-05;133.147;4.161;15.637;13.182
2006-12-06;133.101;4.163;13.553;11.424
2006-12-07;132.801;4.181;13.74;11.589
2006-12-08;132.508;4.198;;
2006-12-11;132.219;4.216;13.737;11.619
2006-12-12;132.337;4.208;14.418;12.185
2006-12-13;132.21;4.216;;
2006-12-14;131.578;4.254;15.608;13.222
2006-12-15;131.14;4.281;16.037;13.62
2006-12-18;130.76;4.304;16.36;13.917
2006-12-19;130.136;4.343;16.06;13.71
2006-12-20;130.171;4.34;15.557;13.278
2006-12-21;129.746;4.366;;
2006-12-22;129.718;4.368;14.835;12.694
2006-12-25;129.546;4.379;16.961;14.528
2006-12-26;129.546;4.379;16.961;14.528
2006-12-27;128.987;4.413;15.988;13.733
2006-12-28;128.538;4.441;;
2006-12-29;129.009;4.411;;10.821
2007-01-01;128.636;4.435;14.968;12.884
2007-01-02;129.175;4.401;14.349;12.316
2007-01-03;129.035;4.409;15.099;12.969
2007-01-04;129.267;4.394;14.581;12.506
2007-01-05;128.565;4.439;14.595;12.566
2007-01-08;128.594;4.437;14.35;12.354
2007-01-09;128.06;4.47;13.964;12.06
2007-01-10;127.905;4.48;13.817;11.946
2007-01-11;127.903;4.48;11.821;10.227
2007-01-12;127.204;4.525;12.11;10.52
2007-01-15;127.379;4.513;12.403;10.757
2007-01-16;127.836;4.484;11.961;10.344
2007-01-17;127.891;4.48;10.135;8.763
2007-01-18;127.552;4.501;11.9;10.318
2007-01-19;128.059;4.469;;
2007-01-22;128.631;4.432;9.073;
2007-01-23;128.686;4.429;;
2007-01-24;128.212;4.458;9.626;8.305
2007-01-25;127.497;4.504;11.908;10.292
2007-01-26;127.027;4.534;10.715;9.307
2007-01-29;126.417;4.574;12.014;10.465
2007-01-30;126.589;4.562;10.296;8.976
2007-01-31;126.78;4.549;11.677;10.156
2007-02-01;126.872;4.543;10.349;9.004
2007-02-02;127.229;4.52;8.409;7.316
2007-02-05;127.521;4.501;11.35;9.848
2007-02-06;127.684;4.49;10.488;9.1
2007-02-07;127.889;4.477;10.382;8.994
2007-02-08;127.821;4.481;9.071;7.854
2007-02-09;127.206;4.521;11.181;9.693
2007-02-12;126.831;4.545;11.092;9.642
2007-02-13;126.544;4.563;12.684;11.045
2007-02-14;127.033;4.531;9.535;8.297
2007-02-15;127.739;4.485;9.02;7.822
2007-02-16;127.632;4.492;10.866;9.411
2007-02-19;127.391;4.507;11.495;9.968
2007-02-20;127.548;4.497;9.706;8.426
2007-02-21;127.628;4.492;11.837;10.253
2007-02-22;127.121;4.524;10.984;9.535
2007-02-23;127.845;4.477;9.413;8.155
2007-02-26;128.431;4.44;11.23;9.647
2007-02-27;128.788;4.417;13.84;11.887
2007-02-28;128.655;4.425;11.958;10.272
2007-03-01;128.752;4.419;11.2;9.614
2007-03-02;128.764;4.418;12.324;10.593
2007-03-05;129.066;4.398;12.964;11.12
2007-03-06;129.215;4.389;9.528;8.157
2007-03-07;129.038;4.4;12.511;10.728
2007-03-08;128.872;4.41;11.329;9.727
2007-03-09;128.406;4.439;12.373;10.632
2007-03-12;128.826;4.413;10.064;8.641
2007-03-13;129.178;4.39;10.856;9.312
2007-03-14;129.267;4.384;8.644;7.398
2007-03-15;128.891;4.408;10.999;9.439
2007-03-16;129.065;4.396;10.627;9.1
2007-03-19;128.726;4.418;11.038;9.468
2007-03-20;129.014;4.399;11.251;9.637
2007-03-21;128.707;4.419;12.864;11.05
2007-03-22;128.061;4.46;10.176;8.766
2007-03-23;127.303;4.508;10.133;8.767
2007-03-26;127.256;4.511;9.545;8.259
2007-03-27;127.032;4.526;10.602;9.187
2007-03-28;126.897;4.534;9.997;8.659
2007-03-29;126.644;4.55;10.102;8.77
2007-03-30;126.651;4.55;8.954;7.765
2007-04-02;126.555;4.556;10.078;8.739
2007-04-03;126.101;4.585;10.01;8.71
2007-04-04;126.528;4.557;9.142;7.934
2007-04-05;126.215;4.577;9.157;7.957
2007-04-06;126.166;4.581;9.654;8.269
2007-04-09;126.151;4.581;9.767;8.367
2007-04-10;125.804;4.604;8.181;7.123
2007-04-11;125.506;4.623;8.058;7.023
2007-04-12;124.862;4.666;9.465;8.275
2007-04-13;123.953;4.727;9.517;8.37
2007-04-16;124.293;4.704;8.639;7.593
2007-04-17;124.78;4.671;6.679;5.851
2007-04-18;125.333;4.634;7.609;6.64
2007-04-19;124.767;4.672;10.05;8.785
2007-04-20;124.757;4.672;7.814;6.84
2007-04-23;125.264;4.638;6.849;5.974
2007-04-24;125.421;4.628;7.971;6.948
2007-04-25;125.152;4.645;6.514;5.676
2007-04-26;124.733;4.673;6.2;5.408
2007-04-27;124.737;4.672;8.306;7.261
2007-04-30;125.746;4.605;9.352;8.136
2007-05-01;125.847;4.599;8.433;7.209
2007-05-02;124.778;4.669;7.716;6.74
2007-05-03;124.486;4.689;7.77;6.8
2007-05-04;125.038;4.652;7.899;6.892
2007-05-07;124.852;4.664;8.486;7.411
2007-05-08;124.995;4.654;7.37;6.426
2007-05-09;124.829;4.665;6.229;5.43
2007-05-10;124.739;4.671;9.477;8.29
2007-05-11;124.586;4.681;7.109;6.212
2007-05-14;123.942;4.724;7.836;6.876
2007-05-15;123.564;4.749;7.878;6.924
2007-05-16;123.605;4.746;7.675;6.74
2007-05-17;123.525;4.751;6.332;5.553
2007-05-18;123.518;4.752;6.078;5.329
2007-05-21;123.26;4.769;8.914;7.85
2007-05-22;123.117;4.779;6.152;5.405
2007-05-23;122.627;4.812;8.97;7.92
2007-05-24;122.76;4.802;8.837;7.798
2007-05-25;122.65;4.81;5.419;4.764
2007-05-28;122.513;4.819;6.561;5.78
2007-05-29;122.581;4.814;6.358;5.598
2007-05-30;122.581;4.814;6.086;5.357
2007-05-31;122.443;4.823;5.56;4.891
2007-06-01;121.944;4.858;4.095;3.598
2007-06-04;122.016;4.852;4.102;3.603
2007-06-05;121.561;4.884;4.764;4.203
2007-06-06;121.762;4.87;6.997;6.192
2007-06-07;120.551;4.954;5.131;4.56
2007-06-08;120.031;4.99;6.803;6.08
2007-06-11;120.042;4.99;5.209;4.646
2007-06-12;119.387;5.036;;
2007-06-13;118.759;5.081;5.831;5.246
2007-06-14;118.433;5.104;5.579;5.028
2007-06-15;118.061;5.131;;
2007-06-18;117.824;5.148;7.856;7.139
2007-06-19;118.585;5.093;;
2007-06-20;118.558;5.094;7.539;6.806
2007-06-21;118.547;5.095;5.529;4.978
2007-06-22;118.428;5.103;8.833;7.995
2007-06-25;118.911;5.068;7.086;6.386
2007-06-26;119.135;5.052;6.99;6.288
2007-06-27;119.704;5.011;4.23;3.775
2007-06-28;119.608;5.018;5.431;4.857
2007-06-29;119.364;5.035;8.348;7.506
2007-07-02;120.227;4.974;;
2007-07-03;119.502;5.025;6.288;5.634
2007-07-04;119.11;5.053;4.816;4.311
2007-07-05;118.57;5.092;4.409;3.954
2007-07-06;118.292;5.112;5.884;5.294
2007-07-09;118.436;5.101;5.344;4.805
2007-07-10;119.353;5.035;6.818;6.114
2007-07-11;119.149;5.049;5.582;5.003
2007-07-12;118.423;5.102;4.618;4.147
2007-07-13;118.666;5.084;6.594;5.933
2007-07-16;119.046;5.056;;
2007-07-17;118.834;5.072;6.982;6.279
2007-07-18;119.464;5.026;4.154;3.701
2007-07-19;119.661;5.012;5.051;4.506
2007-07-20;121.009;4.917;4.746;4.199
2007-07-23;120.88;4.926;4.848;4.295
2007-07-24;120.966;4.919;;
2007-07-25;121.228;4.901;3.374;2.969
2007-07-26;121.903;4.853;;
2007-07-27;121.568;4.877;3.532;3.108
2007-07-30;121.374;4.89;4.087;3.607
2007-07-31;121.525;4.879;;
2007-08-01;121.53;4.879;3.782;3.329
2007-08-02;121.446;4.884;5.406;4.782
2007-08-03;122.04;4.843;6.09;5.377
2007-08-06;121.838;4.857;;
2007-08-07;121.777;4.861;2.966;2.596
2007-08-08;121.045;4.912;3.757;3.314
2007-08-09;121.236;4.898;3.816;3.367
2007-08-10;121.269;4.896;2.646;2.323
2007-08-13;121.221;4.899;5.217;4.626
2007-08-14;121.389;4.887;2.426;2.125
2007-08-15;121.347;4.89;6.502;5.783
2007-08-16;121.947;4.848;2.15;1.875
2007-08-17;121.301;4.893;5.165;4.596
2007-08-20;121.217;4.899;6.955;6.209
2007-08-21;121.618;4.87;6.427;5.727
2007-08-22;121.501;4.878;4.272;3.786
2007-08-23;121.71;4.864;;
2007-08-24;121.846;4.854;5.412;4.797
2007-08-27;121.974;4.845;;
2007-08-28;122.232;4.827;;
2007-08-29;121.76;4.859;5.353;4.753
2007-08-30;121.857;4.853;;
2007-08-31;121.982;4.844;5.383;4.767
2007-09-03;121.743;4.86;5.175;4.591
2007-09-04;121.48;4.878;5.764;5.128
2007-09-05;122.287;4.822;4.883;4.316
2007-09-06;122.028;4.84;6.013;5.337
2007-09-07;122.865;4.782;;
2007-09-10;123.645;4.728;;
2007-09-11;123.571;4.733;;
2007-09-12;123.433;4.742;5.574;4.909
2007-09-13;123.327;4.749;;
2007-09-14;123.352;4.747;;
2007-09-17;123.594;4.731;4.806;4.22
2007-09-18;122.719;4.791;7.439;6.594
2007-09-19;121.844;4.851;6.985;6.216
2007-09-20;120.99;4.911;6.266;5.599
2007-09-21;120.722;4.93;6.287;5.632
2007-09-24;120.608;4.938;5.382;4.816
2007-09-25;121.165;4.898;;
2007-09-26;120.425;4.95;5.558;4.98
2007-09-27;120.688;4.931;5.931;5.306
2007-09-28;121.363;4.884;;
2007-10-01;121.234;4.893;5.432;4.841
2007-10-02;121.462;4.877;5.726;5.1
2007-10-03;121.374;4.882;4.642;4.126
2007-10-04;122.059;4.834;5.236;4.644
2007-10-05;121.426;4.879;4.686;4.165
2007-10-08;121.422;4.879;6.325;5.636
2007-10-09;121.853;4.848;3.738;3.301
2007-10-10;121.343;4.884;;6.941
2007-10-11;120.926;4.913;5.656;5.05
2007-10-12;120.553;4.939;3.97;3.532
2007-10-15;120.367;4.952;6.752;6.047
2007-10-16;119.978;4.98;7.487;6.731
2007-10-17;120.607;4.935;6.842;6.124
2007-10-18;121.456;4.875;5.032;4.472
2007-10-19;122.675;4.79;7.133;6.32
2007-10-22;123.048;4.764;5.504;4.855
2007-10-23;122.973;4.769;5.495;4.848
2007-10-24;123.659;4.722;;
2007-10-25;123.364;4.742;4.536;3.988
2007-10-26;123.052;4.763;5.579;4.924
2007-10-29;123.021;4.765;6.011;5.332
2007-10-30;122.749;4.784;7.103;6.313
2007-10-31;122.292;4.815;;
2007-11-01;122.599;4.793;7.122;6.334
2007-11-02;122.875;4.774;3.621;3.203
2007-11-05;122.877;4.774;3.23;2.854
2007-11-06;122.676;4.788;3.794;3.362
2007-11-07;122.902;4.772;7.361;6.543
2007-11-08;122.974;4.767;6.596;5.86
2007-11-09;123.298;4.744;5.566;4.937
2007-11-12;123.257;4.747;5.784;5.133
2007-11-13;123.145;4.754;2.793;2.466
2007-11-14;123.001;4.764;4.215;3.736
2007-11-15;123.123;4.755;4.356;3.864
2007-11-16;123.005;4.763;3.108;2.751
2007-11-19;123.489;4.73;4.949;4.388
2007-11-20;123.152;4.753;3.841;3.408
2007-11-21;123.137;4.753;3.077;2.729
2007-11-22;122.912;4.769;5.594;4.989
2007-11-23;122.88;4.771;5.017;4.469
2007-11-26;122.976;4.764;6.782;6.052
2007-11-27;122.626;4.788;2.703;2.401
2007-11-28;121.686;4.853;3.827;3.426
2007-11-29;122.213;4.816;5.701;5.102
2007-11-30;121.572;4.861;3.185;2.85
2007-12-03;122.398;4.803;5.172;4.622
2007-12-04;122.865;4.771;3.797;3.376
2007-12-05;122.886;4.769;6.157;5.49
2007-12-06;122.524;4.794;6.709;5.991
2007-12-07;121.421;4.871;6.633;5.951
2007-12-10;120.929;4.906;5.817;5.224
2007-12-11;121.18;4.888;5.137;4.604
2007-12-12;120.564;4.931;4.641;4.17
2007-12-13;120.966;4.902;3.222;2.878
2007-12-14;120.597;4.928;3.374;3.019
2007-12-17;120.921;4.905;3.723;3.329
2007-12-18;121.277;4.88;3.283;2.926
2007-12-19;121.094;4.892;5.647;5.062
2007-12-20;121.653;4.853;2.65;2.354
2007-12-21;120.671;4.922;3.569;3.199
2007-12-24;120.601;4.927;2.905;2.6
2007-12-25;121.232;4.882;-2.001;-1.828
2007-12-26;121.25;4.88;-2.138;-1.952
2007-12-27;120.205;4.955;1.534;1.364
2007-12-28;120.549;4.93;3.913;3.514
2007-12-31;120.534;4.931;4.003;3.595
2008-01-01;120.576;4.928;3.672;3.296
2008-01-02;122.095;4.82;5.428;4.848
2008-01-03;121.93;4.831;9.565;8.573
2008-01-04;122.302;4.805;8.721;7.806
2008-01-07;122.147;4.816;9.086;8.149
2008-01-08;121.715;4.846;8.469;7.61
2008-01-09;122.346;4.802;7.827;7.013
2008-01-10;121.91;4.832;8.705;7.827
2008-01-11;121.927;4.831;9.417;8.474
2008-01-14;122.399;4.797;9.455;8.492
2008-01-15;122.788;4.77;8.959;8.034
2008-01-16;123.217;4.74;10.583;9.487
2008-01-17;123.349;4.731;11.025;9.886
2008-01-18;123.337;4.731;9.396;8.428
2008-01-21;123.94;4.69;7.804;6.982
2008-01-22;122.398;4.796;11.91;10.763
2008-01-23;123.264;4.736;9.872;8.893
2008-01-24;122.189;4.811;12.008;10.843
2008-01-25;122.444;4.793;13.818;12.453
2008-01-28;122.778;4.769;10.782;9.7
2008-01-29;122.305;4.802;12.514;11.291
2008-01-30;121.984;4.824;11.682;10.562
2008-01-31;123.321;4.731;9.733;8.734
2008-02-01;123.705;4.704;7.752;6.94
2008-02-04;123.598;4.711;8.433;7.551
2008-02-05;124.485;4.65;9.257;8.258
2008-02-06;123.804;4.696;11.1;9.943
2008-02-07;123.57;4.712;7.204;6.473
2008-02-08;123.993;4.683;9.782;8.776
2008-02-11;123.748;4.7;7.956;7.139
2008-02-12;122.398;4.794;13.816;12.511
2008-02-13;122.257;4.803;10.139;9.183
2008-02-14;121.807;4.835;13.279;12.044
2008-02-15;122.162;4.81;12.548;11.372
2008-02-18;121.533;4.854;12.866;11.694
2008-02-19;121.869;4.83;10.106;9.16
2008-02-20;121.523;4.854;12.325;11.189
2008-02-21;121.691;4.842;17.133;15.516
2008-02-22;121.324;4.868;17.59;16.004
2008-02-25;120.463;4.929;22.959;20.991
2008-02-26;119.943;4.966;24.953;22.817
2008-02-27;119.679;4.985;24.866;22.882
2008-02-28;120.939;4.895;24.858;22.712
2008-02-29;121.934;4.824;23.096;21.023
2008-03-03;122.008;4.818;23.407;21.277
2008-03-04;121.643;4.844;27.324;24.901
2008-03-05;120.095;4.954;34.709;31.889
2008-03-06;120.627;4.916;30.369;27.8
2008-03-07;120.063;4.956;33.088;30.431
2008-03-10;120.645;4.914;31.605;28.978
2008-03-11;120.634;4.915;31.38;28.699
2008-03-12;121.098;4.882;32.5;29.617
2008-03-13;120.57;4.919;32.771;29.958
2008-03-14;120.917;4.894;32.549;29.683
2008-03-17;120.281;4.94;39.377;36.074
2008-03-18;120.128;4.95;36.355;33.272
2008-03-19;121.814;4.83;29.151;26.413
2008-03-20;122.538;4.779;26.523;23.874
2008-03-21;122.522;4.78;;
2008-03-24;122.569;4.776;26.354;23.671
2008-03-25;121.892;4.824;21.65;19.543
2008-03-26;121.192;4.873;21.66;19.668
2008-03-27;120.155;4.948;24.042;21.991
2008-03-28;120.55;4.919;23.481;21.415
2008-03-31;121.115;4.878;22.392;20.362
2008-04-01;121.001;4.886;21.34;19.395
2008-04-02;121.311;4.864;18.647;16.91
2008-04-03;120.866;4.896;19.447;17.698
2008-04-04;121.385;4.858;17.781;16.135
2008-04-07;120.967;4.888;16.54;15.047
2008-04-08;120.251;4.939;22.659;20.691
2008-04-09;120.209;4.942;25.635;23.424
2008-04-10;120.361;4.931;21.383;19.525
2008-04-11;121.343;4.861;22.444;20.374
2008-04-14;121.055;4.881;21.178;19.263
2008-04-15;120.291;4.936;22.111;20.182
2008-04-16;119.227;5.013;22.986;21.096
2008-04-17;118.606;5.058;19.526;17.984
2008-04-18;118.578;5.06;21.837;20.075
2008-04-21;118.754;5.047;21.154;19.456
2008-04-22;118.678;5.053;19.972;18.358
2008-04-23;118.53;5.063;19.587;18.02
2008-04-24;117.819;5.116;20.233;18.688
2008-04-25;118.048;5.099;19.118;17.636
2008-04-28;118.006;5.102;19.68;18.164
2008-04-29;118.948;5.032;17.014;15.641
2008-04-30;119.722;4.975;15.092;13.8
2008-05-01;119.73;4.974;14.894;13.625
2008-05-02;119.27;5.008;14.873;13.628
2008-05-05;119.942;4.959;12.265;11.196
2008-05-06;119.984;4.956;14.558;13.288
2008-05-07;119.796;4.969;15.533;14.201
2008-05-08;120.442;4.922;18.064;16.453
2008-05-09;120.823;4.894;20.943;19.023
2008-05-12;120.258;4.935;25.132;22.874
2008-05-13;119.293;5.005;24.838;22.727
2008-05-14;118.611;5.055;21.542;19.794
2008-05-15;118.236;5.082;;
2008-05-16;119.253;5.007;21.032;19.228
2008-05-19;118.781;5.042;23.048;21.105
2008-05-20;119.093;5.019;21.398;19.571
2008-05-21;118.303;5.077;20.337;18.677
2008-05-22;118.261;5.08;18.701;17.176
2008-05-23;118.382;5.07;18.616;17.074
2008-05-26;118.169;5.086;17.455;16.026
2008-05-27;117.782;5.115;18.295;16.833
2008-05-28;117.289;5.151;16.646;15.371
2008-05-29;116.307;5.225;19.634;18.211
2008-05-30;116.835;5.185;17.62;16.28
2008-06-02;117.344;5.147;21.884;20.16
2008-06-03;116.414;5.217;25.132;23.243
2008-06-04;116.782;5.189;22.53;20.804
2008-06-05;116.625;5.2;26.404;24.254
2008-06-06;117.393;5.142;30.109;27.372
2008-06-09;116.349;5.221;35.537;32.33
2008-06-10;115.803;5.263;27.328;25.031
2008-06-11;114.656;5.351;27.851;25.805
2008-06-12;114.686;5.348;30.338;28.043
2008-06-13;114.568;5.357;30.92;28.537
2008-06-16;114.953;5.327;31.429;28.852
2008-06-17;115.178;5.31;34.186;31.375
2008-06-18;115.603;5.277;31.587;28.92
2008-06-19;115.228;5.306;30.169;27.642
2008-06-20;115.398;5.292;30.124;27.607
2008-06-23;115.038;5.32;30.151;27.72
2008-06-24;114.475;5.364;32.812;30.341
2008-06-25;114.501;5.361;30.741;28.42
2008-06-26;114.892;5.331;35.51;32.783
2008-06-27;114.104;5.392;33.76;31.394
2008-06-30;113.527;5.437;36.16;33.618
2008-07-01;113.468;5.442;37.493;34.853
2008-07-02;113.547;5.435;33.048;30.663
2008-07-03;114.092;5.392;35.111;32.601
2008-07-04;114.346;5.373;36.101;33.468
2008-07-07;115.097;5.314;36.759;33.987
2008-07-08;115.19;5.307;31.99;29.57
2008-07-09;115.603;5.275;30.891;28.468
2008-07-10;115.581;5.276;28.644;26.4
2008-07-11;115.503;5.282;25.705;23.707
2008-07-14;115.579;5.276;33.767;31.125
2008-07-15;115.374;5.292;33.169;30.644
2008-07-16;115.665;5.269;30.428;28.038
2008-07-17;115.357;5.293;26.988;24.901
2008-07-18;114.3;5.375;33.11;30.65
2008-07-21;114.211;5.382;30.076;27.804
2008-07-22;114.16;5.386;30.087;27.806
2008-07-23;114.095;5.39;30.213;27.965
2008-07-24;114.706;5.343;30.395;28.111
2008-07-25;114.102;5.39;29.088;27.003
2008-07-28;115.008;5.319;27.163;25.122
2008-07-29;115.554;5.277;27.64;25.489
2008-07-30;116.188;5.228;28.909;26.562
2008-07-31;116.793;5.182;28.647;26.225
2008-08-01;116.613;5.195;30.418;27.892
2008-08-04;116.939;5.17;26.186;23.971
2008-08-05;117.152;5.154;27.094;24.776
2008-08-06;116.963;5.168;25.987;23.811
2008-08-07;117.193;5.151;25.775;23.729
2008-08-08;117.009;5.164;25.234;23.285
2008-08-11;117.065;5.16;22.842;21.054
2008-08-12;117.532;5.125;24.78;22.783
2008-08-13;117.484;5.128;24.3;22.371
2008-08-14;117.485;5.128;28.989;26.666
2008-08-15;117.704;5.111;31.902;29.306
2008-08-18;117.97;5.091;30.642;28.104
2008-08-19;117.431;5.132;30.515;28.063
2008-08-20;118.097;5.081;29.649;27.158
2008-08-21;117.555;5.122;28.475;26.146
2008-08-22;117.452;5.129;28.686;26.271
2008-08-25;118.114;5.08;31.428;28.703
2008-08-26;117.918;5.094;31.625;28.949
2008-08-27;117.466;5.128;32.756;30.014
2008-08-28;117.925;5.093;33.863;30.85
2008-08-29;118.021;5.086;35.837;32.605
2008-09-01;118.444;5.054;36.19;32.892
2008-09-02;118.337;5.062;35.26;32.081
2008-09-03;117.883;5.096;36.765;33.555
2008-09-04;118.39;5.058;38.682;35.222
2008-09-05;118.322;5.063;36.096;32.929
2008-09-08;117.839;5.099;39.773;36.359
2008-09-09;118.068;5.081;37.302;34.096
2008-09-10;117.833;5.099;36.62;33.506
2008-09-11;117.26;5.142;38.759;35.604
2008-09-12;116.197;5.223;36.978;34.2
2008-09-15;116.376;5.209;36.18;33.414
2008-09-16;117.656;5.112;35.009;31.973
2008-09-17;117.03;5.159;32.273;29.62
2008-09-18;115.966;5.24;31.651;29.213
2008-09-19;115.107;5.306;28.995;26.894
2008-09-22;114.359;5.365;34.019;31.708
2008-09-23;114.519;5.352;34.046;31.723
2008-09-24;115.892;5.245;30.408;28.07
2008-09-25;115.638;5.264;31.811;29.39
2008-09-26;116.056;5.232;36.428;33.589
2008-09-29;116.579;5.192;50.933;46.698
2008-09-30;116.347;5.21;54.927;50.281
2008-10-01;117.167;5.147;51.044;46.441
2008-10-02;118.455;5.05;59.761;53.862
2008-10-03;118.862;5.019;50.506;45.516
2008-10-06;120.85;4.873;53.235;47.409
2008-10-07;121.415;4.832;61.566;54.415
2008-10-08;120.794;4.877;49.703;44.207
2008-10-09;119.49;4.972;52.463;47.03
2008-10-10;116.557;5.192;51.666;47.414
2008-10-13;116.254;5.216;52.456;48.174
2008-10-14;116.32;5.21;47.573;43.777
2008-10-15;115.828;5.248;51.047;47.196
2008-10-16;115.916;5.241;49.692;46.084
2008-10-17;116.953;5.162;42.338;39.052
2008-10-20;117.038;5.155;43.318;40.004
2008-10-21;117.562;5.115;51.43;47.361
2008-10-22;118.612;5.036;53.685;49.166
2008-10-23;118.875;5.016;72.92;66.16
2008-10-24;118.527;5.042;69.625;63.358
2008-10-27;118.261;5.062;63.931;58.471
2008-10-28;118.106;5.073;73.858;67.466
2008-10-29;116.287;5.211;90.535;83.649
2008-10-30;116.254;5.214;90.587;83.709
2008-10-31;112.921;5.475;94.759;89.565
2008-11-03;114.352;5.362;93.435;87.516
2008-11-04;115.654;5.26;81.27;75.572
2008-11-05;116.235;5.215;77.111;71.63
2008-11-06;117.017;5.155;79.516;73.605
2008-11-07;117.644;5.107;82.632;76.147
2008-11-10;117.83;5.093;82.919;76.483
2008-11-11;117.169;5.143;85.003;78.874
2008-11-12;116.858;5.166;92.092;85.615
2008-11-13;115.782;5.249;92.323;86.521
2008-11-14;115.903;5.239;90.007;84.268
2008-11-17;115.909;5.238;92.114;86.252
2008-11-18;115.931;5.237;89.294;83.709
2008-11-19;117.234;5.136;83.392;77.617
2008-11-20;118.538;5.038;97.441;89.616
2008-11-21;118.298;5.056;99.782;91.802
2008-11-24;118.178;5.064;86.033;79.249
2008-11-25;119.037;5.0;94.532;86.55
2008-11-26;119.635;4.955;97.919;89.38
2008-11-27;118.331;5.052;109.928;101.062
2008-11-28;117.915;5.084;111.933;103.085
2008-12-01;117.7;5.1;129.003;118.735
2008-12-02;118.712;5.023;145.849;132.984
2008-12-03;119.618;4.955;;
2008-12-04;117.146;5.141;160.54;147.378
2008-12-05;117.095;5.145;161.839;148.799
2008-12-08;115.675;5.254;155.054;143.395
2008-12-09;116.2;5.213;141.944;131.263
2008-12-10;116.087;5.222;128.676;119.696
2008-12-11;115.799;5.244;129.179;120.51
2008-12-12;114.275;5.363;130.525;123.043
2008-12-15;114.671;5.332;135.398;127.466
2008-12-16;115.896;5.236;129.451;120.917
2008-12-17;116.869;5.161;135.716;126.166
2008-12-18;117.705;5.097;129.431;119.724
2008-12-19;116.437;5.194;132.906;123.966
2008-12-22;116.962;5.153;139.709;129.896
2008-12-23;116.942;5.154;135.504;125.977
2008-12-24;116.99;5.15;135.107;125.65
2008-12-25;116.798;5.165;136.513;127.086
2008-12-26;116.798;5.165;136.512;127.086
2008-12-29;116.758;5.168;146.142;135.981
2008-12-30;116.497;5.188;140.893;131.298
2008-12-31;116.63;5.177;138.493;129.048
2009-01-01;116.63;5.177;138.5;129.049
2009-01-02;116.92;5.155;139.601;129.849
2009-01-05;117.121;5.139;133.122;123.876
2009-01-06;115.295;5.281;131.115;123.57
2009-01-07;115.184;5.289;127.707;120.853
2009-01-08;115.653;5.252;136.816;129.251
2009-01-09;115.62;5.255;143.61;135.926
2009-01-12;114.889;5.312;148.87;141.702
2009-01-13;114.083;5.375;155.84;149.355
2009-01-14;113.271;5.44;159.743;154.168
2009-01-15;114.31;5.357;153.407;147.015
2009-01-16;113.883;5.391;159.164;153.132
2009-01-19;114.404;5.349;149.428;143.321
2009-01-20;113.772;5.399;156.95;151.219
2009-01-21;112.613;5.492;162.878;158.313
2009-01-22;111.771;5.561;161.676;158.113
2009-01-23;;;167.864;166.836
2009-01-26;109.964;5.71;156.374;154.494
2009-01-27;112.588;5.494;149.28;144.846
2009-01-28;113.611;5.411;148.898;143.38
2009-01-29;115.034;5.298;142.833;135.86
2009-01-30;114.352;5.352;145.549;139.059
2009-02-02;114.813;5.316;142.929;136.188
2009-02-03;114.997;5.301;135.912;129.343
2009-02-04;115.422;5.267;135.607;128.854
2009-02-05;114.768;5.319;135.365;129.457
2009-02-06;114.803;5.316;132.646;126.907
2009-02-09;114.788;5.317;133.867;127.82
2009-02-10;114.355;5.351;147.827;141.528
2009-02-11;114.559;5.334;151.964;145.618
2009-02-12;113.943;5.383;161.588;155.722
2009-02-13;113.142;5.447;162.158;156.983
2009-02-16;113.056;5.454;167.913;162.497
2009-02-17;113.133;5.448;178.884;172.83
2009-02-18;113.282;5.436;169.381;163.799
2009-02-19;113.419;5.425;162.764;157.18
2009-02-20;113.819;5.393;165.592;159.855
2009-02-23;114.464;5.341;157.187;151.174
2009-02-24;113.805;5.393;168.992;162.979
2009-02-25;113.472;5.42;175.325;169.463
2009-02-26;112.257;5.518;174.515;169.86
2009-02-27;112.046;5.535;176.575;172.103
2009-03-02;112.758;5.477;178.22;173.08
2009-03-03;112.348;5.51;177.487;173.086
2009-03-04;111.773;5.557;174.499;170.863
2009-03-05;112.607;5.489;185.182;180.244
2009-03-06;112.52;5.496;;183.93
2009-03-09;113.022;5.455;187.741;182.126
2009-03-10;112.878;5.467;181.583;176.335
2009-03-11;112.439;5.502;181.129;176.309
2009-03-12;112.462;5.5;179.008;174.445
2009-03-13;112.259;5.517;174.112;170.01
2009-03-16;112.301;5.513;172.641;168.49
2009-03-17;112.283;5.515;166.763;162.925
2009-03-18;112.954;5.46;177.465;172.392
2009-03-19;114.574;5.33;158.149;152.427
2009-03-20;115.767;5.236;151.697;145.41
2009-03-23;115.748;5.237;143.69;137.871
2009-03-24;114.357;5.347;146.274;141.446
2009-03-25;114.606;5.327;145.813;140.666
2009-03-26;114.956;5.299;149.937;144.234
2009-03-27;115.882;5.226;142.322;136.632
2009-03-30;115.023;5.294;157.98;152.118
2009-03-31;114.855;5.307;157.656;152.158
2009-04-01;115.126;5.285;155.637;150.111
2009-04-02;115.029;5.293;141.875;136.707
2009-04-03;114.427;5.34;136.565;132.094
2009-04-06;114.623;5.325;137.735;133.05
2009-04-07;114.177;5.36;142.606;138.171
2009-04-08;114.019;5.372;141.02;136.765
2009-04-09;114.089;5.367;141.793;137.424
2009-04-10;114.209;5.357;140.077;135.701
2009-04-13;114.15;5.362;;
2009-04-14;114.601;5.326;141.682;137.095
2009-04-15;114.856;5.305;141.527;136.941
2009-04-16;115.073;5.288;141.443;136.52
2009-04-17;115.072;5.288;136.093;131.296
2009-04-20;115.981;5.216;142.597;136.762
2009-04-21;115.867;5.225;141.811;136.136
2009-04-22;115.771;5.232;142.363;136.467
2009-04-23;116.542;5.172;136.273;129.978
2009-04-24;116.588;5.168;138.534;132.238
2009-04-27;116.59;5.168;140.484;134.217
2009-04-28;117.138;5.125;137.309;130.658
2009-04-29;117.547;5.093;142.492;135.122
2009-04-30;117.622;5.088;135.281;128.364
2009-05-01;117.953;5.062;132.951;125.936
2009-05-04;117.448;5.101;127.67;121.301
2009-05-05;117.938;5.063;131.327;124.315
2009-05-06;117.938;5.063;132.707;125.806
2009-05-07;117.711;5.08;116.737;110.977
2009-05-08;117.699;5.081;;104.632
2009-05-11;117.844;5.069;120.801;114.833
2009-05-12;116.766;5.152;131.666;125.909
2009-05-13;115.815;5.226;139.95;134.775
2009-05-14;115.317;5.266;141.42;136.794
2009-05-15;115.536;5.248;137.614;132.685
2009-05-18;115.552;5.247;140.36;135.507
2009-05-19;115.427;5.256;137.084;132.374
2009-05-20;115.582;5.244;132.32;127.593
2009-05-21;115.641;5.239;127.504;123.258
2009-05-22;115.17;5.276;126.188;122.147
2009-05-25;115.0;5.29;126.723;122.573
2009-05-26;114.732;5.311;126.267;122.375
2009-05-27;114.595;5.321;130.649;126.465
2009-05-28;113.975;5.371;126.669;123.259
2009-05-29;114.5;5.329;130.023;125.968
2009-06-01;113.749;5.389;127.385;124.136
2009-06-02;113.733;5.39;128.672;125.411
2009-06-03;114.856;5.3;129.268;125.083
2009-06-04;113.313;5.424;131.442;128.095
2009-06-05;113.197;5.433;123.916;120.641
2009-06-08;113.81;5.383;129.175;124.894
2009-06-09;113.752;5.388;130.793;126.616
2009-06-10;113.349;5.42;127.395;123.827
2009-06-11;113.074;5.442;129.892;126.453
2009-06-12;113.275;5.426;128.275;124.821
2009-06-15;113.781;5.385;129.675;126.063
2009-06-16;113.638;5.396;131.041;127.57
2009-06-17;113.75;5.387;129.71;126.233
2009-06-18;113.451;5.411;125.999;122.756
2009-06-19;114.069;5.361;124.19;120.858
2009-06-22;114.203;5.35;124.744;121.344
2009-06-23;113.504;5.406;128.274;125.216
2009-06-24;113.888;5.375;128.417;125.182
2009-06-25;114.284;5.343;126.589;123.228
2009-06-26;114.492;5.326;127.896;124.227
2009-06-29;115.014;5.284;125.756;121.881
2009-06-30;115.482;5.247;126.035;121.635
2009-07-01;115.255;5.265;123.601;119.617
2009-07-02;115.951;5.21;123.881;119.48
2009-07-03;115.722;5.228;126.043;121.636
2009-07-06;115.823;5.219;127.184;122.652
2009-07-07;115.196;5.269;131.513;127.382
2009-07-08;115.008;5.284;136.043;131.921
2009-07-09;114.915;5.291;132.289;128.318
2009-07-10;115.04;5.281;133.599;129.401
2009-07-13;115.027;5.282;132.805;128.665
2009-07-14;115.081;5.277;131.136;126.921
2009-07-15;115.197;5.268;124.276;120.126
2009-07-16;115.449;5.248;127.416;123.022
2009-07-17;115.251;5.263;123.423;119.303
2009-07-20;115.643;5.232;123.319;118.933
2009-07-21;116.021;5.202;120.51;116.062
2009-07-22;116.021;5.202;118.447;114.12
2009-07-23;115.63;5.233;117.208;113.093
2009-07-24;115.762;5.222;113.903;109.83
2009-07-27;116.106;5.195;109.094;105.064
2009-07-28;117.233;5.106;104.78;100.25
2009-07-29;117.65;5.074;105.929;101.134
2009-07-30;118.194;5.032;107.154;101.917
2009-07-31;119.366;4.942;106.761;100.846
2009-08-03;119.035;4.967;104.396;98.665
2009-08-04;119.23;4.952;100.973;95.333
2009-08-05;119.989;4.894;97.725;91.74
2009-08-06;120.025;4.891;95.533;89.704
2009-08-07;119.377;4.94;92.858;87.323
2009-08-10;120.215;4.877;92.427;86.489
2009-08-11;120.226;4.876;91.624;85.783
2009-08-12;120.14;4.882;92.549;86.754
2009-08-13;120.039;4.889;95.6;89.75
2009-08-14;120.757;4.835;97.721;91.401
2009-08-17;120.96;4.82;95.065;88.834
2009-08-18;121.057;4.813;94.507;88.236
2009-08-19;121.251;4.798;96.216;89.738
2009-08-20;121.344;4.791;97.88;91.227
2009-08-21;121.396;4.787;92.684;86.268
2009-08-24;120.747;4.835;100.694;94.137
2009-08-25;120.974;4.818;101.879;95.102
2009-08-26;121.441;4.783;101.483;94.492
2009-08-27;121.271;4.795;99.653;92.945
2009-08-28;121.089;4.809;103.214;96.291
2009-08-31;121.06;4.811;102.422;95.653
2009-09-01;120.761;4.833;106.357;99.549
2009-09-02;120.542;4.849;108.69;101.837
2009-09-03;119.804;4.904;109.407;103.056
2009-09-04;119.995;4.89;105.947;99.708
2009-09-07;119.319;4.941;113.577;107.344
2009-09-08;119.22;4.948;109.525;103.675
2009-09-09;118.918;4.971;102.772;97.498
2009-09-10;119.725;4.909;101.872;96.341
2009-09-11;120.838;4.825;101.362;95.111
2009-09-14;120.857;4.824;101.839;95.429
2009-09-15;120.84;4.825;97.639;91.498
2009-09-16;120.863;4.823;94.331;88.372
2009-09-17;120.798;4.828;92.621;86.821
2009-09-18;120.759;4.83;89.878;84.293
2009-09-21;120.434;4.855;89.793;84.454
2009-09-22;120.587;4.843;90.98;85.395
2009-09-23;120.758;4.83;90.633;85.045
2009-09-24;121.401;4.782;89.925;84.132
2009-09-25;122.106;4.729;91.058;84.729
2009-09-28;122.155;4.725;90.733;84.392
2009-09-29;122.818;4.676;87.353;80.942
2009-09-30;122.537;4.697;87.237;81.034
2009-10-01;122.227;4.719;97.894;91.048
2009-10-02;122.757;4.68;96.815;89.649
2009-10-05;122.829;4.675;92.982;86.137
2009-10-06;122.486;4.7;93.926;87.173
2009-10-07;122.905;4.669;96.045;88.885
2009-10-08;122.957;4.665;94.444;87.286
2009-10-09;122.125;4.726;97.182;90.163
2009-10-12;122.248;4.716;98.187;91.119
2009-10-13;121.659;4.76;103.242;96.188
2009-10-14;121.028;4.807;100.424;93.884
2009-10-15;120.162;4.872;101.579;95.384
2009-10-16;120.635;4.836;97.91;91.663
2009-10-19;120.887;4.817;95.751;89.544
2009-10-20;121.55;4.767;94.868;88.462
2009-10-21;120.779;4.824;90.561;84.844
2009-10-22;121.129;4.798;87.94;82.289
2009-10-23;120.612;4.837;86.768;81.422
2009-10-26;120.753;4.826;90.268;84.404
2009-10-27;121.68;4.756;86.836;80.998
2009-10-28;121.931;4.737;90.448;84.199
2009-10-29;121.168;4.794;86.703;81.045
2009-10-30;121.877;4.741;91.052;84.8
2009-11-02;121.749;4.75;89.75;83.671
2009-11-03;121.483;4.77;85.527;79.894
2009-11-04;121.125;4.796;85.576;80.08
2009-11-05;121.119;4.796;84.98;79.476
2009-11-06;120.935;4.81;83.49;78.225
2009-11-09;121.569;4.763;82.622;77.183
2009-11-10;122.124;4.721;81.581;75.937
2009-11-11;122.434;4.698;82.839;76.967
2009-11-12;122.333;4.705;79.479;73.86
2009-11-13;121.875;4.739;80.065;74.691
2009-11-16;122.179;4.716;85.345;79.46
2009-11-17;123.006;4.655;81.857;75.824
2009-11-18;122.969;4.657;81.847;75.836
2009-11-19;123.065;4.65;82.333;76.241
2009-11-20;123.014;4.653;84.091;77.796
2009-11-23;122.659;4.679;84.422;78.244
2009-11-24;122.666;4.679;88.147;81.669
2009-11-25;122.365;4.7;89.677;83.179
2009-11-26;122.353;4.701;95.818;88.903
2009-11-27;122.375;4.699;95.273;88.406
2009-11-30;123.024;4.651;90.025;83.217
2009-12-01;123.369;4.626;92.579;85.366
2009-12-02;123.311;4.629;88.936;82.141
2009-12-03;123.395;4.623;88.827;81.888
2009-12-04;123.317;4.629;84.134;77.556
2009-12-07;123.806;4.593;85.27;78.411
2009-12-08;123.675;4.602;88.193;81.217
2009-12-09;122.95;4.655;91.829;84.981
2009-12-10;122.435;4.692;92.764;86.07
2009-12-11;122.415;4.694;91.873;85.218
2009-12-14;122.856;4.661;90.539;83.724
2009-12-15;122.606;4.679;87.609;81.2
2009-12-16;123.416;4.619;83.351;77.026
2009-12-17;123.972;4.578;87.094;80.114
2009-12-18;124.008;4.576;86.813;79.82
2009-12-21;123.354;4.623;87.252;80.506
2009-12-22;123.374;4.621;82.231;75.893
2009-12-23;122.944;4.652;77.581;71.819
2009-12-24;122.931;4.653;78.599;72.743
2009-12-25;122.943;4.652;78.085;72.271
2009-12-28;122.981;4.649;75.049;69.438
2009-12-29;122.779;4.664;76.283;70.595
2009-12-30;122.267;4.701;79.5;73.747
2009-12-31;122.295;4.699;78.962;73.234
2010-01-01;122.291;4.699;78.099;72.453
2010-01-04;122.749;4.665;75.563;69.896
2010-01-05;122.604;4.676;81.68;75.67
2010-01-06;122.037;4.717;83.365;77.511
2010-01-07;122.295;4.698;83.69;77.718
2010-01-08;122.398;4.69;82.031;76.182
2010-01-11;122.305;4.697;86.218;80.172
2010-01-12;122.359;4.693;87.244;81.135
2010-01-13;121.733;4.739;91.401;85.295
2010-01-14;121.714;4.74;92.266;86.073
2010-01-15;122.183;4.705;91.625;85.253
2010-01-18;122.367;4.691;91.661;85.195
2010-01-19;122.26;4.699;90.674;84.333
2010-01-20;121.956;4.721;95.853;89.313
2010-01-21;121.972;4.72;97.498;90.825
2010-01-22;121.795;4.733;98.294;91.665
2010-01-25;122.145;4.707;96.564;89.902
2010-01-26;122.465;4.683;94.465;87.782
2010-01-27;121.937;4.721;98.529;91.774
2010-01-28;121.37;4.764;102.801;95.983
2010-01-29;121.828;4.729;100.949;94.01
2010-02-01;122.468;4.681;97.303;90.241
2010-02-02;122.472;4.681;97.529;90.478
2010-02-03;122.435;4.683;96.25;89.262
2010-02-04;122.566;4.673;102.612;95.132
2010-02-05;122.656;4.666;109.661;101.445
2010-02-08;122.137;4.705;108.222;100.361
2010-02-09;122.37;4.687;99.485;92.389
2010-02-10;122.587;4.671;95.889;88.873
2010-02-11;122.641;4.666;94.382;87.484
2010-02-12;122.392;4.685;99.367;92.347
2010-02-15;122.245;4.696;97.93;91.127
2010-02-16;122.207;4.698;98.06;91.322
2010-02-17;122.189;4.699;99.645;92.779
2010-02-18;121.757;4.731;100.176;93.495
2010-02-19;121.436;4.755;97.19;90.869
2010-02-22;121.742;4.732;99.168;92.495
2010-02-23;122.53;4.673;101.955;94.725
2010-02-24;122.554;4.671;103.803;96.403
2010-02-25;122.115;4.703;105.942;98.646
2010-02-26;122.447;4.678;104.96;97.527
2010-03-01;122.388;4.683;103.957;96.703
2010-03-02;122.357;4.685;101.689;94.651
2010-03-03;122.277;4.69;99.595;92.762
2010-03-04;122.258;4.691;102.033;95.061
2010-03-05;122.225;4.694;102.432;95.398
2010-03-08;122.379;4.682;99.391;92.551
2010-03-09;122.406;4.68;101.888;94.852
2010-03-10;122.678;4.659;97.444;90.62
2010-03-11;122.529;4.67;97.223;90.41
2010-03-12;122.65;4.661;96.969;90.127
2010-03-15;122.596;4.665;97.954;91.104
2010-03-16;122.725;4.655;100.842;93.711
2010-03-17;122.836;4.646;101.895;94.627
2010-03-18;122.566;4.666;101.465;94.381
2010-03-19;122.403;4.678;105.028;97.7
2010-03-22;122.699;4.656;106.24;98.688
2010-03-23;122.957;4.637;105.771;98.119
2010-03-24;123.036;4.63;102.708;95.251
2010-03-25;123.086;4.626;97.511;90.395
2010-03-26;123.159;4.621;97.433;90.29
2010-03-29;123.167;4.62;97.362;90.239
2010-03-30;123.336;4.607;100.312;92.876
2010-03-31;123.909;4.564;97.737;90.239
2010-04-01;124.283;4.536;95.786;88.215
2010-04-02;124.343;4.532;94.54;87.081
2010-04-05;124.334;4.533;94.608;87.149
2010-04-06;123.79;4.573;93.755;86.553
2010-04-07;123.715;4.578;98.066;90.608
2010-04-08;123.779;4.573;96.54;89.133
2010-04-09;123.573;4.588;95.746;88.487
2010-04-12;123.707;4.578;93.797;86.639
2010-04-13;123.845;4.567;95.304;87.982
2010-04-14;123.644;4.582;98.756;91.301
2010-04-15;123.738;4.575;98.233;90.743
2010-04-16;123.933;4.56;99.125;91.575
2010-04-19;124.039;4.552;99.561;91.888
2010-04-20;123.833;4.567;97.952;90.483
2010-04-21;123.466;4.594;103.385;95.68
2010-04-22;123.054;4.624;107.691;99.82
2010-04-23;122.705;4.65;112.987;104.832
2010-04-26;122.633;4.655;113.446;105.254
2010-04-27;122.495;4.665;127.578;118.241
2010-04-28;121.871;4.712;128.095;119.164
2010-04-29;122.028;4.7;123.632;115.017
2010-04-30;121.866;4.712;126.14;117.533
2010-05-03;122.167;4.689;119.467;111.145
2010-05-04;121.952;4.705;128.93;120.015
2010-05-05;121.431;4.744;142.244;132.674
2010-05-06;119.528;4.89;158.232;148.996
2010-05-07;118.319;4.984;169.62;160.586
2010-05-10;121.503;4.738;129.066;120.665
2010-05-11;121.328;4.751;123.729;115.961
2010-05-12;121.498;4.738;123.891;116.028
2010-05-13;122.047;4.696;118.24;110.494
2010-05-14;121.92;4.705;130.051;121.371
2010-05-17;121.942;4.703;130.412;121.597
2010-05-18;122.041;4.696;139.89;130.312
2010-05-19;122.141;4.688;138.013;128.353
2010-05-20;121.417;4.742;153.785;143.346
2010-05-21;121.485;4.737;156.617;145.737
2010-05-24;121.845;4.709;154.955;143.864
2010-05-25;121.645;4.724;165.777;153.823
2010-05-26;120.982;4.774;165.837;154.591
2010-05-27;120.049;4.846;166.241;155.832
2010-05-28;119.925;4.855;172.15;161.383
2010-05-31;119.815;4.864;171.032;160.505
2010-06-01;119.354;4.899;172.471;162.188
2010-06-02;118.244;4.986;183.636;173.709
2010-06-03;117.604;5.037;183.836;174.658
2010-06-04;117.407;5.052;188.33;179.182
2010-06-07;116.66;5.112;192.851;184.385
2010-06-08;116.027;5.163;;
2010-06-09;117.235;5.065;193.391;184.248
2010-06-10;119.101;4.917;173.88;164.047
2010-06-11;119.431;4.891;176.999;166.726
2010-06-14;118.372;4.974;182.432;172.867
2010-06-15;118.809;4.94;175.392;165.751
2010-06-16;118.505;4.963;177.929;168.557
2010-06-17;118.768;4.942;176.115;166.593
2010-06-18;119.118;4.915;168.372;158.995
2010-06-21;119.473;4.887;163.341;153.964
2010-06-22;119.36;4.896;171.325;161.527
2010-06-23;118.87;4.933;174.694;165.223
2010-06-24;118.711;4.946;179.236;169.641
2010-06-25;118.178;4.988;181.331;172.126
2010-06-28;117.895;5.01;183.222;174.18
2010-06-29;118.139;4.991;184.168;174.881
2010-06-30;118.43;4.967;181.418;171.886
2010-07-01;118.78;4.939;180.638;170.772
2010-07-02;119.462;4.886;174.641;164.593
2010-07-05;119.75;4.863;175.646;165.256
2010-07-06;118.997;4.922;178.645;168.795
2010-07-07;118.94;4.926;177.717;167.956
2010-07-08;119.292;4.898;174.979;165.019
2010-07-09;119.398;4.89;175.4;165.363
2010-07-12;119.293;4.898;182.174;171.861
2010-07-13;118.678;4.946;182.791;173.004
2010-07-14;117.983;5.0;185.332;176.078
2010-07-15;118.04;4.996;183.525;174.346
2010-07-16;118.615;4.95;183.447;173.621
2010-07-19;118.903;4.927;175.381;165.853
2010-07-20;119.558;4.876;172.529;162.522
2010-07-21;119.547;4.876;171.432;161.704
2010-07-22;119.468;4.882;168.613;159.17
2010-07-23;119.714;4.863;164.877;155.27
2010-07-26;120.165;4.828;154.975;145.607
2010-07-27;121.009;4.762;148.674;138.984
2010-07-28;120.604;4.793;152.15;142.68
2010-07-29;120.968;4.765;151.453;141.777
2010-07-30;121.169;4.749;153.481;143.449
2010-08-02;121.447;4.728;147.006;137.313
2010-08-03;122.111;4.677;151.763;141.142
2010-08-04;122.407;4.654;150.579;139.839
2010-08-05;122.889;4.617;152.75;141.314
2010-08-06;123.696;4.557;152.479;140.436
2010-08-09;123.896;4.541;149.053;137.218
2010-08-10;123.139;4.598;155.642;143.83
2010-08-11;123.661;4.558;162.581;149.925
2010-08-12;123.572;4.565;164.75;151.899
2010-08-13;122.947;4.611;174.298;161.105
2010-08-16;123.278;4.586;185.748;170.942
2010-08-17;123.589;4.563;178.473;163.974
2010-08-18;124.378;4.504;175.588;160.659
2010-08-19;124.178;4.518;181.587;166.226
2010-08-20;124.155;4.52;188.201;172.233
2010-08-23;124.329;4.507;184.77;168.9
2010-08-24;124.712;4.478;195.868;178.48
2010-08-25;124.831;4.469;200.305;182.127
2010-08-26;124.729;4.476;;185.249
2010-08-27;124.584;4.487;199.938;181.714
2010-08-30;124.346;4.504;;
2010-08-31;124.383;4.501;;
2010-09-01;124.58;4.486;197.861;179.871
2010-09-02;124.385;4.5;186.719;170.186
2010-09-03;124.131;4.519;176.974;161.663
2010-09-06;123.728;4.549;183.227;167.703
2010-09-07;123.747;4.547;190.89;174.659
2010-09-08;123.834;4.54;189.017;172.691
2010-09-09;123.858;4.538;183.403;167.556
2010-09-10;123.043;4.599;181.45;166.639
2010-09-13;122.332;4.653;181.995;167.887
2010-09-14;122.554;4.636;185.511;170.975
2010-09-15;122.212;4.661;180.578;166.794
2010-09-16;121.639;4.705;176.236;163.479
2010-09-17;121.637;4.705;179.917;166.848
2010-09-20;121.009;4.753;181.653;168.884
2010-09-21;121.583;4.709;179.241;166.102
2010-09-22;122.298;4.654;184.724;170.562
2010-09-23;122.439;4.643;186.621;172.17
2010-09-24;122.157;4.664;184.454;170.38
2010-09-27;122.587;4.631;189.845;174.84
2010-09-28;122.413;4.644;193.947;178.649
2010-09-29;122.377;4.646;193.962;178.654
2010-09-30;123.006;4.599;188.768;173.11
2010-10-01;123.107;4.591;186.448;170.955
2010-10-04;123.527;4.559;187.624;171.592
2010-10-05;123.616;4.552;182.298;166.773
2010-10-06;124.188;4.509;182.282;166.279
2010-10-07;123.771;4.54;180.312;164.944
2010-10-08;124.228;4.505;178.625;162.975
2010-10-11;124.349;4.496;177.624;161.978
2010-10-12;124.668;4.472;176.154;160.082
2010-10-13;124.352;4.495;177.147;161.613
2010-10-14;124.727;4.467;171.08;155.781
2010-10-15;124.581;4.478;165.498;150.906
2010-10-18;124.68;4.47;161.445;147.128
2010-10-19;124.336;4.496;160.616;146.624
2010-10-20;124.324;4.496;159.509;145.501
2010-10-21;123.695;4.543;160.103;146.354
2010-10-22;123.594;4.55;164.353;150.229
2010-10-25;124.2;4.505;160.742;146.49
2010-10-26;124.022;4.518;158.445;144.451
2010-10-27;122.773;4.612;162.323;149.033
2010-10-28;122.639;4.622;164.365;150.981
2010-10-29;122.444;4.636;170.63;156.861
2010-11-01;122.678;4.618;174.793;160.294
2010-11-02;122.479;4.633;178.899;164.111
2010-11-03;122.838;4.605;177.202;162.261
2010-11-04;121.904;4.676;185.444;170.884
2010-11-05;121.74;4.689;184.037;169.792
2010-11-08;121.078;4.74;188.096;174.17
2010-11-09;121.073;4.74;184.047;170.417
2010-11-10;120.207;4.807;187.874;174.799
2010-11-11;118.542;4.939;;
2010-11-12;119.285;4.879;185.686;173.663
2010-11-15;119.216;4.885;182.951;171.244
2010-11-16;118.694;4.926;178.991;168.156
2010-11-17;118.761;4.92;179.333;168.411
2010-11-18;117.932;4.986;171.822;162.378
2010-11-19;118.539;4.937;171.175;161.098
2010-11-22;119.245;4.881;170.607;159.988
2010-11-23;119.211;4.884;180.244;168.967
2010-11-24;118.403;4.947;173.012;163.078
2010-11-25;117.949;4.984;169.686;160.516
2010-11-26;117.881;4.989;170.0;160.84
2010-11-29;115.353;5.196;;
2010-11-30;114.727;5.248;;
2010-12-01;116.492;5.101;170.989;163.239
2010-12-02;117.879;4.988;157.213;148.962
2010-12-03;117.609;5.01;155.402;147.566
2010-12-06;116.508;5.099;164.626;157.416
2010-12-07;116.169;5.127;158.503;151.866
2010-12-08;115.915;5.148;158.332;151.657
2010-12-09;116.406;5.107;161.18;153.773
2010-12-10;116.241;5.12;158.903;151.735
2010-12-13;115.796;5.157;161.096;154.304
2010-12-14;115.706;5.164;153.083;146.777
2010-12-15;115.933;5.145;;143.338
2010-12-16;115.486;5.182;152.072;146.004
2010-12-17;115.225;5.204;159.32;153.175
2010-12-20;115.576;5.174;160.326;153.888
2010-12-21;115.176;5.207;163.698;157.43
2010-12-22;115.251;5.201;165.718;159.42
2010-12-23;115.151;5.209;162.96;156.949
2010-12-24;115.162;5.208;162.268;156.325
2010-12-27;115.178;5.206;159.26;153.422
2010-12-28;115.348;5.192;158.778;152.728
2010-12-29;114.207;5.287;167.945;162.741
2010-12-30;114.286;5.281;171.943;166.506
2010-12-31;114.255;5.283;172.958;167.381
2011-01-03;115.175;5.206;172.326;165.98
2011-01-04;115.741;5.158;171.701;164.856
2011-01-05;115.407;5.186;166.098;159.721
2011-01-06;113.783;5.322;184.685;179.101
2011-01-07;113.254;5.367;192.908;187.618
2011-01-10;112.64;5.42;195.904;191.289
2011-01-11;112.837;5.403;191.929;187.225
2011-01-12;112.808;5.405;179.524;175.178
2011-01-13;114.412;5.268;171.95;165.769
2011-01-14;114.73;5.241;167.501;161.126
2011-01-17;114.21;5.285;172.321;166.276
2011-01-18;113.848;5.316;172.756;166.891
2011-01-19;114.545;5.256;166.396;160.195
2011-01-20;113.903;5.31;163.449;157.927
2011-01-21;114.7;5.243;159.757;153.52
2011-01-24;114.978;5.219;157.322;151.14
2011-01-25;114.133;5.291;166.493;160.757
2011-01-26;113.34;5.358;167.604;162.459
2011-01-27;112.99;5.388;169.654;164.568
2011-01-28;113.575;5.337;167.355;161.8
2011-01-31;113.833;5.315;160.9;155.283
2011-02-01;114.578;5.252;152.161;146.256
2011-02-02;115.545;5.17;141.601;135.342
2011-02-03;114.75;5.237;150.859;145.048
2011-02-04;115.155;5.203;144.03;138.018
2011-02-07;114.13;5.289;153.85;148.306
2011-02-08;113.3;5.36;157.422;152.471
2011-02-09;113.1;5.377;156.452;151.697
2011-02-10;112.96;5.389;157.969;153.325
2011-02-11;112.86;5.397;160.344;155.723
2011-02-14;112.43;5.434;162.137;157.956
2011-02-15;112.84;5.399;159.923;155.433
2011-02-16;113.67;5.327;159.166;153.906
2011-02-17;113.413;5.349;165.443;160.268
2011-02-18;112.873;5.395;163.746;159.103
2011-02-21;112.768;5.404;169.023;164.242
2011-02-22;112.68;5.412;174.567;169.513
2011-02-23;112.31;5.443;178.961;173.992
2011-02-24;112.17;5.455;179.671;174.995
2011-02-25;111.918;5.477;180.257;175.859
2011-02-28;112.038;5.467;179.44;174.954
2011-03-01;112.248;5.448;178.196;173.437
2011-03-02;112.338;5.44;174.328;169.668
2011-03-03;111.44;5.519;171.254;167.227
2011-03-04;111.728;5.493;174.754;170.184
2011-03-07;111.503;5.513;174.876;170.618
2011-03-08;110.31;5.619;181.062;177.968
2011-03-09;110.13;5.634;184.133;181.166
2011-03-10;110.31;5.618;185.774;182.593
2011-03-11;111.26;5.534;180.72;176.649
2011-03-14;112.405;5.433;171.475;166.523
2011-03-15;113.355;5.351;170.705;165.039
2011-03-16;113.415;5.346;174.887;169.12
2011-03-17;112.965;5.384;169.028;163.899
2011-03-18;113.425;5.345;162.959;157.501
2011-03-21;113.135;5.369;160.203;155.102
2011-03-22;112.44;5.43;164.309;159.729
2011-03-23;112.395;5.433;168.384;163.694
2011-03-24;112.4;5.433;162.18;157.792
2011-03-25;112.315;5.44;161.238;156.879
2011-03-28;112.21;5.449;162.3;157.995
2011-03-29;112.25;5.445;156.608;152.346
2011-03-30;112.263;5.444;157.891;153.562
2011-03-31;111.77;5.487;159.853;155.833
2011-04-01;112.033;5.464;155.727;151.591
2011-04-04;112.523;5.421;152.297;147.899
2011-04-05;112.503;5.423;150.456;146.098
2011-04-06;112.798;5.397;143.36;139.019
2011-04-07;112.615;5.413;146.827;142.548
2011-04-08;112.64;5.41;140.437;136.254
2011-04-11;113.228;5.359;134.32;129.89
2011-04-12;113.82;5.308;133.404;128.62
2011-04-13;113.516;5.334;139.289;134.519
2011-04-14;113.011;5.377;140.934;136.511
2011-04-15;112.788;5.397;147.473;142.949
2011-04-18;112.388;5.431;161.229;156.701
2011-04-19;112.776;5.397;154.87;150.037
2011-04-20;112.85;5.391;153.042;148.182
2011-04-21;112.788;5.396;156.07;151.323
2011-04-22;112.789;5.396;156.486;151.671
2011-04-25;112.789;5.396;155.817;151.024
2011-04-26;112.246;5.443;162.408;157.943
2011-04-27;112.281;5.44;156.668;152.297
2011-04-28;112.731;5.4;156.767;151.982
2011-04-29;113.168;5.362;157.452;152.206
2011-05-02;113.331;5.348;154.781;149.47
2011-05-03;113.328;5.348;153.869;148.523
2011-05-04;113.258;5.354;151.711;146.416
2011-05-05;113.536;5.33;155.384;149.898
2011-05-06;113.813;5.306;162.193;156.16
2011-05-09;113.561;5.327;167.155;161.172
2011-05-10;113.913;5.297;162.589;156.492
2011-05-11;114.181;5.273;161.329;155.149
2011-05-12;114.533;5.243;154.391;148.232
2011-05-13;114.281;5.265;161.654;155.398
2011-05-16;114.435;5.251;158.309;152.008
2011-05-17;114.286;5.264;159.655;153.45
2011-05-18;114.051;5.284;159.792;153.792
2011-05-19;113.938;5.293;161.078;155.107
2011-05-20;113.658;5.317;168.334;162.411
2011-05-23;113.416;5.338;175.014;169.147
2011-05-24;113.861;5.299;167.755;161.791
2011-05-25;114.431;5.25;163.456;157.158
2011-05-26;114.666;5.23;166.671;160.064
2011-05-27;114.401;5.252;168.997;162.607
2011-05-30;113.741;5.309;175.365;169.221
2011-05-31;113.989;5.287;169.775;163.637
2011-06-01;114.476;5.245;167.773;161.397
2011-06-02;114.846;5.213;160.643;154.168
2011-06-03;115.291;5.175;156.863;150.091
2011-06-06;114.776;5.219;163.413;156.798
2011-06-07;113.884;5.295;165.134;159.236
2011-06-08;113.666;5.314;170.05;164.261
2011-06-09;113.301;5.345;174.781;169.285
2011-06-10;113.481;5.329;180.695;174.902
2011-06-13;113.536;5.325;179.476;173.674
2011-06-14;113.828;5.299;169.949;164.291
2011-06-15;113.116;5.361;179.775;174.648
2011-06-16;112.773;5.39;178.578;174.043
2011-06-17;113.181;5.355;173.953;168.991
2011-06-20;112.601;5.405;176.858;172.424
2011-06-21;112.938;5.376;171.221;166.638
2011-06-22;112.336;5.428;178.941;174.804
2011-06-23;111.715;5.483;189.861;186.172
2011-06-24;111.253;5.524;195.307;192.013
2011-06-27;111.143;5.533;188.976;186.05
2011-06-28;111.043;5.542;184.668;181.891
2011-06-29;111.433;5.507;178.385;175.195
2011-06-30;112.095;5.448;173.394;169.512
2011-07-01;112.388;5.422;172.523;168.198
2011-07-04;112.008;5.456;177.596;173.342
2011-07-05;111.197;5.528;186.025;182.397
2011-07-06;109.663;5.665;202.898;200.765
2011-07-07;109.205;5.707;201.516;200.054
2011-07-08;108.25;5.795;219.089;218.74
2011-07-11;104.913;6.111;260.352;264.962
2011-07-12;106.003;6.006;249.101;251.722
2011-07-13;105.973;6.009;246.508;249.366
2011-07-14;104.838;6.118;255.043;259.943
2011-07-15;103.768;6.223;269.208;275.941
2011-07-18;102.19;6.38;284.408;294.002
2011-07-19;104.283;6.172;264.541;270.297
2011-07-20;105.445;6.059;244.564;248.512
2011-07-21;107.203;5.892;222.152;223.444
2011-07-22;106.908;5.92;229.768;231.357
2011-07-25;104.213;6.179;255.041;261.021
2011-07-26;104.843;6.117;253.39;258.257
2011-07-27;103.6;6.239;267.42;274.649
2011-07-28;103.08;6.29;271.15;279.495
2011-07-29;102.99;6.299;274.63;283.403
2011-08-01;101.925;6.406;284.78;295.942
2011-08-02;100.833;6.517;299.58;313.221
2011-08-03;101.558;6.443;291.4;303.277
2011-08-04;100.423;6.559;308.63;324.098
2011-08-05;101.723;6.426;281.718;293.735
2011-08-08;106.413;5.966;267.949;271.222
2011-08-09;106.735;5.935;260.594;263.43
2011-08-10;106.725;5.936;279.016;281.74
2011-08-11;106.173;5.988;271.705;275.719
2011-08-12;106.5;5.957;268.241;271.517
2011-08-15;107.148;5.896;260.912;263.175
2011-08-16;107.253;5.886;264.728;266.8
2011-08-17;108.835;5.738;259.865;259.231
2011-08-18;108.288;5.788;275.305;275.349
2011-08-19;108.137;5.802;275.768;275.797
2011-08-22;108.013;5.814;275.474;275.637
2011-08-23;107.01;5.908;281.798;283.586
2011-08-24;106.018;6.002;281.625;285.12
2011-08-25;105.885;6.015;280.971;285.35
2011-08-26;105.57;6.045;285.77;290.641
2011-08-29;104.963;6.104;285.208;291.028
2011-08-30;104.648;6.135;294.008;300.56
2011-08-31;103.66;6.232;295.262;303.82
2011-09-01;102.115;6.386;315.257;327.563
2011-09-02;100.803;6.52;329.873;346.105
2011-09-05;98.602;6.75;353.217;375.44
2011-09-06;99.29;6.678;350.093;370.128
2011-09-07;102.258;6.372;326.521;338.495
2011-09-08;102.197;6.378;330.455;343.004
2011-09-09;100.808;6.52;350.939;367.182
2011-09-12;99.508;6.655;366.269;385.661
2011-09-13;99.053;6.703;367.03;387.137
2011-09-14;99.52;6.654;356.543;375.058
2011-09-15;100.208;6.582;348.482;364.948
2011-09-16;101.403;6.459;349.781;363.121
2011-09-19;100.14;6.589;365.488;382.005
2011-09-20;99.393;6.667;372.752;391.126
2011-09-21;99.08;6.7;376.57;395.6
2011-09-22;99.81;6.624;380.547;397.171
2011-09-23;99.84;6.62;376.969;393.262
2011-09-26;99.822;6.622;375.354;391.721
2011-09-27;100.548;6.547;358.773;373.166
2011-09-28;100.045;6.599;356.363;371.759
2011-09-29;100.503;6.551;352.384;366.954
2011-09-30;100.36;6.566;362.338;377.276
2011-10-03;99.925;6.612;373.778;390.27
2011-10-04;100.033;6.6;373.652;389.726
2011-10-05;99.743;6.631;364.401;381.407
2011-10-06;100.345;6.568;354.448;369.453
2011-10-07;99.685;6.637;361.027;377.903
2011-10-10;99.463;6.66;355.334;372.556
2011-10-11;99.313;6.676;357.353;375.124
2011-10-12;99.035;6.706;346.562;364.841
2011-10-13;98.322;6.782;360.113;380.813
2011-10-14;98.53;6.76;352.325;372.288
2011-10-17;98.573;6.755;364.608;384.857
2011-10-18;98.39;6.775;369.012;389.823
2011-10-19;98.345;6.78;364.184;384.933
2011-10-20;97.768;6.842;373.676;396.229
2011-10-21;99.285;6.68;361.096;378.778
2011-10-24;99.03;6.707;360.145;378.563
2011-10-25;99.385;6.669;362.914;380.859
2011-10-26;99.938;6.611;360.203;376.911
2011-10-27;100.543;6.548;341.339;355.89
2011-10-28;99.35;6.673;350.407;368.528
2011-10-31;98.703;6.742;369.018;389.253
2011-11-01;97.225;6.901;389.601;414.687
2011-11-02;97.23;6.9;385.194;410.288
2011-11-03;97.123;6.912;380.312;406.151
2011-11-04;96.102;7.024;390.897;420.102
2011-11-07;93.01;7.375;417.058;457.42
2011-11-08;91.993;7.494;421.569;465.384
2011-11-09;88.618;7.904;464.118;522.819
2011-11-10;91.102;7.601;438.594;485.877
2011-11-11;93.495;7.319;412.904;450.542
2011-11-14;91.178;7.592;439.354;486.735
2011-11-15;87.878;7.997;459.457;521.294
2011-11-16;88.305;7.943;451.474;510.706
2011-11-17;89.523;7.792;438.869;491.917
2011-11-18;90.588;7.663;424.276;471.989
2011-11-21;90.78;7.64;426.845;474.137
2011-11-22;89.938;7.742;434.371;485.636
2011-11-23;89.365;7.812;436.285;489.43
2011-11-24;88.65;7.901;438.169;494.346
2011-11-25;87.49;8.047;445.165;506.74
2011-11-28;88.065;7.975;436.902;495.345
2011-11-29;88.348;7.939;432.522;489.845
2011-11-30;89.37;7.812;426.557;480.309
2011-12-01;91.84;7.514;414.04;458.003
2011-12-02;91.715;7.529;413.486;457.941
2011-12-05;96.155;7.019;374.243;402.02
2011-12-06;96.637;6.966;374.273;400.327
2011-12-07;95.648;7.076;387.361;416.766
2011-12-08;92.538;7.432;421.271;462.264
2011-12-09;92.838;7.397;411.979;451.681
2011-12-12;91.73;7.528;429.137;473.352
2011-12-13;91.33;7.575;434.618;480.251
2011-12-14;90.813;7.638;445.697;493.533
2011-12-15;91.79;7.521;436.946;480.963
2011-12-16;92.495;7.438;439.723;481.274
2011-12-19;93.975;7.266;423.615;459.456
2011-12-20;96.148;7.02;399.008;427.154
2011-12-21;94.793;7.173;408.449;441.305
2011-12-22;94.968;7.153;407.843;440.574
2011-12-23;94.852;7.166;409.187;442.34
2011-12-26;94.852;7.166;409.161;442.226
2011-12-27;94.9;7.161;413.338;446.641
2011-12-28;94.968;7.153;415.625;448.521
2011-12-29;94.965;7.153;416.482;449.504
2011-12-30;95.02;7.147;416.955;450.22
2012-01-02;96.018;7.035;402.54;431.932
2012-01-03;95.968;7.041;408.0;438.134
2012-01-04;95.568;7.086;408.928;440.483
2012-01-05;94.273;7.233;419.974;456.207
2012-01-06;93.572;7.313;427.02;465.808
2012-01-09;93.185;7.358;431.734;472.068
2012-01-10;92.998;7.38;432.796;473.847
2012-01-11;93.498;7.322;435.155;474.738
2012-01-12;95.523;7.091;422.079;454.278
2012-01-13;95.012;7.149;431.725;466.049
2012-01-16;94.072;7.256;437.397;475.221
2012-01-17;94.658;7.189;428.24;463.61
2012-01-18;94.988;7.152;426.837;460.965
2012-01-19;94.977;7.153;422.085;456.182
2012-01-20;95.94;7.044;409.696;440.501
2012-01-23;97.413;6.881;393.684;419.897
2012-01-24;97.563;6.865;389.339;414.88
2012-01-25;97.593;6.862;393.657;419.29
2012-01-26;98.975;6.712;387.455;409.196
2012-01-27;100.685;6.531;373.792;390.314
2012-01-30;99.943;6.609;386.062;404.582
2012-01-31;100.943;6.504;382.471;398.38
2012-02-01;103.403;6.252;360.874;370.701
2012-02-02;104.125;6.179;356.617;364.698
2012-02-03;103.815;6.21;349.207;358.208
2012-02-06;103.753;6.216;355.273;364.461
2012-02-07;103.83;6.209;348.438;357.321
2012-02-08;103.945;6.197;343.029;351.778
2012-02-09;104.868;6.105;334.025;340.602
2012-02-10;104.223;6.169;347.83;356.052
2012-02-13;104.57;6.134;343.852;351.03
2012-02-14;104.64;6.127;349.079;355.864
2012-02-15;103.56;6.235;359.745;369.171
2012-02-16;103.778;6.213;353.041;361.784
2012-02-17;104.8;6.111;343.258;349.621
2012-02-20;105.678;6.025;335.4;339.764
2012-02-21;106.14;5.98;329.771;333.4
2012-02-22;105.42;6.05;340.808;345.782
2012-02-23;104.863;6.105;347.464;353.561
2012-02-24;105.325;6.059;344.794;349.972
2012-02-27;105.438;6.048;348.051;353.135
2012-02-28;105.938;5.999;344.598;348.584
2012-02-29;107.42;5.855;332.699;333.48
2012-03-01;109.65;5.644;313.503;310.352
2012-03-02;109.935;5.617;316.257;312.585
2012-03-05;109.26;5.68;320.139;317.678
2012-03-06;108.05;5.795;328.526;328.3
2012-03-07;108.805;5.723;323.483;321.899
2012-03-08;109.753;5.634;314.696;311.552
2012-03-09;109.91;5.619;313.258;309.872
2012-03-12;109.62;5.646;316.01;313.163
2012-03-13;109.953;5.615;311.566;308.041
2012-03-14;110.208;5.591;298.055;294.59
2012-03-15;110.32;5.58;298.173;294.126
2012-03-16;110.18;5.593;291.56;288.086
2012-03-19;110.535;5.56;288.38;284.354
2012-03-20;110.24;5.588;293.495;289.827
2012-03-21;109.648;5.642;302.379;299.567
2012-03-22;109.093;5.694;309.769;307.992
2012-03-23;109.218;5.683;311.607;309.532
2012-03-26;109.34;5.671;306.2;304.026
2012-03-27;108.34;5.765;316.631;316.187
2012-03-28;108.438;5.756;317.927;317.303
2012-03-29;107.19;5.875;329.63;331.334
2012-03-30;108.208;5.778;323.141;322.701
2012-04-02;108.363;5.763;321.052;320.425
2012-04-03;107.878;5.809;323.156;323.391
2012-04-04;105.903;6.0;338.841;343.374
2012-04-05;105.303;6.059;347.052;352.975
2012-04-06;;;347.38;353.208
2012-04-09;105.303;6.059;347.393;353.22
2012-04-10;103.29;6.262;366.67;377.397
2012-04-11;104.528;6.137;354.636;362.216
2012-04-12;105.555;6.034;347.218;352.576
2012-04-13;104.523;6.137;357.551;365.275
2012-04-16;104.045;6.185;361.169;370.081
2012-04-17;105.07;6.082;351.456;357.814
2012-04-18;104.94;6.095;356.303;362.896
2012-04-19;103.768;6.213;363.907;373.307
2012-04-20;103.153;6.275;365.345;376.212
2012-04-23;102.623;6.33;370.143;382.328
2012-04-24;103.113;6.279;365.018;376.087
2012-04-25;103.543;6.236;358.167;368.453
2012-04-26;103.578;6.232;361.245;371.542
2012-04-27;103.695;6.22;361.218;371.391
2012-04-30;104.843;6.104;352.195;359.628
2012-05-01;104.697;6.119;355.563;363.783
2012-05-02;104.563;6.132;362.109;370.795
2012-05-03;104.925;6.096;361.491;369.175
2012-05-04;105.315;6.057;362.542;369.312
2012-05-07;105.65;6.024;360.131;366.242
2012-05-08;105.26;6.062;364.182;370.859
2012-05-09;103.91;6.198;374.558;384.186
2012-05-10;104.643;6.124;372.154;379.592
2012-05-11;104.683;6.12;376.674;383.4
2012-05-14;103.065;6.283;388.655;399.573
2012-05-15;102.038;6.389;402.239;415.448
2012-05-16;102.395;6.352;397.642;410.024
2012-05-17;102.633;6.328;398.889;410.356
2012-05-18;102.863;6.304;398.607;409.299
2012-05-21;103.155;6.274;396.192;406.189
2012-05-22;104.565;6.131;385.965;392.275
2012-05-23;103.428;6.246;403.128;411.801
2012-05-24;104.065;6.181;401.352;408.481
2012-05-25;103.323;6.256;408.201;417.233
2012-05-28;102.695;6.321;413.274;423.958
2012-05-29;102.447;6.346;417.836;428.874
2012-05-30;101.358;6.46;436.518;450.006
2012-05-31;101.43;6.452;442.742;455.685
2012-06-01;102.29;6.362;441.789;451.651
2012-06-04;103.685;6.219;432.523;438.393
2012-06-05;103.725;6.215;432.216;437.602
2012-06-06;103.727;6.214;424.629;430.438
2012-06-07;103.288;6.259;414.745;422.605
2012-06-08;102.708;6.319;422.047;431.286
2012-06-11;100.87;6.511;434.938;449.581
2012-06-12;99.615;6.645;436.419;455.526
2012-06-13;98.93;6.719;432.275;453.832
2012-06-14;99.81;6.624;424.75;443.628
2012-06-15;101.29;6.466;425.645;439.394
2012-06-18;99.965;6.607;432.36;450.357
2012-06-19;101.065;6.49;414.622;430.205
2012-06-20;102.038;6.388;402.25;415.063
2012-06-21;102.227;6.368;408.686;420.591
2012-06-22;101.792;6.413;409.491;423.05
2012-06-25;100.2;6.582;421.408;439.596
2012-06-26;99.05;6.706;432.01;454.239
2012-06-27;99.08;6.703;426.325;448.464
2012-06-28;99.068;6.704;427.668;450.123
2012-06-29;101.823;6.41;399.107;413.302
2012-07-02;102.823;6.306;395.618;407.123
2012-07-03;103.535;6.233;391.279;401.875
2012-07-04;102.773;6.311;400.989;413.6
2012-07-05;101.41;6.453;416.177;432.962
2012-07-06;101.293;6.466;419.625;436.979
2012-07-09;100.848;6.513;422.599;441.516
2012-07-10;102.063;6.385;414.152;428.954
2012-07-11;102.952;6.292;411.183;423.344
2012-07-12;102.275;6.362;416.784;431.288
2012-07-13;100.885;6.509;424.686;443.55
2012-07-16;100.133;6.589;430.932;452.223
2012-07-17;100.09;6.593;432.568;453.932
2012-07-18;99.245;6.685;442.807;466.83
2012-07-19;99.9;6.614;436.062;458.207
2012-07-20;98.76;6.738;448.498;474.539
2012-07-23;97.553;6.871;458.146;488.462
2012-07-24;95.44;7.11;467.818;506.237
2012-07-25;96.762;6.96;456.686;489.732
2012-07-26;100.223;6.579;428.223;449.391
2012-07-27;100.6;6.539;419.989;439.844
2012-07-30;100.455;6.554;421.785;442.546
2012-07-31;99.49;6.658;435.579;459.372
2012-08-01;100.678;6.53;421.089;441.526
2012-08-02;97.585;6.868;455.234;485.332
2012-08-03;99.85;6.619;423.086;446.056
2012-08-06;100.98;6.498;417.14;436.32
2012-08-07;101.433;6.45;406.566;424.824
2012-08-08;102.27;6.362;406.041;421.551
2012-08-09;102.44;6.344;406.221;421.376
2012-08-10;101.745;6.417;415.212;432.481
2012-08-13;101.798;6.412;413.762;430.992
2012-08-14;102.065;6.384;406.435;423.031
2012-08-15;103.02;6.284;392.124;406.141
2012-08-16;102.583;6.329;399.261;414.195
2012-08-17;102.735;6.314;401.754;416.336
2012-08-20;102.735;6.314;402.246;417.049
2012-08-21;103.435;6.241;393.522;406.63
2012-08-22;104.213;6.161;392.284;403.164
2012-08-23;104.205;6.162;399.975;410.689
2012-08-24;104.303;6.152;401.191;411.873
2012-08-27;104.318;6.15;400.811;411.441
2012-08-28;103.785;6.205;407.29;419.194
2012-08-29;104.313;6.151;401.03;411.496
2012-08-30;103.8;6.203;409.974;421.783
2012-08-31;103.41;6.243;410.959;424.067
2012-09-03;103.748;6.208;405.137;417.42
2012-09-04;104.387;6.143;399.768;410.502
2012-09-05;105.458;6.035;388.721;396.807
2012-09-06;107.265;5.855;369.396;373.421
2012-09-07;108.795;5.706;356.482;357.206
2012-09-10;107.225;5.859;368.002;372.322
2012-09-11;108.543;5.731;358.107;359.786
2012-09-12;108.91;5.695;351.353;352.273
2012-09-13;108.74;5.711;354.859;355.96
2012-09-14;108.743;5.711;342.84;344.7
2012-09-17;108.135;5.77;351.814;354.478
2012-09-18;108.482;5.736;351.068;352.88
2012-09-19;109.493;5.638;345.893;345.964
2012-09-20;108.97;5.688;355.982;357.111
2012-09-21;108.548;5.729;356.748;359.255
2012-09-24;108.68;5.716;359.283;361.367
2012-09-25;108.305;5.752;360.266;362.872
2012-09-26;107.352;5.845;373.39;377.549
2012-09-27;107.813;5.8;371.342;374.356
2012-09-28;108.055;5.776;369.876;372.566
2012-10-01;108.235;5.759;365.679;368.033
2012-10-02;108.475;5.735;363.04;365.174
2012-10-03;108.398;5.743;364.886;367.126
2012-10-04;108.288;5.753;364.394;367.006
2012-10-05;108.92;5.692;354.846;356.349
2012-10-08;108.875;5.696;360.933;362.144
2012-10-09;108.913;5.693;360.647;361.949
2012-10-10;108.955;5.688;359.362;360.684
2012-10-11;109.913;5.596;352.211;351.607
2012-10-12;110.345;5.555;352.02;350.333
2012-10-15;110.513;5.539;346.925;345.22
2012-10-16;111.108;5.483;337.018;334.375
2012-10-17;112.485;5.354;319.598;314.965
2012-10-18;112.41;5.361;322.839;317.838
2012-10-19;112.553;5.348;324.691;319.213
2012-10-22;112.77;5.328;320.586;314.915
2012-10-23;111.813;5.416;330.319;326.03
2012-10-24;112.055;5.393;329.746;325.139
2012-10-25;112.05;5.394;327.406;323.055
2012-10-26;111.885;5.409;331.931;327.627
2012-10-29;110.887;5.502;342.943;340.232
2012-10-30;111.15;5.478;340.456;337.385
2012-10-31;111.628;5.432;338.049;333.928
2012-11-01;111.855;5.411;338.117;333.472
2012-11-02;111.795;5.416;339.018;334.5
2012-11-05;111.503;5.444;343.358;339.275
2012-11-06;112.428;5.357;335.129;329.582
2012-11-07;112.158;5.382;341.862;336.552
2012-11-08;111.403;5.452;346.909;343.314
2012-11-09;111.57;5.436;348.184;344.126
2012-11-12;111.085;5.482;351.756;348.744
2012-11-13;111.575;5.436;350.008;345.966
2012-11-14;111.415;5.45;350.926;347.207
2012-11-15;111.888;5.406;345.35;340.829
2012-11-16;111.973;5.398;343.797;339.223
2012-11-19;111.885;5.406;345.36;340.904
2012-11-20;112.253;5.371;337.861;332.979
2012-11-21;112.295;5.367;335.754;330.785
2012-11-22;112.725;5.327;332.633;326.913
2012-11-23;112.888;5.312;331.25;325.261
2012-11-26;112.925;5.308;332.291;326.15
2012-11-27;113.335;5.27;328.077;321.352
2012-11-28;114.87;5.13;319.436;310.108
2012-11-29;115.283;5.093;319.725;309.731
2012-11-30;116.068;5.022;313.431;302.396
2012-12-03;116.635;4.972;307.031;295.425
2012-12-04;116.855;4.952;307.381;295.307
2012-12-05;116.263;5.004;315.646;304.079
2012-12-06;114.785;5.136;331.5;322.072
2012-12-07;114.798;5.135;331.472;322.394
2012-12-10;111.76;5.414;353.913;349.99
2012-12-11;113.09;5.29;344.588;338.138
2012-12-12;114.5;5.161;332.398;323.574
2012-12-13;114.83;5.131;328.943;319.644
2012-12-14;115.5;5.07;324.437;314.09
2012-12-17;115.658;5.056;322.54;311.932
2012-12-18;116.813;4.953;312.002;299.914
2012-12-19;117.533;4.889;304.564;291.69
2012-12-20;117.068;4.929;310.355;297.831
2012-12-21;116.568;4.973;316.785;304.748
2012-12-24;116.568;4.973;314.354;302.449
2012-12-25;116.568;4.973;316.383;304.394
2012-12-26;116.568;4.973;316.383;304.393
2012-12-27;116.065;5.017;324.765;312.928
2012-12-28;116.503;4.978;322.385;310.0
2012-12-31;116.503;4.978;321.824;309.496
2013-01-01;116.503;4.978;321.83;309.516
2013-01-02;118.255;4.823;298.509;284.824
2013-01-03;118.235;4.825;294.06;280.651
2013-01-04;118.17;4.83;288.895;275.829
2013-01-07;117.638;4.876;297.167;284.291
2013-01-08;118.105;4.835;296.736;283.121
2013-01-09;118.083;4.837;297.338;283.881
2013-01-10;119.108;4.747;280.73;266.871
2013-01-11;119.283;4.732;275.375;261.339
2013-01-14;118.793;4.774;282.26;268.262
2013-01-15;118.668;4.785;286.01;271.838
2013-01-16;118.955;4.759;286.649;271.929
2013-01-17;118.97;4.758;283.516;268.67
2013-01-18;119.395;4.721;285.295;269.225
2013-01-21;118.945;4.76;287.247;271.748
2013-01-22;119.145;4.742;285.946;270.281
2013-01-23;119.352;4.723;285.327;269.588
2013-01-24;119.638;4.699;279.995;264.35
2013-01-25;120.093;4.659;270.982;254.908
2013-01-28;119.623;4.699;269.681;253.896
2013-01-29;120.138;4.655;266.654;250.303
2013-01-30;119.29;4.727;269.991;254.486
2013-01-31;119.088;4.745;273.608;258.128
2013-02-01;119.115;4.742;272.435;257.265
2013-02-04;117.6;4.874;288.586;274.72
2013-02-05;117.92;4.846;282.38;268.401
2013-02-06;116.428;4.977;294.122;281.809
2013-02-07;116.483;4.972;296.71;284.514
2013-02-08;116.705;4.952;293.182;280.988
2013-02-11;115.453;5.064;301.663;291.197
2013-02-12;116.455;4.974;291.742;280.197
2013-02-13;117.625;4.87;278.052;265.41
2013-02-14;117.785;4.855;278.7;266.049
2013-02-15;118.477;4.795;272.219;258.986
2013-02-18;118.235;4.815;276.104;263.003
2013-02-19;118.218;4.817;276.94;263.815
2013-02-20;117.703;4.861;276.639;264.302
2013-02-21;116.773;4.944;289.959;278.41
2013-02-22;117.143;4.911;288.009;276.213
2013-02-25;116.538;4.964;292.833;281.829
2013-02-26;113.59;5.232;321.316;314.301
2013-02-27;114.225;5.173;317.537;309.378
2013-02-28;115.113;5.092;313.245;303.868
2013-03-01;114.9;5.111;318.651;309.488
2013-03-04;113.34;5.254;329.214;322.494
2013-03-05;113.477;5.242;325.197;318.371
2013-03-06;113.993;5.193;322.392;314.778
2013-03-07;114.405;5.155;315.863;307.648
2013-03-08;114.568;5.14;312.325;303.935
2013-03-11;114.21;5.173;315.741;307.919
2013-03-12;114.533;5.143;316.319;307.944
2013-03-13;114.135;5.179;319.507;311.687
2013-03-14;114.37;5.157;317.928;309.763
2013-03-15;114.64;5.132;317.832;309.182
2013-03-18;114.503;5.145;321.798;313.263
2013-03-19;114.17;5.175;328.743;320.092
2013-03-20;114.875;5.11;319.835;310.201
2013-03-21;115.415;5.061;318.968;308.26
2013-03-22;115.95;5.012;314.319;302.804
2013-03-25;115.225;5.078;322.784;312.4
2013-03-26;115.448;5.057;318.068;307.399
2013-03-27;113.985;5.191;332.545;323.711
2013-03-28;114.35;5.157;328.432;318.971
2013-03-29;114.35;5.157;327.999;318.575
2013-04-01;114.35;5.157;328.002;318.579
2013-04-02;115.25;5.074;323.418;312.976
2013-04-03;115.378;5.062;321.702;311.059
2013-04-04;115.613;5.04;324.974;313.922
2013-04-05;116.848;4.929;320.755;307.367
2013-04-08;117.25;4.893;316.13;302.173
2013-04-09;117.46;4.874;311.291;297.338
2013-04-10;117.753;4.847;305.255;291.303
2013-04-11;117.578;4.863;307.959;294.207
2013-04-12;117.637;4.857;310.493;296.573
2013-04-15;117.62;4.859;312.566;298.646
2013-04-16;117.803;4.842;309.071;294.994
2013-04-17;118.675;4.765;305.457;290.28
2013-04-18;119.128;4.725;304.155;288.353
2013-04-19;119.718;4.673;297.05;280.775
2013-04-22;121.298;4.537;288.873;270.792
2013-04-23;122.598;4.427;279.482;260.28
2013-04-24;121.995;4.477;285.455;266.539
2013-04-25;121.745;4.498;288.858;269.944
2013-04-26;121.917;4.483;289.947;270.641
2013-04-29;123.173;4.377;282.803;262.28
2013-04-30;123.348;4.361;280.142;259.545
2013-05-01;123.318;4.364;281.151;260.501
2013-05-02;124.393;4.274;276.43;254.862
2013-05-03;124.24;4.287;265.81;245.677
2013-05-06;123.745;4.327;267.9;248.311
2013-05-07;124.253;4.285;259.807;240.148
2013-05-08;124.438;4.269;260.759;240.761
2013-05-09;123.633;4.335;267.401;247.904
2013-05-10;123.513;4.345;258.414;239.838
2013-05-13;122.92;4.394;266.502;248.122
2013-05-14;122.408;4.437;269.812;251.857
2013-05-15;122.038;4.468;271.816;254.249
2013-05-16;122.637;4.417;271.555;253.253
2013-05-17;123.195;4.37;268.326;249.583
2013-05-20;123.37;4.355;262.334;243.771
2013-05-21;123.223;4.367;258.657;240.837
2013-05-22;123.55;4.339;258.669;240.167
2013-05-23;122.403;4.435;264.383;246.847
2013-05-24;121.46;4.515;273.181;256.073
2013-05-27;122.56;4.421;261.602;243.919
2013-05-28;122.805;4.4;258.121;240.294
2013-05-29;121.313;4.526;264.781;248.27
2013-05-30;121.8;4.484;262.098;245.058
2013-05-31;121.41;4.517;266.479;249.766
2013-06-03;121.41;4.517;263.45;247.025
2013-06-04;121.608;4.5;260.522;243.982
2013-06-05;121.213;4.533;264.631;248.316
2013-06-06;119.04;4.721;281.551;266.707
2013-06-07;120.703;4.576;268.179;251.395
2013-06-10;119.44;4.686;274.424;258.787
2013-06-11;119.035;4.721;271.072;256.58
2013-06-12;118.695;4.75;275.767;261.523
2013-06-13;119.07;4.717;275.199;260.429
2013-06-14;119.673;4.664;275.316;259.916
2013-06-17;119.888;4.645;273.338;257.829
2013-06-18;119.635;4.667;270.534;255.529
2013-06-19;120.005;4.634;268.391;252.94
2013-06-20;117.9;4.819;272.636;259.388
2013-06-21;117.023;4.898;273.543;261.327
2013-06-24;114.89;5.092;282.445;272.728
2013-06-25;114.352;5.142;289.556;280.575
2013-06-26;115.965;4.993;278.72;268.18
2013-06-27;116.695;4.926;278.819;267.079
2013-06-28;116.865;4.91;276.916;265.056
2013-07-01;117.893;4.818;269.07;256.076
2013-07-02;117.695;4.835;272.046;259.379
2013-07-03;116.885;4.907;280.826;268.764
2013-07-04;117.52;4.85;276.035;263.694
2013-07-05;117.348;4.865;270.409;258.977
2013-07-08;117.44;4.857;270.347;258.942
2013-07-09;117.018;4.895;278.083;266.968
2013-07-10;116.885;4.906;277.984;266.957
2013-07-11;116.533;4.938;283.038;272.168
2013-07-12;116.68;4.924;287.748;276.163
2013-07-15;116.917;4.903;283.725;272.015
2013-07-16;117.115;4.884;285.042;272.99
2013-07-17;116.84;4.909;288.31;276.53
2013-07-18;117.428;4.855;286.262;273.81
2013-07-19;117.458;4.852;285.128;272.658
2013-07-22;117.93;4.81;282.053;268.895
2013-07-23;117.675;4.833;280.55;267.759
2013-07-24;117.868;4.815;271.374;258.739
2013-07-25;117.46;4.851;271.766;259.774
2013-07-26;117.488;4.848;271.61;259.585
2013-07-29;117.095;4.884;275.247;263.508
2013-07-30;117.275;4.867;272.502;260.669
2013-07-31;117.315;4.863;272.508;260.577
2013-08-01;118.04;4.797;266.921;254.22
2013-08-02;118.697;4.739;261.947;248.599
2013-08-05;118.658;4.742;259.845;246.734
2013-08-06;119.088;4.703;254.974;241.566
2013-08-07;119.198;4.693;255.226;241.613
2013-08-08;119.605;4.657;251.863;238.002
2013-08-09;119.675;4.65;252.273;238.26
2013-08-12;120.123;4.611;247.963;233.72
2013-08-13;119.69;4.649;240.743;227.562
2013-08-14;119.943;4.626;236.996;223.717
2013-08-15;119.475;4.667;234.647;222.206
2013-08-16;120.055;4.615;230.412;217.508
2013-08-19;119.383;4.674;233.991;221.657
2013-08-20;119.015;4.707;242.742;230.262
2013-08-21;118.498;4.752;243.734;231.972
2013-08-22;118.82;4.723;235.829;224.096
2013-08-23;118.66;4.737;236.179;224.377
2013-08-26;118.125;4.785;243.924;232.268
2013-08-27;117.583;4.833;253.413;242.008
2013-08-28;118.045;4.791;246.941;235.303
2013-08-29;118.363;4.762;245.292;233.342
2013-08-30;118.203;4.777;246.166;234.416
2013-09-02;118.623;4.739;238.946;227.011
2013-09-03;118.51;4.749;237.224;225.485
2013-09-04;117.78;4.814;242.893;231.726
2013-09-05;116.73;4.909;241.942;232.049
2013-09-06;117.09;4.876;247.614;236.867
2013-09-09;116.898;4.893;247.32;237.08
2013-09-10;116.798;4.902;242.427;232.121
2013-09-11;116.878;4.894;243.667;233.664
2013-09-12;116.84;4.897;248.978;238.834
2013-09-13;116.44;4.934;254.634;244.659
2013-09-16;116.875;4.894;254.538;244.115
2013-09-17;117.47;4.839;247.473;236.698
2013-09-18;117.495;4.836;243.027;232.443
2013-09-19;118.435;4.751;240.465;229.171
2013-09-20;118.363;4.758;238.396;227.281
2013-09-23;118.275;4.765;241.616;230.472
2013-09-24;118.565;4.739;246.014;234.924
2013-09-25;118.815;4.716;246.0;235.036
2013-09-26;117.903;4.798;252.962;242.595
2013-09-27;117.193;4.862;263.102;253.193
2013-09-30;117.153;4.866;263.945;254.256
2013-10-01;118.5;4.743;251.391;239.244
2013-10-02;118.813;4.715;247.133;234.868
2013-10-03;118.845;4.712;246.52;234.277
2013-10-04;119.493;4.654;235.986;223.57
2013-10-07;119.563;4.647;239.143;226.448
2013-10-08;119.203;4.679;241.099;228.647
2013-10-09;118.958;4.7;242.912;230.65
2013-10-10;119.213;4.677;236.195;224.134
2013-10-11;119.73;4.631;233.279;220.835
2013-10-14;119.845;4.621;233.102;220.537
2013-10-15;119.948;4.611;227.293;214.991
2013-10-16;119.893;4.616;226.544;214.295
2013-10-17;120.27;4.582;229.096;216.352
2013-10-18;120.61;4.552;230.241;217.059
2013-10-21;120.375;4.572;231.037;218.079
2013-10-22;121.33;4.488;228.649;214.798
2013-10-23;121.39;4.482;231.434;217.291
2013-10-24;121.17;4.501;232.288;218.22
2013-10-25;120.74;4.539;237.06;223.081
2013-10-28;120.755;4.537;236.886;222.833
2013-10-29;121.255;4.493;234.293;219.845
2013-10-30;120.788;4.533;243.119;228.712
2013-10-31;121.188;4.498;241.451;226.857
2013-11-01;121.77;4.447;234.951;220.228
2013-11-04;121.6;4.461;237.819;223.061
2013-11-05;121.083;4.506;235.325;221.303
2013-11-06;120.753;4.534;237.243;223.604
2013-11-07;121.705;4.451;235.282;220.889
2013-11-08;121.313;4.485;230.836;217.183
2013-11-11;121.378;4.479;230.303;216.65
2013-11-12;121.205;4.494;227.866;214.721
2013-11-13;121.243;4.489;233.124;219.583
2013-11-14;121.848;4.436;232.169;217.906
2013-11-15;121.673;4.451;233.034;218.856
2013-11-18;121.815;4.439;234.141;219.702
2013-11-19;122.05;4.418;228.931;214.544
2013-11-20;121.935;4.427;230.302;216.104
2013-11-21;121.828;4.436;231.007;216.857
2013-11-22;122.003;4.421;229.756;215.369
2013-11-25;121.995;4.421;232.532;217.915
2013-11-26;122.005;4.42;235.615;220.744
2013-11-27;121.903;4.428;232.784;218.299
2013-11-28;121.83;4.434;234.758;220.172
2013-11-29;121.88;4.429;234.64;220.017
2013-12-02;121.852;4.431;230.837;216.53
2013-12-03;121.763;4.439;234.227;219.782
2013-12-04;121.035;4.502;232.024;218.605
2013-12-05;120.36;4.561;234.188;221.345
2013-12-06;120.315;4.565;235.716;222.788
2013-12-09;120.373;4.559;234.379;221.473
2013-12-10;120.94;4.509;231.303;217.898
2013-12-11;121.365;4.471;229.751;215.865
2013-12-12;120.98;4.504;232.75;219.035
2013-12-13;121.17;4.487;233.337;219.338
2013-12-16;121.468;4.461;229.74;215.624
2013-12-17;121.493;4.459;230.732;216.552
2013-12-18;121.415;4.465;228.57;214.574
2013-12-19;121.62;4.446;223.893;210.075
2013-12-20;121.073;4.493;228.656;214.973
2013-12-23;120.453;4.548;231.515;218.384
2013-12-24;120.38;4.554;232.643;219.454
2013-12-25;120.38;4.554;232.388;219.209
2013-12-26;120.38;4.554;232.401;219.223
2013-12-27;120.26;4.564;226.573;213.947
2013-12-30;121.253;4.476;220.977;207.554
2013-12-31;121.275;4.473;220.843;207.356
2014-01-01;121.275;4.473;220.848;207.37
2014-01-02;122.27;4.385;211.059;197.235
2014-01-03;122.835;4.336;206.463;192.443
2014-01-06;122.788;4.34;210.08;195.826
2014-01-07;123.58;4.271;204.993;190.28
2014-01-08;123.518;4.276;201.478;187.096
2014-01-09;123.135;4.308;202.574;188.564
2014-01-10;123.24;4.299;207.353;192.944
2014-01-13;123.465;4.279;207.834;193.206
2014-01-14;123.563;4.271;207.246;192.507
2014-01-15;123.835;4.246;203.663;188.854
2014-01-16;124.05;4.228;205.793;190.666
2014-01-17;124.555;4.184;205.07;189.52
2014-01-20;124.913;4.153;204.276;188.44
2014-01-21;124.26;4.209;210.161;194.473
2014-01-22;124.197;4.213;208.602;193.053
2014-01-23;123.825;4.245;215.894;200.045
2014-01-24;123.232;4.296;224.419;208.513
2014-01-27;123.305;4.289;223.536;207.562
2014-01-28;123.888;4.238;218.256;202.054
2014-01-29;123.998;4.228;219.658;203.231
2014-01-30;124.38;4.195;218.223;201.537
2014-01-31;124.86;4.154;219.026;201.838
2014-02-03;124.858;4.154;219.853;202.56
2014-02-04;124.718;4.165;221.393;204.128
2014-02-05;125.06;4.135;220.166;202.63
2014-02-06;125.108;4.131;214.369;197.222
2014-02-07;125.818;4.07;211.842;194.28
2014-02-10;126.043;4.051;207.837;190.418
2014-02-11;126.1;4.046;207.227;189.822
2014-02-12;125.608;4.086;209.018;191.946
2014-02-13;125.773;4.072;211.65;194.227
2014-02-14;126.113;4.043;207.916;190.467
2014-02-17;126.985;3.97;199.862;182.364
2014-02-18;127.705;3.91;195.497;177.774
2014-02-19;127.32;3.941;199.186;181.48
2014-02-20;126.453;4.013;202.875;185.617
2014-02-21;126.79;3.984;201.805;184.331
2014-02-24;126.588;4.001;201.741;184.447
2014-02-25;126.918;3.973;202.951;185.161
2014-02-26;127.313;3.939;202.843;184.764
2014-02-27;128.088;3.874;201.856;183.131
2014-02-28;128.003;3.881;197.028;178.732
2014-03-03;128.313;3.855;201.194;182.188
2014-03-04;128.762;3.818;193.699;175.114
2014-03-05;129.273;3.775;188.256;169.833
2014-03-06;128.683;3.823;188.923;170.873
2014-03-07;128.863;3.808;185.804;167.874
2014-03-10;129.355;3.767;185.063;166.834
2014-03-11;129.24;3.776;183.742;165.84
2014-03-12;129.038;3.791;189.439;171.119
2014-03-13;128.852;3.806;196.601;177.729
2014-03-14;129.155;3.781;193.393;174.53
2014-03-17;129.425;3.759;188.854;170.243
2014-03-18;129.535;3.749;187.957;169.337
2014-03-19;129.197;3.776;187.833;169.483
2014-03-20;128.848;3.804;186.757;168.696
2014-03-21;129.098;3.783;186.253;167.995
2014-03-24;129.403;3.758;188.796;170.037
2014-03-25;129.658;3.737;188.109;169.246
2014-03-26;130.058;3.703;186.127;167.154
2014-03-27;130.428;3.673;186.134;166.834
2014-03-28;130.447;3.671;185.298;166.033
2014-03-31;130.56;3.661;182.948;163.81
2014-04-01;130.503;3.666;183.191;164.046
2014-04-02;130.23;3.687;180.941;162.254
2014-04-03;130.675;3.65;178.474;159.779
2014-04-04;131.418;3.59;178.51;159.302
2014-04-07;131.038;3.62;182.986;163.562
2014-04-08;130.803;3.639;181.869;162.75
2014-04-09;131.005;3.621;177.864;158.97
2014-04-10;131.332;3.595;181.19;161.674
2014-04-11;130.93;3.626;185.942;166.191
2014-04-14;131.26;3.6;181.279;161.807
2014-04-15;131.97;3.541;180.847;160.892
2014-04-16;131.983;3.539;179.442;159.613
2014-04-17;131.735;3.559;178.692;159.095
2014-04-18;131.735;3.559;175.653;156.439
2014-04-21;131.735;3.559;175.916;156.689
2014-04-22;132.045;3.533;174.421;155.061
2014-04-23;132.148;3.524;174.223;154.749
2014-04-24;131.88;3.545;175.758;156.243
2014-04-25;132.248;3.515;177.629;157.544
2014-04-28;131.935;3.539;179.043;159.058
2014-04-29;131.803;3.549;179.409;159.593
2014-04-30;132.138;3.522;179.327;159.266
2014-05-01;132.09;3.525;179.807;159.674
2014-05-02;132.445;3.497;178.142;157.996
2014-05-05;132.498;3.492;176.137;156.194
2014-05-06;132.985;3.453;172.028;152.169
2014-05-07;132.883;3.46;172.109;152.277
2014-05-08;133.86;3.382;166.76;146.98
2014-05-09;133.293;3.426;169.586;149.949
2014-05-12;133.028;3.447;171.788;152.104
2014-05-13;133.473;3.411;173.883;153.648
2014-05-14;133.883;3.378;176.516;155.665
2014-05-15;131.76;3.546;200.351;178.3
2014-05-16;132.283;3.504;192.756;171.132
2014-05-19;131.203;3.59;199.835;178.303
2014-05-20;129.558;3.724;212.081;190.739
2014-05-21;130.385;3.655;202.981;181.866
2014-05-22;130.068;3.68;207.229;185.936
2014-05-23;131.268;3.582;196.496;175.353
2014-05-26;133.17;3.43;180.722;159.918
2014-05-27;133.017;3.441;185.558;164.28
2014-05-28;133.523;3.4;187.195;165.179
2014-05-29;133.333;3.415;186.967;165.139
2014-05-30;133.368;3.411;185.038;163.433
2014-06-02;133.385;3.41;184.019;162.558
2014-06-03;133.068;3.434;183.091;162.025
2014-06-04;132.81;3.454;182.859;162.052
2014-06-05;133.517;3.397;180.29;159.365
2014-06-06;135.36;3.252;170.762;149.724
2014-06-09;136.238;3.183;161.447;140.989
2014-06-10;135.283;3.257;166.188;145.776
2014-06-11;135.278;3.256;165.728;145.442
2014-06-12;134.603;3.308;170.954;150.545
2014-06-13;134.962;3.28;170.854;150.156
2014-06-16;134.995;3.277;172.669;151.671
2014-06-17;134.42;3.321;173.458;152.743
2014-06-18;133.97;3.355;179.924;158.71
2014-06-19;134.555;3.309;180.853;159.052
2014-06-20;134.238;3.333;180.274;158.815
2014-06-23;134.708;3.296;178.687;157.047
2014-06-24;135.16;3.26;175.206;153.665
2014-06-25;135.55;3.228;177.965;155.691
2014-06-26;135.565;3.227;180.235;157.604
2014-06-27;135.665;3.218;177.718;155.307
2014-06-30;135.638;3.22;179.761;157.113
2014-07-01;135.865;3.202;177.812;155.363
2014-07-02;134.858;3.279;180.419;158.355
2014-07-03;135.423;3.235;174.636;152.937
2014-07-04;135.51;3.227;175.855;153.913
2014-07-07;135.583;3.221;176.301;154.248
2014-07-08;135.24;3.248;183.239;160.521
2014-07-09;134.775;3.283;185.694;163.01
2014-07-10;134.06;3.339;195.183;171.8
2014-07-11;134.685;3.289;189.813;166.605
2014-07-14;134.81;3.279;188.514;165.344
2014-07-15;135.173;3.25;186.519;163.296
2014-07-16;135.585;3.216;185.233;161.793
2014-07-17;135.915;3.19;187.228;163.19
2014-07-18;136.125;3.173;185.897;161.823
2014-07-21;136.048;3.179;187.359;163.115
2014-07-22;136.1;3.174;184.678;160.755
2014-07-23;136.308;3.156;184.129;160.133
2014-07-24;136.523;3.139;178.833;155.41
2014-07-25;136.625;3.131;181.844;157.908
2014-07-28;137.028;3.099;180.389;156.203
2014-07-29;137.508;3.062;180.072;155.508
2014-07-30;136.923;3.106;177.337;153.659
2014-07-31;137.09;3.092;177.128;153.399
2014-08-01;136.345;3.149;184.787;160.546
2014-08-04;137.088;3.091;178.356;154.422
2014-08-05;136.583;3.13;178.674;155.111
2014-08-06;135.965;3.177;190.526;165.734
2014-08-07;135.303;3.228;200.177;174.541
2014-08-08;136.01;3.172;194.698;169.148
2014-08-11;136.295;3.15;191.4;166.135
2014-08-12;136.723;3.116;187.86;162.784
2014-08-13;137.035;3.09;188.105;162.766
2014-08-14;137.345;3.066;187.875;162.279
2014-08-15;138.165;3.002;189.577;162.946
2014-08-18;137.573;3.047;189.015;162.963
2014-08-19;138.005;3.014;187.781;161.547
2014-08-20;138.1;3.005;189.973;163.285
2014-08-21;138.235;2.994;189.007;162.358
2014-08-22;138.517;2.972;188.418;161.61
2014-08-25;139.608;2.889;180.315;153.896
2014-08-26;140.413;2.828;179.807;152.942
2014-08-27;140.615;2.811;181.679;154.274
2014-08-28;139.998;2.857;190.154;161.738
2014-08-29;140.07;2.851;187.881;159.834
2014-09-01;139.875;2.865;189.713;161.509
2014-09-02;139.495;2.893;186.186;159.016
2014-09-03;139.455;2.895;183.571;156.91
2014-09-04;140.522;2.814;171.036;145.862
2014-09-05;141.475;2.742;168.441;142.968
2014-09-08;140.753;2.795;172.661;147.028
2014-09-09;139.905;2.859;172.284;147.393
2014-09-10;139.358;2.899;175.158;150.227
2014-09-11;138.978;2.927;179.267;154.003
2014-09-12;139.425;2.892;171.142;146.767
2014-09-15;139.508;2.886;169.148;145.034
2014-09-16;139.608;2.878;170.287;145.96
2014-09-17;140.288;2.825;164.728;140.806
2014-09-18;140.005;2.845;163.263;139.704
2014-09-19;140.703;2.792;161.698;137.928
2014-09-22;140.59;2.8;164.372;140.243
2014-09-23;140.545;2.803;167.911;143.188
2014-09-24;140.845;2.779;165.917;141.314
2014-09-25;140.885;2.776;168.368;143.38
2014-09-26;140.707;2.788;170.359;145.155
2014-09-29;140.467;2.806;172.432;147.06
2014-09-30;141.26;2.746;167.68;142.565
2014-10-01;141.795;2.704;168.466;142.813
2014-10-02;141.215;2.747;172.854;146.854
2014-10-03;141.395;2.733;168.451;142.986
2014-10-06;141.017;2.761;172.083;146.299
2014-10-07;140.875;2.772;173.088;147.292
2014-10-08;141.045;2.758;171.802;146.082
2014-10-09;141.425;2.728;168.581;143.116
2014-10-10;141.295;2.737;171.002;145.183
2014-10-13;140.973;2.761;174.64;148.45
2014-10-14;141.418;2.727;177.197;150.193
2014-10-15;139.735;2.854;199.699;170.303
2014-10-16;137.46;3.027;207.184;178.531
2014-10-17;138.368;2.956;196.369;168.677
2014-10-20;137.2;3.046;205.461;177.415
2014-10-21;137.97;2.986;196.853;169.468
2014-10-22;137.97;2.985;197.499;170.025
2014-10-23;138.028;2.979;193.612;166.718
2014-10-24;137.905;2.988;196.2;168.963
2014-10-27;137.46;3.023;199.481;172.132
2014-10-28;137.573;3.013;201.823;173.945
2014-10-29;137.91;2.987;198.754;171.053
2014-10-30;138.18;2.964;197.208;169.432
2014-10-31;139.457;2.865;190.338;162.681
2014-11-03;138.755;2.919;196.96;168.841
2014-11-04;138.733;2.92;201.115;172.355
2014-11-05;138.745;2.918;198.385;170.092
2014-11-06;139.073;2.892;195.913;167.728
2014-11-07;139.155;2.885;197.245;168.764
2014-11-10;139.758;2.838;191.898;163.784
2014-11-11;140.068;2.814;189.377;161.352
2014-11-12;139.98;2.82;192.536;164.069
2014-11-13;139.813;2.831;195.558;166.759
2014-11-14;140.045;2.813;194.382;165.576
2014-11-17;140.373;2.787;192.887;163.994
2014-11-18;140.05;2.812;192.866;164.209
2014-11-19;139.93;2.82;187.886;160.105
2014-11-20;140.038;2.81;193.128;164.428
2014-11-21;141.18;2.723;187.303;158.646
2014-11-24;141.46;2.701;185.1;156.576
2014-11-25;141.95;2.664;183.907;155.209
2014-11-26;141.923;2.665;185.387;156.418
2014-11-27;143.498;2.546;177.14;148.33
2014-11-28;143.843;2.52;173.844;145.345
2014-12-01;144.308;2.486;171.184;142.814
2014-12-02;144.275;2.487;164.633;137.471
2014-12-03;144.735;2.453;159.148;132.742
2014-12-04;143.885;2.514;162.968;136.405
2014-12-05;144.93;2.436;152.927;127.459
2014-12-08;145.155;2.419;151.956;126.542
2014-12-09;144.01;2.503;170.132;142.115
2014-12-10;143.38;2.549;176.745;147.997
2014-12-11;143.365;2.548;177.334;148.495
2014-12-12;143.218;2.558;185.765;155.413
2014-12-15;144.045;2.497;179.158;149.362
2014-12-16;143.675;2.523;184.266;153.751
2014-12-17;144.39;2.47;179.067;148.95
2014-12-18;144.635;2.45;172.776;143.693
2014-12-19;144.8;2.437;173.275;144.005
2014-12-22;145.2;2.408;170.058;141.085
2014-12-23;145.213;2.404;169.299;140.458
2014-12-24;145.225;2.402;168.626;139.905
2014-12-25;145.225;2.402;168.523;139.841
2014-12-26;145.225;2.402;167.651;139.06
2014-12-29;144.835;2.43;171.666;142.672
2014-12-30;145.85;2.355;171.618;141.842
2014-12-31;145.828;2.354;170.809;141.209
2015-01-01;145.828;2.354;170.315;140.749
2015-01-02;147.355;2.243;166.105;136.324
2015-01-05;146.14;2.33;175.526;144.769
2015-01-06;146.1;2.333;184.608;151.933
2015-01-07;145.413;2.382;183.985;151.979
2015-01-08;145.975;2.339;176.321;145.429
2015-01-09;145.503;2.373;182.31;150.602
2015-01-12;146.455;2.303;173.681;142.9
2015-01-13;146.34;2.311;177.603;146.148
2015-01-14;147.425;2.232;173.025;141.691
2015-01-15;147.055;2.257;175.857;144.338
2015-01-16;148.19;2.175;167.746;137.053
2015-01-19;148.2;2.173;166.505;136.037
2015-01-20;148.245;2.169;166.432;135.912
2015-01-21;148.118;2.178;156.529;128.019
2015-01-22;150.368;2.016;144.762;117.273
2015-01-23;151.42;1.942;143.627;115.797
2015-01-26;152.587;1.861;134.642;108.048
2015-01-27;152.118;1.892;133.274;107.161
2015-01-28;151.248;1.952;143.226;115.544
2015-01-29;151.063;1.963;140.978;113.784
2015-01-30;151.355;1.942;146.755;118.146
2015-02-02;151.183;1.953;148.202;119.368
2015-02-03;151.718;1.915;139.393;112.118
2015-02-04;152.063;1.891;134.898;108.363
2015-02-05;152.152;1.882;135.36;108.651
2015-02-06;151.582;1.921;139.459;112.2
2015-02-09;150.378;2.005;149.546;120.886
2015-02-10;150.428;2.001;148.977;120.387
2015-02-11;150.198;2.016;152.182;123.08
2015-02-12;150.763;1.974;150.778;121.641
2015-02-13;151.337;1.933;143.524;115.578
2015-02-16;150.803;1.97;146.336;118.122
2015-02-17;150.65;1.98;145.794;117.768
2015-02-18;151.123;1.946;139.289;112.381
2015-02-19;151.295;1.932;137.753;111.085
2015-02-20;151.495;1.918;136.421;109.919
2015-02-23;152.525;1.845;127.084;101.93
2015-02-24;152.808;1.825;127.616;102.298
2015-02-25;153.05;1.808;130.341;104.345
2015-02-26;155.142;1.662;115.845;92.031
2015-02-27;155.655;1.627;107.556;85.32
2015-03-02;155.545;1.634;108.686;86.248
2015-03-03;154.835;1.681;113.082;89.968
2015-03-04;154.865;1.678;109.86;87.384
2015-03-05;156.095;1.593;101.55;80.355
2015-03-06;156.142;1.589;92.887;73.55
2015-03-09;156.813;1.543;87.044;68.758
2015-03-10;158.038;1.461;94.285;73.984
2015-03-11;159.775;1.345;87.411;68.065
2015-03-12;159.815;1.34;84.346;65.677
2015-03-13;159.388;1.368;86.109;67.16
2015-03-16;159.173;1.381;88.273;68.894
2015-03-17;157.91;1.464;99.748;78.166
2015-03-18;156.913;1.53;110.875;87.187
2015-03-19;157.47;1.49;116.31;91.147
2015-03-20;158.288;1.435;107.06;83.669
2015-03-23;156.873;1.528;118.842;93.371
2015-03-24;156.318;1.565;118.983;93.688
2015-03-25;156.195;1.573;119.668;94.289
2015-03-26;156.575;1.545;116.541;91.714
2015-03-27;156.19;1.57;119.216;93.936
2015-03-30;156.707;1.534;114.844;90.304
2015-03-31;157.74;1.464;110.154;86.239
2015-04-01;157.863;1.452;109.152;85.416
2015-04-02;157.535;1.473;107.16;83.994
2015-04-03;157.535;1.473;108.158;84.766
2015-04-06;157.535;1.473;105.709;82.852
2015-04-07;158.353;1.418;101.754;79.528
2015-04-08;158.038;1.438;107.847;84.412
2015-04-09;157.1;1.499;116.208;91.264
2015-04-10;157.403;1.478;113.904;89.355
2015-04-13;157.165;1.493;115.091;90.369
2015-04-14;156.325;1.549;125.613;98.941
2015-04-15;157.06;1.498;123.994;97.317
2015-04-16;155.35;1.612;139.486;110.174
2015-04-17;153.75;1.721;153.38;121.87
2015-04-20;153.587;1.732;154.623;122.944
2015-04-21;153.75;1.72;150.501;119.608
2015-04-22;154.805;1.646;135.866;107.575
2015-04-23;154.775;1.646;136.705;108.274
2015-04-24;154.163;1.687;142.748;113.321
2015-04-27;155.19;1.616;134.768;106.557
2015-04-28;154.983;1.63;134.738;106.69
2015-04-29;152.885;1.772;138.646;110.842
2015-04-30;152.925;1.768;129.758;103.762
2015-05-01;152.933;1.768;132.062;105.567
2015-05-04;152.298;1.811;137.174;109.918
2015-05-05;148.048;2.114;149.522;122.241
2015-05-06;146.405;2.234;154.751;127.529
2015-05-07;148.163;2.103;141.889;116.031
2015-05-08;149.198;2.028;138.777;112.984
2015-05-11;148.033;2.111;148.183;121.199
2015-05-12;146.935;2.191;142.973;117.708
2015-05-13;146.145;2.249;143.746;118.835
2015-05-14;146.548;2.217;140.901;116.315
2015-05-15;147.683;2.133;138.347;113.549
2015-05-18;146.053;2.252;150.399;124.306
2015-05-19;147.17;2.169;145.434;119.592
2015-05-20;146.605;2.21;144.23;118.978
2015-05-21;146.945;2.183;138.656;114.284
2015-05-22;146.832;2.191;142.052;117.083
2015-05-25;146.133;2.242;147.189;121.705
2015-05-26;145.985;2.252;154.283;127.563
2015-05-27;147.048;2.173;144.298;118.825
2015-05-28;146.658;2.2;149.219;122.973
2015-05-29;146.913;2.18;152.089;125.151
2015-06-01;145.26;2.302;165.459;137.075
2015-06-02;143.363;2.445;161.194;134.928
2015-06-03;142.488;2.511;148.733;125.178
2015-06-04;143.017;2.469;149.029;125.104
2015-06-05;141.595;2.578;159.706;134.892
2015-06-08;141.163;2.61;162.831;137.814
2015-06-09;140.575;2.656;152.814;129.865
2015-06-10;140.773;2.64;148.571;126.239
2015-06-11;141.97;2.545;148.918;125.686
2015-06-12;140.455;2.662;165.076;140.135
2015-06-15;138.543;2.813;178.509;152.835
2015-06-16;138.995;2.776;178.764;152.67
2015-06-17;139.563;2.731;173.394;147.772
2015-06-18;139.848;2.706;170.608;145.219
2015-06-19;139.853;2.705;175.204;149.037
2015-06-22;141.513;2.575;161.361;136.29
2015-06-23;141.763;2.555;146.525;123.915
2015-06-24;141.428;2.58;152.14;128.809
2015-06-25;141.835;2.547;146.451;123.841
2015-06-26;141.233;2.593;144.761;122.802
2015-06-29;138.153;2.836;170.739;146.792
2015-06-30;138.985;2.769;177.041;151.483
2015-07-01;139.563;2.722;166.625;142.386
2015-07-02;139.103;2.757;164.943;141.386
2015-07-03;140.22;2.668;162.02;138.09
2015-07-06;138.798;2.78;173.483;148.778
2015-07-07;140.383;2.654;176.466;149.937
2015-07-08;141.073;2.599;169.429;143.487
2015-07-09;141.453;2.568;161.295;136.502
2015-07-10;141.62;2.554;141.344;119.759
2015-07-13;141.578;2.557;141.552;119.944
2015-07-14;142.113;2.515;142.363;120.425
2015-07-15;143.343;2.419;139.949;117.665
2015-07-16;143.46;2.408;137.735;115.729
2015-07-17;144.272;2.346;136.366;114.123
2015-07-20;144.503;2.328;137.256;114.704
2015-07-21;143.885;2.374;140.51;117.769
2015-07-22;144.48;2.328;140.416;117.319
2015-07-23;145.013;2.286;135.904;113.296
2015-07-24;145.313;2.262;139.414;115.984
2015-07-27;145.103;2.278;141.863;118.075
2015-07-28;145.388;2.255;138.162;114.895
2015-07-29;145.207;2.268;135.475;112.787
2015-07-30;146.09;2.2;134.169;111.19
2015-07-31;146.915;2.138;129.39;106.821
2015-08-03;146.813;2.145;131.028;108.227
2015-08-04;146.803;2.145;128.961;106.563
2015-08-05;144.873;2.289;132.649;110.673
2015-08-06;145.52;2.238;132.666;110.31
2015-08-07;145.845;2.213;135.169;112.189
2015-08-10;146.208;2.185;127.68;105.864
2015-08-11;146.948;2.129;129.731;107.121
2015-08-12;146.383;2.171;136.811;113.217
2015-08-13;146.768;2.14;130.799;108.091
2015-08-14;146.428;2.164;129.847;107.465
2015-08-17;147.105;2.113;127.15;104.914
2015-08-18;146.375;2.167;131.502;108.864
2015-08-19;146.443;2.161;133.779;110.695
2015-08-20;146.19;2.178;140.09;115.993
2015-08-21;145.707;2.214;146.587;121.555
2015-08-24;144.995;2.267;148.917;123.875
2015-08-25;143.743;2.362;145.224;121.623
2015-08-26;143.665;2.368;149.646;125.344
2015-08-27;144.323;2.315;140.367;117.29
2015-08-28;144.5;2.301;138.644;115.736
2015-08-31;144.033;2.336;136.782;114.5
2015-09-01;143.59;2.37;139.546;117.056
2015-09-02;143.635;2.366;141.218;118.443
2015-09-03;144.6;2.29;138.54;115.701
2015-09-04;145.128;2.249;139.92;116.496
2015-09-07;144.723;2.279;142.517;118.891
2015-09-08;145.528;2.217;134.997;112.259
2015-09-09;145.688;2.204;130.405;108.416
2015-09-10;145.408;2.223;133.673;111.256
2015-09-11;145.535;2.213;136.886;113.812
2015-09-14;145.413;2.222;136.899;113.912
2015-09-15;145.058;2.248;129.714;108.23
2015-09-16;144.85;2.263;128.514;107.341
2015-09-17;145.023;2.248;126.008;105.138
2015-09-18;146.76;2.116;122.681;101.519
2015-09-21;146.27;2.152;123.713;102.642
2015-09-22;147.14;2.086;125.56;103.711
2015-09-23;147.575;2.053;121.274;99.994
2015-09-24;147.495;2.056;121.619;100.277
2015-09-25;146.8;2.108;121.908;100.885
2015-09-28;147.438;2.059;122.867;101.345
2015-09-29;147.778;2.033;119.826;98.691
2015-09-30;147.558;2.049;121.352;100.072
2015-10-01;147.933;2.019;123.732;101.835
2015-10-02;148.455;1.979;122.868;100.849
2015-10-05;148.08;2.006;118.783;97.73
2015-10-06;147.69;2.035;118.28;97.5
2015-10-07;147.503;2.048;120.518;99.393
2015-10-08;147.88;2.018;117.962;97.123
2015-10-09;148.015;2.007;112.68;92.777
2015-10-12;148.185;1.994;116.121;95.496
2015-10-13;148.358;1.98;113.1;92.983
2015-10-14;148.703;1.954;114.707;94.146
2015-10-15;148.44;1.971;115.84;95.174
2015-10-16;148.89;1.937;112.088;91.936
2015-10-19;149.013;1.927;109.209;89.562
2015-10-20;148.193;1.987;111.042;91.396
2015-10-21;148.95;1.93;110.711;90.79
2015-10-22;150.95;1.781;98.471;80.135
2015-10-23;150.343;1.825;102.582;83.734
2015-10-26;150.305;1.827;105.435;86.056
2015-10-27;151.078;1.769;105.794;86.034
2015-10-28;151.515;1.737;103.14;83.725
2015-10-29;150.56;1.804;100.263;81.731
2015-10-30;150.365;1.818;102.622;83.705
2015-11-02;149.258;1.899;107.688;88.266
2015-11-03;149.15;1.906;106.995;87.795
2015-11-04;149.008;1.916;106.422;87.42
2015-11-05;148.308;1.966;113.013;93.09
2015-11-06;147.025;2.061;116.448;96.476
2015-11-09;147.125;2.053;121.034;100.27
2015-11-10;148.027;1.984;114.907;94.868
2015-11-11;148.7;1.933;109.591;90.227
2015-11-12;149.055;1.905;106.265;87.335
2015-11-13;149.83;1.847;103.726;84.967
2015-11-16;149.668;1.858;106.748;87.489
2015-11-17;149.65;1.858;107.835;88.391
2015-11-18;150.163;1.82;105.652;86.373
2015-11-19;150.408;1.799;106.78;87.177
2015-11-20;150.818;1.768;105.846;86.29
2015-11-23;150.328;1.804;106.88;87.352
2015-11-24;150.47;1.792;105.22;85.908
2015-11-25;151.418;1.722;100.253;81.572
2015-11-26;151.323;1.727;99.987;81.399
2015-11-27;151.675;1.7;97.875;79.551
2015-11-30;151.495;1.713;97.458;79.295
2015-12-01;151.67;1.699;97.328;79.157
2015-12-02;151.973;1.676;95.553;77.642
2015-12-03;148.755;1.911;104.434;85.904
2015-12-04;148.82;1.906;102.619;84.392
2015-12-07;150.153;1.806;100.599;82.231
2015-12-08;150.215;1.8;100.951;82.476
2015-12-09;149.873;1.825;100.608;82.356
2015-12-10;150.017;1.812;101.532;83.047
2015-12-11;150.293;1.791;102.392;83.634
2015-12-14;149.027;1.884;109.481;89.907
2015-12-15;148.535;1.92;106.817;87.916
2015-12-16;148.533;1.92;102.122;84.069
2015-12-17;149.223;1.866;104.054;85.363
2015-12-18;149.957;1.81;103.532;84.62
2015-12-21;149.825;1.819;101.751;83.226
2015-12-22;149.135;1.87;101.319;83.131
2015-12-23;148.823;1.89;100.415;82.514
2015-12-24;148.805;1.891;100.64;82.686
2015-12-25;148.805;1.891;100.666;82.714
2015-12-28;149.17;1.863;105.137;86.186
2015-12-29;148.918;1.881;99.141;81.423
2015-12-30;149.392;1.842;94.036;77.113
2015-12-31;149.392;1.842;;
2016-01-01;149.392;1.842;;
2016-01-04;150.045;1.792;95.705;78.207
2016-01-05;150.565;1.753;94.919;77.436
2016-01-06;150.73;1.74;97.419;79.406
2016-01-07;149.615;1.82;102.715;84.118
2016-01-08;149.888;1.799;103.634;84.754
2016-01-11;149.178;1.851;108.031;88.617
2016-01-12;148.878;1.873;113.214;92.937
2016-01-13;149.712;1.81;108.637;88.847
2016-01-14;149.517;1.822;107.789;88.271
2016-01-15;149.707;1.807;108.599;88.847
2016-01-18;149.673;1.809;108.932;89.152
2016-01-19;149.808;1.798;107.041;87.573
2016-01-20;148.517;1.894;125.681;103.265
2016-01-21;149.513;1.817;120.285;98.488
2016-01-22;149.438;1.822;117.337;96.157
2016-01-25;149.773;1.796;115.821;94.755
2016-01-26;150.46;1.744;112.581;91.836
2016-01-27;150.598;1.733;111.044;90.503
2016-01-28;150.31;1.752;117.297;95.646
2016-01-29;151.42;1.669;115.875;94.037
2016-02-01;150.718;1.72;120.343;97.922
2016-02-02;150.318;1.749;127.155;103.623
2016-02-03;150.96;1.7;126.786;102.987
2016-02-04;149.795;1.785;132.658;108.296
2016-02-05;149.448;1.81;136.487;111.551
2016-02-08;147.938;1.924;156.0;128.109
2016-02-09;147.688;1.942;156.127;128.383
2016-02-10;148.058;1.913;151.954;124.774
2016-02-11;146.973;1.994;165.207;136.147
2016-02-12;147.715;1.936;151.014;124.141
2016-02-15;148.445;1.88;148.52;121.737
2016-02-16;148.23;1.895;147.457;121.014
2016-02-17;148.495;1.874;145.676;119.416
2016-02-18;149.203;1.818;145.491;118.841
2016-02-19;149.108;1.825;146.819;119.964
2016-02-22;149.712;1.779;145.24;118.339
2016-02-23;149.553;1.79;146.234;119.22
2016-02-24;149.485;1.794;149.021;121.449
2016-02-25;149.745;1.772;146.636;119.479
2016-02-26;150.24;1.734;141.555;115.172
2016-02-29;150.832;1.689;141.017;114.482
2016-03-01;151.415;1.645;131.785;106.814
2016-03-02;150.263;1.73;134.468;109.594
2016-03-03;150.635;1.7;135.974;110.665
2016-03-04;149.87;1.756;135.834;110.882
2016-03-07;149.678;1.77;138.132;112.896
2016-03-08;150.17;1.732;137.723;112.283
2016-03-09;150.27;1.724;129.91;105.907
2016-03-10;149.773;1.759;128.054;104.556
2016-03-11;151.465;1.631;116.174;94.223
2016-03-14;151.65;1.617;113.863;92.274
2016-03-15;150.95;1.668;116.986;95.092
2016-03-16;151.44;1.631;114.225;92.643
2016-03-17;152.378;1.559;115.261;93.052
2016-03-18;152.688;1.535;113.831;91.77
2016-03-21;152.803;1.526;109.904;88.609
2016-03-22;152.798;1.525;111.466;89.839
2016-03-23;152.128;1.571;118.101;95.42
2016-03-24;152.17;1.567;118.727;95.875
2016-03-25;152.17;1.567;118.239;95.487
2016-03-28;152.17;1.567;118.864;95.98
2016-03-29;153.01;1.504;115.833;93.167
2016-03-30;153.27;1.484;111.311;89.46
2016-03-31;153.09;1.495;112.536;90.497
2016-04-01;153.135;1.49;114.09;91.694
2016-04-04;152.913;1.506;116.617;93.796
2016-04-05;152.498;1.536;123.618;99.563
2016-04-06;152.365;1.545;122.523;98.78
2016-04-07;151.095;1.637;135.954;110.141
2016-04-08;152.08;1.563;126.272;101.937
2016-04-11;151.608;1.597;129.019;104.389
2016-04-12;151.095;1.634;127.138;103.15
2016-04-13;152.1;1.559;122.728;99.119
2016-04-14;151.365;1.611;124.478;100.851
2016-04-15;151.568;1.595;127.423;103.154
2016-04-18;151.36;1.61;125.733;101.9
2016-04-19;150.392;1.682;132.892;108.135
2016-04-20;150.54;1.67;133.196;108.307
2016-04-21;149.668;1.733;131.468;107.346
2016-04-22;149.503;1.745;133.064;108.766
2016-04-25;148.813;1.797;135.051;110.734
2016-04-26;148.798;1.797;131.272;107.662
2016-04-27;148.913;1.787;131.456;107.78
2016-04-28;149.308;1.755;130.401;106.716
2016-04-29;149.318;1.753;128.785;105.369
2016-05-02;149.538;1.736;127.528;104.205
2016-05-03;149.73;1.72;133.507;108.946
2016-05-04;149.045;1.772;139.161;113.889
2016-05-05;149.03;1.77;143.382;117.297
2016-05-06;148.98;1.773;145.561;119.09
2016-05-09;149.325;1.746;144.661;118.174
2016-05-10;148.758;1.789;149.807;122.637
2016-05-11;149.17;1.756;145.396;118.857
2016-05-12;148.84;1.779;144.925;118.672
2016-05-13;149.19;1.752;145.293;118.736
2016-05-16;149.175;1.752;143.441;117.249
2016-05-17;149.445;1.731;141.697;115.674
2016-05-18;148.933;1.769;142.509;116.62
2016-05-19;148.88;1.771;142.651;116.743
2016-05-20;149.123;1.751;140.982;115.265
2016-05-23;149.05;1.756;139.187;113.878
2016-05-24;149.75;1.702;133.349;108.794
2016-05-25;150.695;1.629;128.343;104.289
2016-05-26;150.418;1.647;131.275;106.799
2016-05-27;150.673;1.627;129.403;105.144
2016-05-30;150.543;1.636;127.02;103.311
2016-05-31;150.618;1.63;129.947;105.621
2016-06-01;150.273;1.655;132.523;107.877
2016-06-02;150.283;1.652;133.578;108.708
2016-06-03;150.815;1.611;134.072;108.817
2016-06-06;150.118;1.663;136.52;111.156
2016-06-07;150.707;1.617;135.21;109.779
2016-06-08;151.188;1.58;130.069;105.408
2016-06-09;151.46;1.557;129.914;105.113
2016-06-10;151.488;1.554;130.992;105.939
2016-06-13;150.578;1.622;137.898;111.964
2016-06-14;149.775;1.682;146.515;119.329
2016-06-15;149.723;1.685;147.526;120.179
2016-06-16;149.168;1.726;154.343;125.989
2016-06-17;149.565;1.694;147.666;120.436
2016-06-20;150.585;1.615;136.369;110.824
2016-06-21;150.462;1.624;136.38;110.902
2016-06-22;150.62;1.611;131.868;107.184
2016-06-23;150.905;1.587;125.4;101.865
2016-06-24;148.993;1.733;155.033;126.702
2016-06-27;149.837;1.667;155.143;126.222
2016-06-28;151.155;1.565;142.73;115.57
2016-06-29;151.723;1.521;139.361;112.568
2016-06-30;153.313;1.399;126.121;101.233
2016-07-01;153.49;1.385;127.256;102.073
2016-07-04;153.2;1.406;134.12;107.666
2016-07-05;152.945;1.424;140.058;112.501
2016-07-06;153.33;1.395;135.898;109.021
2016-07-07;153.223;1.4;135.822;109.007
2016-07-08;153.76;1.359;133.446;106.891
2016-07-11;153.693;1.363;132.244;105.975
2016-07-12;153.405;1.384;126.992;101.961
2016-07-13;153.56;1.371;132.469;106.167
2016-07-14;153.467;1.376;129.053;103.538
2016-07-15;152.97;1.412;128.782;103.565
2016-07-18;153.01;1.408;130.589;104.99
2016-07-19;153.24;1.39;128.568;103.251
2016-07-20;153.28;1.386;125.962;101.199
2016-07-21;153.163;1.392;126.353;101.541
2016-07-22;153.332;1.378;124.908;100.29
2016-07-25;153.29;1.381;126.671;101.699
2016-07-26;153.16;1.39;127.18;102.176
2016-07-27;153.555;1.359;129.633;103.902
2016-07-28;153.635;1.35;129.323;103.569
2016-07-29;154.013;1.321;129.09;103.187
2016-08-01;153.993;1.322;128.064;102.379
2016-08-02;153.653;1.346;123.878;99.235
2016-08-03;153.68;1.343;124.405;99.625
2016-08-04;154.725;1.263;121.057;96.483
2016-08-05;154.84;1.253;116.784;93.094
2016-08-08;155.063;1.236;114.708;91.37
2016-08-09;154.94;1.244;117.77;93.817
2016-08-10;155.555;1.198;116.2;92.294
2016-08-11;155.767;1.179;111.6;88.631
2016-08-12;156.005;1.161;111.059;88.103
2016-08-15;155.72;1.181;109.415;86.92
2016-08-16;154.928;1.239;111.727;89.076
2016-08-17;154.888;1.241;114.266;91.094
2016-08-18;155.388;1.201;112.947;89.825
2016-08-19;154.653;1.255;114.236;91.139
2016-08-22;155.063;1.223;116.747;92.897
2016-08-23;154.828;1.24;119.816;95.394
2016-08-24;154.793;1.241;119.553;95.235
2016-08-25;154.67;1.248;118.945;94.795
2016-08-26;154.653;1.248;118.603;94.558
2016-08-29;154.843;1.233;117.558;93.619
2016-08-30;154.998;1.221;118.362;94.156
2016-08-31;154.443;1.261;120.077;95.772
2016-09-01;154.015;1.29;123.605;98.754
2016-09-02;154.093;1.283;120.363;96.14
2016-09-05;154.235;1.272;120.282;96.035
2016-09-06;155.12;1.205;118.199;94.034
2016-09-07;155.22;1.197;117.382;93.361
2016-09-08;154.198;1.27;120.154;96.02
2016-09-09;152.898;1.367;123.978;99.651
2016-09-12;152.523;1.395;124.965;100.616
2016-09-13;151.953;1.437;127.483;102.908
2016-09-14;152.303;1.41;128.022;103.179
2016-09-15;151.803;1.445;130.36;105.281
2016-09-16;151.75;1.448;132.791;107.213
2016-09-19;152.085;1.422;128.988;104.028
2016-09-20;152.865;1.362;125.788;101.085
2016-09-21;152.435;1.393;127.062;102.298
2016-09-22;153.65;1.298;126.518;101.27
2016-09-23;153.278;1.326;128.491;103.005
2016-09-26;153.593;1.301;128.221;102.638
2016-09-27;153.305;1.322;131.042;105.034
2016-09-28;153.61;1.298;128.919;103.187
2016-09-29;153.19;1.327;130.286;104.489
2016-09-30;153.478;1.304;127.03;101.741
2016-10-03;152.44;1.382;133.481;107.375
2016-10-04;151.9;1.423;134.145;108.189
2016-10-05;151.105;1.483;136.132;110.199
2016-10-06;151.278;1.467;135.889;109.902
2016-10-07;150.683;1.512;136.53;110.72
2016-10-10;150.553;1.521;132.625;107.683
2016-10-11;150.72;1.507;134.709;109.203
2016-10-12;150.207;1.546;135.544;110.166
2016-10-13;150.68;1.507;134.148;108.779
2016-10-14;150.588;1.513;132.424;107.448
2016-10-17;150.343;1.531;135.286;109.866
2016-10-18;150.613;1.509;134.942;109.443
2016-10-19;150.46;1.52;136.716;110.913
2016-10-20;150.638;1.504;137.361;111.315
2016-10-21;150.62;1.504;136.513;110.632
2016-10-24;150.402;1.521;136.683;110.897
2016-10-25;150.41;1.519;136.871;111.017
2016-10-26;149.433;1.595;139.758;113.862
2016-10-27;148.488;1.667;139.936;114.494
2016-10-28;147.813;1.72;146.753;120.358
2016-10-31;147.725;1.726;148.293;121.652
2016-11-01;146.653;1.811;155.143;127.848
2016-11-02;147.665;1.729;149.833;122.94
2016-11-03;147.348;1.752;148.79;122.279
2016-11-04;146.63;1.809;157.477;129.75
2016-11-07;147.168;1.764;150.599;123.827
2016-11-08;147.055;1.773;147.57;121.441
2016-11-09;146.642;1.805;148.715;122.634
2016-11-10;144.753;1.956;156.832;130.411
2016-11-11;143.378;2.069;166.696;139.4
2016-11-14;142.405;2.15;173.192;145.444
2016-11-15;143.837;2.029;160.222;133.682
2016-11-16;142.94;2.103;169.53;142.088
2016-11-17;142.08;2.173;178.433;150.066
2016-11-18;142.048;2.175;178.612;150.238
2016-11-21;142.225;2.159;177.587;149.264
2016-11-22;142.868;2.104;175.952;147.476
2016-11-23;141.728;2.2;184.773;155.604
2016-11-24;141.605;2.208;185.034;155.986
2016-11-25;141.97;2.176;181.247;152.558
2016-11-28;142.24;2.152;182.019;153.019
2016-11-29;143.66;2.033;168.862;141.118
2016-11-30;143.178;2.072;166.777;139.661
2016-12-01;142.2;2.152;165.247;139.211
2016-12-02;143.875;2.011;159.601;133.373
2016-12-05;142.835;2.097;164.941;138.495
2016-12-06;143.285;2.058;154.965;129.896
2016-12-07;144.173;1.983;149.702;124.995
2016-12-08;142.837;2.092;158.241;132.969
2016-12-09;142.195;2.146;163.986;138.262
2016-12-12;142.578;2.113;154.845;130.36
2016-12-13;144.1;1.984;145.941;122.055
2016-12-14;145.06;1.904;142.65;118.747
2016-12-15;144.675;1.933;139.097;116.086
2016-12-16;144.267;1.966;147.216;122.802
2016-12-19;144.988;1.906;146.65;122.037
2016-12-20;144.763;1.923;145.947;121.633
2016-12-21;144.928;1.909;146.278;121.746
2016-12-22;144.538;1.938;146.453;122.135
2016-12-23;144.892;1.908;146.839;122.203
2016-12-26;144.892;1.908;146.003;121.575
2016-12-27;144.528;1.937;150.495;125.506
2016-12-28;144.925;1.903;148.383;123.478
2016-12-29;145.065;1.889;150.752;125.262
2016-12-30;144.655;1.922;151.489;126.233
2017-01-02;145.593;1.844;143.998;119.493
2017-01-03;144.08;1.968;153.054;127.845
2017-01-04;143.995;1.975;153.135;128.014
2017-01-05;143.27;2.033;162.906;136.462
2017-01-06;142.895;2.064;160.246;134.515
2017-01-09;143.613;2.002;156.608;131.051
2017-01-10;143.517;2.01;157.041;131.491
2017-01-11;144.128;1.958;154.346;128.814
2017-01-12;143.71;1.99;159.585;133.529
2017-01-13;143.711;1.989;157.031;131.313
2017-01-16;143.453;2.01;160.191;134.192
2017-01-17;143.397;2.014;160.372;134.298
2017-01-18;142.935;2.052;160.666;134.909
2017-01-19;142.713;2.068;159.035;133.544
2017-01-20;142.331;2.1;157.926;133.033
2017-01-23;142.665;2.071;160.912;135.246
2017-01-24;142.002;2.126;161.936;136.615
2017-01-25;141.162;2.197;164.578;139.349
2017-01-26;139.573;2.333;176.697;150.651
2017-01-27;139.598;2.33;178.419;152.006
2017-01-30;138.397;2.434;190.239;162.89
2017-01-31;139.108;2.371;183.994;157.211
2017-02-01;138.121;2.457;190.224;163.303
2017-02-02;138.95;2.382;186.922;159.454
2017-02-03;138.527;2.418;191.291;163.688
2017-02-06;137.069;2.547;206.51;177.757
2017-02-07;137.201;2.535;206.422;177.614
2017-02-08;138.464;2.422;199.276;170.717
2017-02-09;139.218;2.353;191.298;163.179
2017-02-10;138.025;2.457;200.269;171.661
2017-02-13;138.502;2.414;193.432;165.493
2017-02-14;138.413;2.421;190.579;163.234
2017-02-15;138.26;2.434;193.069;165.423
2017-02-16;139.313;2.339;187.071;159.459
2017-02-17;138.798;2.384;194.667;166.283
2017-02-20;138.805;2.382;193.465;165.306
2017-02-21;138.104;2.444;198.917;170.446
2017-02-22;138.458;2.411;196.167;167.986
2017-02-23;138.194;2.432;203.047;173.811
2017-02-24;138.625;2.393;203.181;173.849
2017-02-27;139.333;2.33;197.307;168.102
2017-02-28;139.973;2.273;191.235;162.524
2017-03-01;139.626;2.303;189.188;161.075
2017-03-02;139.42;2.319;186.018;158.601
2017-03-03;139.908;2.275;176.496;150.122
2017-03-06;139.22;2.335;184.263;157.146
2017-03-07;138.832;2.368;188.941;161.435
2017-03-08;138.123;2.43;192.326;164.86
2017-03-09;137.495;2.484;190.82;164.025
2017-03-10;136.88;2.539;190.695;164.337
2017-03-13;136.846;2.541;193.577;166.806
2017-03-14;137.005;2.526;194.646;167.576
2017-03-15;137.428;2.487;193.353;166.138
2017-03-16;136.688;2.552;197.939;170.635
2017-03-17;136.673;2.552;200.392;172.697
2017-03-20;136.555;2.562;200.374;172.797
2017-03-21;136.91;2.529;195.679;168.443
2017-03-22;137.544;2.471;193.78;166.289
2017-03-23;137.51;2.472;192.107;164.888
2017-03-24;138.088;2.42;188.669;161.486
2017-03-27;138.467;2.385;187.819;160.479
2017-03-28;139.001;2.337;183.199;156.192
2017-03-29;139.224;2.316;184.168;156.856
2017-03-30;139.046;2.329;186.35;158.88
2017-03-31;138.941;2.338;187.236;159.712
2017-04-03;138.823;2.348;192.206;163.841
2017-04-04;139.325;2.302;187.158;159.381
2017-04-05;139.51;2.285;185.193;157.617
2017-04-06;139.527;2.281;184.099;156.67
2017-04-07;140.149;2.225;181.227;153.63
2017-04-10;139.909;2.246;184.546;156.743
2017-04-11;139.427;2.288;189.309;161.122
2017-04-12;139.104;2.312;192.524;164.043
2017-04-13;138.854;2.334;196.862;167.903
2017-04-14;138.854;2.334;;
2017-04-17;138.854;2.334;197.804;168.586
2017-04-18;139.408;2.284;195.52;166.249
2017-04-19;139.179;2.303;194.11;165.257
2017-04-20;139.271;2.293;188.074;160.119
2017-04-21;139.337;2.286;184.384;156.981
2017-04-24;140.263;2.203;172.361;146.122
2017-04-25;139.431;2.276;175.275;149.225
2017-04-26;138.882;2.324;181.59;154.97
2017-04-27;139.493;2.266;179.889;153.088
2017-04-28;139.031;2.307;181.879;155.119
2017-05-01;139.031;2.307;182.282;155.464
2017-05-02;138.81;2.326;183.358;156.573
2017-05-03;139.325;2.279;179.251;152.755
2017-05-04;139.471;2.264;171.356;145.971
2017-05-05;140.37;2.183;161.435;136.963
2017-05-08;139.521;2.257;169.721;144.599
2017-05-09;139.075;2.296;173.614;148.138
2017-05-10;139.392;2.267;172.865;147.29
2017-05-11;138.905;2.308;177.079;151.181
2017-05-12;139.326;2.27;176.648;150.519
2017-05-15;139.06;2.293;176.714;150.821
2017-05-16;139.529;2.25;170.753;145.439
2017-05-17;140.423;2.17;166.388;141.152
2017-05-18;140.455;2.165;168.352;142.765
2017-05-19;140.557;2.155;164.881;139.785
2017-05-22;140.51;2.158;162.104;137.497
2017-05-23;140.674;2.143;158.677;134.516
2017-05-24;140.503;2.157;160.106;135.843
2017-05-25;140.805;2.128;160.192;135.705
2017-05-26;140.969;2.112;161.663;136.826
2017-05-29;140.041;2.194;172.126;146.18
2017-05-30;139.98;2.198;173.305;147.017
2017-05-31;139.746;2.218;174.558;148.498
2017-06-01;139.187;2.266;178.446;152.218
2017-06-02;139.008;2.281;181.649;155.027
2017-06-05;138.848;2.295;182.785;156.11
2017-06-06;139.141;2.268;182.04;155.263
2017-06-07;138.564;2.319;187.17;160.047
2017-06-08;139.976;2.19;174.502;148.309
2017-06-09;140.87;2.109;165.46;140.145
2017-06-12;141.694;2.036;159.169;134.329
2017-06-13;142.135;1.996;152.308;128.346
2017-06-14;142.551;1.959;152.866;128.69
2017-06-15;142.193;1.988;152.71;128.391
2017-06-16;141.911;2.011;155.117;130.481
2017-06-19;142.328;1.974;150.942;127.072
2017-06-20;142.829;1.929;148.508;124.753
2017-06-21;142.907;1.922;147.748;124.227
2017-06-22;142.754;1.932;151.303;127.059
2017-06-23;142.543;1.95;151.883;127.663
2017-06-26;142.847;1.922;149.22;125.237
2017-06-27;140.928;2.09;154.829;130.989
2017-06-28;141.239;2.062;154.428;130.525
2017-06-29;139.818;2.186;159.834;135.753
2017-06-30;139.637;2.201;159.622;135.957
2017-07-03;139.842;2.182;156.889;133.568
2017-07-04;140.171;2.152;151.709;129.008
2017-07-05;139.8;2.184;155.434;132.371
2017-07-06;138.512;2.298;160.373;137.421
2017-07-07;137.673;2.374;167.21;143.813
2017-07-10;138.433;2.304;163.149;139.767
2017-07-11;137.911;2.351;167.82;144.085
2017-07-12;138.644;2.283;164.061;140.51
2017-07-13;137.884;2.35;169.236;145.304
2017-07-14;138.267;2.314;165.723;142.003
2017-07-17;138.825;2.262;161.045;137.49
2017-07-18;139.26;2.222;158.435;135.211
2017-07-19;139.26;2.221;160.714;137.12
2017-07-20;140.126;2.141;151.351;128.913
2017-07-21;140.593;2.098;149.253;126.335
2017-07-24;140.711;2.086;147.587;125.209
2017-07-25;139.758;2.171;151.851;129.108
2017-07-26;139.885;2.159;150.693;128.35
2017-07-27;140.27;2.122;147.983;125.457
2017-07-28;139.893;2.155;150.298;127.693
2017-07-31;140.218;2.125;146.04;124.433
2017-08-01;141.126;2.042;142.6;120.743
2017-08-02;141.156;2.039;143.013;120.764
2017-08-03;141.47;2.008;142.264;120.262
2017-08-04;141.124;2.038;144.281;122.083
2017-08-07;141.45;2.008;142.083;120.088
2017-08-08;141.288;2.022;142.853;120.487
2017-08-09;141.265;2.023;147.101;124.213
2017-08-10;140.945;2.049;150.882;127.718
2017-08-11;140.958;2.047;153.909;129.928
2017-08-14;141.078;2.035;149.305;126.349
2017-08-15;140.789;2.06;151.369;128.287
2017-08-16;140.743;2.064;149.614;126.793
2017-08-17;140.92;2.045;151.183;128.002
2017-08-18;140.863;2.049;151.749;128.479
2017-08-21;140.933;2.042;152.484;129.085
2017-08-22;140.13;2.114;160.515;136.366
2017-08-23;139.867;2.137;164.45;139.859
2017-08-24;139.894;2.131;163.557;139.084
2017-08-25;139.998;2.121;161.743;137.478
2017-08-28;140.154;2.106;160.278;136.183
2017-08-29;140.343;2.088;162.083;137.498
2017-08-30;140.181;2.102;162.714;138.14
2017-08-31;140.556;2.066;158.811;134.603
2017-09-01;140.187;2.098;160.937;136.651
2017-09-04;140.627;2.057;157.764;133.705
2017-09-05;141.067;2.017;156.344;132.242
2017-09-06;140.703;2.049;157.899;133.777
2017-09-07;141.877;1.941;147.696;124.501
2017-09-08;141.525;1.971;150.252;126.87
2017-09-11;141.439;1.978;149.202;126.039
2017-09-12;140.786;2.036;149.366;126.594
2017-09-13;140.647;2.048;151.829;128.742
2017-09-14;140.387;2.069;152.5;129.45
2017-09-15;140.151;2.089;152.028;129.148
2017-09-18;140.238;2.08;149.21;126.75
2017-09-19;140.565;2.05;147.244;124.932
2017-09-20;140.281;2.075;151.028;128.243
2017-09-21;139.861;2.11;153.271;130.369
2017-09-22;139.905;2.105;153.163;130.24
2017-09-25;139.847;2.11;157.319;133.789
2017-09-26;139.75;2.118;157.702;134.18
2017-09-27;139.377;2.151;156.102;133.095
2017-09-28;139.696;2.119;150.755;128.381
2017-09-29;139.847;2.104;150.295;127.879
2017-10-02;139.328;2.151;156.322;133.308
2017-10-03;139.194;2.163;156.581;133.644
2017-10-04;138.839;2.194;161.241;137.825
2017-10-05;139.29;2.15;156.832;133.746
2017-10-06;139.281;2.15;155.798;132.861
2017-10-09;139.624;2.118;154.419;131.481
2017-10-10;139.428;2.135;156.15;133.069
2017-10-11;139.693;2.11;151.104;128.642
2017-10-12;140.13;2.067;148.693;126.347
2017-10-13;140.468;2.035;148.126;125.669
2017-10-16;141.005;1.986;145.99;123.544
2017-10-17;141.377;1.951;142.77;120.615
2017-10-18;140.903;1.993;144.688;122.51
2017-10-19;141.035;1.978;143.21;121.175
2017-10-20;140.819;1.997;139.782;118.436
2017-10-23;141.328;1.95;137.032;115.856
2017-10-24;140.714;2.005;139.327;118.106
2017-10-25;140.925;1.985;135.401;114.691
2017-10-26;141.885;1.895;131.883;111.238
2017-10-27;141.854;1.897;133.428;112.516
2017-10-30;142.896;1.803;125.342;105.209
2017-10-31;143.092;1.784;123.769;103.797
2017-11-01;143.427;1.753;118.987;99.665
2017-11-02;143.454;1.748;118.835;99.517
2017-11-03;143.474;1.745;119.225;99.824
2017-11-06;143.592;1.734;120.729;101.015
2017-11-07;144.422;1.659;112.781;94.038
2017-11-08;143.908;1.704;117.994;98.585
2017-11-09;143.142;1.769;120.768;101.275
2017-11-10;142.791;1.799;121.356;101.946
2017-11-13;142.884;1.79;119.416;100.269
2017-11-14;142.931;1.785;121.177;101.711
2017-11-15;142.884;1.788;123.765;103.876
2017-11-16;142.784;1.794;124.532;104.538
2017-11-17;142.824;1.789;125.169;105.043
2017-11-20;143.178;1.757;121.346;101.682
2017-11-21;143.563;1.721;119.133;99.635
2017-11-22;143.705;1.708;117.947;98.546
2017-11-23;143.472;1.725;120.531;100.777
2017-11-24;143.13;1.755;122.579;102.654
2017-11-27;143.388;1.731;121.604;101.722
2017-11-28;143.462;1.723;120.486;100.769
2017-11-29;143.227;1.743;118.757;99.452
2017-11-30;143.688;1.699;115.693;96.659
2017-12-01;144.005;1.67;117.067;97.628
2017-12-04;144.024;1.667;114.397;95.43
2017-12-05;144.144;1.655;115.585;96.369
2017-12-06;143.891;1.677;118.902;99.22
2017-12-07;144.316;1.636;112.671;93.853
2017-12-08;144.605;1.609;108.34;90.145
2017-12-11;144.557;1.613;110.256;91.734
2017-12-12;143.916;1.669;114.378;95.444
2017-12-13;142.843;1.764;125.731;105.405
2017-12-14;142.836;1.762;126.937;106.362
2017-12-15;142.606;1.781;130.039;109.034
2017-12-18;142.746;1.768;127.618;106.943
2017-12-19;141.539;1.877;133.938;112.895
2017-12-20;141.193;1.907;134.239;113.3
2017-12-21;141.522;1.872;129.043;108.728
2017-12-22;141.439;1.879;128.74;108.512
2017-12-25;141.439;1.879;128.731;108.511
2017-12-26;141.439;1.879;128.722;108.515
2017-12-27;141.373;1.884;132.536;111.674
2017-12-28;140.908;1.923;134.691;113.713
2017-12-29;140.291;1.979;140.285;118.737
2018-01-01;140.291;1.979;140.301;118.758
2018-01-02;139.337;2.067;147.747;125.653
2018-01-03;139.734;2.029;145.982;123.926
2018-01-04;140.251;1.978;141.019;119.43
2018-01-05;140.26;1.976;140.337;118.837
2018-01-08;140.44;1.958;139.57;118.098
2018-01-09;139.896;2.008;141.956;120.445
2018-01-10;139.808;2.015;140.529;119.271
2018-01-11;139.64;2.028;137.763;116.976
2018-01-12;140.288;1.967;130.06;110.152
2018-01-15;140.037;1.989;131.607;111.575
2018-01-16;140.414;1.953;130.536;110.431
2018-01-17;140.077;1.983;133.881;113.504
2018-01-18;140.203;1.969;130.677;110.698
2018-01-19;140.472;1.943;127.214;107.672
2018-01-22;140.885;1.904;122.55;103.55
2018-01-23;141.264;1.868;119.03;100.4
2018-01-24;141.022;1.889;119.332;100.771
2018-01-25;140.391;1.945;123.389;104.446
2018-01-26;139.901;1.989;126.734;107.445
2018-01-29;139.649;2.012;121.96;103.618
2018-01-30;139.519;2.023;124.572;105.869
2018-01-31;139.479;2.026;124.667;105.949
2018-02-01;140.173;1.958;114.289;96.974
2018-02-02;139.275;2.041;119.363;101.68
2018-02-05;139.557;2.014;118.483;100.778
2018-02-06;140.009;1.971;118.337;100.443
2018-02-07;140.441;1.929;109.772;93.049
2018-02-08;139.914;1.976;113.288;96.23
2018-02-09;139.411;2.022;117.93;100.415
2018-02-12;139.545;2.008;113.699;96.796
2018-02-13;139.013;2.058;119.714;102.184
2018-02-14;139.23;2.036;116.747;99.519
2018-02-15;139.161;2.04;116.291;99.149
2018-02-16;140.025;1.957;111.78;94.925
2018-02-19;139.387;2.017;115.783;98.614
2018-02-20;139.161;2.037;117.804;100.437
2018-02-21;139.281;2.025;118.353;100.834
2018-02-22;139.008;2.048;121.187;103.355
2018-02-23;139.094;2.039;124.453;106.064
2018-02-26;139.613;1.988;119.342;101.543
2018-02-27;139.644;1.985;117.644;100.073
2018-02-28;139.971;1.953;115.762;98.334
2018-03-01;140.238;1.925;113.258;96.094
2018-03-02;140.041;1.942;114.645;97.369
2018-03-05;139.578;1.985;119.943;102.071
2018-03-06;139.606;1.981;117.304;99.817
2018-03-07;140.055;1.938;114.746;97.423
2018-03-08;140.663;1.878;109.827;92.975
2018-03-09;140.384;1.903;111.332;94.36
2018-03-12;140.451;1.896;111.642;94.609
2018-03-13;140.523;1.888;112.118;94.991
2018-03-14;140.315;1.907;116.832;99.062
2018-03-15;140.606;1.876;115.704;97.951
2018-03-16;140.649;1.871;115.296;97.601
2018-03-19;140.855;1.851;112.659;95.289
2018-03-20;141.539;1.786;103.735;87.496
2018-03-21;141.151;1.821;106.574;90.044
2018-03-22;141.6;1.776;106.72;89.966
2018-03-23;141.689;1.767;105.132;88.592
2018-03-26;141.291;1.803;109.701;92.598
2018-03-27;141.738;1.76;107.352;90.445
2018-03-28;142.015;1.729;104.516;87.917
2018-03-29;142.582;1.676;98.97;83.048
2018-03-30;142.582;1.676;99.169;83.214
2018-04-02;142.582;1.676;99.169;83.214
2018-04-03;142.445;1.687;101.224;84.977
2018-04-04;143.013;1.634;95.675;80.139
2018-04-05;142.452;1.683;98.963;83.079
2018-04-06;142.51;1.676;100.592;84.41
2018-04-09;142.674;1.66;98.565;82.65
2018-04-10;142.382;1.686;101.571;85.274
2018-04-11;142.287;1.694;103.64;87.021
2018-04-12;142.164;1.702;103.243;86.748
2018-04-13;142.344;1.684;101.166;84.948
2018-04-16;142.272;1.69;100.468;84.391
2018-04-17;142.739;1.645;97.427;81.68
2018-04-18;143.161;1.605;91.506;76.583
2018-04-19;142.434;1.67;92.355;77.572
2018-04-20;142.493;1.663;92.067;77.322
2018-04-23;142.313;1.679;90.366;75.964
2018-04-24;142.563;1.654;87.779;73.717
2018-04-25;142.483;1.661;88.01;73.927
2018-04-26;142.737;1.634;88.618;74.34
2018-04-27;142.75;1.631;90.103;75.582
2018-04-30;142.239;1.677;96.556;81.168
2018-05-01;142.239;1.677;96.738;81.321
2018-05-02;142.21;1.679;95.07;79.942
2018-05-03;142.704;1.63;94.365;79.168
2018-05-04;142.074;1.688;99.392;83.565
2018-05-07;142.42;1.654;97.673;82.027
2018-05-08;141.308;1.757;105.949;89.419
2018-05-09;141.137;1.773;107.677;90.927
2018-05-10;140.498;1.83;113.884;96.452
2018-05-11;141.188;1.764;105.664;89.229
2018-05-14;140.586;1.82;107.254;90.814
2018-05-15;140.285;1.847;106.966;90.727
2018-05-16;138.379;2.03;129.731;110.915
2018-05-17;138.39;2.026;125.94;107.696
2018-05-18;137.162;2.145;143.648;123.447
2018-05-21;135.3;2.328;166.763;144.451
2018-05-22;135.762;2.281;159.323;137.761
2018-05-23;134.866;2.37;173.128;150.275
2018-05-24;134.983;2.356;174.725;151.557
2018-05-25;134.212;2.432;188.384;163.924
2018-05-28;131.998;2.658;215.144;189.018
2018-05-29;126.897;3.198;272.267;244.691
2018-05-30;129.493;2.919;237.606;211.172
2018-05-31;130.464;2.814;230.503;203.778
2018-06-01;131.611;2.693;215.464;189.538
2018-06-04;133.126;2.536;196.828;172.012
2018-06-05;130.68;2.789;225.895;199.616
2018-06-06;129.157;2.949;233.883;208.137
2018-06-07;127.966;3.074;244.015;218.363
2018-06-08;127.122;3.165;254.96;229.074
2018-06-11;129.943;2.861;223.011;197.764
2018-06-12;129.856;2.87;225.055;199.643
2018-06-13;130.344;2.817;220.785;195.398
2018-06-14;130.946;2.752;219.475;193.693
2018-06-15;132.243;2.616;209.206;183.543
2018-06-18;132.958;2.541;203.161;177.723
2018-06-19;132.981;2.538;205.255;179.487
2018-06-20;133.099;2.525;202.847;177.334
2018-06-21;131.191;2.72;224.375;197.82
2018-06-22;131.565;2.68;219.51;193.189
2018-06-25;130.189;2.824;234.414;207.601
2018-06-26;129.544;2.892;240.21;213.438
2018-06-27;130.298;2.811;233.106;206.322
2018-06-28;130.559;2.781;230.076;203.321
2018-06-29;131.61;2.669;220.583;194.007
2018-07-02;131.865;2.642;217.277;190.926
2018-07-03;132.047;2.622;216.17;189.743
2018-07-04;131.823;2.645;218.668;192.129
2018-07-05;131.041;2.724;226.829;199.953
2018-07-06;131.171;2.709;225.564;198.721
2018-07-09;131.576;2.666;221.303;194.617
2018-07-10;131.471;2.676;220.451;193.987
2018-07-11;131.284;2.695;222.54;195.966
2018-07-12;131.85;2.633;216.863;190.488
2018-07-13;132.532;2.561;210.193;184.046
2018-07-16;132.278;2.587;210.792;184.818
2018-07-17;133.347;2.475;200.971;175.325
2018-07-18;133.01;2.509;205.033;179.134
2018-07-19;133.027;2.505;204.837;178.944
2018-07-20;132.222;2.587;210.564;184.668
2018-07-23;131.724;2.639;212.919;187.189
2018-07-24;131.303;2.682;218.613;192.526
2018-07-25;131.289;2.683;219.144;192.988
2018-07-26;131.016;2.709;220.382;194.345
2018-07-27;130.609;2.751;224.412;198.204
2018-07-30;130.188;2.795;225.362;199.472
2018-07-31;130.783;2.731;219.137;193.392
2018-08-01;130.164;2.796;223.508;197.85
2018-08-02;128.88;2.932;238.015;211.957
2018-08-03;128.641;2.957;243.947;217.403
2018-08-06;128.777;2.941;243.763;217.097
2018-08-07;129.047;2.911;239.248;212.832
2018-08-08;128.756;2.942;242.935;216.425
2018-08-09;128.878;2.926;242.634;216.024
2018-08-10;127.97;3.024;256.768;229.473
2018-08-13;126.888;3.142;268.914;241.563
2018-08-14;127.527;3.071;261.259;233.988
2018-08-15;126.285;3.208;276.547;249.081
2018-08-16;126.672;3.163;271.092;243.731
2018-08-17;126.617;3.168;272.81;245.348
2018-08-20;127.507;3.069;263.366;235.83
2018-08-21;127.768;3.039;258.263;231.027
2018-08-22;127.202;3.101;264.708;237.378
2018-08-23;126.899;3.132;267.728;240.431
2018-08-24;126.259;3.203;274.358;247.122
2018-08-27;126.075;3.222;274.328;247.361
2018-08-28;125.741;3.259;278.278;251.293
2018-08-29;126.26;3.2;270.345;243.451
2018-08-30;125.389;3.296;283.115;255.966
2018-08-31;125.108;3.327;287.47;260.224
2018-09-03;125.778;3.25;279.914;252.587
2018-09-04;127.192;3.092;263.238;236.003
2018-09-05;128.284;2.971;247.978;221.114
2018-09-06;128.653;2.928;246.387;219.393
2018-09-07;128.887;2.902;241.358;214.763
2018-09-10;130.044;2.775;227.893;201.755
2018-09-11;129.752;2.806;228.528;202.614
2018-09-12;129.682;2.813;230.832;204.716
2018-09-13;129.656;2.813;230.159;204.116
2018-09-14;129.372;2.843;231.271;205.42
2018-09-17;130.709;2.698;215.615;190.308
2018-09-18;131.234;2.641;208.45;183.598
2018-09-19;130.68;2.699;213.002;188.117
2018-09-20;130.377;2.729;216.796;191.7
2018-09-21;130.845;2.678;212.361;187.361
2018-09-24;129.644;2.807;221.469;196.438
2018-09-25;130.332;2.732;210.786;186.423
2018-09-26;130.536;2.709;209.274;184.869
2018-09-27;130.17;2.746;212.884;188.317
2018-09-28;127.342;3.055;247.999;222.259
2018-10-01;125.828;3.224;263.693;238.064
2018-10-02;124.294;3.398;283.803;258.014
2018-10-03;125.569;3.252;266.204;240.605
2018-10-04;125.414;3.267;262.93;237.887
2018-10-05;124.421;3.38;270.072;245.572
2018-10-08;123.066;3.536;288.514;263.982
2018-10-09;123.853;3.444;278.332;253.778
2018-10-10;123.621;3.47;280.167;255.724
2018-10-11;123.081;3.531;287.871;263.384
2018-10-12;122.977;3.542;290.393;265.821
2018-10-15;123.18;3.518;287.88;263.304
2018-10-16;124.058;3.415;279.957;254.971
2018-10-17;123.168;3.518;292.598;267.583
2018-10-18;121.953;3.659;307.919;283.232
2018-10-19;123.777;3.445;283.966;258.954
2018-10-22;123.824;3.438;284.861;259.693
2018-10-23;122.938;3.541;297.316;272.1
2018-10-24;122.72;3.566;300.667;275.502
2018-10-25;123.688;3.451;288.902;263.479
2018-10-26;124.12;3.4;288.986;262.947
2018-10-29;125.147;3.281;275.253;249.161
2018-10-30;123.908;3.423;289.693;263.756
2018-10-31;124.333;3.373;283.518;257.635
2018-11-01;124.73;3.325;278.219;252.383
2018-11-02;125.28;3.261;271.303;245.552
2018-11-05;125.253;3.263;271.756;245.983
2018-11-06;124.661;3.331;277.614;251.988
2018-11-07;125.198;3.268;270.226;244.626
2018-11-08;124.628;3.331;275.435;250.012
2018-11-09;124.534;3.341;279.876;254.061
2018-11-12;124.206;3.379;284.318;258.518
2018-11-13;124.154;3.384;284.652;258.879
2018-11-14;123.712;3.435;291.515;265.842
2018-11-15;123.588;3.447;294.232;268.279
2018-11-16;123.58;3.447;293.616;267.761
2018-11-19;122.71;3.549;303.293;277.714
2018-11-20;122.559;3.566;306.809;281.094
2018-11-21;123.923;3.405;290.291;264.27
2018-11-22;124.142;3.377;288.481;262.312
2018-11-23;124.622;3.321;285.27;258.775
2018-11-26;125.741;3.191;271.269;244.793
2018-11-27;125.537;3.213;274.278;247.751
2018-11-28;125.807;3.182;271.099;244.577
2018-11-29;126.271;3.126;268.243;241.44
2018-11-30;126.236;3.129;269.102;242.259
2018-12-03;126.938;3.049;261.49;234.605
2018-12-04;126.868;3.056;265.436;238.137
2018-12-05;127.699;2.961;253.665;226.717
2018-12-06;126.41;3.105;270.143;242.828
2018-12-07;127.025;3.034;262.375;235.192
2018-12-10;127.307;3.001;259.267;232.084
2018-12-11;127.267;3.005;259.127;232.051
2018-12-12;128.361;2.881;244.089;217.498
2018-12-13;128.818;2.827;238.901;212.442
2018-12-14;128.987;2.807;239.278;212.569
2018-12-17;128.909;2.815;239.491;212.871
2018-12-18;129.157;2.786;238.627;211.824
2018-12-19;130.736;2.611;222.246;195.869
2018-12-20;131.157;2.562;218.95;192.561
2018-12-21;130.272;2.657;226.838;200.377
2018-12-24;130.272;2.656;227.136;200.644
2018-12-25;130.272;2.656;227.164;200.641
2018-12-26;130.272;2.656;227.14;200.644
2018-12-27;130.904;2.583;221.642;195.137
2018-12-28;130.884;2.584;222.582;195.979
2018-12-31;130.884;2.583;222.561;195.978
2019-01-01;130.884;2.583;222.564;195.977
2019-01-02;131.342;2.532;224.033;196.777
2019-01-03;129.856;2.692;241.212;213.267
2019-01-04;129.578;2.722;239.191;211.799
2019-01-07;129.524;2.727;238.886;211.567
2019-01-08;128.979;2.787;243.127;215.843
2019-01-09;129.637;2.713;234.844;207.879
2019-01-10;129.534;2.722;236.896;209.795
2019-01-11;129.93;2.677;233.317;206.235
2019-01-14;130.123;2.654;232.496;205.35
2019-01-15;129.882;2.68;237.06;209.605
2019-01-16;130.895;2.567;224.602;197.667
2019-01-17;130.822;2.572;224.136;197.323
2019-01-18;131.133;2.537;218.795;192.323
2019-01-21;130.904;2.561;221.725;195.103
2019-01-22;131.182;2.53;220.439;193.694
2019-01-23;131.149;2.532;222.845;195.826
2019-01-24;131.947;2.442;216.971;189.893
2019-01-25;131.92;2.444;216.48;189.452
2019-01-28;131.712;2.466;218.267;191.243
2019-01-29;131.97;2.436;216.787;189.616
2019-01-30;132.258;2.404;215.408;188.146
2019-01-31;132.337;2.392;218.354;190.533
2019-02-01;130.832;2.557;231.997;203.884
2019-02-04;130.806;2.559;231.326;203.31
2019-02-05;130.252;2.619;238.613;210.263
2019-02-06;129.653;2.685;246.006;217.294
2019-02-07;128.748;2.784;259.925;230.488
2019-02-08;128.544;2.807;264.885;235.025
2019-02-11;129.064;2.747;256.684;227.287
2019-02-12;129.572;2.689;249.477;220.404
2019-02-13;130.097;2.629;243.032;214.188
2019-02-14;129.954;2.642;245.693;216.597
2019-02-15;129.971;2.639;245.438;216.376
2019-02-18;130.308;2.601;241.05;212.204
2019-02-19;130.041;2.63;245.399;216.29
2019-02-20;129.239;2.719;255.74;226.154
2019-02-21;129.487;2.688;250.042;220.91
2019-02-22;129.322;2.706;254.375;224.869
2019-02-25;130.017;2.627;245.483;216.373
2019-02-26;130.669;2.553;237.641;208.98
2019-02-27;129.875;2.641;243.386;214.838
2019-02-28;130.182;2.603;236.558;208.581
2019-03-01;130.456;2.572;232.638;204.858
2019-03-04;130.544;2.561;233.918;205.892
2019-03-05;130.743;2.538;231.528;203.617
2019-03-06;131.796;2.42;223.591;195.646
2019-03-07;132.926;2.292;217.67;189.413
2019-03-08;132.613;2.326;222.424;193.746
2019-03-11;132.051;2.386;228.348;199.407
2019-03-12;132.2;2.369;226.439;197.624
2019-03-13;132.065;2.383;227.364;198.576
2019-03-14;132.538;2.328;220.058;191.821
2019-03-15;132.575;2.323;219.734;191.496
2019-03-18;133.053;2.269;215.437;187.324
2019-03-19;132.552;2.323;219.82;191.56
2019-03-20;132.208;2.36;224.448;195.862
2019-03-21;132.775;2.294;221.487;192.724
2019-03-22;132.731;2.298;226.403;196.924
2019-03-25;132.252;2.35;232.813;202.911
2019-03-26;132.606;2.31;226.972;197.539
2019-03-27;132.689;2.3;233.811;203.397
2019-03-28;132.335;2.336;235.074;204.772
2019-03-29;132.22;2.347;235.012;204.861
2019-04-01;132.059;2.364;233.656;203.899
2019-04-02;131.899;2.381;237.625;207.486
2019-04-03;131.772;2.394;233.99;204.506
2019-04-04;131.934;2.373;232.921;203.406
2019-04-05;132.26;2.336;228.211;199.04
2019-04-08;132.145;2.347;229.794;200.518
2019-04-09;132.621;2.294;225.474;196.308
2019-04-10;132.746;2.279;226.98;197.532
2019-04-11;133.151;2.231;220.682;191.711
2019-04-12;133.065;2.239;215.939;187.728
2019-04-15;132.69;2.28;219.846;191.442
2019-04-16;132.522;2.297;220.697;192.367
2019-04-17;132.277;2.319;221.481;193.284
2019-04-18;132.373;2.308;225.598;196.689
2019-04-19;132.373;2.308;225.532;196.64
2019-04-22;132.373;2.308;225.534;196.64
2019-04-23;131.662;2.386;232.09;203.016
2019-04-24;131.997;2.347;233.274;203.657
2019-04-25;131.435;2.407;238.226;208.515
2019-04-26;132.371;2.301;228.091;198.792
2019-04-29;132.378;2.299;226.672;197.558
2019-04-30;132.692;2.263;222.104;193.332
2019-05-01;132.692;2.263;222.082;193.307
2019-05-02;132.722;2.256;220.551;191.978
2019-05-03;132.65;2.263;221.001;192.435
2019-05-06;132.477;2.281;224.955;195.979
2019-05-07;132.06;2.327;233.494;203.735
2019-05-08;132.034;2.329;233.469;203.736
2019-05-09;131.403;2.396;240.356;210.357
2019-05-10;131.439;2.391;239.752;209.808
2019-05-13;131.249;2.412;244.116;213.723
2019-05-14;130.959;2.443;248.403;217.789
2019-05-15;130.693;2.473;253.299;222.337
2019-05-16;131.072;2.426;247.647;217.032
2019-05-17;131.284;2.401;246.565;215.882
2019-05-20;130.903;2.444;249.634;219.004
2019-05-21;131.366;2.39;242.934;212.731
2019-05-22;131.458;2.379;243.513;213.096
2019-05-23;131.383;2.384;247.042;216.189
2019-05-24;132.146;2.297;237.736;207.341
2019-05-27;131.066;2.418;252.703;221.358
2019-05-28;130.907;2.435;255.897;224.312
2019-05-29;131.211;2.399;254.089;222.32
2019-05-30;131.042;2.415;255.166;223.464
2019-05-31;130.882;2.433;259.303;227.227
2019-06-03;131.789;2.329;249.429;217.697
2019-06-04;132.232;2.278;246.554;214.726
2019-06-05;132.623;2.233;244.7;212.72
2019-06-06;132.541;2.239;245.411;213.392
2019-06-07;133.683;2.11;233.919;202.309
2019-06-10;133.634;2.114;230.95;199.954
2019-06-11;133.342;2.146;235.877;204.451
2019-06-12;132.967;2.187;240.969;209.2
2019-06-13;133.615;2.111;233.72;202.311
2019-06-14;133.806;2.089;233.092;201.57
2019-06-17;134.214;2.042;227.216;196.201
2019-06-18;135.935;1.852;214.603;183.915
2019-06-19;136.056;1.838;209.794;179.858
2019-06-20;135.684;1.875;215.491;184.976
2019-06-21;135.491;1.895;214.154;184.061
2019-06-24;135.479;1.895;216.783;186.281
2019-06-25;135.361;1.907;220.484;189.518
2019-06-26;135.521;1.888;216.327;185.845
2019-06-27;135.561;1.88;217.505;186.768
2019-06-28;135.821;1.85;215.052;184.411
2019-07-01;137.089;1.711;202.823;173.003
2019-07-02;138.292;1.58;189.656;161.013
2019-07-03;140.544;1.341;167.527;140.907
2019-07-04;139.593;1.437;180.487;152.298
2019-07-05;138.948;1.504;184.254;155.979
2019-07-08;138.603;1.54;188.651;159.874
2019-07-09;138.973;1.499;181.103;153.289
2019-07-10;138.872;1.508;178.295;150.985
2019-07-11;139.235;1.466;168.932;142.98
2019-07-12;138.85;1.506;171.758;145.633
2019-07-15;139.709;1.413;166.133;140.283
2019-07-16;140.074;1.373;163.18;137.625
2019-07-17;140.255;1.353;165.37;139.32
2019-07-18;140.581;1.314;162.253;136.457
2019-07-19;140.09;1.365;170.343;143.571
2019-07-22;139.56;1.42;177.777;150.165
2019-07-23;140.047;1.367;172.543;145.42
2019-07-24;141.085;1.256;163.204;136.924
2019-07-25;140.788;1.283;165.657;139.181
2019-07-26;140.361;1.327;170.858;143.678
2019-07-29;140.268;1.335;172.741;145.214
2019-07-30;140.077;1.354;174.95;147.155
2019-07-31;140.486;1.31;174.182;146.245
2019-08-01;140.089;1.348;180.579;151.848
2019-08-02;140.408;1.313;181.804;152.562
2019-08-05;140.149;1.339;186.036;156.309
2019-08-06;140.703;1.279;180.807;151.56
2019-08-07;141.547;1.189;175.187;146.286
2019-08-08;140.486;1.296;184.889;155.143
2019-08-09;137.7;1.594;219.258;186.092
2019-08-12;138.758;1.478;207.558;175.431
2019-08-13;139.71;1.375;197.997;166.627
2019-08-14;140.556;1.283;194.277;162.826
2019-08-15;142.161;1.11;185.441;154.197
2019-08-16;141.522;1.176;193.69;161.603
2019-08-19;141.146;1.214;190.425;159.249
2019-08-20;141.81;1.143;184.826;154.089
2019-08-21;142.215;1.099;175.712;146.294
2019-08-22;142.448;1.071;167.574;139.458
2019-08-23;142.253;1.09;173.017;143.942
2019-08-26;142.241;1.09;173.079;144.088
2019-08-27;144.017;0.904;157.136;129.81
2019-08-28;144.973;0.804;148.589;122.244
2019-08-29;145.524;0.743;139.55;114.56
2019-08-30;145.289;0.766;142.449;117.046
2019-09-02;145.303;0.763;142.081;116.775
2019-09-03;146.159;0.674;131.483;107.769
2019-09-04;146.775;0.61;121.512;99.307
2019-09-05;145.594;0.726;126.075;103.621
2019-09-06;146.225;0.66;123.458;101.116
2019-09-09;145.615;0.721;125.79;103.28
2019-09-10;144.883;0.794;132.193;108.92
2019-09-11;145.399;0.74;125.146;102.835
2019-09-12;146.151;0.658;108.968;89.511
2019-09-13;145.889;0.684;103.631;85.196
2019-09-16;146.316;0.639;102.729;84.168
2019-09-17;145.586;0.711;113.084;92.921
2019-09-18;146.014;0.666;111.266;91.239
2019-09-19;145.883;0.675;112.046;91.903
2019-09-20;145.476;0.715;117.314;96.305
2019-09-23;146.304;0.629;113.868;93.123
2019-09-24;146.294;0.628;115.712;94.627
2019-09-25;146.138;0.643;113.611;92.999
2019-09-26;146.307;0.621;111.235;90.971
2019-09-27;146.411;0.609;109.09;89.209
2019-09-30;146.397;0.609;109.14;89.292
2019-10-01;146.047;0.643;113.032;92.56
2019-10-02;145.609;0.686;117.244;96.161
2019-10-03;146.191;0.622;113.168;92.613
2019-10-04;146.056;0.634;114.644;93.884
2019-10-07;145.816;0.657;115.912;95.041
2019-10-08;145.901;0.647;115.739;94.83
2019-10-09;145.671;0.669;113.279;92.939
2019-10-10;144.76;0.759;116.279;95.755
2019-10-11;144.879;0.745;111.717;91.987
2019-10-14;145.11;0.719;110.615;90.965
2019-10-15;144.911;0.738;108.514;89.356
2019-10-16;144.988;0.729;104.167;85.769
2019-10-17;145.3;0.692;102.349;84.106
2019-10-18;144.88;0.734;103.416;85.152
2019-10-21;144.331;0.79;106.803;88.167
2019-10-22;144.9;0.729;101.75;83.772
2019-10-23;144.748;0.743;107.171;88.247
2019-10-24;144.957;0.717;104.254;85.759
2019-10-25;144.522;0.76;103.793;85.569
2019-10-28;143.932;0.821;108.433;89.62
2019-10-29;144.126;0.799;107.517;88.721
2019-10-30;144.065;0.804;107.487;88.718
2019-10-31;144.626;0.74;104.764;86.249
2019-11-01;143.983;0.806;111.262;91.906
2019-11-04;143.974;0.806;108.022;89.235
2019-11-05;143.627;0.84;109.302;90.446
2019-11-06;143.818;0.819;110.636;91.48
2019-11-07;142.323;0.973;117.314;97.559
2019-11-08;142.091;0.996;121.977;101.482
2019-11-11;141.363;1.073;129.913;108.48
2019-11-12;141.772;1.027;126.239;105.195
2019-11-13;141.479;1.057;133.913;111.745
2019-11-14;140.743;1.132;146.014;122.131
2019-11-15;141.56;1.042;134.526;112.181
2019-11-18;141.765;1.019;131.306;109.41
2019-11-19;141.442;1.052;135.337;112.9
2019-11-20;141.879;1.004;130.605;108.752
2019-11-21;142.036;0.982;126.271;105.101
2019-11-22;141.948;0.99;130.191;108.344
2019-11-25;142.036;0.979;127.851;106.377
2019-11-26;141.945;0.988;130.892;108.938
2019-11-27;141.566;1.027;136.4;113.723
2019-11-28;141.229;1.059;138.89;115.991
2019-11-29;141.246;1.056;137.714;114.989
2019-12-02;140.169;1.171;143.862;120.735
2019-12-03;140.749;1.107;143.956;120.375
2019-12-04;140.719;1.108;140.189;117.291
2019-12-05;139.892;1.194;147.989;124.268
2019-12-06;140.091;1.171;144.607;121.307
2019-12-09;140.697;1.103;138.948;116.256
2019-12-10;141.01;1.068;134.043;112.026
2019-12-11;141.407;1.023;131.411;109.639
2019-12-12;141.186;1.043;129.887;108.532
2019-12-13;141.744;0.981;124.32;103.606
2019-12-16;141.449;1.011;126.504;105.581
2019-12-17;141.618;0.991;124.943;104.204
2019-12-18;141.119;1.044;126.841;106.084
2019-12-19;140.664;1.089;130.975;109.711
2019-12-20;140.473;1.109;134.145;112.391
2019-12-23;140.213;1.133;135.255;113.522
2019-12-24;140.213;1.128;134.824;113.124
2019-12-25;140.213;1.128;134.838;113.139
2019-12-26;140.213;1.128;134.829;113.125
2019-12-27;140.706;1.072;129.603;108.416
2019-12-30;140.382;1.105;127.149;106.537
2020-01-01;140.382;1.104;126.839;106.282
2020-01-02;140.241;1.115;132.814;111.316
2020-01-03;140.805;1.051;130.894;109.414
2020-01-06;140.666;1.065;133.406;111.568
2020-01-07;140.475;1.084;136.339;114.092
2020-01-08;140.142;1.12;136.728;114.664
2020-01-09;140.368;1.09;130.215;109.104
2020-01-10;140.801;1.041;125.752;105.189
2020-01-13;140.319;1.093;128.166;107.398
2020-01-14;140.159;1.109;130.543;109.485
2020-01-15;140.087;1.115;132.542;111.196
2020-01-16;139.683;1.156;139.847;117.494
2020-01-17;140.236;1.093;132.627;111.169
2020-01-20;140.439;1.069;130.371;109.207
2020-01-21;140.207;1.093;135.968;113.972
2020-01-22;140.394;1.071;134.145;112.314
2020-01-23;141.18;0.979;128.056;106.795
2020-01-24;141.33;0.961;128.793;107.319
2020-01-27;143.099;0.767;111.523;92.216
2020-01-28;143.13;0.762;106.974;88.528
2020-01-29;143.782;0.69;101.413;83.608
2020-01-30;143.858;0.677;102.365;84.373
2020-01-31;143.925;0.668;104.433;86.031
2020-02-03;143.728;0.687;107.668;88.763
2020-02-04;143.82;0.676;102.367;84.4
2020-02-05;143.665;0.691;100.788;83.211
2020-02-06;143.51;0.703;102.857;84.947
2020-02-07;143.62;0.689;103.238;85.182
2020-02-10;143.57;0.693;106.342;87.775
2020-02-11;143.421;0.708;106.851;88.269
2020-02-12;143.895;0.655;99.729;82.291
2020-02-13;143.94;0.645;99.556;82.072
2020-02-14;143.694;0.67;104.528;86.279
2020-02-17;143.764;0.661;103.713;85.558
2020-02-18;143.535;0.684;107.819;89.036
2020-02-19;143.326;0.705;111.189;91.86
2020-02-20;143.59;0.671;109.705;90.55
2020-02-21;143.591;0.669;107.652;88.837
2020-02-24;143.075;0.724;117.966;97.501
2020-02-25;142.93;0.738;121.025;100.052
2020-02-26;142.783;0.753;120.743;99.949
2020-02-27;141.943;0.84;133.034;110.549
2020-02-28;141.501;0.887;142.181;118.322
2020-03-02;141.176;0.922;149.284;124.366
2020-03-03;142.43;0.782;133.942;111.059
2020-03-04;142.149;0.811;134.863;111.818
2020-03-05;141.656;0.861;145.045;120.823
2020-03-06;141.54;0.872;147.387;122.779
2020-03-09;138.318;1.233;193.349;163.018
2020-03-10;138.886;1.167;181.879;153.241
2020-03-11;140.257;1.01;161.571;135.189
2020-03-12;134.889;1.625;227.592;195.298
2020-03-13;134.62;1.655;215.503;185.145
2020-03-16;131.477;2.032;251.676;218.949
2020-03-17;129.671;2.253;273.389;239.813
2020-03-18;129.413;2.284;259.624;228.303
2020-03-19;135.486;1.544;175.748;150.558
2020-03-20;136.432;1.432;173.62;147.852
2020-03-23;136.646;1.406;173.419;147.458
2020-03-24;136.76;1.391;166.505;141.586
2020-03-25;137.023;1.359;159.263;135.315
2020-03-26;139.884;1.026;130.643;109.517
2020-03-27;138.984;1.127;150.342;126.402
2020-03-30;137.801;1.261;166.464;140.697
2020-03-31;137.376;1.309;171.7;145.418
2020-04-01;137.539;1.288;169.857;143.684
2020-04-02;137.721;1.263;167.664;141.715
2020-04-03;136.894;1.357;176.925;150.108
2020-04-06;137.356;1.302;170.341;144.257
2020-04-07;136.151;1.442;176.569;150.517
2020-04-08;135.701;1.487;182.307;155.627
2020-04-09;136.202;1.427;181.423;154.352
2020-04-10;136.202;1.427;181.401;154.343
2020-04-13;136.202;1.427;181.409;154.346
2020-04-14;134.504;1.627;205.467;176.101
2020-04-15;133.386;1.76;225.002;193.786
2020-04-16;133.74;1.713;220.349;189.418
2020-04-17;134.075;1.671;215.114;184.657
2020-04-20;132.835;1.82;227.784;196.614
2020-04-21;130.947;2.051;252.307;219.555
2020-04-22;131.843;1.939;233.13;202.055
2020-04-23;132.58;1.845;226.809;195.923
2020-04-24;133.713;1.705;218.12;187.516
2020-04-27;134.489;1.61;205.864;176.394
2020-04-28;134.819;1.569;204.298;174.854
2020-04-29;134.515;1.6;209.003;179.104
2020-04-30;134.644;1.583;215.341;184.36
2020-05-01;134.644;1.583;215.176;184.243
2020-05-04;134.541;1.594;214.731;183.873
2020-05-05;133.623;1.704;227.585;195.672
2020-05-06;132.618;1.825;236.67;204.265
2020-05-07;133.026;1.771;232.539;200.129
2020-05-08;133.653;1.693;223.487;192.042
2020-05-11;133.347;1.729;226.874;195.186
2020-05-12;133.238;1.741;229.493;197.489
2020-05-13;133.94;1.654;221.321;189.795
2020-05-14;133.587;1.693;226.306;194.314
2020-05-15;133.215;1.737;229.704;197.522
2020-05-18;134.592;1.568;208.536;178.31
2020-05-19;134.883;1.531;204.364;174.483
2020-05-20;134.893;1.529;203.874;174.048
2020-05-21;135.05;1.505;203.539;173.676
2020-05-22;135.246;1.48;200.356;170.878
2020-05-25;135.441;1.456;197.597;168.329
2020-05-26;135.676;1.426;191.0;162.476
2020-05-27;136.059;1.379;185.62;157.744
2020-05-28;136.681;1.3;177.918;150.659
2020-05-29;136.217;1.354;186.221;158.108
2020-06-01;136.215;1.352;182.906;155.353
2020-06-02;136.45;1.323;180.422;153.213
2020-06-03;136.004;1.375;181.984;154.834
2020-06-04;137.145;1.234;164.659;139.445
2020-06-05;137.252;1.22;161.695;137.001
2020-06-08;137.413;1.199;162.641;137.639
2020-06-09;136.963;1.251;166.464;141.169
2020-06-10;136.379;1.319;174.448;148.268
2020-06-11;136.627;1.285;175.942;149.199
2020-06-12;137.017;1.237;173.522;147.019
2020-06-15;137.075;1.228;173.747;147.198
2020-06-16;137.605;1.164;165.424;139.828
2020-06-17;137.35;1.193;168.994;143.033
2020-06-18;137.505;1.17;168.328;142.394
2020-06-19;137.667;1.149;166.302;140.618
2020-06-22;138.215;1.082;161.33;136.238
2020-06-23;138.419;1.057;156.402;132.032
2020-06-24;138.366;1.061;158.427;133.767
2020-06-25;138.008;1.099;163.412;138.116
2020-06-26;138.106;1.086;163.906;138.532
2020-06-29;138.046;1.091;163.979;138.623
2020-06-30;138.29;1.061;159.536;134.871
2020-07-01;138.166;1.074;158.236;133.789
2020-07-02;138.527;1.026;155.252;131.063
2020-07-03;138.145;1.07;159.672;135.065
2020-07-06;138.3;1.05;157.586;133.196
2020-07-07;138.546;1.019;153.414;129.551
2020-07-08;138.569;1.015;153.548;129.686
2020-07-09;138.404;1.029;156.891;132.614
2020-07-10;138.385;1.03;157.411;133.055
2020-07-13;138.281;1.041;154.613;130.821
2020-07-14;138.498;1.013;153.67;129.857
2020-07-15;138.513;1.01;154.268;130.359
2020-07-16;138.585;0.997;154.187;130.294
2020-07-17;138.695;0.982;150.708;127.359
2020-07-20;139.24;0.916;145.425;122.569
2020-07-21;139.365;0.899;144.09;121.431
2020-07-22;139.956;0.828;138.051;116.023
2020-07-23;140.344;0.778;131.069;110.12
2020-07-24;140.171;0.796;131.12;110.26
2020-07-27;140.195;0.792;133.199;111.961
2020-07-28;139.986;0.815;137.237;115.442
2020-07-29;140.12;0.797;133.671;112.385
2020-07-30;140.277;0.774;134.294;112.844
2020-07-31;139.904;0.816;137.666;115.902
2020-08-03;139.909;0.814;137.324;115.638
2020-08-04;140.414;0.753;132.881;111.668
2020-08-05;140.253;0.77;130.93;110.109
2020-08-06;140.591;0.725;127.942;107.431
2020-08-07;140.606;0.721;125.677;105.56
2020-08-10;140.637;0.716;126.906;106.558
2020-08-11;140.414;0.74;125.813;105.802
2020-08-12;140.236;0.76;126.39;106.353
2020-08-13;139.748;0.812;129.292;109.035
2020-08-14;139.893;0.793;128.228;108.041
2020-08-17;140.315;0.742;125.413;105.5
2020-08-18;140.389;0.731;124.567;104.781
2020-08-19;140.509;0.715;123.733;104.019
2020-08-20;140.457;0.716;125.798;105.708
2020-08-21;140.271;0.736;128.997;108.461
2020-08-24;140.216;0.741;128.73;108.246
2020-08-25;139.485;0.826;134.089;113.11
2020-08-26;139.568;0.814;131.85;111.211
2020-08-27;139.534;0.813;130.331;109.883
2020-08-28;139.366;0.831;133.368;112.523
2020-08-31;138.948;0.88;138.202;116.799
2020-09-01;139.377;0.827;134.175;113.168
2020-09-02;139.88;0.765;131.248;110.45
2020-09-03;139.789;0.771;133.561;112.395
2020-09-04;139.463;0.808;136.518;115.007
2020-09-07;139.126;0.846;140.997;119.0
2020-09-08;139.29;0.825;140.943;118.82
2020-09-09;139.402;0.81;135.761;114.485
2020-09-10;139.523;0.79;131.163;110.546
2020-09-11;139.798;0.756;131.257;110.408
2020-09-14;139.926;0.739;129.655;109.019
2020-09-15;140.072;0.719;127.403;107.032
2020-09-16;140.347;0.685;123.963;104.031
2020-09-17;140.406;0.673;123.573;103.641
2020-09-18;140.275;0.686;124.589;104.558
2020-09-21;140.586;0.648;123.174;103.197
2020-09-22;141.016;0.595;114.757;96.039
2020-09-23;141.142;0.578;112.997;94.493
2020-09-24;140.748;0.62;116.785;97.803
2020-09-25;140.773;0.615;118.403;99.095
2020-09-28;140.844;0.605;116.645;97.588
2020-09-29;141.034;0.58;114.905;96.062
2020-09-30;140.897;0.595;115.023;96.237
2020-10-01;141.206;0.553;110.818;92.624
2020-10-02;141.553;0.51;106.749;89.013
2020-10-05;141.364;0.53;106.559;89.002
2020-10-06;141.58;0.503;103.733;86.517
2020-10-07;141.6;0.499;102.573;85.565
2020-10-08;141.807;0.469;100.935;84.085
2020-10-09;142.103;0.432;96.671;80.452
2020-10-12;142.457;0.388;93.065;77.314
2020-10-13;142.565;0.374;92.836;77.073
2020-10-14;142.595;0.368;94.452;78.397
2020-10-15;142.122;0.418;101.417;84.292
2020-10-16;142.448;0.378;97.386;80.842
2020-10-19;141.903;0.44;105.311;87.588
2020-10-20;141.836;0.447;103.576;86.179
2020-10-21;141.452;0.49;107.228;89.349
2020-10-22;141.254;0.508;107.939;89.997
2020-10-23;141.613;0.464;102.557;85.369
2020-10-26;141.763;0.444;100.845;83.886
2020-10-27;142.015;0.412;100.461;83.453
2020-10-28;141.424;0.48;108.582;90.414
2020-10-29;142.01;0.405;100.176;83.147
2020-10-30;141.786;0.43;102.674;85.352
2020-11-02;141.917;0.412;100.77;83.675
2020-11-03;142.035;0.396;97.03;80.533
2020-11-04;142.416;0.349;93.101;77.164
2020-11-05;142.472;0.337;92.01;76.21
2020-11-06;142.693;0.309;88.45;73.206
2020-11-09;141.759;0.417;94.242;78.335
2020-11-10;141.677;0.425;92.733;77.078
2020-11-11;141.825;0.406;91.932;76.363
2020-11-12;142.144;0.362;88.682;73.538
2020-11-13;142.335;0.337;87.102;72.16
2020-11-16;142.453;0.321;84.873;70.297
2020-11-17;142.526;0.311;84.787;70.206
2020-11-18;142.425;0.321;85.183;70.595
2020-11-19;142.445;0.312;85.898;71.176
2020-11-20;142.525;0.301;85.206;70.532
2020-11-23;142.598;0.29;83.625;69.209
2020-11-24;142.681;0.278;80.581;66.671
2020-11-25;142.659;0.279;81.267;67.247
2020-11-26;142.695;0.269;81.468;67.386
2020-11-27;142.755;0.259;80.586;66.651
2020-11-30;142.532;0.284;82.952;68.676
2020-12-01;142.177;0.324;85.636;71.025
2020-12-02;142.428;0.292;81.364;67.379
2020-12-03;142.593;0.267;80.213;66.411
2020-12-04;142.44;0.283;82.311;68.2
2020-12-07;142.516;0.272;82.884;68.644
2020-12-08;142.659;0.253;82.312;68.128
2020-12-09;142.75;0.24;80.913;66.983
2020-12-10;142.774;0.231;80.174;66.374
2020-12-11;142.806;0.225;81.712;67.584
2020-12-14;142.901;0.212;79.22;65.521
2020-12-15;143.057;0.191;76.399;63.137
2020-12-16;142.899;0.208;74.999;62.076
2020-12-17;142.848;0.208;75.192;62.212
2020-12-18;142.647;0.23;77.165;63.908
2020-12-21;142.559;0.238;77.922;64.554
2020-12-22;142.653;0.225;76.578;63.431
2020-12-23;142.38;0.25;76.589;63.534
2020-12-24;142.38;0.248;76.506;63.478
2020-12-25;142.38;0.248;76.495;63.477
2020-12-28;142.734;0.203;72.807;60.255
2020-12-29;142.604;0.217;74.953;62.074
2020-12-30;142.616;0.207;74.567;61.717
2020-12-31;142.616;0.205;74.146;61.392
2021-01-01;142.616;0.205;74.135;61.393
2021-01-04;142.556;0.21;78.145;64.742
2021-01-05;142.376;0.23;78.646;65.164
2021-01-06;142.338;0.232;77.664;64.437
2021-01-07;142.391;0.22;74.163;61.456
2021-01-08;142.622;0.19;70.35;58.313
2021-01-11;142.317;0.224;72.879;60.459
2021-01-12;141.612;0.308;80.04;66.688
2021-01-13;141.998;0.259;77.012;63.968
2021-01-14;141.506;0.313;85.141;70.89
2021-01-15;141.779;0.277;81.734;67.96
2021-01-18;141.642;0.292;82.111;68.343
2021-01-19;141.993;0.247;76.456;63.494
2021-01-20;141.733;0.277;79.384;66.019
2021-01-21;141.151;0.342;84.608;70.536
2021-01-22;140.615;0.406;93.266;77.896
2021-01-25;141.111;0.343;88.318;73.572
2021-01-26;141.359;0.31;82.973;69.099
2021-01-27;141.335;0.311;84.383;70.232
2021-01-28;141.412;0.295;82.025;68.255
2021-01-29;141.336;0.303;81.023;67.462
2021-02-01;141.522;0.278;78.385;65.221
2021-02-02;141.296;0.303;79.78;66.419
2021-02-03;141.796;0.24;70.131;58.258
2021-02-04;142.061;0.201;64.507;53.574
2021-02-05;142.063;0.199;62.842;52.214
2021-02-08;142.301;0.168;59.265;49.182
2021-02-09;142.236;0.174;60.6;50.291
2021-02-10;142.296;0.164;58.963;48.95
2021-02-11;142.606;0.12;55.109;45.685
2021-02-12;142.438;0.139;54.919;45.56
2021-02-15;142.111;0.176;56.016;46.548
2021-02-16;141.737;0.22;58.121;48.398
2021-02-17;141.61;0.234;61.655;51.368
2021-02-18;141.057;0.296;66.8;55.783
2021-02-19;141.207;0.275;60.535;50.535
2021-02-22;141.388;0.251;60.859;50.744
2021-02-23;141.077;0.287;64.243;53.656
2021-02-24;140.803;0.319;66.868;55.924
2021-02-25;139.912;0.424;72.285;60.849
2021-02-26;140.07;0.402;71.939;60.43
2021-03-01;140.908;0.295;66.531;55.635
2021-03-02;140.778;0.309;70.033;58.565
2021-03-03;140.225;0.376;72.199;60.585
2021-03-04;140.286;0.363;72.097;60.481
2021-03-05;140.176;0.374;72.526;60.841
2021-03-08;140.183;0.371;69.406;58.233
2021-03-09;140.623;0.314;64.588;54.163
2021-03-10;140.739;0.298;63.724;53.342
2021-03-11;141.247;0.228;56.863;47.533
2021-03-12;141.066;0.248;57.181;47.791
2021-03-15;141.258;0.222;56.51;47.193
2021-03-16;141.113;0.238;59.162;49.45
2021-03-17;140.56;0.305;63.028;52.84
2021-03-18;140.675;0.285;59.266;49.666
2021-03-19;140.82;0.264;59.037;49.383
2021-03-22;140.952;0.246;57.88;48.415
2021-03-23;141.287;0.202;54.157;45.226
2021-03-24;141.349;0.192;54.528;45.499
2021-03-25;141.392;0.18;54.698;45.612
2021-03-26;141.154;0.208;55.805;46.602
2021-03-29;140.969;0.229;56.315;47.049
2021-03-30;140.62;0.27;58.834;49.248
2021-03-31;140.636;0.258;57.044;47.714
2021-04-01;140.897;0.223;56.238;47.002
2021-04-02;140.897;0.223;55.874;46.69
2021-04-05;140.897;0.223;55.893;46.689
2021-04-06;140.409;0.282;62.971;52.756
2021-04-07;140.404;0.281;63.791;53.428
2021-04-08;140.555;0.255;61.711;51.655
2021-04-09;140.04;0.318;66.185;55.545
2021-04-12;140.014;0.319;65.725;55.162
2021-04-13;139.902;0.332;66.866;56.163
2021-04-14;139.591;0.369;67.999;57.171
2021-04-15;139.928;0.32;65.459;54.957
2021-04-16;139.798;0.334;64.954;54.572
2021-04-19;139.494;0.371;66.97;56.348
2021-04-20;139.557;0.361;67.824;57.043
2021-04-21;139.737;0.336;65.042;54.664
2021-04-22;139.638;0.342;64.738;54.427
2021-04-23;139.44;0.365;68.097;57.301
2021-04-26;139.324;0.378;68.362;57.551
2021-04-27;139.127;0.401;70.53;59.419
2021-04-28;139.073;0.406;69.497;58.57
2021-04-29;138.806;0.434;70.158;59.221
2021-04-30;138.881;0.422;69.881;58.973
2021-05-03;139.064;0.397;66.553;56.105
2021-05-04;139.142;0.385;68.664;57.831
2021-05-05;138.898;0.414;71.56;60.336
2021-05-06;138.779;0.423;72.688;61.283
2021-05-07;138.432;0.466;76.471;64.595
2021-05-10;138.647;0.436;73.522;62.038
2021-05-11;138.238;0.487;75.691;64.01
2021-05-12;137.989;0.518;76.846;65.057
2021-05-13;137.695;0.55;80.849;68.559
2021-05-14;137.612;0.559;82.558;69.988
2021-05-17;137.363;0.59;85.08;72.25
2021-05-18;137.377;0.586;83.227;70.664
2021-05-19;137.292;0.595;84.136;71.485
2021-05-20;137.7;0.535;77.04;65.353
2021-05-21;137.837;0.515;77.243;65.445
2021-05-24;137.872;0.508;77.382;65.514
2021-05-25;138.31;0.449;72.36;61.138
2021-05-26;138.526;0.418;72.22;60.941
2021-05-27;138.372;0.432;70.373;59.427
2021-05-28;138.536;0.409;69.204;58.374
2021-05-31;138.534;0.407;69.052;58.286
2021-06-01;138.657;0.389;66.696;56.302
2021-06-02;138.795;0.368;66.155;55.776
2021-06-03;138.609;0.386;66.008;55.737
2021-06-04;138.763;0.364;65.816;55.503
2021-06-07;138.532;0.392;67.894;57.305
2021-06-08;138.817;0.353;64.888;54.733
2021-06-09;139.037;0.322;63.268;53.312
2021-06-10;139.191;0.295;61.496;51.76
2021-06-11;139.503;0.252;56.972;47.915
2021-06-14;139.236;0.285;58.65;49.415
2021-06-15;139.179;0.29;57.656;48.585
2021-06-16;139.266;0.277;57.384;48.308
2021-06-17;138.908;0.317;61.103;51.492
2021-06-18;138.431;0.378;67.333;56.832
2021-06-21;138.328;0.389;65.912;55.663
2021-06-22;138.154;0.41;68.404;57.797
2021-06-23;138.19;0.403;68.732;58.075
2021-06-24;138.337;0.377;65.882;55.62
2021-06-25;137.957;0.426;68.921;58.326
2021-06-28;138.257;0.384;66.148;55.874
2021-06-29;138.271;0.38;63.814;53.902
2021-06-30;138.63;0.33;61.111;51.581
2021-07-01;138.718;0.312;58.719;49.522
2021-07-02;138.896;0.286;58.427;49.201
2021-07-05;138.694;0.311;58.991;49.737
2021-07-06;139.036;0.263;58.073;48.883
2021-07-07;138.995;0.266;60.812;51.158
2021-07-08;138.788;0.287;63.803;53.76
2021-07-09;138.755;0.289;62.752;52.872
2021-07-12;138.928;0.264;59.628;50.209
2021-07-13;139.077;0.242;56.588;47.613
2021-07-14;139.055;0.243;58.26;49.014
2021-07-15;138.968;0.248;59.775;50.32
2021-07-16;139.082;0.231;58.425;49.158
2021-07-19;139.029;0.235;61.076;51.384
2021-07-20;139.108;0.223;61.604;51.835
2021-07-21;139.066;0.226;60.026;50.488
2021-07-22;139.352;0.181;58.02;48.746
2021-07-23;139.539;0.154;54.57;45.817
2021-07-26;139.482;0.16;54.234;45.571
2021-07-27;139.525;0.152;54.546;45.855
2021-07-28;139.55;0.146;53.465;44.954
2021-07-29;139.479;0.149;54.236;45.57
2021-07-30;139.449;0.151;55.314;46.473
2021-08-02;139.754;0.108;52.993;44.453
2021-08-03;139.796;0.1;52.058;43.652
2021-08-04;139.904;0.083;50.354;42.253
2021-08-05;139.939;0.072;49.188;41.258
2021-08-06;139.691;0.102;49.646;41.668
2021-08-09;139.786;0.088;48.455;40.671
2021-08-10;139.778;0.086;48.643;40.842
2021-08-11;139.613;0.106;51.929;43.635
2021-08-12;139.697;0.088;49.45;41.507
2021-08-13;139.662;0.09;50.429;42.33
2021-08-16;139.534;0.105;51.85;43.552
2021-08-17;139.475;0.111;52.351;43.989
2021-08-18;139.609;0.09;50.812;42.678
2021-08-19;139.51;0.097;52.091;43.755
2021-08-20;139.577;0.085;51.022;42.854
2021-08-23;139.348;0.114;53.804;45.227
2021-08-24;139.408;0.103;52.432;44.05
2021-08-25;138.771;0.187;58.726;49.48
2021-08-26;138.703;0.189;57.854;48.783
2021-08-27;138.937;0.155;54.655;46.015
2021-08-30;139.071;0.135;53.135;44.698
2021-08-31;138.452;0.216;59.078;49.798
2021-09-01;138.548;0.201;57.056;48.077
2021-09-02;138.653;0.18;55.052;46.35
2021-09-03;138.42;0.209;56.731;47.827
2021-09-06;138.465;0.2;55.532;46.812
2021-09-07;138.04;0.256;58.531;49.45
2021-09-08;138.001;0.259;58.854;49.721
2021-09-09;138.447;0.191;53.878;45.453
2021-09-10;138.247;0.216;53.976;45.558
2021-09-13;138.347;0.2;51.929;43.812
2021-09-14;138.611;0.162;48.386;40.812
2021-09-15;138.291;0.203;50.531;42.68
2021-09-16;138.275;0.199;49.085;41.423
2021-09-17;138.133;0.216;48.736;41.224
2021-09-20;138.159;0.21;49.631;41.977
2021-09-21;138.288;0.19;47.496;40.158
2021-09-22;138.472;0.163;44.766;37.73
2021-09-23;138.103;0.206;44.141;37.293
2021-09-24;137.718;0.257;48.149;40.748
2021-09-27;137.575;0.274;49.33;41.715
2021-09-28;137.196;0.324;53.17;45.126
2021-09-29;137.323;0.304;52.158;44.235
2021-09-30;137.082;0.331;54.926;46.627
2021-10-01;137.363;0.29;52.596;44.559
2021-10-04;137.259;0.302;52.86;44.838
2021-10-05;137.095;0.322;52.747;44.771
2021-10-06;136.92;0.344;54.296;46.167
2021-10-07;137.047;0.32;51.064;43.344
2021-10-08;136.936;0.333;49.08;41.664
2021-10-11;136.696;0.364;48.408;41.166
2021-10-12;136.618;0.373;45.396;38.652
2021-10-13;136.66;0.364;46.89;39.909
2021-10-14;137.031;0.306;48.121;40.841
2021-10-15;136.82;0.333;48.048;40.843
2021-10-18;136.489;0.377;46.835;39.888
2021-10-19;136.163;0.42;49.643;42.333
2021-10-20;136.37;0.389;50.013;42.615
2021-10-21;136.135;0.415;48.166;41.087
2021-10-22;136.012;0.43;48.359;41.271
2021-10-25;136.219;0.399;46.27;39.451
2021-10-26;136.055;0.42;48.571;41.442
2021-10-27;136.217;0.395;48.938;41.693
2021-10-28;135.346;0.511;58.354;49.861
2021-10-29;134.559;0.622;65.15;55.816
2021-11-01;134.379;0.645;69.087;59.26
2021-11-02;135.433;0.492;60.944;52.069
2021-11-03;135.484;0.483;58.85;50.29
2021-11-04;136.265;0.365;55.133;46.931
2021-11-05;136.637;0.31;51.515;43.758
2021-11-08;136.572;0.317;48.775;41.461
2021-11-09;136.87;0.272;46.482;39.435
2021-11-10;136.319;0.348;46.883;39.858
2021-11-11;136.105;0.371;45.101;38.328
2021-11-12;136.132;0.365;48.603;41.362
2021-11-15;135.856;0.402;51.327;43.685
2021-11-16;136.057;0.371;48.537;41.303
2021-11-17;136.039;0.371;49.992;42.611
2021-11-18;136.335;0.322;46.069;39.119
2021-11-19;136.666;0.272;45.618;38.669
2021-11-22;136.162;0.342;50.694;43.126
2021-11-23;135.541;0.428;54.355;46.394
2021-11-24;135.459;0.437;55.876;47.786
2021-11-25;135.431;0.434;56.451;48.218
2021-11-26;135.909;0.363;57.129;48.684
2021-11-29;135.833;0.372;54.817;46.727
2021-11-30;135.783;0.377;55.854;47.655
2021-12-01;135.384;0.432;61.174;52.332
2021-12-02;135.687;0.381;58.362;49.758
2021-12-03;135.85;0.355;55.73;47.463
2021-12-06;136.129;0.313;50.747;43.265
2021-12-07;135.841;0.352;53.734;45.837
2021-12-08;135.221;0.439;59.272;50.73
2021-12-09;135.409;0.404;59.649;50.963
2021-12-10;135.671;0.364;54.923;46.833
2021-12-13;136.012;0.313;50.914;43.429
2021-12-14;135.769;0.345;53.68;45.832
2021-12-15;135.812;0.337;50.782;43.383
2021-12-16;135.466;0.38;55.463;47.374
2021-12-17;135.923;0.311;50.283;42.89
2021-12-20;135.733;0.336;51.942;44.389
2021-12-21;135.348;0.389;53.291;45.665
2021-12-22;135.026;0.434;55.441;47.497
2021-12-23;134.536;0.498;58.679;50.275
2021-12-24;134.536;0.496;58.435;50.12
2021-12-27;134.369;0.518;59.501;50.99
2021-12-28;134.478;0.5;56.246;48.317
2021-12-29;134.147;0.546;58.171;50.016
2021-12-30;133.977;0.564;60.819;52.294
2021-12-31;133.977;0.562;60.471;51.929
2022-01-03;133.793;0.587;59.819;51.456
2022-01-04;133.696;0.599;61.481;52.908
2022-01-05;133.599;0.611;64.445;55.564
2022-01-06;133.329;0.644;64.766;55.79
2022-01-07;133.12;0.673;65.994;56.928
2022-01-10;133.263;0.649;61.723;53.202
2022-01-11;133.107;0.67;62.053;53.479
2022-01-12;133.336;0.634;64.258;52.918
2022-01-13;133.511;0.6;59.857;51.528
2022-01-14;133.205;0.644;59.438;51.248
2022-01-17;133.102;0.657;59.485;51.282
2022-01-18;133.002;0.67;61.238;52.801
2022-01-19;132.868;0.687;62.668;54.059
2022-01-20;133.04;0.655;59.252;51.036
2022-01-21;133.126;0.639;59.842;51.493
2022-01-24;133.154;0.633;61.161;52.719
2022-01-25;133.201;0.623;57.552;49.643
2022-01-26;132.966;0.656;61.156;52.736
2022-01-27;133.15;0.622;53.789;46.235
2022-01-28;133.114;0.625;51.199;44.023
2022-01-31;132.977;0.643;45.839;39.502
2022-02-01;132.63;0.693;49.063;42.293
2022-02-02;132.426;0.722;49.441;42.675
2022-02-03;130.981;0.936;60.216;52.355
2022-02-04;129.948;1.093;66.574;58.012
2022-02-07;129.768;1.119;66.653;58.098
2022-02-08;129.409;1.173;65.468;57.239
2022-02-09;130.012;1.077;60.703;52.857
2022-02-10;129.228;1.193;62.841;55.032
2022-02-11;128.762;1.264;66.712;58.564
2022-02-14;128.728;1.268;67.205;58.957
2022-02-15;128.897;1.239;67.097;58.825
2022-02-16;129.19;1.19;66.026;57.813
2022-02-17;129.679;1.107;59.983;52.447
2022-02-18;129.722;1.098;62.728;54.854
2022-02-21;129.338;1.156;66.753;58.53
2022-02-22;129.244;1.169;63.072;55.426
2022-02-23;129.032;1.2;64.559;56.778
2022-02-24;129.791;1.074;55.925;49.003
2022-02-25;129.653;1.094;52.559;46.043
2022-02-28;130.418;0.971;52.407;45.897
2022-03-01;132.437;0.657;36.579;31.757
2022-03-02;131.564;0.789;39.713;34.654
2022-03-03;131.474;0.796;40.779;35.522
2022-03-04;131.622;0.77;40.902;35.829
2022-03-07;131.257;0.825;45.007;39.529
2022-03-08;131.288;0.817;35.165;31.015
2022-03-09;130.811;0.889;35.343;30.956
2022-03-10;129.305;1.12;50.716;44.609
2022-03-11;129.514;1.085;44.626;39.116
2022-03-14;128.907;1.179;46.354;40.784
2022-03-15;129.351;1.106;42.352;37.277
2022-03-16;129.342;1.105;39.228;34.442
2022-03-17;129.253;1.113;42.709;37.439
2022-03-18;129.315;1.101;40.822;35.768
2022-03-21;128.761;1.187;42.541;37.451
2022-03-22;128.635;1.205;39.548;34.752
2022-03-23;128.825;1.172;40.606;35.697
2022-03-24;128.337;1.244;39.66;34.961
2022-03-25;128.129;1.276;35.094;30.974
2022-03-28;127.816;1.324;39.074;34.566
2022-03-29;127.496;1.374;36.749;32.587
2022-03-30;127.109;1.435;38.951;34.537
2022-03-31;127.644;1.341;39.953;35.294
2022-04-01;127.326;1.391;44.094;38.918
2022-04-04;127.426;1.373;44.467;39.183
2022-04-05;126.44;1.532;49.849;44.386
2022-04-06;126.32;1.55;50.517;44.963
2022-04-07;126.092;1.582;49.86;44.382
2022-04-08;125.667;1.65;50.303;44.975
2022-04-11;125.274;1.714;48.161;43.125
2022-04-12;125.761;1.631;42.42;37.806
2022-04-13;125.935;1.592;40.646;36.306
2022-04-14;125.554;1.653;41.73;37.282
2022-04-15;125.554;1.653;40.927;36.527
2022-04-18;125.554;1.653;40.921;36.529
2022-04-19;125.349;1.685;40.939;36.664
2022-04-20;125.559;1.648;40.674;36.457
2022-04-21;124.862;1.759;42.331;38.081
2022-04-22;124.408;1.834;43.649;39.312
2022-04-25;125.025;1.728;46.923;42.074
2022-04-26;125.161;1.703;45.09;40.411
2022-04-27;125.141;1.704;46.776;41.962
2022-04-28;124.324;1.837;49.38;44.464
2022-04-29;123.958;1.898;50.105;45.054
2022-05-02;123.511;1.972;55.955;50.286
2022-05-03;123.277;2.011;57.478;51.662
2022-05-04;122.696;2.109;68.449;61.854
2022-05-05;122.308;2.171;71.218;64.537
2022-05-06;121.724;2.272;70.359;64.042
2022-05-09;121.799;2.257;72.257;65.553
2022-05-10;122.648;2.107;65.731;59.599
2022-05-11;123.35;1.983;57.544;52.115
2022-05-12;124.369;1.802;57.098;51.389
2022-05-13;123.678;1.919;64.73;58.398
2022-05-16;123.673;1.917;65.294;58.903
2022-05-17;122.897;2.05;68.947;62.272
2022-05-18;122.75;2.074;72.25;64.926
2022-05-19;122.925;2.038;69.363;61.878
2022-05-20;122.441;2.12;83.909;75.464
2022-05-23;122.211;2.159;80.821;72.704
2022-05-24;122.522;2.102;80.017;71.873
2022-05-25;122.761;2.059;76.286;68.218
2022-05-26;123.186;1.979;64.428;57.355
2022-05-27;123.114;1.989;68.607;61.417
2022-05-30;122.491;2.097;71.196;63.894
2022-05-31;121.827;2.212;75.974;68.339
2022-06-01;121.296;2.305;79.439;71.603
2022-06-02;120.697;2.406;82.366;74.35
2022-06-03;120.194;2.495;86.431;78.427
2022-06-06;120.078;2.514;85.566;77.657
2022-06-07;120.525;2.432;79.426;71.633
2022-06-08;120.167;2.495;80.1;72.545
2022-06-09;118.696;2.758;97.08;88.416
2022-06-10;117.519;2.975;105.701;96.707
2022-06-13;115.767;3.304;118.58;110.087
2022-06-14;115.063;3.437;115.977;106.969
2022-06-15;117.361;3.0;88.074;80.211
2022-06-16;117.582;2.954;73.473;66.136
2022-06-17;118.508;2.78;65.498;58.289
2022-06-20;118.137;2.847;62.384;55.727
2022-06-21;118.204;2.833;60.4;53.935
2022-06-22;118.984;2.687;58.188;51.608
2022-06-23;119.971;2.501;64.42;57.012
2022-06-24;119.679;2.553;70.873;63.535
2022-06-27;119.256;2.629;66.8;60.207
2022-06-28;119.089;2.658;62.701;56.626
2022-06-29;120.004;2.488;55.496;49.188
2022-06-30;120.683;2.359;65.9;59.028
2022-07-01;121.761;2.162;56.979;50.728
2022-07-04;120.97;2.303;58.094;51.695
2022-07-05;121.604;2.187;58.114;51.705
2022-07-06;121.728;2.162;63.958;57.013
2022-07-07;120.684;2.346;67.327;60.529
2022-07-08;120.839;2.316;63.56;56.706
2022-07-11;121.239;2.241;64.721;57.38
2022-07-12;121.754;2.146;65.346;57.197
2022-07-13;121.388;2.211;67.403;60.154
2022-07-14;120.617;2.345;77.766;69.591
2022-07-15;120.345;2.393;85.908;76.207
2022-07-18;120.502;2.363;75.536;67.058
2022-07-19;119.966;2.46;77.062;68.942
2022-07-20;119.483;2.547;88.749;79.022
2022-07-21;118.471;2.731;107.364;97.04
2022-07-22;119.972;2.45;100.994;89.524
2022-07-25;120.075;2.429;103.167;91.983
2022-07-26;120.314;2.383;107.222;95.734
2022-07-27;119.792;2.478;110.831;99.533
2022-07-28;120.757;2.294;107.817;95.767
2022-07-29;121.75;2.111;88.489;77.839
2022-08-01;122.528;1.968;72.615;63.413
2022-08-02;122.018;2.058;76.581;67.568
2022-08-03;122.209;2.021;66.205;58.043
2022-08-04;122.614;1.942;65.706;56.958
2022-08-05;122.179;2.019;53.861;46.895
2022-08-08;122.044;2.041;59.515;51.725
2022-08-09;121.831;2.078;61.034;53.154
2022-08-10;122.06;2.035;59.599;51.406
2022-08-11;121.946;2.049;56.638;48.928
2022-08-12;121.628;2.106;60.489;52.526
2022-08-15;121.943;2.046;62.017;54.072
2022-08-16;121.15;2.19;73.195;64.476
2022-08-17;120.014;2.398;79.454;70.996
2022-08-18;119.913;2.412;77.796;69.193
2022-08-19;119.202;2.544;76.511;68.059
2022-08-22;118.455;2.683;77.332;68.977
2022-08-23;118.572;2.659;76.854;68.472
2022-08-24;118.308;2.708;73.245;65.346
2022-08-25;119.146;2.544;64.588;56.876
2022-08-26;118.26;2.71;69.742;62.587
2022-08-29;117.55;2.845;67.372;60.851
2022-08-30;117.364;2.879;69.74;61.948
2022-08-31;116.937;2.96;76.939;69.094
2022-09-01;116.846;2.973;80.871;72.892
2022-09-02;117.456;2.853;71.311;63.438
2022-09-05;116.907;2.958;73.397;65.762
2022-09-06;116.655;3.006;72.973;65.218
2022-09-07;117.171;2.904;69.65;61.75
2022-09-08;116.42;3.046;73.603;66.982
2022-09-09;116.196;3.088;75.942;68.73
2022-09-12;116.366;3.053;80.176;72.335
2022-09-13;116.114;3.101;71.77;64.682
2022-09-14;115.897;3.142;74.224;67.313
2022-09-15;115.52;3.213;75.883;69.045
2022-09-16;115.562;3.203;77.948;70.534
2022-09-19;115.309;3.252;77.979;70.056
2022-09-20;114.779;3.356;76.993;69.846
2022-09-21;114.742;3.362;71.89;64.79
2022-09-22;114.533;3.4;64.057;58.286
2022-09-23;113.507;3.607;75.339;69.244
2022-09-26;112.55;3.802;80.632;75.074
2022-09-27;111.708;3.976;90.755;84.291
2022-09-28;113.033;3.7;71.269;65.479
2022-09-29;112.654;3.775;81.329;75.847
2022-09-30;113.323;3.635;71.511;66.201
2022-10-03;114.58;3.378;66.978;61.208
2022-10-04;115.036;3.284;66.174;60.441
2022-10-05;113.679;3.558;74.97;69.964
2022-10-06;113.204;3.652;71.615;66.568
2022-10-07;112.176;3.864;81.191;75.937
2022-10-10;113.008;3.69;52.776;48.672
2022-10-11;112.783;3.735;63.565;58.768
2022-10-12;112.644;3.763;70.005;64.983
2022-10-13;112.669;3.754;66.554;62.151
2022-10-14;112.249;3.84;72.052;67.641
2022-10-17;112.636;3.758;67.557;63.272
2022-10-18;112.534;3.778;72.136;67.711
2022-10-19;112.022;3.884;75.35;71.017
2022-10-20;112.067;3.871;73.287;69.274
2022-10-21;112.193;3.843;77.486;73.215
2022-10-24;112.887;3.697;67.949;63.87
2022-10-25;113.79;3.508;62.62;58.594
2022-10-26;113.953;3.473;61.864;57.922
2022-10-27;115.517;3.149;46.127;42.962
2022-10-28;114.554;3.344;46.874;44.001
2022-10-31;114.099;3.436;55.935;51.68
2022-11-01;114.328;3.387;50.773;46.416
2022-11-02;114.153;3.422;52.527;47.856
2022-11-03;113.45;3.563;56.671;51.83
2022-11-04;113.191;3.616;59.433;54.05
2022-11-07;113.011;3.652;61.905;56.303
2022-11-08;113.386;3.572;60.879;55.074
2022-11-09;113.827;3.479;63.749;57.468
2022-11-10;115.2;3.191;48.92;43.509
2022-11-11;114.131;3.41;62.094;56.357
2022-11-14;114.326;3.368;60.158;54.201
2022-11-15;114.806;3.267;54.5;49.195
2022-11-16;115.256;3.173;54.071;48.476
2022-11-17;115.243;3.171;47.914;43.092
2022-11-18;115.348;3.148;43.66;38.64
2022-11-21;115.038;3.21;51.701;46.445
2022-11-22;115.131;3.189;53.524;48.154
2022-11-23;115.379;3.136;49.258;43.955
2022-11-24;115.856;3.033;45.491;40.303
2022-11-25;115.106;3.186;51.379;46.128
2022-11-28;114.872;3.233;55.531;49.458
2022-11-29;115.364;3.129;51.487;45.476
2022-11-30;115.131;3.176;55.44;49.535
2022-12-01;115.999;2.992;48.817;43.546
2022-12-02;115.706;3.051;47.417;42.267
2022-12-05;115.625;3.066;46.525;41.231
2022-12-06;116.075;2.971;42.33;37.229
2022-12-07;116.542;2.874;34.47;29.917
2022-12-08;116.07;2.965;40.617;35.791
2022-12-09;115.293;3.124;49.852;44.274
2022-12-12;115.249;3.131;47.574;41.782
2022-12-13;115.458;3.086;44.031;38.917
2022-12-14;115.215;3.135;53.362;47.258
2022-12-15;113.6;3.469;67.929;62.283
2022-12-16;113.061;3.582;72.297;65.845
2022-12-19;112.874;3.621;75.719;68.752
2022-12-20;112.411;3.719;76.175;69.398
2022-12-21;112.602;3.676;67.84;61.4
2022-12-22;112.529;3.686;64.634;58.557
2022-12-23;112.347;3.724;62.118;56.429
2022-12-26;112.347;3.724;62.698;56.331
2022-12-27;111.964;3.806;62.102;56.496
2022-12-28;112.118;3.771;62.669;56.625
2022-12-29;112.384;3.709;62.158;56.159
2022-12-30;111.738;3.848;65.495;60.005
2023-01-02;112.292;3.726;64.874;58.695
2023-01-03;112.411;3.699;69.65;63.253
2023-01-04;113.426;3.479;60.3;53.634
2023-01-05;113.039;3.558;60.601;54.399
2023-01-06;113.427;3.473;60.651;54.149
2023-01-09;113.534;3.448;57.359;51.155
2023-01-10;113.367;3.482;55.991;49.952
2023-01-11;114.065;3.331;52.838;46.221
2023-01-12;114.179;3.302;55.389;49.361
2023-01-13;114.189;3.298;54.786;48.38
2023-01-16;114.194;3.296;54.993;48.753
2023-01-17;114.852;3.154;51.604;44.931
2023-01-18;115.221;3.074;43.954;38.174
2023-01-19;115.016;3.113;41.376;36.169
2023-01-20;114.133;3.299;51.12;45.268
2023-01-23;113.986;3.329;48.844;43.067
2023-01-24;114.408;3.237;43.122;37.526
2023-01-25;114.288;3.261;46.523;40.547
2023-01-26;113.946;3.33;48.858;43.586
2023-01-27;113.587;3.405;54.349;48.645
2023-01-30;113.048;3.521;57.428;51.574
2023-01-31;113.274;3.47;55.882;49.776
2023-02-01;113.262;3.471;56.891;50.712
2023-02-02;114.87;3.12;41.803;36.109
2023-02-03;114.488;3.2;40.263;35.147
2023-02-06;113.875;3.33;42.873;37.571
2023-02-07;113.363;3.44;48.628;43.204
2023-02-08;113.404;3.429;50.223;44.541
2023-02-09;113.731;3.353;45.477;40.01
2023-02-10;113.325;3.44;47.341;42.203
2023-02-13;113.416;3.419;42.208;37.18
2023-02-14;113.04;3.5;41.585;36.454
2023-02-15;112.663;3.581;47.307;41.797
2023-02-16;112.56;3.599;48.819;43.38
2023-02-17;112.627;3.583;47.843;42.42
2023-02-20;112.456;3.619;49.266;43.784
2023-02-21;111.905;3.741;55.029;48.872
2023-02-22;111.937;3.732;53.89;48.349
2023-02-23;112.07;3.698;51.959;46.997
2023-02-24;111.555;3.812;55.126;50.121
2023-02-27;111.762;3.764;45.778;40.926
2023-02-28;111.453;3.832;45.694;40.739
2023-03-01;110.854;3.966;52.858;47.901
2023-03-02;110.648;4.009;55.152;50.085
2023-03-03;110.955;3.938;50.23;45.791
2023-03-06;110.672;4.001;53.192;48.801
2023-03-07;110.783;3.974;53.375;48.927
2023-03-08;111.133;3.893;46.51;42.113
2023-03-09;111.345;3.841;45.254;40.838
2023-03-10;111.687;3.762;46.103;41.516
2023-03-13;112.499;3.578;46.364;40.445
2023-03-14;112.062;3.675;44.287;42.47
2023-03-15;112.874;3.491;50.123;44.413
2023-03-16;112.644;3.538;45.106;42.808
2023-03-17;113.32;3.386;44.859;41.524
2023-03-20;113.817;3.274;35.613;32.403
2023-03-21;113.221;3.404;35.924;33.929
2023-03-22;112.825;3.491;38.787;36.022
2023-03-23;113.343;3.371;38.15;34.528
2023-03-24;113.701;3.289;39.565;35.713
2023-03-27;113.529;3.326;36.482;33.556
2023-03-28;113.174;3.404;39.528;36.086
2023-03-29;113.001;3.441;40.877;37.013
2023-03-30;112.441;3.562;43.655;40.343
2023-03-31;112.937;3.449;39.084;35.59
2023-04-03;112.982;3.437;41.787;38.098
2023-04-04;113.04;3.422;45.939;41.551
2023-04-05;113.391;3.335;43.028;39.693
2023-04-06;113.323;3.349;43.2;40.085
2023-04-07;113.323;3.349;43.453;40.243
2023-04-10;113.323;3.349;43.718;40.221
2023-04-11;112.678;3.493;45.692;42.504
2023-04-12;112.423;3.549;44.67;41.493
2023-04-13;112.399;3.55;46.125;42.881
2023-04-14;112.046;3.629;47.943;44.818
2023-04-17;112.068;3.623;44.235;40.953
2023-04-18;112.001;3.636;42.189;39.176
2023-04-19;111.696;3.705;43.377;40.451
2023-04-20;111.9;3.654;43.03;40.251
2023-04-21;111.713;3.695;45.593;42.852
2023-04-24;111.54;3.734;45.39;42.666
2023-04-25;112.009;3.624;45.711;42.87
2023-04-26;112.145;3.591;42.825;40.179
2023-04-27;111.741;3.678;48.012;45.517
2023-04-28;112.488;3.504;43.013;40.34
2023-05-01;112.488;3.504;42.662;39.979
2023-05-02;112.53;3.493;47.143;44.509
2023-05-03;112.699;3.453;43.066;40.396
2023-05-04;112.948;3.391;47.858;44.85
2023-05-05;112.606;3.467;47.072;45.101
2023-05-08;112.394;3.515;48.686;46.306
2023-05-09;112.276;3.54;49.503;47.15
2023-05-10;112.574;3.47;48.742;46.16
2023-05-11;112.829;3.406;47.112;44.65
2023-05-12;112.471;3.487;49.865;47.269
2023-05-15;112.442;3.492;49.944;47.048
2023-05-16;112.232;3.539;49.258;46.577
2023-05-17;112.214;3.542;46.857;44.162
2023-05-18;111.769;3.64;48.116;45.54
2023-05-19;111.941;3.599;43.904;41.328
2023-05-22;111.646;3.666;47.61;44.74
2023-05-23;111.642;3.665;45.995;43.023
2023-05-24;111.521;3.692;46.42;43.376
2023-05-25;111.248;3.752;46.681;43.748
2023-05-26;111.276;3.744;43.322;40.712
2023-05-29;111.683;3.646;41.702;38.574
2023-05-30;112.146;3.536;41.081;37.927
2023-05-31;112.541;3.442;37.782;34.995
2023-06-01;112.715;3.396;37.428;35.17
2023-06-02;112.78;3.38;27.249;25.662
2023-06-05;112.445;3.456;30.887;28.804
2023-06-06;112.402;3.464;34.957;32.798
2023-06-07;111.903;3.58;38.162;35.921
2023-06-08;112.184;3.509;36.638;34.461
2023-06-09;112.443;3.446;29.993;28.075
2023-06-12;112.659;3.394;;
2023-06-13;112.55;3.418;21.985;19.827
2023-06-14;112.247;3.487;25.406;23.246
2023-06-15;111.781;3.593;26.425;24.584
2023-06-16;112.037;3.53;21.587;19.918
2023-06-19;111.758;3.595;24.245;21.802
2023-06-20;111.926;3.553;27.694;24.686
2023-06-21;111.83;3.575;25.829;23.303
2023-06-22;111.392;3.674;27.918;25.57
2023-06-23;111.928;3.545;28.108;25.187
2023-06-26;112.068;3.51;27.731;24.676
2023-06-27;111.803;3.571;27.068;24.088
2023-06-28;111.804;3.569;31.551;28.179
2023-06-29;111.247;3.698;34.173;31.62
2023-06-30;111.281;3.688;34.334;31.636
2023-07-03;110.975;3.76;35.613;32.562
2023-07-04;110.945;3.766;37.732;34.848
2023-07-05;111.165;3.711;32.605;29.815
2023-07-06;110.439;3.883;35.782;33.506
2023-07-07;110.661;3.827;32.0;29.359
2023-07-10;110.441;3.879;36.669;33.732
2023-07-11;110.307;3.911;39.341;36.343
2023-07-12;110.939;3.755;33.916;30.731
2023-07-13;111.43;3.631;29.481;26.915
2023-07-14;111.211;3.683;30.731;28.315
2023-07-17;111.276;3.665;31.994;29.014
2023-07-18;111.876;3.519;27.662;24.642
2023-07-19;111.673;3.566;28.226;25.533
2023-07-20;111.399;3.627;27.933;25.643
2023-07-21;111.554;3.588;26.032;23.568
2023-07-24;111.748;3.539;28.21;25.176
2023-07-25;111.653;3.561;29.928;26.855
2023-07-26;111.402;3.62;28.989;26.19
2023-07-27;111.568;3.575;28.251;25.664
2023-07-28;111.557;3.576;29.416;26.673
2023-07-31;111.62;3.559;27.773;26.391
2023-08-01;111.444;3.6;29.925;27.185
2023-08-02;111.514;3.581;30.766;27.848
2023-08-03;111.219;3.648;33.014;30.506
2023-08-04;111.314;3.623;31.662;29.369
2023-08-07;111.255;3.636;31.284;28.593
2023-08-08;111.632;3.542;29.319;27.137
2023-08-09;111.546;3.562;29.535;27.187
2023-08-10;111.512;3.565;26.826;25.147
2023-08-11;111.225;3.634;25.968;24.392
2023-08-14;111.054;3.674;28.158;26.014
2023-08-15;110.779;3.741;31.679;29.584
2023-08-16;110.762;3.743;34.849;32.298
2023-08-17;110.539;3.794;34.947;33.249
2023-08-18;110.885;3.706;33.172;31.296
2023-08-21;110.648;3.764;33.223;31.332
2023-08-22;110.905;3.698;31.687;29.561
2023-08-23;111.47;3.557;30.264;27.677
2023-08-24;111.387;3.572;31.697;29.609
2023-08-25;111.038;3.657;33.045;31.044
2023-08-28;111.03;3.657;33.0;30.854
2023-08-29;111.285;3.592;31.956;29.591
2023-08-30;111.106;3.635;33.407;31.085
2023-08-31;111.487;3.535;32.193;29.554
2023-09-01;111.194;3.606;34.798;32.668
2023-09-04;110.965;3.662;38.249;35.49
2023-09-05;110.884;3.681;39.65;36.986
2023-09-06;110.575;3.757;42.469;40.008
2023-09-07;110.797;3.696;38.674;36.777
2023-09-08;110.704;3.718;40.789;38.685
2023-09-11;110.576;3.748;42.778;40.131
2023-09-12;110.465;3.775;42.42;40.007
2023-09-13;110.155;3.852;46.768;44.172
2023-09-14;110.559;3.745;42.311;40.18
2023-09-15;110.142;3.849;48.285;45.655
2023-09-18;109.986;3.887;47.467;44.788
2023-09-19;109.927;3.901;46.794;44.043
2023-09-20;110.139;3.845;44.232;41.541
2023-09-21;109.875;3.908;47.124;44.857
2023-09-22;109.734;3.942;51.369;48.849
2023-09-25;109.656;3.961;53.194;49.897
2023-09-26;109.324;4.045;61.177;57.899
2023-09-27;109.142;4.091;62.892;59.127
2023-09-28;108.878;4.155;61.599;58.732
2023-09-29;109.236;4.061;61.147;58.119
2023-10-02;109.231;4.061;56.511;53.243
2023-10-03;108.925;4.139;62.739;59.415
2023-10-04;109.158;4.077;59.552;56.293
2023-10-05;109.033;4.105;66.398;63.404
2023-10-06;109.003;4.111;68.543;65.479
2023-10-09;109.27;4.04;71.232;68.067
2023-10-10;109.605;3.952;60.589;57.712
2023-10-11;109.568;3.96;61.001;58.42
2023-10-12;109.215;4.047;63.596;60.99
2023-10-13;109.149;4.063;67.139;64.147
2023-10-16;109.254;4.034;63.432;60.605
2023-10-17;108.814;4.148;66.343;63.532
2023-10-18;108.54;4.219;71.088;68.439
2023-10-19;108.658;4.184;66.137;63.636
2023-10-20;108.782;4.15;68.498;65.751
2023-10-23;109.072;4.072;62.64;60.044
2023-10-24;109.11;4.06;66.507;63.71
2023-10-25;108.828;4.133;71.39;68.527
2023-10-26;109.114;4.053;68.858;66.022
2023-10-27;109.313;3.999;68.37;65.44
2023-10-30;109.69;3.899;60.238;57.62
2023-10-31;109.65;3.908;62.385;59.89
2023-11-01;109.898;3.841;62.005;59.586
2023-11-02;110.105;3.781;57.509;55.423
2023-11-03;110.358;3.714;56.434;54.459
2023-11-06;109.917;3.827;62.674;60.456
2023-11-07;110.11;3.775;60.456;58.19
2023-11-08;110.218;3.745;57.343;55.259
2023-11-09;110.169;3.752;57.348;55.595
2023-11-10;109.898;3.822;58.863;56.952
2023-11-13;109.951;3.806;56.246;54.17
2023-11-14;110.45;3.673;53.152;50.844
2023-11-15;110.387;3.688;51.961;50.013
2023-11-16;110.756;3.586;46.866;45.415
2023-11-17;110.717;3.594;45.924;44.62
2023-11-20;110.735;3.588;44.104;42.771
2023-11-21;110.812;3.566;45.318;43.715
2023-11-22;110.669;3.601;45.511;44.024
2023-11-23;110.413;3.663;46.65;45.536
2023-11-24;110.388;3.668;45.369;44.206
2023-11-27;110.854;3.543;42.583;41.41
2023-11-28;111.045;3.491;43.145;42.18
2023-11-29;111.424;3.39;40.89;39.496
2023-11-30;111.265;3.425;44.051;43.385
2023-12-01;111.945;3.246;39.273;38.655
2023-12-04;111.804;3.28;43.16;42.617
2023-12-05;112.122;3.195;44.042;43.065
2023-12-06;112.175;3.179;42.512;41.699
2023-12-07;112.236;3.157;42.518;42.138
2023-12-08;111.725;3.289;47.96;47.612
2023-12-11;111.721;3.288;47.822;46.749
2023-12-12;111.806;3.263;47.38;46.233
2023-12-13;112.046;3.198;45.754;44.612
2023-12-14;112.677;3.027;37.596;37.333
2023-12-15;112.792;2.995;42.937;42.569
2023-12-18;112.739;3.006;38.358;38.062
2023-12-19;113.144;2.899;32.17;31.687
2023-12-20;113.304;2.855;32.641;32.049
2023-12-21;113.318;2.84;31.66;32.071
2023-12-22;113.603;2.763;26.593;27.257
2023-12-25;113.603;2.763;27.238;27.207
2023-12-27;113.671;2.743;29.388;28.905
2023-12-28;113.403;2.803;35.042;35.12
2023-12-29;113.196;2.855;35.809;36.01
2024-01-01;113.196;2.855;36.539;35.943
2024-01-02;113.003;2.903;38.328;37.363
2024-01-03;112.996;2.903;42.557;41.173
2024-01-04;112.509;3.024;43.163;42.457
2024-01-05;112.341;3.066;42.787;41.922
2024-01-08;112.427;3.041;43.5;41.75
2024-01-09;112.225;3.092;42.363;41.101
2024-01-10;112.218;3.092;39.281;38.347
2024-01-11;112.384;3.041;36.153;35.395
2024-01-12;112.732;2.947;35.775;34.983
2024-01-15;112.489;3.009;37.514;36.568
2024-01-16;112.443;3.019;37.433;36.712
2024-01-17;111.928;3.154;42.464;41.773
2024-01-18;111.998;3.129;38.589;37.781
2024-01-19;112.008;3.124;33.225;33.055
2024-01-22;112.194;3.072;34.049;33.03
2024-01-23;112.001;3.121;35.097;33.834
2024-01-24;112.044;3.107;34.608;33.504
2024-01-25;112.391;3.007;32.601;31.647
2024-01-26;112.416;2.998;30.8;30.271
2024-01-29;112.696;2.921;29.598;28.359
2024-01-30;112.444;2.986;32.513;31.651
2024-01-31;112.699;2.916;32.903;31.678
2024-02-01;112.553;2.948;34.599;33.844
2024-02-02;112.179;3.046;35.072;34.826
2024-02-05;111.958;3.104;35.037;33.635
2024-02-06;112.039;3.08;34.918;33.295
2024-02-07;111.902;3.114;35.56;34.287
2024-02-08;111.705;3.161;36.374;35.639
2024-02-09;111.428;3.235;38.791;38.043
2024-02-12;111.671;3.166;36.013;34.611
2024-02-13;111.445;3.226;35.762;35.072
2024-02-14;111.682;3.159;34.337;33.241
2024-02-15;111.614;3.171;32.951;32.117
2024-02-16;111.453;3.213;31.51;31.283
2024-02-19;111.4;3.225;34.037;32.96
2024-02-20;111.593;3.17;32.82;31.513
2024-02-21;111.268;3.257;35.272;34.301
2024-02-22;111.173;3.277;32.928;32.794
2024-02-23;111.487;3.188;31.113;30.685
2024-02-26;111.183;3.27;31.792;31.392
2024-02-27;111.185;3.267;30.398;29.96
2024-02-28;111.25;3.247;29.412;28.803
2024-02-29;111.261;3.237;30.77;30.552
2024-03-01;111.103;3.279;35.773;35.503
2024-03-04;111.262;3.232;33.434;32.665
2024-03-05;111.543;3.152;30.5;29.497
2024-03-06;111.703;3.105;26.408;25.811
2024-03-07;111.786;3.075;25.544;25.238
2024-03-08;112.018;3.009;25.845;25.45
2024-03-11;111.861;3.05;26.922;26.301
2024-03-12;111.893;3.039;22.766;22.108
2024-03-13;111.909;3.032;18.693;18.46
2024-03-14;111.543;3.127;22.055;21.976
2024-03-15;111.414;3.161;22.24;22.272
2024-03-18;111.499;3.135;19.489;19.183
2024-03-19;111.437;3.15;23.294;22.667
2024-03-20;111.389;3.161;23.555;22.947
2024-03-21;111.518;3.118;23.404;23.019
2024-03-22;111.61;3.09;25.915;25.539
2024-03-25;111.441;3.135;25.862;25.324
2024-03-26;111.555;3.1;23.927;23.168
2024-03-27;111.641;3.065;24.461;24.42
2024-03-28;111.41;3.127;30.605;30.262
2024-03-29;111.41;3.127;30.062;29.649
2024-04-02;111.224;3.178;33.29;31.883
2024-04-03;111.155;3.195;33.66;32.433
2024-04-04;111.347;3.134;28.35;27.526
2024-04-05;111.146;3.189;30.961;30.157
2024-04-08;111.035;3.218;29.289;28.132
2024-04-09;111.225;3.162;27.805;26.474
2024-04-10;110.992;3.226;26.474;25.664
2024-04-11;110.791;3.277;28.94;28.053
2024-04-12;111.189;3.16;26.357;25.363
2024-04-15;110.871;3.249;29.042;27.936
2024-04-16;110.642;3.313;29.864;28.603
2024-04-17;110.641;3.311;31.295;29.913
2024-04-18;110.515;3.341;30.485;29.296
2024-04-19;110.451;3.357;31.46;30.203
2024-04-22;110.747;3.269;25.219;24.01
2024-04-23;110.731;3.272;24.339;23.163
2024-04-24;110.389;3.369;28.319;27.016
2024-04-25;110.161;3.429;30.751;29.347
2024-04-26;110.423;3.35;26.666;25.337
2024-04-29;110.595;3.295;24.72;23.582
2024-04-30;110.316;3.375;25.498;24.656
2024-05-02;110.461;3.325;24.524;23.304
2024-05-03;110.668;3.262;25.021;24.107
2024-05-06;110.722;3.244;25.011;24.128
2024-05-07;110.773;3.227;26.007;24.902
2024-05-08;110.657;3.259;25.606;24.625
2024-05-09;110.548;3.284;26.658;25.779
2024-05-10;110.451;3.31;26.62;25.951
2024-05-13;110.459;3.305;27.846;26.73
2024-05-14;110.367;3.33;27.552;26.499
2024-05-15;110.814;3.196;24.243;23.229
2024-05-16;110.673;3.23;23.534;22.99
2024-05-17;110.481;3.285;23.111;22.712
2024-05-20;110.498;3.277;21.518;20.911
2024-05-21;110.526;3.267;23.17;22.475
2024-05-22;110.413;3.298;22.997;22.328
2024-05-23;110.107;3.382;24.586;24.398
2024-05-24;110.018;3.406;25.967;25.769
2024-05-27;110.246;3.336;23.459;23.037
2024-05-28;110.076;3.384;25.985;25.808
2024-05-29;109.844;3.451;27.584;27.102
2024-05-30;109.997;3.399;24.551;24.788
2024-05-31;109.894;3.427;25.543;26.009
2024-06-03;110.18;3.339;25.712;25.389
2024-06-04;110.264;3.312;27.287;26.712
2024-06-05;110.349;3.284;25.523;25.166
2024-06-06;110.133;3.342;26.631;26.901
2024-06-07;109.776;3.447;30.484;30.752
2024-06-10;109.61;3.495;32.604;32.171
2024-06-11;109.64;3.484;34.844;34.213
2024-06-12;110.062;3.354;31.064;30.177
2024-06-13;109.976;3.373;36.225;35.986
2024-06-14;110.004;3.362;40.729;40.366
2024-06-17;110.01;3.358;38.084;37.676
2024-06-18;110.147;3.314;36.323;36.138
2024-06-19;110.007;3.354;38.8;38.47
2024-06-20;110.003;3.348;35.31;35.698
2024-06-21;110.068;3.326;36.076;36.197
2024-06-24;110.087;3.318;35.32;35.374
2024-06-25;110.097;3.312;35.14;35.032
2024-06-26;109.958;3.352;36.232;35.822
2024-06-27;109.881;3.369;37.311;37.354
2024-06-28;109.804;3.39;37.985;37.99
2024-07-01;109.721;3.413;35.133;34.954
2024-07-02;109.868;3.366;32.988;32.785
2024-07-03;109.958;3.336;31.845;31.506
2024-07-04;109.867;3.357;30.821;31.006
2024-07-05;110.092;3.285;29.883;30.019
2024-07-08;110.19;3.252;26.312;26.161
2024-07-09;110.051;3.293;28.106;27.948
2024-07-10;110.29;3.217;23.904;23.586
2024-07-11;110.583;3.119;22.828;22.864
2024-07-12;110.529;3.133;21.012;21.305
2024-07-15;110.702;3.078;19.17;19.294
2024-07-16;110.782;3.05;20.755;20.79
2024-07-17;110.671;3.082;23.023;23.154
2024-07-18;110.665;3.076;22.803;23.373
2024-07-19;110.578;3.1;23.134;23.393
2024-07-22;110.528;3.113;21.219;21.253
2024-07-23;110.635;3.077;22.753;22.453
2024-07-24;110.645;3.072;25.86;24.999
2024-07-25;110.698;3.048;24.727;24.686
2024-07-26;110.735;3.033;24.791;25.069
2024-07-29;110.903;2.979;22.842;22.454
2024-07-30;110.967;2.956;25.077;24.404
2024-07-31;111.123;2.905;22.252;21.724
2024-08-01;111.161;2.885;25.282;25.209
2024-08-02;111.338;2.828;26.506;25.492
2024-08-05;111.158;2.881;31.506;30.329
2024-08-06;111.215;2.86;28.723;29.396
2024-08-07;111.107;2.891;29.171;28.815
2024-08-08;111.104;2.884;28.584;28.609
2024-08-09;111.204;2.85;27.199;27.955
2024-08-12;111.19;2.851;28.242;28.169
2024-08-13;111.408;2.781;26.217;25.808
2024-08-14;111.385;2.785;26.723;26.917
2024-08-15;111.071;2.874;25.986;27.477
2024-08-16;111.063;2.874;27.6;29.002
2024-08-19;111.154;2.843;25.11;25.571
2024-08-20;111.217;2.82;27.029;27.061
2024-08-21;111.392;2.763;25.054;24.915
2024-08-22;111.191;2.817;25.761;26.305
2024-08-23;111.37;2.758;22.624;23.11
2024-08-26;111.212;2.805;24.916;25.102
2024-08-27;111.076;2.844;28.342;28.488
2024-08-28;111.122;2.827;28.416;28.392
2024-08-29;111.166;2.805;27.449;27.82
2024-08-30;111.006;2.852;28.97;29.886
2024-09-02;111.051;2.835;25.714;26.602
2024-09-03;111.095;2.818;28.737;28.246
2024-09-04;111.391;2.722;23.959;23.434
2024-09-05;111.428;2.701;23.874;24.374
2024-09-06;111.543;2.662;25.028;25.575
2024-09-09;111.596;2.642;25.671;26.374
2024-09-10;111.683;2.611;25.851;26.492
2024-09-11;111.816;2.566;24.322;25.215
2024-09-12;111.695;2.595;20.98;22.585
2024-09-13;111.773;2.568;19.791;21.105
2024-09-16;111.869;2.534;20.467;20.311
2024-09-17;111.729;2.575;20.746;20.7
2024-09-18;111.522;2.638;22.112;23.315
2024-09-19;111.691;2.575;19.091;20.42
2024-09-20;111.688;2.573;18.225;20.096
2024-09-23;111.906;2.5;18.907;19.206
2024-09-24;112.096;2.436;16.441;16.662
2024-09-25;111.974;2.472;18.67;18.323
2024-09-26;112.017;2.449;15.456;16.203
2024-09-27;112.094;2.421;18.046;18.212
2024-09-30;112.037;2.436;21.573;20.348
2024-10-01;112.194;2.382;21.68;20.426
2024-10-02;112.099;2.409;20.499;20.502
2024-10-03;111.899;2.464;21.929;21.033
2024-10-04;111.629;2.548;18.072;18.996
2024-10-07;111.404;2.617;19.654;20.107
2024-10-08;111.459;2.596;20.315;20.621
2024-10-09;111.358;2.626;20.138;20.601
2024-10-10;111.415;2.598;19.843;19.994
2024-10-11;111.294;2.634;25.37;25.201
2024-10-14;111.293;2.632;24.953;24.46
2024-10-15;111.537;2.549;22.001;21.577
2024-10-16;111.673;2.501;21.036;20.469
2024-10-17;111.734;2.472;20.324;19.703
2024-10-18;111.845;2.432;20.241;19.447
2024-10-21;111.458;2.555;26.71;25.767
2024-10-22;111.331;2.594;28.816;27.785
2024-10-23;111.54;2.522;25.271;24.147
2024-10-24;111.601;2.492;25.367;24.176
2024-10-25;111.413;2.551;29.558;28.164
2024-10-28;111.455;2.534;31.25;28.482
2024-10-29;111.267;2.593;35.135;32.195
2024-10-30;110.9;2.711;36.868;34.329
2024-10-31;110.794;2.737;37.601;34.901
2024-11-01;110.786;2.736;39.872;36.181
2024-11-04;110.742;2.747;39.464;35.588
2024-11-05;110.672;2.768;36.07;33.333
2024-11-06;110.834;2.71;42.738;39.683
2024-11-07;110.76;2.725;42.217;40.265
2024-11-08;110.866;2.686;40.99;39.649
2024-11-11;111.044;2.623;41.719;39.841
2024-11-12;110.974;2.644;42.877;40.262
2024-11-13;110.941;2.651;41.757;39.511
2024-11-14;111.191;2.557;38.196;36.471
2024-11-15;111.125;2.576;40.888;38.92
2024-11-18;110.993;2.617;43.62;41.605
2024-11-19;111.02;2.605;36.334;35.88
2024-11-20;111.02;2.601;34.313;33.634
2024-11-21;111.058;2.578;33.232;32.661
2024-11-22;111.356;2.474;32.604;32.002
2024-11-25;111.28;2.496;33.514;33.257
2024-11-26;111.267;2.497;33.878;32.869
2024-11-27;111.308;2.48;30.666;30.754
2024-11-28;111.489;2.408;27.822;27.124
2024-11-29;111.701;2.333;25.077;25.782
2024-12-02;111.752;2.312;30.09;28.67
2024-12-03;111.717;2.32;29.264;28.635
2024-12-04;111.664;2.334;27.649;28.53
2024-12-05;111.574;2.354;24.601;24.756
2024-12-06;111.599;2.342;25.213;25.142
2024-12-09;111.649;2.321;23.581;23.944
2024-12-10;111.678;2.307;24.255;24.452
2024-12-11;111.762;2.275;21.648;21.906
2024-12-12;111.325;2.413;28.36;28.871
2024-12-13;111.211;2.449;25.395;26.451
2024-12-16;111.221;2.442;28.784;27.607
2024-12-17;111.208;2.443;26.522;26.435
2024-12-18;111.222;2.434;26.45;26.353
2024-12-19;111.133;2.454;24.452;25.23
2024-12-20;111.112;2.458;27.095;27.877
2024-12-23;110.968;2.497;28.285;29.248
2024-12-24;110.968;2.486;26.684;28.245
2024-12-25;110.968;2.486;26.939;28.251
2024-12-27;110.875;2.515;26.905;27.909
2024-12-30;110.871;2.509;30.046;30.808
2024-12-31;110.871;2.505;30.167;30.856
2025-01-01;110.871;2.505;30.481;30.831
2025-01-02;110.81;2.516;27.668;28.732
2025-01-03;110.592;2.589;31.055;31.459
2025-01-06;110.631;2.572;23.832;24.71
2025-01-07;110.571;2.589;26.05;26.015
2025-01-08;110.46;2.625;28.69;28.457
2025-01-09;110.331;2.66;29.032;29.116
2025-01-10;110.119;2.732;30.534;30.934
2025-01-13;109.991;2.775;33.826;33.343
2025-01-14;109.983;2.774;31.296;30.446
2025-01-15;110.325;2.648;26.627;26.185
2025-01-16;110.398;2.612;25.066;24.82
2025-01-17;110.38;2.615;27.349;26.096
2025-01-20;110.431;2.593;24.087;23.978
2025-01-21;110.464;2.577;23.073;23.09
2025-01-22;110.41;2.593;22.987;23.393
2025-01-23;110.296;2.623;25.822;25.518
2025-01-24;110.175;2.663;23.818;24.99
2025-01-27;110.235;2.638;24.619;24.741
2025-01-28;110.214;2.642;23.113;23.42
2025-01-29;110.215;2.638;21.616;21.895
2025-01-30;110.382;2.567;22.961;22.013
2025-01-31;110.589;2.488;21.599;21.521
2025-02-03;110.776;2.417;24.85;22.958
2025-02-04;110.746;2.424;24.371;23.752
2025-02-05;110.789;2.405;22.074;21.61
2025-02-06;110.763;2.403;21.211;21.238
2025-02-07;110.715;2.416;21.883;22.91
2025-02-10;110.758;2.397;21.991;22.449
2025-02-11;110.56;2.465;25.457;24.696
2025-02-12;110.468;2.495;22.189;21.783
2025-02-13;110.626;2.426;19.503;18.843
2025-02-14;110.491;2.471;21.072;20.513
2025-02-17;110.459;2.479;20.845;20.252
2025-02-18;110.464;2.474;20.734;20.161
2025-02-19;110.283;2.536;22.739;22.552
2025-02-20;110.339;2.504;21.656;21.899
2025-02-21;110.44;2.463;21.407;21.577
2025-02-24;110.493;2.44;22.052;22.016
2025-02-25;110.578;2.405;19.589;19.663
2025-02-26;110.617;2.386;19.193;19.861
2025-02-27;110.662;2.358;18.054;18.616
2025-02-28;110.709;2.337;17.267;18.352
2025-03-03;110.613;2.368;16.43;18.815
2025-03-04;110.683;2.338;15.905;17.765
2025-03-05;110.049;2.571;18.645;20.338
2025-03-06;109.922;2.607;20.202;21.422
2025-03-07;109.977;2.583;17.572;19.437
2025-03-10;110.06;2.547;17.584;18.29
2025-03-11;110.118;2.522;14.898;16.323
2025-03-12;110.045;2.546;15.625;17.407
2025-03-13;110.079;2.521;17.134;17.646
2025-03-14;110.084;2.515;14.154;15.355
2025-03-17;110.122;2.497;14.142;13.7
2025-03-18;110.111;2.497;15.407;15.196
2025-03-19;110.074;2.508;15.157;14.815
2025-03-20;110.085;2.492;15.515;15.257
2025-03-21;110.212;2.439;13.567;13.789
2025-03-24;110.245;2.423;12.669;11.874
2025-03-25;110.208;2.433;11.864;11.261
2025-03-26;110.25;2.413;11.48;10.784
2025-03-27;110.36;2.359;10.413;9.663
2025-03-28;110.464;2.315;10.415;9.678
2025-03-31;110.394;2.338;11.187;10.747
2025-04-01;110.494;2.296;9.268;9.167
2025-04-02;110.493;2.292;7.494;7.158
2025-04-03;110.654;2.218;8.713;8.547
2025-04-04;110.756;2.174;11.004;10.665
2025-04-07;110.707;2.189;12.853;11.469
2025-04-08;110.617;2.219;14.03;13.767
2025-04-09;110.707;2.18;16.579;14.91
2025-04-10;110.675;2.18;14.691;14.26
2025-04-11;110.582;2.211;13.804;12.733
2025-04-14;110.832;2.111;10.018;9.069
2025-04-15;110.76;2.134;13.798;12.526
2025-04-16;110.784;2.103;10.787;9.63
2025-04-17;110.935;2.04;11.158;9.735
2025-04-18;110.935;2.04;9.954;8.621
2025-04-22;111.008;2.007;10.737;8.901
2025-04-23;110.852;2.063;11.662;10.33
2025-04-24;111.047;1.974;6.382;4.795
2025-04-25;110.929;2.015;8.34;6.595
2025-04-28;110.874;2.032;8.105;6.41
2025-04-29;110.839;2.037;8.797;6.978
2025-04-30;110.927;1.989;7.891;6.325
2025-05-02;110.741;2.057;8.869;6.982
2025-05-05;110.8;2.029;7.331;5.104
2025-05-06;110.788;2.029;8.442;6.252
2025-05-07;110.857;1.998;7.4;5.2
2025-05-08;110.7;2.046;7.416;5.779
2025-05-09;110.621;2.072;8.571;7.392
2025-05-12;110.324;2.186;9.973;8.561
2025-05-13;110.277;2.2;10.655;9.015
2025-05-14;110.237;2.212;10.444;8.283
2025-05-15;110.361;2.149;9.005;7.024
2025-05-16;110.429;2.117;8.178;6.257
2025-05-19;110.446;2.106;7.391;5.932
2025-05-20;110.443;2.102;7.459;5.911
2025-05-21;110.328;2.144;8.416;7.069
2025-05-22;110.366;2.115;7.751;6.694
2025-05-23;110.49;2.061;5.391;5.882
2025-05-26;110.47;2.064;5.745;6.095
2025-05-27;110.451;2.067;6.444;7.412
2025-05-28;110.456;2.06;4.805;6.132
2025-05-29;110.513;2.023;3.326;4.738
2025-05-30;110.53;2.012;1.583;2.868
2025-06-02;110.493;2.022;2.704;3.639
2025-06-03;110.5;2.014;3.618;4.208
2025-06-04;110.439;2.034;3.278;4.091
2025-06-05;110.222;2.109;4.256;5.867
2025-06-06;110.197;2.114;3.887;5.73
2025-06-09;110.19;2.113;5.8;6.787
2025-06-10;110.226;2.093;5.591;6.753
2025-06-11;110.211;2.095;5.683;6.631
2025-06-12;110.235;2.071;5.545;6.801
2025-06-13;110.074;2.132;7.589;8.833
2025-06-16;110.137;2.102;6.433;7.317
2025-06-17;110.026;2.143;8.753;9.297
2025-06-18;110.092;2.111;7.797;8.444
2025-06-19;109.981;2.143;9.553;10.742
2025-06-20;110.013;2.125;7.471;8.971
2025-06-23;110.048;2.106;7.465;8.55
2025-06-24;110.071;2.091;5.255;6.213
2025-06-25;110.072;2.086;5.148;6.117
2025-06-26;110.084;2.067;4.17;5.37
2025-06-27;109.958;2.115;6.173;7.481
2025-06-30;109.995;2.094;4.108;4.81
2025-07-01;109.994;2.09;5.501;5.93
2025-07-02;109.925;2.114;6.322;7.162
2025-07-03;109.971;2.08;4.59;5.736
2025-07-04;110.014;2.057;3.648;4.951
2025-07-07;109.92;2.092;6.356;7.222
2025-07-08;109.805;2.136;8.205;9.056
2025-07-09;109.831;2.12;7.871;8.146
2025-07-10;109.72;2.153;8.125;8.443
2025-07-11;109.675;2.168;7.728;8.222
2025-07-14;109.705;2.15;7.45;6.964
2025-07-15;109.766;2.119;6.222;5.823
2025-07-16;109.824;2.089;4.811;4.661
2025-07-17;109.765;2.1;5.409;5.716
2025-07-18;109.75;2.102;4.766;5.491
2025-07-21;109.871;2.045;3.445;3.592
2025-07-22;109.877;2.037;3.45;3.715
2025-07-23;109.805;2.063;2.809;3.29
2025-07-24;109.523;2.171;6.391;7.562
2025-07-25;109.464;2.191;6.108;7.174
2025-07-28;109.561;2.144;4.966;4.518
2025-07-29;109.505;2.164;4.992;5.01
2025-07-30;109.465;2.176;5.4;5.522
2025-07-31;109.44;2.173;3.206;4.114
2025-08-01;109.489;2.146;3.949;4.635
2025-08-04;109.587;2.098;2.457;2.591
2025-08-05;109.556;2.107;3.096;3.223
2025-08-06;109.542;2.108;2.24;2.258
2025-08-07;109.491;2.116;2.509;2.995
2025-08-08;109.39;2.155;3.604;4.086
2025-08-11;109.361;2.163;3.74;4.086
2025-08-12;109.357;2.16;3.763;3.817
2025-08-13;109.441;2.118;2.5;2.45
2025-08-14;109.379;2.13;2.071;2.277
2025-08-15;109.261;2.178;4.056;4.383
2025-08-18;109.293;2.158;3.701;3.527
2025-08-19;109.27;2.164;4.837;4.667
2025-08-20;109.314;2.139;4.536;4.582
2025-08-21;109.161;2.193;5.903;6.867
2025-08-22;109.246;2.149;4.093;5.405
2025-08-25;109.126;2.198;6.15;6.977
2025-08-26;109.209;2.156;5.198;6.082
2025-08-27;109.218;2.147;7.011;7.662
2025-08-28;109.205;2.137;4.846;5.892
2025-08-29;109.144;2.16;6.267;7.258
2025-09-01;109.084;2.182;8.474;8.844
2025-09-02;108.983;2.223;10.532;10.711
2025-09-03;109.069;2.179;7.45;7.591
2025-09-04;109.052;2.171;5.812;6.389
2025-09-05;109.139;2.126;4.001;4.57
2025-09-08;109.15;2.116;3.524;3.68
2025-09-09;109.095;2.136;3.978;4.14
2025-09-10;109.056;2.149;3.812;4.085
2025-09-11;108.968;2.174;3.438;4.162
2025-09-12;108.887;2.206;3.7;4.637
2025-09-15;108.925;2.184;2.034;2.776
2025-09-16;108.932;2.175;2.453;3.331
2025-09-17;108.921;2.175;2.407;3.365
2025-09-18;108.851;2.192;2.82;3.975
2025-09-19;108.83;2.197;2.306;3.335
2025-09-22;108.828;2.193;3.114;3.692
2025-09-23;108.802;2.2;3.099;3.898
2025-09-24;108.771;2.209;3.675;4.431
2025-09-25;108.671;2.24;4.757;5.799
2025-09-26;108.689;2.227;3.766;4.55
2025-09-29;108.721;2.206;2.992;3.546
2025-09-30;108.723;2.2;2.847;3.604
2025-10-01;108.748;2.183;2.287;3.278
2025-10-02;108.69;2.195;3.468;4.634
2025-10-03;108.67;2.199;3.162;4.167
2025-10-06;108.67;2.194;3.598;4.076
2025-10-07;108.645;2.201;4.308;4.705
2025-10-08;108.703;2.168;2.828;3.229
2025-10-09;108.645;2.179;3.018;3.592
2025-10-10;108.697;2.149;2.289;2.765
2025-10-13;108.752;2.117;1.606;1.788
2025-10-14;108.773;2.102;0.743;0.935
2025-10-15;108.804;2.081;-0.328;-0.005
2025-10-16;108.816;2.059;-1.666;-1.288
2025-10-17;108.762;2.079;0.366;0.563
2025-10-20;108.756;2.077;0.495;0.614
2025-10-21;108.742;2.078;0.753;0.777
2025-10-22;108.739;2.074;0.109;0.2
2025-10-23;108.667;2.092;0.848;0.893
2025-10-24;108.569;2.135;1.465;1.499
2025-10-27;108.577;2.125;0.037;0.016
2025-10-28;108.555;2.131;-0.061;-0.099
2025-10-29;108.569;2.118;-0.745;-0.765
2025-10-30;108.491;2.14;-0.28;-0.241
2025-10-31;108.52;2.12;-1.025;-1.128
2025-11-03;108.465;2.141;-1.202;-1.423
2025-11-04;108.465;2.135;-0.892;-0.927
2025-11-05;108.413;2.155;0.61;0.63
2025-11-06;108.4;2.145;0.183;0.434
2025-11-07;108.381;2.148;0.352;0.731
2025-11-10;108.363;2.152;-0.004;0.272
2025-11-11;108.346;2.154;0.254;0.452
2025-11-12;108.361;2.141;-1.3;-1.329
2025-11-13;108.234;2.187;0.626;0.655
2025-11-14;108.199;2.199;0.747;0.9
2025-11-17;108.191;2.198;0.234;0.193
2025-11-18;108.209;2.183;0.271;-0.07
2025-11-19;108.224;2.169;-0.683;-0.853
2025-11-20;108.174;2.177;0.271;0.769
2025-11-21;108.179;2.169;0.143;0.879
2025-11-24;108.178;2.163;0.065;0.596
2025-11-25;108.181;2.156;-0.808;-0.189
2025-11-26;108.189;2.146;-1.914;-1.145
2025-11-27;108.131;2.158;-1.684;-0.571
2025-11-28;108.129;2.153;-2.669;-1.352
2025-12-01;108.052;2.187;-1.219;-0.535
2025-12-02;108.062;2.176;-1.367;-0.593
2025-12-03;108.056;2.173;-1.372;-0.46
2025-12-04;107.961;2.204;0.16;1.176
2025-12-05;107.935;2.212;-1.601;-0.943
2025-12-08;107.786;2.284;0.341;0.445
2025-12-09;107.794;2.274;-0.498;-0.813
2025-12-10;107.755;2.288;-0.825;-1.033
2025-12-11;107.752;2.272;-1.784;-1.63
2025-12-12;107.74;2.272;-1.355;-1.098
2025-12-15;107.73;2.272;-1.177;-1.42
2025-12-16;107.778;2.241;-2.621;-2.783
2025-12-17;107.753;2.248;-2.194;-1.809
2025-12-18;107.729;2.243;-3.294;-2.105
2025-12-19;107.688;2.258;-2.942;-1.607
2025-12-22;107.676;2.259;-2.206;-1.581
2025-12-23;107.621;2.258;-2.923;-1.234
2025-12-24;107.621;2.252;-3.517;-1.535
2025-12-25;107.621;2.252;-3.261;-1.53
2025-12-29;107.675;2.217;-4.083;-3.263
2025-12-30;107.642;2.222;-3.667;-2.6
2025-12-31;107.642;2.204;-6.253;-4.287
2026-01-01;107.642;2.204;-5.772;-4.13
2026-01-02;107.556;2.244;-2.213;-0.428
2026-01-05;107.57;2.231;-2.786;-1.491
2026-01-06;107.616;2.199;-3.452;-2.205
2026-01-07;107.616;2.193;-2.585;-1.389
2026-01-08;107.571;2.199;-3.132;-1.663
2026-01-09;107.546;2.207;-3.592;-2.068
2026-01-12;107.56;2.193;-3.988;-3.337
2026-01-13;107.549;2.192;-3.782;-3.529
2026-01-14;107.575;2.172;-4.876;-4.63
2026-01-15;107.511;2.188;-5.911;-4.868
2026-01-16;107.481;2.198;-5.442;-4.491
2026-01-19;107.502;2.18;-4.67;-4.686
2026-01-20;107.504;2.173;-4.34;-4.287
2026-01-21;107.464;2.189;-4.337;-4.402
2026-01-22;107.408;2.201;-5.061;-4.308
2026-01-23;107.381;2.21;-5.862;-5.28
2026-01-26;107.41;2.187;-5.756;-5.761
2026-01-27;107.421;2.174;-5.784;-5.837
2026-01-28;107.444;2.155;-5.155;-5.234
2026-01-29;107.44;2.138;-6.613;-6.108
2026-01-30;107.414;2.146;-6.793;-6.441
2026-02-02;107.345;2.178;-5.191;-5.155
2026-02-03;107.321;2.186;-5.029;-5.184
2026-02-04;107.348;2.164;-5.231;-5.618
2026-02-05;107.305;2.168;-5.12;-5.068
2026-02-06;107.309;2.16;-5.415;-4.898
2026-02-09;107.324;2.144;-5.428;-4.864
2026-02-10;107.306;2.148;-5.216;-4.222
