;px_last;yld_ytm_mid;asset_swap_spd_mid;z_sprd_mid
2009-10-22;99.441;2.592;-146.016;-152.551
2009-10-23;99.146;2.606;-148.832;-155.755
2009-10-26;99.285;2.599;-143.017;-148.819
2009-10-27;99.644;2.583;-143.878;-149.973
2009-10-28;99.541;2.587;-134.471;-139.642
2009-10-29;98.787;2.623;-140.466;-146.835
2009-10-30;99.654;2.582;-137.192;-142.64
2009-11-02;99.19;2.604;-137.776;-143.949
2009-11-03;98.805;2.622;-142.197;-149.243
2009-11-04;99.027;2.612;-144.994;-151.715
2009-11-05;99.513;2.589;-148.479;-154.84
2009-11-06;99.51;2.589;-152.172;-159.047
2009-11-09;99.631;2.583;-148.279;-154.622
2009-11-10;100.626;2.537;-150.846;-156.17
2009-11-11;101.057;2.517;-150.738;-155.629
2009-11-12;100.431;2.546;-152.037;-157.794
2009-11-13;99.631;2.583;-148.673;-154.93
2009-11-16;99.966;2.568;-143.446;-149.182
2009-11-17;100.843;2.527;-145.978;-150.869
2009-11-18;101.095;2.515;-146.464;-150.881
2009-11-19;100.704;2.533;-142.102;-146.535
2009-11-20;101.021;2.519;-141.948;-145.785
2009-11-23;101.301;2.506;-146.638;-150.553
2009-11-24;100.947;2.522;-142.087;-146.232
2009-11-25;100.733;2.532;-141.346;-145.61
2009-11-26;101.021;2.519;-138.254;-142.286
2009-11-27;101.529;2.495;-139.272;-142.513
2009-11-30;102.686;2.443;-144.753;-146.705
2009-12-01;103.683;2.398;-145.459;-146.543
2009-12-02;104.046;2.382;-150.448;-151.259
2009-12-03;104.491;2.362;-151.559;-151.729
2009-12-04;104.972;2.341;-157.905;-157.4
2009-12-07;105.536;2.316;-157.925;-157.164
2009-12-08;103.974;2.385;-147.574;-148.348
2009-12-09;102.184;2.465;-140.242;-142.888
2009-12-10;101.977;2.475;-140.558;-143.169
2009-12-11;101.993;2.474;-139.99;-142.274
2009-12-14;102.543;2.449;-142.449;-144.466
2009-12-15;102.125;2.468;-143.595;-145.95
2009-12-16;103.523;2.405;-148.818;-150.029
2009-12-17;105.591;2.314;-152.801;-151.905
2009-12-18;106.466;2.276;-157.055;-155.248
2009-12-21;106.476;2.275;-160.328;-158.328
2009-12-22;106.921;2.256;-165.985;-163.352
2009-12-23;105.517;2.317;-165.86;-164.773
2009-12-24;106.09;2.292;-167.421;-165.61
2009-12-25;105.603;2.313;-165.068;-163.771
2009-12-28;105.532;2.316;-167.484;-166.296
2009-12-29;105.794;2.305;-167.379;-165.683
2009-12-30;105.631;2.312;-166.457;-164.872
2009-12-31;105.631;2.312;-165.847;-164.165
2010-01-01;105.631;2.312;-166.644;-164.976
2010-01-04;105.035;2.338;-162.119;-161.018
2010-01-05;104.329;2.369;-155.204;-155.305
2010-01-06;103.268;2.416;-151.006;-152.223
2010-01-07;103.44;2.408;-151.299;-152.69
2010-01-08;103.62;2.4;-152.968;-154.339
2010-01-11;103.447;2.408;-149.38;-151.092
2010-01-12;104.077;2.38;-151.078;-152.219
2010-01-13;102.82;2.436;-143.386;-145.593
2010-01-14;102.205;2.464;-137.525;-139.861
2010-01-15;102.492;2.451;-134.117;-135.957
2010-01-18;102.565;2.448;-132.989;-134.752
2010-01-19;102.288;2.46;-133.447;-135.605
2010-01-20;101.137;2.513;-123.492;-126.421
2010-01-21;101.159;2.512;-121.796;-124.642
2010-01-22;99.766;2.577;-113.753;-117.408
2010-01-25;99.927;2.569;-112.675;-116.09
2010-01-26;100.197;2.557;-112.942;-116.03
2010-01-27;99.266;2.601;-105.747;-109.14
2010-01-28;98.86;2.62;-101.813;-105.153
2010-01-29;100.044;2.564;-106.343;-108.914
2010-02-01;100.815;2.528;-107.772;-109.569
2010-02-02;101.408;2.501;-108.295;-109.368
2010-02-03;101.127;2.514;-108.802;-110.275
2010-02-04;101.525;2.495;-102.501;-103.437
2010-02-05;101.277;2.507;-87.572;-87.696
2010-02-08;99.701;2.58;-81.851;-82.634
2010-02-09;100.563;2.54;-95.851;-96.777
2010-02-10;100.547;2.54;-96.991;-97.962
2010-02-11;100.451;2.545;-96.654;-97.638
2010-02-12;99.201;2.604;-87.825;-89.633
2010-02-15;99.502;2.589;-91.054;-92.728
2010-02-16;99.206;2.603;-89.828;-91.758
2010-02-17;99.076;2.61;-86.318;-88.147
2010-02-18;98.337;2.645;-83.981;-86.138
2010-02-19;98.016;2.66;-85.772;-88.083
2010-02-22;98.443;2.64;-83.671;-85.607
2010-02-23;98.514;2.636;-75.962;-77.69
2010-02-24;99.162;2.606;-74.61;-75.782
2010-02-25;98.288;2.647;-71.693;-73.325
2010-02-26;99.065;2.61;-76.52;-77.827
2010-03-01;99.824;2.574;-81.909;-82.93
2010-03-02;99.837;2.574;-85.373;-86.563
2010-03-03;99.916;2.57;-88.409;-89.655
2010-03-04;99.991;2.566;-86.128;-87.252
2010-03-05;100.679;2.534;-89.973;-90.744
2010-03-08;100.93;2.523;-93.8;-94.592
2010-03-09;100.278;2.553;-88.5;-89.674
2010-03-10;100.539;2.541;-91.289;-92.3
2010-03-11;100.465;2.544;-90.472;-91.284
2010-03-12;101.238;2.508;-94.954;-95.478
2010-03-15;100.782;2.529;-92.69;-93.581
2010-03-16;100.777;2.53;-88.437;-89.258
2010-03-17;100.266;2.554;-83.805;-84.845
2010-03-18;99.798;2.576;-83.551;-84.885
2010-03-19;99.733;2.579;-81.171;-82.469
2010-03-22;100.058;2.563;-78.367;-79.313
2010-03-23;100.509;2.542;-79.557;-80.306
2010-03-24;101.384;2.502;-86.211;-86.526
2010-03-25;101.956;2.475;-91.911;-91.729
2010-03-26;102.657;2.443;-95.956;-95.421
2010-03-29;102.582;2.447;-95.464;-94.977
2010-03-30;103.557;2.403;-97.909;-96.87
2010-03-31;105.02;2.337;-103.523;-101.371
2010-04-01;105.134;2.332;-104.155;-101.998
2010-04-02;105.132;2.332;-103.813;-101.582
2010-04-05;105.138;2.332;-103.844;-101.609
2010-04-06;103.317;2.413;-97.438;-96.221
2010-04-07;102.69;2.442;-92.369;-91.795
2010-04-08;102.441;2.453;-92.301;-91.881
2010-04-09;102.475;2.451;-94.88;-94.454
2010-04-12;102.929;2.431;-97.716;-96.946
2010-04-13;103.372;2.411;-98.493;-97.494
2010-04-14;103.905;2.387;-101.11;-99.939
2010-04-15;103.893;2.387;-101.405;-100.268
2010-04-16;103.399;2.409;-94.416;-93.762
2010-04-19;103.341;2.412;-93.127;-92.467
2010-04-20;102.991;2.428;-94.63;-94.211
2010-04-21;102.879;2.433;-92.592;-92.362
2010-04-22;102.247;2.462;-86.808;-86.773
2010-04-23;102.949;2.43;-87.17;-86.575
2010-04-26;103.724;2.395;-91.622;-90.575
2010-04-27;104.385;2.365;-79.671;-78.048
2010-04-28;102.448;2.452;-71.523;-70.826
2010-04-29;103.528;2.404;-79.546;-78.281
2010-04-30;104.083;2.379;-82.653;-81.229
2010-05-03;104.194;2.374;-85.56;-83.85
2010-05-04;103.925;2.386;-75.788;-74.354
2010-05-05;103.142;2.421;-60.213;-59.235
2010-05-06;100.763;2.53;-40.511;-40.208
2010-05-07;98.198;2.652;-23.221;-23.387
2010-05-10;103.927;2.385;-74.899;-73.412
2010-05-11;103.394;2.409;-77.674;-76.439
2010-05-12;103.487;2.405;-74.91;-73.634
2010-05-13;103.588;2.401;-77.22;-75.951
2010-05-14;103.509;2.404;-63.783;-62.513
2010-05-17;103.335;2.412;-61.017;-59.784
2010-05-18;102.997;2.427;-46.653;-45.694
2010-05-19;102.373;2.456;-41.257;-40.453
2010-05-20;101.495;2.496;-23.724;-23.286
2010-05-21;101.091;2.515;-18.296;-18.003
2010-05-24;101.413;2.5;-16.458;-16.118
2010-05-25;99.848;2.573;2.188;2.155
2010-05-26;99.424;2.593;2.225;2.197
2010-05-27;98.972;2.615;-3.139;-3.125
2010-05-28;99.042;2.611;0.399;0.394
2010-05-31;99.622;2.584;-2.643;-2.616
2010-06-01;98.65;2.63;1.47;1.458
2010-06-02;97.788;2.672;8.683;8.678
2010-06-03;96.914;2.715;7.432;7.485
2010-06-04;96.188;2.75;14.789;14.96
2010-06-07;;;21.472;21.999
2010-06-08;;;34.526;35.758
2010-06-09;94.606;2.83;25.828;26.438
2010-06-10;97.903;2.666;4.086;4.088
2010-06-11;98.659;2.63;4.041;4.029
2010-06-14;98.013;2.661;5.893;5.9
2010-06-15;98.475;2.639;-0.562;-0.564
2010-06-16;97.82;2.67;1.954;1.961
2010-06-17;97.713;2.676;2.921;2.935
2010-06-18;98.484;2.638;-5.411;-5.418
2010-06-21;99.052;2.611;-11.358;-11.337
2010-06-22;98.066;2.658;1.705;1.706
2010-06-23;97.183;2.701;4.156;4.197
2010-06-24;95.388;2.791;17.063;17.439
2010-06-25;94.614;2.83;18.689;19.224
2010-06-28;94.719;2.824;19.231;19.739
2010-06-29;94.517;2.835;23.628;24.267
2010-06-30;95.346;2.793;19.458;19.854
2010-07-01;96.554;2.733;14.199;14.378
2010-07-02;97.008;2.71;10.892;11.004
2010-07-05;97.233;2.699;12.55;12.659
2010-07-06;96.727;2.724;11.67;11.827
2010-07-07;96.483;2.736;11.849;12.03
2010-07-08;97.093;2.706;8.391;8.484
2010-07-09;97.499;2.686;6.961;7.026
2010-07-12;97.093;2.706;15.386;15.559
2010-07-13;97.021;2.71;11.633;11.777
2010-07-14;95.776;2.771;15.114;15.441
2010-07-15;95.295;2.796;16.705;17.113
2010-07-16;95.819;2.769;17.943;18.311
2010-07-19;95.566;2.782;13.779;14.095
2010-07-20;95.885;2.766;13.348;13.626
2010-07-21;95.235;2.799;16.058;16.474
2010-07-22;94.675;2.827;15.899;16.379
2010-07-23;94.636;2.829;14.356;14.784
2010-07-26;95.268;2.797;6.33;6.482
2010-07-27;96.013;2.76;1.6;1.629
2010-07-28;95.593;2.781;4.151;4.246
2010-07-29;96.588;2.731;-0.021;-0.024
2010-07-30;97.636;2.68;-3.165;-3.204
2010-08-02;98.383;2.643;-10.301;-10.369
2010-08-03;99.463;2.591;-6.536;-6.522
2010-08-04;99.559;2.587;-6.863;-6.851
2010-08-05;99.928;2.569;-3.049;-3.033
2010-08-06;100.427;2.546;-1.105;-1.099
2010-08-09;99.824;2.574;-0.714;-0.714
2010-08-10;98.814;2.623;5.152;5.165
2010-08-11;99.35;2.597;10.915;10.921
2010-08-12;98.888;2.619;14.689;14.737
2010-08-13;98.641;2.631;20.331;20.422
2010-08-16;98.71;2.628;32.279;32.322
2010-08-17;98.834;2.622;27.827;27.814
2010-08-18;99.023;2.613;28.425;28.391
2010-08-19;97.96;2.664;36.492;36.744
2010-08-20;98.021;2.661;41.728;41.987
2010-08-23;98.578;2.634;34.833;35.008
2010-08-24;98.851;2.621;48.613;48.592
2010-08-25;98.542;2.636;54.019;54.077
2010-08-26;99.085;2.61;54.689;54.498
2010-08-27;99.685;2.581;47.986;47.592
2010-08-30;100.145;2.559;53.433;52.775
2010-08-31;100.025;2.565;57.393;56.649
2010-09-01;101.546;2.493;39.728;38.906
2010-09-02;102.475;2.45;22.739;22.191
2010-09-03;102.246;2.461;12.733;12.459
2010-09-06;102.004;2.472;18.289;17.896
2010-09-07;101.351;2.502;31.045;30.443
2010-09-08;102.184;2.464;27.601;26.877
2010-09-09;102.468;2.451;22.62;21.969
2010-09-10;101.707;2.486;18.708;18.264
2010-09-13;101.417;2.499;15.211;14.896
2010-09-14;100.15;2.559;27.473;27.102
2010-09-15;98.873;2.62;28.699;28.528
2010-09-16;98.555;2.635;22.336;22.266
2010-09-17;97.659;2.679;31.66;31.697
2010-09-20;97.277;2.698;31.595;31.705
2010-09-21;97.497;2.687;33.767;33.764
2010-09-22;98.288;2.648;40.75;40.488
2010-09-23;97.297;2.697;48.197;48.238
2010-09-24;96.918;2.715;46.835;46.99
2010-09-27;96.924;2.715;55.914;55.977
2010-09-28;95.904;2.766;63.932;64.391
2010-09-29;96.146;2.754;62.747;63.07
2010-09-30;96.615;2.73;61.114;61.109
2010-10-01;97.065;2.708;57.674;57.499
2010-10-04;98.341;2.646;55.756;55.082
2010-10-05;98.846;2.621;49.201;48.452
2010-10-06;99.75;2.578;48.247;47.257
2010-10-07;98.988;2.614;47.304;46.576
2010-10-08;99.602;2.585;45.438;44.573
2010-10-11;99.66;2.582;44.472;43.626
2010-10-12;99.756;2.578;44.238;43.382
2010-10-13;99.68;2.581;43.782;42.957
2010-10-14;100.314;2.551;36.698;35.896
2010-10-15;100.927;2.522;27.867;27.166
2010-10-18;101.362;2.502;22.504;21.877
2010-10-19;100.85;2.526;22.038;21.491
2010-10-20;101.049;2.516;20.318;19.765
2010-10-21;99.734;2.579;25.38;24.826
2010-10-22;99.716;2.579;29.752;29.064
2010-10-25;99.582;2.586;30.657;29.993
2010-10-26;99.206;2.604;31.898;31.188
2010-10-27;98.709;2.628;27.697;27.225
2010-10-28;98.666;2.63;29.695;29.17
2010-10-29;98.985;2.615;32.86;32.204
2010-11-01;99.267;2.601;38.392;37.483
2010-11-02;98.778;2.625;42.373;41.532
2010-11-03;99.519;2.589;41.043;40.005
2010-11-04;98.674;2.63;42.076;41.472
2010-11-05;99.046;2.612;38.155;37.487
2010-11-08;97.93;2.666;43.513;43.073
2010-11-09;97.434;2.69;43.466;43.113
2010-11-10;96.024;2.76;49.433;49.463
2010-11-11;93.211;2.904;;
2010-11-12;94.782;2.823;49.402;49.794
2010-11-15;94.434;2.841;48.404;48.872
2010-11-16;92.764;2.928;49.869;50.995
2010-11-17;92.753;2.928;51.01;52.176
2010-11-18;91.236;3.009;45.068;46.72
2010-11-19;91.814;2.978;48.124;49.531
2010-11-22;93.044;2.913;46.309;47.27
2010-11-23;92.173;2.959;59.657;61.171
2010-11-24;91.303;3.006;53.397;55.107
2010-11-25;90.818;3.032;50.104;51.913
2010-11-26;90.463;3.051;53.914;55.884
2010-11-29;87.307;3.227;;
2010-11-30;86.734;3.259;;
2010-12-01;88.47;3.161;58.824;61.703
2010-12-02;91.603;2.99;41.358;42.348
2010-12-03;90.902;3.027;41.081;42.364
2010-12-06;88.799;3.143;52.384;54.845
2010-12-07;88.551;3.157;46.094;48.361
2010-12-08;88.402;3.165;47.285;49.526
2010-12-09;88.522;3.158;53.343;55.711
2010-12-10;87.596;3.211;54.642;57.51
2010-12-13;87.603;3.21;53.369;56.212
2010-12-14;87.872;3.195;42.956;45.247
2010-12-15;88.049;3.185;40.318;42.456
2010-12-16;88.209;3.176;37.784;39.766
2010-12-17;88.012;3.187;39.995;42.206
2010-12-20;88.533;3.158;43.298;45.523
2010-12-21;88.167;3.179;44.772;47.214
2010-12-22;88.478;3.161;45.713;48.113
2010-12-23;88.076;3.184;44.345;46.85
2010-12-24;88.09;3.183;44.391;46.868
2010-12-27;88.333;3.17;40.923;43.121
2010-12-28;88.228;3.175;41.218;43.512
2010-12-29;87.608;3.211;46.717;49.49
2010-12-30;87.659;3.208;51.661;54.626
2010-12-31;87.6;3.211;;
2011-01-03;89.416;3.109;47.865;49.996
2011-01-04;89.365;3.112;50.851;53.162
2011-01-05;88.421;3.165;48.126;50.707
2011-01-06;86.817;3.256;60.124;64.216
2011-01-07;85.975;3.305;67.425;72.532
2011-01-10;85.374;3.34;69.121;74.72
2011-01-11;85.409;3.338;65.91;71.33
2011-01-12;84.948;3.365;57.385;62.354
2011-01-13;87.376;3.224;48.849;52.001
2011-01-14;88.098;3.184;45.455;48.106
2011-01-17;87.983;3.19;46.624;49.374
2011-01-18;88.415;3.166;41.985;44.319
2011-01-19;89.393;3.111;36.012;37.764
2011-01-20;89.115;3.127;31.256;32.8
2011-01-21;90.058;3.075;29.118;30.33
2011-01-24;90.685;3.041;25.429;26.366
2011-01-25;89.623;3.099;32.654;34.155
2011-01-26;88.67;3.152;33.192;34.963
2011-01-27;88.203;3.178;36.173;38.161
2011-01-28;89.11;3.127;32.87;34.452
2011-01-31;89.335;3.115;28.091;29.412
2011-02-01;90.82;3.033;17.783;18.414
2011-02-02;92.11;2.964;9.949;10.19
2011-02-03;90.893;3.03;20.35;21.03
2011-02-04;91.975;2.971;11.519;11.8
2011-02-07;90.538;3.049;21.426;22.182
2011-02-08;88.875;3.141;27.835;29.225
2011-02-09;88.138;3.182;30.53;32.187
2011-02-10;87.76;3.204;32.957;34.849
2011-02-11;87.203;3.235;37.243;39.543
2011-02-14;86.995;3.247;37.721;40.128
2011-02-15;87.418;3.223;36.22;38.41
2011-02-16;88.77;3.147;35.978;37.715
2011-02-17;88.498;3.162;41.955;44.047
2011-02-18;88.238;3.177;38.382;40.369
2011-02-21;88.493;3.163;41.884;43.925
2011-02-22;88.75;3.148;45.964;48.032
2011-02-23;87.78;3.203;54.466;57.247
2011-02-24;87.528;3.217;55.872;58.808
2011-02-25;87.483;3.22;55.378;58.305
2011-02-28;87.778;3.203;50.366;52.942
2011-03-01;88.265;3.176;47.307;49.577
2011-03-02;88.4;3.168;44.892;46.971
2011-03-03;87.063;3.244;43.393;45.797
2011-03-04;87.808;3.202;43.677;45.828
2011-03-07;88.145;3.183;40.39;42.311
2011-03-08;86.065;3.302;48.923;52.081
2011-03-09;85.61;3.329;53.324;56.95
2011-03-10;85.143;3.357;57.904;62.077
2011-03-11;86.095;3.301;54.572;58.079
2011-03-14;87.578;3.215;46.418;48.867
2011-03-15;88.045;3.189;50.089;52.578
2011-03-16;88.695;3.152;49.989;52.319
2011-03-17;88.065;3.188;45.222;47.558
2011-03-18;88.608;3.157;40.28;42.192
2011-03-21;88.128;3.184;38.822;40.78
2011-03-22;87.475;3.221;41.723;44.014
2011-03-23;87.693;3.209;43.746;46.092
2011-03-24;87.655;3.211;37.938;40.016
2011-03-25;87.978;3.193;35.078;36.883
2011-03-28;88.15;3.183;34.136;35.859
2011-03-29;88.355;3.172;29.647;31.051
2011-03-30;88.835;3.145;28.775;30.027
2011-03-31;88.673;3.154;28.647;29.895
2011-04-01;89.355;3.116;24.18;25.088
2011-04-04;90.523;3.051;17.908;18.432
2011-04-05;89.798;3.091;19.217;19.893
2011-04-06;89.805;3.091;16.757;17.33
2011-04-07;89.665;3.099;19.567;20.263
2011-04-08;90.025;3.079;11.495;11.868
2011-04-11;90.393;3.059;8.602;8.848
2011-04-12;90.306;3.063;12.383;12.765
2011-04-13;90.223;3.068;17.04;17.563
2011-04-14;89.491;3.109;19.322;20.025
2011-04-15;89.186;3.126;29.134;30.23
2011-04-18;88.533;3.162;43.328;45.178
2011-04-19;88.853;3.144;40.708;42.285
2011-04-20;88.661;3.155;39.936;41.56
2011-04-21;88.261;3.178;45.003;46.975
2011-04-22;88.261;3.178;44.713;46.688
2011-04-25;88.261;3.178;44.735;46.687
2011-04-26;87.073;3.246;53.224;56.041
2011-04-27;87.128;3.243;49.709;52.297
2011-04-28;88.068;3.189;48.987;51.101
2011-04-29;88.728;3.152;49.546;51.405
2011-05-02;88.341;3.174;51.358;53.406
2011-05-03;89.238;3.123;46.882;48.376
2011-05-04;89.773;3.093;43.794;44.94
2011-05-05;90.088;3.076;47.637;48.773
2011-05-06;90.948;3.029;51.343;52.191
2011-05-09;90.888;3.032;55.505;56.463
2011-05-10;92.121;2.966;47.253;47.656
2011-05-11;92.608;2.94;47.978;48.161
2011-05-12;92.861;2.926;42.616;42.715
2011-05-13;92.178;2.963;52.644;52.994
2011-05-16;92.353;2.954;50.37;50.645
2011-05-17;91.606;2.994;56.178;56.713
2011-05-18;91.828;2.982;54.385;54.82
2011-05-19;91.596;2.994;57.584;58.044
2011-05-20;90.973;3.028;65.791;66.629
2011-05-23;90.395;3.06;73.626;74.885
2011-05-24;91.361;3.007;65.608;66.245
2011-05-25;91.636;2.992;66.468;66.929
2011-05-26;92.218;2.961;69.022;69.135
2011-05-27;92.488;2.947;68.848;68.846
2011-05-30;92.249;2.959;70.201;70.333
2011-05-31;92.374;2.953;435.826;427.283
2011-06-01;92.793;2.93;435.381;425.569
2011-06-02;93.795;2.878;432.426;420.07
2011-06-03;94.041;2.865;54.369;53.839
2011-06-06;93.066;2.916;64.204;63.942
2011-06-07;91.381;3.006;68.209;68.723
2011-06-08;90.716;3.043;75.284;76.289
2011-06-09;89.306;3.121;81.88;84.009
2011-06-10;88.991;3.138;90.71;93.212
2011-06-13;88.386;3.172;93.343;96.443
2011-06-14;88.861;3.146;84.418;86.931
2011-06-15;87.731;3.21;94.339;98.12
2011-06-16;85.956;3.313;99.691;105.126
2011-06-17;85.811;3.321;100.38;105.861
2011-06-20;85.139;3.361;101.622;107.793
2011-06-21;85.969;3.312;92.905;98.141
2011-06-22;85.673;3.33;96.341;102.219
2011-06-23;84.97;3.372;107.076;113.979
2011-06-24;83.828;3.44;114.865;123.311
2011-06-27;84.538;3.398;103.902;111.131
2011-06-28;84.533;3.398;98.418;105.439
2011-06-29;86.653;3.273;81.71;86.305
2011-06-30;88.625;3.16;70.998;73.87
2011-07-01;88.468;3.169;75.143;78.124
2011-07-04;87.977;3.196;79.171;82.486
2011-07-05;86.69;3.271;87.891;92.428
2011-07-06;83.858;3.439;109.187;117.174
2011-07-07;83.575;3.457;105.846;113.884
2011-07-08;81.827;3.565;124.762;135.985
2011-07-11;76.523;3.914;171.365;193.861
2011-07-12;79.01;3.746;156.923;173.73
2011-07-13;80.352;3.659;145.87;160.031
2011-07-14;80.39;3.657;142.675;156.76
2011-07-15;78.83;3.759;157.345;174.497
2011-07-18;77.068;3.877;172.892;193.696
2011-07-19;79.895;3.689;152.628;167.694
2011-07-20;80.925;3.623;134.812;147.551
2011-07-21;84.265;3.415;108.249;115.532
2011-07-22;82.86;3.501;120.613;130.074
2011-07-25;79.227;3.733;144.096;159.969
2011-07-26;79.605;3.708;144.155;159.518
2011-07-27;77.8;3.828;158.191;177.63
2011-07-28;77.145;3.873;161.735;182.479
2011-07-29;77.383;3.856;162.868;183.353
2011-08-01;74.895;4.029;178.909;205.46
2011-08-02;74.548;4.054;189.436;217.271
2011-08-03;74.79;4.037;188.808;215.524
2011-08-04;71.725;4.261;209.103;245.988
2011-08-05;73.735;4.113;188.059;217.395
2011-08-08;76.563;3.913;190.552;214.732
2011-08-09;75.673;3.975;188.741;214.978
2011-08-10;72.667;4.191;223.503;259.872
2011-08-11;72.125;4.232;213.846;250.955
2011-08-12;75.235;4.006;195.433;223.495
2011-08-15;76.208;3.938;187.989;213.567
2011-08-16;77.468;3.852;184.557;207.604
2011-08-17;78.878;3.758;180.604;200.738
2011-08-18;77.513;3.849;197.53;221.755
2011-08-19;76.953;3.887;200.604;226.082
2011-08-22;77.29;3.864;197.491;221.832
2011-08-23;76.77;3.9;199.926;225.338
2011-08-24;76.943;3.888;191.883;216.226
2011-08-25;76.51;3.918;189.597;215.424
2011-08-26;76.208;3.939;194.562;221.307
2011-08-29;75.635;3.979;191.441;219.113
2011-08-30;74.713;4.044;201.099;231.934
2011-08-31;73.528;4.13;200.369;233.71
2011-09-01;71.653;4.269;216.202;256.496
2011-09-02;69.013;4.473;230.462;281.115
2011-09-05;65.628;4.752;253.483;318.644
2011-09-06;66.02;4.719;255.629;319.048
2011-09-07;69.395;4.444;235.188;284.902
2011-09-08;69.163;4.462;237.216;288.638
2011-09-09;67.153;4.625;256.138;316.882
2011-09-12;64.938;4.812;271.043;341.954
2011-09-13;63.683;4.922;274.974;351.04
2011-09-14;64.355;4.863;263.86;335.453
2011-09-15;66.09;4.714;252.083;315.36
2011-09-16;68.82;4.49;248.512;302.062
2011-09-19;68.885;4.485;253.992;307.99
2011-09-20;66.835;4.652;265.173;327.563
2011-09-21;67.208;4.621;264.033;324.953
2011-09-22;68.26;4.536;265.885;323.785
2011-09-23;67.213;4.621;268.002;329.798
2011-09-26;66.42;4.688;270.24;335.04
2011-09-27;66.713;4.663;257.625;319.597
2011-09-28;66.128;4.712;252.876;316.196
2011-09-29;67.262;4.618;248.967;307.364
2011-09-30;67.465;4.602;257.501;316.476
2011-10-03;67.098;4.632;266.031;327.995
2011-10-04;66.873;4.651;268.375;331.076
2011-10-05;65.748;4.745;262.306;328.527
2011-10-06;66.275;4.701;255.566;318.509
2011-10-07;65.945;4.729;259.134;323.34
2011-10-10;65.72;4.748;255.336;319.469
2011-10-11;65.65;4.754;255.413;319.931
2011-10-12;64.675;4.839;248.486;315.296
2011-10-13;63.625;4.931;260.261;333.58
2011-10-14;63.945;4.903;256.661;327.769
2011-10-17;64.27;4.875;265.712;337.34
2011-10-18;63.14;4.975;272.915;350.817
2011-10-19;62.893;4.998;268.808;347.022
2011-10-20;62.873;5.0;275.596;354.851
2011-10-21;64.92;4.819;262.251;330.952
2011-10-24;64.658;4.842;261.306;331.149
2011-10-25;65.45;4.773;261.545;328.791
2011-10-26;65.105;4.803;263.133;332.831
2011-10-27;67.163;4.629;237.223;295.027
2011-10-28;66.015;4.726;247.745;311.049
2011-10-31;64.238;4.879;267.498;340.842
2011-11-01;60.118;5.259;299.065;395.938
2011-11-02;60.453;5.227;294.973;389.668
2011-11-03;62.258;5.058;281.615;365.92
2011-11-04;61.563;5.123;287.247;375.441
2011-11-07;61.09;5.167;294.938;386.695
2011-11-08;60.067;5.265;300.228;396.72
2011-11-09;57.993;5.471;331.307;443.035
2011-11-10;59.963;5.276;315.975;414.294
2011-11-11;63.343;4.96;293.788;372.83
2011-11-14;60.95;5.181;314.649;407.757
2011-11-15;58.198;5.451;327.222;435.675
2011-11-16;60.302;5.244;316.549;411.4
2011-11-17;62.573;5.031;465.013;442.282
2011-11-18;63.845;4.917;454.767;426.225
2011-11-21;64.05;4.898;457.442;427.709
2011-11-22;63.028;4.99;469.103;440.931
2011-11-23;61.383;5.142;474.853;452.928
2011-11-24;61.668;5.116;465.121;444.569
2011-11-25;62.895;5.003;460.95;434.157
2011-11-28;62.923;5.0;454.5;428.833
2011-11-29;62.638;5.026;463.597;434.979
2011-11-30;65.438;4.779;455.674;415.568
2011-12-01;66.415;4.696;475.542;423.616
2011-12-02;68.607;4.516;472.54;409.869
2011-12-05;69.778;4.423;463.957;397.498
2011-12-06;69.795;4.422;461.417;397.107
2011-12-07;66.113;4.722;487.46;432.122
2011-12-08;63.743;4.928;505.385;458.751
2011-12-09;67.398;4.615;479.492;421.643
2011-12-12;68.042;4.562;484.723;423.95
2011-12-13;67.19;4.632;503.503;438.988
2011-12-14;68.58;4.519;494.917;429.394
2011-12-15;67.318;4.622;501.087;438.93
2011-12-16;67.45;4.612;508.293;444.785
2011-12-19;69.568;4.441;497.288;426.027
2011-12-20;68.703;4.51;499.341;429.109
2011-12-21;67.19;4.633;506.435;440.399
2011-12-22;67.578;4.602;502.976;436.923
2011-12-23;67.268;4.628;506.922;440.891
2011-12-26;67.268;4.628;507.194;440.671
2011-12-27;66.475;4.694;518.094;452.467
2011-12-28;68.07;4.562;517.839;443.823
2011-12-29;67.137;4.639;524.397;452.743
2011-12-30;67.318;4.624;523.77;452.136
2012-01-02;68.67;4.514;508.471;434.595
2012-01-03;68.48;4.529;514.884;440.473
2012-01-04;68.988;4.489;506.871;432.981
2012-01-05;67.208;4.634;512.821;446.171
2012-01-06;66.933;4.657;520.461;452.128
2012-01-09;66.525;4.691;521.668;455.872
2012-01-10;66.395;4.702;521.552;456.416
2012-01-11;66.475;4.696;531.444;463.149
2012-01-12;67.43;4.616;528.112;456.974
2012-01-13;66.645;4.682;539.964;469.647
2012-01-16;65.263;4.8;552.229;483.406
2012-01-17;66.453;4.698;545.897;471.592
2012-01-18;65.813;4.753;552.954;479.241
2012-01-19;65.667;4.766;555.587;480.161
2012-01-20;66.848;4.666;556.73;471.639
2012-01-23;67.673;4.598;551.513;462.795
2012-01-24;66.54;4.692;540.238;463.022
2012-01-25;65.578;4.774;548.598;475.103
2012-01-26;65.45;4.785;552.036;478.676
2012-01-27;66.513;4.695;546.522;469.433
2012-01-30;64.548;4.864;560.38;490.235
2012-01-31;65.843;4.752;560.428;483.597
2012-02-01;67.95;4.576;541.446;461.139
2012-02-02;69.833;4.425;536.254;448.694
2012-02-03;70.203;4.396;514.992;432.829
2012-02-06;70.883;4.343;524.261;435.67
2012-02-07;72.708;4.205;508.049;416.239
2012-02-08;72.985;4.185;500.942;410.154
2012-02-09;74.193;4.096;493.584;400.355
2012-02-10;73.053;4.18;506.746;415.072
2012-02-13;73.32;4.16;500.039;409.619
2012-02-14;73.675;4.134;493.657;405.979
2012-02-15;73.548;4.144;496.964;409.143
2012-02-16;74.535;4.072;479.419;393.987
2012-02-17;75.475;4.005;479.403;388.975
2012-02-20;76.947;3.902;471.453;377.907
2012-02-21;77.185;3.886;469.261;375.34
2012-02-22;77.025;3.897;478.193;382.309
2012-02-23;76.565;3.929;475.667;383.735
2012-02-24;77.365;3.874;468.172;376.6
2012-02-27;77.825;3.842;472.831;378.243
2012-02-28;78.565;3.792;465.817;371.725
2012-02-29;79.043;3.76;461.803;367.83
2012-03-01;80.11;3.69;443.97;353.798
2012-03-02;79.895;3.704;447.483;357.902
2012-03-05;79.238;3.748;444.961;359.106
2012-03-06;77.023;3.898;457.299;374.213
2012-03-07;77.21;3.885;207.988;231.298
2012-03-08;77.87;3.84;207.988;231.298
2012-03-09;78.32;3.81;207.988;231.298
2012-03-12;78.33;3.809;207.988;231.298
2012-03-13;78.69;3.785;443.39;359.875
2012-03-14;80.148;3.688;431.424;345.41
2012-03-15;80.18;3.687;433.563;346.379
2012-03-16;79.963;3.701;428.626;342.843
2012-03-19;79.983;3.7;418.295;337.57
2012-03-20;78.81;3.778;434.274;351.306
2012-03-21;77.748;3.849;191.293;358.537
2012-03-22;76.358;3.946;37.194;372.621
2012-03-23;76.07;3.966;2.09;376.92
2012-03-26;76.83;3.913;449.88;369.684
2012-03-27;76.473;3.938;451.707;373.352
2012-03-28;76.05;3.968;459.683;380.34
2012-03-29;75.555;4.003;462.313;384.625
2012-03-30;75.745;3.989;457.852;381.311
2012-04-02;75.785;3.987;458.737;381.496
2012-04-03;75.415;4.013;457.89;381.701
2012-04-04;72.35;4.238;21.282;406.709
2012-04-05;69.788;4.436;483.935;424.622
2012-04-06;;;484.446;425.018
2012-04-09;69.788;4.436;487.629;426.511
2012-04-10;70.73;4.362;485.7;421.845
2012-04-11;72.025;4.263;482.987;413.007
2012-04-12;73.633;4.143;473.961;400.756
2012-04-13;72.81;4.204;479.707;408.399
2012-04-16;72.745;4.209;482.388;409.951
2012-04-17;73.635;4.143;479.247;403.315
2012-04-18;73.095;4.183;484.517;409.59
2012-04-19;71.975;4.268;489.698;417.452
2012-04-20;71.11;4.334;488.235;420.225
2012-04-23;69.713;4.443;499.732;433.979
2012-04-24;70.003;4.42;491.107;426.207
2012-04-25;70.875;4.352;477.862;414.0
2012-04-26;70.485;4.383;488.681;422.341
2012-04-27;70.493;4.383;490.338;423.56
2012-04-30;72.02;4.265;489.134;416.369
2012-05-01;71.685;4.291;486.911;416.652
2012-05-02;71.102;4.335;493.641;424.462
2012-05-03;71.32;4.319;495.719;425.074
2012-05-04;72.108;4.259;495.442;421.924
2012-05-07;72.36;4.24;498.299;421.023
2012-05-08;71.288;4.322;499.999;428.054
2012-05-09;70.565;4.378;502.015;432.429
2012-05-10;71.955;4.271;503.951;427.221
2012-05-11;71.885;4.276;515.291;434.408
2012-05-14;70.725;4.366;526.858;448.015
2012-05-15;70.128;4.413;529.743;452.419
2012-05-16;70.803;4.36;523.79;444.622
2012-05-17;70.343;4.396;526.84;449.621
2012-05-18;70.153;4.411;523.376;448.674
2012-05-21;70.385;4.393;517.533;443.728
2012-05-22;71.373;4.317;514.921;437.797
2012-05-23;70.303;4.4;531.739;454.263
2012-05-24;70.733;4.367;527.571;450.58
2012-05-25;70.438;4.39;529.27;453.324
2012-05-28;70.033;4.422;534.959;458.979
2012-05-29;70.02;4.423;531.818;457.569
2012-05-30;69.305;4.48;543.81;471.208
2012-05-31;68.818;4.519;545.657;476.435
2012-06-01;69.738;4.446;532.964;466.549
2012-06-04;70.138;4.414;540.039;467.142
2012-06-05;70.213;4.408;544.269;469.079
2012-06-06;70.803;4.362;519.293;449.024
2012-06-07;72.028;4.268;510.823;435.466
2012-06-08;72.227;4.253;518.451;440.228
2012-06-11;69.718;4.448;533.881;461.991
2012-06-12;67.758;4.607;517.868;459.709
2012-06-13;67.218;4.652;511.376;458.002
2012-06-14;68.738;4.527;503.516;444.27
2012-06-15;70.518;4.386;522.889;448.824
2012-06-18;68.518;4.545;528.183;462.065
2012-06-19;69.47;4.469;519.756;448.637
2012-06-20;70.1;4.419;500.356;433.598
2012-06-21;70.275;4.405;514.153;442.977
2012-06-22;69.783;4.444;498.571;436.497
2012-06-25;66.768;4.691;509.075;460.353
2012-06-26;65.123;4.833;512.998;470.765
2012-06-27;64.753;4.865;508.735;469.309
2012-06-28;63.343;4.992;515.623;482.123
2012-06-29;65.875;4.768;500.243;456.577
2012-07-02;66.213;4.739;503.367;458.096
2012-07-03;67.925;4.596;489.566;440.695
2012-07-04;66.28;4.734;497.195;455.784
2012-07-05;64.79;4.864;501.08;468.482
2012-07-06;64.85;4.858;494.474;465.676
2012-07-09;64.78;4.865;506.008;472.39
2012-07-10;65.51;4.801;503.284;466.474
2012-07-11;65.888;4.768;512.032;470.246
2012-07-12;65.655;4.789;508.104;470.08
2012-07-13;61.525;5.163;529.78;506.958
2012-07-16;61.13;5.201;527.47;509.26
2012-07-17;61.438;5.171;530.62;508.681
2012-07-18;61.195;5.195;535.321;514.774
2012-07-19;61.828;5.135;529.278;506.453
2012-07-20;62.45;5.077;533.687;506.662
2012-07-23;61.445;5.172;533.149;512.983
2012-07-24;60.49;5.264;529.361;515.889
2012-07-25;61.87;5.132;528.852;505.405
2012-07-26;65.108;4.838;512.945;474.811
2012-07-27;64.445;4.897;515.465;478.045
2012-07-30;64.878;4.859;518.824;478.027
2012-07-31;64.495;4.893;537.77;492.289
2012-08-01;67.008;4.676;516.926;465.249
2012-08-02;64.533;4.89;546.105;498.587
2012-08-03;66.518;4.718;519.878;468.179
2012-08-06;67.46;4.639;521.219;463.823
2012-08-07;67.102;4.669;517.041;462.126
2012-08-08;68.113;4.585;522.389;460.606
2012-08-09;68.293;4.57;532.728;466.019
2012-08-10;67.417;4.643;534.336;473.029
2012-08-13;67.678;4.621;533.665;470.781
2012-08-14;68.188;4.579;528.844;463.408
2012-08-15;68.32;4.569;516.481;454.379
2012-08-16;68.65;4.542;518.671;454.401
2012-08-17;68.863;4.525;520.872;455.9
2012-08-20;68.808;4.529;522.666;457.364
2012-08-21;69.77;4.452;515.541;448.122
2012-08-22;70.3;4.41;511.586;444.17
2012-08-23;70.11;4.425;522.474;453.27
2012-08-24;70.233;4.416;520.562;452.22
2012-08-27;70.173;4.421;526.861;455.931
2012-08-28;69.485;4.476;525.525;459.351
2012-08-29;69.815;4.449;528.438;458.972
2012-08-30;69.695;4.459;535.456;464.602
2012-08-31;69.155;4.503;535.631;467.087
2012-09-03;69.602;4.467;533.114;462.955
2012-09-04;70.185;4.421;528.124;456.792
2012-09-05;71.025;4.355;515.74;445.018
2012-09-06;73.45;4.171;494.28;419.443
2012-09-07;75.9;3.992;482.782;402.601
2012-09-10;74.35;4.104;489.359;412.92
2012-09-11;74.345;4.105;489.239;413.162
2012-09-12;75.54;4.018;477.101;399.32
2012-09-13;75.852;3.996;479.834;399.794
2012-09-14;76.908;3.922;463.234;384.237
2012-09-17;76.072;3.981;485.41;400.36
2012-09-18;76.09;3.98;479.815;398.865
2012-09-19;77.893;3.854;477.009;389.715
2012-09-20;78.733;3.796;470.194;384.546
2012-09-21;77.983;3.848;474.05;389.735
2012-09-24;77.82;3.859;465.846;386.755
2012-09-25;76.568;3.946;479.199;399.208
2012-09-26;76.238;3.97;481.664;403.865
2012-09-27;77.025;3.915;476.545;397.066
2012-09-28;76.833;3.928;479.86;399.849
2012-10-01;77.55;3.878;475.499;394.328
2012-10-02;78.008;3.847;475.006;390.011
2012-10-03;78.76;3.795;473.285;385.989
2012-10-04;78.765;3.795;473.706;385.3
2012-10-05;79.26;3.762;467.584;379.052
2012-10-08;78.903;3.786;470.15;383.424
2012-10-09;78.845;3.79;473.761;385.656
2012-10-10;78.523;3.812;478.098;389.164
2012-10-11;79.615;3.738;472.673;381.871
2012-10-12;79.042;3.777;473.16;384.672
2012-10-15;79.08;3.775;461.386;377.199
2012-10-16;79.648;3.736;455.737;370.517
2012-10-17;80.39;3.687;439.913;357.039
2012-10-18;80.268;3.695;449.392;363.409
2012-10-19;80.465;3.683;458.463;368.682
2012-10-22;80.665;3.669;450.849;362.652
2012-10-23;80.253;3.697;449.575;364.137
2012-10-24;79.893;3.721;454.222;368.045
2012-10-25;80.363;3.69;447.635;362.345
2012-10-26;79.705;3.734;453.799;369.574
2012-10-29;78.833;3.792;461.59;378.035
2012-10-30;79.028;3.779;460.398;376.601
2012-10-31;79.438;3.752;462.465;376.085
2012-11-01;79.988;3.715;464.799;375.257
2012-11-02;79.59;3.742;464.227;376.542
2012-11-05;79.013;3.781;472.607;383.819
2012-11-06;79.345;3.758;465.339;378.08
2012-11-07;78.645;3.806;471.105;385.61
2012-11-08;78.24;3.834;470.177;386.983
2012-11-09;78.328;3.828;471.036;387.301
2012-11-12;78.39;3.824;470.923;387.093
2012-11-13;78.558;3.812;470.063;386.306
2012-11-14;78.498;3.816;470.769;386.586
2012-11-15;78.678;3.804;470.804;385.617
2012-11-16;79.1;3.776;470.188;383.186
2012-11-19;79.33;3.76;465.119;378.761
2012-11-20;79.732;3.733;462.813;374.976
2012-11-21;79.73;3.734;461.509;373.53
2012-11-22;80.14;3.706;458.187;369.926
2012-11-23;80.048;3.713;457.586;369.777
2012-11-26;79.998;3.716;460.234;371.41
2012-11-27;80.327;3.694;456.341;368.153
2012-11-28;81.938;3.589;446.285;357.479
2012-11-29;82.363;3.562;448.642;357.446
2012-11-30;83.368;3.498;441.548;350.096
2012-12-03;84.42;3.432;432.294;340.657
2012-12-04;85.528;3.364;431.327;337.66
2012-12-05;85.58;3.361;435.701;339.848
2012-12-06;83.773;3.473;443.805;352.463
2012-12-07;82.928;3.526;442.172;354.123
2012-12-10;78.868;3.793;462.911;382.619
2012-12-11;80.4;3.69;460.96;374.415
2012-12-12;82.605;3.547;445.825;356.842
2012-12-13;83.18;3.51;450.798;357.182
2012-12-14;84.743;3.413;435.376;343.037
2012-12-17;84.715;3.414;430.539;341.25
2012-12-18;85.935;3.34;423.346;331.493
2012-12-19;87.215;3.263;421.427;326.394
2012-12-20;86.41;3.311;430.384;333.985
2012-12-21;85.868;3.344;435.108;338.895
2012-12-24;85.968;3.338;435.187;338.466
2012-12-25;85.968;3.338;433.405;338.417
2012-12-26;85.968;3.338;433.559;338.533
2012-12-27;85.748;3.351;443.553;345.033
2012-12-28;86.098;3.33;438.776;341.065
2012-12-31;86.29;3.319;439.921;341.261
2013-01-01;86.29;3.319;439.185;341.767
2013-01-02;88.328;3.197;418.728;320.607
2013-01-03;89.253;3.144;412.357;313.38
2013-01-04;89.923;3.105;403.274;305.045
2013-01-07;89.623;3.122;410.681;311.049
2013-01-08;89.59;3.124;415.801;314.711
2013-01-09;89.868;3.108;408.682;310.394
2013-01-10;90.883;3.051;393.282;296.645
2013-01-11;90.743;3.059;393.605;297.122
2013-01-14;89.768;3.114;395.899;301.419
2013-01-15;89.483;3.131;399.574;305.937
2013-01-16;88.825;3.169;407.728;312.31
2013-01-17;87.868;3.225;406.594;314.001
2013-01-18;88.52;3.187;415.376;317.533
2013-01-21;88.34;3.197;417.31;318.897
2013-01-22;88.265;3.202;415.077;317.992
2013-01-23;88.248;3.203;411.419;316.265
2013-01-24;88.903;3.165;405.945;311.07
2013-01-25;89.828;3.111;395.369;300.579
2013-01-28;88.31;3.2;405.304;310.611
2013-01-29;88.858;3.167;403.344;307.022
2013-01-30;88.045;3.215;406.676;311.513
2013-01-31;88.1;3.212;408.915;312.659
2013-02-01;88.14;3.21;410.715;312.299
2013-02-04;86.988;3.278;425.984;326.837
2013-02-05;87.118;3.271;423.996;323.152
2013-02-06;85.625;3.361;432.644;333.295
2013-02-07;86.102;3.332;432.283;332.189
2013-02-08;86.628;3.3;426.801;326.877
2013-02-11;85.197;3.388;430.26;333.316
2013-02-12;86.193;3.327;420.811;323.928
2013-02-13;87.933;3.222;404.039;307.85
2013-02-14;87.698;3.237;409.899;312.759
2013-02-15;88.388;3.196;402.708;306.388
2013-02-18;88.378;3.196;403.011;307.013
2013-02-19;88.113;3.212;401.759;307.041
2013-02-20;87.295;3.261;405.386;310.382
2013-02-21;86.3;3.321;410.191;318.951
2013-02-22;86.45;3.312;408.297;316.734
2013-02-25;86.003;3.339;414.053;322.481
2013-02-26;81.598;3.617;432.151;348.625
2013-02-27;81.723;3.609;434.623;349.629
2013-02-28;83.785;3.477;427.568;339.111
2013-03-01;83.665;3.484;433.556;344.465
2013-03-04;82.24;3.576;436.473;350.602
2013-03-05;83.655;3.485;426.618;339.561
2013-03-06;83.563;3.491;429.917;342.614
2013-03-07;84.235;3.449;422.127;335.061
2013-03-08;84.568;3.428;422.096;333.931
2013-03-11;84.295;3.445;420.241;333.745
2013-03-12;84.453;3.435;419.87;333.877
2013-03-13;83.568;3.491;426.279;341.057
2013-03-14;83.815;3.476;423.214;338.263
2013-03-15;84.06;3.46;422.079;337.328
2013-03-18;84.07;3.46;422.655;339.54
2013-03-19;83.545;3.493;435.441;348.423
2013-03-20;84.083;3.459;430.473;343.427
2013-03-21;84.675;3.422;430.119;342.427
2013-03-22;85.268;3.385;429.289;340.119
2013-03-25;84.675;3.422;430.205;343.369
2013-03-26;85.262;3.386;427.955;339.394
2013-03-27;83.41;3.502;439.922;352.97
2013-03-28;84.193;3.453;435.586;347.224
2013-03-29;84.193;3.453;435.407;347.731
2013-04-01;84.193;3.453;436.81;348.779
2013-04-02;85.238;3.388;433.441;342.678
2013-04-03;84.703;3.421;441.534;349.446
2013-04-04;84.923;3.407;440.2;348.843
2013-04-05;85.278;3.385;446.553;352.035
2013-04-08;85.572;3.367;444.076;349.02
2013-04-09;85.873;3.349;439.055;344.662
2013-04-10;85.993;3.342;432.785;340.114
2013-04-11;85.575;3.367;434.208;342.201
2013-04-12;85.445;3.376;437.582;345.335
2013-04-15;85.463;3.374;437.986;346.062
2013-04-16;85.61;3.365;430.218;340.593
2013-04-17;86.485;3.312;428.062;337.467
2013-04-18;86.383;3.318;426.522;337.283
2013-04-19;86.37;3.319;424.508;335.591
2013-04-22;88.255;3.206;421.274;328.294
2013-04-23;90.143;3.096;418.426;320.875
2013-04-24;89.5;3.133;426.817;327.82
2013-04-25;89.0;3.163;431.977;332.393
2013-04-26;89.385;3.14;436.999;334.215
2013-04-29;90.158;3.095;422.397;324.968
2013-04-30;90.643;3.068;425.249;323.731
2013-05-01;90.643;3.068;425.097;324.473
2013-05-02;91.57;3.015;415.591;316.095
2013-05-03;92.44;2.966;399.094;301.87
2013-05-06;92.06;2.988;401.695;304.347
2013-05-07;92.667;2.954;392.494;296.286
2013-05-08;92.685;2.953;392.363;296.379
2013-05-09;92.318;2.973;392.674;298.097
2013-05-10;92.41;2.968;384.781;291.307
2013-05-13;91.197;3.037;393.443;300.252
2013-05-14;90.125;3.098;394.751;303.504
2013-05-15;89.475;3.136;394.452;305.256
2013-05-16;90.778;3.061;391.649;300.644
2013-05-17;91.29;3.031;385.574;295.375
2013-05-20;91.553;3.017;377.35;290.238
2013-05-21;91.395;3.026;377.759;290.085
2013-05-22;91.59;3.015;378.34;288.468
2013-05-23;90.558;3.073;386.202;295.671
2013-05-24;89.348;3.143;395.736;304.542
2013-05-27;90.058;3.102;388.726;297.901
2013-05-28;90.233;3.092;387.198;295.865
2013-05-29;89.018;3.163;394.767;302.827
2013-05-30;89.625;3.127;390.835;299.213
2013-05-31;89.042;3.161;393.279;302.304
2013-06-03;88.98;3.165;389.837;300.175
2013-06-04;89.503;3.135;387.752;297.178
2013-06-05;89.18;3.153;386.402;297.672
2013-06-06;86.498;3.314;401.191;314.083
2013-06-07;88.388;3.2;387.127;299.24
2013-06-10;86.705;3.301;388.79;304.273
2013-06-11;85.003;3.406;398.558;315.675
2013-06-12;84.928;3.411;399.351;316.538
2013-06-13;84.928;3.411;392.866;313.564
2013-06-14;86.248;3.329;390.194;308.594
2013-06-17;86.465;3.316;389.011;307.305
2013-06-18;86.098;3.339;389.076;307.647
2013-06-19;86.542;3.312;384.564;303.209
2013-06-20;84.698;3.426;382.926;305.545
2013-06-21;82.825;3.545;386.018;312.122
2013-06-24;80.165;3.72;400.526;329.014
2013-06-25;79.913;3.737;403.647;331.887
2013-06-26;82.075;3.594;395.272;320.306
2013-06-27;83.335;3.512;388.118;312.9
2013-06-28;83.718;3.488;388.212;311.397
2013-07-01;84.673;3.428;390.69;309.826
2013-07-02;84.673;3.428;399.5;315.571
2013-07-03;83.673;3.491;407.872;323.695
2013-07-04;84.585;3.433;403.571;318.484
2013-07-05;84.873;3.415;396.163;312.133
2013-07-08;84.505;3.439;392.78;311.555
2013-07-09;83.9;3.477;399.947;318.956
2013-07-10;83.173;3.523;401.641;321.952
2013-07-11;82.732;3.552;404.411;325.475
2013-07-12;82.225;3.585;408.816;331.934
2013-07-15;81.993;3.6;409.355;332.429
2013-07-16;82.48;3.569;412.005;332.792
2013-07-17;82.262;3.583;411.449;333.585
2013-07-18;82.59;3.562;409.827;332.026
2013-07-19;82.37;3.576;408.53;331.806
2013-07-22;82.947;3.539;409.343;330.352
2013-07-23;82.695;3.555;405.579;328.115
2013-07-24;83.905;3.477;390.262;313.071
2013-07-25;83.148;3.526;389.107;314.864
2013-07-26;83.17;3.525;389.951;315.48
2013-07-29;82.673;3.557;390.847;317.416
2013-07-30;83.043;3.533;389.643;315.494
2013-07-31;83.203;3.523;388.2;316.4
2013-08-01;84.273;3.455;388.2;316.4
2013-08-02;85.363;3.386;383.238;304.394
2013-08-05;85.275;3.392;;
2013-08-06;85.963;3.349;;
2013-08-07;86.533;3.315;;
2013-08-08;86.93;3.29;371.66;291.977
2013-08-09;87.053;3.283;374.911;294.027
2013-08-12;87.298;3.268;;
2013-08-13;87.19;3.275;359.083;281.706
2013-08-14;87.268;3.27;358.819;281.361
2013-08-15;86.438;3.321;;
2013-08-16;86.923;3.291;352.589;276.694
2013-08-19;86.165;3.338;358.238;282.513
2013-08-20;85.61;3.372;366.655;290.437
2013-08-21;84.993;3.41;365.922;291.263
2013-08-22;85.295;3.392;357.544;284.292
2013-08-23;85.038;3.408;360.653;286.498
2013-08-26;84.18;3.462;370.814;295.89
2013-08-27;83.0;3.538;380.532;307.003
2013-08-28;83.535;3.503;369.94;298.057
2013-08-29;83.755;3.489;;
2013-08-30;83.387;3.513;;
2013-09-02;83.52;3.505;;
2013-09-03;84.083;3.469;;
2013-09-04;82.823;3.55;;
2013-09-05;82.143;3.594;;
2013-09-06;82.665;3.56;;
2013-09-09;82.188;3.591;;
2013-09-10;82.048;3.601;;
2013-09-11;81.938;3.608;;
2013-09-12;81.705;3.623;;
2013-09-13;81.465;3.639;;
2013-09-16;82.175;3.593;;
2013-09-17;83.048;3.536;;
2013-09-18;83.005;3.539;;
2013-09-19;84.095;3.469;;
2013-09-20;83.853;3.484;;
2013-09-23;83.905;3.481;;
2013-09-24;84.813;3.424;362.724;292.402
2013-09-25;85.137;3.403;363.454;292.312
2013-09-26;84.235;3.46;368.721;298.291
2013-09-27;83.49;3.508;374.875;305.242
2013-09-30;83.64;3.499;376.594;305.91
2013-10-01;85.35;3.39;363.11;291.687
2013-10-02;85.988;3.351;357.157;285.833
2013-10-03;85.495;3.382;359.052;288.472
2013-10-04;86.473;3.321;345.848;276.545
2013-10-07;86.163;3.34;352.139;281.913
2013-10-08;85.645;3.372;354.685;285.151
2013-10-09;85.678;3.37;352.184;283.134
2013-10-10;85.98;3.352;346.763;278.397
2013-10-11;86.58;3.315;342.358;274.027
2013-10-14;86.74;3.305;339.442;271.61
2013-10-15;86.903;3.295;334.356;267.377
2013-10-16;86.548;3.317;338.856;271.349
2013-10-17;86.838;3.299;339.056;271.448
2013-10-18;86.705;3.308;342.957;274.896
2013-10-21;86.098;3.345;345.323;277.805
2013-10-22;86.84;3.299;347.987;278.458
2013-10-23;86.98;3.291;351.092;280.428
2013-10-24;87.072;3.285;350.2;279.253
2013-10-25;86.235;3.337;357.03;286.182
2013-10-28;85.815;3.363;359.274;288.241
2013-10-29;86.225;3.338;358.933;288.027
2013-10-30;85.398;3.389;357.24;289.383
2013-10-31;85.628;3.375;357.062;289.483
2013-11-01;85.75;3.367;351.887;285.639
2013-11-04;85.55;3.38;357.834;289.989
2013-11-05;85.223;3.4;354.023;287.326
2013-11-06;85.145;3.405;352.554;286.307
2013-11-07;85.538;3.381;353.323;286.926
2013-11-08;85.278;3.397;344.034;280.445
2013-11-11;85.09;3.409;343.978;280.92
2013-11-12;84.988;3.415;337.719;276.678
2013-11-13;84.865;3.423;348.372;284.876
2013-11-14;85.36;3.392;347.055;282.751
2013-11-15;85.373;3.391;346.915;282.577
2013-11-18;85.18;3.404;351.999;286.812
2013-11-19;85.515;3.383;345.823;281.226
2013-11-20;85.315;3.395;344.86;280.878
2013-11-21;85.615;3.377;347.288;281.789
2013-11-22;85.86;3.361;349.104;282.353
2013-11-25;85.758;3.368;349.703;283.321
2013-11-26;85.675;3.373;352.23;285.533
2013-11-27;85.37;3.392;349.435;284.028
2013-11-28;85.31;3.396;354.228;287.732
2013-11-29;85.103;3.409;356.136;289.448
2013-12-02;85.348;3.394;352.67;285.908
2013-12-03;85.637;3.376;353.903;286.201
2013-12-04;85.352;3.394;347.225;281.473
2013-12-05;85.188;3.404;343.805;279.414
2013-12-06;85.51;3.384;339.18;275.467
2013-12-09;85.748;3.369;338.598;274.565
2013-12-10;86.053;3.35;340.499;275.351
2013-12-11;86.07;3.349;342.846;276.93
2013-12-12;85.73;3.371;346.617;280.445
2013-12-13;85.845;3.364;348.19;281.252
2013-12-16;86.008;3.353;346.238;279.32
2013-12-17;86.055;3.351;346.391;279.742
2013-12-18;86.29;3.336;341.751;275.653
2013-12-19;86.35;3.333;339.176;273.415
2013-12-20;86.175;3.343;340.838;274.845
2013-12-23;85.72;3.372;340.882;276.05
2013-12-24;85.615;3.379;342.32;277.262
2013-12-25;85.615;3.379;342.015;277.069
2013-12-26;85.615;3.379;343.473;277.946
2013-12-27;86.123;3.347;330.802;267.2
2013-12-30;86.975;3.295;327.231;263.143
2013-12-31;86.943;3.297;327.077;263.218
2014-01-01;86.943;3.297;329.998;265.091
2014-01-02;87.993;3.233;321.8;256.911
2014-01-03;88.693;3.191;318.275;252.957
2014-01-06;88.713;3.19;321.597;255.59
2014-01-07;89.158;3.163;322.822;255.35
2014-01-08;89.083;3.168;318.056;251.835
2014-01-09;89.102;3.167;315.754;250.263
2014-01-10;89.2;3.161;320.354;253.883
2014-01-13;89.383;3.15;322.274;255.167
2014-01-14;89.223;3.16;319.813;253.633
2014-01-15;89.21;3.161;320.523;254.18
2014-01-16;89.42;3.148;318.981;253.377
2014-01-17;90.458;3.087;317.606;250.492
2014-01-20;91.055;3.053;317.49;249.239
2014-01-21;90.215;3.102;322.461;254.608
2014-01-22;90.32;3.095;320.726;252.894
2014-01-23;89.857;3.123;332.942;262.852
2014-01-24;88.893;3.18;336.221;267.595
2014-01-27;88.913;3.179;335.356;266.777
2014-01-28;89.697;3.132;332.684;263.268
2014-01-29;89.768;3.128;333.933;264.425
2014-01-30;89.995;3.115;331.294;262.309
2014-01-31;90.425;3.09;331.78;262.159
2014-02-03;90.668;3.076;333.623;263.13
2014-02-04;90.685;3.075;332.774;262.137
2014-02-05;90.888;3.063;332.1;261.423
2014-02-06;90.85;3.065;328.45;258.376
2014-02-07;91.368;3.035;327.287;256.724
2014-02-10;91.253;3.042;322.789;253.936
2014-02-11;91.048;3.054;321.787;253.906
2014-02-12;90.673;3.076;320.543;253.429
2014-02-13;90.708;3.074;327.327;258.398
2014-02-14;91.13;3.049;324.849;255.477
2014-02-17;91.538;3.026;320.648;251.649
2014-02-18;92.005;2.999;321.213;251.301
2014-02-19;91.798;3.011;321.743;251.953
2014-02-20;91.34;3.037;321.541;252.358
2014-02-21;91.488;3.029;320.38;251.623
2014-02-24;91.41;3.033;317.085;249.242
2014-02-25;91.38;3.035;323.819;254.322
2014-02-26;91.588;3.023;327.698;256.922
2014-02-27;92.045;2.997;328.378;257.012
2014-02-28;92.045;2.997;326.098;254.836
2014-03-03;92.775;2.956;329.686;256.291
2014-03-04;93.52;2.914;320.788;248.505
2014-03-05;94.318;2.869;315.683;243.788
2014-03-06;93.813;2.897;313.627;243.012
2014-03-07;93.93;2.891;310.808;240.929
2014-03-10;94.055;2.884;310.94;241.271
2014-03-11;94.102;2.881;307.033;238.632
2014-03-12;94.038;2.885;311.995;242.796
2014-03-13;93.64;2.907;320.526;250.116
2014-03-14;93.81;2.898;317.88;247.624
2014-03-17;94.108;2.881;313.1;243.627
2014-03-18;94.175;2.877;311.737;242.765
2014-03-19;94.088;2.882;307.085;239.093
2014-03-20;94.06;2.884;311.051;241.913
2014-03-21;94.325;2.869;311.94;242.153
2014-03-24;94.683;2.849;315.143;244.147
2014-03-25;94.762;2.845;317.554;245.837
2014-03-26;95.66;2.796;315.206;242.839
2014-03-27;96.667;2.741;310.461;238.032
2014-03-28;96.565;2.747;310.702;238.312
2014-03-31;96.925;2.728;307.835;235.552
2014-04-01;97.053;2.721;308.577;235.69
2014-04-02;97.175;2.714;303.327;231.608
2014-04-03;97.985;2.671;300.456;228.292
2014-04-04;98.398;2.649;304.471;230.778
2014-04-07;98.46;2.646;302.012;229.186
2014-04-08;97.77;2.683;303.671;231.33
2014-04-09;98.083;2.666;301.294;228.86
2014-04-10;98.033;2.669;307.002;233.18
2014-04-11;97.745;2.684;311.008;236.611
2014-04-14;97.947;2.673;306.606;233.049
2014-04-15;98.703;2.633;309.308;233.862
2014-04-16;99.042;2.616;306.536;231.273
2014-04-17;98.953;2.62;298.811;225.714
2014-04-18;98.953;2.62;298.962;225.826
2014-04-21;98.953;2.62;297.538;225.1
2014-04-22;99.35;2.6;300.53;226.214
2014-04-23;99.445;2.595;300.64;225.945
2014-04-24;99.278;2.603;303.152;227.942
2014-04-25;99.613;2.586;306.635;229.734
2014-04-28;99.285;2.603;307.56;231.046
2014-04-29;98.91;2.623;305.571;230.379
2014-04-30;99.385;2.598;308.105;231.254
2014-05-01;99.263;2.604;308.092;231.444
2014-05-02;99.75;2.579;306.939;230.118
2014-05-05;99.858;2.573;302.05;226.197
2014-05-06;100.563;2.537;301.322;224.416
2014-05-07;100.37;2.547;302.138;225.008
2014-05-08;101.69;2.48;291.79;216.32
2014-05-09;101.015;2.514;290.953;216.826
2014-05-12;100.583;2.536;291.369;218.063
2014-05-13;100.98;2.516;295.899;220.866
2014-05-14;101.463;2.491;299.837;222.969
2014-05-15;98.658;2.636;323.022;243.76
2014-05-16;99.23;2.606;319.852;240.077
2014-05-19;97.795;2.682;325.94;246.469
2014-05-20;95.503;2.805;339.883;260.247
2014-05-21;96.445;2.754;329.443;250.937
2014-05-22;95.875;2.785;334.942;255.769
2014-05-23;97.645;2.69;323.323;244.739
2014-05-26;100.19;2.556;307.156;229.3
2014-05-27;100.03;2.564;315.147;235.12
2014-05-28;100.688;2.53;318.221;236.279
2014-05-29;101.163;2.506;310.861;230.385
2014-05-30;101.413;2.493;308.028;228.087
2014-06-02;101.208;2.504;306.055;227.208
2014-06-03;101.208;2.504;302.315;224.479
2014-06-04;101.16;2.506;303.08;224.838
2014-06-05;101.725;2.478;303.793;224.641
2014-06-06;103.477;2.39;295.728;216.919
2014-06-09;104.31;2.349;290.586;212.029
2014-06-10;102.548;2.436;293.884;216.843
2014-06-11;102.125;2.457;295.421;218.522
2014-06-12;101.37;2.496;301.148;223.932
2014-06-13;102.16;2.456;300.971;222.341
2014-06-16;102.32;2.447;301.052;222.087
2014-06-17;101.783;2.475;302.193;223.476
2014-06-18;101.328;2.498;308.94;229.054
2014-06-19;101.75;2.476;307.33;227.632
2014-06-20;101.218;2.503;308.947;229.445
2014-06-23;101.815;2.473;308.633;228.385
2014-06-24;102.01;2.463;307.868;227.667
2014-06-25;102.125;2.457;311.826;230.427
2014-06-26;102.053;2.461;314.435;232.575
2014-06-27;102.185;2.454;313.611;231.392
2014-06-30;102.068;2.46;317.715;234.569
2014-07-01;102.118;2.458;314.116;232.162
2014-07-02;101.445;2.492;312.002;231.652
2014-07-03;102.055;2.461;307.592;227.529
2014-07-04;101.977;2.465;310.171;229.657
2014-07-07;102.015;2.463;309.851;229.524
2014-07-08;101.578;2.485;317.061;235.441
2014-07-09;100.905;2.519;316.864;236.573
2014-07-10;99.673;2.583;327.178;245.908
2014-07-11;100.13;2.559;326.604;244.609
2014-07-14;100.305;2.55;326.066;243.85
2014-07-15;100.743;2.528;326.719;243.392
2014-07-16;101.443;2.492;327.374;242.76
2014-07-17;101.843;2.471;329.87;243.998
2014-07-18;102.123;2.457;330.694;243.842
2014-07-21;102.413;2.443;329.64;242.741
2014-07-22;102.42;2.442;329.532;242.484
2014-07-23;102.34;2.446;330.486;243.343
2014-07-24;102.363;2.445;325.476;239.911
2014-07-25;102.105;2.458;332.986;245.451
2014-07-28;102.29;2.449;334.831;246.344
2014-07-29;103.4;2.393;333.092;243.689
2014-07-30;103.09;2.408;322.113;236.615
2014-07-31;103.695;2.378;318.247;233.306
2014-08-01;102.648;2.431;325.503;239.997
2014-08-04;103.285;2.399;320.329;235.658
2014-08-05;102.558;2.435;320.084;236.866
2014-08-06;101.625;2.482;333.626;247.783
2014-08-07;100.765;2.526;338.042;252.835
2014-08-08;100.878;2.521;337.37;251.945
2014-08-11;100.67;2.531;334.884;251.038
2014-08-12;101.01;2.514;329.598;246.846
2014-08-13;101.245;2.502;332.776;249.034
2014-08-14;101.748;2.476;331.564;247.467
2014-08-15;102.608;2.432;329.384;245.249
2014-08-18;101.913;2.468;335.532;249.497
2014-08-19;102.41;2.442;338.305;250.7
2014-08-20;102.82;2.422;337.642;250.058
2014-08-21;102.852;2.42;337.906;250.246
2014-08-22;103.108;2.407;342.139;252.445
2014-08-25;103.468;2.389;341.174;251.75
2014-08-26;105.095;2.309;338.529;246.958
2014-08-27;107.065;2.214;333.969;240.795
2014-08-28;106.453;2.243;343.633;248.227
2014-08-29;106.585;2.237;346.181;249.403
2014-09-01;105.973;2.266;345.427;250.284
2014-09-02;105.623;2.283;339.022;246.309
2014-09-03;105.195;2.304;333.855;244.054
2014-09-04;106.435;2.244;320.714;233.406
2014-09-05;107.5;2.193;319.875;231.56
2014-09-08;106.69;2.231;319.452;232.215
2014-09-09;105.495;2.289;315.649;231.997
2014-09-10;105.375;2.295;313.264;230.915
2014-09-11;105.292;2.299;319.285;234.705
2014-09-12;105.89;2.27;309.505;226.898
2014-09-15;106.495;2.241;307.236;224.987
2014-09-16;107.202;2.207;298.4;218.277
2014-09-17;108.475;2.146;287.752;209.804
2014-09-18;107.79;2.179;289.819;211.69
2014-09-19;108.595;2.141;290.552;211.579
2014-09-22;108.568;2.142;295.41;215.001
2014-09-23;108.023;2.168;303.237;220.679
2014-09-24;108.448;2.147;300.875;218.644
2014-09-25;108.473;2.146;301.356;219.526
2014-09-26;108.318;2.153;303.812;221.326
2014-09-29;108.378;2.151;303.55;221.401
2014-09-30;109.16;2.114;302.953;219.635
2014-10-01;109.795;2.084;300.532;217.916
2014-10-02;108.955;2.123;302.448;220.218
2014-10-03;108.995;2.121;301.818;219.674
2014-10-06;108.453;2.147;301.713;220.631
2014-10-07;108.173;2.16;301.782;221.234
2014-10-08;108.505;2.144;298.708;218.485
2014-10-09;109.413;2.102;290.772;212.312
2014-10-10;109.318;2.106;287.384;210.855
2014-10-13;108.8;2.13;286.605;211.316
2014-10-14;108.585;2.14;291.755;215.842
2014-10-15;106.653;2.232;312.436;233.36
2014-10-16;104.167;2.354;309.766;234.899
2014-10-17;105.925;2.267;304.7;227.831
2014-10-20;104.795;2.323;316.962;237.434
2014-10-21;105.438;2.291;313.4;233.55
2014-10-22;104.96;2.315;315.459;235.918
2014-10-23;104.2;2.352;311.975;234.669
2014-10-24;104.048;2.36;318.079;238.88
2014-10-27;103.568;2.383;328.509;246.502
2014-10-28;103.733;2.375;329.828;246.876
2014-10-29;104.495;2.337;328.331;243.923
2014-10-30;104.9;2.317;325.591;242.564
2014-10-31;106.355;2.246;318.059;235.184
2014-11-03;105.5;2.288;320.449;238.158
2014-11-04;105.145;2.305;327.101;243.487
2014-11-05;105.665;2.28;320.561;238.157
2014-11-06;106.433;2.242;319.896;236.099
2014-11-07;106.93;2.218;325.551;238.617
2014-11-10;107.46;2.193;327.106;238.254
2014-11-11;107.645;2.184;324.216;236.357
2014-11-12;107.08;2.211;328.127;239.896
2014-11-13;106.455;2.241;331.546;243.639
2014-11-14;106.325;2.247;332.423;244.659
2014-11-17;106.255;2.251;329.848;242.87
2014-11-18;105.948;2.266;330.547;243.74
2014-11-19;105.875;2.269;320.128;237.025
2014-11-20;105.765;2.274;325.852;241.595
2014-11-21;107.935;2.17;317.747;233.123
2014-11-24;108.33;2.151;315.904;231.205
2014-11-25;109.18;2.111;316.7;230.375
2014-11-26;109.232;2.109;321.019;232.947
2014-11-27;111.048;2.024;315.494;226.877
2014-11-28;110.895;2.031;311.304;224.827
2014-12-01;110.678;2.041;297.654;216.312
2014-12-02;111.118;2.021;301.618;217.816
2014-12-03;113.328;1.921;291.631;207.767
2014-12-04;112.503;1.958;294.967;210.933
2014-12-05;113.533;1.911;291.817;207.05
2014-12-08;113.528;1.911;296.707;210.844
2014-12-09;112.193;1.971;309.126;220.707
2014-12-10;110.645;2.042;316.506;228.363
2014-12-11;109.935;2.075;313.759;228.124
2014-12-12;108.8;2.128;322.527;236.556
2014-12-15;109.683;2.087;313.338;229.39
2014-12-16;108.81;2.128;312.477;231.308
2014-12-17;109.968;2.073;302.844;223.694
2014-12-18;111.095;2.021;297.667;217.776
2014-12-19;111.385;2.008;297.542;217.275
2014-12-22;112.303;1.966;302.642;218.456
2014-12-23;111.818;1.988;304.859;220.534
2014-12-24;111.638;1.996;304.944;220.987
2014-12-25;111.638;1.996;307.291;222.411
2014-12-26;111.638;1.996;305.275;221.282
2014-12-29;111.333;2.01;317.088;229.602
2014-12-30;111.315;2.011;312.452;227.351
2014-12-31;111.303;2.011;311.876;226.865
2015-01-01;111.303;2.011;315.16;228.834
2015-01-02;112.638;1.95;315.467;227.745
2015-01-05;110.83;2.033;309.346;227.484
2015-01-06;110.55;2.046;318.368;234.871
2015-01-07;110.025;2.07;315.699;233.559
2015-01-08;110.455;2.05;309.553;228.444
2015-01-09;109.975;2.072;313.602;232.116
2015-01-12;110.718;2.038;316.541;233.115
2015-01-13;110.713;2.038;311.834;230.323
2015-01-14;112.98;1.934;304.361;222.09
2015-01-15;114.338;1.873;296.388;215.326
2015-01-16;115.52;1.821;295.106;212.462
2015-01-19;116.493;1.778;302.986;215.609
2015-01-20;117.093;1.752;303.621;214.671
2015-01-21;117.813;1.721;293.109;206.17
2015-01-22;125.125;1.419;278.83;187.645
2015-01-23;129.56;1.246;264.47;175.041
2015-01-26;131.808;1.162;245.087;160.789
2015-01-27;130.123;1.225;244.036;162.336
2015-01-28;127.59;1.322;261.343;175.825
2015-01-29;126.275;1.373;250.843;170.775
2015-01-30;127.128;1.34;268.71;180.986
2015-02-02;127.725;1.316;274.029;183.319
2015-02-03;130.178;1.222;263.084;173.344
2015-02-04;131.07;1.188;257.226;169.155
2015-02-05;130.963;1.192;263.308;172.768
2015-02-06;130.76;1.2;260.731;171.563
2015-02-09;128.743;1.276;271.925;180.46
2015-02-10;128.913;1.27;266.388;177.107
2015-02-11;128.05;1.303;269.896;180.514
2015-02-12;129.408;1.25;269.876;178.932
2015-02-13;131.323;1.178;257.204;169.114
2015-02-16;130.585;1.205;263.12;173.847
2015-02-17;130.917;1.193;252.453;166.499
2015-02-18;131.525;1.17;247.478;162.914
2015-02-19;131.103;1.185;245.924;162.346
2015-02-20;131.845;1.157;240.757;158.477
2015-02-23;133.14;1.109;241.759;157.965
2015-02-24;133.462;1.097;239.749;156.644
2015-02-25;133.693;1.088;242.316;158.377
2015-02-26;136.985;0.969;222.825;144.126
2015-02-27;139.57;0.877;216.972;137.931
2015-03-02;139.783;0.87;218.957;138.876
2015-03-03;139.338;0.885;229.279;145.238
2015-03-04;140.138;0.857;232.762;146.209
2015-03-05;143.053;0.757;233.409;144.43
2015-03-06;143.855;0.729;216.797;133.794
2015-03-09;143.645;0.736;221.214;137.244
2015-03-10;146.267;0.649;222.403;136.618
2015-03-11;152.14;0.459;209.474;125.585
2015-03-12;154.1;0.397;203.357;120.592
2015-03-13;153.028;0.431;211.712;126.007
2015-03-16;152.133;0.459;214.587;128.489
2015-03-17;149.548;0.541;221.689;134.532
2015-03-18;146.198;0.65;253.671;156.023
2015-03-19;147.145;0.618;253.541;155.018
2015-03-20;149.223;0.55;251.609;152.155
2015-03-23;146.493;0.639;263.133;160.445
2015-03-24;144.087;0.719;271.19;167.244
2015-03-25;143.468;0.74;273.156;168.988
2015-03-26;145.253;0.68;269.055;165.273
2015-03-27;144.823;0.694;266.609;164.58
2015-03-30;144.905;0.691;261.512;161.939
2015-03-31;148.445;0.574;253.708;154.774
2015-04-01;147.908;0.591;260.961;158.884
2015-04-02;147.383;0.608;256.171;156.416
2015-04-03;147.383;0.608;260.866;158.795
2015-04-06;147.383;0.608;256.902;156.71
2015-04-07;147.688;0.598;251.921;153.956
2015-04-08;146.078;0.651;260.179;160.337
2015-04-09;144.22;0.712;268.225;166.338
2015-04-10;144.99;0.686;264.664;163.638
2015-04-13;143.983;0.72;275.864;170.864
2015-04-14;142.783;0.761;284.921;177.072
2015-04-15;144.028;0.718;288.399;178.058
2015-04-16;140.875;0.826;305.125;190.55
2015-04-17;137.993;0.927;322.629;203.526
2015-04-20;137.853;0.932;320.695;202.65
2015-04-21;137.315;0.951;314.753;199.588
2015-04-22;138.353;0.914;302.884;191.402
2015-04-23;138.293;0.915;301.451;190.749
2015-04-24;137.323;0.95;305.898;194.313
2015-04-27;138.603;0.904;296.128;187.513
2015-04-28;137.935;0.928;291.242;185.599
2015-04-29;134.818;1.04;285.908;184.738
2015-04-30;135.025;1.032;282.841;181.856
2015-05-01;135.063;1.031;283.102;181.872
2015-05-04;134.095;1.066;264.521;171.155
2015-05-05;126.188;1.368;291.543;195.34
2015-05-06;123.94;1.458;289.99;196.205
2015-05-07;125.56;1.393;289.332;194.148
2015-05-08;126.54;1.354;286.748;191.704
2015-05-11;124.993;1.415;283.053;190.534
2015-05-12;123.33;1.483;281.954;191.121
2015-05-13;123.113;1.492;269.255;183.27
2015-05-14;124.295;1.443;268.825;181.586
2015-05-15;125.792;1.383;273.194;183.048
2015-05-18;123.143;1.49;279.721;189.801
2015-05-19;124.46;1.436;280.427;189.033
2015-05-20;122.963;1.497;277.143;188.815
2015-05-21;122.815;1.503;272.514;185.767
2015-05-22;123.515;1.474;265.965;181.227
2015-05-25;122.14;1.531;273.126;186.973
2015-05-26;119.758;1.63;286.359;199.079
2015-05-27;120.405;1.603;273.054;190.09
2015-05-28;120.868;1.583;276.52;191.639
2015-05-29;122.253;1.525;278.809;191.65
2015-06-01;120.275;1.608;280.592;194.605
2015-06-02;117.503;1.727;278.118;195.645
2015-06-03;115.845;1.799;258.592;184.24
2015-06-04;117.158;1.741;263.189;185.732
2015-06-05;115.57;1.811;267.505;190.067
2015-06-08;115.068;1.833;269.857;191.65
2015-06-09;114.835;1.844;262.367;186.303
2015-06-10;114.703;1.85;259.316;184.082
2015-06-11;116.518;1.769;266.105;186.944
2015-06-12;114.67;1.851;275.783;195.47
2015-06-15;111.475;1.996;294.68;212.152
2015-06-16;111.572;1.992;296.911;213.595
2015-06-17;112.348;1.956;292.885;209.873
2015-06-18;114.072;1.877;281.444;199.822
2015-06-19;113.583;1.899;292.2;207.733
2015-06-22;117.26;1.736;262.014;182.554
2015-06-23;118.045;1.702;256.108;177.895
2015-06-24;117.12;1.742;267.295;186.498
2015-06-25;116.898;1.751;263.429;184.023
2015-06-26;116.423;1.772;255.273;178.804
2015-06-29;111.498;1.995;291.069;209.781
2015-06-30;112.433;1.951;290.539;207.675
2015-07-01;113.183;1.917;274.905;196.077
2015-07-02;112.822;1.933;272.505;194.695
2015-07-03;114.123;1.874;269.754;191.913
2015-07-06;112.275;1.958;287.62;206.137
2015-07-07;114.588;1.853;282.254;200.228
2015-07-08;116.265;1.779;279.854;196.244
2015-07-09;117.14;1.74;258.774;181.641
2015-07-10;117.26;1.735;237.79;166.995
2015-07-13;116.578;1.764;247.244;174.19
2015-07-14;117.038;1.744;245.567;172.621
2015-07-15;118.887;1.664;251.533;174.789
2015-07-16;118.888;1.664;248.278;172.505
2015-07-17;120.153;1.61;252.885;174.264
2015-07-20;121.16;1.567;246.675;169.514
2015-07-21;119.955;1.618;249.099;172.361
2015-07-22;120.115;1.611;256.589;177.097
2015-07-23;121.008;1.573;250.319;172.229
2015-07-24;121.443;1.555;251.894;173.248
2015-07-27;121.075;1.57;255.938;176.189
2015-07-28;122.285;1.52;244.009;167.401
2015-07-29;122.633;1.505;240.674;164.712
2015-07-30;124.512;1.428;246.164;166.205
2015-07-31;125.958;1.369;242.423;162.4
2015-08-03;125.56;1.385;240.47;162.184
2015-08-04;126.093;1.364;225.911;152.584
2015-08-05;123.318;1.476;233.056;158.901
2015-08-06;123.208;1.481;233.18;159.671
2015-08-07;123.783;1.457;234.313;160.199
2015-08-10;123.74;1.459;228.185;156.054
2015-08-11;124.163;1.441;232.106;158.834
2015-08-12;121.792;1.539;235.782;164.203
2015-08-13;122.64;1.503;230.37;159.767
2015-08-14;122.83;1.496;230.507;159.354
2015-08-17;123.708;1.459;229.027;157.644
2015-08-18;122.268;1.519;231.198;160.558
2015-08-19;122.453;1.511;235.446;163.279
2015-08-20;122.248;1.519;240.73;166.942
2015-08-21;121.57;1.547;245.943;171.092
2015-08-24;119.535;1.634;248.052;174.649
2015-08-25;118.25;1.689;244.852;172.888
2015-08-26;117.515;1.721;244.079;173.449
2015-08-27;118.87;1.662;243.964;171.55
2015-08-28;120.308;1.6;240.76;167.696
2015-08-31;119.95;1.615;235.371;164.051
2015-09-01;118.753;1.667;246.115;171.944
2015-09-02;118.595;1.673;248.395;173.899
2015-09-03;119.893;1.617;249.18;173.395
2015-09-04;120.563;1.589;257.202;178.274
2015-09-07;119.295;1.643;256.208;179.143
2015-09-08;119.85;1.619;248.502;173.62
2015-09-09;120.15;1.606;247.617;172.726
2015-09-10;119.305;1.642;249.507;174.969
2015-09-11;119.352;1.64;247.961;174.682
2015-09-14;119.072;1.652;248.235;175.038
2015-09-15;118.268;1.687;238.53;168.894
2015-09-16;118.05;1.696;243.227;171.945
2015-09-17;117.843;1.705;249.562;176.555
2015-09-18;120.658;1.584;244.755;171.071
2015-09-21;119.938;1.614;242.991;170.494
2015-09-22;121.278;1.557;243.162;170.025
2015-09-23;122.033;1.526;239.491;166.846
2015-09-24;121.633;1.542;241.819;168.85
2015-09-25;120.833;1.576;239.903;168.307
2015-09-28;121.5;1.548;243.37;170.21
2015-09-29;121.085;1.565;243.443;170.898
2015-09-30;121.21;1.56;240.124;168.556
2015-10-01;121.63;1.542;241.84;169.702
2015-10-02;122.695;1.497;241.196;168.291
2015-10-05;122.163;1.519;239.962;167.541
2015-10-06;121.26;1.557;238.981;167.845
2015-10-07;121.87;1.531;237.463;166.174
2015-10-08;122.465;1.506;236.361;164.71
2015-10-09;123.01;1.484;233.486;162.122
2015-10-12;122.95;1.486;238.311;165.529
2015-10-13;122.863;1.489;235.46;163.838
2015-10-14;123.33;1.47;236.257;164.144
2015-10-15;122.305;1.512;240.097;167.493
2015-10-16;123.17;1.476;239.521;166.255
2015-10-19;123.225;1.474;238.275;165.276
2015-10-20;122.03;1.524;235.824;164.582
2015-10-21;123.273;1.472;239.744;166.12
2015-10-22;127.265;1.31;230.579;156.571
2015-10-23;127.318;1.307;228.721;155.058
2015-10-26;127.898;1.284;230.842;156.011
2015-10-27;128.735;1.251;231.993;156.413
2015-10-28;129.827;1.208;224.051;150.427
2015-10-29;128.15;1.274;220.925;149.523
2015-10-30;127.225;1.31;227.237;154.457
2015-11-02;125.61;1.375;231.451;158.401
2015-11-03;125.885;1.364;225.596;154.308
2015-11-04;126.005;1.359;225.665;153.948
2015-11-05;124.723;1.411;232.275;159.471
2015-11-06;122.753;1.492;234.12;162.165
2015-11-09;121.88;1.528;245.238;170.406
2015-11-10;122.895;1.486;244.462;168.756
2015-11-11;123.913;1.444;237.916;163.658
2015-11-12;125.093;1.395;234.106;159.948
2015-11-13;126.1;1.354;231.258;157.551
2015-11-16;125.673;1.371;232.603;158.896
2015-11-17;126.268;1.347;233.969;159.374
2015-11-18;126.825;1.325;235.132;159.554
2015-11-19;127.238;1.308;235.676;159.628
2015-11-20;127.705;1.289;235.824;159.424
2015-11-23;126.96;1.319;238.254;161.578
2015-11-24;127.045;1.315;239.56;162.096
2015-11-25;127.775;1.286;234.566;158.588
2015-11-26;127.62;1.292;236.497;159.712
2015-11-27;128.085;1.273;234.35;157.746
2015-11-30;128.905;1.241;230.403;154.236
2015-12-01;129.23;1.228;234.992;156.809
2015-12-02;129.865;1.203;225.33;150.362
2015-12-03;124.977;1.398;219.551;150.299
2015-12-04;124.775;1.406;212.879;146.867
2015-12-07;126.268;1.345;216.563;148.344
2015-12-08;127.333;1.302;219.413;149.053
2015-12-09;126.805;1.323;221.368;150.66
2015-12-10;127.458;1.297;214.043;145.403
2015-12-11;126.855;1.321;220.821;150.717
2015-12-14;125.648;1.37;219.545;150.713
2015-12-15;126.218;1.346;214.501;146.325
2015-12-16;126.322;1.342;207.939;141.722
2015-12-17;127.393;1.299;214.384;145.322
2015-12-18;127.345;1.301;220.119;149.334
2015-12-21;126.68;1.327;216.586;147.722
2015-12-22;125.965;1.356;209.77;143.767
2015-12-23;125.605;1.37;208.18;142.841
2015-12-24;125.033;1.394;210.517;144.816
2015-12-25;125.033;1.394;210.429;144.798
2015-12-28;126.273;1.343;214.303;146.414
2015-12-29;125.953;1.356;208.413;142.429
2015-12-30;126.008;1.353;206.267;141.314
2015-12-31;126.008;1.353;;
2016-01-01;126.008;1.353;;
2016-01-04;126.998;1.313;206.069;140.668
2016-01-05;127.375;1.298;206.08;140.695
2016-01-06;126.828;1.32;208.003;142.717
2016-01-07;125.79;1.361;215.017;147.875
2016-01-08;126.743;1.323;213.671;146.235
2016-01-11;125.835;1.359;217.98;149.828
2016-01-12;124.873;1.399;227.356;156.923
2016-01-13;126.753;1.322;221.69;151.579
2016-01-14;125.755;1.362;217.83;149.95
2016-01-15;125.678;1.365;218.118;150.707
2016-01-18;124.668;1.406;221.92;154.081
2016-01-19;124.878;1.398;223.35;154.741
2016-01-20;121.958;1.519;239.311;168.839
2016-01-21;123.313;1.462;237.286;166.459
2016-01-22;123.593;1.45;232.572;162.805
2016-01-25;123.425;1.457;235.86;165.187
2016-01-26;124.038;1.432;235.704;164.813
2016-01-27;123.995;1.433;236.458;165.394
2016-01-28;123.64;1.448;246.625;172.597
2016-01-29;125.568;1.368;245.303;170.204
2016-02-01;123.635;1.448;248.811;174.791
2016-02-02;122.768;1.484;254.297;179.616
2016-02-03;123.848;1.439;258.037;181.036
2016-02-04;122.815;1.482;260.745;183.648
2016-02-05;123.01;1.474;262.754;185.034
2016-02-08;120.608;1.575;281.288;200.59
2016-02-09;120.313;1.588;277.91;198.766
2016-02-10;121.13;1.553;271.216;193.423
2016-02-11;118.36;1.672;282.741;204.968
2016-02-12;120.183;1.593;269.622;193.218
2016-02-15;122.563;1.492;266.442;188.404
2016-02-16;122.33;1.501;261.8;185.649
2016-02-17;122.73;1.484;264.118;186.521
2016-02-18;123.378;1.457;269.219;189.635
2016-02-19;123.028;1.472;268.014;189.262
2016-02-22;123.923;1.434;273.521;191.637
2016-02-23;123.58;1.448;277.111;194.456
2016-02-24;122.572;1.49;276.972;196.073
2016-02-25;122.693;1.485;271.796;192.947
2016-02-26;123.975;1.431;261.665;184.825
2016-02-29;124.083;1.427;260.777;184.82
2016-03-01;124.51;1.409;253.971;179.667
2016-03-02;123.988;1.431;252.328;178.531
2016-03-03;126.053;1.346;257.445;179.693
2016-03-04;125.548;1.366;258.526;180.176
2016-03-07;125.888;1.352;254.119;177.261
2016-03-08;126.39;1.332;252.229;175.962
2016-03-09;126.99;1.307;240.919;167.786
2016-03-10;125.852;1.353;243.288;170.381
2016-03-11;128.51;1.246;235.883;163.375
2016-03-14;128.23;1.257;229.8;159.52
2016-03-15;127.068;1.303;230.861;161.567
2016-03-16;127.48;1.287;234.818;164.098
2016-03-17;129.322;1.213;237.222;164.344
2016-03-18;130.805;1.155;233.537;160.642
2016-03-21;130.855;1.153;226.832;156.39
2016-03-22;130.55;1.164;227.991;157.535
2016-03-23;129.477;1.206;239.191;166.27
2016-03-24;129.318;1.212;237.314;165.226
2016-03-25;129.318;1.212;;
2016-03-28;129.318;1.212;236.888;165.063
2016-03-29;130.123;1.18;239.407;166.545
2016-03-30;131.012;1.146;232.179;160.897
2016-03-31;130.71;1.157;232.609;161.493
2016-04-01;130.505;1.165;238.603;165.787
2016-04-04;130.09;1.181;242.389;168.518
2016-04-05;129.158;1.218;252.563;176.252
2016-04-06;129.025;1.223;248.699;173.654
2016-04-07;127.223;1.295;260.317;183.263
2016-04-08;129.072;1.221;252.355;176.004
2016-04-11;128.512;1.243;248.643;174.194
2016-04-12;127.44;1.286;244.547;172.223
2016-04-13;128.798;1.231;245.364;171.718
2016-04-14;127.575;1.28;242.791;171.163
2016-04-15;127.823;1.27;248.056;174.626
2016-04-18;127.18;1.296;246.952;174.435
2016-04-19;125.852;1.349;251.563;178.71
2016-04-20;125.623;1.359;250.987;178.739
2016-04-21;124.545;1.403;245.804;175.997
2016-04-22;124.753;1.394;242.866;173.925
2016-04-25;123.885;1.43;243.123;174.637
2016-04-26;124.545;1.403;235.411;168.576
2016-04-27;124.795;1.392;233.976;167.426
2016-04-28;126.19;1.335;234.847;166.653
2016-04-29;126.513;1.321;235.226;165.89
2016-05-02;126.873;1.307;237.055;166.649
2016-05-03;127.072;1.298;244.411;171.871
2016-05-04;125.602;1.358;251.341;177.706
2016-05-05;125.322;1.369;259.774;183.572
2016-05-06;125.33;1.369;260.783;184.093
2016-05-09;125.66;1.355;264.136;185.982
2016-05-10;123.78;1.433;274.489;194.834
2016-05-11;125.223;1.373;267.476;188.467
2016-05-12;125.498;1.362;259.137;182.191
2016-05-13;125.625;1.356;266.243;186.733
2016-05-16;126.078;1.338;260.787;182.542
2016-05-17;126.93;1.303;258.142;179.82
2016-05-18;126.053;1.338;257.013;179.801
2016-05-19;125.968;1.342;254.586;178.293
2016-05-20;126.395;1.324;254.691;177.735
2016-05-23;126.485;1.32;249.912;174.619
2016-05-24;127.278;1.288;248.463;172.682
2016-05-25;128.608;1.234;245.858;169.68
2016-05-26;128.01;1.258;252.065;174.235
2016-05-27;128.025;1.257;251.153;173.354
2016-05-30;127.533;1.277;247.244;171.295
2016-05-31;127.998;1.258;248.503;171.837
2016-06-01;127.57;1.275;246.427;171.079
2016-06-02;127.358;1.284;248.105;172.507
2016-06-03;127.953;1.259;254.015;175.965
2016-06-06;127.11;1.293;256.089;178.088
2016-06-07;128.23;1.248;256.415;177.26
2016-06-08;128.908;1.221;252.412;174.01
2016-06-09;128.99;1.217;253.238;174.7
2016-06-10;128.61;1.232;255.501;176.839
2016-06-13;126.81;1.305;256.999;179.91
2016-06-14;125.238;1.369;267.176;188.344
2016-06-15;125.322;1.366;267.063;188.335
2016-06-16;123.9;1.425;275.116;195.263
2016-06-17;124.8;1.387;265.271;187.781
2016-06-20;126.58;1.314;254.885;178.748
2016-06-21;126.195;1.329;254.49;178.958
2016-06-22;126.7;1.309;252.44;176.935
2016-06-23;127.345;1.282;245.614;171.348
2016-06-24;123.675;1.433;272.422;194.001
2016-06-27;124.42;1.402;276.79;196.875
2016-06-28;127.6;1.271;262.358;183.734
2016-06-29;128.83;1.222;261.63;181.871
2016-06-30;132.133;1.091;232.835;159.967
2016-07-01;131.015;1.135;252.365;173.924
2016-07-04;130.885;1.14;256.488;177.101
2016-07-05;130.275;1.164;259.785;180.295
2016-07-06;130.738;1.145;251.349;174.599
2016-07-07;131.25;1.125;245.421;170.366
2016-07-08;132.14;1.09;244.716;169.258
2016-07-11;132.055;1.093;239.547;165.928
2016-07-12;132.298;1.084;235.15;162.116
2016-07-13;132.49;1.076;244.857;168.505
2016-07-14;133.185;1.049;240.409;164.5
2016-07-15;132.688;1.068;239.726;164.068
2016-07-18;132.858;1.061;242.899;166.072
2016-07-19;132.853;1.061;240.879;164.773
2016-07-20;132.605;1.071;234.747;161.16
2016-07-21;132.41;1.078;235.656;161.922
2016-07-22;132.568;1.072;235.043;161.429
2016-07-25;132.715;1.066;235.764;161.745
2016-07-26;133.043;1.053;238.233;162.812
2016-07-27;134.095;1.013;246.117;166.842
2016-07-28;134.765;0.987;246.614;166.469
2016-07-29;135.295;0.967;247.84;166.918
2016-08-01;135.695;0.951;239.765;161.587
2016-08-02;135.58;0.956;229.311;154.86
2016-08-03;135.37;0.963;232.966;157.304
2016-08-04;136.57;0.918;235.973;158.385
2016-08-05;136.818;0.909;229.727;154.01
2016-08-08;137.875;0.869;225.375;150.318
2016-08-09;137.773;0.873;231.369;154.266
2016-08-10;138.873;0.832;233.779;155.019
2016-08-11;139.428;0.811;222.3;147.249
2016-08-12;140.113;0.786;223.841;147.712
2016-08-15;139.79;0.798;221.547;146.394
2016-08-16;137.725;0.874;224.944;149.976
2016-08-17;137.635;0.877;229.06;152.881
2016-08-18;138.558;0.842;229.17;152.281
2016-08-19;137.203;0.892;229.746;153.567
2016-08-22;137.633;0.876;233.938;156.178
2016-08-23;137.135;0.895;237.561;158.977
2016-08-24;137.1;0.896;237.677;158.939
2016-08-25;136.988;0.9;234.321;156.943
2016-08-26;137.5;0.88;231.884;154.928
2016-08-29;138.133;0.857;232.825;154.894
2016-08-30;137.9;0.865;236.855;157.739
2016-08-31;136.665;0.911;234.595;157.458
2016-09-01;135.548;0.953;234.258;158.583
2016-09-02;134.718;0.984;233.815;159.001
2016-09-05;135.103;0.969;231.909;157.743
2016-09-06;136.895;0.902;229.732;155.078
2016-09-07;137.688;0.872;234.333;156.977
2016-09-08;135.665;0.947;233.394;157.873
2016-09-09;133.337;1.036;234.432;160.156
2016-09-12;132.735;1.059;238.085;162.845
2016-09-13;131.483;1.108;238.445;164.156
2016-09-14;131.918;1.091;242.211;166.514
2016-09-15;130.473;1.148;244.841;169.535
2016-09-16;130.265;1.156;250.966;173.781
2016-09-19;131.075;1.124;246.727;170.325
2016-09-20;133.188;1.041;243.715;166.559
2016-09-21;132.645;1.062;242.875;166.349
2016-09-22;135.7;0.944;245.184;165.34
2016-09-23;135.32;0.959;245.831;166.434
2016-09-26;135.263;0.961;249.043;168.587
2016-09-27;133.96;1.01;250.519;171.062
2016-09-28;134.52;0.989;252.457;171.611
2016-09-29;134.553;0.987;254.741;172.777
2016-09-30;135.135;0.965;252.704;170.503
2016-10-03;133.698;1.02;256.11;174.011
2016-10-04;132.55;1.064;256.883;175.425
2016-10-05;131.428;1.108;255.145;175.214
2016-10-06;131.98;1.086;251.086;172.002
2016-10-07;131.025;1.123;249.139;171.708
2016-10-10;130.598;1.14;244.181;168.565
2016-10-11;130.738;1.134;247.891;171.07
2016-10-12;129.705;1.175;247.239;171.709
2016-10-13;130.235;1.154;250.217;173.206
2016-10-14;130.248;1.153;248.719;171.757
2016-10-17;130.262;1.152;253.931;174.992
2016-10-18;131.55;1.101;254.693;174.117
2016-10-19;131.865;1.089;254.829;173.764
2016-10-20;132.253;1.073;259.035;176.189
2016-10-21;132.175;1.076;260.446;176.855
2016-10-24;131.87;1.088;257.325;175.121
2016-10-25;131.538;1.101;259.487;176.669
2016-10-26;129.193;1.194;261.983;180.372
2016-10-27;126.958;1.285;264.189;183.617
2016-10-28;125.168;1.359;275.268;192.964
2016-10-31;124.635;1.381;275.384;193.73
2016-11-01;122.593;1.468;285.302;202.57
2016-11-02;123.945;1.41;276.255;195.473
2016-11-03;123.245;1.44;276.149;195.823
2016-11-04;122.115;1.488;284.171;202.456
2016-11-07;123.125;1.445;280.381;198.447
2016-11-08;123.31;1.437;275.593;194.89
2016-11-09;122.493;1.472;271.097;192.429
2016-11-10;119.52;1.601;284.144;203.638
2016-11-11;117.02;1.713;296.609;214.785
2016-11-14;116.173;1.752;302.164;219.175
2016-11-15;118.685;1.638;290.909;208.318
2016-11-16;116.63;1.731;301.587;218.138
2016-11-17;115.608;1.778;307.812;223.589
2016-11-18;117.063;1.711;305.654;219.776
2016-11-21;117.893;1.673;308.423;220.003
2016-11-22;119.093;1.619;306.949;217.652
2016-11-23;117.368;1.697;318.138;226.89
2016-11-24;116.493;1.736;318.655;228.535
2016-11-25;116.505;1.736;314.834;226.389
2016-11-28;116.898;1.718;316.288;226.972
2016-11-29;118.653;1.638;308.787;219.673
2016-11-30;118.578;1.642;301.733;214.439
2016-12-01;117.23;1.702;299.112;213.371
2016-12-02;120.005;1.578;303.365;212.831
2016-12-05;119.36;1.606;308.69;216.365
2016-12-06;121.935;1.493;289.02;200.007
2016-12-07;122.753;1.458;285.098;196.973
2016-12-08;121.273;1.522;286.051;199.174
2016-12-09;120.335;1.563;288.37;201.644
2016-12-12;120.923;1.537;282.207;196.493
2016-12-13;123.493;1.426;275.485;189.648
2016-12-14;124.803;1.37;272.875;186.911
2016-12-15;123.94;1.406;269.006;185.249
2016-12-16;123.653;1.418;275.085;189.583
2016-12-19;125.473;1.341;279.723;190.667
2016-12-20;125.745;1.33;279.543;189.643
2016-12-21;126.028;1.318;284.053;192.104
2016-12-22;125.2;1.352;283.12;192.303
2016-12-23;126.08;1.315;284.032;191.829
2016-12-26;126.08;1.315;282.621;191.064
2016-12-27;125.45;1.341;289.756;196.207
2016-12-28;126.115;1.314;286.99;193.614
2016-12-29;126.693;1.289;291.117;195.681
2016-12-30;125.495;1.339;294.854;199.387
2017-01-02;127.745;1.246;282.043;188.941
2017-01-03;125.852;1.324;291.932;196.716
2017-01-04;125.953;1.32;285.289;192.632
2017-01-05;124.105;1.397;296.13;201.947
2017-01-06;123.058;1.442;293.506;201.067
2017-01-09;124.072;1.398;289.105;197.455
2017-01-10;124.575;1.377;288.011;196.178
2017-01-11;125.833;1.324;287.48;194.584
2017-01-12;124.875;1.364;288.084;196.34
2017-01-13;124.2;1.392;285.246;195.368
2017-01-16;122.808;1.452;292.163;201.467
2017-01-17;122.22;1.477;295.826;204.534
2017-01-18;121.475;1.51;297.539;206.143
2017-01-19;120.88;1.535;295.432;205.354
2017-01-20;120.313;1.56;294.064;204.588
2017-01-23;121.433;1.511;302.324;208.567
2017-01-24;120.83;1.537;300.078;207.521
2017-01-25;119.778;1.584;292.979;204.357
2017-01-26;117.915;1.667;304.487;213.851
2017-01-27;118.733;1.63;306.961;214.183
2017-01-30;117.083;1.705;314.11;221.128
2017-01-31;118.37;1.646;309.862;216.5
2017-02-01;116.41;1.736;311.536;220.299
2017-02-02;117.045;1.706;312.611;220.414
2017-02-03;115.805;1.763;316.814;224.984
2017-02-06;113.308;1.881;332.446;239.239
2017-02-07;113.115;1.89;333.667;240.219
2017-02-08;115.072;1.797;332.304;236.575
2017-02-09;116.69;1.722;324.339;228.772
2017-02-10;114.84;1.808;330.172;234.828
2017-02-13;116.07;1.751;319.685;226.161
2017-02-14;115.825;1.762;316.088;223.963
2017-02-15;115.96;1.756;316.282;223.767
2017-02-16;118.13;1.656;313.753;219.183
2017-02-17;117.535;1.683;318.631;223.293
2017-02-20;117.3;1.694;320.059;224.38
2017-02-21;116.573;1.727;321.688;226.431
2017-02-22;116.628;1.724;319.712;225.442
2017-02-23;116.245;1.742;327.172;231.059
2017-02-24;117.023;1.706;324.884;228.831
2017-02-27;118.072;1.658;319.444;224.061
2017-02-28;118.895;1.621;315.068;220.325
2017-03-01;117.9;1.666;312.52;219.996
2017-03-02;117.97;1.662;303.484;214.005
2017-03-03;118.523;1.637;295.493;207.825
2017-03-06;116.775;1.717;302.421;215.011
2017-03-07;115.523;1.775;311.421;222.609
2017-03-08;114.32;1.831;315.741;226.924
2017-03-09;113.505;1.87;312.902;225.726
2017-03-10;112.36;1.925;318.195;230.281
2017-03-13;112.9;1.898;317.71;229.41
2017-03-14;113.03;1.892;321.225;231.799
2017-03-15;113.863;1.852;321.545;231.126
2017-03-16;112.235;1.93;324.922;235.766
2017-03-17;111.985;1.942;331.732;240.755
2017-03-20;111.643;1.959;328.869;239.711
2017-03-21;111.99;1.942;327.022;237.946
2017-03-22;112.548;1.915;321.839;234.635
2017-03-23;112.363;1.924;319.984;233.882
2017-03-24;113.512;1.868;319.735;231.748
2017-03-27;113.75;1.857;321.536;232.841
2017-03-28;114.46;1.823;315.365;228.14
2017-03-29;115.365;1.781;312.726;225.447
2017-03-30;115.325;1.782;313.967;226.547
2017-03-31;115.08;1.794;308.954;224.06
2017-04-03;114.668;1.813;317.31;230.062
2017-04-04;115.445;1.776;312.663;226.047
2017-04-05;115.333;1.782;316.458;228.288
2017-04-06;115.448;1.776;319.002;229.571
2017-04-07;116.17;1.742;316.3;226.922
2017-04-10;115.778;1.761;322.239;231.385
2017-04-11;114.863;1.803;325.013;234.747
2017-04-12;114.008;1.844;331.636;240.219
2017-04-13;113.218;1.881;335.767;244.633
2017-04-14;113.218;1.881;335.526;244.351
2017-04-17;113.218;1.881;335.624;244.532
2017-04-18;113.96;1.846;337.686;244.685
2017-04-19;113.61;1.862;336.105;244.008
2017-04-20;113.253;1.879;333.732;242.465
2017-04-21;113.67;1.859;330.812;239.313
2017-04-24;115.387;1.778;318.756;228.553
2017-04-25;114.063;1.84;314.596;227.574
2017-04-26;112.82;1.9;323.417;235.256
2017-04-27;113.755;1.855;324.347;234.572
2017-04-28;113.438;1.87;323.175;234.095
2017-05-01;113.438;1.87;323.213;234.123
2017-05-02;113.24;1.879;325.58;235.646
2017-05-03;114.82;1.804;317.208;227.98
2017-05-04;114.993;1.796;306.276;220.351
2017-05-05;116.268;1.736;294.623;210.971
2017-05-08;115.05;1.793;297.363;214.739
2017-05-09;114.155;1.835;301.389;218.528
2017-05-10;114.723;1.808;304.141;219.253
2017-05-11;113.208;1.88;310.792;225.89
2017-05-12;113.403;1.871;312.053;226.758
2017-05-15;113.085;1.886;309.154;225.171
2017-05-16;113.883;1.848;301.91;219.289
2017-05-17;114.773;1.805;304.376;219.972
2017-05-18;114.572;1.815;302.381;219.097
2017-05-19;114.708;1.808;298.916;216.432
2017-05-22;114.438;1.821;296.705;215.1
2017-05-23;115.503;1.771;290.388;209.312
2017-05-24;115.193;1.785;291.479;210.449
2017-05-25;115.505;1.77;291.409;210.048
2017-05-26;115.068;1.791;294.804;213.373
2017-05-29;114.195;1.832;300.891;218.595
2017-05-30;113.345;1.873;301.386;220.437
2017-05-31;112.15;1.931;303.78;223.737
2017-06-01;111.155;1.979;309.524;228.852
2017-06-02;111.49;1.963;309.149;228.156
2017-06-05;111.158;1.979;310.365;229.287
2017-06-06;111.973;1.939;308.04;226.747
2017-06-07;110.458;2.013;314.065;233.347
2017-06-08;112.835;1.897;302.59;222.098
2017-06-09;114.468;1.818;290.755;212.082
2017-06-12;115.72;1.759;286.517;207.619
2017-06-13;116.233;1.735;282.97;204.306
2017-06-14;116.645;1.716;284.939;205.355
2017-06-15;116.0;1.746;281.178;203.539
2017-06-16;115.848;1.753;281.872;204.353
2017-06-19;116.38;1.728;278.58;201.506
2017-06-20;116.993;1.699;275.958;199.343
2017-06-21;117.143;1.692;278.189;200.623
2017-06-22;117.443;1.678;279.609;201.163
2017-06-23;117.88;1.658;277.48;198.831
2017-06-26;118.978;1.608;273.082;194.54
2017-06-27;116.043;1.743;277.094;200.11
2017-06-28;116.37;1.728;278.908;200.719
2017-06-29;114.45;1.818;287.167;207.81
2017-06-30;114.335;1.823;284.471;206.027
2017-07-03;114.515;1.815;277.798;201.487
2017-07-04;114.645;1.808;274.85;199.299
2017-07-05;113.963;1.841;277.302;202.007
2017-07-06;111.788;1.946;281.998;207.666
2017-07-07;111.083;1.981;286.125;211.06
2017-07-10;112.405;1.916;285.086;208.661
2017-07-11;111.988;1.936;288.926;211.694
2017-07-12;113.768;1.85;285.246;206.795
2017-07-13;113.113;1.881;286.148;208.267
2017-07-14;113.223;1.876;284.118;206.913
2017-07-17;113.623;1.857;282.704;205.546
2017-07-18;114.568;1.811;280.138;202.611
2017-07-19;114.688;1.805;283.73;204.878
2017-07-20;116.15;1.736;274.679;197.068
2017-07-21;116.455;1.722;269.216;193.559
2017-07-24;116.278;1.73;269.411;193.99
2017-07-25;114.743;1.802;274.497;198.723
2017-07-26;114.838;1.798;274.909;198.991
2017-07-27;115.655;1.759;272.369;196.354
2017-07-28;115.328;1.774;272.664;196.639
2017-07-31;116.558;1.716;269.853;193.053
2017-08-01;118.38;1.632;272.456;192.616
2017-08-02;118.258;1.638;271.691;192.312
2017-08-03;118.743;1.615;270.159;191.159
2017-08-04;118.205;1.64;271.277;192.467
2017-08-07;119.053;1.601;267.742;189.106
2017-08-08;118.87;1.609;265.128;187.786
2017-08-09;118.635;1.62;270.277;191.735
2017-08-10;118.22;1.639;275.736;195.907
2017-08-11;117.628;1.666;280.901;200.244
2017-08-14;117.585;1.668;276.817;197.491
2017-08-15;116.795;1.704;277.523;198.926
2017-08-16;117.008;1.694;273.644;196.128
2017-08-17;117.695;1.662;271.975;194.459
2017-08-18;117.82;1.656;270.836;193.613
2017-08-21;117.843;1.655;270.969;193.916
2017-08-22;115.89;1.746;280.106;202.414
2017-08-23;115.07;1.785;287.934;208.722
2017-08-24;115.223;1.778;286.917;207.696
2017-08-25;115.628;1.758;285.389;206.066
2017-08-28;116.32;1.726;280.597;202.043
2017-08-29;116.578;1.714;284.537;204.524
2017-08-30;116.223;1.73;285.516;205.556
2017-08-31;116.775;1.704;283.847;203.769
2017-09-01;115.865;1.747;285.693;206.151
2017-09-04;116.67;1.709;283.369;203.608
2017-09-05;117.78;1.657;284.223;202.981
2017-09-06;117.458;1.672;281.949;201.728
2017-09-07;118.667;1.616;275.885;196.591
2017-09-08;117.815;1.655;279.739;200.081
2017-09-11;117.888;1.652;277.483;198.416
2017-09-12;116.74;1.705;276.132;198.678
2017-09-13;116.555;1.714;280.094;201.481
2017-09-14;116.433;1.719;278.297;200.447
2017-09-15;116.045;1.737;278.718;201.086
2017-09-18;116.265;1.727;273.907;197.547
2017-09-19;116.58;1.712;273.443;196.94
2017-09-20;116.085;1.735;279.391;201.524
2017-09-21;115.383;1.768;282.066;204.189
2017-09-22;115.815;1.748;282.135;203.595
2017-09-25;115.498;1.763;286.99;207.587
2017-09-26;115.425;1.766;287.943;208.182
2017-09-27;115.04;1.784;285.403;206.55
2017-09-28;116.258;1.726;279.496;200.976
2017-09-29;116.555;1.712;276.698;198.903
2017-10-02;115.648;1.755;282.137;203.665
2017-10-03;115.82;1.747;279.187;201.446
2017-10-04;115.283;1.772;283.616;205.088
2017-10-05;116.293;1.724;280.359;201.612
2017-10-06;116.383;1.72;279.201;200.583
2017-10-09;116.74;1.703;280.002;200.764
2017-10-10;116.338;1.722;281.493;202.302
2017-10-11;116.895;1.696;276.28;197.971
2017-10-12;117.718;1.657;272.547;194.687
2017-10-13;118.43;1.624;272.066;193.683
2017-10-16;119.515;1.574;272.566;192.767
2017-10-17;120.095;1.548;270.152;190.583
2017-10-18;119.098;1.593;272.76;193.256
2017-10-19;118.998;1.597;271.083;192.373
2017-10-20;118.475;1.621;267.393;190.231
2017-10-23;119.133;1.591;268.381;190.12
2017-10-24;118.318;1.628;268.332;190.864
2017-10-25;119.063;1.594;264.448;187.259
2017-10-26;120.38;1.534;260.902;183.712
2017-10-27;120.445;1.531;261.842;184.341
2017-10-30;122.49;1.439;254.861;177.644
2017-10-31;122.773;1.426;255.96;178.064
2017-11-01;123.575;1.391;248.284;172.273
2017-11-02;123.465;1.395;249.514;173.153
2017-11-03;123.34;1.401;251.483;174.517
2017-11-06;123.625;1.388;253.014;175.357
2017-11-07;125.843;1.292;244.685;167.583
2017-11-08;125.058;1.326;247.815;170.339
2017-11-09;123.283;1.403;254.38;176.062
2017-11-10;122.873;1.421;251.291;174.288
2017-11-13;123.143;1.409;251.016;173.67
2017-11-14;123.01;1.415;254.556;176.183
2017-11-15;122.638;1.431;257.673;178.807
2017-11-16;122.41;1.441;258.119;179.295
2017-11-17;122.515;1.436;258.592;179.565
2017-11-20;123.278;1.402;255.193;176.486
2017-11-21;124.08;1.367;255.158;175.686
2017-11-22;124.36;1.354;256.07;175.942
2017-11-23;124.385;1.353;258.115;177.052
2017-11-24;123.68;1.384;260.699;179.314
2017-11-27;124.038;1.368;262.432;180.064
2017-11-28;124.265;1.358;260.795;178.685
2017-11-29;124.063;1.367;257.542;176.574
2017-11-30;125.37;1.31;251.869;171.758
2017-12-01;125.895;1.287;256.056;174.069
2017-12-04;125.885;1.287;253.316;172.257
2017-12-05;126.183;1.274;260.069;176.092
2017-12-06;125.96;1.284;262.757;178.041
2017-12-07;126.42;1.264;256.007;173.38
2017-12-08;127.275;1.227;250.487;168.916
2017-12-11;127.216;1.229;253.105;170.703
2017-12-12;126.144;1.275;257.125;174.153
2017-12-13;124.386;1.351;266.342;181.837
2017-12-14;124.12;1.362;272.443;185.944
2017-12-15;124.196;1.359;275.436;187.647
2017-12-18;124.896;1.328;273.445;185.381
2017-12-19;122.387;1.439;273.713;188.301
2017-12-20;121.765;1.466;273.823;188.973
2017-12-21;121.57;1.475;274.814;189.642
2017-12-22;121.374;1.483;274.587;189.641
2017-12-25;121.374;1.483;274.486;189.616
2017-12-26;121.374;1.483;274.52;189.618
2017-12-27;121.504;1.477;279.954;193.042
2017-12-28;120.133;1.539;283.43;196.679
2017-12-29;119.172;1.583;288.453;201.079
2018-01-01;119.172;1.583;288.202;200.96
2018-01-02;117.202;1.675;298.056;209.375
2018-01-03;117.955;1.639;296.767;207.789
2018-01-04;118.63;1.608;293.345;204.925
2018-01-05;118.753;1.602;289.087;202.156
2018-01-08;119.3;1.577;287.88;200.73
2018-01-09;118.074;1.633;288.665;202.657
2018-01-10;118.834;1.598;284.915;198.984
2018-01-11;119.24;1.579;282.954;196.736
2018-01-12;121.319;1.484;272.775;187.717
2018-01-15;120.404;1.525;278.101;191.958
2018-01-16;121.494;1.476;277.994;190.685
2018-01-17;121.021;1.497;280.317;192.841
2018-01-18;121.317;1.484;275.818;189.506
2018-01-19;121.768;1.463;269.845;185.289
2018-01-22;122.354;1.437;267.04;182.767
2018-01-23;123.003;1.408;264.034;180.183
2018-01-24;122.968;1.409;262.718;179.27
2018-01-25;121.811;1.461;270.069;185.055
2018-01-26;121.246;1.486;271.856;186.865
2018-01-29;121.709;1.465;262.564;180.032
2018-01-30;121.448;1.477;260.255;179.079
2018-01-31;121.967;1.453;262.879;179.957
2018-02-01;123.336;1.392;249.993;170.179
2018-02-02;121.983;1.452;254.741;174.324
2018-02-05;122.094;1.447;256.399;175.305
2018-02-06;122.846;1.413;255.568;174.15
2018-02-07;123.628;1.379;249.783;169.359
2018-02-08;123.098;1.402;252.561;171.535
2018-02-09;121.657;1.466;255.701;175.292
2018-02-12;121.721;1.463;248.571;170.473
2018-02-13;120.562;1.516;253.882;175.252
2018-02-14;121.275;1.483;249.01;171.142
2018-02-15;121.652;1.466;244.943;168.041
2018-02-16;122.694;1.419;243.681;166.545
2018-02-19;121.327;1.48;245.646;169.157
2018-02-20;121.134;1.489;244.059;168.461
2018-02-21;121.467;1.474;242.798;167.545
2018-02-22;120.852;1.501;248.415;171.577
2018-02-23;121.297;1.481;252.226;173.795
2018-02-26;122.28;1.437;246.144;168.945
2018-02-27;122.315;1.435;245.018;168.059
2018-02-28;123.14;1.398;243.379;166.32
2018-03-01;123.905;1.364;239.051;163.079
2018-03-02;123.323;1.39;240.381;164.57
2018-03-05;122.594;1.422;240.733;165.664
2018-03-06;122.524;1.425;241.11;165.877
2018-03-07;123.654;1.375;;
2018-03-08;125.044;1.313;234.785;159.748
2018-03-09;124.167;1.351;238.115;162.695
2018-03-12;123.936;1.362;240.256;164.417
2018-03-13;124.07;1.356;239.359;163.835
2018-03-14;123.107;1.398;246.731;169.762
2018-03-15;123.581;1.377;247.349;169.992
2018-03-16;123.92;1.362;246.303;169.003
2018-03-19;124.224;1.348;242.693;166.545
2018-03-20;125.336;1.299;237.247;161.81
2018-03-21;124.83;1.321;242.04;165.147
2018-03-22;125.658;1.285;241.649;164.596
2018-03-23;126.121;1.265;239.233;162.586
2018-03-26;125.999;1.27;242.617;164.808
2018-03-27;126.807;1.235;241.513;163.577
2018-03-28;127.421;1.208;239.842;161.986
2018-03-29;128.294;1.17;234.072;157.641
2018-03-30;128.294;1.17;234.568;157.889
2018-04-02;128.294;1.17;233.733;157.414
2018-04-03;128.35;1.168;236.386;158.971
2018-04-04;129.252;1.13;231.369;155.048
2018-04-05;128.149;1.176;234.809;158.024
2018-04-06;128.163;1.175;236.908;159.485
2018-04-09;128.19;1.174;235.982;158.901
2018-04-10;127.952;1.184;239.36;161.238
2018-04-11;127.812;1.19;241.509;162.695
2018-04-12;127.508;1.202;237.903;160.72
2018-04-13;127.789;1.19;238.245;160.654
2018-04-16;127.775;1.191;236.896;159.702
2018-04-17;128.933;1.141;234.833;157.337
2018-04-18;129.888;1.101;229.08;152.777
2018-04-19;128.809;1.146;229.08;153.385
2018-04-20;128.519;1.158;227.028;152.389
2018-04-23;128.204;1.172;225.625;151.689
2018-04-24;128.645;1.153;226.001;151.462
2018-04-25;128.766;1.147;224.953;150.493
2018-04-26;129.423;1.119;225.57;150.444
2018-04-27;129.332;1.123;224.805;150.272
2018-04-30;128.227;1.17;230.653;154.997
2018-05-01;128.227;1.17;231.611;155.555
2018-05-02;128.286;1.167;229.027;153.756
2018-05-03;129.081;1.133;226.213;151.564
2018-05-04;127.529;1.199;235.057;158.468
2018-05-07;128.308;1.165;233.277;156.583
2018-05-08;126.272;1.253;238.958;161.84
2018-05-09;126.45;1.245;238.987;161.565
2018-05-10;125.854;1.271;243.961;165.13
2018-05-11;127.008;1.22;237.011;159.479
2018-05-14;126.312;1.251;240.19;161.682
2018-05-15;125.935;1.267;236.762;159.672
2018-05-16;122.486;1.42;256.347;175.711
2018-05-17;122.219;1.431;253.666;173.97
2018-05-18;119.52;1.555;271.801;189.007
2018-05-21;116.057;1.719;291.737;206.423
2018-05-22;116.608;1.692;287.683;202.826
2018-05-23;114.93;1.773;297.458;211.776
2018-05-24;115.343;1.753;301.181;213.611
2018-05-25;113.859;1.826;309.473;221.678
2018-05-28;110.431;1.998;332.357;242.079
2018-05-29;105.358;2.265;357.69;268.211
2018-05-30;108.945;2.075;334.808;245.795
2018-05-31;110.806;1.978;335.326;242.719
2018-06-01;112.419;1.897;325.123;233.186
2018-06-04;113.731;1.831;314.488;224.197
2018-06-05;109.858;2.027;334.798;243.568
2018-06-06;108.965;2.073;332.466;242.763
2018-06-07;107.366;2.157;343.422;252.324
2018-06-08;106.767;2.189;348.87;257.053
2018-06-11;110.623;1.987;325.779;235.342
2018-06-12;109.901;2.024;331.135;240.138
2018-06-13;110.513;1.993;328.305;237.355
2018-06-14;110.937;1.971;328.109;237.08
2018-06-15;112.179;1.908;322.257;231.779
2018-06-18;112.868;1.873;317.131;227.577
2018-06-19;112.535;1.89;326.162;233.981
2018-06-20;112.358;1.899;323.135;232.197
2018-06-21;110.357;2.0;335.325;243.46
2018-06-22;110.371;2.0;334.39;242.686
2018-06-25;108.358;2.104;345.524;253.455
2018-06-26;107.295;2.16;347.846;256.763
2018-06-27;108.212;2.112;348.658;255.534
2018-06-28;108.977;2.072;346.627;252.896
2018-06-29;111.409;1.946;335.209;241.471
2018-07-02;112.026;1.915;330.356;237.347
2018-07-03;112.754;1.878;329.082;235.352
2018-07-04;112.659;1.883;327.765;234.575
2018-07-05;111.715;1.93;336.525;241.56
2018-07-06;111.375;1.948;335.515;241.592
2018-07-09;111.911;1.92;333.182;239.162
2018-07-10;111.593;1.936;331.215;238.246
2018-07-11;110.675;1.983;336.335;243.118
2018-07-12;110.806;1.976;332.006;240.276
2018-07-13;111.941;1.918;326.589;235.072
2018-07-16;111.673;1.932;323.869;233.68
2018-07-17;112.607;1.885;319.336;229.459
2018-07-18;111.873;1.922;323.383;233.257
2018-07-19;111.95;1.918;325.97;234.638
2018-07-20;110.882;1.972;326.979;236.69
2018-07-23;110.047;2.015;328.947;239.068
2018-07-24;109.257;2.056;335.842;244.901
2018-07-25;109.772;2.029;335.365;243.645
2018-07-26;109.462;2.045;333.366;242.723
2018-07-27;109.269;2.055;336.613;244.924
2018-07-30;108.741;2.083;339.564;247.405
2018-07-31;109.987;2.018;332.458;240.62
2018-08-01;109.233;2.057;328.563;239.348
2018-08-02;107.778;2.133;336.639;247.18
2018-08-03;107.557;2.145;341.336;250.951
2018-08-06;107.369;2.155;343.122;252.727
2018-08-07;107.47;2.15;341.431;251.182
2018-08-08;106.958;2.177;344.055;253.849
2018-08-09;107.436;2.151;342.41;252.044
2018-08-10;106.645;2.194;352.048;260.147
2018-08-13;104.471;2.312;363.011;271.621
2018-08-14;104.992;2.283;359.649;268.322
2018-08-15;103.452;2.369;368.919;277.604
2018-08-16;103.829;2.348;365.86;274.821
2018-08-17;103.737;2.353;368.315;276.584
2018-08-20;105.148;2.275;360.268;268.725
2018-08-21;105.689;2.245;355.662;264.387
2018-08-22;105.008;2.282;361.58;269.438
2018-08-23;104.891;2.289;360.999;269.294
2018-08-24;104.515;2.309;364.299;272.148
2018-08-27;104.559;2.307;361.654;270.13
2018-08-28;103.995;2.338;364.403;272.923
2018-08-29;104.578;2.306;360.886;269.142
2018-08-30;103.514;2.365;370.364;277.855
2018-08-31;102.927;2.398;373.95;281.759
2018-09-03;103.735;2.353;367.832;276.247
2018-09-04;105.456;2.258;356.504;265.472
2018-09-05;106.808;2.184;345.577;255.789
2018-09-06;107.634;2.14;342.456;252.515
2018-09-07;107.78;2.132;338.583;249.619
2018-09-10;109.215;2.056;329.072;240.867
2018-09-11;109.083;2.063;327.745;240.031
2018-09-12;108.943;2.07;330.665;242.261
2018-09-13;108.743;2.081;331.006;242.875
2018-09-14;108.184;2.11;333.526;245.333
2018-09-17;109.739;2.028;324.636;236.795
2018-09-18;110.691;1.979;316.018;229.686
2018-09-19;109.987;2.015;319.059;232.638
2018-09-20;109.837;2.023;321.185;234.399
2018-09-21;110.607;1.983;318.365;231.311
2018-09-24;109.138;2.059;326.721;238.635
2018-09-25;110.0;2.014;318.626;231.618
2018-09-26;110.614;1.982;318.904;230.937
2018-09-27;109.944;2.017;326.731;236.999
2018-09-28;105.767;2.24;351.018;260.559
2018-10-01;104.486;2.31;355.59;265.893
2018-10-02;102.397;2.428;369.247;279.395
2018-10-03;103.815;2.348;358.011;268.748
2018-10-04;103.678;2.355;356.972;267.742
2018-10-05;102.432;2.426;357.498;270.164
2018-10-08;100.052;2.563;371.858;285.052
2018-10-09;100.669;2.527;369.829;282.241
2018-10-10;100.338;2.546;371.115;283.664
2018-10-11;99.572;2.591;375.964;288.829
2018-10-12;99.268;2.609;378.637;291.595
2018-10-15;99.638;2.587;374.828;288.144
2018-10-16;100.53;2.535;373.838;285.592
2018-10-17;99.125;2.617;383.621;295.483
2018-10-18;97.469;2.717;394.841;307.054
2018-10-19;99.319;2.606;382.529;294.241
2018-10-22;99.11;2.618;383.445;295.495
2018-10-23;97.487;2.716;393.567;306.418
2018-10-24;96.152;2.797;399.59;313.81
2018-10-25;97.302;2.727;394.796;307.644
2018-10-26;97.812;2.696;394.751;306.81
2018-10-29;99.634;2.587;383.453;294.934
2018-10-30;98.191;2.673;392.791;304.523
2018-10-31;99.138;2.617;387.662;298.658
2018-11-01;99.601;2.589;383.544;294.762
2018-11-02;100.616;2.53;376.877;287.776
2018-11-05;100.976;2.509;378.79;288.14
2018-11-06;100.602;2.531;380.777;290.039
2018-11-07;101.357;2.487;376.676;285.493
2018-11-08;100.499;2.537;381.538;290.235
2018-11-09;100.441;2.54;383.618;292.164
2018-11-12;99.933;2.57;385.654;294.883
2018-11-13;99.472;2.597;386.466;296.476
2018-11-14;98.745;2.64;390.077;300.596
2018-11-15;98.518;2.654;392.309;302.777
2018-11-16;98.442;2.658;392.972;303.347
2018-11-19;97.198;2.734;397.913;309.678
2018-11-20;96.305;2.788;403.603;315.881
2018-11-21;97.489;2.716;394.692;307.169
2018-11-22;97.304;2.727;393.101;306.759
2018-11-23;96.473;2.778;391.939;308.709
2018-11-26;98.929;2.629;380.376;294.856
2018-11-27;99.192;2.614;377.86;292.819
2018-11-28;99.726;2.582;372.248;287.916
2018-11-29;100.866;2.515;369.463;283.662
2018-11-30;100.806;2.519;371.266;284.987
2018-12-03;102.14;2.441;366.605;278.921
2018-12-04;102.06;2.446;374.995;284.84
2018-12-05;103.081;2.388;362.641;274.487
2018-12-06;101.598;2.473;370.842;283.225
2018-12-07;102.81;2.403;366.466;277.551
2018-12-10;103.531;2.362;362.48;273.48
2018-12-11;103.849;2.344;360.956;271.738
2018-12-12;105.48;2.253;352.737;262.606
2018-12-13;106.226;2.212;348.731;258.636
2018-12-14;106.763;2.183;343.756;254.742
2018-12-17;106.256;2.211;344.136;255.997
2018-12-18;106.088;2.22;344.785;257.103
2018-12-19;107.487;2.144;338.207;250.456
2018-12-20;107.469;2.145;336.798;249.888
2018-12-21;106.441;2.2;336.066;251.373
2018-12-24;106.441;2.2;335.788;251.29
2018-12-25;106.441;2.2;335.928;251.287
2018-12-26;106.441;2.2;335.961;251.313
2018-12-27;106.973;2.171;334.125;249.336
2018-12-28;106.445;2.2;335.287;251.329
2018-12-31;106.445;2.2;335.169;251.364
2019-01-01;106.445;2.2;335.076;251.311
2019-01-02;106.569;2.193;340.464;255.295
2019-01-03;103.78;2.348;352.583;269.037
2019-01-04;103.072;2.388;352.01;269.487
2019-01-07;102.792;2.404;354.679;271.566
2019-01-08;102.093;2.444;362.547;277.657
2019-01-09;103.345;2.372;355.564;270.273
2019-01-10;103.102;2.386;354.529;270.495
2019-01-11;103.122;2.385;354.226;270.541
2019-01-14;103.009;2.391;353.54;270.569
2019-01-15;101.97;2.451;360.326;277.554
2019-01-16;103.538;2.361;350.918;267.908
2019-01-17;103.37;2.371;351.409;268.514
2019-01-18;104.18;2.325;347.055;263.725
2019-01-21;103.759;2.349;351.052;267.311
2019-01-22;103.64;2.355;352.566;268.86
2019-01-23;103.098;2.386;357.37;273.373
2019-01-24;104.42;2.311;357.173;271.086
2019-01-25;105.125;2.272;353.127;266.904
2019-01-28;104.941;2.282;349.768;265.306
2019-01-29;105.34;2.26;349.189;264.346
2019-01-30;105.837;2.232;346.567;261.909
2019-01-31;106.253;2.209;352.847;265.647
2019-02-01;103.78;2.347;359.901;274.758
2019-02-04;104.001;2.335;359.421;273.834
2019-02-05;102.539;2.418;368.119;282.676
2019-02-06;101.473;2.479;373.034;288.475
2019-02-07;100.115;2.559;380.584;297.305
2019-02-08;99.457;2.598;384.023;301.738
2019-02-11;100.321;2.547;376.32;294.272
2019-02-12;101.444;2.481;368.992;286.794
2019-02-13;102.582;2.415;362.503;280.076
2019-02-14;102.418;2.425;364.616;282.081
2019-02-15;102.238;2.435;366.846;283.808
2019-02-18;102.994;2.392;363.321;279.678
2019-02-19;102.546;2.417;365.308;282.16
2019-02-20;101.637;2.47;374.352;290.255
2019-02-21;101.644;2.469;368.653;286.293
2019-02-22;101.246;2.493;372.192;289.964
2019-02-25;102.014;2.448;370.629;286.817
2019-02-26;102.453;2.423;366.042;282.898
2019-02-27;100.571;2.532;368.827;288.671
2019-02-28;101.459;2.48;364.939;283.928
2019-03-01;102.1;2.443;366.337;283.188
2019-03-04;102.592;2.414;367.852;283.352
2019-03-05;103.023;2.39;366.818;281.832
2019-03-06;104.447;2.309;361.535;276.124
2019-03-07;105.601;2.244;358.902;273.43
2019-03-08;103.561;2.359;369.958;285.634
2019-03-11;103.059;2.388;372.943;288.595
2019-03-12;103.584;2.358;371.79;286.726
2019-03-13;103.749;2.348;373.067;287.059
2019-03-14;104.94;2.281;364.762;279.258
2019-03-15;104.671;2.296;363.387;279.242
2019-03-18;105.371;2.257;361.42;276.753
2019-03-19;105.239;2.264;361.285;276.738
2019-03-20;104.907;2.283;366.189;280.823
2019-03-21;106.255;2.208;363.869;277.267
2019-03-22;105.991;2.222;365.184;280.101
2019-03-25;105.38;2.256;372.376;286.352
2019-03-26;105.635;2.242;368.618;283.33
2019-03-27;105.261;2.263;367.731;285.003
2019-03-28;104.897;2.283;363.968;283.542
2019-03-29;105.607;2.243;360.276;279.117
2019-04-01;105.857;2.229;361.025;278.453
2019-04-02;105.804;2.232;363.208;280.173
2019-04-03;105.764;2.234;355.187;274.424
2019-04-04;105.604;2.243;360.104;278.086
2019-04-05;106.257;2.207;356.723;274.408
2019-04-08;106.453;2.196;356.847;273.999
2019-04-09;107.133;2.159;351.972;269.662
2019-04-10;107.455;2.141;351.238;269.107
2019-04-11;107.703;2.128;346.823;265.509
2019-04-12;107.707;2.127;342.946;262.089
2019-04-15;107.179;2.156;345.25;264.533
2019-04-16;106.897;2.171;345.168;264.901
2019-04-17;106.237;2.208;349.363;268.607
2019-04-18;106.095;2.215;357.609;274.861
2019-04-19;106.095;2.215;357.508;274.798
2019-04-22;106.095;2.215;357.353;274.798
2019-04-23;105.257;2.262;362.85;279.806
2019-04-24;105.009;2.276;368.141;284.485
2019-04-25;104.422;2.309;368.586;285.9
2019-04-26;105.207;2.265;361.003;279.526
2019-04-29;105.514;2.248;359.984;277.822
2019-04-30;106.252;2.206;358.951;275.333
2019-05-01;106.252;2.206;360.083;276.073
2019-05-02;105.911;2.225;355.402;273.659
2019-05-03;105.386;2.255;358.356;276.547
2019-05-06;104.822;2.286;361.425;279.991
2019-05-07;104.223;2.32;365.543;284.602
2019-05-08;104.358;2.312;365.054;283.874
2019-05-09;103.247;2.376;367.705;287.952
2019-05-10;103.099;2.384;367.924;288.363
2019-05-13;102.426;2.423;374.441;294.627
2019-05-14;101.777;2.461;377.524;298.232
2019-05-15;101.465;2.479;380.653;301.399
2019-05-16;102.114;2.441;374.211;295.221
2019-05-17;102.569;2.415;372.291;293.068
2019-05-20;101.892;2.454;373.639;295.253
2019-05-21;102.417;2.423;369.617;291.122
2019-05-22;102.485;2.419;372.069;292.718
2019-05-23;101.702;2.465;375.733;297.338
2019-05-24;103.027;2.388;367.848;288.959
2019-05-27;101.764;2.461;378.068;298.802
2019-05-28;101.714;2.464;379.368;299.988
2019-05-29;102.688;2.408;374.481;294.794
2019-05-30;102.73;2.405;374.008;294.09
2019-05-31;102.69;2.407;375.655;295.757
2019-06-03;103.874;2.339;370.308;289.697
2019-06-04;104.284;2.316;370.933;289.44
2019-06-05;104.768;2.288;369.993;288.181
2019-06-06;103.899;2.338;370.379;290.704
2019-06-07;105.663;2.238;363.427;282.665
2019-06-10;105.775;2.232;355.829;276.735
2019-06-11;104.887;2.282;359.671;281.501
2019-06-12;103.777;2.345;361.469;285.288
2019-06-13;104.718;2.291;357.26;280.547
2019-06-14;104.362;2.311;355.55;280.75
2019-06-17;105.32;2.257;347.727;273.322
2019-06-18;110.253;1.987;343.612;260.948
2019-06-19;110.82;1.957;342.571;258.55
2019-06-20;110.961;1.95;353.239;264.829
2019-06-21;110.829;1.957;349.441;262.119
2019-06-24;110.489;1.974;349.012;263.194
2019-06-25;110.088;1.996;343.64;261.391
2019-06-26;110.812;1.957;335.572;254.518
2019-06-27;110.804;1.958;341.195;258.291
2019-06-28;111.554;1.918;339.278;255.681
2019-07-01;113.515;1.816;326.731;244.342
2019-07-02;115.205;1.73;313.471;233.372
2019-07-03;120.428;1.473;291.291;211.564
2019-07-04;118.101;1.586;310.264;227.469
2019-07-05;117.614;1.61;316.248;231.288
2019-07-08;116.988;1.64;320.649;235.247
2019-07-09;118.042;1.588;310.49;226.67
2019-07-10;118.754;1.553;307.303;222.83
2019-07-11;119.37;1.523;297.17;214.764
2019-07-12;118.542;1.563;307.261;221.944
2019-07-15;119.946;1.495;305.459;219.177
2019-07-16;120.367;1.475;303.912;217.914
2019-07-17;120.41;1.473;306.23;219.867
2019-07-18;121.728;1.41;304.584;216.802
2019-07-19;121.199;1.435;313.614;223.145
2019-07-22;120.114;1.487;320.781;229.434
2019-07-23;120.389;1.473;316.772;226.7
2019-07-24;122.703;1.363;311.69;220.368
2019-07-25;122.421;1.376;313.983;222.058
2019-07-26;122.512;1.372;321.729;226.587
2019-07-29;121.997;1.396;322.442;228.017
2019-07-30;121.32;1.428;321.88;228.96
2019-07-31;122.401;1.377;323.564;228.727
2019-08-01;121.673;1.411;327.846;233.07
2019-08-02;121.71;1.409;331.85;236.437
2019-08-05;121.65;1.412;331.255;236.481
2019-08-06;123.427;1.328;325.546;230.261
2019-08-07;125.327;1.24;318.993;224.207
2019-08-08;123.399;1.329;327.231;231.423
2019-08-09;118.764;1.55;357.395;257.59
2019-08-12;120.873;1.448;351.283;250.314
2019-08-13;122.427;1.374;348.796;246.527
2019-08-14;123.182;1.339;352.084;248.408
2019-08-15;127.362;1.147;352.394;243.311
2019-08-16;127.04;1.161;354.642;245.106
2019-08-19;125.445;1.234;348.534;242.84
2019-08-20;126.059;1.205;346.802;241.247
2019-08-21;126.816;1.171;339.988;235.568
2019-08-22;128.541;1.093;328.326;225.254
2019-08-23;128.044;1.115;331.394;228.166
2019-08-26;128.135;1.111;330.369;227.362
2019-08-27;131.404;0.967;323.846;219.643
2019-08-28;132.955;0.901;319.964;215.777
2019-08-29;134.35;0.841;308.493;207.041
2019-08-30;133.245;0.888;308.641;208.61
2019-09-02;133.622;0.871;302.54;204.595
2019-09-03;135.337;0.799;294.746;198.028
2019-09-04;137.598;0.705;280.998;186.725
2019-09-05;135.152;0.806;281.768;188.828
2019-09-06;136.066;0.768;284.152;189.9
2019-09-09;134.496;0.833;286.747;192.74
2019-09-10;132.944;0.899;285.203;193.453
2019-09-11;134.32;0.84;277.478;187.191
2019-09-12;138.241;0.677;262.65;173.169
2019-09-13;138.277;0.676;246.557;162.78
2019-09-16;139.17;0.639;252.326;165.617
2019-09-17;137.313;0.715;265.485;175.611
2019-09-18;137.913;0.69;268.434;177.2
2019-09-19;137.71;0.698;269.291;178.125
2019-09-20;136.498;0.747;274.923;183.052
2019-09-23;137.739;0.696;273.838;181.865
2019-09-24;138.109;0.681;281.516;186.356
2019-09-25;137.305;0.714;272.644;181.688
2019-09-26;137.509;0.705;273.521;182.21
2019-09-27;137.026;0.724;271.849;181.732
2019-09-30;136.453;0.748;268.449;180.365
2019-10-01;135.325;0.795;269.309;182.118
2019-10-02;134.457;0.831;274.002;185.852
2019-10-03;135.353;0.793;270.488;183.118
2019-10-04;135.126;0.802;272.876;184.715
2019-10-07;134.656;0.822;274.006;185.729
2019-10-08;134.966;0.809;273.152;184.955
2019-10-09;134.743;0.818;270.457;183.062
2019-10-10;133.175;0.884;272.797;185.577
2019-10-11;133.791;0.858;265.618;179.921
2019-10-14;134.303;0.836;264.284;178.767
2019-10-15;134.603;0.823;259.891;175.205
2019-10-16;134.973;0.807;255.735;171.986
2019-10-17;135.848;0.77;256.04;171.426
2019-10-18;134.909;0.809;255.911;172.064
2019-10-21;133.539;0.867;256.128;173.252
2019-10-22;134.837;0.812;254.259;171.036
2019-10-23;134.216;0.838;262.573;177.206
2019-10-24;134.901;0.808;258.252;173.789
2019-10-25;134.435;0.828;252.328;170.19
2019-10-28;134.162;0.839;252.433;170.188
2019-10-29;134.828;0.811;250.786;168.639
2019-10-30;134.762;0.814;249.366;167.81
2019-10-31;136.0;0.761;249.875;167.279
2019-11-01;134.482;0.825;254.01;171.157
2019-11-04;134.755;0.813;251.539;168.946
2019-11-05;134.51;0.823;252.102;169.147
2019-11-06;135.305;0.789;253.147;169.206
2019-11-07;132.385;0.913;256.875;173.618
2019-11-08;131.207;0.964;265.512;180.388
2019-11-11;129.652;1.033;273.497;186.956
2019-11-12;131.01;0.973;269.172;182.86
2019-11-13;130.277;1.005;275.905;188.326
2019-11-14;128.823;1.069;288.102;197.974
2019-11-15;130.515;0.994;278.736;190.008
2019-11-18;130.993;0.973;274.818;187.013
2019-11-19;129.812;1.024;278.733;190.934
2019-11-20;130.52;0.993;274.861;187.806
2019-11-21;130.695;0.985;270.882;184.913
2019-11-22;129.604;1.033;279.779;192.116
2019-11-25;129.783;1.025;271.338;186.785
2019-11-26;128.963;1.061;279.767;193.102
2019-11-27;127.859;1.111;289.453;200.438
2019-11-28;127.697;1.117;290.03;200.872
2019-11-29;128.105;1.099;290.208;200.263
2019-12-02;125.692;1.209;289.756;202.453
2019-12-03;127.213;1.139;290.124;201.481
2019-12-04;127.346;1.133;286.444;198.577
2019-12-05;125.442;1.22;295.994;206.733
2019-12-06;126.002;1.194;292.496;203.742
2019-12-09;127.367;1.131;287.382;198.954
2019-12-10;127.863;1.109;284.667;196.527
2019-12-11;128.406;1.084;285.581;196.599
2019-12-12;128.505;1.079;281.417;193.484
2019-12-13;130.167;1.005;280.15;190.881
2019-12-16;129.36;1.041;281.213;192.223
2019-12-17;129.983;1.013;282.998;192.506
2019-12-18;129.243;1.045;281.786;192.172
2019-12-19;128.373;1.084;287.649;196.655
2019-12-20;127.951;1.103;289.495;198.423
2019-12-23;127.337;1.13;290.177;199.443
2019-12-24;127.337;1.13;290.068;199.344
2019-12-25;127.337;1.13;289.612;199.108
2019-12-26;127.337;1.13;289.613;199.107
2019-12-27;128.35;1.084;285.247;195.219
2019-12-30;127.863;1.106;282.362;193.389
2020-01-01;127.863;1.105;281.045;192.628
2020-01-02;127.415;1.125;290.091;199.254
2020-01-03;128.899;1.058;290.678;198.293
2020-01-06;128.656;1.069;292.468;199.769
2020-01-07;128.048;1.096;293.548;201.351
2020-01-08;127.147;1.137;290.969;200.602
2020-01-09;127.933;1.101;287.641;197.333
2020-01-10;129.249;1.042;282.478;192.631
2020-01-13;128.652;1.068;281.989;192.607
2020-01-14;128.464;1.076;286.54;195.624
2020-01-15;128.504;1.075;288.126;196.818
2020-01-16;127.864;1.103;293.859;201.412
2020-01-17;129.287;1.039;286.436;195.145
2020-01-20;129.803;1.016;284.455;193.354
2020-01-21;129.229;1.041;290.539;198.16
2020-01-22;129.636;1.023;289.704;197.259
2020-01-23;131.32;0.948;283.867;192.22
2020-01-24;131.818;0.926;285.781;193.105
2020-01-27;135.328;0.774;271.532;181.238
2020-01-28;135.925;0.749;264.283;175.786
2020-01-29;138.13;0.657;255.198;168.34
2020-01-30;138.626;0.636;256.765;169.036
2020-01-31;138.69;0.633;261.047;171.756
2020-02-03;137.87;0.666;262.6;173.608
2020-02-04;138.351;0.646;254.283;167.763
2020-02-05;138.635;0.634;248.135;163.401
2020-02-06;138.798;0.627;248.414;163.416
2020-02-07;139.041;0.617;248.178;163.307
2020-02-10;138.324;0.646;253.069;167.371
2020-02-11;137.654;0.674;248.729;165.376
2020-02-12;139.266;0.607;241.383;159.286
2020-02-13;139.894;0.581;242.895;159.626
2020-02-14;139.363;0.602;248.187;163.388
2020-02-17;139.765;0.586;244.996;161.135
2020-02-18;138.911;0.621;249.325;164.718
2020-02-19;138.366;0.643;253.582;167.935
2020-02-20;139.244;0.606;255.645;168.495
2020-02-21;138.757;0.626;257.497;170.072
2020-02-24;136.944;0.701;270.47;180.199
2020-02-25;136.391;0.724;273.514;182.801
2020-02-26;136.058;0.738;271.256;181.536
2020-02-27;133.582;0.843;282.259;191.359
2020-02-28;132.344;0.897;289.703;198.106
2020-03-02;131.638;0.928;295.16;202.658
2020-03-03;135.5;0.761;284.157;191.143
2020-03-04;135.24;0.772;280.999;189.904
2020-03-05;132.797;0.876;287.82;197.511
2020-03-06;130.754;0.966;296.174;205.883
2020-03-09;121.868;1.377;345.744;250.851
2020-03-10;123.117;1.317;330.881;238.813
2020-03-11;126.389;1.163;319.846;227.269
2020-03-12;114.59;1.741;372.661;280.468
2020-03-13;116.068;1.665;347.922;259.776
2020-03-16;109.325;2.023;367.999;286.044
2020-03-17;108.498;2.069;370.447;289.289
2020-03-18;106.318;2.192;343.413;273.901
2020-03-19;114.824;1.729;295.283;226.037
2020-03-20;115.014;1.719;301.113;230.634
2020-03-23;115.472;1.695;297.146;227.673
2020-03-24;114.113;1.765;297.182;229.322
2020-03-25;114.161;1.763;297.408;228.414
2020-03-26;119.886;1.472;286.359;212.618
2020-03-27;118.721;1.529;311.152;231.231
2020-03-30;117.25;1.603;325.299;242.847
2020-03-31;115.818;1.676;326.046;245.52
2020-04-01;115.11;1.713;334.021;252.102
2020-04-02;116.591;1.636;333.537;249.149
2020-04-03;116.064;1.663;337.172;252.462
2020-04-06;117.384;1.596;327.054;243.412
2020-04-07;115.856;1.674;332.153;247.897
2020-04-08;115.606;1.686;336.285;250.834
2020-04-09;117.054;1.612;336.659;249.275
2020-04-10;117.054;1.612;336.248;249.02
2020-04-13;117.054;1.612;336.357;249.091
2020-04-14;114.468;1.745;352.282;264.151
2020-04-15;113.53;1.794;358.909;271.024
2020-04-16;114.273;1.755;354.742;267.463
2020-04-17;115.363;1.698;345.595;259.537
2020-04-20;112.68;1.839;354.263;269.625
2020-04-21;107.798;2.106;377.728;295.146
2020-04-22;108.219;2.083;367.731;286.652
2020-04-23;110.807;1.94;363.707;278.886
2020-04-24;113.264;1.808;353.212;268.223
2020-04-27;114.776;1.728;342.907;258.56
2020-04-28;115.396;1.696;338.704;255.096
2020-04-29;115.328;1.699;343.162;258.248
2020-04-30;115.827;1.673;351.85;263.735
2020-05-01;115.827;1.673;352.108;263.906
2020-05-04;115.128;1.709;348.377;262.577
2020-05-05;113.247;1.808;356.916;271.973
2020-05-06;111.067;1.925;363.438;279.704
2020-05-07;111.027;1.927;366.041;281.868
2020-05-08;112.727;1.835;353.525;270.19
2020-05-11;110.813;1.938;362.39;279.658
2020-05-12;110.417;1.96;369.459;285.364
2020-05-13;111.622;1.894;362.138;278.498
2020-05-14;110.862;1.935;364.874;281.891
2020-05-15;109.977;1.984;369.537;286.485
2020-05-18;112.736;1.834;354.918;270.82
2020-05-19;113.269;1.806;356.661;270.739
2020-05-20;113.618;1.787;355.648;269.44
2020-05-21;114.006;1.766;353.417;267.335
2020-05-22;114.863;1.721;348.383;262.462
2020-05-25;115.111;1.708;348.413;261.968
2020-05-26;115.857;1.669;342.327;256.095
2020-05-27;116.603;1.631;338.079;252.057
2020-05-28;117.961;1.561;334.511;247.214
2020-05-29;118.086;1.555;338.899;249.943
2020-06-01;117.956;1.561;337.621;248.859
2020-06-02;118.435;1.537;334.614;246.003
2020-06-03;117.638;1.577;334.249;246.653
2020-06-04;120.338;1.442;320.242;232.646
2020-06-05;120.829;1.417;316.472;229.165
2020-06-08;120.603;1.428;324.013;234.634
2020-06-09;119.488;1.484;328.27;238.887
2020-06-10;118.203;1.548;336.168;246.211
2020-06-11;118.44;1.536;335.846;246.779
2020-06-12;119.37;1.489;332.232;243.092
2020-06-15;118.984;1.508;335.119;245.671
2020-06-16;120.372;1.439;327.357;238.27
2020-06-17;120.404;1.437;324.368;236.365
2020-06-18;121.218;1.397;327.924;237.501
2020-06-19;121.869;1.365;324.578;234.367
2020-06-22;123.003;1.31;320.458;230.267
2020-06-23;124.468;1.239;315.684;224.466
2020-06-24;124.868;1.22;318.781;225.947
2020-06-25;123.938;1.264;323.001;230.076
2020-06-26;124.292;1.247;325.468;231.203
2020-06-29;124.371;1.243;328.239;232.383
2020-06-30;125.319;1.198;321.488;226.805
2020-07-01;125.274;1.2;321.234;226.134
2020-07-02;126.675;1.134;315.69;221.146
2020-07-03;125.898;1.17;317.527;223.373
2020-07-06;126.2;1.156;318.793;223.636
2020-07-07;126.643;1.135;317.427;222.171
2020-07-08;126.833;1.126;320.34;223.71
2020-07-09;125.755;1.176;325.829;229.041
2020-07-10;125.195;1.202;323.919;228.986
2020-07-13;125.272;1.199;321.829;226.93
2020-07-14;126.318;1.149;327.324;228.904
2020-07-15;127.026;1.116;327.441;227.887
2020-07-16;127.123;1.111;325.533;226.914
2020-07-17;127.98;1.071;319.192;221.607
2020-07-20;129.681;0.993;316.538;217.773
2020-07-21;130.78;0.943;314.585;215.137
2020-07-22;131.746;0.9;312.28;212.729
2020-07-23;132.967;0.845;304.843;206.688
2020-07-24;132.986;0.844;300.538;203.878
2020-07-27;133.31;0.83;305.043;206.438
2020-07-28;132.953;0.846;308.638;209.27
2020-07-29;133.67;0.814;305.682;206.235
2020-07-30;133.904;0.803;306.554;206.952
2020-07-31;133.308;0.829;307.662;208.012
2020-08-03;133.71;0.811;306.452;206.758
2020-08-04;135.211;0.746;304.654;204.081
2020-08-05;134.926;0.758;300.375;201.388
2020-08-06;135.794;0.72;299.128;199.714
2020-08-07;136.453;0.691;295.689;196.537
2020-08-10;137.267;0.656;298.838;197.543
2020-08-11;137.209;0.659;292.822;193.579
2020-08-12;136.554;0.686;292.005;193.744
2020-08-13;135.364;0.737;292.529;195.022
2020-08-14;135.347;0.738;290.631;194.074
2020-08-17;136.2;0.701;286.196;190.849
2020-08-18;135.772;0.719;289.622;193.52
2020-08-19;136.054;0.707;290.535;193.712
2020-08-20;135.903;0.712;292.459;195.216
2020-08-21;134.83;0.759;297.638;199.647
2020-08-24;135.586;0.726;297.494;198.333
2020-08-25;133.73;0.806;299.765;201.504
2020-08-26;134.009;0.794;297.757;199.714
2020-08-27;133.861;0.8;293.277;196.955
2020-08-28;132.798;0.847;296.701;200.359
2020-08-31;131.544;0.902;305.182;207.11
2020-09-01;132.206;0.873;299.706;203.283
2020-09-02;133.311;0.824;299.507;202.246
2020-09-03;133.123;0.831;299.955;203.13
2020-09-04;132.029;0.88;301.391;205.151
2020-09-07;130.583;0.945;307.689;210.982
2020-09-08;130.676;0.94;305.698;210.064
2020-09-09;131.552;0.901;300.444;205.236
2020-09-10;132.212;0.871;297.946;202.747
2020-09-11;132.377;0.863;302.153;205.648
2020-09-14;133.259;0.824;300.053;203.053
2020-09-15;134.081;0.787;298.739;201.196
2020-09-16;135.107;0.742;296.217;198.484
2020-09-17;135.383;0.73;294.4;197.383
2020-09-18;135.073;0.743;292.347;196.543
2020-09-21;135.56;0.722;288.22;193.894
2020-09-22;136.785;0.669;278.912;186.851
2020-09-23;137.029;0.658;275.713;184.634
2020-09-24;135.985;0.702;279.834;188.43
2020-09-25;135.979;0.702;282.454;190.213
2020-09-28;135.927;0.704;279.068;188.286
2020-09-29;136.432;0.683;276.66;186.477
2020-09-30;136.415;0.683;274.312;184.911
2020-10-01;137.079;0.654;269.191;181.244
2020-10-02;137.85;0.621;267.032;179.099
2020-10-05;137.76;0.624;267.258;179.186
2020-10-06;138.569;0.59;264.863;176.796
2020-10-07;138.777;0.581;263.657;175.782
2020-10-08;139.671;0.543;261.961;174.016
2020-10-09;140.99;0.488;254.658;168.286
2020-10-12;142.379;0.43;246.732;162.393
2020-10-13;142.82;0.412;245.196;161.311
2020-10-14;142.724;0.415;247.199;162.864
2020-10-15;141.444;0.467;256.69;170.075
2020-10-16;142.797;0.412;253.434;166.836
2020-10-19;141.686;0.457;261.214;172.511
2020-10-20;142.644;0.417;255.344;167.649
2020-10-21;141.215;0.476;262.08;173.003
2020-10-22;140.428;0.508;262.274;173.876
2020-10-23;141.862;0.448;258.211;169.983
2020-10-26;142.445;0.424;254.783;167.446
2020-10-27;143.513;0.38;252.94;165.686
2020-10-28;141.306;0.471;260.647;172.592
2020-10-29;142.898;0.405;249.484;164.373
2020-10-30;142.378;0.426;250.516;165.596
2020-11-02;141.698;0.453;252.614;167.441
2020-11-03;142.248;0.431;248.462;164.246
2020-11-04;142.916;0.403;244.628;161.505
2020-11-05;143.777;0.367;240.985;158.54
2020-11-06;144.74;0.328;235.7;154.311
2020-11-09;143.473;0.379;242.14;158.38
2020-11-10;143.637;0.372;242.316;158.068
2020-11-11;144.626;0.332;239.113;155.395
2020-11-12;145.529;0.295;236.229;153.151
2020-11-13;145.959;0.277;233.202;151.094
2020-11-16;146.591;0.252;233.194;150.503
2020-11-17;146.336;0.262;233.218;150.893
2020-11-18;145.662;0.289;233.122;151.448
2020-11-19;145.493;0.295;235.545;153.216
2020-11-20;145.594;0.29;236.474;153.803
2020-11-23;146.3;0.262;236.08;152.738
2020-11-24;147.277;0.223;234.088;150.496
2020-11-25;147.471;0.215;234.613;150.653
2020-11-26;147.707;0.205;236.916;151.852
2020-11-27;148.528;0.172;236.646;150.937
2020-11-30;148.223;0.184;238.531;152.217
2020-12-01;147.812;0.2;238.75;152.409
2020-12-02;148.746;0.163;233.662;148.635
2020-12-03;150.176;0.107;229.839;145.31
2020-12-04;149.917;0.117;231.403;146.342
2020-12-07;149.731;0.124;234.153;148.295
2020-12-08;149.943;0.115;236.326;149.502
2020-12-09;149.625;0.127;236.64;149.969
2020-12-10;150.203;0.104;234.064;148.039
2020-12-11;149.65;0.125;240.36;152.457
2020-12-14;150.365;0.097;237.91;150.267
2020-12-15;150.944;0.075;235.744;148.44
2020-12-16;150.971;0.073;233.884;147.017
2020-12-17;150.623;0.086;235.754;148.333
2020-12-18;149.677;0.122;239.546;151.29
2020-12-21;148.482;0.169;240.12;152.755
2020-12-22;149.243;0.139;238.286;151.066
2020-12-23;149.474;0.129;235.89;149.167
2020-12-24;149.474;0.128;235.539;148.931
2020-12-25;149.474;0.128;235.526;148.92
2020-12-28;150.804;0.077;229.908;144.683
2020-12-29;150.399;0.092;233.568;147.2
2020-12-30;150.68;0.08;231.553;145.844
2020-12-31;150.68;0.08;231.617;145.907
2021-01-01;150.68;0.08;230.919;145.525
2021-01-04;150.731;0.078;235.368;148.322
2021-01-05;150.823;0.074;232.322;146.28
2021-01-06;151.689;0.04;228.853;143.361
2021-01-07;152.3;0.016;225.905;141.024
2021-01-08;153.611;-0.034;220.987;137.138
2021-01-11;152.864;-0.006;222.18;138.208
2021-01-12;150.922;0.068;232.562;145.437
2021-01-13;152.061;0.024;235.579;146.638
2021-01-14;150.04;0.101;244.959;153.916
2021-01-15;151.053;0.062;238.362;149.242
2021-01-18;150.915;0.067;237.666;148.89
2021-01-19;152.112;0.021;228.882;142.903
2021-01-20;151.583;0.041;233.985;146.226
2021-01-21;149.57;0.118;237.094;149.503
2021-01-22;147.719;0.19;246.756;156.897
2021-01-25;148.809;0.147;243.138;154.097
2021-01-26;150.158;0.094;230.418;145.509
2021-01-27;150.123;0.095;228.656;144.589
2021-01-28;150.844;0.066;225.221;141.967
2021-01-29;151.079;0.057;226.033;142.013
2021-02-01;151.994;0.022;223.245;139.61
2021-02-02;152.383;0.006;223.783;139.324
2021-02-03;154.134;-0.06;212.084;131.035
2021-02-04;153.901;-0.052;206.793;128.15
2021-02-05;153.564;-0.04;202.235;125.689
2021-02-08;153.87;-0.052;199.128;123.682
2021-02-09;153.117;-0.024;198.907;124.194
2021-02-10;153.29;-0.03;193.598;120.967
2021-02-11;154.021;-0.059;190.675;118.874
2021-02-12;154.724;-0.086;182.438;113.306
2021-02-15;153.392;-0.036;180.686;112.924
2021-02-16;153.228;-0.03;179.073;111.735
2021-02-17;152.207;0.009;184.795;115.929
2021-02-18;149.724;0.105;192.656;122.141
2021-02-19;149.111;0.128;182.755;116.532
2021-02-22;150.93;0.057;183.093;115.64
2021-02-23;150.331;0.08;189.761;119.782
2021-02-24;149.101;0.128;194.893;123.634
2021-02-25;147.233;0.201;198.731;126.466
2021-02-26;148.206;0.162;;
2021-03-01;151.183;0.045;199.652;124.903
2021-03-02;150.56;0.069;203.287;127.57
2021-03-03;149.382;0.115;199.201;125.609
2021-03-04;149.246;0.12;199.354;125.772
2021-03-05;149.832;0.096;204.973;128.524
2021-03-08;149.441;0.112;201.09;126.354
2021-03-09;151.2;0.043;198.413;123.599
2021-03-10;151.665;0.024;198.599;123.525
2021-03-11;153.767;-0.057;188.183;116.165
2021-03-12;153.718;-0.055;185.899;114.521
2021-03-15;154.026;-0.067;183.613;113.225
2021-03-16;153.771;-0.058;193.311;118.887
2021-03-17;151.369;0.034;196.238;121.958
2021-03-18;151.099;0.044;192.368;119.704
2021-03-19;151.177;0.04;190.415;118.648
2021-03-22;151.873;0.013;191.182;118.642
2021-03-23;152.96;-0.029;188.701;116.617
2021-03-24;154.856;-0.101;189.055;115.524
2021-03-25;154.871;-0.103;189.382;115.867
2021-03-26;154.82;-0.101;188.552;115.132
2021-03-29;154.415;-0.086;185.192;113.367
2021-03-30;153.963;-0.069;188.289;115.254
2021-03-31;154.764;-0.101;183.053;111.645
2021-04-01;155.736;-0.138;182.797;111.119
2021-04-02;155.736;-0.138;182.773;111.104
2021-04-05;155.736;-0.138;182.805;111.12
2021-04-06;154.076;-0.075;193.389;118.209
2021-04-07;154.517;-0.092;192.182;117.284
2021-04-08;154.77;-0.103;193.836;118.086
2021-04-09;153.251;-0.045;198.482;121.547
2021-04-12;153.094;-0.04;195.782;120.062
2021-04-13;152.513;-0.017;198.586;122.08
2021-04-14;151.242;0.031;198.723;122.742
2021-04-15;151.918;0.004;201.2;124.014
2021-04-16;150.909;0.043;198.195;122.83
2021-04-19;150.368;0.064;201.252;124.774
2021-04-20;150.236;0.069;206.058;127.823
2021-04-21;150.904;0.043;204.178;126.264
2021-04-22;150.34;0.064;203.133;126.109
2021-04-23;149.611;0.093;205.988;128.246
2021-04-26;148.732;0.127;208.745;130.483
2021-04-27;148.769;0.125;208.193;130.068
2021-04-28;148.949;0.118;206.323;128.729
2021-04-29;148.662;0.129;204.931;127.644
2021-04-30;148.835;0.121;203.794;126.976
2021-05-03;148.833;0.121;201.318;125.564
2021-05-04;148.674;0.127;207.023;129.27
2021-05-05;147.933;0.157;211.537;132.315
2021-05-06;147.201;0.185;213.88;134.173
2021-05-07;146.384;0.218;219.683;137.991
2021-05-10;147.413;0.176;215.058;134.4
2021-05-11;146.795;0.201;220.286;137.485
2021-05-12;147.046;0.191;221.073;137.452
2021-05-13;145.722;0.244;229.573;143.409
2021-05-14;144.667;0.286;231.934;145.75
2021-05-17;144.672;0.286;235.012;147.347
2021-05-18;145.076;0.269;230.605;144.202
2021-05-19;143.975;0.314;234.771;147.62
2021-05-20;144.695;0.284;223.032;140.339
2021-05-21;145.758;0.24;221.168;138.465
2021-05-24;146.218;0.221;219.599;137.229
2021-05-25;147.785;0.158;212.684;132.115
2021-05-26;148.153;0.143;211.106;131.256
2021-05-27;147.561;0.166;209.25;130.258
2021-05-28;148.934;0.11;208.676;128.816
2021-05-31;149.345;0.094;208.641;128.445
2021-06-01;149.464;0.089;207.362;127.659
2021-06-02;148.878;0.112;206.547;127.785
2021-06-03;149.203;0.098;206.77;127.35
2021-06-04;150.171;0.059;206.204;126.431
2021-06-07;149.282;0.094;208.741;128.404
2021-06-08;149.647;0.08;206.092;126.845
2021-06-09;150.565;0.043;205.692;126.096
2021-06-10;151.173;0.018;203.087;124.116
2021-06-11;152.946;-0.051;198.347;120.222
2021-06-14;151.82;-0.007;201.194;122.351
2021-06-15;151.516;0.004;199.863;121.683
2021-06-16;151.188;0.017;202.002;123.222
2021-06-17;149.128;0.097;209.298;128.92
2021-06-18;147.302;0.17;219.188;136.045
2021-06-21;146.711;0.194;216.643;134.847
2021-06-22;146.648;0.196;221.589;137.565
2021-06-23;146.391;0.207;224.772;139.583
2021-06-24;147.049;0.179;222.017;137.417
2021-06-25;145.873;0.227;224.142;139.334
2021-06-28;146.776;0.19;220.713;136.826
2021-06-29;147.513;0.16;214.791;132.663
2021-06-30;148.666;0.113;210.932;129.838
2021-07-01;149.402;0.083;205.606;126.194
2021-07-02;150.492;0.039;205.273;125.415
2021-07-05;149.935;0.061;208.455;127.325
2021-07-06;151.039;0.017;214.261;130.068
2021-07-07;150.863;0.024;216.96;131.974
2021-07-08;149.844;0.063;220.915;135.101
2021-07-09;150.641;0.032;215.409;131.178
2021-07-12;150.696;0.029;216.485;131.695
2021-07-13;151.366;0.002;210.889;127.989
2021-07-14;151.659;-0.009;211.462;128.249
2021-07-15;151.607;-0.008;218.079;132.058
2021-07-16;151.909;-0.02;219.23;132.504
2021-07-19;151.319;0.003;226.263;137.166
2021-07-20;151.92;-0.021;229.168;138.306
2021-07-21;152.456;-0.042;225.29;135.381
2021-07-22;153.289;-0.076;225.063;134.868
2021-07-23;154.419;-0.119;214.387;128.174
2021-07-26;155.181;-0.149;212.61;126.516
2021-07-27;155.872;-0.175;214.058;126.851
2021-07-28;156.196;-0.188;213.873;126.459
2021-07-29;156.674;-0.207;218.813;128.709
2021-07-30;157.151;-0.225;216.121;127.036
2021-08-02;157.945;-0.255;216.459;126.828
2021-08-03;157.713;-0.247;217.971;127.88
2021-08-04;157.766;-0.249;219.127;128.555
2021-08-05;157.702;-0.248;219.719;128.927
2021-08-06;156.867;-0.217;218.141;128.328
2021-08-09;156.997;-0.222;220.576;129.573
2021-08-10;157.899;-0.256;218.967;128.015
2021-08-11;157.58;-0.244;224.396;131.166
2021-08-12;158.284;-0.272;223.618;130.139
2021-08-13;158.228;-0.27;226.472;131.822
2021-08-16;157.612;-0.247;225.349;131.649
2021-08-17;157.639;-0.248;224.376;131.134
2021-08-18;158.108;-0.266;218.703;127.768
2021-08-19;157.454;-0.243;222.628;130.441
2021-08-20;157.368;-0.24;223.481;131.027
2021-08-23;156.948;-0.224;227.827;133.551
2021-08-24;157.603;-0.249;224.624;131.251
2021-08-25;155.526;-0.171;232.121;136.46
2021-08-26;154.842;-0.145;232.55;137.085
2021-08-27;155.89;-0.186;226.816;133.21
2021-08-30;156.394;-0.205;228.123;133.647
2021-08-31;153.832;-0.107;236.055;139.544
2021-09-01;154.29;-0.125;227.617;134.569
2021-09-02;155.271;-0.164;222.511;131.114
2021-09-03;155.149;-0.16;223.683;131.634
2021-09-06;156.517;-0.212;223.06;130.177
2021-09-07;154.444;-0.133;229.836;135.14
2021-09-08;154.828;-0.148;229.958;134.874
2021-09-09;156.965;-0.23;225.714;131.272
2021-09-10;156.65;-0.219;227.162;131.976
2021-09-13;157.069;-0.235;225.89;130.97
2021-09-14;156.922;-0.23;222.622;129.539
2021-09-15;155.592;-0.179;224.315;131.224
2021-09-16;155.709;-0.185;222.293;129.977
2021-09-17;155.579;-0.18;220.203;128.694
2021-09-20;155.178;-0.165;224.184;131.433
2021-09-21;155.841;-0.191;222.957;130.248
2021-09-22;157.196;-0.243;219.297;127.407
2021-09-23;157.154;-0.242;211.503;122.731
2021-09-24;155.57;-0.182;213.957;124.958
2021-09-27;156.484;-0.217;216.963;125.764
2021-09-28;156.155;-0.205;217.881;126.323
2021-09-29;156.465;-0.217;216.084;125.188
2021-09-30;155.383;-0.176;223.836;130.09
2021-10-01;157.148;-0.244;216.01;124.677
2021-10-04;156.706;-0.228;217.689;125.883
2021-10-05;157.441;-0.256;218.146;125.229
2021-10-06;155.65;-0.188;224.092;129.648
2021-10-07;156.063;-0.205;214.944;124.425
2021-10-08;155.876;-0.198;212.649;122.99
2021-10-11;155.46;-0.182;208.072;120.527
2021-10-12;156.297;-0.215;207.483;119.343
2021-10-13;156.866;-0.237;213.691;122.531
2021-10-14;158.277;-0.291;216.057;123.253
2021-10-15;158.034;-0.282;219.585;124.982
2021-10-18;159.093;-0.322;224.152;126.249
2021-10-19;157.626;-0.267;226.612;128.328
2021-10-20;157.911;-0.278;224.769;127.391
2021-10-21;159.326;-0.332;227.97;127.558
2021-10-22;160.534;-0.378;235.968;130.684
2021-10-25;161.538;-0.415;229.544;126.631
2021-10-26;161.49;-0.414;245.555;134.704
2021-10-27;162.412;-0.448;256.825;140.119
2021-10-28;158.827;-0.316;261.595;145.018
2021-10-29;153.729;-0.121;274.37;155.831
2021-11-01;152.795;-0.085;279.418;159.298
2021-11-02;154.759;-0.162;262.826;149.722
2021-11-03;154.339;-0.146;259.654;148.521
2021-11-04;156.413;-0.227;253.706;144.138
2021-11-05;158.713;-0.314;259.969;145.752
2021-11-08;159.662;-0.35;253.877;141.353
2021-11-09;161.314;-0.412;259.277;143.345
2021-11-10;159.146;-0.331;261.13;145.159
2021-11-11;158.945;-0.325;261.242;145.118
2021-11-12;158.55;-0.31;258.578;144.212
2021-11-15;157.36;-0.265;262.613;147.107
2021-11-16;157.981;-0.289;263.481;146.905
2021-11-17;157.979;-0.29;264.888;147.65
2021-11-18;158.277;-0.302;259.827;145.119
2021-11-19;157.947;-0.29;261.666;146.838
2021-11-22;155.122;-0.182;262.96;149.703
2021-11-23;152.26;-0.07;265.077;152.703
2021-11-24;151.545;-0.042;261.778;151.642
2021-11-25;153.825;-0.133;259.256;148.282
2021-11-26;154.185;-0.147;254.079;146.136
2021-11-29;155.255;-0.189;252.603;144.024
2021-11-30;155.843;-0.212;263.462;149.39
2021-12-01;155.474;-0.198;272.02;154.006
2021-12-02;156.282;-0.23;264.356;149.399
2021-12-03;157.675;-0.284;264.332;148.29
2021-12-06;158.132;-0.301;253.888;142.523
2021-12-07;158.617;-0.32;259.722;144.996
2021-12-08;155.699;-0.209;268.827;151.659
2021-12-09;156.397;-0.237;263.659;148.635
2021-12-10;157.142;-0.266;259.487;145.877
2021-12-13;159.368;-0.35;253.234;141.12
2021-12-14;158.244;-0.308;250.928;140.797
2021-12-15;158.802;-0.33;243.066;136.146
2021-12-16;158.279;-0.311;250.321;140.118
2021-12-17;160.126;-0.381;238.167;132.654
2021-12-20;159.547;-0.359;233.296;130.35
2021-12-21;158.749;-0.33;236.925;132.15
2021-12-22;159.813;-0.37;241.661;133.432
2021-12-23;158.421;-0.318;238.753;132.59
2021-12-24;158.421;-0.319;241.375;133.829
2021-12-27;157.836;-0.297;236.387;131.813
2021-12-28;158.16;-0.309;232.517;129.544
2021-12-29;156.625;-0.251;234.835;131.299
2021-12-30;156.875;-0.262;239.421;133.351
2021-12-31;156.875;-0.262;239.16;133.204
2022-01-03;155.39;-0.205;238.071;133.494
2022-01-04;155.499;-0.21;245.572;137.142
2022-01-05;153.961;-0.15;247.49;139.459
2022-01-06;150.925;-0.03;251.599;144.124
2022-01-07;149.863;0.012;259.392;148.955
2022-01-10;150.295;-0.005;254.654;145.953
2022-01-11;150.049;0.004;255.412;146.432
2022-01-12;151.102;-0.038;265.693;145.056
2022-01-13;152.161;-0.082;250.797;142.81
2022-01-14;151.302;-0.048;248.105;141.521
2022-01-17;150.864;-0.03;253.267;144.412
2022-01-18;150.211;-0.004;253.215;144.822
2022-01-19;149.664;0.018;256.474;147.046
2022-01-20;150.433;-0.014;252.521;144.357
2022-01-21;149.711;0.015;256.086;147.13
2022-01-24;148.955;0.045;260.343;150.217
2022-01-25;149.174;0.036;257.419;148.1
2022-01-26;148.16;0.077;260.401;150.652
2022-01-27;149.618;0.017;258.622;148.321
2022-01-28;150.445;-0.017;254.608;145.168
2022-01-31;151.07;-0.043;253.506;143.579
2022-02-01;149.944;0.003;255.4;145.309
2022-02-02;149.712;0.012;252.454;143.843
2022-02-03;145.401;0.189;265.529;153.605
2022-02-04;143.299;0.278;269.153;156.947
2022-02-07;142.121;0.329;268.134;157.1
2022-02-08;140.377;0.405;266.607;157.368
2022-02-09;142.267;0.322;260.199;152.423
2022-02-10;139.414;0.446;266.926;157.737
2022-02-11;138.872;0.47;284.963;167.597
2022-02-14;138.412;0.49;272.706;161.424
2022-02-15;138.119;0.503;267.679;159.169
2022-02-16;139.25;0.452;264.081;156.43
2022-02-17;140.283;0.406;261.335;154.162
2022-02-18;139.89;0.423;265.23;156.857
2022-02-21;138.557;0.482;276.071;163.717
2022-02-22;138.861;0.468;271.003;160.392
2022-02-23;140.654;0.389;269.569;157.589
2022-02-24;143.234;0.276;267.148;153.943
2022-02-25;141.657;0.344;258.584;150.405
2022-02-28;145.003;0.2;258.907;148.201
2022-03-01;153.606;-0.153;249.392;136.999
2022-03-02;151.631;-0.074;262.611;144.483
2022-03-03;152.087;-0.093;262.22;143.481
2022-03-04;155.294;-0.22;270.875;145.036
2022-03-07;157.682;-0.313;282.721;148.253
2022-03-08;159.033;-0.365;262.527;136.598
2022-03-09;153.839;-0.164;252.298;135.378
2022-03-10;148.595;0.047;263.457;144.801
2022-03-11;153.077;-0.135;259.967;139.056
2022-03-14;150.859;-0.046;255.566;137.751
2022-03-15;149.842;-0.005;250.369;136.236
2022-03-16;149.205;0.02;238.039;130.592
2022-03-17;149.557;0.005;250.098;136.702
2022-03-18;149.801;-0.005;249.012;135.941
2022-03-21;147.736;0.08;247.503;136.215
2022-03-22;149.622;0.002;243.416;132.253
2022-03-23;151.58;-0.078;252.95;135.757
2022-03-24;150.489;-0.035;254.686;136.841
2022-03-25;150.003;-0.015;251.434;135.139
2022-03-28;150.145;-0.021;255.397;136.829
2022-03-29;150.784;-0.048;249.767;133.008
2022-03-30;150.865;-0.051;248.927;132.252
2022-03-31;150.846;-0.051;250.309;133.751
2022-04-01;149.65;-0.003;254.826;136.927
2022-04-04;150.724;-0.047;257.24;137.263
2022-04-05;148.342;0.05;263.38;141.267
2022-04-06;147.22;0.097;263.751;142.056
2022-04-07;146.668;0.119;264.375;142.507
2022-04-08;146.142;0.141;266.174;143.175
2022-04-11;144.804;0.197;260.942;140.909
2022-04-12;146.13;0.141;252.124;135.385
2022-04-13;146.249;0.135;245.464;131.964
2022-04-14;144.183;0.222;249.619;134.918
2022-04-15;144.183;0.222;251.443;135.818
2022-04-18;144.183;0.222;251.175;135.696
2022-04-19;142.904;0.277;256.576;138.872
2022-04-20;143.769;0.239;267.636;144.063
2022-04-21;142.061;0.313;268.84;145.109
2022-04-22;141.01;0.359;271.871;147.335
2022-04-25;140.678;0.373;263.726;144.436
2022-04-26;141.131;0.353;266.669;145.676
2022-04-27;141.219;0.349;264.4;144.481
2022-04-28;140.638;0.374;271.738;147.268
2022-04-29;140.121;0.396;271.342;147.061
2022-05-02;138.312;0.477;282.577;153.959
2022-05-03;137.622;0.508;280.638;153.627
2022-05-04;136.18;0.574;295.602;162.476
2022-05-05;133.427;0.701;293.199;163.465
2022-05-06;129.623;0.883;285.998;163.101
2022-05-09;127.508;0.987;283.818;164.491
2022-05-10;129.308;0.898;271.081;156.584
2022-05-11;130.954;0.818;267.529;153.618
2022-05-12;133.038;0.718;260.024;148.562
2022-05-13;130.901;0.82;273.055;156.768
2022-05-16;131.793;0.777;280.566;159.745
2022-05-17;131.12;0.809;285.666;162.144
2022-05-18;130.91;0.819;293.061;166.105
2022-05-19;131.347;0.797;291.452;164.884
2022-05-20;128.024;0.959;309.988;178.614
2022-05-23;126.794;1.02;303.424;176.089
2022-05-24;126.369;1.041;295.658;173.176
2022-05-25;125.998;1.06;278.222;164.11
2022-05-26;126.562;1.031;264.747;155.524
2022-05-27;126.526;1.033;267.637;157.313
2022-05-30;125.807;1.069;275.308;161.642
2022-05-31;124.348;1.143;281.814;166.082
2022-06-01;122.877;1.219;289.221;171.086
2022-06-02;122.453;1.241;298.604;175.644
2022-06-03;121.304;1.301;308.474;181.912
2022-06-06;121.258;1.303;305.719;180.118
2022-06-07;123.679;1.176;290.798;169.22
2022-06-08;122.683;1.228;295.69;172.507
2022-06-09;119.048;1.421;314.094;186.142
2022-06-10;116.209;1.577;324.516;195.06
2022-06-13;111.191;1.864;338.195;208.56
2022-06-14;107.684;2.074;321.372;202.733
2022-06-15;112.569;1.784;290.933;180.067
2022-06-16;113.58;1.725;271.769;167.204
2022-06-17;114.622;1.665;265.176;163.057
2022-06-20;113.42;1.734;263.561;162.738
2022-06-21;114.097;1.695;264.449;161.899
2022-06-22;116.123;1.581;265.734;161.058
2022-06-23;117.011;1.531;273.131;166.041
2022-06-24;116.951;1.534;282.237;170.793
2022-06-27;117.079;1.527;275.642;165.928
2022-06-28;116.165;1.578;266.456;161.513
2022-06-29;118.211;1.464;251.398;151.395
2022-06-30;118.759;1.434;255.921;154.875
2022-07-01;120.712;1.329;245.505;147.827
2022-07-04;119.581;1.389;248.629;149.766
2022-07-05;121.152;1.305;252.346;150.973
2022-07-06;119.052;1.418;257.654;157.023
2022-07-07;116.929;1.534;269.391;165.239
2022-07-08;116.667;1.548;261.299;160.635
2022-07-11;117.164;1.521;259.611;159.69
2022-07-12;119.741;1.38;258.218;156.645
2022-07-13;120.84;1.32;268.499;160.933
2022-07-14;120.897;1.317;274.823;163.718
2022-07-15;120.807;1.322;271.711;162.222
2022-07-18;120.848;1.319;270.395;160.945
2022-07-19;120.639;1.33;263.823;157.162
2022-07-20;119.221;1.407;288.295;172.118
2022-07-21;115.378;1.619;314.852;191.925
2022-07-22;117.951;1.476;301.843;182.982
2022-07-25;118.053;1.47;314.238;189.73
2022-07-26;118.399;1.451;327.503;197.199
2022-07-27;117.618;1.494;341.413;205.325
2022-07-28;119.028;1.416;337.452;202.227
2022-07-29;122.393;1.235;326.184;191.512
2022-08-01;124.328;1.134;309.846;180.648
2022-08-02;124.188;1.141;307.109;179.059
2022-08-03;126.091;1.043;304.559;174.753
2022-08-04;127.208;0.986;300.325;171.662
2022-08-05;126.449;1.025;285.622;163.42
2022-08-08;126.238;1.035;291.928;167.305
2022-08-09;124.878;1.105;296.663;171.057
2022-08-10;124.89;1.104;295.404;170.583
2022-08-11;124.96;1.1;292.757;168.357
2022-08-12;124.382;1.129;300.209;172.932
2022-08-15;125.037;1.095;303.413;174.634
2022-08-16;122.536;1.226;321.566;186.716
2022-08-17;120.719;1.322;332.319;193.406
2022-08-18;122.092;1.248;324.978;187.174
2022-08-19;119.941;1.363;328.709;190.624
2022-08-22;118.644;1.434;328.287;190.959
2022-08-23;118.135;1.462;322.181;188.162
2022-08-24;117.076;1.52;321.049;188.295
2022-08-25;119.13;1.407;311.179;180.901
2022-08-26;117.187;1.514;315.641;184.836
2022-08-29;115.224;1.624;309.972;183.507
2022-08-30;114.295;1.677;318.077;189.038
2022-08-31;111.935;1.814;319.439;193.38
2022-09-01;111.04;1.867;314.789;191.932
2022-09-02;111.393;1.846;312.985;190.892
2022-09-05;110.586;1.894;308.792;188.705
2022-09-06;110.396;1.905;309.838;189.11
2022-09-07;111.979;1.811;311.309;188.382
2022-09-08;111.093;1.863;310.665;188.433
2022-09-09;110.191;1.917;311.17;190.226
2022-09-12;110.423;1.903;317.774;194.151
2022-09-13;110.404;1.904;312.948;190.462
2022-09-14;111.306;1.85;316.164;190.733
2022-09-15;111.574;1.834;326.053;195.17
2022-09-16;112.19;1.798;325.214;194.045
2022-09-19;111.268;1.852;321.882;193.166
2022-09-20;111.081;1.863;323.143;192.693
2022-09-21;111.947;1.812;322.159;190.652
2022-09-22;112.22;1.795;312.791;184.589
2022-09-23;110.111;1.921;317.673;189.44
2022-09-26;106.595;2.137;316.573;192.705
2022-09-27;102.526;2.397;327.449;204.346
2022-09-28;104.726;2.255;300.825;186.735
2022-09-29;102.062;2.428;303.875;192.621
2022-09-30;103.042;2.364;297.337;187.979
2022-10-03;105.747;2.19;287.723;180.39
2022-10-04;107.538;2.077;291.904;180.426
2022-10-05;104.033;2.299;314.696;197.186
2022-10-06;103.611;2.326;301.618;189.187
2022-10-07;100.856;2.508;309.891;197.097
2022-10-10;102.171;2.421;284.785;179.309
2022-10-11;101.842;2.442;291.07;183.483
2022-10-12;100.846;2.509;303.954;192.239
2022-10-13;102.237;2.416;304.06;190.2
2022-10-14;99.32;2.612;303.442;194.56
2022-10-17;101.306;2.478;304.018;191.946
2022-10-18;100.691;2.519;310.306;197.013
2022-10-19;99.783;2.581;313.35;199.656
2022-10-20;100.544;2.529;307.163;194.249
2022-10-21;101.322;2.477;310.389;194.809
2022-10-24;103.936;2.305;307.201;189.321
2022-10-25;107.566;2.074;297.96;180.058
2022-10-26;107.065;2.106;300.231;182.514
2022-10-27;111.94;1.809;283.339;167.505
2022-10-28;109.041;1.983;295.412;176.905
2022-10-31;106.829;2.12;300.434;182.378
2022-11-01;107.643;2.069;296.158;178.878
2022-11-02;107.458;2.081;310.011;186.454
2022-11-03;106.119;2.165;306.827;185.717
2022-11-04;105.701;2.191;307.323;186.245
2022-11-07;105.176;2.224;313.877;190.347
2022-11-08;106.422;2.145;316.279;190.454
2022-11-09;107.415;2.083;320.514;192.316
2022-11-10;111.203;1.851;304.144;178.918
2022-11-11;108.003;2.046;319.372;191.156
2022-11-14;107.8;2.059;316.628;190.147
2022-11-15;109.318;1.965;310.309;185.132
2022-11-16;111.607;1.827;303.716;178.997
2022-11-17;112.065;1.799;291.595;171.533
2022-11-18;113.082;1.739;281.885;164.815
2022-11-21;112.014;1.802;289.329;170.478
2022-11-22;112.726;1.76;295.972;173.241
2022-11-23;114.323;1.667;293.582;170.041
2022-11-24;116.693;1.531;287.483;164.387
2022-11-25;114.474;1.658;298.76;172.234
2022-11-28;113.733;1.7;301.119;173.934
2022-11-29;114.631;1.648;290.722;167.533
2022-11-30;115.023;1.625;289.854;166.674
2022-12-01;118.261;1.442;297.69;167.292
2022-12-02;117.44;1.488;303.541;170.811
2022-12-05;117.443;1.487;305.436;171.428
2022-12-06;118.1;1.45;296.887;166.925
2022-12-07;118.546;1.425;291.415;163.642
2022-12-08;117.238;1.498;302.473;170.371
2022-12-09;114.788;1.638;324.434;184.136
2022-12-12;114.885;1.632;320.187;181.586
2022-12-13;114.494;1.655;316.362;180.04
2022-12-14;112.739;1.757;322.588;186.077
2022-12-15;108.618;2.006;347.561;204.132
2022-12-16;106.839;2.117;341.878;203.125
2022-12-19;105.709;2.189;344.815;206.138
2022-12-20;104.02;2.298;347.737;209.365
2022-12-21;105.001;2.234;332.372;198.974
2022-12-22;104.328;2.277;333.557;199.812
2022-12-23;104.792;2.247;320.543;191.768
2022-12-26;104.792;2.247;320.615;191.773
2022-12-27;102.694;2.384;324.253;196.023
2022-12-28;103.074;2.359;330.648;198.894
2022-12-29;104.639;2.257;329.658;196.143
2022-12-30;101.396;2.471;336.831;204.572
2023-01-02;103.847;2.308;339.523;202.894
2023-01-03;103.897;2.305;345.731;207.018
2023-01-04;106.062;2.165;324.826;193.437
2023-01-05;104.029;2.296;330.934;199.769
2023-01-06;105.187;2.221;332.922;199.736
2023-01-09;104.897;2.24;324.247;195.541
2023-01-10;105.072;2.229;318.725;191.772
2023-01-11;108.103;2.036;307.659;182.361
2023-01-12;108.671;2.001;315.997;186.682
2023-01-13;107.866;2.051;318.854;189.321
2023-01-16;107.53;2.072;317.705;189.373
2023-01-17;109.101;1.974;316.75;187.114
2023-01-18;111.158;1.849;300.898;176.268
2023-01-19;110.678;1.877;295.1;173.591
2023-01-20;107.648;2.064;310.348;185.176
2023-01-23;107.738;2.058;303.802;180.958
2023-01-24;109.516;1.948;295.367;174.093
2023-01-25;109.073;1.975;295.537;174.884
2023-01-26;108.2;2.029;302.788;179.689
2023-01-27;107.344;2.083;305.271;181.911
2023-01-30;106.169;2.157;314.49;187.92
2023-01-31;106.657;2.126;306.265;183.125
2023-02-01;106.772;2.119;310.069;185.232
2023-02-02;111.797;1.809;286.823;167.602
2023-02-03;109.892;1.924;288.585;170.33
2023-02-06;108.403;2.016;292.054;173.285
2023-02-07;108.052;2.038;299.783;177.5
2023-02-08;108.525;2.008;300.004;177.14
2023-02-09;109.92;1.922;286.432;168.247
2023-02-10;108.779;1.992;299.274;176.354
2023-02-13;109.512;1.947;290.347;170.457
2023-02-14;109.5;1.948;282.616;165.641
2023-02-15;108.344;2.019;288.943;170.353
2023-02-16;108.746;1.994;292.277;171.592
2023-02-17;108.78;1.992;293.432;172.401
2023-02-20;108.347;2.019;294.415;173.305
2023-02-21;106.774;2.118;300.195;178.055
2023-02-22;106.852;2.113;298.785;177.19
2023-02-23;108.607;2.002;292.749;171.642
2023-02-24;108.031;2.038;293.389;172.245
2023-02-27;108.281;2.022;282.522;165.596
2023-02-28;107.643;2.062;291.247;170.54
2023-03-01;107.355;2.081;291.468;170.646
2023-03-02;107.476;2.073;296.648;172.754
2023-03-03;109.626;1.938;296.971;170.208
2023-03-06;108.027;2.038;300.071;174.053
2023-03-07;107.261;2.086;298.459;175.057
2023-03-08;107.509;2.07;288.622;169.918
2023-03-09;108.026;2.038;291.755;171.283
2023-03-10;108.062;2.035;299.227;176.329
2023-03-13;109.082;1.972;298.234;175.618
2023-03-14;109.169;1.966;291.92;171.823
2023-03-15;109.051;1.973;280.871;166.888
2023-03-16;108.3;2.02;289.316;172.746
2023-03-17;108.893;1.983;291.806;174.346
2023-03-20;109.644;1.936;279.539;166.74
2023-03-21;109.084;1.971;289.194;171.747
2023-03-22;109.301;1.957;291.772;172.106
2023-03-23;110.496;1.883;288.637;169.478
2023-03-24;110.779;1.866;281.935;166.013
2023-03-27;110.117;1.907;278.089;164.35
2023-03-28;109.393;1.951;286.634;169.369
2023-03-29;109.3;1.957;286.098;169.062
2023-03-30;108.764;1.99;297.464;175.337
2023-03-31;110.594;1.877;281.822;165.015
2023-04-03;110.771;1.866;290.338;169.564
2023-04-04;110.385;1.889;288.337;169.246
2023-04-05;110.613;1.875;291.183;171.014
2023-04-06;110.313;1.893;294.872;173.191
2023-04-07;110.313;1.893;293.319;172.381
2023-04-10;110.313;1.893;293.189;172.28
2023-04-11;108.839;1.985;295.862;174.711
2023-04-12;108.869;1.983;292.529;172.184
2023-04-13;108.383;2.013;298.878;176.125
2023-04-14;107.856;2.046;302.698;178.418
2023-04-17;108.269;2.02;293.885;172.476
2023-04-18;107.622;2.061;296.794;174.78
2023-04-19;107.01;2.1;297.936;175.948
2023-04-20;107.374;2.076;293.707;173.504
2023-04-21;106.892;2.107;295.715;174.987
2023-04-24;106.718;2.118;294.442;174.137
2023-04-25;107.573;2.063;302.808;178.494
2023-04-26;107.401;2.074;291.252;172.135
2023-04-27;106.202;2.151;298.473;177.461
2023-04-28;108.395;2.011;292.086;171.762
2023-05-01;108.395;2.011;297.161;174.37
2023-05-02;107.448;2.071;298.999;177.309
2023-05-03;107.732;2.053;291.428;173.038
2023-05-04;106.975;2.101;294.52;176.114
2023-05-05;106.383;2.139;300.914;179.848
2023-05-08;106.152;2.154;302.3;180.456
2023-05-09;105.993;2.164;303.188;180.869
2023-05-10;106.986;2.1;302.849;179.645
2023-05-11;107.507;2.067;303.254;179.552
2023-05-12;106.261;2.146;300.257;179.45
2023-05-15;106.078;2.158;301.936;180.294
2023-05-16;105.518;2.195;303.982;181.842
2023-05-17;105.648;2.186;306.669;182.959
2023-05-18;104.403;2.267;304.555;182.734
2023-05-19;104.996;2.228;302.808;180.828
2023-05-22;104.554;2.257;308.408;184.29
2023-05-23;104.889;2.235;309.259;183.879
2023-05-24;105.537;2.193;313.975;184.974
2023-05-25;105.281;2.21;311.364;183.304
2023-05-26;106.047;2.16;308.638;180.543
2023-05-29;107.445;2.07;307.453;178.353
2023-05-30;108.046;2.031;305.604;177.622
2023-05-31;108.622;1.995;300.403;174.484
2023-06-01;109.08;1.966;286.987;167.416
2023-06-02;109.886;1.915;281.073;162.677
2023-06-05;109.529;1.938;283.703;163.892
2023-06-06;108.864;1.979;285.837;166.334
2023-06-07;107.39;2.073;292.996;171.326
2023-06-08;108.102;2.027;287.952;168.062
2023-06-09;109.046;1.967;281.094;163.458
2023-06-12;109.058;1.967;;
2023-06-13;109.378;1.946;268.259;155.672
2023-06-14;109.084;1.965;271.368;157.507
2023-06-15;108.947;1.973;275.337;159.425
2023-06-16;110.915;1.851;266.21;152.192
2023-06-19;109.863;1.916;270.423;155.169
2023-06-20;111.221;1.832;276.426;157.294
2023-06-21;111.069;1.841;279.088;158.646
2023-06-22;110.204;1.894;278.866;159.012
2023-06-23;112.098;1.778;275.891;155.877
2023-06-26;112.524;1.752;278.337;156.892
2023-06-27;112.181;1.772;278.599;157.019
2023-06-28;111.69;1.802;280.431;158.887
2023-06-29;110.604;1.869;279.003;158.853
2023-06-30;110.564;1.871;281.336;160.296
2023-07-03;110.738;1.86;285.652;161.801
2023-07-04;109.554;1.934;290.233;165.714
2023-07-05;109.596;1.931;277.958;159.144
2023-07-06;106.928;2.101;290.687;168.246
2023-07-07;106.977;2.097;285.509;165.453
2023-07-10;106.613;2.121;289.557;168.007
2023-07-11;105.992;2.161;293.269;170.833
2023-07-12;107.517;2.062;286.025;165.622
2023-07-13;108.978;1.969;276.666;159.661
2023-07-14;108.209;2.018;277.272;160.742
2023-07-17;108.422;2.004;282.984;163.678
2023-07-18;110.101;1.899;277.471;159.33
2023-07-19;109.055;1.964;282.678;163.134
2023-07-20;109.309;1.948;273.49;157.318
2023-07-21;110.063;1.901;274.577;157.087
2023-07-24;110.711;1.86;268.623;153.395
2023-07-25;110.604;1.867;277.957;158.434
2023-07-26;110.142;1.895;276.739;158.016
2023-07-27;110.406;1.879;270.935;154.796
2023-07-28;109.928;1.909;278.788;159.445
2023-07-31;110.392;1.88;281.063;160.162
2023-08-01;109.05;1.964;281.979;161.786
2023-08-02;108.738;1.983;288.128;165.595
2023-08-03;107.508;2.062;288.089;166.796
2023-08-04;108.834;1.977;290.297;166.351
2023-08-07;108.39;2.005;287.856;165.237
2023-08-08;109.894;1.91;286.661;163.628
2023-08-09;108.962;1.969;286.165;164.58
2023-08-10;109.18;1.955;277.845;159.758
2023-08-11;108.322;2.009;276.877;159.613
2023-08-14;107.979;2.031;282.275;162.818
2023-08-15;106.961;2.096;284.307;164.831
2023-08-16;106.554;2.123;287.827;167.493
2023-08-17;105.565;2.187;287.757;168.62
2023-08-18;106.219;2.144;287.725;168.346
2023-08-21;105.501;2.191;288.326;169.001
2023-08-22;106.971;2.095;286.557;166.346
2023-08-23;108.308;2.009;286.556;165.602
2023-08-24;107.831;2.04;281.437;163.537
2023-08-25;106.503;2.125;290.044;169.625
2023-08-28;107.019;2.092;285.677;166.547
2023-08-29;107.726;2.046;287.637;167.07
2023-08-30;107.252;2.077;289.233;168.278
2023-08-31;107.588;2.055;290.495;169.381
2023-09-01;106.436;2.129;288.981;169.645
2023-09-04;105.951;2.161;294.988;173.178
2023-09-05;105.43;2.195;297.312;174.964
2023-09-06;105.07;2.219;304.161;178.853
2023-09-07;105.778;2.172;301.429;176.692
2023-09-08;105.832;2.169;302.539;177.165
2023-09-11;105.208;2.21;305.844;179.651
2023-09-12;105.614;2.183;304.163;177.981
2023-09-13;105.309;2.203;311.996;182.662
2023-09-14;106.0;2.157;304.556;178.156
2023-09-15;104.259;2.273;313.357;184.837
2023-09-18;103.814;2.303;317.136;187.213
2023-09-19;103.982;2.291;309.638;182.813
2023-09-20;104.447;2.26;305.044;179.968
2023-09-21;103.542;2.321;307.64;182.492
2023-09-22;102.377;2.4;315.316;188.468
2023-09-25;100.576;2.525;312.529;189.542
2023-09-26;99.221;2.621;320.879;196.528
2023-09-27;98.863;2.647;320.624;196.628
2023-09-28;97.844;2.72;325.37;200.179
2023-09-29;98.226;2.693;318.83;196.859
2023-10-02;97.195;2.767;311.364;193.877
2023-10-03;94.976;2.932;321.213;203.17
2023-10-04;96.361;2.829;315.408;197.519
2023-10-05;95.456;2.896;325.097;205.275
2023-10-06;95.023;2.929;326.274;206.643
2023-10-09;96.423;2.824;332.422;208.268
2023-10-10;97.473;2.747;320.44;199.627
2023-10-11;98.387;2.681;322.259;199.467
2023-10-12;97.31;2.759;320.001;199.648
2023-10-13;97.338;2.757;331.994;206.38
2023-10-16;97.421;2.751;321.845;200.228
2023-10-17;96.694;2.805;330.893;205.556
2023-10-18;95.776;2.873;338.545;211.322
2023-10-19;96.087;2.85;328.002;204.806
2023-10-20;95.974;2.858;328.374;205.359
2023-10-23;96.496;2.819;325.669;203.166
2023-10-24;96.273;2.836;326.685;204.588
2023-10-25;94.911;2.938;326.787;206.864
2023-10-26;95.727;2.877;328.999;206.931
2023-10-27;96.153;2.845;320.931;201.879
2023-10-30;97.091;2.776;312.382;195.334
2023-10-31;97.109;2.774;311.28;194.905
2023-11-01;97.315;2.759;315.246;197.41
2023-11-02;98.515;2.672;313.596;194.849
2023-11-03;100.052;2.562;310.138;190.958
2023-11-06;98.437;2.678;317.053;196.813
2023-11-07;99.273;2.618;319.022;196.968
2023-11-08;100.123;2.557;319.911;196.362
2023-11-09;99.511;2.601;310.343;192.163
2023-11-10;98.925;2.643;317.573;196.567
2023-11-13;98.948;2.641;319.373;197.393
2023-11-14;100.379;2.539;314.363;193.129
2023-11-15;99.642;2.591;309.669;191.624
2023-11-16;100.327;2.543;301.846;186.708
2023-11-17;100.494;2.531;307.139;189.265
2023-11-20;101.423;2.465;303.028;185.278
2023-11-21;101.983;2.426;298.853;182.325
2023-11-22;102.228;2.409;298.112;181.474
2023-11-23;102.593;2.384;296.398;179.339
2023-11-24;102.552;2.387;293.314;177.507
2023-11-27;103.524;2.32;290.231;175.066
2023-11-28;103.082;2.35;293.073;177.957
2023-11-29;103.428;2.327;291.848;177.203
2023-11-30;103.041;2.353;301.328;182.844
2023-12-01;104.494;2.254;293.169;177.154
2023-12-04;103.957;2.291;298.93;181.301
2023-12-05;105.893;2.16;301.272;180.497
2023-12-06;106.475;2.122;300.882;179.781
2023-12-07;106.125;2.145;300.272;180.306
2023-12-08;103.777;2.303;311.068;189.3
2023-12-11;103.641;2.312;308.739;188.121
2023-12-12;104.278;2.268;308.011;187.081
2023-12-13;104.891;2.227;307.949;186.794
2023-12-14;106.793;2.1;298.374;179.175
2023-12-15;107.304;2.067;306.954;183.907
2023-12-18;107.243;2.071;300.899;180.312
2023-12-19;109.061;1.953;293.026;173.858
2023-12-20;109.804;1.905;299.515;176.562
2023-12-21;109.697;1.911;295.889;174.903
2023-12-22;109.981;1.893;286.832;169.783
2023-12-25;109.981;1.893;286.978;169.778
2023-12-27;110.673;1.849;293.912;173.029
2023-12-28;108.801;1.968;300.491;179.03
2023-12-29;107.421;2.058;302.534;181.668
2024-01-01;107.421;2.058;297.758;179.009
2024-01-02;107.199;2.073;300.215;180.335
2024-01-03;107.302;2.066;305.51;183.567
2024-01-04;105.978;2.153;300.554;182.111
2024-01-05;106.395;2.125;297.519;179.469
2024-01-08;106.907;2.091;297.41;178.711
2024-01-09;106.752;2.102;291.998;175.657
2024-01-10;106.431;2.123;286.571;173.131
2024-01-11;107.123;2.077;281.03;169.484
2024-01-12;107.988;2.02;278.155;167.19
2024-01-15;107.121;2.077;285.604;172.204
2024-01-16;107.033;2.083;279.201;168.68
2024-01-17;106.07;2.146;290.911;176.089
2024-01-18;105.943;2.155;287.701;174.193
2024-01-19;106.695;2.105;285.011;171.748
2024-01-22;106.934;2.089;280.86;169.447
2024-01-23;105.585;2.179;284.372;172.847
2024-01-24;105.817;2.163;285.068;173.163
2024-01-25;106.173;2.139;285.29;173.407
2024-01-26;106.204;2.137;284.071;172.768
2024-01-29;107.226;2.069;281.524;170.285
2024-01-30;106.289;2.131;288.589;175.384
2024-01-31;106.849;2.094;293.499;177.967
2024-02-01;106.929;2.088;295.777;179.248
2024-02-02;106.083;2.145;297.46;180.721
2024-02-05;105.671;2.172;296.998;180.22
2024-02-06;106.48;2.118;295.049;178.014
2024-02-07;105.786;2.164;293.227;177.917
2024-02-08;105.606;2.176;293.433;178.012
2024-02-09;105.225;2.202;295.389;179.479
2024-02-12;105.964;2.152;289.87;175.578
2024-02-13;106.11;2.142;290.071;175.098
2024-02-14;107.038;2.081;288.609;173.481
2024-02-15;106.717;2.102;285.536;172.204
2024-02-16;106.493;2.117;284.653;171.646
2024-02-19;106.248;2.133;282.78;170.868
2024-02-20;106.436;2.12;281.811;170.377
2024-02-21;105.077;2.212;287.367;174.908
2024-02-22;105.641;2.173;286.204;173.508
2024-02-23;107.101;2.076;285.363;171.542
2024-02-26;106.057;2.145;286.741;173.044
2024-02-27;106.137;2.14;284.885;171.684
2024-02-28;106.729;2.1;287.207;172.103
2024-02-29;107.518;2.048;291.107;173.625
2024-03-01;106.715;2.101;301.51;180.595
2024-03-04;107.893;2.023;292.772;174.219
2024-03-05;108.978;1.952;294.327;174.218
2024-03-06;110.122;1.878;281.126;165.608
2024-03-07;110.369;1.862;278.506;164.153
2024-03-08;110.358;1.863;282.637;166.894
2024-03-11;109.679;1.906;285.852;169.337
2024-03-12;110.396;1.86;280.507;165.338
2024-03-13;110.737;1.838;273.765;161.06
2024-03-14;110.121;1.877;275.52;162.133
2024-03-15;109.844;1.895;276.947;163.235
2024-03-18;110.63;1.845;269.134;157.825
2024-03-19;109.946;1.888;273.047;160.96
2024-03-20;109.735;1.902;275.51;162.688
2024-03-21;110.181;1.873;274.904;162.022
2024-03-22;110.478;1.854;281.514;165.838
2024-03-25;110.453;1.855;280.425;165.003
2024-03-26;111.176;1.809;278.45;163.118
2024-03-27;111.58;1.783;279.286;163.647
2024-03-28;110.548;1.849;289.645;170.48
2024-03-29;110.548;1.849;290.511;170.913
2024-04-02;108.933;1.953;287.943;171.005
2024-04-03;109.026;1.947;291.431;172.851
2024-04-04;110.273;1.866;277.694;163.898
2024-04-05;109.509;1.915;283.875;167.843
2024-04-08;109.355;1.925;282.468;166.907
2024-04-09;110.28;1.865;280.664;165.135
2024-04-10;109.953;1.886;278.367;163.857
2024-04-11;109.404;1.921;281.657;165.88
2024-04-12;111.12;1.811;277.587;162.094
2024-04-15;109.565;1.911;283.222;166.59
2024-04-16;109.069;1.943;283.789;166.845
2024-04-17;109.429;1.919;282.949;166.262
2024-04-18;108.518;1.979;281.648;166.522
2024-04-19;108.668;1.969;280.167;165.476
2024-04-22;109.584;1.909;271.212;159.442
2024-04-23;109.443;1.918;269.813;158.792
2024-04-24;107.47;2.048;279.21;165.777
2024-04-25;107.141;2.069;278.419;165.539
2024-04-26;108.439;1.983;273.536;161.58
2024-04-29;109.202;1.933;271.643;159.876
2024-04-30;108.828;1.957;274.412;161.329
2024-05-02;109.155;1.936;272.259;160.068
2024-05-03;109.748;1.897;271.008;158.979
2024-05-06;109.729;1.898;271.863;159.613
2024-05-07;109.89;1.888;274.089;160.887
2024-05-08;109.369;1.922;274.89;161.673
2024-05-09;108.952;1.949;275.594;162.329
2024-05-10;108.512;1.977;275.174;162.517
2024-05-13;108.356;1.988;279.293;164.964
2024-05-14;108.034;2.009;277.287;164.004
2024-05-15;109.99;1.881;274.026;160.516
2024-05-16;109.621;1.904;269.905;158.489
2024-05-17;108.972;1.947;269.459;158.701
2024-05-20;108.832;1.956;268.55;158.197
2024-05-21;108.925;1.95;269.747;158.966
2024-05-22;108.663;1.967;270.693;159.529
2024-05-23;108.095;2.004;272.746;161.017
2024-05-24;107.748;2.027;274.305;162.393
2024-05-27;108.451;1.98;268.29;158.345
2024-05-28;107.512;2.043;272.293;161.481
2024-05-29;106.157;2.134;276.491;164.785
2024-05-30;107.113;2.069;272.834;161.85
2024-05-31;106.738;2.094;274.815;163.371
2024-06-03;107.648;2.033;273.983;162.153
2024-06-04;107.493;2.043;276.661;164.223
2024-06-05;108.005;2.009;274.132;162.305
2024-06-06;107.455;2.046;276.139;163.854
2024-06-07;106.518;2.108;280.937;167.225
2024-06-10;105.092;2.206;285.779;171.184
2024-06-11;104.724;2.231;288.183;173.261
2024-06-12;106.477;2.111;281.484;167.851
2024-06-13;106.068;2.139;285.116;170.649
2024-06-14;106.119;2.135;295.905;177.005
2024-06-17;106.037;2.141;293.058;175.283
2024-06-18;106.988;2.076;289.853;172.303
2024-06-19;106.057;2.139;293.122;175.305
2024-06-20;105.909;2.149;292.095;174.775
2024-06-21;105.654;2.166;291.966;175.123
2024-06-24;105.61;2.169;289.344;173.687
2024-06-25;105.329;2.189;289.29;174.093
2024-06-26;104.457;2.249;293.571;177.353
2024-06-27;104.306;2.259;296.617;179.133
2024-06-28;103.53;2.313;296.443;179.974
2024-07-01;103.262;2.332;294.656;178.815
2024-07-02;103.977;2.282;289.523;175.066
2024-07-03;104.862;2.22;288.994;173.856
2024-07-04;104.772;2.226;287.354;172.854
2024-07-05;105.68;2.164;284.401;170.317
2024-07-08;106.149;2.132;281.603;168.171
2024-07-09;105.333;2.188;283.102;169.958
2024-07-10;106.549;2.105;275.55;164.445
2024-07-11;107.203;2.06;274.044;163.206
2024-07-12;107.103;2.067;269.484;160.699
2024-07-15;107.73;2.025;264.823;157.459
2024-07-16;108.526;1.972;263.993;156.261
2024-07-17;108.622;1.965;267.838;158.263
2024-07-18;108.21;1.992;266.741;158.244
2024-07-19;107.523;2.038;269.379;160.266
2024-07-22;107.357;2.049;265.366;158.032
2024-07-23;107.151;2.063;268.418;160.411
2024-07-24;106.19;2.128;272.309;163.783
2024-07-25;105.799;2.155;275.252;166.214
2024-07-26;105.978;2.142;274.335;165.676
2024-07-29;106.747;2.09;272.673;163.914
2024-07-30;106.701;2.093;274.895;165.396
2024-07-31;107.442;2.043;273.216;163.777
2024-08-01;107.562;2.035;278.275;166.82
2024-08-02;106.998;2.073;283.685;170.892
2024-08-05;106.107;2.133;286.227;173.501
2024-08-06;106.874;2.081;281.528;170.144
2024-08-07;106.252;2.123;285.729;172.79
2024-08-08;106.074;2.135;282.633;171.361
2024-08-09;106.231;2.124;283.972;172.321
2024-08-12;106.536;2.104;286.034;172.985
2024-08-13;107.062;2.068;283.229;171.05
2024-08-14;107.125;2.063;282.331;170.655
2024-08-15;106.84;2.083;282.782;170.737
2024-08-16;106.645;2.096;283.085;171.314
2024-08-19;106.841;2.082;281.011;169.811
2024-08-20;106.698;2.092;284.948;172.492
2024-08-21;106.767;2.087;282.79;171.482
2024-08-22;106.268;2.121;282.131;171.265
2024-08-23;107.151;2.061;278.693;168.302
2024-08-26;107.181;2.059;280.786;169.103
2024-08-27;105.89;2.147;286.581;173.997
2024-08-28;106.193;2.126;285.929;173.373
2024-08-29;105.939;2.143;281.49;171.31
2024-08-30;105.237;2.192;283.922;173.5
2024-09-02;105.613;2.166;280.142;170.609
2024-09-03;105.953;2.142;284.092;172.697
2024-09-04;106.532;2.103;279.206;169.597
2024-09-05;106.667;2.093;279.179;169.602
2024-09-06;106.667;2.093;275.102;167.489
2024-09-09;106.552;2.101;282.056;171.759
2024-09-10;106.5;2.104;283.286;171.766
2024-09-11;106.409;2.111;279.168;169.602
2024-09-12;106.584;2.098;275.007;166.718
2024-09-13;107.608;2.029;267.503;160.937
2024-09-16;108.581;1.963;267.125;159.601
2024-09-17;108.783;1.95;265.334;158.019
2024-09-18;107.929;2.007;268.113;160.359
2024-09-19;107.713;2.021;260.066;156.375
2024-09-20;107.804;2.015;259.374;156.052
2024-09-23;108.471;1.97;258.545;154.929
2024-09-24;108.958;1.937;255.586;152.468
2024-09-25;108.801;1.948;259.367;154.853
2024-09-26;109.338;1.912;251.179;149.598
2024-09-27;109.348;1.911;254.172;151.786
2024-09-30;109.283;1.915;259.72;155.21
2024-10-01;110.325;1.846;262.285;155.872
2024-10-02;109.916;1.873;262.341;156.046
2024-10-03;109.489;1.901;264.068;157.17
2024-10-04;109.316;1.913;264.297;157.186
2024-10-07;108.86;1.943;266.116;158.437
2024-10-08;108.669;1.956;264.911;158.26
2024-10-09;108.271;1.982;268.124;160.409
2024-10-10;109.426;1.905;263.293;156.264
2024-10-11;109.352;1.91;269.022;159.479
2024-10-14;109.306;1.913;266.927;158.448
2024-10-15;109.667;1.889;263.866;156.899
2024-10-16;109.957;1.869;260.696;154.926
2024-10-17;109.85;1.876;259.004;154.034
2024-10-18;110.292;1.847;257.942;153.129
2024-10-21;108.388;1.973;268.807;161.099
2024-10-22;108.405;1.972;272.815;163.035
2024-10-23;108.731;1.95;267.653;160.023
2024-10-24;108.717;1.951;267.823;160.473
2024-10-25;108.015;1.998;271.805;163.663
2024-10-28;107.842;2.01;270.722;163.39
2024-10-29;106.972;2.069;278.243;168.745
2024-10-30;106.726;2.086;283.17;171.199
2024-10-31;107.179;2.055;288.663;173.861
2024-11-01;106.897;2.074;296.455;178.465
2024-11-04;107.382;2.041;293.811;176.322
2024-11-05;108.116;1.991;286.367;170.814
2024-11-06;107.185;2.054;303.726;182.21
2024-11-07;106.667;2.089;303.58;183.36
2024-11-08;107.505;2.032;302.882;182.108
2024-11-11;108.018;1.997;301.216;180.848
2024-11-12;107.655;2.021;300.868;181.092
2024-11-13;107.89;2.005;296.824;178.553
2024-11-14;108.733;1.948;292.245;175.697
2024-11-15;108.482;1.965;295.562;177.828
2024-11-18;108.43;1.968;297.261;178.883
2024-11-19;108.47;1.966;295.085;177.286
2024-11-20;107.832;2.009;294.932;178.117
2024-11-21;107.476;2.033;293.635;178.179
2024-11-22;108.223;1.982;290.399;175.238
2024-11-25;108.464;1.966;290.171;175.066
2024-11-26;108.523;1.961;286.554;173.108
2024-11-27;109.373;1.904;281.707;169.238
2024-11-28;110.161;1.851;277.457;165.812
2024-11-29;111.159;1.786;276.015;164.075
2024-12-02;110.76;1.812;280.346;167.243
2024-12-03;111.017;1.795;280.794;167.421
2024-12-04;111.506;1.762;278.423;165.667
2024-12-05;112.174;1.719;267.712;158.732
2024-12-06;112.123;1.722;267.23;158.569
2024-12-09;111.825;1.741;266.193;158.308
2024-12-10;111.831;1.741;266.166;158.228
2024-12-11;112.238;1.714;261.703;155.13
2024-12-12;110.361;1.837;272.992;163.093
2024-12-13;110.176;1.849;273.098;162.905
2024-12-16;109.602;1.887;277.805;166.399
2024-12-17;109.236;1.912;279.383;168.12
2024-12-18;109.232;1.912;277.348;166.863
2024-12-19;108.315;1.974;277.135;167.505
2024-12-20;108.42;1.966;276.758;167.437
2024-12-23;107.84;2.006;277.25;168.27
2024-12-24;107.84;2.005;276.685;168.393
2024-12-25;107.84;2.005;276.742;168.457
2024-12-27;107.486;2.03;271.468;164.938
2024-12-30;107.405;2.035;276.007;167.912
2024-12-31;107.405;2.035;275.468;168.076
2025-01-01;107.405;2.035;273.862;167.141
2025-01-02;107.478;2.03;273.912;166.314
2025-01-03;107.2;2.049;274.487;166.892
2025-01-06;107.867;2.003;270.253;163.15
2025-01-07;107.387;2.036;272.447;164.591
2025-01-08;106.886;2.07;272.386;165.299
2025-01-09;106.382;2.105;275.777;167.716
2025-01-10;106.057;2.128;279.128;169.826
2025-01-13;105.711;2.152;284.096;173.329
2025-01-14;105.611;2.159;277.058;169.135
2025-01-15;107.134;2.053;274.956;166.817
2025-01-16;107.426;2.032;271.183;163.923
2025-01-17;107.786;2.007;271.583;163.698
2025-01-20;107.893;2.0;269.475;162.385
2025-01-21;108.006;1.992;268.182;161.622
2025-01-22;107.734;2.011;267.077;161.5
2025-01-23;107.391;2.034;273.378;165.379
2025-01-24;107.308;2.04;273.292;165.279
2025-01-27;107.241;2.044;273.566;165.754
2025-01-28;107.112;2.053;272.934;165.301
2025-01-29;107.165;2.049;270.115;163.622
2025-01-30;107.837;2.003;272.098;164.056
2025-01-31;107.914;1.998;276.308;166.841
2025-02-03;108.701;1.944;280.188;168.451
2025-02-04;108.679;1.945;279.654;168.342
2025-02-05;109.219;1.908;276.169;165.922
2025-02-06;109.362;1.899;273.713;164.413
2025-02-07;108.919;1.928;278.435;167.646
2025-02-10;108.93;1.928;280.346;168.647
2025-02-11;107.883;1.999;281.908;170.519
2025-02-12;107.8;2.005;277.216;167.634
2025-02-13;108.348;1.967;270.905;163.517
2025-02-14;107.723;2.01;272.546;164.672
2025-02-17;107.313;2.038;271.743;164.462
2025-02-18;107.643;2.015;273.663;164.866
2025-02-19;106.726;2.079;279.036;168.724
2025-02-20;106.949;2.063;277.982;167.896
2025-02-21;107.37;2.034;277.127;167.093
2025-02-24;107.036;2.057;278.493;168.265
2025-02-25;107.123;2.051;279.141;168.693
2025-02-26;107.811;2.003;275.551;165.811
2025-02-27;107.697;2.011;277.84;167.501
2025-02-28;107.447;2.028;277.515;167.805
2025-03-03;106.842;2.07;281.241;170.258
2025-03-04;106.092;2.122;286.283;174.171
2025-03-05;104.807;2.213;290.323;176.143
2025-03-06;104.404;2.242;283.753;172.856
2025-03-07;103.516;2.306;283.315;173.698
2025-03-10;103.225;2.327;284.783;175.066
2025-03-11;103.652;2.296;280.856;171.665
2025-03-12;103.749;2.289;281.565;172.217
2025-03-13;102.852;2.354;283.799;174.875
2025-03-14;103.255;2.324;279.684;171.743
2025-03-17;104.399;2.242;275.454;167.564
2025-03-18;104.41;2.241;271.939;167.844
2025-03-19;104.703;2.22;274.867;169.133
2025-03-20;104.224;2.254;279.907;170.878
2025-03-21;104.248;2.252;274.321;167.742
2025-03-24;104.494;2.235;272.913;166.597
2025-03-25;104.175;2.258;271.742;166.264
2025-03-26;104.119;2.262;270.539;165.758
2025-03-27;104.006;2.27;271.364;166.786
2025-03-28;104.1;2.263;272.781;167.53
2025-03-31;104.34;2.245;276.211;169.121
2025-04-01;104.862;2.208;270.66;165.605
2025-04-02;104.429;2.239;272.58;167.203
2025-04-03;104.187;2.256;273.402;168.847
2025-04-04;103.822;2.283;273.801;170.23
2025-04-07;102.436;2.384;276.776;173.417
2025-04-08;102.962;2.345;277.274;173.05
2025-04-09;102.14;2.406;279.854;176.236
2025-04-10;103.398;2.313;279.603;174.035
2025-04-11;103.526;2.304;272.538;169.829
2025-04-14;105.298;2.176;265.879;164.038
2025-04-15;104.334;2.245;262.414;163.209
2025-04-16;104.477;2.235;261.78;162.571
2025-04-17;104.73;2.216;263.474;163.493
2025-04-18;104.73;2.216;261.973;162.858
2025-04-22;105.223;2.181;264.17;163.147
2025-04-23;105.055;2.193;265.302;164.179
2025-04-24;106.031;2.123;261.369;160.665
2025-04-25;105.797;2.14;265.976;163.378
2025-04-28;105.171;2.184;263.706;162.479
2025-04-29;105.057;2.192;264.597;163.305
2025-04-30;105.774;2.141;264.858;162.777
2025-05-02;105.224;2.18;262.774;161.713
2025-05-05;105.488;2.161;261.529;160.809
2025-05-06;105.366;2.17;261.22;160.572
2025-05-07;106.188;2.111;259.085;158.654
2025-05-08;105.644;2.15;256.191;157.333
2025-05-09;105.35;2.171;256.26;157.758
2025-05-12;105.202;2.181;254.925;156.277
2025-05-13;104.96;2.199;254.498;156.253
2025-05-14;105.03;2.194;252.555;154.753
2025-05-15;106.017;2.123;248.585;151.627
2025-05-16;106.398;2.096;246.692;150.127
2025-05-19;106.236;2.107;247.886;150.909
2025-05-20;106.074;2.119;243.638;148.247
2025-05-21;105.816;2.137;241.875;147.199
2025-05-22;105.481;2.161;240.973;146.954
2025-05-23;105.873;2.133;234.845;145.954
2025-05-26;106.136;2.114;234.737;145.539
2025-05-27;106.566;2.083;233.643;144.758
2025-05-28;106.562;2.084;230.992;143.085
2025-05-29;106.971;2.055;227.908;140.901
2025-05-30;106.988;2.053;228.036;140.985
2025-06-02;106.614;2.08;226.193;140.201
2025-06-03;106.461;2.09;225.688;140.091
2025-06-04;106.578;2.082;222.479;138.035
2025-06-05;106.622;2.079;220.278;136.431
2025-06-06;107.177;2.04;215.311;132.729
2025-06-09;107.414;2.023;213.937;131.644
2025-06-10;108.096;1.975;210.782;129.324
2025-06-11;107.85;1.992;212.151;130.242
2025-06-12;108.404;1.953;213.499;130.688
2025-06-13;107.569;2.011;219.132;134.415
2025-06-16;107.861;1.991;214.798;131.567
2025-06-17;107.622;2.008;219.896;134.656
2025-06-18;108.255;1.963;219.729;134.029
2025-06-19;107.348;2.027;228.085;139.577
2025-06-20;107.667;2.004;226.891;138.539
2025-06-23;107.861;1.99;227.842;138.908
2025-06-24;107.589;2.009;216.846;132.837
2025-06-25;107.449;2.019;217.056;132.974
2025-06-26;107.725;2.0;213.21;130.537
2025-06-27;107.852;1.991;211.129;128.931
2025-06-30;107.665;2.004;208.127;127.345
2025-07-01;108.096;1.973;210.806;128.517
2025-07-02;107.446;2.019;214.949;131.351
2025-07-03;107.914;1.986;212.345;129.668
2025-07-04;107.634;2.005;211.242;129.439
2025-07-07;107.149;2.039;214.445;131.592
2025-07-08;106.607;2.078;214.285;131.893
2025-07-09;106.756;2.067;214.738;132.024
2025-07-10;106.133;2.111;214.794;132.537
2025-07-11;106.088;2.114;213.034;131.596
2025-07-14;105.824;2.133;211.064;130.529
2025-07-15;106.227;2.104;210.815;130.013
2025-07-16;106.433;2.09;209.527;129.324
2025-07-17;106.363;2.094;211.839;130.809
2025-07-18;106.133;2.111;211.085;130.509
2025-07-21;107.407;2.02;207.98;127.715
2025-07-22;107.463;2.016;208.637;128.088
2025-07-23;107.107;2.041;205.095;126.228
2025-07-24;106.561;2.08;210.511;129.619
2025-07-25;106.747;2.067;209.613;128.859
2025-07-28;107.158;2.037;205.816;126.252
2025-07-29;107.093;2.042;203.696;125.033
2025-07-30;107.198;2.034;204.015;125.189
2025-07-31;107.645;2.002;202.551;123.838
2025-08-01;107.09;2.042;204.217;125.46
2025-08-04;108.063;1.973;202.447;123.777
2025-08-05;108.137;1.968;202.088;123.426
2025-08-06;107.915;1.983;203.396;124.226
2025-08-07;108.304;1.956;202.353;123.337
2025-08-08;107.688;1.999;201.788;123.368
2025-08-11;107.601;2.005;202.516;123.824
2025-08-12;106.965;2.05;201.672;123.825
2025-08-13;107.867;1.986;199.166;121.714
2025-08-14;107.27;2.028;198.895;121.997
2025-08-15;106.011;2.118;202.983;125.339
2025-08-18;106.346;2.094;202.558;124.881
2025-08-19;106.231;2.102;205.611;126.83
2025-08-20;106.248;2.101;208.091;128.393
2025-08-21;105.38;2.163;210.541;130.636
2025-08-22;106.042;2.115;210.044;129.899
2025-08-25;105.254;2.172;210.887;130.843
2025-08-26;105.621;2.145;212.147;131.406
2025-08-27;105.415;2.16;218.869;135.674
2025-08-28;105.844;2.129;214.085;132.389
2025-08-29;105.148;2.18;216.796;134.72
2025-09-01;105.054;2.186;215.375;133.84
2025-09-02;104.307;2.241;219.356;136.848
2025-09-03;104.997;2.19;217.34;135.031
2025-09-04;105.594;2.147;212.941;131.936
2025-09-05;106.193;2.103;208.448;128.861
2025-09-08;106.678;2.069;207.475;127.87
2025-09-09;106.643;2.071;207.653;128.015
2025-09-10;106.79;2.06;207.805;127.803
2025-09-11;107.084;2.039;206.479;126.784
2025-09-12;106.379;2.09;206.012;126.85
2025-09-15;107.015;2.044;202.871;124.524
2025-09-16;106.979;2.046;202.817;124.585
2025-09-17;107.25;2.027;204.655;125.509
2025-09-18;106.299;2.095;205.171;126.451
2025-09-19;106.196;2.102;204.853;126.391
2025-09-22;105.972;2.118;205.749;127.118
2025-09-23;106.16;2.105;205.269;126.602
2025-09-24;106.064;2.112;204.108;125.968
2025-09-25;105.861;2.126;206.387;127.346
2025-09-26;106.294;2.095;204.047;125.538
2025-09-29;106.82;2.057;204.375;125.421
2025-09-30;106.566;2.075;204.362;125.743
2025-10-01;106.649;2.069;203.116;125.007
2025-10-02;106.698;2.065;202.417;124.616
2025-10-03;106.961;2.046;199.998;122.877
2025-10-06;106.7;2.065;198.878;122.353
2025-10-07;106.672;2.067;199.689;122.844
2025-10-08;107.611;2.0;195.264;119.535
2025-10-09;107.489;2.008;195.161;119.458
2025-10-10;107.842;1.983;193.922;118.649
2025-10-13;108.167;1.96;192.282;117.411
2025-10-14;108.636;1.927;189.76;115.609
2025-10-15;108.909;1.907;188.68;114.871
2025-10-16;109.012;1.9;186.656;113.666
2025-10-17;108.523;1.934;188.666;115.299
2025-10-20;108.84;1.912;186.673;113.854
2025-10-21;109.395;1.873;186.904;113.494
2025-10-22;109.386;1.873;186.128;113.021
2025-10-23;109.057;1.896;186.648;113.533
2025-10-24;108.557;1.931;186.987;114.049
2025-10-27;108.856;1.91;187.466;113.997
2025-10-28;108.908;1.906;184.138;112.045
2025-10-29;109.195;1.886;181.689;110.322
2025-10-30;109.179;1.887;179.174;108.795
2025-10-31;109.289;1.879;177.177;107.572
2025-11-03;109.187;1.886;175.456;106.441
2025-11-04;109.262;1.881;175.069;106.25
2025-11-05;109.059;1.895;174.934;106.271
2025-11-06;109.028;1.897;177.391;107.845
2025-11-07;108.718;1.918;174.547;106.395
2025-11-10;109.066;1.894;172.394;104.812
2025-11-11;109.258;1.88;171.184;103.954
2025-11-12;109.829;1.84;166.951;100.997
2025-11-13;109.284;1.878;164.101;99.655
2025-11-14;108.598;1.926;167.37;101.964
2025-11-17;109.074;1.892;162.934;98.966
2025-11-18;108.878;1.906;164.144;99.808
2025-11-19;108.784;1.913;161.51;98.362
2025-11-20;108.206;1.953;165.078;101.03
2025-11-21;108.049;1.965;167.364;102.616
2025-11-24;108.359;1.942;164.984;100.962
2025-11-25;108.942;1.901;159.68;97.438
2025-11-26;109.064;1.892;158.318;96.542
2025-11-27;108.976;1.898;159.536;97.323
2025-11-28;109.038;1.894;156.36;95.431
2025-12-01;108.187;1.954;157.441;96.449
2025-12-02;108.274;1.948;157.094;96.291
2025-12-03;108.491;1.932;154.432;94.549
2025-12-04;108.405;1.938;155.676;95.259
2025-12-05;108.334;1.943;153.17;93.696
2025-12-08;107.813;1.98;152.915;93.496
2025-12-09;107.905;1.974;150.276;91.845
2025-12-10;107.974;1.968;151.772;92.725
2025-12-11;108.158;1.955;148.715;90.803
2025-12-12;107.784;1.982;148.217;90.732
2025-12-15;107.919;1.972;144.98;88.677
2025-12-16;108.044;1.963;141.438;86.533
2025-12-17;107.486;2.003;142.694;87.686
2025-12-18;107.656;1.99;141.937;87.255
2025-12-19;106.946;2.042;142.886;88.22
2025-12-22;106.927;2.043;143.033;88.291
2025-12-23;107.355;2.012;140.499;86.597
2025-12-24;107.355;2.012;140.495;86.585
2025-12-25;107.355;2.012;140.074;86.344
2025-12-29;107.863;1.975;136.731;84.04
2025-12-30;107.368;2.01;139.313;85.896
2025-12-31;107.368;2.01;141.545;87.3
2026-01-01;107.368;2.01;139.032;85.835
2026-01-02;106.446;2.077;145.147;89.949
2026-01-05;107.218;2.021;145.269;89.571
2026-01-06;107.707;1.985;143.467;88.245
2026-01-07;107.995;1.965;145.24;89.199
2026-01-08;108.211;1.949;142.789;87.617
2026-01-09;108.65;1.917;143.506;87.672
2026-01-12;108.849;1.903;145.75;88.847
2026-01-13;108.747;1.91;147.586;90.047
2026-01-14;109.235;1.875;147.595;89.676
2026-01-15;109.726;1.84;146.158;88.523
2026-01-16;109.782;1.836;146.884;88.795
2026-01-19;109.499;1.856;147.174;89.103
2026-01-20;109.151;1.881;149.406;90.632
2026-01-21;108.738;1.91;148.108;90.061
2026-01-22;108.856;1.901;144.779;88.092
2026-01-23;108.922;1.897;142.152;86.469
2026-01-26;109.457;1.859;141.696;85.949
2026-01-27;109.77;1.836;141.154;85.379
2026-01-28;109.685;1.842;143.635;86.968
2026-01-29;110.004;1.819;144.772;87.505
2026-01-30;110.022;1.818;145.824;88.111
2026-02-02;109.639;1.845;144.104;87.256
2026-02-03;109.287;1.87;143.937;87.338
2026-02-04;109.56;1.85;144.825;87.775
2026-02-05;109.334;1.866;148.219;89.95
2026-02-06;109.268;1.871;147.544;89.675
2026-02-09;109.232;1.873;147.398;89.678
2026-02-10;109.484;1.855;146.533;89.027
