;px_last;yld_ytm_mid;asset_swap_spd_mid;z_sprd_mid
2002-03-08;100.912;5.767;;
2002-03-11;100.889;5.769;;
2002-03-12;100.845;5.772;;
2002-03-13;100.682;5.783;;
2002-03-14;100.25;5.814;;
2002-03-15;100.405;5.803;;
2002-03-18;100.702;5.782;;
2002-03-19;100.738;5.779;;
2002-03-20;100.385;5.804;;
2002-03-21;100.298;5.81;;
2002-03-22;100.066;5.827;;
2002-03-25;99.675;5.855;;
2002-03-26;100.202;5.817;;
2002-03-27;100.169;5.82;;
2002-03-28;99.77;5.848;;
2002-03-29;99.729;5.851;;
2002-04-01;99.844;5.843;;
2002-04-02;99.387;5.876;;
2002-04-03;100.166;5.82;;
2002-04-04;100.837;5.772;;
2002-04-05;100.972;5.762;;
2002-04-08;100.213;5.816;;
2002-04-09;100.169;5.819;;
2002-04-10;100.067;5.827;;
2002-04-11;100.665;5.784;;
2002-04-12;100.746;5.778;;
2002-04-15;101.014;5.759;;
2002-04-16;100.17;5.819;;
2002-04-17;99.893;5.839;;
2002-04-18;99.701;5.853;;
2002-04-19;99.807;5.845;;
2002-04-22;100.346;5.807;;
2002-04-23;99.904;5.838;;
2002-04-24;100.456;5.799;;
2002-04-25;100.901;5.767;;
2002-04-26;101.323;5.738;;
2002-04-29;100.759;5.777;;
2002-04-30;101.014;5.759;;
2002-05-01;100.966;5.763;;
2002-05-02;100.573;5.791;;
2002-05-03;101.421;5.731;;
2002-05-06;101.374;5.734;;
2002-05-07;101.419;5.731;;
2002-05-08;100.605;5.788;;
2002-05-09;100.233;5.815;;
2002-05-10;100.173;5.819;;
2002-05-13;100.345;5.807;;
2002-05-14;99.764;5.849;;
2002-05-15;100.213;5.816;;
2002-05-16;100.409;5.802;;
2002-05-17;100.12;5.823;;
2002-05-20;100.755;5.778;;
2002-05-21;101.08;5.755;;
2002-05-22;101.061;5.756;;
2002-05-23;101.292;5.74;;
2002-05-24;101.258;5.742;;
2002-05-27;100.918;5.766;;
2002-05-28;101.305;5.739;;
2002-05-29;101.35;5.736;;
2002-05-30;101.408;5.732;;
2002-05-31;101.088;5.754;;
2002-06-03;101.103;5.753;;
2002-06-04;101.542;5.722;;
2002-06-05;101.632;5.716;;
2002-06-06;101.504;5.725;;
2002-06-07;101.301;5.739;;
2002-06-10;101.675;5.713;;
2002-06-11;101.53;5.723;;
2002-06-12;101.943;5.694;;
2002-06-13;102.867;5.63;;
2002-06-14;103.345;5.598;;
2002-06-17;102.969;5.623;;
2002-06-18;103.619;5.579;;
2002-06-19;104.178;5.541;;
2002-06-20;104.068;5.549;;
2002-06-21;104.282;5.534;;
2002-06-24;105.191;5.474;;
2002-06-25;104.409;5.526;;
2002-06-26;105.782;5.434;;
2002-06-27;105.148;5.476;;
2002-06-28;104.493;5.52;;
2002-07-01;103.788;5.568;;
2002-07-02;104.404;5.526;;
2002-07-03;104.361;5.529;;
2002-07-04;103.833;5.565;;
2002-07-05;103.103;5.614;;
2002-07-08;103.315;5.6;;
2002-07-09;103.337;5.598;;
2002-07-10;104.287;5.534;;
2002-07-11;105.158;5.476;;
2002-07-12;105.466;5.455;;
2002-07-15;106.117;5.412;;
2002-07-16;105.293;5.467;;
2002-07-17;104.706;5.506;;
2002-07-18;104.898;5.493;;
2002-07-19;105.424;5.458;;
2002-07-22;106.004;5.42;;
2002-07-23;106.297;5.401;;
2002-07-24;107.138;5.346;;
2002-07-25;106.671;5.376;;
2002-07-26;106.584;5.382;;
2002-07-29;105.096;5.48;;
2002-07-30;104.997;5.486;;
2002-07-31;105.871;5.428;;
2002-08-01;106.694;5.375;;
2002-08-02;107.399;5.329;;
2002-08-05;108.361;5.267;;
2002-08-06;107.461;5.325;;
2002-08-07;108.33;5.269;;
2002-08-08;107.621;5.314;;
2002-08-09;108.179;5.279;;
2002-08-12;108.666;5.248;;
2002-08-13;109.147;5.218;;
2002-08-14;110.357;5.142;;
2002-08-15;108.384;5.266;;
2002-08-16;108.729;5.244;;
2002-08-19;108.173;5.279;;
2002-08-20;108.769;5.241;;
2002-08-21;107.726;5.307;;
2002-08-22;107.066;5.35;;
2002-08-23;107.504;5.322;;
2002-08-26;107.595;5.316;;
2002-08-27;107.47;5.324;;
2002-08-28;108.492;5.258;;
2002-08-29;108.586;5.252;;
2002-08-30;108.363;5.266;;
2002-09-02;109.094;5.22;;
2002-09-03;109.993;5.164;;
2002-09-04;109.917;5.169;;
2002-09-05;109.859;5.172;;
2002-09-06;109.752;5.179;;
2002-09-09;109.881;5.171;;
2002-09-10;109.304;5.207;;
2002-09-11;108.615;5.25;;
2002-09-12;109.3;5.207;;
2002-09-13;109.804;5.175;;
2002-09-16;110.786;5.115;;
2002-09-17;110.634;5.124;;
2002-09-18;111.181;5.09;;
2002-09-19;111.459;5.073;;
2002-09-20;110.476;5.134;;
2002-09-23;110.908;5.107;;
2002-09-24;111.1;5.095;;
2002-09-25;110.192;5.151;;
2002-09-26;109.939;5.167;;
2002-09-27;109.956;5.166;;
2002-09-30;110.276;5.146;;
2002-10-01;109.992;5.163;;
2002-10-02;108.971;5.227;;
2002-10-03;108.693;5.245;;
2002-10-04;109.49;5.194;;
2002-10-07;109.936;5.167;;
2002-10-08;110.49;5.132;;
2002-10-09;110.394;5.138;;
2002-10-10;109.586;5.188;;
2002-10-11;108.846;5.235;;
2002-10-14;108.105;5.282;;
2002-10-15;106.883;5.361;;
2002-10-16;106.828;5.364;;
2002-10-17;107.042;5.35;;
2002-10-18;106.553;5.382;;
2002-10-21;106.299;5.399;;
2002-10-22;105.736;5.436;;
2002-10-23;106.433;5.39;;
2002-10-24;105.618;5.443;;
2002-10-25;106.185;5.406;;
2002-10-28;106.645;5.376;;
2002-10-29;107.15;5.343;;
2002-10-30;106.391;5.392;;
2002-10-31;106.96;5.355;;
2002-11-01;106.242;5.402;;
2002-11-04;106.273;5.4;;
2002-11-05;105.714;5.437;;
2002-11-06;105.679;5.439;;
2002-11-07;107.029;5.351;;
2002-11-08;107.889;5.295;;
2002-11-11;107.856;5.297;;
2002-11-12;108.359;5.265;;
2002-11-13;108.192;5.276;;
2002-11-14;107.262;5.335;;
2002-11-15;107.647;5.311;;
2002-11-18;107.554;5.317;;
2002-11-19;107.913;5.293;;
2002-11-20;108.24;5.272;;
2002-11-21;107.272;5.335;;
2002-11-22;107.258;5.336;;
2002-11-25;107.336;5.331;;
2002-11-26;108.303;5.268;;
2002-11-27;107.405;5.326;;
2002-11-28;107.59;5.314;;
2002-11-29;108.163;5.277;;
2002-12-02;107.736;5.305;;
2002-12-03;108.171;5.277;;
2002-12-04;108.198;5.275;;
2002-12-05;108.904;5.23;;
2002-12-06;109.262;5.207;;
2002-12-09;109.358;5.201;;
2002-12-10;109.302;5.205;;
2002-12-11;109.617;5.185;;
2002-12-12;110.639;5.121;;
2002-12-13;110.117;5.154;;
2002-12-16;109.604;5.186;;
2002-12-17;109.994;5.161;;
2002-12-18;110.578;5.125;;
2002-12-19;110.53;5.128;;
2002-12-20;110.566;5.126;;
2002-12-23;110.796;5.112;;
2002-12-24;110.755;5.114;;
2002-12-25;110.757;5.114;;
2002-12-26;110.757;5.114;;
2002-12-27;112.06;5.034;;
2002-12-30;111.808;5.049;;
2002-12-31;111.927;5.042;;
2003-01-01;111.916;5.043;;
2003-01-02;109.981;5.162;;
2003-01-03;109.597;5.186;;
2003-01-06;109.363;5.201;;
2003-01-07;110.01;5.16;;
2003-01-08;111.101;5.092;;
2003-01-09;110.84;5.109;;
2003-01-10;111.234;5.084;;
2003-01-13;111.054;5.095;;
2003-01-14;111.636;5.06;;
2003-01-15;111.403;5.074;;
2003-01-16;111.015;5.098;;
2003-01-17;111.838;5.047;;
2003-01-20;112.31;5.019;;
2003-01-21;112.885;4.984;;
2003-01-22;113.133;4.969;;
2003-01-23;114.131;4.91;;
2003-01-24;115.164;4.849;;
2003-01-27;114.996;4.859;;
2003-01-28;114.462;4.89;;
2003-01-29;114.524;4.886;;
2003-01-30;113.667;4.937;;
2003-01-31;113.651;4.938;;
2003-02-03;113.476;4.948;;
2003-02-04;114.091;4.912;;
2003-02-05;113.896;4.923;;
2003-02-06;113.559;4.943;;
2003-02-07;113.801;4.929;;
2003-02-10;113.477;4.948;;
2003-02-11;113.567;4.942;;
2003-02-12;113.788;4.929;;
2003-02-13;114.133;4.909;;
2003-02-14;113.474;4.948;;
2003-02-17;113.583;4.941;;
2003-02-18;113.529;4.944;;
2003-02-19;114.549;4.884;;
2003-02-20;114.378;4.894;;
2003-02-21;114.132;4.908;;
2003-02-24;114.386;4.893;;
2003-02-25;113.931;4.92;;
2003-02-26;114.064;4.912;;
2003-02-27;113.382;4.953;;
2003-02-28;113.936;4.92;;
2003-03-03;114.146;4.907;;
2003-03-04;113.911;4.921;;
2003-03-05;114.401;4.892;;
2003-03-06;114.583;4.881;;
2003-03-07;115.441;4.831;;
2003-03-10;115.75;4.813;;
2003-03-11;115.61;4.821;;
2003-03-12;115.514;4.827;;
2003-03-13;113.358;4.954;;
2003-03-14;112.785;4.988;;
2003-03-17;110.723;5.114;;
2003-03-18;111.505;5.066;;
2003-03-19;110.089;5.153;;
2003-03-20;110.588;5.122;;
2003-03-21;109.639;5.181;;
2003-03-24;110.712;5.114;;
2003-03-25;110.16;5.149;;
2003-03-26;110.036;5.156;;
2003-03-27;110.186;5.147;;
2003-03-28;110.93;5.101;;
2003-03-31;112.164;5.025;;
2003-04-01;112.183;5.024;;
2003-04-02;110.973;5.098;;
2003-04-03;110.645;5.118;;
2003-04-04;110.86;5.105;;
2003-04-07;110.355;5.136;;
2003-04-08;110.673;5.116;;
2003-04-09;111.244;5.081;;
2003-04-10;111.757;5.049;;
2003-04-11;110.918;5.101;;
2003-04-14;110.856;5.105;;
2003-04-15;111.057;5.092;;
2003-04-16;112.06;5.031;;
2003-04-17;112.06;5.031;;
2003-04-18;111.354;5.074;;
2003-04-21;111.327;5.075;;
2003-04-22;111.896;5.041;;
2003-04-23;111.264;5.079;;
2003-04-24;111.953;5.037;;
2003-04-25;111.84;5.044;;
2003-04-28;111.417;5.07;;
2003-04-29;111.213;5.082;;
2003-04-30;111.941;5.038;;
2003-05-01;112.109;5.027;;
2003-05-02;111.45;5.068;;
2003-05-05;112.02;5.033;;
2003-05-06;111.966;5.036;;
2003-05-07;113.161;4.964;;
2003-05-08;113.456;4.946;;
2003-05-09;113.479;4.944;;
2003-05-12;113.015;4.972;;
2003-05-13;113.221;4.96;;
2003-05-14;113.415;4.948;;
2003-05-15;114.6;4.878;;
2003-05-16;115.479;4.826;;
2003-05-19;116.843;4.747;;
2003-05-20;116.89;4.745;;
2003-05-21;117.491;4.71;;
2003-05-22;117.395;4.716;;
2003-05-23;118.668;4.644;;
2003-05-26;119.146;4.617;;
2003-05-27;118.547;4.65;;
2003-05-28;116.413;4.772;;
2003-05-29;117.152;4.729;;
2003-05-30;116.578;4.762;;
2003-06-02;115.874;4.803;;
2003-06-03;117.348;4.718;;
2003-06-04;117.293;4.721;;
2003-06-05;117.971;4.682;;
2003-06-06;116.868;4.745;;
2003-06-09;118.204;4.669;;
2003-06-10;118.83;4.634;;
2003-06-11;118.518;4.651;;
2003-06-12;118.532;4.651;;
2003-06-13;120.142;4.561;;
2003-06-16;119.698;4.586;;
2003-06-17;118.08;4.676;;
2003-06-18;117.085;4.732;;
2003-06-19;117.326;4.718;;
2003-06-20;116.19;4.784;;
2003-06-23;116.678;4.755;;
2003-06-24;116.432;4.77;;
2003-06-25;117.378;4.715;;
2003-06-26;114.883;4.86;;
2003-06-27;113.927;4.916;;
2003-06-30;114.846;4.862;;
2003-07-01;114.472;4.884;;
2003-07-02;113.915;4.917;;
2003-07-03;113.142;4.963;;
2003-07-04;113.517;4.94;;
2003-07-07;112.333;5.012;;
2003-07-08;112.607;4.995;;
2003-07-09;112.732;4.988;;
2003-07-10;113.332;4.951;;
2003-07-11;113.387;4.948;;
2003-07-14;113.515;4.94;;
2003-07-15;111.507;5.062;;
2003-07-16;111.361;5.071;;
2003-07-17;111.308;5.075;;
2003-07-18;111.219;5.08;;
2003-07-21;110.683;5.113;;
2003-07-22;110.961;5.096;;
2003-07-23;111.803;5.044;;
2003-07-24;111.076;5.089;;
2003-07-25;112.0;5.032;;
2003-07-28;110.219;5.142;;
2003-07-29;110.166;5.145;;
2003-07-30;110.342;5.134;;
2003-07-31;109.359;5.196;;
2003-08-01;110.036;5.153;;
2003-08-04;111.013;5.092;;
2003-08-05;110.265;5.139;;
2003-08-06;110.807;5.105;;
2003-08-07;111.498;5.062;;
2003-08-08;112.78;4.984;;
2003-08-11;111.706;5.049;;
2003-08-12;112.171;5.021;;
2003-08-13;110.618;5.117;;
2003-08-14;110.377;5.132;;
2003-08-15;111.375;5.069;;
2003-08-18;111.383;5.069;;
2003-08-19;111.845;5.04;;
2003-08-20;111.203;5.08;;
2003-08-21;111.368;5.07;;
2003-08-22;111.688;5.05;;
2003-08-25;111.505;5.061;;
2003-08-26;111.652;5.052;;
2003-08-27;110.691;5.112;;
2003-08-28;111.155;5.083;;
2003-08-29;110.908;5.098;;
2003-09-01;110.483;5.124;;
2003-09-02;108.727;5.236;;
2003-09-03;108.853;5.227;;
2003-09-04;109.04;5.215;;
2003-09-05;109.403;5.192;;
2003-09-08;109.916;5.16;;
2003-09-09;109.151;5.208;;
2003-09-10;109.849;5.164;;
2003-09-11;109.498;5.186;;
2003-09-12;111.022;5.09;;
2003-09-15;110.767;5.106;;
2003-09-16;110.198;5.142;;
2003-09-17;110.295;5.136;;
2003-09-18;110.221;5.14;;
2003-09-19;110.985;5.092;;
2003-09-22;111.305;5.073;;
2003-09-23;111.311;5.072;;
2003-09-24;110.857;5.1;;
2003-09-25;111.05;5.088;;
2003-09-26;111.634;5.052;;
2003-09-29;111.575;5.056;;
2003-09-30;112.12;5.022;;
2003-10-01;111.998;5.029;;
2003-10-02;110.692;5.11;;
2003-10-03;109.987;5.154;;
2003-10-06;110.719;5.109;;
2003-10-07;110.024;5.152;;
2003-10-08;110.272;5.136;;
2003-10-09;109.562;5.181;;
2003-10-10;110.193;5.141;;
2003-10-13;109.376;5.193;;
2003-10-14;109.506;5.185;;
2003-10-15;108.861;5.226;;
2003-10-16;109.442;5.189;;
2003-10-17;109.637;5.176;;
2003-10-20;109.852;5.163;;
2003-10-21;110.109;5.146;;
2003-10-22;110.295;5.135;;
2003-10-23;109.591;5.179;;
2003-10-24;109.933;5.157;;
2003-10-27;109.558;5.181;;
2003-10-28;109.453;5.188;;
2003-10-29;109.135;5.208;;
2003-10-30;108.901;5.223;;
2003-10-31;109.616;5.177;;
2003-11-03;108.803;5.229;;
2003-11-04;109.482;5.186;;
2003-11-05;109.47;5.186;;
2003-11-06;108.419;5.254;;
2003-11-07;108.189;5.268;;
2003-11-10;108.246;5.265;;
2003-11-11;108.096;5.274;;
2003-11-12;108.044;5.278;;
2003-11-13;108.541;5.246;;
2003-11-14;109.207;5.203;;
2003-11-17;109.249;5.2;;
2003-11-18;109.54;5.182;;
2003-11-19;108.71;5.235;;
2003-11-20;108.888;5.223;;
2003-11-21;109.526;5.182;;
2003-11-24;108.492;5.249;;
2003-11-25;108.411;5.254;;
2003-11-26;108.605;5.241;;
2003-11-27;108.397;5.255;;
2003-11-28;108.411;5.254;;
2003-12-01;108.041;5.278;;
2003-12-02;108.078;5.275;;
2003-12-03;108.11;5.273;;
2003-12-04;107.989;5.281;;
2003-12-05;109.312;5.196;;
2003-12-08;108.836;5.226;;
2003-12-09;108.409;5.254;;
2003-12-10;108.795;5.229;;
2003-12-11;108.534;5.246;;
2003-12-12;109.29;5.197;;
2003-12-15;109.194;5.203;;
2003-12-16;109.617;5.176;;
2003-12-17;110.241;5.137;;
2003-12-18;110.296;5.133;;
2003-12-19;110.054;5.148;;
2003-12-22;110.378;5.128;;
2003-12-23;110.513;5.119;;
2003-12-24;110.507;5.12;;
2003-12-25;110.51;5.12;;
2003-12-26;110.509;5.12;;
2003-12-29;110.177;5.14;;
2003-12-30;109.741;5.168;;
2003-12-31;109.771;5.166;;
2004-01-01;109.769;5.166;;
2004-01-02;109.078;5.21;;
2004-01-05;109.074;5.211;;
2004-01-06;109.858;5.161;;
2004-01-07;109.789;5.165;;
2004-01-08;110.001;5.151;;
2004-01-09;110.835;5.099;;
2004-01-12;111.064;5.085;;
2004-01-13;110.954;5.091;;
2004-01-14;111.284;5.071;;
2004-01-15;110.899;5.095;;
2004-01-16;110.603;5.113;;
2004-01-19;110.367;5.128;;
2004-01-20;110.83;5.099;;
2004-01-21;110.761;5.103;;
2004-01-22;111.056;5.085;;
2004-01-23;111.543;5.055;;
2004-01-26;110.54;5.117;;
2004-01-27;110.701;5.107;;
2004-01-28;110.752;5.104;;
2004-01-29;109.359;5.192;;
2004-01-30;110.031;5.149;;
2004-02-02;110.087;5.146;;
2004-02-03;110.33;5.13;;
2004-02-04;110.428;5.124;;
2004-02-05;110.601;5.113;;
2004-02-06;111.039;5.085;;
2004-02-09;111.085;5.083;;
2004-02-10;110.999;5.088;;
2004-02-11;111.327;5.067;;
2004-02-12;111.062;5.084;;
2004-02-13;111.389;5.063;;
2004-02-16;111.289;5.07;;
2004-02-17;111.631;5.048;;
2004-02-18;111.298;5.069;;
2004-02-19;110.618;5.111;;
2004-02-20;110.627;5.111;;
2004-02-23;110.745;5.103;;
2004-02-24;111.198;5.075;;
2004-02-25;111.081;5.082;;
2004-02-26;111.116;5.08;;
2004-02-27;111.633;5.048;;
2004-03-01;111.631;5.048;;
2004-03-02;111.462;5.058;;
2004-03-03;110.992;5.087;;
2004-03-04;111.428;5.06;;
2004-03-05;112.602;4.988;;
2004-03-08;113.36;4.941;;
2004-03-09;113.808;4.914;;
2004-03-10;113.733;4.919;;
2004-03-11;113.954;4.905;;
2004-03-12;113.951;4.905;;
2004-03-15;114.022;4.901;;
2004-03-16;113.406;4.938;;
2004-03-17;113.71;4.92;;
2004-03-18;113.941;4.906;;
2004-03-19;113.821;4.913;;
2004-03-22;114.11;4.896;;
2004-03-23;113.912;4.907;;
2004-03-24;114.102;4.896;;
2004-03-25;114.044;4.899;;
2004-03-26;113.526;4.93;;
2004-03-29;112.503;4.993;;
2004-03-30;112.713;4.98;;
2004-03-31;112.878;4.97;;
2004-04-01;112.853;4.971;;
2004-04-02;111.698;5.042;;
2004-04-05;111.301;5.067;;
2004-04-06;111.402;5.06;;
2004-04-07;111.731;5.04;;
2004-04-08;111.586;5.049;;
2004-04-09;111.588;5.049;;
2004-04-12;111.605;5.048;;
2004-04-13;110.579;5.112;;
2004-04-14;110.4;5.123;;
2004-04-15;110.721;5.103;;
2004-04-16;111.377;5.062;;
2004-04-19;111.209;5.072;;
2004-04-20;110.812;5.097;;
2004-04-21;110.631;5.108;;
2004-04-22;110.643;5.108;;
2004-04-23;110.447;5.12;;
2004-04-26;110.557;5.113;;
2004-04-27;110.643;5.108;;
2004-04-28;110.46;5.119;;
2004-04-29;110.293;5.13;;
2004-04-30;110.519;5.115;;
2004-05-03;110.874;5.093;;
2004-05-04;110.638;5.108;;
2004-05-05;110.387;5.123;;
2004-05-06;109.753;5.164;;
2004-05-07;108.858;5.221;;
2004-05-10;109.123;5.204;;
2004-05-11;108.989;5.213;;
2004-05-12;108.526;5.242;;
2004-05-13;108.274;5.259;;
2004-05-14;108.922;5.217;;
2004-05-17;109.285;5.193;;
2004-05-18;108.947;5.215;;
2004-05-19;108.292;5.258;;
2004-05-20;108.545;5.241;;
2004-05-21;108.621;5.236;;
2004-05-24;108.513;5.243;;
2004-05-25;108.775;5.226;;
2004-05-26;109.124;5.204;;
2004-05-27;109.527;5.178;;
2004-05-28;108.997;5.212;;
2004-05-31;108.332;5.255;;
2004-06-01;108.558;5.24;;
2004-06-02;108.394;5.251;;
2004-06-03;108.502;5.244;;
2004-06-04;108.489;5.244;;
2004-06-07;108.745;5.228;;
2004-06-08;108.955;5.214;;
2004-06-09;108.55;5.24;;
2004-06-10;108.774;5.226;;
2004-06-11;108.566;5.239;;
2004-06-14;108.796;5.224;;
2004-06-15;110.056;5.143;;
2004-06-16;109.437;5.183;;
2004-06-17;109.444;5.183;;
2004-06-18;109.815;5.159;;
2004-06-21;109.978;5.148;;
2004-06-22;109.533;5.177;;
2004-06-23;109.446;5.182;;
2004-06-24;110.141;5.138;;
2004-06-25;109.88;5.154;;
2004-06-28;109.277;5.193;;
2004-06-29;109.495;5.179;;
2004-06-30;110.191;5.135;;
2004-07-01;110.139;5.138;;
2004-07-02;110.721;5.101;;
2004-07-05;110.749;5.099;;
2004-07-06;110.67;5.104;;
2004-07-07;110.793;5.096;;
2004-07-08;110.88;5.091;;
2004-07-09;110.862;5.092;;
2004-07-12;111.069;5.079;;
2004-07-13;110.439;5.119;;
2004-07-14;110.594;5.109;;
2004-07-15;110.546;5.112;;
2004-07-16;111.142;5.074;;
2004-07-19;111.09;5.077;;
2004-07-20;110.935;5.087;;
2004-07-21;110.292;5.128;;
2004-07-22;110.887;5.09;;
2004-07-23;111.169;5.072;;
2004-07-26;110.876;5.091;;
2004-07-27;110.664;5.104;;
2004-07-28;110.577;5.11;;
2004-07-29;110.833;5.093;;
2004-07-30;111.584;5.046;;
2004-08-02;111.754;5.035;;
2004-08-03;111.902;5.026;;
2004-08-04;112.146;5.011;;
2004-08-05;112.5;4.989;;
2004-08-06;113.386;4.935;;
2004-08-09;113.218;4.945;;
2004-08-10;113.334;4.938;;
2004-08-11;112.941;4.962;;
2004-08-12;113.222;4.944;;
2004-08-13;113.448;4.93;;
2004-08-16;112.844;4.967;;
2004-08-17;113.158;4.948;;
2004-08-18;112.897;4.964;;
2004-08-19;113.072;4.953;;
2004-08-20;113.17;4.947;;
2004-08-23;112.434;4.992;;
2004-08-24;112.613;4.981;;
2004-08-25;113.15;4.948;;
2004-08-26;113.401;4.933;;
2004-08-27;113.253;4.942;;
2004-08-30;113.424;4.931;;
2004-08-31;113.921;4.901;;
2004-09-01;113.581;4.921;;
2004-09-02;113.168;4.947;;
2004-09-03;112.308;5.0;;
2004-09-06;112.517;4.987;;
2004-09-07;112.65;4.978;;
2004-09-08;113.039;4.954;;
2004-09-09;113.647;4.917;;
2004-09-10;113.79;4.908;;
2004-09-13;113.696;4.914;;
2004-09-14;113.887;4.902;;
2004-09-15;113.889;4.902;;
2004-09-16;114.081;4.89;;
2004-09-17;114.359;4.874;;
2004-09-20;114.65;4.856;;
2004-09-21;114.617;4.858;;
2004-09-22;115.493;4.805;;
2004-09-23;115.827;4.786;;
2004-09-24;115.495;4.805;;
2004-09-27;115.937;4.779;;
2004-09-28;115.765;4.789;;
2004-09-29;114.991;4.835;;
2004-09-30;114.769;4.848;;
2004-10-01;114.348;4.874;;
2004-10-04;114.336;4.874;;
2004-10-05;114.902;4.84;;
2004-10-06;115.056;4.831;;
2004-10-07;114.688;4.853;;
2004-10-08;115.531;4.802;;
2004-10-11;115.227;4.821;;
2004-10-12;115.831;4.785;;
2004-10-13;115.898;4.78;;
2004-10-14;116.208;4.762;;
2004-10-15;116.04;4.772;;
2004-10-18;115.983;4.775;;
2004-10-19;115.61;4.797;;
2004-10-20;116.328;4.755;;
2004-10-21;116.384;4.751;;
2004-10-22;116.468;4.746;;
2004-10-25;116.804;4.727;;
2004-10-26;116.648;4.736;;
2004-10-27;116.737;4.73;;
2004-10-28;116.252;4.759;;
2004-10-29;116.333;4.754;;
2004-11-01;116.363;4.752;;
2004-11-02;115.959;4.776;;
2004-11-03;116.158;4.764;;
2004-11-04;116.959;4.717;;
2004-11-05;116.159;4.764;;
2004-11-08;116.475;4.745;;
2004-11-09;117.072;4.71;;
2004-11-10;117.162;4.705;;
2004-11-11;117.815;4.667;;
2004-11-12;118.62;4.62;;
2004-11-15;118.619;4.62;;
2004-11-16;119.114;4.592;;
2004-11-17;118.781;4.611;;
2004-11-18;118.007;4.655;;
2004-11-19;118.502;4.627;;
2004-11-22;118.848;4.607;;
2004-11-23;119.154;4.59;;
2004-11-24;119.15;4.59;;
2004-11-25;119.576;4.565;;
2004-11-26;119.84;4.55;;
2004-11-29;119.024;4.597;;
2004-11-30;119.322;4.58;;
2004-12-01;119.62;4.563;;
2004-12-02;118.93;4.602;;
2004-12-03;120.061;4.538;;
2004-12-06;120.745;4.499;;
2004-12-07;120.985;4.486;;
2004-12-08;121.661;4.448;;
2004-12-09;122.257;4.415;;
2004-12-10;122.695;4.391;;
2004-12-13;123.063;4.371;;
2004-12-14;123.056;4.371;;
2004-12-15;124.328;4.303;;
2004-12-16;124.079;4.316;;
2004-12-17;123.437;4.35;;
2004-12-20;123.701;4.336;;
2004-12-21;123.187;4.364;;
2004-12-22;123.035;4.372;;
2004-12-23;123.263;4.359;;
2004-12-24;123.182;4.364;;
2004-12-27;122.808;4.384;;
2004-12-28;121.755;4.442;;
2004-12-29;120.934;4.487;;
2004-12-30;121.641;4.448;;
2004-12-31;121.636;4.448;;
2005-01-03;122.42;4.405;;
2005-01-04;122.192;4.417;;
2005-01-05;122.357;4.408;;
2005-01-06;122.962;4.375;;
2005-01-07;123.445;4.349;;
2005-01-10;123.647;4.338;;
2005-01-11;123.591;4.341;;
2005-01-12;123.559;4.342;;
2005-01-13;124.304;4.302;;
2005-01-14;124.76;4.278;;
2005-01-17;125.212;4.254;;
2005-01-18;125.639;4.231;;
2005-01-19;126.494;4.186;;
2005-01-20;125.283;4.249;;
2005-01-21;125.04;4.262;;
2005-01-24;125.667;4.229;;
2005-01-25;125.784;4.223;;
2005-01-26;125.887;4.217;;
2005-01-27;125.532;4.236;;
2005-01-28;125.989;4.212;;
2005-01-31;126.28;4.196;;
2005-02-01;126.569;4.181;;
2005-02-02;126.719;4.173;;
2005-02-03;126.77;4.17;;
2005-02-04;128.295;4.091;;
2005-02-07;129.123;4.049;;
2005-02-08;129.561;4.027;;
2005-02-09;129.832;4.013;;
2005-02-10;129.443;4.032;;
2005-02-11;128.615;4.074;;
2005-02-14;127.996;4.106;;
2005-02-15;127.588;4.127;;
2005-02-16;126.819;4.167;;
2005-02-17;126.303;4.194;;
2005-02-18;124.328;4.298;;
2005-02-21;123.716;4.331;;
2005-02-22;123.752;4.329;;
2005-02-23;123.405;4.348;;
2005-02-24;122.934;4.373;;
2005-02-25;123.404;4.348;;
2005-02-28;123.599;4.337;;
2005-03-01;122.857;4.377;;
2005-03-02;121.844;4.433;;
2005-03-03;121.91;4.429;;
2005-03-04;123.284;4.354;;
2005-03-07;123.816;4.325;;
2005-03-08;122.86;4.377;;
2005-03-09;121.982;4.425;;
2005-03-10;121.514;4.451;;
2005-03-11;121.413;4.456;;
2005-03-14;121.488;4.452;;
2005-03-15;122.634;4.389;;
2005-03-16;123.73;4.329;;
2005-03-17;123.289;4.353;;
2005-03-18;122.839;4.377;;
2005-03-21;122.493;4.396;;
2005-03-22;123.177;4.358;;
2005-03-23;122.463;4.397;;
2005-03-24;122.854;4.376;;
2005-03-25;122.786;4.379;;
2005-03-28;122.746;4.382;;
2005-03-29;122.937;4.371;;
2005-03-30;123.342;4.349;;
2005-03-31;124.112;4.307;;
2005-04-01;123.913;4.318;;
2005-04-04;124.54;4.284;;
2005-04-05;124.247;4.299;;
2005-04-06;123.883;4.319;;
2005-04-07;124.275;4.298;;
2005-04-08;123.206;4.356;;
2005-04-11;123.889;4.318;;
2005-04-12;124.209;4.301;;
2005-04-13;124.586;4.281;;
2005-04-14;124.193;4.302;;
2005-04-15;124.313;4.295;;
2005-04-18;124.699;4.274;;
2005-04-19;125.365;4.239;;
2005-04-20;125.027;4.256;;
2005-04-21;124.866;4.265;;
2005-04-22;125.016;4.257;;
2005-04-25;125.486;4.232;;
2005-04-26;125.565;4.227;;
2005-04-27;126.254;4.191;;
2005-04-28;126.347;4.186;;
2005-04-29;126.493;4.178;;
2005-05-02;126.38;4.184;;
2005-05-03;126.72;4.166;;
2005-05-04;125.723;4.218;;
2005-05-05;125.864;4.211;;
2005-05-06;125.347;4.238;;
2005-05-09;126.148;4.196;;
2005-05-10;127.257;4.137;;
2005-05-11;128.128;4.092;;
2005-05-12;128.013;4.098;;
2005-05-13;128.495;4.073;;
2005-05-16;128.353;4.08;;
2005-05-17;128.318;4.082;;
2005-05-18;128.889;4.052;;
2005-05-19;128.656;4.064;;
2005-05-20;128.256;4.085;;
2005-05-23;128.866;4.053;;
2005-05-24;129.098;4.041;;
2005-05-25;129.148;4.038;;
2005-05-26;128.388;4.077;;
2005-05-27;127.495;4.124;;
2005-05-30;127.241;4.137;;
2005-05-31;128.705;4.061;;
2005-06-01;129.011;4.045;;
2005-06-02;129.71;4.009;;
2005-06-03;129.361;4.027;;
2005-06-06;130.043;3.992;;
2005-06-07;131.386;3.925;;
2005-06-08;132.123;3.888;;
2005-06-09;132.081;3.89;;
2005-06-10;131.909;3.898;;
2005-06-13;130.312;3.978;;
2005-06-14;129.901;3.999;;
2005-06-15;127.892;4.102;;
2005-06-16;128.158;4.088;;
2005-06-17;128.739;4.058;;
2005-06-20;128.239;4.083;;
2005-06-21;129.808;4.003;;
2005-06-22;131.465;3.919;;
2005-06-23;131.072;3.939;;
2005-06-24;131.559;3.914;;
2005-06-27;131.988;3.893;;
2005-06-28;130.633;3.961;;
2005-06-29;130.22;3.981;;
2005-06-30;130.931;3.945;;
2005-07-01;130.497;3.967;;
2005-07-04;130.318;3.976;;
2005-07-05;129.607;4.012;;
2005-07-06;129.246;4.03;;
2005-07-07;129.648;4.01;;
2005-07-08;129.784;4.003;;
2005-07-11;128.628;4.062;;
2005-07-12;128.818;4.052;;
2005-07-13;128.145;4.086;;
2005-07-14;127.356;4.127;;
2005-07-15;127.585;4.115;;
2005-07-18;128.161;4.085;;
2005-07-19;127.996;4.094;;
2005-07-20;127.686;4.11;;
2005-07-21;127.625;4.113;;
2005-07-22;128.955;4.044;;
2005-07-25;129.356;4.023;;
2005-07-26;129.042;4.039;;
2005-07-27;129.493;4.016;;
2005-07-28;129.39;4.021;;
2005-07-29;129.273;4.027;;
2005-08-01;128.265;4.079;;
2005-08-02;127.761;4.105;;
2005-08-03;128.072;4.088;;
2005-08-04;128.121;4.086;;
2005-08-05;127.364;4.125;;
2005-08-08;127.33;4.127;;
2005-08-09;127.188;4.134;;
2005-08-10;127.669;4.109;;
2005-08-11;127.799;4.102;;
2005-08-12;128.487;4.066;;
2005-08-15;128.813;4.049;;
2005-08-16;129.473;4.015;;
2005-08-17;129.461;4.016;;
2005-08-18;130.09;3.984;;
2005-08-19;130.076;3.984;;
2005-08-22;130.39;3.968;;
2005-08-23;130.64;3.955;;
2005-08-24;130.791;3.948;;
2005-08-25;131.193;3.927;;
2005-08-26;131.155;3.929;;
2005-08-29;131.106;3.931;;
2005-08-30;131.213;3.926;;
2005-08-31;132.024;3.885;;
2005-09-01;132.619;3.856;;
2005-09-02;132.613;3.856;;
2005-09-05;132.863;3.843;;
2005-09-06;132.443;3.864;;
2005-09-07;132.259;3.873;;
2005-09-08;132.798;3.846;;
2005-09-09;133.254;3.824;;
2005-09-12;131.434;3.914;;
2005-09-13;131.897;3.891;;
2005-09-14;132.132;3.879;;
2005-09-15;131.896;3.89;;
2005-09-16;131.259;3.922;;
2005-09-19;132.289;3.87;;
2005-09-20;132.497;3.86;;
2005-09-21;134.008;3.786;;
2005-09-22;134.147;3.779;;
2005-09-23;133.695;3.801;;
2005-09-26;131.934;3.887;;
2005-09-27;131.909;3.889;;
2005-09-28;132.332;3.867;;
2005-09-29;132.168;3.875;;
2005-09-30;132.201;3.874;;
2005-10-03;131.458;3.911;;
2005-10-04;131.723;3.897;;
2005-10-05;132.099;3.878;;
2005-10-06;131.536;3.906;;
2005-10-07;131.798;3.893;;
2005-10-10;132.131;3.876;;
2005-10-11;131.409;3.912;;
2005-10-12;130.956;3.935;;
2005-10-13;129.68;4.0;;
2005-10-14;129.628;4.002;;
2005-10-17;129.739;3.996;;
2005-10-18;129.787;3.994;;
2005-10-19;130.233;3.971;;
2005-10-20;129.75;3.995;;
2005-10-21;131.172;3.923;;
2005-10-24;130.964;3.934;;
2005-10-25;129.299;4.018;;
2005-10-26;128.386;4.065;;
2005-10-27;127.639;4.104;;
2005-10-28;127.81;4.095;;
2005-10-31;128.427;4.063;;
2005-11-01;127.941;4.088;;
2005-11-02;127.379;4.117;;
2005-11-03;127.14;4.13;;
2005-11-04;126.826;4.146;;
2005-11-07;126.746;4.15;;
2005-11-08;127.591;4.106;;
2005-11-09;126.424;4.167;;
2005-11-10;126.432;4.167;;
2005-11-11;126.671;4.154;;
2005-11-14;126.568;4.159;;
2005-11-15;126.723;4.151;;
2005-11-16;127.971;4.085;;
2005-11-17;127.613;4.104;;
2005-11-18;126.275;4.174;;
2005-11-21;127.262;4.122;;
2005-11-22;127.364;4.117;;
2005-11-23;127.554;4.106;;
2005-11-24;128.787;4.042;;
2005-11-25;128.474;4.058;;
2005-11-28;128.429;4.06;;
2005-11-29;127.378;4.115;;
2005-11-30;127.816;4.092;;
2005-12-01;128.461;4.058;;
2005-12-02;128.781;4.042;;
2005-12-05;128.334;4.065;;
2005-12-06;129.11;4.025;;
2005-12-07;128.547;4.053;;
2005-12-08;129.112;4.024;;
2005-12-09;128.222;4.07;;
2005-12-12;128.763;4.042;;
2005-12-13;129.178;4.02;;
2005-12-14;129.815;3.987;;
2005-12-15;129.495;4.004;;
2005-12-16;130.385;3.958;;
2005-12-19;130.545;3.95;;
2005-12-20;130.515;3.951;;
2005-12-21;129.705;3.992;;
2005-12-22;130.525;3.95;;
2005-12-23;131.005;3.926;;
2005-12-26;130.925;3.93;;
2005-12-27;130.955;3.928;;
2005-12-28;131.605;3.895;;
2005-12-29;131.165;3.918;;
2005-12-30;131.495;3.901;;
2006-01-02;131.235;3.914;;
2006-01-03;131.325;3.909;;
2006-01-04;131.575;3.896;;
2006-01-05;131.785;3.886;;
2006-01-06;132.135;3.868;;
2006-01-09;132.465;3.852;;
2006-01-10;132.275;3.861;;
2006-01-11;132.155;3.867;;
2006-01-12;132.555;3.847;;
2006-01-13;132.635;3.843;;
2006-01-16;132.335;3.857;;
2006-01-17;132.335;3.857;;
2006-01-18;132.135;3.867;;
2006-01-19;131.065;3.921;;
2006-01-20;130.275;3.961;;
2006-01-23;130.015;3.974;;
2006-01-24;130.245;3.962;;
2006-01-25;128.885;4.032;;
2006-01-26;127.395;4.11;;
2006-01-27;127.515;4.104;;
2006-01-30;127.875;4.085;;
2006-01-31;128.135;4.071;15.198;13.246
2006-02-01;127.215;4.119;17.488;15.294
2006-02-02;127.715;4.092;14.756;12.879
2006-02-03;127.995;4.078;15.947;13.901
2006-02-06;128.03;4.076;15.986;13.931
2006-02-07;127.245;4.117;17.42;15.25
2006-02-08;127.425;4.107;15.688;13.726
2006-02-09;127.965;4.079;16.787;14.636
2006-02-10;127.915;4.081;14.989;13.084
2006-02-13;127.605;4.097;17.039;14.89
2006-02-14;127.405;4.108;17.36;15.184
2006-02-15;127.055;4.126;18.179;15.941
2006-02-16;126.875;4.136;;
2006-02-17;128.105;4.071;17.101;14.921
2006-02-20;128.235;4.064;17.932;15.629
2006-02-21;128.125;4.069;18.089;15.772
2006-02-22;128.755;4.036;17.267;15.004
2006-02-23;127.745;4.089;17.149;14.966
2006-02-24;127.695;4.092;16.416;14.309
2006-02-27;127.105;4.123;17.052;14.907
2006-02-28;128.165;4.067;;13.33
2006-03-01;127.645;4.094;15.414;13.434
2006-03-02;126.715;4.143;16.306;14.263
2006-03-03;126.635;4.147;16.306;14.25
2006-03-06;126.785;4.139;;13.479
2006-03-07;126.365;4.161;16.754;14.656
2006-03-08;125.055;4.232;18.173;16.043
2006-03-09;124.925;4.239;17.818;15.752
2006-03-10;124.125;4.282;16.963;15.069
2006-03-13;123.695;4.306;17.741;15.796
2006-03-14;124.605;4.256;16.622;14.728
2006-03-15;124.215;4.277;16.998;15.08
2006-03-16;124.895;4.24;17.832;15.751
2006-03-17;124.305;4.272;16.977;15.048
2006-03-20;124.805;4.244;16.913;14.945
2006-03-21;124.925;4.238;16.37;14.453
2006-03-22;125.275;4.219;16.837;14.828
2006-03-23;124.565;4.257;17.178;15.199
2006-03-24;125.185;4.223;16.836;14.851
2006-03-27;124.965;4.235;17.205;15.199
2006-03-28;123.485;4.316;15.545;13.832
2006-03-29;122.855;4.351;17.521;15.642
2006-03-30;122.315;4.381;16.81;15.056
2006-03-31;122.545;4.368;;
2006-04-03;121.545;4.424;16.255;14.623
2006-04-04;120.915;4.46;;13.882
2006-04-05;120.155;4.504;18.47;16.796
2006-04-06;118.825;4.581;;
2006-04-07;118.315;4.611;18.328;16.926
2006-04-10;118.975;4.572;15.418;14.16
2006-04-11;119.375;4.548;18.074;16.548
2006-04-12;119.295;4.553;16.118;14.755
2006-04-13;117.925;4.633;16.476;15.215
2006-04-14;117.825;4.639;17.0;15.706
2006-04-17;117.755;4.643;17.446;16.127
2006-04-18;117.805;4.64;18.512;17.119
2006-04-19;117.745;4.644;18.49;17.098
2006-04-20;118.255;4.613;17.059;15.717
2006-04-21;117.875;4.636;19.5;18.001
2006-04-24;118.035;4.626;18.824;17.355
2006-04-25;117.495;4.658;18.019;16.654
2006-04-26;117.465;4.66;19.237;17.768
2006-04-27;118.095;4.622;18.329;16.86
2006-04-28;118.615;4.592;18.656;17.088
2006-05-01;118.655;4.589;18.695;17.116
2006-05-02;118.135;4.62;18.67;17.15
2006-05-03;117.795;4.64;18.794;17.307
2006-05-04;117.385;4.664;19.662;18.143
2006-05-05;117.645;4.649;19.191;17.693
2006-05-08;117.465;4.659;19.498;17.998
2006-05-09;117.375;4.665;18.467;17.056
2006-05-10;117.855;4.636;;
2006-05-11;116.535;4.715;18.423;17.111
2006-05-12;115.985;4.748;19.197;17.908
2006-05-15;116.675;4.706;19.483;18.118
2006-05-16;117.355;4.665;20.288;18.795
2006-05-17;115.765;4.761;20.736;19.436
2006-05-18;116.365;4.725;20.578;19.222
2006-05-19;117.075;4.682;;
2006-05-22;117.975;4.628;;
2006-05-23;117.875;4.634;19.627;18.163
2006-05-24;118.565;4.593;20.17;18.568
2006-05-25;118.585;4.592;18.816;17.321
2006-05-26;118.545;4.594;20.072;18.481
2006-05-29;118.525;4.595;20.119;18.528
2006-05-30;117.755;4.641;19.642;18.178
2006-05-31;117.015;4.685;18.731;17.406
2006-06-01;116.725;4.702;20.246;18.842
2006-06-02;117.885;4.633;20.357;18.809
2006-06-05;117.245;4.671;19.054;17.664
2006-06-06;116.935;4.69;19.077;17.713
2006-06-07;116.855;4.694;19.449;18.065
2006-06-08;117.895;4.632;18.28;16.875
2006-06-09;117.931;4.63;19.079;17.618
2006-06-12;118.189;4.614;19.489;17.975
2006-06-13;118.997;4.567;18.406;16.892
2006-06-14;118.507;4.595;17.978;16.544
2006-06-15;117.751;4.64;17.891;16.527
2006-06-16;117.938;4.629;17.713;16.341
2006-06-19;117.445;4.658;19.632;18.117
2006-06-20;117.125;4.677;18.942;17.548
2006-06-21;116.765;4.699;18.843;17.495
2006-06-22;116.005;4.745;18.685;17.431
2006-06-23;115.735;4.761;19.695;18.393
2006-06-26;115.655;4.766;19.495;18.213
2006-06-27;115.875;4.753;17.747;16.545
2006-06-28;115.985;4.746;16.333;15.215
2006-06-29;116.455;4.717;18.642;17.314
2006-06-30;116.565;4.711;17.447;16.184
2006-07-03;116.335;4.725;17.876;16.597
2006-07-04;116.505;4.714;16.827;15.608
2006-07-05;115.622;4.768;17.256;16.089
2006-07-06;116.028;4.743;16.809;15.62
2006-07-07;116.725;4.701;16.855;15.602
2006-07-10;116.278;4.728;17.964;16.674
2006-07-11;116.75;4.699;16.437;15.225
2006-07-12;116.148;4.735;17.809;16.555
2006-07-13;116.755;4.699;17.673;16.39
2006-07-14;117.497;4.654;16.58;15.311
2006-07-17;117.203;4.672;17.961;16.617
2006-07-18;117.037;4.681;17.172;15.894
2006-07-19;117.567;4.65;17.767;16.387
2006-07-20;117.624;4.646;18.197;16.776
2006-07-21;118.116;4.617;;
2006-07-24;118.117;4.617;15.935;14.65
2006-07-25;117.969;4.625;16.582;15.261
2006-07-26;117.558;4.65;18.407;16.986
2006-07-27;117.924;4.628;17.26;15.904
2006-07-28;118.391;4.6;17.417;15.993
2006-07-31;118.493;4.594;16.951;15.553
2006-08-01;118.362;4.602;17.804;16.354
2006-08-02;118.42;4.598;17.247;15.828
2006-08-03;117.903;4.629;16.402;15.083
2006-08-04;119.122;4.556;15.541;14.186
2006-08-07;119.081;4.559;15.861;14.483
2006-08-08;119.123;4.556;16.971;15.496
2006-08-09;118.648;4.584;17.31;15.847
2006-08-10;118.622;4.586;17.139;15.695
2006-08-11;118.0;4.622;16.251;14.925
2006-08-14;117.637;4.644;16.766;15.429
2006-08-15;118.207;4.61;17.048;15.636
2006-08-16;118.867;4.571;17.013;15.543
2006-08-17;119.21;4.55;16.555;15.084
2006-08-18;119.67;4.523;16.729;15.199
2006-08-21;120.337;4.485;17.219;15.581
2006-08-22;121.038;4.444;16.519;14.897
2006-08-23;120.734;4.461;;16.416
2006-08-24;121.129;4.439;16.793;15.138
2006-08-25;121.331;4.427;16.855;15.18
2006-08-28;121.288;4.429;17.088;15.397
2006-08-29;120.721;4.462;;
2006-08-30;121.159;4.436;16.188;14.587
2006-08-31;121.826;4.398;16.796;15.077
2006-09-01;122.267;4.373;16.267;14.56
2006-09-04;122.2;4.377;16.719;14.964
2006-09-05;121.587;4.412;16.01;14.373
2006-09-06;120.934;4.449;17.253;15.544
2006-09-07;121.398;4.422;16.431;14.757
2006-09-08;122.206;4.376;;
2006-09-11;122.237;4.374;;
2006-09-12;121.469;4.418;;16.009
2006-09-13;122.326;4.369;15.659;13.96
2006-09-14;122.438;4.363;15.586;13.877
2006-09-15;122.738;4.346;;
2006-09-18;122.083;4.382;16.894;15.051
2006-09-19;122.885;4.337;17.244;15.294
2006-09-20;122.956;4.333;15.466;13.71
2006-09-21;123.077;4.326;;
2006-09-22;124.18;4.264;16.338;14.403
2006-09-25;124.533;4.245;16.91;14.891
2006-09-26;124.832;4.228;16.403;14.4
2006-09-27;124.693;4.236;16.549;14.533
2006-09-28;124.27;4.259;;
2006-09-29;123.96;4.276;16.462;14.512
2006-10-02;124.383;4.253;15.706;13.809
2006-10-03;123.398;4.307;17.696;15.648
2006-10-04;124.141;4.266;;
2006-10-05;123.751;4.287;17.62;15.551
2006-10-06;123.177;4.319;16.323;14.45
2006-10-09;123.383;4.308;16.396;14.491
2006-10-10;122.65;4.349;15.674;13.9
2006-10-11;122.872;4.336;;
2006-10-12;123.009;4.328;14.778;13.072
2006-10-13;122.537;4.355;14.929;13.241
2006-10-16;122.538;4.355;15.324;13.593
2006-10-17;123.232;4.316;;
2006-10-18;122.846;4.337;;
2006-10-19;122.23;4.372;15.101;13.426
2006-10-20;122.364;4.364;14.818;13.157
2006-10-23;121.741;4.399;15.214;13.551
2006-10-24;121.701;4.402;15.937;14.196
2006-10-25;121.671;4.403;17.299;15.411
2006-10-26;122.245;4.37;15.966;14.169
2006-10-27;123.416;4.304;15.968;14.066
2006-10-30;123.886;4.278;16.66;14.628
2006-10-31;124.978;4.217;17.005;14.837
2006-11-01;125.709;4.177;17.37;15.098
2006-11-02;124.772;4.229;17.102;14.948
2006-11-03;124.21;4.26;16.271;14.256
2006-11-06;123.974;4.273;;
2006-11-07;124.946;4.219;17.704;15.432
2006-11-08;124.74;4.23;;
2006-11-09;124.869;4.223;17.68;15.417
2006-11-10;125.268;4.201;16.18;14.092
2006-11-13;124.813;4.226;15.916;13.899
2006-11-14;125.342;4.196;15.442;13.448
2006-11-15;124.859;4.223;15.944;13.924
2006-11-16;124.714;4.231;;
2006-11-17;125.441;4.191;16.054;13.961
2006-11-20;125.507;4.187;17.005;14.791
2006-11-21;125.602;4.182;16.267;14.137
2006-11-22;125.516;4.186;15.847;13.788
2006-11-23;125.163;4.205;16.017;13.957
2006-11-24;125.615;4.181;15.146;13.177
2006-11-27;125.052;4.211;;
2006-11-28;125.39;4.193;16.719;14.57
2006-11-29;125.115;4.208;14.681;12.808
2006-11-30;125.489;4.187;16.531;14.399
2006-12-01;126.022;4.158;16.153;14.029
2006-12-04;125.627;4.179;16.883;14.705
2006-12-05;125.633;4.179;16.524;14.386
2006-12-06;125.59;4.181;14.518;
2006-12-07;125.264;4.199;15.044;13.106
2006-12-08;125.002;4.213;;
2006-12-11;124.624;4.234;15.139;13.233
2006-12-12;124.782;4.225;15.749;13.75
2006-12-13;124.639;4.233;;
2006-12-14;124.08;4.264;16.262;14.235
2006-12-15;123.65;4.288;16.429;14.418
2006-12-18;123.228;4.311;16.552;14.559
2006-12-19;122.513;4.352;16.768;14.808
2006-12-20;122.565;4.348;16.073;14.193
2006-12-21;122.051;4.377;;
2006-12-22;121.824;4.39;17.009;15.085
2006-12-25;121.851;4.389;17.684;
2006-12-26;121.851;4.389;17.684;
2006-12-27;121.229;4.424;16.822;14.971
2006-12-28;120.705;4.455;;
2006-12-29;121.218;4.425;;
2007-01-01;120.822;4.448;15.932;14.215
2007-01-02;121.4;4.414;16.182;14.38
2007-01-03;121.246;4.423;15.138;13.488
2007-01-04;121.499;4.408;15.271;13.577
2007-01-05;120.718;4.453;14.713;13.149
2007-01-08;120.737;4.452;15.296;13.659
2007-01-09;120.105;4.489;16.007;14.34
2007-01-10;119.93;4.499;15.554;13.957
2007-01-11;119.9;4.501;15.053;13.499
2007-01-12;119.146;4.545;13.748;12.407
2007-01-15;119.36;4.532;13.729;12.369
2007-01-16;119.853;4.503;13.581;12.192
2007-01-17;119.894;4.501;11.822;10.612
2007-01-18;119.491;4.524;13.368;12.046
2007-01-19;120.047;4.492;;
2007-01-22;120.671;4.455;10.78;
2007-01-23;120.762;4.45;;
2007-01-24;120.254;4.479;11.537;10.328
2007-01-25;119.465;4.526;14.241;12.784
2007-01-26;118.945;4.556;12.636;11.406
2007-01-29;118.256;4.597;14.045;12.719
2007-01-30;118.448;4.586;12.323;11.161
2007-01-31;118.68;4.572;13.424;12.131
2007-02-01;118.797;4.565;11.917;10.767
2007-02-02;119.135;4.545;;
2007-02-05;119.446;4.526;12.981;11.698
2007-02-06;119.67;4.513;12.086;10.881
2007-02-07;119.914;4.498;12.2;10.959
2007-02-08;119.852;4.502;;
2007-02-09;119.201;4.54;13.233;11.904
2007-02-12;118.786;4.565;13.203;11.913
2007-02-13;118.478;4.583;14.006;12.674
2007-02-14;118.99;4.552;;
2007-02-15;119.758;4.507;;
2007-02-16;119.608;4.516;12.859;11.558
2007-02-19;119.312;4.533;13.38;12.052
2007-02-20;119.512;4.521;11.621;10.466
2007-02-21;119.609;4.515;13.429;12.076
2007-02-22;119.042;4.549;13.119;11.826
2007-02-23;119.866;4.5;;
2007-02-26;120.493;4.463;12.748;11.397
2007-02-27;120.893;4.44;14.776;13.198
2007-02-28;120.75;4.448;13.81;12.333
2007-03-01;120.824;4.443;13.4;11.96
2007-03-02;120.817;4.444;13.974;12.493
2007-03-05;121.147;4.424;14.631;13.049
2007-03-06;121.237;4.419;11.915;10.616
2007-03-07;121.031;4.431;14.216;12.691
2007-03-08;120.859;4.441;13.159;11.762
2007-03-09;120.369;4.469;14.439;12.921
2007-03-12;120.824;4.443;12.223;10.924
2007-03-13;121.174;4.422;12.569;11.223
2007-03-14;121.233;4.419;;
2007-03-15;120.84;4.441;14.093;12.586
2007-03-16;121.019;4.431;13.173;11.748
2007-03-19;120.625;4.454;13.878;12.4
2007-03-20;120.934;4.436;14.045;12.529
2007-03-21;120.571;4.457;;
2007-03-22;119.802;4.502;13.173;11.844
2007-03-23;118.954;4.552;13.336;12.053
2007-03-26;118.883;4.556;12.931;11.693
2007-03-27;118.65;4.57;13.725;12.428
2007-03-28;118.509;4.578;12.96;11.739
2007-03-29;118.209;4.596;13.405;12.17
2007-03-30;118.252;4.593;12.538;11.368
2007-04-02;118.159;4.599;13.584;12.313
2007-04-03;117.621;4.631;13.819;12.577
2007-04-04;118.048;4.605;12.705;11.54
2007-04-05;117.693;4.626;13.216;12.022
2007-04-06;117.64;4.63;13.772;12.346
2007-04-09;117.639;4.63;13.775;12.349
2007-04-10;117.242;4.654;12.021;10.968
2007-04-11;116.869;4.676;12.581;11.497
2007-04-12;116.156;4.72;13.776;12.639
2007-04-13;115.207;4.779;13.69;12.64
2007-04-16;115.543;4.758;12.908;11.91
2007-04-17;116.033;4.727;11.574;10.648
2007-04-18;116.631;4.69;12.666;11.597
2007-04-19;116.016;4.728;14.999;
2007-04-20;116.008;4.729;12.473;11.465
2007-04-23;116.568;4.694;11.595;10.618
2007-04-24;116.776;4.681;12.647;11.561
2007-04-25;116.48;4.699;11.383;10.417
2007-04-26;116.023;4.727;11.219;10.29
2007-04-27;116.071;4.724;12.988;11.914
2007-04-30;117.173;4.657;13.92;12.687
2007-05-01;117.261;4.651;13.162;11.795
2007-05-02;116.123;4.721;12.399;11.367
2007-05-03;115.809;4.74;12.464;11.451
2007-05-04;116.419;4.703;12.669;11.594
2007-05-07;116.223;4.715;13.163;12.057
2007-05-08;116.425;4.702;12.54;11.463
2007-05-09;116.272;4.711;10.368;9.491
2007-05-10;116.215;4.715;12.571;11.527
2007-05-11;116.063;4.724;10.909;10.002
2007-05-14;115.314;4.771;11.951;11.009
2007-05-15;114.952;4.793;12.069;11.134
2007-05-16;115.027;4.788;11.337;10.452
2007-05-17;114.98;4.791;10.091;9.298
2007-05-18;114.983;4.791;9.595;8.841
2007-05-21;114.713;4.808;12.522;11.565
2007-05-22;114.552;4.818;9.709;8.967
2007-05-23;114.04;4.85;12.579;11.657
2007-05-24;114.182;4.841;12.461;11.539
2007-05-25;114.039;4.85;9.747;9.019
2007-05-28;113.904;4.859;10.327;9.568
2007-05-29;113.977;4.854;10.413;9.64
2007-05-30;113.991;4.853;9.837;9.107
2007-05-31;113.86;4.861;9.733;9.01
2007-06-01;113.314;4.896;8.089;
2007-06-04;113.397;4.891;8.319;7.716
2007-06-05;112.93;4.921;8.614;8.017
2007-06-06;113.186;4.904;10.46;9.731
2007-06-07;111.764;4.996;9.742;9.142
2007-06-08;111.23;5.031;10.734;10.116
2007-06-11;111.217;5.032;9.295;8.761
2007-06-12;110.52;5.078;;
2007-06-13;109.842;5.123;10.024;9.535
2007-06-14;109.554;5.143;9.205;8.775
2007-06-15;109.174;5.168;11.049;10.586
2007-06-18;108.904;5.187;10.684;10.256
2007-06-19;109.735;5.131;;
2007-06-20;109.759;5.129;10.084;9.607
2007-06-21;109.734;5.131;8.698;8.278
2007-06-22;109.58;5.141;11.618;11.092
2007-06-25;110.091;5.107;10.295;9.79
2007-06-26;110.335;5.09;9.158;8.698
2007-06-27;110.968;5.048;;
2007-06-28;110.866;5.055;9.032;8.529
2007-06-29;110.615;5.071;11.262;10.67
2007-07-02;111.529;5.011;;
2007-07-03;110.71;5.065;10.255;9.696
2007-07-04;110.264;5.095;8.942;8.473
2007-07-05;109.677;5.134;8.613;8.189
2007-07-06;109.384;5.154;9.476;9.024
2007-07-09;109.501;5.146;10.272;9.774
2007-07-10;110.501;5.079;11.356;10.745
2007-07-11;110.293;5.093;10.086;9.553
2007-07-12;109.751;5.129;7.607;7.222
2007-07-13;109.84;5.123;10.676;10.141
2007-07-16;110.381;5.087;;
2007-07-17;110.052;5.109;10.717;10.167
2007-07-18;110.746;5.062;8.322;7.848
2007-07-19;110.989;5.046;9.105;8.572
2007-07-20;112.427;4.952;8.602;8.029
2007-07-23;112.276;4.961;8.886;8.302
2007-07-24;112.376;4.955;9.594;8.974
2007-07-25;112.676;4.935;7.333;6.829
2007-07-26;113.387;4.889;6.579;6.098
2007-07-27;113.023;4.913;8.233;7.656
2007-07-30;112.861;4.923;7.027;6.544
2007-07-31;113.017;4.913;;
2007-08-01;113.038;4.911;7.187;6.679
2007-08-02;112.927;4.919;9.173;8.538
2007-08-03;113.577;4.877;;9.248
2007-08-06;113.403;4.888;;
2007-08-07;113.299;4.894;6.909;6.405
2007-08-08;112.516;4.945;7.782;7.251
2007-08-09;112.733;4.931;7.449;6.939
2007-08-10;112.786;4.927;6.016;5.604
2007-08-13;112.708;4.932;8.699;8.12
2007-08-14;112.881;4.921;5.8;5.4
2007-08-15;112.808;4.926;9.828;9.186
2007-08-16;113.36;4.89;6.106;5.68
2007-08-17;112.621;4.938;9.356;8.772
2007-08-20;112.5;4.945;10.489;9.856
2007-08-21;112.899;4.919;10.602;9.941
2007-08-22;112.853;4.922;8.231;7.699
2007-08-23;113.086;4.907;10.984;10.264
2007-08-24;113.24;4.897;9.003;8.403
2007-08-27;113.444;4.884;12.354;11.531
2007-08-28;113.633;4.872;13.489;12.591
2007-08-29;113.097;4.906;8.704;8.143
2007-08-30;113.156;4.902;13.474;12.615
2007-08-31;113.231;4.897;9.724;9.081
2007-09-03;112.911;4.918;10.372;9.71
2007-09-04;112.58;4.939;10.88;10.214
2007-09-05;113.49;4.88;9.922;9.256
2007-09-06;113.182;4.9;11.121;10.403
2007-09-07;114.095;4.842;13.548;12.622
2007-09-10;114.875;4.792;13.792;12.783
2007-09-11;114.654;4.806;12.761;11.849
2007-09-12;114.466;4.818;12.07;11.214
2007-09-13;114.42;4.821;9.375;8.699
2007-09-14;114.49;4.816;;
2007-09-17;114.742;4.8;10.784;9.993
2007-09-18;113.813;4.859;13.253;12.364
2007-09-19;112.85;4.921;13.019;12.215
2007-09-20;112.021;4.975;11.13;10.501
2007-09-21;111.624;5.001;12.247;11.592
2007-09-24;111.479;5.011;11.293;10.698
2007-09-25;112.094;4.97;;
2007-09-26;111.337;5.02;11.317;10.726
2007-09-27;111.676;4.997;11.302;10.684
2007-09-28;112.388;4.951;;
2007-10-01;112.234;4.961;10.945;10.309
2007-10-02;112.579;4.938;11.789;11.068
2007-10-03;112.431;4.948;9.822;9.235
2007-10-04;113.179;4.899;10.823;10.129
2007-10-05;112.545;4.94;9.46;8.887
2007-10-08;112.573;4.938;10.731;10.081
2007-10-09;113.066;4.906;8.811;8.235
2007-10-10;112.571;4.938;11.958;11.225
2007-10-11;112.136;4.966;11.186;10.521
2007-10-12;111.71;4.994;8.994;8.472
2007-10-15;111.492;5.009;11.47;10.831
2007-10-16;111.004;5.041;11.975;11.361
2007-10-17;111.675;4.997;12.104;11.424
2007-10-18;112.552;4.939;10.482;9.841
2007-10-19;113.859;4.854;12.617;11.761
2007-10-22;114.241;4.83;10.937;10.167
2007-10-23;114.149;4.836;11.303;10.511
2007-10-24;114.889;4.789;8.179;7.568
2007-10-25;114.588;4.808;10.142;9.41
2007-10-26;114.251;4.829;11.219;10.432
2007-10-29;114.213;4.831;11.517;10.713
2007-10-30;113.936;4.849;12.508;11.656
2007-10-31;113.497;4.877;;
2007-11-01;113.794;4.858;12.632;11.777
2007-11-02;114.069;4.84;9.473;8.809
2007-11-05;114.057;4.841;9.059;8.424
2007-11-06;113.853;4.854;9.689;9.024
2007-11-07;114.014;4.844;11.745;10.964
2007-11-08;114.082;4.839;12.524;11.676
2007-11-09;114.308;4.825;11.91;11.101
2007-11-12;114.294;4.825;11.689;10.898
2007-11-13;114.201;4.831;9.035;8.415
2007-11-14;114.046;4.841;10.475;9.764
2007-11-15;114.122;4.836;10.729;10.014
2007-11-16;113.94;4.848;8.601;8.04
2007-11-19;114.456;4.815;10.29;9.604
2007-11-20;114.1;4.837;10.329;9.653
2007-11-21;113.963;4.846;10.084;9.444
2007-11-22;113.6;4.869;13.013;12.232
2007-11-23;113.539;4.873;11.743;11.043
2007-11-26;113.833;4.854;12.607;11.839
2007-11-27;113.449;4.879;9.463;8.89
2007-11-28;112.44;4.944;10.302;9.743
2007-11-29;112.988;4.909;12.29;11.59
2007-11-30;112.388;4.948;9.178;8.681
2007-12-03;113.231;4.893;11.559;10.881
2007-12-04;113.757;4.859;9.746;9.14
2007-12-05;113.809;4.855;12.516;11.736
2007-12-06;113.492;4.876;12.397;11.64
2007-12-07;112.357;4.95;11.493;10.86
2007-12-10;111.839;4.984;12.252;11.584
2007-12-11;112.091;4.967;10.412;9.839
2007-12-12;111.507;5.005;11.013;10.428
2007-12-13;111.941;4.977;9.938;9.37
2007-12-14;111.501;5.006;10.3;9.736
2007-12-17;111.881;4.981;10.673;10.065
2007-12-18;112.308;4.952;10.104;9.497
2007-12-19;112.216;4.958;11.409;10.746
2007-12-20;112.801;4.92;8.843;8.288
2007-12-21;111.713;4.991;8.979;8.488
2007-12-24;111.654;4.995;9.112;8.611
2007-12-25;112.279;4.954;4.676;4.386
2007-12-26;111.662;4.995;8.873;8.388
2007-12-27;111.283;5.02;7.144;6.762
2007-12-28;111.671;4.994;9.294;8.789
2007-12-31;111.652;4.995;9.42;8.909
2008-01-01;111.678;4.993;9.237;8.734
2008-01-02;113.04;4.904;12.407;11.659
2008-01-03;112.976;4.908;15.189;14.298
2008-01-04;113.264;4.889;14.776;13.901
2008-01-07;113.024;4.905;15.481;14.601
2008-01-08;112.567;4.935;15.283;14.446
2008-01-09;113.113;4.899;15.197;14.333
2008-01-10;112.693;4.926;15.442;14.616
2008-01-11;112.764;4.922;16.152;15.284
2008-01-14;113.163;4.896;15.927;15.06
2008-01-15;113.603;4.867;15.143;14.289
2008-01-16;114.019;4.84;16.811;15.851
2008-01-17;114.107;4.834;17.825;16.808
2008-01-18;114.078;4.836;16.114;15.206
2008-01-21;114.673;4.798;14.854;13.98
2008-01-22;112.974;4.908;18.22;17.361
2008-01-23;113.752;4.857;19.623;18.593
2008-01-24;112.701;4.925;18.935;18.038
2008-01-25;113.094;4.9;20.19;19.169
2008-01-28;113.343;4.883;18.751;17.767
2008-01-29;112.784;4.92;20.034;19.061
2008-01-30;112.426;4.943;18.784;17.925
2008-01-31;113.819;4.852;17.636;16.678
2008-02-01;114.266;4.823;16.025;15.106
2008-02-04;114.203;4.827;16.256;15.322
2008-02-05;115.104;4.77;16.555;15.545
2008-02-06;114.444;4.812;18.343;17.287
2008-02-07;114.093;4.834;14.824;14.035
2008-02-08;114.543;4.805;18.625;17.568
2008-02-11;114.34;4.818;14.483;13.694
2008-02-12;112.96;4.907;20.301;19.365
2008-02-13;112.733;4.922;17.732;16.926
2008-02-14;112.298;4.951;20.019;19.15
2008-02-15;112.692;4.925;19.843;18.94
2008-02-18;112.029;4.968;19.932;19.097
2008-02-19;112.429;4.942;20.402;19.418
2008-02-20;112.014;4.969;21.343;20.39
2008-02-21;112.243;4.954;22.573;21.573
2008-02-22;111.87;4.978;24.631;23.602
2008-02-25;110.898;5.043;29.967;28.897
2008-02-26;110.357;5.08;31.487;30.445
2008-02-27;110.154;5.093;31.131;30.231
2008-02-28;111.503;5.002;30.056;28.975
2008-02-29;112.566;4.932;29.737;28.474
2008-03-03;112.515;4.935;30.353;29.069
2008-03-04;112.111;4.962;33.744;32.428
2008-03-05;110.479;5.071;40.987;39.756
2008-03-06;111.172;5.024;35.958;34.711
2008-03-07;110.428;5.074;39.478;38.336
2008-03-10;110.96;5.038;38.31;37.098
2008-03-11;110.965;5.038;39.146;37.775
2008-03-12;111.42;5.007;39.939;38.421
2008-03-13;110.971;5.037;39.37;37.99
2008-03-14;111.19;5.023;41.058;39.509
2008-03-17;110.534;5.067;47.021;45.488
2008-03-18;110.598;5.062;44.198;42.599
2008-03-19;112.419;4.941;37.782;35.965
2008-03-20;113.31;4.882;35.512;33.512
2008-03-21;113.297;4.883;;
2008-03-24;113.365;4.879;36.046;33.918
2008-03-25;113.055;4.899;28.392;26.805
2008-03-26;112.038;4.966;29.574;28.16
2008-03-27;110.8;5.048;31.602;30.4
2008-03-28;111.492;5.002;29.566;28.293
2008-03-31;112.016;4.967;28.801;27.485
2008-04-01;111.883;4.976;27.923;26.642
2008-04-02;112.298;4.948;25.314;24.067
2008-04-03;111.8;4.981;25.749;24.591
2008-04-04;112.423;4.94;24.568;23.348
2008-04-07;112.002;4.967;23.114;22.029
2008-04-08;111.438;5.005;27.571;26.367
2008-04-09;111.444;5.004;29.688;28.412
2008-04-10;111.603;4.994;25.461;24.352
2008-04-11;112.61;4.927;26.087;24.809
2008-04-14;112.287;4.948;25.86;24.625
2008-04-15;111.483;5.002;26.486;25.333
2008-04-16;110.315;5.08;27.52;26.505
2008-04-17;109.67;5.124;24.538;23.717
2008-04-18;109.748;5.119;25.406;24.52
2008-04-21;109.863;5.111;26.065;25.144
2008-04-22;109.905;5.108;24.906;23.977
2008-04-23;109.698;5.122;24.632;23.755
2008-04-24;108.945;5.173;25.719;24.904
2008-04-25;109.265;5.151;23.246;22.488
2008-04-28;109.117;5.162;23.384;22.677
2008-04-29;110.173;5.089;21.633;20.835
2008-04-30;110.971;5.035;19.81;18.972
2008-05-01;110.984;5.034;19.688;18.86
2008-05-02;110.533;5.065;18.934;18.184
2008-05-05;111.27;5.015;;
2008-05-06;111.233;5.017;19.798;18.918
2008-05-07;110.982;5.034;20.326;19.48
2008-05-08;111.553;4.996;24.189;23.082
2008-05-09;111.972;4.968;27.581;26.215
2008-05-12;111.277;5.014;31.084;29.682
2008-05-13;110.251;5.083;30.772;29.57
2008-05-14;109.549;5.131;29.022;27.968
2008-05-15;109.139;5.159;;
2008-05-16;110.22;5.085;27.676;26.559
2008-05-19;109.727;5.119;28.098;27.069
2008-05-20;110.087;5.094;27.313;26.237
2008-05-21;109.232;5.153;27.403;26.426
2008-05-22;109.195;5.155;25.48;24.584
2008-05-23;109.419;5.14;24.612;23.703
2008-05-26;109.206;5.154;23.212;22.388
2008-05-27;108.784;5.184;24.837;23.997
2008-05-28;108.259;5.22;23.509;22.798
2008-05-29;107.263;5.29;25.313;24.702
2008-05-30;107.857;5.248;23.493;22.815
2008-06-02;108.375;5.212;28.104;27.191
2008-06-03;107.371;5.282;30.732;29.91
2008-06-04;107.762;5.255;28.748;27.906
2008-06-05;107.726;5.257;33.495;32.283
2008-06-06;108.803;5.182;36.821;35.013
2008-06-09;107.62;5.265;;
2008-06-10;107.152;5.298;35.121;33.653
2008-06-11;105.989;5.381;34.113;33.106
2008-06-12;106.03;5.378;36.416;35.27
2008-06-13;106.056;5.376;36.215;34.992
2008-06-16;106.82;5.321;35.041;33.574
2008-06-17;107.032;5.306;38.324;36.684
2008-06-18;107.494;5.273;36.31;34.637
2008-06-19;107.177;5.296;34.753;33.164
2008-06-20;107.398;5.28;33.881;32.34
2008-06-23;106.797;5.323;34.818;33.415
2008-06-24;106.108;5.372;37.932;36.641
2008-06-25;106.124;5.371;36.147;34.909
2008-06-26;106.627;5.335;37.822;36.531
2008-06-27;105.561;5.412;38.407;37.405
2008-06-30;104.92;5.458;42.682;41.532
2008-07-01;105.023;5.451;42.893;41.687
2008-07-02;104.92;5.458;40.688;39.494
2008-07-03;105.429;5.421;41.597;40.447
2008-07-04;105.75;5.398;42.319;41.056
2008-07-07;106.372;5.353;43.07;41.73
2008-07-08;106.535;5.341;38.598;37.344
2008-07-09;106.939;5.312;38.071;36.712
2008-07-10;106.954;5.311;34.965;33.74
2008-07-11;106.896;5.315;31.893;30.797
2008-07-14;106.992;5.308;39.268;37.899
2008-07-15;106.703;5.329;39.172;37.912
2008-07-16;107.12;5.299;36.16;34.864
2008-07-17;106.72;5.328;33.608;32.466
2008-07-18;105.646;5.405;39.693;38.493
2008-07-21;105.566;5.411;37.676;36.458
2008-07-22;105.573;5.41;37.454;36.217
2008-07-23;105.515;5.415;37.194;36.023
2008-07-24;106.07;5.374;36.957;35.793
2008-07-25;105.466;5.418;35.736;34.74
2008-07-28;106.35;5.354;33.713;32.658
2008-07-29;106.927;5.313;35.686;34.393
2008-07-30;107.685;5.259;35.203;33.808
2008-07-31;108.364;5.211;34.951;33.408
2008-08-01;108.025;5.235;37.367;35.824
2008-08-04;108.435;5.206;33.047;31.6
2008-08-05;108.686;5.189;33.678;32.16
2008-08-06;108.283;5.217;33.998;32.573
2008-08-07;108.565;5.197;31.277;30.14
2008-08-08;108.276;5.217;30.439;29.449
2008-08-11;108.296;5.215;29.201;28.204
2008-08-12;108.821;5.179;30.719;29.58
2008-08-13;108.789;5.181;29.572;28.524
2008-08-14;108.777;5.182;34.232;32.997
2008-08-15;108.962;5.169;37.307;35.915
2008-08-18;109.251;5.149;36.009;34.605
2008-08-19;108.627;5.192;36.093;34.816
2008-08-20;109.376;5.14;35.314;33.887
2008-08-21;108.789;5.181;36.002;34.586
2008-08-22;108.753;5.183;34.873;33.455
2008-08-25;109.494;5.132;36.968;35.34
2008-08-26;109.18;5.153;38.127;36.544
2008-08-27;108.852;5.176;38.943;37.321
2008-08-28;109.331;5.143;40.494;38.572
2008-08-29;109.516;5.13;42.19;40.1
2008-09-01;109.933;5.101;42.288;40.157
2008-09-02;109.835;5.108;41.033;39.014
2008-09-03;109.305;5.144;42.773;40.82
2008-09-04;109.802;5.11;44.591;42.457
2008-09-05;109.535;5.128;42.904;40.994
2008-09-08;109.266;5.147;45.02;43.049
2008-09-09;109.427;5.135;42.607;40.77
2008-09-10;109.127;5.156;42.313;40.553
2008-09-11;108.37;5.209;45.312;43.659
2008-09-12;107.359;5.28;42.561;41.306
2008-09-15;107.523;5.269;42.181;40.873
2008-09-16;108.875;5.173;43.078;41.168
2008-09-17;108.335;5.211;38.722;37.209
2008-09-18;107.131;5.296;38.524;37.291
2008-09-19;106.043;5.374;36.893;35.974
2008-09-22;105.413;5.42;40.539;39.705
2008-09-23;105.528;5.412;40.862;40.018
2008-09-24;107.023;5.304;37.838;36.632
2008-09-25;106.721;5.325;39.985;38.739
2008-09-26;107.255;5.287;45.109;43.504
2008-09-29;107.684;5.257;60.517;58.033
2008-09-30;107.533;5.267;65.133;62.27
2008-10-01;108.526;5.197;61.909;58.675
2008-10-02;110.166;5.083;71.298;66.584
2008-10-03;110.664;5.049;62.362;58.139
2008-10-06;;;68.159;62.521
2008-10-07;113.611;4.852;77.879;70.617
2008-10-08;113.173;4.881;65.366;59.519
2008-10-09;111.727;4.977;67.37;61.952
2008-10-10;108.163;5.222;65.827;62.424
2008-10-13;107.954;5.237;66.176;62.756
2008-10-14;107.933;5.239;60.848;57.901
2008-10-15;107.41;5.276;63.493;60.756
2008-10-16;107.902;5.241;59.657;57.056
2008-10-17;108.791;5.178;54.328;51.688
2008-10-20;108.8;5.177;55.408;52.808
2008-10-21;109.356;5.139;63.116;59.967
2008-10-22;110.601;5.053;64.727;61.034
2008-10-23;111.433;4.996;82.925;77.054
2008-10-24;110.693;5.046;81.942;76.56
2008-10-27;110.214;5.079;76.022;71.568
2008-10-28;110.248;5.077;85.836;80.517
2008-10-29;108.391;5.206;100.843;95.758
2008-10-30;108.688;5.185;98.212;93.133
2008-10-31;104.772;5.466;103.046;100.546
2008-11-03;106.053;5.373;104.059;100.604
2008-11-04;107.42;5.274;92.686;88.863
2008-11-05;107.873;5.242;89.252;85.548
2008-11-06;108.37;5.207;93.184;89.184
2008-11-07;108.912;5.169;97.589;92.974
2008-11-10;108.883;5.171;98.832;94.382
2008-11-11;107.781;5.248;101.312;97.809
2008-11-12;107.335;5.28;108.777;105.336
2008-11-13;105.969;5.378;109.803;107.488
2008-11-14;106.284;5.356;106.576;104.072
2008-11-17;106.365;5.35;108.367;105.75
2008-11-18;106.2;5.362;106.555;104.249
2008-11-19;107.419;5.274;102.14;99.188
2008-11-20;108.761;5.179;120.38;114.97
2008-11-21;108.253;5.215;126.842;121.101
2008-11-24;108.2;5.218;114.08;108.903
2008-11-25;109.164;5.151;123.813;117.155
2008-11-26;109.746;5.11;130.08;122.358
2008-11-27;108.62;5.189;138.821;131.588
2008-11-28;107.972;5.234;141.249;134.465
2008-12-01;107.533;5.265;160.148;152.47
2008-12-02;108.481;5.198;179.118;168.728
2008-12-03;109.554;5.123;;
2008-12-04;107.092;5.297;186.863;178.0
2008-12-05;107.029;5.301;;180.548
2008-12-08;105.743;5.394;181.561;174.009
2008-12-09;106.311;5.353;168.472;161.365
2008-12-10;106.336;5.351;152.314;146.866
2008-12-11;105.907;5.382;151.73;147.132
2008-12-12;104.615;5.477;149.574;146.6
2008-12-15;105.094;5.442;153.577;150.225
2008-12-16;106.278;5.355;149.252;144.763
2008-12-17;107.102;5.296;156.795;151.374
2008-12-18;108.089;5.226;150.826;144.618
2008-12-19;106.654;5.328;154.041;149.235
2008-12-22;107.25;5.285;160.818;155.134
2008-12-23;106.84;5.315;159.526;154.225
2008-12-24;106.73;5.322;159.554;154.541
2008-12-25;106.712;5.324;159.667;154.659
2008-12-26;106.712;5.324;159.667;154.659
2008-12-29;107.294;5.282;166.029;159.948
2008-12-30;107.024;5.301;159.968;154.534
2008-12-31;106.626;5.33;161.054;156.075
2009-01-01;106.797;5.318;159.992;154.869
2009-01-02;107.574;5.262;158.344;152.48
2009-01-05;107.719;5.251;152.804;147.171
2009-01-06;105.637;5.402;150.573;147.351
2009-01-07;105.479;5.413;147.191;144.654
2009-01-08;106.208;5.36;152.945;149.964
2009-01-09;105.762;5.393;161.021;158.721
2009-01-12;104.814;5.462;164.863;164.062
2009-01-13;103.965;5.526;169.201;169.989
2009-01-14;102.906;5.606;172.739;175.33
2009-01-15;103.834;5.536;166.276;167.921
2009-01-16;103.618;5.552;169.294;171.576
2009-01-19;104.336;5.498;159.482;160.81
2009-01-20;104.042;5.52;163.972;165.793
2009-01-21;102.92;5.605;168.307;171.798
2009-01-22;102.022;5.674;166.757;171.472
2009-01-23;;;171.796;179.922
2009-01-26;;;161.586;167.827
2009-01-27;103.259;5.579;155.819;158.0
2009-01-28;104.382;5.494;156.517;157.135
2009-01-29;106.439;5.343;154.682;151.591
2009-01-30;105.388;5.42;156.906;155.263
2009-02-02;105.737;5.394;156.096;154.001
2009-02-03;105.81;5.389;152.185;149.746
2009-02-04;106.438;5.343;151.477;148.463
2009-02-05;105.684;5.398;149.576;147.919
2009-02-06;105.922;5.38;146.638;144.715
2009-02-09;106.221;5.358;147.089;144.441
2009-02-10;106.056;5.37;157.543;155.039
2009-02-11;105.969;5.377;161.237;159.405
2009-02-12;105.521;5.41;168.045;167.056
2009-02-13;104.883;5.457;167.081;166.757
2009-02-16;104.725;5.468;173.991;173.526
2009-02-17;104.695;5.471;186.182;185.351
2009-02-18;104.586;5.479;177.886;177.641
2009-02-19;104.548;5.481;172.892;172.587
2009-02-20;104.916;5.454;174.255;174.142
2009-02-23;105.4;5.418;168.53;167.739
2009-02-24;104.892;5.456;178.886;178.396
2009-02-25;104.887;5.456;182.55;182.14
2009-02-26;103.68;5.546;180.879;181.887
2009-02-27;103.756;5.541;180.493;181.508
2009-03-02;104.326;5.498;183.425;183.861
2009-03-03;103.95;5.526;181.973;183.163
2009-03-04;103.244;5.579;179.03;181.243
2009-03-05;104.029;5.52;188.767;190.204
2009-03-06;103.968;5.524;191.394;193.094
2009-03-09;103.871;5.532;194.508;196.14
2009-03-10;103.444;5.564;190.36;192.522
2009-03-11;102.83;5.611;190.23;193.252
2009-03-12;102.692;5.621;188.245;191.818
2009-03-13;102.306;5.651;181.491;186.176
2009-03-16;102.245;5.656;179.573;184.495
2009-03-17;102.238;5.656;174.154;179.043
2009-03-18;102.855;5.609;185.587;189.602
2009-03-19;104.346;5.496;167.582;170.038
2009-03-20;105.713;5.394;160.492;161.684
2009-03-23;105.866;5.383;151.488;152.647
2009-03-24;104.582;5.478;153.04;155.381
2009-03-25;104.989;5.448;152.235;153.952
2009-03-26;105.154;5.435;158.313;159.682
2009-03-27;106.11;5.365;151.818;152.556
2009-03-30;105.064;5.442;167.184;168.871
2009-03-31;105.163;5.435;164.314;166.187
2009-04-01;105.502;5.409;161.944;163.588
2009-04-02;105.245;5.428;150.59;152.073
2009-04-03;105.0;5.446;142.593;144.326
2009-04-06;105.012;5.446;145.08;146.801
2009-04-07;104.518;5.482;149.21;151.598
2009-04-08;104.647;5.473;146.164;148.339
2009-04-09;104.394;5.492;148.749;151.217
2009-04-10;104.739;5.466;145.336;147.507
2009-04-13;104.753;5.465;145.25;147.41
2009-04-14;104.883;5.455;148.038;150.343
2009-04-15;104.943;5.45;148.182;150.79
2009-04-16;105.366;5.419;146.485;148.572
2009-04-17;105.346;5.42;140.646;142.761
2009-04-20;106.19;5.358;147.904;149.184
2009-04-21;105.888;5.38;147.915;149.579
2009-04-22;106.31;5.349;146.085;146.932
2009-04-23;107.27;5.28;140.699;140.414
2009-04-24;107.241;5.282;143.28;143.145
2009-04-27;107.326;5.276;144.53;144.428
2009-04-28;107.839;5.239;141.044;140.559
2009-04-29;108.356;5.202;145.751;144.597
2009-04-30;108.493;5.192;138.861;137.721
2009-05-01;108.589;5.185;138.353;137.146
2009-05-04;108.065;5.222;133.742;132.948
2009-05-05;108.6;5.184;136.34;135.106
2009-05-06;108.62;5.183;137.544;136.44
2009-05-07;108.231;5.21;123.653;123.077
2009-05-08;108.203;5.212;117.282;116.816
2009-05-11;108.339;5.203;127.291;126.745
2009-05-12;107.115;5.29;136.468;137.139
2009-05-13;106.245;5.354;142.222;144.067
2009-05-14;105.692;5.394;143.635;146.204
2009-05-15;105.897;5.379;140.349;142.446
2009-05-18;105.916;5.378;143.234;145.463
2009-05-19;105.809;5.386;140.377;142.541
2009-05-20;106.015;5.37;134.81;136.787
2009-05-21;106.105;5.364;131.356;133.316
2009-05-22;105.809;5.385;127.734;129.901
2009-05-25;105.593;5.401;129.908;131.895
2009-05-26;105.389;5.416;129.891;131.957
2009-05-27;105.422;5.414;132.329;134.273
2009-05-28;104.772;5.462;129.55;132.007
2009-05-29;105.54;5.405;131.186;132.907
2009-06-01;104.669;5.47;129.75;132.25
2009-06-02;104.626;5.473;129.118;131.96
2009-06-03;105.877;5.38;130.158;131.765
2009-06-04;104.134;5.51;133.819;136.628
2009-06-05;104.31;5.497;125.161;127.409
2009-06-08;105.036;5.442;131.192;132.345
2009-06-09;104.979;5.447;132.194;133.584
2009-06-10;104.307;5.497;131.358;133.377
2009-06-11;104.271;5.5;132.165;134.196
2009-06-12;104.266;5.5;129.807;132.225
2009-06-15;104.657;5.471;131.839;134.208
2009-06-16;104.433;5.488;133.3;135.999
2009-06-17;104.534;5.48;130.043;132.95
2009-06-18;104.194;5.505;126.641;129.699
2009-06-19;104.783;5.461;124.919;127.767
2009-06-22;105.025;5.443;125.122;127.762
2009-06-23;104.169;5.507;128.487;131.968
2009-06-24;104.535;5.48;128.034;131.412
2009-06-25;104.998;5.445;126.264;129.267
2009-06-26;105.267;5.425;125.843;128.71
2009-06-29;105.723;5.391;124.375;126.937
2009-06-30;106.324;5.347;125.225;126.979
2009-07-01;106.114;5.362;121.839;123.982
2009-07-02;106.908;5.304;121.734;123.324
2009-07-03;106.712;5.318;123.599;125.274
2009-07-06;106.962;5.3;123.887;125.339
2009-07-07;106.229;5.354;127.756;130.029
2009-07-08;105.988;5.371;132.991;135.457
2009-07-09;105.783;5.387;130.535;133.047
2009-07-10;105.974;5.372;131.524;133.793
2009-07-13;105.79;5.386;131.508;134.012
2009-07-14;105.89;5.379;129.985;132.254
2009-07-15;105.897;5.378;125.499;127.45
2009-07-16;106.281;5.35;127.666;129.378
2009-07-17;105.907;5.377;124.879;126.871
2009-07-20;106.218;5.354;125.686;127.41
2009-07-21;106.59;5.327;122.416;123.999
2009-07-22;106.597;5.327;120.027;121.667
2009-07-23;106.202;5.356;119.144;120.944
2009-07-24;106.429;5.339;115.108;116.738
2009-07-27;106.641;5.323;111.934;113.384
2009-07-28;107.864;5.235;107.255;107.871
2009-07-29;108.37;5.198;107.556;107.887
2009-07-30;108.912;5.16;110.423;110.151
2009-07-31;109.937;5.087;111.038;110.109
2009-08-03;109.612;5.11;108.205;107.448
2009-08-04;109.851;5.093;105.742;104.735
2009-08-05;110.692;5.034;102.075;100.513
2009-08-06;110.649;5.037;100.904;99.375
2009-08-07;109.758;5.099;100.469;99.235
2009-08-10;110.703;5.034;99.864;98.04
2009-08-11;110.529;5.046;99.995;98.359
2009-08-12;110.348;5.058;101.576;100.07
2009-08-13;110.301;5.061;104.735;103.213
2009-08-14;111.089;5.006;105.169;103.336
2009-08-17;111.208;4.998;103.557;101.664
2009-08-18;111.302;4.992;103.072;101.11
2009-08-19;111.522;4.976;103.921;101.886
2009-08-20;111.536;4.975;106.819;104.616
2009-08-21;111.549;4.974;102.357;100.132
2009-08-24;110.948;5.016;108.927;107.059
2009-08-25;111.33;4.989;109.228;107.078
2009-08-26;111.799;4.957;108.549;106.175
2009-08-27;111.639;4.968;106.407;104.284
2009-08-28;111.525;4.976;108.739;106.631
2009-08-31;111.553;4.974;108.431;106.292
2009-09-01;111.314;4.99;111.1;109.177
2009-09-02;111.008;5.011;113.044;111.365
2009-09-03;110.058;5.077;114.826;113.879
2009-09-04;110.284;5.061;111.937;110.81
2009-09-07;109.436;5.121;118.588;118.22
2009-09-08;109.345;5.127;115.159;114.903
2009-09-09;108.998;5.151;107.835;108.014
2009-09-10;110.0;5.081;106.082;105.714
2009-09-11;111.273;4.992;105.369;104.025
2009-09-14;111.285;4.991;106.187;104.683
2009-09-15;111.243;4.994;102.797;101.32
2009-09-16;111.255;4.993;99.979;98.5
2009-09-17;111.247;4.994;97.646;96.257
2009-09-18;111.323;4.988;94.147;92.802
2009-09-21;110.893;5.018;94.449;93.429
2009-09-22;111.179;4.998;94.763;93.497
2009-09-23;111.372;4.985;94.593;93.249
2009-09-24;112.033;4.939;93.287;91.716
2009-09-25;113.12;4.865;92.735;90.423
2009-09-28;113.147;4.864;92.639;90.301
2009-09-29;113.868;4.815;89.778;87.095
2009-09-30;113.712;4.825;89.074;86.516
2009-10-01;113.391;4.847;98.202;95.625
2009-10-02;114.026;4.804;96.925;93.899
2009-10-05;114.12;4.798;94.26;91.224
2009-10-06;113.815;4.818;94.742;91.853
2009-10-07;114.252;4.789;96.943;93.701
2009-10-08;114.015;4.805;96.93;93.789
2009-10-09;113.208;4.859;99.82;96.896
2009-10-12;113.294;4.853;101.113;98.161
2009-10-13;112.599;4.9;106.881;104.182
2009-10-14;112.005;4.94;103.407;101.179
2009-10-15;111.004;5.009;103.941;102.402
2009-10-16;111.463;4.977;101.153;99.305
2009-10-19;111.752;4.957;98.774;96.851
2009-10-20;112.425;4.911;97.801;95.611
2009-10-21;111.424;4.98;94.869;93.337
2009-10-22;111.789;4.955;93.436;91.679
2009-10-23;111.232;4.993;91.792;90.416
2009-10-26;111.391;4.982;96.2;94.354
2009-10-27;112.33;4.917;91.818;89.88
2009-10-28;112.654;4.895;97.589;95.032
2009-10-29;111.925;4.945;91.469;89.618
2009-10-30;112.863;4.881;94.401;91.999
2009-11-02;112.672;4.894;93.198;90.977
2009-11-03;112.419;4.911;88.719;86.8
2009-11-04;112.02;4.938;89.235;87.475
2009-11-05;112.076;4.934;88.291;86.473
2009-11-06;111.847;4.95;86.833;85.238
2009-11-09;112.54;4.902;86.539;84.578
2009-11-10;113.061;4.867;86.407;84.119
2009-11-11;113.281;4.852;87.929;85.53
2009-11-12;113.103;4.864;84.693;82.501
2009-11-13;112.7;4.891;85.272;83.289
2009-11-16;113.068;4.866;90.299;87.956
2009-11-17;114.046;4.8;86.563;83.784
2009-11-18;114.075;4.798;87.043;84.153
2009-11-19;114.194;4.79;88.229;85.169
2009-11-20;114.11;4.796;90.113;86.949
2009-11-23;113.674;4.825;90.454;87.522
2009-11-24;113.729;4.821;92.838;89.86
2009-11-25;113.348;4.847;95.411;92.451
2009-11-26;113.32;4.848;101.196;98.117
2009-11-27;113.365;4.845;101.3;98.126
2009-11-30;114.123;4.794;95.826;92.404
2009-12-01;114.347;4.779;100.074;96.257
2009-12-02;114.304;4.782;96.255;92.715
2009-12-03;114.389;4.776;96.782;93.022
2009-12-04;114.358;4.778;92.432;88.776
2009-12-07;114.758;4.752;93.794;89.947
2009-12-08;114.731;4.753;95.658;91.819
2009-12-09;113.968;4.804;98.258;94.887
2009-12-10;113.564;4.831;98.198;95.031
2009-12-11;113.67;4.824;97.14;93.859
2009-12-14;114.104;4.795;95.761;92.291
2009-12-15;113.84;4.813;92.999;89.816
2009-12-16;114.746;4.752;88.973;85.553
2009-12-17;115.387;4.709;92.357;88.371
2009-12-18;115.425;4.707;92.601;88.521
2009-12-21;114.827;4.746;92.399;88.625
2009-12-22;114.79;4.749;88.208;84.632
2009-12-23;114.36;4.777;82.914;79.844
2009-12-24;114.309;4.78;84.634;81.465
2009-12-25;114.327;4.779;84.1;80.951
2009-12-28;114.488;4.769;80.056;77.002
2009-12-29;114.251;4.784;81.155;78.132
2009-12-30;113.778;4.816;83.767;80.838
2009-12-31;113.83;4.812;83.431;80.465
2010-01-01;113.827;4.812;82.618;79.697
2010-01-04;114.357;4.777;79.811;76.74
2010-01-05;114.121;4.793;85.399;82.342
2010-01-06;113.465;4.837;86.579;83.907
2010-01-07;113.681;4.822;86.323;83.649
2010-01-08;113.692;4.821;85.543;82.921
2010-01-11;113.389;4.842;90.089;87.606
2010-01-12;113.397;4.841;91.397;88.901
2010-01-13;112.583;4.896;95.856;93.733
2010-01-14;112.701;4.888;96.128;93.869
2010-01-15;113.19;4.855;96.491;93.863
2010-01-18;113.492;4.834;95.663;92.907
2010-01-19;113.359;4.843;94.483;91.871
2010-01-20;113.053;4.864;98.706;96.228
2010-01-21;113.089;4.861;99.712;97.222
2010-01-22;112.883;4.875;100.692;98.293
2010-01-25;113.158;4.857;100.248;97.661
2010-01-26;113.45;4.837;98.478;95.771
2010-01-27;112.882;4.875;102.229;99.725
2010-01-28;112.497;4.901;105.462;102.989
2010-01-29;113.094;4.861;102.898;100.137
2010-02-01;113.742;4.817;100.301;97.136
2010-02-02;113.661;4.822;101.495;98.315
2010-02-03;113.577;4.827;99.761;96.728
2010-02-04;113.731;4.817;106.364;103.001
2010-02-05;113.845;4.809;115.183;111.084
2010-02-08;113.475;4.834;113.357;109.435
2010-02-09;113.642;4.823;103.951;100.625
2010-02-10;113.925;4.803;100.224;96.819
2010-02-11;113.993;4.799;98.661;95.287
2010-02-12;113.613;4.824;103.615;100.453
2010-02-15;113.442;4.836;102.309;99.33
2010-02-16;113.386;4.84;102.197;99.331
2010-02-17;113.328;4.843;103.651;100.792
2010-02-18;112.913;4.871;103.74;101.133
2010-02-19;112.656;4.889;100.744;98.315
2010-02-22;112.928;4.87;103.159;100.442
2010-02-23;113.778;4.813;106.041;102.75
2010-02-24;113.818;4.81;108.014;104.608
2010-02-25;113.418;4.837;109.255;106.118
2010-02-26;113.752;4.814;108.863;105.47
2010-03-01;113.759;4.813;107.165;103.907
2010-03-02;113.69;4.818;104.414;101.405
2010-03-03;113.57;4.826;102.47;99.622
2010-03-04;113.524;4.829;105.188;102.278
2010-03-05;113.489;4.831;105.366;102.45
2010-03-08;113.375;4.839;103.958;101.234
2010-03-09;113.271;4.846;106.624;103.953
2010-03-10;113.664;4.819;102.091;99.301
2010-03-11;113.546;4.827;102.066;99.234
2010-03-12;113.804;4.809;100.952;98.014
2010-03-15;113.736;4.814;101.482;98.643
2010-03-16;113.851;4.806;104.544;101.525
2010-03-17;113.969;4.798;105.369;102.269
2010-03-18;113.598;4.823;105.51;102.64
2010-03-19;113.465;4.832;108.462;105.547
2010-03-22;113.774;4.811;110.303;107.095
2010-03-23;114.065;4.791;109.876;106.486
2010-03-24;114.085;4.79;107.293;103.993
2010-03-25;114.177;4.783;102.995;99.682
2010-03-26;114.274;4.777;102.437;99.13
2010-03-29;114.252;4.778;102.494;99.222
2010-03-30;114.477;4.763;104.896;101.414
2010-03-31;115.017;4.727;103.004;99.298
2010-04-01;115.434;4.699;101.19;97.266
2010-04-02;115.528;4.693;100.427;96.452
2010-04-05;115.529;4.693;100.419;96.444
2010-04-06;114.891;4.735;99.918;96.264
2010-04-07;114.846;4.738;103.766;100.039
2010-04-08;114.869;4.736;102.65;98.924
2010-04-09;114.647;4.751;101.901;98.319
2010-04-12;114.676;4.749;101.024;97.443
2010-04-13;114.794;4.741;102.077;98.461
2010-04-14;114.543;4.758;105.287;101.771
2010-04-15;114.701;4.747;104.255;100.672
2010-04-16;114.789;4.741;106.194;102.55
2010-04-19;114.945;4.73;106.002;102.276
2010-04-20;114.759;4.743;104.126;100.577
2010-04-21;114.37;4.769;109.376;105.865
2010-04-22;114.151;4.783;112.62;109.011
2010-04-23;113.757;4.81;117.827;114.223
2010-04-26;113.789;4.808;117.911;114.218
2010-04-27;113.849;4.804;131.636;127.078
2010-04-28;113.279;4.842;131.127;127.073
2010-04-29;113.554;4.823;126.767;122.679
2010-04-30;113.294;4.841;128.319;124.605
2010-05-03;113.538;4.824;122.397;118.709
2010-05-04;113.078;4.856;133.608;129.774
2010-05-05;112.673;4.883;145.484;141.519
2010-05-06;110.65;5.024;162.362;159.409
2010-05-07;109.508;5.105;172.579;170.34
2010-05-10;112.578;4.889;133.259;130.09
2010-05-11;111.967;4.932;130.799;128.327
2010-05-12;112.004;4.929;131.99;129.47
2010-05-13;112.474;4.896;127.068;124.425
2010-05-14;112.559;4.89;137.886;134.603
2010-05-17;112.436;4.899;139.588;136.222
2010-05-18;112.508;4.894;149.043;145.301
2010-05-19;112.638;4.885;147.606;143.597
2010-05-20;111.95;4.932;162.543;158.467
2010-05-21;111.994;4.929;165.945;161.504
2010-05-24;112.301;4.908;165.543;160.67
2010-05-25;112.148;4.918;176.194;170.827
2010-05-26;111.341;4.974;176.724;172.293
2010-05-27;110.358;5.044;175.825;172.666
2010-05-28;110.332;5.045;179.992;176.811
2010-05-31;110.472;5.035;177.626;174.341
2010-06-01;109.955;5.072;178.945;176.14
2010-06-02;108.751;5.158;189.412;187.764
2010-06-03;108.138;5.203;188.012;187.399
2010-06-04;108.125;5.204;191.337;190.696
2010-06-07;107.084;5.28;195.669;196.64
2010-06-08;106.385;5.332;205.674;
2010-06-09;107.64;5.239;197.379;197.488
2010-06-10;109.378;5.113;180.702;179.019
2010-06-11;110.077;5.063;181.034;178.715
2010-06-14;108.895;5.148;186.615;185.496
2010-06-15;109.313;5.117;179.853;178.375
2010-06-16;108.838;5.152;182.283;181.566
2010-06-17;109.239;5.123;179.97;178.803
2010-06-18;110.167;5.056;169.602;167.524
2010-06-21;110.494;5.033;164.601;162.379
2010-06-22;110.266;5.049;173.181;170.971
2010-06-23;109.874;5.077;174.32;172.766
2010-06-24;109.649;5.093;179.216;177.775
2010-06-25;109.013;5.139;181.356;180.622
2010-06-28;108.557;5.172;184.454;184.139
2010-06-29;108.946;5.143;185.059;184.242
2010-06-30;109.281;5.119;182.437;181.169
2010-07-01;109.713;5.088;180.838;179.178
2010-07-02;110.404;5.039;175.804;173.507
2010-07-05;110.762;5.013;176.364;173.691
2010-07-06;110.256;5.049;176.405;174.414
2010-07-07;110.084;5.061;176.204;174.375
2010-07-08;110.323;5.044;174.372;172.332
2010-07-09;110.32;5.044;175.754;173.711
2010-07-12;110.086;5.061;183.045;181.145
2010-07-13;109.636;5.093;181.804;180.462
2010-07-14;108.729;5.159;185.2;184.832
2010-07-15;108.53;5.173;184.813;184.746
2010-07-16;109.185;5.126;184.931;183.993
2010-07-19;109.336;5.115;178.35;177.388
2010-07-20;109.916;5.073;175.962;174.467
2010-07-21;109.907;5.073;175.059;173.73
2010-07-22;109.994;5.067;171.381;170.027
2010-07-23;110.283;5.047;167.595;165.867
2010-07-26;110.863;5.005;158.02;155.815
2010-07-27;111.855;4.936;151.423;148.414
2010-07-28;111.321;4.973;155.198;152.714
2010-07-29;111.669;4.948;154.559;151.859
2010-07-30;111.938;4.93;155.98;152.976
2010-08-02;112.206;4.911;150.78;147.648
2010-08-03;112.957;4.859;155.084;151.113
2010-08-04;113.294;4.835;154.307;150.017
2010-08-05;113.868;4.796;156.391;151.359
2010-08-06;114.705;4.739;156.739;150.909
2010-08-09;114.769;4.735;154.189;148.499
2010-08-10;113.744;4.804;161.415;156.388
2010-08-11;114.444;4.757;166.996;161.264
2010-08-12;114.313;4.765;169.717;163.868
2010-08-13;113.919;4.792;176.965;171.144
2010-08-16;114.447;4.756;188.001;180.716
2010-08-17;114.823;4.731;181.029;173.606
2010-08-18;115.616;4.677;178.497;170.465
2010-08-19;115.553;4.681;183.234;174.972
2010-08-20;115.735;4.669;188.12;179.43
2010-08-23;115.983;4.653;184.027;175.342
2010-08-24;116.47;4.62;195.682;185.532
2010-08-25;116.803;4.598;198.612;187.761
2010-08-26;116.753;4.601;;191.141
2010-08-27;116.663;4.607;198.782;187.615
2010-08-30;116.501;4.618;;
2010-08-31;116.482;4.619;;
2010-09-01;116.753;4.601;196.416;185.3
2010-09-02;116.455;4.62;185.445;175.576
2010-09-03;115.945;4.654;176.916;
2010-09-06;115.422;4.689;183.329;174.798
2010-09-07;115.461;4.686;191.781;182.558
2010-09-08;115.614;4.676;189.414;180.05
2010-09-09;115.529;4.681;185.353;176.18
2010-09-10;114.585;4.745;182.707;174.872
2010-09-13;113.791;4.799;182.634;175.799
2010-09-14;114.061;4.78;186.289;178.995
2010-09-15;113.718;4.803;181.168;174.496
2010-09-16;113.019;4.851;176.391;170.895
2010-09-17;113.142;4.843;179.501;173.676
2010-09-20;112.562;4.883;181.222;175.699
2010-09-21;113.129;4.844;179.351;173.298
2010-09-22;113.812;4.796;184.347;177.616
2010-09-23;113.961;4.786;186.768;179.694
2010-09-24;113.619;4.81;185.263;178.489
2010-09-27;114.033;4.781;190.681;183.184
2010-09-28;113.785;4.798;194.932;187.427
2010-09-29;113.681;4.805;195.723;
2010-09-30;114.4;4.756;191.296;182.934
2010-10-01;114.571;4.744;188.946;180.526
2010-10-04;114.952;4.718;190.952;181.949
2010-10-05;114.936;4.719;186.472;177.819
2010-10-06;115.486;4.682;187.712;178.374
2010-10-07;115.032;4.713;185.493;176.828
2010-10-08;115.427;4.686;184.768;175.699
2010-10-11;115.621;4.673;183.022;173.918
2010-10-12;116.017;4.646;183.07;173.167
2010-10-13;115.788;4.661;182.082;172.851
2010-10-14;116.171;4.636;176.323;167.068
2010-10-15;116.009;4.647;171.21;162.403
2010-10-18;116.204;4.633;166.757;158.01
2010-10-19;115.878;4.655;165.735;157.301
2010-10-20;116.157;4.636;163.137;154.465
2010-10-21;115.399;4.687;165.075;156.676
2010-10-22;115.602;4.673;167.859;158.97
2010-10-25;116.237;4.631;164.804;155.528
2010-10-26;116.08;4.641;163.553;154.247
2010-10-27;114.667;4.736;166.764;158.653
2010-10-28;114.508;4.747;168.838;160.734
2010-10-29;114.351;4.757;174.472;166.216
2010-11-01;114.631;4.738;179.123;170.106
2010-11-02;114.597;4.74;181.598;172.443
2010-11-03;114.98;4.714;180.636;171.096
2010-11-04;113.87;4.79;187.201;178.923
2010-11-05;113.649;4.805;186.117;178.177
2010-11-08;112.775;4.865;190.282;183.185
2010-11-09;112.72;4.869;186.964;179.998
2010-11-10;111.677;4.942;191.137;185.149
2010-11-11;109.696;5.083;;
2010-11-12;110.576;5.02;189.251;184.583
2010-11-15;110.532;5.023;186.74;182.192
2010-11-16;109.755;5.078;183.584;180.164
2010-11-17;109.981;5.062;182.725;179.13
2010-11-18;109.028;5.131;174.705;172.655
2010-11-19;109.691;5.083;175.316;172.271
2010-11-22;110.373;5.034;175.559;171.829
2010-11-23;110.341;5.036;184.414;180.5
2010-11-24;109.509;5.096;177.201;174.447
2010-11-25;109.154;5.122;173.082;170.907
2010-11-26;109.038;5.13;174.416;172.191
2010-11-29;106.195;5.341;;
2010-11-30;105.805;5.371;;
2010-12-01;107.537;5.24;174.977;174.539
2010-12-02;109.064;5.128;163.644;161.511
2010-12-03;108.544;5.166;162.627;161.198
2010-12-06;107.486;5.244;169.849;169.637
2010-12-07;107.07;5.275;164.332;164.565
2010-12-08;106.792;5.296;164.744;164.945
2010-12-09;107.397;5.251;167.485;166.834
2010-12-10;107.153;5.269;165.325;164.99
2010-12-13;106.674;5.305;167.575;167.765
2010-12-14;106.605;5.31;159.092;159.52
2010-12-15;106.86;5.291;;
2010-12-16;106.464;5.32;;157.661
2010-12-17;105.969;5.358;164.688;165.955
2010-12-20;106.313;5.332;165.928;166.886
2010-12-21;105.799;5.371;169.155;170.717
2010-12-22;105.862;5.366;170.783;172.452
2010-12-23;105.785;5.372;167.85;169.684
2010-12-24;105.806;5.37;167.43;169.231
2010-12-27;105.842;5.368;164.522;166.257
2010-12-28;106.061;5.351;164.389;165.8
2010-12-29;104.9;5.44;171.757;174.678
2010-12-30;104.937;5.437;176.945;179.717
2010-12-31;104.916;5.439;177.23;180.004
2011-01-03;105.917;5.362;177.066;178.736
2011-01-04;106.589;5.311;175.664;176.654
2011-01-05;106.319;5.331;169.547;170.779
2011-01-06;104.729;5.453;185.108;188.343
2011-01-07;104.289;5.487;192.229;196.074
2011-01-10;103.633;5.539;194.204;199.109
2011-01-11;103.892;5.518;190.206;194.73
2011-01-12;103.73;5.531;178.898;183.436
2011-01-13;105.33;5.406;173.246;175.364
2011-01-14;105.698;5.378;169.114;170.702
2011-01-17;105.178;5.418;173.321;175.546
2011-01-18;104.863;5.442;173.33;175.762
2011-01-19;105.643;5.382;167.481;169.05
2011-01-20;104.928;5.437;164.391;166.706
2011-01-21;105.865;5.365;161.036;162.15
2011-01-24;106.143;5.344;158.615;159.642
2011-01-25;105.2;5.416;166.659;168.876
2011-01-26;104.318;5.485;167.958;171.048
2011-01-27;103.965;5.512;169.594;172.92
2011-01-28;104.665;5.458;167.419;169.901
2011-01-31;104.903;5.439;161.483;163.62
2011-02-01;105.7;5.378;153.25;154.551
2011-02-02;106.765;5.297;143.232;143.468
2011-02-03;105.863;5.365;152.644;153.879
2011-02-04;106.378;5.326;145.851;146.409
2011-02-07;105.293;5.409;154.749;156.444
2011-02-08;104.363;5.481;157.81;160.537
2011-02-09;104.173;5.496;156.587;159.499
2011-02-10;104.033;5.507;157.614;160.765
2011-02-11;103.933;5.514;159.417;162.781
2011-02-14;103.588;5.542;160.561;164.348
2011-02-15;104.045;5.505;157.603;160.958
2011-02-16;104.948;5.435;157.569;159.877
2011-02-17;104.65;5.458;163.699;166.436
2011-02-18;104.203;5.493;160.958;164.127
2011-02-21;104.123;5.499;165.801;169.061
2011-02-22;104.07;5.503;171.123;174.324
2011-02-23;103.638;5.537;175.455;179.097
2011-02-24;103.38;5.558;176.813;180.91
2011-02-25;103.095;5.58;177.449;181.928
2011-02-28;103.235;5.569;176.601;180.915
2011-03-01;103.45;5.552;175.308;179.311
2011-03-02;103.6;5.54;171.486;175.269
2011-03-03;102.638;5.616;168.383;172.897
2011-03-04;102.96;5.591;171.506;175.62
2011-03-07;102.803;5.603;170.617;175.017
2011-03-08;101.523;5.706;176.27;182.394
2011-03-09;101.195;5.733;179.876;186.536
2011-03-10;101.47;5.711;180.801;187.191
2011-03-11;102.39;5.636;176.673;181.856
2011-03-14;103.605;5.539;168.456;172.042
2011-03-15;104.48;5.47;169.602;172.292
2011-03-16;104.593;5.462;171.722;174.632
2011-03-17;103.84;5.521;168.21;171.862
2011-03-18;104.22;5.491;163.672;166.69
2011-03-21;103.843;5.52;161.332;164.734
2011-03-22;103.16;5.574;164.753;168.959
2011-03-23;103.16;5.574;168.084;172.373
2011-03-24;103.108;5.578;162.305;166.669
2011-03-25;103.078;5.581;161.135;165.414
2011-03-28;102.98;5.589;162.062;166.46
2011-03-29;103.065;5.582;156.839;160.872
2011-03-30;103.12;5.577;157.578;161.596
2011-03-31;102.61;5.618;159.194;163.721
2011-04-01;102.938;5.592;155.464;159.49
2011-04-04;103.47;5.549;152.571;156.013
2011-04-05;103.453;5.551;150.213;153.675
2011-04-06;103.735;5.528;144.121;147.173
2011-04-07;103.475;5.549;147.737;151.14
2011-04-08;103.565;5.542;140.743;143.921
2011-04-11;104.103;5.499;136.097;138.652
2011-04-12;104.806;5.444;135.102;137.036
2011-04-13;104.483;5.469;140.608;142.916
2011-04-14;103.938;5.512;141.806;144.667
2011-04-15;103.711;5.53;148.105;151.21
2011-04-18;103.221;5.569;161.214;165.191
2011-04-19;103.545;5.543;156.459;159.782
2011-04-20;103.698;5.531;153.7;156.875
2011-04-21;103.593;5.539;156.75;160.231
2011-04-22;103.593;5.539;156.716;160.225
2011-04-25;103.593;5.539;156.536;159.966
2011-04-26;103.033;5.584;162.322;166.528
2011-04-27;103.116;5.577;156.357;160.339
2011-04-28;103.551;5.542;157.597;161.026
2011-04-29;104.076;5.501;157.623;160.498
2011-05-02;104.181;5.493;156.033;158.701
2011-05-03;104.216;5.49;155.298;157.807
2011-05-04;104.101;5.499;154.064;156.528
2011-05-05;104.386;5.476;156.877;159.353
2011-05-06;104.693;5.452;163.236;165.448
2011-05-09;104.431;5.473;168.403;170.893
2011-05-10;104.888;5.437;162.954;165.014
2011-05-11;105.206;5.412;161.88;163.651
2011-05-12;105.548;5.386;155.33;156.779
2011-05-13;105.113;5.419;163.309;165.25
2011-05-16;105.328;5.403;159.525;161.227
2011-05-17;105.131;5.418;161.306;163.195
2011-05-18;104.901;5.436;161.268;163.409
2011-05-19;104.701;5.451;162.892;165.246
2011-05-20;104.431;5.473;169.129;171.974
2011-05-23;104.045;5.503;175.924;179.423
2011-05-24;104.46;5.47;169.761;172.72
2011-05-25;105.023;5.426;166.168;168.487
2011-05-26;105.331;5.402;168.783;170.84
2011-05-27;105.033;5.425;171.203;173.644
2011-05-30;104.494;5.467;175.807;178.829
2011-05-31;104.691;5.452;170.587;173.395
2011-06-01;105.203;5.412;169.229;171.534
2011-06-02;105.641;5.378;162.115;163.859
2011-06-03;106.159;5.338;158.326;159.471
2011-06-06;105.741;5.37;163.885;165.421
2011-06-07;104.826;5.441;164.609;167.155
2011-06-08;104.521;5.465;169.853;172.863
2011-06-09;104.154;5.494;173.099;176.842
2011-06-10;104.251;5.486;179.583;183.356
2011-06-13;104.254;5.486;178.605;182.402
2011-06-14;104.534;5.464;169.979;173.369
2011-06-15;103.744;5.526;178.852;183.538
2011-06-16;103.328;5.56;178.26;183.564
2011-06-17;103.711;5.529;174.679;179.251
2011-06-20;103.113;5.577;176.72;182.143
2011-06-21;103.376;5.556;171.861;176.93
2011-06-22;102.783;5.603;177.998;184.098
2011-06-23;102.175;5.652;187.916;195.106
2011-06-24;101.773;5.685;191.97;199.888
2011-06-27;101.593;5.7;186.224;194.3
2011-06-28;101.555;5.703;181.206;189.184
2011-06-29;102.06;5.662;174.176;181.27
2011-06-30;102.805;5.601;169.654;175.559
2011-07-01;103.228;5.567;168.667;173.826
2011-07-04;102.833;5.599;173.126;178.735
2011-07-05;101.988;5.668;181.404;188.181
2011-07-06;100.568;5.784;195.844;204.993
2011-07-07;100.17;5.818;193.349;203.096
2011-07-08;99.215;5.898;209.831;221.674
2011-07-11;96.197;6.16;246.103;264.623
2011-07-12;97.48;6.047;235.536;250.844
2011-07-13;97.572;6.039;231.944;247.124
2011-07-14;96.602;6.124;237.366;254.854
2011-07-15;95.65;6.209;250.102;269.828
2011-07-18;93.893;6.368;265.077;288.98
2011-07-19;96.22;6.158;246.132;264.405
2011-07-20;97.38;6.056;227.079;242.604
2011-07-21;99.058;5.912;207.792;219.59
2011-07-22;98.963;5.92;213.381;225.515
2011-07-25;96.135;6.166;236.339;254.521
2011-07-26;96.745;6.112;235.07;252.118
2011-07-27;95.615;6.213;246.92;266.801
2011-07-28;94.955;6.272;251.05;272.569
2011-07-29;94.615;6.303;256.65;279.276
2011-08-01;93.44;6.411;266.27;292.196
2011-08-02;92.65;6.485;277.5;305.92
2011-08-03;93.515;6.404;271.12;296.614
2011-08-04;92.102;6.536;286.58;317.63
2011-08-05;93.59;6.397;263.111;288.312
2011-08-08;98.29;5.978;253.303;268.656
2011-08-09;98.667;5.945;245.651;260.176
2011-08-10;97.955;6.006;269.503;286.007
2011-08-11;96.665;6.119;265.392;284.902
2011-08-12;97.113;6.08;261.085;279.45
2011-08-15;98.298;5.977;251.457;267.031
2011-08-16;98.785;5.935;251.857;266.725
2011-08-17;99.913;5.839;251.854;264.464
2011-08-18;99.588;5.867;264.395;278.109
2011-08-19;99.888;5.841;262.343;275.08
2011-08-22;99.838;5.845;260.612;273.486
2011-08-23;99.033;5.914;265.157;279.529
2011-08-24;97.88;6.013;264.511;281.182
2011-08-25;97.83;6.017;262.748;280.107
2011-08-26;97.625;6.035;265.802;283.74
2011-08-29;97.218;6.071;263.278;281.802
2011-08-30;96.5;6.134;273.246;294.032
2011-08-31;95.615;6.213;272.282;295.087
2011-09-01;94.213;6.34;289.195;316.434
2011-09-02;92.435;6.506;303.457;337.065
2011-09-05;90.12;6.728;323.989;365.677
2011-09-06;90.688;6.673;324.392;363.661
2011-09-07;93.423;6.413;305.621;335.894
2011-09-08;93.56;6.401;307.483;338.037
2011-09-09;91.95;6.552;326.856;363.216
2011-09-12;90.447;6.697;341.733;383.121
2011-09-13;89.97;6.743;342.589;384.914
2011-09-14;90.5;6.692;332.308;372.174
2011-09-15;91.065;6.637;326.677;364.191
2011-09-16;92.358;6.513;329.216;362.914
2011-09-19;91.473;6.598;340.948;377.687
2011-09-20;90.753;6.667;347.352;386.365
2011-09-21;90.383;6.703;352.034;391.998
2011-09-22;91.133;6.631;356.297;393.928
2011-09-23;91.068;6.637;355.048;392.21
2011-09-26;91.167;6.627;353.126;389.747
2011-09-27;91.593;6.586;339.14;373.887
2011-09-28;91.042;6.64;334.275;370.706
2011-09-29;91.333;6.612;334.548;369.773
2011-09-30;91.233;6.621;343.263;379.373
2011-10-03;90.94;6.65;352.621;390.562
2011-10-04;90.96;6.648;353.905;391.529
2011-10-05;90.608;6.682;344.571;383.019
2011-10-06;91.183;6.626;335.989;371.837
2011-10-07;90.878;6.656;339.735;376.683
2011-10-10;90.768;6.667;333.497;370.15
2011-10-11;90.72;6.671;334.722;371.682
2011-10-12;90.305;6.712;324.879;362.317
2011-10-13;89.135;6.828;339.684;382.104
2011-10-14;89.208;6.82;334.233;375.708
2011-10-17;89.228;6.819;345.259;387.942
2011-10-18;88.96;6.845;349.484;393.425
2011-10-19;88.875;6.854;344.824;388.674
2011-10-20;88.148;6.928;354.082;401.066
2011-10-21;89.59;6.783;344.672;385.735
2011-10-24;89.165;6.825;344.676;387.088
2011-10-25;89.555;6.787;347.216;389.036
2011-10-26;90.125;6.73;344.421;384.713
2011-10-27;90.973;6.648;325.114;361.293
2011-10-28;89.78;6.765;332.192;372.838
2011-10-31;89.188;6.823;349.325;393.097
2011-11-01;87.655;6.978;367.844;418.35
2011-11-02;87.565;6.988;363.79;414.525
2011-11-03;87.545;6.99;358.447;409.265
2011-11-04;86.973;7.049;364.411;417.833
2011-11-07;84.37;7.325;383.373;448.191
2011-11-08;83.128;7.462;388.675;458.457
2011-11-09;79.665;7.859;427.435;516.127
2011-11-10;82.26;7.559;405.323;479.507
2011-11-11;84.745;7.285;382.281;444.244
2011-11-14;82.118;7.575;406.876;482.366
2011-11-15;79.093;7.927;422.197;512.818
2011-11-16;80.053;7.814;411.78;496.295
2011-11-17;81.35;7.663;401.265;478.025
2011-11-18;82.475;7.536;388.14;458.252
2011-11-21;82.37;7.548;392.791;463.971
2011-11-22;81.53;7.643;398.643;474.484
2011-11-23;81.11;7.692;400.165;477.133
2011-11-24;80.643;7.746;399.206;478.323
2011-11-25;80.16;7.803;400.739;482.191
2011-11-28;81.308;7.669;389.967;464.876
2011-11-29;81.015;7.703;389.674;466.075
2011-11-30;81.9;7.602;385.308;458.397
2011-12-01;83.738;7.397;380.722;445.752
2011-12-02;83.71;7.4;380.185;445.024
2011-12-05;88.043;6.941;347.51;393.543
2011-12-06;87.605;6.986;354.429;402.079
2011-12-07;87.1;7.039;363.261;413.225
2011-12-08;84.258;7.341;390.123;453.218
2011-12-09;84.245;7.342;383.036;445.773
2011-12-12;83.373;7.438;397.817;464.997
2011-12-13;83.003;7.479;403.202;471.897
2011-12-14;82.475;7.539;412.103;484.174
2011-12-15;82.743;7.509;408.716;479.73
2011-12-16;83.473;7.428;411.027;479.602
2011-12-19;85.195;7.241;396.363;456.521
2011-12-20;87.14;7.036;375.991;427.525
2011-12-21;85.67;7.19;383.689;441.525
2011-12-22;85.917;7.164;382.03;439.465
2011-12-23;85.93;7.163;382.409;439.832
2011-12-26;85.93;7.163;381.988;439.415
2011-12-27;85.808;7.176;387.205;445.775
2011-12-28;85.852;7.172;389.487;447.935
2011-12-29;85.808;7.176;390.196;449.078
2011-12-30;85.813;7.176;390.693;450.079
2012-01-02;86.88;7.064;378.962;432.722
2012-01-03;86.563;7.097;384.699;440.839
2012-01-04;85.993;7.157;386.31;444.768
2012-01-05;84.568;7.31;396.61;461.435
2012-01-06;83.938;7.379;403.009;470.598
2012-01-09;83.665;7.409;406.437;475.468
2012-01-10;83.568;7.42;406.417;475.948
2012-01-11;84.195;7.352;408.205;475.637
2012-01-12;85.602;7.2;401.36;462.682
2012-01-13;85.165;7.247;409.337;473.308
2012-01-16;83.852;7.39;415.982;486.016
2012-01-17;84.678;7.3;406.448;472.055
2012-01-18;85.225;7.241;404.111;467.269
2012-01-19;85.352;7.227;398.791;461.0
2012-01-20;86.238;7.133;387.898;446.133
2012-01-23;87.88;6.963;372.922;424.359
2012-01-24;87.98;6.952;369.545;420.151
2012-01-25;88.208;6.929;372.582;422.722
2012-01-26;89.528;6.796;368.629;414.225
2012-01-27;91.273;6.624;356.251;395.438
2012-01-30;90.388;6.711;367.196;410.034
2012-01-31;91.41;6.611;364.927;404.459
2012-02-01;94.135;6.353;345.927;376.362
2012-02-02;94.947;6.278;341.64;369.736
2012-02-03;94.99;6.274;331.727;359.424
2012-02-06;95.088;6.265;336.642;364.327
2012-02-07;95.248;6.251;330.244;356.922
2012-02-08;95.565;6.222;324.799;350.251
2012-02-09;96.743;6.116;315.333;337.394
2012-02-10;96.22;6.163;328.199;352.042
2012-02-13;96.805;6.11;321.234;343.623
2012-02-14;97.387;6.059;322.147;343.238
2012-02-15;96.243;6.161;332.475;356.735
2012-02-16;96.515;6.136;327.015;349.92
2012-02-17;97.5;6.049;317.957;338.303
2012-02-20;98.415;5.968;309.916;328.036
2012-02-21;98.893;5.927;305.691;322.56
2012-02-22;98.178;5.989;316.514;335.051
2012-02-23;97.465;6.052;323.094;343.546
2012-02-24;97.875;6.016;320.479;340.153
2012-02-27;97.848;6.018;324.703;344.726
2012-02-28;98.283;5.98;322.665;341.481
2012-02-29;99.98;5.833;311.11;325.625
2012-03-01;101.953;5.668;296.755;306.813
2012-03-02;102.163;5.65;300.332;310.064
2012-03-05;101.423;5.712;304.004;315.292
2012-03-06;100.063;5.826;310.205;324.934
2012-03-07;100.945;5.752;305.95;318.643
2012-03-08;101.993;5.664;297.959;308.264
2012-03-09;102.158;5.651;296.767;306.718
2012-03-12;101.755;5.684;299.642;310.463
2012-03-13;102.005;5.663;294.709;305.226
2012-03-14;102.315;5.637;283.463;292.898
2012-03-15;102.378;5.632;283.138;292.323
2012-03-16;102.11;5.654;279.16;288.537
2012-03-19;102.35;5.634;277.324;286.164
2012-03-20;102.035;5.66;282.144;291.637
2012-03-21;101.417;5.712;289.276;300.403
2012-03-22;100.785;5.765;296.126;308.81
2012-03-23;100.693;5.773;299.419;312.402
2012-03-26;100.763;5.767;295.513;308.04
2012-03-27;99.713;5.856;303.837;319.081
2012-03-28;99.613;5.865;307.231;322.634
2012-03-29;98.32;5.977;317.085;335.831
2012-03-30;99.493;5.875;309.713;325.698
2012-04-02;99.788;5.85;307.93;323.053
2012-04-03;99.29;5.892;308.621;325.037
2012-04-04;97.303;6.066;321.827;343.573
2012-04-05;96.703;6.12;329.694;353.238
2012-04-06;;;329.63;353.191
2012-04-09;96.703;6.12;329.709;353.257
2012-04-10;94.628;6.309;345.888;375.977
2012-04-11;96.033;6.18;335.4;360.853
2012-04-12;97.39;6.059;328.17;349.75
2012-04-13;96.485;6.139;335.815;360.12
2012-04-16;96.038;6.18;338.826;364.414
2012-04-17;97.09;6.085;330.163;352.603
2012-04-18;96.975;6.096;334.284;357.228
2012-04-19;95.94;6.189;340.061;365.792
2012-04-20;95.102;6.265;341.94;369.994
2012-04-23;94.625;6.309;345.797;375.315
2012-04-24;95.278;6.249;340.165;367.741
2012-04-25;95.72;6.209;333.528;359.957
2012-04-26;95.805;6.201;335.359;362.004
2012-04-27;95.935;6.189;335.602;362.011
2012-04-30;97.23;6.073;327.735;350.353
2012-05-01;97.155;6.08;330.265;353.56
2012-05-02;97.028;6.091;335.195;359.478
2012-05-03;97.468;6.052;333.907;357.098
2012-05-04;97.873;6.016;335.083;357.386
2012-05-07;98.215;5.986;333.356;354.733
2012-05-08;97.98;6.007;335.712;357.545
2012-05-09;96.643;6.126;344.924;370.164
2012-05-10;97.51;6.048;343.031;365.514
2012-05-11;97.607;6.04;347.584;369.399
2012-05-14;95.977;6.186;358.501;384.776
2012-05-15;94.988;6.277;370.662;399.795
2012-05-16;95.548;6.225;365.522;392.869
2012-05-17;95.77;6.205;365.826;392.763
2012-05-18;96.125;6.173;365.91;391.446
2012-05-21;96.47;6.142;363.098;387.42
2012-05-22;97.745;6.028;356.281;376.973
2012-05-23;96.495;6.139;372.392;396.803
2012-05-24;97.143;6.081;372.487;394.774
2012-05-25;96.413;6.147;378.176;402.723
2012-05-28;95.678;6.214;382.382;409.286
2012-05-29;95.338;6.245;387.757;415.49
2012-05-30;94.543;6.318;400.692;431.162
2012-05-31;94.445;6.328;409.722;440.515
2012-06-01;95.175;6.26;411.471;439.12
2012-06-04;96.468;6.142;405.286;428.51
2012-06-05;96.71;6.12;404.04;426.252
2012-06-06;96.792;6.113;395.514;417.479
2012-06-07;96.24;6.163;385.096;409.135
2012-06-08;95.553;6.226;394.438;420.815
2012-06-11;93.788;6.389;401.137;433.74
2012-06-12;92.2;6.541;405.006;442.622
2012-06-13;91.513;6.608;397.114;437.853
2012-06-14;92.405;6.521;391.145;428.755
2012-06-15;93.985;6.371;392.76;425.185
2012-06-18;92.828;6.481;399.004;434.688
2012-06-19;93.938;6.376;383.394;415.496
2012-06-20;95.035;6.274;371.326;399.539
2012-06-21;95.35;6.245;376.915;404.515
2012-06-22;95.048;6.273;377.078;405.696
2012-06-25;93.315;6.435;387.238;421.563
2012-06-26;92.038;6.557;396.801;436.062
2012-06-27;92.068;6.555;391.8;430.667
2012-06-28;91.765;6.584;395.226;435.464
2012-06-29;94.603;6.314;372.57;403.351
2012-07-02;95.345;6.246;368.479;396.724
2012-07-03;96.045;6.181;363.495;390.858
2012-07-04;95.308;6.249;371.045;401.105
2012-07-05;93.848;6.385;382.568;418.301
2012-07-06;93.7;6.399;386.946;423.277
2012-07-09;93.318;6.435;388.916;426.771
2012-07-10;94.535;6.321;383.12;416.205
2012-07-11;95.523;6.23;380.46;410.443
2012-07-12;94.955;6.282;384.003;416.307
2012-07-13;93.328;6.435;391.129;429.101
2012-07-16;92.633;6.501;396.202;436.669
2012-07-17;92.44;6.52;398.147;439.456
2012-07-18;91.398;6.621;407.848;453.324
2012-07-19;92.085;6.554;401.828;444.843
2012-07-20;90.855;6.675;412.252;460.465
2012-07-23;89.7;6.79;419.593;472.671
2012-07-24;87.405;7.026;426.832;489.538
2012-07-25;88.645;6.898;418.929;475.844
2012-07-26;92.063;6.557;396.913;439.762
2012-07-27;92.47;6.518;389.641;430.486
2012-07-30;92.24;6.54;390.835;433.143
2012-07-31;91.203;6.641;403.734;450.163
2012-08-01;92.405;6.524;391.03;432.98
2012-08-02;89.233;6.838;420.502;474.976
2012-08-03;91.072;6.654;394.639;441.328
2012-08-06;92.373;6.527;388.922;430.769
2012-08-07;93.085;6.459;377.816;417.096
2012-08-08;93.88;6.384;378.666;415.151
2012-08-09;94.403;6.334;376.378;411.376
2012-08-10;93.79;6.392;384.278;421.599
2012-08-13;93.793;6.392;383.13;420.503
2012-08-14;94.235;6.35;375.318;411.006
2012-08-15;95.14;6.266;364.817;397.24
2012-08-16;94.74;6.303;364.877;398.235
2012-08-17;94.78;6.299;372.155;406.039
2012-08-20;94.845;6.293;372.04;405.931
2012-08-21;95.543;6.229;364.009;395.753
2012-08-22;96.273;6.162;363.945;393.486
2012-08-23;96.205;6.168;372.271;402.137
2012-08-24;95.88;6.198;376.324;407.386
2012-08-27;96.19;6.17;374.432;404.488
2012-08-28;95.572;6.226;380.283;412.401
2012-08-29;96.123;6.176;374.527;404.765
2012-08-30;95.485;6.234;383.204;415.735
2012-08-31;95.295;6.252;382.352;415.625
2012-09-03;95.69;6.215;376.632;408.602
2012-09-04;96.338;6.156;371.868;401.975
2012-09-05;97.43;6.058;360.511;387.529
2012-09-06;98.92;5.926;345.817;368.297
2012-09-07;100.605;5.78;334.713;352.798
2012-09-10;99.02;5.917;343.785;366.394
2012-09-11;100.238;5.811;335.936;355.5
2012-09-12;100.72;5.77;325.454;343.762
2012-09-13;100.498;5.789;333.276;351.813
2012-09-14;100.378;5.799;321.785;340.813
2012-09-17;99.948;5.836;329.99;349.709
2012-09-18;100.285;5.807;330.296;349.4
2012-09-19;101.3;5.72;325.767;342.519
2012-09-20;100.813;5.762;333.891;352.182
2012-09-21;100.523;5.786;332.256;351.824
2012-09-24;100.568;5.783;335.169;354.714
2012-09-25;100.188;5.815;336.118;356.232
2012-09-26;99.26;5.896;347.672;370.082
2012-09-27;99.64;5.863;346.824;368.105
2012-09-28;100.11;5.822;344.13;364.414
2012-10-01;100.33;5.803;339.93;359.712
2012-10-02;100.535;5.785;337.159;356.566
2012-10-03;100.4;5.797;339.092;358.915
2012-10-04;100.253;5.81;338.739;359.04
2012-10-05;100.773;5.765;330.817;349.78
2012-10-08;100.858;5.758;335.885;354.531
2012-10-09;100.935;5.751;335.295;353.936
2012-10-10;100.973;5.748;334.368;352.93
2012-10-11;101.688;5.687;329.972;346.75
2012-10-12;101.948;5.665;331.088;347.17
2012-10-15;102.208;5.643;325.993;341.52
2012-10-16;102.653;5.606;318.084;332.432
2012-10-17;103.775;5.513;304.693;316.453
2012-10-18;103.67;5.522;308.04;319.718
2012-10-19;103.893;5.503;310.687;321.554
2012-10-22;104.003;5.494;307.475;318.165
2012-10-23;102.935;5.582;316.326;329.345
2012-10-24;103.123;5.567;315.695;328.59
2012-10-25;103.13;5.566;313.152;326.14
2012-10-26;102.733;5.599;318.726;332.612
2012-10-29;101.735;5.683;327.053;343.242
2012-10-30;102.025;5.658;325.799;341.472
2012-10-31;102.503;5.618;324.393;338.753
2012-11-01;102.763;5.597;324.698;338.387
2012-11-02;102.728;5.599;325.649;339.356
2012-11-05;102.4;5.627;330.187;344.623
2012-11-06;103.318;5.55;323.088;335.499
2012-11-07;103.09;5.569;328.539;341.61
2012-11-08;102.185;5.645;332.962;348.598
2012-11-09;102.41;5.626;334.029;349.117
2012-11-12;101.975;5.662;336.431;352.74
2012-11-13;102.315;5.634;335.882;351.422
2012-11-14;102.248;5.639;335.849;351.646
2012-11-15;102.62;5.608;332.48;347.205
2012-11-16;102.66;5.605;332.354;347.282
2012-11-19;102.72;5.6;330.682;345.388
2012-11-20;103.063;5.571;324.025;337.898
2012-11-21;103.188;5.561;321.87;335.266
2012-11-22;103.565;5.53;319.658;332.232
2012-11-23;103.76;5.514;318.157;330.286
2012-11-26;103.765;5.513;319.246;331.392
2012-11-27;104.283;5.471;314.664;325.622
2012-11-28;106.13;5.321;309.283;316.212
2012-11-29;106.775;5.27;305.821;311.679
2012-11-30;107.65;5.201;300.623;304.738
2012-12-03;108.275;5.152;294.549;297.662
2012-12-04;108.4;5.143;295.691;298.541
2012-12-05;107.885;5.183;302.197;305.95
2012-12-06;106.48;5.293;313.85;320.854
2012-12-07;106.545;5.288;312.767;320.133
2012-12-10;103.475;5.537;330.899;345.068
2012-12-11;105.085;5.405;322.545;332.804
2012-12-12;106.963;5.255;310.198;316.3
2012-12-13;107.365;5.223;306.792;312.08
2012-12-14;108.235;5.155;302.181;305.749
2012-12-17;108.388;5.143;300.255;303.557
2012-12-18;109.545;5.054;291.571;292.81
2012-12-19;110.197;5.004;286.021;286.093
2012-12-20;109.688;5.043;291.22;292.091
2012-12-21;109.09;5.089;297.034;298.965
2012-12-24;109.09;5.088;296.548;298.566
2012-12-25;109.09;5.088;296.548;298.567
2012-12-26;109.09;5.088;296.557;298.572
2012-12-27;108.588;5.127;304.01;306.719
2012-12-28;109.0;5.095;302.335;304.332
2012-12-31;109.0;5.095;301.865;303.886
2013-01-01;109.0;5.095;301.867;303.901
2013-01-02;111.0;4.943;280.254;279.178
2013-01-03;110.97;4.945;275.646;274.772
2013-01-04;110.955;4.946;270.202;269.41
2013-01-07;110.423;4.986;277.324;277.196
2013-01-08;110.883;4.951;277.629;276.703
2013-01-09;110.745;4.962;279.038;278.427
2013-01-10;111.79;4.883;264.231;262.287
2013-01-11;111.833;4.88;260.238;258.082
2013-01-14;111.473;4.907;265.821;263.876
2013-01-15;111.33;4.917;269.448;267.539
2013-01-16;111.5;4.905;271.596;269.257
2013-01-17;111.345;4.916;269.932;267.562
2013-01-18;111.79;4.883;272.641;269.003
2013-01-21;111.338;4.917;274.082;271.131
2013-01-22;111.378;4.913;273.906;270.965
2013-01-23;111.535;4.902;273.229;270.355
2013-01-24;111.768;4.884;268.433;265.49
2013-01-25;112.345;4.841;260.591;256.445
2013-01-28;111.76;4.885;260.675;256.824
2013-01-29;112.33;4.842;258.161;253.438
2013-01-30;111.415;4.91;261.825;258.103
2013-01-31;111.198;4.926;265.137;261.671
2013-02-01;111.2;4.926;263.93;260.767
2013-02-04;109.708;5.039;277.186;276.267
2013-02-05;110.125;5.007;271.362;269.797
2013-02-06;108.643;5.121;280.366;281.295
2013-02-07;108.718;5.115;282.099;283.242
2013-02-08;108.975;5.095;278.534;279.514
2013-02-11;107.68;5.196;284.647;288.096
2013-02-12;108.673;5.118;276.251;278.084
2013-02-13;110.01;5.015;263.84;263.511
2013-02-14;109.895;5.024;265.446;265.62
2013-02-15;110.54;4.975;260.802;259.996
2013-02-18;110.178;5.002;264.549;264.337
2013-02-19;110.223;4.999;264.79;264.518
2013-02-20;109.6;5.046;264.541;265.299
2013-02-21;108.625;5.121;276.161;278.597
2013-02-22;108.97;5.094;274.595;276.696
2013-02-25;108.04;5.167;280.229;284.06
2013-02-26;105.248;5.39;302.632;312.07
2013-02-27;105.638;5.358;301.307;309.829
2013-02-28;106.55;5.284;298.414;305.241
2013-03-01;106.283;5.306;303.439;310.921
2013-03-04;104.958;5.413;309.763;320.086
2013-03-05;105.78;5.346;302.091;310.624
2013-03-06;106.115;5.319;301.261;309.153
2013-03-07;106.593;5.281;295.353;302.104
2013-03-08;106.82;5.262;291.821;298.087
2013-03-11;106.438;5.293;294.314;301.477
2013-03-12;106.748;5.268;295.041;301.733
2013-03-13;106.215;5.311;298.4;306.13
2013-03-14;106.398;5.296;297.207;304.618
2013-03-15;106.68;5.273;296.924;303.899
2013-03-18;106.633;5.277;300.077;307.191
2013-03-19;106.428;5.293;306.919;313.869
2013-03-20;107.12;5.238;300.144;305.488
2013-03-21;107.845;5.181;298.032;302.019
2013-03-22;108.52;5.128;293.886;296.459
2013-03-25;107.91;5.175;300.195;304.195
2013-03-26;108.148;5.156;295.201;298.757
2013-03-27;106.598;5.279;308.468;314.724
2013-03-28;107.11;5.238;303.775;308.978
2013-03-29;107.11;5.238;303.784;308.92
2013-04-01;107.11;5.238;303.785;308.923
2013-04-02;107.982;5.169;299.929;304.082
2013-04-03;108.12;5.158;298.047;301.764
2013-04-04;108.343;5.141;301.208;304.733
2013-04-05;109.77;5.03;298.648;299.052
2013-04-08;109.977;5.014;296.643;296.414
2013-04-09;110.258;4.992;291.277;290.802
2013-04-10;110.485;4.975;285.783;285.193
2013-04-11;110.105;5.004;289.329;289.403
2013-04-12;109.923;5.018;293.117;293.601
2013-04-15;109.685;5.036;296.636;297.49
2013-04-16;109.843;5.024;293.539;294.146
2013-04-17;110.518;4.972;292.193;291.756
2013-04-18;110.778;4.952;292.641;291.741
2013-04-19;111.203;4.92;287.246;285.751
2013-04-22;112.97;4.788;280.235;275.982
2013-04-23;114.5;4.676;271.635;265.218
2013-04-24;113.74;4.731;277.791;272.242
2013-04-25;113.49;4.749;280.918;275.554
2013-04-26;113.688;4.734;282.415;276.57
2013-04-29;115.098;4.632;276.667;268.731
2013-04-30;115.355;4.613;274.028;265.773
2013-05-01;115.355;4.613;272.89;264.595
2013-05-02;116.607;4.523;269.66;259.958
2013-05-03;116.72;4.515;256.925;248.021
2013-05-06;116.308;4.544;257.684;249.395
2013-05-07;116.977;4.497;250.464;241.424
2013-05-08;117.278;4.475;250.267;240.814
2013-05-09;116.695;4.517;254.159;245.386
2013-05-10;116.63;4.521;245.101;236.781
2013-05-13;115.82;4.579;253.29;245.869
2013-05-14;115.012;4.637;257.221;250.878
2013-05-15;114.538;4.671;259.242;253.562
2013-05-16;115.322;4.614;258.636;251.887
2013-05-17;116.19;4.552;253.668;246.011
2013-05-20;116.463;4.532;246.302;238.638
2013-05-21;116.197;4.551;245.572;238.16
2013-05-22;116.583;4.523;244.346;236.57
2013-05-23;115.525;4.599;249.526;242.626
2013-05-24;114.368;4.682;258.551;252.718
2013-05-27;115.555;4.596;248.382;241.246
2013-05-28;115.675;4.588;245.924;238.662
2013-05-29;114.188;4.695;250.874;245.367
2013-05-30;114.628;4.663;249.228;243.059
2013-05-31;114.428;4.677;251.484;245.663
2013-06-03;114.137;4.698;250.815;245.232
2013-06-04;114.305;4.686;248.494;242.858
2013-06-05;113.91;4.715;252.561;247.218
2013-06-06;111.558;4.89;265.843;263.599
2013-06-07;113.393;4.753;253.408;248.502
2013-06-10;112.21;4.84;256.007;252.871
2013-06-11;111.52;4.892;260.054;257.043
2013-06-12;111.248;4.913;262.633;260.217
2013-06-13;111.59;4.887;262.42;259.493
2013-06-14;112.275;4.835;261.958;258.335
2013-06-17;112.447;4.822;260.17;256.481
2013-06-18;112.28;4.835;258.218;254.521
2013-06-19;112.768;4.798;255.335;251.04
2013-06-20;110.645;4.958;258.951;257.036
2013-06-21;109.58;5.04;262.862;261.781
2013-06-24;107.695;5.188;266.516;268.379
2013-06-25;107.118;5.234;273.65;276.394
2013-06-26;108.845;5.097;263.239;263.731
2013-06-27;109.773;5.025;258.563;258.492
2013-06-28;110.095;5.0;261.497;259.884
2013-07-01;111.113;4.922;253.439;250.714
2013-07-02;110.95;4.934;255.859;253.431
2013-07-03;110.155;4.995;264.634;263.001
2013-07-04;110.82;4.944;261.694;259.163
2013-07-05;110.74;4.95;253.982;252.283
2013-07-08;110.785;4.946;253.069;251.674
2013-07-09;110.197;4.992;259.928;259.584
2013-07-10;109.92;5.013;263.731;263.066
2013-07-11;109.655;5.033;265.859;265.865
2013-07-12;109.825;5.02;265.198;265.793
2013-07-15;110.073;5.001;266.147;265.449
2013-07-16;110.25;4.987;264.545;264.23
2013-07-17;109.913;5.013;267.302;267.609
2013-07-18;110.625;4.958;267.067;265.967
2013-07-19;110.76;4.948;266.727;265.136
2013-07-22;111.428;4.897;262.174;259.72
2013-07-23;111.262;4.909;262.557;259.748
2013-07-24;111.495;4.891;256.256;252.697
2013-07-25;110.985;4.93;254.795;252.427
2013-07-26;110.963;4.932;253.712;251.649
2013-07-29;110.352;4.979;257.797;256.586
2013-07-30;110.51;4.966;255.57;254.17
2013-07-31;110.615;4.958;253.151;251.974
2013-08-01;111.408;4.897;253.662;250.18
2013-08-02;112.055;4.848;243.192;240.292
2013-08-05;111.94;4.857;247.09;243.283
2013-08-06;112.065;4.847;243.577;239.916
2013-08-07;112.12;4.843;243.372;239.781
2013-08-08;112.398;4.822;243.13;238.909
2013-08-09;112.238;4.834;244.184;240.301
2013-08-12;112.45;4.818;241.967;237.911
2013-08-13;112.042;4.848;238.794;234.638
2013-08-14;112.233;4.834;232.468;228.823
2013-08-15;111.665;4.877;234.883;231.207
2013-08-16;112.4;4.821;225.489;221.88
2013-08-19;111.743;4.871;228.268;225.437
2013-08-20;111.4;4.896;230.845;229.238
2013-08-21;110.783;4.943;237.46;235.695
2013-08-22;111.102;4.919;227.447;225.847
2013-08-23;110.913;4.933;229.118;227.387
2013-08-26;110.388;4.974;232.982;232.327
2013-08-27;109.705;5.026;241.548;241.977
2013-08-28;110.143;4.992;242.479;241.081
2013-08-29;110.488;4.965;236.981;235.932
2013-08-30;110.368;4.975;238.234;237.2
2013-09-02;110.863;4.936;231.825;230.086
2013-09-03;110.818;4.94;231.925;229.817
2013-09-04;110.108;4.994;234.423;233.551
2013-09-05;109.048;5.077;238.787;238.117
2013-09-06;109.433;5.047;232.072;233.042
2013-09-09;109.322;5.055;237.057;237.27
2013-09-10;109.258;5.06;233.022;232.665
2013-09-11;109.105;5.072;230.854;232.161
2013-09-12;108.975;5.082;235.561;237.235
2013-09-13;108.723;5.102;242.126;244.201
2013-09-16;109.348;5.053;240.091;241.013
2013-09-17;110.02;5.0;236.08;235.654
2013-09-18;110.033;4.999;235.166;234.162
2013-09-19;110.898;4.932;236.802;234.417
2013-09-20;110.705;4.947;230.035;228.926
2013-09-23;110.542;4.96;230.558;230.261
2013-09-24;110.895;4.932;236.196;231.361
2013-09-25;111.14;4.913;236.488;234.123
2013-09-26;110.25;4.982;242.073;242.93
2013-09-27;109.623;5.03;249.913;248.986
2013-09-30;109.428;5.046;252.322;254.594
2013-10-01;110.78;4.941;244.065;242.403
2013-10-02;111.02;4.922;239.76;238.076
2013-10-03;110.88;4.933;238.469;237.357
2013-10-04;111.61;4.877;231.273;228.79
2013-10-07;111.658;4.873;228.955;227.431
2013-10-08;111.295;4.901;232.431;230.921
2013-10-09;111.055;4.919;234.443;233.153
2013-10-10;111.32;4.898;228.128;226.64
2013-10-11;111.71;4.868;226.782;224.882
2013-10-14;111.795;4.862;226.681;224.7
2013-10-15;111.748;4.865;222.333;220.511
2013-10-16;111.683;4.87;221.483;219.674
2013-10-17;111.96;4.849;224.923;222.887
2013-10-18;112.193;4.831;226.634;224.32
2013-10-21;111.938;4.85;227.189;225.229
2013-10-22;113.135;4.76;224.433;221.054
2013-10-23;113.47;4.735;225.908;222.074
2013-10-24;113.405;4.74;225.101;221.207
2013-10-25;112.955;4.773;229.418;225.875
2013-10-28;112.885;4.778;230.165;226.603
2013-10-29;113.4;4.74;227.946;223.84
2013-10-30;112.925;4.775;235.369;231.859
2013-10-31;113.35;4.743;233.631;229.815
2013-11-01;114.04;4.692;227.632;223.144
2013-11-04;113.73;4.715;230.928;226.745
2013-11-05;113.128;4.759;228.603;225.208
2013-11-06;112.79;4.785;229.627;226.808
2013-11-07;113.658;4.719;228.831;225.202
2013-11-08;113.338;4.743;223.953;220.77
2013-11-11;113.375;4.74;223.783;220.599
2013-11-12;112.99;4.769;222.148;219.673
2013-11-13;112.895;4.776;228.024;225.59
2013-11-14;113.575;4.725;227.344;223.969
2013-11-15;113.433;4.736;227.835;224.569
2013-11-18;113.6;4.723;229.101;225.553
2013-11-19;113.85;4.704;224.62;220.764
2013-11-20;113.788;4.709;225.38;221.747
2013-11-21;113.695;4.715;226.043;222.466
2013-11-22;113.89;4.701;225.368;221.397
2013-11-25;113.898;4.7;227.727;223.657
2013-11-26;113.845;4.704;231.326;227.218
2013-11-27;113.753;4.711;228.054;224.219
2013-11-28;113.748;4.711;229.867;225.923
2013-11-29;113.852;4.703;229.596;225.502
2013-12-02;113.828;4.705;226.236;222.225
2013-12-03;113.773;4.709;228.984;225.0
2013-12-04;113.035;4.764;225.944;223.031
2013-12-05;112.66;4.792;225.525;222.964
2013-12-06;112.773;4.783;226.195;223.424
2013-12-09;113.063;4.761;223.655;220.53
2013-12-10;113.59;4.722;221.707;217.941
2013-12-11;113.983;4.692;221.47;217.119
2013-12-12;113.8;4.706;222.479;218.24
2013-12-13;113.917;4.697;223.979;219.502
2013-12-16;114.188;4.677;221.232;216.473
2013-12-17;114.25;4.672;222.122;217.272
2013-12-18;114.125;4.681;220.459;215.714
2013-12-19;114.413;4.66;215.491;210.667
2013-12-20;113.708;4.712;220.349;216.125
2013-12-23;113.093;4.758;222.243;218.774
2013-12-24;113.113;4.756;223.036;219.399
2013-12-25;113.113;4.756;222.405;218.849
2013-12-26;113.113;4.756;222.448;218.887
2013-12-27;112.977;4.766;216.886;213.632
2013-12-30;113.95;4.693;213.221;208.813
2013-12-31;114.058;4.685;212.627;208.064
2014-01-01;114.058;4.685;212.622;208.069
2014-01-02;114.88;4.624;205.475;200.233
2014-01-03;115.368;4.588;202.428;196.764
2014-01-06;115.128;4.605;206.841;201.331
2014-01-07;115.865;4.551;203.538;197.292
2014-01-08;115.983;4.542;198.851;192.634
2014-01-09;115.73;4.561;198.061;192.286
2014-01-10;115.835;4.553;201.959;196.103
2014-01-13;116.063;4.536;202.391;196.345
2014-01-14;116.245;4.523;201.681;195.372
2014-01-15;116.56;4.5;198.733;192.066
2014-01-16;116.91;4.475;199.721;192.781
2014-01-17;117.453;4.435;199.465;191.976
2014-01-20;117.885;4.404;198.748;190.804
2014-01-21;117.143;4.457;204.114;196.748
2014-01-22;117.09;4.461;202.646;195.319
2014-01-23;116.765;4.484;209.435;202.074
2014-01-24;116.108;4.532;217.562;210.598
2014-01-27;116.128;4.53;217.103;210.073
2014-01-28;116.843;4.478;212.058;204.365
2014-01-29;117.09;4.46;212.647;204.67
2014-01-30;117.535;4.428;211.299;202.919
2014-01-31;118.31;4.373;210.686;201.551
2014-02-03;118.565;4.354;209.942;200.541
2014-02-04;118.215;4.379;212.436;203.322
2014-02-05;118.4;4.366;212.731;203.36
2014-02-06;118.553;4.355;206.78;197.48
2014-02-07;119.123;4.314;205.796;196.035
2014-02-10;119.31;4.301;202.473;192.699
2014-02-11;119.315;4.3;202.317;192.557
2014-02-12;118.908;4.329;202.856;193.513
2014-02-13;118.685;4.344;207.935;198.645
2014-02-14;118.903;4.329;205.47;196.05
2014-02-17;119.815;4.265;198.535;188.594
2014-02-18;120.535;4.214;195.196;184.765
2014-02-19;120.015;4.25;198.924;188.844
2014-02-20;119.22;4.306;200.592;191.173
2014-02-21;119.565;4.281;199.902;190.242
2014-02-24;119.315;4.299;199.726;190.325
2014-02-25;119.68;4.273;201.482;191.51
2014-02-26;120.115;4.242;202.256;191.8
2014-02-27;120.965;4.183;201.878;190.56
2014-02-28;120.973;4.182;197.07;185.863
2014-03-03;121.4;4.153;200.695;188.85
2014-03-04;121.953;4.115;193.404;181.547
2014-03-05;122.62;4.069;187.741;175.69
2014-03-06;121.865;4.12;188.749;177.267
2014-03-07;122.038;4.108;186.159;174.629
2014-03-10;122.41;4.082;186.559;174.741
2014-03-11;122.338;4.087;184.25;172.774
2014-03-12;122.22;4.095;188.839;177.216
2014-03-13;122.033;4.107;195.18;183.359
2014-03-14;122.33;4.087;192.467;180.489
2014-03-17;122.738;4.059;187.852;175.806
2014-03-18;122.943;4.045;186.613;174.443
2014-03-19;122.673;4.063;185.81;173.905
2014-03-20;122.31;4.087;184.76;173.115
2014-03-21;122.59;4.068;184.618;172.68
2014-03-24;122.75;4.057;188.427;176.107
2014-03-25;122.968;4.042;188.317;175.843
2014-03-26;123.323;4.018;187.33;174.616
2014-03-27;123.595;3.999;188.277;175.264
2014-03-28;123.535;4.003;188.026;175.02
2014-03-31;123.68;3.993;186.15;173.081
2014-04-01;123.695;3.992;185.771;172.721
2014-04-02;123.42;4.01;183.093;170.478
2014-04-03;123.8;3.984;181.366;168.662
2014-04-04;124.35;3.947;182.934;169.785
2014-04-07;123.96;3.973;186.226;173.21
2014-04-08;123.625;3.996;185.92;173.169
2014-04-09;123.983;3.971;182.055;169.162
2014-04-10;124.385;3.944;185.356;171.86
2014-04-11;124.055;3.966;189.059;175.539
2014-04-14;124.4;3.943;185.021;171.521
2014-04-15;125.435;3.873;183.649;169.347
2014-04-16;125.705;3.855;180.87;166.548
2014-04-17;125.723;3.854;178.259;164.064
2014-04-18;125.723;3.854;177.007;162.756
2014-04-21;125.723;3.854;175.287;161.16
2014-04-22;126.09;3.83;174.412;160.21
2014-04-23;126.305;3.815;173.912;159.507
2014-04-24;126.09;3.829;174.995;160.608
2014-04-25;126.418;3.807;178.139;163.091
2014-04-28;126.133;3.826;178.747;163.908
2014-04-29;125.935;3.838;179.159;164.564
2014-04-30;126.268;3.816;179.351;164.475
2014-05-01;126.298;3.814;179.581;164.664
2014-05-02;126.645;3.791;178.305;163.233
2014-05-05;126.818;3.78;175.6;160.644
2014-05-06;127.53;3.733;171.106;155.93
2014-05-07;127.358;3.744;171.706;156.559
2014-05-08;128.508;3.67;166.078;150.751
2014-05-09;127.828;3.713;167.964;153.092
2014-05-12;127.505;3.734;169.756;155.026
2014-05-13;127.748;3.718;173.446;158.244
2014-05-14;128.045;3.698;177.392;161.607
2014-05-15;125.535;3.862;200.141;184.508
2014-05-16;126.018;3.83;193.865;178.273
2014-05-19;124.783;3.911;200.214;185.205
2014-05-20;122.625;4.057;212.509;198.811
2014-05-21;123.468;3.999;205.404;191.285
2014-05-22;122.995;4.031;210.325;196.316
2014-05-23;124.718;3.915;198.004;183.288
2014-05-26;127.008;3.764;183.339;167.824
2014-05-27;126.685;3.784;188.719;173.011
2014-05-28;127.322;3.742;190.649;174.113
2014-05-29;127.14;3.754;189.754;173.492
2014-05-30;127.3;3.743;187.022;170.89
2014-06-02;127.278;3.745;185.865;169.909
2014-06-03;127.025;3.761;184.413;168.782
2014-06-04;126.805;3.775;183.72;168.355
2014-06-05;127.483;3.73;181.862;166.269
2014-06-06;129.37;3.609;173.634;157.486
2014-06-09;130.52;3.536;164.667;148.496
2014-06-10;129.348;3.61;169.47;153.691
2014-06-11;129.273;3.614;169.096;153.468
2014-06-12;128.46;3.666;173.321;158.058
2014-06-13;128.995;3.632;173.114;157.366
2014-06-16;129.16;3.621;174.459;158.383
2014-06-17;128.455;3.666;175.48;159.806
2014-06-18;127.935;3.699;181.722;165.868
2014-06-19;128.477;3.664;183.171;166.782
2014-06-20;128.05;3.691;182.714;166.75
2014-06-23;128.47;3.664;182.24;166.012
2014-06-24;129.06;3.626;178.586;162.161
2014-06-25;129.575;3.592;181.453;164.232
2014-06-26;129.555;3.593;184.196;166.661
2014-06-27;129.655;3.587;182.23;164.752
2014-06-30;129.605;3.59;184.505;166.83
2014-07-01;129.803;3.577;182.105;164.608
2014-07-02;128.663;3.649;184.488;167.729
2014-07-03;129.165;3.617;179.987;163.28
2014-07-04;129.343;3.605;180.611;163.696
2014-07-07;129.373;3.603;181.347;164.356
2014-07-08;128.933;3.631;188.246;170.944
2014-07-09;128.443;3.662;189.96;172.925
2014-07-10;127.633;3.714;199.113;181.837
2014-07-11;128.275;3.673;195.236;177.71
2014-07-14;128.34;3.668;194.498;176.96
2014-07-15;128.825;3.637;192.776;174.898
2014-07-16;129.39;3.6;192.117;173.676
2014-07-17;129.668;3.582;194.748;175.778
2014-07-18;129.9;3.567;194.099;174.915
2014-07-21;129.827;3.572;195.703;176.372
2014-07-22;129.87;3.569;193.143;174.042
2014-07-23;130.05;3.557;193.003;173.788
2014-07-24;130.245;3.544;188.305;169.423
2014-07-25;130.293;3.541;191.89;172.558
2014-07-28;130.63;3.519;192.443;172.571
2014-07-29;131.318;3.476;192.087;171.56
2014-07-30;130.813;3.507;187.499;168.006
2014-07-31;131.118;3.488;186.562;166.967
2014-08-01;130.462;3.529;192.015;172.404
2014-08-04;131.235;3.48;187.018;167.264
2014-08-05;130.753;3.51;186.64;167.326
2014-08-06;130.165;3.547;197.656;177.561
2014-08-07;129.435;3.593;207.022;186.482
2014-08-08;130.215;3.543;202.536;181.656
2014-08-11;130.517;3.524;199.347;178.613
2014-08-12;130.79;3.506;196.823;176.236
2014-08-13;131.078;3.487;197.882;176.965
2014-08-14;131.28;3.474;199.306;177.953
2014-08-15;132.328;3.409;202.097;179.283
2014-08-18;131.533;3.458;200.805;178.907
2014-08-19;132.008;3.428;200.995;178.598
2014-08-20;132.283;3.41;203.442;180.375
2014-08-21;132.392;3.403;202.841;179.732
2014-08-22;132.69;3.385;202.902;179.476
2014-08-25;133.815;3.315;196.854;173.188
2014-08-26;134.948;3.246;194.895;170.682
2014-08-27;135.708;3.199;193.649;168.922
2014-08-28;135.17;3.231;201.506;175.986
2014-08-29;135.255;3.226;198.794;173.649
2014-09-01;134.875;3.249;201.409;176.229
2014-09-02;134.538;3.269;195.623;171.779
2014-09-03;134.6;3.265;191.622;168.369
2014-09-04;135.918;3.185;177.188;155.226
2014-09-05;136.985;3.121;176.106;153.451
2014-09-08;136.07;3.175;179.873;157.426
2014-09-09;135.033;3.237;178.748;157.305
2014-09-10;134.33;3.279;182.066;160.724
2014-09-11;134.085;3.294;185.007;163.479
2014-09-12;134.623;3.261;176.848;155.924
2014-09-15;134.608;3.262;175.979;155.16
2014-09-16;134.755;3.253;175.585;154.851
2014-09-17;135.6;3.201;170.302;149.621
2014-09-18;135.345;3.216;168.857;148.479
2014-09-19;136.095;3.17;168.091;147.311
2014-09-22;135.99;3.176;170.35;149.339
2014-09-23;135.985;3.177;173.706;152.187
2014-09-24;136.26;3.159;172.643;151.058
2014-09-25;136.26;3.159;175.01;153.177
2014-09-26;136.03;3.173;177.758;155.674
2014-09-29;135.783;3.187;179.367;157.236
2014-09-30;136.648;3.135;175.338;153.161
2014-10-01;137.39;3.09;175.96;153.114
2014-10-02;136.735;3.129;180.184;157.18
2014-10-03;136.98;3.114;176.792;153.943
2014-10-06;136.533;3.141;180.034;157.087
2014-10-07;136.408;3.148;179.669;156.993
2014-10-08;136.533;3.14;179.415;156.658
2014-10-09;136.965;3.114;176.024;153.427
2014-10-10;136.723;3.128;179.237;156.317
2014-10-13;136.225;3.158;183.302;160.223
2014-10-14;136.703;3.129;187.276;163.15
2014-10-15;135.11;3.224;206.941;181.357
2014-10-16;132.585;3.379;211.801;187.81
2014-10-17;133.483;3.323;202.449;178.927
2014-10-20;132.123;3.408;210.336;187.095
2014-10-21;132.923;3.358;202.757;179.79
2014-10-22;133.05;3.349;202.338;179.331
2014-10-23;133.113;3.345;198.298;175.783
2014-10-24;132.998;3.352;200.998;178.18
2014-10-27;132.55;3.379;203.516;180.779
2014-10-28;132.74;3.367;206.267;182.902
2014-10-29;133.245;3.336;201.271;178.056
2014-10-30;133.673;3.309;199.419;175.99
2014-10-31;135.108;3.22;195.167;171.223
2014-11-03;134.398;3.264;200.435;176.401
2014-11-04;134.193;3.276;205.142;180.695
2014-11-05;133.785;3.301;204.751;180.8
2014-11-06;133.98;3.288;203.679;179.7
2014-11-07;134.003;3.286;206.023;181.685
2014-11-10;134.753;3.24;201.042;176.691
2014-11-11;135.195;3.213;198.88;174.334
2014-11-12;135.093;3.219;202.085;177.189
2014-11-13;134.925;3.228;204.663;179.597
2014-11-14;135.135;3.215;204.666;179.413
2014-11-17;135.423;3.198;204.091;178.568
2014-11-18;134.978;3.225;204.031;178.897
2014-11-19;134.748;3.238;199.601;175.243
2014-11-20;134.8;3.234;205.473;180.314
2014-11-21;135.95;3.164;202.049;176.324
2014-11-24;136.07;3.157;201.247;175.541
2014-11-25;136.648;3.122;200.504;174.387
2014-11-26;136.803;3.112;201.306;174.882
2014-11-27;138.943;2.984;193.858;166.618
2014-11-28;139.773;2.935;188.413;161.33
2014-12-01;140.555;2.89;184.905;157.749
2014-12-02;140.55;2.89;178.446;152.294
2014-12-03;141.323;2.845;171.468;145.982
2014-12-04;140.408;2.897;174.291;148.941
2014-12-05;141.825;2.815;164.511;139.696
2014-12-08;141.95;2.807;164.485;139.62
2014-12-09;140.715;2.878;182.383;155.368
2014-12-10;139.778;2.932;190.463;162.802
2014-12-11;139.703;2.936;191.57;163.788
2014-12-12;139.503;2.947;201.923;172.484
2014-12-15;140.36;2.897;196.727;167.363
2014-12-16;140.035;2.916;202.263;172.115
2014-12-17;140.883;2.866;197.678;167.556
2014-12-18;141.508;2.829;188.368;159.454
2014-12-19;141.61;2.823;188.747;159.799
2014-12-22;142.018;2.8;186.334;157.464
2014-12-23;142.153;2.79;185.013;156.278
2014-12-24;142.323;2.78;182.621;154.22
2014-12-25;142.323;2.78;183.641;154.999
2014-12-26;142.323;2.78;183.741;155.101
2014-12-29;141.775;2.812;186.719;157.973
2014-12-30;142.63;2.762;190.535;160.414
2014-12-31;142.698;2.757;189.474;159.479
2015-01-01;142.698;2.757;188.459;158.61
2015-01-02;144.39;2.661;187.288;156.385
2015-01-05;143.19;2.729;194.04;162.848
2015-01-06;143.515;2.71;205.2;171.299
2015-01-07;142.418;2.772;204.851;172.014
2015-01-08;142.9;2.744;197.528;165.709
2015-01-09;141.67;2.814;208.162;175.408
2015-01-12;142.678;2.756;200.772;168.497
2015-01-13;142.365;2.774;206.352;173.31
2015-01-14;143.555;2.706;203.77;170.199
2015-01-15;142.87;2.744;206.854;173.468
2015-01-16;144.385;2.658;199.104;165.902
2015-01-19;144.615;2.644;196.434;163.526
2015-01-20;144.555;2.647;197.396;164.305
2015-01-21;144.035;2.676;189.577;158.244
2015-01-22;147.603;2.477;174.713;143.648
2015-01-23;150.013;2.347;168.707;137.235
2015-01-26;152.445;2.218;154.591;124.507
2015-01-27;151.955;2.243;152.425;123.028
2015-01-28;150.735;2.307;162.94;132.116
2015-01-29;150.328;2.328;161.614;131.237
2015-01-30;150.818;2.302;168.402;136.21
2015-02-02;150.978;2.293;167.858;135.686
2015-02-03;151.748;2.252;158.539;127.845
2015-02-04;152.113;2.232;154.722;124.584
2015-02-05;152.123;2.231;156.492;125.928
2015-02-06;151.433;2.267;160.35;129.366
2015-02-09;149.735;2.357;170.994;138.912
2015-02-10;149.975;2.344;169.681;137.686
2015-02-11;149.803;2.352;172.135;139.755
2015-02-12;150.383;2.32;172.648;139.778
2015-02-13;151.285;2.272;163.818;132.239
2015-02-16;150.895;2.292;164.922;133.329
2015-02-17;150.748;2.3;163.181;132.061
2015-02-18;151.245;2.273;156.467;126.519
2015-02-19;151.378;2.265;155.068;125.376
2015-02-20;151.478;2.259;154.451;124.851
2015-02-23;152.513;2.204;145.377;117.068
2015-02-24;153.085;2.174;147.146;118.154
2015-02-25;153.448;2.155;149.931;120.196
2015-02-26;156.402;2.002;135.614;107.454
2015-02-27;157.158;1.963;126.686;100.134
2015-03-02;157.017;1.97;127.843;101.095
2015-03-03;155.875;2.027;133.925;106.329
2015-03-04;155.658;2.038;133.009;105.637
2015-03-05;157.02;1.968;128.429;101.357
2015-03-06;157.16;1.96;118.033;93.18
2015-03-09;158.093;1.913;112.343;88.364
2015-03-10;160.392;1.798;118.738;92.352
2015-03-11;163.378;1.652;106.093;81.545
2015-03-12;163.633;1.639;105.909;81.273
2015-03-13;162.815;1.678;109.417;84.211
2015-03-16;162.945;1.671;109.017;83.857
2015-03-17;161.153;1.758;123.329;95.379
2015-03-18;159.43;1.843;142.838;111.146
2015-03-19;159.915;1.817;140.922;109.389
2015-03-20;160.835;1.772;135.919;105.145
2015-03-23;159.11;1.857;146.473;114.057
2015-03-24;158.405;1.891;145.415;113.497
2015-03-25;158.23;1.9;148.144;115.682
2015-03-26;159.105;1.855;143.032;111.348
2015-03-27;158.498;1.885;146.178;114.022
2015-03-30;159.155;1.852;142.254;110.681
2015-03-31;160.832;1.768;137.928;106.526
2015-04-01;160.91;1.762;137.308;106.027
2015-04-02;160.365;1.789;135.055;104.546
2015-04-03;160.365;1.789;136.192;105.42
2015-04-06;160.365;1.789;136.192;105.42
2015-04-07;161.298;1.742;129.758;100.179
2015-04-08;160.743;1.769;136.27;105.475
2015-04-09;159.433;1.833;144.991;112.793
2015-04-10;159.988;1.805;141.349;109.723
2015-04-13;159.625;1.823;142.793;111.014
2015-04-14;158.05;1.901;156.034;122.018
2015-04-15;159.378;1.834;153.122;119.08
2015-04-16;157.255;1.94;167.425;131.245
2015-04-17;155.09;2.05;181.658;143.54
2015-04-20;155.1;2.05;181.688;143.556
2015-04-21;154.853;2.062;180.607;142.838
2015-04-22;156.34;1.985;165.855;130.428
2015-04-23;156.503;1.976;164.854;129.613
2015-04-24;155.652;2.019;170.799;134.751
2015-04-27;156.665;1.967;164.97;129.65
2015-04-28;156.528;1.973;163.38;128.58
2015-04-29;153.593;2.124;165.359;131.868
2015-04-30;153.618;2.122;156.938;125.129
2015-05-01;153.628;2.121;159.274;126.967
2015-05-04;152.783;2.166;164.17;131.318
2015-05-05;146.967;2.48;173.848;142.807
2015-05-06;144.813;2.6;177.757;147.504
2015-05-07;147.285;2.461;166.214;136.352
2015-05-08;148.94;2.37;161.259;131.404
2015-05-11;147.345;2.457;170.364;139.759
2015-05-12;145.668;2.55;164.168;135.938
2015-05-13;144.618;2.609;163.454;136.09
2015-05-14;145.15;2.578;160.756;133.591
2015-05-15;146.39;2.508;161.248;133.102
2015-05-18;144.438;2.618;172.009;143.183
2015-05-19;146.025;2.528;166.807;137.879
2015-05-20;145.735;2.544;162.012;134.192
2015-05-21;146.29;2.512;155.377;128.467
2015-05-22;146.205;2.516;158.62;131.166
2015-05-25;145.285;2.568;163.605;135.84
2015-05-26;145.19;2.573;170.437;141.489
2015-05-27;146.77;2.484;158.867;131.074
2015-05-28;146.205;2.514;164.916;136.283
2015-05-29;146.892;2.476;165.968;136.708
2015-06-01;144.743;2.596;178.685;148.517
2015-06-02;142.278;2.737;172.139;144.855
2015-06-03;140.957;2.814;161.216;136.588
2015-06-04;141.575;2.777;161.167;136.199
2015-06-05;139.767;2.884;170.79;145.533
2015-06-08;139.028;2.927;174.165;148.925
2015-06-09;138.048;2.986;164.997;141.907
2015-06-10;138.138;2.98;160.937;138.493
2015-06-11;139.318;2.909;164.965;141.013
2015-06-12;137.753;3.003;178.546;153.611
2015-06-15;135.558;3.137;189.568;164.748
2015-06-16;136.26;3.093;189.04;163.699
2015-06-17;137.115;3.041;183.289;158.144
2015-06-18;137.815;2.997;179.231;154.128
2015-06-19;137.995;2.986;182.369;156.655
2015-06-22;139.76;2.88;171.449;146.131
2015-06-23;140.205;2.853;154.093;131.418
2015-06-24;139.8;2.877;159.017;135.86
2015-06-25;140.308;2.846;153.374;130.84
2015-06-26;139.82;2.875;148.872;127.341
2015-06-29;136.093;3.1;172.571;150.094
2015-06-30;136.99;3.045;180.23;156.032
2015-07-01;137.765;2.997;168.563;145.622
2015-07-02;137.272;3.027;165.231;143.248
2015-07-03;138.573;2.947;163.748;141.045
2015-07-06;137.115;3.036;172.393;149.474
2015-07-07;139.57;2.887;175.411;150.008
2015-07-08;140.58;2.827;168.92;143.73
2015-07-09;140.835;2.811;161.631;137.518
2015-07-10;140.733;2.816;142.769;121.729
2015-07-13;139.978;2.861;147.13;125.867
2015-07-14;140.675;2.819;146.534;125.141
2015-07-15;142.113;2.734;146.174;123.971
2015-07-16;142.0;2.74;145.433;123.384
2015-07-17;143.323;2.663;143.608;121.056
2015-07-20;143.57;2.648;145.432;122.404
2015-07-21;142.46;2.712;149.853;126.781
2015-07-22;143.015;2.68;151.93;128.145
2015-07-23;143.645;2.642;148.211;124.669
2015-07-24;144.413;2.598;149.796;125.473
2015-07-27;144.183;2.611;152.758;128.011
2015-07-28;144.605;2.586;149.099;124.734
2015-07-29;144.573;2.588;144.744;121.149
2015-07-30;145.832;2.515;143.839;119.669
2015-07-31;146.97;2.451;139.994;115.82
2015-08-03;147.14;2.441;139.255;115.151
2015-08-04;147.022;2.447;137.041;113.444
2015-08-05;144.625;2.583;138.196;115.757
2015-08-06;145.515;2.531;138.5;115.504
2015-08-07;145.908;2.508;141.635;117.864
2015-08-10;146.498;2.475;133.568;110.916
2015-08-11;147.618;2.412;135.958;112.238
2015-08-12;146.892;2.452;142.642;118.131
2015-08-13;147.46;2.419;136.703;112.928
2015-08-14;147.073;2.44;135.615;112.211
2015-08-17;148.147;2.38;132.147;108.823
2015-08-18;147.313;2.426;135.235;111.789
2015-08-19;147.323;2.425;137.733;113.864
2015-08-20;147.125;2.435;143.636;118.795
2015-08-21;146.503;2.47;150.758;124.908
2015-08-24;145.395;2.532;154.431;128.546
2015-08-25;143.553;2.638;150.221;126.194
2015-08-26;143.31;2.652;155.735;130.965
2015-08-27;144.123;2.604;145.952;122.387
2015-08-28;144.288;2.594;145.574;121.942
2015-08-31;143.745;2.625;142.206;119.489
2015-09-01;143.085;2.663;144.901;122.137
2015-09-02;142.998;2.668;147.282;124.226
2015-09-03;144.063;2.605;145.774;122.397
2015-09-04;144.558;2.576;149.66;125.277
2015-09-07;143.913;2.613;152.084;127.733
2015-09-08;144.818;2.561;145.484;121.755
2015-09-09;145.105;2.544;140.015;117.098
2015-09-10;144.888;2.555;141.792;118.712
2015-09-11;144.905;2.554;146.103;122.295
2015-09-14;144.715;2.565;146.141;122.45
2015-09-15;144.508;2.576;136.373;114.485
2015-09-16;144.253;2.59;135.525;113.89
2015-09-17;144.383;2.582;133.959;112.455
2015-09-18;146.65;2.452;132.158;109.791
2015-09-21;145.91;2.494;133.195;111.053
2015-09-22;147.085;2.427;135.274;112.182
2015-09-23;147.44;2.407;132.918;110.022
2015-09-24;147.58;2.398;132.876;109.861
2015-09-25;146.803;2.441;130.998;108.781
2015-09-28;147.508;2.401;133.007;110.056
2015-09-29;147.903;2.379;131.065;108.256
2015-09-30;147.418;2.406;132.817;109.982
2015-10-01;147.948;2.375;135.044;111.574
2015-10-02;148.65;2.336;134.925;111.069
2015-10-05;148.128;2.364;130.43;107.697
2015-10-06;147.508;2.399;130.354;107.907
2015-10-07;147.34;2.408;132.397;109.653
2015-10-08;148.048;2.367;129.062;106.567
2015-10-09;148.16;2.36;123.519;102.011
2015-10-12;148.47;2.343;126.892;104.625
2015-10-13;148.595;2.336;123.843;102.111
2015-10-14;149.043;2.31;125.679;103.417
2015-10-15;148.69;2.329;126.979;104.634
2015-10-16;149.332;2.293;122.8;100.921
2015-10-19;149.408;2.288;120.627;99.148
2015-10-20;148.555;2.335;120.425;99.366
2015-10-21;149.513;2.282;121.157;99.511
2015-10-22;152.263;2.131;108.706;88.343
2015-10-23;151.435;2.175;112.154;91.515
2015-10-26;151.42;2.176;114.762;93.637
2015-10-27;152.475;2.118;115.654;93.916
2015-10-28;153.388;2.069;111.58;90.265
2015-10-29;152.082;2.138;108.258;88.057
2015-10-30;151.7;2.158;111.635;90.922
2015-11-02;150.12;2.244;116.462;95.519
2015-11-03;149.99;2.251;114.836;94.32
2015-11-04;149.888;2.256;112.975;92.893
2015-11-05;148.7;2.321;120.87;99.871
2015-11-06;146.918;2.421;124.537;103.705
2015-11-09;146.64;2.436;131.088;109.353
2015-11-10;147.718;2.375;124.977;103.868
2015-11-11;148.663;2.322;119.717;99.098
2015-11-12;149.305;2.285;115.823;95.576
2015-11-13;150.49;2.219;113.064;92.813
2015-11-16;150.27;2.231;115.675;95.067
2015-11-17;150.498;2.218;115.389;94.741
2015-11-18;151.195;2.179;114.031;93.284
2015-11-19;151.758;2.148;114.747;93.615
2015-11-20;152.485;2.108;113.21;92.075
2015-11-23;151.798;2.145;113.711;92.812
2015-11-24;151.798;2.144;113.062;92.263
2015-11-25;152.94;2.082;108.628;88.279
2015-11-26;152.635;2.098;109.543;89.133
2015-11-27;153.06;2.074;107.377;87.235
2015-11-30;152.81;2.087;106.787;86.875
2015-12-01;152.97;2.078;106.636;86.747
2015-12-02;153.39;2.055;104.855;85.176
2015-12-03;149.408;2.272;111.661;92.043
2015-12-04;149.608;2.26;109.46;90.184
2015-12-07;151.27;2.168;109.352;89.421
2015-12-08;151.55;2.153;109.105;89.081
2015-12-09;151.035;2.181;108.712;88.974
2015-12-10;151.098;2.176;110.048;90.068
2015-12-11;151.46;2.156;111.851;91.367
2015-12-14;149.783;2.248;118.551;97.519
2015-12-15;149.23;2.278;115.363;95.105
2015-12-16;149.375;2.27;110.022;90.634
2015-12-17;150.323;2.216;112.285;92.088
2015-12-18;151.183;2.168;113.659;92.828
2015-12-21;151.01;2.178;111.426;91.088
2015-12-22;150.24;2.22;109.59;89.886
2015-12-23;149.793;2.243;108.201;88.971
2015-12-24;149.888;2.237;107.843;88.612
2015-12-25;149.888;2.237;107.953;88.709
2015-12-28;150.332;2.212;113.777;93.234
2015-12-29;149.908;2.235;106.776;87.757
2015-12-30;150.25;2.215;103.456;84.933
2015-12-31;150.25;2.215;;
2016-01-01;150.25;2.215;;
2016-01-04;151.128;2.166;105.511;86.286
2016-01-05;151.78;2.13;104.574;85.338
2016-01-06;152.138;2.11;106.128;86.483
2016-01-07;150.527;2.197;111.302;91.331
2016-01-08;150.793;2.182;113.391;92.93
2016-01-11;149.988;2.226;117.618;96.676
2016-01-12;149.59;2.248;123.603;101.692
2016-01-13;150.795;2.181;118.975;97.37
2016-01-14;150.635;2.189;116.752;95.655
2016-01-15;150.873;2.175;117.789;96.424
2016-01-18;150.778;2.18;117.522;96.294
2016-01-19;151.113;2.161;115.268;94.332
2016-01-20;149.34;2.259;134.843;111.042
2016-01-21;150.59;2.189;130.427;106.898
2016-01-22;150.522;2.192;126.134;103.487
2016-01-25;150.945;2.168;125.436;102.7
2016-01-26;151.915;2.115;122.613;99.956
2016-01-27;152.053;2.107;121.979;99.326
2016-01-28;151.755;2.122;128.567;104.749
2016-01-29;152.953;2.056;130.149;105.489
2016-02-01;151.945;2.111;135.643;110.338
2016-02-02;151.298;2.146;143.185;116.781
2016-02-03;152.158;2.098;144.171;117.062
2016-02-04;150.843;2.169;148.0;120.858
2016-02-05;150.493;2.188;151.347;123.721
2016-02-08;148.95;2.274;170.396;139.879
2016-02-09;148.505;2.299;171.165;140.756
2016-02-10;148.808;2.281;167.46;137.626
2016-02-11;147.38;2.361;182.239;150.454
2016-02-12;148.46;2.299;167.227;137.486
2016-02-15;149.575;2.236;163.677;134.019
2016-02-16;149.355;2.248;161.368;132.327
2016-02-17;149.863;2.22;158.783;129.92
2016-02-18;150.55;2.18;161.322;131.526
2016-02-19;150.675;2.173;161.639;131.695
2016-02-22;151.365;2.134;161.493;131.156
2016-02-23;151.228;2.142;162.516;132.019
2016-02-24;151.118;2.147;166.72;135.365
2016-02-25;151.467;2.127;163.543;132.73
2016-02-26;152.217;2.085;157.122;127.24
2016-02-29;152.957;2.045;156.554;126.482
2016-03-01;153.392;2.021;148.585;119.941
2016-03-02;151.448;2.126;151.907;123.745
2016-03-03;152.098;2.09;152.169;123.666
2016-03-04;151.165;2.14;151.321;123.407
2016-03-07;150.693;2.166;153.959;125.901
2016-03-08;151.373;2.128;153.915;125.466
2016-03-09;151.67;2.111;145.32;118.31
2016-03-10;151.265;2.133;142.568;116.191
2016-03-11;153.358;2.018;132.195;106.835
2016-03-14;153.568;2.006;130.183;105.111
2016-03-15;152.688;2.053;132.789;107.614
2016-03-16;153.173;2.026;131.103;106.013
2016-03-17;154.293;1.965;134.899;108.509
2016-03-18;155.215;1.915;130.935;104.902
2016-03-21;155.63;1.892;124.6;99.725
2016-03-22;155.66;1.89;126.73;101.364
2016-03-23;154.84;1.932;133.047;106.752
2016-03-24;154.943;1.926;133.922;107.361
2016-03-25;154.943;1.926;133.369;106.929
2016-03-28;154.943;1.926;134.016;107.435
2016-03-29;156.13;1.862;131.568;104.93
2016-03-30;156.725;1.83;125.531;99.898
2016-03-31;156.425;1.845;127.534;101.589
2016-04-01;156.525;1.839;129.39;102.978
2016-04-04;156.278;1.852;131.709;104.907
2016-04-05;155.73;1.881;139.189;111.063
2016-04-06;155.458;1.895;137.467;109.865
2016-04-07;153.83;1.981;150.506;121.053
2016-04-08;155.215;1.906;140.083;112.119
2016-04-11;154.795;1.928;140.338;112.594
2016-04-12;154.058;1.968;137.95;111.072
2016-04-13;155.363;1.897;134.918;107.994
2016-04-14;154.478;1.943;135.648;109.001
2016-04-15;154.68;1.932;139.549;112.089
2016-04-18;154.38;1.948;137.218;110.394
2016-04-19;152.49;2.05;146.846;119.088
2016-04-20;152.615;2.043;148.171;120.075
2016-04-21;151.545;2.101;144.747;117.872
2016-04-22;151.34;2.112;145.313;118.526
2016-04-25;150.465;2.16;146.533;119.993
2016-04-26;150.565;2.154;141.236;115.638
2016-04-27;150.798;2.141;140.445;114.941
2016-04-28;151.332;2.11;139.448;113.856
2016-04-29;151.32;2.11;138.35;112.943
2016-05-02;151.65;2.091;137.882;112.322
2016-05-03;151.915;2.076;144.61;117.633
2016-05-04;150.96;2.129;149.839;122.375
2016-05-05;150.668;2.144;156.488;127.896
2016-05-06;150.525;2.152;159.345;130.291
2016-05-09;150.868;2.132;159.52;130.236
2016-05-10;149.688;2.198;167.166;137.099
2016-05-11;150.218;2.168;162.505;133.049
2016-05-12;150.035;2.177;159.865;131.052
2016-05-13;150.345;2.159;162.31;132.797
2016-05-16;150.38;2.157;159.791;130.733
2016-05-17;150.915;2.127;157.471;128.528
2016-05-18;150.335;2.159;156.675;128.246
2016-05-19;150.27;2.161;157.33;128.783
2016-05-20;150.475;2.149;156.487;127.996
2016-05-23;150.503;2.147;153.388;125.507
2016-05-24;151.308;2.102;148.825;121.368
2016-05-25;152.48;2.037;145.268;117.884
2016-05-26;152.28;2.046;147.074;119.46
2016-05-27;152.603;2.028;144.888;117.525
2016-05-30;152.525;2.032;141.723;115.088
2016-05-31;152.723;2.021;144.292;117.001
2016-06-01;152.335;2.042;146.437;118.935
2016-06-02;152.428;2.035;147.259;119.521
2016-06-03;153.27;1.989;148.425;119.957
2016-06-06;152.418;2.035;150.298;121.906
2016-06-07;153.005;2.002;151.093;122.192
2016-06-08;153.628;1.968;146.665;118.31
2016-06-09;154.2;1.935;146.403;117.74
2016-06-10;154.46;1.921;147.621;118.495
2016-06-13;153.24;1.987;153.091;123.564
2016-06-14;152.36;2.035;161.227;130.521
2016-06-15;152.19;2.044;162.533;131.69
2016-06-16;151.605;2.075;169.651;137.66
2016-06-17;152.153;2.045;161.535;130.96
2016-06-20;153.463;1.972;149.648;120.805
2016-06-21;153.265;1.982;149.593;120.854
2016-06-22;153.408;1.974;145.327;117.371
2016-06-23;153.688;1.958;138.883;112.127
2016-06-24;151.918;2.055;167.204;135.551
2016-06-27;153.395;1.973;167.569;134.858
2016-06-28;154.993;1.885;155.988;124.828
2016-06-29;155.53;1.856;154.57;123.418
2016-06-30;157.863;1.73;142.729;112.941
2016-07-01;157.578;1.744;144.539;114.538
2016-07-04;157.457;1.75;149.809;118.749
2016-07-05;157.265;1.76;155.154;123.05
2016-07-06;158.075;1.717;149.303;118.053
2016-07-07;158.043;1.717;148.194;117.224
2016-07-08;158.655;1.684;147.425;116.325
2016-07-11;158.508;1.692;146.487;115.654
2016-07-12;158.053;1.715;139.989;110.824
2016-07-13;158.07;1.714;148.209;117.189
2016-07-14;157.953;1.719;144.033;114.009
2016-07-15;157.255;1.756;143.252;113.744
2016-07-18;157.228;1.757;145.807;115.777
2016-07-19;157.707;1.731;142.382;112.854
2016-07-20;157.628;1.734;140.012;111.072
2016-07-21;157.457;1.742;140.849;111.781
2016-07-22;157.803;1.723;139.079;110.19
2016-07-25;157.875;1.719;140.639;111.363
2016-07-26;157.945;1.715;139.527;110.446
2016-07-27;158.553;1.682;142.512;112.482
2016-07-28;158.888;1.663;141.986;111.842
2016-07-29;159.35;1.638;142.443;111.984
2016-08-01;159.488;1.631;140.607;110.467
2016-08-02;159.135;1.649;134.489;105.866
2016-08-03;159.065;1.652;136.172;107.202
2016-08-04;160.528;1.574;133.416;104.421
2016-08-05;160.855;1.557;127.244;99.537
2016-08-08;161.675;1.514;121.786;94.986
2016-08-09;161.555;1.52;125.395;97.801
2016-08-10;162.378;1.477;124.671;96.917
2016-08-11;162.608;1.463;120.261;93.444
2016-08-12;162.973;1.444;119.715;92.883
2016-08-15;162.625;1.462;117.406;91.229
2016-08-16;161.188;1.535;121.183;94.704
2016-08-17;160.813;1.554;126.069;98.642
2016-08-18;161.615;1.511;124.935;97.411
2016-08-19;160.728;1.557;124.651;97.552
2016-08-22;161.213;1.531;128.879;100.605
2016-08-23;160.87;1.549;132.223;103.326
2016-08-24;160.713;1.556;132.647;103.724
2016-08-25;160.568;1.562;132.131;103.365
2016-08-26;160.475;1.567;132.442;103.651
2016-08-29;160.823;1.548;130.487;101.986
2016-08-30;160.94;1.542;132.869;103.74
2016-08-31;160.07;1.587;134.215;105.194
2016-09-01;159.39;1.621;137.768;108.296
2016-09-02;159.398;1.62;134.317;105.617
2016-09-05;159.595;1.609;134.126;105.41
2016-09-06;160.973;1.537;131.877;103.116
2016-09-07;161.168;1.526;130.623;102.06
2016-09-08;159.588;1.607;133.223;104.78
2016-09-09;157.533;1.716;137.117;108.805
2016-09-12;157.013;1.743;137.951;109.687
2016-09-13;156.188;1.788;139.843;111.564
2016-09-14;156.582;1.766;141.482;112.704
2016-09-15;155.67;1.814;144.868;115.838
2016-09-16;155.605;1.817;147.263;117.776
2016-09-19;156.14;1.787;143.421;114.445
2016-09-20;157.53;1.712;139.765;110.841
2016-09-21;157.113;1.734;139.228;110.639
2016-09-22;159.018;1.631;139.19;109.705
2016-09-23;158.628;1.651;140.581;110.954
2016-09-26;158.903;1.636;141.494;111.539
2016-09-27;158.458;1.659;144.553;114.157
2016-09-28;159.005;1.63;142.109;111.977
2016-09-29;158.47;1.657;142.903;112.863
2016-09-30;158.8;1.639;140.071;110.484
2016-10-03;157.325;1.717;146.489;116.208
2016-10-04;156.448;1.764;147.75;117.695
2016-10-05;155.233;1.83;148.435;118.873
2016-10-06;155.385;1.82;148.646;118.957
2016-10-07;154.43;1.872;149.214;119.943
2016-10-10;154.06;1.892;145.41;117.113
2016-10-11;154.233;1.882;148.877;119.719
2016-10-12;153.555;1.919;149.318;120.465
2016-10-13;154.063;1.89;149.756;120.498
2016-10-14;153.918;1.898;147.684;118.947
2016-10-17;153.628;1.913;150.26;121.134
2016-10-18;154.135;1.885;150.027;120.669
2016-10-19;153.95;1.895;151.937;122.275
2016-10-20;154.15;1.882;153.709;123.532
2016-10-21;154.295;1.874;151.639;121.835
2016-10-24;154.048;1.887;150.825;121.304
2016-10-25;154.013;1.888;151.783;122.054
2016-10-26;152.665;1.963;153.75;124.383
2016-10-27;151.063;2.052;154.624;126.006
2016-10-28;150.13;2.105;162.269;132.586
2016-10-31;150.213;2.1;162.983;133.072
2016-11-01;148.693;2.187;169.272;139.055
2016-11-02;149.935;2.115;165.764;135.533
2016-11-03;149.103;2.162;166.911;136.995
2016-11-04;147.975;2.227;176.597;145.54
2016-11-07;148.49;2.196;171.459;141.015
2016-11-08;148.36;2.204;167.634;137.958
2016-11-09;147.665;2.244;168.566;139.192
2016-11-10;144.61;2.424;178.781;149.649
2016-11-11;142.793;2.534;188.1;158.585
2016-11-14;141.695;2.601;192.132;162.799
2016-11-15;143.93;2.464;178.901;150.027
2016-11-16;142.892;2.527;186.569;157.291
2016-11-17;141.788;2.594;195.11;165.165
2016-11-18;141.813;2.592;194.649;164.811
2016-11-21;141.923;2.585;194.709;164.772
2016-11-22;142.615;2.542;194.311;163.952
2016-11-23;141.295;2.623;200.872;170.5
2016-11-24;141.098;2.634;200.575;170.521
2016-11-25;141.488;2.61;197.861;167.894
2016-11-28;141.883;2.585;199.064;168.659
2016-11-29;143.8;2.467;186.182;156.44
2016-11-30;143.445;2.488;181.028;152.48
2016-12-01;142.223;2.562;177.849;150.734
2016-12-02;144.375;2.43;174.557;146.447
2016-12-05;142.99;2.514;179.186;151.248
2016-12-06;143.81;2.464;167.712;141.09
2016-12-07;144.985;2.392;163.339;136.719
2016-12-08;143.013;2.511;170.222;143.893
2016-12-09;141.93;2.577;176.293;149.865
2016-12-12;142.173;2.562;167.948;142.7
2016-12-13;144.258;2.434;160.504;135.085
2016-12-14;145.473;2.36;158.674;132.834
2016-12-15;144.84;2.397;155.165;130.212
2016-12-16;144.578;2.413;163.107;136.892
2016-12-19;145.728;2.343;163.284;136.294
2016-12-20;145.653;2.347;160.678;134.159
2016-12-21;145.77;2.34;162.49;135.569
2016-12-22;145.408;2.36;161.156;134.704
2016-12-23;145.94;2.328;161.83;134.9
2016-12-26;145.94;2.328;161.423;134.563
2016-12-27;145.523;2.352;164.876;137.739
2016-12-28;145.923;2.328;163.475;136.231
2016-12-29;146.223;2.309;165.495;137.73
2016-12-30;145.513;2.351;165.902;138.614
2017-01-02;146.29;2.304;161.641;134.646
2017-01-03;144.28;2.425;169.338;142.3
2017-01-04;144.155;2.432;169.276;142.324
2017-01-05;143.337;2.481;179.239;151.113
2017-01-06;142.773;2.515;175.688;148.576
2017-01-09;143.785;2.453;172.029;144.877
2017-01-10;143.745;2.455;171.671;144.602
2017-01-11;144.38;2.416;170.747;143.271
2017-01-12;143.543;2.466;177.218;149.428
2017-01-13;143.238;2.484;176.005;148.646
2017-01-16;142.674;2.519;180.287;152.672
2017-01-17;142.399;2.535;182.019;154.252
2017-01-18;141.812;2.571;181.872;154.589
2017-01-19;141.439;2.593;180.109;153.347
2017-01-20;140.764;2.635;179.284;153.23
2017-01-23;141.557;2.585;180.861;153.934
2017-01-24;141.024;2.618;179.105;152.867
2017-01-25;140.161;2.672;179.446;153.748
2017-01-26;138.273;2.792;189.201;163.453
2017-01-27;138.471;2.779;190.844;164.581
2017-01-30;137.072;2.869;200.625;174.1
2017-01-31;138.098;2.802;194.509;168.013
2017-02-01;136.93;2.877;198.297;172.293
2017-02-02;137.784;2.821;197.3;170.682
2017-02-03;137.28;2.853;200.843;174.201
2017-02-06;135.609;2.963;213.091;186.248
2017-02-07;135.725;2.955;213.782;186.696
2017-02-08;137.392;2.845;208.461;180.607
2017-02-09;138.579;2.767;199.796;172.146
2017-02-10;136.955;2.872;207.105;179.869
2017-02-13;137.552;2.833;200.637;173.828
2017-02-14;137.415;2.842;197.224;171.092
2017-02-15;137.261;2.851;199.096;172.848
2017-02-16;138.949;2.741;192.549;165.814
2017-02-17;138.392;2.777;199.376;172.061
2017-02-20;138.447;2.773;197.696;170.614
2017-02-21;137.616;2.826;202.04;175.021
2017-02-22;137.847;2.811;201.987;174.82
2017-02-23;137.605;2.825;208.118;180.165
2017-02-24;138.387;2.774;208.362;179.703
2017-02-27;139.304;2.715;202.72;174.146
2017-02-28;140.355;2.648;195.161;166.964
2017-03-01;139.7;2.689;194.243;166.684
2017-03-02;139.48;2.702;189.94;163.252
2017-03-03;140.202;2.656;180.297;154.43
2017-03-06;138.944;2.736;190.236;163.838
2017-03-07;138.406;2.77;194.242;167.711
2017-03-08;137.377;2.836;197.841;171.611
2017-03-09;136.587;2.887;195.961;170.56
2017-03-10;135.555;2.955;198.189;173.169
2017-03-13;135.627;2.95;200.743;175.283
2017-03-14;135.851;2.935;202.575;176.629
2017-03-15;136.345;2.902;202.026;175.739
2017-03-16;135.146;2.98;207.168;181.231
2017-03-17;135.098;2.983;211.372;184.776
2017-03-20;134.967;2.992;210.935;184.54
2017-03-21;135.39;2.963;206.612;180.306
2017-03-22;136.336;2.9;205.512;178.562
2017-03-23;136.452;2.891;201.962;175.549
2017-03-24;137.311;2.835;198.921;172.139
2017-03-27;137.647;2.812;199.124;171.994
2017-03-28;138.299;2.77;195.712;168.597
2017-03-29;138.858;2.733;193.728;166.635
2017-03-30;138.673;2.744;195.395;168.206
2017-03-31;138.607;2.748;195.079;168.014
2017-04-03;138.327;2.766;200.828;173.024
2017-04-04;139.024;2.72;196.251;168.736
2017-04-05;139.203;2.709;194.799;167.354
2017-04-06;139.219;2.706;194.64;167.134
2017-04-07;139.876;2.664;193.624;165.751
2017-04-10;139.581;2.682;196.729;168.735
2017-04-11;138.883;2.727;202.171;173.799
2017-04-12;138.186;2.77;207.009;178.523
2017-04-13;137.879;2.79;211.576;182.589
2017-04-14;137.879;2.79;;
2017-04-17;137.879;2.79;212.546;183.417
2017-04-18;138.559;2.745;211.575;181.944
2017-04-19;138.406;2.755;208.885;179.811
2017-04-20;138.386;2.755;203.826;175.497
2017-04-21;138.694;2.735;198.528;170.743
2017-04-24;139.741;2.667;187.133;160.46
2017-04-25;138.778;2.729;188.134;161.914
2017-04-26;137.845;2.789;195.144;168.641
2017-04-27;138.699;2.732;194.09;167.146
2017-04-28;138.273;2.759;193.588;167.054
2017-05-01;138.273;2.759;193.813;167.404
2017-05-02;137.606;2.803;197.392;170.828
2017-05-03;138.394;2.751;192.978;166.472
2017-05-04;138.578;2.738;185.334;159.847
2017-05-05;139.832;2.657;175.663;150.615
2017-05-08;138.773;2.725;182.887;157.544
2017-05-09;138.174;2.763;186.052;160.739
2017-05-10;138.605;2.735;185.426;159.869
2017-05-11;137.731;2.791;191.019;165.309
2017-05-12;138.176;2.761;191.91;165.808
2017-05-15;137.867;2.781;190.677;165.04
2017-05-16;138.402;2.746;185.616;160.262
2017-05-17;139.511;2.674;182.686;156.913
2017-05-18;139.548;2.67;184.852;158.775
2017-05-19;139.77;2.656;180.347;154.791
2017-05-22;139.849;2.65;176.803;151.715
2017-05-23;140.574;2.603;169.804;145.253
2017-05-24;140.486;2.609;170.45;145.856
2017-05-25;140.908;2.58;170.911;145.996
2017-05-26;141.016;2.573;173.613;148.197
2017-05-29;139.935;2.642;181.981;156.041
2017-05-30;139.718;2.656;183.787;157.619
2017-05-31;138.925;2.707;187.667;161.71
2017-06-01;138.041;2.763;192.336;166.403
2017-06-02;137.775;2.78;195.102;168.822
2017-06-05;137.507;2.797;195.916;169.766
2017-06-06;137.671;2.786;197.335;171.035
2017-06-07;136.373;2.872;206.232;179.777
2017-06-08;138.081;2.758;195.588;169.192
2017-06-09;139.709;2.652;183.849;157.987
2017-06-12;141.197;2.556;174.984;149.618
2017-06-13;141.649;2.527;170.006;144.915
2017-06-14;142.232;2.49;171.185;145.481
2017-06-15;142.039;2.501;169.096;143.642
2017-06-16;141.753;2.519;171.059;145.478
2017-06-19;142.282;2.485;167.276;142.087
2017-06-20;143.291;2.421;163.354;138.128
2017-06-21;143.568;2.403;163.378;137.899
2017-06-22;143.732;2.392;164.39;138.582
2017-06-23;143.553;2.403;163.171;137.712
2017-06-26;144.029;2.373;160.416;135.153
2017-06-27;141.356;2.54;166.856;142.105
2017-06-28;141.551;2.528;166.869;142.005
2017-06-29;139.573;2.653;172.199;147.71
2017-06-30;139.049;2.687;174.124;149.894
2017-07-03;139.392;2.664;169.343;145.644
2017-07-04;139.618;2.649;165.302;142.116
2017-07-05;138.841;2.699;170.961;147.451
2017-07-06;136.654;2.843;178.754;155.705
2017-07-07;135.957;2.889;181.979;159.025
2017-07-10;136.958;2.822;179.053;155.622
2017-07-11;136.34;2.863;182.747;159.327
2017-07-12;137.498;2.785;178.557;154.836
2017-07-13;136.906;2.823;180.227;156.724
2017-07-14;137.432;2.788;176.971;153.497
2017-07-17;138.136;2.741;173.031;149.545
2017-07-18;138.616;2.71;171.417;147.925
2017-07-19;138.503;2.717;174.588;150.731
2017-07-20;139.643;2.641;165.78;142.395
2017-07-21;140.293;2.599;162.672;139.392
2017-07-24;140.502;2.585;161.081;137.97
2017-07-25;139.354;2.659;163.724;140.953
2017-07-26;139.57;2.644;162.087;139.456
2017-07-27;140.002;2.615;159.868;137.23
2017-07-28;139.523;2.646;161.581;139.026
2017-07-31;139.968;2.617;159.017;136.541
2017-08-01;141.173;2.539;156.866;133.923
2017-08-02;141.17;2.539;157.139;134.192
2017-08-03;141.468;2.518;158.497;135.134
2017-08-04;141.211;2.534;158.756;135.515
2017-08-07;141.589;2.51;156.536;133.365
2017-08-08;141.388;2.522;156.626;133.461
2017-08-09;141.355;2.524;161.415;137.642
2017-08-10;141.0;2.546;165.232;141.11
2017-08-11;140.996;2.546;168.077;143.508
2017-08-14;141.15;2.535;164.01;139.999
2017-08-15;140.615;2.569;165.87;141.928
2017-08-16;140.666;2.566;163.626;140.005
2017-08-17;141.079;2.538;163.359;139.504
2017-08-18;141.063;2.539;164.614;140.542
2017-08-21;141.118;2.535;165.271;141.124
2017-08-22;139.881;2.614;173.731;149.162
2017-08-23;139.366;2.647;178.697;153.762
2017-08-24;139.387;2.645;178.073;153.215
2017-08-25;139.587;2.631;175.757;151.108
2017-08-28;139.921;2.609;173.277;148.812
2017-08-29;140.269;2.586;174.869;149.842
2017-08-30;139.997;2.604;175.996;150.988
2017-08-31;140.442;2.574;172.746;147.925
2017-09-01;139.887;2.609;174.119;149.571
2017-09-04;140.576;2.564;170.563;146.11
2017-09-05;141.122;2.529;170.03;145.293
2017-09-06;140.762;2.551;171.244;146.54
2017-09-07;142.146;2.461;162.868;138.514
2017-09-08;141.527;2.501;165.754;141.367
2017-09-11;141.596;2.496;163.269;139.219
2017-09-12;140.761;2.549;162.216;138.903
2017-09-13;140.463;2.568;165.568;141.916
2017-09-14;140.15;2.587;166.061;142.53
2017-09-15;139.856;2.606;165.74;142.382
2017-09-18;139.991;2.597;162.546;139.601
2017-09-19;140.294;2.577;161.377;138.424
2017-09-20;139.859;2.605;166.18;142.765
2017-09-21;139.129;2.651;169.713;146.243
2017-09-22;139.281;2.641;169.326;145.787
2017-09-25;139.122;2.651;173.586;149.594
2017-09-26;138.791;2.672;175.173;151.193
2017-09-27;138.339;2.702;172.69;149.38
2017-09-28;138.918;2.663;166.74;143.889
2017-09-29;139.111;2.65;166.859;143.844
2017-10-02;138.372;2.698;172.808;149.44
2017-10-03;138.404;2.695;171.053;147.94
2017-10-04;138.148;2.712;174.312;151.0
2017-10-05;138.866;2.663;169.194;146.095
2017-10-06;138.707;2.674;169.39;146.268
2017-10-09;139.056;2.65;169.473;146.12
2017-10-10;138.678;2.675;171.91;148.43
2017-10-11;139.173;2.642;166.256;143.371
2017-10-12;139.892;2.593;163.327;140.321
2017-10-13;140.34;2.564;162.386;139.376
2017-10-16;141.067;2.516;161.441;137.96
2017-10-17;141.594;2.482;158.776;135.361
2017-10-18;140.995;2.52;160.335;137.043
2017-10-19;141.186;2.507;158.805;135.604
2017-10-20;140.795;2.532;155.615;133.175
2017-10-23;141.372;2.494;154.189;131.592
2017-10-24;140.52;2.549;156.279;133.891
2017-10-25;140.791;2.531;152.517;130.526
2017-10-26;141.824;2.463;151.067;128.774
2017-10-27;141.831;2.462;151.342;129.003
2017-10-30;143.428;2.359;143.212;121.401
2017-10-31;143.733;2.34;142.214;120.337
2017-11-01;144.255;2.306;137.273;115.718
2017-11-02;144.212;2.308;138.004;116.521
2017-11-03;144.037;2.318;139.92;118.059
2017-11-06;144.16;2.31;141.868;119.626
2017-11-07;145.495;2.226;133.003;111.524
2017-11-08;144.994;2.257;136.287;114.532
2017-11-09;143.769;2.333;140.038;118.341
2017-11-10;143.447;2.353;138.643;117.371
2017-11-13;143.558;2.345;137.256;116.119
2017-11-14;143.67;2.338;138.728;117.283
2017-11-15;143.395;2.355;142.975;121.002
2017-11-16;142.798;2.392;147.293;124.945
2017-11-17;143.119;2.371;146.452;124.052
2017-11-20;143.73;2.332;142.047;119.984
2017-11-21;144.229;2.3;141.514;119.196
2017-11-22;144.453;2.285;141.006;118.638
2017-11-23;144.224;2.298;143.405;120.693
2017-11-24;143.723;2.33;145.221;122.511
2017-11-27;143.866;2.32;146.169;123.233
2017-11-28;143.926;2.316;145.168;122.362
2017-11-29;143.635;2.334;142.897;120.617
2017-11-30;144.457;2.281;139.213;117.064
2017-12-01;144.915;2.251;141.973;119.083
2017-12-04;144.865;2.254;139.639;117.183
2017-12-05;144.897;2.252;142.575;119.597
2017-12-06;144.645;2.267;145.99;122.57
2017-12-07;145.17;2.233;139.581;116.952
2017-12-08;145.634;2.203;134.739;112.681
2017-12-11;145.459;2.214;138.068;115.511
2017-12-12;144.611;2.267;141.284;118.656
2017-12-13;143.236;2.354;151.012;127.592
2017-12-14;143.04;2.365;154.228;130.342
2017-12-15;142.769;2.382;157.637;133.322
2017-12-18;142.961;2.369;155.049;131.054
2017-12-19;141.498;2.463;158.427;134.84
2017-12-20;141.145;2.486;157.959;134.624
2017-12-21;141.373;2.469;155.494;132.322
2017-12-22;141.285;2.474;154.828;131.812
2017-12-25;141.285;2.474;154.83;131.812
2017-12-26;141.285;2.474;154.848;131.813
2017-12-27;141.065;2.488;160.887;137.015
2017-12-28;140.349;2.533;162.737;139.003
2017-12-29;139.389;2.596;168.769;144.756
2018-01-01;139.389;2.596;168.821;144.792
2018-01-02;138.02;2.688;174.614;150.806
2018-01-03;138.494;2.655;174.065;149.984
2018-01-04;139.27;2.602;169.853;145.79
2018-01-05;139.507;2.586;167.488;143.645
2018-01-08;139.875;2.562;165.859;142.049
2018-01-09;138.943;2.623;168.437;144.924
2018-01-10;139.024;2.617;165.881;142.658
2018-01-11;139.163;2.607;162.251;139.344
2018-01-12;140.289;2.532;154.157;131.646
2018-01-15;139.757;2.567;156.788;134.237
2018-01-16;140.325;2.529;156.469;133.555
2018-01-17;139.969;2.552;159.212;136.111
2018-01-18;140.2;2.536;155.438;132.785
2018-01-19;140.671;2.504;150.598;128.442
2018-01-22;141.411;2.455;145.215;123.466
2018-01-23;141.864;2.425;142.685;121.056
2018-01-24;141.589;2.443;142.175;120.799
2018-01-25;140.983;2.481;146.144;124.345
2018-01-26;140.55;2.509;149.59;127.361
2018-01-29;140.457;2.515;142.857;121.705
2018-01-30;140.267;2.527;144.579;123.335
2018-01-31;140.283;2.526;145.253;123.841
2018-02-01;141.233;2.462;134.903;114.626
2018-02-02;140.016;2.542;138.547;118.392
2018-02-05;140.236;2.527;138.47;118.245
2018-02-06;140.628;2.5;140.78;119.977
2018-02-07;141.151;2.466;133.231;113.293
2018-02-08;140.545;2.504;135.467;115.498
2018-02-09;139.724;2.558;141.004;120.67
2018-02-12;139.786;2.554;136.945;117.226
2018-02-13;138.944;2.609;142.615;122.559
2018-02-14;139.267;2.587;139.491;119.72
2018-02-15;139.293;2.585;138.379;118.768
2018-02-16;140.438;2.508;134.779;115.054
2018-02-19;139.544;2.567;137.639;118.034
2018-02-20;139.284;2.584;139.072;119.396
2018-02-21;139.535;2.567;139.794;119.832
2018-02-22;139.04;2.599;143.373;123.155
2018-02-23;139.217;2.586;146.884;126.02
2018-02-26;139.892;2.541;142.786;122.186
2018-02-27;139.985;2.534;140.863;120.472
2018-02-28;140.57;2.495;138.593;118.23
2018-03-01;141.107;2.459;135.138;115.02
2018-03-02;140.674;2.487;137.547;117.309
2018-03-05;140.069;2.526;142.134;121.561
2018-03-06;139.968;2.533;140.666;120.343
2018-03-07;140.599;2.49;138.866;118.419
2018-03-08;141.493;2.43;134.615;114.332
2018-03-09;140.966;2.464;136.499;116.213
2018-03-12;140.93;2.466;137.889;117.428
2018-03-13;141.243;2.445;136.688;116.264
2018-03-14;140.978;2.462;140.939;120.025
2018-03-15;141.3;2.44;141.083;119.958
2018-03-16;141.273;2.441;141.467;120.292
2018-03-19;141.357;2.435;140.883;119.736
2018-03-20;142.317;2.372;132.785;112.367
2018-03-21;141.876;2.4;134.854;114.317
2018-03-22;142.457;2.361;135.839;114.856
2018-03-23;142.561;2.354;134.418;113.61
2018-03-26;142.068;2.386;138.303;117.14
2018-03-27;142.537;2.355;137.51;116.241
2018-03-28;143.015;2.321;134.26;113.225
2018-03-29;143.835;2.268;127.957;107.588
2018-03-30;143.835;2.268;128.14;107.748
2018-04-02;143.835;2.268;128.14;107.748
2018-04-03;143.783;2.271;129.92;109.236
2018-04-04;144.528;2.222;125.041;104.797
2018-04-05;143.753;2.271;127.434;107.172
2018-04-06;143.963;2.257;128.486;107.953
2018-04-09;144.208;2.241;126.353;106.052
2018-04-10;143.846;2.264;129.676;108.976
2018-04-11;143.704;2.272;131.975;110.95
2018-04-12;143.409;2.29;131.679;110.881
2018-04-13;143.602;2.277;130.373;109.696
2018-04-16;143.599;2.277;129.069;108.6
2018-04-17;144.342;2.229;125.719;105.454
2018-04-18;144.992;2.186;120.118;100.448
2018-04-19;144.037;2.246;120.41;101.121
2018-04-20;144.059;2.245;119.778;100.623
2018-04-23;143.801;2.261;118.131;99.348
2018-04-24;144.206;2.234;115.405;96.9
2018-04-25;144.005;2.247;116.442;97.836
2018-04-26;144.413;2.219;117.271;98.337
2018-04-27;144.434;2.217;118.736;99.564
2018-04-30;143.809;2.257;123.806;104.11
2018-05-01;143.809;2.257;123.643;103.991
2018-05-02;143.788;2.258;121.981;102.606
2018-05-03;144.399;2.217;122.191;102.513
2018-05-04;143.408;2.28;128.138;107.904
2018-05-07;143.929;2.246;126.584;106.386
2018-05-08;142.305;2.352;134.126;113.539
2018-05-09;142.197;2.358;134.886;114.227
2018-05-10;141.566;2.398;139.336;118.308
2018-05-11;142.385;2.344;132.568;112.18
2018-05-14;141.629;2.393;134.088;113.83
2018-05-15;141.251;2.418;132.68;112.836
2018-05-16;139.019;2.567;148.958;127.877
2018-05-17;138.759;2.584;148.176;127.46
2018-05-18;136.984;2.705;165.607;143.552
2018-05-21;134.659;2.867;185.734;162.663
2018-05-22;135.322;2.82;178.243;155.679
2018-05-23;134.438;2.882;188.136;165.063
2018-05-24;134.75;2.858;189.524;165.978
2018-05-25;134.224;2.895;197.726;173.622
2018-05-28;131.852;3.065;218.225;193.644
2018-05-29;126.203;3.487;260.712;237.674
2018-05-30;129.207;3.259;232.939;209.287
2018-05-31;130.716;3.147;225.517;200.992
2018-06-01;131.474;3.091;217.956;193.61
2018-06-04;133.144;2.97;203.197;179.176
2018-06-05;130.358;3.172;225.065;201.113
2018-06-06;129.185;3.259;226.462;203.356
2018-06-07;127.582;3.378;234.335;211.83
2018-06-08;126.927;3.428;242.583;220.216
2018-06-11;129.892;3.204;219.67;196.582
2018-06-12;129.274;3.25;225.303;202.205
2018-06-13;129.666;3.221;223.394;200.114
2018-06-14;130.387;3.166;221.465;197.9
2018-06-15;131.66;3.072;215.094;191.168
2018-06-18;132.291;3.026;211.659;187.648
2018-06-19;132.21;3.032;215.264;190.821
2018-06-20;132.314;3.024;212.644;188.501
2018-06-21;130.553;3.152;226.272;202.24
2018-06-22;131.196;3.104;221.151;197.04
2018-06-25;129.779;3.208;231.477;207.588
2018-06-26;129.404;3.236;232.735;209.092
2018-06-27;130.283;3.17;228.769;204.585
2018-06-28;130.671;3.141;227.04;202.578
2018-06-29;132.008;3.042;218.929;194.107
2018-07-02;132.317;3.019;215.673;191.028
2018-07-03;132.545;3.002;215.255;190.405
2018-07-04;132.426;3.011;216.058;191.24
2018-07-05;131.636;3.067;222.435;197.496
2018-07-06;131.615;3.068;222.321;197.452
2018-07-09;132.074;3.035;218.864;193.994
2018-07-10;131.808;3.054;218.79;194.179
2018-07-11;131.46;3.079;221.689;197.046
2018-07-12;131.84;3.05;219.267;194.58
2018-07-13;132.596;2.995;214.724;189.867
2018-07-16;132.582;2.995;213.004;188.375
2018-07-17;133.723;2.912;206.227;181.423
2018-07-18;133.399;2.935;208.942;184.094
2018-07-19;133.338;2.939;209.782;184.871
2018-07-20;132.293;3.014;214.222;189.708
2018-07-23;131.644;3.061;216.254;192.076
2018-07-24;131.132;3.098;221.164;196.878
2018-07-25;131.206;3.093;221.481;197.051
2018-07-26;130.914;3.113;221.738;197.571
2018-07-27;130.601;3.136;223.564;199.457
2018-07-30;130.037;3.178;224.235;200.598
2018-07-31;130.82;3.119;219.128;195.261
2018-08-01;129.998;3.18;222.787;199.298
2018-08-02;128.685;3.277;232.85;209.598
2018-08-03;128.658;3.279;236.377;212.737
2018-08-06;128.538;3.288;238.807;215.041
2018-08-07;128.582;3.284;236.655;213.099
2018-08-08;128.068;3.323;240.426;217.082
2018-08-09;128.369;3.299;239.281;215.732
2018-08-10;127.409;3.372;250.656;226.961
2018-08-13;125.683;3.505;263.135;240.271
2018-08-14;126.173;3.467;258.94;235.9
2018-08-15;124.88;3.568;270.261;247.724
2018-08-16;125.306;3.533;266.157;243.447
2018-08-17;125.246;3.538;267.789;245.001
2018-08-20;126.363;3.45;259.781;236.399
2018-08-21;126.846;3.413;254.436;230.985
2018-08-22;126.115;3.469;259.961;236.827
2018-08-23;125.887;3.486;261.294;238.326
2018-08-24;125.307;3.531;265.215;242.594
2018-08-27;125.241;3.536;263.485;241.113
2018-08-28;124.844;3.567;266.492;244.366
2018-08-29;125.452;3.519;259.852;237.484
2018-08-30;124.465;3.596;270.438;248.315
2018-08-31;124.228;3.614;273.848;251.738
2018-09-03;124.974;3.555;267.79;245.294
2018-09-04;126.38;3.444;256.442;233.337
2018-09-05;127.384;3.366;246.625;223.173
2018-09-06;127.952;3.322;244.694;220.963
2018-09-07;128.132;3.308;240.874;217.363
2018-09-10;129.608;3.196;228.409;204.651
2018-09-11;129.363;3.214;228.314;204.928
2018-09-12;129.371;3.213;229.91;206.323
2018-09-13;129.301;3.217;229.898;206.382
2018-09-14;128.935;3.244;230.453;207.23
2018-09-17;130.428;3.132;219.397;195.862
2018-09-18;131.279;3.068;211.556;188.15
2018-09-19;130.649;3.114;214.539;191.385
2018-09-20;130.414;3.131;216.69;193.5
2018-09-21;131.045;3.084;212.957;189.587
2018-09-24;129.729;3.182;219.749;196.722
2018-09-25;130.375;3.133;211.818;189.067
2018-09-26;130.645;3.112;210.891;187.978
2018-09-27;130.114;3.151;215.953;192.816
2018-09-28;127.087;3.381;241.239;218.526
2018-10-01;125.731;3.487;249.368;227.47
2018-10-02;123.967;3.626;265.221;244.004
2018-10-03;125.227;3.526;253.064;231.359
2018-10-04;124.887;3.552;251.089;229.906
2018-10-05;123.719;3.645;255.54;235.419
2018-10-08;121.731;3.806;272.949;253.935
2018-10-09;122.336;3.756;267.105;247.783
2018-10-10;122.187;3.768;267.792;248.569
2018-10-11;121.667;3.81;273.568;254.536
2018-10-12;121.555;3.819;275.379;256.408
2018-10-15;121.945;3.786;271.964;252.802
2018-10-16;122.786;3.718;267.598;247.689
2018-10-17;121.739;3.803;277.926;258.583
2018-10-18;120.12;3.936;291.455;273.422
2018-10-19;122.102;3.772;273.736;254.115
2018-10-22;121.871;3.791;277.205;257.653
2018-10-23;120.792;3.879;288.48;269.534
2018-10-24;120.401;3.912;291.378;272.882
2018-10-25;121.592;3.812;282.125;262.625
2018-10-26;122.122;3.769;282.689;262.389
2018-10-29;123.517;3.655;269.975;248.869
2018-10-30;121.964;3.781;282.024;261.943
2018-10-31;122.63;3.726;276.193;255.669
2018-11-01;123.233;3.677;270.936;250.089
2018-11-02;123.856;3.626;265.092;244.009
2018-11-05;123.793;3.631;265.898;244.775
2018-11-06;123.143;3.683;270.428;249.813
2018-11-07;123.718;3.636;264.777;243.849
2018-11-08;123.065;3.688;268.672;248.213
2018-11-09;122.954;3.697;272.777;252.085
2018-11-12;122.572;3.728;276.136;255.738
2018-11-13;122.398;3.742;276.969;256.716
2018-11-14;121.967;3.777;280.62;260.722
2018-11-15;121.843;3.786;283.928;263.974
2018-11-16;121.819;3.788;283.585;263.692
2018-11-19;120.673;3.883;291.807;272.889
2018-11-20;120.203;3.922;297.561;278.847
2018-11-21;121.593;3.806;286.231;266.405
2018-11-22;121.602;3.804;286.845;266.941
2018-11-23;122.019;3.77;286.169;265.737
2018-11-26;123.648;3.637;272.764;251.285
2018-11-27;123.487;3.649;274.244;252.909
2018-11-28;123.676;3.634;272.65;251.215
2018-11-29;124.23;3.588;271.018;249.029
2018-11-30;124.078;3.6;272.482;250.578
2018-12-03;124.832;3.539;267.206;244.83
2018-12-04;124.728;3.547;271.604;248.883
2018-12-05;125.673;3.472;262.358;239.339
2018-12-06;124.437;3.57;273.823;251.226
2018-12-07;125.324;3.498;266.403;243.387
2018-12-10;125.709;3.468;264.095;240.79
2018-12-11;125.782;3.461;262.898;239.662
2018-12-12;126.959;3.369;252.05;228.448
2018-12-13;127.526;3.323;247.206;223.567
2018-12-14;127.629;3.315;248.338;224.486
2018-12-17;127.463;3.328;249.009;225.277
2018-12-18;127.64;3.313;250.033;225.965
2018-12-19;129.642;3.159;236.745;211.968
2018-12-20;129.923;3.137;236.957;211.793
2018-12-21;129.122;3.197;240.247;215.658
2018-12-24;129.122;3.196;240.379;215.783
2018-12-25;129.122;3.196;240.383;215.782
2018-12-26;129.122;3.196;240.387;215.783
2018-12-27;129.897;3.136;236.215;211.251
2018-12-28;129.797;3.143;237.454;212.488
2018-12-31;129.797;3.143;237.559;212.585
2019-01-01;129.797;3.143;237.557;212.585
2019-01-02;130.292;3.105;240.737;214.856
2019-01-03;128.28;3.258;255.669;230.376
2019-01-04;127.672;3.305;254.902;230.384
2019-01-07;127.512;3.317;255.038;230.682
2019-01-08;126.767;3.375;259.096;235.142
2019-01-09;127.559;3.313;252.204;228.063
2019-01-10;127.432;3.322;253.817;229.698
2019-01-11;127.928;3.283;251.04;226.645
2019-01-14;128.136;3.266;250.528;226.024
2019-01-15;127.485;3.317;256.665;232.335
2019-01-16;128.921;3.205;245.416;220.609
2019-01-17;129.036;3.195;244.256;219.44
2019-01-18;129.589;3.152;238.133;213.348
2019-01-21;129.334;3.171;240.766;215.931
2019-01-22;129.495;3.159;241.718;216.59
2019-01-23;129.397;3.166;244.915;219.495
2019-01-24;130.464;3.083;241.228;215.026
2019-01-25;130.621;3.071;240.244;213.883
2019-01-28;130.549;3.076;239.689;213.521
2019-01-29;130.825;3.055;239.186;212.74
2019-01-30;131.138;3.031;239.12;212.364
2019-01-31;131.421;3.008;242.265;214.737
2019-02-01;129.579;3.148;251.253;224.723
2019-02-04;129.859;3.126;248.287;221.739
2019-02-05;128.815;3.206;256.556;230.221
2019-02-06;127.901;3.277;264.59;238.419
2019-02-07;126.853;3.358;275.948;249.947
2019-02-08;126.773;3.364;279.412;253.004
2019-02-11;127.526;3.304;271.204;244.79
2019-02-12;128.117;3.258;265.428;238.945
2019-02-13;128.883;3.198;259.798;233.005
2019-02-14;128.689;3.212;262.78;235.793
2019-02-15;128.602;3.218;263.063;236.182
2019-02-18;128.854;3.198;260.218;233.421
2019-02-19;128.528;3.223;263.933;237.107
2019-02-20;127.761;3.283;271.81;244.977
2019-02-21;127.985;3.264;267.162;240.537
2019-02-22;127.664;3.289;272.13;245.335
2019-02-25;128.332;3.236;266.123;239.222
2019-02-26;128.925;3.19;261.215;234.287
2019-02-27;127.863;3.272;265.8;239.607
2019-02-28;128.204;3.245;259.975;234.045
2019-03-01;128.55;3.217;256.636;230.67
2019-03-04;128.7;3.205;258.18;231.861
2019-03-05;129.094;3.174;254.759;228.391
2019-03-06;130.397;3.074;249.239;222.102
2019-03-07;131.644;2.978;247.545;219.259
2019-03-08;130.912;3.033;256.12;227.391
2019-03-11;130.322;3.078;259.546;231.079
2019-03-12;130.555;3.059;257.722;229.248
2019-03-13;130.527;3.061;256.82;228.493
2019-03-14;131.144;3.013;250.907;222.621
2019-03-15;131.235;3.006;250.168;221.892
2019-03-18;131.703;2.97;248.465;219.855
2019-03-19;131.396;2.993;248.808;220.459
2019-03-20;130.954;3.026;253.536;225.042
2019-03-21;131.835;2.958;251.46;222.186
2019-03-22;132.208;2.929;255.528;225.152
2019-03-25;131.611;2.974;261.64;231.095
2019-03-26;132.047;2.941;257.497;226.962
2019-03-27;132.127;2.934;263.457;232.219
2019-03-28;131.735;2.963;263.11;232.305
2019-03-29;131.861;2.953;259.805;229.4
2019-04-01;131.591;2.973;258.041;228.208
2019-04-02;131.473;2.981;261.152;231.079
2019-04-03;131.224;3.0;256.798;227.614
2019-04-04;131.397;2.986;257.697;228.113
2019-04-05;131.934;2.944;252.737;223.214
2019-04-08;131.817;2.953;253.889;224.342
2019-04-09;132.523;2.899;249.862;220.061
2019-04-10;132.705;2.885;251.237;221.157
2019-04-11;133.111;2.853;246.759;216.805
2019-04-12;132.852;2.872;242.577;213.46
2019-04-15;132.394;2.907;245.174;216.224
2019-04-16;132.092;2.929;246.017;217.302
2019-04-17;131.717;2.955;247.77;219.239
2019-04-18;131.868;2.944;252.355;223.003
2019-04-19;131.868;2.944;252.331;222.983
2019-04-22;131.868;2.944;252.33;222.983
2019-04-23;130.99;3.01;257.298;228.269
2019-04-24;131.252;2.99;260.917;231.084
2019-04-25;130.711;3.03;263.334;233.864
2019-04-26;132.004;2.931;255.057;225.137
2019-04-29;132.027;2.928;253.542;223.794
2019-04-30;132.406;2.899;249.959;220.232
2019-05-01;132.406;2.899;250.072;220.336
2019-05-02;132.404;2.898;248.791;219.254
2019-05-03;132.176;2.915;250.092;220.638
2019-05-06;131.887;2.937;254.334;224.645
2019-05-07;131.372;2.975;262.181;232.066
2019-05-08;131.45;2.969;261.589;231.434
2019-05-09;130.611;3.032;267.376;237.479
2019-05-10;130.655;3.028;266.658;236.827
2019-05-13;130.413;3.047;271.781;241.469
2019-05-14;130.25;3.059;274.094;243.741
2019-05-15;130.063;3.073;277.668;247.065
2019-05-16;130.793;3.015;270.83;240.221
2019-05-17;131.097;2.992;269.742;238.967
2019-05-20;130.667;3.024;271.116;240.729
2019-05-21;131.229;2.981;265.482;235.18
2019-05-22;131.336;2.972;266.293;235.771
2019-05-23;131.139;2.986;271.098;240.161
2019-05-24;132.075;2.914;263.827;232.726
2019-05-27;130.849;3.008;276.155;244.821
2019-05-28;130.798;3.011;277.986;246.506
2019-05-29;131.458;2.96;275.32;243.301
2019-05-30;131.228;2.977;276.012;244.204
2019-05-31;131.162;2.981;279.684;247.406
2019-06-03;132.402;2.886;272.258;239.464
2019-06-04;132.983;2.842;271.048;237.7
2019-06-05;133.502;2.802;269.112;235.424
2019-06-06;133.241;2.821;272.857;238.887
2019-06-07;134.88;2.698;263.033;228.552
2019-06-10;134.876;2.698;257.196;223.782
2019-06-11;134.284;2.741;263.669;229.971
2019-06-12;133.656;2.788;268.511;234.868
2019-06-13;134.565;2.719;262.921;229.005
2019-06-14;134.854;2.697;263.469;229.101
2019-06-17;135.593;2.641;256.503;222.387
2019-06-18;137.969;2.468;246.363;211.386
2019-06-19;138.167;2.453;242.112;207.587
2019-06-20;137.802;2.478;247.095;212.102
2019-06-21;137.795;2.478;243.637;209.195
2019-06-24;137.736;2.482;246.992;212.074
2019-06-25;137.546;2.495;251.275;215.869
2019-06-26;137.904;2.469;246.108;211.117
2019-06-27;137.984;2.461;247.838;212.523
2019-06-28;138.367;2.433;245.157;209.862
2019-07-01;140.136;2.306;234.627;199.407
2019-07-02;141.875;2.184;222.581;187.849
2019-07-03;145.403;1.941;202.916;168.68
2019-07-04;143.919;2.04;217.176;181.49
2019-07-05;142.84;2.114;220.86;185.439
2019-07-08;142.425;2.142;225.121;189.286
2019-07-09;143.014;2.101;217.028;182.063
2019-07-10;143.032;2.099;211.961;177.886
2019-07-11;143.442;2.069;202.202;169.571
2019-07-12;142.598;2.127;206.439;173.777
2019-07-15;143.781;2.045;203.432;170.332
2019-07-16;144.441;1.999;200.124;167.097
2019-07-17;144.712;1.98;203.019;169.268
2019-07-18;145.233;1.943;200.57;166.904
2019-07-19;144.413;1.998;207.73;173.481
2019-07-22;143.661;2.049;215.006;180.099
2019-07-23;144.317;2.004;210.675;175.98
2019-07-24;145.737;1.907;204.854;170.04
2019-07-25;145.375;1.929;206.077;171.291
2019-07-26;144.85;1.965;211.711;176.273
2019-07-29;144.728;1.972;213.5;177.743
2019-07-30;144.471;1.99;216.193;180.148
2019-07-31;145.32;1.931;215.296;178.732
2019-08-01;144.836;1.962;221.791;184.386
2019-08-02;145.454;1.92;225.618;186.86
2019-08-05;145.192;1.937;228.944;189.833
2019-08-06;146.075;1.877;224.101;185.174
2019-08-07;147.468;1.782;220.134;180.82
2019-08-08;145.808;1.892;227.37;188.15
2019-08-09;142.005;2.154;256.546;215.639
2019-08-12;143.453;2.053;247.653;206.851
2019-08-13;144.661;1.969;242.556;201.525
2019-08-14;146.092;1.871;241.131;198.969
2019-08-15;148.754;1.691;234.921;191.48
2019-08-16;148.041;1.738;241.828;197.879
2019-08-19;147.214;1.793;236.06;193.973
2019-08-20;147.921;1.745;233.556;191.345
2019-08-21;148.339;1.716;226.456;185.164
2019-08-22;148.8;1.684;217.511;177.57
2019-08-23;148.586;1.698;221.73;181.198
2019-08-26;148.614;1.695;220.715;180.353
2019-08-27;151.25;1.522;210.406;170.032
2019-08-28;152.931;1.413;202.677;162.57
2019-08-29;153.777;1.357;192.99;154.386
2019-08-30;153.576;1.369;193.795;155.202
2019-09-02;153.816;1.353;190.736;152.736
2019-09-03;155.32;1.258;181.252;144.264
2019-09-04;156.334;1.193;169.259;134.252
2019-09-05;154.04;1.336;172.613;138.331
2019-09-06;154.953;1.277;172.895;137.874
2019-09-09;153.868;1.345;174.015;139.417
2019-09-10;152.703;1.419;178.427;143.677
2019-09-11;153.615;1.36;171.543;137.633
2019-09-12;155.078;1.266;155.465;123.979
2019-09-13;154.776;1.284;145.726;116.45
2019-09-16;155.322;1.249;147.286;117.33
2019-09-17;154.136;1.323;158.615;126.901
2019-09-18;155.01;1.267;157.617;125.602
2019-09-19;154.915;1.271;158.807;126.538
2019-09-20;154.339;1.307;164.599;131.346
2019-09-23;155.778;1.216;162.484;128.867
2019-09-24;155.795;1.214;166.603;132.033
2019-09-25;155.562;1.228;163.731;129.925
2019-09-26;155.771;1.213;161.642;128.154
2019-09-27;155.703;1.216;160.765;127.574
2019-09-30;155.616;1.221;159.949;127.045
2019-10-01;154.988;1.26;163.754;130.401
2019-10-02;154.298;1.303;167.496;133.708
2019-10-03;155.398;1.232;163.429;129.91
2019-10-04;155.216;1.243;164.342;130.747
2019-10-07;154.968;1.258;164.56;131.063
2019-10-08;155.15;1.245;164.097;130.595
2019-10-09;154.823;1.265;160.818;128.175
2019-10-10;153.474;1.349;162.757;130.407
2019-10-11;153.695;1.335;156.162;125.091
2019-10-14;154.072;1.31;155.673;124.41
2019-10-15;153.737;1.331;152.7;122.266
2019-10-16;153.853;1.323;147.933;118.432
2019-10-17;154.331;1.29;148.017;118.195
2019-10-18;153.728;1.328;148.043;118.542
2019-10-21;152.748;1.39;150.186;120.784
2019-10-22;153.587;1.336;148.177;118.685
2019-10-23;153.413;1.346;154.734;123.955
2019-10-24;153.856;1.316;151.22;120.934
2019-10-25;153.38;1.346;147.203;118.026
2019-10-28;152.831;1.381;148.233;119.116
2019-10-29;153.146;1.36;148.111;118.824
2019-10-30;153.147;1.359;147.153;118.048
2019-10-31;154.141;1.293;145.459;116.178
2019-11-01;153.084;1.36;150.965;121.152
2019-11-04;153.043;1.362;146.408;117.572
2019-11-05;152.454;1.4;147.296;118.581
2019-11-06;152.796;1.377;147.762;118.747
2019-11-07;150.337;1.536;155.481;126.202
2019-11-08;149.856;1.567;161.777;131.532
2019-11-11;148.84;1.634;167.527;136.826
2019-11-12;149.462;1.592;164.627;134.072
2019-11-13;149.103;1.616;172.633;140.749
2019-11-14;148.12;1.68;184.748;151.134
2019-11-15;149.377;1.595;173.743;141.447
2019-11-18;149.719;1.571;170.594;138.705
2019-11-19;149.118;1.611;175.502;143.013
2019-11-20;149.761;1.567;171.371;139.292
2019-11-21;150.02;1.548;167.432;135.965
2019-11-22;149.926;1.554;171.877;139.588
2019-11-25;150.058;1.545;169.065;137.261
2019-11-26;149.877;1.556;172.282;139.948
2019-11-27;149.215;1.6;178.93;145.707
2019-11-28;148.74;1.63;180.86;147.602
2019-11-29;148.772;1.627;180.169;146.993
2019-12-02;146.998;1.746;184.962;152.065
2019-12-03;147.989;1.678;185.424;151.684
2019-12-04;147.915;1.683;181.002;148.224
2019-12-05;146.681;1.765;188.975;155.495
2019-12-06;146.921;1.748;186.084;152.982
2019-12-09;147.988;1.675;179.67;147.077
2019-12-10;148.457;1.643;175.198;143.169
2019-12-11;149.024;1.604;173.598;141.518
2019-12-12;148.641;1.628;172.094;140.598
2019-12-13;149.638;1.56;167.512;136.231
2019-12-16;149.219;1.588;168.234;137.073
2019-12-17;149.535;1.566;167.071;135.937
2019-12-18;148.621;1.627;168.781;137.903
2019-12-19;147.896;1.674;172.681;141.48
2019-12-20;147.566;1.696;176.506;144.764
2019-12-23;147.28;1.714;176.496;145.0
2019-12-24;147.28;1.712;176.041;144.609
2019-12-25;147.28;1.712;176.046;144.616
2019-12-26;147.28;1.712;176.04;144.609
2019-12-27;148.044;1.659;171.475;140.376
2019-12-30;147.43;1.7;168.842;138.575
2020-01-01;147.43;1.699;168.636;138.418
2020-01-02;147.305;1.706;174.745;143.44
2020-01-03;148.225;1.643;173.937;142.241
2020-01-06;147.944;1.661;177.005;144.914
2020-01-07;147.596;1.684;180.059;147.614
2020-01-08;147.103;1.717;178.984;147.095
2020-01-09;147.652;1.678;171.889;140.941
2020-01-10;148.479;1.621;167.168;136.598
2020-01-13;147.706;1.673;168.241;137.956
2020-01-14;147.408;1.693;171.349;140.642
2020-01-15;147.311;1.699;174.812;143.521
2020-01-16;146.748;1.736;180.808;148.783
2020-01-17;147.594;1.677;174.11;142.78
2020-01-20;147.904;1.655;172.46;141.253
2020-01-21;147.641;1.673;178.376;146.18
2020-01-22;147.993;1.648;176.517;144.451
2020-01-23;149.42;1.549;170.648;138.81
2020-01-24;149.672;1.532;172.174;139.863
2020-01-27;152.492;1.344;158.077;126.96
2020-01-28;152.702;1.329;150.975;121.203
2020-01-29;153.928;1.249;144.677;115.553
2020-01-30;154.057;1.238;146.399;116.87
2020-01-31;154.058;1.238;149.138;118.958
2020-02-03;153.63;1.265;154.465;123.47
2020-02-04;153.728;1.258;148.846;118.969
2020-02-05;153.517;1.271;145.236;116.25
2020-02-06;153.631;1.261;145.042;116.027
2020-02-07;153.997;1.237;145.043;115.816
2020-02-10;153.769;1.251;150.657;120.387
2020-02-11;153.555;1.264;149.657;119.748
2020-02-12;154.518;1.201;141.661;112.961
2020-02-13;154.681;1.188;142.138;113.211
2020-02-14;154.396;1.206;146.149;116.547
2020-02-17;154.62;1.191;144.468;115.098
2020-02-18;154.259;1.213;148.889;118.786
2020-02-19;153.987;1.23;152.383;121.658
2020-02-20;154.647;1.186;152.525;121.404
2020-02-21;154.593;1.188;150.799;119.988
2020-02-24;153.676;1.247;162.464;129.684
2020-02-25;153.432;1.263;166.342;132.908
2020-02-26;153.308;1.27;164.263;131.437
2020-02-27;152.072;1.349;176.206;141.601
2020-02-28;151.733;1.371;183.966;147.972
2020-03-02;151.368;1.395;188.996;152.372
2020-03-03;153.472;1.255;173.376;138.694
2020-03-04;153.113;1.278;175.309;140.366
2020-03-05;152.221;1.335;184.536;148.382
2020-03-06;152.186;1.336;189.062;151.843
2020-03-09;147.253;1.67;236.024;192.876
2020-03-10;148.262;1.6;222.647;181.179
2020-03-11;150.633;1.438;204.166;164.747
2020-03-12;142.629;1.993;263.449;219.415
2020-03-13;142.033;2.035;250.742;209.264
2020-03-16;137.385;2.378;282.38;240.198
2020-03-17;135.115;2.551;298.685;256.623
2020-03-18;134.24;2.618;284.713;245.767
2020-03-19;143.192;1.948;211.937;176.042
2020-03-20;144.538;1.852;211.406;174.52
2020-03-23;145.324;1.795;208.816;171.769
2020-03-24;145.54;1.78;200.018;164.546
2020-03-25;145.606;1.774;193.223;159.007
2020-03-26;149.76;1.486;167.506;135.594
2020-03-27;148.371;1.58;188.717;153.502
2020-03-30;146.355;1.719;204.759;167.942
2020-03-31;145.666;1.766;209.155;172.114
2020-04-01;145.533;1.775;212.019;174.38
2020-04-02;145.976;1.742;209.822;172.171
2020-04-03;144.7;1.832;218.643;180.308
2020-04-06;145.422;1.78;211.159;173.727
2020-04-07;143.594;1.909;215.534;178.635
2020-04-08;143.054;1.945;221.176;183.634
2020-04-09;143.871;1.886;221.75;183.362
2020-04-10;143.871;1.886;220.892;182.622
2020-04-13;143.871;1.886;220.88;182.625
2020-04-14;141.295;2.072;243.318;203.458
2020-04-15;139.916;2.173;260.765;219.275
2020-04-16;140.603;2.12;256.058;214.555
2020-04-17;141.145;2.08;251.31;210.148
2020-04-20;139.242;2.22;261.547;220.441
2020-04-21;136.306;2.442;284.893;242.991
2020-04-22;136.99;2.389;271.845;231.04
2020-04-23;138.274;2.29;266.194;224.976
2020-04-24;140.138;2.15;257.433;215.883
2020-04-27;141.211;2.07;247.478;206.645
2020-04-28;141.703;2.034;245.612;204.723
2020-04-29;141.348;2.058;249.88;208.602
2020-04-30;141.185;2.069;260.437;217.538
2020-05-01;141.185;2.069;259.632;216.824
2020-05-04;141.054;2.078;258.065;215.693
2020-05-05;139.962;2.158;267.556;224.717
2020-05-06;138.638;2.257;272.638;230.239
2020-05-07;139.299;2.205;270.158;227.322
2020-05-08;140.176;2.14;261.997;219.839
2020-05-11;139.7;2.174;265.679;223.333
2020-05-12;139.578;2.183;269.251;226.381
2020-05-13;140.73;2.097;262.555;219.534
2020-05-14;140.526;2.11;264.723;221.565
2020-05-15;140.044;2.145;267.277;224.102
2020-05-18;142.355;1.975;246.732;205.055
2020-05-19;142.671;1.951;243.718;202.124
2020-05-20;142.732;1.946;243.326;201.744
2020-05-21;143.098;1.918;241.409;199.917
2020-05-22;143.416;1.894;239.172;197.866
2020-05-25;143.719;1.872;236.607;195.452
2020-05-26;144.026;1.849;230.253;189.923
2020-05-27;144.72;1.798;224.745;184.915
2020-05-28;145.653;1.73;217.956;178.607
2020-05-29;145.094;1.769;224.624;184.516
2020-06-01;144.98;1.777;219.436;180.371
2020-06-02;144.868;1.784;222.532;183.147
2020-06-03;144.005;1.845;223.471;184.611
2020-06-04;145.54;1.734;207.653;170.584
2020-06-05;145.523;1.734;204.662;168.255
2020-06-08;145.829;1.712;206.187;169.26
2020-06-09;144.996;1.771;210.435;173.329
2020-06-10;144.135;1.832;218.941;180.945
2020-06-11;144.947;1.772;220.86;181.78
2020-06-12;145.611;1.724;217.44;178.534
2020-06-15;145.344;1.742;221.016;181.673
2020-06-16;146.197;1.681;212.716;174.224
2020-06-17;145.985;1.695;213.919;175.356
2020-06-18;146.539;1.654;212.602;173.912
2020-06-19;146.859;1.631;210.151;171.714
2020-06-22;147.749;1.568;205.553;167.461
2020-06-23;148.122;1.541;199.579;162.444
2020-06-24;148.091;1.543;201.843;164.274
2020-06-25;147.617;1.574;206.574;168.381
2020-06-26;147.77;1.562;208.105;169.548
2020-06-29;147.684;1.568;207.888;169.422
2020-06-30;148.247;1.528;201.989;164.338
2020-07-01;147.943;1.548;200.273;163.126
2020-07-02;148.843;1.484;195.214;158.435
2020-07-03;148.247;1.524;199.334;162.249
2020-07-06;148.457;1.509;197.893;160.935
2020-07-07;148.935;1.475;193.915;157.363
2020-07-08;148.967;1.472;195.213;158.363
2020-07-09;148.637;1.493;200.1;162.569
2020-07-10;148.652;1.491;199.903;162.388
2020-07-13;148.416;1.507;196.638;159.949
2020-07-14;148.765;1.482;197.826;160.622
2020-07-15;148.938;1.47;197.036;159.91
2020-07-16;149.156;1.452;195.781;158.762
2020-07-17;149.394;1.435;191.971;155.58
2020-07-20;150.315;1.371;187.275;151.187
2020-07-21;150.504;1.357;186.676;150.611
2020-07-22;151.317;1.301;182.711;146.915
2020-07-23;152.085;1.247;175.807;140.964
2020-07-24;151.953;1.255;173.828;139.451
2020-07-27;152.008;1.25;177.281;142.134
2020-07-28;151.733;1.268;180.871;145.176
2020-07-29;151.884;1.257;177.634;142.479
2020-07-30;152.173;1.236;179.313;143.652
2020-07-31;151.539;1.278;181.37;145.73
2020-08-03;151.581;1.274;181.179;145.583
2020-08-04;152.424;1.216;177.71;142.308
2020-08-05;152.054;1.241;175.827;141.037
2020-08-06;152.623;1.2;173.503;138.83
2020-08-07;152.747;1.191;170.277;136.204
2020-08-10;152.9;1.18;171.191;136.868
2020-08-11;152.654;1.196;167.744;134.337
2020-08-12;152.378;1.214;167.167;134.03
2020-08-13;151.586;1.266;169.251;136.17
2020-08-14;151.876;1.245;167.854;134.885
2020-08-17;152.679;1.19;165.147;132.314
2020-08-18;152.731;1.186;165.325;132.418
2020-08-19;152.941;1.171;164.764;131.895
2020-08-20;152.947;1.168;166.84;133.521
2020-08-21;152.541;1.195;170.367;136.561
2020-08-24;152.52;1.196;169.045;135.53
2020-08-25;151.287;1.279;173.235;139.609
2020-08-26;151.4;1.27;170.559;137.421
2020-08-27;151.355;1.271;167.965;135.353
2020-08-28;151.057;1.291;170.533;137.631
2020-08-31;150.378;1.337;176.015;142.413
2020-09-01;151.065;1.289;172.16;138.925
2020-09-02;152.037;1.222;169.513;136.212
2020-09-03;152.004;1.222;171.697;138.007
2020-09-04;151.291;1.27;175.394;141.384
2020-09-07;150.722;1.309;179.379;144.974
2020-09-08;151.033;1.286;179.751;145.065
2020-09-09;151.215;1.273;173.622;140.082
2020-09-10;151.409;1.258;170.058;137.059
2020-09-11;151.871;1.225;171.119;137.644
2020-09-14;152.11;1.208;169.475;136.187
2020-09-15;152.416;1.187;167.397;134.371
2020-09-16;152.848;1.156;164.481;131.791
2020-09-17;152.978;1.145;164.359;131.631
2020-09-18;152.835;1.154;164.469;131.806
2020-09-21;153.493;1.109;163.057;130.317
2020-09-22;154.247;1.057;154.147;122.9
2020-09-23;154.492;1.04;152.014;121.051
2020-09-24;153.956;1.074;155.83;124.319
2020-09-25;154.099;1.064;157.438;125.492
2020-09-28;154.153;1.059;156.002;124.358
2020-09-29;154.547;1.032;154.319;122.834
2020-09-30;154.274;1.05;153.76;122.569
2020-10-01;154.839;1.009;150.105;119.387
2020-10-02;155.424;0.969;145.723;115.643
2020-10-05;155.063;0.993;145.934;116.032
2020-10-06;155.509;0.962;141.947;112.649
2020-10-07;155.333;0.973;141.991;112.793
2020-10-08;155.746;0.943;140.654;111.532
2020-10-09;156.35;0.902;135.531;107.245
2020-10-12;157.116;0.851;131.208;103.521
2020-10-13;157.43;0.83;130.525;102.853
2020-10-14;157.45;0.827;133.442;105.136
2020-10-15;156.76;0.871;140.88;111.257
2020-10-16;157.403;0.827;136.482;107.515
2020-10-19;156.327;0.898;144.933;114.638
2020-10-20;156.245;0.902;142.085;112.445
2020-10-21;155.323;0.963;147.456;117.124
2020-10-22;154.948;0.986;147.693;117.502
2020-10-23;155.576;0.943;142.864;113.381
2020-10-26;155.974;0.916;140.426;111.241
2020-10-27;156.514;0.879;140.388;111.007
2020-10-28;155.577;0.941;147.942;117.416
2020-10-29;156.536;0.874;140.426;111.042
2020-10-30;156.143;0.9;141.759;112.265
2020-11-02;156.291;0.889;140.338;111.048
2020-11-03;156.504;0.874;136.474;107.933
2020-11-04;157.118;0.833;133.46;105.281
2020-11-05;157.373;0.813;132.091;104.117
2020-11-06;157.727;0.789;127.801;100.623
2020-11-09;155.948;0.907;132.52;105.118
2020-11-10;155.772;0.917;131.053;104.028
2020-11-11;156.18;0.889;129.136;102.33
2020-11-12;157.0;0.832;125.521;99.132
2020-11-13;157.32;0.81;125.012;98.607
2020-11-16;157.464;0.8;123.085;97.008
2020-11-17;157.655;0.787;123.099;96.945
2020-11-18;157.423;0.801;124.308;97.977
2020-11-19;157.495;0.794;125.784;99.094
2020-11-20;157.554;0.789;125.845;99.096
2020-11-23;157.677;0.78;124.03;97.648
2020-11-24;157.816;0.77;120.88;95.118
2020-11-25;157.803;0.77;121.834;95.84
2020-11-26;157.979;0.756;122.747;96.49
2020-11-27;158.066;0.75;122.219;96.037
2020-11-30;157.564;0.782;125.451;98.755
2020-12-01;156.792;0.833;128.782;101.703
2020-12-02;157.388;0.792;123.541;97.344
2020-12-03;157.851;0.759;121.696;95.725
2020-12-04;157.508;0.781;122.762;96.688
2020-12-07;157.699;0.768;124.305;97.826
2020-12-08;157.988;0.748;124.203;97.634
2020-12-09;158.152;0.736;122.861;96.512
2020-12-10;158.426;0.715;121.533;95.384
2020-12-11;158.464;0.712;124.846;97.904
2020-12-14;158.641;0.7;121.732;95.392
2020-12-15;158.986;0.676;118.22;92.557
2020-12-16;158.808;0.687;115.673;90.649
2020-12-17;158.771;0.687;116.066;90.95
2020-12-18;158.407;0.71;118.263;92.793
2020-12-21;158.308;0.716;118.763;93.197
2020-12-22;158.492;0.703;118.058;92.583
2020-12-23;158.015;0.731;118.17;92.879
2020-12-24;158.015;0.73;118.126;92.799
2020-12-25;158.015;0.73;118.126;92.799
2020-12-28;158.646;0.688;114.428;89.694
2020-12-29;158.376;0.705;117.149;91.873
2020-12-30;158.51;0.693;116.129;91.033
2020-12-31;158.51;0.692;115.977;90.914
2021-01-01;158.51;0.692;115.971;90.914
2021-01-04;158.468;0.694;120.158;94.199
2021-01-05;158.267;0.706;119.002;93.398
2021-01-06;158.258;0.706;116.437;91.396
2021-01-07;158.307;0.7;113.302;88.909
2021-01-08;158.76;0.669;109.066;85.472
2021-01-11;158.283;0.7;110.851;87.028
2021-01-12;156.962;0.787;118.043;93.187
2021-01-13;157.685;0.738;116.919;91.949
2021-01-14;157.003;0.781;124.048;97.814
2021-01-15;157.367;0.756;121.171;95.46
2021-01-18;157.058;0.776;121.406;95.743
2021-01-19;157.683;0.733;115.923;91.196
2021-01-20;157.246;0.762;119.08;93.837
2021-01-21;156.198;0.83;123.753;97.929
2021-01-22;155.267;0.892;131.513;104.376
2021-01-25;156.311;0.82;127.197;100.557
2021-01-26;156.784;0.788;120.898;95.433
2021-01-27;156.61;0.799;122.459;96.747
2021-01-28;156.861;0.779;119.177;94.064
2021-01-29;156.678;0.791;117.541;92.84
2021-02-01;156.986;0.769;115.874;91.403
2021-02-02;156.574;0.796;117.036;92.472
2021-02-03;157.504;0.733;105.884;83.373
2021-02-04;158.035;0.695;99.762;78.414
2021-02-05;158.127;0.688;96.747;76.018
2021-02-08;158.517;0.661;93.389;73.287
2021-02-09;158.473;0.663;93.71;73.57
2021-02-10;158.595;0.654;91.199;71.576
2021-02-11;159.236;0.609;87.43;68.429
2021-02-12;158.921;0.629;85.996;67.437
2021-02-15;158.277;0.671;86.341;67.893
2021-02-16;157.568;0.717;87.227;68.797
2021-02-17;157.374;0.73;91.062;71.874
2021-02-18;156.368;0.795;96.672;76.568
2021-02-19;156.75;0.768;87.746;69.439
2021-02-22;157.156;0.74;89.105;70.378
2021-02-23;156.431;0.788;93.472;74.037
2021-02-24;155.747;0.834;98.068;77.919
2021-02-25;154.105;0.944;103.335;82.642
2021-02-26;154.696;0.902;101.862;81.27
2021-03-01;156.106;0.805;98.912;78.422
2021-03-02;155.76;0.828;103.146;81.92
2021-03-03;154.654;0.903;103.788;82.858
2021-03-04;154.845;0.887;103.794;82.788
2021-03-05;154.64;0.9;103.922;82.955
2021-03-08;154.573;0.904;101.216;80.81
2021-03-09;155.433;0.844;96.775;77.018
2021-03-10;155.64;0.829;96.929;77.065
2021-03-11;156.691;0.755;89.272;70.712
2021-03-12;156.299;0.781;87.499;69.42
2021-03-15;156.623;0.758;88.151;69.849
2021-03-16;156.232;0.784;92.045;73.065
2021-03-17;155.064;0.863;95.637;76.303
2021-03-18;155.113;0.857;91.747;73.221
2021-03-19;155.334;0.841;92.116;73.432
2021-03-22;155.61;0.821;90.687;72.218
2021-03-23;156.272;0.775;87.686;69.645
2021-03-24;156.44;0.763;87.721;69.605
2021-03-25;156.636;0.747;89.589;71.006
2021-03-26;156.053;0.786;89.424;71.034
2021-03-29;155.752;0.805;89.497;71.211
2021-03-30;155.214;0.842;91.602;73.071
2021-03-31;155.305;0.831;89.866;71.593
2021-04-01;155.845;0.793;89.607;71.233
2021-04-02;155.845;0.793;89.144;70.864
2021-04-05;155.845;0.793;89.156;70.863
2021-04-06;154.847;0.861;97.105;77.531
2021-04-07;154.818;0.862;98.689;78.781
2021-04-08;155.2;0.833;96.342;76.795
2021-04-09;154.171;0.904;101.768;81.455
2021-04-12;154.087;0.909;100.697;80.63
2021-04-13;153.858;0.924;102.58;82.237
2021-04-14;153.29;0.963;104.859;82.964
2021-04-15;154.078;0.905;99.671;79.769
2021-04-16;153.82;0.922;99.408;79.654
2021-04-19;153.204;0.965;102.201;82.121
2021-04-20;153.336;0.955;104.033;83.53
2021-04-21;153.683;0.929;101.184;81.135
2021-04-22;153.65;0.929;100.224;80.358
2021-04-23;153.238;0.957;105.866;83.708
2021-04-26;152.977;0.975;104.804;84.258
2021-04-27;152.661;0.996;106.457;85.707
2021-04-28;152.58;1.001;105.487;84.954
2021-04-29;152.011;1.039;105.32;85.054
2021-04-30;152.109;1.031;105.127;84.895
2021-05-03;152.423;1.008;102.48;82.635
2021-05-04;152.652;0.991;105.352;84.831
2021-05-05;152.124;1.028;108.277;87.399
2021-05-06;151.814;1.047;110.892;89.601
2021-05-07;151.12;1.096;115.98;93.959
2021-05-10;151.608;1.06;111.783;90.42
2021-05-11;150.779;1.119;113.923;92.457
2021-05-12;150.266;1.155;115.254;93.712
2021-05-13;149.764;1.189;121.035;98.596
2021-05-14;149.55;1.204;123.815;100.888
2021-05-17;149.112;1.235;125.916;102.851
2021-05-18;149.087;1.236;123.677;101.045
2021-05-19;148.964;1.244;125.224;102.346
2021-05-20;149.784;1.182;118.133;96.233
2021-05-21;150.1;1.158;117.682;95.746
2021-05-24;150.194;1.151;117.71;95.69
2021-05-25;151.07;1.087;112.695;91.298
2021-05-26;151.659;1.044;112.267;90.714
2021-05-27;151.396;1.06;109.766;88.799
2021-05-28;151.687;1.038;108.903;87.981
2021-05-31;151.699;1.037;109.039;88.102
2021-06-01;151.835;1.026;107.379;86.736
2021-06-02;152.146;1.003;106.277;85.713
2021-06-03;151.896;1.018;105.251;85.02
2021-06-04;152.258;0.992;104.727;84.451
2021-06-07;151.778;1.025;107.366;86.747
2021-06-08;152.39;0.981;104.892;84.535
2021-06-09;152.839;0.948;103.654;83.379
2021-06-10;153.19;0.92;101.27;81.361
2021-06-11;153.902;0.869;96.382;77.216
2021-06-14;153.419;0.902;97.173;78.009
2021-06-15;153.299;0.91;95.391;76.625
2021-06-16;153.42;0.901;96.47;77.438
2021-06-17;152.897;0.935;100.902;81.096
2021-06-18;152.211;0.983;108.321;87.255
2021-06-21;152.164;0.986;104.536;84.248
2021-06-22;151.81;1.01;107.06;86.406
2021-06-23;151.884;1.004;107.803;86.978
2021-06-24;152.241;0.976;104.578;84.254
2021-06-25;151.492;1.029;106.692;86.259
2021-06-28;152.121;0.983;104.391;84.163
2021-06-29;152.05;0.987;101.932;82.224
2021-06-30;152.828;0.931;99.523;80.025
2021-07-01;153.04;0.913;96.202;77.305
2021-07-02;153.423;0.885;96.637;77.513
2021-07-05;152.967;0.917;97.185;78.103
2021-07-06;153.742;0.861;97.504;78.101
2021-07-07;153.821;0.854;100.55;80.473
2021-07-08;153.482;0.876;104.253;83.546
2021-07-09;153.415;0.88;102.146;81.895
2021-07-12;153.77;0.854;98.781;79.086
2021-07-13;154.083;0.83;95.248;76.183
2021-07-14;154.149;0.825;97.061;77.602
2021-07-15;153.967;0.835;100.133;80.079
2021-07-16;154.162;0.821;99.899;79.816
2021-07-19;154.148;0.821;103.045;82.283
2021-07-20;154.517;0.794;102.444;81.703
2021-07-21;154.354;0.804;101.03;80.641
2021-07-22;155.01;0.755;99.209;78.986
2021-07-23;155.261;0.737;96.178;76.523
2021-07-26;155.19;0.741;95.459;75.974
2021-07-27;155.336;0.73;95.903;76.277
2021-07-28;155.373;0.726;94.4;75.078
2021-07-29;155.213;0.735;96.318;76.607
2021-07-30;155.252;0.731;97.373;77.434
2021-08-02;155.835;0.689;95.964;76.118
2021-08-03;155.948;0.681;94.868;75.222
2021-08-04;156.13;0.667;93.922;74.443
2021-08-05;156.388;0.646;92.463;73.192
2021-08-06;155.783;0.688;92.508;73.406
2021-08-09;155.988;0.672;92.189;73.094
2021-08-10;156.078;0.665;91.408;72.454
2021-08-11;155.717;0.69;95.825;76.055
2021-08-12;155.97;0.669;92.958;73.707
2021-08-13;155.902;0.673;95.132;75.424
2021-08-16;155.692;0.687;95.841;76.056
2021-08-17;155.587;0.693;96.543;76.642
2021-08-18;155.894;0.671;94.344;74.811
2021-08-19;155.783;0.676;96.303;76.395
2021-08-20;155.921;0.666;95.887;76.018
2021-08-23;155.401;0.701;98.981;78.619
2021-08-24;155.548;0.69;97.233;77.196
2021-08-25;154.214;0.784;102.917;82.173
2021-08-26;154.085;0.79;101.904;81.409
2021-08-27;154.604;0.752;99.43;79.286
2021-08-30;154.841;0.735;97.815;77.892
2021-08-31;153.514;0.828;103.82;83.103
2021-09-01;153.714;0.813;100.698;80.55
2021-09-02;153.992;0.791;98.244;78.496
2021-09-03;153.447;0.829;100.225;80.28
2021-09-06;153.644;0.814;98.618;78.919
2021-09-07;152.75;0.877;102.104;82.0
2021-09-08;152.823;0.871;101.55;81.526
2021-09-09;154.024;0.782;95.216;76.074
2021-09-10;153.617;0.81;94.796;75.858
2021-09-13;153.829;0.794;92.35;73.851
2021-09-14;154.362;0.755;89.366;71.328
2021-09-15;153.579;0.811;91.686;73.42
2021-09-16;153.625;0.805;90.01;72.049
2021-09-17;153.26;0.83;89.974;72.172
2021-09-20;153.344;0.823;92.28;73.978
2021-09-21;153.616;0.803;90.107;72.161
2021-09-22;154.078;0.769;87.943;70.224
2021-09-23;153.32;0.82;86.363;69.194
2021-09-24;152.418;0.885;91.082;73.241
2021-09-27;152.209;0.899;91.968;73.993
2021-09-28;151.366;0.96;96.314;77.822
2021-09-29;151.811;0.927;93.745;75.616
2021-09-30;151.23;0.967;97.065;78.467
2021-10-01;151.787;0.925;94.533;76.249
2021-10-04;151.504;0.945;95.374;77.057
2021-10-05;151.124;0.972;95.591;77.342
2021-10-06;150.664;1.005;98.559;79.911
2021-10-07;151.139;0.967;93.031;75.246
2021-10-08;150.764;0.994;92.172;74.641
2021-10-11;150.281;1.029;91.416;74.218
2021-10-12;150.137;1.039;89.102;72.367
2021-10-13;150.563;1.006;90.784;73.535
2021-10-14;151.503;0.934;90.948;73.376
2021-10-15;151.019;0.969;91.443;73.938
2021-10-18;150.686;0.993;91.325;73.869
2021-10-19;149.962;1.046;93.61;75.944
2021-10-20;150.374;1.014;92.779;75.2
2021-10-21;149.976;1.042;93.638;75.961
2021-10-22;149.856;1.05;93.945;76.209
2021-10-25;150.274;1.018;90.579;73.381
2021-10-26;149.81;1.051;94.782;76.885
2021-10-27;150.576;0.993;98.242;79.371
2021-10-28;149.145;1.098;103.763;84.251
2021-10-29;147.646;1.21;113.611;92.702
2021-11-01;147.0;1.259;119.051;97.49
2021-11-02;148.843;1.118;111.99;91.123
2021-11-03;149.168;1.093;107.613;87.413
2021-11-04;150.581;0.984;101.781;82.31
2021-11-05;151.359;0.926;101.304;81.613
2021-11-08;151.133;0.942;97.983;79.02
2021-11-09;152.011;0.876;96.717;77.643
2021-11-10;150.777;0.966;98.342;79.302
2021-11-11;150.44;0.989;97.599;78.749
2021-11-12;150.503;0.983;98.526;79.576
2021-11-15;149.876;1.029;101.686;82.357
2021-11-16;150.152;1.008;99.218;80.278
2021-11-17;150.078;1.013;100.89;81.716
2021-11-18;150.768;0.958;96.347;77.763
2021-11-19;151.447;0.907;97.595;78.538
2021-11-22;150.341;0.989;102.04;82.493
2021-11-23;149.002;1.088;106.027;86.248
2021-11-24;148.846;1.099;106.718;86.926
2021-11-25;149.048;1.082;106.089;86.324
2021-11-26;150.072;1.004;106.634;86.393
2021-11-29;150.021;1.007;103.33;83.746
2021-11-30;150.181;0.994;106.113;85.875
2021-12-01;149.623;1.035;111.207;90.201
2021-12-02;150.29;0.982;106.329;85.988
2021-12-03;150.769;0.945;103.973;83.929
2021-12-06;151.228;0.91;99.678;80.323
2021-12-07;150.758;0.944;103.355;83.403
2021-12-08;149.364;1.048;109.791;89.142
2021-12-09;149.68;1.022;111.094;90.068
2021-12-10;150.097;0.99;107.233;86.787
2021-12-13;150.821;0.934;104.508;84.351
2021-12-14;150.492;0.958;106.095;85.735
2021-12-15;150.679;0.943;102.081;82.455
2021-12-16;149.923;0.997;107.426;87.006
2021-12-17;150.902;0.923;101.744;82.083
2021-12-20;150.398;0.96;102.457;82.892
2021-12-21;149.415;1.033;104.712;85.078
2021-12-22;148.876;1.073;107.089;87.189
2021-12-23;147.99;1.138;108.692;88.778
2021-12-24;147.99;1.138;108.914;88.966
2021-12-27;147.836;1.149;109.936;89.829
2021-12-28;148.084;1.129;106.778;87.191
2021-12-29;147.455;1.176;106.08;86.871
2021-12-30;147.192;1.194;108.329;88.767
2021-12-31;147.192;1.193;108.293;88.728
2022-01-03;146.74;1.227;107.802;88.502
2022-01-04;146.539;1.242;109.945;90.348
2022-01-05;146.265;1.263;113.206;93.198
2022-01-06;145.731;1.302;114.206;94.119
2022-01-07;145.218;1.341;117.412;96.973
2022-01-10;145.582;1.312;112.317;92.626
2022-01-11;145.324;1.331;113.021;93.284
2022-01-12;145.897;1.286;116.227;92.193
2022-01-13;146.449;1.24;109.842;90.213
2022-01-14;145.748;1.294;110.242;90.792
2022-01-17;145.447;1.317;111.334;91.806
2022-01-18;145.111;1.343;113.808;94.008
2022-01-19;144.841;1.363;115.143;95.226
2022-01-20;145.291;1.325;111.89;92.347
2022-01-21;145.49;1.309;113.152;93.278
2022-01-24;145.491;1.308;115.299;95.067
2022-01-25;145.401;1.314;112.573;92.873
2022-01-26;144.895;1.353;117.188;96.874
2022-01-27;145.399;1.311;111.805;92.116
2022-01-28;145.473;1.304;107.964;88.919
2022-01-31;145.341;1.314;103.677;85.349
2022-02-01;144.734;1.361;106.251;87.653
2022-02-02;144.496;1.379;106.957;88.271
2022-02-03;142.041;1.574;119.883;99.796
2022-02-04;140.661;1.687;124.014;103.61
2022-02-07;140.426;1.705;121.273;101.471
2022-02-08;139.546;1.777;120.155;100.94
2022-02-09;140.7;1.681;115.121;96.234
2022-02-10;139.031;1.817;119.704;100.776
2022-02-11;138.315;1.877;120.8;101.982
2022-02-14;138.128;1.892;120.828;102.138
2022-02-15;138.234;1.882;120.525;101.954
2022-02-16;138.676;1.844;121.039;102.219
2022-02-17;139.45;1.777;116.66;98.288
2022-02-18;139.498;1.772;117.132;98.729
2022-02-21;138.518;1.854;124.384;105.294
2022-02-22;138.305;1.871;121.979;103.339
2022-02-23;138.278;1.872;121.952;103.242
2022-02-24;139.66;1.754;111.942;94.329
2022-02-25;139.505;1.766;105.649;89.108
2022-02-28;140.591;1.675;103.753;87.323
2022-03-01;144.242;1.377;88.814;73.67
2022-03-02;142.482;1.518;96.105;80.202
2022-03-03;142.547;1.511;95.482;79.606
2022-03-04;142.708;1.497;94.48;78.764
2022-03-07;142.022;1.552;99.025;82.798
2022-03-08;141.942;1.558;88.519;74.143
2022-03-09;141.101;1.626;86.201;72.281
2022-03-10;138.528;1.839;104.713;88.643
2022-03-11;139.154;1.785;99.747;84.108
2022-03-14;137.904;1.89;99.693;84.644
2022-03-15;138.545;1.835;94.903;80.37
2022-03-16;138.614;1.828;91.817;77.623
2022-03-17;138.529;1.833;97.556;82.556
2022-03-18;138.602;1.826;96.596;81.678
2022-03-21;137.291;1.937;99.182;84.345
2022-03-22;137.198;1.944;96.846;82.408
2022-03-23;137.59;1.91;98.524;83.684
2022-03-24;136.82;1.974;98.065;83.513
2022-03-25;136.499;2.001;95.352;81.18
2022-03-28;136.235;2.023;97.269;82.946
2022-03-29;136.144;2.03;91.053;77.615
2022-03-30;135.967;2.045;91.299;77.91
2022-03-31;136.922;1.96;90.529;76.909
2022-04-01;136.269;2.016;95.953;81.685
2022-04-04;136.547;1.991;96.729;82.208
2022-04-05;134.472;2.171;103.237;88.628
2022-04-06;133.991;2.213;103.169;88.854
2022-04-07;133.665;2.24;103.431;89.16
2022-04-08;132.986;2.3;104.037;89.893
2022-04-11;132.188;2.371;100.991;87.588
2022-04-12;132.816;2.314;95.231;82.368
2022-04-13;133.164;2.279;92.563;80.004
2022-04-14;131.937;2.389;94.347;82.137
2022-04-15;131.937;2.389;94.214;81.879
2022-04-18;131.937;2.389;94.131;81.883
2022-04-19;131.161;2.459;96.374;84.289
2022-04-20;131.582;2.42;97.731;85.313
2022-04-21;130.475;2.519;100.127;87.761
2022-04-22;129.766;2.584;102.933;90.374
2022-04-25;130.702;2.497;105.242;92.021
2022-04-26;130.957;2.473;104.133;90.898
2022-04-27;130.736;2.493;105.309;92.239
2022-04-28;129.148;2.638;108.446;95.71
2022-04-29;128.44;2.704;110.537;97.847
2022-05-02;127.48;2.794;116.032;103.096
2022-05-03;127.334;2.807;117.138;104.138
2022-05-04;126.554;2.881;125.686;112.193
2022-05-05;125.646;2.966;127.71;114.527
2022-05-06;124.482;3.079;126.398;114.256
2022-05-09;124.273;3.099;126.707;114.636
2022-05-10;125.732;2.956;122.507;110.242
2022-05-11;126.804;2.853;115.917;103.798
2022-05-12;128.613;2.68;117.603;104.402
2022-05-13;127.155;2.817;123.506;110.363
2022-05-16;127.206;2.812;126.078;112.822
2022-05-17;126.014;2.925;129.495;116.364
2022-05-18;125.966;2.929;131.402;117.935
2022-05-19;126.483;2.878;132.369;118.288
2022-05-20;125.467;2.976;143.871;129.309
2022-05-23;125.022;3.018;142.773;128.615
2022-05-24;125.496;2.972;141.555;127.343
2022-05-25;125.803;2.941;137.305;123.324
2022-05-26;126.356;2.886;125.567;112.529
2022-05-27;126.384;2.883;130.315;116.701
2022-05-30;125.356;2.982;134.062;120.671
2022-05-31;124.09;3.106;138.428;125.299
2022-06-01;123.224;3.191;141.797;128.956
2022-06-02;122.252;3.287;145.576;132.819
2022-06-03;121.265;3.386;151.459;138.799
2022-06-06;121.097;3.403;150.286;137.907
2022-06-07;122.31;3.28;139.521;127.208
2022-06-08;121.447;3.366;141.873;130.055
2022-06-09;119.28;3.588;157.116;145.258
2022-06-10;117.559;3.768;164.972;153.695
2022-06-13;114.991;4.044;175.91;166.0
2022-06-14;113.448;4.213;169.481;161.52
2022-06-15;116.615;3.867;150.36;140.868
2022-06-16;117.164;3.808;137.144;128.001
2022-06-17;118.627;3.653;131.745;121.884
2022-06-20;117.662;3.754;129.337;120.324
2022-06-21;117.718;3.748;128.127;119.168
2022-06-22;119.134;3.598;126.488;116.707
2022-06-23;120.576;3.448;132.69;121.703
2022-06-24;120.077;3.499;136.621;125.894
2022-06-27;119.374;3.571;133.225;123.257
2022-06-28;118.975;3.612;129.161;119.738
2022-06-29;120.508;3.453;119.744;110.086
2022-06-30;121.84;3.315;127.636;116.813
2022-07-01;123.633;3.134;118.568;107.516
2022-07-04;122.144;3.283;120.407;110.171
2022-07-05;123.075;3.189;122.313;111.39
2022-07-06;123.024;3.193;129.517;118.148
2022-07-07;121.59;3.337;131.637;120.952
2022-07-08;121.826;3.313;126.041;115.608
2022-07-11;122.534;3.24;126.636;115.714
2022-07-12;123.599;3.133;127.976;116.224
2022-07-13;123.293;3.163;132.014;120.134
2022-07-14;122.314;3.26;136.897;125.043
2022-07-15;122.16;3.275;143.295;130.859
2022-07-18;122.071;3.284;137.042;125.266
2022-07-19;121.87;3.304;133.885;122.475
2022-07-20;121.225;3.369;143.742;131.673
2022-07-21;119.812;3.514;161.353;148.783
2022-07-22;121.976;3.291;156.618;143.0
2022-07-25;122.157;3.272;158.194;144.42
2022-07-26;122.601;3.226;162.752;148.256
2022-07-27;121.887;3.298;167.9;153.32
2022-07-28;123.294;3.154;162.937;147.907
2022-07-29;124.69;3.014;152.37;137.383
2022-08-01;125.657;2.918;144.217;129.384
2022-08-02;124.863;2.996;147.687;132.956
2022-08-03;125.334;2.949;140.224;125.806
2022-08-04;126.101;2.872;138.242;123.495
2022-08-05;125.231;2.957;128.329;115.154
2022-08-08;125.071;2.972;134.796;120.814
2022-08-09;124.849;2.993;133.832;120.107
2022-08-10;125.427;2.936;130.124;116.291
2022-08-11;125.078;2.968;126.276;113.151
2022-08-12;124.75;3.0;133.151;119.596
2022-08-15;125.604;2.915;132.005;117.961
2022-08-16;123.999;3.074;142.467;128.436
2022-08-17;122.174;3.259;149.658;135.901
2022-08-18;122.015;3.273;149.459;135.4
2022-08-19;120.416;3.438;150.627;137.457
2022-08-22;119.151;3.57;152.383;139.61
2022-08-23;118.982;3.588;152.067;139.626
2022-08-24;118.496;3.639;148.522;136.586
2022-08-25;119.67;3.513;142.992;130.544
2022-08-26;118.32;3.656;148.635;136.66
2022-08-29;117.296;3.765;144.96;133.566
2022-08-30;117.118;3.784;147.946;135.836
2022-08-31;116.497;3.851;153.714;141.58
2022-09-01;116.111;3.892;155.197;143.341
2022-09-02;116.881;3.808;149.046;136.925
2022-09-05;115.952;3.909;150.933;139.393
2022-09-06;115.586;3.949;150.155;138.739
2022-09-07;116.631;3.834;149.573;137.29
2022-09-08;115.729;3.931;150.417;138.706
2022-09-09;115.279;3.981;151.473;139.795
2022-09-12;115.805;3.922;157.183;144.489
2022-09-13;115.469;3.959;148.81;136.546
2022-09-14;115.477;3.958;151.328;138.79
2022-09-15;114.976;4.012;155.425;142.866
2022-09-16;115.077;4.0;157.198;144.237
2022-09-19;114.687;4.043;156.863;143.9
2022-09-20;113.864;4.135;154.21;142.086
2022-09-21;114.3;4.086;150.175;137.686
2022-09-22;114.029;4.115;143.016;130.765
2022-09-23;112.58;4.279;151.164;139.691
2022-09-26;110.732;4.493;156.373;146.139
2022-09-27;109.097;4.685;161.854;152.852
2022-09-28;111.015;4.459;145.212;135.643
2022-09-29;109.911;4.588;153.62;145.196
2022-09-30;111.025;4.457;144.755;135.78
2022-10-03;113.374;4.186;139.185;128.817
2022-10-04;113.935;4.123;140.13;129.667
2022-10-05;111.436;4.408;149.638;140.833
2022-10-06;111.062;4.451;144.394;135.609
2022-10-07;109.503;4.634;149.653;141.663
2022-10-10;110.099;4.563;129.169;121.475
2022-10-11;109.706;4.61;136.697;128.971
2022-10-12;109.153;4.675;142.482;135.093
2022-10-13;109.72;4.607;140.878;133.063
2022-10-14;108.731;4.725;147.785;140.637
2022-10-17;109.808;4.596;141.212;133.276
2022-10-18;109.531;4.629;147.228;139.388
2022-10-19;108.836;4.711;150.975;143.459
2022-10-20;108.97;4.695;146.268;138.851
2022-10-21;108.918;4.701;149.686;142.263
2022-10-24;110.232;4.544;143.596;135.169
2022-10-25;111.948;4.343;142.221;132.675
2022-10-26;112.277;4.305;139.538;129.857
2022-10-27;115.031;3.991;124.208;113.61
2022-10-28;113.494;4.164;124.988;115.873
2022-10-31;112.374;4.292;134.859;125.715
2022-11-01;112.726;4.251;130.834;121.499
2022-11-02;112.439;4.284;134.284;124.814
2022-11-03;111.375;4.407;135.929;127.276
2022-11-04;110.962;4.455;137.234;128.681
2022-11-07;110.725;4.482;140.12;131.516
2022-11-08;111.458;4.396;139.89;130.623
2022-11-09;112.313;4.296;143.003;132.83
2022-11-10;114.744;4.018;130.023;119.311
2022-11-11;112.923;4.225;140.046;130.229
2022-11-14;113.153;4.198;141.185;130.946
2022-11-15;114.215;4.077;134.564;124.154
2022-11-16;115.314;3.952;132.502;121.354
2022-11-17;115.332;3.949;127.887;117.278
2022-11-18;115.643;3.914;124.766;113.92
2022-11-21;115.237;3.959;130.608;119.758
2022-11-22;115.463;3.933;132.123;120.969
2022-11-23;116.361;3.833;127.016;115.57
2022-11-24;117.586;3.697;121.455;109.826
2022-11-25;115.981;3.874;128.681;117.608
2022-11-28;115.452;3.932;133.056;121.753
2022-11-29;116.218;3.847;128.48;117.018
2022-11-30;115.739;3.9;133.422;122.193
2022-12-01;117.213;3.735;127.979;116.385
2022-12-02;116.555;3.807;131.042;119.64
2022-12-05;116.617;3.8;129.203;117.693
2022-12-06;117.453;3.707;126.279;114.458
2022-12-07;117.9;3.658;121.654;110.115
2022-12-08;117.081;3.747;128.743;117.243
2022-12-09;115.801;3.888;136.132;124.879
2022-12-12;115.868;3.881;134.775;123.258
2022-12-13;116.142;3.85;130.961;119.807
2022-12-14;115.56;3.914;140.539;128.938
2022-12-15;112.968;4.209;157.383;146.982
2022-12-16;111.807;4.344;159.251;149.451
2022-12-19;111.088;4.428;164.447;155.077
2022-12-20;110.255;4.527;163.952;155.127
2022-12-21;110.592;4.487;156.213;147.714
2022-12-22;110.227;4.529;154.902;146.914
2022-12-23;109.981;4.558;154.532;146.805
2022-12-26;109.981;4.558;154.944;146.89
2022-12-27;109.009;4.675;153.807;147.058
2022-12-28;108.925;4.685;158.904;151.74
2022-12-29;109.825;4.576;154.801;147.242
2022-12-30;108.28;4.763;159.384;153.257
2023-01-02;109.544;4.609;158.906;151.338
2023-01-03;109.955;4.559;161.767;153.764
2023-01-04;111.832;4.336;152.141;143.059
2023-01-05;111.348;4.392;148.866;140.676
2023-01-06;112.336;4.276;149.343;140.263
2023-01-09;112.581;4.247;144.455;135.551
2023-01-10;112.302;4.279;141.482;132.909
2023-01-11;113.922;4.091;137.613;127.971
2023-01-12;114.185;4.059;141.212;131.548
2023-01-13;114.042;4.075;142.081;132.323
2023-01-16;113.961;4.084;143.005;133.327
2023-01-17;115.042;3.96;139.466;129.258
2023-01-18;116.199;3.829;131.072;120.781
2023-01-19;115.772;3.876;131.575;121.625
2023-01-20;113.903;4.089;140.602;131.327
2023-01-23;113.643;4.119;137.764;128.853
2023-01-24;114.603;4.008;131.1;122.006
2023-01-25;114.337;4.038;133.519;124.545
2023-01-26;113.57;4.126;137.451;128.859
2023-01-27;113.067;4.184;140.398;131.962
2023-01-30;112.217;4.283;142.956;134.975
2023-01-31;112.56;4.242;142.873;134.524
2023-02-01;112.512;4.248;146.023;137.45
2023-02-02;115.91;3.855;126.582;116.961
2023-02-03;114.82;3.979;127.657;118.742
2023-02-06;113.658;4.112;130.288;121.972
2023-02-07;113.028;4.185;133.816;125.582
2023-02-08;113.014;4.186;134.316;126.034
2023-02-09;113.927;4.079;129.646;120.871
2023-02-10;113.155;4.168;132.43;123.974
2023-02-13;113.452;4.133;128.008;119.438
2023-02-14;113.011;4.185;125.159;116.92
2023-02-15;112.113;4.29;131.223;123.153
2023-02-16;112.039;4.298;132.627;124.386
2023-02-17;112.377;4.257;131.76;123.251
2023-02-20;112.045;4.296;133.164;124.851
2023-02-21;110.925;4.43;138.738;130.782
2023-02-22;110.966;4.424;136.752;129.116
2023-02-23;111.555;4.353;132.642;124.853
2023-02-24;111.056;4.412;132.388;124.912
2023-02-27;111.241;4.39;125.364;118.025
2023-02-28;110.646;4.461;125.576;118.418
2023-03-01;109.863;4.556;130.633;123.663
2023-03-02;109.465;4.603;131.77;124.925
2023-03-03;110.157;4.519;127.69;120.697
2023-03-06;109.792;4.563;130.534;123.458
2023-03-07;110.157;4.518;131.044;123.441
2023-03-08;110.969;4.42;126.597;118.427
2023-03-09;111.309;4.378;123.326;115.317
2023-03-10;111.89;4.308;124.742;116.354
2023-03-13;113.015;4.174;127.028;117.976
2023-03-14;112.348;4.253;123.443;116.922
2023-03-15;113.659;4.098;125.416;117.096
2023-03-16;113.005;4.174;123.5;116.899
2023-03-17;114.147;4.04;123.352;115.638
2023-03-20;114.732;3.971;116.245;108.466
2023-03-21;113.652;4.097;118.881;111.888
2023-03-22;113.166;4.153;121.021;113.531
2023-03-23;114.042;4.05;119.234;111.036
2023-03-24;114.524;3.993;119.583;111.13
2023-03-27;114.072;4.045;118.507;110.626
2023-03-28;113.431;4.12;120.222;112.465
2023-03-29;113.308;4.134;120.097;112.31
2023-03-30;112.585;4.219;122.597;115.136
2023-03-31;113.73;4.083;117.773;109.708
2023-04-03;113.693;4.087;122.948;114.477
2023-04-04;113.563;4.102;125.584;116.926
2023-04-05;114.352;4.008;122.663;114.214
2023-04-06;114.187;4.027;124.124;115.63
2023-04-07;114.187;4.027;124.186;115.647
2023-04-10;114.187;4.027;124.357;115.631
2023-04-11;113.003;4.165;126.816;118.756
2023-04-12;112.625;4.21;126.198;118.198
2023-04-13;112.577;4.215;126.912;118.774
2023-04-14;111.959;4.288;129.843;121.865
2023-04-17;111.887;4.297;126.698;118.491
2023-04-18;111.896;4.295;125.323;117.242
2023-04-19;111.387;4.356;126.506;118.711
2023-04-20;111.784;4.307;126.237;118.265
2023-04-21;111.471;4.345;127.075;119.42
2023-04-24;111.218;4.375;127.187;119.425
2023-04-25;112.104;4.268;127.617;119.206
2023-04-26;112.071;4.271;125.736;117.526
2023-04-27;111.405;4.35;129.581;121.704
2023-04-28;112.899;4.171;124.667;116.305
2023-05-01;112.899;4.171;123.933;115.384
2023-05-02;112.905;4.17;128.606;119.926
2023-05-03;113.339;4.118;124.978;116.153
2023-05-04;113.317;4.119;129.958;121.064
2023-05-05;112.717;4.19;128.607;120.643
2023-05-08;112.312;4.238;131.293;123.167
2023-05-09;111.993;4.277;131.918;124.083
2023-05-10;112.657;4.196;130.274;122.014
2023-05-11;113.318;4.117;128.309;119.846
2023-05-12;112.725;4.187;130.256;122.093
2023-05-15;112.702;4.189;129.187;120.94
2023-05-16;112.415;4.223;127.804;119.902
2023-05-17;112.702;4.189;125.583;117.461
2023-05-18;111.64;4.316;126.469;119.201
2023-05-19;111.956;4.277;124.67;117.192
2023-05-22;111.584;4.322;126.84;119.38
2023-05-23;111.522;4.329;125.932;118.489
2023-05-24;111.399;4.344;126.657;119.17
2023-05-25;110.808;4.415;128.46;121.325
2023-05-26;110.959;4.396;125.668;118.703
2023-05-29;111.875;4.284;124.801;116.859
2023-05-30;112.936;4.156;121.286;112.97
2023-05-31;113.514;4.087;118.715;110.331
2023-06-01;114.197;4.004;115.006;106.83
2023-06-02;114.358;3.985;107.845;100.043
2023-06-05;113.759;4.056;110.575;102.825
2023-06-06;113.625;4.071;112.956;105.195
2023-06-07;112.57;4.197;117.711;110.259
2023-06-08;113.384;4.098;113.796;106.189
2023-06-09;113.977;4.027;109.387;101.656
2023-06-12;114.427;3.974;;
2023-06-13;114.401;3.976;100.564;92.87
2023-06-14;114.085;4.013;102.015;94.48
2023-06-15;113.676;4.061;100.649;93.576
2023-06-16;114.449;3.969;94.628;87.613
2023-06-19;113.737;4.053;98.266;91.097
2023-06-20;114.48;3.964;99.759;91.91
2023-06-21;114.317;3.983;97.774;90.286
2023-06-22;113.661;4.06;99.324;92.253
2023-06-23;114.883;3.915;98.343;90.498
2023-06-26;115.175;3.88;97.916;89.913
2023-06-27;114.839;3.919;97.17;89.327
2023-06-28;114.861;3.916;100.66;92.465
2023-06-29;113.794;4.042;103.604;96.162
2023-06-30;113.955;4.022;104.204;96.581
2023-07-03;113.397;4.088;106.614;98.878
2023-07-04;112.895;4.149;110.975;103.481
2023-07-05;113.164;4.116;105.663;98.349
2023-07-06;111.447;4.324;109.619;103.317
2023-07-07;111.664;4.297;106.154;99.848
2023-07-10;111.374;4.332;110.126;103.66
2023-07-11;111.118;4.363;112.912;106.482
2023-07-12;112.399;4.206;106.728;99.876
2023-07-13;113.382;4.086;103.376;96.452
2023-07-14;113.122;4.117;103.953;97.127
2023-07-17;113.256;4.1;105.467;98.327
2023-07-18;114.435;3.959;101.206;93.744
2023-07-19;113.883;4.024;101.775;94.682
2023-07-20;113.625;4.054;98.585;91.94
2023-07-21;113.893;4.021;96.822;90.154
2023-07-24;114.345;3.967;96.868;89.989
2023-07-25;114.036;4.003;100.378;93.404
2023-07-26;113.672;4.047;99.452;92.738
2023-07-27;113.919;4.016;97.57;90.948
2023-07-28;113.583;4.056;100.378;93.839
2023-07-31;113.682;4.044;99.748;93.403
2023-08-01;112.97;4.129;102.217;96.031
2023-08-02;113.013;4.124;103.475;97.23
2023-08-03;112.39;4.199;103.834;98.032
2023-08-04;112.959;4.129;101.264;95.245
2023-08-07;112.629;4.169;99.911;94.161
2023-08-08;113.7;4.038;98.764;92.654
2023-08-09;113.5;4.062;99.406;93.315
2023-08-10;113.51;4.06;96.509;90.645
2023-08-11;112.648;4.164;97.247;91.835
2023-08-14;112.408;4.193;99.133;93.486
2023-08-15;111.826;4.264;102.548;97.105
2023-08-16;111.846;4.261;104.574;98.909
2023-08-17;111.341;4.323;104.024;98.96
2023-08-18;112.08;4.231;103.012;97.583
2023-08-21;111.473;4.306;103.723;98.536
2023-08-22;112.225;4.213;101.189;95.643
2023-08-23;113.345;4.075;99.93;93.902
2023-08-24;113.288;4.081;100.221;94.434
2023-08-25;112.727;4.149;101.842;96.189
2023-08-28;112.862;4.132;100.624;94.849
2023-08-29;113.452;4.06;100.357;94.232
2023-08-30;113.084;4.104;101.644;95.554
2023-08-31;113.704;4.028;101.761;95.401
2023-09-01;112.765;4.142;104.709;99.006
2023-09-04;112.309;4.197;108.413;102.444
2023-09-05;111.895;4.248;110.928;105.044
2023-09-06;111.383;4.311;114.687;109.024
2023-09-07;111.896;4.247;111.26;105.647
2023-09-08;111.83;4.254;112.243;106.508
2023-09-11;111.442;4.302;114.628;108.718
2023-09-12;111.377;4.31;114.517;108.647
2023-09-13;110.981;4.359;117.721;111.719
2023-09-14;111.85;4.25;114.224;108.026
2023-09-15;110.889;4.37;119.399;113.297
2023-09-18;110.477;4.421;121.001;114.896
2023-09-19;110.417;4.428;119.316;113.29
2023-09-20;110.923;4.364;116.498;110.326
2023-09-21;110.198;4.455;120.811;115.08
2023-09-22;109.778;4.508;125.661;119.972
2023-09-25;109.245;4.576;126.818;121.125
2023-09-26;108.609;4.657;133.578;128.257
2023-09-27;108.246;4.704;135.045;129.652
2023-09-28;107.655;4.78;133.793;129.307
2023-09-29;108.322;4.693;133.12;128.203
2023-10-02;108.139;4.717;127.4;122.592
2023-10-03;107.175;4.843;134.547;130.296
2023-10-04;107.738;4.769;131.815;127.2
2023-10-05;107.535;4.795;138.694;134.322
2023-10-06;107.389;4.813;140.055;135.781
2023-10-09;107.971;4.737;142.374;137.6
2023-10-10;108.802;4.629;132.157;127.069
2023-10-11;109.18;4.58;133.058;127.732
2023-10-12;108.456;4.672;134.473;129.573
2023-10-13;108.358;4.685;139.967;134.663
2023-10-16;108.465;4.671;135.532;130.476
2023-10-17;107.518;4.794;138.309;133.762
2023-10-18;106.813;4.887;143.491;139.641
2023-10-19;107.082;4.851;138.455;134.547
2023-10-20;107.253;4.828;139.2;135.115
2023-10-23;107.888;4.744;134.095;129.692
2023-10-24;107.979;4.732;137.422;132.775
2023-10-25;107.322;4.818;140.41;136.294
2023-10-26;107.687;4.77;139.819;135.585
2023-10-27;108.187;4.704;137.178;132.688
2023-10-30;108.742;4.631;131.347;126.38
2023-10-31;108.818;4.621;131.505;126.568
2023-11-01;109.264;4.563;131.759;126.508
2023-11-02;110.007;4.466;127.978;122.581
2023-11-03;110.891;4.353;125.015;119.188
2023-11-06;109.87;4.483;130.596;125.102
2023-11-07;110.55;4.396;129.294;123.2
2023-11-08;111.064;4.33;126.721;120.324
2023-11-09;110.821;4.36;126.643;120.785
2023-11-10;110.256;4.432;128.029;122.401
2023-11-13;110.405;4.412;126.913;120.977
2023-11-14;111.567;4.264;123.929;117.233
2023-11-15;111.325;4.295;122.177;115.877
2023-11-16;112.042;4.203;117.365;111.141
2023-11-17;111.988;4.209;117.997;111.819
2023-11-20;112.06;4.2;117.088;110.737
2023-11-21;112.061;4.2;121.116;114.431
2023-11-22;112.15;4.188;119.493;112.809
2023-11-23;111.559;4.261;120.24;114.15
2023-11-24;111.517;4.266;118.978;112.905
2023-11-27;112.412;4.153;116.896;110.357
2023-11-28;112.652;4.123;118.801;112.106
2023-11-29;113.283;4.044;117.44;110.252
2023-11-30;112.792;4.104;122.082;115.24
2023-12-01;113.873;3.969;118.558;111.252
2023-12-04;113.627;3.999;123.253;115.971
2023-12-05;114.705;3.866;121.371;113.316
2023-12-06;115.123;3.814;119.23;111.086
2023-12-07;115.107;3.815;121.24;113.221
2023-12-08;114.002;3.95;126.1;118.526
2023-12-11;114.037;3.945;126.229;118.346
2023-12-12;114.515;3.886;125.119;116.86
2023-12-13;115.113;3.812;123.488;114.992
2023-12-14;116.239;3.674;116.209;107.827
2023-12-15;116.759;3.611;120.501;111.532
2023-12-18;116.435;3.649;117.836;109.284
2023-12-19;117.522;3.519;110.621;101.896
2023-12-20;117.81;3.484;112.12;103.056
2023-12-21;117.822;3.48;111.539;102.926
2023-12-22;118.217;3.432;106.474;98.065
2023-12-25;118.217;3.432;106.664;98.032
2023-12-27;118.723;3.372;107.622;98.439
2023-12-28;117.735;3.487;115.031;106.021
2023-12-29;116.822;3.596;118.855;110.211
2024-01-01;116.822;3.596;119.274;110.348
2024-01-02;116.739;3.605;117.651;108.87
2024-01-03;116.842;3.592;121.314;112.05
2024-01-04;115.934;3.701;121.526;113.022
2024-01-05;115.67;3.733;120.198;111.77
2024-01-08;115.921;3.702;120.053;111.31
2024-01-09;115.678;3.731;116.665;108.481
2024-01-10;115.714;3.726;114.246;106.215
2024-01-11;116.015;3.688;111.802;103.839
2024-01-12;116.644;3.611;110.808;102.592
2024-01-15;116.08;3.679;113.447;105.351
2024-01-16;115.91;3.699;113.101;105.141
2024-01-17;115.104;3.797;118.042;110.148
2024-01-18;115.01;3.808;115.118;107.479
2024-01-19;115.343;3.766;110.96;103.368
2024-01-22;115.697;3.722;111.317;103.426
2024-01-23;115.078;3.798;112.629;105.001
2024-01-24;115.212;3.781;112.284;104.63
2024-01-25;115.842;3.702;110.607;102.75
2024-01-26;115.868;3.698;109.892;102.085
2024-01-29;116.596;3.609;106.853;98.84
2024-01-30;116.07;3.673;109.849;101.918
2024-01-31;116.632;3.604;111.899;103.514
2024-02-01;116.648;3.6;112.993;104.472
2024-02-02;115.904;3.691;113.379;105.199
2024-02-05;115.337;3.76;113.246;104.963
2024-02-06;115.572;3.73;113.269;104.745
2024-02-07;115.288;3.765;113.945;105.638
2024-02-08;114.931;3.808;114.607;106.611
2024-02-09;114.6;3.848;115.69;107.711
2024-02-12;115.074;3.789;112.745;104.587
2024-02-13;114.78;3.825;113.023;105.115
2024-02-14;115.499;3.735;110.325;102.078
2024-02-15;115.461;3.738;108.184;100.116
2024-02-16;115.239;3.765;107.042;99.3
2024-02-19;115.08;3.785;108.608;100.633
2024-02-20;115.414;3.743;108.582;100.354
2024-02-21;114.669;3.835;111.477;103.561
2024-02-22;114.929;3.801;108.138;100.447
2024-02-23;115.833;3.688;104.668;96.772
2024-02-26;115.078;3.781;105.777;98.061
2024-02-27;114.988;3.792;105.249;97.609
2024-02-28;115.117;3.775;104.954;97.265
2024-02-29;115.422;3.736;106.16;98.437
2024-03-01;115.051;3.782;110.809;102.866
2024-03-04;115.668;3.705;106.391;98.326
2024-03-05;116.421;3.611;104.416;95.909
2024-03-06;116.953;3.545;98.462;90.291
2024-03-07;117.132;3.522;97.511;89.474
2024-03-08;117.459;3.482;98.601;90.47
2024-03-11;117.076;3.528;100.685;92.374
2024-03-12;117.222;3.509;97.321;89.094
2024-03-13;117.314;3.498;92.331;84.558
2024-03-14;116.415;3.606;96.647;89.109
2024-03-15;116.416;3.605;94.212;86.812
2024-03-18;116.53;3.591;91.862;84.36
2024-03-19;116.298;3.619;95.7;88.012
2024-03-20;116.219;3.628;97.416;89.636
2024-03-21;116.526;3.588;95.63;88.119
2024-03-22;116.795;3.555;98.785;90.989
2024-03-25;116.369;3.607;100.089;92.283
2024-03-26;116.724;3.562;97.884;89.953
2024-03-27;117.012;3.524;98.986;91.212
2024-03-28;116.482;3.589;106.247;98.216
2024-03-29;116.482;3.589;105.327;97.279
2024-04-02;115.509;3.709;109.155;101.065
2024-04-03;115.4;3.722;110.769;102.7
2024-04-04;116.235;3.617;103.189;95.367
2024-04-05;115.672;3.686;105.754;98.075
2024-04-08;115.574;3.698;104.229;96.374
2024-04-09;116.2;3.62;102.132;93.955
2024-04-10;115.756;3.674;101.001;93.399
2024-04-11;115.181;3.745;103.892;96.495
2024-04-12;116.077;3.632;101.115;93.363
2024-04-15;115.163;3.746;104.754;97.215
2024-04-16;114.638;3.812;105.141;97.754
2024-04-17;114.871;3.782;105.676;98.057
2024-04-18;114.743;3.796;103.593;96.43
2024-04-19;114.682;3.804;104.357;97.106
2024-04-22;115.363;3.717;96.651;89.365
2024-04-23;115.378;3.715;95.078;87.942
2024-04-24;114.325;3.847;100.191;93.334
2024-04-25;113.993;3.888;100.487;94.063
2024-04-26;114.81;3.784;96.356;89.676
2024-04-29;115.319;3.719;94.539;87.655
2024-04-30;114.822;3.781;95.575;89.017
2024-05-02;115.231;3.728;94.361;87.587
2024-05-03;115.652;3.674;93.799;86.978
2024-05-06;115.74;3.663;95.348;88.2
2024-05-07;116.027;3.626;96.458;89.007
2024-05-08;115.725;3.663;95.943;88.727
2024-05-09;115.425;3.7;96.625;89.714
2024-05-10;115.238;3.723;96.903;90.168
2024-05-13;115.191;3.728;98.886;91.742
2024-05-14;114.973;3.755;97.835;90.944
2024-05-15;116.205;3.599;94.269;86.941
2024-05-16;116.004;3.623;92.64;85.765
2024-05-17;115.572;3.677;92.315;85.744
2024-05-20;115.564;3.677;91.612;84.929
2024-05-21;115.676;3.663;93.315;86.424
2024-05-22;115.435;3.693;93.291;86.571
2024-05-23;114.917;3.757;94.713;88.341
2024-05-24;114.885;3.76;95.163;88.803
2024-05-27;115.352;3.701;92.739;86.124
2024-05-28;114.804;3.77;96.149;89.685
2024-05-29;113.9;3.885;99.557;93.203
2024-05-30;114.373;3.823;97.288;90.962
2024-05-31;114.153;3.851;98.682;92.547
2024-06-03;114.892;3.755;98.094;91.319
2024-06-04;114.947;3.748;101.124;94.068
2024-06-05;115.365;3.694;97.545;90.528
2024-06-06;114.966;3.743;98.181;91.607
2024-06-07;114.233;3.837;101.243;94.907
2024-06-10;113.365;3.949;106.367;99.982
2024-06-11;113.377;3.947;108.907;102.31
2024-06-12;114.549;3.795;103.202;96.243
2024-06-13;114.408;3.812;108.047;101.099
2024-06-14;114.451;3.805;113.203;105.902
2024-06-17;114.328;3.821;110.804;103.73
2024-06-18;114.72;3.77;108.772;101.681
2024-06-19;114.316;3.821;112.751;105.591
2024-06-20;114.256;3.828;110.15;103.399
2024-06-21;114.301;3.821;110.706;103.857
2024-06-24;114.405;3.807;109.321;102.434
2024-06-25;114.423;3.805;109.861;102.759
2024-06-26;113.906;3.871;111.879;104.896
2024-06-27;113.641;3.904;114.68;107.875
2024-06-28;113.268;3.952;116.862;110.108
2024-07-01;113.018;3.985;113.534;107.035
2024-07-02;113.421;3.931;110.171;103.599
2024-07-03;113.956;3.861;108.27;101.462
2024-07-04;113.82;3.877;106.747;100.289
2024-07-05;114.284;3.817;106.219;99.508
2024-07-08;114.657;3.768;102.624;95.789
2024-07-09;114.247;3.821;104.096;97.411
2024-07-10;114.934;3.731;99.503;92.727
2024-07-11;115.495;3.658;98.749;91.852
2024-07-12;115.41;3.668;96.422;89.794
2024-07-15;115.769;3.622;94.31;87.619
2024-07-16;116.133;3.575;94.202;87.329
2024-07-17;115.986;3.593;95.96;89.037
2024-07-18;115.81;3.614;97.131;90.246
2024-07-19;115.512;3.651;98.079;91.266
2024-07-22;115.54;3.647;95.393;88.67
2024-07-23;115.758;3.619;97.005;90.042
2024-07-24;115.422;3.661;100.838;93.798
2024-07-25;115.572;3.64;101.144;94.044
2024-07-26;115.701;3.623;100.493;93.379
2024-07-29;116.151;3.565;98.952;91.67
2024-07-30;116.229;3.555;100.324;92.977
2024-07-31;116.602;3.507;99.247;91.82
2024-08-01;116.647;3.499;102.841;95.26
2024-08-02;116.773;3.482;106.691;98.831
2024-08-05;116.353;3.535;109.46;101.946
2024-08-06;116.605;3.503;106.884;99.98
2024-08-07;116.159;3.559;107.874;100.774
2024-08-08;116.191;3.553;107.607;100.425
2024-08-09;116.616;3.498;106.951;98.827
2024-08-12;116.613;3.498;106.523;99.307
2024-08-13;117.134;3.431;104.196;96.906
2024-08-14;117.215;3.42;104.213;97.126
2024-08-15;116.644;3.491;103.708;97.179
2024-08-16;116.642;3.491;105.056;98.476
2024-08-19;116.801;3.47;103.599;96.806
2024-08-20;116.976;3.447;105.604;98.404
2024-08-21;117.289;3.406;103.681;96.452
2024-08-22;116.792;3.468;104.363;97.536
2024-08-23;117.174;3.419;101.58;94.936
2024-08-26;116.946;3.447;101.92;95.067
2024-08-27;116.395;3.517;107.136;99.309
2024-08-28;116.555;3.496;108.222;99.638
2024-08-29;116.508;3.5;106.107;99.456
2024-08-30;116.134;3.547;108.534;102.005
2024-09-02;116.133;3.547;106.906;99.288
2024-09-03;116.377;3.515;109.227;101.1
2024-09-04;117.08;3.424;103.072;96.09
2024-09-05;117.194;3.408;103.617;96.699
2024-09-06;117.335;3.389;105.054;98.141
2024-09-09;117.372;3.384;106.132;99.189
2024-09-10;117.657;3.347;105.348;98.405
2024-09-11;118.011;3.302;102.073;95.282
2024-09-12;117.962;3.306;98.685;92.396
2024-09-13;118.179;3.278;96.092;89.89
2024-09-16;118.439;3.244;96.033;89.341
2024-09-17;118.239;3.269;95.623;89.14
2024-09-18;117.639;3.344;99.547;91.971
2024-09-19;117.798;3.322;96.079;90.178
2024-09-20;117.822;3.318;95.444;89.779
2024-09-23;118.182;3.272;97.873;90.081
2024-09-24;118.436;3.239;93.787;87.543
2024-09-25;118.068;3.285;97.265;91.088
2024-09-26;118.413;3.24;93.293;85.988
2024-09-27;118.651;3.209;94.555;88.395
2024-09-30;118.601;3.214;97.617;89.883
2024-10-01;119.236;3.134;97.536;89.286
2024-10-02;118.824;3.185;98.202;90.119
2024-10-03;118.292;3.25;98.904;91.335
2024-10-04;118.059;3.279;92.683;87.125
2024-10-07;117.551;3.343;93.714;88.226
2024-10-08;117.764;3.315;92.824;87.259
2024-10-09;117.645;3.33;92.043;86.636
2024-10-10;117.839;3.303;90.161;84.908
2024-10-11;117.632;3.329;93.875;88.358
2024-10-14;117.729;3.316;93.643;87.86
2024-10-15;118.419;3.227;92.171;84.789
2024-10-16;118.808;3.177;88.844;82.853
2024-10-17;118.826;3.173;89.325;81.974
2024-10-18;119.266;3.117;85.421;79.552
2024-10-21;118.058;3.269;93.154;87.332
2024-10-22;117.656;3.32;96.184;90.338
2024-10-23;118.014;3.274;93.364;87.234
2024-10-24;118.363;3.227;92.241;86.354
2024-10-25;118.052;3.266;96.431;89.042
2024-10-28;118.205;3.246;96.478;88.646
2024-10-29;117.625;3.32;102.739;94.775
2024-10-30;117.002;3.399;104.419;96.821
2024-10-31;116.832;3.42;106.982;99.523
2024-11-01;116.621;3.446;110.421;102.514
2024-11-04;116.694;3.436;108.028;101.27
2024-11-05;116.602;3.448;105.512;97.734
2024-11-06;116.252;3.493;117.215;109.887
2024-11-07;116.189;3.499;116.886;110.063
2024-11-08;116.679;3.434;116.427;109.482
2024-11-11;117.151;3.372;116.095;108.54
2024-11-12;116.782;3.42;118.714;110.099
2024-11-13;116.812;3.415;116.514;108.116
2024-11-14;117.494;3.325;114.013;105.443
2024-11-15;117.416;3.334;115.351;106.651
2024-11-18;117.29;3.35;111.56;104.7
2024-11-19;117.431;3.331;109.033;102.275
2024-11-20;117.252;3.354;109.062;102.198
2024-11-21;117.351;3.339;109.071;102.08
2024-11-22;117.923;3.264;109.589;101.952
2024-11-25;118.102;3.24;109.082;101.572
2024-11-26;118.149;3.234;107.561;100.348
2024-11-27;118.527;3.184;106.203;97.321
2024-11-28;119.035;3.117;101.333;94.04
2024-11-29;119.601;3.044;100.469;91.379
2024-12-02;119.677;3.034;103.445;95.469
2024-12-03;119.823;3.015;103.75;94.389
2024-12-04;119.96;2.997;99.103;91.742
2024-12-05;120.035;2.985;94.626;86.139
2024-12-06;120.049;2.982;96.666;87.86
2024-12-09;120.066;2.98;96.05;86.967
2024-12-10;119.981;2.99;95.873;88.383
2024-12-11;120.142;2.968;92.826;85.528
2024-12-12;118.874;3.128;101.123;93.856
2024-12-13;118.559;3.168;99.643;92.808
2024-12-16;118.496;3.175;102.887;95.575
2024-12-17;118.554;3.167;103.032;95.56
2024-12-18;118.42;3.184;103.681;94.863
2024-12-19;117.848;3.256;103.842;96.887
2024-12-20;118.06;3.227;102.652;95.665
2024-12-23;117.677;3.275;105.621;97.224
2024-12-24;117.677;3.273;104.368;97.355
2024-12-25;117.677;3.273;104.431;97.359
2024-12-27;117.249;3.329;103.805;96.929
2024-12-30;117.425;3.304;104.929;97.839
2024-12-31;117.425;3.304;104.688;97.752
2025-01-01;117.425;3.304;104.762;97.748
2025-01-02;117.32;3.315;104.637;97.615
2025-01-03;116.91;3.369;106.386;98.302
2025-01-06;117.039;3.351;101.316;93.326
2025-01-07;116.652;3.402;102.622;95.827
2025-01-08;116.334;3.443;103.501;96.828
2025-01-09;116.084;3.475;104.562;97.913
2025-01-10;115.649;3.532;106.633;100.117
2025-01-13;115.252;3.585;109.58;102.904
2025-01-14;115.127;3.601;107.443;100.909
2025-01-15;116.233;3.452;102.965;96.16
2025-01-16;116.524;3.412;101.102;94.216
2025-01-17;116.571;3.405;101.732;94.795
2025-01-20;116.745;3.381;99.936;92.997
2025-01-21;116.941;3.354;99.607;91.256
2025-01-22;116.845;3.366;98.006;91.174
2025-01-23;116.498;3.411;101.522;94.517
2025-01-24;116.395;3.424;100.026;93.147
2025-01-27;116.589;3.397;100.079;93.034
2025-01-28;116.403;3.421;100.023;93.059
2025-01-29;116.369;3.425;98.787;91.867
2025-01-30;116.839;3.361;99.952;91.438
2025-01-31;117.202;3.312;101.324;93.859
2025-02-03;117.595;3.259;103.938;95.045
2025-02-04;117.616;3.256;103.482;95.015
2025-02-05;117.931;3.213;100.397;93.286
2025-02-06;117.944;3.209;99.251;92.324
2025-02-07;117.814;3.226;103.678;95.1
2025-02-10;117.92;3.211;101.942;94.739
2025-02-11;117.33;3.288;103.804;95.378
2025-02-12;117.07;3.322;101.914;93.746
2025-02-13;117.589;3.251;98.85;90.517
2025-02-14;117.34;3.284;99.007;90.755
2025-02-17;117.157;3.307;98.977;90.901
2025-02-18;117.15;3.307;99.012;90.982
2025-02-19;116.463;3.399;103.318;95.456
2025-02-20;116.624;3.375;102.699;95.014
2025-02-21;117.083;3.313;101.785;93.939
2025-02-24;117.055;3.316;102.801;94.971
2025-02-25;117.277;3.285;102.204;94.373
2025-02-26;117.571;3.246;100.266;92.627
2025-02-27;117.58;3.242;101.543;93.86
2025-02-28;117.623;3.236;101.572;94.095
2025-03-03;117.186;3.293;101.136;95.247
2025-03-04;117.076;3.307;104.204;96.796
2025-03-05;115.019;3.585;105.784;99.582
2025-03-06;114.566;3.645;107.675;101.512
2025-03-07;114.605;3.639;105.491;100.415
2025-03-10;114.624;3.636;105.919;100.772
2025-03-11;114.355;3.673;104.954;100.018
2025-03-12;114.483;3.654;105.735;99.738
2025-03-13;114.441;3.658;107.226;101.177
2025-03-14;114.472;3.653;104.199;98.117
2025-03-17;115.013;3.578;101.019;94.451
2025-03-18;115.018;3.577;102.147;96.005
2025-03-19;115.099;3.565;101.922;95.374
2025-03-20;115.084;3.565;103.258;96.694
2025-03-21;115.305;3.534;101.038;94.483
2025-03-24;115.366;3.525;99.777;93.112
2025-03-25;115.242;3.542;98.194;91.76
2025-03-26;115.243;3.541;98.545;92.152
2025-03-27;115.396;3.518;98.647;92.183
2025-03-28;115.639;3.484;99.499;92.948
2025-03-31;115.504;3.502;100.831;94.253
2025-04-01;116.014;3.431;98.386;91.805
2025-04-02;115.852;3.453;98.518;91.884
2025-04-03;116.19;3.405;101.222;94.475
2025-04-04;116.28;3.392;102.475;95.838
2025-04-07;115.626;3.48;107.157;100.181
2025-04-08;115.601;3.483;107.207;100.86
2025-04-09;115.463;3.501;109.665;102.809
2025-04-10;115.831;3.449;108.184;101.701
2025-04-11;115.839;3.447;104.942;98.239
2025-04-14;116.792;3.316;99.834;92.914
2025-04-15;116.538;3.35;101.553;94.656
2025-04-16;116.688;3.326;99.336;92.812
2025-04-17;117.09;3.271;97.43;90.856
2025-04-18;117.09;3.271;96.567;90.055
2025-04-22;117.368;3.233;97.53;90.213
2025-04-23;117.178;3.258;97.555;90.93
2025-04-24;117.827;3.168;92.047;85.265
2025-04-25;117.608;3.196;94.016;87.105
2025-04-28;117.254;3.244;94.02;87.288
2025-04-29;117.384;3.224;94.285;87.412
2025-04-30;117.701;3.179;94.485;87.475
2025-05-02;117.169;3.251;94.575;87.714
2025-05-05;117.387;3.22;93.511;86.536
2025-05-06;117.215;3.243;95.013;87.817
2025-05-07;117.746;3.17;92.967;85.555
2025-05-08;117.469;3.205;90.669;83.853
2025-05-09;117.263;3.233;90.727;84.2
2025-05-12;116.688;3.311;90.529;84.311
2025-05-13;116.535;3.331;89.631;83.512
2025-05-14;116.444;3.343;89.009;82.846
2025-05-15;117.021;3.261;88.289;81.78
2025-05-16;117.243;3.23;87.666;81.072
2025-05-19;117.268;3.226;87.022;80.529
2025-05-20;117.263;3.226;85.796;79.335
2025-05-21;117.004;3.261;85.593;79.391
2025-05-22;116.947;3.266;85.349;79.259
2025-05-23;117.41;3.202;83.055;78.251
2025-05-26;117.584;3.178;81.729;76.888
2025-05-27;117.777;3.151;82.39;77.581
2025-05-28;117.703;3.16;81.067;76.513
2025-05-29;118.009;3.116;79.405;74.723
2025-05-30;118.084;3.105;78.707;73.999
2025-06-02;117.97;3.12;78.695;73.939
2025-06-03;118.012;3.113;78.685;73.826
2025-06-04;117.977;3.117;77.774;72.99
2025-06-05;117.613;3.165;76.717;72.501
2025-06-06;117.753;3.145;73.43;69.415
2025-06-09;117.856;3.13;73.552;69.294
2025-06-10;118.238;3.077;71.746;67.449
2025-06-11;118.155;3.088;71.883;67.57
2025-06-12;118.386;3.054;72.012;67.627
2025-06-13;117.828;3.129;74.916;70.585
2025-06-16;118.051;3.098;72.802;68.415
2025-06-17;117.783;3.134;75.472;70.943
2025-06-18;118.048;3.097;74.992;70.375
2025-06-19;117.511;3.168;79.649;75.0
2025-06-20;117.688;3.143;78.025;73.441
2025-06-23;117.773;3.131;78.441;73.619
2025-06-24;117.905;3.112;74.491;69.823
2025-06-25;117.798;3.126;74.761;70.095
2025-06-26;117.965;3.1;71.803;67.298
2025-06-27;117.748;3.129;73.103;68.635
2025-06-30;117.754;3.128;71.482;66.978
2025-07-01;117.927;3.103;72.23;67.539
2025-07-02;117.501;3.161;74.438;69.839
2025-07-03;117.93;3.1;71.409;66.857
2025-07-04;117.989;3.091;71.067;66.529
2025-07-07;117.656;3.136;72.932;68.292
2025-07-08;117.325;3.181;73.933;69.366
2025-07-09;117.419;3.167;73.989;69.274
2025-07-10;117.157;3.201;74.714;70.029
2025-07-11;117.061;3.213;74.056;69.49
2025-07-14;116.955;3.227;73.765;69.147
2025-07-15;117.102;3.206;73.605;68.869
2025-07-16;117.326;3.174;72.886;68.122
2025-07-17;117.338;3.17;72.968;68.198
2025-07-18;117.23;3.185;72.877;68.174
2025-07-21;117.902;3.091;70.245;65.382
2025-07-22;117.996;3.077;69.787;64.929
2025-07-23;117.795;3.104;68.684;63.907
2025-07-24;117.096;3.199;72.1;67.347
2025-07-25;117.032;3.207;72.185;67.418
2025-07-28;117.36;3.16;69.422;64.672
2025-07-29;117.25;3.175;68.625;63.904
2025-07-30;117.231;3.177;69.158;64.395
2025-07-31;117.285;3.167;68.759;64.09
2025-08-01;117.322;3.161;69.836;65.136
2025-08-04;117.882;3.082;67.099;62.335
2025-08-05;117.903;3.079;66.775;62.04
2025-08-06;117.76;3.098;67.137;62.335
2025-08-07;117.874;3.079;67.16;62.362
2025-08-08;117.491;3.132;67.292;62.632
2025-08-11;117.439;3.138;68.102;63.365
2025-08-12;117.167;3.176;69.001;64.227
2025-08-13;117.681;3.103;66.814;61.999
2025-08-14;117.435;3.135;67.038;62.299
2025-08-15;116.791;3.224;70.427;65.712
2025-08-18;117.008;3.193;70.198;65.331
2025-08-19;116.994;3.194;71.88;66.936
2025-08-20;117.23;3.16;71.016;66.121
2025-08-21;116.831;3.214;71.976;67.385
2025-08-22;117.202;3.161;70.601;66.103
2025-08-25;116.727;3.227;72.748;68.119
2025-08-26;117.016;3.186;72.536;67.885
2025-08-27;116.92;3.198;76.566;71.643
2025-08-28;117.122;3.168;73.562;68.792
2025-08-29;116.822;3.209;76.268;71.427
2025-09-01;116.627;3.236;77.512;72.485
2025-09-02;116.191;3.297;80.816;75.732
2025-09-03;116.589;3.24;78.553;73.374
2025-09-04;116.847;3.201;75.443;70.471
2025-09-05;117.298;3.136;72.932;67.975
2025-09-08;117.526;3.103;71.451;66.32
2025-09-09;117.415;3.118;71.165;66.102
2025-09-10;117.458;3.111;70.51;65.421
2025-09-11;117.46;3.109;69.377;64.484
2025-09-12;116.991;3.174;70.509;65.78
2025-09-15;117.306;3.129;67.593;62.901
2025-09-16;117.314;3.127;67.781;63.17
2025-09-17;117.372;3.118;68.101;63.462
2025-09-18;116.999;3.168;69.241;64.692
2025-09-19;116.926;3.178;68.675;64.155
2025-09-22;116.887;3.182;69.315;64.615
2025-09-23;116.881;3.183;68.405;63.862
2025-09-24;116.733;3.203;69.681;65.058
2025-09-25;116.421;3.245;70.851;66.37
2025-09-26;116.59;3.22;70.452;65.815
2025-09-29;116.868;3.18;69.94;65.192
2025-09-30;116.872;3.178;69.425;64.815
2025-10-01;116.944;3.167;69.118;64.612
2025-10-02;116.955;3.163;69.007;64.595
2025-10-03;116.989;3.158;68.14;63.701
2025-10-06;116.825;3.18;68.92;64.326
2025-10-07;116.832;3.178;69.26;64.601
2025-10-08;117.202;3.125;66.755;62.159
2025-10-09;116.983;3.154;67.352;62.908
2025-10-10;117.28;3.11;67.359;62.814
2025-10-13;117.48;3.081;65.925;61.245
2025-10-14;117.726;3.045;64.269;59.592
2025-10-15;117.999;3.006;63.626;58.956
2025-10-16;118.144;2.983;61.788;57.279
2025-10-17;117.994;3.003;62.929;58.355
2025-10-20;118.076;2.991;62.461;57.836
2025-10-21;118.198;2.973;62.31;57.531
2025-10-22;118.173;2.975;61.312;56.741
2025-10-23;117.984;2.999;61.771;57.377
2025-10-24;117.656;3.045;62.162;57.844
2025-10-27;117.794;3.025;61.645;57.052
2025-10-28;117.771;3.027;60.825;56.258
2025-10-29;117.849;3.015;59.488;55.015
2025-10-30;117.688;3.036;59.129;54.868
2025-10-31;117.81;3.017;58.443;54.117
2025-11-03;117.601;3.046;58.251;53.879
2025-11-04;117.66;3.037;58.563;54.183
2025-11-05;117.516;3.057;58.689;54.397
2025-11-06;117.571;3.046;59.34;55.103
2025-11-07;117.452;3.063;59.012;54.887
2025-11-10;117.54;3.049;57.63;53.487
2025-11-11;117.597;3.04;57.344;53.185
2025-11-12;117.795;3.011;54.701;50.618
2025-11-13;117.423;3.062;54.94;51.061
2025-11-14;117.102;3.107;56.44;52.601
2025-11-17;117.241;3.086;54.392;50.565
2025-11-18;117.208;3.09;55.471;51.465
2025-11-19;117.261;3.082;53.832;49.956
2025-11-20;117.114;3.1;55.671;51.943
2025-11-21;117.187;3.089;56.622;52.865
2025-11-24;117.296;3.072;55.593;51.804
2025-11-25;117.525;3.039;53.401;49.682
2025-11-26;117.584;3.029;52.489;48.859
2025-11-27;117.482;3.041;52.898;49.381
2025-11-28;117.492;3.039;51.345;47.991
2025-12-01;117.034;3.104;53.426;49.903
2025-12-02;117.042;3.102;54.216;50.634
2025-12-03;117.146;3.087;53.154;49.667
2025-12-04;116.944;3.113;53.866;50.411
2025-12-05;116.836;3.128;52.379;48.968
2025-12-08;116.242;3.214;52.189;48.831
2025-12-09;116.357;3.196;51.216;47.784
2025-12-10;116.289;3.206;52.365;48.897
2025-12-11;116.415;3.185;50.245;46.975
2025-12-12;116.324;3.197;50.067;46.882
2025-12-15;116.397;3.186;48.328;45.139
2025-12-16;116.585;3.157;46.092;43.001
2025-12-17;116.433;3.179;46.884;43.909
2025-12-18;116.589;3.154;45.951;43.179
2025-12-19;116.315;3.193;46.334;43.656
2025-12-22;116.247;3.202;47.254;44.377
2025-12-23;116.458;3.167;45.321;42.725
2025-12-24;116.458;3.166;44.856;42.389
2025-12-25;116.458;3.166;44.909;42.381
2025-12-29;116.787;3.117;43.073;40.331
2025-12-30;116.513;3.156;45.837;43.01
2025-12-31;116.513;3.153;45.377;42.774
2026-01-01;116.513;3.153;45.423;42.772
2026-01-02;116.146;3.207;48.14;45.446
2026-01-05;116.418;3.166;47.223;44.38
2026-01-06;116.633;3.133;46.645;43.761
2026-01-07;116.763;3.113;48.141;45.109
2026-01-08;116.779;3.108;46.129;43.277
2026-01-09;116.831;3.1;44.839;42.041
2026-01-12;116.988;3.076;45.106;42.1
2026-01-13;116.917;3.085;45.684;42.604
2026-01-14;117.105;3.057;45.02;41.94
2026-01-15;117.088;3.057;43.716;40.796
2026-01-16;117.025;3.065;42.62;39.779
2026-01-19;117.004;3.068;42.69;39.773
2026-01-20;116.834;3.092;44.54;41.55
2026-01-21;116.643;3.119;44.657;41.7
2026-01-22;116.681;3.111;42.629;39.823
2026-01-23;116.684;3.11;40.62;37.941
2026-01-26;116.982;3.065;39.557;36.869
2026-01-27;116.975;3.065;40.005;37.291
2026-01-28;117.027;3.056;41.418;38.604
2026-01-29;117.144;3.037;41.003;38.212
2026-01-30;117.106;3.041;41.96;39.003
2026-02-02;116.902;3.071;42.501;39.564
2026-02-03;116.809;3.083;42.138;39.204
2026-02-04;116.982;3.057;42.611;39.542
2026-02-05;116.946;3.059;43.374;40.292
2026-02-06;116.98;3.054;43.366;40.428
2026-02-09;117.115;3.033;42.492;39.7
2026-02-10;117.162;3.025;42.375;39.707
