;px_last;yld_ytm_mid;asset_swap_spd_mid;z_sprd_mid
2014-05-22;100.164;2.234;40.352;42.551
2014-05-23;100.161;2.235;39.588;41.753
2014-05-26;100.058;2.244;40.147;42.38
2014-05-27;100.406;2.211;40.35;42.483
2014-05-28;101.02;2.153;40.107;42.042
2014-05-29;100.786;2.175;40.639;42.66
2014-05-30;100.569;2.195;41.192;43.291
2014-06-02;100.504;2.202;41.05;43.172
2014-06-03;100.076;2.243;41.864;44.17
2014-06-04;99.828;2.266;42.129;44.529
2014-06-05;100.259;2.225;41.045;43.296
2014-06-06;100.991;2.155;39.642;41.634
2014-06-09;100.989;2.155;37.768;39.67
2014-06-10;100.531;2.199;39.499;41.596
2014-06-11;100.478;2.204;39.314;41.435
2014-06-12;100.409;2.211;39.889;42.074
2014-06-13;100.647;2.188;40.287;42.413
2014-06-16;100.742;2.179;41.152;43.285
2014-06-17;100.292;2.222;41.814;44.099
2014-06-18;100.612;2.191;41.683;43.853
2014-06-19;101.316;2.124;40.357;42.266
2014-06-20;101.107;2.144;39.578;41.515
2014-06-23;101.236;2.131;40.344;42.271
2014-06-24;101.419;2.114;38.854;40.661
2014-06-25;102.117;2.048;37.991;39.562
2014-06-26;102.321;2.028;37.923;39.424
2014-06-27;102.121;2.047;38.324;39.891
2014-06-30;102.274;2.033;38.539;40.075
2014-07-01;102.173;2.042;39.078;40.676
2014-07-02;101.705;2.086;39.172;40.892
2014-07-03;101.919;2.066;36.144;37.708
2014-07-04;102.158;2.043;35.911;37.4
2014-07-07;102.198;2.04;36.436;37.935
2014-07-08;102.637;1.998;36.204;37.567
2014-07-09;102.517;2.009;36.473;37.873
2014-07-10;102.732;1.989;37.607;38.977
2014-07-11;102.715;1.991;37.463;38.835
2014-07-14;102.718;1.99;37.095;38.446
2014-07-15;102.88;1.975;36.727;38.028
2014-07-16;103.09;1.955;36.524;37.757
2014-07-17;103.504;1.916;36.86;37.978
2014-07-18;103.544;1.913;36.866;37.959
2014-07-21;103.693;1.899;36.35;37.382
2014-07-22;103.608;1.906;35.171;36.196
2014-07-23;103.893;1.88;33.855;34.787
2014-07-24;103.574;1.909;33.522;34.521
2014-07-25;103.863;1.882;34.146;35.091
2014-07-28;103.987;1.871;34.534;35.446
2014-07-29;104.429;1.83;33.545;34.32
2014-07-30;103.913;1.877;31.977;32.845
2014-07-31;104.068;1.863;31.537;32.373
2014-08-01;104.204;1.85;31.924;32.738
2014-08-04;104.21;1.849;31.599;32.399
2014-08-05;103.752;1.892;32.494;33.409
2014-08-06;104.285;1.842;33.867;34.689
2014-08-07;104.66;1.807;34.148;34.867
2014-08-08;104.941;1.781;31.714;32.324
2014-08-11;104.797;1.794;32.115;32.766
2014-08-12;104.834;1.791;31.801;32.446
2014-08-13;105.157;1.761;31.674;32.261
2014-08-14;105.415;1.737;31.11;31.627
2014-08-15;106.12;1.673;32.014;32.367
2014-08-18;105.366;1.741;33.566;34.106
2014-08-19;105.644;1.716;33.393;33.854
2014-08-20;105.83;1.698;34.786;35.203
2014-08-21;105.761;1.705;34.966;35.398
2014-08-22;105.931;1.689;35.129;35.524
2014-08-25;106.477;1.639;30.863;31.122
2014-08-26;106.873;1.603;32.738;32.914
2014-08-27;107.107;1.581;33.754;33.879
2014-08-28;107.302;1.564;34.988;35.044
2014-08-29;107.106;1.581;35.114;35.223
2014-09-01;107.044;1.587;36.107;36.222
2014-09-02;106.326;1.652;36.96;37.294
2014-09-03;106.098;1.672;37.009;37.41
2014-09-04;106.218;1.661;32.643;33.059
2014-09-05;106.753;1.612;32.456;32.735
2014-09-08;106.453;1.639;33.673;34.04
2014-09-09;105.795;1.7;33.353;33.863
2014-09-10;105.663;1.711;33.494;34.042
2014-09-11;105.337;1.741;37.28;37.957
2014-09-12;105.002;1.772;36.325;37.072
2014-09-15;105.013;1.771;35.205;35.936
2014-09-16;104.807;1.79;38.855;39.689
2014-09-17;105.078;1.765;36.66;37.404
2014-09-18;104.741;1.796;36.815;37.622
2014-09-19;105.296;1.744;35.113;35.778
2014-09-22;105.749;1.702;32.59;33.102
2014-09-23;105.769;1.7;35.196;35.711
2014-09-24;105.857;1.692;34.941;35.436
2014-09-25;106.066;1.673;35.525;35.988
2014-09-26;106.204;1.66;34.756;35.179
2014-09-29;106.31;1.65;34.0;34.394
2014-09-30;106.46;1.636;34.204;34.573
2014-10-01;106.928;1.593;34.38;34.625
2014-10-02;106.838;1.601;35.144;35.393
2014-10-03;106.688;1.615;33.698;33.978
2014-10-06;106.804;1.604;33.222;33.469
2014-10-07;106.637;1.619;34.801;35.106
2014-10-08;106.693;1.614;34.368;34.654
2014-10-09;106.819;1.602;33.331;33.581
2014-10-10;106.858;1.598;33.963;34.193
2014-10-13;106.689;1.614;36.617;36.889
2014-10-14;107.423;1.546;35.231;35.324
2014-10-15;108.256;1.471;35.555;35.43
2014-10-16;106.864;1.597;38.402;38.582
2014-10-17;106.471;1.633;38.992;39.307
2014-10-20;106.285;1.65;40.51;40.88
2014-10-21;106.391;1.64;37.673;38.015
2014-10-22;106.524;1.627;37.04;37.34
2014-10-23;106.332;1.645;35.981;36.338
2014-10-24;106.334;1.644;37.305;37.656
2014-10-27;106.608;1.619;34.698;34.97
2014-10-28;106.693;1.611;36.776;37.011
2014-10-29;106.663;1.614;35.545;35.791
2014-10-30;107.194;1.565;35.642;35.765
2014-10-31;107.637;1.524;31.719;31.761
2014-11-03;107.315;1.553;35.562;35.672
2014-11-04;107.792;1.51;34.821;34.807
2014-11-05;107.492;1.537;35.306;35.377
2014-11-06;107.455;1.54;36.019;36.098
2014-11-07;107.556;1.53;36.872;36.918
2014-11-10;107.503;1.535;37.069;37.127
2014-11-11;107.681;1.519;35.267;35.279
2014-11-12;107.739;1.513;36.832;36.817
2014-11-13;107.839;1.504;37.621;37.57
2014-11-14;108.107;1.479;36.879;36.789
2014-11-17;108.014;1.488;37.732;37.631
2014-11-18;108.012;1.488;35.554;35.466
2014-11-19;107.498;1.534;34.996;35.032
2014-11-20;108.012;1.487;35.84;35.747
2014-11-21;108.373;1.454;35.638;35.468
2014-11-24;108.347;1.456;35.938;35.77
2014-11-25;108.859;1.41;33.922;33.645
2014-11-26;109.078;1.39;32.958;32.634
2014-11-27;109.687;1.335;31.326;30.895
2014-11-28;109.847;1.32;29.385;28.952
2014-12-01;109.636;1.339;32.253;31.809
2014-12-02;109.385;1.361;28.754;28.432
2014-12-03;109.299;1.369;27.847;27.569
2014-12-04;109.101;1.386;27.198;26.952
2014-12-05;109.187;1.378;25.245;25.013
2014-12-08;109.825;1.32;20.378;20.126
2014-12-09;110.002;1.304;26.435;26.029
2014-12-10;110.092;1.296;26.649;26.211
2014-12-11;110.268;1.28;25.443;25.009
2014-12-12;110.892;1.224;25.56;25.005
2014-12-15;110.868;1.226;26.093;25.527
2014-12-16;111.165;1.199;25.078;24.469
2014-12-17;111.146;1.201;25.653;25.029
2014-12-18;110.823;1.229;25.172;24.633
2014-12-19;110.811;1.23;27.117;26.533
2014-12-22;110.871;1.224;26.657;26.073
2014-12-23;110.944;1.217;25.745;25.169
2014-12-24;110.818;1.228;26.554;25.978
2014-12-25;110.835;1.226;26.378;25.808
2014-12-26;110.837;1.226;26.573;25.996
2014-12-29;111.397;1.176;21.375;20.853
2014-12-30;111.504;1.166;27.061;26.351
2014-12-31;111.173;1.195;29.279;28.554
2015-01-01;111.249;1.188;29.36;28.62
2015-01-02;112.072;1.115;27.885;27.035
2015-01-05;111.861;1.133;29.245;28.389
2015-01-06;112.877;1.044;26.9;25.926
2015-01-07;112.237;1.1;27.449;26.555
2015-01-08;112.095;1.112;26.386;25.568
2015-01-09;112.337;1.09;26.036;25.187
2015-01-12;112.653;1.062;22.118;21.378
2015-01-13;112.832;1.046;23.326;22.51
2015-01-14;113.877;0.955;17.616;16.904
2015-01-15;113.69;0.97;19.394;18.635
2015-01-16;114.08;0.936;16.782;16.098
2015-01-19;114.072;0.937;15.654;15.022
2015-01-20;113.931;0.949;17.114;16.426
2015-01-21;113.363;0.998;13.069;12.594
2015-01-22;114.302;0.916;10.388;9.96
2015-01-23;115.202;0.838;8.544;8.156
2015-01-26;114.861;0.867;12.383;11.826
2015-01-27;115.005;0.854;6.326;6.053
2015-01-28;115.111;0.845;7.852;7.502
2015-01-29;114.797;0.871;7.573;7.246
2015-01-30;115.54;0.807;7.543;7.17
2015-02-02;115.455;0.814;8.568;8.147
2015-02-03;115.071;0.846;8.079;7.714
2015-02-04;114.878;0.863;8.507;8.13
2015-02-05;115.03;0.849;7.957;7.598
2015-02-06;114.711;0.876;10.099;9.651
2015-02-09;114.734;0.874;10.411;9.947
2015-02-10;114.407;0.902;13.425;12.829
2015-02-11;114.64;0.881;12.519;11.955
2015-02-12;115.119;0.839;10.881;10.369
2015-02-13;115.077;0.842;9.253;8.828
2015-02-16;114.935;0.854;9.219;8.805
2015-02-17;114.545;0.888;11.408;10.905
2015-02-18;114.447;0.896;10.38;9.931
2015-02-19;114.23;0.914;12.524;11.999
2015-02-20;114.407;0.898;11.381;10.889
2015-02-23;114.617;0.88;7.355;7.041
2015-02-24;114.704;0.872;10.099;9.659
2015-02-25;115.209;0.828;9.608;9.161
2015-02-26;115.649;0.789;7.77;7.387
2015-02-27;115.291;0.82;7.298;6.961
2015-03-02;114.935;0.85;11.005;10.512
2015-03-03;114.609;0.878;12.694;12.139
2015-03-04;114.556;0.882;10.401;9.951
2015-03-05;114.868;0.854;9.165;8.759
2015-03-06;114.403;0.895;6.003;5.755
2015-03-09;115.408;0.807;-3.012;-2.856
2015-03-10;116.529;0.711;0.897;0.859
2015-03-11;117.119;0.66;-1.634;-1.522
2015-03-12;117.094;0.661;1.825;1.735
2015-03-13;117.046;0.665;-2.043;-1.904
2015-03-16;116.902;0.677;0.27;0.272
2015-03-17;116.556;0.706;4.838;4.569
2015-03-18;117.218;0.649;6.798;6.394
2015-03-19;117.42;0.631;7.984;7.49
2015-03-20;117.546;0.62;4.263;4.005
2015-03-23;117.024;0.664;9.218;8.669
2015-03-24;116.761;0.686;6.433;6.061
2015-03-25;116.858;0.678;6.769;6.376
2015-03-26;116.878;0.675;5.895;5.555
2015-03-27;116.828;0.679;6.773;6.382
2015-03-30;116.795;0.681;7.029;6.622
2015-03-31;117.079;0.657;7.469;7.027
2015-04-01;117.267;0.639;5.746;5.404
2015-04-02;116.9;0.67;5.322;5.017
2015-04-03;116.959;0.665;5.807;5.471
2015-04-06;116.99;0.662;5.533;5.214
2015-04-07;117.078;0.655;5.108;4.815
2015-04-08;117.258;0.639;6.573;6.183
2015-04-09;117.271;0.637;7.524;7.074
2015-04-10;117.52;0.615;5.298;4.974
2015-04-13;117.613;0.607;3.925;3.682
2015-04-14;117.875;0.584;4.765;4.466
2015-04-15;118.526;0.529;2.348;2.203
2015-04-16;118.602;0.521;3.346;3.127
2015-04-17;118.386;0.539;6.099;5.696
2015-04-20;118.524;0.527;5.199;4.852
2015-04-21;118.345;0.542;4.029;3.771
2015-04-22;117.807;0.587;3.531;3.312
2015-04-23;117.802;0.587;4.339;4.068
2015-04-24;117.756;0.59;5.929;5.553
2015-04-27;117.736;0.591;6.556;6.139
2015-04-28;117.703;0.594;5.575;5.224
2015-04-29;116.047;0.735;9.871;9.347
2015-04-30;115.17;0.811;10.448;9.935
2015-05-01;115.093;0.817;13.28;12.633
2015-05-04;114.188;0.897;21.556;20.58
2015-05-05;113.104;0.993;12.459;12.009
2015-05-06;112.098;1.083;15.03;14.586
2015-05-07;112.249;1.068;14.921;14.467
2015-05-08;112.858;1.013;13.987;13.504
2015-05-11;112.124;1.079;20.426;19.799
2015-05-12;111.347;1.15;16.209;15.817
2015-05-13;110.966;1.184;14.725;14.41
2015-05-14;111.195;1.162;13.56;13.262
2015-05-15;112.013;1.088;11.747;11.419
2015-05-18;111.613;1.124;14.506;14.135
2015-05-19;112.278;1.063;11.694;11.356
2015-05-20;111.782;1.108;11.164;10.874
2015-05-21;111.647;1.12;10.292;10.044
2015-05-22;111.943;1.092;9.976;9.709
2015-05-25;111.881;1.098;9.988;9.725
2015-05-26;112.38;1.052;10.501;10.202
2015-05-27;112.35;1.055;9.53;9.268
2015-05-28;112.525;1.038;9.834;9.545
2015-05-29;113.016;0.994;9.4;9.085
2015-06-01;112.371;1.051;15.253;14.795
2015-06-02;110.618;1.211;14.377;14.107
2015-06-03;109.028;1.359;12.4;12.316
2015-06-04;109.262;1.337;14.414;14.284
2015-06-05;108.96;1.365;16.431;16.305
2015-06-08;108.482;1.41;20.92;20.799
2015-06-09;107.696;1.484;15.452;15.471
2015-06-10;107.343;1.518;16.387;16.451
2015-06-11;108.369;1.419;15.892;15.833
2015-06-12;108.403;1.416;18.563;18.469
2015-06-15;107.726;1.48;22.467;22.445
2015-06-16;107.86;1.467;24.736;24.675
2015-06-17;108.016;1.452;22.698;22.635
2015-06-18;108.273;1.427;20.169;20.087
2015-06-19;108.756;1.381;19.552;19.405
2015-06-22;107.698;1.482;29.993;29.921
2015-06-23;107.75;1.476;18.94;18.95
2015-06-24;107.886;1.463;20.216;20.202
2015-06-25;107.669;1.483;20.684;20.699
2015-06-26;106.959;1.552;21.536;21.663
2015-06-29;107.564;1.493;15.687;15.726
2015-06-30;107.934;1.458;23.885;23.851
2015-07-01;107.417;1.507;24.273;24.33
2015-07-02;106.854;1.561;25.251;25.426
2015-07-03;107.546;1.494;24.42;24.458
2015-07-06;107.556;1.493;23.734;23.773
2015-07-07;108.792;1.375;25.858;25.653
2015-07-08;108.858;1.368;23.709;23.52
2015-07-09;108.512;1.4;23.255;23.122
2015-07-10;107.215;1.525;20.046;20.135
2015-07-13;107.407;1.506;17.641;17.697
2015-07-14;107.808;1.467;19.306;19.334
2015-07-15;108.683;1.383;17.991;17.906
2015-07-16;108.735;1.378;16.38;16.301
2015-07-17;109.48;1.307;14.202;14.062
2015-07-20;109.859;1.271;13.037;12.884
2015-07-21;109.384;1.316;15.93;15.78
2015-07-22;109.747;1.281;16.644;16.442
2015-07-23;109.944;1.262;15.006;14.814
2015-07-24;110.691;1.192;12.883;12.65
2015-07-27;110.594;1.201;14.43;14.164
2015-07-28;110.595;1.2;13.341;13.102
2015-07-29;110.244;1.233;12.892;12.709
2015-07-30;110.953;1.166;11.917;11.692
2015-07-31;110.97;1.164;13.265;13.003
2015-08-03;110.911;1.17;14.819;14.526
2015-08-04;110.655;1.193;15.395;15.106
2015-08-05;109.529;1.299;15.505;15.339
2015-08-06;110.119;1.243;14.805;14.598
2015-08-07;110.555;1.201;15.106;14.837
2015-08-10;110.086;1.245;15.772;15.554
2015-08-11;110.86;1.172;15.508;15.205
2015-08-12;110.932;1.165;16.895;16.555
2015-08-13;110.687;1.188;16.983;16.66
2015-08-14;110.391;1.215;16.679;16.394
2015-08-17;110.738;1.182;15.898;15.595
2015-08-18;110.413;1.213;17.596;17.29
2015-08-19;110.552;1.199;18.8;18.446
2015-08-20;110.78;1.177;20.214;19.807
2015-08-21;110.72;1.183;22.741;22.273
2015-08-24;110.411;1.211;22.628;22.205
2015-08-25;108.941;1.351;24.195;23.984
2015-08-26;109.349;1.312;23.643;23.371
2015-08-27;109.036;1.341;24.053;23.839
2015-08-28;109.113;1.333;23.587;23.361
2015-08-31;108.534;1.389;23.556;23.423
2015-09-01;108.404;1.401;23.949;23.829
2015-09-02;108.653;1.377;23.727;23.582
2015-09-03;109.316;1.313;22.405;22.174
2015-09-04;109.855;1.261;22.499;22.183
2015-09-07;109.547;1.29;24.842;24.53
2015-09-08;109.726;1.273;22.505;22.214
2015-09-09;109.727;1.272;19.892;19.65
2015-09-10;109.77;1.268;20.525;20.264
2015-09-11;110.117;1.235;20.912;20.594
2015-09-14;110.04;1.242;20.975;20.671
2015-09-15;109.227;1.319;19.958;19.782
2015-09-16;108.973;1.343;20.174;20.033
2015-09-17;108.983;1.341;19.311;19.168
2015-09-18;110.341;1.212;16.041;15.783
2015-09-21;110.024;1.242;16.394;16.174
2015-09-22;110.918;1.157;15.778;15.475
2015-09-23;110.903;1.158;15.386;15.093
2015-09-24;110.723;1.174;16.887;16.57
2015-09-25;110.193;1.224;17.355;17.095
2015-09-28;110.673;1.178;18.356;18.014
2015-09-29;110.769;1.169;17.414;17.081
2015-09-30;110.82;1.164;16.468;16.159
2015-10-01;111.372;1.111;16.128;15.76
2015-10-02;111.754;1.075;15.38;14.993
2015-10-05;111.175;1.129;15.061;14.746
2015-10-06;110.89;1.156;14.6;14.324
2015-10-07;110.994;1.146;14.217;13.939
2015-10-08;111.108;1.134;13.737;13.458
2015-10-09;110.827;1.16;13.05;12.816
2015-10-12;111.193;1.126;13.748;13.461
2015-10-13;111.133;1.131;13.136;12.871
2015-10-14;111.592;1.087;12.744;12.446
2015-10-15;111.481;1.097;12.869;12.571
2015-10-16;111.519;1.093;12.701;12.406
2015-10-19;111.338;1.11;12.954;12.674
2015-10-20;110.679;1.172;14.783;14.525
2015-10-21;111.368;1.107;13.555;13.253
2015-10-22;112.278;1.02;9.556;9.31
2015-10-23;112.153;1.032;9.794;9.555
2015-10-26;112.224;1.025;11.188;10.9
2015-10-27;112.831;0.968;11.398;11.061
2015-10-28;112.943;0.957;11.258;10.921
2015-10-29;111.992;1.045;10.831;10.574
2015-10-30;112.039;1.041;11.172;10.897
2015-11-02;111.434;1.097;13.36;13.067
2015-11-03;111.288;1.111;13.79;13.51
2015-11-04;111.122;1.126;13.946;13.685
2015-11-05;111.164;1.122;14.177;13.904
2015-11-06;110.438;1.191;15.048;14.824
2015-11-09;110.723;1.163;16.911;16.641
2015-11-10;111.166;1.121;14.4;14.138
2015-11-11;111.325;1.105;13.192;12.935
2015-11-12;111.376;1.1;12.562;12.309
2015-11-13;111.901;1.05;11.024;10.783
2015-11-16;112.124;1.028;10.341;10.098
2015-11-17;112.15;1.026;10.985;10.723
2015-11-18;112.399;1.002;10.302;10.03
2015-11-19;112.588;0.983;11.294;10.985
2015-11-20;112.536;0.988;13.968;13.584
2015-11-23;111.967;1.041;16.76;16.363
2015-11-24;112.138;1.025;14.986;14.611
2015-11-25;112.578;0.983;13.682;13.306
2015-11-26;112.58;0.982;12.781;12.436
2015-11-27;112.766;0.964;11.77;11.445
2015-11-30;112.595;0.98;12.118;11.793
2015-12-01;112.612;0.978;13.435;13.074
2015-12-02;112.648;0.974;13.474;13.112
2015-12-03;110.557;1.173;17.116;16.844
2015-12-04;110.425;1.185;17.821;17.545
2015-12-07;111.474;1.084;15.953;15.603
2015-12-08;111.704;1.062;14.477;14.147
2015-12-09;111.335;1.097;15.248;14.924
2015-12-10;111.659;1.065;14.139;13.823
2015-12-11;111.933;1.039;14.228;13.885
2015-12-14;111.313;1.098;17.172;16.803
2015-12-15;110.727;1.154;16.767;16.482
2015-12-16;110.364;1.188;16.434;16.184
2015-12-17;111.112;1.116;16.106;15.781
2015-12-18;111.575;1.071;16.517;16.134
2015-12-21;111.547;1.073;14.431;14.104
2015-12-22;110.922;1.133;14.893;14.614
2015-12-23;110.528;1.17;16.205;15.936
2015-12-24;110.374;1.185;17.637;17.35
2015-12-25;110.388;1.183;17.611;17.324
2015-12-28;111.161;1.109;16.68;16.317
2015-12-29;110.488;1.173;16.856;16.578
2015-12-30;110.543;1.167;15.341;15.093
2015-12-31;110.544;1.167;15.876;15.614
2016-01-01;110.51;1.17;14.249;14.01
2016-01-04;110.979;1.124;17.534;17.185
2016-01-05;111.285;1.094;17.87;17.48
2016-01-06;111.629;1.061;17.828;17.411
2016-01-07;111.197;1.102;18.629;18.23
2016-01-08;111.536;1.069;18.229;17.811
2016-01-11;111.134;1.107;20.532;20.096
2016-01-12;111.113;1.109;22.605;22.118
2016-01-13;111.542;1.068;20.74;20.247
2016-01-14;111.342;1.086;20.881;20.41
2016-01-15;111.604;1.061;20.474;19.985
2016-01-18;111.642;1.057;20.277;19.794
2016-01-19;111.646;1.056;19.925;19.454
2016-01-20;112.106;1.012;21.395;20.807
2016-01-21;112.604;0.963;19.773;19.193
2016-01-22;112.337;0.988;19.412;18.873
2016-01-25;112.522;0.97;18.572;18.043
2016-01-26;112.835;0.94;17.897;17.353
2016-01-27;112.762;0.947;18.15;17.603
2016-01-28;112.913;0.932;20.097;19.46
2016-01-29;113.892;0.839;17.26;16.623
2016-02-01;113.53;0.872;19.455;18.768
2016-02-02;113.832;0.844;19.532;18.81
2016-02-03;114.181;0.81;19.923;19.132
2016-02-04;113.941;0.832;19.172;18.448
2016-02-05;113.96;0.83;19.535;18.79
2016-02-08;114.367;0.791;21.08;20.196
2016-02-09;114.147;0.812;21.518;20.65
2016-02-10;114.096;0.816;21.104;20.261
2016-02-11;114.267;0.799;22.549;21.605
2016-02-12;113.628;0.859;22.427;21.587
2016-02-15;114.009;0.823;22.147;21.267
2016-02-16;113.63;0.858;23.41;22.538
2016-02-17;113.74;0.847;22.877;22.008
2016-02-18;114.403;0.784;21.232;20.334
2016-02-19;114.564;0.768;20.355;19.481
2016-02-22;114.979;0.729;19.388;18.506
2016-02-23;114.82;0.743;20.568;19.651
2016-02-24;115.033;0.723;20.265;19.326
2016-02-25;115.113;0.715;19.634;18.721
2016-02-26;115.182;0.708;18.645;17.776
2016-02-29;115.522;0.676;19.403;18.472
2016-03-01;115.137;0.711;19.793;18.888
2016-03-02;114.525;0.768;19.683;18.87
2016-03-03;114.852;0.736;21.174;20.26
2016-03-04;114.358;0.783;20.36;19.528
2016-03-07;114.633;0.756;18.402;17.639
2016-03-08;115.255;0.698;15.696;14.98
2016-03-09;114.687;0.751;15.146;14.519
2016-03-10;114.124;0.803;15.55;14.932
2016-03-11;114.788;0.74;11.374;10.9
2016-03-14;114.708;0.747;11.663;11.181
2016-03-15;114.247;0.79;13.728;13.182
2016-03-16;114.423;0.773;13.295;12.757
2016-03-17;115.268;0.692;12.816;12.224
2016-03-18;115.425;0.677;12.188;11.619
2016-03-21;115.272;0.691;11.451;10.927
2016-03-22;115.399;0.679;11.542;11.007
2016-03-23;115.471;0.67;11.729;11.181
2016-03-24;115.578;0.66;11.307;10.771
2016-03-25;115.556;0.662;11.36;10.822
2016-03-28;115.559;0.662;11.658;11.105
2016-03-29;116.152;0.606;9.45;8.967
2016-03-30;116.067;0.613;8.406;7.986
2016-03-31;116.035;0.615;8.645;8.214
2016-04-01;116.344;0.586;7.082;6.719
2016-04-04;116.277;0.592;8.177;7.754
2016-04-05;116.572;0.564;8.424;7.981
2016-04-06;116.339;0.585;8.841;8.383
2016-04-07;116.56;0.563;8.814;8.351
2016-04-08;116.624;0.557;7.58;7.186
2016-04-11;116.257;0.591;9.965;9.453
2016-04-12;115.659;0.646;10.744;10.238
2016-04-13;116.259;0.59;8.529;8.094
2016-04-14;115.753;0.636;9.837;9.368
2016-04-15;116.174;0.596;9.604;9.243
2016-04-18;115.85;0.626;9.792;9.44
2016-04-19;115.768;0.633;9.822;9.461
2016-04-20;115.931;0.618;9.44;9.089
2016-04-21;115.147;0.691;9.348;9.044
2016-04-22;115.157;0.689;9.647;9.324
2016-04-25;114.794;0.723;10.52;10.179
2016-04-26;114.434;0.757;10.162;9.84
2016-04-27;114.413;0.759;11.596;11.199
2016-04-28;114.758;0.725;10.565;10.197
2016-04-29;114.476;0.752;11.953;11.547
2016-05-02;114.622;0.737;10.765;10.388
2016-05-03;115.254;0.677;11.211;10.763
2016-05-04;115.192;0.682;11.544;11.084
2016-05-05;115.508;0.651;12.315;11.785
2016-05-06;115.646;0.638;12.324;11.783
2016-05-09;115.953;0.608;11.368;10.836
2016-05-10;115.965;0.607;11.418;10.876
2016-05-11;116.052;0.598;9.642;9.194
2016-05-12;115.748;0.626;10.329;9.865
2016-05-13;116.159;0.586;9.153;8.718
2016-05-16;115.978;0.603;9.049;8.624
2016-05-17;116.107;0.59;8.317;7.922
2016-05-18;115.718;0.627;9.128;8.717
2016-05-19;115.767;0.621;8.573;8.175
2016-05-20;115.786;0.619;8.802;8.386
2016-05-23;115.689;0.628;7.91;7.549
2016-05-24;115.761;0.62;7.481;7.134
2016-05-25;116.036;0.594;7.683;7.303
2016-05-26;115.986;0.598;8.762;8.318
2016-05-27;116.11;0.585;7.887;7.502
2016-05-30;115.776;0.617;8.248;7.872
2016-05-31;116.002;0.595;9.198;8.762
2016-06-01;116.045;0.59;8.502;8.104
2016-06-02;116.13;0.581;8.623;8.219
2016-06-03;116.729;0.524;6.869;6.538
2016-06-06;116.324;0.562;7.791;7.444
2016-06-07;116.802;0.516;6.314;6.029
2016-06-08;116.776;0.518;5.822;5.569
2016-06-09;117.026;0.493;5.312;5.062
2016-06-10;117.033;0.492;5.938;5.662
2016-06-13;116.754;0.518;8.178;7.786
2016-06-14;116.608;0.532;10.816;10.291
2016-06-15;116.819;0.511;9.233;8.772
2016-06-16;116.801;0.512;10.817;10.273
2016-06-17;116.542;0.536;10.847;10.313
2016-06-20;116.581;0.532;9.257;8.824
2016-06-21;116.649;0.525;7.465;7.122
2016-06-22;116.631;0.526;5.529;5.291
2016-06-23;116.195;0.566;6.519;6.264
2016-06-24;116.947;0.494;9.089;8.69
2016-06-27;117.9;0.404;5.858;5.614
2016-06-28;118.465;0.351;-0.183;-0.051
2016-06-29;118.754;0.323;-1.667;-1.47
2016-06-30;119.131;0.287;-3.8;-3.418
2016-07-01;119.37;0.264;-4.489;-4.047
2016-07-04;119.329;0.268;-0.208;-0.067
2016-07-05;119.674;0.235;-0.471;-0.307
2016-07-06;119.681;0.234;-1.316;-1.076
2016-07-07;119.614;0.239;-1.241;-1.038
2016-07-08;119.924;0.21;-2.303;-2.004
2016-07-11;119.733;0.227;-1.955;-1.683
2016-07-12;119.01;0.293;-1.279;-1.065
2016-07-13;119.441;0.253;0.129;0.224
2016-07-14;119.002;0.292;1.23;1.282
2016-07-15;118.528;0.336;2.136;2.134
2016-07-18;118.772;0.313;1.598;1.644
2016-07-19;118.865;0.303;0.629;0.691
2016-07-20;118.69;0.319;0.644;0.762
2016-07-21;118.718;0.315;0.116;0.247
2016-07-22;118.782;0.309;-0.596;-0.408
2016-07-25;118.96;0.292;-1.196;-0.989
2016-07-26;118.923;0.295;-1.286;-1.077
2016-07-27;119.513;0.239;-2.325;-2.034
2016-07-28;119.572;0.232;-2.07;-1.8
2016-07-29;119.891;0.202;-3.127;-2.783
2016-08-01;119.637;0.225;-1.578;-1.348
2016-08-02;119.005;0.284;-1.344;-1.134
2016-08-03;118.989;0.285;-0.293;-0.17
2016-08-04;119.607;0.225;-1.586;-1.382
2016-08-05;119.344;0.249;-1.313;-1.114
2016-08-08;119.371;0.246;-1.599;-1.39
2016-08-09;119.515;0.232;-1.499;-1.301
2016-08-10;119.894;0.197;-2.019;-1.775
2016-08-11;119.743;0.209;-2.442;-2.153
2016-08-12;119.832;0.2;-2.131;-1.877
2016-08-15;119.503;0.231;-2.179;-1.904
2016-08-16;118.962;0.281;-0.631;-0.451
2016-08-17;119.225;0.256;-1.498;-1.26
2016-08-18;119.551;0.224;-1.887;-1.616
2016-08-19;119.036;0.271;-1.295;-1.121
2016-08-22;119.576;0.22;-1.571;-1.341
2016-08-23;119.598;0.218;-0.986;-0.816
2016-08-24;119.515;0.225;-0.485;-0.323
2016-08-25;119.316;0.242;0.087;0.209
2016-08-26;119.243;0.248;0.51;0.609
2016-08-29;119.354;0.237;;0.139
2016-08-30;119.507;0.223;0.25;0.347
2016-08-31;119.187;0.252;0.923;0.967
2016-09-01;119.173;0.252;1.171;1.197
2016-09-02;119.058;0.262;0.31;0.362
2016-09-05;119.154;0.253;0.357;0.426
2016-09-06;119.915;0.181;-2.543;-2.261
2016-09-07;120.015;0.171;-3.181;-2.837
2016-09-08;119.345;0.232;-1.224;-1.012
2016-09-09;118.542;0.308;0.42;0.512
2016-09-12;118.243;0.336;1.352;1.407
2016-09-13;117.924;0.365;2.173;2.176
2016-09-14;118.433;0.316;0.374;0.473
2016-09-15;118.282;0.329;0.741;0.807
2016-09-16;118.518;0.306;-0.25;-0.177
2016-09-19;118.388;0.318;0.372;0.459
2016-09-20;118.799;0.279;-0.787;-0.619
2016-09-21;118.628;0.294;-1.061;-0.891
2016-09-22;119.659;0.195;-2.822;-2.519
2016-09-23;119.496;0.21;-2.255;-2.007
2016-09-26;119.816;0.18;-3.403;-3.054
2016-09-27;120.001;0.162;-4.914;-4.401
2016-09-28;120.07;0.155;-5.233;-4.717
2016-09-29;119.794;0.179;-3.889;-3.449
2016-09-30;119.802;0.178;-4.757;-4.29
2016-10-03;119.34;0.221;-2.114;-1.819
2016-10-04;118.917;0.261;-1.517;-1.268
2016-10-05;118.328;0.316;0.239;0.392
2016-10-06;118.696;0.28;-2.384;-2.118
2016-10-07;118.388;0.309;-2.949;-2.609
2016-10-10;118.047;0.341;-3.616;-3.253
2016-10-11;118.287;0.317;-2.895;-2.619
2016-10-12;117.846;0.359;-1.59;-1.414
2016-10-13;118.183;0.325;-2.785;-2.509
2016-10-14;118.107;0.332;-4.049;-3.705
2016-10-17;118.054;0.337;-2.865;-2.596
2016-10-18;118.277;0.315;-3.388;-3.06
2016-10-19;118.36;0.306;-3.937;-3.664
2016-10-20;118.657;0.276;-4.93;-4.603
2016-10-21;118.582;0.283;-5.154;-4.726
2016-10-24;118.405;0.299;-4.771;-4.379
2016-10-25;118.332;0.306;-3.762;-3.43
2016-10-26;117.7;0.366;-2.352;-2.206
2016-10-27;116.812;0.451;0.132;0.219
2016-10-28;116.671;0.465;1.806;1.804
2016-10-31;116.668;0.465;2.479;2.399
2016-11-01;116.327;0.498;3.435;3.31
2016-11-02;116.847;0.446;1.551;1.561
2016-11-03;116.596;0.469;0.902;0.945
2016-11-04;116.689;0.46;1.74;1.736
2016-11-07;116.652;0.463;0.452;0.503
2016-11-08;116.328;0.494;0.567;0.604
2016-11-09;115.89;0.537;3.184;3.128
2016-11-10;114.462;0.678;10.529;10.122
2016-11-11;113.766;0.748;14.839;14.279
2016-11-14;113.268;0.798;18.213;17.546
2016-11-15;113.933;0.73;10.986;10.522
2016-11-16;113.836;0.74;13.178;12.715
2016-11-17;113.806;0.742;14.332;13.769
2016-11-18;113.644;0.758;16.084;15.461
2016-11-21;113.633;0.758;16.907;16.248
2016-11-22;114.107;0.71;15.759;15.108
2016-11-23;113.362;0.785;22.038;21.184
2016-11-24;113.314;0.789;22.401;21.529
2016-11-25;113.324;0.788;21.733;20.886
2016-11-28;113.509;0.768;22.754;21.847
2016-11-29;114.146;0.703;16.425;15.716
2016-11-30;113.616;0.757;16.17;15.512
2016-12-01;112.984;0.82;14.529;14.042
2016-12-02;113.893;0.727;12.74;12.226
2016-12-05;113.216;0.796;16.366;15.765
2016-12-06;113.061;0.811;13.777;13.297
2016-12-07;113.468;0.769;11.423;10.986
2016-12-08;113.019;0.814;13.41;12.924
2016-12-09;112.987;0.817;13.944;13.474
2016-12-12;112.457;0.871;14.543;14.153
2016-12-13;113.084;0.806;12.319;11.892
2016-12-14;113.723;0.74;10.63;10.237
2016-12-15;113.337;0.779;8.718;8.418
2016-12-16;113.447;0.767;10.94;10.681
2016-12-19;114.061;0.704;10.007;9.607
2016-12-20;113.941;0.716;8.9;8.627
2016-12-21;114.121;0.697;8.443;8.102
2016-12-22;113.82;0.726;8.928;8.588
2016-12-23;114.241;0.683;7.532;7.229
2016-12-27;114.433;0.663;5.842;5.647
2016-12-28;114.343;0.672;8.173;7.853
2016-12-29;114.56;0.648;9.185;8.8
2016-12-30;114.29;0.675;9.81;9.487
2017-01-02;114.337;0.67;10.575;10.149
2017-01-03;113.358;0.77;16.729;16.119
2017-01-04;113.095;0.797;19.214;18.458
2017-01-05;113.215;0.783;20.485;19.749
2017-01-06;112.817;0.824;19.368;18.724
2017-01-09;113.137;0.79;18.721;18.071
2017-01-10;113.074;0.797;18.788;18.205
2017-01-11;113.367;0.766;19.367;18.671
2017-01-12;113.314;0.77;20.419;19.882
2017-01-13;113.057;0.796;21.236;20.447
2017-01-16;113.092;0.792;21.677;20.939
2017-01-17;113.202;0.781;20.207;19.46
2017-01-18;112.882;0.813;20.064;19.428
2017-01-19;112.529;0.849;20.762;19.955
2017-01-20;112.096;0.894;21.797;21.203
2017-01-23;112.577;0.843;21.493;20.768
2017-01-24;112.159;0.887;21.778;21.193
2017-01-25;111.5;0.956;24.28;23.72
2017-01-26;110.969;1.011;27.561;26.992
2017-01-27;110.947;1.013;29.361;28.734
2017-01-30;110.685;1.041;32.702;32.05
2017-01-31;110.881;1.019;31.25;30.629
2017-02-01;110.413;1.069;33.571;33.169
2017-02-02;110.822;1.024;33.359;32.402
2017-02-03;110.525;1.056;36.863;36.129
2017-02-06;109.96;1.116;44.267;43.539
2017-02-07;110.244;1.085;42.445;41.634
2017-02-08;111.187;0.984;36.734;36.191
2017-02-09;111.36;0.965;33.893;33.033
2017-02-10;110.738;1.031;38.741;37.883
2017-02-13;111.006;1.002;33.793;33.027
2017-02-14;110.761;1.028;33.43;32.808
2017-02-15;110.809;1.022;34.354;33.612
2017-02-16;111.133;0.987;34.035;33.389
2017-02-17;110.963;1.004;38.139;37.209
2017-02-20;110.684;1.034;40.519;39.593
2017-02-21;110.355;1.069;43.113;42.187
2017-02-22;111.029;0.996;36.622;35.744
2017-02-23;111.369;0.959;36.821;35.849
2017-02-24;111.9;0.902;34.2;33.288
2017-02-27;112.335;0.856;30.336;29.387
2017-02-28;112.236;0.866;31.61;30.626
2017-03-01;111.971;0.894;30.568;29.666
2017-03-02;111.819;0.909;27.315;26.556
2017-03-03;111.726;0.918;23.933;23.292
2017-03-06;111.536;0.938;27.304;26.602
2017-03-07;111.55;0.936;27.882;27.269
2017-03-08;110.991;0.996;30.778;30.06
2017-03-09;110.409;1.057;30.904;30.291
2017-03-10;110.078;1.093;28.829;28.316
2017-03-13;110.269;1.072;28.879;28.317
2017-03-14;110.298;1.069;30.779;30.137
2017-03-15;110.732;1.021;28.288;27.774
2017-03-16;110.261;1.071;31.716;31.083
2017-03-17;110.135;1.085;34.478;33.796
2017-03-20;110.033;1.095;34.932;34.266
2017-03-21;110.237;1.073;31.239;30.606
2017-03-22;110.702;1.022;30.088;29.394
2017-03-23;110.742;1.017;27.434;27.024
2017-03-24;111.23;0.964;24.467;23.843
2017-03-27;111.35;0.951;25.495;24.793
2017-03-28;111.477;0.937;25.264;24.57
2017-03-29;111.757;0.906;25.083;24.337
2017-03-30;111.644;0.917;26.889;26.112
2017-03-31;111.381;0.945;29.578;28.758
2017-04-03;111.584;0.923;31.267;30.057
2017-04-04;111.779;0.902;29.0;28.132
2017-04-05;111.804;0.899;28.525;27.67
2017-04-06;111.995;0.877;25.602;24.886
2017-04-07;112.078;0.868;27.57;26.406
2017-04-10;111.753;0.902;31.95;31.054
2017-04-11;111.432;0.937;35.648;34.62
2017-04-12;111.731;0.903;32.781;31.852
2017-04-13;111.84;0.891;32.819;31.791
2017-04-18;112.037;0.869;34.155;33.044
2017-04-19;112.094;0.863;30.44;29.194
2017-04-20;112.306;0.839;23.946;23.347
2017-04-21;112.184;0.851;22.475;21.88
2017-04-24;113.354;0.726;6.867;6.636
2017-04-25;112.67;0.799;10.16;9.84
2017-04-26;112.754;0.789;10.582;10.232
2017-04-27;113.339;0.725;8.365;8.059
2017-04-28;113.28;0.731;6.224;6.005
2017-05-02;113.43;0.715;4.169;4.004
2017-05-03;113.489;0.708;4.384;4.29
2017-05-04;113.325;0.724;0.595;0.628
2017-05-05;113.173;0.74;1.195;1.188
2017-05-08;113.196;0.737;1.662;1.766
2017-05-09;112.974;0.76;3.861;3.749
2017-05-10;113.173;0.739;3.158;3.07
2017-05-11;112.838;0.773;6.898;6.673
2017-05-12;113.17;0.737;6.369;6.147
2017-05-15;112.782;0.779;8.363;8.088
2017-05-16;112.69;0.788;8.686;8.4
2017-05-17;113.291;0.723;5.519;5.332
2017-05-18;113.606;0.688;4.166;4.018
2017-05-19;113.577;0.691;2.124;2.059
2017-05-22;113.248;0.726;2.954;2.869
2017-05-23;113.259;0.724;1.742;1.727
2017-05-24;113.299;0.72;1.333;1.305
2017-05-25;113.691;0.676;-0.438;-0.4
2017-05-26;113.975;0.646;-1.069;-0.984
2017-05-29;114.135;0.628;-1.604;-1.498
2017-05-30;114.256;0.615;-2.141;-2.047
2017-05-31;114.224;0.618;-2.395;-2.252
2017-06-01;114.243;0.615;-3.625;-3.426
2017-06-02;114.471;0.59;-4.933;-4.676
2017-06-05;114.355;0.602;-4.191;-3.97
2017-06-06;114.853;0.548;-7.803;-7.373
2017-06-07;114.617;0.573;-5.556;-5.228
2017-06-08;115.042;0.527;-9.248;-8.731
2017-06-09;114.955;0.535;-8.329;-7.842
2017-06-12;115.298;0.499;-10.701;-10.069
2017-06-13;115.091;0.52;-10.416;-9.781
2017-06-14;115.225;0.505;-8.067;-7.345
2017-06-15;114.757;0.553;-6.515;-6.104
2017-06-16;114.579;0.572;-3.684;-3.65
2017-06-19;114.456;0.585;-2.778;-2.507
2017-06-20;114.647;0.564;-3.446;-2.888
2017-06-21;114.613;0.567;-2.539;-2.289
2017-06-22;114.622;0.565;-0.851;-0.705
2017-06-23;114.526;0.574;-1.018;-0.851
2017-06-26;114.568;0.569;-1.256;-1.077
2017-06-27;113.271;0.708;3.33;3.246
2017-06-28;113.318;0.703;3.682;3.273
2017-06-29;112.435;0.797;6.296;6.206
2017-06-30;112.284;0.813;6.71;6.628
2017-07-03;112.106;0.832;7.282;7.204
2017-07-04;112.161;0.826;5.683;5.634
2017-07-05;112.189;0.823;5.376;5.356
2017-07-06;111.233;0.927;9.244;9.295
2017-07-07;111.002;0.952;11.213;11.078
2017-07-10;111.266;0.922;11.14;10.975
2017-07-11;111.099;0.94;12.227;12.058
2017-07-12;111.548;0.89;10.069;10.278
2017-07-13;111.355;0.91;10.665;10.481
2017-07-14;111.529;0.891;8.743;8.611
2017-07-17;111.625;0.88;8.449;8.329
2017-07-18;111.851;0.855;7.608;7.499
2017-07-19;111.964;0.842;8.229;8.101
2017-07-20;112.221;0.812;4.825;4.811
2017-07-21;112.413;0.791;5.419;4.948
2017-07-24;112.457;0.785;4.521;4.451
2017-07-25;111.836;0.853;7.583;7.074
2017-07-26;111.797;0.857;7.764;7.622
2017-07-27;111.906;0.844;7.307;7.45
2017-07-28;111.933;0.841;6.145;5.681
2017-07-31;111.919;0.842;5.462;5.495
2017-08-01;112.432;0.785;4.549;4.532
2017-08-02;112.409;0.787;5.046;4.986
2017-08-03;112.657;0.758;4.679;4.649
2017-08-04;112.37;0.79;6.871;6.719
2017-08-07;112.453;0.78;6.686;6.567
2017-08-08;112.246;0.803;8.704;8.082
2017-08-09;112.636;0.759;7.424;7.278
2017-08-10;112.605;0.761;8.866;8.646
2017-08-11;112.872;0.731;8.167;7.958
2017-08-14;112.64;0.757;8.574;8.378
2017-08-15;112.415;0.781;9.443;9.199
2017-08-16;112.299;0.793;9.617;9.359
2017-08-17;112.471;0.773;10.067;9.799
2017-08-18;112.559;0.763;9.966;9.684
2017-08-21;112.667;0.751;9.691;9.423
2017-08-22;112.604;0.757;10.66;10.374
2017-08-23;112.752;0.74;10.077;9.802
2017-08-24;112.673;0.748;10.614;10.317
2017-08-25;112.608;0.755;10.986;10.67
2017-08-28;112.607;0.754;11.317;11.005
2017-08-29;112.983;0.712;10.039;9.734
2017-08-30;112.867;0.725;10.55;10.23
2017-08-31;112.961;0.713;9.37;9.083
2017-09-01;112.771;0.734;10.594;10.277
2017-09-04;112.849;0.724;10.887;10.538
2017-09-05;113.134;0.693;10.135;9.795
2017-09-06;112.994;0.708;9.97;9.879
2017-09-07;113.366;0.665;6.997;6.95
2017-09-08;113.344;0.667;6.673;6.494
2017-09-11;113.177;0.685;7.078;6.879
2017-09-12;112.594;0.749;8.808;8.577
2017-09-13;112.69;0.738;7.988;7.771
2017-09-14;112.577;0.749;7.879;7.683
2017-09-15;112.474;0.761;6.531;6.362
2017-09-18;112.36;0.773;6.261;6.127
2017-09-19;112.36;0.772;7.126;6.966
2017-09-20;112.357;0.772;8.199;7.986
2017-09-21;112.239;0.784;7.842;7.639
2017-09-22;112.271;0.78;7.909;7.725
2017-09-25;112.618;0.741;7.129;6.955
2017-09-26;112.589;0.744;7.013;6.84
2017-09-27;112.073;0.801;8.185;7.989
2017-09-28;112.033;0.804;7.251;7.07
2017-09-29;112.174;0.788;6.64;6.489
2017-10-02;112.235;0.781;6.585;6.427
2017-10-03;112.167;0.788;6.458;6.307
2017-10-04;112.12;0.793;7.697;7.519
2017-10-05;112.217;0.781;6.956;6.783
2017-10-06;112.233;0.779;6.082;5.975
2017-10-09;112.348;0.765;6.471;6.318
2017-10-10;112.388;0.76;5.79;5.65
2017-10-11;112.226;0.778;5.836;5.721
2017-10-12;112.437;0.753;5.226;5.105
2017-10-13;112.821;0.71;3.201;3.125
2017-10-16;113.083;0.68;3.1;3.031
2017-10-17;113.161;0.671;2.863;2.822
2017-10-18;112.927;0.696;3.003;2.963
2017-10-19;112.903;0.698;2.996;2.927
2017-10-20;112.485;0.744;3.317;3.262
2017-10-23;112.687;0.721;2.993;2.941
2017-10-24;112.334;0.76;3.84;3.774
2017-10-25;112.281;0.766;3.162;3.124
2017-10-26;112.807;0.705;2.422;2.379
2017-10-27;113.098;0.672;0.343;0.383
2017-10-30;113.308;0.648;-0.407;-0.341
2017-10-31;113.387;0.639;-0.868;-0.782
2017-11-01;113.352;0.642;-1.506;-1.389
2017-11-02;113.379;0.638;-1.458;-1.343
2017-11-03;113.427;0.632;-1.544;-1.431
2017-11-06;113.665;0.605;-1.899;-1.782
2017-11-07;113.935;0.575;-4.769;-4.52
2017-11-08;113.892;0.579;-4.08;-3.86
2017-11-09;113.492;0.622;-3.181;-3.013
2017-11-10;113.267;0.647;-3.273;-3.108
2017-11-13;113.262;0.647;-3.605;-3.434
2017-11-14;113.438;0.627;-3.942;-3.749
2017-11-15;113.663;0.601;-5.038;-4.801
2017-11-16;113.714;0.594;-5.571;-5.308
2017-11-17;113.83;0.58;-5.923;-5.638
2017-11-20;113.888;0.573;-6.976;-6.646
2017-11-21;114.1;0.549;-8.044;-7.656
2017-11-22;114.09;0.55;-7.926;-7.542
2017-11-23;113.963;0.563;-6.119;-5.822
2017-11-24;113.795;0.581;-5.362;-5.11
2017-11-27;113.993;0.558;-6.205;-5.905
2017-11-28;114.016;0.555;-6.832;-6.491
2017-11-29;113.677;0.593;-6.216;-5.923
2017-11-30;113.891;0.567;-7.589;-7.234
2017-12-01;114.492;0.499;-9.808;-9.334
2017-12-04;114.179;0.534;-8.827;-8.397
2017-12-05;114.414;0.507;-10.124;-9.638
2017-12-06;114.524;0.494;-10.16;-9.665
2017-12-07;114.55;0.49;-11.953;-11.38
2017-12-08;114.378;0.509;-10.982;-10.462
2017-12-11;114.428;0.503;-10.438;-9.937
2017-12-12;114.273;0.519;-10.441;-9.94
2017-12-13;114.142;0.534;-8.562;-8.133
2017-12-14;114.201;0.525;-8.373;-7.977
2017-12-15;114.275;0.517;-8.589;-8.171
2017-12-18;114.307;0.513;-9.785;-9.324
2017-12-19;113.733;0.577;-8.081;-7.684
2017-12-20;113.479;0.605;-8.102;-7.738
2017-12-21;113.393;0.612;-8.591;-8.236
2017-12-22;113.319;0.62;-8.701;-8.333
2017-12-27;113.474;0.602;-7.655;-7.299
2017-12-28;113.145;0.638;-6.139;-5.876
2017-12-29;113.068;0.646;-5.69;-5.455
2018-01-02;112.662;0.692;-2.93;-2.807
2018-01-03;112.806;0.675;-2.398;-2.294
2018-01-04;112.773;0.677;-1.641;-1.553
2018-01-05;112.753;0.679;-1.666;-1.579
2018-01-08;112.822;0.671;-1.481;-1.404
2018-01-09;112.58;0.698;-1.12;-1.061
2018-01-10;112.572;0.699;-2.868;-2.759
2018-01-11;112.094;0.752;-1.478;-1.411
2018-01-12;112.122;0.749;-2.952;-2.831
2018-01-15;112.054;0.756;-3.013;-2.884
2018-01-16;112.211;0.738;-2.54;-2.445
2018-01-17;112.191;0.739;-2.224;-2.108
2018-01-18;112.13;0.745;-3.023;-2.877
2018-01-19;112.171;0.74;-3.899;-3.746
2018-01-22;112.161;0.741;-3.969;-3.792
2018-01-23;112.153;0.741;-3.585;-3.45
2018-01-24;111.966;0.762;-3.338;-3.191
2018-01-25;111.656;0.797;-2.159;-2.065
2018-01-26;111.403;0.826;-1.325;-1.244
2018-01-29;110.94;0.88;-1.692;-1.595
2018-01-30;110.986;0.875;-0.834;-0.785
2018-01-31;110.867;0.888;0.161;0.196
2018-02-01;110.746;0.901;-0.546;-0.491
2018-02-02;110.428;0.939;-0.235;-0.193
2018-02-05;110.642;0.913;-0.795;-0.753
2018-02-06;110.945;0.877;-0.407;-0.323
2018-02-07;110.709;0.904;-1.069;-0.969
2018-02-08;110.59;0.917;-1.95;-1.847
2018-02-09;110.643;0.91;-2.262;-2.124
2018-02-12;110.581;0.917;-4.109;-3.95
2018-02-13;110.542;0.921;-3.114;-2.963
2018-02-14;110.533;0.922;-3.296;-3.143
2018-02-15;110.425;0.934;-2.792;-2.643
2018-02-16;110.848;0.883;-4.191;-3.939
2018-02-19;110.565;0.916;-2.81;-2.617
2018-02-20;110.511;0.922;-2.284;-2.181
2018-02-21;110.616;0.909;-1.92;-1.843
2018-02-22;110.733;0.894;-3.109;-2.995
2018-02-23;111.076;0.853;-4.027;-3.807
2018-02-26;111.089;0.851;-3.945;-3.738
2018-02-27;110.956;0.867;-3.324;-3.092
2018-02-28;111.193;0.838;-4.762;-4.55
2018-03-01;111.239;0.831;-4.992;-4.726
2018-03-02;111.146;0.842;-4.023;-3.87
2018-03-05;111.227;0.832;-4.821;-4.611
2018-03-06;111.036;0.854;-4.457;-4.309
2018-03-07;111.235;0.83;-5.151;-4.914
2018-03-08;111.45;0.803;-6.423;-6.217
2018-03-09;111.239;0.828;-5.04;-4.884
2018-03-12;111.374;0.811;-5.529;-5.352
2018-03-13;111.444;0.803;-5.353;-5.181
2018-03-14;111.674;0.775;-5.804;-5.595
2018-03-15;111.821;0.756;-5.751;-5.539
2018-03-16;111.889;0.748;-6.428;-6.191
2018-03-19;111.864;0.75;-6.611;-6.355
2018-03-20;111.818;0.755;-7.416;-7.159
2018-03-21;111.779;0.759;-7.881;-7.611
2018-03-22;112.245;0.703;-9.137;-8.824
2018-03-23;112.288;0.697;-10.331;-9.965
2018-03-26;112.285;0.697;-9.929;-9.551
2018-03-27;112.474;0.674;-10.031;-9.636
2018-03-28;112.467;0.673;-9.556;-9.193
2018-03-29;112.578;0.659;-10.355;-9.961
2018-04-03;112.516;0.666;-8.862;-8.508
2018-04-04;112.598;0.656;-9.581;-9.186
2018-04-05;112.349;0.684;-8.582;-8.259
2018-04-06;112.525;0.663;-8.665;-8.331
2018-04-09;112.486;0.667;-8.419;-8.097
2018-04-10;112.308;0.687;-6.486;-6.223
2018-04-11;112.411;0.675;-6.645;-6.365
2018-04-12;112.328;0.683;-6.632;-6.384
2018-04-13;112.381;0.676;-7.519;-7.229
2018-04-16;112.3;0.685;-7.451;-7.195
2018-04-17;112.483;0.663;-8.154;-7.836
2018-04-18;112.322;0.682;-7.379;-7.092
2018-04-19;111.796;0.743;-6.286;-6.084
2018-04-20;111.878;0.733;-7.112;-6.871
2018-04-23;111.577;0.769;-6.339;-6.146
2018-04-24;111.571;0.769;-6.179;-5.974
2018-04-25;111.474;0.78;-5.534;-5.351
2018-04-26;111.752;0.745;-5.942;-5.735
2018-04-27;111.874;0.73;-5.995;-5.787
2018-04-30;111.93;0.722;-5.703;-5.492
2018-05-02;111.789;0.739;-5.317;-5.123
2018-05-03;112.126;0.697;-5.552;-5.359
2018-05-04;111.971;0.715;-4.169;-4.027
2018-05-07;112.084;0.701;-4.695;-4.528
2018-05-08;111.788;0.736;-3.817;-3.675
2018-05-09;111.867;0.726;-4.913;-4.73
2018-05-10;111.853;0.727;-5.026;-4.841
2018-05-11;111.9;0.72;-6.424;-6.199
2018-05-14;111.503;0.768;-5.569;-5.38
2018-05-15;111.268;0.796;-5.575;-5.397
2018-05-16;111.44;0.775;-5.69;-5.494
2018-05-17;111.205;0.802;-5.501;-5.331
2018-05-18;111.534;0.761;-5.798;-5.593
2018-05-21;111.667;0.745;-4.663;-4.49
2018-05-22;111.543;0.759;-5.207;-5.02
2018-05-23;111.785;0.73;-4.208;-4.044
2018-05-24;112.142;0.685;-5.968;-5.737
2018-05-25;112.554;0.635;-6.274;-6.011
2018-05-28;112.687;0.619;-4.939;-4.736
2018-05-29;113.177;0.559;-7.3;-6.98
2018-05-30;112.734;0.612;-7.546;-7.234
2018-05-31;112.928;0.587;-8.386;-8.026
2018-06-01;112.596;0.626;-7.208;-6.909
2018-06-04;112.474;0.641;-7.582;-7.285
2018-06-05;112.712;0.611;-7.946;-7.612
2018-06-06;111.859;0.714;-5.076;-4.879
2018-06-07;111.662;0.736;-5.222;-5.027
2018-06-08;111.779;0.722;-4.643;-4.473
2018-06-11;111.496;0.756;-2.558;-2.465
2018-06-12;111.649;0.737;-3.693;-3.537
2018-06-13;111.902;0.705;-5.619;-5.412
2018-06-14;112.538;0.627;-8.904;-8.573
2018-06-15;112.779;0.597;-7.758;-7.466
2018-06-18;112.914;0.58;-8.011;-7.694
2018-06-19;113.124;0.555;-8.286;-7.953
2018-06-20;113.068;0.561;-8.535;-8.189
2018-06-21;113.159;0.548;-8.412;-8.049
2018-06-22;113.088;0.556;-8.332;-7.985
2018-06-25;113.05;0.56;-7.772;-7.457
2018-06-26;112.871;0.581;-6.988;-6.7
2018-06-27;113.057;0.558;-8.039;-7.699
2018-06-28;113.082;0.554;-8.278;-7.957
2018-06-29;113.356;0.52;-10.566;-10.116
2018-07-02;113.42;0.512;-11.638;-11.157
2018-07-03;113.522;0.499;-12.37;-11.846
2018-07-04;113.477;0.504;-11.604;-11.123
2018-07-05;113.47;0.503;-11.983;-11.485
2018-07-06;113.515;0.497;-12.284;-11.756
2018-07-09;113.5;0.498;-11.979;-11.457
2018-07-10;113.348;0.516;-11.864;-11.361
2018-07-11;113.385;0.511;-12.257;-11.739
2018-07-12;113.446;0.502;-12.445;-11.932
2018-07-13;113.6;0.483;-13.672;-13.088
2018-07-16;113.369;0.51;-12.523;-11.988
2018-07-17;113.522;0.491;-13.007;-12.458
2018-07-18;113.524;0.491;-12.66;-12.133
2018-07-19;113.513;0.49;-12.344;-11.826
2018-07-20;113.152;0.533;-10.322;-9.91
2018-07-23;112.856;0.569;-9.215;-8.861
2018-07-24;112.963;0.555;-9.667;-9.287
2018-07-25;112.993;0.551;-9.692;-9.305
2018-07-26;112.938;0.556;-10.416;-9.998
2018-07-27;112.889;0.562;-10.226;-9.825
2018-07-30;112.546;0.603;-9.056;-8.731
2018-07-31;112.618;0.594;-9.92;-9.554
2018-08-01;112.291;0.633;-7.917;-7.636
2018-08-02;112.27;0.634;-6.884;-6.632
2018-08-03;112.578;0.596;-8.069;-7.756
2018-08-06;112.748;0.575;-8.817;-8.439
2018-08-07;112.639;0.587;-8.792;-8.428
2018-08-08;112.681;0.582;-8.698;-8.327
2018-08-09;112.825;0.562;-9.47;-9.045
2018-08-10;113.163;0.52;-10.022;-9.545
2018-08-13;113.09;0.529;-8.399;-7.986
2018-08-14;113.066;0.531;-8.901;-8.5
2018-08-15;113.189;0.516;-8.734;-8.338
2018-08-16;113.087;0.526;-8.676;-8.303
2018-08-17;113.19;0.513;-8.974;-8.573
2018-08-20;113.262;0.504;-9.557;-9.151
2018-08-21;113.088;0.525;-8.931;-8.548
2018-08-22;112.961;0.54;-7.789;-7.469
2018-08-23;113.011;0.532;-8.411;-8.036
2018-08-24;112.941;0.54;-7.851;-7.506
2018-08-27;112.752;0.563;-7.128;-6.831
2018-08-28;112.681;0.571;-6.111;-5.846
2018-08-29;112.498;0.593;-5.81;-5.592
2018-08-30;112.817;0.552;-7.059;-6.709
2018-08-31;112.9;0.541;-6.693;-6.369
2018-09-03;112.834;0.549;-6.049;-5.751
2018-09-04;112.815;0.55;-6.843;-6.534
2018-09-05;112.607;0.576;-6.06;-5.777
2018-09-06;112.775;0.553;-6.917;-6.608
2018-09-07;112.58;0.577;-6.649;-6.343
2018-09-10;112.601;0.574;-7.394;-7.057
2018-09-11;112.428;0.595;-7.296;-6.991
2018-09-12;112.548;0.579;-7.562;-7.223
2018-09-13;112.413;0.594;-6.599;-6.339
2018-09-14;112.173;0.624;-5.316;-5.082
2018-09-17;112.102;0.632;-5.116;-4.905
2018-09-18;111.969;0.648;-4.543;-4.354
2018-09-19;111.864;0.661;-4.553;-4.366
2018-09-20;111.952;0.648;-5.211;-5.001
2018-09-21;112.006;0.641;-5.366;-5.137
2018-09-24;111.598;0.692;-3.99;-3.838
2018-09-25;111.384;0.718;-4.251;-4.098
2018-09-26;111.458;0.708;-4.621;-4.439
2018-09-27;111.381;0.717;-3.878;-3.736
2018-09-28;111.72;0.673;-4.958;-4.754
2018-10-01;111.594;0.689;-4.187;-4.002
2018-10-02;111.888;0.651;-5.442;-5.184
2018-10-03;111.616;0.685;-4.815;-4.618
2018-10-04;111.18;0.738;-3.663;-3.512
2018-10-05;110.947;0.768;-3.897;-3.757
2018-10-08;111.164;0.74;-3.979;-3.804
2018-10-09;111.02;0.757;-3.147;-2.996
2018-10-10;110.927;0.769;-2.761;-2.624
2018-10-11;111.051;0.751;-2.665;-2.545
2018-10-12;111.179;0.735;-2.942;-2.842
2018-10-15;111.158;0.737;-2.746;-2.65
2018-10-16;111.339;0.713;-3.626;-3.502
2018-10-17;111.558;0.685;-3.647;-3.518
2018-10-18;111.728;0.662;-4.257;-4.052
2018-10-19;111.345;0.71;-2.323;-2.22
2018-10-22;111.485;0.692;-3.427;-3.304
2018-10-23;111.728;0.66;-3.816;-3.643
2018-10-24;111.846;0.645;-4.82;-4.607
2018-10-25;111.822;0.646;-5.068;-4.851
2018-10-26;112.079;0.613;-4.358;-4.164
2018-10-29;112.047;0.617;-5.524;-5.294
2018-10-30;112.057;0.615;-5.375;-5.157
2018-10-31;112.015;0.62;-5.661;-5.423
2018-11-01;111.989;0.621;-6.223;-5.981
2018-11-02;111.814;0.643;-4.735;-4.56
2018-11-05;111.788;0.646;-4.213;-4.066
2018-11-06;111.703;0.656;-3.806;-3.669
2018-11-07;111.593;0.67;-3.367;-3.238
2018-11-08;111.51;0.679;-3.257;-3.123
2018-11-09;111.748;0.648;-3.505;-3.362
2018-11-12;111.788;0.642;-2.994;-2.867
2018-11-13;111.751;0.646;-3.422;-3.278
2018-11-14;111.812;0.638;-2.949;-2.815
2018-11-15;112.054;0.605;-3.54;-3.388
2018-11-16;111.965;0.616;-2.884;-2.756
2018-11-19;111.826;0.633;-1.273;-1.201
2018-11-20;111.95;0.617;-1.27;-1.201
2018-11-21;111.875;0.626;-1.212;-1.139
2018-11-22;111.935;0.617;-1.45;-1.372
2018-11-23;112.102;0.595;-1.718;-1.633
2018-11-26;111.98;0.61;-1.254;-1.189
2018-11-27;112.051;0.6;-1.424;-1.355
2018-11-28;112.076;0.596;-1.839;-1.752
2018-11-29;112.327;0.563;-2.799;-2.68
2018-11-30;112.369;0.557;-2.772;-2.657
2018-12-03;112.337;0.56;-2.061;-1.997
2018-12-04;112.474;0.542;-1.163;-1.134
2018-12-05;112.379;0.554;-2.147;-2.081
2018-12-06;112.501;0.536;-2.405;-2.328
2018-12-07;112.297;0.562;0.122;0.096
2018-12-10;112.114;0.585;2.693;2.554
2018-12-11;111.984;0.601;4.198;4.007
2018-12-12;111.872;0.615;2.999;2.839
2018-12-13;111.882;0.612;3.4;3.219
2018-12-14;112.016;0.594;3.569;3.355
2018-12-17;111.817;0.619;5.692;5.417
2018-12-18;111.946;0.602;5.688;5.412
2018-12-19;111.986;0.596;6.49;6.181
2018-12-20;112.103;0.58;6.32;6.009
2018-12-21;111.938;0.599;7.315;6.968
2018-12-24;111.934;0.599;7.496;7.151
2018-12-27;111.962;0.594;8.83;8.409
2018-12-28;111.846;0.608;11.358;10.859
2018-12-31;111.85;0.607;11.238;10.76
2019-01-02;112.209;0.56;12.553;11.99
2019-01-03;112.247;0.553;12.184;11.641
2019-01-04;111.94;0.592;12.03;11.503
2019-01-07;111.738;0.618;13.74;13.156
2019-01-08;111.645;0.63;13.11;12.568
2019-01-09;111.721;0.619;11.426;10.944
2019-01-10;111.943;0.589;9.443;9.016
2019-01-11;111.971;0.584;10.008;9.56
2019-01-14;112.142;0.561;9.227;8.792
2019-01-15;112.292;0.541;9.075;8.637
2019-01-16;112.187;0.554;9.383;8.947
2019-01-17;112.101;0.564;9.575;9.123
2019-01-18;111.932;0.585;9.731;9.275
2019-01-21;111.98;0.579;9.614;9.186
2019-01-22;112.062;0.567;10.092;9.635
2019-01-23;112.123;0.559;11.092;10.625
2019-01-24;112.445;0.515;9.671;9.218
2019-01-25;112.345;0.528;9.919;9.453
2019-01-28;112.283;0.535;10.484;10.04
2019-01-29;112.275;0.535;11.922;11.401
2019-01-30;112.35;0.525;12.054;11.529
2019-01-31;112.628;0.487;12.199;11.616
2019-02-01;112.511;0.502;10.79;10.277
2019-02-04;112.412;0.514;11.323;10.784
2019-02-05;112.41;0.514;11.835;11.272
2019-02-06;112.421;0.512;12.611;12.041
2019-02-07;112.63;0.483;12.76;12.171
2019-02-08;112.688;0.474;14.54;13.854
2019-02-11;112.504;0.498;15.061;14.363
2019-02-12;112.474;0.501;14.416;13.732
2019-02-13;112.56;0.489;12.9;12.298
2019-02-14;112.679;0.472;11.777;11.211
2019-02-15;112.64;0.476;12.368;11.785
2019-02-18;112.598;0.481;12.663;12.047
2019-02-19;112.667;0.472;12.812;12.19
2019-02-20;112.711;0.465;13.182;12.556
2019-02-21;112.555;0.484;12.622;12.027
2019-02-22;112.729;0.46;12.66;12.056
2019-02-25;112.664;0.468;12.717;12.107
2019-02-26;112.638;0.471;12.725;12.111
2019-02-27;112.465;0.493;12.467;11.866
2019-02-28;112.336;0.508;11.373;10.836
2019-03-01;112.268;0.517;11.945;11.415
2019-03-04;112.387;0.5;12.054;11.499
2019-03-05;112.375;0.501;11.904;11.358
2019-03-06;112.73;0.454;10.964;10.431
2019-03-07;113.322;0.375;9.24;8.738
2019-03-08;113.358;0.369;9.09;8.613
2019-03-11;113.397;0.364;8.239;7.782
2019-03-12;113.362;0.367;8.863;8.396
2019-03-13;113.436;0.357;7.245;6.86
2019-03-14;113.342;0.367;6.989;6.629
2019-03-15;113.405;0.359;6.263;5.942
2019-03-18;113.386;0.36;7.604;7.201
2019-03-19;113.335;0.366;7.248;6.822
2019-03-20;113.344;0.365;7.429;7.005
2019-03-21;113.676;0.319;5.93;5.568
2019-03-22;113.964;0.281;5.944;5.58
2019-03-25;113.929;0.285;6.636;6.222
2019-03-26;113.884;0.29;5.974;5.618
2019-03-27;114.392;0.223;6.262;5.859
2019-03-28;114.244;0.24;5.701;5.36
2019-03-29;114.263;0.237;4.424;4.152
2019-04-01;113.868;0.288;7.522;7.074
2019-04-02;114.011;0.268;7.479;7.047
2019-04-03;113.689;0.31;7.407;6.978
2019-04-04;113.85;0.287;6.041;5.674
2019-04-05;113.87;0.283;5.104;4.797
2019-04-08;113.887;0.28;4.997;4.694
2019-04-09;114.019;0.262;4.26;3.999
2019-04-10;114.19;0.239;4.824;4.526
2019-04-11;114.096;0.249;4.535;4.259
2019-04-12;113.637;0.309;5.977;5.637
2019-04-15;113.496;0.327;7.577;7.18
2019-04-16;113.514;0.324;6.512;6.17
2019-04-17;113.467;0.327;5.63;5.32
2019-04-18;113.818;0.28;5.212;4.939
2019-04-23;113.675;0.298;5.646;5.332
2019-04-24;113.986;0.256;5.676;5.361
2019-04-25;113.838;0.274;6.444;6.1
2019-04-26;113.959;0.257;5.384;5.087
2019-04-29;113.855;0.269;5.749;5.436
2019-04-30;113.815;0.274;5.443;5.153
2019-05-02;113.757;0.279;5.631;5.335
2019-05-03;113.762;0.278;4.956;4.693
2019-05-06;113.824;0.269;5.778;5.467
2019-05-07;114.037;0.24;6.128;5.797
2019-05-08;114.007;0.243;6.221;5.89
2019-05-09;113.924;0.252;7.034;6.664
2019-05-10;113.909;0.254;7.262;6.888
2019-05-13;114.006;0.24;7.659;7.252
2019-05-14;114.037;0.235;8.367;7.914
2019-05-15;114.195;0.213;7.432;7.024
2019-05-16;114.226;0.207;5.999;5.666
2019-05-17;114.287;0.198;6.446;6.091
2019-05-20;114.144;0.217;7.468;7.066
2019-05-21;114.027;0.231;8.233;7.801
2019-05-22;114.168;0.212;7.689;7.278
2019-05-23;114.312;0.191;7.896;7.469
2019-05-24;114.316;0.189;7.407;7.003
2019-05-27;114.442;0.172;7.408;6.993
2019-05-28;114.516;0.161;7.671;7.252
2019-05-29;114.657;0.142;7.162;6.785
2019-05-30;114.618;0.145;7.21;6.841
2019-05-31;114.803;0.119;6.556;6.234
2019-06-03;114.796;0.12;7.163;6.832
2019-06-04;114.88;0.108;7.379;7.015
2019-06-05;115.1;0.078;7.831;7.428
2019-06-06;115.218;0.06;5.514;5.294
2019-06-07;115.446;0.029;4.303;4.121
2019-06-10;115.128;0.07;5.974;5.709
2019-06-11;115.214;0.058;6.185;5.929
2019-06-12;115.24;0.054;6.291;6.01
2019-06-13;115.204;0.056;7.084;6.75
2019-06-14;115.312;0.041;6.976;6.652
2019-06-17;115.237;0.05;7.056;6.773
2019-06-18;115.952;-0.045;4.097;3.972
2019-06-19;115.612;-0.001;5.193;5.174
2019-06-20;115.831;-0.033;3.643;3.725
2019-06-21;115.552;0.003;4.232;4.329
2019-06-24;115.722;-0.02;4.113;4.175
2019-06-25;115.875;-0.041;3.898;4.024
2019-06-26;115.693;-0.018;4.067;4.134
2019-06-27;115.804;-0.035;4.676;4.688
2019-06-28;115.86;-0.043;4.824;4.812
2019-07-01;116.113;-0.078;3.816;3.85
2019-07-02;116.163;-0.085;3.735;3.849
2019-07-03;116.369;-0.113;3.363;3.547
2019-07-04;116.51;-0.134;3.352;3.532
2019-07-05;116.225;-0.097;4.198;4.371
2019-07-08;116.108;-0.083;5.967;5.978
2019-07-09;116.015;-0.071;4.716;4.824
2019-07-10;115.843;-0.049;4.26;4.285
2019-07-11;115.593;-0.018;3.584;3.769
2019-07-12;115.332;0.016;6.13;6.196
2019-07-15;115.614;-0.023;5.779;5.793
2019-07-16;115.656;-0.029;6.27;6.285
2019-07-17;115.953;-0.07;5.964;5.988
2019-07-18;116.074;-0.089;5.671;5.679
2019-07-19;116.173;-0.103;6.013;5.961
2019-07-22;116.256;-0.114;5.802;5.828
2019-07-23;116.298;-0.121;5.381;5.432
2019-07-24;116.429;-0.139;5.92;5.924
2019-07-25;116.344;-0.131;6.7;6.657
2019-07-26;116.387;-0.137;5.638;5.645
2019-07-29;116.479;-0.15;5.01;4.97
2019-07-30;116.494;-0.153;4.867;4.847
2019-07-31;116.736;-0.186;4.607;4.63
2019-08-01;116.673;-0.181;6.734;6.599
2019-08-02;116.923;-0.215;7.262;7.056
2019-08-05;116.969;-0.222;7.482;7.24
2019-08-06;117.105;-0.241;6.411;6.31
2019-08-07;117.452;-0.287;5.846;5.773
2019-08-08;117.249;-0.263;7.099;6.938
2019-08-09;117.151;-0.251;9.348;9.006
2019-08-12;117.262;-0.267;8.09;7.905
2019-08-13;117.405;-0.287;7.355;7.18
2019-08-14;117.707;-0.328;8.027;7.823
2019-08-15;118.152;-0.389;10.537;10.029
2019-08-16;117.992;-0.369;12.785;12.238
2019-08-19;117.715;-0.334;10.633;10.287
2019-08-20;117.932;-0.363;9.554;9.246
2019-08-21;117.77;-0.343;7.985;7.887
2019-08-22;117.513;-0.312;7.486;7.438
2019-08-23;117.65;-0.331;8.017;7.84
2019-08-26;117.632;-0.329;8.166;7.874
2019-08-27;117.861;-0.361;8.679;8.418
2019-08-28;117.917;-0.369;10.276;9.874
2019-08-29;117.832;-0.361;10.249;9.782
2019-08-30;117.834;-0.362;10.032;9.644
2019-09-02;117.819;-0.361;10.895;10.428
2019-09-03;117.771;-0.356;11.444;10.996
2019-09-04;117.658;-0.341;10.303;9.932
2019-09-05;117.178;-0.28;10.623;10.262
2019-09-06;117.409;-0.312;10.713;10.252
2019-09-09;117.116;-0.274;11.339;10.777
2019-09-10;116.887;-0.244;12.165;11.605
2019-09-11;117.001;-0.26;10.31;9.827
2019-09-12;116.56;-0.203;9.426;9.272
2019-09-13;116.16;-0.15;9.414;9.156
2019-09-16;116.338;-0.175;10.378;9.931
2019-09-17;116.254;-0.165;12.573;12.014
2019-09-18;116.454;-0.193;12.246;11.702
2019-09-19;116.35;-0.181;12.908;12.319
2019-09-20;116.363;-0.184;12.807;12.152
2019-09-23;116.736;-0.236;12.541;11.855
2019-09-24;116.761;-0.24;13.786;13.04
2019-09-25;116.615;-0.221;12.892;12.246
2019-09-26;116.651;-0.229;11.97;11.348
2019-09-27;116.634;-0.227;11.851;11.218
2019-09-30;116.631;-0.228;11.428;10.875
2019-10-01;116.617;-0.227;12.448;11.786
2019-10-02;116.497;-0.212;13.068;12.326
2019-10-03;116.691;-0.241;12.812;12.055
2019-10-04;116.71;-0.244;12.453;11.745
2019-10-07;116.614;-0.232;12.584;11.9
2019-10-08;116.766;-0.254;11.515;10.83
2019-10-09;116.466;-0.214;11.196;10.594
2019-10-10;115.957;-0.147;13.101;12.413
2019-10-11;115.911;-0.141;10.751;10.146
2019-10-14;115.931;-0.145;11.39;10.768
2019-10-15;115.795;-0.127;10.399;9.946
2019-10-16;115.647;-0.108;9.233;8.866
2019-10-17;115.672;-0.114;10.203;9.718
2019-10-18;115.489;-0.089;9.874;9.463
2019-10-21;115.3;-0.064;10.016;9.603
2019-10-22;115.39;-0.077;10.062;9.635
2019-10-23;115.535;-0.098;10.839;10.327
2019-10-24;115.589;-0.109;9.753;9.249
2019-10-25;115.339;-0.075;9.016;8.602
2019-10-28;115.175;-0.053;9.459;9.025
2019-10-29;115.242;-0.063;9.356;8.899
2019-10-30;115.271;-0.068;8.326;7.913
2019-10-31;115.549;-0.109;8.219;7.75
2019-11-01;115.394;-0.089;9.395;8.897
2019-11-04;115.293;-0.076;8.537;8.09
2019-11-05;115.115;-0.051;8.986;8.539
2019-11-06;115.213;-0.066;8.935;8.472
2019-11-07;114.595;0.018;10.216;9.71
2019-11-08;114.793;-0.011;8.966;8.488
2019-11-11;114.628;0.012;10.326;9.794
2019-11-12;114.678;0.004;10.72;10.14
2019-11-13;114.846;-0.021;11.422;10.798
2019-11-14;115.041;-0.051;11.06;10.42
2019-11-15;114.98;-0.043;10.823;10.199
2019-11-18;114.997;-0.046;10.165;9.585
2019-11-19;114.991;-0.046;10.229;9.628
2019-11-20;115.021;-0.052;10.366;9.747
2019-11-21;114.856;-0.031;11.046;10.381
2019-11-22;115.021;-0.055;10.787;10.12
2019-11-25;114.971;-0.049;10.818;10.148
2019-11-26;115.07;-0.064;10.745;10.066
2019-11-27;115.066;-0.064;11.431;10.737
2019-11-28;115.009;-0.059;11.281;10.634
2019-11-29;114.993;-0.057;10.727;10.091
2019-12-02;114.566;0.002;11.518;10.868
2019-12-03;114.991;-0.059;10.796;10.08
2019-12-04;114.802;-0.033;10.64;9.96
2019-12-05;114.622;-0.01;11.126;10.434
2019-12-06;114.558;-0.002;11.171;10.45
2019-12-09;114.694;-0.022;10.935;10.232
2019-12-10;114.663;-0.019;10.792;10.096
2019-12-11;114.798;-0.039;10.624;9.962
2019-12-12;114.503;0.001;11.647;10.968
2019-12-13;114.627;-0.018;10.593;9.977
2019-12-16;114.602;-0.015;10.254;9.679
2019-12-17;114.65;-0.023;9.691;9.139
2019-12-18;114.382;0.015;10.644;10.1
2019-12-19;114.307;0.023;10.239;9.677
2019-12-20;114.391;0.01;9.597;8.979
2019-12-23;114.304;0.02;9.56;9.035
2019-12-24;114.313;0.016;9.291;8.73
2019-12-27;114.353;0.009;9.506;8.881
2019-12-30;113.934;0.068;10.498;9.84
2019-12-31;113.951;0.065;10.131;9.478
2020-01-02;114.167;0.031;10.592;9.88
2020-01-03;114.463;-0.013;10.553;9.832
2020-01-06;114.45;-0.012;11.724;10.926
2020-01-07;114.459;-0.014;11.933;11.101
2020-01-08;114.255;0.014;11.9;11.164
2020-01-09;114.114;0.032;10.676;10.009
2020-01-10;114.232;0.014;9.902;9.311
2020-01-13;114.008;0.046;10.409;9.736
2020-01-14;114.026;0.042;10.476;9.842
2020-01-15;114.158;0.022;10.232;9.639
2020-01-16;114.236;0.008;10.315;9.667
2020-01-17;114.209;0.011;10.323;9.679
2020-01-20;114.209;0.01;10.664;10.019
2020-01-21;114.334;-0.009;10.731;10.087
2020-01-22;114.405;-0.02;10.227;9.575
2020-01-23;114.688;-0.064;9.272;8.596
2020-01-24;114.786;-0.079;9.567;8.872
2020-01-27;115.059;-0.119;10.305;9.586
2020-01-28;114.849;-0.09;9.99;9.317
2020-01-29;115.045;-0.119;9.046;8.391
2020-01-30;115.182;-0.142;8.758;8.13
2020-01-31;115.38;-0.172;8.122;7.517
2020-02-03;115.409;-0.177;8.166;7.563
2020-02-04;115.184;-0.145;8.396;7.8
2020-02-05;114.999;-0.119;8.404;7.883
2020-02-06;115.033;-0.127;8.019;7.497
2020-02-07;115.143;-0.144;7.927;7.374
2020-02-10;115.299;-0.168;7.385;6.911
2020-02-11;115.202;-0.154;8.028;7.507
2020-02-12;115.173;-0.151;7.697;7.275
2020-02-13;115.182;-0.155;8.307;7.815
2020-02-14;115.288;-0.172;7.941;7.468
2020-02-17;115.292;-0.173;8.087;7.561
2020-02-18;115.281;-0.173;9.123;8.561
2020-02-19;115.364;-0.186;8.558;8.01
2020-02-20;115.488;-0.207;7.732;7.264
2020-02-21;115.378;-0.192;7.525;7.065
2020-02-24;115.553;-0.218;7.949;7.403
2020-02-25;115.643;-0.232;8.397;7.77
2020-02-26;115.573;-0.223;7.959;7.471
2020-02-27;115.663;-0.239;8.166;7.635
2020-02-28;115.845;-0.267;7.675;7.165
2020-03-02;115.998;-0.29;8.382;7.74
2020-03-03;116.119;-0.309;7.555;7.046
2020-03-04;116.139;-0.313;6.87;6.442
2020-03-05;116.25;-0.332;6.096;5.923
2020-03-06;116.137;-0.316;6.925;6.705
2020-03-09;116.321;-0.344;9.418;8.848
2020-03-10;115.84;-0.275;12.29;11.715
2020-03-11;115.871;-0.281;10.073;9.419
2020-03-12;114.696;-0.111;22.902;22.023
2020-03-13;113.924;0.003;24.67;23.558
2020-03-16;113.151;0.118;34.668;32.834
2020-03-17;112.805;0.169;38.472;36.517
2020-03-18;111.969;0.295;38.743;36.987
2020-03-19;112.363;0.233;26.495;25.358
2020-03-20;113.041;0.129;23.324;22.041
2020-03-23;112.997;0.135;26.699;25.184
2020-03-24;112.527;0.205;30.217;28.584
2020-03-25;112.407;0.223;28.813;27.331
2020-03-26;113.665;0.03;16.62;15.423
2020-03-27;114.108;-0.038;16.526;15.328
2020-03-30;114.143;-0.044;15.913;14.762
2020-03-31;113.905;-0.009;19.591;18.265
2020-04-01;113.734;0.016;22.174;20.716
2020-04-02;113.449;0.056;27.375;25.628
2020-04-03;113.315;0.075;29.768;28.056
2020-04-06;113.383;0.064;26.915;25.292
2020-04-07;112.765;0.157;28.802;27.419
2020-04-08;112.582;0.181;31.617;30.134
2020-04-09;112.903;0.131;31.512;29.423
2020-04-14;112.928;0.126;33.121;30.897
2020-04-15;113.131;0.094;33.318;31.201
2020-04-16;113.112;0.095;33.61;31.511
2020-04-17;113.212;0.078;31.919;29.949
2020-04-20;112.981;0.113;32.131;30.292
2020-04-21;112.953;0.116;32.156;30.459
2020-04-22;112.611;0.168;31.63;29.893
2020-04-23;112.965;0.111;28.889;26.953
2020-04-24;113.391;0.045;27.545;25.359
2020-04-27;113.303;0.057;27.719;25.612
2020-04-28;113.466;0.031;27.96;25.621
2020-04-29;113.697;-0.008;25.216;23.095
2020-04-30;114.224;-0.089;23.452;21.313
2020-05-04;114.0;-0.056;25.766;23.546
2020-05-05;114.071;-0.067;25.173;23.098
2020-05-06;113.673;-0.008;28.044;25.812
2020-05-07;113.797;-0.029;26.369;24.215
2020-05-08;113.915;-0.048;24.58;22.709
2020-05-11;113.721;-0.02;27.22;25.258
2020-05-12;113.712;-0.019;27.613;25.668
2020-05-13;113.862;-0.043;25.608;23.742
2020-05-14;113.816;-0.039;26.963;25.089
2020-05-15;113.639;-0.013;28.159;26.241
2020-05-18;113.424;0.019;29.104;27.209
2020-05-19;113.532;0.002;26.789;25.023
2020-05-20;113.666;-0.02;24.701;23.066
2020-05-21;113.79;-0.042;24.139;22.606
2020-05-22;113.695;-0.028;25.094;23.544
2020-05-25;113.742;-0.036;24.343;22.849
2020-05-26;113.432;0.011;26.114;24.566
2020-05-27;113.517;-0.004;24.687;23.336
2020-05-28;113.769;-0.045;21.377;20.139
2020-05-29;113.892;-0.065;21.218;20.085
2020-06-01;113.655;-0.03;22.269;21.128
2020-06-02;113.756;-0.046;21.02;20.092
2020-06-03;113.481;-0.005;22.202;21.157
2020-06-04;113.526;-0.015;20.278;19.376
2020-06-05;113.491;-0.01;20.048;19.291
2020-06-08;113.678;-0.04;19.334;18.581
2020-06-09;113.479;-0.01;20.961;20.121
2020-06-10;113.444;-0.006;21.313;20.413
2020-06-11;113.836;-0.069;20.036;19.09
2020-06-12;114.06;-0.105;17.849;17.112
2020-06-15;114.066;-0.107;18.395;17.675
2020-06-16;114.114;-0.116;16.71;16.091
2020-06-17;114.118;-0.117;17.045;16.445
2020-06-18;114.119;-0.12;18.094;17.481
2020-06-19;114.241;-0.14;16.482;15.993
2020-06-22;114.406;-0.167;15.801;15.522
2020-06-23;114.25;-0.144;16.575;16.359
2020-06-24;114.354;-0.161;15.757;15.622
2020-06-25;114.439;-0.177;14.741;14.554
2020-06-26;114.518;-0.191;14.725;14.614
2020-06-29;114.482;-0.186;14.928;14.805
2020-06-30;114.402;-0.175;15.862;15.846
2020-07-01;114.09;-0.127;18.094;17.867
2020-07-02;114.338;-0.169;15.949;15.835
2020-07-03;114.33;-0.169;15.353;15.352
2020-07-06;114.362;-0.175;14.993;14.97
2020-07-07;114.314;-0.168;14.599;14.637
2020-07-08;114.311;-0.169;14.975;15.062
2020-07-09;114.369;-0.181;15.2;15.294
2020-07-10;114.379;-0.184;15.526;15.61
2020-07-13;114.148;-0.149;15.926;16.04
2020-07-14;114.274;-0.169;15.295;15.419
2020-07-15;114.298;-0.174;15.522;15.626
2020-07-16;114.435;-0.199;14.35;14.57
2020-07-17;114.298;-0.178;15.174;15.404
2020-07-20;114.44;-0.202;13.848;14.12
2020-07-21;114.457;-0.205;14.481;14.729
2020-07-22;114.605;-0.23;13.501;13.766
2020-07-23;114.527;-0.221;13.723;14.098
2020-07-24;114.313;-0.188;14.84;15.175
2020-07-27;114.514;-0.221;13.671;14.063
2020-07-28;114.583;-0.233;13.57;13.954
2020-07-29;114.506;-0.222;13.454;13.921
2020-07-30;114.69;-0.254;13.001;13.513
2020-07-31;114.596;-0.24;13.015;13.567
2020-08-03;114.628;-0.246;12.797;13.409
2020-08-04;114.787;-0.272;11.713;12.402
2020-08-05;114.57;-0.239;12.118;12.753
2020-08-06;114.673;-0.259;11.42;12.051
2020-08-07;114.61;-0.25;11.152;11.796
2020-08-10;114.725;-0.269;10.563;11.287
2020-08-11;114.547;-0.242;10.529;11.293
2020-08-12;114.414;-0.222;11.262;11.955
2020-08-13;114.167;-0.186;12.488;13.142
2020-08-14;114.169;-0.188;13.359;13.901
2020-08-17;114.334;-0.215;12.822;13.372
2020-08-18;114.391;-0.225;12.372;13.011
2020-08-19;114.428;-0.232;12.602;13.209
2020-08-20;114.498;-0.246;12.67;13.215
2020-08-21;114.52;-0.251;13.005;13.428
2020-08-24;114.434;-0.239;13.661;14.11
2020-08-25;114.163;-0.196;14.575;14.964
2020-08-26;114.121;-0.191;14.543;14.922
2020-08-27;114.1;-0.191;13.954;14.287
2020-08-28;114.116;-0.194;14.564;14.914
2020-08-31;114.0;-0.177;15.564;15.914
2020-09-01;114.17;-0.205;14.854;15.086
2020-09-02;114.464;-0.253;13.251;13.631
2020-09-03;114.509;-0.264;12.919;13.232
2020-09-04;114.387;-0.245;14.093;14.335
2020-09-07;114.392;-0.247;14.019;14.349
2020-09-08;114.506;-0.267;13.65;13.948
2020-09-09;114.325;-0.239;13.852;14.191
2020-09-10;114.132;-0.211;14.693;14.907
2020-09-11;114.34;-0.246;14.694;14.856
2020-09-14;114.35;-0.248;14.604;14.756
2020-09-15;114.38;-0.254;13.789;13.983
2020-09-16;114.405;-0.259;13.487;13.658
2020-09-17;114.492;-0.277;12.472;12.666
2020-09-18;114.472;-0.275;12.555;12.748
2020-09-21;114.654;-0.305;12.034;12.185
2020-09-22;114.555;-0.29;11.667;11.901
2020-09-23;114.534;-0.288;11.651;11.858
2020-09-24;114.428;-0.274;12.549;12.692
2020-09-25;114.539;-0.293;12.022;12.121
2020-09-28;114.533;-0.294;11.713;11.847
2020-09-29;114.605;-0.306;11.381;11.538
2020-09-30;114.469;-0.286;12.154;12.294
2020-10-01;114.574;-0.306;10.896;11.083
2020-10-02;114.583;-0.309;11.108;11.159
2020-10-05;114.432;-0.285;12.377;12.475
2020-10-06;114.474;-0.293;11.464;11.508
2020-10-07;114.388;-0.28;12.298;12.315
2020-10-08;114.521;-0.305;11.161;11.174
2020-10-09;114.572;-0.315;10.244;10.308
2020-10-12;114.624;-0.324;10.437;10.448
2020-10-13;114.689;-0.336;10.338;10.338
2020-10-14;114.787;-0.353;9.812;9.867
2020-10-15;114.864;-0.369;9.334;9.385
2020-10-16;114.909;-0.378;8.932;9.039
2020-10-19;114.908;-0.379;9.662;9.663
2020-10-20;114.877;-0.375;7.904;8.034
2020-10-21;114.797;-0.363;8.052;8.152
2020-10-22;114.647;-0.342;9.628;9.581
2020-10-23;114.671;-0.347;8.997;8.965
2020-10-26;114.668;-0.348;9.168;9.108
2020-10-27;114.849;-0.379;8.331;8.355
2020-10-28;114.797;-0.372;9.188;9.118
2020-10-29;114.941;-0.399;7.997;7.911
2020-10-30;114.855;-0.386;8.258;8.182
2020-11-02;114.944;-0.401;6.909;6.855
2020-11-03;114.861;-0.389;7.013;6.945
2020-11-04;114.951;-0.405;6.422;6.38
2020-11-05;114.917;-0.403;7.039;6.899
2020-11-06;114.87;-0.397;7.416;7.222
2020-11-09;114.404;-0.321;9.917;9.616
2020-11-10;114.297;-0.305;9.702;9.372
2020-11-11;114.387;-0.321;9.187;8.872
2020-11-12;114.441;-0.333;9.362;8.986
2020-11-13;114.484;-0.342;9.381;8.957
2020-11-16;114.516;-0.348;8.476;8.105
2020-11-17;114.614;-0.366;7.461;7.133
2020-11-18;114.583;-0.362;7.623;7.272
2020-11-19;114.623;-0.372;7.424;7.031
2020-11-20;114.683;-0.383;7.005;6.61
2020-11-23;114.684;-0.384;6.526;6.148
2020-11-24;114.554;-0.364;7.392;6.949
2020-11-25;114.556;-0.366;7.592;7.118
2020-11-26;114.611;-0.378;7.32;6.842
2020-11-27;114.603;-0.378;7.547;7.064
2020-11-30;114.505;-0.363;8.705;8.159
2020-12-01;114.308;-0.332;10.311;9.675
2020-12-02;114.294;-0.331;10.014;9.386
2020-12-03;114.46;-0.362;8.485;7.972
2020-12-04;114.463;-0.364;8.537;8.03
2020-12-07;114.571;-0.383;8.062;7.584
2020-12-08;114.681;-0.402;7.411;6.997
2020-12-09;114.691;-0.405;7.046;6.703
2020-12-10;114.684;-0.408;7.078;6.731
2020-12-11;114.814;-0.431;6.18;5.858
2020-12-14;114.734;-0.419;6.642;6.313
2020-12-15;114.677;-0.41;7.258;6.863
2020-12-16;114.409;-0.367;9.036;8.594
2020-12-17;114.458;-0.379;8.008;7.571
2020-12-18;114.448;-0.378;7.303;6.941
2020-12-21;114.473;-0.384;6.626;6.282
2020-12-22;114.508;-0.391;6.242;5.995
2020-12-23;114.223;-0.348;8.458;8.066
2020-12-24;114.23;-0.35;8.073;7.708
2020-12-28;114.326;-0.368;7.471;7.068
2020-12-29;114.424;-0.385;6.166;5.886
2020-12-30;114.401;-0.386;6.372;6.05
2020-12-31;114.41;-0.389;6.291;6.006
2021-01-04;114.463;-0.399;8.01;7.649
2021-01-05;114.334;-0.379;9.181;8.68
2021-01-06;114.273;-0.37;8.679;8.293
2021-01-07;114.254;-0.37;7.802;7.416
2021-01-08;114.233;-0.368;7.486;7.18
2021-01-11;114.13;-0.352;8.093;7.709
2021-01-12;113.917;-0.317;9.072;8.702
2021-01-13;114.138;-0.356;8.24;7.923
2021-01-14;114.259;-0.38;7.092;6.861
2021-01-15;114.22;-0.375;7.498;7.196
2021-01-18;114.099;-0.355;8.538;8.193
2021-01-19;114.058;-0.349;8.656;8.25
2021-01-20;114.09;-0.356;8.051;7.744
2021-01-21;113.927;-0.332;8.647;8.271
2021-01-22;113.984;-0.343;8.405;8.034
2021-01-25;114.164;-0.375;7.055;6.693
2021-01-26;114.122;-0.369;6.545;6.26
2021-01-27;114.184;-0.381;6.382;6.074
2021-01-28;114.173;-0.383;6.275;6.014
2021-01-29;114.02;-0.358;7.274;6.947
2021-02-01;113.995;-0.355;7.977;7.585
2021-02-02;113.877;-0.336;8.709;8.262
2021-02-03;113.803;-0.324;8.105;7.642
2021-02-04;113.739;-0.317;7.997;7.605
2021-02-05;113.721;-0.315;7.893;7.495
2021-02-08;113.703;-0.313;7.949;7.525
2021-02-09;113.721;-0.318;8.019;7.594
2021-02-10;113.691;-0.314;7.878;7.492
2021-02-11;113.76;-0.329;7.336;6.983
2021-02-12;113.599;-0.303;8.525;8.078
2021-02-15;113.39;-0.268;9.749;9.236
2021-02-16;113.279;-0.249;9.896;9.361
2021-02-17;113.334;-0.26;9.983;9.48
2021-02-18;113.147;-0.231;11.398;10.843
2021-02-19;113.059;-0.217;10.155;9.678
2021-02-22;113.192;-0.241;9.942;9.438
2021-02-23;113.073;-0.222;10.847;10.336
2021-02-24;112.989;-0.208;12.074;11.481
2021-02-25;112.593;-0.142;13.082;12.566
2021-02-26;112.834;-0.186;9.914;9.533
2021-03-01;113.216;-0.254;8.56;8.109
2021-03-02;113.268;-0.265;8.942;8.485
2021-03-03;113.054;-0.228;8.938;8.543
2021-03-04;113.125;-0.244;8.655;8.305
2021-03-05;113.086;-0.239;7.916;7.57
2021-03-08;113.002;-0.225;7.275;6.92
2021-03-09;113.09;-0.242;6.534;6.292
2021-03-10;113.125;-0.249;6.837;6.546
2021-03-11;113.246;-0.274;5.154;4.949
2021-03-12;113.123;-0.254;5.874;5.583
2021-03-15;113.29;-0.285;4.999;4.755
2021-03-16;113.283;-0.285;5.618;5.365
2021-03-17;113.11;-0.255;5.821;5.592
2021-03-18;113.047;-0.248;5.606;5.382
2021-03-19;113.189;-0.274;4.923;4.666
2021-03-22;113.229;-0.282;4.751;4.55
2021-03-23;113.313;-0.299;4.041;3.868
2021-03-24;113.368;-0.31;3.876;3.672
2021-03-25;113.437;-0.326;4.188;3.943
2021-03-26;113.319;-0.306;4.461;4.205
2021-03-29;113.208;-0.288;4.687;4.412
2021-03-30;113.004;-0.252;6.746;6.396
2021-03-31;113.006;-0.259;5.457;5.103
2021-04-01;113.141;-0.284;5.366;5.053
2021-04-06;113.107;-0.28;5.267;4.999
2021-04-07;113.155;-0.289;5.472;5.166
2021-04-08;113.195;-0.3;5.316;4.996
2021-04-09;113.007;-0.268;6.025;5.729
2021-04-12;112.992;-0.267;5.616;5.321
2021-04-13;113.029;-0.274;4.761;4.569
2021-04-14;112.909;-0.254;4.571;4.295
2021-04-15;112.95;-0.265;5.625;5.328
2021-04-16;112.896;-0.257;4.618;4.364
2021-04-19;112.809;-0.242;4.448;4.243
2021-04-20;112.896;-0.259;4.26;4.085
2021-04-21;112.907;-0.263;4.052;3.884
2021-04-22;112.829;-0.252;4.693;4.235
2021-04-23;112.857;-0.259;3.762;3.599
2021-04-26;112.819;-0.253;3.705;3.541
2021-04-27;112.798;-0.25;3.39;3.258
2021-04-28;112.73;-0.239;3.659;3.5
2021-04-29;112.586;-0.217;3.521;3.381
2021-04-30;112.634;-0.227;3.937;3.782
2021-05-03;112.678;-0.236;2.845;2.744
2021-05-04;112.778;-0.256;3.271;3.118
2021-05-05;112.719;-0.246;4.019;3.874
2021-05-06;112.665;-0.24;4.512;4.242
2021-05-07;112.532;-0.217;5.842;5.55
2021-05-10;112.552;-0.222;5.676;5.373
2021-05-11;112.344;-0.185;6.716;6.394
2021-05-12;112.167;-0.154;8.312;7.898
2021-05-13;112.075;-0.14;9.665;9.202
2021-05-14;112.094;-0.145;9.815;9.316
2021-05-17;112.004;-0.13;10.589;10.075
2021-05-18;111.982;-0.127;9.963;9.479
2021-05-19;111.955;-0.123;9.997;9.513
2021-05-20;112.018;-0.138;8.28;7.882
2021-05-21;112.15;-0.164;7.8;7.413
2021-05-24;112.211;-0.177;7.208;6.841
2021-05-25;112.35;-0.204;5.749;5.448
2021-05-26;112.473;-0.228;5.215;4.943
2021-05-27;112.363;-0.211;4.886;4.654
2021-05-28;112.422;-0.223;4.648;4.449
2021-05-31;112.411;-0.222;4.732;4.548
2021-06-01;112.399;-0.222;4.726;4.58
2021-06-02;112.489;-0.239;4.282;4.141
2021-06-03;112.443;-0.235;3.836;3.715
2021-06-04;112.511;-0.249;3.477;3.359
2021-06-07;112.414;-0.232;4.387;4.218
2021-06-08;112.481;-0.246;4.115;4.001
2021-06-09;112.574;-0.264;3.808;3.723
2021-06-10;112.575;-0.268;3.841;3.732
2021-06-11;112.636;-0.281;3.126;3.106
2021-06-14;112.519;-0.261;4.052;3.997
2021-06-15;112.425;-0.244;4.132;4.064
2021-06-16;112.496;-0.259;4.019;3.923
2021-06-17;112.296;-0.225;6.03;5.776
2021-06-18;112.195;-0.208;7.213;6.88
2021-06-21;112.132;-0.197;5.99;5.694
2021-06-22;112.144;-0.201;5.572;5.306
2021-06-23;112.204;-0.213;5.148;4.917
2021-06-24;112.184;-0.213;5.217;4.977
2021-06-25;112.03;-0.185;6.482;6.25
2021-06-28;112.188;-0.217;4.468;4.309
2021-06-29;112.161;-0.213;3.663;3.536
2021-06-30;112.312;-0.243;2.912;2.862
2021-07-01;112.31;-0.246;2.4;2.358
2021-07-02;112.417;-0.268;2.186;2.118
2021-07-05;112.314;-0.249;2.436;2.374
2021-07-06;112.512;-0.288;1.491;1.461
2021-07-07;112.572;-0.301;2.14;2.061
2021-07-08;112.536;-0.298;2.483;2.421
2021-07-09;112.5;-0.293;2.245;2.186
2021-07-12;112.487;-0.291;2.205;2.14
2021-07-13;112.515;-0.298;0.987;1.004
2021-07-14;112.6;-0.316;0.563;0.608
2021-07-15;112.627;-0.325;-0.284;-0.206
2021-07-16;112.702;-0.34;-1.274;-1.114
2021-07-19;112.747;-0.35;-1.297;-1.147
2021-07-20;112.887;-0.378;-2.639;-2.35
2021-07-21;112.853;-0.373;-3.19;-2.933
2021-07-22;112.957;-0.397;-3.627;-3.338
2021-07-23;112.997;-0.406;-4.524;-4.163
2021-07-26;112.988;-0.406;-4.82;-4.468
2021-07-27;113.032;-0.415;-4.9;-4.471
2021-07-28;113.047;-0.42;-5.57;-5.131
2021-07-29;113.06;-0.426;-6.233;-5.739
2021-07-30;113.101;-0.436;-6.181;-5.697
2021-08-02;113.192;-0.454;-6.704;-6.148
2021-08-03;113.155;-0.449;-5.806;-5.335
2021-08-04;113.236;-0.466;-7.004;-6.404
2021-08-05;113.17;-0.457;-6.706;-6.153
2021-08-06;112.978;-0.422;-5.15;-4.718
2021-08-09;112.939;-0.416;-4.354;-3.951
2021-08-10;112.944;-0.418;-4.26;-3.847
2021-08-11;112.958;-0.423;-3.903;-3.484
2021-08-12;112.917;-0.419;-3.784;-3.424
2021-08-13;112.887;-0.415;-2.889;-2.601
2021-08-16;112.879;-0.415;-3.097;-2.777
2021-08-17;112.864;-0.413;-3.283;-2.943
2021-08-18;112.906;-0.423;-3.467;-3.142
2021-08-19;112.904;-0.427;-3.459;-3.104
2021-08-20;112.924;-0.432;-3.798;-3.424
2021-08-23;112.881;-0.425;-3.538;-3.184
2021-08-24;112.845;-0.42;-2.728;-2.455
2021-08-25;112.657;-0.385;-1.389;-1.188
2021-08-26;112.584;-0.375;-1.277;-1.072
2021-08-27;112.626;-0.384;-1.637;-1.411
2021-08-30;112.669;-0.394;-2.081;-1.832
2021-08-31;112.459;-0.355;-0.45;-0.347
2021-09-01;112.487;-0.362;-1.509;-1.353
2021-09-02;112.531;-0.374;-2.2;-2.048
2021-09-03;112.428;-0.356;-1.542;-1.403
2021-09-06;112.428;-0.357;-1.967;-1.786
2021-09-07;112.199;-0.314;-0.29;-0.203
2021-09-08;112.213;-0.318;-0.585;-0.49
2021-09-09;112.377;-0.354;-2.572;-2.326
2021-09-10;112.25;-0.331;-2.094;-1.881
2021-09-13;112.264;-0.335;-2.669;-2.442
2021-09-14;112.287;-0.341;-2.671;-2.403
2021-09-15;112.165;-0.318;-2.176;-1.932
2021-09-16;112.152;-0.32;-2.784;-2.592
2021-09-17;112.086;-0.309;-3.529;-3.21
2021-09-20;112.191;-0.331;-4.682;-4.276
2021-09-21;112.184;-0.331;-4.852;-4.41
2021-09-22;112.187;-0.333;-4.682;-4.4
2021-09-23;111.931;-0.286;-4.069;-3.784
2021-09-24;111.846;-0.271;-3.756;-3.554
2021-09-27;111.795;-0.262;-3.552;-3.39
2021-09-28;111.725;-0.25;-3.374;-3.136
2021-09-29;111.765;-0.259;-3.597;-3.342
2021-09-30;111.742;-0.258;-3.762;-3.519
2021-10-01;111.833;-0.278;-4.088;-3.871
2021-10-04;111.804;-0.274;-4.039;-3.783
2021-10-05;111.724;-0.259;-3.989;-3.759
2021-10-06;111.705;-0.257;-4.674;-4.339
2021-10-07;111.77;-0.274;-6.417;-6.103
2021-10-08;111.642;-0.25;-7.145;-6.872
2021-10-11;111.528;-0.228;-8.434;-8.073
2021-10-12;111.352;-0.194;-8.097;-7.691
2021-10-13;111.42;-0.209;-8.16;-7.734
2021-10-14;111.634;-0.256;-7.444;-7.137
2021-10-15;111.535;-0.238;-7.306;-6.95
2021-10-18;111.229;-0.177;-7.624;-7.183
2021-10-19;111.126;-0.158;-7.065;-6.678
2021-10-20;111.292;-0.193;-7.284;-6.882
2021-10-21;111.111;-0.16;-8.076;-7.656
2021-10-22;111.038;-0.147;-9.142;-8.685
2021-10-25;111.175;-0.176;-9.925;-9.434
2021-10-26;111.111;-0.164;-9.577;-9.066
2021-10-27;111.211;-0.186;-10.494;-9.841
2021-10-28;110.977;-0.142;-9.48;-8.926
2021-10-29;110.662;-0.079;-9.349;-8.908
2021-11-01;110.728;-0.094;-9.583;-9.11
2021-11-02;111.139;-0.18;-9.974;-9.504
2021-11-03;111.129;-0.179;-10.025;-9.498
2021-11-04;111.555;-0.27;-10.35;-9.846
2021-11-05;111.653;-0.291;-10.469;-9.978
2021-11-08;111.537;-0.269;-11.36;-10.793
2021-11-09;111.666;-0.297;-12.464;-11.858
2021-11-10;111.379;-0.24;-13.999;-13.295
2021-11-11;111.265;-0.221;-16.53;-15.772
2021-11-12;111.472;-0.264;-16.641;-15.834
2021-11-15;111.246;-0.22;-13.155;-12.528
2021-11-16;111.467;-0.266;-16.848;-16.007
2021-11-17;111.446;-0.263;-15.286;-14.497
2021-11-18;111.522;-0.283;-16.103;-15.29
2021-11-19;111.734;-0.328;-16.267;-15.426
2021-11-22;111.448;-0.271;-12.743;-12.098
2021-11-23;111.147;-0.21;-10.998;-10.453
2021-11-24;111.172;-0.217;-11.061;-10.508
2021-11-25;111.2;-0.227;-11.199;-10.66
2021-11-26;111.483;-0.287;-10.644;-10.162
2021-11-29;111.395;-0.27;-11.392;-10.889
2021-11-30;111.341;-0.26;-11.078;-10.568
2021-12-01;111.167;-0.226;-8.166;-7.758
2021-12-02;111.31;-0.26;-9.39;-8.941
2021-12-03;111.337;-0.267;-9.865;-9.433
2021-12-06;111.317;-0.264;-9.707;-9.195
2021-12-07;111.251;-0.252;-10.05;-9.578
2021-12-08;111.044;-0.21;-8.982;-8.557
2021-12-09;111.176;-0.242;-8.521;-8.099
2021-12-10;111.104;-0.228;-7.284;-6.983
2021-12-13;111.191;-0.248;-7.888;-7.447
2021-12-14;111.122;-0.235;-7.522;-7.12
2021-12-15;111.101;-0.232;-9.198;-8.684
2021-12-16;111.067;-0.229;-8.406;-7.987
2021-12-17;111.208;-0.26;-9.739;-9.229
2021-12-20;111.217;-0.264;-10.878;-10.245
2021-12-21;111.004;-0.22;-10.06;-9.487
2021-12-22;110.892;-0.198;-11.113;-10.565
2021-12-23;110.74;-0.171;-10.182;-9.847
2021-12-24;110.739;-0.172;-10.536;-10.073
2021-12-27;110.626;-0.149;-9.796;-9.549
2021-12-28;110.601;-0.145;-10.594;-10.115
2021-12-29;110.466;-0.118;-10.051;-9.643
2021-12-30;110.464;-0.122;-9.672;-9.325
2021-12-31;110.462;-0.123;-9.771;-9.468
2022-01-03;110.265;-0.082;-8.643;-8.338
2022-01-04;110.317;-0.095;-9.434;-9.115
2022-01-05;110.356;-0.104;-9.025;-8.713
2022-01-06;110.196;-0.074;-8.821;-8.61
2022-01-07;110.071;-0.049;-7.743;-7.58
2022-01-10;110.028;-0.041;-7.896;-7.722
2022-01-11;109.933;-0.022;-7.9;-7.744
2022-01-12;110.021;-0.042;-6.181;-6.864
2022-01-13;110.094;-0.062;-7.93;-7.727
2022-01-14;109.912;-0.024;-7.538;-7.357
2022-01-17;109.818;-0.005;-7.64;-7.477
2022-01-18;109.836;-0.01;-7.617;-7.442
2022-01-19;109.818;-0.008;-7.59;-7.441
2022-01-20;109.831;-0.014;-8.314;-8.188
2022-01-21;109.949;-0.041;-9.285;-9.124
2022-01-24;110.071;-0.069;-11.125;-10.808
2022-01-25;109.982;-0.051;-10.353;-10.073
2022-01-26;109.948;-0.045;-10.29;-9.99
2022-01-27;109.781;-0.013;-11.076;-10.923
2022-01-28;109.683;0.007;-10.994;-10.775
2022-01-31;109.301;0.089;-10.071;-9.866
2022-02-01;109.191;0.112;-9.504;-9.412
2022-02-02;109.097;0.132;-10.034;-9.943
2022-02-03;108.434;0.275;-9.243;-8.979
2022-02-04;107.968;0.378;-8.873;-8.981
2022-02-07;107.904;0.391;-10.368;-10.534
2022-02-08;107.782;0.417;-11.686;-11.816
2022-02-09;108.063;0.353;-13.167;-13.352
2022-02-10;107.757;0.418;-16.356;-16.282
2022-02-11;107.715;0.427;-19.258;-19.106
2022-02-14;107.854;0.394;-22.696;-22.543
2022-02-15;107.832;0.398;-18.594;-18.429
2022-02-16;107.917;0.378;-16.957;-16.902
2022-02-17;108.175;0.316;-18.938;-18.657
2022-02-18;108.346;0.277;-20.506;-20.101
2022-02-21;108.167;0.316;-18.355;-18.05
2022-02-22;107.998;0.353;-19.417;-18.845
2022-02-23;107.886;0.377;-19.366;-19.009
2022-02-24;108.181;0.307;-20.988;-20.642
2022-02-25;107.923;0.364;-19.263;-18.978
2022-02-28;108.591;0.212;-22.429;-21.861
2022-03-01;109.72;-0.042;-29.11;-28.209
2022-03-02;108.899;0.14;-22.637;-21.953
2022-03-03;108.854;0.146;-21.226;-20.697
2022-03-04;109.175;0.073;-24.893;-24.176
2022-03-07;108.995;0.112;-24.077;-23.259
2022-03-08;108.66;0.186;-22.58;-21.453
2022-03-09;108.201;0.289;-18.014;-17.654
2022-03-10;107.6;0.423;-16.308;-16.15
2022-03-11;107.603;0.421;-19.225;-19.037
2022-03-14;107.218;0.508;-17.41;-17.296
2022-03-15;107.488;0.445;-19.867;-19.631
2022-03-16;107.177;0.516;-15.907;-15.747
2022-03-17;107.2;0.507;-13.742;-13.627
2022-03-18;107.249;0.495;-15.094;-15.071
2022-03-21;106.888;0.578;-13.413;-13.42
2022-03-22;106.663;0.629;-13.822;-13.91
2022-03-23;106.781;0.6;-13.801;-13.816
2022-03-24;106.5;0.663;-14.509;-14.538
2022-03-25;106.208;0.731;-15.299;-15.307
2022-03-28;106.159;0.741;-16.008;-15.965
2022-03-29;105.829;0.818;-15.516;-15.399
2022-03-30;105.598;0.872;-15.711;-15.587
2022-03-31;105.97;0.781;-14.897;-15.05
2022-04-01;105.872;0.804;-13.797;-14.065
2022-04-04;105.863;0.805;-11.864;-12.185
2022-04-05;105.337;0.93;-9.6;-9.632
2022-04-06;105.358;0.924;-10.792;-10.976
2022-04-07;105.227;0.953;-10.955;-11.207
2022-04-08;104.981;1.011;-12.641;-12.764
2022-04-11;104.729;1.071;-14.82;-14.856
2022-04-12;104.93;1.022;-15.137;-15.447
2022-04-13;105.003;1.0;-15.986;-15.991
2022-04-14;104.944;1.014;-16.942;-17.275
2022-04-19;104.908;1.022;-18.152;-18.392
2022-04-20;104.987;1.002;-17.401;-17.306
2022-04-21;104.522;1.113;-16.894;-16.554
2022-04-22;104.288;1.169;-19.624;-19.354
2022-04-25;104.866;1.027;-18.902;-19.118
2022-04-26;104.898;1.019;-19.628;-19.739
2022-04-27;105.038;0.984;-21.104;-20.889
2022-04-28;104.615;1.085;-21.907;-21.738
2022-04-29;104.469;1.12;-23.659;-23.434
2022-05-02;104.441;1.126;-24.224;-24.238
2022-05-03;104.363;1.145;-25.314;-25.263
2022-05-04;104.323;1.154;-24.74;-24.675
2022-05-05;104.18;1.187;-23.61;-23.606
2022-05-06;103.886;1.259;-26.449;-26.251
2022-05-09;104.176;1.187;-28.425;-28.344
2022-05-10;104.488;1.109;-28.042;-27.825
2022-05-11;104.636;1.072;-26.23;-25.91
2022-05-12;105.185;0.934;-23.507;-23.177
2022-05-13;104.857;1.014;-18.022;-17.776
2022-05-16;104.809;1.025;-17.327;-17.019
2022-05-17;104.327;1.144;-16.555;-16.241
2022-05-18;104.281;1.154;-16.194;-15.961
2022-05-19;104.425;1.116;-19.164;-18.991
2022-05-20;104.52;1.092;-16.471;-16.354
2022-05-23;104.194;1.173;-15.087;-14.976
2022-05-24;104.367;1.129;-13.65;-13.54
2022-05-25;104.51;1.092;-16.279;-16.175
2022-05-26;104.441;1.107;-17.269;-17.141
2022-05-27;104.488;1.095;-17.364;-17.003
2022-05-30;104.112;1.188;-15.499;-15.259
2022-05-31;103.824;1.26;-15.596;-15.624
2022-06-01;103.581;1.321;-16.06;-16.213
2022-06-02;103.321;1.386;-16.724;-17.117
2022-06-03;103.155;1.427;-17.992;-18.476
2022-06-06;103.041;1.456;-16.945;-17.452
2022-06-07;103.107;1.439;-16.619;-17.42
2022-06-08;102.905;1.49;-16.013;-16.72
2022-06-09;102.376;1.625;-14.122;-15.325
2022-06-10;101.76;1.785;-12.52;-13.998
2022-06-13;100.997;1.985;-13.695;-14.98
2022-06-14;100.654;2.075;-17.256;-19.936
2022-06-15;101.303;1.904;-17.206;-19.902
2022-06-16;100.965;1.992;-15.728;-18.888
2022-06-17;101.273;1.911;-16.603;-20.169
2022-06-20;100.953;1.995;-15.809;-19.009
2022-06-21;100.925;2.002;-15.664;-18.919
2022-06-22;101.413;1.873;-17.221;-20.459
2022-06-23;102.35;1.626;-15.426;-18.541
2022-06-24;102.399;1.612;-15.588;-17.87
2022-06-27;101.975;1.723;-16.64;-18.62
2022-06-28;101.69;1.798;-14.679;-16.693
2022-06-29;102.154;1.675;-15.974;-18.496
2022-06-30;102.808;1.503;-13.558;-15.376
2022-07-01;103.383;1.352;-14.207;-15.931
2022-07-04;102.9;1.478;-14.965;-16.723
2022-07-05;103.516;1.317;-16.555;-17.985
2022-07-06;103.7;1.268;-14.949;-16.392
2022-07-07;103.14;1.412;-16.833;-18.51
2022-07-08;103.154;1.408;-16.062;-18.343
2022-07-11;103.558;1.302;-18.04;-20.499
2022-07-12;103.983;1.191;-20.659;-23.279
2022-07-13;103.773;1.245;-20.518;-22.451
2022-07-14;103.526;1.307;-18.267;-20.625
2022-07-15;103.66;1.271;-20.054;-23.898
2022-07-18;103.441;1.328;-19.57;-22.908
2022-07-19;103.102;1.416;-20.182;-23.337
2022-07-20;103.14;1.406;-18.116;-22.378
2022-07-21;102.992;1.443;-17.134;-20.994
2022-07-22;103.894;1.205;-19.249;-24.109
2022-07-25;104.037;1.167;-17.5;-21.615
2022-07-26;104.37;1.08;-19.94;-23.67
2022-07-27;104.135;1.14;-21.612;-24.989
2022-07-28;104.81;0.962;-22.945;-26.954
2022-07-29;104.795;0.965;-24.777;-28.638
2022-08-01;104.867;0.945;-23.954;-28.556
2022-08-02;104.58;1.019;-24.791;-28.413
2022-08-03;104.385;1.069;-24.949;-28.581
2022-08-04;104.629;1.003;-25.699;-29.629
2022-08-05;104.059;1.152;-27.88;-31.358
2022-08-08;104.179;1.119;-27.941;-31.78
2022-08-09;104.078;1.145;-28.35;-31.903
2022-08-10;104.169;1.12;-27.586;-31.816
2022-08-11;103.924;1.183;-25.067;-29.226
2022-08-12;103.674;1.248;-26.545;-30.54
2022-08-15;104.079;1.14;-25.689;-29.232
2022-08-16;103.863;1.197;-24.063;-27.753
2022-08-17;103.302;1.346;-25.006;-28.424
2022-08-18;103.229;1.363;-26.279;-30.303
2022-08-19;102.82;1.473;-28.968;-33.104
2022-08-22;102.542;1.548;-34.504;-39.16
2022-08-23;102.617;1.527;-34.493;-39.056
2022-08-24;102.328;1.605;-33.599;-38.177
2022-08-25;102.528;1.549;-32.259;-36.969
2022-08-26;102.122;1.66;-32.528;-36.274
2022-08-29;101.662;1.786;-34.104;-38.002
2022-08-30;101.555;1.815;-34.475;-39.775
2022-08-31;101.417;1.853;-32.678;-37.847
2022-09-01;101.422;1.85;-31.223;-36.226
2022-09-02;101.646;1.788;-32.061;-37.755
2022-09-05;101.551;1.814;-37.582;-43.158
2022-09-06;101.41;1.853;-37.696;-43.646
2022-09-07;101.576;1.806;-36.515;-42.554
2022-09-08;100.951;1.98;-27.114;-31.963
2022-09-09;100.908;1.992;-25.722;-31.028
2022-09-12;101.012;1.963;-27.222;-32.711
2022-09-13;100.748;2.037;-31.214;-36.637
2022-09-14;100.681;2.055;-33.642;-38.788
2022-09-15;100.34;2.152;-30.084;-35.197
2022-09-16;100.31;2.16;-27.448;-33.151
2022-09-19;100.093;2.222;-26.224;-32.323
2022-09-20;99.702;2.334;-26.714;-32.599
2022-09-21;99.589;2.366;-29.354;-35.595
2022-09-22;99.303;2.449;-33.388;-38.864
2022-09-23;98.964;2.548;-34.615;-40.64
2022-09-26;98.731;2.616;-38.193;-43.67
2022-09-27;98.459;2.696;-36.413;-42.571
2022-09-28;98.963;2.549;-42.084;-48.526
2022-09-29;98.973;2.546;-36.709;-42.04
2022-09-30;99.196;2.482;-38.098;-43.581
2022-10-03;99.839;2.295;-38.431;-44.071
2022-10-04;100.033;2.239;-36.238;-41.631
2022-10-05;99.519;2.388;-37.921;-41.998
2022-10-06;99.276;2.459;-42.171;-47.178
2022-10-07;98.912;2.566;-43.597;-49.061
2022-10-10;98.697;2.63;-43.353;-49.198
2022-10-11;98.807;2.597;-41.614;-47.885
2022-10-12;98.727;2.621;-36.829;-42.994
2022-10-13;98.487;2.693;-34.218;-39.261
2022-10-14;98.279;2.755;-29.553;-34.31
2022-10-17;98.339;2.738;-28.102;-32.684
2022-10-18;98.238;2.768;-23.457;-27.825
2022-10-19;97.792;2.902;-17.387;-21.338
2022-10-20;97.763;2.913;-20.003;-23.573
2022-10-21;97.91;2.869;-15.626;-19.586
2022-10-24;98.088;2.816;-15.197;-19.516
2022-10-25;98.376;2.73;-13.48;-17.452
2022-10-26;98.534;2.683;-13.883;-17.718
2022-10-27;99.112;2.511;-14.028;-18.068
2022-10-28;98.652;2.649;-19.76;-22.078
2022-10-31;98.614;2.66;-21.664;-24.609
2022-11-01;98.588;2.668;-20.68;-23.734
2022-11-02;98.472;2.704;-19.437;-22.538
2022-11-03;98.077;2.824;-18.053;-20.558
2022-11-04;97.924;2.871;-16.749;-19.498
2022-11-07;97.732;2.93;-11.751;-14.301
2022-11-08;97.816;2.905;-9.074;-11.438
2022-11-09;98.125;2.811;-7.037;-9.42
2022-11-10;98.59;2.671;-8.837;-10.673
2022-11-11;98.102;2.82;-2.276;-3.373
2022-11-14;98.131;2.811;-0.664;-2.039
2022-11-15;98.202;2.79;1.482;0.486
2022-11-16;98.517;2.695;-2.419;-3.571
2022-11-17;98.373;2.74;-2.902;-3.558
2022-11-18;98.476;2.708;-5.885;-6.707
2022-11-21;98.515;2.697;-5.822;-6.496
2022-11-22;98.579;2.678;-5.841;-6.418
2022-11-23;98.573;2.68;-6.306;-6.778
2022-11-24;98.731;2.632;-5.956;-6.066
2022-11-25;98.361;2.746;-3.538;-3.674
2022-11-28;98.33;2.756;-2.452;-3.375
2022-11-29;98.587;2.677;-4.585;-5.636
2022-11-30;98.568;2.684;-3.549;-4.092
2022-12-01;99.003;2.551;-6.566;-6.835
2022-12-02;98.777;2.621;-6.27;-6.529
2022-12-05;98.756;2.627;-8.296;-9.001
2022-12-06;98.938;2.572;-8.922;-9.644
2022-12-07;99.071;2.531;-10.598;-11.304
2022-12-08;98.907;2.582;-8.322;-8.991
2022-12-09;98.594;2.679;-4.799;-5.501
2022-12-12;98.514;2.704;-5.96;-7.577
2022-12-13;98.664;2.658;-8.519;-9.344
2022-12-14;98.716;2.642;-6.362;-7.68
2022-12-15;98.009;2.864;-2.945;-3.331
2022-12-16;97.756;2.944;-2.541;-4.109
2022-12-19;97.683;2.967;-1.127;-2.774
2022-12-20;97.393;3.06;0.415;-1.451
2022-12-21;97.363;3.07;-2.764;-5.041
2022-12-22;97.26;3.105;-2.821;-5.358
2022-12-23;97.128;3.148;-4.082;-6.895
2022-12-27;96.781;3.26;-0.609;-2.45
2022-12-28;96.856;3.236;1.512;-1.579
2022-12-29;97.031;3.182;-0.712;-2.779
2022-12-30;96.66;3.303;3.707;2.339
2023-01-02;96.893;3.228;5.403;3.395
2023-01-03;97.019;3.189;7.041;5.231
2023-01-04;97.373;3.076;6.88;4.462
2023-01-05;97.218;3.127;4.965;2.991
2023-01-06;97.479;3.044;4.167;1.675
2023-01-09;97.437;3.058;6.035;3.5
2023-01-10;97.263;3.115;8.066;5.469
2023-01-11;97.607;3.005;5.801;2.643
2023-01-12;97.727;2.968;7.454;5.248
2023-01-13;97.636;2.998;9.744;6.93
2023-01-16;97.695;2.979;9.257;6.625
2023-01-17;98.056;2.864;8.63;5.372
2023-01-18;98.199;2.819;3.514;0.492
2023-01-19;98.06;2.865;2.415;-0.032
2023-01-20;97.788;2.953;3.555;0.794
2023-01-23;97.698;2.983;1.459;-1.742
2023-01-24;97.865;2.929;-0.63;-4.106
2023-01-25;97.878;2.925;0.313;-3.247
2023-01-26;97.701;2.985;1.158;-1.57
2023-01-27;97.663;2.998;0.769;-2.055
2023-01-30;97.339;3.104;3.214;0.272
2023-01-31;97.434;3.074;4.32;0.948
2023-02-01;97.4;3.085;5.044;1.59
2023-02-02;98.042;2.878;3.944;0.296
2023-02-03;97.795;2.959;3.919;0.888
2023-02-06;97.534;3.045;2.245;-0.882
2023-02-07;97.334;3.111;2.407;-0.718
2023-02-08;97.332;3.113;6.495;3.17
2023-02-09;97.389;3.096;5.99;2.688
2023-02-10;97.185;3.164;6.033;3.214
2023-02-13;97.118;3.187;5.549;2.129
2023-02-14;96.891;3.263;3.871;0.427
2023-02-15;96.783;3.3;6.13;1.093
2023-02-16;96.766;3.309;4.536;0.991
2023-02-17;96.848;3.282;3.29;-0.33
2023-02-20;96.758;3.313;4.18;0.81
2023-02-21;96.554;3.383;6.017;1.581
2023-02-22;96.616;3.363;4.301;0.828
2023-02-23;96.707;3.335;1.926;-0.923
2023-02-24;96.427;3.43;1.62;-1.457
2023-02-27;96.31;3.471;-0.075;-3.294
2023-02-28;96.114;3.539;-0.04;-3.699
2023-03-01;95.902;3.612;2.027;-1.771
2023-03-02;95.858;3.631;2.542;-1.05
2023-03-03;95.874;3.626;4.067;1.202
2023-03-06;95.648;3.705;7.446;4.767
2023-03-07;95.742;3.674;5.992;3.093
2023-03-08;95.718;3.684;5.992;2.675
2023-03-09;95.832;3.648;6.85;3.831
2023-03-10;96.258;3.502;3.203;-0.336
2023-03-13;97.29;3.151;-12.872;-18.8
2023-03-14;96.774;3.327;-7.56;-6.879
2023-03-15;97.93;2.936;-17.684;-22.625
2023-03-16;97.482;3.089;-10.637;-11.76
2023-03-17;97.98;2.921;-13.129;-14.92
2023-03-20;98.066;2.893;-10.002;-12.424
2023-03-21;97.432;3.109;-3.245;-3.607
2023-03-22;97.152;3.205;-2.448;-4.005
2023-03-23;97.666;3.032;-6.076;-9.066
2023-03-24;97.983;2.925;-7.75;-11.195
2023-03-27;97.731;3.011;-5.002;-7.103
2023-03-28;97.551;3.073;-3.377;-6.008
2023-03-29;97.422;3.118;-2.422;-5.455
2023-03-30;97.196;3.198;-4.758;-6.907
2023-03-31;97.422;3.121;-7.173;-10.034
2023-04-03;97.483;3.101;-5.234;-8.054
2023-04-04;97.648;3.045;-3.592;-7.026
2023-04-05;97.899;2.962;-5.044;-7.219
2023-04-06;97.83;2.986;-4.836;-6.536
2023-04-11;97.396;3.137;-2.739;-4.24
2023-04-12;97.15;3.223;-1.35;-3.202
2023-04-13;97.189;3.212;-0.685;-2.616
2023-04-14;96.903;3.313;1.45;-0.123
2023-04-17;96.901;3.315;0.31;-2.625
2023-04-18;96.858;3.331;-1.321;-4.048
2023-04-19;96.709;3.384;-2.276;-4.741
2023-04-20;96.911;3.316;-4.427;-6.759
2023-04-21;96.827;3.347;-2.496;-4.231
2023-04-24;96.696;3.394;-2.595;-4.721
2023-04-25;97.089;3.256;-4.655;-7.287
2023-04-26;97.172;3.228;-6.361;-9.228
2023-04-27;97.001;3.292;-3.606;-4.78
2023-04-28;97.427;3.142;-6.36;-8.306
2023-05-02;97.576;3.09;-6.101;-8.39
2023-05-03;97.537;3.105;-5.829;-8.095
2023-05-04;97.929;2.969;-7.075;-9.164
2023-05-05;97.665;3.062;-4.89;-5.779
2023-05-08;97.56;3.1;-5.15;-6.525
2023-05-09;97.517;3.116;-5.293;-6.507
2023-05-10;97.695;3.054;-5.383;-6.68
2023-05-11;97.819;3.012;-6.397;-7.196
2023-05-12;97.671;3.065;-6.427;-7.127
2023-05-15;97.646;3.075;-5.459;-6.375
2023-05-16;97.483;3.134;-4.682;-5.398
2023-05-17;97.385;3.17;-6.663;-7.424
2023-05-18;97.207;3.237;-7.685;-8.182
2023-05-19;97.203;3.239;-7.309;-7.789
2023-05-22;97.09;3.281;-7.515;-8.057
2023-05-23;97.078;3.286;-8.821;-9.384
2023-05-24;97.0;3.315;-7.9;-8.361
2023-05-25;96.879;3.362;-10.899;-11.307
2023-05-26;96.779;3.399;-9.583;-9.73
2023-05-29;96.994;3.322;-11.025;-11.625
2023-05-30;97.32;3.204;-11.675;-12.054
2023-05-31;97.516;3.134;-12.769;-12.618
2023-06-01;97.578;3.114;-11.478;-10.731
2023-06-02;97.329;3.205;-9.792;-9.075
2023-06-05;97.101;3.289;-7.195;-6.633
2023-06-06;97.167;3.266;-6.046;-5.068
2023-06-07;96.925;3.356;-4.956;-4.05
2023-06-08;97.045;3.314;-3.86;-3.152
2023-06-09;97.012;3.327;-3.0;-2.312
2023-06-12;97.024;3.324;;
2023-06-13;96.891;3.374;-3.814;-3.914
2023-06-14;96.826;3.399;-5.233;-5.202
2023-06-15;96.54;3.508;-4.166;-4.054
2023-06-16;96.628;3.477;-6.955;-7.043
2023-06-19;96.53;3.514;-6.667;-7.587
2023-06-20;96.689;3.456;-6.808;-8.283
2023-06-21;96.595;3.492;-6.863;-7.919
2023-06-22;96.376;3.578;-6.086;-6.933
2023-06-23;96.706;3.455;-6.134;-7.547
2023-06-26;96.779;3.429;-6.997;-8.312
2023-06-27;96.607;3.494;-7.735;-9.2
2023-06-28;96.751;3.441;-8.26;-9.973
2023-06-29;96.501;3.539;-9.054;-9.528
2023-06-30;96.514;3.535;-8.904;-9.441
2023-07-03;96.351;3.598;-7.915;-9.108
2023-07-04;96.406;3.578;-7.187;-7.969
2023-07-05;96.401;3.581;-5.641;-6.427
2023-07-06;96.139;3.685;-6.999;-7.304
2023-07-07;96.23;3.651;-7.017;-8.009
2023-07-10;96.161;3.679;-5.962;-7.141
2023-07-11;96.12;3.696;-5.057;-6.264
2023-07-12;96.341;3.613;-3.012;-4.512
2023-07-13;96.546;3.538;-3.759;-4.609
2023-07-14;96.435;3.582;-3.053;-3.706
2023-07-17;96.476;3.567;-2.038;-3.486
2023-07-18;96.733;3.47;-1.485;-3.108
2023-07-19;96.67;3.495;-2.508;-3.466
2023-07-20;96.558;3.541;-4.203;-4.896
2023-07-21;96.65;3.507;-4.815;-5.832
2023-07-24;96.782;3.458;-2.479;-4.241
2023-07-25;96.76;3.467;-1.786;-3.386
2023-07-26;96.584;3.536;-2.826;-4.12
2023-07-27;96.706;3.493;-2.687;-3.667
2023-07-28;96.753;3.476;-3.258;-4.209
2023-07-31;96.778;3.467;-2.186;-3.11
2023-08-01;96.707;3.496;-0.384;-1.573
2023-08-02;96.828;3.45;-2.004;-3.233
2023-08-03;96.78;3.472;-2.82;-3.423
2023-08-04;96.816;3.459;-4.23;-4.661
2023-08-07;96.873;3.438;-6.294;-7.556
2023-08-08;97.065;3.364;-8.206;-8.9
2023-08-09;96.99;3.395;-6.889;-7.607
2023-08-10;96.927;3.422;-7.12;-7.172
2023-08-11;96.747;3.494;-7.269;-7.074
2023-08-14;96.687;3.519;-6.227;-6.997
2023-08-15;96.606;3.552;-5.819;-6.401
2023-08-16;96.667;3.529;-5.365;-6.328
2023-08-17;96.557;3.576;-5.599;-5.221
2023-08-18;96.742;3.504;-5.872;-5.72
2023-08-21;96.566;3.575;-4.599;-4.583
2023-08-22;96.663;3.538;-3.274;-3.582
2023-08-23;96.967;3.419;-3.413;-4.321
2023-08-24;97.004;3.408;-4.756;-4.752
2023-08-25;96.822;3.481;-4.279;-4.212
2023-08-28;96.783;3.497;-3.585;-3.74
2023-08-29;96.834;3.478;-1.198;-1.622
2023-08-30;96.769;3.505;-0.861;-1.132
2023-08-31;97.015;3.411;-1.639;-2.469
2023-09-01;96.92;3.45;-1.258;-0.794
2023-09-04;96.844;3.481;0.702;0.155
2023-09-05;96.792;3.503;2.947;2.333
2023-09-06;96.631;3.569;4.271;4.495
2023-09-07;96.724;3.536;2.477;3.129
2023-09-08;96.738;3.531;2.359;2.88
2023-09-11;96.695;3.55;3.257;2.891
2023-09-12;96.629;3.578;2.845;2.831
2023-09-13;96.533;3.618;2.956;2.736
2023-09-14;96.638;3.579;3.821;3.831
2023-09-15;96.486;3.642;6.42;5.961
2023-09-18;96.395;3.681;5.508;5.01
2023-09-19;96.328;3.71;6.395;5.692
2023-09-20;96.42;3.673;5.672;4.914
2023-09-21;96.414;3.68;3.7;3.5
2023-09-22;96.434;3.673;3.519;3.159
2023-09-25;96.464;3.662;4.819;3.015
2023-09-26;96.459;3.666;4.791;3.578
2023-09-27;96.389;3.696;6.133;4.236
2023-09-28;96.27;3.749;4.483;3.674
2023-09-29;96.488;3.661;2.465;1.519
2023-10-02;96.426;3.688;3.431;1.578
2023-10-03;96.45;3.679;1.966;0.213
2023-10-04;96.522;3.651;2.201;0.442
2023-10-05;96.619;3.615;1.388;0.598
2023-10-06;96.618;3.617;3.662;2.8
2023-10-09;96.837;3.527;3.576;3.043
2023-10-10;96.786;3.55;4.262;3.653
2023-10-11;96.767;3.559;2.873;3.041
2023-10-12;96.648;3.613;2.145;2.194
2023-10-13;96.666;3.606;3.133;2.488
2023-10-16;96.639;3.619;3.747;3.354
2023-10-17;96.425;3.71;5.03;4.523
2023-10-18;96.368;3.736;5.495;5.969
2023-10-19;96.355;3.746;5.414;5.831
2023-10-20;96.545;3.667;4.503;4.243
2023-10-23;96.545;3.669;5.905;5.874
2023-10-24;96.637;3.631;6.099;6.068
2023-10-25;96.565;3.663;7.681;7.833
2023-10-26;96.712;3.605;7.695;8.118
2023-10-27;96.812;3.564;8.16;8.575
2023-10-30;96.876;3.539;8.475;8.069
2023-10-31;96.892;3.533;9.068;8.886
2023-11-01;96.992;3.492;10.508;10.564
2023-11-02;97.013;3.487;10.083;10.961
2023-11-03;97.117;3.444;10.047;11.028
2023-11-06;97.0;3.495;11.514;12.026
2023-11-07;97.063;3.47;10.788;11.074
2023-11-08;97.071;3.468;9.798;10.115
2023-11-09;97.082;3.467;8.989;9.822
2023-11-10;96.952;3.524;10.154;10.945
2023-11-13;96.923;3.537;10.115;10.547
2023-11-14;97.195;3.422;7.845;7.851
2023-11-15;97.137;3.448;8.285;8.564
2023-11-16;97.301;3.382;6.255;6.687
2023-11-17;97.254;3.403;6.873;7.362
2023-11-20;97.166;3.442;9.199;9.627
2023-11-21;97.259;3.403;8.11;8.378
2023-11-22;97.185;3.437;7.649;7.938
2023-11-23;97.114;3.471;7.142;7.462
2023-11-24;97.06;3.496;7.9;8.221
2023-11-27;97.292;3.397;6.767;7.562
2023-11-28;97.411;3.346;7.266;8.631
2023-11-29;97.605;3.264;7.035;7.871
2023-11-30;97.596;3.271;9.083;10.558
2023-12-01;97.909;3.136;8.903;10.841
2023-12-04;97.884;3.148;10.425;13.484
2023-12-05;98.09;3.06;8.8;11.547
2023-12-06;98.129;3.044;7.739;10.525
2023-12-07;98.178;3.026;7.155;10.213
2023-12-08;97.951;3.125;9.947;13.393
2023-12-11;97.916;3.141;10.993;13.699
2023-12-12;97.927;3.137;11.571;14.209
2023-12-13;98.045;3.087;10.945;13.82
2023-12-14;98.311;2.974;9.271;12.548
2023-12-15;98.464;2.908;10.168;13.903
2023-12-18;98.358;2.955;9.749;13.371
2023-12-19;98.468;2.908;9.361;12.195
2023-12-20;98.612;2.846;7.848;10.687
2023-12-21;98.68;2.819;5.048;9.399
2023-12-22;98.765;2.783;4.868;9.232
2023-12-27;98.844;2.749;4.925;8.009
2023-12-28;98.866;2.741;5.182;9.762
2023-12-29;98.784;2.778;5.363;10.385
2024-01-02;98.665;2.831;9.46;12.735
2024-01-03;98.729;2.803;9.659;12.508
2024-01-04;98.449;2.929;10.597;14.725
2024-01-05;98.343;2.977;11.424;15.054
2024-01-08;98.381;2.961;12.641;14.929
2024-01-09;98.256;3.018;12.637;15.553
2024-01-10;98.158;3.063;14.126;17.096
2024-01-11;98.208;3.043;13.445;16.799
2024-01-12;98.44;2.94;13.578;17.087
2024-01-15;98.292;3.007;15.798;19.226
2024-01-16;98.277;3.015;16.593;20.033
2024-01-17;98.071;3.109;16.25;20.244
2024-01-18;98.095;3.101;15.119;18.526
2024-01-19;98.008;3.141;13.308;17.272
2024-01-22;98.123;3.09;14.443;17.121
2024-01-23;98.065;3.117;14.574;16.549
2024-01-24;98.077;3.113;14.472;16.77
2024-01-25;98.282;3.022;13.61;16.433
2024-01-26;98.256;3.035;13.857;17.238
2024-01-29;98.399;2.97;14.088;16.152
2024-01-30;98.308;3.013;14.362;17.481
2024-01-31;98.527;2.913;11.198;13.727
2024-02-01;98.463;2.945;11.128;14.626
2024-02-02;98.226;3.055;12.568;16.736
2024-02-05;98.127;3.102;12.926;14.934
2024-02-06;98.158;3.088;13.224;14.659
2024-02-07;98.067;3.132;14.532;16.669
2024-02-08;98.008;3.162;13.864;16.983
2024-02-09;97.874;3.226;15.251;18.432
2024-02-12;97.934;3.199;17.138;19.297
2024-02-13;97.782;3.271;17.76;20.55
2024-02-14;97.864;3.234;18.153;20.348
2024-02-15;97.844;3.247;17.257;19.588
2024-02-16;97.724;3.305;17.045;20.285
2024-02-19;97.751;3.293;17.477;19.291
2024-02-20;97.846;3.25;17.547;18.757
2024-02-21;97.683;3.328;18.927;20.908
2024-02-22;97.605;3.369;17.439;20.568
2024-02-23;97.722;3.315;17.915;20.715
2024-02-26;97.588;3.38;17.962;20.538
2024-02-27;97.57;3.39;18.767;20.72
2024-02-28;97.613;3.371;17.387;19.267
2024-02-29;97.664;3.35;16.027;18.891
2024-03-01;97.674;3.347;16.437;19.575
2024-03-04;97.66;3.355;18.85;21.067
2024-03-05;97.764;3.306;17.904;19.888
2024-03-06;97.77;3.305;18.74;20.739
2024-03-07;97.837;3.276;17.648;20.256
2024-03-08;98.012;3.193;16.157;18.533
2024-03-11;97.9;3.248;18.49;20.58
2024-03-12;97.845;3.276;18.261;20.061
2024-03-13;97.786;3.306;17.858;19.861
2024-03-14;97.709;3.348;17.25;19.786
2024-03-15;97.654;3.376;16.729;19.467
2024-03-18;97.674;3.367;16.185;18.062
2024-03-19;97.755;3.329;14.61;16.32
2024-03-20;97.741;3.337;14.355;16.023
2024-03-21;97.851;3.287;13.195;15.286
2024-03-22;97.902;3.264;15.02;17.528
2024-03-25;97.779;3.326;16.957;19.332
2024-03-26;97.814;3.31;17.061;18.741
2024-03-27;97.901;3.273;15.95;18.917
2024-03-28;97.877;3.286;16.193;19.531
2024-04-02;97.872;3.29;17.532;19.158
2024-04-03;97.837;3.309;17.806;19.828
2024-04-04;97.854;3.305;16.431;18.832
2024-04-05;97.834;3.316;15.474;18.137
2024-04-08;97.745;3.362;16.434;18.164
2024-04-09;97.813;3.329;16.351;17.46
2024-04-10;97.667;3.404;16.141;18.474
2024-04-11;97.687;3.399;12.979;15.86
2024-04-12;97.901;3.292;11.39;13.266
2024-04-15;97.786;3.351;12.759;14.813
2024-04-16;97.747;3.373;10.098;11.641
2024-04-17;97.741;3.377;11.511;12.973
2024-04-18;97.689;3.408;10.527;12.991
2024-04-19;97.654;3.428;11.251;13.748
2024-04-22;97.741;3.385;11.034;12.22
2024-04-23;97.709;3.402;11.749;13.094
2024-04-24;97.62;3.45;11.802;13.425
2024-04-25;97.543;3.494;11.145;14.034
2024-04-26;97.609;3.462;10.795;12.929
2024-04-29;97.674;3.431;11.775;13.469
2024-04-30;97.546;3.499;10.847;13.191
2024-05-02;97.655;3.448;9.778;11.342
2024-05-03;97.776;3.386;10.728;12.543
2024-05-06;97.794;3.378;11.719;12.954
2024-05-07;97.833;3.36;11.251;12.084
2024-05-08;97.785;3.386;10.918;12.021
2024-05-09;97.774;3.397;10.907;12.257
2024-05-10;97.722;3.425;11.46;13.056
2024-05-13;97.754;3.41;11.583;12.47
2024-05-14;97.71;3.435;11.326;12.236
2024-05-15;97.885;3.344;10.513;11.206
2024-05-16;97.836;3.375;10.574;11.515
2024-05-17;97.748;3.423;9.955;10.946
2024-05-20;97.747;3.425;10.147;10.854
2024-05-21;97.782;3.408;10.318;10.959
2024-05-22;97.726;3.439;9.734;10.36
2024-05-23;97.615;3.504;10.231;10.741
2024-05-24;97.614;3.506;9.373;9.752
2024-05-27;97.702;3.461;8.732;9.224
2024-05-28;97.667;3.481;9.131;10.323
2024-05-29;97.598;3.52;9.861;10.571
2024-05-30;97.653;3.495;10.102;11.235
2024-05-31;97.617;3.516;10.191;11.725
2024-06-03;97.744;3.449;10.164;11.262
2024-06-04;97.794;3.423;10.846;11.929
2024-06-05;97.827;3.407;10.033;11.508
2024-06-06;97.774;3.441;9.648;11.411
2024-06-07;97.661;3.504;10.648;12.75
2024-06-10;97.572;3.554;13.788;15.389
2024-06-11;97.633;3.522;13.835;15.263
2024-06-12;97.764;3.452;14.454;15.635
2024-06-13;97.855;3.407;11.598;13.709
2024-06-14;97.903;3.382;14.785;17.234
2024-06-17;97.827;3.426;17.466;20.133
2024-06-18;97.851;3.414;18.931;21.98
2024-06-19;97.836;3.424;18.232;21.236
2024-06-20;97.818;3.439;17.405;21.409
2024-06-21;97.858;3.418;18.556;22.279
2024-06-24;97.855;3.421;19.057;22.757
2024-06-25;97.879;3.41;18.154;21.536
2024-06-26;97.844;3.431;18.243;21.449
2024-06-27;97.854;3.43;17.075;21.179
2024-06-28;97.811;3.456;18.301;22.37
2024-07-01;97.741;3.497;19.467;22.834
2024-07-02;97.786;3.473;19.764;23.113
2024-07-03;97.792;3.471;19.69;22.708
2024-07-04;97.786;3.48;17.822;21.722
2024-07-05;97.913;3.41;15.571;19.364
2024-07-08;97.913;3.411;15.953;18.628
2024-07-09;97.861;3.443;17.458;20.517
2024-07-10;97.935;3.402;16.362;18.803
2024-07-11;98.117;3.303;14.448;17.755
2024-07-12;98.065;3.335;15.324;18.939
2024-07-15;98.123;3.303;15.093;18.3
2024-07-16;98.193;3.264;15.374;18.406
2024-07-17;98.172;3.278;15.494;18.946
2024-07-18;98.197;3.268;13.916;18.335
2024-07-19;98.184;3.277;14.097;18.161
2024-07-22;98.114;3.319;15.089;18.266
2024-07-23;98.198;3.272;15.137;17.803
2024-07-24;98.304;3.212;14.021;15.972
2024-07-25;98.346;3.192;13.221;16.668
2024-07-26;98.375;3.176;13.123;17.261
2024-07-29;98.416;3.154;13.938;16.825
2024-07-30;98.483;3.117;14.889;17.712
2024-07-31;98.521;3.096;14.611;17.506
2024-08-01;98.603;3.052;14.771;18.735
2024-08-02;98.758;2.963;14.084;16.944
2024-08-05;98.76;2.962;16.391;19.408
2024-08-06;98.72;2.987;15.926;21.832
2024-08-07;98.717;2.99;14.852;18.866
2024-08-08;98.743;2.978;13.5;17.882
2024-08-09;98.76;2.969;13.233;18.678
2024-08-12;98.766;2.966;14.778;18.885
2024-08-13;98.853;2.916;14.662;18.36
2024-08-14;98.844;2.922;15.169;19.822
2024-08-15;98.693;3.015;13.198;21.039
2024-08-16;98.73;2.994;14.331;21.025
2024-08-19;98.739;2.99;14.35;19.63
2024-08-20;98.786;2.963;14.834;19.679
2024-08-21;98.87;2.914;14.058;19.068
2024-08-22;98.812;2.952;13.194;19.151
2024-08-23;98.861;2.923;12.839;19.284
2024-08-26;98.83;2.943;13.801;18.862
2024-08-27;98.803;2.96;15.79;20.815
2024-08-28;98.827;2.947;15.75;20.519
2024-08-29;98.892;2.911;14.156;19.763
2024-08-30;98.834;2.947;14.482;21.256
2024-09-02;98.795;2.971;16.468;22.152
2024-09-03;98.848;2.94;15.781;20.942
2024-09-04;98.943;2.884;15.924;19.657
2024-09-05;98.989;2.859;14.796;20.838
2024-09-06;99.09;2.798;14.689;20.113
2024-09-09;99.127;2.776;15.641;21.627
2024-09-10;99.191;2.738;15.06;21.03
2024-09-11;99.233;2.713;14.003;19.218
2024-09-12;99.143;2.77;13.599;20.336
2024-09-13;99.184;2.746;14.632;20.647
2024-09-16;99.219;2.725;15.995;20.777
2024-09-17;99.165;2.759;15.16;20.068
2024-09-18;99.108;2.795;14.863;20.892
2024-09-19;99.172;2.758;14.749;20.999
2024-09-20;99.162;2.765;15.128;22.708
2024-09-23;99.277;2.694;16.595;21.439
2024-09-24;99.367;2.639;15.909;19.979
2024-09-25;99.336;2.659;16.675;21.818
2024-09-26;99.327;2.666;17.641;22.945
2024-09-27;99.413;2.613;16.834;21.538
2024-09-30;99.438;2.598;17.612;22.24
2024-10-01;99.517;2.549;15.915;20.042
2024-10-02;99.503;2.558;15.427;19.422
2024-10-03;99.458;2.588;14.058;19.333
2024-10-04;99.295;2.692;13.187;19.793
2024-10-07;99.237;2.73;13.501;19.331
2024-10-08;99.257;2.718;14.522;20.057
2024-10-09;99.206;2.751;14.32;20.529
2024-10-10;99.247;2.727;13.434;19.528
2024-10-11;99.254;2.723;15.139;20.959
2024-10-14;99.232;2.738;16.399;21.117
2024-10-15;99.305;2.692;17.842;22.448
2024-10-16;99.353;2.662;17.569;21.449
2024-10-17;99.398;2.635;17.449;21.502
2024-10-18;99.471;2.588;17.57;20.79
2024-10-21;99.36;2.661;20.415;24.589
2024-10-22;99.337;2.676;20.406;24.818
2024-10-23;99.456;2.599;19.125;21.834
2024-10-24;99.488;2.58;19.375;23.135
2024-10-25;99.443;2.61;20.841;25.171
2024-10-28;99.473;2.591;21.623;24.398
2024-10-29;99.439;2.614;22.838;25.981
2024-10-30;99.305;2.703;21.642;26.441
2024-10-31;99.285;2.719;21.053;26.292
2024-11-01;99.352;2.675;19.118;22.713
2024-11-04;99.284;2.721;22.285;24.886
2024-11-05;99.24;2.751;22.013;24.718
2024-11-06;99.392;2.651;24.493;26.14
2024-11-07;99.362;2.673;25.585;28.543
2024-11-08;99.392;2.653;26.245;29.385
2024-11-11;99.453;2.613;27.488;29.427
2024-11-12;99.449;2.616;28.227;30.459
2024-11-13;99.444;2.62;28.317;30.704
2024-11-14;99.537;2.559;28.14;29.978
2024-11-15;99.519;2.572;29.117;30.852
2024-11-18;99.455;2.616;28.23;30.34
2024-11-19;99.477;2.602;27.569;29.441
2024-11-20;99.483;2.598;25.794;27.272
2024-11-21;99.499;2.589;25.068;26.022
2024-11-22;99.69;2.458;22.677;23.04
2024-11-25;99.634;2.497;25.328;25.789
2024-11-26;99.616;2.51;115.914;26.81
2024-11-27;99.566;2.545;28.606;28.396
2024-11-28;99.638;2.497;26.798;25.978
2024-11-29;99.726;2.436;24.951;24.501
2024-12-02;99.79;2.392;25.335;25.12
2024-12-03;99.748;2.421;25.995;27.44
2024-12-04;99.737;2.429;24.525;26.018
2024-12-05;99.684;2.467;24.377;25.659
2024-12-06;99.718;2.444;22.654;23.552
2024-12-09;99.724;2.44;23.712;23.966
2024-12-10;99.79;2.394;20.883;20.872
2024-12-11;99.802;2.385;20.721;20.562
2024-12-12;99.718;2.446;21.298;21.819
2024-12-13;99.635;2.506;22.214;23.597
2024-12-16;99.641;2.502;24.394;24.306
2024-12-17;99.635;2.507;24.394;23.881
2024-12-18;99.649;2.497;24.726;24.541
2024-12-19;99.629;2.513;23.8;24.996
2024-12-20;99.656;2.494;23.516;25.246
2024-12-23;99.638;2.508;22.092;24.584
2024-12-24;99.645;2.505;21.413;24.887
2024-12-27;99.631;2.516;23.316;26.361
2024-12-30;99.655;2.499;23.638;26.239
2024-12-31;99.657;2.498;22.911;25.539
2025-01-02;99.617;2.529;23.516;26.675
2025-01-03;99.54;2.587;24.384;28.273
2025-01-06;99.502;2.616;24.144;26.135
2025-01-07;99.494;2.623;25.781;26.059
2025-01-08;99.483;2.632;26.082;26.017
2025-01-09;99.452;2.657;26.287;27.099
2025-01-10;99.389;2.706;26.537;27.984
2025-01-13;99.382;2.712;26.797;26.72
2025-01-14;99.371;2.722;26.498;25.258
2025-01-15;99.461;2.654;24.262;23.751
2025-01-16;99.515;2.615;22.558;22.179
2025-01-17;99.542;2.595;20.958;21.267
2025-01-20;99.545;2.594;20.365;20.447
2025-01-21;99.566;2.578;19.566;19.814
2025-01-22;99.554;2.588;19.389;20.618
2025-01-23;99.543;2.599;19.478;21.613
2025-01-24;99.489;2.641;19.225;21.978
2025-01-27;99.53;2.61;18.499;19.228
2025-01-28;99.523;2.616;18.145;19.141
2025-01-29;99.512;2.626;18.506;19.22
2025-01-30;99.604;2.556;17.542;18.611
2025-01-31;99.705;2.477;16.507;17.149
2025-02-03;99.804;2.4;15.644;15.72
2025-02-04;99.798;2.405;14.031;16.299
2025-02-05;99.792;2.41;14.315;16.753
2025-02-06;99.8;2.405;14.259;17.673
2025-02-07;99.816;2.392;13.037;16.512
2025-02-10;99.842;2.372;13.652;15.51
2025-02-11;99.782;2.42;14.249;16.065
2025-02-12;99.726;2.465;14.267;16.279
2025-02-13;99.794;2.412;12.545;14.44
2025-02-14;99.777;2.426;11.692;13.503
2025-02-17;99.758;2.442;12.31;13.611
2025-02-18;99.78;2.424;10.793;12.394
2025-02-19;99.754;2.446;9.712;12.119
2025-02-20;99.779;2.427;9.589;13.132
2025-02-21;99.822;2.392;8.644;12.146
2025-02-24;99.843;2.375;9.15;12.149
2025-02-25;99.874;2.35;8.744;11.934
2025-02-26;99.858;2.363;9.31;13.151
2025-02-27;99.893;2.335;9.181;13.535
2025-02-28;99.897;2.332;9.339;14.774
2025-03-03;99.844;2.376;10.232;16.413
2025-03-04;99.884;2.343;9.16;14.156
2025-03-05;99.736;2.467;9.845;16.184
2025-03-06;99.757;2.451;7.808;13.473
2025-03-07;99.755;2.453;7.378;12.445
2025-03-10;99.785;2.428;7.617;12.221
2025-03-11;99.803;2.414;7.892;11.602
2025-03-12;99.788;2.427;7.997;12.77
2025-03-13;99.822;2.399;7.532;12.072
2025-03-14;99.827;2.395;6.916;10.231
2025-03-17;99.825;2.397;6.353;8.437
2025-03-18;99.83;2.393;6.258;8.524
2025-03-19;99.816;2.406;6.556;8.854
2025-03-20;99.837;2.389;5.877;9.083
2025-03-21;99.874;2.357;4.517;8.05
2025-03-24;99.902;2.332;4.213;5.936
2025-03-25;99.887;2.346;3.989;6.238
2025-03-26;99.917;2.32;2.316;4.555
2025-03-27;99.961;2.281;2.753;5.014
2025-03-28;99.979;2.266;3.6;6.286
2025-03-31;99.95;2.291;4.561;7.506
2025-04-01;99.982;2.263;3.655;7.384
2025-04-02;99.969;2.275;4.13;7.09
2025-04-03;100.034;2.217;2.676;6.857
2025-04-04;100.102;2.156;2.875;7.289
2025-04-07;100.141;2.12;1.736;3.426
2025-04-08;100.102;2.155;3.753;9.338
2025-04-09;100.195;2.071;2.675;4.292
2025-04-10;100.135;2.125;2.495;8.664
2025-04-11;100.143;2.117;0.671;4.051
2025-04-14;100.161;2.1;2.807;6.214
2025-04-15;100.169;2.093;3.631;6.625
2025-04-16;100.175;2.085;2.517;7.323
2025-04-17;100.25;2.015;2.971;7.049
2025-04-22;100.273;1.993;4.109;4.811
2025-04-23;100.221;2.041;4.55;8.757
2025-04-24;100.286;1.979;1.402;3.769
2025-04-25;100.273;1.99;1.034;3.042
2025-04-28;100.262;2.0;0.399;2.004
2025-04-29;100.264;1.997;1.137;3.048
2025-04-30;100.281;1.979;1.829;3.731
2025-05-02;100.234;2.023;2.374;4.005
2025-05-05;100.253;2.005;0.841;1.352
2025-05-06;100.27;1.988;1.213;1.538
2025-05-07;100.286;1.972;0.305;0.561
2025-05-08;100.25;2.005;0.385;1.853
2025-05-09;100.25;2.004;0.283;2.183
2025-05-12;100.156;2.096;2.34;4.352
2025-05-13;100.151;2.1;1.949;3.577
2025-05-14;100.133;2.118;1.753;2.941
2025-05-15;100.182;2.068;-0.072;0.738
2025-05-16;100.205;2.045;-0.802;-0.152
2025-05-19;100.211;2.038;0.045;0.699
2025-05-20;100.211;2.038;0.034;0.467
2025-05-21;100.197;2.051;1.032;1.496
2025-05-22;100.221;2.026;0.196;0.285
2025-05-23;100.272;1.973;-1.304;-1.203
2025-05-26;100.261;1.984;-0.816;-0.212
2025-05-27;100.245;1.999;1.199;2.906
2025-05-28;100.239;2.005;1.069;3.479
2025-05-29;100.244;1.997;1.632;3.42
2025-05-30;100.237;2.004;1.173;2.316
2025-06-02;100.229;2.011;2.021;3.335
2025-06-03;100.237;2.002;1.395;2.132
2025-06-04;100.258;1.979;-0.879;0.285
2025-06-05;100.202;2.036;0.708;3.218
2025-06-06;100.197;2.04;0.559;3.617
2025-06-09;100.219;2.016;-0.728;1.099
2025-06-10;100.233;2.001;-1.883;0.378
2025-06-11;100.226;2.007;-1.299;0.662
2025-06-12;100.238;1.992;-1.179;1.136
2025-06-13;100.209;2.022;-1.497;0.808
2025-06-16;100.212;2.018;-0.34;1.542
2025-06-17;100.185;2.047;1.015;2.055
2025-06-18;100.198;2.032;0.287;1.662
2025-06-19;100.2;2.027;0.323;3.137
2025-06-20;100.179;2.05;1.329;4.848
2025-06-23;100.195;2.031;0.75;3.557
2025-06-24;100.203;2.022;-0.19;2.235
2025-06-25;100.206;2.018;0.245;2.81
2025-06-26;100.21;2.011;0.665;3.938
2025-06-27;100.187;2.036;1.515;5.143
2025-06-30;100.187;2.035;2.094;3.927
2025-07-01;100.195;2.025;1.345;2.769
2025-07-02;100.193;2.027;1.195;3.741
2025-07-03;100.207;2.008;0.448;3.81
2025-07-04;100.214;2.0;0.388;4.128
2025-07-07;100.214;1.999;0.105;2.97
2025-07-08;100.2;2.014;0.219;3.235
2025-07-09;100.208;2.004;-0.353;0.807
2025-07-10;100.191;2.021;-0.332;0.865
2025-07-11;100.185;2.027;-0.642;1.042
2025-07-14;100.199;2.01;-1.026;-2.032
2025-07-15;100.21;1.996;-1.423;-2.239
2025-07-16;100.213;1.992;-1.511;-1.854
2025-07-17;100.209;1.994;-1.692;-0.486
2025-07-18;100.207;1.995;-1.85;0.289
2025-07-21;100.218;1.981;-1.677;-0.977
2025-07-22;100.217;1.982;-0.918;0.259
2025-07-23;100.203;1.997;-0.837;0.701
2025-07-24;100.155;2.053;0.384;4.044
2025-07-25;100.143;2.067;1.043;3.996
2025-07-28;100.152;2.055;0.818;-0.419
2025-07-29;100.142;2.067;0.955;1.019
2025-07-30;100.133;2.077;1.145;1.433
2025-07-31;100.124;2.086;0.7;2.933
2025-08-01;100.144;2.061;0.66;2.506
2025-08-04;100.159;2.041;0.078;0.044
2025-08-05;100.15;2.052;0.521;0.556
2025-08-06;100.146;2.056;0.381;-0.095
2025-08-07;100.145;2.055;0.252;1.131
2025-08-08;100.13;2.073;0.175;1.64
2025-08-11;100.126;2.078;0.257;0.6
2025-08-12;100.122;2.082;0.602;0.215
2025-08-13;100.129;2.073;0.563;-0.297
2025-08-14;100.122;2.08;0.768;0.528
2025-08-15;100.116;2.087;0.602;0.755
2025-08-18;100.117;2.085;0.018;-1.363
2025-08-19;100.123;2.076;0.602;-0.655
2025-08-20;100.135;2.06;-0.379;-1.06
2025-08-21;100.114;2.085;-0.184;1.875
2025-08-22;100.122;2.074;-0.394;2.712
2025-08-25;100.111;2.088;0.038;1.423
2025-08-26;100.104;2.097;1.83;3.391
2025-08-27;100.087;2.119;4.618;5.905
2025-08-28;100.077;2.131;5.218;7.742
2025-08-29;100.083;2.123;4.307;6.643
2025-09-01;100.084;2.121;3.419;4.096
2025-09-02;100.078;2.128;3.507;3.693
2025-09-03;100.079;2.126;3.732;3.453
2025-09-04;100.082;2.121;3.001;4.247
2025-09-05;100.107;2.085;-0.164;0.844
2025-09-08;100.113;2.076;-1.285;-1.868
2025-09-09;100.107;2.083;-0.884;-1.264
2025-09-10;100.107;2.083;-1.8;-2.177
2025-09-11;100.099;2.092;-2.317;-1.248
2025-09-12;100.093;2.1;-2.293;-0.194
2025-09-15;100.089;2.105;-1.711;-0.074
2025-09-16;100.084;2.112;-0.888;1.504
2025-09-17;100.068;2.135;0.839;3.336
2025-09-18;100.067;2.135;0.551;3.581
2025-09-19;100.066;2.136;0.483;3.428
2025-09-22;100.065;2.136;1.049;2.522
2025-09-23;100.062;2.14;1.154;3.41
2025-09-24;100.059;2.144;1.375;3.489
2025-09-25;100.049;2.158;2.219;5.536
2025-09-26;100.048;2.159;2.163;4.577
2025-09-29;100.048;2.159;2.179;4.16
2025-09-30;100.044;2.165;3.076;5.692
2025-10-01;100.048;2.158;2.977;6.624
2025-10-02;100.046;2.16;2.895;7.569
2025-10-03;100.043;2.164;2.68;6.877
2025-10-06;100.044;2.162;3.172;5.571
2025-10-07;100.044;2.162;3.038;5.273
2025-10-08;100.049;2.153;2.442;4.607
2025-10-09;100.047;2.155;2.581;5.971
2025-10-10;100.052;2.147;2.269;5.457
2025-10-13;100.057;2.138;2.664;4.039
2025-10-14;100.06;2.132;2.085;3.22
2025-10-15;100.061;2.13;1.355;3.103
2025-10-16;100.058;2.133;0.991;3.825
2025-10-17;100.056;2.136;2.025;4.257
2025-10-20;100.054;2.139;2.588;4.069
2025-10-21;100.054;2.139;2.432;3.122
2025-10-22;100.048;2.148;3.334;4.967
2025-10-23;100.046;2.15;3.338;6.533
2025-10-24;100.034;2.17;3.514;7.196
2025-10-27;100.033;2.172;3.554;4.518
2025-10-28;100.028;2.18;4.546;5.374
2025-10-29;100.028;2.18;4.684;5.472
2025-10-30;100.024;2.186;3.784;6.243
2025-10-31;100.026;2.182;2.876;4.593
2025-11-03;100.017;2.197;4.444;4.79
2025-11-04;100.017;2.197;4.667;5.325
2025-11-05;100.011;2.208;5.537;6.648
2025-11-06;100.014;2.201;4.906;6.911
2025-11-07;100.016;2.198;4.838;7.013
2025-11-10;100.015;2.199;4.914;6.068
2025-11-11;100.012;2.204;4.476;5.453
2025-11-12;100.01;2.208;4.252;4.848
2025-11-13;100.003;2.221;4.87;6.045
2025-11-14;100.006;2.215;4.763;6.014
2025-11-17;100.007;2.213;4.396;4.963
2025-11-18;100.005;2.216;3.756;3.89
2025-11-19;100.008;2.21;3.029;3.243
2025-11-20;100.009;2.208;4.264;4.882
2025-11-21;100.013;2.199;4.414;4.896
2025-11-24;100.013;2.199;5.297;5.558
2025-11-25;100.013;2.199;4.614;4.774
2025-11-26;100.017;2.191;3.396;3.846
2025-11-27;100.014;2.196;4.96;5.637
2025-11-28;100.009;2.206;5.773;7.098
2025-12-01;100.002;2.22;6.988;6.908
2025-12-02;100.009;2.205;5.947;6.168
2025-12-03;100.006;2.211;6.574;7.651
2025-12-04;100.002;2.219;7.395;7.845
2025-12-05;100.0;2.223;8.01;6.47
2025-12-08;99.993;2.238;9.511;7.249
2025-12-09;99.997;2.23;8.635;4.524
2025-12-10;99.998;2.227;8.426;4.763
2025-12-11;99.999;2.225;7.111;3.737
2025-12-12;100.001;2.22;7.559;4.716
2025-12-15;99.992;2.24;9.571;5.93
2025-12-16;99.997;2.229;8.231;5.031
2025-12-17;99.997;2.229;8.487;7.755
2025-12-18;99.993;2.238;9.923;11.816
2025-12-19;99.989;2.247;10.411;13.128
2025-12-22;99.997;2.228;8.524;9.068
2025-12-23;99.993;2.238;9.327;14.427
2025-12-24;100.0;2.22;7.891;14.621
2025-12-29;100.002;2.215;7.346;9.299
2025-12-30;99.998;2.225;8.348;11.455
2025-12-31;100.013;2.187;4.585;11.358
2026-01-02;99.996;2.23;8.4;14.877
2026-01-05;100.001;2.217;7.608;12.244
2026-01-06;100.008;2.198;5.784;10.195
2026-01-07;100.003;2.211;7.343;11.841
2026-01-08;100.008;2.197;5.736;11.32
2026-01-09;100.002;2.213;5.994;11.752
2026-01-12;100.009;2.194;5.93;7.303
2026-01-13;100.007;2.199;6.174;6.069
2026-01-14;100.01;2.191;3.949;3.362
2026-01-15;100.01;2.19;4.745;7.546
2026-01-16;100.011;2.186;4.724;7.771
2026-01-19;100.01;2.189;4.926;2.915
2026-01-20;100.01;2.189;4.91;3.526
2026-01-21;100.01;2.188;4.596;3.012
2026-01-22;100.01;2.187;4.859;7.357
2026-01-23;100.002;2.211;6.329;7.919
2026-01-26;100.007;2.195;5.977;4.14
2026-01-27;100.007;2.195;5.041;3.08
2026-01-28;100.009;2.189;5.024;3.584
2026-01-29;100.01;2.184;4.362;6.66
2026-01-30;100.009;2.187;4.629;5.313
2026-02-02;100.008;2.19;4.901;3.469
2026-02-03;100.012;2.177;3.88;0.812
2026-02-04;100.012;2.176;3.831;-0.422
2026-02-05;100.01;2.181;4.428;3.062
2026-02-06;100.012;2.174;3.754;5.632
2026-02-09;100.013;2.17;3.711;5.143
2026-02-10;100.016;2.159;2.311;5.882
