;px_last;yld_ytm_mid;asset_swap_spd_mid;z_sprd_mid
2016-03-09;100.315;2.885;169.979;178.048
2016-03-10;100.211;2.89;165.513;173.615
2016-03-11;102.275;2.789;160.843;166.421
2016-03-14;102.545;2.776;159.372;164.634
2016-03-15;101.905;2.807;159.581;165.541
2016-03-16;102.018;2.801;160.241;166.06
2016-03-17;103.572;2.727;163.89;168.013
2016-03-18;104.27;2.694;163.011;166.331
2016-03-21;104.063;2.704;160.17;163.813
2016-03-22;104.3;2.692;161.668;164.969
2016-03-23;103.595;2.726;165.732;169.779
2016-03-24;103.488;2.731;167.565;171.655
2016-03-25;103.488;2.731;167.577;171.598
2016-03-28;103.488;2.731;167.585;171.713
2016-03-29;105.333;2.644;165.145;167.224
2016-03-30;105.74;2.625;161.631;163.368
2016-03-31;105.298;2.645;163.97;166.064
2016-04-01;105.085;2.655;167.262;169.484
2016-04-04;104.708;2.673;169.801;172.346
2016-04-05;104.075;2.703;175.553;178.702
2016-04-06;103.623;2.724;173.78;177.566
2016-04-07;102.343;2.785;181.665;186.96
2016-04-08;104.125;2.7;172.832;176.143
2016-04-11;104.13;2.7;169.971;173.439
2016-04-12;103.158;2.746;167.621;172.243
2016-04-13;105.22;2.649;164.679;166.957
2016-04-14;104.21;2.696;164.818;168.138
2016-04-15;103.96;2.708;169.959;173.54
2016-04-18;103.723;2.719;167.195;171.098
2016-04-19;102.423;2.781;169.575;175.078
2016-04-20;102.375;2.784;171.689;177.257
2016-04-21;101.503;2.826;166.267;172.814
2016-04-22;101.503;2.826;164.456;171.233
2016-04-25;100.947;2.853;163.262;170.627
2016-04-26;101.18;2.842;158.85;165.813
2016-04-27;101.335;2.834;157.362;164.344
2016-04-28;101.65;2.819;158.298;164.946
2016-04-29;101.7;2.816;157.301;163.803
2016-05-02;102.215;2.791;157.167;163.007
2016-05-03;102.553;2.775;163.382;168.892
2016-05-04;101.778;2.813;165.59;172.015
2016-05-05;101.895;2.807;169.626;175.934
2016-05-06;101.5;2.826;172.672;179.498
2016-05-09;101.55;2.824;174.576;181.36
2016-05-10;100.023;2.899;180.419;189.192
2016-05-11;100.738;2.864;176.576;184.432
2016-05-12;101.078;2.847;171.848;179.28
2016-05-13;101.31;2.835;175.046;182.144
2016-05-16;101.31;2.835;173.551;180.605
2016-05-17;102.345;2.785;170.509;176.276
2016-05-18;101.595;2.821;169.243;175.95
2016-05-19;101.81;2.811;169.085;175.462
2016-05-20;102.323;2.786;167.237;173.055
2016-05-23;102.227;2.791;164.511;170.513
2016-05-24;102.735;2.766;162.898;168.367
2016-05-25;104.005;2.705;161.569;165.571
2016-05-26;103.688;2.72;163.417;167.793
2016-05-27;103.855;2.712;162.046;166.32
2016-05-30;103.593;2.725;159.985;164.569
2016-05-31;104.053;2.703;160.918;165.068
2016-06-01;103.72;2.719;161.937;166.451
2016-06-02;104.11;2.7;162.178;166.223
2016-06-03;104.822;2.667;165.846;169.002
2016-06-06;104.045;2.703;166.355;170.262
2016-06-07;105.128;2.652;166.474;169.175
2016-06-08;106.155;2.604;162.305;163.916
2016-06-09;106.935;2.569;163.6;164.186
2016-06-10;107.023;2.564;166.906;167.168
2016-06-13;105.165;2.65;171.088;173.455
2016-06-14;103.883;2.711;179.083;182.652
2016-06-15;103.445;2.732;180.827;184.942
2016-06-16;103.198;2.743;186.535;190.644
2016-06-17;103.947;2.708;178.424;181.943
2016-06-20;105.28;2.645;169.242;171.569
2016-06-21;104.938;2.661;169.068;171.805
2016-06-22;105.06;2.655;165.635;168.27
2016-06-23;105.488;2.635;159.427;161.776
2016-06-24;104.135;2.699;183.152;186.134
2016-06-27;108.898;2.479;175.962;173.525
2016-06-28;111.76;2.353;162.749;158.217
2016-06-29;112.54;2.32;161.628;156.444
2016-06-30;114.455;2.238;156.254;149.752
2016-07-01;114.428;2.239;155.313;149.057
2016-07-04;114.488;2.237;158.792;152.324
2016-07-05;113.79;2.266;165.4;159.158
2016-07-06;114.818;2.223;160.478;153.646
2016-07-07;114.838;2.222;158.746;152.114
2016-07-08;115.453;2.196;159.522;152.278
2016-07-11;115.44;2.197;157.748;150.631
2016-07-12;115.158;2.208;149.805;143.486
2016-07-13;115.053;2.213;157.608;150.949
2016-07-14;114.528;2.235;155.292;149.212
2016-07-15;112.738;2.311;157.195;152.547
2016-07-18;112.3;2.329;160.513;156.18
2016-07-19;113.268;2.288;157.096;152.019
2016-07-20;113.625;2.273;152.394;147.37
2016-07-21;114.583;2.232;149.153;143.441
2016-07-22;114.923;2.218;148.81;142.754
2016-07-25;115.105;2.21;150.601;144.206
2016-07-26;115.975;2.174;147.206;140.302
2016-07-27;116.338;2.159;151.964;144.431
2016-07-28;116.72;2.143;152.962;144.96
2016-07-29;118.428;2.074;149.928;140.741
2016-08-01;118.968;2.052;146.871;137.558
2016-08-02;118.072;2.088;142.603;134.286
2016-08-03;117.243;2.122;146.653;138.675
2016-08-04;118.695;2.063;146.987;137.924
2016-08-05;118.87;2.056;141.817;133.11
2016-08-08;119.985;2.011;137.327;128.193
2016-08-09;119.45;2.032;142.189;132.986
2016-08-10;120.803;1.979;141.219;131.132
2016-08-11;121.375;1.956;136.4;126.378
2016-08-12;121.265;1.96;137.801;127.774
2016-08-15;120.813;1.978;135.908;126.301
2016-08-16;119.572;2.027;136.175;127.382
2016-08-17;119.388;2.034;139.319;130.389
2016-08-18;120.9;1.974;137.381;127.584
2016-08-19;119.995;2.01;135.626;126.525
2016-08-22;120.528;1.989;140.446;130.537
2016-08-23;120.31;1.997;142.614;132.636
2016-08-24;120.53;1.989;141.328;131.351
2016-08-25;120.792;1.978;138.9;128.952
2016-08-26;120.09;2.006;141.233;131.608
2016-08-29;120.325;1.997;139.85;130.223
2016-08-30;119.6;2.025;145.873;136.232
2016-08-31;117.753;2.1;148.616;140.189
2016-09-01;116.333;2.158;152.772;145.291
2016-09-02;116.458;2.152;148.932;141.648
2016-09-05;116.82;2.137;148.023;140.582
2016-09-06;118.985;2.049;145.652;136.742
2016-09-07;119.433;2.032;143.979;134.914
2016-09-08;117.845;2.095;142.964;135.181
2016-09-09;115.053;2.21;144.868;139.187
2016-09-12;114.86;2.218;143.692;138.186
2016-09-13;114.458;2.235;142.7;137.569
2016-09-14;114.63;2.228;145.348;139.963
2016-09-15;113.852;2.261;145.778;141.062
2016-09-16;113.762;2.265;147.878;143.123
2016-09-19;114.963;2.214;142.898;137.423
2016-09-20;117.008;2.129;141.294;134.215
2016-09-21;117.04;2.128;138.148;131.253
2016-09-22;119.443;2.03;140.552;131.711
2016-09-23;118.615;2.063;142.86;134.424
2016-09-26;119.418;2.031;142.309;133.34
2016-09-27;119.903;2.012;140.945;131.719
2016-09-28;120.435;1.991;139.805;130.303
2016-09-29;119.795;2.016;139.951;130.897
2016-09-30;120.6;1.984;136.247;126.933
2016-10-03;119.328;2.034;138.72;130.09
2016-10-04;117.988;2.088;139.038;131.349
2016-10-05;116.012;2.169;139.806;133.648
2016-10-06;116.73;2.14;137.942;131.397
2016-10-07;116.395;2.153;134.226;128.158
2016-10-10;116.313;2.157;128.854;123.187
2016-10-11;116.488;2.149;132.662;126.6
2016-10-12;115.255;2.201;134.366;129.043
2016-10-13;115.045;2.209;138.824;133.377
2016-10-14;114.418;2.236;138.154;133.267
2016-10-17;114.535;2.231;138.767;133.718
2016-10-18;115.193;2.203;139.451;133.792
2016-10-19;114.845;2.218;141.952;136.362
2016-10-20;114.963;2.213;144.763;138.872
2016-10-21;114.96;2.213;143.529;137.725
2016-10-24;115.108;2.206;140.255;134.567
2016-10-25;115.235;2.201;140.703;134.842
2016-10-26;113.815;2.261;139.874;135.232
2016-10-27;111.178;2.375;141.081;138.558
2016-10-28;110.535;2.403;146.228;143.908
2016-10-31;111.45;2.363;144.191;141.142
2016-11-01;109.628;2.443;147.872;146.29
2016-11-02;111.815;2.347;143.457;140.182
2016-11-03;110.808;2.391;143.826;141.353
2016-11-04;109.883;2.432;150.013;148.114
2016-11-07;110.205;2.417;146.953;144.872
2016-11-08;110.493;2.405;142.113;139.944
2016-11-09;109.693;2.44;141.539;140.181
2016-11-10;106.39;2.591;145.52;147.024
2016-11-11;104.732;2.669;149.804;152.78
2016-11-14;103.725;2.717;150.854;154.858
2016-11-15;105.435;2.635;145.667;147.901
2016-11-16;103.917;2.707;152.528;156.272
2016-11-17;102.89;2.757;157.677;162.577
2016-11-18;103.268;2.739;155.46;159.956
2016-11-21;102.705;2.766;158.364;163.523
2016-11-22;104.163;2.695;155.99;159.664
2016-11-23;102.88;2.757;159.51;164.64
2016-11-24;102.51;2.775;158.58;164.176
2016-11-25;102.245;2.788;159.499;165.384
2016-11-28;102.518;2.775;162.11;167.677
2016-11-29;103.658;2.72;156.982;161.339
2016-11-30;102.953;2.754;152.811;157.906
2016-12-01;101.048;2.847;150.768;157.899
2016-12-02;102.238;2.789;155.66;161.499
2016-12-05;101.91;2.805;153.079;159.258
2016-12-06;103.803;2.713;140.697;144.662
2016-12-07;105.628;2.626;136.563;138.894
2016-12-08;103.445;2.73;137.702;142.36
2016-12-09;102.085;2.796;140.601;146.831
2016-12-12;101.43;2.828;137.083;143.93
2016-12-13;102.788;2.762;137.336;142.869
2016-12-14;103.735;2.716;139.702;144.286
2016-12-15;103.56;2.724;134.612;139.174
2016-12-16;104.285;2.689;137.497;141.283
2016-12-19;105.993;2.608;138.679;140.86
2016-12-20;107.308;2.547;130.886;132.001
2016-12-21;106.718;2.575;136.149;137.608
2016-12-22;106.178;2.6;134.409;136.436
2016-12-23;106.688;2.576;137.069;138.512
2016-12-26;106.688;2.576;136.635;138.102
2016-12-27;106.548;2.582;137.92;139.502
2016-12-28;107.53;2.537;134.423;135.228
2016-12-29;107.775;2.526;137.195;137.792
2016-12-30;105.943;2.61;139.598;141.963
2017-01-02;106.313;2.593;138.482;140.555
2017-01-03;103.718;2.716;144.168;148.642
2017-01-04;103.153;2.744;145.065;150.17
2017-01-05;102.27;2.787;153.305;159.326
2017-01-06;101.345;2.832;150.14;157.14
2017-01-09;102.63;2.769;147.093;152.797
2017-01-10;103.05;2.748;144.902;150.197
2017-01-11;104.225;2.692;144.339;148.472
2017-01-12;103.99;2.703;142.802;147.447
2017-01-13;103.439;2.73;141.358;146.629
2017-01-16;103.269;2.738;142.367;147.875
2017-01-17;103.931;2.706;140.135;144.88
2017-01-18;103.032;2.749;140.17;145.803
2017-01-19;102.461;2.777;138.804;144.938
2017-01-20;101.788;2.81;136.059;142.877
2017-01-23;103.12;2.745;137.049;142.54
2017-01-24;101.742;2.812;138.352;145.184
2017-01-25;100.793;2.86;137.841;145.543
2017-01-26;100.517;2.874;137.13;145.003
2017-01-27;100.086;2.895;142.514;150.847
2017-01-30;99.639;2.918;144.681;153.567
2017-01-31;100.309;2.884;142.745;150.912
2017-02-01;98.399;2.982;146.27;156.751
2017-02-02;98.883;2.957;148.605;158.451
2017-02-03;98.102;2.997;151.52;162.523
2017-02-06;96.358;3.089;159.214;172.703
2017-02-07;96.136;3.1;161.37;175.268
2017-02-08;97.348;3.036;161.816;174.366
2017-02-09;98.82;2.96;155.899;166.238
2017-02-10;97.606;3.023;156.464;168.409
2017-02-13;98.401;2.981;150.648;161.451
2017-02-14;98.108;2.997;147.83;158.903
2017-02-15;97.71;3.017;149.651;161.32
2017-02-16;99.445;2.928;147.09;156.663
2017-02-17;99.081;2.946;151.534;161.685
2017-02-20;99.669;2.916;147.934;157.328
2017-02-21;98.233;2.99;152.518;163.687
2017-02-22;97.832;3.011;156.138;167.926
2017-02-23;97.907;3.007;160.099;171.882
2017-02-24;99.621;2.919;158.591;168.291
2017-02-27;100.779;2.86;154.423;162.628
2017-02-28;101.289;2.835;151.493;159.115
2017-03-01;100.107;2.894;151.311;160.238
2017-03-02;99.818;2.909;147.3;156.397
2017-03-03;100.14;2.892;142.504;150.945
2017-03-06;99.166;2.942;147.56;157.293
2017-03-07;98.558;2.973;150.208;160.754
2017-03-08;96.904;3.06;154.09;166.691
2017-03-09;95.957;3.11;152.12;165.636
2017-03-10;94.825;3.171;154.31;169.002
2017-03-13;94.948;3.165;156.755;171.444
2017-03-14;95.724;3.123;156.876;170.547
2017-03-15;96.623;3.075;155.38;167.97
2017-03-16;95.511;3.134;157.0;171.072
2017-03-17;96.149;3.1;158.972;172.14
2017-03-20;96.772;3.067;155.203;167.48
2017-03-21;97.394;3.034;152.522;163.808
2017-03-22;99.179;2.941;149.674;158.836
2017-03-23;99.213;2.94;146.919;155.875
2017-03-24;99.746;2.912;146.92;155.447
2017-03-27;99.508;2.925;149.678;158.546
2017-03-28;99.399;2.93;150.687;159.791
2017-03-29;100.534;2.872;146.851;154.794
2017-03-30;100.889;2.855;145.556;153.182
2017-03-31;100.152;2.892;147.614;156.113
2017-04-03;100.575;2.87;149.069;157.123
2017-04-04;101.043;2.847;147.427;155.028
2017-04-05;100.896;2.854;147.962;155.72
2017-04-06;100.971;2.85;148.381;155.99
2017-04-07;100.883;2.855;151.684;159.389
2017-04-10;101.379;2.83;151.192;158.394
2017-04-11;100.449;2.877;155.688;163.958
2017-04-12;99.477;2.926;160.287;169.712
2017-04-13;98.985;2.951;164.475;174.621
2017-04-14;98.985;2.951;;
2017-04-17;98.985;2.951;164.733;174.924
2017-04-18;99.433;2.928;167.496;177.2
2017-04-19;99.42;2.929;164.491;173.975
2017-04-20;99.569;2.921;159.594;168.693
2017-04-21;99.819;2.909;155.936;164.614
2017-04-24;101.339;2.832;144.711;151.625
2017-04-25;99.535;2.923;146.856;155.745
2017-04-26;98.675;2.967;151.113;161.158
2017-04-27;99.33;2.934;151.168;160.514
2017-04-28;99.185;2.941;149.195;158.756
2017-05-01;99.185;2.941;149.494;159.07
2017-05-02;98.833;2.959;149.567;159.6
2017-05-03;99.833;2.908;146.456;155.308
2017-05-04;100.125;2.893;139.505;147.831
2017-05-05;101.163;2.841;134.776;141.785
2017-05-08;100.484;2.875;137.385;145.2
2017-05-09;99.574;2.921;139.947;148.768
2017-05-10;99.756;2.912;141.507;150.243
2017-05-11;98.462;2.979;146.333;156.623
2017-05-12;98.952;2.953;147.319;157.219
2017-05-15;98.944;2.954;143.49;153.418
2017-05-16;99.579;2.921;140.623;149.603
2017-05-17;100.722;2.863;139.739;147.573
2017-05-18;100.758;2.861;141.684;149.593
2017-05-19;100.58;2.87;139.639;147.684
2017-05-22;99.989;2.9;139.003;147.62
2017-05-23;100.017;2.899;137.255;145.763
2017-05-24;100.319;2.883;136.252;144.419
2017-05-25;100.614;2.868;137.777;145.721
2017-05-26;101.22;2.838;139.054;146.411
2017-05-29;100.754;2.861;141.363;149.305
2017-05-30;101.385;2.83;138.511;145.673
2017-05-31;100.623;2.868;139.904;148.057
2017-06-01;100.387;2.88;139.826;148.217
2017-06-02;100.137;2.893;141.463;150.122
2017-06-05;100.164;2.891;140.109;148.848
2017-06-06;101.421;2.828;137.542;144.952
2017-06-07;100.102;2.894;142.513;151.254
2017-06-08;101.775;2.81;137.161;144.004
2017-06-09;102.369;2.78;133.564;140.012
2017-06-12;102.566;2.771;133.847;140.162
2017-06-13;102.895;2.755;130.886;136.82
2017-06-14;103.773;2.712;132.036;137.244
2017-06-15;103.46;2.727;130.9;136.125
2017-06-16;102.871;2.756;132.447;138.247
2017-06-19;103.228;2.738;131.958;137.464
2017-06-20;104.572;2.673;129.607;133.826
2017-06-21;105.374;2.634;128.874;132.342
2017-06-22;105.59;2.624;130.36;133.538
2017-06-23;105.644;2.621;127.293;130.498
2017-06-26;105.576;2.625;127.948;131.224
2017-06-27;102.83;2.758;129.423;134.926
2017-06-28;104.001;2.7;126.08;130.412
2017-06-29;101.844;2.806;128.144;134.435
2017-06-30;101.307;2.833;129.27;136.07
2017-07-03;101.415;2.828;126.256;133.067
2017-07-04;100.844;2.857;125.345;132.674
2017-07-05;100.102;2.894;129.066;137.182
2017-07-06;98.634;2.97;131.104;140.57
2017-07-07;97.853;3.011;131.92;142.166
2017-07-10;99.127;2.944;130.426;139.22
2017-07-11;98.609;2.971;131.979;141.485
2017-07-12;99.5;2.925;130.942;139.65
2017-07-13;98.715;2.966;132.324;141.743
2017-07-14;99.703;2.915;129.275;137.679
2017-07-17;100.596;2.869;126.025;133.283
2017-07-18;101.787;2.809;122.203;128.446
2017-07-19;101.972;2.8;123.719;129.807
2017-07-20;103.13;2.743;117.474;122.487
2017-07-21;103.398;2.73;116.695;121.505
2017-07-24;102.866;2.756;118.814;124.235
2017-07-25;101.536;2.822;120.081;126.612
2017-07-26;101.336;2.832;121.149;127.905
2017-07-27;102.051;2.796;118.326;124.25
2017-07-28;100.992;2.849;120.479;127.603
2017-07-31;101.657;2.816;119.921;126.455
2017-08-01;103.216;2.738;119.132;124.131
2017-08-02;103.053;2.746;119.914;125.082
2017-08-03;102.992;2.749;123.038;128.382
2017-08-04;102.703;2.764;123.018;128.524
2017-08-07;103.25;2.737;121.261;126.304
2017-08-08;103.579;2.721;118.692;123.238
2017-08-09;103.938;2.703;121.048;125.461
2017-08-10;103.44;2.727;124.438;129.415
2017-08-11;103.427;2.728;127.007;131.84
2017-08-14;103.615;2.719;123.445;128.285
2017-08-15;102.708;2.763;125.34;131.001
2017-08-16;102.796;2.759;123.012;128.536
2017-08-17;103.282;2.735;123.766;128.992
2017-08-18;103.144;2.742;124.957;130.224
2017-08-21;103.334;2.732;125.0;130.203
2017-08-22;102.761;2.761;127.131;132.931
2017-08-23;102.584;2.769;129.188;135.198
2017-08-24;102.038;2.797;131.123;137.648
2017-08-25;101.828;2.807;131.009;137.762
2017-08-28;101.917;2.803;130.29;136.989
2017-08-29;102.616;2.768;130.802;136.89
2017-08-30;102.101;2.793;132.392;138.968
2017-08-31;102.308;2.783;131.422;137.794
2017-09-01;101.625;2.817;131.129;138.223
2017-09-04;102.471;2.775;128.727;135.007
2017-09-05;102.661;2.766;130.952;137.12
2017-09-06;102.079;2.795;132.784;139.449
2017-09-07;103.17;2.74;128.667;134.329
2017-09-08;102.097;2.794;131.686;138.429
2017-09-11;101.53;2.822;132.053;139.359
2017-09-12;100.836;2.857;129.189;137.036
2017-09-13;101.275;2.835;128.801;136.187
2017-09-14;100.879;2.855;128.92;136.66
2017-09-15;100.851;2.856;127.818;135.425
2017-09-18;101.188;2.839;124.235;131.424
2017-09-19;101.945;2.801;121.945;128.371
2017-09-20;101.368;2.83;126.327;133.392
2017-09-21;100.499;2.874;128.989;136.902
2017-09-22;100.733;2.862;128.546;136.226
2017-09-25;100.959;2.851;129.686;137.313
2017-09-26;101.223;2.838;128.204;135.537
2017-09-27;100.502;2.874;126.376;134.262
2017-09-28;100.762;2.861;123.627;131.156
2017-09-29;101.423;2.827;122.688;129.55
2017-10-02;99.84;2.908;129.735;138.341
2017-10-03;99.452;2.928;129.87;138.904
2017-10-04;98.278;2.989;135.295;145.803
2017-10-05;99.557;2.923;130.433;139.449
2017-10-06;99.469;2.927;130.161;139.199
2017-10-09;100.345;2.882;128.511;136.662
2017-10-10;99.924;2.904;130.322;138.941
2017-10-11;100.736;2.862;124.774;132.397
2017-10-12;100.772;2.86;126.099;133.85
2017-10-13;100.889;2.854;127.272;134.992
2017-10-16;101.613;2.818;127.697;134.77
2017-10-17;102.101;2.793;126.852;133.423
2017-10-18;100.922;2.853;130.06;137.746
2017-10-19;100.604;2.869;131.15;139.198
2017-10-20;99.992;2.9;128.497;136.971
2017-10-23;100.688;2.865;128.096;135.926
2017-10-24;100.234;2.888;127.006;135.162
2017-10-25;100.447;2.877;124.502;132.286
2017-10-26;102.231;2.787;120.942;127.3
2017-10-27;100.981;2.85;125.439;133.144
2017-10-30;102.668;2.765;121.796;127.834
2017-10-31;103.495;2.724;119.704;124.899
2017-11-01;103.314;2.733;119.318;124.66
2017-11-02;103.297;2.734;119.743;125.122
2017-11-03;103.357;2.731;120.306;125.615
2017-11-06;103.422;2.728;122.246;127.594
2017-11-07;104.703;2.665;117.188;121.407
2017-11-08;103.101;2.743;123.456;129.168
2017-11-09;101.821;2.807;124.292;131.175
2017-11-10;101.067;2.845;124.261;131.801
2017-11-13;101.778;2.809;120.914;127.67
2017-11-14;101.744;2.811;123.024;129.91
2017-11-15;101.401;2.828;126.514;133.868
2017-11-16;101.491;2.824;126.261;133.493
2017-11-17;101.252;2.836;128.521;136.035
2017-11-20;102.074;2.794;125.764;132.345
2017-11-21;103.314;2.733;124.019;129.375
2017-11-22;103.817;2.708;123.61;128.423
2017-11-23;103.631;2.717;125.349;130.32
2017-11-24;103.362;2.73;124.91;130.146
2017-11-27;103.369;2.73;126.082;131.374
2017-11-28;103.456;2.726;125.178;130.411
2017-11-29;103.054;2.745;123.93;129.438
2017-11-30;103.957;2.701;122.204;126.829
2017-12-01;104.784;2.661;124.141;128.088
2017-12-04;104.842;2.658;121.498;125.371
2017-12-05;104.582;2.67;126.277;130.355
2017-12-06;104.156;2.691;130.02;134.462
2017-12-07;104.747;2.662;124.686;128.571
2017-12-08;104.898;2.655;122.817;126.554
2017-12-11;104.647;2.667;126.128;130.056
2017-12-12;103.714;2.713;127.429;132.188
2017-12-13;103.057;2.745;130.279;135.718
2017-12-14;104.327;2.683;127.899;132.039
2017-12-15;104.278;2.685;130.251;134.334
2017-12-18;104.61;2.669;127.744;131.543
2017-12-19;103.722;2.712;124.946;129.447
2017-12-20;103.995;2.699;121.771;125.951
2017-12-21;103.975;2.7;122.051;126.149
2017-12-22;103.558;2.72;122.804;127.265
2017-12-25;103.558;2.72;122.87;127.328
2017-12-26;103.558;2.72;122.876;127.326
2017-12-27;103.786;2.709;125.601;129.92
2017-12-28;102.648;2.765;127.696;133.051
2017-12-29;101.21;2.838;132.825;139.631
2018-01-01;101.21;2.838;132.888;139.707
2018-01-02;100.171;2.891;133.092;141.016
2018-01-03;100.571;2.87;134.48;142.055
2018-01-04;101.439;2.826;132.715;139.333
2018-01-05;102.199;2.788;128.378;134.189
2018-01-08;103.024;2.746;125.655;130.727
2018-01-09;102.601;2.767;123.142;128.6
2018-01-10;101.736;2.811;125.498;131.669
2018-01-11;102.059;2.795;123.448;129.034
2018-01-12;103.439;2.726;118.635;122.884
2018-01-15;102.389;2.778;122.288;127.457
2018-01-16;103.113;2.742;122.786;127.296
2018-01-17;103.33;2.731;122.656;126.996
2018-01-18;104.07;2.695;117.607;121.225
2018-01-19;105.181;2.64;110.791;113.59
2018-01-22;106.178;2.592;106.968;108.964
2018-01-23;106.994;2.553;104.381;105.816
2018-01-24;106.85;2.56;102.84;104.362
2018-01-25;106.189;2.592;107.84;109.551
2018-01-26;106.558;2.574;108.646;109.893
2018-01-29;107.0;2.553;100.936;101.845
2018-01-30;107.501;2.529;98.583;99.254
2018-01-31;107.885;2.511;99.246;99.527
2018-02-01;108.327;2.49;93.892;94.006
2018-02-02;106.973;2.554;95.313;96.221
2018-02-05;107.206;2.543;95.511;96.297
2018-02-06;108.052;2.503;96.171;96.459
2018-02-07;108.824;2.467;90.311;90.167
2018-02-08;108.114;2.5;92.182;92.353
2018-02-09;107.435;2.532;94.424;95.009
2018-02-12;106.996;2.553;93.355;94.198
2018-02-13;105.265;2.636;99.546;101.566
2018-02-14;105.173;2.64;98.946;101.052
2018-02-15;105.659;2.617;96.301;98.041
2018-02-16;106.64;2.57;95.44;96.642
2018-02-19;105.927;2.604;95.034;96.697
2018-02-20;105.564;2.621;96.137;98.059
2018-02-21;105.777;2.611;97.708;99.467
2018-02-22;105.425;2.628;99.018;101.051
2018-02-23;105.598;2.62;102.603;104.547
2018-02-26;106.587;2.572;99.245;100.517
2018-02-27;106.596;2.572;98.092;99.317
2018-02-28;107.221;2.542;96.869;97.744
2018-03-01;107.749;2.517;95.848;96.399
2018-03-02;106.904;2.557;98.424;99.487
2018-03-05;107.604;2.524;95.292;95.955
2018-03-06;107.884;2.51;92.919;93.362
2018-03-07;108.608;2.476;92.503;92.517
2018-03-08;109.605;2.43;90.29;89.765
2018-03-09;108.684;2.473;92.601;92.57
2018-03-12;109.223;2.448;91.187;90.879
2018-03-13;109.464;2.437;90.604;90.224
2018-03-14;109.485;2.436;92.457;92.072
2018-03-15;110.153;2.405;92.004;91.219
2018-03-16;110.672;2.381;90.31;89.266
2018-03-19;111.701;2.334;86.492;84.974
2018-03-20;112.482;2.299;82.667;80.802
2018-03-21;112.148;2.314;83.304;81.581
2018-03-22;112.988;2.277;84.059;81.945
2018-03-23;113.735;2.244;80.638;78.291
2018-03-26;114.287;2.219;78.534;76.013
2018-03-27;114.738;2.2;79.155;76.399
2018-03-28;114.853;2.195;78.828;76.049
2018-03-29;115.694;2.158;73.907;71.074
2018-03-30;115.694;2.158;74.166;71.312
2018-04-02;115.694;2.158;74.166;71.312
2018-04-03;115.044;2.186;78.242;75.462
2018-04-04;115.343;2.173;77.42;74.565
2018-04-05;114.124;2.226;79.258;76.885
2018-04-06;114.346;2.216;80.44;77.929
2018-04-09;114.164;2.224;81.162;78.7
2018-04-10;113.82;2.239;83.541;81.126
2018-04-11;113.388;2.258;86.519;84.205
2018-04-12;113.72;2.244;82.452;80.17
2018-04-13;113.875;2.237;81.972;79.629
2018-04-16;113.755;2.242;81.226;78.964
2018-04-17;114.434;2.212;80.518;77.948
2018-04-18;114.621;2.204;79.374;76.721
2018-04-19;113.432;2.256;79.265;77.124
2018-04-20;113.381;2.258;78.191;76.165
2018-04-23;112.628;2.292;78.292;76.567
2018-04-24;112.828;2.283;77.686;75.895
2018-04-25;112.88;2.28;77.072;75.271
2018-04-26;113.408;2.257;78.189;76.143
2018-04-27;113.424;2.256;79.204;77.146
2018-04-30;113.0;2.275;81.011;79.118
2018-05-01;113.0;2.275;80.814;78.941
2018-05-02;112.241;2.309;82.574;81.038
2018-05-03;112.975;2.276;82.439;80.604
2018-05-04;111.747;2.331;87.319;85.951
2018-05-07;112.151;2.312;87.307;85.696
2018-05-08;111.015;2.364;88.505;87.464
2018-05-09;111.433;2.345;86.598;85.387
2018-05-10;111.256;2.353;87.314;86.184
2018-05-11;112.126;2.313;83.166;81.668
2018-05-14;111.06;2.361;84.775;83.712
2018-05-15;110.458;2.389;83.593;82.847
2018-05-16;109.077;2.453;90.249;90.226
2018-05-17;108.992;2.457;86.692;86.764
2018-05-18;107.98;2.504;94.601;95.241
2018-05-21;106.173;2.59;105.016;106.831
2018-05-22;107.429;2.53;97.539;98.527
2018-05-23;107.646;2.52;98.408;99.417
2018-05-24;108.073;2.499;100.31;100.97
2018-05-25;107.133;2.544;107.376;108.801
2018-05-28;105.769;2.61;116.639;119.038
2018-05-29;104.916;2.651;121.79;125.044
2018-05-30;106.065;2.595;111.979;114.077
2018-05-31;107.108;2.545;111.678;113.004
2018-06-01;108.44;2.482;103.595;104.019
2018-06-04;110.601;2.382;92.346;91.606
2018-06-05;109.398;2.437;98.017;98.023
2018-06-06;107.853;2.51;99.785;100.512
2018-06-07;107.989;2.503;97.472;98.046
2018-06-08;107.873;2.509;100.243;100.889
2018-06-11;108.307;2.488;96.963;97.33
2018-06-12;108.188;2.494;98.922;99.349
2018-06-13;108.693;2.47;97.346;97.529
2018-06-14;109.341;2.44;94.783;94.869
2018-06-15;109.907;2.413;93.425;93.334
2018-06-18;110.512;2.385;90.874;90.54
2018-06-19;110.777;2.373;94.107;93.508
2018-06-20;110.575;2.382;93.018;92.586
2018-06-21;108.56;2.476;101.382;102.167
2018-06-22;108.255;2.49;102.356;103.282
2018-06-25;107.94;2.505;103.817;104.945
2018-06-26;107.217;2.539;105.894;107.506
2018-06-27;108.229;2.491;105.317;106.099
2018-06-28;107.901;2.507;108.339;109.256
2018-06-29;109.26;2.443;104.372;104.414
2018-07-02;110.233;2.398;99.042;98.567
2018-07-03;110.491;2.386;98.854;98.251
2018-07-04;110.404;2.39;98.843;98.319
2018-07-05;109.771;2.419;102.781;102.528
2018-07-06;109.99;2.409;101.231;100.898
2018-07-09;110.299;2.395;99.664;99.189
2018-07-10;110.764;2.373;95.797;95.126
2018-07-11;110.228;2.398;98.182;97.772
2018-07-12;110.163;2.401;98.731;98.358
2018-07-13;110.565;2.382;97.32;96.784
2018-07-16;110.166;2.4;97.472;97.127
2018-07-17;111.015;2.361;95.61;94.834
2018-07-18;110.476;2.386;97.84;97.346
2018-07-19;110.345;2.392;98.831;98.386
2018-07-20;109.829;2.416;98.548;98.401
2018-07-23;109.786;2.418;96.302;96.179
2018-07-24;110.018;2.407;97.084;96.776
2018-07-25;110.293;2.394;97.152;96.645
2018-07-26;110.101;2.403;95.954;95.596
2018-07-27;110.304;2.394;94.776;94.316
2018-07-30;109.274;2.441;95.895;96.027
2018-07-31;109.943;2.41;94.174;93.866
2018-08-01;108.801;2.464;96.98;97.319
2018-08-02;108.705;2.468;97.872;98.276
2018-08-03;109.319;2.439;98.287;98.361
2018-08-06;109.792;2.417;97.728;97.512
2018-08-07;109.902;2.412;95.64;95.368
2018-08-08;109.481;2.432;96.62;96.674
2018-08-09;109.542;2.429;97.338;97.361
2018-08-10;109.208;2.444;103.151;103.323
2018-08-13;107.86;2.508;108.661;109.703
2018-08-14;108.899;2.459;103.511;103.903
2018-08-15;108.396;2.482;107.429;108.127
2018-08-16;108.552;2.475;106.196;106.755
2018-08-17;108.423;2.481;107.794;108.442
2018-08-20;109.556;2.428;103.13;103.088
2018-08-21;109.923;2.411;99.804;99.552
2018-08-22;109.6;2.426;101.651;101.556
2018-08-23;109.627;2.424;101.074;100.999
2018-08-24;109.101;2.449;103.054;103.299
2018-08-27;108.817;2.462;102.187;102.598
2018-08-28;107.789;2.511;106.291;107.362
2018-08-29;107.498;2.525;105.74;106.974
2018-08-30;107.221;2.538;110.041;111.514
2018-08-31;107.036;2.547;112.266;113.907
2018-09-03;107.268;2.535;110.405;111.885
2018-09-04;107.974;2.502;106.762;107.718
2018-09-05;107.746;2.513;106.579;107.655
2018-09-06;107.611;2.519;108.102;109.286
2018-09-07;107.567;2.521;105.999;107.212
2018-09-10;107.637;2.518;104.512;105.697
2018-09-11;107.284;2.535;103.818;105.223
2018-09-12;107.49;2.525;104.317;105.605
2018-09-13;107.384;2.53;104.33;105.675
2018-09-14;107.174;2.54;103.78;105.247
2018-09-17;107.393;2.529;103.168;104.41
2018-09-18;107.225;2.537;102.374;103.734
2018-09-19;106.63;2.566;103.247;105.021
2018-09-20;106.883;2.554;102.382;103.996
2018-09-21;107.212;2.538;101.802;103.203
2018-09-24;106.763;2.559;102.897;104.414
2018-09-25;106.917;2.552;99.5;100.883
2018-09-26;107.105;2.543;100.456;101.707
2018-09-27;107.448;2.526;100.773;101.678
2018-09-28;107.937;2.503;100.804;101.456
2018-10-01;107.045;2.546;102.296;103.607
2018-10-02;106.792;2.558;105.665;107.203
2018-10-03;106.628;2.566;104.624;106.161
2018-10-04;106.249;2.584;102.972;104.641
2018-10-05;105.83;2.604;100.69;102.627
2018-10-08;105.619;2.615;103.234;105.424
2018-10-09;105.322;2.629;103.903;106.262
2018-10-10;105.022;2.644;105.115;107.652
2018-10-11;104.327;2.679;109.951;113.035
2018-10-12;103.638;2.713;113.576;117.276
2018-10-15;103.304;2.73;114.061;118.07
2018-10-16;103.964;2.697;113.124;116.598
2018-10-17;104.145;2.688;114.538;117.954
2018-10-18;102.575;2.767;122.016;126.934
2018-10-19;102.586;2.766;120.548;125.266
2018-10-22;103.197;2.735;119.569;123.748
2018-10-23;103.857;2.702;119.54;123.205
2018-10-24;104.594;2.665;116.0;119.115
2018-10-25;105.339;2.628;112.358;114.862
2018-10-26;105.673;2.612;115.06;117.372
2018-10-29;106.156;2.588;110.642;112.59
2018-10-30;105.682;2.611;113.387;115.671
2018-10-31;106.098;2.591;111.142;113.066
2018-11-01;105.718;2.61;111.902;114.088
2018-11-02;105.32;2.629;112.699;115.187
2018-11-05;105.542;2.618;112.217;114.515
2018-11-06;105.259;2.632;112.726;115.248
2018-11-07;104.831;2.653;113.746;116.589
2018-11-08;104.833;2.653;113.125;115.924
2018-11-09;105.042;2.643;114.855;117.581
2018-11-12;104.942;2.648;115.26;118.136
2018-11-13;104.863;2.651;115.363;118.275
2018-11-14;104.492;2.67;117.103;120.382
2018-11-15;103.969;2.696;120.863;124.653
2018-11-16;103.723;2.708;121.69;125.67
2018-11-19;103.428;2.723;122.578;126.846
2018-11-20;103.571;2.716;124.385;128.539
2018-11-21;103.798;2.704;122.625;126.528
2018-11-22;103.577;2.715;124.1;128.231
2018-11-23;103.513;2.719;126.55;130.804
2018-11-26;104.785;2.655;120.155;123.258
2018-11-27;104.458;2.671;120.98;124.436
2018-11-28;104.528;2.668;120.558;123.956
2018-11-29;105.274;2.631;119.321;122.16
2018-11-30;105.807;2.604;117.433;119.827
2018-12-03;105.968;2.597;117.31;119.563
2018-12-04;106.165;2.587;120.653;122.727
2018-12-05;106.627;2.564;116.444;118.159
2018-12-06;106.298;2.58;120.533;122.447
2018-12-07;106.457;2.573;119.36;121.133
2018-12-10;106.794;2.556;119.553;120.966
2018-12-11;107.065;2.543;117.52;118.755
2018-12-12;107.379;2.528;115.276;116.164
2018-12-13;107.408;2.526;113.294;114.304
2018-12-14;107.272;2.533;114.841;116.03
2018-12-17;107.444;2.525;113.481;114.558
2018-12-18;107.939;2.501;113.827;114.517
2018-12-19;107.97;2.499;115.085;115.76
2018-12-20;108.096;2.493;117.194;117.709
2018-12-21;107.546;2.519;116.595;117.575
2018-12-24;107.546;2.519;116.796;117.788
2018-12-25;107.546;2.519;116.807;117.788
2018-12-26;107.546;2.519;116.814;117.788
2018-12-27;107.764;2.509;117.023;117.894
2018-12-28;107.214;2.535;119.581;120.895
2018-12-31;107.214;2.535;119.66;120.988
2019-01-01;107.214;2.535;119.661;120.988
2019-01-02;107.546;2.519;124.309;125.412
2019-01-03;106.818;2.554;126.993;128.734
2019-01-04;105.901;2.599;126.244;128.639
2019-01-07;105.426;2.622;127.259;130.059
2019-01-08;105.101;2.638;127.546;130.568
2019-01-09;105.303;2.628;125.303;128.181
2019-01-10;105.983;2.595;122.586;124.947
2019-01-11;106.587;2.565;120.799;122.728
2019-01-14;107.066;2.542;119.411;121.021
2019-01-15;107.523;2.52;118.294;119.611
2019-01-16;107.387;2.526;118.429;119.828
2019-01-17;107.881;2.503;116.596;117.539
2019-01-18;108.072;2.493;114.354;115.135
2019-01-21;107.579;2.517;116.892;118.059
2019-01-22;108.385;2.478;115.725;116.304
2019-01-23;108.881;2.455;115.953;116.204
2019-01-24;110.688;2.37;112.453;111.486
2019-01-25;111.371;2.338;111.031;109.535
2019-01-28;111.572;2.329;108.373;106.896
2019-01-29;111.061;2.352;111.76;110.55
2019-01-30;110.767;2.366;115.115;114.001
2019-01-31;112.019;2.308;115.107;113.166
2019-02-01;111.536;2.33;112.217;110.728
2019-02-04;111.15;2.348;113.559;112.23
2019-02-05;110.759;2.366;115.775;114.645
2019-02-06;110.604;2.373;117.481;116.435
2019-02-07;110.54;2.376;120.14;119.168
2019-02-08;110.657;2.371;123.088;121.983
2019-02-11;110.28;2.388;121.909;121.091
2019-02-12;110.365;2.384;120.389;119.522
2019-02-13;110.55;2.376;119.892;118.891
2019-02-14;110.332;2.386;122.416;121.487
2019-02-15;110.27;2.388;122.123;121.275
2019-02-18;110.213;2.391;120.599;119.895
2019-02-19;110.822;2.363;119.227;118.166
2019-02-20;111.216;2.344;119.655;118.291
2019-02-21;111.197;2.345;117.409;116.071
2019-02-22;111.739;2.32;117.782;116.071
2019-02-25;111.951;2.31;115.429;113.665
2019-02-26;112.433;2.288;112.512;110.526
2019-02-27;111.822;2.316;112.338;110.725
2019-02-28;111.224;2.344;111.498;110.301
2019-03-01;110.668;2.369;113.078;112.247
2019-03-04;111.153;2.347;113.042;111.909
2019-03-05;111.558;2.328;110.961;109.591
2019-03-06;112.36;2.291;110.668;108.849
2019-03-07;113.661;2.232;111.967;109.392
2019-03-08;113.508;2.239;116.763;114.024
2019-03-11;113.569;2.236;114.766;112.118
2019-03-12;113.332;2.247;115.328;112.844
2019-03-13;112.805;2.271;116.233;114.115
2019-03-14;112.702;2.275;115.848;113.758
2019-03-15;112.5;2.284;116.726;114.761
2019-03-18;113.072;2.258;115.779;113.478
2019-03-19;112.866;2.268;115.022;112.857
2019-03-20;112.868;2.267;116.305;114.11
2019-03-21;114.136;2.21;115.796;112.749
2019-03-22;115.438;2.152;118.114;114.016
2019-03-25;114.812;2.18;123.491;119.499
2019-03-26;115.426;2.152;121.134;116.74
2019-03-27;116.101;2.123;123.48;118.676
2019-03-28;115.326;2.157;123.126;118.916
2019-03-29;115.186;2.163;120.559;116.622
2019-04-01;114.059;2.213;121.225;118.023
2019-04-02;114.616;2.188;120.843;117.31
2019-04-03;113.925;2.219;116.997;114.13
2019-04-04;114.651;2.186;117.679;114.163
2019-04-05;114.84;2.178;116.358;112.77
2019-04-08;115.433;2.151;114.494;110.601
2019-04-09;115.843;2.133;113.577;109.494
2019-04-10;116.357;2.111;113.401;109.081
2019-04-11;116.927;2.086;109.992;105.479
2019-04-12;116.165;2.119;107.067;103.134
2019-04-15;115.347;2.155;109.198;105.711
2019-04-16;115.106;2.166;108.612;105.304
2019-04-17;114.731;2.182;109.783;106.606
2019-04-18;115.518;2.147;111.934;108.214
2019-04-19;115.518;2.147;111.861;108.147
2019-04-22;115.518;2.147;111.861;108.147
2019-04-23;114.619;2.187;114.347;111.04
2019-04-24;115.399;2.152;116.811;112.92
2019-04-25;114.974;2.171;116.655;113.06
2019-04-26;116.336;2.111;112.668;108.362
2019-04-29;116.699;2.095;110.105;105.67
2019-04-30;116.997;2.082;108.545;104.002
2019-05-01;116.997;2.082;108.521;103.988
2019-05-02;117.024;2.08;107.072;102.613
2019-05-03;117.13;2.076;106.346;101.865
2019-05-06;117.298;2.068;107.495;102.881
2019-05-07;117.344;2.066;110.918;106.124
2019-05-08;117.366;2.065;111.453;106.577
2019-05-09;116.653;2.096;113.914;109.323
2019-05-10;116.846;2.088;112.292;107.711
2019-05-13;116.668;2.095;117.417;112.606
2019-05-14;117.264;2.069;115.819;110.766
2019-05-15;117.667;2.052;116.755;111.368
2019-05-16;118.852;2.0;110.216;104.529
2019-05-17;119.276;1.982;109.074;103.289
2019-05-20;118.95;1.996;108.569;103.001
2019-05-21;119.179;1.986;105.95;100.444
2019-05-22;119.297;1.981;106.828;101.219
2019-05-23;119.617;1.967;108.755;102.88
2019-05-24;120.195;1.943;106.149;100.117
2019-05-27;120.544;1.928;108.096;101.715
2019-05-28;121.06;1.906;107.607;100.976
2019-05-29;122.521;1.846;104.227;97.091
2019-05-30;122.195;1.859;104.431;97.473
2019-05-31;123.783;1.794;101.828;94.218
2019-06-03;124.495;1.765;101.162;93.248
2019-06-04;125.785;1.713;99.072;90.726
2019-06-05;126.796;1.673;96.949;88.4
2019-06-06;127.823;1.632;96.216;87.214
2019-06-07;130.293;1.536;89.222;79.9
2019-06-10;128.354;1.611;88.869;80.445
2019-06-11;129.101;1.582;88.078;79.454
2019-06-12;129.002;1.586;88.781;80.114
2019-06-13;129.778;1.556;87.676;78.782
2019-06-14;131.514;1.489;85.083;75.727
2019-06-17;130.998;1.509;85.152;76.004
2019-06-18;135.274;1.35;75.551;66.157
2019-06-19;134.917;1.362;74.554;65.401
2019-06-20;136.052;1.321;73.566;64.161
2019-06-21;134.836;1.365;73.617;64.577
2019-06-24;135.904;1.326;73.349;64.031
2019-06-25;137.096;1.283;71.73;62.286
2019-06-26;137.214;1.278;68.662;59.587
2019-06-27;136.461;1.305;74.197;64.595
2019-06-28;136.01;1.321;75.584;65.971
2019-07-01;137.129;1.281;72.715;63.201
2019-07-02;138.366;1.237;66.985;57.969
2019-07-03;140.981;1.145;63.859;54.594
2019-07-04;140.484;1.162;70.483;60.348
2019-07-05;137.41;1.27;78.133;67.802
2019-07-08;135.265;1.348;87.827;76.85
2019-07-09;135.882;1.325;82.092;71.672
2019-07-10;134.935;1.36;81.023;71.025
2019-07-11;133.097;1.427;80.252;71.047
2019-07-12;130.566;1.523;87.653;78.531
2019-07-15;132.463;1.451;86.892;77.092
2019-07-16;133.564;1.41;83.098;73.313
2019-07-17;134.871;1.361;84.211;73.905
2019-07-18;135.888;1.324;80.794;70.601
2019-07-19;136.002;1.319;80.953;70.753
2019-07-22;135.872;1.324;83.549;73.057
2019-07-23;135.801;1.327;84.238;73.704
2019-07-24;137.283;1.273;83.666;72.654
2019-07-25;136.686;1.294;84.528;73.624
2019-07-26;136.149;1.313;89.412;77.984
2019-07-29;136.554;1.299;89.204;77.602
2019-07-30;136.791;1.29;88.994;77.35
2019-07-31;138.904;1.214;87.062;74.925
2019-08-01;139.247;1.202;90.27;77.495
2019-08-02;141.543;1.121;93.561;79.342
2019-08-05;142.318;1.094;92.14;77.896
2019-08-06;142.862;1.076;91.798;77.412
2019-08-07;145.329;0.992;89.541;74.696
2019-08-08;143.096;1.067;91.237;76.937
2019-08-09;141.746;1.113;98.623;83.587
2019-08-12;142.484;1.088;98.663;83.298
2019-08-13;143.457;1.054;99.892;83.94
2019-08-14;145.969;0.97;101.08;83.984
2019-08-15;150.019;0.836;103.241;84.241
2019-08-16;148.683;0.879;107.351;88.192
2019-08-19;146.587;0.948;102.03;84.61
2019-08-20;147.512;0.918;101.674;83.97
2019-08-21;147.193;0.928;98.841;81.712
2019-08-22;145.862;0.972;97.749;81.296
2019-08-23;145.358;0.989;101.281;84.392
2019-08-26;145.654;0.979;100.759;83.88
2019-08-27;147.659;0.912;103.837;85.556
2019-08-28;149.287;0.858;105.231;86.045
2019-08-29;147.19;0.927;107.358;88.613
2019-08-30;146.871;0.937;107.564;88.935
2019-09-02;145.753;0.974;109.326;90.87
2019-09-03;146.85;0.938;108.633;89.812
2019-09-04;144.874;1.004;109.517;91.33
2019-09-05;141.88;1.105;102.536;86.876
2019-09-06;143.85;1.038;104.972;88.012
2019-09-09;141.812;1.108;105.322;89.111
2019-09-10;140.345;1.159;105.788;90.22
2019-09-11;140.44;1.155;105.24;89.596
2019-09-12;142.189;1.094;93.866;79.335
2019-09-13;139.151;1.2;91.948;78.824
2019-09-16;140.759;1.143;92.533;78.722
2019-09-17;139.748;1.179;99.734;85.147
2019-09-18;141.817;1.106;98.832;83.527
2019-09-19;141.507;1.117;101.146;85.569
2019-09-20;142.107;1.096;101.503;85.568
2019-09-23;144.819;1.003;101.478;84.502
2019-09-24;146.346;0.951;101.829;84.171
2019-09-25;146.117;0.959;97.891;80.985
2019-09-26;145.771;0.97;99.594;82.504
2019-09-27;145.233;0.988;98.728;82.031
2019-09-30;144.884;1.0;98.355;81.879
2019-10-01;144.483;1.013;98.275;82.002
2019-10-02;143.975;1.03;98.662;82.496
2019-10-03;145.426;0.981;97.606;81.112
2019-10-04;145.707;0.971;95.671;79.437
2019-10-07;145.383;0.982;95.57;79.452
2019-10-08;145.456;0.979;95.554;79.428
2019-10-09;144.27;1.019;94.176;78.695
2019-10-10;142.415;1.083;93.824;78.996
2019-10-11;142.294;1.087;87.325;73.651
2019-10-14;143.444;1.047;85.656;71.87
2019-10-15;142.981;1.063;81.958;68.923
2019-10-16;142.186;1.09;80.658;68.075
2019-10-17;142.703;1.072;83.039;69.899
2019-10-18;142.112;1.092;80.057;67.569
2019-10-21;140.903;1.134;79.183;67.239
2019-10-22;141.828;1.102;81.801;69.068
2019-10-23;142.637;1.074;85.628;71.996
2019-10-24;142.574;1.075;84.714;71.26
2019-10-25;141.451;1.114;80.307;67.922
2019-10-28;140.292;1.155;81.492;69.297
2019-10-29;141.016;1.129;80.803;68.462
2019-10-30;141.272;1.12;79.18;67.046
2019-10-31;142.74;1.069;79.912;67.204
2019-11-01;141.404;1.115;81.964;69.361
2019-11-04;140.354;1.152;80.372;68.38
2019-11-05;139.949;1.166;78.509;66.921
2019-11-06;141.408;1.114;76.684;64.919
2019-11-07;138.984;1.2;75.343;64.422
2019-11-08;138.666;1.211;79.703;68.235
2019-11-11;137.525;1.252;81.861;70.487
2019-11-12;137.066;1.268;85.601;73.854
2019-11-13;137.113;1.266;91.212;78.623
2019-11-14;137.142;1.265;96.899;83.461
2019-11-15;136.977;1.271;95.653;82.465
2019-11-18;137.597;1.248;92.704;79.727
2019-11-19;137.539;1.25;93.466;80.393
2019-11-20;137.602;1.248;93.706;80.584
2019-11-21;136.671;1.281;95.472;82.432
2019-11-22;137.593;1.248;96.018;82.539
2019-11-25;137.763;1.241;93.168;80.075
2019-11-26;138.395;1.219;92.468;79.232
2019-11-27;138.627;1.21;93.895;80.347
2019-11-28;138.2;1.225;94.155;80.736
2019-11-29;138.022;1.231;94.76;81.299
2019-12-02;136.017;1.304;93.507;80.935
2019-12-03;138.175;1.226;93.896;80.489
2019-12-04;137.151;1.263;92.505;79.693
2019-12-05;136.175;1.298;95.457;82.52
2019-12-06;135.849;1.31;95.177;82.435
2019-12-09;136.796;1.275;93.158;80.401
2019-12-10;136.296;1.293;93.63;80.966
2019-12-11;137.592;1.246;91.297;78.511
2019-12-12;136.453;1.287;91.038;78.715
2019-12-13;138.067;1.228;89.174;76.501
2019-12-16;137.626;1.244;87.934;75.62
2019-12-17;138.606;1.208;85.949;73.55
2019-12-18;137.581;1.245;84.582;72.777
2019-12-19;137.225;1.258;84.313;72.639
2019-12-20;137.355;1.253;85.246;73.402
2019-12-23;137.589;1.244;81.83;70.393
2019-12-24;137.589;1.244;81.975;70.496
2019-12-25;137.589;1.244;81.992;70.509
2019-12-26;137.589;1.244;81.989;70.507
2019-12-27;138.392;1.215;79.312;67.951
2019-12-30;136.706;1.276;78.964;68.187
2020-01-01;136.706;1.275;79.324;68.451
2020-01-02;136.836;1.27;84.102;72.553
2020-01-03;138.385;1.214;84.305;72.219
2020-01-06;138.159;1.222;85.686;73.488
2020-01-07;137.835;1.234;86.962;74.711
2020-01-08;136.652;1.277;86.008;74.333
2020-01-09;136.133;1.295;85.705;74.214
2020-01-10;136.42;1.285;86.149;74.527
2020-01-13;135.024;1.336;85.76;74.709
2020-01-14;135.192;1.33;86.683;75.438
2020-01-15;135.791;1.307;85.834;74.447
2020-01-16;135.188;1.329;91.3;79.445
2020-01-17;135.064;1.334;91.417;79.604
2020-01-20;135.701;1.31;89.489;77.695
2020-01-21;136.493;1.281;90.923;78.631
2020-01-22;136.779;1.27;90.706;78.34
2020-01-23;138.382;1.212;89.243;76.502
2020-01-24;138.73;1.199;92.105;78.799
2020-01-27;140.729;1.128;92.061;78.097
2020-01-28;139.869;1.158;89.39;76.142
2020-01-29;140.447;1.138;90.646;76.994
2020-01-30;141.206;1.11;91.368;77.311
2020-01-31;142.087;1.079;92.422;77.873
2020-02-03;141.608;1.096;95.428;80.568
2020-02-04;140.931;1.12;92.422;78.294
2020-02-05;140.153;1.147;89.382;76.069
2020-02-06;140.127;1.148;90.401;76.921
2020-02-07;140.752;1.125;91.538;77.639
2020-02-10;141.707;1.092;91.916;77.615
2020-02-11;141.127;1.112;91.047;77.108
2020-02-12;141.523;1.098;88.741;75.037
2020-02-13;141.98;1.081;89.297;75.34
2020-02-14;142.15;1.075;90.642;76.417
2020-02-17;142.412;1.066;89.708;75.547
2020-02-18;142.383;1.067;91.539;77.095
2020-02-19;142.96;1.047;91.514;76.867
2020-02-20;144.997;0.976;90.918;75.613
2020-02-21;145.253;0.967;89.143;73.993
2020-02-24;145.722;0.951;93.346;77.3
2020-02-25;145.678;0.953;95.77;79.269
2020-02-26;144.511;0.992;95.237;79.336
2020-02-27;142.583;1.058;105.92;88.876
2020-02-28;144.077;1.007;108.326;90.159
2020-03-02;143.785;1.017;111.309;92.772
2020-03-03;146.723;0.916;100.545;82.879
2020-03-04;147.025;0.906;99.312;81.749
2020-03-05;145.963;0.941;104.581;86.562
2020-03-06;146.989;0.907;109.648;90.027
2020-03-09;146.712;0.916;128.39;105.143
2020-03-10;144.996;0.974;137.767;113.12
2020-03-11;148.241;0.864;129.107;104.151
2020-03-12;141.35;1.1;155.019;128.561
2020-03-13;137.681;1.231;150.944;127.077
2020-03-16;131.52;1.462;173.754;149.945
2020-03-17;126.958;1.641;190.577;167.688
2020-03-18;122.499;1.825;186.97;168.355
2020-03-19;130.968;1.483;146.881;127.409
2020-03-20;134.889;1.333;140.222;119.658
2020-03-23;134.215;1.359;144.491;123.722
2020-03-24;130.113;1.516;148.862;130.083
2020-03-25;129.193;1.552;144.612;127.122
2020-03-26;135.902;1.295;121.982;104.319
2020-03-27;136.833;1.261;129.228;110.068
2020-03-30;134.534;1.346;135.235;116.111
2020-03-31;131.462;1.463;147.518;128.879
2020-04-01;131.12;1.476;152.046;132.8
2020-04-02;131.479;1.462;154.397;134.427
2020-04-03;130.98;1.481;157.649;137.453
2020-04-06;131.192;1.472;153.175;133.507
2020-04-07;129.293;1.546;150.645;132.485
2020-04-08;128.73;1.568;155.002;136.579
2020-04-09;130.243;1.509;155.683;136.199
2020-04-10;130.243;1.509;153.984;134.797
2020-04-13;130.243;1.509;153.706;134.588
2020-04-14;128.744;1.568;162.823;143.512
2020-04-15;128.563;1.575;171.051;150.669
2020-04-16;129.459;1.539;168.995;148.202
2020-04-17;130.362;1.503;164.893;144.027
2020-04-20;128.244;1.587;169.682;149.746
2020-04-21;125.66;1.691;180.801;161.272
2020-04-22;122.627;1.817;185.136;167.436
2020-04-23;125.532;1.696;179.325;159.881
2020-04-24;128.104;1.592;175.576;154.628
2020-04-27;129.634;1.531;167.718;146.728
2020-04-28;130.356;1.503;165.744;144.635
2020-04-29;131.138;1.472;164.616;143.149
2020-04-30;132.365;1.424;168.364;145.688
2020-05-01;132.365;1.424;167.981;145.324
2020-05-04;131.153;1.471;168.629;146.822
2020-05-05;130.457;1.498;171.644;149.964
2020-05-06;128.623;1.57;173.073;152.504
2020-05-07;128.912;1.558;174.77;153.711
2020-05-08;129.519;1.534;171.122;150.225
2020-05-11;128.783;1.563;174.841;153.859
2020-05-12;129.691;1.527;175.551;153.703
2020-05-13;131.322;1.464;171.807;149.307
2020-05-14;130.986;1.476;173.599;151.073
2020-05-15;130.308;1.503;175.213;152.904
2020-05-18;130.637;1.49;169.519;147.832
2020-05-19;132.948;1.4;161.909;139.659
2020-05-20;133.074;1.395;161.365;139.164
2020-05-21;132.852;1.404;162.624;140.524
2020-05-22;132.616;1.413;162.878;140.9
2020-05-25;132.801;1.405;162.055;140.03
2020-05-26;132.796;1.405;158.236;136.731
2020-05-27;134.633;1.336;149.708;128.384
2020-05-28;136.174;1.278;143.465;122.369
2020-05-29;136.584;1.262;142.984;121.85
2020-06-01;135.84;1.29;140.042;119.86
2020-06-02;136.219;1.276;138.799;118.678
2020-06-03;134.88;1.326;138.423;119.062
2020-06-04;135.733;1.293;129.442;111.113
2020-06-05;134.916;1.324;129.108;111.318
2020-06-08;134.875;1.325;133.577;115.053
2020-06-09;132.874;1.401;141.24;122.59
2020-06-10;132.414;1.418;145.659;126.598
2020-06-11;133.675;1.37;149.413;128.97
2020-06-12;134.484;1.339;147.615;127.119
2020-06-15;135.014;1.319;145.912;125.459
2020-06-16;135.954;1.284;140.607;120.446
2020-06-17;135.574;1.298;141.732;121.641
2020-06-18;137.173;1.238;139.286;118.664
2020-06-19;137.723;1.218;136.323;115.916
2020-06-22;138.31;1.196;136.025;115.454
2020-06-23;137.414;1.229;134.867;115.099
2020-06-24;138.197;1.2;135.838;115.336
2020-06-25;138.636;1.184;137.223;116.166
2020-06-26;139.122;1.166;137.994;116.585
2020-06-29;138.669;1.182;138.63;117.374
2020-06-30;138.602;1.185;136.18;115.469
2020-07-01;137.492;1.225;136.818;116.551
2020-07-02;138.86;1.175;133.14;112.786
2020-07-03;139.033;1.168;131.064;111.021
2020-07-06;139.57;1.149;129.164;109.203
2020-07-07;139.958;1.135;128.496;108.373
2020-07-08;140.423;1.118;129.308;108.771
2020-07-09;140.545;1.113;131.559;110.577
2020-07-10;140.322;1.121;133.099;111.916
2020-07-13;139.151;1.163;131.952;111.593
2020-07-14;140.383;1.119;132.786;111.611
2020-07-15;140.097;1.129;133.396;112.308
2020-07-16;140.439;1.116;132.477;111.452
2020-07-17;140.275;1.122;130.611;109.961
2020-07-20;141.782;1.068;128.341;107.338
2020-07-21;141.774;1.068;128.762;107.703
2020-07-22;142.552;1.04;128.784;107.36
2020-07-23;142.915;1.027;127.29;105.941
2020-07-24;142.023;1.058;128.238;107.095
2020-07-27;142.418;1.044;131.094;109.26
2020-07-28;141.911;1.062;134.608;112.412
2020-07-29;142.116;1.055;131.197;109.514
2020-07-30;143.034;1.022;132.056;109.771
2020-07-31;142.546;1.039;130.269;108.586
2020-08-03;142.686;1.034;130.071;108.395
2020-08-04;144.616;0.966;126.732;104.731
2020-08-05;143.75;0.996;124.619;103.364
2020-08-06;144.66;0.964;123.305;101.927
2020-08-07;144.825;0.958;120.464;99.517
2020-08-10;145.444;0.937;119.959;98.88
2020-08-11;144.717;0.962;115.756;95.785
2020-08-12;143.888;0.991;116.038;96.367
2020-08-13;142.194;1.05;118.335;98.992
2020-08-14;142.635;1.034;117.875;98.417
2020-08-17;143.486;1.004;117.675;97.89
2020-08-18;143.932;0.988;117.223;97.34
2020-08-19;144.126;0.981;117.582;97.585
2020-08-20;144.26;0.976;119.714;99.246
2020-08-21;144.008;0.985;120.582;100.097
2020-08-24;143.046;1.018;122.247;101.91
2020-08-25;141.154;1.085;123.429;103.763
2020-08-26;141.4;1.077;120.382;101.112
2020-08-27;140.544;1.107;120.17;101.358
2020-08-28;140.624;1.104;118.537;100.037
2020-08-31;139.835;1.132;122.078;103.361
2020-09-01;140.25;1.117;121.913;103.089
2020-09-02;142.314;1.043;120.205;100.679
2020-09-03;142.774;1.026;120.813;100.939
2020-09-04;141.937;1.056;122.001;102.292
2020-09-07;141.681;1.065;121.873;102.375
2020-09-08;142.519;1.035;122.134;102.201
2020-09-09;142.305;1.042;118.106;98.949
2020-09-10;142.274;1.043;117.082;98.049
2020-09-11;143.207;1.01;118.163;98.538
2020-09-14;143.81;0.989;116.167;96.637
2020-09-15;144.015;0.981;115.845;96.289
2020-09-16;144.329;0.97;115.056;95.495
2020-09-17;144.101;0.978;117.679;97.739
2020-09-18;143.576;0.996;118.566;98.683
2020-09-21;144.654;0.958;119.03;98.584
2020-09-22;145.165;0.94;113.546;93.913
2020-09-23;145.447;0.931;113.037;93.355
2020-09-24;144.745;0.954;115.645;95.75
2020-09-25;145.039;0.944;118.516;97.942
2020-09-28;144.951;0.947;117.069;96.801
2020-09-29;145.629;0.923;116.643;96.16
2020-09-30;144.806;0.952;116.428;96.375
2020-10-01;145.191;0.938;114.897;94.985
2020-10-02;145.637;0.922;113.55;93.709
2020-10-05;144.487;0.962;114.518;94.971
2020-10-06;145.108;0.94;112.309;92.937
2020-10-07;144.734;0.953;111.754;92.61
2020-10-08;146.01;0.909;109.316;90.086
2020-10-09;146.978;0.875;104.81;86.114
2020-10-12;148.258;0.832;101.73;83.122
2020-10-13;148.466;0.824;102.941;84.033
2020-10-14;148.776;0.814;105.386;85.886
2020-10-15;148.323;0.829;110.606;90.247
2020-10-16;148.965;0.807;108.674;88.435
2020-10-19;147.788;0.847;113.043;92.467
2020-10-20;146.94;0.875;112.823;92.571
2020-10-21;146.118;0.903;113.795;93.673
2020-10-22;145.414;0.927;113.087;93.42
2020-10-23;146.229;0.899;110.412;90.877
2020-10-26;146.823;0.878;109.239;89.698
2020-10-27;147.579;0.852;111.25;91.04
2020-10-28;147.137;0.867;114.374;93.692
2020-10-29;148.212;0.83;108.979;88.921
2020-10-30;148.111;0.834;110.222;89.049
2020-11-02;148.479;0.821;106.233;86.628
2020-11-03;148.835;0.809;102.801;83.691
2020-11-04;149.408;0.789;101.884;82.752
2020-11-05;149.424;0.788;102.362;83.185
2020-11-06;148.998;0.802;101.645;82.793
2020-11-09;146.204;0.898;101.438;83.615
2020-11-10;146.106;0.901;98.835;81.518
2020-11-11;147.014;0.869;96.742;79.518
2020-11-12;147.898;0.839;97.276;79.643
2020-11-13;148.633;0.814;95.764;78.158
2020-11-16;148.962;0.802;94.909;77.322
2020-11-17;149.74;0.776;93.612;76.052
2020-11-18;149.55;0.782;94.094;76.497
2020-11-19;149.959;0.768;94.978;77.076
2020-11-20;149.776;0.774;96.043;78.011
2020-11-23;149.138;0.795;97.453;79.355
2020-11-24;149.134;0.795;95.815;78.015
2020-11-25;149.529;0.782;95.33;77.474
2020-11-26;150.164;0.76;95.484;77.422
2020-11-27;150.01;0.765;96.714;78.46
2020-11-30;149.328;0.788;98.831;80.378
2020-12-01;147.933;0.835;101.073;82.684
2020-12-02;148.389;0.819;98.247;80.231
2020-12-03;149.263;0.789;96.779;78.766
2020-12-04;148.95;0.8;96.087;78.309
2020-12-07;149.908;0.767;95.495;77.553
2020-12-08;150.655;0.742;95.433;77.277
2020-12-09;150.911;0.734;94.313;76.305
2020-12-10;150.828;0.736;96.252;77.883
2020-12-11;151.657;0.708;98.722;79.506
2020-12-14;151.438;0.715;97.761;78.826
2020-12-15;152.067;0.694;94.49;75.998
2020-12-16;150.799;0.736;95.652;77.347
2020-12-17;150.626;0.741;95.39;77.196
2020-12-18;150.195;0.756;97.162;78.746
2020-12-21;149.936;0.764;98.335;79.749
2020-12-22;150.25;0.753;98.397;79.668
2020-12-23;149.556;0.776;97.193;78.932
2020-12-24;149.556;0.776;97.5;79.15
2020-12-25;149.556;0.776;97.475;79.15
2020-12-28;150.095;0.758;96.25;78.014
2020-12-29;150.017;0.76;97.008;78.671
2020-12-30;149.993;0.76;97.037;78.709
2020-12-31;149.993;0.76;97.229;78.844
2021-01-01;149.993;0.76;97.194;78.845
2021-01-04;150.526;0.742;98.826;80.041
2021-01-05;150.29;0.75;95.962;77.798
2021-01-06;149.957;0.761;94.25;76.539
2021-01-07;150.133;0.754;90.807;73.688
2021-01-08;150.372;0.746;89.714;72.772
2021-01-11;149.795;0.765;89.117;72.483
2021-01-12;148.268;0.817;91.146;74.568
2021-01-13;149.522;0.774;92.995;75.66
2021-01-14;149.724;0.767;93.649;76.157
2021-01-15;149.497;0.775;93.258;75.907
2021-01-18;148.796;0.798;93.949;76.688
2021-01-19;149.154;0.786;92.439;75.349
2021-01-20;148.998;0.791;92.123;75.161
2021-01-21;147.469;0.843;93.154;76.539
2021-01-22;147.626;0.837;94.462;77.538
2021-01-25;148.986;0.791;92.554;75.533
2021-01-26;148.803;0.797;90.535;73.962
2021-01-27;148.543;0.805;90.804;74.295
2021-01-28;148.285;0.814;90.136;73.861
2021-01-29;147.454;0.842;90.463;74.403
2021-02-01;147.408;0.843;91.409;75.201
2021-02-02;146.759;0.865;91.217;75.239
2021-02-03;146.252;0.883;88.53;73.198
2021-02-04;146.157;0.886;86.586;71.66
2021-02-05;146.056;0.889;84.507;69.991
2021-02-08;145.846;0.896;84.733;70.223
2021-02-09;145.842;0.896;84.735;70.269
2021-02-10;145.302;0.915;84.678;70.422
2021-02-11;146.049;0.888;83.45;69.177
2021-02-12;144.623;0.938;82.425;68.831
2021-02-15;143.601;0.974;81.633;68.474
2021-02-16;142.688;1.006;79.857;67.258
2021-02-17;142.76;1.004;82.532;69.452
2021-02-18;141.222;1.059;87.596;74.168
2021-02-19;140.38;1.089;84.539;71.831
2021-02-22;141.269;1.057;86.647;73.347
2021-02-23;139.82;1.109;90.829;77.359
2021-02-24;138.811;1.146;92.84;79.459
2021-02-25;137.242;1.204;94.079;80.965
2021-02-26;139.025;1.138;92.381;78.764
2021-03-01;141.334;1.053;89.823;75.872
2021-03-02;141.004;1.065;91.913;77.823
2021-03-03;138.985;1.139;89.773;76.764
2021-03-04;139.176;1.132;90.164;77.059
2021-03-05;138.815;1.145;91.212;78.035
2021-03-08;138.604;1.152;88.859;76.079
2021-03-09;139.645;1.114;87.715;74.765
2021-03-10;139.984;1.101;89.111;75.809
2021-03-11;141.389;1.05;82.694;70.003
2021-03-12;140.14;1.095;82.125;69.907
2021-03-15;140.62;1.077;82.329;69.996
2021-03-16;140.075;1.097;85.504;72.841
2021-03-17;138.06;1.172;87.079;74.89
2021-03-18;137.847;1.179;84.341;72.645
2021-03-19;138.475;1.156;83.045;71.353
2021-03-22;138.537;1.153;83.717;71.925
2021-03-23;139.806;1.106;81.327;69.456
2021-03-24;140.481;1.081;80.656;68.669
2021-03-25;140.885;1.066;82.688;70.241
2021-03-26;140.04;1.097;82.146;70.035
2021-03-29;139.307;1.124;81.363;69.637
2021-03-30;138.618;1.149;82.045;70.415
2021-03-31;138.872;1.139;81.23;69.604
2021-04-01;139.563;1.113;82.405;70.419
2021-04-02;139.563;1.113;81.791;69.889
2021-04-05;139.563;1.113;81.809;69.888
2021-04-06;138.498;1.153;86.065;73.896
2021-04-07;138.437;1.155;87.082;74.804
2021-04-08;138.678;1.145;87.135;74.78
2021-04-09;137.627;1.184;89.229;76.881
2021-04-12;137.201;1.2;89.007;76.83
2021-04-13;137.204;1.2;89.211;77.008
2021-04-14;136.467;1.228;87.69;75.959
2021-04-15;137.534;1.187;87.271;75.217
2021-04-16;137.058;1.205;86.975;75.121
2021-04-19;136.776;1.216;86.659;74.913
2021-04-20;137.15;1.201;88.414;76.262
2021-04-21;137.533;1.187;87.145;75.047
2021-04-22;137.547;1.186;86.591;74.537
2021-04-23;137.227;1.198;89.672;76.395
2021-04-26;137.129;1.201;87.304;75.288
2021-04-27;136.597;1.221;88.538;76.538
2021-04-28;136.047;1.242;88.802;77.005
2021-04-29;134.747;1.292;88.249;76.997
2021-04-30;134.598;1.297;89.225;77.93
2021-05-03;134.913;1.285;88.216;76.937
2021-05-04;135.586;1.259;90.585;78.736
2021-05-05;134.966;1.283;91.589;79.808
2021-05-06;134.577;1.297;92.934;81.129
2021-05-07;133.656;1.333;97.032;85.051
2021-05-10;134.12;1.315;94.011;82.247
2021-05-11;132.891;1.363;95.269;83.823
2021-05-12;131.847;1.404;97.626;86.285
2021-05-13;131.353;1.423;102.354;90.579
2021-05-14;131.396;1.421;103.152;91.278
2021-05-17;130.553;1.455;104.376;92.762
2021-05-18;130.846;1.443;100.301;89.05
2021-05-19;130.724;1.448;102.293;90.827
2021-05-20;131.811;1.404;98.775;87.212
2021-05-21;132.378;1.381;98.214;86.51
2021-05-24;132.625;1.372;97.978;86.219
2021-05-25;133.873;1.323;94.421;82.635
2021-05-26;134.837;1.285;95.267;82.998
2021-05-27;133.822;1.324;94.455;82.696
2021-05-28;133.829;1.324;96.345;84.354
2021-05-31;134.05;1.315;96.353;84.27
2021-06-01;133.946;1.319;95.623;83.692
2021-06-02;134.32;1.304;95.111;83.103
2021-06-03;134.036;1.315;93.846;82.119
2021-06-04;134.441;1.299;94.376;82.417
2021-06-07;133.981;1.317;94.978;83.126
2021-06-08;135.153;1.271;93.404;81.305
2021-06-09;135.783;1.247;93.737;81.348
2021-06-10;135.691;1.25;93.902;81.566
2021-06-11;136.649;1.213;91.957;79.502
2021-06-14;135.587;1.254;92.744;80.586
2021-06-15;135.268;1.266;91.864;79.924
2021-06-16;135.308;1.264;93.3;81.167
2021-06-17;134.921;1.279;96.924;84.314
2021-06-18;134.902;1.279;101.413;88.095
2021-06-21;134.782;1.284;97.191;84.528
2021-06-22;134.461;1.296;97.536;84.963
2021-06-23;134.41;1.298;97.903;85.345
2021-06-24;134.762;1.284;97.028;84.446
2021-06-25;133.123;1.348;99.264;87.086
2021-06-28;134.185;1.306;97.794;85.363
2021-06-29;133.827;1.32;95.821;83.795
2021-06-30;135.136;1.269;94.5;82.191
2021-07-01;135.489;1.255;91.536;79.512
2021-07-02;136.549;1.214;90.604;78.325
2021-07-05;135.792;1.243;90.87;78.83
2021-07-06;137.419;1.181;91.562;78.806
2021-07-07;138.01;1.159;93.481;80.249
2021-07-08;137.584;1.174;96.839;83.219
2021-07-09;137.021;1.196;96.333;82.989
2021-07-12;137.298;1.185;95.19;81.894
2021-07-13;137.675;1.17;92.433;79.43
2021-07-14;138.13;1.153;93.306;80.013
2021-07-15;138.557;1.137;94.404;80.764
2021-07-16;139.053;1.118;93.799;80.057
2021-07-19;139.599;1.098;96.96;82.463
2021-07-20;140.051;1.081;98.419;83.53
2021-07-21;139.488;1.101;95.409;81.23
2021-07-22;140.949;1.047;93.922;79.482
2021-07-23;141.532;1.025;90.378;76.313
2021-07-26;141.349;1.032;89.959;76.02
2021-07-27;141.593;1.023;90.419;76.333
2021-07-28;141.241;1.036;90.445;76.499
2021-07-29;141.15;1.039;92.286;78.057
2021-07-30;141.572;1.023;92.373;77.97
2021-08-02;142.621;0.985;92.356;77.606
2021-08-03;142.509;0.988;92.906;78.072
2021-08-04;142.535;0.987;95.318;80.048
2021-08-05;143.317;0.959;93.279;78.044
2021-08-06;142.4;0.992;90.943;76.414
2021-08-09;142.761;0.978;91.291;76.575
2021-08-10;143.198;0.963;90.038;75.39
2021-08-11;142.887;0.974;92.26;77.375
2021-08-12;143.427;0.954;89.502;74.89
2021-08-13;143.624;0.946;90.455;75.621
2021-08-16;143.169;0.963;91.367;76.53
2021-08-17;142.95;0.97;91.66;76.846
2021-08-18;143.178;0.962;91.351;76.519
2021-08-19;143.313;0.957;92.641;77.544
2021-08-20;143.604;0.946;92.136;77.037
2021-08-23;142.962;0.969;93.277;78.211
2021-08-24;142.901;0.971;92.922;77.942
2021-08-25;140.69;1.052;94.963;80.457
2021-08-26;140.419;1.062;94.508;80.145
2021-08-27;140.749;1.049;93.433;79.143
2021-08-30;141.298;1.029;92.866;78.49
2021-08-31;139.558;1.093;94.669;80.599
2021-09-01;139.33;1.101;93.457;79.656
2021-09-02;139.7;1.087;91.913;78.247
2021-09-03;139.302;1.102;90.609;77.277
2021-09-06;139.868;1.081;88.369;75.2
2021-09-07;138.638;1.127;90.195;77.158
2021-09-08;138.842;1.119;89.945;76.836
2021-09-09;140.571;1.054;86.667;73.502
2021-09-10;139.92;1.078;85.54;72.743
2021-09-13;139.844;1.081;85.083;72.394
2021-09-14;140.55;1.054;83.708;71.01
2021-09-15;139.451;1.095;83.924;71.542
2021-09-16;139.568;1.09;82.01;69.869
2021-09-17;139.413;1.096;79.501;67.801
2021-09-20;140.024;1.073;80.658;68.604
2021-09-21;140.095;1.07;81.147;68.926
2021-09-22;140.48;1.056;82.191;69.677
2021-09-23;139.105;1.107;80.792;68.88
2021-09-24;138.043;1.147;80.943;69.383
2021-09-27;138.243;1.139;80.054;68.529
2021-09-28;137.763;1.157;80.101;68.691
2021-09-29;137.694;1.159;81.47;69.903
2021-09-30;136.97;1.187;82.801;71.288
2021-10-01;137.643;1.161;81.566;70.077
2021-10-04;137.19;1.178;81.331;70.001
2021-10-05;136.719;1.196;80.015;69.019
2021-10-06;136.456;1.206;79.754;68.889
2021-10-07;136.714;1.196;77.476;66.85
2021-10-08;136.19;1.216;75.773;65.532
2021-10-11;135.874;1.228;72.423;62.725
2021-10-12;135.582;1.239;72.066;62.435
2021-10-13;137.153;1.178;74.159;63.67
2021-10-14;138.496;1.127;76.569;65.348
2021-10-15;137.899;1.149;75.79;64.86
2021-10-18;137.991;1.146;78.149;66.625
2021-10-19;136.683;1.195;79.078;67.807
2021-10-20;136.877;1.188;79.579;68.244
2021-10-21;136.948;1.185;80.86;69.171
2021-10-22;137.334;1.17;81.768;69.704
2021-10-25;137.091;1.179;80.162;68.51
2021-10-26;137.126;1.177;82.705;70.609
2021-10-27;139.055;1.104;85.529;72.27
2021-10-28;138.503;1.125;86.101;72.775
2021-10-29;137.15;1.176;96.43;81.62
2021-11-01;136.57;1.198;96.672;82.161
2021-11-02;137.398;1.166;92.841;78.995
2021-11-03;138.106;1.139;91.073;77.208
2021-11-04;138.509;1.123;88.48;75.191
2021-11-05;140.691;1.041;89.418;75.171
2021-11-08;139.202;1.097;89.385;75.621
2021-11-09;141.49;1.011;92.084;76.899
2021-11-10;139.249;1.095;93.84;79.043
2021-11-11;139.274;1.093;91.926;77.326
2021-11-12;139.267;1.094;89.847;75.753
2021-11-15;138.183;1.134;92.04;78.02
2021-11-16;138.285;1.13;88.583;75.121
2021-11-17;137.721;1.152;92.477;78.648
2021-11-18;139.197;1.095;90.367;76.247
2021-11-19;140.051;1.063;92.497;77.824
2021-11-22;138.883;1.107;93.261;78.856
2021-11-23;136.885;1.183;92.931;79.28
2021-11-24;136.43;1.2;92.882;79.443
2021-11-25;137.078;1.175;91.479;78.003
2021-11-26;138.95;1.104;92.946;78.621
2021-11-29;139.185;1.094;89.665;75.718
2021-11-30;140.645;1.04;91.456;76.601
2021-12-01;139.933;1.066;95.165;79.892
2021-12-02;140.823;1.032;92.31;77.267
2021-12-03;142.097;0.985;90.544;75.356
2021-12-06;142.556;0.968;87.559;72.748
2021-12-07;142.906;0.955;86.772;71.923
2021-12-08;140.729;1.035;88.349;73.997
2021-12-09;141.659;1.0;87.347;72.904
2021-12-10;141.945;0.99;85.47;71.278
2021-12-13;143.017;0.95;84.776;70.393
2021-12-14;143.132;0.946;83.0;68.904
2021-12-15;142.672;0.962;82.414;68.565
2021-12-16;141.29;1.013;85.537;71.599
2021-12-17;142.377;0.973;83.65;69.698
2021-12-20;141.639;1.0;82.219;68.8
2021-12-21;138.993;1.099;84.831;71.842
2021-12-22;138.614;1.113;85.133;72.188
2021-12-23;137.152;1.168;85.023;72.529
2021-12-24;137.152;1.168;85.011;72.557
2021-12-27;137.205;1.166;85.635;72.981
2021-12-28;137.24;1.165;85.381;72.755
2021-12-29;135.338;1.238;85.742;73.71
2021-12-30;135.046;1.249;86.932;74.856
2021-12-31;135.046;1.249;86.625;74.569
2022-01-03;134.164;1.284;86.442;74.696
2022-01-04;134.425;1.273;84.778;73.223
2022-01-05;134.234;1.281;85.867;74.246
2022-01-06;133.82;1.297;87.095;75.309
2022-01-07;133.449;1.311;88.36;76.479
2022-01-10;133.588;1.306;85.66;74.113
2022-01-11;133.307;1.317;85.773;74.298
2022-01-12;134.063;1.287;90.483;75.684
2022-01-13;135.328;1.236;86.594;74.271
2022-01-14;134.195;1.281;85.306;73.508
2022-01-17;133.772;1.297;86.38;74.538
2022-01-18;133.414;1.312;87.147;75.324
2022-01-19;133.044;1.326;87.969;76.159
2022-01-20;133.762;1.297;86.856;74.892
2022-01-21;134.473;1.269;87.68;75.34
2022-01-24;134.46;1.269;89.486;76.943
2022-01-25;133.672;1.3;89.176;76.934
2022-01-26;132.614;1.343;92.516;80.156
2022-01-27;133.367;1.312;92.873;80.077
2022-01-28;132.736;1.337;93.25;80.607
2022-01-31;131.66;1.381;94.453;81.953
2022-02-01;130.836;1.414;94.114;82.004
2022-02-02;131.237;1.398;93.563;81.228
2022-02-03;128.704;1.502;101.735;89.051
2022-02-04;127.377;1.557;102.412;89.977
2022-02-07;126.29;1.603;100.282;88.593
2022-02-08;124.828;1.666;97.39;86.774
2022-02-09;125.39;1.642;99.628;88.545
2022-02-10;123.523;1.723;101.491;90.842
2022-02-11;122.561;1.765;99.68;89.628
2022-02-14;122.476;1.769;98.095;88.305
2022-02-15;122.02;1.789;98.611;89.099
2022-02-16;122.422;1.771;100.127;90.381
2022-02-17;123.625;1.718;97.121;87.164
2022-02-18;123.512;1.722;97.056;87.242
2022-02-21;123.036;1.743;97.971;88.267
2022-02-22;122.646;1.761;96.69;87.226
2022-02-23;123.255;1.734;95.435;85.748
2022-02-24;124.648;1.672;89.181;79.711
2022-02-25;123.367;1.728;88.149;79.167
2022-02-28;125.261;1.645;86.236;76.923
2022-03-01;129.769;1.455;83.486;72.948
2022-03-02;127.24;1.561;89.232;78.721
2022-03-03;127.027;1.569;89.556;79.048
2022-03-04;128.084;1.524;91.546;80.237
2022-03-07;127.975;1.529;92.574;80.997
2022-03-08;126.327;1.599;88.286;77.983
2022-03-09;124.669;1.67;85.483;75.994
2022-03-10;122.2;1.779;93.147;83.664
2022-03-11;123.667;1.714;88.219;78.575
2022-03-14;121.155;1.825;86.011;77.725
2022-03-15;121.674;1.802;83.392;75.25
2022-03-16;121.327;1.818;84.993;76.775
2022-03-17;121.697;1.801;86.361;77.877
2022-03-18;121.905;1.791;85.072;76.636
2022-03-21;119.906;1.882;84.318;76.78
2022-03-22;120.282;1.864;81.795;74.232
2022-03-23;121.038;1.83;85.003;76.834
2022-03-24;120.308;1.863;81.996;74.33
2022-03-25;119.983;1.878;79.423;72.051
2022-03-28;120.06;1.874;80.821;73.166
2022-03-29;119.639;1.893;77.753;70.52
2022-03-30;118.848;1.93;80.907;73.601
2022-03-31;120.488;1.854;78.685;71.178
2022-04-01;119.566;1.896;82.012;74.425
2022-04-04;120.141;1.87;82.42;74.608
2022-04-05;117.68;1.983;84.065;77.02
2022-04-06;116.702;2.029;81.741;75.289
2022-04-07;116.685;2.03;80.057;73.705
2022-04-08;116.53;2.037;78.021;71.839
2022-04-11;115.444;2.089;72.438;67.034
2022-04-12;115.814;2.071;68.345;63.208
2022-04-13;115.883;2.068;71.054;65.714
2022-04-14;113.868;2.165;68.676;64.224
2022-04-15;113.868;2.165;68.454;64.006
2022-04-18;113.868;2.165;68.475;64.006
2022-04-19;112.313;2.242;69.8;65.884
2022-04-20;113.178;2.199;72.714;68.199
2022-04-21;111.341;2.29;76.175;72.072
2022-04-22;111.145;2.3;76.489;72.267
2022-04-25;112.544;2.23;75.462;70.984
2022-04-26;113.039;2.205;74.905;70.195
2022-04-27;112.842;2.215;73.21;68.801
2022-04-28;110.739;2.32;73.436;69.778
2022-04-29;109.23;2.397;77.88;74.5
2022-05-02;108.458;2.437;77.209;74.18
2022-05-03;108.623;2.428;81.525;77.994
2022-05-04;108.113;2.455;86.144;82.527
2022-05-05;106.465;2.542;86.239;83.576
2022-05-06;105.596;2.588;81.888;79.597
2022-05-09;105.469;2.595;79.607;77.469
2022-05-10;107.651;2.479;76.735;73.848
2022-05-11;109.11;2.403;70.216;67.191
2022-05-12;111.46;2.283;73.474;69.585
2022-05-13;108.876;2.415;76.53;73.626
2022-05-16;108.934;2.412;79.437;76.373
2022-05-17;106.813;2.523;85.586;83.04
2022-05-18;107.398;2.492;86.395;83.385
2022-05-19;108.413;2.439;86.146;82.529
2022-05-20;106.84;2.521;91.755;89.046
2022-05-23;105.309;2.603;93.174;91.236
2022-05-24;105.665;2.584;92.491;90.575
2022-05-25;106.06;2.563;85.253;83.443
2022-05-26;105.321;2.602;81.553;80.227
2022-05-27;106.221;2.554;82.974;81.234
2022-05-30;104.56;2.644;86.372;85.246
2022-05-31;103.112;2.723;87.458;87.051
2022-06-01;101.647;2.805;89.076;89.47
2022-06-02;100.512;2.87;92.246;93.132
2022-06-03;99.583;2.924;95.267;96.662
2022-06-06;98.82;2.968;96.238;98.171
2022-06-07;99.883;2.906;91.858;93.008
2022-06-08;98.895;2.964;90.462;92.26
2022-06-09;97.51;3.046;95.747;98.107
2022-06-10;96.57;3.102;95.356;97.989
2022-06-13;94.026;3.258;101.885;106.106
2022-06-14;91.574;3.414;98.011;103.638
2022-06-15;94.122;3.252;91.609;95.319
2022-06-16;94.822;3.209;84.031;86.609
2022-06-17;95.932;3.141;81.647;83.875
2022-06-20;94.099;3.254;81.459;84.693
2022-06-21;93.899;3.266;78.558;81.93
2022-06-22;96.143;3.128;77.182;79.299
2022-06-23;98.249;3.002;79.174;80.433
2022-06-24;98.025;3.015;80.544;82.124
2022-06-27;96.749;3.091;81.598;83.685
2022-06-28;95.58;3.163;81.635;84.393
2022-06-29;97.355;3.055;75.876;77.51
2022-06-30;99.489;2.929;78.019;78.94
2022-07-01;100.887;2.848;74.576;75.081
2022-07-04;98.834;2.967;75.251;76.743
2022-07-05;100.709;2.859;74.674;75.41
2022-07-06;99.928;2.904;81.896;83.237
2022-07-07;98.732;2.973;82.552;84.269
2022-07-08;98.167;3.007;82.233;84.186
2022-07-11;99.139;2.95;80.568;82.105
2022-07-12;101.306;2.825;81.666;81.926
2022-07-13;101.672;2.804;83.889;83.97
2022-07-14;101.512;2.813;83.336;83.328
2022-07-15;102.114;2.779;81.771;81.317
2022-07-18;101.015;2.841;81.673;81.784
2022-07-19;101.026;2.84;79.869;79.917
2022-07-20;101.042;2.84;83.352;83.219
2022-07-21;101.218;2.829;86.663;86.361
2022-07-22;103.768;2.686;83.747;82.267
2022-07-25;103.89;2.679;86.549;85.163
2022-07-26;105.253;2.605;87.028;85.151
2022-07-27;104.739;2.633;88.132;86.434
2022-07-28;107.013;2.51;83.668;80.916
2022-07-29;109.62;2.373;77.377;73.582
2022-08-01;110.427;2.332;74.493;70.39
2022-08-02;109.167;2.397;79.177;75.468
2022-08-03;108.916;2.41;80.381;76.693
2022-08-04;110.152;2.346;78.033;73.94
2022-08-05;107.817;2.467;74.422;71.377
2022-08-08;108.307;2.441;74.591;71.318
2022-08-09;107.637;2.477;74.687;71.789
2022-08-10;108.055;2.455;74.219;71.022
2022-08-11;106.384;2.543;74.863;72.424
2022-08-12;105.796;2.575;80.05;77.723
2022-08-15;107.298;2.494;80.404;77.484
2022-08-16;105.57;2.587;83.981;81.781
2022-08-17;103.84;2.682;85.361;83.896
2022-08-18;103.647;2.693;87.571;85.958
2022-08-19;101.453;2.816;85.723;85.138
2022-08-22;99.943;2.903;86.771;86.721
2022-08-23;99.575;2.924;85.357;85.531
2022-08-24;98.779;2.971;84.436;84.931
2022-08-25;99.562;2.925;83.529;83.687
2022-08-26;98.263;3.002;86.235;87.122
2022-08-29;97.411;3.053;80.383;81.518
2022-08-30;97.467;3.049;81.24;82.008
2022-08-31;96.984;3.078;83.462;84.573
2022-09-01;96.078;3.134;83.529;85.295
2022-09-02;96.377;3.115;80.73;82.293
2022-09-05;95.679;3.158;78.719;80.627
2022-09-06;95.359;3.178;78.92;80.736
2022-09-07;96.777;3.091;83.898;84.83
2022-09-08;95.801;3.151;85.366;87.122
2022-09-09;95.197;3.188;82.981;85.347
2022-09-12;95.908;3.144;85.719;87.432
2022-09-13;95.377;3.177;81.228;82.952
2022-09-14;95.59;3.164;85.05;86.695
2022-09-15;95.235;3.186;89.24;91.0
2022-09-16;95.333;3.18;91.421;93.074
2022-09-19;94.338;3.242;92.566;94.629
2022-09-20;92.471;3.36;93.504;96.82
2022-09-21;93.752;3.279;91.61;93.861
2022-09-22;93.532;3.293;85.977;86.85
2022-09-23;93.035;3.324;90.15;92.073
2022-09-26;91.744;3.408;90.266;92.687
2022-09-27;89.217;3.575;90.745;94.723
2022-09-28;90.62;3.481;86.411;89.482
2022-09-29;88.812;3.603;86.833;91.604
2022-09-30;89.622;3.548;84.398;88.681
2022-10-03;92.421;3.364;84.622;87.3
2022-10-04;92.638;3.35;85.768;88.56
2022-10-05;89.615;3.549;90.186;95.187
2022-10-06;89.7;3.543;85.756;90.032
2022-10-07;87.971;3.66;85.842;91.129
2022-10-10;86.767;3.744;79.078;84.792
2022-10-11;86.855;3.738;78.864;84.584
2022-10-12;85.458;3.837;84.339;91.513
2022-10-13;86.574;3.758;84.227;90.598
2022-10-14;85.127;3.861;85.452;93.208
2022-10-17;86.43;3.768;86.151;92.848
2022-10-18;86.432;3.768;87.057;93.963
2022-10-19;85.73;3.818;90.051;97.567
2022-10-20;85.731;3.818;86.889;94.27
2022-10-21;85.086;3.864;89.756;98.18
2022-10-24;86.958;3.732;85.18;91.863
2022-10-25;89.468;3.56;85.585;90.698
2022-10-26;89.83;3.536;84.497;89.54
2022-10-27;91.972;3.394;78.34;82.112
2022-10-28;90.387;3.499;80.153;84.857
2022-10-31;89.271;3.573;81.48;86.753
2022-11-01;89.338;3.569;80.272;85.444
2022-11-02;89.455;3.561;81.946;86.926
2022-11-03;88.873;3.601;77.44;82.393
2022-11-04;88.409;3.632;77.231;82.303
2022-11-07;88.154;3.65;77.549;82.811
2022-11-08;89.364;3.567;78.412;82.935
2022-11-09;90.657;3.481;80.165;84.095
2022-11-10;92.877;3.336;75.479;78.311
2022-11-11;90.339;3.502;82.9;87.537
2022-11-14;90.373;3.5;84.432;89.07
2022-11-15;91.691;3.413;82.528;86.418
2022-11-16;93.31;3.309;81.852;84.724
2022-11-17;93.238;3.313;81.257;84.073
2022-11-18;93.818;3.276;77.421;79.658
2022-11-21;93.9;3.271;80.007;82.348
2022-11-22;94.188;3.253;82.196;84.42
2022-11-23;95.875;3.148;79.04;80.152
2022-11-24;97.372;3.056;79.445;79.733
2022-11-25;95.389;3.178;83.38;84.619
2022-11-28;95.073;3.198;83.675;84.911
2022-11-29;95.894;3.147;80.275;81.116
2022-11-30;95.655;3.161;82.893;83.954
2022-12-01;97.256;3.063;83.692;83.918
2022-12-02;96.747;3.094;87.363;87.716
2022-12-05;96.72;3.096;88.601;88.704
2022-12-06;97.768;3.032;88.963;88.524
2022-12-07;98.233;3.004;85.398;84.807
2022-12-08;97.261;3.063;92.617;92.4
2022-12-09;95.852;3.149;93.406;93.927
2022-12-12;96.206;3.128;94.377;94.431
2022-12-13;96.664;3.1;87.463;87.538
2022-12-14;95.6;3.165;92.154;93.131
2022-12-15;93.465;3.3;100.461;102.662
2022-12-16;92.307;3.374;97.747;100.481
2022-12-19;91.438;3.431;98.82;102.24
2022-12-20;89.855;3.536;98.828;103.374
2022-12-21;89.796;3.54;94.165;98.552
2022-12-22;89.189;3.581;93.254;98.088
2022-12-23;88.555;3.625;94.432;99.755
2022-12-26;88.555;3.625;94.144;99.252
2022-12-27;86.8;3.747;93.661;100.274
2022-12-28;86.783;3.748;97.506;104.223
2022-12-29;87.649;3.687;98.088;104.283
2022-12-30;85.248;3.857;100.232;108.609
2023-01-02;86.801;3.747;103.81;111.033
2023-01-03;87.994;3.664;102.386;108.638
2023-01-04;89.859;3.537;97.282;101.994
2023-01-05;88.804;3.608;96.831;102.356
2023-01-06;89.974;3.529;99.198;103.998
2023-01-09;89.532;3.559;99.652;104.914
2023-01-10;88.754;3.612;99.29;105.058
2023-01-11;90.876;3.469;98.406;102.561
2023-01-12;91.316;3.44;99.843;104.159
2023-01-13;90.591;3.488;102.729;107.605
2023-01-16;90.691;3.481;102.39;107.215
2023-01-17;91.983;3.396;101.024;104.897
2023-01-18;94.121;3.259;93.963;96.173
2023-01-19;93.833;3.277;94.968;97.351
2023-01-20;91.152;3.451;97.098;101.407
2023-01-23;90.431;3.499;95.538;100.263
2023-01-24;91.838;3.406;92.793;96.342
2023-01-25;91.5;3.428;91.188;95.011
2023-01-26;90.429;3.499;93.453;98.26
2023-01-27;89.947;3.532;94.529;99.711
2023-01-30;88.934;3.601;96.784;102.615
2023-01-31;89.35;3.572;95.516;100.979
2023-02-01;89.393;3.569;98.381;103.977
2023-02-02;92.728;3.348;90.376;93.633
2023-02-03;90.602;3.488;92.312;97.191
2023-02-06;89.568;3.558;91.891;97.26
2023-02-07;88.858;3.606;93.743;99.519
2023-02-08;88.702;3.617;95.912;102.0
2023-02-09;89.597;3.556;95.559;100.937
2023-02-10;88.696;3.618;96.512;102.64
2023-02-13;88.92;3.602;94.464;100.19
2023-02-14;88.131;3.657;93.737;99.845
2023-02-15;86.991;3.736;95.516;102.675
2023-02-16;86.784;3.751;96.151;103.605
2023-02-17;87.215;3.721;96.807;103.9
2023-02-20;86.962;3.738;96.627;103.884
2023-02-21;85.66;3.831;99.305;107.67
2023-02-22;85.508;3.842;96.616;105.083
2023-02-23;86.356;3.782;94.815;102.532
2023-02-24;85.7;3.829;94.269;102.35
2023-02-27;85.153;3.868;91.025;99.318
2023-02-28;84.427;3.921;91.242;99.93
2023-03-01;83.893;3.96;92.078;101.213
2023-03-02;83.31;4.004;92.858;102.479
2023-03-03;84.091;3.946;92.185;101.225
2023-03-06;83.707;3.975;95.005;104.573
2023-03-07;84.089;3.946;96.21;105.589
2023-03-08;85.018;3.879;95.711;104.095
2023-03-09;84.828;3.893;94.516;103.201
2023-03-10;85.655;3.833;96.197;104.497
2023-03-13;87.432;3.707;97.386;104.204
2023-03-14;86.062;3.804;97.711;106.652
2023-03-15;88.41;3.639;100.708;106.945
2023-03-16;86.76;3.754;100.107;108.477
2023-03-17;88.973;3.6;99.482;105.82
2023-03-20;89.042;3.596;97.089;103.239
2023-03-21;87.708;3.688;98.702;106.179
2023-03-22;87.523;3.701;96.049;103.23
2023-03-23;88.428;3.638;94.536;101.103
2023-03-24;88.859;3.609;96.025;102.399
2023-03-27;87.775;3.684;96.006;103.445
2023-03-28;86.881;3.747;95.612;103.643
2023-03-29;86.865;3.748;93.393;101.237
2023-03-30;86.471;3.776;92.836;100.896
2023-03-31;87.849;3.679;90.548;97.437
2023-04-03;88.363;3.643;91.919;98.461
2023-04-04;87.911;3.675;93.763;100.861
2023-04-05;88.739;3.618;93.661;100.485
2023-04-06;88.375;3.643;94.325;101.571
2023-04-07;88.375;3.643;94.257;101.528
2023-04-10;88.375;3.643;94.324;101.525
2023-04-11;86.773;3.755;95.128;103.56
2023-04-12;86.148;3.8;95.12;103.913
2023-04-13;85.881;3.819;95.737;104.896
2023-04-14;85.278;3.863;96.801;106.523
2023-04-17;84.966;3.885;94.777;104.436
2023-04-18;85.145;3.872;93.867;103.293
2023-04-19;84.628;3.91;94.559;104.308
2023-04-20;85.233;3.866;93.334;102.635
2023-04-21;84.758;3.901;93.257;102.98
2023-04-24;84.45;3.924;93.464;103.404
2023-04-25;85.773;3.828;94.173;103.171
2023-04-26;85.322;3.86;93.113;102.506
2023-04-27;84.591;3.914;94.667;104.845
2023-04-28;86.459;3.779;93.165;101.783
2023-05-01;86.459;3.779;92.374;100.898
2023-05-02;86.618;3.768;94.563;103.341
2023-05-03;86.807;3.754;95.184;103.755
2023-05-04;86.64;3.766;96.563;105.739
2023-05-05;85.493;3.849;95.833;106.146
2023-05-08;85.268;3.865;95.496;105.783
2023-05-09;84.651;3.91;96.036;106.959
2023-05-10;85.405;3.855;96.452;106.845
2023-05-11;86.248;3.795;96.657;106.346
2023-05-12;85.526;3.847;96.465;106.767
2023-05-15;85.197;3.871;95.891;106.402
2023-05-16;84.552;3.918;96.302;107.357
2023-05-17;84.844;3.897;97.705;108.444
2023-05-18;83.152;4.022;97.789;110.07
2023-05-19;83.952;3.963;95.759;107.081
2023-05-22;83.471;3.999;97.137;108.779
2023-05-23;83.29;4.012;97.362;109.121
2023-05-24;83.265;4.014;98.988;110.746
2023-05-25;82.7;4.057;99.422;111.633
2023-05-26;82.547;4.069;99.624;112.014
2023-05-29;84.016;3.959;99.902;110.855
2023-05-30;85.18;3.873;98.654;108.718
2023-05-31;85.659;3.838;97.342;107.16
2023-06-01;86.172;3.802;95.934;105.534
2023-06-02;85.938;3.819;95.277;104.857
2023-06-05;85.245;3.869;95.536;105.554
2023-06-06;85.285;3.866;94.398;104.472
2023-06-07;84.108;3.953;96.165;107.242
2023-06-08;84.912;3.894;96.042;106.477
2023-06-09;85.643;3.841;94.716;104.381
2023-06-12;85.694;3.837;;
2023-06-13;85.453;3.854;92.549;101.94
2023-06-14;85.01;3.887;93.836;103.73
2023-06-15;85.024;3.886;92.89;102.434
2023-06-16;86.14;3.805;90.137;98.488
2023-06-19;85.417;3.858;89.243;97.964
2023-06-20;86.828;3.756;90.259;97.902
2023-06-21;86.659;3.768;90.62;98.365
2023-06-22;85.976;3.817;91.888;100.146
2023-06-23;86.969;3.746;95.428;103.236
2023-06-26;87.359;3.719;94.89;102.41
2023-06-27;87.207;3.73;94.375;101.76
2023-06-28;87.667;3.697;93.821;100.836
2023-06-29;86.462;3.783;95.507;103.656
2023-06-30;86.638;3.771;97.299;105.396
2023-07-03;86.369;3.79;97.369;105.39
2023-07-04;85.833;3.829;95.969;104.61
2023-07-05;85.577;3.847;94.421;103.201
2023-07-06;83.907;3.97;94.783;104.729
2023-07-07;83.689;3.987;93.448;103.433
2023-07-10;83.719;3.985;93.613;103.531
2023-07-11;83.315;4.015;94.89;105.341
2023-07-12;84.509;3.926;92.964;102.414
2023-07-13;85.594;3.847;91.223;99.972
2023-07-14;85.131;3.881;92.734;101.955
2023-07-17;85.435;3.859;93.97;102.949
2023-07-18;86.904;3.753;93.512;101.323
2023-07-19;86.292;3.797;91.887;100.027
2023-07-20;85.911;3.824;90.312;98.611
2023-07-21;86.125;3.809;89.795;97.87
2023-07-24;86.416;3.788;90.203;98.139
2023-07-25;86.324;3.795;92.136;100.297
2023-07-26;85.617;3.846;91.798;100.461
2023-07-27;85.836;3.83;89.546;98.055
2023-07-28;85.253;3.873;90.335;99.46
2023-07-31;85.285;3.871;90.382;99.926
2023-08-01;84.298;3.943;90.515;100.497
2023-08-02;84.178;3.952;92.354;102.603
2023-08-03;83.379;4.013;90.63;101.472
2023-08-04;83.941;3.97;92.442;102.976
2023-08-07;83.235;4.024;90.938;101.897
2023-08-08;85.018;3.891;91.256;100.87
2023-08-09;84.638;3.919;91.873;101.827
2023-08-10;84.505;3.929;90.212;100.231
2023-08-11;83.304;4.019;90.012;100.932
2023-08-14;83.164;4.03;90.486;101.371
2023-08-15;82.54;4.077;91.574;103.127
2023-08-16;82.491;4.081;93.106;104.839
2023-08-17;81.704;4.142;92.418;104.963
2023-08-18;82.489;4.082;92.709;104.696
2023-08-21;81.461;4.161;93.467;106.406
2023-08-22;82.56;4.076;93.181;104.982
2023-08-23;84.094;3.961;92.175;102.682
2023-08-24;84.126;3.959;92.701;103.354
2023-08-25;83.462;4.008;93.254;104.475
2023-08-28;83.494;4.006;92.529;103.622
2023-08-29;84.245;3.95;93.297;103.873
2023-08-30;83.714;3.99;94.744;105.855
2023-08-31;84.604;3.924;93.972;104.356
2023-09-01;83.362;4.017;93.411;104.986
2023-09-04;83.119;4.035;94.056;105.732
2023-09-05;82.406;4.09;94.774;107.26
2023-09-06;82.1;4.113;96.94;109.868
2023-09-07;82.81;4.059;94.407;106.627
2023-09-08;82.844;4.057;94.462;106.601
2023-09-11;82.093;4.114;96.706;109.63
2023-09-12;82.054;4.117;97.049;110.084
2023-09-13;81.919;4.128;98.178;111.327
2023-09-14;82.608;4.075;96.948;109.672
2023-09-15;81.232;4.182;98.522;112.76
2023-09-18;80.893;4.209;98.216;112.573
2023-09-19;80.749;4.22;97.739;112.096
2023-09-20;81.17;4.187;96.862;110.781
2023-09-21;80.67;4.227;96.817;111.311
2023-09-22;80.262;4.259;97.707;112.785
2023-09-25;79.149;4.348;96.236;112.186
2023-09-26;78.706;4.385;99.266;116.123
2023-09-27;78.444;4.406;99.096;116.049
2023-09-28;77.67;4.47;99.881;117.661
2023-09-29;78.487;4.403;98.457;115.385
2023-10-02;77.556;4.48;96.231;113.685
2023-10-03;76.343;4.582;100.352;119.799
2023-10-04;77.21;4.509;99.296;117.468
2023-10-05;77.11;4.518;101.983;121.075
2023-10-06;77.134;4.516;101.27;120.227
2023-10-09;77.921;4.451;102.695;121.277
2023-10-10;78.509;4.403;99.806;117.199
2023-10-11;79.795;4.298;99.843;115.79
2023-10-12;78.879;4.373;98.975;115.734
2023-10-13;79.065;4.358;101.313;118.176
2023-10-16;78.629;4.394;99.882;117.082
2023-10-17;77.613;4.477;101.598;119.874
2023-10-18;76.953;4.533;102.113;121.281
2023-10-19;77.332;4.501;98.903;117.094
2023-10-20;77.404;4.496;98.319;116.515
2023-10-23;77.832;4.46;98.517;116.293
2023-10-24;78.057;4.442;99.305;117.123
2023-10-25;77.165;4.516;99.757;118.625
2023-10-26;77.373;4.499;100.04;118.894
2023-10-27;77.59;4.481;99.243;117.984
2023-10-30;78.097;4.439;97.039;114.834
2023-10-31;78.066;4.442;97.563;115.6
2023-11-01;78.427;4.412;98.281;116.234
2023-11-02;79.42;4.332;98.474;115.452
2023-11-03;80.623;4.235;98.275;114.093
2023-11-06;79.279;4.343;101.218;118.733
2023-11-07;80.536;4.243;101.787;117.909
2023-11-08;81.437;4.172;102.689;117.81
2023-11-09;80.718;4.228;101.774;117.822
2023-11-10;79.838;4.299;104.288;121.374
2023-11-13;80.129;4.276;103.235;119.775
2023-11-14;81.576;4.161;102.019;117.076
2023-11-15;81.244;4.187;98.92;114.025
2023-11-16;82.178;4.115;95.869;109.9
2023-11-17;82.181;4.115;97.804;111.954
2023-11-20;82.308;4.105;98.168;112.095
2023-11-21;82.881;4.061;97.671;111.039
2023-11-22;83.096;4.045;97.831;110.93
2023-11-23;82.3;4.106;97.951;111.802
2023-11-24;82.18;4.115;96.903;110.705
2023-11-27;83.104;4.044;96.135;109.257
2023-11-28;83.355;4.025;96.728;109.962
2023-11-29;84.026;3.975;97.132;109.756
2023-11-30;83.594;4.008;98.933;112.376
2023-12-01;84.701;3.924;98.099;110.71
2023-12-04;84.873;3.912;100.212;112.864
2023-12-05;86.796;3.771;101.716;112.592
2023-12-06;87.787;3.7;100.44;110.233
2023-12-07;87.679;3.708;100.356;110.569
2023-12-08;86.387;3.801;102.208;113.563
2023-12-11;86.353;3.803;102.912;114.154
2023-12-12;87.287;3.736;102.888;113.253
2023-12-13;88.329;3.662;101.067;110.459
2023-12-14;89.265;3.596;98.364;107.111
2023-12-15;90.639;3.501;100.164;108.036
2023-12-18;89.78;3.56;98.916;107.374
2023-12-19;91.234;3.461;96.556;103.606
2023-12-20;92.022;3.408;97.082;103.542
2023-12-21;92.129;3.401;94.649;101.223
2023-12-22;92.262;3.392;91.16;97.59
2023-12-25;92.262;3.392;91.137;97.408
2023-12-27;93.107;3.336;94.255;99.979
2023-12-28;91.706;3.429;97.02;104.196
2023-12-29;90.504;3.511;97.454;105.622
2024-01-01;90.504;3.511;97.157;105.093
2024-01-02;89.657;3.57;99.528;108.246
2024-01-03;89.739;3.564;102.879;111.801
2024-01-04;88.444;3.655;103.569;113.57
2024-01-05;87.915;3.693;103.924;114.204
2024-01-08;88.358;3.661;103.084;112.792
2024-01-09;87.706;3.708;102.398;112.657
2024-01-10;87.697;3.708;101.464;111.549
2024-01-11;87.88;3.695;100.61;110.627
2024-01-12;88.507;3.651;99.929;109.588
2024-01-15;87.869;3.696;100.926;111.076
2024-01-16;87.501;3.723;101.294;111.819
2024-01-17;87.114;3.751;103.106;113.898
2024-01-18;86.685;3.782;101.833;112.82
2024-01-19;87.157;3.748;101.6;112.034
2024-01-22;87.637;3.713;101.488;111.386
2024-01-23;86.485;3.797;101.323;112.226
2024-01-24;86.663;3.784;101.247;112.121
2024-01-25;87.178;3.747;100.711;111.326
2024-01-26;87.027;3.758;101.311;112.167
2024-01-29;87.91;3.694;100.347;110.312
2024-01-30;87.356;3.734;101.303;111.903
2024-01-31;88.288;3.667;102.668;112.588
2024-02-01;88.462;3.655;104.595;114.518
2024-02-02;87.669;3.712;103.743;114.222
2024-02-05;86.881;3.769;102.319;113.025
2024-02-06;86.879;3.769;104.151;115.029
2024-02-07;86.33;3.809;104.994;116.495
2024-02-08;85.917;3.84;105.498;117.508
2024-02-09;85.762;3.851;105.824;117.801
2024-02-12;86.273;3.814;104.368;115.712
2024-02-13;86.339;3.809;103.793;114.935
2024-02-14;87.236;3.744;102.805;113.107
2024-02-15;87.111;3.753;101.192;111.518
2024-02-16;87.136;3.751;99.989;110.147
2024-02-19;86.756;3.779;100.083;110.491
2024-02-20;87.213;3.746;100.313;110.341
2024-02-21;86.222;3.818;102.353;113.364
2024-02-22;86.802;3.776;101.434;111.884
2024-02-23;87.922;3.695;101.231;110.689
2024-02-26;86.735;3.781;100.988;111.376
2024-02-27;86.343;3.809;101.778;112.57
2024-02-28;86.57;3.793;102.427;112.958
2024-02-29;87.288;3.741;104.416;114.571
2024-03-01;86.966;3.764;106.092;116.734
2024-03-04;87.685;3.713;103.873;113.664
2024-03-05;88.77;3.635;104.363;113.141
2024-03-06;89.276;3.6;101.386;109.464
2024-03-07;89.696;3.571;99.727;107.626
2024-03-08;89.968;3.552;100.358;108.247
2024-03-11;89.366;3.594;102.037;110.432
2024-03-12;89.331;3.596;102.215;110.5
2024-03-13;88.97;3.622;100.859;109.433
2024-03-14;87.989;3.692;101.561;110.974
2024-03-15;88.034;3.688;100.31;109.548
2024-03-18;87.99;3.692;99.189;108.294
2024-03-19;87.795;3.706;99.77;109.114
2024-03-20;87.904;3.698;100.6;109.882
2024-03-21;88.291;3.67;99.211;108.202
2024-03-22;88.967;3.623;101.183;109.864
2024-03-25;88.386;3.664;102.164;111.267
2024-03-26;88.779;3.636;101.677;110.353
2024-03-27;89.387;3.593;102.261;110.707
2024-03-28;89.054;3.617;104.894;113.776
2024-03-29;89.054;3.617;103.773;112.62
2024-04-02;87.333;3.74;104.525;114.771
2024-04-03;87.47;3.73;104.175;114.324
2024-04-04;88.425;3.662;102.0;111.145
2024-04-05;87.749;3.71;102.238;111.98
2024-04-08;87.712;3.713;101.707;111.183
2024-04-09;88.711;3.642;101.405;109.977
2024-04-10;88.202;3.678;100.717;109.611
2024-04-11;87.627;3.719;100.863;110.246
2024-04-12;88.823;3.634;99.216;107.617
2024-04-15;87.603;3.721;99.538;108.876
2024-04-16;86.86;3.775;99.52;109.372
2024-04-17;87.295;3.744;100.572;110.078
2024-04-18;87.223;3.749;98.3;107.712
2024-04-19;87.459;3.732;97.979;107.073
2024-04-22;87.943;3.697;94.097;102.534
2024-04-23;87.671;3.717;93.837;102.525
2024-04-24;86.178;3.826;95.541;105.543
2024-04-25;85.682;3.863;96.518;106.956
2024-04-26;86.558;3.798;96.86;106.563
2024-04-29;87.233;3.749;96.955;106.212
2024-04-30;86.817;3.78;97.098;106.645
2024-05-02;87.238;3.749;98.126;107.329
2024-05-03;87.72;3.714;97.82;106.8
2024-05-06;87.885;3.702;98.328;107.281
2024-05-07;88.558;3.654;98.813;107.239
2024-05-08;87.983;3.696;98.632;107.492
2024-05-09;87.268;3.747;98.867;108.485
2024-05-10;87.002;3.767;99.039;108.897
2024-05-13;87.069;3.762;99.511;109.286
2024-05-14;86.713;3.788;98.687;108.646
2024-05-15;88.482;3.66;97.363;105.895
2024-05-16;88.252;3.677;95.778;104.438
2024-05-17;87.618;3.723;95.581;104.682
2024-05-20;87.449;3.735;95.766;104.968
2024-05-21;87.666;3.719;97.034;106.171
2024-05-22;87.291;3.747;97.579;107.026
2024-05-23;86.879;3.777;97.889;107.639
2024-05-24;87.017;3.767;97.709;107.313
2024-05-27;87.464;3.734;96.565;105.742
2024-05-28;86.765;3.785;97.813;107.723
2024-05-29;85.406;3.886;97.832;108.826
2024-05-30;86.024;3.84;97.864;108.508
2024-05-31;86.053;3.838;97.345;107.935
2024-06-03;87.297;3.747;96.414;105.793
2024-06-04;87.6;3.725;97.633;106.924
2024-06-05;88.097;3.689;95.782;104.493
2024-06-06;87.727;3.716;95.57;104.683
2024-06-07;87.041;3.766;95.639;105.237
2024-06-10;85.538;3.877;98.804;109.793
2024-06-11;85.801;3.858;99.214;110.06
2024-06-12;86.923;3.775;99.219;109.207
2024-06-13;86.681;3.793;102.341;112.987
2024-06-14;87.364;3.743;106.653;116.874
2024-06-17;87.148;3.759;103.775;113.96
2024-06-18;87.66;3.722;102.747;112.521
2024-06-19;87.344;3.745;104.191;114.315
2024-06-20;87.199;3.756;101.709;111.888
2024-06-21;87.015;3.769;101.836;112.261
2024-06-24;87.149;3.759;100.315;110.517
2024-06-25;87.318;3.747;100.326;110.32
2024-06-26;86.421;3.813;102.059;112.906
2024-06-27;86.181;3.831;102.782;113.999
2024-06-28;85.851;3.856;101.987;113.401
2024-07-01;85.27;3.899;100.01;111.651
2024-07-02;85.564;3.877;99.134;110.503
2024-07-03;86.425;3.813;98.984;109.526
2024-07-04;86.277;3.825;97.911;108.532
2024-07-05;87.023;3.77;96.931;106.919
2024-07-08;87.59;3.728;94.307;103.561
2024-07-09;86.806;3.786;95.883;105.868
2024-07-10;87.6;3.728;95.171;104.44
2024-07-11;88.198;3.685;94.955;103.974
2024-07-12;87.82;3.712;94.573;103.859
2024-07-15;88.234;3.682;93.529;102.381
2024-07-16;88.758;3.645;93.772;102.321
2024-07-17;88.775;3.644;94.353;102.946
2024-07-18;88.384;3.672;94.759;103.814
2024-07-19;87.891;3.707;94.798;104.234
2024-07-22;87.783;3.715;95.089;104.441
2024-07-23;88.084;3.694;96.473;105.714
2024-07-24;87.468;3.738;97.444;107.327
2024-07-25;87.7;3.722;98.043;107.915
2024-07-26;87.815;3.713;98.406;108.298
2024-07-29;88.567;3.659;98.116;107.249
2024-07-30;88.787;3.644;97.611;106.592
2024-07-31;89.595;3.586;96.46;104.685
2024-08-01;89.81;3.571;98.261;106.649
2024-08-02;90.077;3.552;100.309;108.612
2024-08-05;89.845;3.569;101.917;110.39
2024-08-06;90.283;3.538;100.431;108.744
2024-08-07;89.271;3.61;101.558;110.584
2024-08-08;89.092;3.623;102.09;111.385
2024-08-09;89.679;3.581;102.02;111.001
2024-08-12;89.748;3.576;102.824;111.647
2024-08-13;90.435;3.528;102.205;110.41
2024-08-14;90.578;3.518;102.288;110.51
2024-08-15;89.873;3.568;100.633;110.374
2024-08-16;89.89;3.566;102.063;111.758
2024-08-19;90.13;3.55;101.493;110.745
2024-08-20;90.493;3.524;103.301;111.528
2024-08-21;90.879;3.497;101.655;109.483
2024-08-22;90.2;3.545;100.46;109.702
2024-08-23;90.608;3.516;99.268;107.438
2024-08-26;90.243;3.542;99.994;108.293
2024-08-27;89.185;3.617;102.436;111.86
2024-08-28;89.463;3.597;103.813;113.039
2024-08-29;89.277;3.611;102.724;112.203
2024-08-30;88.905;3.637;102.2;112.792
2024-09-02;88.724;3.651;100.904;111.554
2024-09-03;89.393;3.603;102.765;112.793
2024-09-04;90.263;3.541;100.255;109.561
2024-09-05;90.542;3.522;101.293;109.674
2024-09-06;90.741;3.508;101.821;110.194
2024-09-09;90.683;3.512;102.673;111.258
2024-09-10;91.058;3.486;102.82;111.239
2024-09-11;91.165;3.479;101.689;110.0
2024-09-12;90.926;3.495;100.779;108.852
2024-09-13;91.112;3.483;98.905;107.117
2024-09-16;91.447;3.459;99.763;107.682
2024-09-17;91.318;3.468;99.219;107.118
2024-09-18;90.372;3.534;100.457;109.299
2024-09-19;90.115;3.553;98.649;107.753
2024-09-20;90.162;3.549;98.779;107.932
2024-09-23;90.465;3.528;99.732;108.552
2024-09-24;90.646;3.516;98.237;106.805
2024-09-25;90.125;3.552;101.424;110.686
2024-09-26;90.332;3.538;99.365;108.325
2024-09-27;90.822;3.504;100.463;109.125
2024-09-30;90.87;3.5;101.623;110.261
2024-10-01;92.283;3.403;101.639;109.151
2024-10-02;91.554;3.453;100.929;109.374
2024-10-03;90.909;3.498;100.465;109.395
2024-10-04;90.826;3.504;98.377;107.023
2024-10-07;90.094;3.555;98.334;107.384
2024-10-08;90.416;3.533;97.484;105.889
2024-10-09;90.112;3.554;97.556;106.594
2024-10-10;90.363;3.537;96.891;105.276
2024-10-11;90.012;3.561;99.114;108.327
2024-10-14;90.132;3.553;99.83;108.537
2024-10-15;91.058;3.488;98.918;106.903
2024-10-16;91.558;3.453;98.653;106.21
2024-10-17;91.28;3.473;97.112;105.281
2024-10-18;91.806;3.436;97.218;104.603
2024-10-21;90.06;3.559;100.995;109.991
2024-10-22;89.645;3.588;102.311;111.641
2024-10-23;89.957;3.566;101.73;110.785
2024-10-24;90.612;3.52;100.325;109.189
2024-10-25;90.244;3.546;103.113;112.408
2024-10-28;90.477;3.53;103.207;112.3
2024-10-29;89.858;3.574;106.967;116.827
2024-10-30;89.613;3.591;108.479;118.298
2024-10-31;89.957;3.567;110.878;120.313
2024-11-01;89.306;3.613;114.568;124.701
2024-11-04;89.935;3.568;113.988;122.876
2024-11-05;89.654;3.588;112.077;121.003
2024-11-06;88.812;3.649;118.593;129.203
2024-11-07;88.376;3.681;118.877;130.663
2024-11-08;89.546;3.596;118.411;129.068
2024-11-11;90.209;3.549;120.013;129.669
2024-11-12;89.68;3.587;121.429;131.659
2024-11-13;89.861;3.574;119.905;130.215
2024-11-14;90.66;3.518;118.534;128.233
2024-11-15;90.548;3.526;119.768;129.641
2024-11-18;90.522;3.527;118.247;127.596
2024-11-19;90.929;3.499;115.469;124.228
2024-11-20;90.679;3.516;114.73;123.608
2024-11-21;90.831;3.506;113.649;122.411
2024-11-22;91.586;3.453;113.506;122.182
2024-11-25;92.122;3.416;114.254;122.148
2024-11-26;92.08;3.419;113.605;121.523
2024-11-27;93.019;3.355;110.884;117.818
2024-11-28;93.706;3.308;108.85;115.245
2024-11-29;94.32;3.267;108.429;114.412
2024-12-02;94.591;3.249;111.049;117.187
2024-12-03;94.867;3.23;111.373;117.315
2024-12-04;94.863;3.231;110.785;116.717
2024-12-05;95.119;3.214;106.513;111.979
2024-12-06;95.169;3.21;107.317;112.798
2024-12-09;95.066;3.217;106.794;112.058
2024-12-10;94.836;3.233;107.064;112.58
2024-12-11;94.665;3.244;106.265;111.94
2024-12-12;93.016;3.355;108.991;116.408
2024-12-13;92.417;3.397;109.673;117.543
2024-12-16;92.222;3.41;113.123;120.92
2024-12-17;92.506;3.39;113.354;120.791
2024-12-18;92.237;3.409;112.236;119.869
2024-12-19;91.308;3.474;112.439;120.999
2024-12-20;91.678;3.448;111.188;119.418
2024-12-23;91.133;3.486;111.846;120.584
2024-12-24;91.133;3.486;111.636;120.45
2024-12-25;91.133;3.486;111.675;120.45
2024-12-27;90.224;3.551;110.916;120.411
2024-12-30;90.586;3.525;110.557;120.124
2024-12-31;90.586;3.525;111.079;120.279
2025-01-01;90.586;3.525;111.133;120.278
2025-01-02;90.212;3.552;109.76;119.718
2025-01-03;89.764;3.584;109.809;120.215
2025-01-06;89.875;3.576;107.516;117.018
2025-01-07;89.131;3.629;108.058;118.187
2025-01-08;88.348;3.686;109.266;120.134
2025-01-09;87.951;3.716;111.326;122.674
2025-01-10;87.625;3.74;112.329;123.998
2025-01-13;87.128;3.777;113.345;125.385
2025-01-14;86.8;3.801;111.883;124.004
2025-01-15;88.197;3.698;110.769;121.736
2025-01-16;88.437;3.68;110.485;121.284
2025-01-17;88.759;3.657;110.233;120.759
2025-01-20;88.978;3.641;108.832;119.478
2025-01-21;89.225;3.623;109.138;119.593
2025-01-22;89.124;3.631;108.78;118.865
2025-01-23;88.545;3.673;110.379;121.625
2025-01-24;88.625;3.667;109.497;120.557
2025-01-27;89.022;3.638;109.632;119.755
2025-01-28;88.681;3.663;108.487;119.292
2025-01-29;88.501;3.676;108.371;118.865
2025-01-30;89.164;3.628;108.798;118.851
2025-01-31;89.632;3.595;111.305;121.218
2025-02-03;90.564;3.528;111.198;120.767
2025-02-04;90.488;3.534;112.27;122.043
2025-02-05;91.057;3.494;112.564;121.765
2025-02-06;91.064;3.493;111.871;121.075
2025-02-07;90.868;3.507;113.001;122.538
2025-02-10;90.901;3.505;114.04;123.153
2025-02-11;89.774;3.585;113.263;123.773
2025-02-12;89.376;3.614;112.059;122.783
2025-02-13;90.295;3.548;108.931;118.643
2025-02-14;90.02;3.568;107.226;117.15
2025-02-17;89.313;3.619;108.502;119.2
2025-02-18;89.405;3.612;107.782;118.36
2025-02-19;88.423;3.684;109.42;121.063
2025-02-20;88.588;3.672;108.985;120.642
2025-02-21;89.398;3.613;108.775;119.635
2025-02-24;89.036;3.639;109.945;121.362
2025-02-25;89.465;3.608;110.518;121.551
2025-02-26;89.988;3.571;109.606;120.17
2025-02-27;89.792;3.585;110.855;121.769
2025-02-28;89.715;3.59;111.772;122.475
2025-03-03;88.634;3.669;111.318;123.111
2025-03-04;87.991;3.716;112.508;125.655
2025-03-05;85.171;3.929;111.606;127.243
2025-03-06;84.861;3.953;112.148;127.22
2025-03-07;84.594;3.974;110.172;125.382
2025-03-10;84.568;3.976;109.343;124.578
2025-03-11;84.012;4.019;107.387;122.896
2025-03-12;84.37;3.991;108.027;123.307
2025-03-13;84.025;4.019;109.179;125.003
2025-03-14;83.877;4.03;106.603;122.295
2025-03-17;84.928;3.949;105.619;119.973
2025-03-18;84.753;3.962;106.018;121.933
2025-03-19;85.098;3.936;106.559;121.967
2025-03-20;84.864;3.954;107.976;123.673
2025-03-21;84.934;3.949;106.565;122.125
2025-03-24;84.952;3.947;105.269;120.621
2025-03-25;84.719;3.965;104.299;119.717
2025-03-26;84.633;3.972;104.441;120.043
2025-03-27;84.852;3.956;103.915;119.27
2025-03-28;85.291;3.922;103.102;118.22
2025-03-31;85.193;3.929;104.718;120.025
2025-04-01;86.026;3.866;104.884;119.333
2025-04-02;85.533;3.903;105.865;120.822
2025-04-03;85.57;3.901;109.768;125.415
2025-04-04;85.944;3.872;109.046;124.249
2025-04-07;84.911;3.952;110.465;126.768
2025-04-08;85.071;3.939;111.515;127.82
2025-04-09;85.03;3.943;112.706;128.9
2025-04-10;85.674;3.893;113.032;128.696
2025-04-11;86.149;3.857;112.482;127.012
2025-04-14;87.136;3.783;110.534;124.162
2025-04-15;86.568;3.826;108.3;122.489
2025-04-16;86.78;3.81;106.677;120.599
2025-04-17;87.041;3.791;107.232;121.036
2025-04-18;87.041;3.791;106.394;120.089
2025-04-22;87.584;3.75;106.616;119.744
2025-04-23;87.241;3.776;107.807;121.395
2025-04-24;88.047;3.716;105.111;117.699
2025-04-25;87.684;3.743;107.168;120.257
2025-04-28;86.855;3.805;107.192;121.139
2025-04-29;87.031;3.792;108.414;122.266
2025-04-30;87.602;3.75;108.549;121.907
2025-05-02;86.551;3.829;109.258;123.591
2025-05-05;86.684;3.819;109.164;123.459
2025-05-06;86.278;3.849;109.515;124.306
2025-05-07;87.265;3.775;109.881;123.637
2025-05-08;86.605;3.825;108.627;122.952
2025-05-09;86.253;3.852;108.874;123.684
2025-05-12;85.713;3.893;108.101;123.05
2025-05-13;85.297;3.925;106.855;122.149
2025-05-14;85.106;3.94;105.986;121.257
2025-05-15;86.088;3.865;106.195;120.653
2025-05-16;86.414;3.84;105.674;119.82
2025-05-19;86.375;3.843;105.578;119.847
2025-05-20;85.971;3.874;103.319;117.962
2025-05-21;85.366;3.921;102.44;117.716
2025-05-22;85.227;3.932;101.071;116.495
2025-05-23;86.05;3.869;101.488;115.305
2025-05-26;86.463;3.837;100.986;114.259
2025-05-27;87.349;3.77;100.166;112.625
2025-05-28;87.065;3.792;98.598;111.176
2025-05-29;87.628;3.75;96.828;108.822
2025-05-30;87.855;3.733;96.05;107.79
2025-06-02;87.612;3.751;95.025;106.812
2025-06-03;87.58;3.754;94.887;106.708
2025-06-04;87.52;3.758;95.872;107.762
2025-06-05;87.311;3.774;94.233;106.17
2025-06-06;87.49;3.761;92.246;103.772
2025-06-09;87.489;3.761;92.007;103.457
2025-06-10;88.176;3.71;90.728;101.554
2025-06-11;87.689;3.746;91.439;102.749
2025-06-12;88.364;3.696;92.194;103.097
2025-06-13;87.353;3.772;95.242;107.195
2025-06-16;87.53;3.758;93.662;105.271
2025-06-17;87.345;3.772;94.66;106.461
2025-06-18;87.885;3.732;94.41;105.759
2025-06-19;87.245;3.78;95.675;107.79
2025-06-20;87.51;3.76;94.343;106.194
2025-06-23;87.768;3.741;93.938;105.467
2025-06-24;87.433;3.766;91.925;103.57
2025-06-25;87.046;3.796;92.372;104.432
2025-06-26;87.026;3.797;90.431;102.431
2025-06-27;87.101;3.792;89.775;101.569
2025-06-30;86.789;3.815;88.905;100.838
2025-07-01;87.274;3.779;90.168;101.739
2025-07-02;86.476;3.839;91.989;104.423
2025-07-03;87.095;3.793;90.67;102.585
2025-07-04;87.04;3.797;90.136;102.103
2025-07-07;86.548;3.834;91.108;103.505
2025-07-08;85.926;3.882;91.11;104.029
2025-07-09;85.983;3.878;92.017;104.946
2025-07-10;85.554;3.911;92.505;105.852
2025-07-11;85.378;3.925;91.189;104.592
2025-07-14;85.056;3.95;90.123;103.567
2025-07-15;85.435;3.921;89.366;102.337
2025-07-16;85.597;3.908;88.943;101.848
2025-07-17;85.789;3.894;89.586;102.52
2025-07-18;85.498;3.916;89.091;102.263
2025-07-21;86.791;3.817;87.869;99.719
2025-07-22;86.944;3.806;87.401;99.124
2025-07-23;86.596;3.832;85.406;96.956
2025-07-24;85.931;3.883;87.274;99.754
2025-07-25;85.858;3.889;87.61;100.156
2025-07-28;86.27;3.858;86.424;98.301
2025-07-29;86.128;3.869;85.524;97.413
2025-07-30;86.116;3.87;85.616;97.645
2025-07-31;86.436;3.845;85.479;97.221
2025-08-01;86.434;3.846;84.93;96.703
2025-08-04;87.16;3.79;85.401;96.589
2025-08-05;87.165;3.79;85.405;96.629
2025-08-06;86.727;3.823;86.02;97.629
2025-08-07;87.198;3.788;85.38;96.614
2025-08-08;86.558;3.837;84.561;96.203
2025-08-11;86.385;3.85;84.565;96.36
2025-08-12;85.692;3.904;84.376;96.723
2025-08-13;86.576;3.836;83.763;95.328
2025-08-14;86.117;3.871;83.811;95.779
2025-08-15;84.94;3.963;85.272;98.421
2025-08-18;85.16;3.946;86.066;99.072
2025-08-19;85.214;3.941;87.005;100.1
2025-08-20;85.534;3.917;87.911;100.909
2025-08-21;84.969;3.961;88.044;101.617
2025-08-22;85.433;3.925;87.951;101.242
2025-08-25;84.668;3.985;89.087;103.07
2025-08-26;85.107;3.95;88.099;101.643
2025-08-27;85.008;3.958;90.677;104.665
2025-08-28;85.403;3.928;89.009;102.471
2025-08-29;84.851;3.971;89.497;103.571
2025-09-01;84.545;3.995;89.646;103.943
2025-09-02;83.869;4.049;90.199;105.201
2025-09-03;84.516;3.998;90.109;104.469
2025-09-04;85.083;3.954;87.8;101.449
2025-09-05;85.56;3.916;87.712;100.963
2025-09-08;86.05;3.879;87.687;100.406
2025-09-09;85.816;3.897;87.391;100.25
2025-09-10;85.894;3.891;87.578;100.396
2025-09-11;86.233;3.865;87.394;99.914
2025-09-12;85.684;3.908;86.422;99.162
2025-09-15;86.199;3.868;85.747;97.94
2025-09-16;86.202;3.868;85.178;97.342
2025-09-17;86.641;3.834;85.985;97.833
2025-09-18;85.789;3.9;85.045;97.559
2025-09-19;85.691;3.908;84.529;97.037
2025-09-22;85.461;3.926;84.622;97.334
2025-09-23;85.562;3.918;84.031;96.566
2025-09-24;85.508;3.922;83.672;96.175
2025-09-25;85.325;3.937;84.417;97.087
2025-09-26;85.507;3.923;84.009;96.515
2025-09-29;86.258;3.865;83.853;95.657
2025-09-30;86.307;3.861;82.65;94.334
2025-10-01;86.298;3.862;81.65;93.347
2025-10-02;86.589;3.84;80.272;91.608
2025-10-03;86.81;3.823;78.95;89.948
2025-10-06;86.45;3.85;78.907;90.082
2025-10-07;86.395;3.855;79.87;91.185
2025-10-08;86.941;3.813;79.765;90.684
2025-10-09;86.614;3.838;80.036;91.191
2025-10-10;87.278;3.788;79.571;90.2
2025-10-13;87.417;3.777;79.133;89.604
2025-10-14;88.028;3.731;77.505;87.349
2025-10-15;88.548;3.692;76.783;86.239
2025-10-16;88.58;3.69;76.034;85.447
2025-10-17;88.304;3.711;76.633;86.292
2025-10-20;88.394;3.704;77.187;86.807
2025-10-21;88.783;3.675;77.558;86.898
2025-10-22;88.591;3.69;76.485;85.889
2025-10-23;88.198;3.719;77.397;87.161
2025-10-24;87.653;3.761;77.98;88.145
2025-10-27;87.961;3.737;78.297;88.23
2025-10-28;87.895;3.742;77.955;87.873
2025-10-29;88.047;3.731;77.166;86.895
2025-10-30;87.928;3.74;76.131;85.776
2025-10-31;87.893;3.743;74.522;84.102
2025-11-03;87.546;3.769;73.965;83.674
2025-11-04;87.724;3.756;73.401;82.987
2025-11-05;87.464;3.776;73.483;83.259
2025-11-06;87.685;3.759;73.858;83.562
2025-11-07;87.34;3.785;72.452;82.286
2025-11-10;87.542;3.77;72.202;81.833
2025-11-11;87.681;3.76;71.205;80.651
2025-11-12;88.099;3.728;69.221;78.126
2025-11-13;87.465;3.776;68.353;77.556
2025-11-14;86.892;3.82;68.772;78.365
2025-11-17;87.156;3.8;67.26;76.486
2025-11-18;87.024;3.81;67.137;76.45
2025-11-19;86.997;3.812;66.01;75.201
2025-11-20;86.695;3.836;66.842;76.514
2025-11-21;86.851;3.824;67.381;77.052
2025-11-24;87.088;3.806;66.952;76.387
2025-11-25;87.567;3.769;65.348;74.3
2025-11-26;87.669;3.762;63.909;72.66
2025-11-27;87.546;3.771;63.811;72.69
2025-11-28;87.627;3.765;61.662;70.247
2025-12-01;86.814;3.827;62.641;71.713
2025-12-02;86.916;3.82;62.666;71.709
2025-12-03;86.94;3.818;63.037;72.145
2025-12-04;86.65;3.84;63.582;72.92
2025-12-05;86.468;3.855;62.188;71.369
2025-12-08;85.897;3.899;62.379;71.677
2025-12-09;86.129;3.881;60.284;69.12
2025-12-10;86.219;3.874;60.9;69.762
2025-12-11;86.333;3.865;59.989;68.728
2025-12-12;85.981;3.893;58.998;67.85
2025-12-15;86.084;3.885;57.961;66.539
2025-12-16;86.272;3.87;56.518;64.833
2025-12-17;85.998;3.892;56.714;65.282
2025-12-18;86.181;3.878;56.658;65.269
2025-12-19;85.504;3.931;57.293;66.356
2025-12-22;85.502;3.931;57.289;66.242
2025-12-23;86.122;3.883;55.283;63.76
2025-12-24;86.122;3.883;55.031;63.521
2025-12-25;86.122;3.883;55.066;63.522
2025-12-29;86.547;3.85;53.842;61.828
2025-12-30;86.087;3.886;55.516;63.99
2025-12-31;86.087;3.886;55.943;64.603
2026-01-01;86.087;3.886;55.98;64.602
2026-01-02;85.316;3.947;56.974;66.209
2026-01-05;85.76;3.912;57.465;66.449
2026-01-06;86.09;3.886;57.438;66.252
2026-01-07;86.336;3.867;59.306;68.249
2026-01-08;86.178;3.88;58.957;67.962
2026-01-09;86.294;3.871;60.048;69.09
2026-01-12;86.55;3.851;62.032;71.008
2026-01-13;86.34;3.868;61.627;70.694
2026-01-14;86.615;3.846;62.34;71.304
2026-01-15;86.916;3.823;61.95;70.686
2026-01-16;86.883;3.826;61.122;69.742
2026-01-19;86.512;3.855;62.173;71.038
2026-01-20;86.153;3.883;62.454;71.624
2026-01-21;85.823;3.909;61.549;70.795
2026-01-22;86.065;3.89;59.568;68.487
2026-01-23;86.074;3.889;58.597;67.337
2026-01-26;86.564;3.851;58.085;66.438
2026-01-27;86.413;3.863;58.234;66.712
2026-01-28;86.351;3.868;59.352;68.056
2026-01-29;86.453;3.86;59.698;68.46
2026-01-30;86.338;3.869;60.782;69.778
2026-02-02;86.123;3.886;60.541;69.537
2026-02-03;85.743;3.916;60.833;70.087
2026-02-04;85.998;3.896;61.022;70.158
2026-02-05;86.126;3.886;61.777;70.978
2026-02-06;86.022;3.895;62.119;71.541
2026-02-09;85.947;3.901;62.573;72.15
2026-02-10;86.108;3.888;62.523;72.04
