;px_last;yld_ytm_mid;asset_swap_spd_mid;z_sprd_mid
2013-07-10;99.06;5.243;276.91;297.038
2013-07-11;99.12;5.238;278.526;298.522
2013-07-12;99.793;5.172;278.746;297.15
2013-07-15;100.468;5.108;271.872;288.64
2013-07-16;101.16;5.042;269.277;284.658
2013-07-17;100.868;5.069;272.498;288.598
2013-07-18;101.455;5.014;270.631;285.573
2013-07-19;101.368;5.022;270.31;285.418
2013-07-22;102.023;4.96;266.095;279.689
2013-07-23;101.31;5.027;268.527;283.364
2013-07-24;101.498;5.009;260.353;274.427
2013-07-25;101.68;4.992;256.049;269.78
2013-07-26;101.94;4.968;254.178;267.443
2013-07-29;101.418;5.017;258.576;272.862
2013-07-30;101.515;5.007;256.737;270.785
2013-07-31;101.645;4.995;255.953;269.701
2013-08-01;102.12;4.95;252.672;265.397
2013-08-02;102.32;4.932;251.168;263.533
2013-08-05;102.09;4.953;251.066;263.798
2013-08-06;102.218;4.941;248.525;260.995
2013-08-07;102.313;4.932;249.003;261.282
2013-08-08;102.813;4.885;244.998;256.337
2013-08-09;102.865;4.88;245.477;256.708
2013-08-12;102.908;4.876;244.562;255.779
2013-08-13;102.74;4.892;236.171;247.412
2013-08-14;103.365;4.834;229.612;239.717
2013-08-15;102.917;4.875;227.51;238.328
2013-08-16;103.92;4.782;220.111;229.192
2013-08-19;103.515;4.82;221.6;231.304
2013-08-20;103.072;4.861;230.189;240.803
2013-08-21;102.408;4.922;232.276;244.105
2013-08-22;102.973;4.87;222.831;233.457
2013-08-23;102.955;4.871;222.625;232.984
2013-08-26;103.028;4.864;225.103;235.364
2013-08-27;102.7;4.895;232.28;243.342
2013-08-28;102.143;4.947;234.096;246.185
2013-08-29;102.155;4.946;234.778;246.897
2013-08-30;102.13;4.948;234.598;246.797
2013-09-02;103.415;4.828;221.37;231.021
2013-09-03;102.91;4.875;222.937;233.335
2013-09-04;102.52;4.911;225.722;236.799
2013-09-05;101.368;5.02;226.35;239.052
2013-09-06;102.395;4.923;225.649;236.728
2013-09-09;102.385;4.924;224.276;235.509
2013-09-10;102.417;4.921;217.234;227.417
2013-09-11;102.6;4.903;218.915;229.681
2013-09-12;102.715;4.892;222.531;233.318
2013-09-13;102.32;4.929;228.006;239.539
2013-09-16;103.055;4.861;225.464;235.852
2013-09-17;103.095;4.857;223.203;233.513
2013-09-18;103.2;4.847;218.538;228.508
2013-09-19;103.405;4.828;221.226;231.35
2013-09-20;103.475;4.821;217.976;227.906
2013-09-23;103.4;4.828;220.916;231.101
2013-09-24;103.573;4.812;225.959;236.437
2013-09-25;103.64;4.806;227.587;238.551
2013-09-26;103.227;4.844;230.217;242.047
2013-09-27;103.22;4.845;234.526;246.336
2013-09-30;103.693;4.801;231.486;242.647
2013-10-01;105.305;4.653;217.649;224.669
2013-10-02;104.66;4.711;220.728;228.836
2013-10-03;104.618;4.715;221.061;229.285
2013-10-04;104.883;4.691;213.408;221.082
2013-10-07;104.63;4.714;218.97;227.158
2013-10-08;104.043;4.768;222.766;231.847
2013-10-09;103.785;4.791;224.579;234.075
2013-10-10;103.673;4.802;220.958;230.655
2013-10-11;104.118;4.761;218.705;227.758
2013-10-14;104.125;4.76;219.219;228.291
2013-10-15;103.59;4.809;218.751;228.631
2013-10-16;103.485;4.819;218.334;228.298
2013-10-17;103.23;4.843;225.738;236.45
2013-10-18;103.445;4.823;227.28;237.735
2013-10-21;103.313;4.835;227.395;238.061
2013-10-22;103.953;4.775;227.468;237.212
2013-10-23;104.745;4.702;224.34;232.75
2013-10-24;104.838;4.694;222.915;231.021
2013-10-25;104.8;4.697;224.688;232.744
2013-10-28;105.528;4.631;219.116;225.987
2013-10-29;106.16;4.573;215.51;221.465
2013-10-30;106.048;4.583;221.041;227.299
2013-10-31;106.628;4.531;217.791;223.387
2013-11-01;107.213;4.479;211.781;216.592
2013-11-04;106.868;4.509;215.842;221.136
2013-11-05;105.943;4.592;216.919;223.484
2013-11-06;105.178;4.661;221.762;229.657
2013-11-07;106.03;4.584;220.353;227.228
2013-11-08;105.35;4.646;218.624;226.438
2013-11-11;105.417;4.639;217.98;225.734
2013-11-12;105.38;4.643;214.69;222.583
2013-11-13;105.445;4.637;219.281;227.177
2013-11-14;105.845;4.6;220.078;227.288
2013-11-15;105.878;4.597;219.205;226.289
2013-11-18;105.935;4.592;221.017;228.028
2013-11-19;106.04;4.582;217.213;223.973
2013-11-20;106.03;4.583;217.691;224.63
2013-11-21;105.98;4.587;217.866;224.836
2013-11-22;106.053;4.581;217.714;224.448
2013-11-25;105.465;4.634;224.515;232.192
2013-11-26;105.227;4.655;229.521;237.622
2013-11-27;105.085;4.668;227.104;235.441
2013-11-28;104.977;4.678;229.438;237.921
2013-11-29;105.072;4.669;228.983;237.326
2013-12-02;105.03;4.673;225.585;233.931
2013-12-03;105.12;4.665;227.485;235.723
2013-12-04;104.865;4.688;221.907;230.441
2013-12-05;104.598;4.712;221.02;229.819
2013-12-06;105.148;4.662;217.885;225.755
2013-12-09;105.818;4.6;212.002;218.794
2013-12-10;106.593;4.53;207.477;213.122
2013-12-11;106.762;4.515;208.124;213.442
2013-12-12;106.153;4.57;212.827;218.959
2013-12-13;106.197;4.566;214.388;220.468
2013-12-16;106.515;4.537;210.982;216.55
2013-12-17;106.095;4.575;215.301;221.54
2013-12-18;105.52;4.627;217.267;224.294
2013-12-19;105.788;4.602;212.352;218.988
2013-12-20;105.6;4.619;214.273;221.044
2013-12-23;104.878;4.685;217.904;225.792
2013-12-24;104.803;4.692;218.848;226.881
2013-12-25;104.803;4.692;218.811;226.808
2013-12-26;104.803;4.692;218.815;226.814
2013-12-27;104.808;4.691;212.401;220.295
2013-12-30;105.53;4.625;209.274;216.053
2013-12-31;105.65;4.614;208.483;215.059
2014-01-01;105.65;4.614;208.462;215.018
2014-01-02;107.053;4.486;196.035;200.597
2014-01-03;108.05;4.397;188.308;191.611
2014-01-06;107.723;4.426;193.868;197.601
2014-01-07;108.893;4.323;186.197;188.444
2014-01-08;109.148;4.3;180.468;182.408
2014-01-09;109.718;4.25;173.945;175.358
2014-01-10;109.475;4.271;181.067;182.819
2014-01-13;109.41;4.277;183.628;185.487
2014-01-14;109.52;4.267;183.062;184.735
2014-01-15;109.973;4.227;178.452;179.538
2014-01-16;110.36;4.193;179.045;179.769
2014-01-17;110.755;4.159;179.151;179.475
2014-01-20;111.175;4.123;177.964;177.823
2014-01-21;110.495;4.181;183.708;184.248
2014-01-22;110.315;4.197;183.176;183.86
2014-01-23;110.095;4.216;189.253;190.037
2014-01-24;109.615;4.257;196.641;197.928
2014-01-27;109.883;4.234;194.149;195.073
2014-01-28;110.36;4.192;190.083;190.488
2014-01-29;110.358;4.192;192.295;192.689
2014-01-30;110.413;4.187;193.508;193.866
2014-01-31;110.735;4.159;195.403;195.422
2014-02-03;110.478;4.181;198.153;198.411
2014-02-04;110.395;4.188;199.068;199.431
2014-02-05;110.72;4.16;198.201;198.154
2014-02-06;111.383;4.103;188.02;187.266
2014-02-07;112.165;4.036;184.806;183.332
2014-02-10;112.283;4.026;182.004;180.457
2014-02-11;112.243;4.029;182.205;180.705
2014-02-12;111.89;4.058;182.903;181.786
2014-02-13;112.158;4.035;184.716;183.306
2014-02-14;112.49;4.007;180.819;179.097
2014-02-17;113.048;3.96;175.806;173.665
2014-02-18;113.34;3.935;175.021;172.628
2014-02-19;112.955;3.967;178.418;176.351
2014-02-20;112.35;4.018;179.949;178.469
2014-02-21;112.845;3.976;177.735;175.788
2014-02-24;112.69;3.989;177.241;175.446
2014-02-25;112.76;3.983;180.577;178.558
2014-02-26;112.93;3.968;182.343;180.053
2014-02-27;113.078;3.955;186.192;183.64
2014-02-28;113.01;3.961;181.726;179.226
2014-03-03;113.128;3.951;187.015;184.239
2014-03-04;113.91;3.885;177.512;174.221
2014-03-05;114.658;3.822;170.475;166.697
2014-03-06;114.095;3.869;171.053;167.753
2014-03-07;114.475;3.837;166.931;163.368
2014-03-10;115.175;3.779;164.212;160.079
2014-03-11;114.955;3.797;163.701;159.877
2014-03-12;114.863;3.804;168.06;164.19
2014-03-13;114.368;3.845;177.218;173.578
2014-03-14;114.78;3.811;173.28;169.28
2014-03-17;114.813;3.808;171.157;167.202
2014-03-18;114.915;3.799;170.324;166.284
2014-03-19;114.583;3.826;170.209;166.471
2014-03-20;114.195;3.858;169.781;166.328
2014-03-21;114.36;3.844;169.909;166.241
2014-03-24;114.57;3.827;173.246;169.276
2014-03-25;114.863;3.802;172.193;167.995
2014-03-26;115.385;3.759;169.406;164.837
2014-03-27;115.553;3.745;170.901;166.135
2014-03-28;115.675;3.734;169.421;164.543
2014-03-31;115.75;3.728;167.53;162.615
2014-04-01;115.515;3.747;169.194;164.417
2014-04-02;115.288;3.765;166.641;162.169
2014-04-03;115.74;3.728;164.312;159.573
2014-04-04;116.32;3.68;165.286;160.054
2014-04-07;116.01;3.705;168.856;163.756
2014-04-08;115.685;3.732;168.789;163.988
2014-04-09;115.645;3.735;166.976;162.219
2014-04-10;115.84;3.718;170.98;165.893
2014-04-11;115.585;3.739;174.633;169.612
2014-04-14;115.84;3.718;170.905;165.802
2014-04-15;116.373;3.673;171.705;166.077
2014-04-16;116.788;3.639;167.494;161.626
2014-04-17;116.835;3.635;164.589;158.75
2014-04-18;116.835;3.635;161.774;156.106
2014-04-21;116.835;3.635;159.9;154.334
2014-04-22;117.11;3.613;160.938;154.999
2014-04-23;117.385;3.59;159.414;153.238
2014-04-24;117.16;3.608;160.895;154.767
2014-04-25;117.59;3.573;162.258;155.618
2014-04-28;117.593;3.572;161.033;154.48
2014-04-29;117.475;3.581;161.393;155.015
2014-04-30;117.705;3.562;162.128;155.522
2014-05-01;117.938;3.544;160.655;153.923
2014-05-02;118.128;3.528;160.092;153.234
2014-05-05;118.068;3.533;159.115;152.373
2014-05-06;118.568;3.492;155.177;148.15
2014-05-07;118.238;3.518;157.147;150.261
2014-05-08;119.38;3.427;150.676;143.322
2014-05-09;118.833;3.47;152.897;145.951
2014-05-12;118.568;3.491;154.91;148.093
2014-05-13;118.908;3.464;157.459;150.267
2014-05-14;119.28;3.433;160.442;152.774
2014-05-15;117.48;3.578;180.938;173.755
2014-05-16;118.273;3.513;171.472;164.003
2014-05-19;117.625;3.566;174.915;167.863
2014-05-20;116.395;3.666;183.313;177.103
2014-05-21;117.288;3.592;174.252;167.574
2014-05-22;116.74;3.637;180.257;173.833
2014-05-23;117.693;3.559;171.858;164.951
2014-05-26;118.923;3.46;162.02;154.562
2014-05-27;118.792;3.47;166.468;158.863
2014-05-28;119.512;3.412;166.854;158.492
2014-05-29;119.133;3.442;167.912;159.847
2014-05-30;119.31;3.427;164.836;156.809
2014-06-02;119.447;3.416;162.894;154.888
2014-06-03;119.493;3.412;159.247;151.433
2014-06-04;119.305;3.427;158.62;151.027
2014-06-05;119.697;3.395;158.369;150.584
2014-06-06;121.733;3.235;147.641;138.973
2014-06-09;123.008;3.137;135.947;127.136
2014-06-10;122.16;3.202;139.854;131.365
2014-06-11;121.908;3.22;140.988;132.667
2014-06-12;120.963;3.294;147.775;139.785
2014-06-13;121.393;3.26;147.357;139.02
2014-06-16;121.44;3.256;149.152;140.613
2014-06-17;120.815;3.305;150.351;142.172
2014-06-18;120.038;3.365;159.223;151.122
2014-06-19;120.373;3.339;161.885;153.312
2014-06-20;119.983;3.369;161.894;153.678
2014-06-23;120.512;3.327;159.862;151.308
2014-06-24;121.053;3.284;155.936;147.159
2014-06-25;121.208;3.272;160.621;151.327
2014-06-26;121.093;3.28;163.661;154.203
2014-06-27;120.993;3.288;163.096;153.714
2014-06-30;120.705;3.31;167.159;157.769
2014-07-01;120.98;3.288;164.11;154.735
2014-07-02;119.735;3.386;168.904;160.358
2014-07-03;120.29;3.342;163.689;155.014
2014-07-04;120.238;3.346;165.891;157.108
2014-07-07;120.125;3.355;167.636;158.855
2014-07-08;119.512;3.403;176.463;167.662
2014-07-09;119.09;3.436;178.463;169.944
2014-07-10;118.262;3.503;188.342;179.989
2014-07-11;118.705;3.467;184.684;176.093
2014-07-14;118.602;3.475;185.204;176.667
2014-07-15;119.218;3.425;181.765;172.774
2014-07-16;119.875;3.372;178.669;169.164
2014-07-17;120.498;3.322;178.492;168.328
2014-07-18;120.66;3.309;177.748;167.413
2014-07-21;120.923;3.288;176.699;166.149
2014-07-22;120.823;3.296;175.413;165.042
2014-07-23;120.88;3.291;176.122;165.66
2014-07-24;120.917;3.287;172.411;162.183
2014-07-25;121.235;3.262;173.681;163.052
2014-07-28;121.723;3.224;171.97;160.912
2014-07-29;122.278;3.18;171.421;159.811
2014-07-30;121.878;3.21;167.258;156.409
2014-07-31;122.12;3.191;166.238;155.297
2014-08-01;121.48;3.241;173.158;162.289
2014-08-04;122.275;3.179;166.468;155.343
2014-08-05;121.713;3.222;167.173;156.517
2014-08-06;121.278;3.256;177.221;166.133
2014-08-07;120.813;3.292;185.391;174.044
2014-08-08;121.568;3.232;179.717;168.0
2014-08-11;121.748;3.218;177.242;165.608
2014-08-12;122.305;3.174;172.787;161.048
2014-08-13;122.67;3.145;172.944;160.888
2014-08-14;123.528;3.079;168.48;155.958
2014-08-15;124.563;2.999;169.06;155.437
2014-08-18;123.998;3.042;167.595;154.633
2014-08-19;124.443;3.008;167.115;153.77
2014-08-20;124.87;2.974;167.226;153.446
2014-08-21;125.233;2.946;164.348;150.539
2014-08-22;125.528;2.924;163.847;149.807
2014-08-25;126.85;2.824;154.587;140.408
2014-08-26;128.085;2.732;150.773;136.115
2014-08-27;128.493;2.702;151.251;136.203
2014-08-28;127.572;2.769;162.062;146.407
2014-08-29;127.345;2.786;161.923;146.522
2014-09-01;126.822;2.824;166.118;150.687
2014-09-02;126.51;2.847;161.757;147.237
2014-09-03;126.305;2.862;160.371;146.231
2014-09-04;127.637;2.762;145.669;132.321
2014-09-05;128.838;2.673;141.686;127.859
2014-09-08;127.828;2.747;147.88;134.123
2014-09-09;126.553;2.842;150.365;137.384
2014-09-10;125.473;2.922;157.219;144.431
2014-09-11;124.908;2.965;162.515;149.701
2014-09-12;124.977;2.96;157.618;145.194
2014-09-15;125.108;2.949;155.317;143.018
2014-09-16;125.085;2.951;157.099;144.689
2014-09-17;125.823;2.894;151.565;139.103
2014-09-18;125.988;2.881;146.839;134.634
2014-09-19;126.955;2.808;143.567;130.992
2014-09-22;126.795;2.82;146.344;133.6
2014-09-23;127.093;2.797;147.3;134.166
2014-09-24;127.658;2.754;143.416;130.277
2014-09-25;127.663;2.754;146.001;132.616
2014-09-26;127.193;2.788;150.407;136.884
2014-09-29;126.87;2.812;152.944;139.406
2014-09-30;127.69;2.751;148.186;134.57
2014-10-01;128.688;2.676;145.616;131.504
2014-10-02;128.24;2.709;149.024;134.806
2014-10-03;128.458;2.692;144.667;130.712
2014-10-06;127.808;2.74;150.172;136.111
2014-10-07;127.765;2.743;150.134;136.165
2014-10-08;128.095;2.718;147.826;133.839
2014-10-09;128.51;2.687;144.579;130.642
2014-10-10;128.633;2.677;145.008;130.883
2014-10-13;128.395;2.694;147.956;133.661
2014-10-14;128.75;2.668;151.342;136.336
2014-10-15;127.903;2.73;166.834;150.682
2014-10-16;126.565;2.829;166.572;151.513
2014-10-17;127.09;2.79;159.107;144.481
2014-10-20;126.012;2.871;166.909;152.388
2014-10-21;126.465;2.836;161.1;146.842
2014-10-22;126.39;2.841;162.129;147.836
2014-10-23;126.58;2.826;157.354;143.426
2014-10-24;126.748;2.813;157.722;143.57
2014-10-27;127.08;2.788;154.999;140.864
2014-10-28;127.085;2.787;158.405;143.831
2014-10-29;127.078;2.787;156.619;142.256
2014-10-30;126.85;2.804;163.937;148.948
2014-10-31;127.818;2.731;156.408;141.534
2014-11-03;126.923;2.797;164.151;149.164
2014-11-04;126.455;2.832;171.561;156.181
2014-11-05;126.13;2.857;171.309;156.295
2014-11-06;126.27;2.845;170.402;155.36
2014-11-07;126.338;2.84;171.926;156.646
2014-11-10;126.875;2.799;167.41;152.135
2014-11-11;127.245;2.77;164.776;149.424
2014-11-12;127.178;2.775;167.587;151.972
2014-11-13;126.923;2.793;171.366;155.564
2014-11-14;127.258;2.768;170.977;155.018
2014-11-17;127.102;2.779;171.867;155.8
2014-11-18;126.735;2.807;172.142;156.331
2014-11-19;126.58;2.818;167.571;152.368
2014-11-20;126.795;2.801;171.946;156.088
2014-11-21;127.878;2.719;167.126;150.872
2014-11-24;128.423;2.678;163.052;146.807
2014-11-25;129.153;2.623;160.169;143.656
2014-11-26;128.98;2.636;162.841;146.117
2014-11-27;130.105;2.552;159.132;141.86
2014-11-28;130.308;2.537;157.058;139.869
2014-12-01;131.215;2.47;151.319;134.154
2014-12-02;131.195;2.472;145.084;128.738
2014-12-03;131.56;2.445;140.283;124.378
2014-12-04;130.702;2.506;143.803;128.007
2014-12-05;131.5;2.448;136.568;121.139
2014-12-08;132.11;2.403;132.758;117.414
2014-12-09;131.56;2.442;145.955;129.19
2014-12-10;131.273;2.463;149.841;132.732
2014-12-11;130.938;2.486;152.896;135.635
2014-12-12;130.947;2.485;160.507;142.114
2014-12-15;132.24;2.391;150.685;132.601
2014-12-16;132.265;2.389;152.991;134.495
2014-12-17;132.5;2.372;151.981;133.438
2014-12-18;132.848;2.345;144.663;126.949
2014-12-19;133.272;2.315;143.262;125.472
2014-12-22;133.705;2.284;139.967;122.343
2014-12-23;133.605;2.289;140.122;122.539
2014-12-24;133.638;2.286;138.923;121.517
2014-12-25;133.638;2.286;139.238;121.779
2014-12-26;133.638;2.286;139.766;122.214
2014-12-29;133.63;2.286;139.253;121.785
2014-12-30;134.225;2.243;143.06;124.608
2014-12-31;134.325;2.235;141.946;123.621
2015-01-01;134.325;2.235;142.345;123.925
2015-01-02;135.31;2.165;141.601;122.602
2015-01-05;134.008;2.256;151.028;131.536
2015-01-06;134.05;2.253;160.459;139.288
2015-01-07;133.555;2.288;158.051;137.673
2015-01-08;133.69;2.277;153.658;133.874
2015-01-09;133.033;2.323;161.102;140.706
2015-01-12;134.173;2.242;151.822;131.927
2015-01-13;134.078;2.248;155.453;135.064
2015-01-14;134.953;2.186;152.818;132.169
2015-01-15;134.503;2.216;156.052;135.347
2015-01-16;136.068;2.106;145.452;125.253
2015-01-19;136.008;2.11;144.544;124.523
2015-01-20;135.897;2.117;145.741;125.576
2015-01-21;135.69;2.131;136.553;117.926
2015-01-22;138.51;1.935;121.779;103.79
2015-01-23;139.775;1.849;119.458;101.16
2015-01-26;140.883;1.774;111.434;93.911
2015-01-27;140.47;1.801;109.746;92.664
2015-01-28;139.61;1.858;119.13;100.948
2015-01-29;139.068;1.894;119.601;101.59
2015-01-30;139.34;1.875;125.768;106.519
2015-02-02;138.998;1.898;128.64;109.089
2015-02-03;139.11;1.889;123.419;104.702
2015-02-04;139.335;1.874;120.224;101.906
2015-02-05;139.09;1.889;123.288;104.555
2015-02-06;138.53;1.927;126.907;107.893
2015-02-09;136.918;2.037;139.593;119.536
2015-02-10;136.438;2.07;143.103;122.784
2015-02-11;136.138;2.091;146.698;126.006
2015-02-12;136.308;2.077;148.768;127.647
2015-02-13;137.51;1.994;136.984;116.961
2015-02-16;137.022;2.027;139.187;119.144
2015-02-17;136.995;2.028;137.605;117.824
2015-02-18;137.265;2.009;132.79;113.655
2015-02-19;137.385;1.999;131.563;112.559
2015-02-20;138.073;1.952;126.769;108.142
2015-02-23;138.928;1.892;118.458;100.661
2015-02-24;139.33;1.865;119.094;101.029
2015-02-25;139.553;1.849;122.028;103.371
2015-02-26;141.728;1.701;108.086;90.661
2015-02-27;142.243;1.667;99.909;83.682
2015-03-02;141.788;1.696;103.814;87.104
2015-03-03;140.832;1.76;109.915;92.598
2015-03-04;140.928;1.753;106.494;89.667
2015-03-05;141.923;1.685;101.018;84.636
2015-03-06;142.025;1.677;91.906;77.053
2015-03-09;142.528;1.644;87.978;73.603
2015-03-10;143.693;1.566;96.2;79.887
2015-03-11;145.368;1.457;90.986;74.917
2015-03-12;145.49;1.447;85.535;70.419
2015-03-13;145.305;1.459;86.887;71.578
2015-03-16;145.235;1.463;88.393;72.836
2015-03-17;144.142;1.533;98.206;81.209
2015-03-18;143.323;1.586;114.166;94.607
2015-03-19;143.153;1.596;118.693;98.385
2015-03-20;144.063;1.536;109.406;90.361
2015-03-23;143.14;1.596;116.602;96.665
2015-03-24;142.772;1.62;113.726;94.461
2015-03-25;142.793;1.618;115.028;95.529
2015-03-26;143.445;1.573;110.143;91.238
2015-03-27;142.788;1.616;114.773;95.34
2015-03-30;143.378;1.577;109.985;91.133
2015-03-31;144.283;1.517;107.121;88.358
2015-04-01;144.337;1.51;106.844;88.103
2015-04-02;143.913;1.538;105.291;87.039
2015-04-03;143.913;1.538;106.315;87.873
2015-04-06;143.913;1.538;106.316;87.874
2015-04-07;144.43;1.503;102.27;84.371
2015-04-08;144.045;1.528;108.659;89.81
2015-04-09;143.095;1.589;116.702;96.832
2015-04-10;143.195;1.582;115.959;96.177
2015-04-13;142.785;1.609;118.374;98.354
2015-04-14;141.663;1.683;130.522;108.943
2015-04-15;142.467;1.629;128.659;106.947
2015-04-16;141.238;1.71;139.768;116.736
2015-04-17;139.647;1.817;152.61;128.3
2015-04-20;139.45;1.83;154.297;129.838
2015-04-21;139.328;1.838;152.617;128.517
2015-04-22;140.517;1.756;137.816;115.512
2015-04-23;140.59;1.75;137.864;115.533
2015-04-24;140.183;1.777;141.846;119.076
2015-04-27;141.203;1.707;134.431;112.35
2015-04-28;140.995;1.721;134.295;112.414
2015-04-29;138.783;1.87;137.925;116.787
2015-04-30;138.908;1.861;128.779;109.035
2015-05-01;138.733;1.873;132.479;112.222
2015-05-04;138.428;1.894;134.753;114.291
2015-05-05;133.96;2.209;146.487;127.219
2015-05-06;132.163;2.34;152.153;133.439
2015-05-07;134.235;2.188;138.156;119.931
2015-05-08;135.078;2.127;136.806;118.268
2015-05-11;134.277;2.184;142.713;123.823
2015-05-12;133.138;2.266;137.369;120.109
2015-05-13;131.983;2.35;140.554;123.685
2015-05-14;132.36;2.321;137.795;121.073
2015-05-15;133.405;2.244;136.789;119.447
2015-05-18;132.06;2.342;145.736;128.093
2015-05-19;133.35;2.247;139.932;122.191
2015-05-20;132.66;2.297;139.267;122.116
2015-05-21;133.435;2.24;130.571;114.163
2015-05-22;133.32;2.247;134.136;117.284
2015-05-25;132.343;2.319;141.075;123.931
2015-05-26;132.163;2.331;148.172;130.169
2015-05-27;133.18;2.256;138.993;121.589
2015-05-28;132.68;2.292;144.888;126.954
2015-05-29;132.858;2.278;148.301;129.766
2015-06-01;131.17;2.402;161.04;142.004
2015-06-02;129.39;2.536;155.274;138.452
2015-06-03;128.665;2.59;142.178;127.5
2015-06-04;129.03;2.561;143.345;128.292
2015-06-05;127.358;2.689;155.461;140.269
2015-06-08;126.85;2.728;158.868;143.739
2015-06-09;126.3;2.771;148.839;135.28
2015-06-10;126.658;2.742;143.085;129.939
2015-06-11;128.077;2.632;142.299;128.094
2015-06-12;126.825;2.728;155.528;140.756
2015-06-15;124.855;2.882;168.499;153.993
2015-06-16;125.705;2.815;165.636;150.654
2015-06-17;126.31;2.767;160.312;145.432
2015-06-18;126.908;2.719;155.533;140.688
2015-06-19;127.085;2.705;158.644;143.28
2015-06-22;129.06;2.553;142.95;127.915
2015-06-23;128.858;2.568;131.801;118.355
2015-06-24;128.635;2.585;136.233;122.424
2015-06-25;129.298;2.533;128.803;115.453
2015-06-26;128.7;2.578;126.966;114.225
2015-06-29;125.54;2.823;151.957;138.822
2015-06-30;126.23;2.769;159.422;144.935
2015-07-01;126.683;2.733;149.989;136.259
2015-07-02;126.102;2.777;149.081;135.987
2015-07-03;127.198;2.692;146.88;133.132
2015-07-06;125.418;2.831;162.281;148.355
2015-07-07;127.025;2.704;163.765;148.116
2015-07-08;127.623;2.657;158.029;142.501
2015-07-09;128.065;2.622;150.047;135.13
2015-07-10;128.343;2.6;129.9;117.108
2015-07-13;128.06;2.622;131.822;119.004
2015-07-14;128.245;2.607;135.108;121.929
2015-07-15;129.48;2.512;133.25;119.413
2015-07-16;129.793;2.487;129.582;115.94
2015-07-17;130.48;2.435;130.032;115.878
2015-07-20;130.383;2.442;133.526;118.982
2015-07-21;129.59;2.502;137.706;123.209
2015-07-22;130.068;2.465;138.901;123.906
2015-07-23;130.598;2.424;134.876;120.005
2015-07-24;131.248;2.374;135.45;120.032
2015-07-27;130.993;2.393;138.491;122.808
2015-07-28;131.205;2.377;135.683;120.238
2015-07-29;130.565;2.425;136.56;121.475
2015-07-30;131.163;2.378;138.005;122.287
2015-07-31;132.243;2.297;131.859;116.176
2015-08-03;132.345;2.289;131.77;116.054
2015-08-04;132.305;2.292;129.788;114.386
2015-08-05;130.482;2.428;131.883;117.472
2015-08-06;131.207;2.372;131.455;116.591
2015-08-07;131.6;2.342;133.346;117.989
2015-08-10;131.885;2.321;126.982;112.26
2015-08-11;132.545;2.271;130.231;114.623
2015-08-12;131.8;2.326;138.211;122.056
2015-08-13;132.065;2.305;133.643;117.887
2015-08-14;131.473;2.349;134.901;119.359
2015-08-17;132.398;2.279;130.401;114.838
2015-08-18;131.505;2.346;135.703;120.049
2015-08-19;131.608;2.338;137.516;121.565
2015-08-20;131.543;2.341;142.129;125.616
2015-08-21;131.263;2.362;146.899;129.925
2015-08-24;130.848;2.393;146.818;130.117
2015-08-25;129.773;2.474;140.883;125.745
2015-08-26;129.508;2.494;147.126;131.435
2015-08-27;129.943;2.459;139.907;124.843
2015-08-28;129.84;2.467;141.144;125.966
2015-08-31;129.262;2.511;139.182;124.675
2015-09-01;128.845;2.543;141.545;127.097
2015-09-02;128.918;2.537;142.988;128.342
2015-09-03;129.655;2.479;142.41;127.335
2015-09-04;129.788;2.468;147.402;131.567
2015-09-07;128.767;2.546;154.444;138.583
2015-09-08;129.753;2.47;146.002;130.429
2015-09-09;129.468;2.492;145.122;129.882
2015-09-10;129.03;2.524;149.464;134.029
2015-09-11;128.915;2.533;154.431;138.492
2015-09-14;128.795;2.541;154.528;138.692
2015-09-15;129.25;2.506;140.785;126.271
2015-09-16;129.318;2.5;137.591;123.381
2015-09-17;129.675;2.472;134.025;119.951
2015-09-18;131.448;2.336;131.144;116.242
2015-09-21;130.607;2.4;134.466;119.724
2015-09-22;131.22;2.353;138.702;123.029
2015-09-23;130.998;2.369;139.985;124.284
2015-09-24;130.738;2.388;142.15;126.3
2015-09-25;130.09;2.437;141.636;126.374
2015-09-28;131.573;2.324;135.905;120.313
2015-09-29;132.09;2.284;131.708;116.303
2015-09-30;132.138;2.28;130.919;115.622
2015-10-01;132.953;2.218;129.948;114.272
2015-10-02;133.61;2.169;128.192;112.311
2015-10-05;133.06;2.209;125.54;110.377
2015-10-06;132.573;2.245;125.96;111.039
2015-10-07;132.555;2.246;126.951;111.886
2015-10-08;132.765;2.229;125.655;110.617
2015-10-09;133.008;2.21;119.733;105.363
2015-10-12;133.255;2.191;122.655;107.741
2015-10-13;133.365;2.183;120.008;105.413
2015-10-14;133.503;2.172;123.408;108.29
2015-10-15;133.128;2.199;125.385;110.202
2015-10-16;133.658;2.159;121.112;106.212
2015-10-19;133.77;2.15;118.723;104.102
2015-10-20;133.328;2.183;117.007;102.853
2015-10-21;134.07;2.127;117.366;102.736
2015-10-22;136.195;1.97;105.192;91.221
2015-10-23;135.663;2.008;108.1;94.014
2015-10-26;135.69;2.006;110.287;95.879
2015-10-27;136.22;1.967;112.946;97.89
2015-10-28;136.64;1.936;110.752;95.805
2015-10-29;135.398;2.025;109.997;95.761
2015-10-30;135.108;2.045;113.187;98.645
2015-11-02;134.038;2.124;117.333;102.825
2015-11-03;134.14;2.116;114.761;100.591
2015-11-04;133.91;2.132;114.733;100.732
2015-11-05;132.892;2.207;123.301;108.743
2015-11-06;131.348;2.323;128.555;114.278
2015-11-09;130.447;2.392;140.517;125.471
2015-11-10;131.323;2.324;134.912;120.021
2015-11-11;131.788;2.288;131.961;117.118
2015-11-12;131.84;2.283;131.408;116.568
2015-11-13;132.63;2.223;129.09;114.042
2015-11-16;132.64;2.222;130.549;115.314
2015-11-17;133.248;2.176;126.538;111.461
2015-11-18;133.808;2.133;124.37;109.204
2015-11-19;134.625;2.071;121.218;105.98
2015-11-20;135.517;2.005;116.792;101.689
2015-11-23;135.43;2.011;114.187;99.533
2015-11-24;135.453;2.009;113.571;98.954
2015-11-25;136.245;1.95;110.209;95.711
2015-11-26;136.258;1.948;109.139;94.789
2015-11-27;136.575;1.924;107.347;93.086
2015-11-30;136.6;1.922;105.359;91.384
2015-12-01;137.045;1.889;102.963;89.154
2015-12-02;137.085;1.886;103.477;89.597
2015-12-03;133.815;2.125;111.64;98.091
2015-12-04;134.02;2.109;109.398;96.024
2015-12-07;135.413;2.005;107.259;93.461
2015-12-08;135.842;1.973;104.922;91.23
2015-12-09;135.503;1.998;104.442;90.986
2015-12-10;135.428;2.002;106.879;93.132
2015-12-11;135.39;2.004;110.614;96.361
2015-12-14;133.928;2.112;118.627;104.074
2015-12-15;133.523;2.142;115.501;101.566
2015-12-16;133.678;2.13;109.735;96.444
2015-12-17;134.098;2.097;114.208;100.081
2015-12-18;134.59;2.06;115.945;101.298
2015-12-21;133.598;2.133;121.23;106.424
2015-12-22;133.47;2.143;115.986;101.927
2015-12-23;132.955;2.18;116.644;102.789
2015-12-24;132.995;2.176;116.487;102.615
2015-12-25;132.995;2.176;116.573;102.694
2015-12-28;133.435;2.142;120.64;105.937
2015-12-29;132.938;2.179;116.804;102.95
2015-12-30;133.133;2.163;113.992;100.417
2015-12-31;133.133;2.162;;
2016-01-01;133.133;2.162;;
2016-01-04;133.86;2.107;115.139;100.992
2016-01-05;134.193;2.082;115.864;101.504
2016-01-06;134.42;2.064;117.798;103.065
2016-01-07;133.358;2.142;122.188;107.479
2016-01-08;133.908;2.101;121.002;106.111
2016-01-11;132.828;2.182;128.447;113.206
2016-01-12;132.328;2.219;134.988;119.182
2016-01-13;133.168;2.155;131.023;115.194
2016-01-14;133.165;2.154;128.41;112.958
2016-01-15;133.51;2.127;127.871;112.279
2016-01-18;133.58;2.121;127.133;111.631
2016-01-19;134.155;2.078;122.156;106.997
2016-01-20;132.885;2.173;139.67;122.908
2016-01-21;133.718;2.109;136.123;119.362
2016-01-22;133.6;2.117;133.264;117.007
2016-01-25;134.058;2.082;131.137;114.859
2016-01-26;134.928;2.017;126.791;110.57
2016-01-27;135.283;1.99;123.937;107.86
2016-01-28;135.215;1.993;128.421;111.736
2016-01-29;136.525;1.896;125.696;108.657
2016-02-01;135.825;1.947;130.103;112.816
2016-02-02;135.345;1.982;137.394;119.37
2016-02-03;135.683;1.956;139.558;120.968
2016-02-04;134.445;2.047;145.934;127.248
2016-02-05;134.558;2.038;145.796;127.028
2016-02-08;133.435;2.122;161.836;141.475
2016-02-09;133.413;2.124;159.944;139.878
2016-02-10;133.785;2.095;155.813;136.061
2016-02-11;132.883;2.162;167.387;146.641
2016-02-12;133.628;2.105;154.035;134.559
2016-02-15;134.283;2.055;152.089;132.473
2016-02-16;133.523;2.112;154.995;135.538
2016-02-17;133.703;2.098;154.247;134.746
2016-02-18;134.392;2.044;154.643;134.558
2016-02-19;134.457;2.039;154.87;134.695
2016-02-22;135.015;1.997;153.967;133.497
2016-02-23;135.23;1.98;152.074;131.724
2016-02-24;135.52;1.958;152.021;131.413
2016-02-25;135.745;1.94;150.026;129.62
2016-02-26;136.003;1.92;147.046;126.97
2016-02-29;136.445;1.887;147.639;127.25
2016-03-01;136.665;1.87;141.735;122.139
2016-03-02;135.548;1.952;143.275;124.246
2016-03-03;136.0;1.917;144.154;124.754
2016-03-04;135.515;1.953;141.609;122.826
2016-03-07;134.728;2.011;148.349;129.197
2016-03-08;135.17;1.977;148.479;128.971
2016-03-09;135.383;1.961;140.183;121.712
2016-03-10;135.19;1.974;136.13;118.253
2016-03-11;136.255;1.894;130.574;112.862
2016-03-14;136.465;1.878;128.05;110.58
2016-03-15;135.923;1.918;129.579;112.202
2016-03-16;136.133;1.902;129.147;111.681
2016-03-17;137.033;1.833;131.302;112.962
2016-03-18;137.225;1.819;131.144;112.696
2016-03-21;137.023;1.833;129.756;111.679
2016-03-22;137.078;1.829;130.987;112.658
2016-03-23;136.78;1.848;134.436;115.745
2016-03-24;136.803;1.846;135.365;116.485
2016-03-25;136.803;1.846;134.929;116.116
2016-03-28;136.803;1.846;135.515;116.607
2016-03-29;138.135;1.747;128.888;110.218
2016-03-30;138.345;1.731;125.208;106.988
2016-03-31;138.008;1.754;127.808;109.365
2016-04-01;137.963;1.757;130.094;111.285
2016-04-04;137.713;1.775;132.961;113.841
2016-04-05;137.37;1.8;139.127;119.238
2016-04-06;137.165;1.814;138.224;118.648
2016-04-07;136.158;1.887;148.877;128.34
2016-04-08;137.308;1.801;138.193;118.568
2016-04-11;137.363;1.797;136.332;117.002
2016-04-12;136.868;1.833;134.054;115.402
2016-04-13;138.135;1.739;128.263;109.718
2016-04-14;137.398;1.792;129.903;111.519
2016-04-15;137.283;1.8;135.364;116.243
2016-04-18;137.313;1.797;131.639;113.077
2016-04-19;136.605;1.849;135.929;117.177
2016-04-20;136.713;1.84;136.847;117.878
2016-04-21;135.875;1.901;134.49;116.373
2016-04-22;135.87;1.901;134.427;116.378
2016-04-25;135.378;1.937;134.763;116.992
2016-04-26;135.523;1.926;129.236;112.165
2016-04-27;135.66;1.915;129.332;112.188
2016-04-28;135.968;1.89;129.096;111.769
2016-04-29;136.033;1.885;127.326;110.192
2016-05-02;136.235;1.869;126.91;109.681
2016-05-03;136.428;1.854;132.555;114.386
2016-05-04;135.923;1.892;136.202;117.796
2016-05-05;136.133;1.874;138.894;119.959
2016-05-06;135.978;1.886;141.722;122.456
2016-05-09;136.075;1.878;143.268;123.712
2016-05-10;135.392;1.929;148.977;129.023
2016-05-11;135.698;1.905;145.495;125.865
2016-05-12;135.592;1.911;143.2;123.991
2016-05-13;135.6;1.91;146.75;126.97
2016-05-16;135.558;1.913;145.028;125.533
2016-05-17;136.14;1.869;140.919;121.64
2016-05-18;135.678;1.903;141.047;122.055
2016-05-19;135.755;1.895;140.193;121.259
2016-05-20;136.11;1.868;137.921;119.097
2016-05-23;136.013;1.875;136.258;117.77
2016-05-24;136.443;1.842;133.11;114.834
2016-05-25;137.32;1.776;129.297;111.06
2016-05-26;136.928;1.804;133.017;114.452
2016-05-27;137.315;1.774;130.046;111.729
2016-05-30;137.34;1.772;126.519;108.738
2016-05-31;137.47;1.762;128.842;110.632
2016-06-01;137.205;1.781;130.703;112.369
2016-06-02;137.383;1.766;130.483;112.062
2016-06-03;137.73;1.74;132.968;113.939
2016-06-06;137.13;1.784;134.334;115.459
2016-06-07;137.78;1.735;133.027;113.944
2016-06-08;138.325;1.694;127.903;109.269
2016-06-09;138.49;1.68;128.98;110.051
2016-06-10;138.418;1.685;131.298;112.001
2016-06-13;137.448;1.756;137.78;118.1
2016-06-14;136.713;1.811;145.627;125.194
2016-06-15;136.665;1.814;146.272;125.795
2016-06-16;136.233;1.845;152.041;130.96
2016-06-17;136.743;1.806;144.489;124.281
2016-06-20;137.755;1.73;133.524;114.421
2016-06-21;137.395;1.756;135.488;116.292
2016-06-22;137.488;1.748;131.833;113.152
2016-06-23;137.783;1.725;125.414;107.56
2016-06-24;136.065;1.853;152.724;131.701
2016-06-27;138.405;1.677;141.468;120.586
2016-06-28;140.358;1.534;124.694;105.428
2016-06-29;141.045;1.483;120.812;101.822
2016-06-30;142.608;1.369;108.959;91.225
2016-07-01;142.315;1.389;113.487;95.121
2016-07-04;142.253;1.393;118.218;99.078
2016-07-05;141.75;1.429;126.256;105.982
2016-07-06;141.985;1.411;123.546;103.627
2016-07-07;141.83;1.42;123.867;103.973
2016-07-08;142.265;1.389;122.934;102.983
2016-07-11;142.075;1.402;122.58;102.792
2016-07-12;141.913;1.413;116.047;97.479
2016-07-13;142.14;1.396;121.113;101.5
2016-07-14;141.83;1.416;119.525;100.387
2016-07-15;140.95;1.479;121.973;102.892
2016-07-18;140.848;1.486;125.03;105.497
2016-07-19;141.533;1.436;119.342;100.391
2016-07-20;141.893;1.409;114.223;95.989
2016-07-21;142.445;1.368;109.162;91.513
2016-07-22;142.59;1.357;108.318;90.72
2016-07-25;142.733;1.346;108.561;90.845
2016-07-26;142.908;1.333;106.521;89.087
2016-07-27;143.258;1.307;109.761;91.556
2016-07-28;143.393;1.295;109.25;91.053
2016-07-29;144.333;1.228;104.819;86.98
2016-08-01;144.275;1.232;104.149;86.451
2016-08-02;143.685;1.273;101.728;84.723
2016-08-03;143.44;1.29;104.706;87.264
2016-08-04;144.323;1.225;103.323;85.719
2016-08-05;144.368;1.221;99.517;82.611
2016-08-08;144.828;1.188;95.568;79.186
2016-08-09;144.54;1.208;100.079;82.987
2016-08-10;145.26;1.156;98.119;81.067
2016-08-11;145.565;1.133;93.005;76.8
2016-08-12;145.425;1.142;95.69;79.044
2016-08-15;145.25;1.154;93.054;76.954
2016-08-16;144.538;1.203;94.319;78.265
2016-08-17;144.655;1.194;95.631;79.298
2016-08-18;145.533;1.13;91.71;75.743
2016-08-19;145.02;1.166;90.718;75.105
2016-08-22;145.308;1.145;94.568;78.11
2016-08-23;145.258;1.148;95.937;79.224
2016-08-24;145.31;1.143;95.216;78.65
2016-08-25;145.428;1.133;92.614;76.458
2016-08-26;145.138;1.153;94.696;78.287
2016-08-29;145.233;1.146;94.351;77.976
2016-08-30;144.89;1.169;99.547;82.334
2016-08-31;143.845;1.243;104.74;87.06
2016-09-01;143.113;1.293;110.529;92.158
2016-09-02;143.44;1.269;105.065;87.499
2016-09-05;143.745;1.247;103.698;86.264
2016-09-06;144.895;1.164;100.006;82.765
2016-09-07;144.853;1.166;100.411;83.13
2016-09-08;143.928;1.23;101.725;84.623
2016-09-09;142.535;1.33;105.259;88.201
2016-09-12;142.527;1.33;103.025;86.331
2016-09-13;142.272;1.348;102.365;85.907
2016-09-14;142.623;1.321;103.208;86.457
2016-09-15;142.53;1.326;101.862;85.378
2016-09-16;142.455;1.331;104.472;87.536
2016-09-19;143.082;1.285;98.625;82.436
2016-09-20;143.865;1.228;96.236;80.127
2016-09-21;143.665;1.242;95.092;79.262
2016-09-22;144.828;1.157;95.985;79.52
2016-09-23;144.25;1.197;99.724;82.789
2016-09-26;144.808;1.157;97.544;80.788
2016-09-27;144.99;1.143;96.373;79.771
2016-09-28;145.06;1.138;96.531;79.859
2016-09-29;144.795;1.155;96.441;79.899
2016-09-30;145.313;1.117;91.41;75.548
2016-10-03;144.665;1.163;94.278;78.163
2016-10-04;144.07;1.204;94.928;78.929
2016-10-05;143.248;1.263;96.084;80.246
2016-10-06;143.565;1.238;94.708;78.962
2016-10-07;143.475;1.244;90.75;75.739
2016-10-10;143.345;1.253;86.565;72.346
2016-10-11;143.438;1.245;89.616;74.777
2016-10-12;142.823;1.289;91.203;76.342
2016-10-13;142.957;1.277;93.076;77.833
2016-10-14;142.76;1.291;91.886;76.922
2016-10-17;142.835;1.285;91.928;76.924
2016-10-18;143.033;1.27;92.794;77.566
2016-10-19;142.815;1.285;95.054;79.479
2016-10-20;142.985;1.271;96.0;80.185
2016-10-21;143.005;1.269;94.886;79.251
2016-10-24;143.113;1.26;92.097;76.91
2016-10-25;143.29;1.247;90.625;75.606
2016-10-26;142.55;1.3;91.105;76.286
2016-10-27;141.428;1.38;92.05;77.526
2016-10-28;140.925;1.417;97.374;82.151
2016-10-31;141.275;1.39;95.2;80.185
2016-11-01;140.155;1.473;101.557;85.987
2016-11-02;141.39;1.38;95.319;80.243
2016-11-03;140.94;1.412;95.206;80.329
2016-11-04;140.423;1.449;101.705;85.986
2016-11-07;140.718;1.427;97.32;82.174
2016-11-08;140.67;1.43;93.404;78.922
2016-11-09;140.267;1.459;94.111;79.67
2016-11-10;138.413;1.597;100.713;86.051
2016-11-11;137.253;1.684;107.926;92.674
2016-11-14;136.728;1.724;109.793;94.535
2016-11-15;137.483;1.666;103.88;89.065
2016-11-16;136.48;1.742;113.113;97.479
2016-11-17;135.925;1.783;119.217;102.995
2016-11-18;135.973;1.779;118.419;102.286
2016-11-21;135.618;1.806;122.51;105.993
2016-11-22;136.57;1.732;118.684;102.197
2016-11-23;135.73;1.796;122.86;106.197
2016-11-24;135.595;1.805;124.092;107.42
2016-11-25;135.735;1.793;122.569;106.031
2016-11-28;135.933;1.777;124.293;107.406
2016-11-29;136.688;1.718;117.514;101.208
2016-11-30;136.158;1.759;115.562;99.767
2016-12-01;135.285;1.825;112.343;97.581
2016-12-02;136.118;1.759;115.169;99.548
2016-12-05;135.918;1.774;112.688;97.543
2016-12-06;136.77;1.708;99.576;85.866
2016-12-07;137.6;1.643;95.741;82.245
2016-12-08;136.45;1.73;101.079;87.372
2016-12-09;136.015;1.763;104.694;90.765
2016-12-12;136.015;1.763;98.74;85.519
2016-12-13;136.948;1.69;96.101;82.926
2016-12-14;137.413;1.653;97.932;84.272
2016-12-15;137.133;1.673;92.347;79.636
2016-12-16;137.235;1.665;96.908;83.306
2016-12-19;138.095;1.598;95.986;82.264
2016-12-20;138.683;1.553;88.317;75.563
2016-12-21;138.515;1.565;91.633;78.383
2016-12-22;138.03;1.599;92.363;79.199
2016-12-23;138.323;1.576;93.618;80.124
2016-12-26;138.323;1.576;93.011;79.657
2016-12-27;138.183;1.586;95.471;81.793
2016-12-28;138.908;1.53;90.457;77.237
2016-12-29;139.145;1.51;92.114;78.508
2016-12-30;138.31;1.574;95.956;82.204
2017-01-02;138.675;1.545;93.993;80.346
2017-01-03;137.738;1.616;96.818;83.141
2017-01-04;137.5;1.634;98.42;84.596
2017-01-05;136.825;1.684;107.573;92.689
2017-01-06;136.003;1.748;108.277;93.708
2017-01-09;136.853;1.681;103.961;89.615
2017-01-10;136.753;1.688;104.33;89.992
2017-01-11;137.545;1.626;100.84;86.595
2017-01-12;137.63;1.618;101.043;86.837
2017-01-13;137.255;1.646;101.964;87.628
2017-01-16;137.329;1.64;101.795;87.609
2017-01-17;137.711;1.61;98.18;84.279
2017-01-18;137.188;1.649;98.898;85.188
2017-01-19;136.786;1.679;98.537;84.913
2017-01-20;136.343;1.713;97.615;84.477
2017-01-23;137.114;1.652;96.822;83.401
2017-01-24;136.219;1.721;99.637;86.28
2017-01-25;135.813;1.753;98.018;85.053
2017-01-26;135.462;1.778;98.26;85.423
2017-01-27;135.236;1.796;102.415;89.07
2017-01-30;134.663;1.84;108.045;94.201
2017-01-31;135.037;1.81;105.326;91.799
2017-02-01;133.971;1.895;111.186;97.45
2017-02-02;134.348;1.863;112.618;98.131
2017-02-03;133.918;1.896;116.803;102.16
2017-02-06;132.673;1.996;128.949;113.362
2017-02-07;132.885;1.979;128.269;112.704
2017-02-08;133.728;1.91;126.064;110.537
2017-02-09;134.54;1.843;118.019;102.947
2017-02-10;133.516;1.925;124.521;109.06
2017-02-13;134.004;1.885;117.811;102.983
2017-02-14;133.797;1.901;115.933;101.516
2017-02-15;133.601;1.916;118.292;103.629
2017-02-16;134.483;1.844;115.192;100.449
2017-02-17;134.104;1.874;121.129;105.782
2017-02-20;134.357;1.853;117.94;102.918
2017-02-21;133.516;1.92;124.069;108.641
2017-02-22;133.527;1.918;124.927;109.544
2017-02-23;133.428;1.924;130.596;114.351
2017-02-24;134.61;1.829;124.065;108.156
2017-02-27;135.218;1.78;119.542;103.79
2017-02-28;135.454;1.761;117.512;101.883
2017-03-01;134.798;1.812;118.019;102.643
2017-03-02;134.621;1.825;114.301;99.587
2017-03-03;134.869;1.804;107.278;93.325
2017-03-06;134.366;1.844;113.489;98.962
2017-03-07;134.179;1.858;115.415;100.718
2017-03-08;133.351;1.924;119.55;104.739
2017-03-09;132.909;1.959;116.109;101.954
2017-03-10;132.238;2.013;116.285;102.407
2017-03-13;132.008;2.031;121.037;106.667
2017-03-14;132.383;2.0;120.562;106.013
2017-03-15;132.808;1.965;119.732;105.0
2017-03-16;132.028;2.027;124.062;109.263
2017-03-17;132.221;2.01;124.867;109.815
2017-03-20;132.606;1.978;120.197;105.55
2017-03-21;133.025;1.943;114.87;100.619
2017-03-22;134.004;1.864;111.003;96.764
2017-03-23;133.906;1.87;110.613;96.477
2017-03-24;134.412;1.828;107.746;93.762
2017-03-27;134.472;1.823;109.723;95.412
2017-03-28;134.552;1.816;109.676;95.347
2017-03-29;135.004;1.779;108.749;94.402
2017-03-30;134.976;1.779;109.35;94.933
2017-03-31;134.755;1.797;110.965;96.428
2017-04-03;135.078;1.77;111.807;96.852
2017-04-04;135.36;1.747;109.22;94.666
2017-04-05;135.249;1.755;110.029;95.428
2017-04-06;135.142;1.762;110.159;95.574
2017-04-07;135.255;1.752;112.368;97.282
2017-04-10;135.328;1.746;112.809;97.748
2017-04-11;134.926;1.777;116.544;101.152
2017-04-12;134.481;1.81;120.722;104.944
2017-04-13;134.058;1.844;126.636;110.281
2017-04-14;134.058;1.844;;
2017-04-17;134.058;1.844;127.612;111.047
2017-04-18;134.417;1.814;127.91;111.163
2017-04-19;134.285;1.824;125.292;108.978
2017-04-20;133.945;1.85;123.049;107.213
2017-04-21;134.089;1.838;118.63;103.349
2017-04-24;135.083;1.757;106.645;92.493
2017-04-25;134.173;1.83;109.482;95.398
2017-04-26;133.837;1.857;113.636;99.188
2017-04-27;134.774;1.778;109.955;95.544
2017-04-28;134.383;1.809;110.286;96.002
2017-05-01;134.383;1.809;110.687;96.342
2017-05-02;134.216;1.822;111.086;96.783
2017-05-03;134.767;1.777;107.074;93.11
2017-05-04;134.952;1.76;98.899;85.947
2017-05-05;135.685;1.701;91.025;78.806
2017-05-08;135.206;1.739;95.89;83.296
2017-05-09;134.678;1.781;99.838;86.861
2017-05-10;134.902;1.762;100.08;86.972
2017-05-11;134.279;1.811;105.273;91.745
2017-05-12;134.57;1.786;106.24;92.445
2017-05-15;134.507;1.791;104.232;90.768
2017-05-16;134.721;1.773;100.969;87.847
2017-05-17;135.529;1.707;98.19;85.069
2017-05-18;135.544;1.704;100.582;87.12
2017-05-19;135.385;1.716;99.104;85.931
2017-05-22;134.856;1.758;100.522;87.395
2017-05-23;134.817;1.761;98.947;86.049
2017-05-24;134.946;1.75;97.812;85.035
2017-05-25;135.165;1.73;99.019;85.976
2017-05-26;135.759;1.682;97.003;83.973
2017-05-29;135.531;1.699;100.429;87.006
2017-05-30;135.832;1.675;98.364;84.919
2017-05-31;135.472;1.703;100.305;86.972
2017-06-01;135.382;1.708;99.706;86.506
2017-06-02;135.136;1.728;103.206;89.636
2017-06-05;135.137;1.727;102.388;88.916
2017-06-06;135.628;1.687;100.214;86.83
2017-06-07;135.064;1.732;104.926;91.152
2017-06-08;136.252;1.634;95.506;82.532
2017-06-09;136.704;1.597;91.155;78.635
2017-06-12;136.626;1.603;93.437;80.612
2017-06-13;136.744;1.593;90.021;77.678
2017-06-14;137.38;1.541;89.012;76.695
2017-06-15;136.932;1.575;88.692;76.444
2017-06-16;136.39;1.618;94.601;81.452
2017-06-19;136.493;1.609;93.122;80.415
2017-06-20;137.305;1.543;87.851;75.664
2017-06-21;137.497;1.527;87.343;75.241
2017-06-22;137.363;1.536;90.363;77.666
2017-06-23;137.282;1.542;89.029;76.531
2017-06-26;137.341;1.537;89.233;76.688
2017-06-27;135.822;1.658;89.728;77.645
2017-06-28;136.615;1.593;85.282;73.562
2017-06-29;135.264;1.701;88.979;77.032
2017-06-30;135.235;1.702;87.629;76.132
2017-07-03;135.422;1.686;84.94;73.787
2017-07-04;135.318;1.694;83.714;72.758
2017-07-05;134.796;1.736;88.405;77.016
2017-07-06;133.531;1.838;92.626;81.251
2017-07-07;132.813;1.897;97.319;85.606
2017-07-10;133.59;1.832;94.076;82.441
2017-07-11;133.233;1.861;96.8;84.93
2017-07-12;133.895;1.806;94.512;82.756
2017-07-13;133.063;1.873;99.355;87.208
2017-07-14;133.683;1.821;94.441;82.638
2017-07-17;134.439;1.758;88.376;76.895
2017-07-18;135.085;1.704;84.569;73.562
2017-07-19;134.978;1.713;87.425;76.043
2017-07-20;135.877;1.637;78.586;68.019
2017-07-21;136.122;1.617;78.78;67.919
2017-07-24;135.764;1.645;81.04;70.29
2017-07-25;134.907;1.715;84.056;72.93
2017-07-26;134.848;1.719;84.65;73.744
2017-07-27;135.305;1.68;81.427;70.491
2017-07-28;135.02;1.702;81.553;71.03
2017-07-31;135.373;1.673;78.827;68.763
2017-08-01;136.111;1.612;77.758;67.33
2017-08-02;135.856;1.632;80.414;69.711
2017-08-03;135.906;1.626;82.832;71.792
2017-08-04;135.584;1.652;84.522;73.321
2017-08-07;135.915;1.624;82.121;71.141
2017-08-08;136.04;1.613;80.023;68.963
2017-08-09;136.271;1.594;82.216;70.924
2017-08-10;135.89;1.623;86.697;75.057
2017-08-11;136.031;1.611;87.922;76.051
2017-08-14;136.089;1.605;84.419;73.034
2017-08-15;135.598;1.645;87.175;75.587
2017-08-16;135.67;1.638;84.689;73.395
2017-08-17;135.948;1.614;85.869;74.31
2017-08-18;135.899;1.617;86.705;75.038
2017-08-21;136.049;1.604;86.494;74.804
2017-08-22;135.64;1.637;90.307;78.279
2017-08-23;135.572;1.642;92.187;79.925
2017-08-24;135.222;1.669;94.698;82.224
2017-08-25;135.15;1.674;94.635;82.199
2017-08-28;135.267;1.664;93.463;81.174
2017-08-29;135.781;1.621;92.805;80.359
2017-08-30;135.455;1.647;94.74;82.171
2017-08-31;135.648;1.629;92.833;80.43
2017-09-01;135.172;1.668;95.539;82.985
2017-09-04;135.774;1.617;91.14;78.933
2017-09-05;136.076;1.592;91.491;79.117
2017-09-06;135.649;1.626;93.623;81.129
2017-09-07;136.491;1.556;87.226;75.29
2017-09-08;135.912;1.602;91.494;79.193
2017-09-11;135.633;1.624;92.082;79.819
2017-09-12;135.142;1.664;90.327;78.525
2017-09-13;135.405;1.642;88.821;77.115
2017-09-14;135.061;1.668;90.246;78.472
2017-09-15;134.952;1.677;88.614;77.066
2017-09-18;135.109;1.663;85.22;74.092
2017-09-19;135.369;1.641;83.64;72.629
2017-09-20;135.147;1.659;87.245;75.819
2017-09-21;134.481;1.712;91.551;79.789
2017-09-22;134.445;1.714;92.392;80.526
2017-09-25;134.462;1.712;95.777;83.45
2017-09-26;134.56;1.703;94.183;82.034
2017-09-27;134.135;1.738;92.618;80.877
2017-09-28;134.335;1.72;88.811;77.492
2017-09-29;134.469;1.708;88.772;77.388
2017-10-02;133.425;1.795;99.212;86.902
2017-10-03;133.076;1.823;101.086;88.71
2017-10-04;132.387;1.881;108.343;95.384
2017-10-05;133.261;1.805;100.801;88.347
2017-10-06;133.104;1.818;100.932;88.508
2017-10-09;133.531;1.781;99.482;87.067
2017-10-10;133.281;1.802;101.766;89.156
2017-10-11;133.971;1.743;92.865;81.133
2017-10-12;134.012;1.738;94.465;82.504
2017-10-13;134.299;1.713;94.762;82.63
2017-10-16;134.721;1.677;94.106;81.881
2017-10-17;135.045;1.65;92.27;80.164
2017-10-18;134.224;1.717;96.749;84.376
2017-10-19;134.036;1.731;98.286;85.78
2017-10-20;133.714;1.758;95.557;83.575
2017-10-23;134.181;1.718;93.603;81.666
2017-10-24;133.766;1.752;93.723;81.955
2017-10-25;133.839;1.745;91.635;80.112
2017-10-26;135.099;1.638;86.413;75.123
2017-10-27;134.512;1.686;92.18;80.316
2017-10-30;135.646;1.591;84.042;72.822
2017-10-31;136.002;1.561;81.537;70.534
2017-11-01;135.886;1.57;81.177;70.271
2017-11-02;135.769;1.578;82.54;71.477
2017-11-03;135.82;1.573;82.838;71.711
2017-11-06;135.9;1.565;84.693;73.277
2017-11-07;136.621;1.505;78.511;67.69
2017-11-08;135.631;1.586;87.508;75.777
2017-11-09;134.985;1.638;88.898;77.267
2017-11-10;134.464;1.681;90.281;78.672
2017-11-13;134.903;1.643;85.357;74.226
2017-11-14;134.954;1.639;87.487;76.053
2017-11-15;134.766;1.654;91.527;79.617
2017-11-16;134.81;1.648;90.975;79.093
2017-11-17;134.67;1.659;93.384;81.219
2017-11-20;135.13;1.62;88.844;77.098
2017-11-21;135.641;1.576;85.975;74.406
2017-11-22;135.918;1.553;83.951;72.534
2017-11-23;135.683;1.57;86.695;74.953
2017-11-24;135.457;1.588;87.326;75.587
2017-11-27;135.515;1.583;88.33;76.435
2017-11-28;135.545;1.58;87.867;76.031
2017-11-29;135.262;1.603;86.36;74.846
2017-11-30;135.685;1.565;84.012;72.65
2017-12-01;136.056;1.534;85.713;73.938
2017-12-04;136.08;1.531;82.924;71.554
2017-12-05;136.043;1.533;85.122;73.443
2017-12-06;135.828;1.55;89.047;76.915
2017-12-07;136.149;1.522;83.941;72.389
2017-12-08;136.231;1.514;81.683;70.419
2017-12-11;136.108;1.524;84.413;72.789
2017-12-12;135.473;1.576;87.881;76.026
2017-12-13;134.997;1.615;92.786;80.449
2017-12-14;135.575;1.565;88.766;76.72
2017-12-15;135.437;1.576;90.87;78.559
2017-12-18;135.718;1.551;87.434;75.489
2017-12-19;135.107;1.602;86.936;75.322
2017-12-20;135.249;1.589;82.523;71.463
2017-12-21;135.291;1.582;80.585;69.736
2017-12-22;135.145;1.594;80.834;70.001
2017-12-25;135.145;1.594;80.825;69.999
2017-12-26;135.145;1.594;80.808;70.002
2017-12-27;135.194;1.589;84.097;72.775
2017-12-28;134.558;1.64;87.265;75.75
2017-12-29;133.974;1.689;92.235;80.265
2018-01-01;133.974;1.689;92.133;80.182
2018-01-02;133.373;1.739;95.125;83.085
2018-01-03;133.68;1.713;94.599;82.49
2018-01-04;134.224;1.664;89.962;78.231
2018-01-05;134.446;1.645;87.411;75.939
2018-01-08;134.908;1.605;84.115;72.911
2018-01-09;134.574;1.632;84.007;72.978
2018-01-10;134.2;1.663;85.395;74.307
2018-01-11;134.36;1.648;79.788;69.36
2018-01-12;134.755;1.614;75.247;65.297
2018-01-15;134.313;1.65;78.35;68.132
2018-01-16;134.682;1.618;77.924;67.576
2018-01-17;134.616;1.623;78.458;68.137
2018-01-18;134.707;1.614;75.669;65.646
2018-01-19;135.282;1.564;69.392;60.068
2018-01-22;135.786;1.521;64.332;55.567
2018-01-23;136.222;1.484;60.658;52.273
2018-01-24;136.172;1.487;58.883;50.766
2018-01-25;135.51;1.541;63.253;54.681
2018-01-26;135.637;1.529;60.733;52.435
2018-01-29;135.613;1.531;53.602;46.35
2018-01-30;135.835;1.511;52.518;45.36
2018-01-31;135.656;1.525;54.318;46.939
2018-02-01;135.949;1.499;48.021;41.491
2018-02-02;135.153;1.565;51.066;44.316
2018-02-05;135.289;1.553;51.857;44.953
2018-02-06;135.713;1.516;52.647;45.526
2018-02-07;135.846;1.504;47.361;40.96
2018-02-08;135.525;1.529;48.113;41.67
2018-02-09;135.139;1.561;51.512;44.697
2018-02-12;135.151;1.56;47.953;41.645
2018-02-13;134.663;1.601;53.457;46.545
2018-02-14;134.781;1.59;51.541;44.816
2018-02-15;134.843;1.582;49.819;43.299
2018-02-16;135.39;1.535;49.252;42.695
2018-02-19;134.845;1.581;51.636;44.884
2018-02-20;134.553;1.605;54.174;47.142
2018-02-21;134.754;1.587;54.163;47.087
2018-02-22;134.628;1.596;55.431;48.205
2018-02-23;134.661;1.592;59.561;51.765
2018-02-26;135.085;1.555;55.752;48.374
2018-02-27;134.986;1.563;55.402;48.075
2018-02-28;135.249;1.54;54.671;47.374
2018-03-01;135.668;1.502;50.881;43.995
2018-03-02;135.183;1.543;54.905;47.598
2018-03-05;135.677;1.5;50.547;43.719
2018-03-06;135.757;1.493;47.429;41.01
2018-03-07;136.178;1.456;45.517;39.275
2018-03-08;136.594;1.419;43.292;37.259
2018-03-09;136.255;1.447;45.196;38.961
2018-03-12;136.601;1.417;42.886;36.919
2018-03-13;136.714;1.407;43.067;37.057
2018-03-14;136.689;1.408;45.67;39.299
2018-03-15;136.941;1.384;45.473;39.057
2018-03-16;137.009;1.378;44.823;38.494
2018-03-19;137.337;1.35;41.356;35.475
2018-03-20;137.719;1.317;36.088;30.901
2018-03-21;137.402;1.343;37.853;32.465
2018-03-22;137.898;1.299;38.096;32.573
2018-03-23;138.147;1.277;35.14;30.015
2018-03-26;138.25;1.268;34.456;29.428
2018-03-27;138.536;1.244;34.134;29.116
2018-03-28;138.81;1.217;31.723;27.016
2018-03-29;139.416;1.166;26.194;22.247
2018-03-30;139.416;1.166;26.347;22.377
2018-04-02;139.416;1.166;26.347;22.377
2018-04-03;139.039;1.196;30.889;26.269
2018-04-04;139.318;1.172;28.569;24.279
2018-04-05;138.475;1.24;33.955;28.957
2018-04-06;138.459;1.241;36.461;31.087
2018-04-09;138.418;1.243;36.637;31.24
2018-04-10;138.047;1.273;40.387;34.502
2018-04-11;137.883;1.286;43.066;36.798
2018-04-12;138.099;1.266;39.196;33.468
2018-04-13;138.27;1.251;37.43;31.94
2018-04-16;138.212;1.255;36.663;31.291
2018-04-17;138.443;1.235;36.292;30.943
2018-04-18;138.521;1.228;34.058;29.031
2018-04-19;137.719;1.292;35.394;30.285
2018-04-20;137.727;1.291;35.262;30.176
2018-04-23;137.349;1.322;35.391;30.351
2018-04-24;137.469;1.311;34.316;29.41
2018-04-25;137.394;1.317;34.584;29.649
2018-04-26;137.733;1.286;34.781;29.76
2018-04-27;137.789;1.28;35.876;30.677
2018-04-30;137.591;1.296;38.706;33.12
2018-05-01;137.591;1.296;38.97;33.347
2018-05-02;137.249;1.324;40.246;34.51
2018-05-03;137.822;1.273;39.191;33.505
2018-05-04;137.294;1.317;43.323;37.114
2018-05-07;137.561;1.293;42.239;36.142
2018-05-08;137.03;1.338;43.733;37.53
2018-05-09;137.189;1.323;42.188;36.167
2018-05-10;137.046;1.333;43.059;36.965
2018-05-11;137.483;1.295;37.989;32.533
2018-05-14;136.778;1.354;40.207;34.561
2018-05-15;136.466;1.38;39.626;34.118
2018-05-16;135.774;1.439;48.496;41.891
2018-05-17;135.779;1.436;44.683;38.601
2018-05-18;135.408;1.468;52.985;45.839
2018-05-21;134.573;1.539;64.71;56.185
2018-05-22;135.174;1.486;55.808;48.332
2018-05-23;135.296;1.475;58.575;50.697
2018-05-24;135.834;1.426;56.574;48.835
2018-05-25;135.091;1.49;69.196;59.924
2018-05-28;134.436;1.546;78.75;68.387
2018-05-29;133.328;1.643;93.457;81.587
2018-05-30;134.309;1.556;75.233;65.434
2018-05-31;134.673;1.522;75.597;65.565
2018-06-01;135.476;1.451;65.034;56.196
2018-06-04;136.659;1.349;50.695;43.573
2018-06-05;135.84;1.418;61.387;52.995
2018-06-06;134.599;1.525;65.127;56.536
2018-06-07;134.872;1.499;59.608;51.66
2018-06-08;134.761;1.508;62.435;54.16
2018-06-11;135.037;1.483;58.379;50.568
2018-06-12;135.097;1.477;59.024;51.127
2018-06-13;135.327;1.457;57.885;50.075
2018-06-14;135.993;1.397;56.405;48.608
2018-06-15;136.525;1.35;54.673;47.015
2018-06-18;137.067;1.303;50.347;43.191
2018-06-19;137.196;1.291;52.017;44.586
2018-06-20;137.164;1.293;51.149;43.873
2018-06-21;136.068;1.385;62.864;54.202
2018-06-22;135.832;1.404;64.379;55.551
2018-06-25;135.751;1.411;65.181;56.26
2018-06-26;135.301;1.449;67.962;58.81
2018-06-27;135.755;1.409;65.29;56.35
2018-06-28;135.617;1.419;66.955;57.799
2018-06-29;136.168;1.37;63.115;54.345
2018-07-02;136.507;1.34;59.023;50.752
2018-07-03;136.508;1.339;60.105;51.671
2018-07-04;136.402;1.347;61.167;52.607
2018-07-05;136.012;1.379;64.87;55.865
2018-07-06;136.201;1.362;63.171;54.363
2018-07-09;136.411;1.343;61.02;52.462
2018-07-10;136.57;1.328;57.396;49.309
2018-07-11;136.284;1.352;60.359;51.92
2018-07-12;136.433;1.337;59.369;51.031
2018-07-13;136.716;1.312;57.366;49.231
2018-07-16;136.5;1.33;57.186;49.147
2018-07-17;136.836;1.3;55.882;47.926
2018-07-18;136.487;1.329;59.542;51.156
2018-07-19;136.475;1.328;59.897;51.467
2018-07-20;136.094;1.36;60.348;51.963
2018-07-23;136.034;1.365;57.875;49.852
2018-07-24;136.136;1.355;58.135;50.042
2018-07-25;136.366;1.334;56.391;48.497
2018-07-26;136.199;1.346;56.14;48.324
2018-07-27;136.119;1.353;56.568;48.703
2018-07-30;135.463;1.409;59.22;51.152
2018-07-31;135.784;1.38;56.421;48.641
2018-08-01;135.111;1.438;60.547;52.388
2018-08-02;134.996;1.446;62.208;53.865
2018-08-03;135.413;1.409;61.608;53.224
2018-08-06;135.654;1.387;60.591;52.293
2018-08-07;135.701;1.382;58.362;50.363
2018-08-08;135.565;1.393;60.189;51.976
2018-08-09;135.673;1.381;60.202;51.967
2018-08-10;135.576;1.389;65.5;56.54
2018-08-13;134.983;1.441;71.713;62.087
2018-08-14;135.513;1.393;65.748;56.764
2018-08-15;135.056;1.433;72.172;62.436
2018-08-16;135.132;1.424;70.134;60.636
2018-08-17;135.04;1.431;72.08;62.357
2018-08-20;135.709;1.371;65.733;56.678
2018-08-21;135.943;1.35;61.393;52.914
2018-08-22;135.788;1.363;62.959;54.265
2018-08-23;135.844;1.355;62.081;53.501
2018-08-24;135.631;1.373;63.77;55.006
2018-08-27;135.451;1.389;63.404;54.746
2018-08-28;134.872;1.439;69.354;60.04
2018-08-29;134.752;1.449;68.204;59.068
2018-08-30;134.631;1.457;72.714;63.03
2018-08-31;134.635;1.456;74.223;64.322
2018-09-03;134.844;1.437;71.761;62.123
2018-09-04;135.098;1.413;67.946;58.758
2018-09-05;134.88;1.432;68.241;59.092
2018-09-06;134.817;1.435;70.111;60.692
2018-09-07;134.71;1.444;68.494;59.362
2018-09-10;134.765;1.438;67.215;58.242
2018-09-11;134.594;1.453;66.198;57.415
2018-09-12;134.659;1.446;67.102;58.19
2018-09-13;134.558;1.453;67.351;58.413
2018-09-14;134.378;1.468;67.525;58.626
2018-09-17;134.364;1.469;66.275;57.527
2018-09-18;134.127;1.489;67.25;58.449
2018-09-19;133.89;1.51;67.971;59.164
2018-09-20;134.005;1.497;67.325;58.554
2018-09-21;134.178;1.481;66.312;57.617
2018-09-24;133.861;1.509;65.48;56.966
2018-09-25;133.849;1.509;62.35;54.255
2018-09-26;133.851;1.508;63.296;55.075
2018-09-27;133.986;1.494;61.847;53.754
2018-09-28;134.05;1.487;64.695;56.22
2018-10-01;133.714;1.517;66.839;58.201
2018-10-02;133.597;1.526;71.023;61.863
2018-10-03;133.6;1.525;67.422;58.732
2018-10-04;133.234;1.556;65.974;57.582
2018-10-05;133.062;1.571;63.641;55.603
2018-10-08;132.934;1.582;68.155;59.574
2018-10-09;132.814;1.592;67.872;59.371
2018-10-10;132.651;1.606;68.78;60.207
2018-10-11;132.332;1.633;73.873;64.749
2018-10-12;131.997;1.663;78.54;68.94
2018-10-15;131.914;1.67;78.982;69.367
2018-10-16;132.288;1.635;77.199;67.675
2018-10-17;132.216;1.641;80.859;70.898
2018-10-18;131.314;1.722;91.754;80.787
2018-10-19;131.224;1.73;89.092;78.469
2018-10-22;131.605;1.694;86.205;75.782
2018-10-23;131.931;1.663;86.345;75.778
2018-10-24;132.399;1.619;82.081;71.886
2018-10-25;132.802;1.58;77.398;67.661
2018-10-26;132.988;1.562;80.148;69.968
2018-10-29;133.269;1.536;74.936;65.351
2018-10-30;133.02;1.558;78.123;68.204
2018-10-31;133.22;1.539;74.77;65.222
2018-11-01;133.026;1.554;75.541;65.955
2018-11-02;132.96;1.559;75.239;65.727
2018-11-05;133.004;1.554;75.02;65.52
2018-11-06;132.871;1.566;75.262;65.775
2018-11-07;132.637;1.587;77.039;67.389
2018-11-08;132.517;1.595;76.759;67.176
2018-11-09;132.632;1.584;79.159;69.219
2018-11-12;132.614;1.585;80.225;70.165
2018-11-13;132.529;1.592;80.636;70.545
2018-11-14;132.383;1.605;82.682;72.392
2018-11-15;132.233;1.616;87.05;76.255
2018-11-16;132.191;1.619;86.555;75.85
2018-11-19;131.969;1.639;88.736;77.827
2018-11-20;132.047;1.631;90.029;78.918
2018-11-21;132.154;1.62;87.676;76.834
2018-11-22;132.06;1.627;89.314;78.285
2018-11-23;132.103;1.622;91.107;79.841
2018-11-26;132.88;1.549;81.697;71.335
2018-11-27;132.982;1.539;81.387;71.033
2018-11-28;133.079;1.53;80.165;69.936
2018-11-29;133.447;1.493;78.985;68.763
2018-11-30;133.541;1.484;78.455;68.278
2018-12-03;133.607;1.477;78.015;67.859
2018-12-04;133.67;1.471;80.741;70.19
2018-12-05;133.927;1.446;75.71;65.744
2018-12-06;133.895;1.447;78.119;67.815
2018-12-07;133.942;1.442;76.69;66.566
2018-12-10;134.058;1.43;75.571;65.549
2018-12-11;134.14;1.422;74.259;64.394
2018-12-12;134.191;1.417;70.713;61.312
2018-12-13;134.197;1.414;70.785;61.38
2018-12-14;134.339;1.4;71.619;62.028
2018-12-17;134.455;1.388;69.747;60.392
2018-12-18;134.698;1.365;69.346;59.971
2018-12-19;134.67;1.367;71.106;61.501
2018-12-20;134.686;1.363;72.674;62.831
2018-12-21;134.388;1.388;73.374;63.545
2018-12-24;134.388;1.387;73.372;63.556
2018-12-25;134.388;1.387;73.398;63.554
2018-12-26;134.388;1.387;73.376;63.556
2018-12-27;134.517;1.373;73.832;63.905
2018-12-28;134.148;1.405;78.403;67.962
2018-12-31;134.148;1.404;78.414;67.986
2019-01-01;134.148;1.404;78.417;67.986
2019-01-02;134.302;1.389;83.707;72.487
2019-01-03;133.963;1.418;87.72;76.075
2019-01-04;133.459;1.463;87.507;76.095
2019-01-07;133.157;1.491;89.603;78.007
2019-01-08;132.981;1.506;89.487;77.964
2019-01-09;133.226;1.483;86.115;74.951
2019-01-10;133.651;1.441;82.7;71.841
2019-01-11;133.679;1.437;83.337;72.378
2019-01-14;133.954;1.411;81.763;70.915
2019-01-15;134.242;1.384;80.635;69.842
2019-01-16;134.396;1.369;78.129;67.62
2019-01-17;134.515;1.356;75.846;65.599
2019-01-18;134.689;1.339;72.028;62.236
2019-01-21;134.448;1.36;75.019;64.906
2019-01-22;134.76;1.331;73.754;63.702
2019-01-23;134.983;1.309;73.73;63.626
2019-01-24;135.764;1.236;69.458;59.688
2019-01-25;135.844;1.227;67.917;58.321
2019-01-28;135.932;1.219;66.283;56.919
2019-01-29;135.764;1.233;69.491;59.706
2019-01-30;135.563;1.25;73.226;62.956
2019-01-31;136.148;1.195;72.336;61.974
2019-02-01;135.892;1.217;70.722;60.688
2019-02-04;135.675;1.236;71.962;61.809
2019-02-05;135.524;1.249;74.048;63.649
2019-02-06;135.489;1.251;75.622;65.009
2019-02-07;135.628;1.236;77.745;66.771
2019-02-08;135.693;1.229;80.076;68.724
2019-02-11;135.587;1.238;78.512;67.445
2019-02-12;135.622;1.234;76.726;65.894
2019-02-13;135.653;1.23;76.162;65.399
2019-02-14;135.566;1.235;78.225;67.164
2019-02-15;135.625;1.229;77.51;66.538
2019-02-18;135.719;1.22;75.825;65.067
2019-02-19;135.921;1.2;75.168;64.437
2019-02-20;135.986;1.194;76.028;65.116
2019-02-21;135.949;1.194;73.264;62.781
2019-02-22;136.257;1.165;72.642;62.17
2019-02-25;136.362;1.155;70.629;60.425
2019-02-26;136.618;1.131;67.351;57.543
2019-02-27;136.381;1.151;66.563;56.933
2019-02-28;136.192;1.166;64.996;55.664
2019-03-01;135.963;1.186;66.602;57.107
2019-03-04;136.217;1.162;66.311;56.786
2019-03-05;136.393;1.145;64.275;55.001
2019-03-06;136.824;1.105;64.298;54.876
2019-03-07;137.557;1.036;64.203;54.58
2019-03-08;137.437;1.046;67.046;57.006
2019-03-11;137.431;1.045;66.065;56.18
2019-03-12;137.267;1.059;68.192;58.034
2019-03-13;137.065;1.077;69.34;59.068
2019-03-14;136.974;1.082;68.385;58.286
2019-03-15;136.991;1.08;68.488;58.362
2019-03-18;137.36;1.045;65.925;56.076
2019-03-19;137.173;1.062;66.111;56.275
2019-03-20;137.238;1.055;66.558;56.626
2019-03-21;137.946;0.988;62.657;53.093
2019-03-22;138.273;0.958;65.119;55.079
2019-03-25;137.914;0.989;69.583;58.931
2019-03-26;137.996;0.981;66.927;56.685
2019-03-27;138.394;0.944;70.608;59.69
2019-03-28;137.998;0.977;71.889;60.887
2019-03-29;137.93;0.982;70.707;59.926
2019-04-01;137.415;1.028;72.825;61.885
2019-04-02;137.717;0.999;71.949;61.041
2019-04-03;137.407;1.026;69.482;59.07
2019-04-04;137.696;0.997;67.667;57.429
2019-04-05;137.756;0.991;65.944;55.968
2019-04-08;137.942;0.973;64.309;54.536
2019-04-09;138.074;0.96;64.111;54.336
2019-04-10;138.393;0.931;63.867;54.053
2019-04-11;138.793;0.892;57.953;48.955
2019-04-12;138.312;0.934;56.963;48.25
2019-04-15;137.932;0.968;60.625;51.449
2019-04-16;137.88;0.971;59.768;50.736
2019-04-17;137.592;0.993;60.965;51.821
2019-04-18;138.011;0.954;61.988;52.566
2019-04-19;138.011;0.954;62.028;52.603
2019-04-22;138.011;0.954;62.029;52.603
2019-04-23;137.476;1.002;65.889;56.0
2019-04-24;137.964;0.956;66.157;56.087
2019-04-25;137.736;0.974;66.974;56.84
2019-04-26;138.459;0.907;60.348;51.04
2019-04-29;138.546;0.898;57.924;48.982
2019-04-30;138.667;0.886;55.659;47.051
2019-05-01;138.667;0.886;55.793;47.161
2019-05-02;138.639;0.885;54.659;46.218
2019-05-03;138.81;0.869;52.501;44.362
2019-05-06;138.803;0.869;54.663;46.178
2019-05-07;139.001;0.85;56.584;47.736
2019-05-08;139.056;0.844;55.693;46.977
2019-05-09;138.695;0.874;58.994;49.848
2019-05-10;138.757;0.867;58.07;49.057
2019-05-13;138.647;0.876;61.829;52.234
2019-05-14;138.872;0.855;60.382;50.968
2019-05-15;139.002;0.842;60.776;51.272
2019-05-16;139.547;0.79;53.742;45.235
2019-05-17;139.873;0.759;51.768;43.525
2019-05-20;139.748;0.77;51.476;43.316
2019-05-21;139.87;0.758;48.914;41.156
2019-05-22;139.93;0.751;49.951;41.997
2019-05-23;140.051;0.737;51.748;43.471
2019-05-24;140.317;0.712;48.354;40.571
2019-05-27;140.461;0.699;49.542;41.505
2019-05-28;140.726;0.674;48.333;40.45
2019-05-29;141.303;0.621;44.091;36.824
2019-05-30;140.928;0.652;47.087;39.397
2019-05-31;141.454;0.604;44.002;36.728
2019-06-03;141.692;0.582;42.402;35.377
2019-06-04;141.974;0.556;41.523;34.592
2019-06-05;142.343;0.522;40.84;33.949
2019-06-06;142.538;0.502;39.232;32.605
2019-06-07;143.177;0.444;34.492;28.58
2019-06-10;142.549;0.498;36.596;30.428
2019-06-11;142.742;0.48;36.449;30.304
2019-06-12;142.685;0.484;37.466;31.127
2019-06-13;142.968;0.456;35.03;29.069
2019-06-14;143.369;0.42;32.775;27.145
2019-06-17;143.058;0.446;34.795;28.889
2019-06-18;144.592;0.311;26.392;21.75
2019-06-19;144.392;0.327;25.023;20.749
2019-06-20;144.429;0.321;26.333;21.808
2019-06-21;143.932;0.363;27.508;22.877
2019-06-24;144.202;0.338;27.639;22.946
2019-06-25;144.515;0.31;26.886;22.288
2019-06-26;144.301;0.327;26.434;21.924
2019-06-27;144.271;0.327;29.088;24.093
2019-06-28;144.28;0.325;29.976;24.807
2019-07-01;144.908;0.269;25.539;21.094
2019-07-02;145.421;0.223;21.152;17.492
2019-07-03;146.296;0.147;15.887;13.156
2019-07-04;145.899;0.177;23.197;19.135
2019-07-05;145.066;0.248;27.893;23.097
2019-07-08;144.375;0.307;35.502;29.369
2019-07-09;144.555;0.291;30.182;25.007
2019-07-10;144.291;0.312;28.664;23.713
2019-07-11;143.841;0.349;27.82;23.145
2019-07-12;142.849;0.435;36.257;30.251
2019-07-15;143.463;0.38;34.814;28.913
2019-07-16;143.633;0.364;34.14;28.378
2019-07-17;144.09;0.322;33.83;28.043
2019-07-18;144.571;0.277;30.192;24.985
2019-07-19;144.744;0.26;30.214;24.993
2019-07-22;144.598;0.272;33.299;27.557
2019-07-23;144.539;0.276;34.431;28.48
2019-07-24;145.124;0.224;31.502;25.987
2019-07-25;144.96;0.235;32.357;26.74
2019-07-26;144.808;0.247;34.274;28.249
2019-07-29;144.88;0.239;34.5;28.392
2019-07-30;144.921;0.235;34.437;28.326
2019-07-31;145.703;0.165;30.517;25.04
2019-08-01;145.538;0.176;33.783;27.741
2019-08-02;146.179;0.119;33.193;27.131
2019-08-05;146.15;0.121;34.914;28.541
2019-08-06;146.231;0.112;35.261;28.823
2019-08-07;146.854;0.057;34.17;27.858
2019-08-08;146.183;0.112;37.743;30.852
2019-08-09;145.728;0.15;43.774;35.814
2019-08-12;146.094;0.117;40.8;33.375
2019-08-13;146.31;0.097;40.574;33.143
2019-08-14;146.981;0.038;40.709;33.143
2019-08-15;148.245;-0.074;38.833;31.361
2019-08-16;147.7;-0.029;45.446;36.856
2019-08-19;147.086;0.023;43.024;35.026
2019-08-20;147.5;-0.014;41.028;33.305
2019-08-21;147.452;-0.011;37.007;30.114
2019-08-22;146.887;0.034;37.854;30.908
2019-08-23;146.885;0.033;40.781;33.142
2019-08-26;146.928;0.028;39.228;31.932
2019-08-27;147.462;-0.019;39.628;32.166
2019-08-28;147.533;-0.027;42.138;34.165
2019-08-29;147.143;0.003;43.832;35.596
2019-08-30;147.062;0.009;44.441;36.082
2019-09-02;146.939;0.019;45.398;36.908
2019-09-03;146.974;0.014;45.286;36.875
2019-09-04;146.539;0.051;46.53;37.902
2019-09-05;145.534;0.135;47.191;38.66
2019-09-06;146.206;0.075;44.957;36.666
2019-09-09;145.698;0.118;45.716;37.333
2019-09-10;145.249;0.157;46.588;38.154
2019-09-11;145.24;0.156;46.666;38.167
2019-09-12;145.576;0.123;35.991;29.661
2019-09-13;144.685;0.201;36.426;30.048
2019-09-16;145.121;0.161;36.955;30.331
2019-09-17;144.706;0.196;42.787;35.168
2019-09-18;145.36;0.137;39.583;32.438
2019-09-19;145.075;0.159;42.16;34.568
2019-09-20;145.148;0.151;42.425;34.728
2019-09-23;146.13;0.064;38.709;31.536
2019-09-24;146.46;0.034;37.518;30.529
2019-09-25;146.221;0.053;35.621;29.029
2019-09-26;146.029;0.066;37.584;30.621
2019-09-27;145.904;0.076;37.865;30.872
2019-09-30;145.963;0.07;36.729;29.971
2019-10-01;145.94;0.071;36.803;30.013
2019-10-02;145.708;0.09;37.888;30.888
2019-10-03;146.011;0.06;37.929;30.907
2019-10-04;146.052;0.055;37.242;30.337
2019-10-07;145.912;0.066;37.119;30.274
2019-10-08;146.094;0.049;36.323;29.576
2019-10-09;145.741;0.078;34.819;28.412
2019-10-10;144.974;0.143;35.783;29.299
2019-10-11;144.911;0.147;32.449;26.58
2019-10-14;145.09;0.13;31.606;25.863
2019-10-15;144.988;0.138;28.252;23.166
2019-10-16;144.676;0.165;28.082;23.057
2019-10-17;144.859;0.145;28.509;23.357
2019-10-18;144.702;0.157;26.432;21.681
2019-10-21;144.251;0.197;27.405;22.518
2019-10-22;144.498;0.173;26.992;22.148
2019-10-23;144.497;0.172;31.113;25.506
2019-10-24;144.699;0.151;28.628;23.441
2019-10-25;144.269;0.188;27.012;22.161
2019-10-28;143.868;0.223;28.607;23.514
2019-10-29;144.087;0.202;27.889;22.886
2019-10-30;144.081;0.201;27.418;22.481
2019-10-31;144.519;0.158;27.227;22.275
2019-11-01;144.166;0.189;29.585;24.294
2019-11-04;143.788;0.222;29.868;24.554
2019-11-05;143.61;0.237;28.684;23.614
2019-11-06;143.942;0.205;27.421;22.506
2019-11-07;142.974;0.29;27.98;23.052
2019-11-08;142.953;0.29;30.257;24.886
2019-11-11;142.5;0.331;33.626;27.764
2019-11-12;142.319;0.346;37.223;30.748
2019-11-13;142.235;0.353;42.407;35.069
2019-11-14;142.053;0.366;48.018;39.691
2019-11-15;142.27;0.345;43.893;36.269
2019-11-18;142.447;0.327;41.518;34.295
2019-11-19;142.207;0.348;44.383;36.686
2019-11-20;142.219;0.346;44.936;37.145
2019-11-21;141.901;0.372;46.127;38.197
2019-11-22;142.349;0.329;44.32;36.594
2019-11-25;142.341;0.329;43.246;35.719
2019-11-26;142.548;0.309;42.995;35.477
2019-11-27;142.415;0.32;45.201;37.334
2019-11-28;142.218;0.334;45.685;37.789
2019-11-29;142.172;0.337;45.459;37.603
2019-12-02;141.379;0.41;46.474;38.601
2019-12-03;142.192;0.333;44.982;37.145
2019-12-04;141.787;0.369;44.904;37.171
2019-12-05;141.31;0.41;48.178;39.976
2019-12-06;141.219;0.417;48.376;40.133
2019-12-09;141.635;0.378;45.494;37.671
2019-12-10;141.59;0.381;45.04;37.31
2019-12-11;142.154;0.327;41.368;34.192
2019-12-12;141.779;0.358;41.245;34.186
2019-12-13;142.178;0.32;38.805;32.105
2019-12-16;142.078;0.328;38.207;31.63
2019-12-17;142.324;0.304;36.015;29.778
2019-12-18;142.007;0.332;34.835;28.89
2019-12-19;141.75;0.353;35.909;29.789
2019-12-20;141.797;0.347;36.096;29.883
2019-12-23;141.885;0.335;33.252;27.575
2019-12-24;141.885;0.332;33.037;27.367
2019-12-25;141.885;0.332;33.049;27.377
2019-12-26;141.885;0.332;33.034;27.367
2019-12-27;142.094;0.311;31.714;26.204
2019-12-30;141.454;0.369;32.126;26.627
2020-01-01;141.454;0.367;31.971;26.496
2020-01-02;141.632;0.347;34.378;28.448
2020-01-03;142.207;0.292;33.391;27.546
2020-01-06;142.173;0.294;34.916;28.806
2020-01-07;142.074;0.302;36.617;30.209
2020-01-08;141.659;0.34;36.526;30.252
2020-01-09;141.456;0.355;35.922;29.783
2020-01-10;141.572;0.343;35.595;29.51
2020-01-13;141.175;0.379;35.956;29.82
2020-01-14;141.115;0.384;37.239;30.918
2020-01-15;141.346;0.361;36.549;30.319
2020-01-16;141.158;0.375;40.683;33.758
2020-01-17;141.203;0.37;39.504;32.78
2020-01-20;141.379;0.352;38.139;31.637
2020-01-21;141.592;0.331;38.302;31.744
2020-01-22;141.678;0.321;38.677;31.997
2020-01-23;142.159;0.273;37.461;30.883
2020-01-24;142.325;0.256;38.352;31.587
2020-01-27;142.996;0.192;36.928;30.325
2020-01-28;142.69;0.219;35.328;29.1
2020-01-29;142.786;0.209;37.116;30.507
2020-01-30;143.046;0.181;36.2;29.727
2020-01-31;143.38;0.149;34.881;28.579
2020-02-03;143.336;0.152;36.933;30.279
2020-02-04;142.993;0.183;36.642;30.096
2020-02-05;142.705;0.208;35.627;29.343
2020-02-06;142.703;0.205;36.037;29.663
2020-02-07;142.79;0.195;37.068;30.466
2020-02-10;142.965;0.178;38.191;31.399
2020-02-11;142.888;0.184;37.427;30.781
2020-02-12;142.981;0.174;35.078;28.872
2020-02-13;143.054;0.163;36.031;29.627
2020-02-14;143.077;0.16;36.87;30.321
2020-02-17;143.112;0.155;36.594;30.067
2020-02-18;143.064;0.158;38.243;31.44
2020-02-19;143.216;0.143;38.098;31.29
2020-02-20;143.625;0.101;35.441;29.055
2020-02-21;143.571;0.105;34.152;27.988
2020-02-24;143.678;0.094;37.203;30.438
2020-02-25;143.609;0.099;39.452;32.257
2020-02-26;143.248;0.131;41.395;33.975
2020-02-27;142.568;0.191;50.894;41.863
2020-02-28;142.777;0.17;52.229;42.894
2020-03-02;142.772;0.169;55.274;45.335
2020-03-03;143.837;0.069;43.715;35.744
2020-03-04;143.932;0.059;42.566;34.756
2020-03-05;143.51;0.094;48.899;40.193
2020-03-06;143.427;0.1;51.251;42.08
2020-03-09;142.831;0.155;64.938;53.288
2020-03-10;141.987;0.233;67.43;55.685
2020-03-11;142.818;0.154;56.822;46.621
2020-03-12;140.354;0.384;81.71;68.175
2020-03-13;139.065;0.508;80.017;67.043
2020-03-16;136.77;0.732;101.949;86.081
2020-03-17;134.881;0.92;122.302;104.198
2020-03-18;133.361;1.074;121.094;104.034
2020-03-19;136.541;0.749;79.493;67.433
2020-03-20;138.013;0.603;73.107;61.416
2020-03-23;137.897;0.613;78.036;65.542
2020-03-24;136.508;0.749;87.07;73.64
2020-03-25;136.733;0.726;79.81;67.456
2020-03-26;139.766;0.424;53.576;44.584
2020-03-27;140.05;0.396;59.817;49.685
2020-03-30;139.387;0.459;66.31;55.231
2020-03-31;138.654;0.529;75.476;63.128
2020-04-01;138.308;0.562;81.3;68.099
2020-04-02;138.197;0.569;82.173;68.839
2020-04-03;137.825;0.605;86.692;72.816
2020-04-06;137.993;0.587;82.193;68.962
2020-04-07;137.033;0.681;83.495;70.506
2020-04-08;136.738;0.705;87.572;73.991
2020-04-09;137.183;0.659;88.499;74.45
2020-04-10;137.183;0.659;87.737;73.842
2020-04-13;137.183;0.659;87.748;73.844
2020-04-14;136.605;0.716;96.706;81.554
2020-04-15;136.389;0.736;104.064;87.851
2020-04-16;136.703;0.702;101.537;85.581
2020-04-17;136.833;0.687;98.728;83.161
2020-04-20;136.05;0.765;104.86;88.679
2020-04-21;134.926;0.878;117.789;100.079
2020-04-22;133.726;1.0;123.937;105.887
2020-04-23;134.448;0.922;118.723;101.069
2020-04-24;135.374;0.827;113.806;96.483
2020-04-27;135.974;0.765;105.434;89.173
2020-04-28;136.381;0.722;103.161;87.121
2020-04-29;136.831;0.673;99.095;83.528
2020-04-30;137.635;0.591;98.051;82.314
2020-05-01;137.635;0.591;97.696;82.019
2020-05-04;137.237;0.63;100.641;84.579
2020-05-05;137.037;0.648;104.167;87.645
2020-05-06;136.332;0.718;107.643;90.746
2020-05-07;136.597;0.688;106.152;89.202
2020-05-08;136.914;0.655;101.087;85.018
2020-05-11;136.721;0.673;102.885;86.584
2020-05-12;136.99;0.645;101.698;85.458
2020-05-13;137.512;0.591;97.178;81.407
2020-05-14;137.41;0.598;98.514;82.526
2020-05-15;137.258;0.612;98.515;82.548
2020-05-18;137.515;0.585;92.722;77.66
2020-05-19;138.344;0.501;82.588;68.875
2020-05-20;138.395;0.495;82.04;68.408
2020-05-21;138.444;0.486;83.085;69.275
2020-05-22;138.479;0.482;82.028;68.44
2020-05-25;138.684;0.46;79.657;66.353
2020-05-26;138.508;0.476;78.01;64.974
2020-05-27;138.993;0.427;71.798;59.736
2020-05-28;139.565;0.367;65.792;54.545
2020-05-29;139.722;0.35;66.162;54.88
2020-06-01;139.572;0.363;64.269;53.383
2020-06-02;139.772;0.342;62.726;52.151
2020-06-03;139.221;0.396;64.024;53.327
2020-06-04;139.786;0.336;55.547;46.177
2020-06-05;139.796;0.334;52.881;44.034
2020-06-08;139.882;0.324;55.219;45.939
2020-06-09;139.024;0.408;63.371;52.929
2020-06-10;138.576;0.451;69.142;57.84
2020-06-11;139.007;0.405;70.495;58.756
2020-06-12;139.293;0.375;68.993;57.494
2020-06-15;139.6;0.343;66.785;55.599
2020-06-16;139.819;0.32;62.916;52.328
2020-06-17;139.573;0.343;65.705;54.732
2020-06-18;139.935;0.304;63.306;52.656
2020-06-19;140.109;0.285;61.302;50.978
2020-06-22;140.358;0.259;60.796;50.62
2020-06-23;140.239;0.27;60.004;50.041
2020-06-24;140.373;0.255;59.736;49.797
2020-06-25;140.425;0.246;59.445;49.502
2020-06-26;140.431;0.244;61.326;51.093
2020-06-29;140.272;0.259;62.493;52.092
2020-06-30;140.181;0.266;62.191;51.964
2020-07-01;139.826;0.3;63.038;52.684
2020-07-02;140.309;0.249;59.609;49.735
2020-07-03;140.395;0.239;57.943;48.383
2020-07-06;140.574;0.22;56.161;46.851
2020-07-07;140.618;0.214;54.784;45.711
2020-07-08;140.751;0.2;53.68;44.806
2020-07-09;140.742;0.197;55.299;46.15
2020-07-10;140.651;0.204;56.58;47.233
2020-07-13;140.35;0.233;55.661;46.584
2020-07-14;140.653;0.201;54.848;45.811
2020-07-15;140.56;0.209;56.47;47.185
2020-07-16;140.682;0.193;56.068;46.862
2020-07-17;140.605;0.2;54.733;45.8
2020-07-20;141.091;0.15;51.091;42.684
2020-07-21;141.099;0.148;51.635;43.157
2020-07-22;141.267;0.13;51.654;43.087
2020-07-23;141.249;0.128;50.381;42.143
2020-07-24;140.964;0.155;50.9;42.625
2020-07-27;141.034;0.146;53.095;44.418
2020-07-28;140.861;0.162;56.419;47.198
2020-07-29;140.959;0.151;53.29;44.618
2020-07-30;141.235;0.12;53.419;44.683
2020-07-31;140.984;0.143;54.335;45.533
2020-08-03;141.029;0.138;53.821;45.123
2020-08-04;141.513;0.088;50.739;42.464
2020-08-05;141.247;0.113;49.223;41.254
2020-08-06;141.447;0.089;48.796;40.844
2020-08-07;141.46;0.087;46.829;39.207
2020-08-10;141.665;0.065;45.928;38.453
2020-08-11;141.43;0.087;44.25;37.132
2020-08-12;141.194;0.109;45.074;37.84
2020-08-13;140.534;0.171;49.076;41.292
2020-08-14;140.709;0.152;47.974;40.316
2020-08-17;141.059;0.116;46.131;38.713
2020-08-18;141.229;0.097;45.157;37.916
2020-08-19;141.336;0.085;44.842;37.633
2020-08-20;141.289;0.086;46.923;39.305
2020-08-21;141.194;0.094;48.741;40.793
2020-08-24;140.947;0.117;50.421;42.227
2020-08-25;140.429;0.168;51.727;43.432
2020-08-26;140.503;0.159;50.017;42.013
2020-08-27;140.368;0.169;49.188;41.323
2020-08-28;140.407;0.163;49.252;41.397
2020-08-31;140.12;0.191;52.227;43.913
2020-09-01;140.227;0.179;52.736;44.278
2020-09-02;140.813;0.119;50.207;42.06
2020-09-03;140.821;0.114;51.08;42.737
2020-09-04;140.566;0.138;52.516;43.958
2020-09-07;140.518;0.141;53.051;44.462
2020-09-08;140.74;0.118;52.76;44.14
2020-09-09;140.608;0.13;50.455;42.307
2020-09-10;140.489;0.137;49.055;41.146
2020-09-11;140.809;0.104;49.438;41.323
2020-09-14;140.999;0.083;47.31;39.537
2020-09-15;141.079;0.074;46.542;38.867
2020-09-16;141.181;0.062;45.309;37.827
2020-09-17;141.153;0.061;46.343;38.643
2020-09-18;140.978;0.077;47.336;39.507
2020-09-21;141.264;0.047;47.26;39.356
2020-09-22;141.392;0.033;43.245;36.048
2020-09-23;141.427;0.028;42.587;35.483
2020-09-24;141.104;0.056;45.186;37.67
2020-09-25;141.145;0.051;46.95;39.084
2020-09-28;141.131;0.051;45.991;38.285
2020-09-29;141.34;0.028;44.849;37.285
2020-09-30;141.094;0.052;45.518;37.927
2020-10-01;141.213;0.035;44.597;37.137
2020-10-02;141.284;0.027;44.327;36.821
2020-10-05;140.919;0.062;46.246;38.535
2020-10-06;141.161;0.037;43.356;36.057
2020-10-07;141.06;0.045;43.223;35.969
2020-10-08;141.414;0.005;40.469;33.591
2020-10-09;141.632;-0.018;37.712;31.289
2020-10-12;141.879;-0.044;36.009;29.836
2020-10-13;141.826;-0.04;38.213;31.648
2020-10-14;141.883;-0.048;39.785;32.93
2020-10-15;141.671;-0.03;43.29;35.817
2020-10-16;141.918;-0.057;40.744;33.683
2020-10-19;141.593;-0.025;45.046;37.261
2020-10-20;141.375;-0.005;44.604;36.926
2020-10-21;141.121;0.019;46.124;38.223
2020-10-22;140.935;0.034;46.216;38.311
2020-10-23;141.2;0.006;43.019;35.604
2020-10-26;141.286;-0.004;42.233;34.928
2020-10-27;141.545;-0.032;42.463;35.07
2020-10-28;141.314;-0.01;44.732;36.958
2020-10-29;141.706;-0.054;40.279;33.229
2020-10-30;141.745;-0.06;39.023;32.222
2020-11-02;141.866;-0.073;37.646;31.029
2020-11-03;141.957;-0.084;34.419;28.356
2020-11-04;142.202;-0.11;32.62;26.85
2020-11-05;142.128;-0.107;34.008;27.979
2020-11-06;142.104;-0.106;34.0;27.985
2020-11-09;141.247;-0.021;36.024;29.778
2020-11-10;141.264;-0.024;33.377;27.564
2020-11-11;141.489;-0.048;31.723;26.176
2020-11-12;141.666;-0.07;31.505;25.952
2020-11-13;141.778;-0.083;31.174;25.655
2020-11-16;141.862;-0.093;29.362;24.164
2020-11-17;142.08;-0.117;27.946;22.99
2020-11-18;142.009;-0.111;28.088;23.139
2020-11-19;142.064;-0.121;28.668;23.605
2020-11-20;142.106;-0.127;29.172;23.987
2020-11-23;142.048;-0.122;28.966;23.823
2020-11-24;141.988;-0.118;27.866;22.92
2020-11-25;142.072;-0.128;27.357;22.499
2020-11-26;142.168;-0.142;27.226;22.368
2020-11-27;142.128;-0.139;27.741;22.805
2020-11-30;141.876;-0.115;30.324;24.953
2020-12-01;141.574;-0.086;31.343;25.842
2020-12-02;141.672;-0.097;29.388;24.191
2020-12-03;141.921;-0.127;28.064;23.102
2020-12-04;141.853;-0.122;31.287;25.757
2020-12-07;142.039;-0.142;27.984;23.024
2020-12-08;142.224;-0.163;27.371;22.505
2020-12-09;142.341;-0.176;25.834;21.257
2020-12-10;142.257;-0.172;26.964;22.197
2020-12-11;142.43;-0.191;26.987;22.181
2020-12-14;142.42;-0.192;25.925;21.31
2020-12-15;142.589;-0.21;23.074;18.941
2020-12-16;142.236;-0.176;23.872;19.681
2020-12-17;142.181;-0.175;24.325;20.026
2020-12-18;142.04;-0.162;25.437;20.96
2020-12-21;141.942;-0.153;26.178;21.572
2020-12-22;141.99;-0.16;25.823;21.3
2020-12-23;141.666;-0.133;26.238;21.672
2020-12-24;141.666;-0.134;26.157;21.621
2020-12-25;141.666;-0.134;26.146;21.621
2020-12-28;141.884;-0.158;24.795;20.434
2020-12-29;141.887;-0.16;25.106;20.716
2020-12-30;141.796;-0.157;25.983;21.415
2020-12-31;141.796;-0.158;25.854;21.322
2021-01-01;141.796;-0.158;25.834;21.323
2021-01-04;141.878;-0.168;28.202;23.277
2021-01-05;141.755;-0.157;27.493;22.661
2021-01-06;141.62;-0.144;27.38;22.642
2021-01-07;141.599;-0.147;24.889;20.535
2021-01-08;141.645;-0.153;23.864;19.746
2021-01-11;141.472;-0.137;24.535;20.29
2021-01-12;141.003;-0.09;26.31;21.862
2021-01-13;141.308;-0.123;27.127;22.454
2021-01-14;141.254;-0.122;28.562;23.671
2021-01-15;141.31;-0.129;27.397;22.67
2021-01-18;141.118;-0.111;28.711;23.8
2021-01-19;141.182;-0.119;27.318;22.592
2021-01-20;141.118;-0.114;27.614;22.869
2021-01-21;140.62;-0.066;30.719;25.513
2021-01-22;140.664;-0.072;31.014;25.718
2021-01-25;141.067;-0.116;28.384;23.454
2021-01-26;141.075;-0.118;26.406;21.881
2021-01-27;141.073;-0.12;27.305;22.585
2021-01-28;141.058;-0.123;26.019;21.527
2021-01-29;140.865;-0.104;26.56;22.001
2021-02-01;140.862;-0.105;26.699;22.116
2021-02-02;140.662;-0.086;27.381;22.686
2021-02-03;140.579;-0.079;25.567;21.177
2021-02-04;140.557;-0.081;23.978;19.905
2021-02-05;140.54;-0.081;22.641;18.817
2021-02-08;140.481;-0.076;23.339;19.362
2021-02-09;140.45;-0.074;24.137;20.074
2021-02-10;140.31;-0.061;24.976;20.764
2021-02-11;140.473;-0.083;23.915;19.863
2021-02-12;140.162;-0.051;24.769;20.602
2021-02-15;139.758;-0.01;26.039;21.698
2021-02-16;139.422;0.024;26.61;22.233
2021-02-17;139.478;0.017;27.763;23.187
2021-02-18;139.012;0.062;31.027;25.974
2021-02-19;138.877;0.075;28.515;23.907
2021-02-22;139.127;0.046;28.546;23.871
2021-02-23;138.838;0.076;31.007;25.982
2021-02-24;138.625;0.097;32.835;27.544
2021-02-25;137.875;0.174;34.428;29.08
2021-02-26;138.249;0.132;32.301;27.193
2021-03-01;139.01;0.049;29.324;24.533
2021-03-02;139.073;0.04;30.694;25.655
2021-03-03;138.514;0.099;31.216;26.198
2021-03-04;138.57;0.088;31.795;26.663
2021-03-05;138.461;0.099;31.561;26.462
2021-03-08;138.388;0.105;29.432;24.692
2021-03-09;138.68;0.072;27.171;22.836
2021-03-10;138.776;0.06;27.339;22.91
2021-03-11;139.172;0.013;23.203;19.432
2021-03-12;138.873;0.044;23.919;20.014
2021-03-15;139.106;0.017;23.664;19.781
2021-03-16;138.976;0.03;25.726;21.531
2021-03-17;138.481;0.082;27.142;22.792
2021-03-18;138.449;0.081;25.668;21.555
2021-03-19;138.712;0.051;24.233;20.274
2021-03-22;138.772;0.043;24.411;20.444
2021-03-23;139.128;0.003;21.663;18.1
2021-03-24;139.231;-0.01;21.496;17.937
2021-03-25;139.327;-0.025;22.169;18.479
2021-03-26;139.15;-0.007;21.573;18.006
2021-03-29;138.894;0.019;22.043;18.42
2021-03-30;138.652;0.044;22.864;19.15
2021-03-31;138.596;0.042;22.283;18.634
2021-04-01;138.844;0.014;22.331;18.664
2021-04-02;138.844;0.014;21.932;18.327
2021-04-05;138.844;0.014;21.948;18.325
2021-04-06;138.517;0.048;25.872;21.679
2021-04-07;138.55;0.043;26.539;22.225
2021-04-08;138.578;0.035;26.63;22.29
2021-04-09;138.231;0.071;27.979;23.477
2021-04-12;138.141;0.08;28.036;23.53
2021-04-13;138.145;0.078;27.698;23.259
2021-04-14;137.891;0.104;27.346;22.968
2021-04-15;138.181;0.068;26.154;21.949
2021-04-16;138.019;0.084;25.922;21.767
2021-04-19;137.842;0.102;25.84;21.717
2021-04-20;137.914;0.092;26.986;22.669
2021-04-21;138.006;0.081;27.028;21.803
2021-04-22;137.925;0.085;25.334;21.282
2021-04-23;137.877;0.089;26.145;21.966
2021-04-26;137.874;0.088;25.025;21.027
2021-04-27;137.77;0.098;25.395;21.343
2021-04-28;137.628;0.112;25.715;21.633
2021-04-29;137.315;0.142;25.82;21.768
2021-04-30;137.321;0.14;26.9;22.694
2021-05-03;137.452;0.124;24.838;20.926
2021-05-04;137.71;0.094;24.753;20.799
2021-05-05;137.563;0.108;25.985;21.854
2021-05-06;137.529;0.108;25.804;21.671
2021-05-07;137.286;0.133;27.937;23.522
2021-05-10;137.422;0.116;26.072;21.919
2021-05-11;137.002;0.162;27.787;23.438
2021-05-12;136.647;0.2;29.354;24.782
2021-05-13;136.38;0.225;33.3;28.182
2021-05-14;136.339;0.228;34.505;29.186
2021-05-17;136.094;0.254;36.329;30.793
2021-05-18;136.199;0.241;33.234;28.145
2021-05-19;136.093;0.251;34.336;29.114
2021-05-20;136.292;0.224;31.037;26.294
2021-05-21;136.51;0.198;30.354;25.656
2021-05-24;136.595;0.187;30.158;25.453
2021-05-25;137.012;0.139;26.37;22.2
2021-05-26;137.32;0.103;26.114;21.947
2021-05-27;137.034;0.131;25.533;21.515
2021-05-28;137.115;0.12;25.852;21.755
2021-05-31;137.136;0.116;25.743;21.699
2021-06-01;137.142;0.114;25.138;21.21
2021-06-02;137.274;0.098;24.946;20.999
2021-06-03;137.127;0.11;23.965;20.222
2021-06-04;137.246;0.095;24.58;20.701
2021-06-07;137.077;0.112;25.468;21.462
2021-06-08;137.379;0.077;23.304;19.641
2021-06-09;137.615;0.049;22.286;18.769
2021-06-10;137.671;0.038;21.974;18.48
2021-06-11;137.914;0.009;19.696;16.566
2021-06-14;137.656;0.037;20.589;17.368
2021-06-15;137.531;0.049;19.9;16.787
2021-06-16;137.586;0.041;20.455;17.223
2021-06-17;137.257;0.073;23.391;19.699
2021-06-18;137.003;0.1;26.65;22.441
2021-06-21;136.962;0.104;23.595;19.873
2021-06-22;136.883;0.111;24.633;20.753
2021-06-23;136.957;0.101;24.723;20.827
2021-06-24;137.058;0.085;22.925;19.294
2021-06-25;136.664;0.128;25.197;21.279
2021-06-28;136.957;0.093;23.387;19.696
2021-06-29;136.763;0.114;23.653;19.94
2021-06-30;137.111;0.073;22.218;18.743
2021-07-01;137.186;0.06;20.233;17.041
2021-07-02;137.402;0.034;20.05;16.845
2021-07-05;137.164;0.059;20.624;17.361
2021-07-06;137.577;0.011;20.308;17.052
2021-07-07;137.653;0.001;21.833;18.295
2021-07-08;137.52;0.011;23.858;20.047
2021-07-09;137.427;0.02;22.988;19.318
2021-07-12;137.544;0.005;21.349;17.926
2021-07-13;137.637;-0.007;19.258;16.159
2021-07-14;137.698;-0.016;20.239;16.974
2021-07-15;137.69;-0.02;20.704;17.374
2021-07-16;137.857;-0.04;19.228;16.133
2021-07-19;137.874;-0.043;21.191;17.766
2021-07-20;137.985;-0.058;21.739;18.247
2021-07-21;137.877;-0.047;20.77;17.421
2021-07-22;138.258;-0.095;18.419;15.427
2021-07-23;138.362;-0.108;16.286;13.647
2021-07-26;138.296;-0.102;16.317;13.673
2021-07-27;138.357;-0.111;16.476;13.829
2021-07-28;138.368;-0.114;15.712;13.202
2021-07-29;138.365;-0.118;15.684;13.158
2021-07-30;138.356;-0.119;16.854;14.134
2021-08-02;138.598;-0.148;16.392;13.732
2021-08-03;138.588;-0.148;16.101;13.479
2021-08-04;138.605;-0.152;16.552;13.894
2021-08-05;138.752;-0.174;13.828;11.591
2021-08-06;138.478;-0.144;13.812;11.587
2021-08-09;138.507;-0.149;14.176;11.899
2021-08-10;138.533;-0.154;13.547;11.388
2021-08-11;138.448;-0.146;15.593;13.114
2021-08-12;138.523;-0.159;13.75;11.534
2021-08-13;138.523;-0.161;14.559;12.209
2021-08-16;138.491;-0.159;14.278;11.981
2021-08-17;138.453;-0.156;14.636;12.293
2021-08-18;138.606;-0.175;12.793;10.741
2021-08-19;138.563;-0.176;13.828;11.602
2021-08-20;138.603;-0.182;13.439;11.275
2021-08-23;138.44;-0.165;14.741;12.373
2021-08-24;138.373;-0.159;15.309;12.837
2021-08-25;137.878;-0.104;17.715;14.887
2021-08-26;137.74;-0.094;17.481;14.709
2021-08-27;137.877;-0.111;16.618;13.971
2021-08-30;138.002;-0.127;15.642;13.139
2021-08-31;137.593;-0.082;17.168;14.416
2021-09-01;137.585;-0.082;16.156;13.574
2021-09-02;137.7;-0.101;14.607;12.238
2021-09-03;137.532;-0.083;14.705;12.347
2021-09-06;137.642;-0.097;13.067;10.969
2021-09-07;137.266;-0.056;14.298;12.038
2021-09-08;137.271;-0.058;13.897;11.689
2021-09-09;137.658;-0.107;11.313;9.523
2021-09-10;137.408;-0.08;11.727;9.869
2021-09-13;137.426;-0.084;10.77;9.061
2021-09-14;137.562;-0.101;9.664;8.149
2021-09-15;137.306;-0.074;9.882;8.347
2021-09-16;137.29;-0.077;8.777;7.384
2021-09-17;137.178;-0.065;7.49;6.364
2021-09-20;137.316;-0.083;8.066;6.844
2021-09-21;137.371;-0.091;6.149;5.229
2021-09-22;137.441;-0.101;6.365;5.326
2021-09-23;136.917;-0.045;6.822;5.752
2021-09-24;136.659;-0.017;7.599;6.407
2021-09-27;136.608;-0.012;7.547;6.31
2021-09-28;136.341;0.017;8.449;7.145
2021-09-29;136.418;0.006;8.677;7.329
2021-09-30;136.217;0.025;10.468;8.846
2021-10-01;136.527;-0.013;7.942;6.671
2021-10-04;136.411;-0.001;8.679;7.327
2021-10-05;136.264;0.015;8.03;6.779
2021-10-06;136.129;0.029;8.546;7.252
2021-10-07;136.151;0.021;7.323;6.174
2021-10-08;135.941;0.044;5.879;4.929
2021-10-11;135.696;0.072;4.733;3.988
2021-10-12;135.513;0.092;3.055;2.586
2021-10-13;135.664;0.072;4.17;3.536
2021-10-14;136.034;0.024;5.604;4.716
2021-10-15;135.861;0.042;5.091;4.298
2021-10-18;135.444;0.09;5.482;4.653
2021-10-19;135.129;0.126;6.796;5.78
2021-10-20;135.409;0.091;6.352;5.394
2021-10-21;135.138;0.118;5.274;4.478
2021-10-22;135.055;0.127;4.411;3.747
2021-10-25;135.254;0.101;3.325;2.815
2021-10-26;135.096;0.118;5.408;4.595
2021-10-27;135.402;0.08;5.555;4.714
2021-10-28;134.993;0.124;6.435;5.471
2021-10-29;134.315;0.204;10.921;9.27
2021-11-01;134.114;0.227;14.131;12.025
2021-11-02;134.898;0.131;11.566;9.836
2021-11-03;134.995;0.117;9.463;8.065
2021-11-04;135.565;0.044;10.386;8.818
2021-11-05;135.894;0.003;9.437;7.978
2021-11-08;135.664;0.029;8.59;7.286
2021-11-09;135.945;-0.006;8.434;7.12
2021-11-10;135.331;0.066;8.156;6.902
2021-11-11;135.152;0.082;5.904;4.944
2021-11-12;135.345;0.057;6.581;5.558
2021-11-15;135.017;0.095;10.175;8.6
2021-11-16;135.244;0.066;6.106;5.157
2021-11-17;135.124;0.079;9.371;7.968
2021-11-18;135.413;0.039;6.339;5.33
2021-11-19;135.883;-0.019;5.538;4.627
2021-11-22;135.52;0.023;7.811;6.562
2021-11-23;134.82;0.105;9.629;8.173
2021-11-24;134.848;0.1;9.516;8.125
2021-11-25;134.968;0.081;8.283;7.036
2021-11-26;135.476;0.018;9.859;8.346
2021-11-29;135.474;0.017;6.413;5.403
2021-11-30;135.571;0.003;6.588;5.589
2021-12-01;135.228;0.043;10.079;8.621
2021-12-02;135.531;0.001;7.685;6.49
2021-12-03;135.804;-0.033;4.215;3.54
2021-12-06;135.831;-0.038;4.123;3.553
2021-12-07;135.751;-0.03;3.913;3.351
2021-12-08;135.151;0.04;7.158;6.134
2021-12-09;135.423;0.002;7.279;6.196
2021-12-10;135.49;-0.007;5.801;4.901
2021-12-13;135.801;-0.047;3.991;3.432
2021-12-14;135.723;-0.039;3.544;3.063
2021-12-15;135.765;-0.046;0.654;0.637
2021-12-16;135.48;-0.016;4.072;3.485
2021-12-17;135.789;-0.055;2.032;1.769
2021-12-20;135.697;-0.046;1.107;1.027
2021-12-21;135.119;0.022;3.955;3.47
2021-12-22;134.945;0.042;3.39;2.93
2021-12-23;134.632;0.075;2.409;2.011
2021-12-24;134.632;0.073;2.684;2.286
2021-12-27;134.515;0.086;3.292;2.734
2021-12-28;134.46;0.091;2.81;2.448
2021-12-29;134.235;0.117;1.648;1.451
2021-12-30;134.119;0.126;3.504;2.997
2021-12-31;134.119;0.124;3.16;2.651
2022-01-03;133.806;0.161;3.585;3.056
2022-01-04;133.957;0.141;1.567;1.332
2022-01-05;133.905;0.146;2.845;2.484
2022-01-06;133.697;0.166;1.802;1.489
2022-01-07;133.527;0.186;2.222;1.858
2022-01-10;133.384;0.202;2.695;2.258
2022-01-11;133.17;0.227;3.796;3.174
2022-01-12;133.392;0.197;7.567;3.68
2022-01-13;133.551;0.173;3.598;3.05
2022-01-14;133.165;0.219;3.968;3.314
2022-01-17;133.005;0.237;4.026;3.392
2022-01-18;132.949;0.243;4.783;4.025
2022-01-19;132.884;0.249;4.432;3.722
2022-01-20;132.94;0.237;4.163;3.456
2022-01-21;133.111;0.214;4.036;3.313
2022-01-24;133.222;0.199;4.07;3.428
2022-01-25;133.092;0.213;3.041;2.584
2022-01-26;132.867;0.24;6.22;5.256
2022-01-27;132.693;0.257;4.91;4.093
2022-01-28;132.361;0.297;7.183;6.046
2022-01-31;131.933;0.349;6.217;5.301
2022-02-01;131.666;0.382;7.362;6.245
2022-02-02;131.407;0.413;8.507;7.247
2022-02-03;130.147;0.57;14.591;12.611
2022-02-04;129.286;0.68;16.289;14.035
2022-02-07;128.92;0.726;17.001;14.626
2022-02-08;128.707;0.753;13.212;11.38
2022-02-09;129.123;0.697;12.675;10.808
2022-02-10;128.387;0.789;12.362;10.702
2022-02-11;128.159;0.818;10.997;9.515
2022-02-14;128.142;0.818;10.577;9.089
2022-02-15;128.209;0.808;11.966;10.324
2022-02-16;128.413;0.78;13.52;11.68
2022-02-17;128.849;0.718;10.004;8.628
2022-02-18;128.909;0.708;12.543;10.819
2022-02-21;128.655;0.74;13.306;11.58
2022-02-22;128.467;0.763;11.256;9.889
2022-02-23;128.326;0.781;11.398;10.004
2022-02-24;128.922;0.697;7.327;6.252
2022-02-25;128.621;0.736;4.893;4.19
2022-02-28;129.466;0.623;4.303;3.757
2022-03-01;131.37;0.374;-4.237;-3.663
2022-03-02;130.273;0.514;1.157;1.053
2022-03-03;130.261;0.511;0.013;0.016
2022-03-04;130.562;0.47;-1.737;-1.42
2022-03-07;130.307;0.502;-1.228;-0.844
2022-03-08;130.022;0.537;-5.06;-4.101
2022-03-09;129.385;0.619;-4.646;-4.026
2022-03-10;128.272;0.762;2.842;2.476
2022-03-11;128.36;0.749;0.211;0.089
2022-03-14;127.676;0.839;0.47;0.339
2022-03-15;128.038;0.789;-1.825;-1.641
2022-03-16;127.755;0.825;0.031;-0.005
2022-03-17;127.786;0.816;1.993;1.6
2022-03-18;127.903;0.799;-0.455;-0.558
2022-03-21;127.23;0.888;1.021;0.803
2022-03-22;127.16;0.896;-2.322;-2.218
2022-03-23;127.401;0.862;-1.01;-1.003
2022-03-24;127.012;0.91;-4.621;-4.203
2022-03-25;126.711;0.95;-7.405;-6.627
2022-03-28;126.571;0.967;-7.142;-6.345
2022-03-29;126.091;1.031;-7.12;-6.297
2022-03-30;125.67;1.087;-3.761;-3.414
2022-03-31;126.269;1.001;-3.997;-3.664
2022-04-01;125.969;1.041;-0.881;-1.013
2022-04-04;126.228;1.004;-1.464;-1.489
2022-04-05;125.313;1.128;0.048;0.004
2022-04-06;125.018;1.168;1.37;1.127
2022-04-07;124.805;1.193;1.293;1.027
2022-04-08;124.382;1.251;1.366;1.196
2022-04-11;124.098;1.289;-3.983;-3.679
2022-04-12;124.477;1.234;-8.025;-7.329
2022-04-13;124.491;1.226;-7.037;-6.365
2022-04-14;124.051;1.286;-6.815;-6.262
2022-04-15;124.051;1.286;-7.459;-6.861
2022-04-18;124.051;1.286;-7.472;-6.861
2022-04-19;123.683;1.336;-6.097;-5.59
2022-04-20;123.906;1.304;-5.415;-4.913
2022-04-21;123.141;1.408;-4.338;-3.942
2022-04-22;122.831;1.451;-4.881;-4.446
2022-04-25;123.641;1.334;-4.266;-3.901
2022-04-26;123.831;1.306;-5.576;-5.066
2022-04-27;123.988;1.283;-7.028;-6.355
2022-04-28;123.337;1.371;-9.586;-8.63
2022-04-29;122.865;1.437;-8.003;-7.318
2022-05-02;122.683;1.461;-7.769;-7.258
2022-05-03;122.543;1.48;-8.218;-7.707
2022-05-04;122.17;1.532;-1.832;-1.871
2022-05-05;121.724;1.593;-0.074;-0.237
2022-05-06;121.18;1.671;-3.516;-3.348
2022-05-09;121.469;1.627;-6.386;-6.138
2022-05-10;122.227;1.516;-9.647;-8.885
2022-05-11;122.709;1.446;-11.145;-10.078
2022-05-12;123.788;1.288;-8.996;-8.102
2022-05-13;122.971;1.403;-2.393;-2.294
2022-05-16;122.928;1.408;-0.025;-0.093
2022-05-17;122.02;1.537;3.921;3.356
2022-05-18;121.977;1.542;5.019;4.05
2022-05-19;122.262;1.497;2.963;1.923
2022-05-20;122.063;1.525;10.513;8.927
2022-05-23;121.681;1.579;9.489;7.973
2022-05-24;122.086;1.519;7.815;6.411
2022-05-25;122.294;1.487;4.945;3.642
2022-05-26;122.326;1.479;0.129;-0.624
2022-05-27;122.35;1.474;2.36;1.613
2022-05-30;121.722;1.564;5.317;4.264
2022-05-31;121.085;1.656;7.723;6.432
2022-06-01;120.518;1.738;9.832;8.181
2022-06-02;119.885;1.829;12.42;10.479
2022-06-03;119.459;1.891;14.477;12.412
2022-06-06;119.235;1.924;15.126;13.258
2022-06-07;119.514;1.881;12.642;10.667
2022-06-08;119.12;1.939;12.904;11.078
2022-06-09;118.014;2.103;20.589;17.957
2022-06-10;116.814;2.286;26.744;23.834
2022-06-13;115.161;2.542;33.876;30.859
2022-06-14;114.481;2.649;27.046;23.732
2022-06-15;116.072;2.398;16.363;13.929
2022-06-16;115.965;2.412;9.426;6.95
2022-06-17;116.843;2.274;5.657;3.427
2022-06-20;116.338;2.351;3.054;1.055
2022-06-21;116.337;2.351;1.541;-0.321
2022-06-22;117.221;2.213;-0.152;-1.961
2022-06-23;118.615;1.996;2.486;0.083
2022-06-24;118.423;2.024;4.845;3.043
2022-06-27;117.749;2.126;4.447;2.768
2022-06-28;117.315;2.192;3.613;2.2
2022-06-29;118.236;2.049;-1.524;-3.209
2022-06-30;119.315;1.881;2.345;1.061
2022-07-01;120.405;1.716;-1.868;-3.007
2022-07-04;119.47;1.855;-0.808;-1.957
2022-07-05;120.358;1.72;-3.45;-4.299
2022-07-06;120.533;1.693;0.727;-0.54
2022-07-07;119.545;1.838;1.247;0.148
2022-07-08;119.624;1.825;-1.025;-2.198
2022-07-11;120.178;1.74;-1.253;-2.602
2022-07-12;120.869;1.635;-1.93;-3.362
2022-07-13;120.59;1.675;-0.205;-1.322
2022-07-14;120.058;1.752;4.482;2.83
2022-07-15;120.286;1.716;3.312;0.899
2022-07-18;119.828;1.784;3.774;1.694
2022-07-19;119.393;1.849;2.521;0.877
2022-07-20;119.287;1.864;7.339;4.609
2022-07-21;119.03;1.9;10.173;7.604
2022-07-22;120.827;1.626;3.304;0.53
2022-07-25;121.013;1.596;4.325;1.844
2022-07-26;121.782;1.48;1.078;-0.929
2022-07-27;121.608;1.505;-1.193;-2.771
2022-07-28;122.797;1.324;-8.019;-9.379
2022-07-29;123.272;1.253;-14.607;-15.139
2022-08-01;123.504;1.217;-17.916;-17.906
2022-08-02;122.731;1.329;-10.603;-11.349
2022-08-03;122.439;1.371;-11.215;-11.656
2022-08-04;122.97;1.288;-13.636;-14.209
2022-08-05;122.083;1.419;-19.881;-19.539
2022-08-08;122.252;1.392;-18.129;-18.17
2022-08-09;122.009;1.427;-16.666;-16.903
2022-08-10;122.247;1.39;-17.828;-18.375
2022-08-11;121.888;1.44;-17.928;-18.245
2022-08-12;121.63;1.477;-15.501;-16.03
2022-08-15;122.173;1.394;-15.185;-15.671
2022-08-16;121.658;1.47;-11.377;-12.044
2022-08-17;120.671;1.618;-9.942;-10.447
2022-08-18;120.369;1.66;-7.609;-8.781
2022-08-19;119.518;1.789;-9.585;-10.576
2022-08-22;118.867;1.889;-12.334;-13.463
2022-08-23;118.852;1.89;-11.62;-12.661
2022-08-24;118.435;1.953;-13.236;-14.069
2022-08-25;118.879;1.881;-13.277;-14.274
2022-08-26;118.236;1.98;-13.603;-14.021
2022-08-29;117.471;2.099;-16.984;-16.972
2022-08-30;117.374;2.113;-15.096;-16.067
2022-08-31;117.103;2.155;-12.811;-13.779
2022-09-01;117.038;2.162;-10.553;-11.618
2022-09-02;117.446;2.096;-15.605;-16.606
2022-09-05;117.058;2.156;-17.073;-17.807
2022-09-06;116.743;2.206;-17.343;-18.276
2022-09-07;117.176;2.135;-15.472;-16.691
2022-09-08;116.312;2.27;-9.629;-10.323
2022-09-09;116.212;2.285;-9.818;-10.804
2022-09-12;116.521;2.234;-9.333;-10.544
2022-09-13;115.967;2.323;-13.113;-14.05
2022-09-14;115.833;2.343;-11.726;-12.506
2022-09-15;115.241;2.436;-6.731;-7.736
2022-09-16;115.238;2.436;-3.309;-4.877
2022-09-19;114.941;2.483;-3.412;-5.16
2022-09-20;114.188;2.606;-2.722;-4.454
2022-09-21;114.281;2.589;-7.701;-9.241
2022-09-22;113.82;2.663;-12.822;-13.625
2022-09-23;113.152;2.773;-10.505;-11.766
2022-09-26;112.521;2.878;-14.417;-14.836
2022-09-27;111.822;2.996;-11.83;-12.808
2022-09-28;112.695;2.847;-19.194;-19.936
2022-09-29;112.451;2.886;-13.555;-14.225
2022-09-30;112.955;2.8;-18.887;-19.157
2022-10-03;114.145;2.601;-17.978;-18.334
2022-10-04;114.524;2.537;-17.815;-18.096
2022-10-05;113.486;2.708;-17.455;-17.26
2022-10-06;113.08;2.774;-21.473;-21.404
2022-10-07;112.321;2.901;-21.011;-21.16
2022-10-10;112.005;2.954;-27.513;-27.486
2022-10-11;112.301;2.903;-26.967;-27.071
2022-10-12;112.203;2.919;-24.086;-24.426
2022-10-13;112.202;2.916;-25.474;-25.179
2022-10-14;111.804;2.983;-20.179;-20.101
2022-10-17;112.024;2.945;-19.986;-19.854
2022-10-18;111.991;2.95;-17.718;-17.623
2022-10-19;111.394;3.051;-12.463;-12.581
2022-10-20;111.325;3.061;-13.918;-13.775
2022-10-21;111.476;3.034;-10.745;-10.751
2022-10-24;112.025;2.939;-13.884;-13.688
2022-10-25;112.89;2.791;-13.752;-13.397
2022-10-26;113.017;2.768;-13.863;-13.42
2022-10-27;114.189;2.568;-17.7;-16.704
2022-10-28;113.229;2.729;-19.489;-17.688
2022-10-31;112.931;2.778;-17.426;-16.567
2022-11-01;113.055;2.756;-17.74;-17.124
2022-11-02;112.864;2.788;-16.66;-16.327
2022-11-03;112.273;2.886;-15.726;-15.607
2022-11-04;112.084;2.918;-16.13;-16.426
2022-11-07;111.812;2.964;-11.835;-12.417
2022-11-08;112.058;2.92;-8.565;-9.385
2022-11-09;112.664;2.815;-6.282;-7.308
2022-11-10;113.797;2.62;-12.179;-12.556
2022-11-11;112.678;2.809;-2.444;-3.196
2022-11-14;112.705;2.804;-0.324;-1.513
2022-11-15;113.109;2.734;-1.908;-2.585
2022-11-16;113.688;2.634;-4.094;-4.702
2022-11-17;113.525;2.659;-6.18;-6.485
2022-11-18;113.663;2.634;-9.307;-9.827
2022-11-21;113.734;2.621;-9.524;-9.817
2022-11-22;113.834;2.603;-7.62;-8.071
2022-11-23;114.038;2.568;-9.732;-10.083
2022-11-24;114.485;2.489;-10.221;-10.442
2022-11-25;113.643;2.631;-5.384;-5.896
2022-11-28;113.491;2.655;-3.118;-4.19
2022-11-29;113.959;2.575;-5.715;-6.805
2022-11-30;113.775;2.605;-2.886;-3.894
2022-12-01;114.586;2.464;-6.443;-6.889
2022-12-02;114.247;2.521;-6.427;-7.078
2022-12-05;114.185;2.53;-8.215;-8.844
2022-12-06;114.619;2.455;-10.129;-10.574
2022-12-07;114.856;2.414;-12.802;-13.01
2022-12-08;114.446;2.48;-8.013;-8.48
2022-12-09;113.727;2.602;-2.262;-3.34
2022-12-12;113.589;2.624;-3.55;-4.885
2022-12-13;113.821;2.584;-6.737;-7.484
2022-12-14;113.705;2.602;-0.816;-2.252
2022-12-15;112.307;2.841;5.533;4.551
2022-12-16;111.78;2.932;7.083;5.449
2022-12-19;111.639;2.956;8.349;6.571
2022-12-20;111.046;3.06;10.486;8.385
2022-12-21;111.095;3.05;4.709;2.824
2022-12-22;110.901;3.081;3.854;2.095
2022-12-23;110.691;3.118;1.609;0.129
2022-12-26;110.691;3.118;2.122;0.1
2022-12-27;110.166;3.211;1.823;0.303
2022-12-28;110.334;3.18;2.737;0.87
2022-12-29;110.606;3.129;3.722;1.918
2022-12-30;109.885;3.257;5.063;3.597
2023-01-02;110.551;3.137;5.735;3.811
2023-01-03;110.868;3.079;7.265;5.345
2023-01-04;111.654;2.939;6.083;3.828
2023-01-05;111.244;3.009;6.147;4.241
2023-01-06;111.743;2.919;6.248;4.089
2023-01-09;111.678;2.93;6.577;4.505
2023-01-10;111.327;2.991;6.799;4.747
2023-01-11;111.991;2.873;7.493;4.92
2023-01-12;112.171;2.838;9.5;7.424
2023-01-13;112.053;2.858;12.325;9.811
2023-01-16;112.115;2.846;11.75;9.357
2023-01-17;112.804;2.724;9.014;6.38
2023-01-18;113.209;2.652;3.006;1.095
2023-01-19;113.039;2.679;0.318;-1.185
2023-01-20;112.408;2.789;1.705;-0.036
2023-01-23;112.121;2.838;1.462;-0.367
2023-01-24;112.477;2.775;-1.436;-3.198
2023-01-25;112.407;2.786;0.253;-1.683
2023-01-26;111.969;2.861;3.121;1.485
2023-01-27;111.774;2.894;4.827;3.065
2023-01-30;111.185;2.999;7.084;5.16
2023-01-31;111.406;2.958;6.984;4.762
2023-02-01;111.286;2.979;10.694;8.361
2023-02-02;112.842;2.699;1.538;-0.49
2023-02-03;112.238;2.805;2.268;0.51
2023-02-06;111.656;2.908;1.851;0.194
2023-02-07;111.231;2.983;7.939;5.885
2023-02-08;111.167;2.994;8.527;6.342
2023-02-09;111.407;2.948;7.886;5.727
2023-02-10;110.963;3.027;8.627;6.727
2023-02-13;110.903;3.037;7.207;5.273
2023-02-14;110.472;3.115;7.068;4.932
2023-02-15;110.149;3.173;10.239;7.781
2023-02-16;110.087;3.182;11.176;8.874
2023-02-17;110.231;3.154;9.283;6.99
2023-02-20;110.074;3.182;9.643;7.352
2023-02-21;109.591;3.27;11.723;8.948
2023-02-22;109.702;3.249;9.119;6.913
2023-02-23;109.931;3.204;6.453;4.742
2023-02-24;109.488;3.285;6.451;4.78
2023-02-27;109.322;3.315;5.665;3.731
2023-02-28;108.909;3.391;6.515;4.259
2023-03-01;108.564;3.455;6.899;4.97
2023-03-02;108.401;3.484;7.067;5.086
2023-03-03;108.573;3.451;6.509;4.908
2023-03-06;108.237;3.513;9.521;7.971
2023-03-07;108.398;3.482;10.865;9.254
2023-03-08;108.616;3.44;9.147;7.278
2023-03-09;108.788;3.406;8.447;6.669
2023-03-10;109.431;3.285;5.892;4.177
2023-03-13;110.709;3.048;-0.326;-2.79
2023-03-14;109.985;3.18;0.231;0.969
2023-03-15;111.555;2.891;-6.883;-8.632
2023-03-16;110.929;3.003;-5.523;-4.816
2023-03-17;111.727;2.856;-5.474;-5.485
2023-03-20;111.907;2.822;-8.082;-8.291
2023-03-21;110.964;2.994;-2.35;-1.924
2023-03-22;110.676;3.046;-2.398;-2.38
2023-03-23;111.425;2.905;-5.768;-6.262
2023-03-24;111.805;2.835;-4.435;-5.138
2023-03-27;111.39;2.91;-3.278;-3.472
2023-03-28;111.025;2.976;-1.597;-2.24
2023-03-29;110.887;3.001;-0.6;-1.6
2023-03-30;110.451;3.079;-1.519;-1.973
2023-03-31;111.036;2.969;-4.693;-5.264
2023-04-03;111.17;2.944;-4.149;-4.715
2023-04-04;111.262;2.926;-1.079;-2.224
2023-04-05;111.571;2.864;-1.806;-2.145
2023-04-06;111.489;2.878;-1.453;-1.658
2023-04-07;111.489;2.878;-0.947;-1.243
2023-04-10;111.489;2.878;-0.731;-1.257
2023-04-11;110.72;3.02;1.596;1.19
2023-04-12;110.324;3.093;2.761;2.225
2023-04-13;110.288;3.097;4.606;3.987
2023-04-14;109.901;3.168;6.34;5.781
2023-04-17;109.79;3.188;5.007;4.223
2023-04-18;109.836;3.179;0.764;0.243
2023-04-19;109.531;3.236;1.217;0.77
2023-04-20;109.841;3.175;-0.343;-0.595
2023-04-21;109.613;3.217;2.043;1.789
2023-04-24;109.433;3.25;1.557;1.315
2023-04-25;110.159;3.112;-1.118;-1.236
2023-04-26;110.186;3.106;-1.597;-1.651
2023-04-27;109.831;3.17;0.777;0.823
2023-04-28;110.613;3.021;-1.011;-1.116
2023-05-01;110.613;3.021;-2.24;-2.31
2023-05-02;110.729;2.999;1.103;1.137
2023-05-03;110.772;2.99;0.799;0.662
2023-05-04;111.198;2.907;1.76;1.572
2023-05-05;110.711;2.997;2.426;2.95
2023-05-08;110.54;3.029;3.039;3.237
2023-05-09;110.396;3.055;3.566;3.774
2023-05-10;110.746;2.988;2.748;2.826
2023-05-11;111.009;2.936;2.852;3.014
2023-05-12;110.711;2.991;3.342;3.436
2023-05-15;110.608;3.009;4.083;3.893
2023-05-16;110.325;3.062;4.048;3.976
2023-05-17;110.237;3.078;4.563;4.333
2023-05-18;109.705;3.177;4.867;4.689
2023-05-19;109.824;3.153;3.296;3.049
2023-05-22;109.622;3.191;4.485;4.039
2023-05-23;109.702;3.175;1.002;0.557
2023-05-24;109.565;3.2;1.397;0.879
2023-05-25;109.231;3.262;2.143;1.638
2023-05-26;109.136;3.279;2.342;1.951
2023-05-29;109.635;3.182;1.435;0.683
2023-05-30;110.218;3.07;0.075;-0.606
2023-05-31;110.572;3.001;-1.15;-1.532
2023-06-01;110.816;2.952;-1.805;-1.632
2023-06-02;110.559;3.0;-4.204;-3.935
2023-06-05;110.201;3.068;-1.316;-1.48
2023-06-06;110.302;3.047;-1.35;-1.348
2023-06-07;109.729;3.156;1.959;1.725
2023-06-08;110.128;3.077;-0.134;-0.195
2023-06-09;110.176;3.067;-0.853;-0.909
2023-06-12;110.28;3.046;;
2023-06-13;110.009;3.097;-2.273;-2.865
2023-06-14;109.736;3.149;-0.877;-1.393
2023-06-15;109.33;3.225;-1.618;-1.846
2023-06-16;109.624;3.167;-5.589;-5.667
2023-06-19;109.364;3.217;-4.39;-5.086
2023-06-20;109.817;3.128;-5.001;-5.937
2023-06-21;109.608;3.168;-4.933;-5.58
2023-06-22;109.134;3.257;-3.299;-3.955
2023-06-23;109.824;3.122;-3.869;-4.759
2023-06-26;109.969;3.093;-3.061;-4.09
2023-06-27;109.606;3.163;-2.839;-3.899
2023-06-28;109.797;3.125;-1.854;-3.055
2023-06-29;109.178;3.243;-0.382;-0.927
2023-06-30;109.243;3.229;0.133;-0.529
2023-07-03;108.894;3.297;1.076;0.072
2023-07-04;108.898;3.296;1.553;0.748
2023-07-05;108.964;3.282;0.085;-0.794
2023-07-06;108.155;3.439;0.807;0.271
2023-07-07;108.27;3.416;-0.404;-1.251
2023-07-10;108.227;3.424;-0.047;-0.961
2023-07-11;108.103;3.448;2.205;1.235
2023-07-12;108.737;3.321;-0.232;-1.388
2023-07-13;109.24;3.219;-2.557;-3.222
2023-07-14;108.972;3.271;-0.943;-1.496
2023-07-17;109.06;3.253;0.61;-0.404
2023-07-18;109.681;3.13;-1.825;-2.915
2023-07-19;109.426;3.179;-1.908;-2.725
2023-07-20;109.173;3.226;-3.213;-3.679
2023-07-21;109.249;3.21;-3.081;-3.733
2023-07-24;109.499;3.16;-1.205;-2.324
2023-07-25;109.477;3.164;-0.864;-1.947
2023-07-26;109.116;3.234;-0.606;-1.524
2023-07-27;109.31;3.193;-1.7;-2.426
2023-07-28;109.205;3.213;0.742;-0.08
2023-07-31;109.213;3.211;1.153;1.008
2023-08-01;108.939;3.264;3.212;2.285
2023-08-02;109.041;3.243;3.541;2.402
2023-08-03;108.81;3.287;2.009;1.479
2023-08-04;108.965;3.255;1.301;0.747
2023-08-07;108.878;3.272;0.529;-0.303
2023-08-08;109.422;3.162;-1.979;-2.347
2023-08-09;109.307;3.184;-1.033;-1.566
2023-08-10;109.174;3.208;-1.823;-1.863
2023-08-11;108.765;3.289;-2.122;-2.158
2023-08-14;108.665;3.309;-2.028;-2.468
2023-08-15;108.407;3.36;0.079;-0.312
2023-08-16;108.495;3.341;1.123;0.427
2023-08-17;108.217;3.395;0.686;0.647
2023-08-18;108.609;3.315;0.193;0.064
2023-08-21;108.242;3.388;1.618;1.38
2023-08-22;108.531;3.329;1.74;1.305
2023-08-23;109.193;3.195;0.645;-0.145
2023-08-24;109.189;3.193;0.324;0.012
2023-08-25;108.839;3.263;0.595;0.375
2023-08-28;108.813;3.267;1.263;0.889
2023-08-29;109.092;3.21;1.382;0.817
2023-08-30;108.91;3.246;2.448;1.865
2023-08-31;109.343;3.156;1.828;1.088
2023-09-01;108.981;3.228;3.424;3.085
2023-09-04;108.781;3.268;5.001;4.206
2023-09-05;108.647;3.294;6.716;5.897
2023-09-06;108.382;3.347;7.431;6.911
2023-09-07;108.604;3.3;5.411;5.306
2023-09-08;108.606;3.298;5.314;5.097
2023-09-11;108.452;3.329;6.706;6.073
2023-09-12;108.367;3.346;6.201;5.754
2023-09-13;108.189;3.381;6.816;6.322
2023-09-14;108.522;3.311;7.062;6.851
2023-09-15;108.092;3.398;10.293;9.785
2023-09-18;107.907;3.435;9.834;9.196
2023-09-19;107.811;3.454;9.347;8.634
2023-09-20;108.032;3.408;7.875;7.178
2023-09-21;107.842;3.445;8.124;7.842
2023-09-22;107.854;3.442;8.371;7.999
2023-09-25;107.733;3.466;8.957;7.966
2023-09-26;107.629;3.487;10.231;9.416
2023-09-27;107.418;3.53;11.78;10.541
2023-09-28;107.048;3.605;11.123;10.554
2023-09-29;107.511;3.508;10.443;9.826
2023-10-02;107.316;3.548;9.058;8.11
2023-10-03;107.128;3.586;10.593;9.702
2023-10-04;107.322;3.545;9.697;8.817
2023-10-05;107.423;3.522;11.617;11.08
2023-10-06;107.424;3.521;12.442;11.859
2023-10-09;107.804;3.441;14.154;13.584
2023-10-10;107.94;3.412;9.872;9.382
2023-10-11;107.975;3.403;10.034;9.779
2023-10-12;107.633;3.473;11.017;10.734
2023-10-13;107.677;3.463;12.587;12.062
2023-10-16;107.61;3.476;12.17;11.69
2023-10-17;107.157;3.571;12.892;12.401
2023-10-18;107.026;3.598;13.416;13.097
2023-10-19;107.11;3.578;9.682;9.45
2023-10-20;107.378;3.52;9.225;8.906
2023-10-23;107.476;3.499;8.629;8.329
2023-10-24;107.643;3.463;10.09;9.755
2023-10-25;107.393;3.515;12.084;11.719
2023-10-26;107.589;3.471;13.368;12.994
2023-10-27;107.803;3.425;13.208;12.83
2023-10-30;107.98;3.387;11.047;10.67
2023-10-31;108.032;3.375;11.183;10.964
2023-11-01;108.26;3.327;12.485;12.33
2023-11-02;108.426;3.289;11.265;11.317
2023-11-03;108.725;3.225;11.241;11.386
2023-11-06;108.273;3.319;14.923;14.896
2023-11-07;108.539;3.262;13.372;13.309
2023-11-08;108.651;3.238;11.675;11.713
2023-11-09;108.546;3.257;12.427;12.733
2023-11-10;108.169;3.336;14.6;14.675
2023-11-13;108.149;3.339;14.448;14.341
2023-11-14;108.709;3.22;13.044;12.753
2023-11-15;108.599;3.242;11.914;11.904
2023-11-16;109.021;3.151;8.055;8.443
2023-11-17;108.953;3.164;8.123;8.573
2023-11-20;108.875;3.179;8.312;8.67
2023-11-21;109.062;3.139;8.056;8.24
2023-11-22;108.988;3.154;6.673;6.999
2023-11-23;108.669;3.218;7.581;8.227
2023-11-24;108.581;3.235;7.859;8.373
2023-11-27;109.048;3.136;7.577;8.044
2023-11-28;109.304;3.081;7.583;8.271
2023-11-29;109.694;2.998;6.908;7.224
2023-11-30;109.571;3.021;8.54;9.322
2023-12-01;110.151;2.898;7.94;8.789
2023-12-04;110.096;2.909;9.659;10.646
2023-12-05;110.498;2.824;10.509;11.208
2023-12-06;110.679;2.785;8.238;9.062
2023-12-07;110.742;2.769;8.699;9.903
2023-12-08;110.232;2.874;11.215;12.474
2023-12-11;110.191;2.881;12.157;12.829
2023-12-12;110.331;2.851;12.113;12.664
2023-12-13;110.648;2.783;9.92;10.56
2023-12-14;111.193;2.666;6.997;8.124
2023-12-15;111.546;2.592;8.008;9.327
2023-12-18;111.293;2.643;7.685;8.793
2023-12-19;111.655;2.567;4.709;5.653
2023-12-20;111.924;2.51;3.886;4.741
2023-12-21;112.0;2.488;2.198;3.976
2023-12-22;112.413;2.402;-2.325;-0.311
2023-12-25;112.413;2.402;-4.192;-2.606
2023-12-27;112.312;2.421;2.911;3.85
2023-12-28;112.074;2.465;5.206;6.742
2023-12-29;111.766;2.527;6.137;7.787
2024-01-01;111.766;2.527;7.079;8.017
2024-01-02;111.512;2.579;9.483;10.05
2024-01-03;111.661;2.546;11.104;11.376
2024-01-04;111.11;2.657;10.267;11.268
2024-01-05;110.885;2.703;10.639;11.42
2024-01-08;110.995;2.679;11.751;11.787
2024-01-09;110.752;2.729;10.428;10.753
2024-01-10;110.623;2.755;10.209;10.738
2024-01-11;110.707;2.733;9.642;10.123
2024-01-12;111.056;2.659;10.735;11.249
2024-01-15;110.777;2.716;12.227;12.605
2024-01-16;110.702;2.731;12.429;12.858
2024-01-17;110.236;2.828;14.442;15.054
2024-01-18;110.195;2.834;12.835;13.313
2024-01-19;110.166;2.839;9.437;10.353
2024-01-22;110.364;2.795;11.174;11.296
2024-01-23;110.117;2.847;11.848;11.811
2024-01-24;110.17;2.834;11.896;12.017
2024-01-25;110.531;2.753;10.809;11.001
2024-01-26;110.521;2.754;10.492;10.977
2024-01-29;110.861;2.681;9.538;9.544
2024-01-30;110.644;2.726;10.257;10.605
2024-01-31;111.078;2.632;9.232;9.396
2024-02-01;110.983;2.648;10.003;10.549
2024-02-02;110.474;2.756;11.17;12.097
2024-02-05;110.197;2.814;10.932;10.907
2024-02-06;110.302;2.79;11.394;11.171
2024-02-07;110.154;2.821;11.344;11.426
2024-02-08;109.933;2.865;11.757;12.345
2024-02-09;109.678;2.919;13.012;13.443
2024-02-12;109.869;2.876;12.262;12.205
2024-02-13;109.638;2.925;12.13;12.557
2024-02-14;109.951;2.856;10.779;10.97
2024-02-15;109.84;2.877;10.317;10.681
2024-02-16;109.688;2.909;8.358;9.19
2024-02-19;109.642;2.917;10.242;10.435
2024-02-20;109.824;2.877;10.545;10.503
2024-02-21;109.46;2.955;11.771;12.031
2024-02-22;109.384;2.968;9.761;10.672
2024-02-23;109.739;2.889;9.351;9.984
2024-02-26;109.376;2.967;9.426;10.088
2024-02-27;109.296;2.984;10.034;10.572
2024-02-28;109.352;2.97;9.829;10.181
2024-02-29;109.543;2.925;8.563;9.338
2024-03-01;109.479;2.938;10.149;11.023
2024-03-04;109.608;2.908;9.775;10.208
2024-03-05;109.906;2.842;8.949;9.077
2024-03-06;110.024;2.815;6.165;6.516
2024-03-07;110.155;2.783;5.141;5.843
2024-03-08;110.399;2.728;6.832;7.394
2024-03-11;110.201;2.77;7.743;8.106
2024-03-12;110.099;2.791;7.657;7.824
2024-03-13;110.015;2.808;6.369;6.755
2024-03-14;109.684;2.878;6.684;7.314
2024-03-15;109.59;2.897;5.657;6.434
2024-03-18;109.596;2.895;4.705;5.128
2024-03-19;109.641;2.883;5.361;5.667
2024-03-20;109.623;2.886;5.542;5.854
2024-03-21;109.833;2.836;3.944;4.485
2024-03-22;110.079;2.781;4.277;4.952
2024-03-25;109.809;2.839;5.798;6.255
2024-03-26;109.909;2.816;5.28;5.505
2024-03-27;110.084;2.771;5.139;6.011
2024-03-28;109.942;2.801;8.247;9.025
2024-03-29;109.942;2.801;7.68;8.354
2024-04-02;109.718;2.85;8.841;8.769
2024-04-03;109.693;2.854;8.518;8.633
2024-04-04;109.852;2.815;5.678;6.008
2024-04-05;109.683;2.851;5.915;6.373
2024-04-08;109.531;2.884;5.232;5.326
2024-04-09;109.774;2.828;4.282;4.255
2024-04-10;109.453;2.899;4.047;4.348
2024-04-11;109.318;2.926;3.221;3.571
2024-04-12;109.764;2.825;1.938;2.196
2024-04-15;109.439;2.896;3.152;3.31
2024-04-16;109.209;2.947;2.14;2.261
2024-04-17;109.258;2.934;2.921;2.974
2024-04-18;109.118;2.963;1.91;2.1
2024-04-19;109.104;2.965;1.555;1.744
2024-04-22;109.346;2.909;-1.725;-1.582
2024-04-23;109.298;2.918;-2.058;-1.902
2024-04-24;108.882;3.011;1.065;1.095
2024-04-25;108.671;3.056;1.905;1.875
2024-04-26;108.897;3.003;1.269;1.216
2024-04-29;109.099;2.955;0.065;0.31
2024-04-30;108.816;3.018;-0.169;0.317
2024-05-02;108.976;2.978;-0.074;0.084
2024-05-03;109.22;2.922;0.448;0.862
2024-05-06;109.245;2.915;1.67;2.079
2024-05-07;109.382;2.882;2.0;2.264
2024-05-08;109.214;2.919;1.891;2.211
2024-05-09;109.084;2.946;2.645;3.049
2024-05-10;108.923;2.981;3.87;4.357
2024-05-13;108.954;2.973;4.522;4.715
2024-05-14;108.833;3.0;3.909;4.149
2024-05-15;109.367;2.876;2.39;2.644
2024-05-16;109.199;2.911;1.707;2.329
2024-05-17;108.983;2.959;1.012;1.724
2024-05-20;108.952;2.965;0.593;1.1
2024-05-21;109.046;2.942;1.133;1.619
2024-05-22;108.849;2.987;2.367;2.812
2024-05-23;108.518;3.06;3.428;4.24
2024-05-24;108.515;3.059;2.407;3.299
2024-05-27;108.733;3.007;1.59;2.255
2024-05-28;108.559;3.047;2.885;3.764
2024-05-29;108.259;3.115;3.478;4.148
2024-05-30;108.461;3.065;1.442;2.662
2024-05-31;108.397;3.079;0.89;2.345
2024-06-03;108.799;2.984;0.445;1.293
2024-06-04;108.877;2.965;2.732;3.393
2024-06-05;108.965;2.943;1.835;2.668
2024-06-06;108.771;2.985;1.382;2.706
2024-06-07;108.458;3.056;1.28;2.731
2024-06-10;108.187;3.119;4.498;5.319
2024-06-11;108.379;3.073;3.028;3.823
2024-06-12;108.745;2.986;3.415;4.066
2024-06-13;108.857;2.956;4.064;5.215
2024-06-14;108.945;2.934;7.308;8.338
2024-06-17;108.812;2.964;7.661;8.624
2024-06-18;108.923;2.937;7.619;8.714
2024-06-19;108.84;2.955;8.313;9.314
2024-06-20;108.795;2.962;5.591;7.137
2024-06-21;108.898;2.937;5.819;7.186
2024-06-24;108.896;2.936;5.879;7.163
2024-06-25;108.88;2.939;6.364;7.497
2024-06-26;108.653;2.991;8.526;9.338
2024-06-27;108.625;2.994;8.113;9.338
2024-06-28;108.529;3.015;8.299;9.507
2024-07-01;108.333;3.061;7.293;8.288
2024-07-02;108.459;3.03;6.447;7.394
2024-07-03;108.625;2.989;5.326;6.192
2024-07-04;108.544;3.005;3.825;5.1
2024-07-05;108.77;2.95;4.372;5.571
2024-07-08;108.894;2.919;1.851;2.726
2024-07-09;108.678;2.969;3.825;4.694
2024-07-10;108.887;2.919;2.503;3.187
2024-07-11;109.211;2.838;2.635;3.589
2024-07-12;109.074;2.869;2.441;3.529
2024-07-15;109.192;2.84;3.04;3.93
2024-07-16;109.358;2.799;3.437;4.325
2024-07-17;109.291;2.814;3.895;4.891
2024-07-18;109.279;2.813;3.933;5.267
2024-07-19;109.16;2.84;4.519;5.586
2024-07-22;109.024;2.871;4.524;5.32
2024-07-23;109.189;2.83;5.547;6.148
2024-07-24;109.188;2.829;7.953;8.189
2024-07-25;109.319;2.794;6.247;7.065
2024-07-26;109.354;2.785;6.331;7.374
2024-07-29;109.5;2.748;6.897;7.374
2024-07-30;109.623;2.718;7.295;7.59
2024-07-31;109.808;2.673;5.562;5.934
2024-08-01;109.902;2.646;7.726;8.589
2024-08-02;110.197;2.575;7.719;7.813
2024-08-05;110.089;2.599;8.404;8.555
2024-08-06;110.114;2.591;6.976;8.422
2024-08-07;109.92;2.636;8.442;9.213
2024-08-08;109.913;2.634;8.531;9.295
2024-08-09;110.057;2.598;7.139;8.641
2024-08-12;110.042;2.6;8.439;9.29
2024-08-13;110.244;2.55;8.231;8.838
2024-08-14;110.247;2.548;8.521;9.532
2024-08-15;109.878;2.632;8.286;9.708
2024-08-16;109.864;2.634;9.861;11.457
2024-08-19;109.923;2.618;8.781;9.9
2024-08-20;110.049;2.587;9.643;10.443
2024-08-21;110.225;2.543;8.668;9.318
2024-08-22;110.018;2.588;7.727;9.01
2024-08-23;110.17;2.55;6.766;8.227
2024-08-26;110.025;2.584;7.591;8.527
2024-08-27;109.875;2.618;10.765;10.854
2024-08-28;109.945;2.6;10.311;11.041
2024-08-29;109.994;2.584;10.063;10.277
2024-08-30;109.827;2.623;10.353;11.905
2024-09-02;109.775;2.634;9.366;10.798
2024-09-03;109.91;2.6;10.227;11.195
2024-09-04;110.196;2.529;9.314;9.123
2024-09-05;110.268;2.507;9.341;9.486
2024-09-06;110.404;2.473;9.518;10.666
2024-09-09;110.444;2.462;10.752;11.974
2024-09-10;110.587;2.426;11.646;11.996
2024-09-11;110.72;2.392;8.801;10.213
2024-09-12;110.53;2.433;8.403;10.273
2024-09-13;110.582;2.419;8.216;9.788
2024-09-16;110.665;2.397;10.302;10.328
2024-09-17;110.494;2.437;9.574;10.707
2024-09-18;110.294;2.484;9.984;11.466
2024-09-19;110.408;2.452;9.305;10.804
2024-09-20;110.373;2.459;9.552;11.418
2024-09-23;110.613;2.399;10.953;11.521
2024-09-24;110.767;2.36;10.03;10.519
2024-09-25;110.606;2.397;11.629;12.417
2024-09-26;110.604;2.393;10.865;11.677
2024-09-27;110.747;2.356;12.599;13.056
2024-09-30;110.733;2.358;14.267;14.487
2024-10-01;111.008;2.29;14.512;13.485
2024-10-02;110.88;2.319;13.885;12.888
2024-10-03;110.694;2.36;12.552;11.936
2024-10-04;110.422;2.424;8.163;8.204
2024-10-07;110.148;2.49;9.07;8.789
2024-10-08;110.254;2.463;8.373;9.096
2024-10-09;110.139;2.489;7.916;8.747
2024-10-10;110.2;2.47;8.246;8.896
2024-10-11;110.069;2.5;13.779;13.009
2024-10-14;110.066;2.499;13.9;12.835
2024-10-15;110.313;2.437;12.618;12.655
2024-10-16;110.463;2.398;12.363;12.273
2024-10-17;110.462;2.394;13.599;13.405
2024-10-18;110.635;2.349;12.577;12.312
2024-10-21;110.152;2.467;18.021;17.594
2024-10-22;110.039;2.494;18.624;18.17
2024-10-23;110.254;2.439;16.147;15.582
2024-10-24;110.371;2.405;16.907;15.054
2024-10-25;110.161;2.455;20.419;18.444
2024-10-28;110.2;2.444;21.244;19.104
2024-10-29;110.0;2.492;24.403;22.415
2024-10-30;109.595;2.592;24.612;22.752
2024-10-31;109.543;2.6;24.078;22.33
2024-11-01;109.53;2.602;26.357;23.88
2024-11-04;109.532;2.6;23.805;22.397
2024-11-05;109.42;2.627;21.921;20.497
2024-11-06;109.564;2.589;29.569;27.845
2024-11-07;109.437;2.616;30.876;29.889
2024-11-08;109.627;2.566;30.139;28.476
2024-11-11;109.775;2.527;31.623;30.647
2024-11-12;109.631;2.562;33.916;32.091
2024-11-13;109.601;2.568;31.074;30.71
2024-11-14;109.874;2.494;31.555;30.237
2024-11-15;109.798;2.511;33.211;31.762
2024-11-18;109.685;2.538;29.678;29.79
2024-11-19;109.798;2.508;27.339;26.608
2024-11-20;109.763;2.515;28.053;27.079
2024-11-21;109.832;2.493;24.308;24.25
2024-11-22;110.164;2.407;24.971;24.811
2024-11-25;110.192;2.398;25.094;23.887
2024-11-26;110.179;2.399;22.52;23.139
2024-11-27;110.299;2.367;20.372;20.872
2024-11-28;110.474;2.317;19.904;19.382
2024-11-29;110.633;2.275;19.854;20.641
2024-12-02;110.756;2.242;24.186;22.957
2024-12-03;110.72;2.25;23.598;22.949
2024-12-04;110.654;2.265;23.238;22.816
2024-12-05;110.535;2.289;20.383;20.312
2024-12-06;110.588;2.274;20.693;20.456
2024-12-09;110.601;2.269;20.216;20.643
2024-12-10;110.644;2.256;21.626;20.588
2024-12-11;110.708;2.238;18.81;19.128
2024-12-12;110.286;2.34;22.334;21.675
2024-12-13;110.1;2.386;19.814;20.839
2024-12-16;110.111;2.381;23.661;22.641
2024-12-17;110.123;2.376;22.277;21.104
2024-12-18;110.141;2.37;21.505;20.36
2024-12-19;109.945;2.415;20.04;20.828
2024-12-20;110.09;2.376;18.246;19.135
2024-12-23;109.867;2.428;21.914;21.636
2024-12-24;109.867;2.423;19.246;20.683
2024-12-25;109.867;2.423;19.428;20.684
2024-12-27;109.684;2.469;21.495;21.285
2024-12-30;109.777;2.441;22.598;22.337
2024-12-31;109.777;2.439;21.366;22.239
2025-01-01;109.777;2.439;21.61;22.228
2025-01-02;109.697;2.455;21.999;21.856
2025-01-03;109.464;2.514;22.598;22.841
2025-01-06;109.383;2.533;18.692;19.606
2025-01-07;109.302;2.553;20.954;21.171
2025-01-08;109.191;2.58;23.252;22.15
2025-01-09;109.036;2.616;24.017;23.154
2025-01-10;108.85;2.664;21.851;22.513
2025-01-13;108.707;2.7;24.125;24.155
2025-01-14;108.63;2.719;23.015;22.73
2025-01-15;109.037;2.609;21.377;21.277
2025-01-16;109.132;2.579;21.681;20.41
2025-01-17;109.133;2.577;20.739;20.948
2025-01-20;109.163;2.567;20.423;20.484
2025-01-21;109.18;2.561;20.428;20.592
2025-01-22;109.119;2.576;20.068;20.523
2025-01-23;108.998;2.603;21.406;22.125
2025-01-24;108.901;2.627;19.352;20.441
2025-01-27;109.027;2.592;20.161;19.308
2025-01-28;108.97;2.605;18.394;18.805
2025-01-29;108.937;2.612;18.875;18.169
2025-01-30;109.178;2.543;18.768;17.979
2025-01-31;109.459;2.466;18.498;18.583
2025-02-03;109.73;2.392;20.193;18.628
2025-02-04;109.669;2.406;20.471;19.821
2025-02-05;109.726;2.389;19.385;18.821
2025-02-06;109.688;2.394;19.034;18.786
2025-02-07;109.657;2.4;19.827;20.758
2025-02-10;109.721;2.381;19.828;20.246
2025-02-11;109.459;2.45;21.632;20.835
2025-02-12;109.293;2.492;20.032;19.456
2025-02-13;109.496;2.432;18.21;17.447
2025-02-14;109.381;2.462;18.246;17.607
2025-02-17;109.283;2.486;19.013;18.371
2025-02-18;109.301;2.48;19.152;18.447
2025-02-19;109.042;2.548;21.557;21.142
2025-02-20;109.118;2.522;20.816;20.808
2025-02-21;109.311;2.468;20.075;19.9
2025-02-24;109.303;2.468;22.292;21.882
2025-02-25;109.421;2.434;21.167;20.824
2025-02-26;109.525;2.404;19.219;19.308
2025-02-27;109.551;2.392;19.772;20.853
2025-02-28;109.556;2.389;20.919;22.273
2025-03-03;109.42;2.424;21.829;22.379
2025-03-04;109.481;2.405;21.37;22.48
2025-03-05;108.589;2.647;22.515;23.331
2025-03-06;108.529;2.659;21.039;21.605
2025-03-07;108.554;2.65;19.101;20.419
2025-03-10;108.645;2.623;18.899;20.052
2025-03-11;108.666;2.616;17.487;18.419
2025-03-12;108.682;2.61;17.519;17.814
2025-03-13;108.701;2.599;17.863;18.876
2025-03-14;108.725;2.591;14.9;15.74
2025-03-17;108.802;2.568;15.741;15.027
2025-03-18;108.803;2.566;17.208;15.927
2025-03-19;108.75;2.578;17.412;16.234
2025-03-20;108.749;2.573;19.16;18.5
2025-03-21;108.882;2.535;18.179;17.826
2025-03-24;108.931;2.519;17.219;16.099
2025-03-25;108.879;2.532;16.003;15.059
2025-03-26;108.93;2.516;16.039;15.045
2025-03-27;109.075;2.47;15.468;14.322
2025-03-28;109.217;2.429;15.298;14.236
2025-03-31;109.173;2.439;14.8;13.961
2025-04-01;109.328;2.394;13.251;12.617
2025-04-02;109.25;2.414;13.57;12.721
2025-04-03;109.483;2.344;15.74;14.96
2025-04-04;109.694;2.283;15.712;14.898
2025-04-07;109.646;2.294;15.838;14.279
2025-04-08;109.52;2.327;17.22;16.404
2025-04-09;109.691;2.278;17.166;15.456
2025-04-10;109.664;2.279;17.086;16.172
2025-04-11;109.662;2.278;11.67;10.448
2025-04-14;109.905;2.208;12.673;11.393
2025-04-15;109.829;2.227;14.926;13.457
2025-04-16;109.891;2.2;13.16;11.74
2025-04-17;110.063;2.15;13.582;11.98
2025-04-18;110.063;2.15;12.514;10.972
2025-04-22;110.171;2.117;13.789;11.82
2025-04-23;109.998;2.164;13.829;12.241
2025-04-24;110.259;2.084;10.608;8.805
2025-04-25;110.108;2.124;12.32;10.403
2025-04-28;109.941;2.169;13.849;12.134
2025-04-29;109.96;2.16;13.713;11.648
2025-04-30;110.118;2.109;13.27;11.224
2025-05-02;109.839;2.185;14.386;12.13
2025-05-05;109.923;2.159;13.522;11.025
2025-05-06;109.894;2.165;14.563;12.088
2025-05-07;110.055;2.118;12.864;10.401
2025-05-08;109.843;2.171;12.905;10.838
2025-05-09;109.751;2.195;13.321;11.633
2025-05-12;109.391;2.296;13.599;11.843
2025-05-13;109.321;2.314;13.664;11.795
2025-05-14;109.272;2.326;13.623;11.342
2025-05-15;109.494;2.256;12.656;10.444
2025-05-16;109.539;2.241;14.084;11.835
2025-05-19;109.53;2.242;13.984;12.068
2025-05-20;109.539;2.237;13.828;11.849
2025-05-21;109.421;2.269;13.631;11.601
2025-05-22;109.516;2.235;11.92;10.349
2025-05-23;109.732;2.171;8.962;8.986
2025-05-26;109.69;2.181;9.467;9.47
2025-05-27;109.73;2.167;9.429;9.829
2025-05-28;109.678;2.18;9.462;10.068
2025-05-29;109.77;2.147;8.489;9.166
2025-05-30;109.779;2.142;7.579;8.143
2025-06-02;109.717;2.158;8.618;8.943
2025-06-03;109.717;2.156;10.355;10.435
2025-06-04;109.655;2.172;9.63;9.801
2025-06-05;109.429;2.231;9.19;10.087
2025-06-06;109.412;2.234;8.278;9.289
2025-06-09;109.453;2.22;8.534;9.003
2025-06-10;109.557;2.187;8.276;8.841
2025-06-11;109.515;2.197;8.563;8.992
2025-06-12;109.591;2.169;8.864;9.532
2025-06-13;109.33;2.243;11.809;12.358
2025-06-16;109.399;2.22;11.294;11.601
2025-06-17;109.281;2.253;12.939;12.992
2025-06-18;109.413;2.212;11.429;11.668
2025-06-19;109.296;2.24;12.373;12.959
2025-06-20;109.333;2.227;11.229;12.064
2025-06-23;109.376;2.212;11.471;11.935
2025-06-24;109.406;2.201;9.654;10.052
2025-06-25;109.378;2.207;10.061;10.415
2025-06-26;109.42;2.188;8.829;9.394
2025-06-27;109.334;2.211;8.347;9.103
2025-06-30;109.315;2.215;8.42;8.562
2025-07-01;109.345;2.204;8.843;8.893
2025-07-02;109.228;2.236;9.898;10.215
2025-07-03;109.31;2.205;8.907;9.413
2025-07-04;109.39;2.179;7.936;8.558
2025-07-07;109.258;2.216;9.92;10.267
2025-07-08;109.138;2.25;10.322;10.714
2025-07-09;109.147;2.245;11.564;11.467
2025-07-10;109.035;2.272;11.156;11.091
2025-07-11;109.005;2.279;9.902;10.044
2025-07-14;109.035;2.268;10.038;9.468
2025-07-15;109.094;2.248;9.443;8.934
2025-07-16;109.189;2.217;9.072;8.703
2025-07-17;109.147;2.223;8.89;8.869
2025-07-18;109.105;2.234;8.588;8.849
2025-07-21;109.306;2.171;7.671;7.495
2025-07-22;109.324;2.163;7.916;7.871
2025-07-23;109.25;2.183;7.168;7.286
2025-07-24;108.939;2.271;7.665;8.33
2025-07-25;108.867;2.291;8.044;8.589
2025-07-28;108.98;2.254;7.23;6.741
2025-07-29;108.89;2.279;7.566;7.371
2025-07-30;108.834;2.294;8.685;8.548
2025-07-31;108.799;2.298;6.952;7.362
2025-08-01;108.939;2.253;6.559;6.866
2025-08-04;109.075;2.21;5.717;5.621
2025-08-05;109.033;2.22;6.771;6.643
2025-08-06;108.982;2.234;6.808;6.585
2025-08-07;109.002;2.221;5.769;5.943
2025-08-08;108.871;2.259;5.748;5.952
2025-08-11;108.83;2.269;6.604;6.665
2025-08-12;108.784;2.281;6.957;6.812
2025-08-13;108.937;2.232;6.24;6.017
2025-08-14;108.842;2.254;6.176;6.126
2025-08-15;108.668;2.306;8.259;8.267
2025-08-18;108.731;2.284;7.808;7.446
2025-08-19;108.753;2.275;7.715;7.417
2025-08-20;108.826;2.25;7.563;7.395
2025-08-21;108.647;2.299;8.296;8.787
2025-08-22;108.773;2.258;7.021;7.782
2025-08-25;108.595;2.311;9.05;9.437
2025-08-26;108.739;2.264;8.039;8.47
2025-08-27;108.767;2.253;10.077;10.322
2025-08-28;108.768;2.246;8.171;8.699
2025-08-29;108.699;2.265;9.344;9.863
2025-09-01;108.636;2.283;10.385;10.531
2025-09-02;108.516;2.318;11.561;11.625
2025-09-03;108.635;2.279;9.903;9.839
2025-09-04;108.674;2.26;7.718;7.991
2025-09-05;108.814;2.213;6.205;6.477
2025-09-08;108.856;2.198;5.853;5.839
2025-09-09;108.793;2.215;5.617;5.626
2025-09-10;108.76;2.223;5.508;5.561
2025-09-11;108.648;2.252;5.72;6.102
2025-09-12;108.496;2.298;6.274;6.8
2025-09-15;108.562;2.275;4.507;4.894
2025-09-16;108.58;2.267;5.035;5.499
2025-09-17;108.598;2.259;3.997;4.571
2025-09-18;108.496;2.284;4.842;5.526
2025-09-19;108.477;2.288;4.273;4.927
2025-09-22;108.482;2.284;4.801;5.102
2025-09-23;108.469;2.286;3.955;4.43
2025-09-24;108.452;2.289;3.823;4.287
2025-09-25;108.316;2.326;4.833;5.494
2025-09-26;108.356;2.311;4.286;4.769
2025-09-29;108.431;2.285;3.191;3.539
2025-09-30;108.433;2.282;3.213;3.695
2025-10-01;108.466;2.269;3.427;4.036
2025-10-02;108.45;2.267;3.372;4.157
2025-10-03;108.447;2.266;2.638;3.33
2025-10-06;108.44;2.266;3.114;3.423
2025-10-07;108.408;2.274;4.03;4.278
2025-10-08;108.47;2.251;4.127;4.34
2025-10-09;108.391;2.27;4.546;4.889
2025-10-10;108.498;2.233;4.374;4.64
2025-10-13;108.553;2.213;4.578;4.606
2025-10-14;108.633;2.184;2.956;3.02
2025-10-15;108.694;2.162;2.534;2.679
2025-10-16;108.713;2.149;2.409;2.596
2025-10-17;108.685;2.155;2.765;2.871
2025-10-20;108.681;2.154;2.521;2.557
2025-10-21;108.696;2.147;2.289;2.278
2025-10-22;108.688;2.147;1.837;1.87
2025-10-23;108.596;2.17;2.725;2.734
2025-10-24;108.447;2.216;3.123;3.105
2025-10-27;108.471;2.206;2.006;1.955
2025-10-28;108.449;2.211;1.802;1.747
2025-10-29;108.467;2.202;1.371;1.377
2025-10-30;108.394;2.219;1.004;0.947
2025-10-31;108.447;2.199;0.572;0.35
2025-11-03;108.356;2.227;0.482;0.184
2025-11-04;108.376;2.217;0.516;0.359
2025-11-05;108.328;2.231;1.28;1.17
2025-11-06;108.346;2.217;0.952;0.981
2025-11-07;108.325;2.222;0.776;0.899
2025-11-10;108.312;2.224;0.373;0.448
2025-11-11;108.314;2.22;0.454;0.491
2025-11-12;108.352;2.205;-1.149;-1.254
2025-11-13;108.21;2.245;-0.529;-0.578
2025-11-14;108.135;2.268;-0.402;-0.356
2025-11-17;108.155;2.258;-1.463;-1.531
2025-11-18;108.181;2.247;-1.155;-1.434
2025-11-19;108.185;2.243;-1.282;-1.462
2025-11-20;108.135;2.253;;0.231
2025-11-21;108.153;2.244;0.26;0.643
2025-11-24;108.164;2.238;0.176;0.435
2025-11-25;108.191;2.226;-0.762;-0.448
2025-11-26;108.209;2.217;-1.536;-1.144
2025-11-27;108.151;2.229;-1.381;-0.71
2025-11-28;108.161;2.223;-2.584;-1.755
2025-12-01;108.04;2.262;-1.611;-1.209
2025-12-02;108.066;2.251;-1.814;-1.395
2025-12-03;108.069;2.247;-1.872;-1.304
2025-12-04;107.965;2.275;-1.037;-0.415
2025-12-05;107.91;2.291;-2.534;-2.134
2025-12-08;107.678;2.368;-2.255;-2.211
2025-12-09;107.721;2.351;-3.832;-4.028
2025-12-10;107.659;2.37;-3.435;-3.563
2025-12-11;107.69;2.352;-4.355;-4.251
2025-12-12;107.679;2.353;-3.982;-3.813
2025-12-15;107.673;2.353;-3.989;-4.15
2025-12-16;107.742;2.326;-5.201;-5.291
2025-12-17;107.718;2.332;-5.312;-5.026
2025-12-18;107.725;2.322;-5.958;-5.164
2025-12-19;107.631;2.352;-5.017;-4.159
2025-12-22;107.638;2.347;-5.041;-4.64
2025-12-23;107.66;2.327;-6.873;-5.722
2025-12-24;107.66;2.324;-6.823;-5.497
2025-12-25;107.66;2.324;-7.136;-5.96
2025-12-29;107.759;2.287;-7.717;-7.123
2025-12-30;107.696;2.304;-6.73;-5.969
2025-12-31;107.696;2.296;-7.962;-6.657
2026-01-01;107.696;2.296;-7.725;-6.634
2026-01-02;107.575;2.336;-4.532;-3.351
2026-01-05;107.647;2.308;-6.034;-5.154
2026-01-06;107.715;2.282;-5.884;-5.052
2026-01-07;107.738;2.271;-4.613;-3.833
2026-01-08;107.714;2.272;-6.02;-5.01
2026-01-09;107.696;2.276;-6.901;-5.846
2026-01-12;107.722;2.264;-6.461;-6.005
2026-01-13;107.707;2.266;-5.831;-5.634
2026-01-14;107.751;2.248;-6.288;-6.129
2026-01-15;107.69;2.262;-7.801;-7.097
2026-01-16;107.652;2.273;-8.129;-7.465
2026-01-19;107.678;2.261;-7.129;-7.104
2026-01-20;107.667;2.262;-5.927;-5.905
2026-01-21;107.604;2.282;-5.846;-5.87
2026-01-22;107.538;2.298;-6.713;-6.237
2026-01-23;107.506;2.307;-7.417;-6.96
2026-01-26;107.582;2.277;-7.476;-7.446
2026-01-27;107.584;2.273;-6.613;-6.657
2026-01-28;107.622;2.257;-5.661;-5.721
2026-01-29;107.652;2.238;-6.202;-5.9
2026-01-30;107.635;2.241;-6.535;-6.303
2026-02-02;107.551;2.269;-6.015;-5.986
2026-02-03;107.524;2.276;-6.303;-6.396
2026-02-04;107.587;2.251;-6.36;-6.625
2026-02-05;107.568;2.25;-6.68;-6.618
2026-02-06;107.577;2.244;-6.243;-5.886
2026-02-09;107.612;2.228;-6.106;-5.728
2026-02-10;107.601;2.229;-5.866;-5.213
