;px_last;yld_ytm_mid;asset_swap_spd_mid;z_sprd_mid
2016-02-24;100.002;0.5;-3.741;-3.853
2016-02-25;100.115;0.488;-4.185;-4.3
2016-02-26;100.03;0.497;-4.072;-4.191
2016-02-29;100.418;0.457;-4.036;-4.138
2016-03-01;100.104;0.489;-4.471;-4.606
2016-03-02;99.599;0.541;-4.329;-4.468
2016-03-03;100.056;0.494;-4.853;-5.008
2016-03-04;99.641;0.537;-4.494;-4.64
2016-03-07;99.757;0.525;-5.904;-6.101
2016-03-08;100.113;0.488;-7.414;-7.652
2016-03-09;99.603;0.541;-6.911;-7.147
2016-03-10;99.307;0.572;-8.115;-8.413
2016-03-11;99.687;0.532;-9.764;-10.102
2016-03-14;99.598;0.542;-11.812;-12.233
2016-03-15;99.491;0.553;-11.198;-11.603
2016-03-16;99.802;0.52;-9.147;-9.455
2016-03-17;100.527;0.446;-12.236;-12.585
2016-03-18;100.616;0.437;-12.435;-12.784
2016-03-21;100.414;0.457;-12.281;-12.645
2016-03-22;100.449;0.454;-13.346;-13.741
2016-03-23;100.6;0.438;-11.901;-12.232
2016-03-24;100.646;0.433;-11.888;-12.212
2016-03-25;100.648;0.433;-12.253;-12.586
2016-03-28;100.643;0.434;-11.808;-12.132
2016-03-29;101.038;0.393;-12.092;-12.401
2016-03-30;100.886;0.409;-12.477;-12.812
2016-03-31;100.919;0.405;-13.237;-13.594
2016-04-01;101.249;0.371;-13.895;-14.22
2016-04-04;101.307;0.365;-14.636;-14.974
2016-04-05;101.598;0.336;-14.758;-15.07
2016-04-06;101.411;0.355;-14.696;-15.027
2016-04-07;101.63;0.332;-14.595;-14.901
2016-04-08;101.544;0.341;-14.476;-14.79
2016-04-11;101.422;0.353;-14.639;-14.973
2016-04-12;100.951;0.402;-14.567;-14.964
2016-04-13;101.272;0.369;-13.914;-14.243
2016-04-14;100.959;0.401;-14.64;-15.034
2016-04-15;101.34;0.362;-14.819;-15.174
2016-04-18;101.065;0.39;-13.936;-14.304
2016-04-19;100.99;0.397;-14.384;-14.736
2016-04-20;101.072;0.389;-15.718;-16.079
2016-04-21;100.421;0.456;-13.457;-13.838
2016-04-22;100.451;0.453;-14.298;-14.696
2016-04-25;100.176;0.482;-14.232;-14.654
2016-04-26;99.779;0.523;-14.425;-14.917
2016-04-27;99.952;0.505;-12.493;-12.874
2016-04-28;100.176;0.482;-12.669;-13.071
2016-04-29;99.991;0.501;-13.848;-14.304
2016-05-02;100.071;0.493;-14.899;-15.346
2016-05-03;100.695;0.428;-14.111;-14.486
2016-05-04;100.654;0.432;-13.951;-14.339
2016-05-05;101.039;0.392;-13.105;-13.459
2016-05-06;101.151;0.38;-15.583;-15.957
2016-05-09;101.342;0.36;-13.945;-14.254
2016-05-10;101.405;0.354;-13.875;-14.189
2016-05-11;101.37;0.358;-13.831;-14.138
2016-05-12;101.13;0.382;-14.477;-14.822
2016-05-13;101.44;0.35;-14.604;-14.924
2016-05-16;101.256;0.369;-15.142;-15.501
2016-05-17;101.314;0.363;-15.418;-15.774
2016-05-18;101.036;0.392;-16.816;-17.231
2016-05-19;101.041;0.391;-14.655;-15.014
2016-05-20;101.118;0.383;-15.247;-15.621
2016-05-23;100.968;0.399;-15.451;-15.882
2016-05-24;100.981;0.397;-14.703;-15.084
2016-05-25;101.255;0.369;-15.482;-15.83
2016-05-26;101.34;0.36;-14.9;-15.267
2016-05-27;101.352;0.359;-15.083;-15.408
2016-05-30;101.116;0.383;-15.516;-15.878
2016-05-31;101.356;0.358;-15.32;-15.644
2016-06-01;101.374;0.356;-15.348;-15.647
2016-06-02;101.47;0.346;-15.195;-15.48
2016-06-03;101.851;0.307;-14.939;-15.178
2016-06-06;101.612;0.331;-15.061;-15.316
2016-06-07;101.889;0.303;-15.596;-15.853
2016-06-08;101.821;0.31;-15.311;-15.53
2016-06-09;102.005;0.29;-15.34;-15.534
2016-06-10;102.083;0.282;-15.175;-15.369
2016-06-13;102.017;0.289;-15.34;-15.53
2016-06-14;102.127;0.278;-15.373;-15.564
2016-06-15;102.195;0.271;-14.838;-15.008
2016-06-16;102.258;0.264;-15.762;-15.938
2016-06-17;102.116;0.278;-14.897;-15.113
2016-06-20;101.898;0.301;-14.861;-15.081
2016-06-21;101.888;0.302;-15.548;-15.817
2016-06-22;101.709;0.321;-14.042;-14.265
2016-06-23;101.429;0.35;-15.495;-15.754
2016-06-24;102.209;0.268;-14.7;-14.876
2016-06-27;102.803;0.207;-14.301;-14.34
2016-06-28;102.821;0.205;-14.576;-14.676
2016-06-29;102.975;0.189;-16.465;-16.583
2016-06-30;102.834;0.203;-16.911;-17.083
2016-07-01;103.339;0.151;-15.442;-15.54
2016-07-04;103.784;0.106;-16.149;-16.266
2016-07-05;104.129;0.071;-16.519;-16.576
2016-07-06;104.085;0.075;-16.663;-16.687
2016-07-07;104.045;0.079;-17.039;-17.09
2016-07-08;104.262;0.056;-16.732;-16.739
2016-07-11;104.104;0.072;-17.547;-17.562
2016-07-12;103.589;0.125;-17.815;-17.857
2016-07-13;104.11;0.072;-17.758;-17.754
2016-07-14;103.867;0.096;-17.84;-17.875
2016-07-15;103.558;0.128;-18.317;-18.395
2016-07-18;103.783;0.104;-18.02;-18.088
2016-07-19;103.773;0.105;-18.811;-18.907
2016-07-20;103.631;0.12;-18.691;-18.758
2016-07-21;103.566;0.126;-18.84;-18.927
2016-07-22;103.625;0.12;-18.871;-18.96
2016-07-25;103.721;0.11;-18.986;-19.073
2016-07-26;103.667;0.115;-18.577;-18.667
2016-07-27;104.127;0.068;-19.068;-19.108
2016-07-28;104.18;0.062;-18.907;-18.927
2016-07-29;104.39;0.041;-18.355;-18.346
2016-08-01;104.324;0.047;-19.019;-19.031
2016-08-02;103.833;0.098;-19.554;-19.657
2016-08-03;103.903;0.09;-19.165;-19.252
2016-08-04;104.409;0.038;-19.853;-19.868
2016-08-05;104.16;0.063;-20.193;-20.257
2016-08-08;104.162;0.063;-20.029;-20.079
2016-08-09;104.378;0.041;-19.852;-19.869
2016-08-10;104.727;0.005;-20.74;-20.721
2016-08-11;104.538;0.024;-21.896;-21.898
2016-08-12;104.671;0.01;-21.387;-21.39
2016-08-15;104.398;0.038;-21.395;-21.422
2016-08-16;104.099;0.069;-20.951;-21.014
2016-08-17;104.258;0.052;-21.272;-21.304
2016-08-18;104.508;0.026;-21.333;-21.348
2016-08-19;104.161;0.062;-21.443;-21.505
2016-08-22;104.577;0.019;-21.661;-21.661
2016-08-23;104.645;0.012;-21.61;-21.6
2016-08-24;104.64;0.012;-21.79;-21.779
2016-08-25;104.525;0.023;-21.473;-21.477
2016-08-26;104.493;0.027;-21.667;-21.669
2016-08-29;104.554;0.02;-21.232;-21.233
2016-08-30;104.678;0.007;-20.974;-20.967
2016-08-31;104.476;0.028;-21.371;-21.401
2016-09-01;104.468;0.028;-21.28;-21.31
2016-09-02;104.285;0.047;-21.046;-21.103
2016-09-05;104.396;0.036;-20.698;-20.729
2016-09-06;104.803;-0.007;-20.843;-20.807
2016-09-07;104.866;-0.013;-20.902;-20.865
2016-09-08;104.399;0.035;-21.3;-21.309
2016-09-09;103.834;0.093;-21.411;-21.529
2016-09-12;103.682;0.109;-20.952;-21.078
2016-09-13;103.402;0.138;-20.69;-20.849
2016-09-14;103.73;0.103;-20.822;-20.961
2016-09-15;103.599;0.117;-20.657;-20.732
2016-09-16;103.793;0.096;-20.768;-20.876
2016-09-19;103.72;0.104;-20.936;-21.049
2016-09-20;104.001;0.075;-21.046;-21.125
2016-09-21;103.822;0.093;-20.393;-20.47
2016-09-22;104.578;0.014;-21.349;-21.361
2016-09-23;104.548;0.017;-20.921;-20.919
2016-09-26;104.729;-0.002;-20.865;-20.859
2016-09-27;104.747;-0.004;-20.783;-20.735
2016-09-28;104.81;-0.01;-21.34;-21.299
2016-09-29;104.726;-0.002;-20.668;-20.687
2016-09-30;104.575;0.013;-20.465;-20.435
2016-10-03;104.413;0.03;-20.721;-20.689
2016-10-04;104.185;0.054;-21.347;-21.376
2016-10-05;103.775;0.096;-21.101;-21.192
2016-10-06;103.806;0.093;-21.813;-21.928
2016-10-07;103.564;0.118;-20.944;-21.057
2016-10-10;103.139;0.163;-20.637;-20.813
2016-10-11;103.391;0.136;-21.376;-21.537
2016-10-12;103.135;0.163;-20.406;-20.558
2016-10-13;103.38;0.137;-20.604;-20.722
2016-10-14;103.193;0.156;-21.174;-21.337
2016-10-17;103.227;0.153;-21.028;-21.19
2016-10-18;103.408;0.134;-20.781;-20.87
2016-10-19;103.447;0.129;-21.147;-21.256
2016-10-20;103.614;0.111;-21.126;-21.203
2016-10-21;103.556;0.117;-20.618;-20.671
2016-10-24;103.435;0.13;-21.146;-21.236
2016-10-25;103.408;0.133;-21.457;-21.564
2016-10-26;102.988;0.177;-21.132;-21.274
2016-10-27;102.449;0.234;-21.318;-21.569
2016-10-28;102.471;0.232;-21.161;-21.345
2016-10-31;102.524;0.226;-21.041;-21.232
2016-11-01;102.347;0.245;-20.533;-20.718
2016-11-02;102.663;0.211;-22.128;-22.299
2016-11-03;102.327;0.247;-21.64;-21.823
2016-11-04;102.492;0.229;-21.794;-21.972
2016-11-07;102.356;0.244;-21.408;-21.618
2016-11-08;102.124;0.269;-21.197;-21.444
2016-11-09;101.909;0.292;-25.15;-25.559
2016-11-10;101.256;0.362;-21.825;-22.25
2016-11-11;101.019;0.388;-22.229;-22.678
2016-11-14;100.785;0.414;-20.687;-21.123
2016-11-15;100.798;0.412;-20.492;-20.949
2016-11-16;100.761;0.416;-19.436;-19.834
2016-11-17;100.779;0.414;-19.365;-19.761
2016-11-18;100.652;0.428;-17.345;-17.609
2016-11-21;100.624;0.431;-16.72;-16.938
2016-11-22;100.859;0.405;-16.078;-16.37
2016-11-23;100.677;0.425;-13.715;-14.024
2016-11-24;100.573;0.437;-13.975;-14.24
2016-11-25;100.132;0.485;-8.677;-8.801
2016-11-28;100.418;0.454;-9.277;-9.246
2016-11-29;100.697;0.423;-11.553;-11.578
2016-11-30;100.377;0.458;-13.98;-14.302
2016-12-01;99.7;0.533;-14.974;-15.36
2016-12-02;100.456;0.449;-14.986;-15.295
2016-12-05;100.16;0.482;-14.155;-14.485
2016-12-06;99.819;0.52;-16.337;-16.798
2016-12-07;99.972;0.503;-16.15;-16.59
2016-12-08;99.808;0.521;-15.634;-16.027
2016-12-09;99.777;0.525;-15.805;-16.192
2016-12-12;99.396;0.567;-15.416;-15.923
2016-12-13;99.777;0.525;-15.505;-15.969
2016-12-14;100.152;0.483;-15.419;-15.866
2016-12-15;99.693;0.534;-14.17;-14.585
2016-12-16;99.941;0.507;-15.088;-15.505
2016-12-19;100.413;0.454;-15.271;-15.639
2016-12-20;100.226;0.475;-15.34;-15.729
2016-12-21;100.376;0.458;-15.451;-15.823
2016-12-22;100.179;0.48;-15.507;-15.907
2016-12-23;100.455;0.449;-16.309;-16.702
2016-12-27;100.502;0.444;-15.433;-15.798
2016-12-28;100.587;0.435;-15.823;-16.184
2016-12-29;100.891;0.401;-15.763;-16.116
2016-12-30;100.757;0.416;-15.281;-15.615
2017-01-02;100.819;0.409;-15.668;-16.059
2017-01-03;100.47;0.447;-14.813;-15.179
2017-01-04;100.395;0.456;-15.219;-15.595
2017-01-05;100.564;0.437;-15.435;-15.797
2017-01-06;100.17;0.481;-15.11;-15.525
2017-01-09;100.365;0.459;-14.988;-15.36
2017-01-10;100.364;0.459;-15.076;-15.449
2017-01-11;100.665;0.426;-14.524;-14.893
2017-01-12;100.724;0.419;-15.038;-15.385
2017-01-13;100.568;0.436;-15.056;-15.412
2017-01-16;100.601;0.433;-15.703;-16.106
2017-01-17;100.624;0.43;-14.868;-15.222
2017-01-18;100.245;0.472;-13.977;-14.332
2017-01-19;99.937;0.507;-14.054;-14.443
2017-01-20;99.58;0.547;-13.289;-13.688
2017-01-23;99.923;0.509;-12.374;-12.697
2017-01-24;99.57;0.549;-12.377;-12.757
2017-01-25;99.123;0.599;-12.321;-12.74
2017-01-26;98.994;0.614;-12.086;-12.482
2017-01-27;99.114;0.601;-12.358;-12.74
2017-01-30;99.147;0.597;-12.656;-13.076
2017-01-31;99.144;0.597;-12.05;-12.455
2017-02-01;98.899;0.625;-11.612;-12.004
2017-02-02;99.162;0.595;-11.007;-11.375
2017-02-03;99.185;0.593;-10.311;-10.634
2017-02-06;99.328;0.576;-9.232;-9.517
2017-02-07;99.24;0.586;-8.517;-8.774
2017-02-08;99.563;0.55;-6.672;-6.831
2017-02-09;99.431;0.565;-6.747;-6.747
2017-02-10;99.22;0.589;-6.027;-6.199
2017-02-13;98.956;0.619;-5.643;-5.805
2017-02-14;98.714;0.647;-5.38;-5.54
2017-02-15;98.78;0.639;-5.143;-5.296
2017-02-16;99.095;0.603;-5.186;-5.346
2017-02-17;99.251;0.585;-5.038;-5.189
2017-02-20;99.179;0.594;-4.244;-4.371
2017-02-21;99.066;0.607;-4.077;-4.199
2017-02-22;99.174;0.594;-3.757;-3.864
2017-02-23;99.509;0.556;-4.224;-4.339
2017-02-24;99.801;0.523;-4.568;-4.687
2017-02-27;99.796;0.523;-4.807;-4.937
2017-02-28;99.899;0.512;-4.557;-4.688
2017-03-01;99.588;0.547;-4.558;-4.703
2017-03-02;99.259;0.585;-4.925;-5.093
2017-03-03;98.898;0.626;-5.317;-5.511
2017-03-06;98.991;0.616;-5.538;-5.711
2017-03-07;99.165;0.596;-6.333;-6.543
2017-03-08;99.02;0.613;-7.55;-7.784
2017-03-09;98.539;0.668;-8.862;-9.178
2017-03-10;98.203;0.708;-9.806;-10.203
2017-03-13;98.461;0.678;-11.353;-11.786
2017-03-14;98.836;0.634;-12.908;-13.383
2017-03-15;99.307;0.58;-15.067;-15.542
2017-03-16;99.137;0.599;-15.929;-16.623
2017-03-17;99.247;0.587;-15.625;-16.173
2017-03-20;99.185;0.594;-15.441;-15.97
2017-03-21;99.089;0.605;-15.042;-15.574
2017-03-22;99.366;0.573;-14.826;-15.306
2017-03-23;99.192;0.593;-13.825;-14.3
2017-03-24;99.258;0.586;-13.808;-14.266
2017-03-27;99.379;0.572;-12.639;-13.048
2017-03-28;99.389;0.57;-12.341;-12.742
2017-03-29;99.535;0.554;-10.968;-11.314
2017-03-30;99.657;0.54;-10.94;-11.266
2017-03-31;99.655;0.54;-10.823;-11.152
2017-04-03;99.929;0.508;-11.537;-11.837
2017-04-04;99.985;0.502;-11.47;-11.783
2017-04-05;100.034;0.496;-12.371;-12.736
2017-04-06;100.064;0.493;-12.651;-13.014
2017-04-07;100.369;0.458;-15.311;-15.756
2017-04-10;100.54;0.438;-15.125;-15.52
2017-04-11;100.573;0.434;-15.69;-16.066
2017-04-12;100.63;0.427;-15.294;-15.683
2017-04-13;100.782;0.41;-14.765;-15.075
2017-04-18;101.02;0.383;-15.716;-15.986
2017-04-19;100.81;0.407;-15.362;-15.657
2017-04-20;100.516;0.44;-15.85;-16.193
2017-04-21;100.33;0.462;-16.554;-16.92
2017-04-24;100.194;0.478;-17.244;-17.728
2017-04-25;99.898;0.512;-18.777;-19.338
2017-04-26;100.179;0.479;-20.828;-21.412
2017-04-27;100.584;0.432;-21.233;-21.789
2017-04-28;100.446;0.448;-21.051;-21.616
2017-05-02;100.44;0.449;-21.757;-22.373
2017-05-03;100.533;0.438;-22.027;-22.613
2017-05-04;100.125;0.485;-21.577;-22.2
2017-05-05;99.959;0.505;-21.644;-22.346
2017-05-08;100.01;0.499;-21.681;-22.315
2017-05-09;99.97;0.503;-21.333;-22.009
2017-05-10;100.053;0.494;-21.637;-22.282
2017-05-11;100.023;0.497;-20.265;-20.894
2017-05-12;100.266;0.469;-19.916;-20.48
2017-05-15;100.087;0.49;-19.866;-20.433
2017-05-16;99.995;0.501;-20.326;-20.764
2017-05-17;100.314;0.463;-19.008;-19.49
2017-05-18;100.414;0.452;-18.994;-19.481
2017-05-19;100.249;0.471;-19.232;-19.754
2017-05-22;100.042;0.495;-19.117;-19.636
2017-05-23;99.955;0.505;-19.058;-19.585
2017-05-24;99.956;0.505;-19.227;-19.757
2017-05-25;100.194;0.477;-19.686;-20.239
2017-05-26;100.384;0.455;-19.47;-19.949
2017-05-29;100.539;0.437;-19.764;-20.245
2017-05-30;100.584;0.432;-19.908;-20.12
2017-05-31;100.534;0.438;-19.88;-20.366
2017-06-01;100.469;0.445;-19.833;-20.329
2017-06-02;100.602;0.43;-19.97;-20.447
2017-06-05;100.552;0.435;-19.463;-20.211
2017-06-06;100.733;0.414;-20.251;-20.715
2017-06-07;100.754;0.412;-19.835;-20.284
2017-06-08;100.835;0.402;-20.398;-20.867
2017-06-09;100.969;0.387;-21.743;-22.211
2017-06-12;101.098;0.372;-22.024;-22.456
2017-06-13;100.974;0.386;-22.218;-22.693
2017-06-14;101.318;0.346;-22.455;-22.878
2017-06-15;100.977;0.386;-22.13;-22.601
2017-06-16;101.106;0.371;-22.487;-23.347
2017-06-19;101.131;0.368;-23.666;-24.164
2017-06-20;101.359;0.341;-24.512;-24.735
2017-06-21;101.417;0.334;-24.712;-25.161
2017-06-22;101.579;0.315;-25.019;-25.448
2017-06-23;101.488;0.326;-24.527;-25.35
2017-06-26;101.522;0.322;-25.209;-25.658
2017-06-27;100.723;0.415;-25.479;-26.05
2017-06-28;100.735;0.414;-24.79;-25.373
2017-06-29;100.146;0.483;-24.172;-24.875
2017-06-30;99.996;0.5;-24.383;-25.106
2017-07-03;99.926;0.509;-24.822;-25.564
2017-07-04;99.87;0.515;-24.674;-25.402
2017-07-05;99.892;0.513;-24.665;-25.409
2017-07-06;99.294;0.584;-24.598;-25.098
2017-07-07;99.228;0.592;-24.248;-25.118
2017-07-10;99.463;0.564;-24.289;-24.973
2017-07-11;99.427;0.568;-23.818;-24.599
2017-07-12;99.671;0.539;-24.337;-25.092
2017-07-13;99.544;0.554;-23.502;-24.269
2017-07-14;99.526;0.556;-23.908;-24.721
2017-07-17;99.604;0.547;-23.95;-24.721
2017-07-18;99.723;0.533;-23.866;-24.618
2017-07-19;99.862;0.516;-23.59;-24.315
2017-07-20;99.878;0.514;-23.588;-24.318
2017-07-21;100.07;0.492;-24.293;-24.734
2017-07-24;100.071;0.492;-24.435;-24.872
2017-07-25;99.69;0.537;-23.756;-24.537
2017-07-26;99.729;0.532;-23.796;-24.599
2017-07-27;99.859;0.517;-24.085;-24.857
2017-07-28;99.728;0.532;-24.16;-24.946
2017-07-31;99.683;0.538;-24.005;-24.808
2017-08-01;100.076;0.491;-23.85;-24.555
2017-08-02;100.108;0.487;-23.642;-24.345
2017-08-03;100.303;0.464;-24.046;-24.738
2017-08-04;100.232;0.472;-24.153;-24.898
2017-08-07;100.299;0.464;-23.926;-24.629
2017-08-08;100.235;0.472;-24.029;-24.756
2017-08-09;100.537;0.436;-24.235;-24.967
2017-08-10;100.661;0.421;-24.131;-24.782
2017-08-11;100.853;0.398;-24.538;-25.179
2017-08-14;100.666;0.42;-24.374;-25.042
2017-08-15;100.521;0.438;-24.319;-24.995
2017-08-16;100.48;0.443;-24.523;-25.218
2017-08-17;100.67;0.42;-24.601;-25.261
2017-08-18;100.709;0.415;-24.805;-25.479
2017-08-21;100.838;0.4;-24.767;-25.423
2017-08-22;100.832;0.4;-24.81;-25.475
2017-08-23;100.953;0.386;-24.519;-25.139
2017-08-24;100.921;0.39;-24.962;-25.604
2017-08-25;100.89;0.393;-24.36;-24.993
2017-08-28;100.927;0.389;-24.785;-25.424
2017-08-29;101.186;0.358;-24.825;-25.414
2017-08-30;101.115;0.366;-24.637;-25.236
2017-08-31;101.127;0.365;-24.591;-25.189
2017-09-01;101.019;0.378;-24.279;-24.895
2017-09-04;101.135;0.364;-24.596;-25.193
2017-09-05;101.395;0.333;-23.991;-24.526
2017-09-06;101.2;0.356;-24.638;-25.219
2017-09-07;101.38;0.334;-25.264;-25.831
2017-09-08;101.303;0.344;-25.152;-25.718
2017-09-11;101.264;0.348;-25.676;-26.278
2017-09-12;100.809;0.403;-25.037;-25.72
2017-09-13;100.83;0.4;-24.939;-25.617
2017-09-14;100.724;0.413;-25.198;-25.893
2017-09-15;100.539;0.435;-24.787;-25.49
2017-09-18;100.401;0.451;-24.989;-25.733
2017-09-19;100.479;0.442;-25.092;-25.822
2017-09-20;100.581;0.43;-25.284;-26.011
2017-09-21;100.445;0.446;-25.475;-26.223
2017-09-22;100.476;0.442;-25.239;-25.966
2017-09-25;100.775;0.406;-25.493;-26.15
2017-09-26;100.77;0.407;-25.787;-26.476
2017-09-27;100.349;0.458;-25.264;-26.009
2017-09-28;100.252;0.469;-24.78;-25.524
2017-09-29;100.333;0.46;-25.405;-26.166
2017-10-02;100.386;0.453;-25.62;-26.37
2017-10-03;100.31;0.462;-25.438;-26.198
2017-10-04;100.4;0.451;-25.866;-26.607
2017-10-05;100.45;0.445;-25.317;-26.055
2017-10-06;100.364;0.456;-25.638;-26.296
2017-10-09;100.513;0.438;-25.485;-26.217
2017-10-10;100.506;0.438;-25.5;-26.224
2017-10-11;100.38;0.454;-25.898;-26.644
2017-10-12;100.528;0.436;-25.645;-26.398
2017-10-13;100.77;0.406;-26.017;-26.698
2017-10-16;101.012;0.377;-26.344;-26.996
2017-10-17;101.08;0.369;-26.409;-27.043
2017-10-18;100.886;0.392;-26.563;-27.246
2017-10-19;100.89;0.392;-26.552;-27.249
2017-10-20;100.518;0.437;-26.469;-27.23
2017-10-23;100.673;0.418;-26.433;-27.16
2017-10-24;100.422;0.448;-26.41;-27.174
2017-10-25;100.329;0.46;-26.221;-26.989
2017-10-26;100.737;0.41;-26.791;-27.537
2017-10-27;100.883;0.392;-26.711;-27.399
2017-10-30;101.024;0.375;-26.763;-27.412
2017-10-31;101.062;0.37;-26.361;-27.015
2017-11-01;100.988;0.379;-26.564;-27.23
2017-11-02;101.042;0.373;-26.689;-27.253
2017-11-03;101.11;0.364;-27.078;-27.729
2017-11-06;101.264;0.345;-26.637;-27.251
2017-11-07;101.308;0.34;-26.582;-27.198
2017-11-08;101.312;0.34;-27.104;-27.719
2017-11-09;101.051;0.371;-26.339;-26.987
2017-11-10;100.831;0.398;-26.784;-27.505
2017-11-13;100.785;0.404;-26.64;-27.372
2017-11-14;100.935;0.385;-26.684;-27.379
2017-11-15;101.069;0.369;-26.591;-27.228
2017-11-16;101.064;0.369;-26.312;-26.947
2017-11-17;101.154;0.358;-26.831;-27.471
2017-11-20;101.144;0.359;-27.021;-27.658
2017-11-21;101.262;0.345;-26.697;-27.324
2017-11-22;101.252;0.346;-27.222;-27.461
2017-11-23;101.291;0.341;-26.827;-27.457
2017-11-24;101.19;0.354;-26.851;-27.476
2017-11-27;101.316;0.338;-26.599;-27.187
2017-11-28;101.291;0.341;-26.869;-27.448
2017-11-29;101.019;0.374;-26.683;-27.331
2017-11-30;101.069;0.368;-26.263;-26.863
2017-12-01;101.434;0.323;-26.698;-27.193
2017-12-04;101.291;0.341;-26.811;-27.402
2017-12-05;101.42;0.325;-26.48;-27.074
2017-12-06;101.509;0.314;-26.986;-27.558
2017-12-07;101.432;0.323;-26.703;-27.296
2017-12-08;101.346;0.334;-26.932;-27.507
2017-12-11;101.435;0.323;-26.978;-27.576
2017-12-12;101.288;0.341;-26.64;-27.226
2017-12-13;101.333;0.335;-26.907;-27.49
2017-12-14;101.387;0.328;-26.383;-26.997
2017-12-15;101.444;0.321;-26.848;-27.404
2017-12-18;101.39;0.328;-26.76;-27.355
2017-12-19;100.969;0.38;-26.631;-27.276
2017-12-20;100.741;0.408;-25.975;-26.678
2017-12-21;100.645;0.42;-26.422;-27.168
2017-12-22;100.592;0.426;-26.825;-27.591
2017-12-27;100.791;0.401;-26.419;-27.117
2017-12-28;100.608;0.424;-26.752;-27.493
2017-12-29;100.618;0.423;-26.843;-27.581
2018-01-02;100.406;0.449;-26.045;-26.785
2018-01-03;100.496;0.438;-24.916;-25.597
2018-01-04;100.397;0.45;-23.248;-23.895
2018-01-05;100.359;0.455;-23.168;-23.828
2018-01-08;100.455;0.443;-23.218;-23.86
2018-01-09;100.259;0.467;-23.081;-23.75
2018-01-10;100.128;0.484;-23.333;-24.026
2018-01-11;99.765;0.53;-23.075;-23.82
2018-01-12;99.699;0.538;-22.658;-23.413
2018-01-15;99.64;0.545;-23.144;-23.917
2018-01-16;99.773;0.529;-22.816;-23.55
2018-01-17;99.789;0.527;-22.34;-23.051
2018-01-18;99.673;0.541;-22.534;-23.26
2018-01-19;99.663;0.543;-22.555;-23.332
2018-01-22;99.627;0.547;-22.525;-23.292
2018-01-23;99.657;0.543;-22.665;-23.419
2018-01-24;99.528;0.56;-22.352;-23.101
2018-01-25;99.327;0.585;-22.186;-22.938
2018-01-26;99.155;0.607;-22.455;-23.276
2018-01-29;98.701;0.666;-21.761;-22.612
2018-01-30;98.749;0.659;-21.852;-22.717
2018-01-31;98.643;0.673;-20.495;-21.323
2018-02-01;98.443;0.699;-19.829;-20.671
2018-02-02;98.183;0.733;-18.679;-19.494
2018-02-05;98.338;0.713;-19.073;-19.881
2018-02-06;98.614;0.677;-20.142;-20.948
2018-02-07;98.383;0.707;-19.671;-20.502
2018-02-08;98.364;0.71;-20.249;-21.099
2018-02-09;98.426;0.702;-21.155;-22.059
2018-02-12;98.257;0.724;-22.35;-23.33
2018-02-13;98.351;0.712;-22.606;-23.592
2018-02-14;98.305;0.718;-23.137;-24.194
2018-02-15;98.25;0.725;-23.433;-24.476
2018-02-16;98.573;0.683;-23.269;-24.242
2018-02-19;98.41;0.704;-23.142;-24.148
2018-02-20;98.432;0.702;-23.177;-24.181
2018-02-21;98.564;0.685;-23.251;-24.226
2018-02-22;98.596;0.681;-23.764;-24.771
2018-02-23;98.889;0.643;-23.715;-24.637
2018-02-26;98.915;0.639;-24.204;-25.144
2018-02-27;98.833;0.65;-24.357;-25.318
2018-02-28;98.969;0.633;-24.19;-25.118
2018-03-01;99.046;0.623;-24.47;-25.383
2018-03-02;99.03;0.625;-24.421;-25.338
2018-03-05;99.012;0.627;-25.166;-26.107
2018-03-06;98.864;0.646;-24.42;-25.356
2018-03-07;99.012;0.627;-23.778;-24.655
2018-03-08;99.127;0.613;-24.226;-25.101
2018-03-09;99.029;0.625;-23.896;-24.78
2018-03-12;99.125;0.613;-24.071;-24.954
2018-03-13;99.214;0.601;-24.604;-25.499
2018-03-14;99.38;0.58;-24.288;-25.136
2018-03-15;99.544;0.559;-24.1;-24.889
2018-03-16;99.551;0.558;-24.282;-25.084
2018-03-19;99.52;0.562;-24.365;-25.157
2018-03-20;99.427;0.574;-24.265;-25.086
2018-03-21;99.356;0.583;-24.303;-25.136
2018-03-22;99.706;0.538;-24.769;-25.566
2018-03-23;99.679;0.541;-24.83;-25.641
2018-03-26;99.697;0.539;-24.497;-25.274
2018-03-27;99.884;0.515;-24.472;-25.205
2018-03-28;99.938;0.508;-24.956;-25.736
2018-03-29;100.0;0.5;-24.668;-25.422
2018-04-03;100.041;0.495;-24.745;-25.496
2018-04-04;100.111;0.486;-25.287;-26.039
2018-04-05;99.962;0.505;-25.277;-26.062
2018-04-06;100.121;0.484;-25.167;-25.921
2018-04-09;100.104;0.487;-25.112;-25.876
2018-04-10;100.082;0.489;-24.547;-25.263
2018-04-11;100.176;0.477;-25.314;-26.056
2018-04-12;100.092;0.488;-25.342;-26.1
2018-04-13;100.108;0.486;-25.004;-25.739
2018-04-16;100.025;0.497;-24.931;-25.712
2018-04-17;100.15;0.481;-25.114;-25.843
2018-04-18;100.052;0.493;-24.887;-25.639
2018-04-19;99.659;0.544;-24.756;-25.539
2018-04-20;99.627;0.549;-24.564;-25.366
2018-04-23;99.42;0.576;-23.767;-24.603
2018-04-24;99.439;0.573;-23.463;-24.28
2018-04-25;99.371;0.582;-24.17;-25.029
2018-04-26;99.589;0.554;-23.99;-24.813
2018-04-27;99.75;0.533;-24.33;-25.125
2018-04-30;99.818;0.524;-24.04;-24.821
2018-05-02;99.717;0.537;-24.179;-24.982
2018-05-03;100.012;0.498;-24.012;-24.767
2018-05-04;99.98;0.503;-23.931;-24.692
2018-05-07;100.044;0.494;-24.017;-24.753
2018-05-08;99.815;0.524;-24.181;-24.986
2018-05-09;99.764;0.531;-23.497;-24.262
2018-05-10;99.776;0.529;-23.224;-23.961
2018-05-11;99.697;0.54;-23.366;-24.128
2018-05-14;99.393;0.58;-22.995;-23.756
2018-05-15;99.161;0.611;-22.688;-23.501
2018-05-16;99.327;0.589;-22.957;-23.76
2018-05-17;99.139;0.614;-22.636;-23.464
2018-05-18;99.452;0.572;-22.606;-23.346
2018-05-21;99.673;0.543;-23.58;-24.317
2018-05-22;99.507;0.565;-22.8;-23.543
2018-05-23;99.792;0.527;-23.131;-23.832
2018-05-24;99.99;0.501;-22.659;-23.314
2018-05-25;100.334;0.456;-22.633;-23.179
2018-05-28;100.537;0.429;-22.579;-23.112
2018-05-29;100.543;0.429;-19.315;-19.573
2018-05-30;100.064;0.492;-18.735;-19.221
2018-05-31;100.187;0.475;-18.372;-18.808
2018-06-01;100.082;0.489;-19.762;-20.287
2018-06-04;99.939;0.508;-19.541;-20.12
2018-06-05;100.055;0.493;-19.772;-20.313
2018-06-06;99.548;0.56;-19.303;-19.9
2018-06-07;99.422;0.577;-19.277;-19.827
2018-06-08;99.511;0.565;-19.024;-19.599
2018-06-11;99.409;0.578;-19.082;-19.702
2018-06-12;99.425;0.576;-18.344;-18.943
2018-06-13;99.522;0.563;-18.527;-19.11
2018-06-14;99.898;0.514;-18.417;-18.971
2018-06-15;100.176;0.477;-18.442;-18.977
2018-06-18;100.274;0.464;-18.307;-18.816
2018-06-19;100.49;0.435;-18.303;-18.777
2018-06-20;100.408;0.446;-18.793;-19.279
2018-06-21;100.557;0.426;-18.984;-19.414
2018-06-22;100.486;0.436;-19.065;-19.515
2018-06-25;100.466;0.438;-18.367;-18.825
2018-06-26;100.367;0.451;-18.235;-18.703
2018-06-27;100.412;0.445;-18.203;-18.667
2018-06-28;100.45;0.44;-17.94;-18.422
2018-06-29;100.493;0.434;-18.104;-18.566
2018-07-02;100.499;0.434;-18.077;-18.536
2018-07-03;100.547;0.427;-17.757;-18.196
2018-07-04;100.498;0.434;-17.951;-18.407
2018-07-05;100.545;0.427;-17.862;-18.328
2018-07-06;100.565;0.425;-17.862;-18.324
2018-07-09;100.562;0.425;-17.886;-18.352
2018-07-10;100.455;0.439;-18.032;-18.515
2018-07-11;100.467;0.438;-17.843;-18.309
2018-07-12;100.508;0.432;-18.162;-18.649
2018-07-13;100.574;0.423;-18.027;-18.515
2018-07-16;100.453;0.439;-17.798;-18.266
2018-07-17;100.554;0.426;-17.925;-18.389
2018-07-18;100.57;0.424;-17.588;-18.047
2018-07-19;100.61;0.418;-17.354;-17.796
2018-07-20;100.437;0.441;-18.079;-18.581
2018-07-23;100.308;0.459;-18.769;-19.3
2018-07-24;100.385;0.448;-18.637;-19.137
2018-07-25;100.42;0.444;-18.845;-19.332
2018-07-26;100.328;0.456;-19.141;-19.665
2018-07-27;100.316;0.457;-19.057;-19.574
2018-07-30;100.1;0.486;-18.358;-18.887
2018-07-31;100.036;0.495;-18.005;-18.53
2018-08-01;99.864;0.518;-17.981;-18.515
2018-08-02;99.915;0.511;-18.045;-18.58
2018-08-03;100.137;0.481;-18.215;-18.728
2018-08-06;100.233;0.469;-18.036;-18.516
2018-08-07;100.134;0.482;-17.825;-18.303
2018-08-08;100.187;0.475;-17.965;-18.434
2018-08-09;100.284;0.462;-17.969;-18.415
2018-08-10;100.569;0.423;-18.062;-18.457
2018-08-13;100.612;0.417;-17.921;-18.326
2018-08-14;100.564;0.424;-17.847;-18.267
2018-08-15;100.697;0.406;-18.063;-18.496
2018-08-16;100.628;0.415;-17.746;-18.173
2018-08-17;100.681;0.408;-18.014;-18.439
2018-08-20;100.704;0.405;-18.023;-18.452
2018-08-21;100.591;0.42;-17.99;-18.427
2018-08-22;100.56;0.424;-17.456;-17.882
2018-08-23;100.555;0.425;-17.707;-18.142
2018-08-24;100.596;0.419;-18.206;-18.649
2018-08-27;100.396;0.446;-17.277;-17.713
2018-08-28;100.38;0.448;-17.176;-17.616
2018-08-29;100.235;0.468;-16.899;-17.349
2018-08-30;100.472;0.436;-17.056;-17.475
2018-08-31;100.569;0.423;-17.094;-17.504
2018-09-03;100.554;0.425;-16.84;-17.241
2018-09-04;100.47;0.436;-16.739;-17.14
2018-09-05;100.343;0.453;-16.858;-17.272
2018-09-06;100.438;0.44;-16.681;-17.072
2018-09-07;100.294;0.46;-16.207;-16.607
2018-09-10;100.238;0.467;-16.829;-17.256
2018-09-11;100.107;0.485;-16.525;-16.973
2018-09-12;100.191;0.474;-16.794;-17.223
2018-09-13;100.147;0.48;-16.496;-16.926
2018-09-14;100.06;0.492;-16.486;-16.921
2018-09-17;99.981;0.503;-16.928;-17.412
2018-09-18;99.893;0.515;-16.674;-17.148
2018-09-19;99.808;0.526;-16.603;-17.076
2018-09-20;99.809;0.526;-15.922;-16.388
2018-09-21;99.859;0.519;-15.882;-16.348
2018-09-24;99.556;0.561;-15.855;-16.34
2018-09-25;99.354;0.589;-16.235;-16.769
2018-09-26;99.441;0.577;-15.894;-16.374
2018-09-27;99.414;0.581;-16.41;-16.923
2018-09-28;99.672;0.545;-16.491;-16.961
2018-10-01;99.644;0.549;-16.383;-16.869
2018-10-02;99.842;0.522;-16.699;-17.128
2018-10-03;99.585;0.557;-16.749;-17.258
2018-10-04;99.312;0.595;-16.694;-17.234
2018-10-05;99.084;0.627;-17.336;-17.94
2018-10-08;99.278;0.6;-17.133;-17.671
2018-10-09;99.234;0.606;-17.058;-17.218
2018-10-10;99.177;0.614;-16.761;-17.286
2018-10-11;99.306;0.596;-16.879;-17.409
2018-10-12;99.42;0.581;-16.483;-16.98
2018-10-15;99.394;0.584;-16.773;-17.333
2018-10-16;99.516;0.567;-16.438;-16.981
2018-10-17;99.697;0.542;-16.536;-17.0
2018-10-18;99.846;0.521;-16.728;-17.181
2018-10-19;99.645;0.549;-16.961;-17.511
2018-10-22;99.682;0.544;-16.433;-16.937
2018-10-23;99.862;0.519;-16.777;-17.261
2018-10-24;99.944;0.508;-16.791;-17.266
2018-10-25;99.905;0.513;-16.414;-16.913
2018-10-26;100.154;0.479;-17.244;-17.704
2018-10-29;100.059;0.492;-16.675;-17.173
2018-10-30;100.088;0.488;-16.707;-17.211
2018-10-31;100.015;0.498;-16.492;-16.987
2018-11-01;99.968;0.504;-16.356;-16.874
2018-11-02;99.889;0.515;-16.379;-16.938
2018-11-05;99.929;0.51;-16.34;-16.882
2018-11-06;99.891;0.515;-16.233;-16.82
2018-11-07;99.813;0.526;-16.16;-16.683
2018-11-08;99.762;0.533;-16.272;-16.819
2018-11-09;99.964;0.505;-16.393;-16.904
2018-11-12;100.043;0.494;-16.316;-16.824
2018-11-13;100.0;0.5;-16.129;-16.623
2018-11-14;100.059;0.492;-15.945;-16.396
2018-11-15;100.19;0.473;-15.851;-16.273
2018-11-16;100.111;0.484;-14.617;-15.037
2018-11-19;100.038;0.495;-13.408;-13.817
2018-11-20;100.073;0.49;-12.903;-13.308
2018-11-21;100.022;0.497;-12.268;-12.641
2018-11-22;100.058;0.492;-12.425;-12.805
2018-11-23;100.19;0.473;-12.591;-12.956
2018-11-26;100.127;0.482;-12.673;-13.041
2018-11-27;100.188;0.474;-12.476;-12.835
2018-11-28;100.166;0.477;-12.516;-12.875
2018-11-29;100.338;0.452;-12.442;-12.797
2018-11-30;100.387;0.446;-12.557;-12.884
2018-12-03;100.409;0.442;-12.473;-12.837
2018-12-04;100.61;0.414;-12.063;-12.374
2018-12-05;100.473;0.433;-12.531;-12.855
2018-12-06;100.605;0.415;-13.255;-13.601
2018-12-07;100.553;0.422;-12.466;-12.783
2018-12-10;100.557;0.421;-12.752;-13.071
2018-12-11;100.558;0.421;-12.784;-13.099
2018-12-12;100.368;0.448;-13.221;-13.574
2018-12-13;100.431;0.439;-12.621;-12.967
2018-12-14;100.561;0.421;-12.811;-13.127
2018-12-17;100.541;0.424;-12.776;-13.108
2018-12-18;100.649;0.408;-12.745;-13.076
2018-12-19;100.746;0.395;-12.61;-12.925
2018-12-20;100.833;0.382;-12.785;-13.085
2018-12-21;100.767;0.391;-12.3;-12.606
2018-12-24;100.767;0.391;-12.32;-12.608
2018-12-27;100.908;0.371;-12.365;-12.629
2018-12-28;100.965;0.363;-12.305;-12.586
2018-12-31;100.966;0.363;-12.26;-12.512
2019-01-02;101.39;0.303;-12.252;-12.484
2019-01-03;101.352;0.308;-11.185;-11.407
2019-01-04;101.035;0.353;-11.104;-11.338
2019-01-07;100.916;0.37;-10.178;-10.404
2019-01-08;100.769;0.391;-9.886;-10.129
2019-01-09;100.746;0.394;-10.422;-10.654
2019-01-10;100.836;0.381;-10.274;-10.52
2019-01-11;100.93;0.368;-10.692;-10.939
2019-01-14;101.048;0.351;-11.079;-11.332
2019-01-15;101.258;0.321;-11.861;-12.114
2019-01-16;101.195;0.33;-12.009;-12.256
2019-01-17;101.147;0.336;-12.105;-12.383
2019-01-18;101.017;0.355;-12.355;-12.656
2019-01-21;101.078;0.346;-12.525;-12.803
2019-01-22;101.215;0.327;-12.782;-13.035
2019-01-23;101.319;0.312;-12.821;-13.058
2019-01-24;101.586;0.274;-12.732;-13.07
2019-01-25;101.473;0.29;-13.101;-13.319
2019-01-28;101.468;0.29;-12.923;-13.134
2019-01-29;101.556;0.278;-12.978;-13.175
2019-01-30;101.598;0.272;-12.354;-12.562
2019-01-31;101.805;0.242;-11.027;-11.205
2019-02-01;101.62;0.268;-11.646;-11.842
2019-02-04;101.562;0.276;-11.759;-11.956
2019-02-05;101.606;0.27;-11.667;-11.851
2019-02-06;101.675;0.26;-11.939;-12.101
2019-02-07;101.926;0.224;-12.229;-12.372
2019-02-08;102.102;0.199;-11.996;-12.135
2019-02-11;101.956;0.22;-12.252;-12.404
2019-02-12;101.891;0.229;-12.059;-12.216
2019-02-13;101.879;0.231;-12.177;-12.321
2019-02-14;101.941;0.222;-12.518;-12.662
2019-02-15;101.951;0.22;-12.455;-12.599
2019-02-18;101.946;0.221;-12.579;-12.733
2019-02-19;102.009;0.212;-12.605;-12.76
2019-02-20;102.081;0.201;-12.102;-12.244
2019-02-21;101.908;0.225;-12.466;-12.615
2019-02-22;102.084;0.2;-12.275;-12.411
2019-02-25;102.06;0.204;-13.029;-13.174
2019-02-26;102.048;0.205;-13.114;-13.261
2019-02-27;101.867;0.231;-13.33;-13.491
2019-02-28;101.697;0.255;-12.989;-13.157
2019-03-01;101.687;0.256;-13.456;-13.626
2019-03-04;101.846;0.233;-14.022;-14.186
2019-03-05;101.851;0.233;-13.747;-13.897
2019-03-06;102.142;0.191;-14.334;-14.463
2019-03-07;102.564;0.131;-14.523;-14.609
2019-03-08;102.588;0.127;-14.272;-14.343
2019-03-11;102.558;0.131;-14.551;-14.639
2019-03-12;102.58;0.128;-14.244;-14.327
2019-03-13;102.539;0.133;-14.506;-14.599
2019-03-14;102.436;0.148;-14.436;-14.528
2019-03-15;102.455;0.145;-14.12;-14.205
2019-03-18;102.526;0.135;-14.157;-14.245
2019-03-19;102.444;0.146;-14.485;-14.614
2019-03-20;102.497;0.138;-14.287;-14.392
2019-03-21;102.693;0.11;-14.476;-14.615
2019-03-22;102.961;0.072;-14.508;-14.594
2019-03-25;103.008;0.065;-14.106;-14.181
2019-03-26;102.922;0.077;-14.437;-14.5
2019-03-27;103.4;0.009;-14.622;-14.66
2019-03-28;103.253;0.029;-14.708;-14.773
2019-03-29;103.213;0.035;-14.889;-14.924
2019-04-01;103.036;0.06;-14.48;-14.548
2019-04-02;103.16;0.042;-14.758;-14.792
2019-04-03;102.891;0.08;-14.876;-14.961
2019-04-04;102.959;0.07;-14.567;-14.642
2019-04-05;102.93;0.074;-14.901;-14.968
2019-04-08;102.945;0.072;-14.938;-15.028
2019-04-09;103.009;0.062;-14.943;-15.011
2019-04-10;103.22;0.032;-14.91;-14.969
2019-04-11;103.126;0.045;-15.027;-15.077
2019-04-12;102.808;0.09;-15.087;-15.187
2019-04-15;102.796;0.092;-15.207;-15.306
2019-04-16;102.758;0.097;-15.201;-15.291
2019-04-17;102.687;0.107;-15.541;-15.64
2019-04-18;102.992;0.062;-15.739;-15.807
2019-04-23;102.915;0.073;-15.743;-15.797
2019-04-24;103.219;0.03;-16.186;-16.196
2019-04-25;103.161;0.037;-16.455;-16.525
2019-04-26;103.215;0.029;-16.595;-16.649
2019-04-29;103.143;0.039;-16.614;-16.656
2019-04-30;103.107;0.044;-16.572;-16.604
2019-05-02;103.051;0.052;-16.342;-16.413
2019-05-03;103.055;0.051;-16.548;-16.617
2019-05-06;103.148;0.038;-16.457;-16.522
2019-05-07;103.382;0.004;-16.827;-16.87
2019-05-08;103.381;0.004;-16.953;-16.988
2019-05-09;103.377;0.004;-17.316;-17.356
2019-05-10;103.383;0.002;-17.18;-17.215
2019-05-13;103.515;-0.017;-16.848;-16.87
2019-05-14;103.579;-0.026;-16.98;-16.995
2019-05-15;103.676;-0.04;-16.652;-16.655
2019-05-16;103.61;-0.031;-17.208;-17.233
2019-05-17;103.683;-0.042;-16.787;-16.796
2019-05-20;103.618;-0.033;-16.935;-16.954
2019-05-21;103.559;-0.025;-16.745;-16.753
2019-05-22;103.655;-0.039;-16.17;-16.169
2019-05-23;103.808;-0.062;-16.56;-16.494
2019-05-24;103.769;-0.056;-16.533;-16.513
2019-05-27;103.868;-0.071;-16.51;-16.469
2019-05-28;103.963;-0.085;-16.422;-16.39
2019-05-29;104.042;-0.096;-16.223;-16.18
2019-05-30;104.008;-0.092;-15.769;-15.719
2019-05-31;104.13;-0.11;-15.662;-15.614
2019-06-03;104.172;-0.116;-15.728;-15.617
2019-06-04;104.252;-0.128;-15.58;-15.491
2019-06-05;104.475;-0.16;-15.269;-15.26
2019-06-06;104.453;-0.158;-15.947;-15.746
2019-06-07;104.597;-0.179;-15.612;-15.46
2019-06-10;104.427;-0.155;-15.65;-15.507
2019-06-11;104.512;-0.167;-15.611;-15.447
2019-06-12;104.535;-0.171;-15.737;-15.594
2019-06-13;104.57;-0.177;-15.386;-15.257
2019-06-14;104.669;-0.191;-15.584;-15.459
2019-06-17;104.602;-0.182;-15.733;-15.547
2019-06-18;105.106;-0.255;-15.946;-15.909
2019-06-19;104.884;-0.223;-15.753;-15.614
2019-06-20;104.996;-0.24;-16.158;-15.991
2019-06-21;104.787;-0.21;-16.3;-16.075
2019-06-24;104.939;-0.232;-16.114;-15.902
2019-06-25;105.057;-0.25;-16.103;-15.881
2019-06-26;104.917;-0.23;-16.069;-15.861
2019-06-27;105.047;-0.249;-16.053;-15.858
2019-06-28;105.122;-0.261;-16.198;-16.018
2019-07-01;105.266;-0.282;-16.098;-15.916
2019-07-02;105.337;-0.292;-15.783;-15.597
2019-07-03;105.485;-0.314;-15.768;-15.528
2019-07-04;105.626;-0.335;-15.8;-15.523
2019-07-05;105.433;-0.308;-15.827;-15.516
2019-07-08;105.438;-0.309;-15.808;-15.53
2019-07-09;105.271;-0.285;-16.01;-15.722
2019-07-10;105.056;-0.254;-15.289;-15.201
2019-07-11;104.81;-0.219;-15.503;-15.316
2019-07-12;104.758;-0.212;-15.35;-15.16
2019-07-15;104.975;-0.244;-15.37;-15.225
2019-07-16;105.061;-0.257;-14.866;-14.703
2019-07-17;105.298;-0.291;-15.204;-15.001
2019-07-18;105.392;-0.306;-15.41;-15.08
2019-07-19;105.511;-0.324;-15.112;-14.934
2019-07-22;105.578;-0.334;-15.24;-15.015
2019-07-23;105.597;-0.337;-15.038;-14.838
2019-07-24;105.736;-0.357;-15.436;-15.181
2019-07-25;105.737;-0.358;-15.586;-15.285
2019-07-26;105.698;-0.353;-15.168;-14.876
2019-07-29;105.742;-0.36;-15.122;-14.891
2019-07-30;105.744;-0.36;-15.268;-15.072
2019-07-31;105.956;-0.391;-15.037;-14.852
2019-08-01;106.039;-0.405;-14.87;-14.506
2019-08-02;106.257;-0.436;-14.913;-14.646
2019-08-05;106.369;-0.453;-15.085;-14.797
2019-08-06;106.411;-0.46;-14.731;-14.447
2019-08-07;106.672;-0.498;-14.501;-14.25
2019-08-08;106.566;-0.483;-15.328;-15.0
2019-08-09;106.629;-0.493;-14.371;-14.098
2019-08-12;106.653;-0.497;-14.383;-14.09
2019-08-13;106.723;-0.507;-14.291;-13.979
2019-08-14;107.0;-0.548;-13.819;-13.468
2019-08-15;107.531;-0.625;-13.029;-12.715
2019-08-16;107.447;-0.614;-11.943;-11.589
2019-08-19;107.075;-0.561;-11.946;-11.632
2019-08-20;107.159;-0.573;-11.239;-10.94
2019-08-21;106.897;-0.536;-11.196;-10.872
2019-08-22;106.635;-0.499;-11.168;-10.88
2019-08-23;106.791;-0.522;-10.582;-10.337
2019-08-26;106.774;-0.52;-10.799;-10.537
2019-08-27;107.037;-0.559;-10.77;-10.486
2019-08-28;107.175;-0.579;-11.097;-10.805
2019-08-29;107.115;-0.572;-10.596;-10.328
2019-08-30;107.119;-0.573;-11.067;-10.756
2019-09-02;107.157;-0.579;-11.117;-10.73
2019-09-03;107.124;-0.574;-10.935;-10.503
2019-09-04;106.99;-0.555;-11.235;-10.865
2019-09-05;106.569;-0.495;-10.667;-10.406
2019-09-06;106.779;-0.526;-10.443;-10.227
2019-09-09;106.575;-0.497;-10.618;-10.496
2019-09-10;106.41;-0.473;-10.39;-10.269
2019-09-11;106.425;-0.476;-10.774;-10.708
2019-09-12;105.99;-0.413;-10.882;-10.819
2019-09-13;105.654;-0.364;-11.051;-11.199
2019-09-16;105.88;-0.398;-11.403;-11.652
2019-09-17;105.928;-0.405;-11.212;-11.428
2019-09-18;106.1;-0.431;-11.109;-11.28
2019-09-19;106.057;-0.426;-11.126;-11.299
2019-09-20;106.06;-0.426;-10.864;-11.113
2019-09-23;106.354;-0.47;-10.646;-10.85
2019-09-24;106.452;-0.485;-10.255;-10.395
2019-09-25;106.249;-0.456;-11.202;-11.343
2019-09-26;106.23;-0.454;-10.114;-10.254
2019-09-27;106.23;-0.454;-10.113;-10.258
2019-09-30;106.212;-0.452;-10.507;-10.58
2019-10-01;106.195;-0.45;-9.845;-9.975
2019-10-02;106.176;-0.448;-10.086;-10.18
2019-10-03;106.349;-0.474;-10.38;-10.465
2019-10-04;106.338;-0.473;-10.302;-10.4
2019-10-07;106.259;-0.462;-10.426;-10.512
2019-10-08;106.313;-0.47;-10.4;-10.522
2019-10-09;106.034;-0.429;-10.22;-10.342
2019-10-10;105.678;-0.377;-9.597;-9.791
2019-10-11;105.542;-0.357;-9.966;-10.272
2019-10-14;105.577;-0.363;-9.669;-10.017
2019-10-15;105.363;-0.331;-9.966;-10.238
2019-10-16;105.203;-0.307;-9.504;-9.808
2019-10-17;105.258;-0.317;-9.33;-9.648
2019-10-18;105.081;-0.29;-9.247;-9.565
2019-10-21;104.92;-0.266;-9.454;-9.757
2019-10-22;104.991;-0.277;-9.337;-9.649
2019-10-23;105.16;-0.303;-9.189;-9.482
2019-10-24;105.163;-0.305;-9.22;-9.54
2019-10-25;104.913;-0.267;-9.261;-9.544
2019-10-28;104.767;-0.245;-9.106;-9.419
2019-10-29;104.846;-0.258;-9.417;-9.729
2019-10-30;104.827;-0.255;-9.472;-9.839
2019-10-31;105.086;-0.295;-9.662;-10.051
2019-11-01;104.997;-0.282;-9.578;-9.86
2019-11-04;104.88;-0.265;-9.473;-9.788
2019-11-05;104.748;-0.245;-9.535;-9.883
2019-11-06;104.842;-0.26;-9.414;-9.715
2019-11-07;104.34;-0.184;-9.351;-9.696
2019-11-08;104.446;-0.2;-9.609;-10.004
2019-11-11;104.408;-0.195;-9.408;-9.757
2019-11-12;104.476;-0.205;-8.995;-9.373
2019-11-13;104.668;-0.235;-9.604;-9.893
2019-11-14;104.835;-0.262;-9.475;-9.778
2019-11-15;104.755;-0.25;-9.096;-9.377
2019-11-18;104.721;-0.245;-9.201;-9.434
2019-11-19;104.731;-0.247;-9.064;-9.32
2019-11-20;104.774;-0.254;-9.339;-9.578
2019-11-21;104.628;-0.232;-9.294;-9.532
2019-11-22;104.778;-0.256;-8.79;-9.055
2019-11-25;104.711;-0.246;-8.487;-8.719
2019-11-26;104.801;-0.26;-8.338;-8.549
2019-11-27;104.832;-0.265;-8.36;-8.552
2019-11-28;104.79;-0.259;-8.289;-8.467
2019-11-29;104.735;-0.251;-8.257;-8.43
2019-12-02;104.395;-0.199;-8.433;-8.622
2019-12-03;104.732;-0.251;-7.99;-8.249
2019-12-04;104.554;-0.224;-7.839;-8.086
2019-12-05;104.42;-0.204;-7.913;-8.176
2019-12-06;104.383;-0.199;-8.036;-8.313
2019-12-09;104.481;-0.214;-8.077;-8.358
2019-12-10;104.453;-0.21;-7.913;-8.172
2019-12-11;104.571;-0.229;-8.033;-8.237
2019-12-12;104.36;-0.197;-7.884;-8.074
2019-12-13;104.44;-0.21;-7.654;-7.778
2019-12-16;104.375;-0.2;-8.056;-8.186
2019-12-17;104.405;-0.205;-8.114;-8.254
2019-12-18;104.193;-0.172;-8.036;-8.144
2019-12-19;104.145;-0.166;-7.827;-7.965
2019-12-20;104.161;-0.168;-7.595;-7.783
2019-12-23;104.104;-0.16;-7.956;-8.055
2019-12-24;104.105;-0.161;-8.013;-8.132
2019-12-27;104.142;-0.167;;
2019-12-30;103.854;-0.123;-8.214;-8.417
2019-12-31;103.857;-0.123;-8.25;-8.451
2020-01-02;104.067;-0.157;-7.79;-7.994
2020-01-03;104.34;-0.201;-8.016;-8.201
2020-01-06;104.397;-0.21;-8.024;-8.206
2020-01-07;104.431;-0.216;-7.845;-8.064
2020-01-08;104.264;-0.19;-8.717;-8.838
2020-01-09;104.12;-0.168;-8.435;-8.563
2020-01-10;104.195;-0.18;-9.256;-9.36
2020-01-13;104.062;-0.159;-9.699;-9.861
2020-01-14;104.07;-0.161;-9.707;-9.829
2020-01-15;104.198;-0.181;-9.954;-10.052
2020-01-16;104.284;-0.196;-9.814;-9.916
2020-01-17;104.274;-0.194;-9.783;-9.893
2020-01-20;104.29;-0.197;-9.915;-9.975
2020-01-21;104.409;-0.216;-10.063;-10.098
2020-01-22;104.459;-0.225;-9.939;-9.989
2020-01-23;104.664;-0.258;-9.957;-10.031
2020-01-24;104.785;-0.278;-9.839;-9.906
2020-01-27;105.069;-0.323;-10.144;-10.164
2020-01-28;104.868;-0.291;-9.968;-10.002
2020-01-29;104.988;-0.311;-10.132;-10.18
2020-01-30;105.122;-0.333;-9.892;-9.946
2020-01-31;105.266;-0.356;-9.83;-9.861
2020-02-03;105.286;-0.36;-10.172;-10.179
2020-02-04;105.088;-0.329;-10.168;-10.147
2020-02-05;104.911;-0.301;-10.22;-10.178
2020-02-06;104.943;-0.307;-10.049;-10.012
2020-02-07;105.033;-0.322;-10.106;-10.086
2020-02-10;105.167;-0.343;-9.71;-9.64
2020-02-11;105.092;-0.332;-9.758;-9.699
2020-02-12;105.065;-0.328;-9.753;-9.683
2020-02-13;105.125;-0.339;-9.565;-9.484
2020-02-14;105.199;-0.351;-9.56;-9.467
2020-02-17;105.211;-0.353;-9.549;-9.462
2020-02-18;105.266;-0.362;-9.865;-9.739
2020-02-19;105.319;-0.371;-9.842;-9.727
2020-02-20;105.365;-0.379;-9.491;-9.357
2020-02-21;105.278;-0.366;-9.642;-9.509
2020-02-24;105.449;-0.394;-8.867;-8.745
2020-02-25;105.522;-0.406;-8.937;-8.815
2020-02-26;105.459;-0.396;-9.208;-9.07
2020-02-27;105.529;-0.408;-9.17;-9.017
2020-02-28;105.692;-0.435;-9.488;-9.229
2020-03-02;105.83;-0.457;-8.708;-8.35
2020-03-03;105.853;-0.461;-7.053;-6.559
2020-03-04;105.926;-0.473;-8.424;-7.933
2020-03-05;105.984;-0.484;-9.109;-8.495
2020-03-06;105.953;-0.479;-8.583;-8.021
2020-03-09;106.287;-0.533;-10.575;-10.038
2020-03-10;105.87;-0.467;-9.718;-9.053
2020-03-11;105.882;-0.469;-8.484;-7.92
2020-03-12;105.582;-0.423;-7.258;-6.57
2020-03-13;104.861;-0.307;-7.656;-7.362
2020-03-16;104.647;-0.273;-6.075;-6.039
2020-03-17;104.49;-0.248;-4.66;-4.639
2020-03-18;103.564;-0.097;-3.094;-3.128
2020-03-19;103.212;-0.04;-0.919;-1.055
2020-03-20;103.624;-0.108;-0.682;-1.123
2020-03-23;103.738;-0.127;-0.006;-0.535
2020-03-24;103.436;-0.077;2.544;2.036
2020-03-25;103.187;-0.037;2.703;2.182
2020-03-26;103.615;-0.108;3.159;2.416
2020-03-27;104.133;-0.193;1.091;0.423
2020-03-30;104.271;-0.216;0.659;-0.052
2020-03-31;104.242;-0.212;-0.796;-1.442
2020-04-01;104.257;-0.215;-0.512;-1.259
2020-04-02;104.266;-0.217;-0.412;-1.167
2020-04-03;104.31;-0.225;-1.148;-1.805
2020-04-06;104.195;-0.206;-0.576;-1.382
2020-04-07;103.773;-0.137;-0.437;-1.379
2020-04-08;103.798;-0.143;-0.454;-1.58
2020-04-09;104.033;-0.182;0.166;-1.328
2020-04-14;104.153;-0.202;-0.239;-1.564
2020-04-15;104.364;-0.237;-0.718;-1.928
2020-04-16;104.43;-0.249;-0.077;-1.34
2020-04-17;104.405;-0.245;-0.43;-1.609
2020-04-20;104.232;-0.217;-0.89;-2.075
2020-04-21;104.212;-0.214;-0.967;-2.105
2020-04-22;103.879;-0.159;-0.467;-1.971
2020-04-23;104.035;-0.186;-0.469;-2.121
2020-04-24;104.328;-0.235;-0.37;-2.006
2020-04-27;104.27;-0.225;-0.677;-2.274
2020-04-28;104.451;-0.256;-1.205;-2.769
2020-04-29;104.571;-0.277;-1.538;-3.04
2020-04-30;105.029;-0.353;-2.362;-3.96
2020-05-04;104.957;-0.342;-3.041;-4.711
2020-05-05;105.046;-0.357;-3.5;-5.054
2020-05-06;104.834;-0.322;-3.116;-4.853
2020-05-07;104.915;-0.337;-3.236;-5.12
2020-05-08;104.885;-0.332;-4.011;-5.601
2020-05-11;104.844;-0.326;-4.085;-5.603
2020-05-12;104.882;-0.332;-3.659;-5.178
2020-05-13;104.954;-0.345;-4.224;-5.774
2020-05-14;105.016;-0.356;-4.836;-6.368
2020-05-15;104.961;-0.347;-5.053;-6.614
2020-05-18;104.842;-0.328;-5.534;-7.064
2020-05-19;104.816;-0.324;-5.365;-6.875
2020-05-20;104.835;-0.327;-5.626;-7.147
2020-05-21;104.925;-0.344;-5.854;-7.31
2020-05-22;104.931;-0.345;-6.288;-7.625
2020-05-25;104.944;-0.348;-6.57;-7.941
2020-05-26;104.791;-0.322;-6.684;-8.158
2020-05-27;104.822;-0.328;-7.338;-8.665
2020-05-28;104.864;-0.336;-7.22;-8.606
2020-05-29;105.012;-0.361;-7.788;-9.117
2020-06-01;104.914;-0.345;-8.068;-9.331
2020-06-02;104.932;-0.349;-8.613;-9.766
2020-06-03;104.805;-0.328;-9.202;-10.367
2020-06-04;104.782;-0.325;-9.827;-10.996
2020-06-05;104.756;-0.321;-10.472;-11.524
2020-06-08;104.947;-0.354;-10.747;-11.828
2020-06-09;104.829;-0.334;-10.552;-11.533
2020-06-10;104.841;-0.337;-10.82;-11.803
2020-06-11;105.113;-0.384;-10.467;-11.519
2020-06-12;105.153;-0.391;-9.916;-10.856
2020-06-15;105.111;-0.384;-9.096;-9.978
2020-06-16;105.081;-0.379;-9.163;-10.107
2020-06-17;105.108;-0.384;-8.777;-9.731
2020-06-18;105.213;-0.403;-9.445;-10.325
2020-06-19;105.256;-0.411;-9.619;-10.472
2020-06-22;105.351;-0.427;-9.371;-10.049
2020-06-23;105.269;-0.414;-9.909;-10.427
2020-06-24;105.323;-0.424;-9.776;-10.231
2020-06-25;105.333;-0.427;-9.35;-9.931
2020-06-26;105.417;-0.441;-9.515;-10.046
2020-06-29;105.371;-0.434;-9.474;-10.01
2020-06-30;105.379;-0.436;-9.8;-10.189
2020-07-01;105.223;-0.41;-9.574;-10.087
2020-07-02;105.351;-0.433;-9.636;-10.134
2020-07-03;105.327;-0.429;-9.638;-10.03
2020-07-06;105.332;-0.43;-9.607;-10.025
2020-07-07;105.303;-0.426;-10.023;-10.387
2020-07-08;105.3;-0.426;-10.103;-10.365
2020-07-09;105.374;-0.44;-10.054;-10.22
2020-07-10;105.393;-0.443;-9.854;-10.026
2020-07-13;105.221;-0.415;-10.21;-10.321
2020-07-14;105.291;-0.427;-9.885;-9.97
2020-07-15;105.332;-0.434;-9.84;-9.907
2020-07-16;105.412;-0.449;-9.936;-9.931
2020-07-17;105.32;-0.434;-9.82;-9.815
2020-07-20;105.397;-0.448;-9.657;-9.673
2020-07-21;105.453;-0.458;-9.895;-9.883
2020-07-22;105.539;-0.473;-9.933;-9.933
2020-07-23;105.487;-0.465;-10.054;-9.897
2020-07-24;105.35;-0.442;-9.832;-9.659
2020-07-27;105.463;-0.462;-9.928;-9.756
2020-07-28;105.536;-0.475;-9.795;-9.66
2020-07-29;105.451;-0.461;-9.898;-9.699
2020-07-30;105.545;-0.478;-8.642;-8.464
2020-07-31;105.423;-0.458;-7.609;-7.442
2020-08-03;105.414;-0.457;-7.679;-7.457
2020-08-04;105.515;-0.475;-7.312;-7.102
2020-08-05;105.336;-0.444;-7.765;-7.565
2020-08-06;105.399;-0.457;-7.47;-7.289
2020-08-07;105.301;-0.44;-7.481;-7.299
2020-08-10;105.393;-0.457;-6.887;-6.716
2020-08-11;105.221;-0.427;-6.78;-6.594
2020-08-12;105.141;-0.414;-6.438;-6.267
2020-08-13;105.01;-0.393;-6.819;-6.639
2020-08-14;105.047;-0.4;-7.1;-6.925
2020-08-17;105.146;-0.417;-6.442;-6.276
2020-08-18;105.187;-0.425;-6.346;-6.16
2020-08-19;105.234;-0.433;-6.311;-6.127
2020-08-20;105.3;-0.446;-6.508;-6.347
2020-08-21;105.35;-0.455;-6.497;-6.336
2020-08-24;105.291;-0.445;-6.162;-6.02
2020-08-25;105.135;-0.419;-6.141;-6.015
2020-08-26;105.076;-0.409;-6.293;-6.17
2020-08-27;105.028;-0.402;-6.263;-6.157
2020-08-28;105.076;-0.411;-6.71;-6.599
2020-08-31;105.038;-0.405;-6.155;-6.063
2020-09-01;105.147;-0.424;-6.23;-6.187
2020-09-02;105.316;-0.454;-6.19;-6.052
2020-09-03;105.362;-0.463;-6.187;-6.018
2020-09-04;105.295;-0.452;-6.297;-6.166
2020-09-07;105.338;-0.46;-6.764;-6.546
2020-09-08;105.427;-0.476;-6.62;-6.404
2020-09-09;105.279;-0.451;-6.461;-6.214
2020-09-10;105.17;-0.433;-6.131;-5.936
2020-09-11;105.35;-0.465;-6.364;-6.171
2020-09-14;105.355;-0.466;-6.768;-6.551
2020-09-15;105.343;-0.465;-6.634;-6.434
2020-09-16;105.339;-0.465;-6.763;-6.541
2020-09-17;105.4;-0.477;-6.541;-6.308
2020-09-18;105.37;-0.472;-6.524;-6.253
2020-09-21;105.493;-0.494;-7.105;-6.825
2020-09-22;105.429;-0.483;-6.589;-6.272
2020-09-23;105.411;-0.481;-6.81;-6.54
2020-09-24;105.367;-0.474;-6.843;-6.575
2020-09-25;105.438;-0.487;-7.102;-6.865
2020-09-28;105.417;-0.484;-7.123;-6.811
2020-09-29;105.459;-0.492;-7.071;-6.768
2020-09-30;105.395;-0.481;-7.07;-6.673
2020-10-01;105.437;-0.49;-7.172;-6.812
2020-10-02;105.457;-0.494;-7.182;-6.887
2020-10-05;105.398;-0.484;-7.332;-6.884
2020-10-06;105.395;-0.484;-7.345;-7.055
2020-10-07;105.385;-0.483;-7.247;-6.854
2020-10-08;105.461;-0.498;-7.669;-7.287
2020-10-09;105.491;-0.504;-7.753;-7.409
2020-10-12;105.542;-0.513;-8.272;-7.922
2020-10-13;105.602;-0.524;-8.311;-7.935
2020-10-14;105.687;-0.54;-8.728;-8.278
2020-10-15;105.731;-0.549;-8.623;-8.156
2020-10-16;105.757;-0.554;-8.52;-8.023
2020-10-19;105.802;-0.563;-8.831;-8.316
2020-10-20;105.737;-0.552;-10.264;-9.728
2020-10-21;105.743;-0.553;-10.714;-10.146
2020-10-22;105.701;-0.548;-10.883;-10.343
2020-10-23;105.708;-0.549;-10.888;-10.363
2020-10-26;105.732;-0.554;-11.446;-10.904
2020-10-27;105.856;-0.577;-11.501;-10.847
2020-10-28;105.862;-0.578;-11.617;-10.972
2020-10-29;105.878;-0.583;-11.17;-10.57
2020-10-30;105.881;-0.584;-11.15;-10.486
2020-11-02;105.863;-0.581;-11.105;-10.515
2020-11-03;105.793;-0.569;-11.054;-10.495
2020-11-04;105.863;-0.582;-11.34;-10.733
2020-11-05;105.866;-0.584;-11.37;-10.781
2020-11-06;105.851;-0.582;-11.17;-10.635
2020-11-09;105.553;-0.529;-11.323;-10.711
2020-11-10;105.459;-0.513;-11.067;-10.574
2020-11-11;105.513;-0.523;-11.062;-10.539
2020-11-12;105.586;-0.538;-10.94;-10.447
2020-11-13;105.626;-0.546;-11.104;-10.626
2020-11-16;105.604;-0.542;-11.262;-10.766
2020-11-17;105.648;-0.551;-11.243;-10.769
2020-11-18;105.626;-0.547;-11.462;-10.973
2020-11-19;105.666;-0.556;-11.168;-10.682
2020-11-20;105.719;-0.566;-11.183;-10.753
2020-11-23;105.688;-0.561;-11.537;-11.082
2020-11-24;105.627;-0.551;-11.624;-11.115
2020-11-25;105.649;-0.555;-11.518;-11.065
2020-11-26;105.7;-0.566;-11.865;-11.449
2020-11-27;105.712;-0.569;-12.011;-11.558
2020-11-30;105.694;-0.566;-11.994;-11.544
2020-12-01;105.618;-0.553;-12.265;-11.855
2020-12-02;105.605;-0.551;-11.936;-11.531
2020-12-03;105.667;-0.564;-11.958;-11.455
2020-12-04;105.673;-0.566;-11.982;-11.61
2020-12-07;105.757;-0.581;-11.86;-11.469
2020-12-08;105.82;-0.593;-12.011;-11.601
2020-12-09;105.832;-0.596;-12.061;-11.606
2020-12-10;105.827;-0.597;-12.434;-11.933
2020-12-11;105.901;-0.611;-12.181;-11.692
2020-12-14;105.873;-0.606;-12.173;-11.694
2020-12-15;105.839;-0.601;-11.987;-11.563
2020-12-16;105.689;-0.574;-11.883;-11.332
2020-12-17;105.695;-0.577;-12.064;-11.6
2020-12-18;105.653;-0.57;-11.876;-11.384
2020-12-21;105.652;-0.57;-11.925;-11.435
2020-12-22;105.663;-0.573;-12.381;-11.842
2020-12-23;105.513;-0.547;-11.747;-11.192
2020-12-24;105.512;-0.548;-12.09;-11.554
2020-12-28;105.572;-0.559;-11.993;-11.469
2020-12-29;105.605;-0.566;-11.728;-11.229
2020-12-30;105.624;-0.572;-12.146;-11.7
2020-12-31;105.624;-0.572;-12.21;-11.699
2021-01-04;105.748;-0.596;-11.907;-11.43
2021-01-05;105.709;-0.589;-12.147;-11.712
2021-01-06;105.635;-0.576;-12.173;-11.702
2021-01-07;105.606;-0.572;-12.485;-12.069
2021-01-08;105.613;-0.574;-13.088;-12.583
2021-01-11;105.558;-0.564;-13.468;-13.016
2021-01-12;105.437;-0.543;-13.378;-12.864
2021-01-13;105.585;-0.571;-13.296;-12.782
2021-01-14;105.643;-0.583;-12.976;-12.533
2021-01-15;105.624;-0.58;-13.067;-12.588
2021-01-18;105.602;-0.577;-13.203;-12.708
2021-01-19;105.566;-0.57;-13.295;-12.84
2021-01-20;105.545;-0.567;-12.989;-12.49
2021-01-21;105.434;-0.548;-13.147;-12.675
2021-01-22;105.483;-0.558;-13.108;-12.632
2021-01-25;105.574;-0.575;-13.175;-12.779
2021-01-26;105.515;-0.565;-13.287;-12.812
2021-01-27;105.583;-0.578;-13.076;-12.736
2021-01-28;105.565;-0.576;-13.294;-12.918
2021-01-29;105.506;-0.566;-12.9;-12.55
2021-02-01;105.494;-0.564;-13.126;-12.777
2021-02-02;105.435;-0.554;-13.105;-12.746
2021-02-03;105.343;-0.537;-13.105;-12.795
2021-02-04;105.304;-0.531;-12.811;-12.493
2021-02-05;105.263;-0.524;-13.188;-12.858
2021-02-08;105.251;-0.522;-12.906;-12.591
2021-02-09;105.284;-0.529;-13.173;-12.84
2021-02-10;105.272;-0.527;-12.916;-12.623
2021-02-11;105.307;-0.536;-13.01;-12.726
2021-02-12;105.219;-0.52;-12.894;-12.624
2021-02-15;105.095;-0.497;-12.898;-12.642
2021-02-16;105.005;-0.48;-13.119;-12.858
2021-02-17;105.073;-0.494;-12.962;-12.702
2021-02-18;104.973;-0.476;-12.882;-12.647
2021-02-19;104.855;-0.454;-12.631;-12.412
2021-02-22;104.942;-0.471;-12.609;-12.39
2021-02-23;104.9;-0.464;-12.904;-12.683
2021-02-24;104.887;-0.462;-12.962;-12.744
2021-02-25;104.536;-0.396;-13.849;-13.685
2021-02-26;104.666;-0.421;-12.339;-12.186
2021-03-01;104.919;-0.47;-12.351;-12.254
2021-03-02;104.999;-0.486;-12.723;-12.534
2021-03-03;104.817;-0.452;-12.537;-12.353
2021-03-04;104.828;-0.456;-13.237;-13.036
2021-03-05;104.814;-0.453;-12.209;-12.054
2021-03-08;104.695;-0.431;-12.483;-12.334
2021-03-09;104.743;-0.441;-12.609;-12.415
2021-03-10;104.792;-0.451;-12.538;-12.313
2021-03-11;104.841;-0.462;-12.428;-12.299
2021-03-12;104.763;-0.447;-12.437;-12.284
2021-03-15;104.873;-0.469;-12.73;-12.564
2021-03-16;104.906;-0.476;-12.767;-12.529
2021-03-17;104.767;-0.45;-12.17;-11.927
2021-03-18;104.715;-0.441;-12.586;-12.386
2021-03-19;104.806;-0.459;-12.801;-12.644
2021-03-22;104.836;-0.465;-12.733;-12.543
2021-03-23;104.891;-0.477;-12.761;-12.558
2021-03-24;104.941;-0.487;-12.527;-12.355
2021-03-25;105.0;-0.5;-12.831;-12.691
2021-03-26;104.911;-0.483;-12.7;-12.554
2021-03-29;104.839;-0.47;-12.596;-12.432
2021-03-30;104.753;-0.454;-12.587;-12.354
2021-03-31;104.719;-0.45;-12.666;-12.585
2021-04-01;104.829;-0.472;-12.816;-12.667
2021-04-06;104.819;-0.47;-12.733;-12.537
2021-04-07;104.864;-0.479;-12.883;-12.717
2021-04-08;104.899;-0.488;-12.655;-12.471
2021-04-09;104.769;-0.463;-12.739;-12.524
2021-04-12;104.748;-0.459;-12.589;-12.434
2021-04-13;104.746;-0.46;-12.614;-7.379
2021-04-14;104.607;-0.433;-12.621;-12.529
2021-04-15;104.731;-0.459;-12.061;-11.934
2021-04-16;104.633;-0.44;-12.101;-12.009
2021-04-19;104.536;-0.421;-12.633;-12.528
2021-04-20;104.611;-0.437;-12.497;-12.347
2021-04-21;104.623;-0.439;-12.465;-12.312
2021-04-22;104.575;-0.432;-12.049;-11.912
2021-04-23;104.578;-0.433;-12.641;-12.479
2021-04-26;104.54;-0.426;-12.485;-12.349
2021-04-27;104.514;-0.421;-12.575;-12.395
2021-04-28;104.461;-0.411;-12.345;-12.178
2021-04-29;104.345;-0.389;-12.608;-12.426
2021-04-30;104.405;-0.402;-12.52;-12.298
2021-05-03;104.4;-0.401;-12.551;-12.365
2021-05-04;104.521;-0.426;-12.776;-12.647
2021-05-05;104.496;-0.421;-12.294;-12.114
2021-05-06;104.475;-0.419;-12.066;-12.0
2021-05-07;104.417;-0.408;-12.67;-12.514
2021-05-10;104.405;-0.406;-12.24;-12.15
2021-05-11;104.272;-0.38;-11.921;-11.767
2021-05-12;104.152;-0.356;-11.375;-11.292
2021-05-13;104.133;-0.354;-10.861;-10.77
2021-05-14;104.119;-0.351;-10.189;-10.17
2021-05-17;104.074;-0.343;-9.872;-9.706
2021-05-18;103.974;-0.323;-9.125;-9.043
2021-05-19;103.921;-0.313;-8.064;-7.953
2021-05-20;103.878;-0.305;-7.428;-7.323
2021-05-21;103.983;-0.327;-7.415;-7.321
2021-05-24;104.011;-0.333;-7.398;-7.362
2021-05-25;104.092;-0.35;-7.547;-7.508
2021-05-26;104.184;-0.369;-7.524;-7.514
2021-05-27;104.073;-0.348;-7.876;-7.815
2021-05-28;104.121;-0.358;-7.857;-7.844
2021-05-31;104.125;-0.36;-7.791;-7.736
2021-06-01;104.137;-0.363;-7.876;-7.776
2021-06-02;104.19;-0.374;-8.119;-8.024
2021-06-03;104.138;-0.365;-8.045;-7.928
2021-06-04;104.182;-0.374;-7.696;-7.62
2021-06-07;104.149;-0.368;-8.265;-8.146
2021-06-08;104.178;-0.375;-7.789;-7.637
2021-06-09;104.25;-0.39;-7.941;-7.791
2021-06-10;104.278;-0.397;-8.014;-7.857
2021-06-11;104.307;-0.403;-7.926;-7.726
2021-06-14;104.234;-0.389;-8.051;-7.886
2021-06-15;104.203;-0.383;-8.285;-8.079
2021-06-16;104.224;-0.388;-7.974;-7.813
2021-06-17;104.146;-0.373;-7.947;-7.859
2021-06-18;104.094;-0.363;-8.141;-8.046
2021-06-21;104.007;-0.346;-8.116;-8.022
2021-06-22;104.018;-0.349;-8.046;-7.95
2021-06-23;104.056;-0.357;-8.329;-8.231
2021-06-24;104.043;-0.356;-8.218;-8.142
2021-06-25;103.967;-0.341;-8.106;-7.991
2021-06-28;104.012;-0.35;-7.962;-7.876
2021-06-29;103.968;-0.342;-7.979;-7.873
2021-06-30;104.059;-0.361;-8.025;-7.883
2021-07-01;104.06;-0.363;-8.001;-7.895
2021-07-02;104.142;-0.38;-7.668;-7.61
2021-07-05;104.078;-0.367;-8.169;-8.072
2021-07-06;104.21;-0.395;-8.142;-8.058
2021-07-07;104.283;-0.411;-8.204;-8.119
2021-07-08;104.29;-0.414;-8.11;-7.995
2021-07-09;104.252;-0.407;-8.187;-8.086
2021-07-12;104.242;-0.405;-8.16;-8.077
2021-07-13;104.221;-0.401;-8.314;-8.191
2021-07-14;104.271;-0.412;-8.466;-8.345
2021-07-15;104.287;-0.417;-8.542;-8.419
2021-07-16;104.307;-0.422;-8.462;-8.312
2021-07-19;104.375;-0.437;-8.346;-8.207
2021-07-20;104.429;-0.448;-8.721;-8.47
2021-07-21;104.376;-0.438;-8.838;-8.658
2021-07-22;104.466;-0.458;-8.944;-8.752
2021-07-23;104.487;-0.463;-9.234;-9.045
2021-07-26;104.471;-0.461;-9.424;-9.229
2021-07-27;104.516;-0.471;-9.325;-9.07
2021-07-28;104.509;-0.47;-9.368;-9.119
2021-07-29;104.532;-0.476;-9.742;-9.503
2021-07-30;104.575;-0.486;-10.233;-10.045
2021-08-02;104.657;-0.504;-10.448;-10.235
2021-08-03;104.664;-0.506;-10.364;-10.148
2021-08-04;104.689;-0.511;-10.559;-10.315
2021-08-05;104.657;-0.507;-10.37;-10.16
2021-08-06;104.553;-0.485;-10.265;-10.09
2021-08-09;104.578;-0.491;-10.492;-10.284
2021-08-10;104.578;-0.492;-10.705;-10.479
2021-08-11;104.614;-0.5;-10.964;-10.725
2021-08-12;104.578;-0.494;-10.649;-10.465
2021-08-13;104.593;-0.498;-10.515;-10.329
2021-08-16;104.596;-0.499;-10.787;-10.595
2021-08-17;104.588;-0.498;-10.664;-10.49
2021-08-18;104.606;-0.502;-10.865;-10.673
2021-08-19;104.618;-0.507;-10.519;-10.339
2021-08-20;104.622;-0.508;-10.659;-10.487
2021-08-23;104.61;-0.506;-10.695;-10.529
2021-08-24;104.598;-0.504;-10.749;-10.59
2021-08-25;104.5;-0.484;-10.422;-10.274
2021-08-26;104.452;-0.475;-10.218;-10.076
2021-08-27;104.48;-0.482;-10.646;-10.502
2021-08-30;104.501;-0.487;-10.486;-10.346
2021-08-31;104.389;-0.464;-10.474;-10.342
2021-09-01;104.374;-0.461;-10.571;-10.451
2021-09-02;104.397;-0.468;-10.437;-10.334
2021-09-03;104.334;-0.455;-10.528;-10.432
2021-09-06;104.319;-0.452;-10.677;-10.569
2021-09-07;104.218;-0.431;-10.735;-10.656
2021-09-08;104.202;-0.428;-10.717;-10.64
2021-09-09;104.292;-0.449;-10.967;-10.849
2021-09-10;104.202;-0.43;-10.935;-10.854
2021-09-13;104.195;-0.429;-11.067;-10.99
2021-09-14;104.221;-0.436;-11.075;-10.93
2021-09-15;104.149;-0.421;-11.16;-11.014
2021-09-16;104.112;-0.414;-10.988;-10.908
2021-09-17;104.034;-0.398;-10.976;-10.814
2021-09-20;104.095;-0.412;-11.357;-11.154
2021-09-21;104.094;-0.412;-11.397;-11.201
2021-09-22;104.09;-0.412;-11.07;-11.02
2021-09-23;103.899;-0.372;-11.528;-11.405
2021-09-24;103.849;-0.361;-11.501;-11.487
2021-09-27;103.819;-0.355;-11.544;-11.53
2021-09-28;103.77;-0.345;-11.756;-11.663
2021-09-29;103.808;-0.354;-12.279;-12.224
2021-09-30;103.808;-0.356;-11.4;-11.37
2021-10-01;103.878;-0.371;-11.674;-11.609
2021-10-04;103.876;-0.371;-11.738;-11.625
2021-10-05;103.8;-0.355;-12.142;-12.038
2021-10-06;103.768;-0.349;-12.291;-12.119
2021-10-07;103.762;-0.349;-11.934;-11.914
2021-10-08;103.631;-0.321;-12.445;-12.496
2021-10-11;103.505;-0.293;-13.124;-13.112
2021-10-12;103.374;-0.265;-13.129;-13.102
2021-10-13;103.435;-0.279;-13.451;-13.436
2021-10-14;103.678;-0.334;-13.293;-13.307
2021-10-15;103.587;-0.314;-13.373;-13.371
2021-10-18;103.304;-0.252;-13.935;-13.863
2021-10-19;103.257;-0.242;-14.057;-14.072
2021-10-20;103.423;-0.279;-14.186;-14.1
2021-10-21;103.192;-0.229;-13.816;-13.793
2021-10-22;103.146;-0.219;-13.491;-13.413
2021-10-25;103.237;-0.24;-14.57;-14.482
2021-10-26;103.21;-0.235;-14.465;-14.394
2021-10-27;103.254;-0.245;-15.025;-14.891
2021-10-28;103.078;-0.207;-14.907;-14.917
2021-10-29;102.831;-0.151;-15.304;-15.391
2021-11-01;102.893;-0.166;-13.503;-13.532
2021-11-02;103.247;-0.246;-14.893;-14.961
2021-11-03;103.233;-0.243;-15.606;-15.675
2021-11-04;103.637;-0.336;-15.401;-15.282
2021-11-05;103.705;-0.352;-15.814;-15.798
2021-11-08;103.568;-0.321;-15.512;-15.431
2021-11-09;103.666;-0.344;-15.84;-15.732
2021-11-10;103.337;-0.27;-16.587;-16.57
2021-11-11;103.182;-0.237;-16.75;-16.82
2021-11-12;103.397;-0.286;-17.477;-17.521
2021-11-15;103.367;-0.279;-16.934;-16.892
2021-11-16;103.411;-0.29;-17.746;-17.709
2021-11-17;103.478;-0.306;-17.818;-17.658
2021-11-18;103.524;-0.318;-18.068;-18.006
2021-11-19;103.708;-0.36;-18.185;-18.133
2021-11-22;103.606;-0.337;-18.225;-18.106
2021-11-23;103.437;-0.299;-18.644;-18.56
2021-11-24;103.45;-0.303;-18.59;-18.36
2021-11-25;103.489;-0.313;-18.397;-18.205
2021-11-26;103.768;-0.377;-18.36;-18.241
2021-11-29;103.658;-0.353;-18.571;-18.388
2021-11-30;103.638;-0.349;-18.402;-18.222
2021-12-01;103.602;-0.341;-18.379;-18.108
2021-12-02;103.671;-0.359;-18.733;-18.551
2021-12-03;103.703;-0.366;-18.451;-18.256
2021-12-06;103.684;-0.363;-18.92;-18.607
2021-12-07;103.618;-0.348;-18.935;-18.705
2021-12-08;103.498;-0.321;-19.046;-18.81
2021-12-09;103.633;-0.354;-18.813;-18.537
2021-12-10;103.62;-0.351;-18.748;-18.556
2021-12-13;103.681;-0.366;-18.821;-18.504
2021-12-14;103.632;-0.355;-19.289;-18.931
2021-12-15;103.553;-0.337;-19.318;-18.983
2021-12-16;103.591;-0.348;-19.382;-19.124
2021-12-17;103.665;-0.365;-19.277;-19.029
2021-12-20;103.634;-0.359;-19.392;-19.112
2021-12-21;103.471;-0.322;-19.437;-19.148
2021-12-22;103.364;-0.297;-19.438;-19.171
2021-12-23;103.244;-0.271;-18.929;-18.869
2021-12-24;103.242;-0.271;-19.006;-18.856
2021-12-27;103.153;-0.251;-19.191;-19.112
2021-12-28;103.123;-0.244;-19.096;-18.923
2021-12-29;103.037;-0.225;-19.033;-18.917
2021-12-30;103.036;-0.226;-18.63;-18.596
2021-12-31;103.04;-0.227;-18.734;-18.688
2022-01-03;102.927;-0.201;-18.949;-18.883
2022-01-04;102.943;-0.205;-18.999;-19.009
2022-01-05;102.978;-0.214;-18.85;-18.708
2022-01-06;102.871;-0.19;-18.833;-18.915
2022-01-07;102.806;-0.175;-18.93;-19.021
2022-01-10;102.762;-0.165;-18.545;-18.631
2022-01-11;102.681;-0.146;-18.806;-18.872
2022-01-12;102.783;-0.171;-18.567;-18.772
2022-01-13;102.852;-0.189;-18.366;-18.446
2022-01-14;102.677;-0.148;-18.97;-19.085
2022-01-17;102.605;-0.131;-18.811;-18.894
2022-01-18;102.607;-0.132;-19.292;-19.358
2022-01-19;102.608;-0.132;-18.77;-18.821
2022-01-20;102.605;-0.133;-18.538;-18.616
2022-01-21;102.672;-0.149;-18.467;-18.617
2022-01-24;102.741;-0.166;-18.47;-18.522
2022-01-25;102.674;-0.151;-18.683;-18.701
2022-01-26;102.642;-0.144;-18.774;-18.841
2022-01-27;102.489;-0.108;-18.476;-18.62
2022-01-28;102.39;-0.085;-19.148;-19.287
2022-01-31;102.096;-0.014;-18.916;-19.065
2022-02-01;102.032;0.001;-18.461;-18.661
2022-02-02;101.917;0.029;-18.974;-19.189
2022-02-03;101.346;0.167;-19.39;-19.643
2022-02-04;100.92;0.272;-18.419;-18.793
2022-02-07;100.841;0.291;-18.65;-19.09
2022-02-08;100.678;0.331;-18.898;-19.335
2022-02-09;100.851;0.288;-18.79;-19.282
2022-02-10;100.425;0.394;-18.615;-18.96
2022-02-11;100.411;0.397;-20.136;-20.491
2022-02-14;100.393;0.402;-19.503;-19.999
2022-02-15;100.526;0.368;-19.436;-19.866
2022-02-16;100.702;0.325;-20.869;-21.245
2022-02-17;100.918;0.27;-21.439;-21.77
2022-02-18;101.043;0.239;-21.461;-21.695
2022-02-21;100.975;0.256;-22.222;-22.497
2022-02-22;100.774;0.306;-21.804;-22.078
2022-02-23;100.678;0.33;-22.461;-22.78
2022-02-24;100.942;0.263;-22.089;-22.37
2022-02-25;100.75;0.311;-22.441;-22.752
2022-02-28;101.325;0.167;-21.024;-21.254
2022-03-01;102.021;-0.006;-23.891;-24.005
2022-03-02;101.606;0.097;-23.598;-23.694
2022-03-03;101.593;0.099;-25.86;-26.206
2022-03-04;101.761;0.057;-23.298;-23.644
2022-03-07;101.706;0.071;-24.834;-25.507
2022-03-08;101.423;0.141;-25.302;-26.141
2022-03-09;101.212;0.194;-23.848;-24.952
2022-03-10;100.725;0.316;-24.063;-25.211
2022-03-11;100.617;0.343;-23.371;-24.62
2022-03-14;100.357;0.409;-23.978;-25.305
2022-03-15;100.508;0.37;-24.175;-25.509
2022-03-16;100.387;0.401;-24.979;-26.494
2022-03-17;100.514;0.369;-24.395;-25.6
2022-03-18;100.509;0.37;-24.271;-25.788
2022-03-21;100.233;0.44;-24.429;-25.896
2022-03-22;100.031;0.492;-24.243;-25.739
2022-03-23;100.143;0.463;-23.932;-25.181
2022-03-24;99.828;0.544;-23.64;-25.108
2022-03-25;99.513;0.626;-23.567;-25.422
2022-03-28;99.452;0.642;-23.128;-24.658
2022-03-29;99.15;0.721;-23.404;-24.926
2022-03-30;98.926;0.779;-22.923;-24.642
2022-03-31;99.316;0.678;-21.726;-23.33
2022-04-01;99.283;0.687;-22.842;-24.113
2022-04-04;99.336;0.673;-23.32;-24.984
2022-04-05;98.957;0.772;-22.989;-24.441
2022-04-06;98.938;0.778;-22.569;-24.001
2022-04-07;98.813;0.811;-22.453;-23.987
2022-04-08;98.53;0.886;-23.078;-25.015
2022-04-11;98.249;0.961;-21.713;-23.74
2022-04-12;98.454;0.907;-22.643;-24.73
2022-04-13;98.496;0.897;-23.333;-25.354
2022-04-14;98.453;0.909;-23.655;-26.048
2022-04-19;98.374;0.93;-24.639;-26.706
2022-04-20;98.522;0.891;-25.685;-27.078
2022-04-21;98.118;1.0;-25.595;-27.85
2022-04-22;97.812;1.083;-24.149;-26.36
2022-04-25;98.332;0.944;-25.481;-28.186
2022-04-26;98.384;0.93;-26.02;-28.442
2022-04-27;98.505;0.898;-26.259;-28.139
2022-04-28;98.105;1.006;-25.846;-27.934
2022-04-29;97.91;1.06;-26.184;-28.273
2022-05-02;97.873;1.07;-26.298;-28.337
2022-05-03;97.784;1.095;-26.94;-29.216
2022-05-04;97.812;1.087;-28.068;-30.207
2022-05-05;97.732;1.111;-27.624;-29.984
2022-05-06;97.402;1.201;-27.931;-30.041
2022-05-09;97.616;1.143;-28.493;-30.631
2022-05-10;97.913;1.062;-28.687;-30.708
2022-05-11;98.149;0.998;-28.047;-29.395
2022-05-12;98.721;0.844;-29.14;-30.995
2022-05-13;98.647;0.864;-29.413;-31.285
2022-05-16;98.614;0.873;-30.122;-32.014
2022-05-17;98.22;0.981;-28.158;-29.792
2022-05-18;98.185;0.991;-28.698;-30.789
2022-05-19;98.194;0.99;-28.45;-30.608
2022-05-20;98.399;0.934;-27.518;-29.787
2022-05-23;98.162;0.999;-28.56;-30.526
2022-05-24;98.349;0.948;-27.65;-29.542
2022-05-25;98.403;0.934;-28.823;-31.302
2022-05-26;98.332;0.954;-28.764;-30.846
2022-05-27;98.355;0.948;-29.214;-31.167
2022-05-30;98.08;1.024;-29.269;-30.932
2022-05-31;97.824;1.096;-27.822;-29.916
2022-06-01;97.584;1.163;-27.877;-30.0
2022-06-02;97.328;1.236;-28.284;-30.516
2022-06-03;97.136;1.29;-28.174;-30.302
2022-06-06;97.048;1.316;-28.597;-30.614
2022-06-07;97.09;1.304;-27.222;-29.924
2022-06-08;96.941;1.347;-27.54;-29.618
2022-06-09;96.506;1.472;-27.747;-29.975
2022-06-10;96.031;1.609;-25.555;-27.759
2022-06-13;95.212;1.846;-24.588;-26.013
2022-06-14;94.596;2.027;-25.18;-27.074
2022-06-15;95.272;1.831;-22.794;-25.188
2022-06-16;94.998;1.913;-23.941;-25.933
2022-06-17;95.3;1.826;-23.049;-26.079
2022-06-20;95.058;1.898;-25.113;-27.916
2022-06-21;95.039;1.905;-24.496;-27.265
2022-06-22;95.42;1.794;-24.195;-26.954
2022-06-23;96.354;1.526;-22.969;-25.833
2022-06-24;96.428;1.506;-23.892;-26.358
2022-06-27;96.026;1.623;-25.003;-27.309
2022-06-28;95.83;1.681;-24.406;-26.757
2022-06-29;96.194;1.576;-25.366;-27.748
2022-06-30;96.882;1.379;-23.786;-26.714
2022-07-01;97.382;1.236;-22.948;-26.097
2022-07-04;96.967;1.356;-23.729;-26.762
2022-07-05;97.435;1.222;-23.71;-26.182
2022-07-06;97.637;1.165;-24.723;-27.05
2022-07-07;97.116;1.316;-24.861;-25.741
2022-07-08;97.16;1.304;-24.386;-26.309
2022-07-11;97.429;1.227;-23.781;-25.979
2022-07-12;97.72;1.144;-23.415;-26.184
2022-07-13;97.535;1.198;-23.512;-25.394
2022-07-14;97.382;1.243;-24.835;-26.281
2022-07-15;97.396;1.24;-21.47;-23.676
2022-07-18;97.246;1.284;-23.503;-25.143
2022-07-19;96.871;1.394;-23.262;-24.562
2022-07-20;96.996;1.358;-23.689;-25.927
2022-07-21;96.904;1.387;-24.18;-25.521
2022-07-22;97.642;1.173;-21.994;-25.053
2022-07-25;97.818;1.122;-23.079;-25.46
2022-07-26;98.049;1.056;-22.906;-25.005
2022-07-27;97.792;1.131;-23.721;-25.003
2022-07-28;98.333;0.975;-23.835;-26.33
2022-07-29;98.316;0.981;-22.762;-25.204
2022-08-01;98.357;0.969;-23.991;-26.329
2022-08-02;98.128;1.036;-22.769;-24.873
2022-08-03;97.953;1.087;-23.791;-25.881
2022-08-04;98.124;1.039;-23.111;-25.166
2022-08-05;97.588;1.196;-24.836;-26.393
2022-08-08;97.685;1.168;-23.302;-25.286
2022-08-09;97.591;1.196;-24.016;-25.884
2022-08-10;97.682;1.17;-23.424;-25.586
2022-08-11;97.549;1.21;-24.074;-25.947
2022-08-12;97.41;1.252;-23.572;-25.462
2022-08-15;97.682;1.172;-23.856;-25.569
2022-08-16;97.54;1.215;-23.637;-25.212
2022-08-17;97.024;1.368;-24.139;-25.556
2022-08-18;96.895;1.409;-24.566;-26.098
2022-08-19;96.486;1.532;-24.408;-25.985
2022-08-22;96.032;1.67;-24.782;-26.487
2022-08-23;96.072;1.658;-24.244;-25.95
2022-08-24;95.858;1.724;-25.061;-26.667
2022-08-25;96.101;1.653;-24.591;-26.063
2022-08-26;95.736;1.765;-25.625;-27.075
2022-08-29;95.266;1.91;-25.115;-26.503
2022-08-30;95.162;1.943;-23.906;-25.303
2022-08-31;95.086;1.968;-24.448;-25.773
2022-09-01;95.166;1.947;-24.123;-25.85
2022-09-02;95.355;1.889;-22.637;-25.059
2022-09-05;95.05;1.985;-24.411;-26.874
2022-09-06;94.967;2.012;-23.22;-26.214
2022-09-07;95.158;1.954;-22.745;-25.966
2022-09-08;94.88;2.044;-24.311;-27.405
2022-09-09;94.896;2.04;-22.546;-26.762
2022-09-12;94.967;2.019;-21.912;-26.636
2022-09-13;94.592;2.138;-22.122;-27.532
2022-09-14;94.455;2.182;-20.547;-26.245
2022-09-15;94.255;2.249;-20.299;-26.648
2022-09-16;94.343;2.223;-18.614;-25.295
2022-09-19;94.161;2.282;-19.046;-26.664
2022-09-20;93.854;2.381;-20.269;-27.907
2022-09-21;93.645;2.449;-21.317;-29.137
2022-09-22;93.394;2.535;-20.901;-28.6
2022-09-23;92.974;2.672;-20.628;-28.775
2022-09-26;92.675;2.771;-22.824;-31.311
2022-09-27;92.483;2.835;-22.262;-30.864
2022-09-28;92.807;2.732;-21.782;-30.526
2022-09-29;93.04;2.661;-23.095;-30.59
2022-09-30;93.196;2.612;-22.415;-30.487
2022-10-03;93.771;2.427;-22.679;-29.802
2022-10-04;94.024;2.347;-24.386;-30.911
2022-10-05;93.604;2.485;-24.895;-30.57
2022-10-06;93.187;2.625;-25.072;-31.83
2022-10-07;92.873;2.73;-24.301;-31.874
2022-10-10;92.669;2.799;-23.911;-32.138
2022-10-11;92.853;2.74;-22.65;-31.854
2022-10-12;92.929;2.717;-23.928;-32.387
2022-10-13;92.84;2.752;-23.081;-31.65
2022-10-14;92.808;2.764;-23.823;-32.242
2022-10-17;92.878;2.743;-23.452;-32.103
2022-10-18;92.954;2.719;-22.712;-31.054
2022-10-19;92.71;2.802;-22.602;-31.197
2022-10-20;92.63;2.834;-24.065;-32.723
2022-10-21;92.895;2.748;-21.688;-31.008
2022-10-24;93.08;2.689;-21.316;-30.922
2022-10-25;93.371;2.594;-22.44;-31.384
2022-10-26;93.492;2.556;-21.919;-30.569
2022-10-27;94.033;2.382;-23.714;-32.149
2022-10-28;93.508;2.557;-23.768;-30.764
2022-10-31;93.393;2.597;-23.319;-31.523
2022-11-01;93.398;2.597;-22.469;-31.163
2022-11-02;93.342;2.617;-22.494;-31.176
2022-11-03;93.045;2.722;-21.791;-30.366
2022-11-04;92.954;2.754;-22.132;-31.04
2022-11-07;92.933;2.763;-21.53;-30.923
2022-11-08;93.1;2.709;-21.921;-31.075
2022-11-09;93.429;2.601;-21.405;-30.951
2022-11-10;93.816;2.477;-21.625;-30.334
2022-11-11;93.582;2.556;-21.377;-29.319
2022-11-14;93.629;2.542;-22.031;-30.454
2022-11-15;93.785;2.492;-22.826;-30.421
2022-11-16;93.959;2.435;-23.955;-31.571
2022-11-17;93.819;2.487;-22.745;-29.97
2022-11-18;93.827;2.486;-23.104;-30.877
2022-11-21;93.881;2.47;-23.324;-30.875
2022-11-22;93.947;2.449;-22.914;-30.333
2022-11-23;93.919;2.46;-22.749;-30.388
2022-11-24;94.083;2.41;-22.619;-29.972
2022-11-25;93.847;2.491;-22.111;-29.107
2022-11-28;93.79;2.512;-21.909;-29.511
2022-11-29;93.97;2.453;-22.424;-30.713
2022-11-30;94.01;2.441;-22.705;-30.193
2022-12-01;94.338;2.335;-21.796;-29.084
2022-12-02;94.109;2.414;-23.027;-29.536
2022-12-05;94.038;2.44;-22.544;-29.837
2022-12-06;94.193;2.389;-22.054;-29.462
2022-12-07;94.271;2.364;-22.488;-29.536
2022-12-08;94.191;2.396;-23.497;-30.701
2022-12-09;94.023;2.455;-22.174;-28.994
2022-12-12;93.887;2.503;-23.603;-31.453
2022-12-13;93.992;2.469;-23.097;-30.561
2022-12-14;94.075;2.442;-22.265;-30.242
2022-12-15;93.55;2.628;-24.233;-29.783
2022-12-16;93.318;2.71;-22.82;-29.106
2022-12-19;93.286;2.723;-22.834;-29.365
2022-12-20;93.066;2.801;-22.033;-28.896
2022-12-21;92.941;2.846;-22.013;-28.939
2022-12-22;92.866;2.881;-22.116;-28.789
2022-12-23;92.685;2.947;-22.605;-28.928
2022-12-27;92.498;3.015;-22.624;-28.904
2022-12-28;92.637;2.968;-21.709;-29.341
2022-12-29;92.733;2.94;-23.513;-29.853
2022-12-30;92.514;3.02;-22.633;-27.878
2023-01-02;92.799;2.921;-22.544;-28.908
2023-01-03;92.974;2.861;-22.823;-28.962
2023-01-04;93.255;2.765;-22.805;-29.256
2023-01-05;93.081;2.832;-22.796;-27.848
2023-01-06;93.265;2.769;-23.479;-28.935
2023-01-09;93.28;2.766;-23.656;-29.497
2023-01-10;93.186;2.801;-22.562;-28.162
2023-01-11;93.482;2.698;-21.65;-27.878
2023-01-12;93.613;2.658;-22.445;-27.312
2023-01-13;93.551;2.682;-22.376;-27.84
2023-01-16;93.605;2.664;-22.17;-27.339
2023-01-17;93.857;2.577;-21.741;-27.814
2023-01-18;93.866;2.576;-22.694;-27.831
2023-01-19;93.718;2.634;-23.12;-27.306
2023-01-20;93.522;2.706;-22.173;-26.615
2023-01-23;93.383;2.757;-22.185;-26.96
2023-01-24;93.444;2.737;-22.018;-26.674
2023-01-25;93.486;2.724;-21.292;-25.81
2023-01-26;93.39;2.765;-22.697;-26.196
2023-01-27;93.342;2.784;-22.981;-26.891
2023-01-30;93.135;2.86;-22.676;-26.604
2023-01-31;93.219;2.832;-22.327;-26.621
2023-02-01;93.231;2.83;-22.679;-26.72
2023-02-02;93.772;2.641;-21.717;-25.686
2023-02-03;93.556;2.721;-22.215;-25.578
2023-02-06;93.271;2.826;-22.921;-26.194
2023-02-07;93.179;2.862;-22.258;-25.477
2023-02-08;93.209;2.853;-22.405;-25.676
2023-02-09;93.258;2.841;-23.152;-26.189
2023-02-10;93.09;2.905;-23.514;-26.136
2023-02-13;93.004;2.938;-23.233;-26.266
2023-02-14;92.756;3.032;-23.104;-26.267
2023-02-15;92.694;3.057;-21.211;-24.245
2023-02-16;92.655;3.078;-22.313;-25.035
2023-02-17;92.698;3.064;-22.722;-25.469
2023-02-20;92.658;3.082;-23.139;-25.783
2023-02-21;92.479;3.15;-22.944;-25.557
2023-02-22;92.539;3.131;-23.291;-25.751
2023-02-23;92.574;3.125;-23.506;-25.536
2023-02-24;92.273;3.24;-22.91;-24.867
2023-02-27;92.136;3.293;-23.569;-25.475
2023-02-28;91.971;3.358;-23.124;-24.844
2023-03-01;91.821;3.417;-23.015;-25.142
2023-03-02;91.776;3.442;-21.923;-24.809
2023-03-03;91.891;3.401;-22.479;-24.991
2023-03-06;91.794;3.441;-22.413;-25.146
2023-03-07;91.814;3.436;-21.488;-24.887
2023-03-08;91.774;3.454;-20.644;-24.61
2023-03-09;91.931;3.402;-21.901;-25.784
2023-03-10;92.278;3.273;-20.522;-23.749
2023-03-13;92.774;3.088;-25.214;-26.868
2023-03-14;92.563;3.17;-28.807;-25.285
2023-03-15;93.09;2.974;-26.949;-27.086
2023-03-16;93.088;2.982;-30.104;-26.168
2023-03-17;93.459;2.844;-27.474;-24.795
2023-03-20;93.627;2.783;-28.589;-26.08
2023-03-21;93.273;2.919;-28.755;-25.713
2023-03-22;93.085;2.992;-29.495;-27.133
2023-03-23;93.402;2.879;-26.338;-25.978
2023-03-24;93.646;2.789;-25.676;-26.14
2023-03-27;93.5;2.846;-27.397;-26.931
2023-03-28;93.336;2.911;-25.92;-25.985
2023-03-29;93.285;2.932;-25.985;-26.431
2023-03-30;93.057;3.026;-25.233;-25.562
2023-03-31;93.172;2.984;-25.927;-26.494
2023-04-03;93.287;2.943;-25.688;-26.527
2023-04-04;93.463;2.878;-25.076;-26.273
2023-04-05;93.706;2.797;-25.527;-25.668
2023-04-06;93.661;2.816;-26.236;-26.261
2023-04-11;93.328;2.946;-26.371;-26.834
2023-04-12;93.135;3.022;-25.156;-26.321
2023-04-13;93.205;3.003;-24.299;-26.453
2023-04-14;93.004;3.083;-23.829;-25.98
2023-04-17;92.95;3.106;-23.32;-27.062
2023-04-18;92.864;3.142;-23.721;-27.448
2023-04-19;92.735;3.195;-22.654;-26.371
2023-04-20;92.893;3.141;-22.478;-26.048
2023-04-21;92.853;3.159;-22.415;-25.936
2023-04-24;92.733;3.209;-22.763;-26.825
2023-04-25;93.03;3.095;-24.167;-27.695
2023-04-26;93.074;3.08;-24.102;-27.881
2023-04-27;93.057;3.097;-23.552;-26.496
2023-04-28;93.34;2.988;-23.961;-27.69
2023-05-02;93.488;2.933;-23.373;-27.507
2023-05-03;93.452;2.949;-22.772;-26.444
2023-05-04;93.807;2.817;-23.763;-27.815
2023-05-05;93.642;2.884;-24.605;-26.96
2023-05-08;93.542;2.926;-23.628;-27.108
2023-05-09;93.496;2.946;-23.729;-26.959
2023-05-10;93.666;2.882;-23.89;-27.171
2023-05-11;93.777;2.845;-23.439;-26.343
2023-05-12;93.632;2.904;-24.807;-27.472
2023-05-15;93.645;2.902;-23.594;-26.954
2023-05-16;93.516;2.955;-23.898;-27.061
2023-05-17;93.382;3.011;-23.344;-26.716
2023-05-18;93.23;3.079;-23.745;-26.982
2023-05-19;93.209;3.09;-23.491;-27.05
2023-05-22;93.136;3.122;-22.854;-26.52
2023-05-23;93.094;3.141;-23.117;-26.769
2023-05-24;93.027;3.171;-23.909;-28.016
2023-05-25;92.886;3.236;-22.607;-26.892
2023-05-26;92.83;3.261;-23.0;-26.086
2023-05-29;92.989;3.199;-23.01;-27.338
2023-05-30;93.266;3.09;-22.492;-26.617
2023-05-31;93.438;3.023;-23.071;-26.976
2023-06-01;93.522;2.997;-24.007;-26.95
2023-06-02;93.34;3.073;-23.775;-26.458
2023-06-05;93.202;3.132;-23.487;-26.387
2023-06-06;93.331;3.082;-23.402;-26.043
2023-06-07;93.142;3.161;-23.799;-26.982
2023-06-08;93.247;3.127;-23.34;-26.255
2023-06-09;93.264;3.122;-23.344;-26.656
2023-06-12;93.292;3.113;;
2023-06-13;93.118;3.187;-22.315;-26.668
2023-06-14;93.044;3.221;-23.324;-27.344
2023-06-15;92.825;3.319;-23.1;-26.002
2023-06-16;92.83;3.32;-22.918;-25.859
2023-06-19;92.728;3.365;-22.847;-26.471
2023-06-20;92.867;3.31;-21.598;-25.885
2023-06-21;92.791;3.345;-22.3;-26.099
2023-06-22;92.628;3.422;-22.618;-25.872
2023-06-23;92.882;3.319;-22.562;-26.71
2023-06-26;92.958;3.29;-22.026;-26.16
2023-06-27;92.803;3.357;-21.365;-25.512
2023-06-28;92.895;3.322;-21.376;-26.221
2023-06-29;92.698;3.413;-22.823;-26.06
2023-06-30;92.72;3.407;-23.014;-26.458
2023-07-03;92.584;3.467;-22.744;-26.768
2023-07-04;92.664;3.437;-22.926;-26.56
2023-07-05;92.695;3.427;-23.324;-26.856
2023-07-06;92.483;3.526;-24.804;-27.663
2023-07-07;92.572;3.491;-23.024;-26.467
2023-07-10;92.531;3.512;-23.717;-27.292
2023-07-11;92.51;3.524;-23.118;-26.705
2023-07-12;92.729;3.434;-23.307;-27.248
2023-07-13;92.96;3.344;-23.998;-27.074
2023-07-14;92.866;3.387;-25.312;-28.179
2023-07-17;92.909;3.372;-23.956;-27.698
2023-07-18;93.129;3.281;-23.535;-27.565
2023-07-19;93.1;3.297;-24.546;-27.763
2023-07-20;92.973;3.36;-24.263;-27.632
2023-07-21;93.036;3.336;-25.041;-27.869
2023-07-24;93.197;3.27;-25.451;-29.233
2023-07-25;93.189;3.276;-24.509;-28.219
2023-07-26;93.039;3.344;-25.719;-28.834
2023-07-27;93.178;3.293;-25.429;-28.604
2023-07-28;93.232;3.273;-25.551;-28.659
2023-07-31;93.288;3.251;-25.923;-28.503
2023-08-01;93.256;3.268;-25.483;-28.735
2023-08-02;93.341;3.234;-25.364;-28.55
2023-08-03;93.305;3.259;-26.303;-28.601
2023-08-04;93.308;3.26;-27.075;-29.401
2023-08-07;93.307;3.264;-25.743;-28.549
2023-08-08;93.429;3.214;-25.434;-27.757
2023-08-09;93.391;3.233;-25.347;-27.682
2023-08-10;93.351;3.26;-25.806;-27.667
2023-08-11;93.209;3.325;-26.203;-28.005
2023-08-14;93.165;3.347;-25.094;-27.424
2023-08-15;93.1;3.378;-26.054;-28.272
2023-08-16;93.166;3.353;-26.232;-28.588
2023-08-17;93.14;3.373;-26.584;-28.353
2023-08-18;93.269;3.32;-25.645;-27.499
2023-08-21;93.162;3.37;-25.994;-27.979
2023-08-22;93.24;3.339;-26.027;-28.091
2023-08-23;93.526;3.216;-25.306;-27.626
2023-08-24;93.528;3.224;-26.321;-28.343
2023-08-25;93.381;3.292;-25.84;-27.815
2023-08-28;93.363;3.303;-25.476;-27.433
2023-08-29;93.446;3.269;-25.873;-27.826
2023-08-30;93.414;3.286;-26.791;-28.732
2023-08-31;93.634;3.198;-25.545;-27.134
2023-09-01;93.606;3.213;-27.74;-28.42
2023-09-04;93.56;3.237;-27.882;-28.995
2023-09-05;93.563;3.238;-27.88;-28.548
2023-09-06;93.478;3.279;-28.203;-28.765
2023-09-07;93.548;3.257;-28.046;-28.474
2023-09-08;93.552;3.258;-28.106;-28.797
2023-09-11;93.517;3.277;-27.643;-28.832
2023-09-12;93.45;3.311;-27.832;-28.815
2023-09-13;93.374;3.348;-26.481;-28.239
2023-09-14;93.472;3.313;-25.975;-28.006
2023-09-15;93.385;3.356;-26.075;-28.303
2023-09-18;93.295;3.4;-25.281;-27.944
2023-09-19;93.245;3.426;-24.93;-27.888
2023-09-20;93.313;3.398;-24.318;-27.501
2023-09-21;93.306;3.411;-25.691;-28.017
2023-09-22;93.325;3.406;-25.521;-27.932
2023-09-25;93.358;3.394;-24.592;-28.382
2023-09-26;93.364;3.395;-25.318;-28.315
2023-09-27;93.301;3.427;-23.002;-26.858
2023-09-28;93.181;3.492;-23.543;-26.266
2023-09-29;93.33;3.427;-22.96;-25.593
2023-10-02;93.266;3.46;-21.59;-25.275
2023-10-03;93.262;3.465;-21.683;-25.084
2023-10-04;93.311;3.446;-20.907;-24.322
2023-10-05;93.411;3.409;-21.321;-23.657
2023-10-06;93.417;3.41;-19.303;-21.782
2023-10-09;93.603;3.327;-18.537;-22.601
2023-10-10;93.58;3.341;-19.584;-22.106
2023-10-11;93.538;3.364;-19.709;-21.364
2023-10-12;93.437;3.421;-19.727;-21.399
2023-10-13;93.477;3.406;-19.622;-22.139
2023-10-16;93.477;3.409;-20.071;-22.456
2023-10-17;93.329;3.482;-19.543;-22.448
2023-10-18;93.3;3.499;-18.918;-20.754
2023-10-19;93.315;3.502;-18.416;-19.974
2023-10-20;93.464;3.435;-19.986;-22.564
2023-10-23;93.485;3.429;-19.965;-22.396
2023-10-24;93.598;3.379;-21.175;-23.694
2023-10-25;93.576;3.393;-21.272;-23.638
2023-10-26;93.745;3.323;-21.998;-23.867
2023-10-27;93.849;3.277;-22.954;-24.701
2023-10-30;93.892;3.26;-21.777;-24.784
2023-10-31;93.916;3.252;-21.231;-23.969
2023-11-01;94.06;3.187;-22.403;-24.595
2023-11-02;94.084;3.185;-22.659;-23.897
2023-11-03;94.165;3.15;-22.823;-23.651
2023-11-06;94.09;3.189;-22.317;-24.064
2023-11-07;94.133;3.172;-22.344;-24.428
2023-11-08;94.113;3.184;-21.818;-23.71
2023-11-09;94.129;3.186;-22.157;-23.215
2023-11-10;94.043;3.231;-23.004;-23.969
2023-11-13;94.014;3.248;-21.726;-23.689
2023-11-14;94.202;3.161;-21.782;-23.914
2023-11-15;94.167;3.181;-21.393;-23.382
2023-11-16;94.292;3.131;-22.265;-23.337
2023-11-17;94.264;3.147;-22.948;-23.535
2023-11-20;94.222;3.171;-21.423;-23.075
2023-11-21;94.28;3.146;-21.045;-23.071
2023-11-22;94.21;3.183;-21.861;-23.622
2023-11-23;94.158;3.218;-22.212;-23.087
2023-11-24;94.131;3.235;-22.404;-23.522
2023-11-27;94.311;3.15;-21.687;-23.241
2023-11-28;94.447;3.087;-21.538;-22.709
2023-11-29;94.61;3.011;-20.941;-23.464
2023-11-30;94.656;2.998;-21.723;-23.011
2023-12-01;94.973;2.847;-22.941;-24.0
2023-12-04;94.986;2.844;-21.628;-22.584
2023-12-05;95.165;2.76;-21.908;-23.307
2023-12-06;95.16;2.765;-21.671;-22.833
2023-12-07;95.206;2.751;-22.05;-22.667
2023-12-08;95.075;2.818;-22.428;-22.358
2023-12-11;95.054;2.831;-22.454;-23.194
2023-12-12;95.066;2.828;-22.523;-23.771
2023-12-13;95.182;2.774;-24.848;-23.73
2023-12-14;95.386;2.683;-22.043;-22.879
2023-12-15;95.527;2.616;-22.398;-22.757
2023-12-18;95.455;2.654;-23.088;-22.939
2023-12-19;95.532;2.619;-22.968;-23.317
2023-12-20;95.637;2.57;-22.847;-23.347
2023-12-21;95.696;2.554;-23.914;-23.174
2023-12-22;95.759;2.526;-23.318;-22.756
2023-12-27;95.837;2.49;-22.423;-23.326
2023-12-28;95.902;2.468;-24.156;-23.957
2023-12-29;95.853;2.494;-24.644;-23.919
2024-01-02;95.787;2.53;-23.897;-24.325
2024-01-03;95.858;2.497;-22.966;-24.084
2024-01-04;95.657;2.605;-24.71;-24.262
2024-01-05;95.562;2.656;-23.025;-23.256
2024-01-08;95.611;2.634;-22.122;-23.675
2024-01-09;95.509;2.688;-23.007;-23.415
2024-01-10;95.448;2.721;-22.325;-22.794
2024-01-11;95.514;2.697;-24.054;-23.684
2024-01-12;95.717;2.597;-23.875;-24.275
2024-01-15;95.628;2.645;-22.815;-22.795
2024-01-16;95.608;2.657;-22.136;-21.872
2024-01-17;95.447;2.742;-22.527;-21.606
2024-01-18;95.445;2.752;-22.543;-22.381
2024-01-19;95.348;2.805;-22.02;-21.018
2024-01-22;95.423;2.769;-21.177;-21.243
2024-01-23;95.375;2.797;-21.243;-21.71
2024-01-24;95.391;2.792;-19.698;-19.776
2024-01-25;95.582;2.702;-20.995;-21.104
2024-01-26;95.569;2.712;-20.992;-20.298
2024-01-29;95.681;2.657;-20.63;-21.409
2024-01-30;95.608;2.697;-19.684;-19.331
2024-01-31;95.742;2.631;-19.398;-19.683
2024-02-01;95.712;2.655;-20.979;-20.044
2024-02-02;95.516;2.76;-20.795;-19.249
2024-02-05;95.416;2.815;-19.765;-20.113
2024-02-06;95.453;2.799;-18.986;-20.106
2024-02-07;95.397;2.831;-19.073;-19.537
2024-02-08;95.354;2.863;-20.087;-19.781
2024-02-09;95.279;2.906;-19.401;-19.172
2024-02-12;95.353;2.87;-18.967;-19.494
2024-02-13;95.22;2.944;-18.678;-18.764
2024-02-14;95.309;2.9;-18.946;-19.587
2024-02-15;95.3;2.915;-18.5;-19.038
2024-02-16;95.187;2.978;-19.076;-19.209
2024-02-19;95.2;2.975;-18.616;-19.229
2024-02-20;95.274;2.938;-18.663;-19.606
2024-02-21;95.174;2.995;-18.505;-19.316
2024-02-22;95.094;3.049;-18.545;-19.224
2024-02-23;95.206;2.992;-17.83;-18.643
2024-02-26;95.083;3.062;-17.344;-18.202
2024-02-27;95.075;3.07;-17.4;-18.397
2024-02-28;95.101;3.059;-17.592;-18.586
2024-02-29;95.131;3.053;-16.651;-17.546
2024-03-01;95.168;3.037;-17.05;-17.986
2024-03-04;95.153;3.048;-16.941;-18.054
2024-03-05;95.248;3.0;-16.681;-17.96
2024-03-06;95.246;3.005;-16.807;-17.527
2024-03-07;95.324;2.972;-17.303;-18.078
2024-03-08;95.448;2.908;-17.113;-17.634
2024-03-11;95.392;2.942;-16.85;-17.294
2024-03-12;95.328;2.98;-16.271;-17.022
2024-03-13;95.286;3.007;-16.611;-17.172
2024-03-14;95.231;3.048;-17.58;-17.784
2024-03-15;95.19;3.074;-17.101;-17.476
2024-03-18;95.176;3.086;-16.395;-17.291
2024-03-19;95.22;3.065;-17.095;-17.982
2024-03-20;95.22;3.069;-17.821;-18.076
2024-03-21;95.31;3.029;-17.783;-17.857
2024-03-22;95.395;2.985;-18.197;-17.718
2024-03-25;95.333;3.024;-17.98;-17.501
2024-03-26;95.354;3.015;-17.791;-17.662
2024-03-27;95.447;2.981;-19.404;-17.683
2024-03-28;95.433;2.992;-19.556;-17.926
2024-04-02;95.445;2.989;-18.358;-17.937
2024-04-03;95.428;3.002;-17.501;-16.598
2024-04-04;95.438;3.008;-20.252;-17.923
2024-04-05;95.412;3.026;-19.471;-17.925
2024-04-08;95.338;3.072;-17.994;-17.886
2024-04-09;95.391;3.045;-17.672;-18.23
2024-04-10;95.267;3.12;-17.734;-17.2
2024-04-11;95.262;3.135;-19.471;-18.178
2024-04-12;95.423;3.046;-18.623;-18.199
2024-04-15;95.36;3.086;-18.807;-17.947
2024-04-16;95.276;3.138;-18.033;-17.981
2024-04-17;95.302;3.127;-17.804;-17.863
2024-04-18;95.262;3.162;-19.29;-18.118
2024-04-19;95.25;3.173;-19.301;-18.272
2024-04-22;95.31;3.142;-17.892;-18.303
2024-04-23;95.301;3.151;-17.633;-18.004
2024-04-24;95.236;3.193;-18.21;-18.133
2024-04-25;95.193;3.231;-19.528;-18.22
2024-04-26;95.235;3.21;-19.117;-18.252
2024-04-29;95.31;3.174;-19.125;-18.52
2024-04-30;95.197;3.245;-19.086;-18.205
2024-05-02;95.289;3.202;-19.703;-18.87
2024-05-03;95.407;3.136;-20.279;-19.044
2024-05-06;95.432;3.125;-19.176;-18.727
2024-05-07;95.454;3.116;-19.141;-19.199
2024-05-08;95.415;3.143;-19.003;-18.783
2024-05-09;95.437;3.142;-20.117;-19.134
2024-05-10;95.392;3.173;-20.444;-18.802
2024-05-13;95.423;3.159;-18.857;-18.76
2024-05-14;95.393;3.181;-19.048;-18.735
2024-05-15;95.534;3.1;-19.081;-19.28
2024-05-16;95.494;3.136;-20.06;-19.274
2024-05-17;95.416;3.188;-20.055;-18.688
2024-05-20;95.416;3.192;-19.228;-18.792
2024-05-21;95.455;3.172;-19.134;-18.792
2024-05-22;95.397;3.212;-19.136;-18.751
2024-05-23;95.332;3.265;-20.329;-18.458
2024-05-24;95.318;3.278;-20.594;-18.481
2024-05-27;95.393;3.236;-19.437;-19.124
2024-05-28;95.375;3.251;-20.044;-18.705
2024-05-29;95.34;3.277;-20.045;-18.99
2024-05-30;95.413;3.245;-20.483;-19.01
2024-05-31;95.377;3.272;-22.474;-19.235
2024-06-03;95.487;3.208;-20.047;-19.53
2024-06-04;95.545;3.176;-19.548;-19.262
2024-06-05;95.578;3.159;-20.107;-19.194
2024-06-06;95.545;3.193;-21.338;-19.32
2024-06-07;95.471;3.244;-20.808;-18.673
2024-06-10;95.443;3.266;-20.783;-19.595
2024-06-11;95.503;3.232;-20.792;-19.824
2024-06-12;95.621;3.162;-19.473;-20.101
2024-06-13;95.7;3.125;-20.866;-19.538
2024-06-14;95.783;3.077;-21.844;-20.226
2024-06-17;95.764;3.093;-20.699;-19.069
2024-06-18;95.796;3.077;-21.049;-19.111
2024-06-19;95.779;3.092;-20.837;-19.081
2024-06-20;95.792;3.096;-21.777;-18.99
2024-06-21;95.851;3.063;-22.439;-20.066
2024-06-24;95.85;3.068;-21.102;-18.837
2024-06-25;95.852;3.071;-20.984;-19.134
2024-06-26;95.843;3.081;-20.97;-19.761
2024-06-27;95.861;3.082;-21.429;-19.486
2024-06-28;95.851;3.093;-22.05;-19.964
2024-07-01;95.797;3.132;-20.289;-19.218
2024-07-02;95.839;3.109;-20.47;-19.574
2024-07-03;95.844;3.11;-20.267;-19.473
2024-07-04;95.837;3.128;-21.939;-20.081
2024-07-05;95.905;3.088;-21.486;-19.73
2024-07-08;95.906;3.092;-20.431;-19.841
2024-07-09;95.896;3.102;-20.177;-19.413
2024-07-10;95.929;3.085;-20.03;-19.719
2024-07-11;96.072;3.004;-21.297;-20.367
2024-07-12;96.054;3.02;-21.293;-19.975
2024-07-15;96.1;2.994;-20.75;-20.069
2024-07-16;96.153;2.963;-20.308;-19.626
2024-07-17;96.145;2.973;-20.348;-19.117
2024-07-18;96.179;2.963;-21.384;-19.003
2024-07-19;96.159;2.98;-21.585;-19.691
2024-07-22;96.121;3.01;-20.86;-19.99
2024-07-23;96.185;2.971;-19.982;-19.774
2024-07-24;96.257;2.928;-20.37;-20.844
2024-07-25;96.315;2.901;-21.464;-20.292
2024-07-26;96.346;2.884;-21.241;-19.817
2024-07-29;96.387;2.861;-20.655;-20.446
2024-07-30;96.461;2.815;-20.968;-20.993
2024-07-31;96.497;2.795;-20.709;-20.675
2024-08-01;96.59;2.744;-21.73;-21.206
2024-08-02;96.731;2.652;-21.106;-21.994
2024-08-05;96.75;2.643;-21.462;-21.697
2024-08-06;96.737;2.656;-21.15;-18.711
2024-08-07;96.719;2.672;-20.117;-19.279
2024-08-08;96.732;2.675;-19.587;-18.484
2024-08-09;96.753;2.664;-21.623;-19.569
2024-08-12;96.762;2.662;-19.445;-18.629
2024-08-13;96.836;2.615;-20.043;-19.515
2024-08-14;96.832;2.621;-19.54;-18.401
2024-08-15;96.729;2.704;-19.511;-17.567
2024-08-16;96.758;2.688;-18.329;-16.669
2024-08-19;96.763;2.688;-18.775;-18.36
2024-08-20;96.817;2.655;-18.491;-18.228
2024-08-21;96.875;2.618;-18.681;-18.561
2024-08-22;96.834;2.659;-18.843;-18.782
2024-08-23;96.885;2.627;-18.496;-18.371
2024-08-26;96.867;2.643;-18.832;-19.086
2024-08-27;96.87;2.645;-17.983;-18.19
2024-08-28;96.891;2.634;-18.162;-18.517
2024-08-29;96.951;2.604;-18.726;-18.678
2024-08-30;96.923;2.627;-18.573;-18.514
2024-09-02;96.916;2.636;-17.886;-17.507
2024-09-03;96.939;2.624;-16.618;-17.292
2024-09-04;96.993;2.589;-16.537;-17.001
2024-09-05;97.049;2.561;-17.4;-17.257
2024-09-06;97.12;2.514;-18.593;-17.649
2024-09-09;97.175;2.478;-17.809;-15.873
2024-09-10;97.206;2.459;-17.338;-15.115
2024-09-11;97.233;2.444;-17.776;-15.083
2024-09-12;97.171;2.5;-18.392;-14.559
2024-09-13;97.206;2.478;-16.889;-13.302
2024-09-16;97.234;2.461;-15.881;-13.472
2024-09-17;97.197;2.492;-16.313;-13.375
2024-09-18;97.168;2.517;-16.446;-12.101
2024-09-19;97.221;2.49;-17.513;-12.332
2024-09-20;97.244;2.477;-17.08;-10.778
2024-09-23;97.314;2.429;-15.282;-10.243
2024-09-24;97.375;2.388;-15.916;-11.366
2024-09-25;97.363;2.4;-14.184;-9.004
2024-09-26;97.385;2.395;-16.919;-11.137
2024-09-27;97.457;2.345;-17.827;-11.546
2024-09-30;97.48;2.332;-18.554;-13.011
2024-10-01;97.531;2.297;-18.552;-12.661
2024-10-02;97.512;2.315;-18.425;-12.509
2024-10-03;97.491;2.342;-19.922;-12.21
2024-10-04;97.356;2.447;-19.959;-10.973
2024-10-07;97.309;2.486;-19.572;-11.089
2024-10-08;97.325;2.478;-18.443;-10.929
2024-10-09;97.304;2.498;-19.014;-11.424
2024-10-10;97.339;2.483;-17.718;-9.247
2024-10-11;97.359;2.472;-17.675;-9.288
2024-10-14;97.343;2.488;-16.402;-9.077
2024-10-15;97.391;2.455;-15.665;-9.003
2024-10-16;97.437;2.424;-15.128;-8.832
2024-10-17;97.5;2.387;-15.689;-7.251
2024-10-18;97.554;2.349;-15.848;-8.453
2024-10-21;97.502;2.393;-15.795;-7.601
2024-10-22;97.514;2.387;-17.918;-10.459
2024-10-23;97.549;2.364;-13.69;-7.607
2024-10-24;97.588;2.345;-13.405;-5.309
2024-10-25;97.572;2.361;-13.452;-4.106
2024-10-28;97.59;2.351;-11.824;-4.339
2024-10-29;97.572;2.369;-10.924;-2.628
2024-10-30;97.451;2.468;-11.066;-1.887
2024-10-31;97.409;2.514;-6.808;4.219
2024-11-01;97.381;2.541;-3.685;4.94
2024-11-04;97.379;2.547;-3.918;3.546
2024-11-05;97.328;2.592;-1.933;5.518
2024-11-06;97.461;2.489;-0.468;5.01
2024-11-07;97.455;2.507;0.461;9.579
2024-11-08;97.504;2.472;-0.184;10.664
2024-11-11;97.52;2.463;1.69;9.436
2024-11-12;97.526;2.462;1.091;9.973
2024-11-13;97.523;2.469;1.016;9.97
2024-11-14;97.613;2.408;1.781;11.533
2024-11-15;97.604;2.419;2.96;11.897
2024-11-18;97.543;2.474;7.246;16.44
2024-11-19;97.539;2.481;2.431;13.281
2024-11-20;97.541;2.484;1.915;10.904
2024-11-21;97.57;2.473;2.59;11.477
2024-11-22;97.704;2.366;2.157;8.608
2024-11-25;97.685;2.386;1.774;9.936
2024-11-26;97.691;2.385;0.945;10.419
2024-11-27;97.669;2.407;0.742;9.649
2024-11-28;97.724;2.374;1.165;10.093
2024-11-29;97.788;2.324;1.068;10.118
2024-12-02;97.85;2.276;0.65;8.122
2024-12-03;97.829;2.297;0.54;9.61
2024-12-04;97.821;2.308;0.009;10.476
2024-12-05;97.783;2.353;-0.769;10.367
2024-12-06;97.796;2.346;-0.318;9.491
2024-12-09;97.82;2.329;-0.716;6.999
2024-12-10;97.848;2.31;-0.62;6.625
2024-12-11;97.852;2.31;-0.121;7.091
2024-12-12;97.813;2.356;-0.986;7.143
2024-12-13;97.788;2.382;-1.874;8.135
2024-12-16;97.808;2.369;-1.959;6.591
2024-12-17;97.811;2.371;-2.088;5.39
2024-12-18;97.826;2.362;-2.849;3.08
2024-12-19;97.826;2.375;-2.416;6.511
2024-12-20;97.858;2.351;-3.095;5.74
2024-12-23;97.858;2.364;-2.019;6.489
2024-12-24;97.868;2.369;-0.797;8.331
2024-12-27;97.896;2.348;-2.393;5.646
2024-12-30;97.925;2.331;-2.941;5.099
2024-12-31;97.926;2.334;-3.275;4.632
2025-01-02;97.913;2.359;-2.783;5.444
2025-01-03;97.863;2.409;-2.417;6.648
2025-01-06;97.816;2.457;-1.286;6.844
2025-01-07;97.823;2.455;-1.234;5.085
2025-01-08;97.82;2.463;-1.26;5.075
2025-01-09;97.813;2.483;-1.408;5.396
2025-01-10;97.775;2.524;-2.075;5.541
2025-01-13;97.773;2.53;-0.355;5.412
2025-01-14;97.755;2.552;0.105;4.811
2025-01-15;97.816;2.5;-0.573;4.528
2025-01-16;97.854;2.479;-1.034;3.461
2025-01-17;97.872;2.467;-1.037;4.478
2025-01-20;97.864;2.48;-0.984;4.318
2025-01-21;97.881;2.469;-1.012;4.477
2025-01-22;97.881;2.473;-1.364;5.144
2025-01-23;97.887;2.483;-1.471;5.539
2025-01-24;97.851;2.522;-1.505;6.314
2025-01-27;97.875;2.504;-0.508;5.024
2025-01-28;97.871;2.513;-0.167;5.607
2025-01-29;97.881;2.509;-1.089;4.437
2025-01-30;97.954;2.453;-1.267;3.458
2025-01-31;98.03;2.384;-2.158;1.233
2025-02-03;98.099;2.322;-0.555;2.203
2025-02-04;98.092;2.333;-0.671;4.145
2025-02-05;98.091;2.339;-0.418;4.579
2025-02-06;98.107;2.337;-0.326;4.861
2025-02-07;98.123;2.326;0.333;4.894
2025-02-10;98.155;2.299;-0.961;2.46
2025-02-11;98.116;2.343;-0.58;3.013
2025-02-12;98.102;2.362;-1.315;2.262
2025-02-13;98.145;2.334;-2.369;0.307
2025-02-14;98.133;2.351;-3.458;-0.934
2025-02-17;98.125;2.364;-1.197;1.197
2025-02-18;98.139;2.354;-1.884;0.291
2025-02-19;98.116;2.383;-0.712;1.691
2025-02-20;98.148;2.365;-0.415;1.507
2025-02-21;98.182;2.336;1.52;3.232
2025-02-24;98.199;2.323;0.231;1.489
2025-02-25;98.212;2.315;2.033;3.118
2025-02-26;98.231;2.3;2.535;3.442
2025-02-27;98.246;2.299;3.411;3.767
2025-02-28;98.271;2.278;2.576;4.692
2025-03-03;98.261;2.293;1.332;4.689
2025-03-04;98.252;2.308;1.919;4.302
2025-03-05;98.196;2.372;2.316;4.429
2025-03-06;98.203;2.38;4.205;4.628
2025-03-07;98.203;2.385;3.368;3.124
2025-03-10;98.223;2.369;4.101;4.617
2025-03-11;98.229;2.368;4.573;4.396
2025-03-12;98.231;2.371;3.902;5.244
2025-03-13;98.26;2.355;4.212;5.308
2025-03-14;98.256;2.365;4.881;4.558
2025-03-17;98.253;2.373;5.308;3.56
2025-03-18;98.263;2.368;4.565;3.084
2025-03-19;98.276;2.359;3.269;1.887
2025-03-20;98.302;2.346;2.817;2.838
2025-03-21;98.316;2.336;5.633;12.117
2025-03-24;98.34;2.314;1.721;1.283
2025-03-25;98.342;2.318;1.289;1.396
2025-03-26;98.365;2.297;1.213;2.001
2025-03-27;98.407;2.266;-0.244;1.082
2025-03-28;98.441;2.232;-1.813;0.9
2025-03-31;98.438;2.241;-2.496;0.079
2025-04-01;98.483;2.195;-5.583;-1.782
2025-04-02;98.488;2.194;-6.165;-3.003
2025-04-03;98.512;2.182;-3.702;0.986
2025-04-04;98.588;2.1;-7.543;-2.36
2025-04-07;98.607;2.083;-7.924;-4.621
2025-04-08;98.632;2.059;-11.247;1.445
2025-04-09;98.605;2.095;-2.954;3.217
2025-04-10;98.648;2.059;-9.108;-0.151
2025-04-11;98.66;2.05;-11.067;-5.015
2025-04-14;98.685;2.025;-11.208;-5.269
2025-04-15;98.661;2.058;-6.548;-1.01
2025-04-16;98.695;2.042;-8.461;1.23
2025-04-17;98.752;1.979;-10.368;-0.129
2025-04-22;98.762;1.971;-8.934;-3.099
2025-04-23;98.758;1.981;-11.302;-1.281
2025-04-24;98.823;1.916;-14.508;-5.974
2025-04-25;98.818;1.927;-14.404;-6.208
2025-04-28;98.785;1.972;-10.71;-3.071
2025-04-29;98.79;1.975;-10.571;-2.506
2025-04-30;98.858;1.905;-14.867;-6.221
2025-05-02;98.799;1.983;-10.413;-2.398
2025-05-05;98.793;1.996;-9.228;-2.553
2025-05-06;98.82;1.967;-10.406;-5.625
2025-05-07;98.831;1.958;-9.948;-5.293
2025-05-08;98.823;1.983;-10.565;-3.284
2025-05-09;98.834;1.974;-11.583;-2.799
2025-05-12;98.782;2.045;-11.689;-2.936
2025-05-13;98.788;2.043;-12.025;-4.116
2025-05-14;98.786;2.051;-11.656;-5.351
2025-05-15;98.846;1.988;-15.027;-8.239
2025-05-16;98.825;2.021;-11.033;-4.39
2025-05-19;98.843;2.003;-12.928;-5.63
2025-05-20;98.849;2.0;-12.24;-5.607
2025-05-21;98.883;1.96;-17.413;-9.998
2025-05-22;98.906;1.945;-17.193;-9.184
2025-05-23;98.936;1.91;-18.084;-10.428
2025-05-26;98.935;1.916;-17.695;-10.783
2025-05-27;98.925;1.935;-15.826;-6.705
2025-05-28;98.954;1.901;-19.375;-8.86
2025-05-29;98.953;1.917;-16.407;-6.857
2025-05-30;98.974;1.894;-19.34;-10.21
2025-06-02;98.975;1.898;-18.977;-11.41
2025-06-03;98.965;1.917;-16.974;-9.393
2025-06-04;98.967;1.919;-16.436;-9.141
2025-06-05;98.956;1.95;-17.244;-6.029
2025-06-06;98.959;1.951;-17.383;-5.313
2025-06-09;98.966;1.947;-16.926;-7.772
2025-06-10;98.988;1.921;-18.344;-8.926
2025-06-11;99.002;1.907;-19.818;-10.972
2025-06-12;98.993;1.936;-16.323;-6.728
2025-06-13;98.986;1.951;-17.149;-6.833
2025-06-16;99.009;1.924;-19.59;-10.545
2025-06-17;98.983;1.967;-16.646;-8.095
2025-06-18;99.017;1.923;-20.366;-11.472
2025-06-19;99.008;1.953;-16.549;-6.155
2025-06-20;99.033;1.922;-19.789;-8.395
2025-06-23;99.037;1.921;-19.045;-9.67
2025-06-24;99.029;1.939;-16.659;-8.036
2025-06-25;99.041;1.927;-16.304;-8.509
2025-06-26;99.055;1.923;-15.548;-6.904
2025-06-27;99.074;1.9;-19.708;-10.057
2025-06-30;99.053;1.938;-15.709;-8.65
2025-07-01;99.059;1.934;-15.689;-9.106
2025-07-02;99.066;1.929;-16.126;-8.458
2025-07-03;99.088;1.913;-16.153;-8.003
2025-07-04;99.097;1.905;-16.236;-7.823
2025-07-07;99.124;1.868;-19.552;-12.668
2025-07-08;99.094;1.921;-16.092;-8.301
2025-07-09;99.088;1.937;-14.85;-9.196
2025-07-10;99.101;1.934;-16.337;-9.988
2025-07-11;99.097;1.947;-16.565;-9.574
2025-07-14;99.105;1.94;-16.377;-12.554
2025-07-15;99.14;1.889;-19.664;-16.649
2025-07-16;99.123;1.923;-15.752;-12.003
2025-07-17;99.136;1.921;-16.372;-11.172
2025-07-18;99.143;1.915;-16.451;-10.083
2025-07-21;99.157;1.898;-16.948;-13.218
2025-07-22;99.167;1.888;-17.184;-12.823
2025-07-23;99.162;1.902;-18.363;-12.147
2025-07-24;99.143;1.954;-17.755;-8.11
2025-07-25;99.154;1.942;-18.53;-10.013
2025-07-28;99.147;1.961;-16.067;-12.895
2025-07-29;99.148;1.966;-16.306;-11.046
2025-07-30;99.18;1.917;-21.625;-16.784
2025-07-31;99.18;1.937;-20.047;-13.26
2025-08-01;99.208;1.894;-22.46;-16.348
2025-08-04;99.191;1.931;-17.561;-14.328
2025-08-05;99.19;1.94;-17.114;-13.735
2025-08-06;99.207;1.916;-20.421;-17.478
2025-08-07;99.197;1.955;-16.698;-12.518
2025-08-08;99.202;1.953;-17.487;-12.916
2025-08-11;99.205;1.955;-17.352;-14.154
2025-08-12;99.2;1.971;-16.59;-14.013
2025-08-13;99.205;1.969;-16.276;-14.231
2025-08-14;99.212;1.978;-16.04;-13.857
2025-08-15;99.201;2.007;-13.753;-11.302
2025-08-18;99.215;1.988;-15.243;-13.998
2025-08-19;99.219;1.988;-15.318;-14.189
2025-08-20;99.234;1.967;-15.991;-14.701
2025-08-21;99.243;1.972;-14.807;-12.697
2025-08-22;99.259;1.948;-15.435;-13.301
2025-08-25;99.254;1.966;-14.365;-13.147
2025-08-26;99.259;1.964;-13.898;-12.744
2025-08-27;99.266;1.958;-13.859;-13.093
2025-08-28;99.275;1.963;-13.566;-13.583
2025-08-29;99.276;1.969;-12.606;-13.488
2025-09-01;99.273;1.984;-11.688;-13.204
2025-09-02;99.274;1.99;-11.068;-12.842
2025-09-03;99.273;2.0;-10.031;-12.741
2025-09-04;99.285;2.0;-9.979;-12.464
2025-09-05;99.292;1.994;-10.59;-12.863
2025-09-08;99.299;1.988;-11.202;-14.445
2025-09-09;99.304;1.986;-11.4;-14.789
2025-09-10;99.302;1.999;-10.111;-14.046
2025-09-11;99.312;2.003;-9.625;-13.264
2025-09-12;99.323;1.988;-11.137;-13.184
2025-09-15;99.326;1.99;-10.908;-12.904
2025-09-16;99.334;1.981;-11.783;-12.075
2025-09-17;99.339;1.979;-12.0;-11.963
2025-09-18;99.347;1.988;-11.074;-11.115
2025-09-19;99.35;1.99;-10.832;-11.662
2025-09-22;99.354;1.99;-10.811;-12.9
2025-09-23;99.363;1.979;-11.955;-12.58
2025-09-24;99.368;1.976;-12.174;-13.407
2025-09-25;99.379;1.978;-11.927;-11.744
2025-09-26;99.379;1.988;-10.961;-12.271
2025-09-29;99.388;1.976;-12.143;-13.784
2025-09-30;99.391;1.978;-11.903;-12.165
2025-10-01;99.399;1.968;-12.876;-10.717
2025-10-02;99.455;1.858;-23.763;-20.52
2025-10-03;99.414;1.971;-12.622;-9.951
2025-10-06;99.419;1.968;-12.855;-13.496
2025-10-07;99.426;1.96;-13.611;-14.531
2025-10-08;99.434;1.95;-14.632;-15.477
2025-10-09;99.449;1.941;-15.711;-14.38
2025-10-10;99.451;1.946;-14.949;-13.22
2025-10-13;99.455;1.946;-14.946;-16.61
2025-10-14;99.461;1.94;-15.488;-17.461
2025-10-15;99.465;1.94;-15.508;-16.866
2025-10-16;99.481;1.928;-16.663;-17.037
2025-10-17;99.483;1.933;-16.138;-16.439
2025-10-20;99.487;1.933;-16.157;-17.445
2025-10-21;99.488;1.941;-15.336;-18.165
2025-10-22;99.491;1.944;-15.078;-15.832
2025-10-23;99.5;1.952;-14.272;-12.288
2025-10-24;99.503;1.955;-13.993;-11.764
2025-10-27;99.504;1.963;-10.16;-13.246
2025-10-28;99.544;1.855;-23.742;-27.272
2025-10-29;99.518;1.945;-14.884;-18.182
2025-10-30;99.532;1.938;-15.55;-16.124
2025-10-31;99.538;1.931;-16.183;-18.656
2025-11-03;99.553;1.897;-19.616;-25.275
2025-11-04;99.552;1.912;-18.105;-22.993
2025-11-05;99.56;1.898;-19.415;-23.65
2025-11-06;99.57;1.903;-18.95;-20.452
2025-11-07;99.572;1.909;-18.352;-18.615
2025-11-10;99.57;1.928;-16.403;-19.651
2025-11-11;99.576;1.921;-17.097;-21.001
2025-11-12;99.571;1.951;-14.094;-19.349
2025-11-13;99.581;1.958;-13.446;-15.831
2025-11-14;99.584;1.961;-13.101;-14.457
2025-11-17;99.596;1.933;-15.915;-20.596
2025-11-18;99.596;1.947;-14.502;-22.234
2025-11-19;99.6;1.946;-14.517;-21.969
2025-11-20;99.652;1.796;-27.955;-29.04
2025-11-21;99.62;1.93;-16.118;-14.774
2025-11-24;99.624;1.93;-16.131;-18.673
2025-11-25;99.625;1.941;-15.01;-17.71
2025-11-26;99.628;1.944;-14.647;-17.106
2025-11-27;99.641;1.94;-15.119;-12.931
2025-11-28;99.675;1.817;-27.267;-24.511
2025-12-01;99.647;1.947;-14.33;-15.551
2025-12-02;99.656;1.926;-16.411;-17.741
2025-12-03;99.658;1.934;-15.619;-15.395
2025-12-04;99.673;1.92;-17.015;-15.124
2025-12-05;99.674;1.932;-15.736;-17.019
2025-12-08;99.678;1.932;-15.758;-19.127
2025-12-09;99.681;1.936;-14.416;-23.046
2025-12-10;99.683;1.945;-14.442;-20.792
2025-12-11;99.695;1.944;-14.508;-18.926
2025-12-12;99.701;1.934;-15.489;-18.588
2025-12-15;99.706;1.929;-15.99;-23.144
2025-12-16;99.706;1.948;-14.063;-21.024
2025-12-17;99.715;1.923;-16.586;-18.487
2025-12-18;99.723;1.942;-14.693;-9.631
2025-12-19;99.727;1.942;-14.724;-7.71
2025-12-22;99.739;1.898;-18.997;-17.69
2025-12-23;99.762;1.876;-21.245;-9.67
2025-12-24;99.765;1.88;-20.797;-6.235
2025-12-29;99.772;1.861;-22.662;-19.988
2025-12-30;99.781;1.851;-23.613;-18.634
2025-12-31;99.786;1.891;-19.674;-4.92
2026-01-02;99.792;1.876;-21.116;-5.388
2026-01-05;99.794;1.888;-19.891;-9.973
2026-01-06;99.802;1.859;-22.76;-12.767
2026-01-07;99.805;1.864;-22.25;-11.962
2026-01-08;99.814;1.881;-20.603;-5.589
2026-01-09;99.817;1.887;-19.994;-4.951
2026-01-12;99.821;1.885;-20.091;-15.877
2026-01-13;99.827;1.868;-21.815;-21.782
2026-01-14;99.833;1.85;-23.62;-24.394
2026-01-15;99.842;1.868;-21.824;-10.884
2026-01-16;99.844;1.883;-20.256;-10.319
2026-01-19;99.85;1.863;-22.192;-25.853
2026-01-20;99.852;1.88;-20.563;-23.296
2026-01-21;99.857;1.868;-21.723;-24.01
2026-01-22;99.868;1.871;-21.462;-11.216
2026-01-23;99.876;1.825;-25.991;-16.716
2026-01-26;99.88;1.821;-26.337;-27.362
2026-01-27;99.886;1.794;-29.01;-32.767
2026-01-28;99.888;1.812;-27.183;-28.874
2026-01-29;99.899;1.81;-27.447;-15.872
2026-01-30;99.903;1.805;-27.953;-21.396
2026-02-02;99.905;1.827;-25.7;-25.064
2026-02-03;99.91;1.807;-27.648;-31.535
2026-02-04;99.914;1.801;-28.234;-36.794
2026-02-05;99.925;1.796;-28.72;-24.227
2026-02-06;99.928;1.807;-27.731;-13.369
2026-02-09;99.932;1.799;-28.466;-20.944
2026-02-10;99.935;1.811;-27.31;-11.872
2026-02-11;99.94;1.781;-30.311;-9.222
2026-02-12;99.951;1.77;-31.386;-10.244
2026-02-13;99.957;1.7;-38.337;-25.603
2026-02-16;99.958;1.77;-31.296;-37.515
2026-02-17;99.962;1.753;-32.943;-39.647
