;px_last;yld_ytm_mid;asset_swap_spd_mid;z_sprd_mid
2012-03-09;100.018;3.498;90.245;95.377
2012-03-12;100.399;3.465;87.113;91.899
2012-03-13;100.042;3.496;89.052;94.035
2012-03-14;99.009;3.586;85.732;91.269
2012-03-15;99.351;3.556;84.252;89.361
2012-03-16;98.74;3.609;81.435;86.832
2012-03-19;99.004;3.586;78.936;84.021
2012-03-20;99.449;3.547;78.189;82.974
2012-03-21;100.051;3.495;77.912;82.282
2012-03-22;100.464;3.459;77.478;81.69
2012-03-23;100.803;3.43;77.507;81.522
2012-03-26;100.022;3.497;79.39;83.949
2012-03-27;100.573;3.45;77.994;82.173
2012-03-28;101.11;3.404;75.666;79.492
2012-03-29;101.346;3.384;76.11;79.823
2012-03-30;101.513;3.369;76.205;79.764
2012-04-02;101.472;3.373;75.488;79.074
2012-04-03;101.327;3.385;75.268;78.886
2012-04-04;101.471;3.373;75.606;79.136
2012-04-05;101.816;3.343;75.669;79.164
2012-04-06;101.985;3.329;74.752;78.094
2012-04-09;101.892;3.337;75.475;78.894
2012-04-10;102.304;3.302;76.478;79.734
2012-04-11;101.979;3.329;76.201;79.583
2012-04-12;101.79;3.345;77.877;81.446
2012-04-13;102.035;3.325;78.585;82.077
2012-04-16;101.957;3.331;79.642;83.234
2012-04-17;101.599;3.362;80.023;83.782
2012-04-18;101.935;3.333;81.337;84.937
2012-04-19;101.839;3.341;80.821;84.463
2012-04-20;101.375;3.38;81.26;85.184
2012-04-23;101.644;3.358;80.067;83.775
2012-04-24;101.154;3.399;82.384;86.481
2012-04-25;100.803;3.429;81.628;85.978
2012-04-26;101.236;3.392;81.517;85.602
2012-04-27;101.299;3.387;82.042;86.179
2012-04-30;101.665;3.355;78.647;82.442
2012-05-01;101.542;3.366;82.014;86.101
2012-05-02;102.337;3.298;81.535;85.173
2012-05-03;102.464;3.288;82.808;86.385
2012-05-04;102.965;3.245;82.714;86.035
2012-05-07;102.818;3.258;84.066;87.528
2012-05-08;103.149;3.23;82.458;85.614
2012-05-09;103.183;3.227;82.83;85.881
2012-05-10;103.456;3.204;83.451;86.28
2012-05-11;104.009;3.158;83.95;86.355
2012-05-14;104.79;3.093;78.015;79.893
2012-05-15;104.571;3.111;85.552;87.594
2012-05-16;104.315;3.132;85.93;88.132
2012-05-17;104.735;3.097;85.558;87.447
2012-05-18;104.664;3.103;87.128;89.066
2012-05-21;104.444;3.121;87.937;90.023
2012-05-22;104.519;3.115;88.499;90.533
2012-05-23;105.565;3.029;89.317;90.629
2012-05-24;105.869;3.004;89.973;91.105
2012-05-25;106.216;2.976;88.745;89.714
2012-05-28;106.517;2.951;87.019;87.801
2012-05-29;106.708;2.936;88.451;89.087
2012-05-30;108.198;2.816;89.465;89.089
2012-05-31;108.933;2.758;86.344;85.63
2012-06-01;109.581;2.707;89.112;87.808
2012-06-04;109.332;2.727;90.616;89.489
2012-06-05;109.582;2.707;90.686;89.281
2012-06-06;107.845;2.844;90.126;89.857
2012-06-07;106.793;2.928;88.287;88.702
2012-06-08;107.425;2.877;90.89;90.795
2012-06-11;107.55;2.867;85.709;85.719
2012-06-12;106.129;2.981;90.053;90.939
2012-06-13;105.065;3.068;88.949;90.51
2012-06-14;104.987;3.075;88.709;90.318
2012-06-15;106.333;2.964;90.368;91.03
2012-06-18;106.161;2.978;88.225;89.071
2012-06-19;104.803;3.09;88.834;90.686
2012-06-20;104.296;3.132;87.489;89.581
2012-06-21;105.31;3.048;85.408;86.829
2012-06-22;104.911;3.08;88.589;90.373
2012-06-25;105.831;3.005;81.496;82.67
2012-06-26;105.161;3.06;88.564;90.276
2012-06-27;104.574;3.108;88.053;90.115
2012-06-28;104.732;3.095;87.893;89.879
2012-06-29;104.224;3.137;84.186;86.506
2012-07-02;104.566;3.109;84.983;87.071
2012-07-03;104.387;3.123;87.56;90.018
2012-07-04;105.039;3.069;87.031;89.066
2012-07-05;105.607;3.022;88.035;89.804
2012-07-06;106.064;2.985;86.787;88.344
2012-07-09;106.01;2.989;87.192;88.82
2012-07-10;106.048;2.986;87.414;88.924
2012-07-11;106.745;2.929;85.712;86.787
2012-07-12;107.015;2.907;84.422;85.42
2012-07-13;106.893;2.917;82.948;84.07
2012-07-16;107.285;2.885;80.787;81.693
2012-07-17;108.025;2.825;76.798;77.301
2012-07-18;108.768;2.766;75.082;75.212
2012-07-19;108.667;2.774;73.928;74.171
2012-07-20;109.32;2.722;73.335;73.262
2012-07-23;109.29;2.724;73.174;73.161
2012-07-24;108.69;2.772;72.626;72.929
2012-07-25;108.423;2.793;73.112;73.475
2012-07-26;108.07;2.821;72.809;73.345
2012-07-27;107.46;2.87;71.648;72.476
2012-07-30;107.555;2.862;71.708;72.544
2012-07-31;108.513;2.785;71.43;71.782
2012-08-01;108.005;2.825;69.38;70.085
2012-08-02;109.565;2.701;69.387;69.211
2012-08-03;107.69;2.85;67.182;68.046
2012-08-06;108.075;2.819;66.706;67.298
2012-08-07;107.775;2.843;61.877;62.676
2012-08-08;108.735;2.766;60.097;60.448
2012-08-09;109.125;2.735;58.939;59.15
2012-08-10;109.69;2.69;58.684;58.691
2012-08-13;109.56;2.7;58.575;58.654
2012-08-14;108.96;2.748;57.477;57.829
2012-08-15;108.04;2.821;56.985;57.689
2012-08-16;108.615;2.775;55.489;55.908
2012-08-17;109.085;2.737;57.033;57.288
2012-08-20;109.238;2.725;56.424;56.658
2012-08-21;108.74;2.765;56.503;56.97
2012-08-22;109.335;2.717;56.68;56.888
2012-08-23;110.275;2.643;57.344;57.192
2012-08-24;110.52;2.623;57.646;57.428
2012-08-27;110.605;2.617;56.74;56.512
2012-08-28;110.888;2.594;57.217;56.855
2012-08-29;110.58;2.618;57.081;56.85
2012-08-30;111.07;2.58;58.725;58.288
2012-08-31;110.745;2.605;59.456;59.161
2012-09-03;110.32;2.638;59.041;58.942
2012-09-04;110.155;2.651;59.782;59.748
2012-09-05;109.49;2.703;60.882;61.146
2012-09-06;108.56;2.777;60.181;60.838
2012-09-07;108.805;2.757;59.614;60.084
2012-09-10;108.858;2.753;59.028;59.531
2012-09-11;108.858;2.753;58.924;59.482
2012-09-12;107.888;2.831;58.725;59.699
2012-09-13;108.87;2.752;57.295;57.773
2012-09-14;107.448;2.866;56.02;57.158
2012-09-17;107.98;2.823;56.531;57.362
2012-09-18;108.308;2.796;55.617;56.278
2012-09-19;108.5;2.781;57.016;57.697
2012-09-20;109.25;2.72;57.263;57.684
2012-09-21;108.935;2.745;57.284;57.911
2012-09-24;109.363;2.711;57.677;58.122
2012-09-25;109.123;2.73;57.322;57.831
2012-09-26;109.875;2.67;57.852;57.993
2012-09-27;110.015;2.659;57.623;57.736
2012-09-28;110.163;2.647;57.561;57.626
2012-10-01;109.88;2.669;56.806;56.996
2012-10-02;109.755;2.679;57.047;57.31
2012-10-03;109.895;2.668;56.771;56.975
2012-10-04;109.763;2.678;56.8;57.069
2012-10-05;109.15;2.727;56.638;57.151
2012-10-08;109.875;2.669;56.755;56.935
2012-10-09;109.845;2.671;56.893;57.125
2012-10-10;109.815;2.673;56.522;56.778
2012-10-11;109.79;2.675;56.905;57.162
2012-10-12;110.223;2.641;56.237;56.321
2012-10-15;109.958;2.661;54.654;54.87
2012-10-16;109.425;2.704;53.3;53.687
2012-10-17;108.833;2.751;50.761;51.372
2012-10-18;109.243;2.718;50.113;50.523
2012-10-19;109.663;2.684;49.791;50.043
2012-10-22;109.36;2.708;49.769;50.12
2012-10-23;109.718;2.68;49.389;49.618
2012-10-24;109.9;2.665;49.315;49.51
2012-10-25;109.74;2.677;48.299;48.562
2012-10-26;110.21;2.64;47.214;47.273
2012-10-29;110.648;2.605;48.012;47.982
2012-10-30;110.715;2.6;45.81;45.768
2012-10-31;110.895;2.585;46.795;46.698
2012-11-01;111.13;2.567;46.635;46.473
2012-11-02;111.198;2.561;46.642;46.461
2012-11-05;111.453;2.541;46.819;46.564
2012-11-06;111.345;2.549;46.237;46.035
2012-11-07;111.945;2.502;46.305;45.922
2012-11-08;111.888;2.506;43.766;43.463
2012-11-09;112.158;2.485;46.86;46.45
2012-11-12;112.227;2.48;46.472;46.061
2012-11-13;112.413;2.465;46.991;46.519
2012-11-14;112.365;2.468;47.0;46.537
2012-11-15;112.35;2.469;44.695;44.271
2012-11-16;112.365;2.468;46.3;45.856
2012-11-19;112.118;2.487;46.914;46.525
2012-11-20;111.515;2.534;46.588;46.392
2012-11-21;111.328;2.548;46.367;46.208
2012-11-22;111.383;2.544;46.145;45.973
2012-11-23;111.403;2.542;45.735;45.564
2012-11-26;111.585;2.528;45.579;45.348
2012-11-27;111.512;2.533;45.006;44.803
2012-11-28;112.35;2.467;44.925;44.493
2012-11-29;112.318;2.47;45.075;44.658
2012-11-30;112.385;2.464;44.155;43.734
2012-12-03;112.113;2.485;44.25;43.904
2012-12-04;112.543;2.452;42.863;42.423
2012-12-05;113.153;2.404;42.013;41.41
2012-12-06;113.75;2.358;42.156;41.45
2012-12-07;113.86;2.349;41.707;41.027
2012-12-10;113.81;2.353;41.834;41.164
2012-12-11;113.835;2.351;42.209;41.51
2012-12-12;113.67;2.363;41.703;41.04
2012-12-13;113.5;2.376;41.945;41.312
2012-12-14;113.67;2.363;41.239;40.576
2012-12-17;113.7;2.36;40.271;39.611
2012-12-18;113.43;2.381;40.35;39.745
2012-12-19;113.205;2.398;40.085;39.53
2012-12-20;113.515;2.373;39.944;39.32
2012-12-21;113.805;2.351;40.365;39.663
2012-12-24;113.825;2.349;39.877;39.186
2012-12-25;113.825;2.349;39.879;39.189
2012-12-26;113.825;2.349;39.879;39.188
2012-12-27;114.345;2.309;40.534;39.668
2012-12-28;114.453;2.3;41.059;40.155
2012-12-31;114.47;2.299;39.829;38.968
2013-01-01;114.47;2.299;39.836;38.977
2013-01-02;113.2;2.396;39.588;39.057
2013-01-03;112.658;2.438;39.282;38.894
2013-01-04;111.96;2.492;39.248;39.002
2013-01-07;112.42;2.456;39.726;39.356
2013-01-08;112.88;2.42;39.214;38.736
2013-01-09;112.945;2.415;39.032;38.561
2013-01-10;111.82;2.503;39.189;38.993
2013-01-11;111.45;2.532;38.239;38.11
2013-01-14;111.78;2.505;38.659;38.408
2013-01-15;112.145;2.477;38.617;38.271
2013-01-16;112.47;2.451;38.836;38.405
2013-01-17;111.868;2.498;40.48;40.103
2013-01-18;112.508;2.447;40.218;39.65
2013-01-21;112.35;2.46;40.035;39.503
2013-01-22;112.4;2.456;40.105;39.568
2013-01-23;112.585;2.441;39.465;38.93
2013-01-24;112.235;2.468;39.224;38.788
2013-01-25;111.56;2.521;38.891;38.545
2013-01-28;110.963;2.568;38.877;38.616
2013-01-29;111.055;2.561;39.028;38.75
2013-01-30;110.68;2.59;38.689;38.475
2013-01-31;110.815;2.579;39.774;39.517
2013-02-01;110.78;2.582;39.05;38.851
2013-02-04;111.292;2.541;39.531;39.223
2013-02-05;110.903;2.572;38.958;38.746
2013-02-06;110.947;2.568;39.097;38.876
2013-02-07;111.273;2.542;39.386;39.135
2013-02-08;111.098;2.556;39.213;39.027
2013-02-11;110.975;2.565;39.228;39.084
2013-02-12;110.665;2.59;39.573;39.503
2013-02-13;110.128;2.633;39.202;39.263
2013-02-14;110.417;2.61;38.686;38.711
2013-02-15;110.343;2.615;38.288;38.34
2013-02-18;110.57;2.597;38.381;38.374
2013-02-19;110.625;2.592;38.525;38.51
2013-02-20;110.155;2.63;38.028;38.137
2013-02-21;110.895;2.57;38.44;38.383
2013-02-22;111.015;2.561;38.356;38.307
2013-02-25;110.985;2.563;38.956;38.919
2013-02-26;111.728;2.503;38.91;38.687
2013-02-27;111.865;2.492;38.487;38.231
2013-02-28;112.145;2.47;39.228;38.921
2013-03-01;112.602;2.434;39.501;39.092
2013-03-04;112.475;2.443;39.121;38.752
2013-03-05;112.093;2.473;39.06;38.777
2013-03-06;112.253;2.46;39.096;38.782
2013-03-07;111.885;2.489;38.555;38.308
2013-03-08;111.61;2.511;38.544;38.354
2013-03-11;111.675;2.506;38.591;38.396
2013-03-12;112.08;2.473;38.413;38.142
2013-03-13;112.24;2.46;37.377;37.074
2013-03-14;112.31;2.455;37.05;36.743
2013-03-15;112.58;2.433;36.879;36.512
2013-03-18;112.953;2.404;36.878;36.423
2013-03-19;113.565;2.356;36.502;35.889
2013-03-20;113.213;2.383;35.883;35.338
2013-03-21;113.528;2.358;36.31;35.68
2013-03-22;113.455;2.363;36.139;35.516
2013-03-25;113.88;2.33;35.98;35.297
2013-03-26;113.51;2.358;35.849;35.248
2013-03-27;113.863;2.33;36.383;35.676
2013-03-28;113.648;2.347;36.588;35.91
2013-03-29;113.648;2.347;36.125;35.463
2013-04-01;113.648;2.347;36.124;35.464
2013-04-02;113.79;2.336;36.313;35.632
2013-04-03;113.873;2.329;36.072;35.398
2013-04-04;114.538;2.277;36.398;35.59
2013-04-05;115.368;2.213;34.579;33.614
2013-04-08;115.318;2.216;33.416;32.481
2013-04-09;114.99;2.241;32.711;31.875
2013-04-10;114.6;2.271;32.212;31.47
2013-04-11;114.898;2.248;31.172;30.415
2013-04-12;115.255;2.22;31.383;30.557
2013-04-15;115.558;2.196;30.841;29.982
2013-04-16;115.26;2.219;31.251;30.43
2013-04-17;115.663;2.187;31.219;30.333
2013-04-18;115.915;2.168;31.271;30.348
2013-04-19;115.58;2.193;31.191;30.319
2013-04-22;116.008;2.16;31.483;30.537
2013-04-23;116.06;2.156;31.677;30.717
2013-04-24;116.225;2.143;31.674;30.674
2013-04-25;116.415;2.128;31.573;30.531
2013-04-26;116.723;2.104;31.631;30.514
2013-04-29;117.0;2.083;31.739;30.575
2013-04-30;116.908;2.089;31.122;29.989
2013-05-01;116.963;2.085;31.482;30.324
2013-05-02;117.325;2.058;31.938;30.724
2013-05-03;115.96;2.161;31.385;30.468
2013-05-06;115.778;2.175;31.121;30.25
2013-05-07;115.423;2.202;30.157;29.341
2013-05-08;115.73;2.178;29.592;28.764
2013-05-09;115.778;2.174;29.727;28.889
2013-05-10;114.663;2.26;29.089;28.453
2013-05-13;115.19;2.219;28.546;27.844
2013-05-14;115.083;2.227;28.623;27.942
2013-05-15;115.03;2.231;28.308;27.647
2013-05-16;115.5;2.194;28.719;27.97
2013-05-17;115.55;2.19;28.874;28.125
2013-05-20;114.808;2.247;29.199;28.58
2013-05-21;114.563;2.266;28.945;28.365
2013-05-22;114.637;2.26;29.765;29.141
2013-05-23;114.425;2.276;28.706;28.127
2013-05-24;114.515;2.269;29.244;28.621
2013-05-27;114.205;2.293;28.658;28.093
2013-05-28;114.012;2.308;28.279;27.755
2013-05-29;113.468;2.35;28.129;27.693
2013-05-30;113.54;2.344;28.745;28.271
2013-05-31;113.715;2.33;28.659;28.169
2013-06-03;113.41;2.354;27.818;27.411
2013-06-04;113.185;2.372;28.661;28.26
2013-06-05;113.41;2.353;28.136;27.488
2013-06-06;113.055;2.381;30.718;30.246
2013-06-07;112.87;2.396;30.9;30.404
2013-06-10;112.15;2.453;33.151;32.74
2013-06-11;112.14;2.454;26.983;26.709
2013-06-12;112.21;2.448;28.951;28.634
2013-06-13;112.365;2.435;29.736;29.385
2013-06-14;112.975;2.386;29.966;29.509
2013-06-17;112.898;2.392;30.551;30.105
2013-06-18;112.075;2.458;32.471;32.154
2013-06-19;112.068;2.458;33.348;33.011
2013-06-20;110.643;2.574;32.637;32.53
2013-06-21;109.938;2.631;32.67;32.67
2013-06-24;108.92;2.716;32.774;32.946
2013-06-25;109.24;2.689;32.976;33.097
2013-06-26;109.495;2.667;32.879;33.01
2013-06-27;110.168;2.612;33.247;33.228
2013-06-28;110.11;2.616;33.194;33.201
2013-07-01;110.133;2.614;33.189;33.175
2013-07-02;110.265;2.603;33.411;33.385
2013-07-03;110.615;2.574;33.483;33.384
2013-07-04;110.6;2.575;33.488;33.445
2013-07-05;109.762;2.644;33.484;33.665
2013-07-08;109.855;2.636;33.407;33.587
2013-07-09;110.36;2.594;33.647;33.722
2013-07-10;110.238;2.604;33.4;33.479
2013-07-11;110.535;2.579;33.631;33.638
2013-07-12;111.208;2.524;33.716;33.558
2013-07-15;110.963;2.544;33.594;33.497
2013-07-16;111.303;2.516;33.781;33.608
2013-07-17;111.52;2.498;32.902;32.691
2013-07-18;111.758;2.478;33.666;33.419
2013-07-19;111.665;2.486;33.522;33.291
2013-07-22;111.72;2.481;33.713;33.452
2013-07-23;111.313;2.514;33.507;33.315
2013-07-24;110.423;2.587;33.083;33.065
2013-07-25;110.1;2.613;33.137;33.193
2013-07-26;110.15;2.609;32.808;32.859
2013-07-29;110.328;2.594;31.746;31.753
2013-07-30;110.268;2.599;31.067;31.086
2013-07-31;110.38;2.589;30.524;30.522
2013-08-01;110.393;2.588;30.373;30.368
2013-08-02;110.477;2.581;30.142;30.122
2013-08-05;110.193;2.604;29.975;30.006
2013-08-06;110.043;2.616;29.912;29.975
2013-08-07;110.24;2.6;29.336;29.351
2013-08-08;110.39;2.587;28.033;28.042
2013-08-09;110.548;2.574;27.76;27.742
2013-08-12;110.48;2.579;27.393;27.397
2013-08-13;109.3;2.677;26.866;27.07
2013-08-14;109.115;2.692;27.159;27.386
2013-08-15;108.493;2.745;26.151;26.5
2013-08-16;108.503;2.744;26.354;26.702
2013-08-19;108.408;2.752;25.801;26.153
2013-08-20;108.99;2.702;26.414;26.655
2013-08-21;108.605;2.735;26.502;26.831
2013-08-22;108.03;2.783;26.24;26.653
2013-08-23;107.945;2.79;25.996;26.387
2013-08-26;108.34;2.757;26.062;26.388
2013-08-27;108.86;2.713;26.839;27.081
2013-08-28;108.575;2.736;26.293;26.6
2013-08-29;108.715;2.724;26.26;26.538
2013-08-30;108.658;2.729;26.286;26.584
2013-09-02;108.248;2.764;26.046;26.4
2013-09-03;107.948;2.789;25.985;26.372
2013-09-04;107.865;2.796;26.518;26.917
2013-09-05;106.825;2.885;25.999;26.555
2013-09-06;107.773;2.803;26.337;26.721
2013-09-09;107.615;2.817;26.064;26.505
2013-09-10;106.88;2.88;26.235;26.778
2013-09-11;107.178;2.854;25.911;26.431
2013-09-12;107.703;2.809;26.46;26.901
2013-09-13;108.06;2.778;25.927;26.307
2013-09-16;108.435;2.746;25.986;26.314
2013-09-17;108.155;2.77;26.103;26.484
2013-09-18;107.727;2.806;25.719;26.154
2013-09-19;108.285;2.758;25.996;26.397
2013-09-20;107.99;2.783;25.934;26.373
2013-09-23;108.298;2.757;25.833;26.232
2013-09-24;109.043;2.693;26.027;27.032
2013-09-25;109.418;2.661;24.824;26.247
2013-09-26;109.245;2.676;26.008;27.21
2013-09-27;109.758;2.633;26.003;27.312
2013-09-30;109.857;2.624;25.679;27.008
2013-10-01;109.443;2.659;27.474;27.672
2013-10-02;109.322;2.669;26.739;26.958
2013-10-03;109.295;2.671;26.705;26.928
2013-10-04;108.61;2.729;27.064;27.409
2013-10-07;109.05;2.691;27.175;27.439
2013-10-08;108.975;2.697;27.008;27.268
2013-10-09;108.985;2.696;26.829;27.086
2013-10-10;108.51;2.736;26.404;26.764
2013-10-11;108.697;2.72;26.037;26.363
2013-10-14;108.783;2.713;26.004;26.314
2013-10-15;108.24;2.759;25.939;26.351
2013-10-16;108.075;2.773;25.843;26.269
2013-10-17;108.768;2.714;25.81;26.131
2013-10-18;109.183;2.678;25.929;26.189
2013-10-21;109.102;2.685;25.504;25.771
2013-10-22;109.7;2.634;25.712;25.9
2013-10-23;110.03;2.606;25.465;25.571
2013-10-24;110.035;2.606;25.172;25.276
2013-10-25;110.088;2.601;26.067;26.146
2013-10-28;110.128;2.597;25.435;25.504
2013-10-29;110.322;2.581;25.56;25.616
2013-10-30;110.935;2.529;25.321;25.291
2013-10-31;111.053;2.519;25.725;25.695
2013-11-01;110.863;2.535;25.61;25.628
2013-11-04;110.973;2.526;26.237;26.229
2013-11-05;110.23;2.588;26.074;26.174
2013-11-06;110.173;2.592;25.826;25.945
2013-11-07;110.83;2.537;25.739;25.795
2013-11-08;109.955;2.61;25.858;26.041
2013-11-11;109.96;2.61;25.79;25.977
2013-11-12;109.51;2.647;26.047;26.335
2013-11-13;110.12;2.596;26.188;26.364
2013-11-14;110.58;2.557;26.267;26.371
2013-11-15;110.515;2.562;26.081;26.189
2013-11-18;110.765;2.541;26.265;26.331
2013-11-19;110.393;2.572;26.18;26.301
2013-11-20;110.46;2.566;26.058;26.186
2013-11-21;110.417;2.569;26.296;26.427
2013-11-22;110.458;2.566;26.148;26.259
2013-11-25;110.762;2.54;25.986;26.044
2013-11-26;111.113;2.511;26.299;26.288
2013-11-27;110.68;2.546;26.269;26.346
2013-11-28;110.87;2.53;26.234;26.272
2013-11-29;110.91;2.527;26.271;26.303
2013-12-02;110.44;2.566;26.281;26.393
2013-12-03;110.755;2.54;26.262;26.323
2013-12-04;109.878;2.613;25.95;26.147
2013-12-05;109.47;2.647;26.089;26.35
2013-12-06;109.577;2.638;26.302;26.541
2013-12-09;109.5;2.645;26.161;26.414
2013-12-10;109.67;2.63;26.166;26.386
2013-12-11;109.91;2.609;26.241;26.402
2013-12-12;109.87;2.613;26.3;26.46
2013-12-13;110.095;2.593;26.355;26.476
2013-12-16;109.96;2.605;26.419;26.557
2013-12-17;110.105;2.592;26.409;26.531
2013-12-18;109.77;2.62;26.436;26.611
2013-12-19;109.477;2.645;25.982;26.219
2013-12-20;109.49;2.643;26.255;26.473
2013-12-23;109.268;2.662;26.161;26.413
2013-12-24;109.29;2.66;26.293;26.533
2013-12-25;109.29;2.66;25.63;25.855
2013-12-26;109.29;2.66;26.264;26.511
2013-12-27;108.538;2.724;26.096;26.465
2013-12-30;108.822;2.7;26.16;26.471
2013-12-31;108.748;2.706;26.999;27.33
2014-01-01;108.748;2.706;26.901;27.223
2014-01-02;108.645;2.715;26.192;26.541
2014-01-03;108.655;2.714;26.142;26.497
2014-01-06;108.99;2.685;26.473;26.773
2014-01-07;109.148;2.671;26.398;26.673
2014-01-08;108.718;2.708;26.436;26.77
2014-01-09;108.49;2.727;26.401;26.793
2014-01-10;109.128;2.672;26.343;26.639
2014-01-13;109.365;2.651;26.529;26.796
2014-01-14;109.39;2.649;26.56;26.813
2014-01-15;109.285;2.658;26.145;26.402
2014-01-16;109.7;2.622;26.428;26.624
2014-01-17;110.06;2.591;26.534;26.67
2014-01-20;110.285;2.572;26.693;26.798
2014-01-21;110.338;2.567;26.828;26.923
2014-01-22;110.128;2.585;26.626;26.742
2014-01-23;110.613;2.543;26.757;26.787
2014-01-24;111.005;2.51;27.009;26.963
2014-01-27;110.975;2.512;27.008;26.96
2014-01-28;110.895;2.519;26.954;26.928
2014-01-29;111.153;2.497;27.067;26.99
2014-01-30;111.352;2.48;26.969;26.875
2014-01-31;111.905;2.433;26.859;26.688
2014-02-03;112.018;2.424;26.748;26.552
2014-02-04;112.035;2.422;26.95;26.751
2014-02-05;112.202;2.408;27.033;26.797
2014-02-06;111.62;2.456;26.807;26.669
2014-02-07;111.947;2.429;27.145;26.96
2014-02-10;111.73;2.447;26.949;26.806
2014-02-11;111.73;2.446;26.831;26.69
2014-02-12;111.48;2.467;26.889;26.789
2014-02-13;111.928;2.429;27.095;26.923
2014-02-14;111.803;2.44;26.892;26.742
2014-02-17;111.723;2.446;26.859;26.729
2014-02-18;111.917;2.43;26.731;26.572
2014-02-19;111.963;2.425;26.943;26.777
2014-02-20;111.58;2.457;26.897;26.793
2014-02-21;111.783;2.44;26.864;26.727
2014-02-24;111.59;2.456;26.92;26.812
2014-02-25;112.012;2.42;26.957;26.764
2014-02-26;112.385;2.389;26.931;26.667
2014-02-27;112.92;2.344;27.366;27.019
2014-02-28;112.37;2.39;26.803;26.524
2014-03-03;113.098;2.329;27.063;26.669
2014-03-04;112.66;2.365;27.066;26.754
2014-03-05;112.568;2.372;26.688;26.401
2014-03-06;112.12;2.409;26.687;26.454
2014-03-07;111.945;2.424;26.622;26.417
2014-03-10;112.292;2.395;26.69;26.426
2014-03-11;112.078;2.413;26.494;26.284
2014-03-12;112.5;2.377;26.723;26.449
2014-03-13;113.153;2.322;26.696;26.321
2014-03-14;113.058;2.33;26.579;26.216
2014-03-17;112.815;2.35;26.702;26.378
2014-03-18;112.822;2.349;26.53;26.205
2014-03-19;112.52;2.374;26.516;26.231
2014-03-20;112.108;2.408;26.337;26.094
2014-03-21;112.255;2.396;26.546;26.27
2014-03-24;112.813;2.349;26.652;26.302
2014-03-25;112.97;2.335;26.585;26.215
2014-03-26;113.135;2.321;26.504;26.112
2014-03-27;113.44;2.295;26.751;26.3
2014-03-28;113.36;2.302;26.733;26.288
2014-03-31;113.26;2.31;26.315;25.89
2014-04-01;113.258;2.31;26.23;25.802
2014-04-02;112.778;2.35;25.917;25.578
2014-04-03;112.898;2.339;26.162;25.812
2014-04-04;113.528;2.287;26.596;26.147
2014-04-07;113.708;2.271;26.42;25.948
2014-04-08;113.393;2.297;26.247;25.814
2014-04-09;113.173;2.315;25.936;25.541
2014-04-10;113.748;2.267;26.395;25.901
2014-04-11;113.958;2.249;26.312;25.787
2014-04-14;113.738;2.268;26.396;25.906
2014-04-15;114.3;2.22;26.606;26.023
2014-04-16;114.18;2.23;26.5;25.937
2014-04-17;113.883;2.254;26.401;25.88
2014-04-18;113.883;2.254;23.577;23.127
2014-04-22;113.693;2.27;26.423;25.928
2014-04-23;113.76;2.263;26.523;26.005
2014-04-24;113.745;2.264;26.054;25.538
2014-04-25;114.3;2.218;25.912;25.3
2014-04-28;114.13;2.232;26.338;25.747
2014-04-29;114.098;2.234;26.131;25.566
2014-04-30;114.375;2.211;26.159;25.545
2014-05-01;114.425;2.206;26.712;26.081
2014-05-02;114.553;2.196;26.011;25.373
2014-05-05;114.463;2.203;25.287;24.683
2014-05-06;114.41;2.207;25.633;25.02
2014-05-07;114.393;2.208;25.086;24.486
2014-05-08;114.685;2.183;25.13;24.509
2014-05-09;114.505;2.198;24.971;24.384
2014-05-12;114.595;2.19;24.356;23.779
2014-05-13;115.218;2.139;24.357;23.708
2014-05-14;115.913;2.081;24.139;23.398
2014-05-15;116.648;2.021;24.643;23.77
2014-05-16;116.298;2.049;24.111;23.312
2014-05-19;116.105;2.065;24.034;23.26
2014-05-20;115.998;2.073;23.996;23.239
2014-05-21;115.743;2.093;23.858;23.133
2014-05-22;115.94;2.077;23.977;23.227
2014-05-23;115.805;2.088;24.051;23.318
2014-05-26;115.755;2.092;24.06;23.34
2014-05-27;116.23;2.053;23.554;22.794
2014-05-28;116.865;2.0;23.938;23.052
2014-05-29;116.7;2.013;23.515;22.675
2014-05-30;116.545;2.026;23.202;22.402
2014-06-02;116.465;2.032;23.155;22.374
2014-06-03;116.075;2.063;23.119;22.394
2014-06-04;115.9;2.077;22.494;21.813
2014-06-05;116.2;2.052;22.791;22.084
2014-06-06;116.828;2.001;22.73;21.937
2014-06-09;116.645;2.015;22.308;21.559
2014-06-10;116.445;2.031;21.392;20.708
2014-06-11;116.43;2.032;20.882;20.226
2014-06-12;116.465;2.029;20.289;19.656
2014-06-13;116.75;2.005;20.45;19.763
2014-06-16;116.995;1.985;20.537;19.816
2014-06-17;116.625;2.015;19.962;19.3
2014-06-18;116.945;1.988;20.182;19.47
2014-06-19;117.515;1.942;20.451;19.668
2014-06-20;117.27;1.961;19.88;19.151
2014-06-23;117.505;1.942;19.795;19.041
2014-06-24;117.53;1.94;19.795;19.036
2014-06-25;118.203;1.885;19.817;18.966
2014-06-26;118.447;1.865;19.723;18.85
2014-06-27;118.288;1.877;19.666;18.806
2014-06-30;118.5;1.86;19.614;18.74
2014-07-01;118.473;1.862;19.059;18.22
2014-07-02;117.993;1.9;18.846;18.054
2014-07-03;117.973;1.901;17.739;17.002
2014-07-04;118.235;1.88;17.488;16.744
2014-07-07;118.41;1.865;16.863;16.136
2014-07-08;118.925;1.824;16.63;15.861
2014-07-09;118.855;1.829;16.175;15.434
2014-07-10;119.322;1.791;15.549;14.786
2014-07-11;119.322;1.791;15.33;14.579
2014-07-14;119.29;1.793;15.145;14.404
2014-07-15;119.515;1.775;14.229;13.521
2014-07-16;119.765;1.754;14.119;13.398
2014-07-17;120.453;1.699;12.766;12.051
2014-07-18;120.53;1.693;12.418;11.718
2014-07-21;120.648;1.683;12.315;11.615
2014-07-22;120.39;1.703;12.354;11.663
2014-07-23;120.583;1.687;11.936;11.26
2014-07-24;120.18;1.719;11.841;11.201
2014-07-25;120.615;1.684;11.709;11.046
2014-07-28;120.788;1.67;11.992;11.3
2014-07-29;121.202;1.637;11.849;11.134
2014-07-30;120.475;1.694;11.097;10.469
2014-07-31;120.545;1.688;11.385;10.741
2014-08-01;120.723;1.673;11.444;10.79
2014-08-04;120.7;1.675;11.381;10.73
2014-08-05;120.4;1.698;10.372;9.791
2014-08-06;121.173;1.636;10.641;10.008
2014-08-07;121.67;1.597;10.397;9.734
2014-08-08;121.685;1.596;10.336;9.673
2014-08-11;121.585;1.603;10.193;9.548
2014-08-12;121.572;1.604;10.237;9.592
2014-08-13;121.955;1.573;9.868;9.239
2014-08-14;122.195;1.554;10.013;9.36
2014-08-15;123.095;1.484;10.374;9.632
2014-08-18;122.413;1.536;10.19;9.506
2014-08-19;122.795;1.506;9.702;9.021
2014-08-20;123.218;1.473;9.497;8.815
2014-08-21;123.183;1.475;9.425;8.75
2014-08-22;123.393;1.458;9.273;8.601
2014-08-25;123.955;1.415;5.243;4.857
2014-08-26;124.15;1.4;9.363;8.634
2014-08-27;124.545;1.368;9.318;8.583
2014-08-28;124.945;1.338;9.301;8.542
2014-08-29;124.788;1.349;8.96;8.243
2014-09-01;124.875;1.342;8.625;7.931
2014-09-02;124.083;1.402;9.081;8.382
2014-09-03;123.785;1.424;9.022;8.355
2014-09-04;123.325;1.459;8.952;8.335
2014-09-05;123.935;1.412;9.094;8.425
2014-09-08;123.648;1.433;9.625;8.939
2014-09-09;122.95;1.487;8.794;8.201
2014-09-10;122.825;1.496;8.526;7.953
2014-09-11;122.925;1.488;8.657;8.074
2014-09-12;122.36;1.531;9.084;8.505
2014-09-15;122.523;1.518;6.558;6.142
2014-09-16;122.465;1.522;8.924;8.35
2014-09-17;122.49;1.519;8.75;8.186
2014-09-18;122.085;1.551;8.938;8.385
2014-09-19;122.535;1.515;8.807;8.234
2014-09-22;123.035;1.476;6.153;5.75
2014-09-23;123.075;1.472;8.886;8.28
2014-09-24;123.153;1.465;8.627;8.038
2014-09-25;123.46;1.441;8.622;8.022
2014-09-26;123.523;1.436;8.855;8.232
2014-09-29;123.585;1.431;8.334;7.746
2014-09-30;123.713;1.42;8.904;8.266
2014-10-01;124.283;1.375;8.792;8.135
2014-10-02;124.29;1.374;8.548;7.907
2014-10-03;123.935;1.401;8.701;8.052
2014-10-06;124.053;1.392;8.295;7.675
2014-10-07;123.998;1.396;8.685;8.037
2014-10-08;124.012;1.395;8.936;8.268
2014-10-09;124.02;1.393;8.496;7.863
2014-10-10;124.148;1.383;8.631;7.982
2014-10-13;124.15;1.382;9.725;8.988
2014-10-14;124.968;1.319;8.481;7.802
2014-10-15;126.048;1.237;8.132;7.436
2014-10-16;124.793;1.331;8.208;7.555
2014-10-17;124.4;1.361;8.43;7.784
2014-10-20;124.408;1.36;7.958;7.35
2014-10-21;124.123;1.381;8.185;7.568
2014-10-22;124.158;1.378;8.547;7.9
2014-10-23;123.78;1.406;8.503;7.872
2014-10-24;123.968;1.391;8.421;7.787
2014-10-27;124.385;1.359;4.611;4.275
2014-10-28;124.363;1.36;7.97;7.361
2014-10-29;124.125;1.378;8.068;7.457
2014-10-30;124.8;1.325;7.908;7.282
2014-10-31;124.79;1.325;7.969;7.341
2014-11-03;124.708;1.331;9.586;8.83
2014-11-04;125.35;1.282;7.965;7.31
2014-11-05;125.07;1.303;8.024;7.371
2014-11-06;125.063;1.302;7.939;7.294
2014-11-07;125.322;1.282;7.908;7.261
2014-11-10;125.223;1.289;8.192;7.522
2014-11-11;125.263;1.286;7.908;7.261
2014-11-12;125.57;1.262;7.548;6.925
2014-11-13;125.76;1.246;7.61;6.975
2014-11-14;125.93;1.233;8.078;7.4
2014-11-17;125.638;1.255;10.491;9.604
2014-11-18;125.65;1.253;7.914;7.254
2014-11-19;125.018;1.301;7.678;7.049
2014-11-20;125.708;1.247;7.727;7.081
2014-11-21;126.083;1.218;7.773;7.1
2014-11-24;125.982;1.225;8.668;7.921
2014-11-25;126.43;1.191;7.626;6.948
2014-11-26;126.583;1.179;7.531;6.86
2014-11-27;127.053;1.142;7.752;7.042
2014-11-28;127.018;1.144;7.434;6.755
2014-12-01;126.602;1.175;12.022;10.92
2014-12-02;126.405;1.19;7.347;6.692
2014-12-03;126.173;1.207;7.586;6.921
2014-12-04;125.863;1.23;7.434;6.802
2014-12-05;125.723;1.24;7.402;6.78
2014-12-08;126.453;1.184;1.746;1.612
2014-12-09;126.838;1.154;6.949;6.322
2014-12-10;126.995;1.142;7.101;6.452
2014-12-11;127.055;1.136;6.998;6.357
2014-12-12;127.903;1.072;6.538;5.905
2014-12-15;127.795;1.079;7.452;6.728
2014-12-16;128.077;1.058;7.132;6.431
2014-12-17;128.135;1.053;6.91;6.229
2014-12-18;127.705;1.084;6.727;6.076
2014-12-19;127.92;1.067;6.801;6.142
2014-12-22;127.785;1.077;7.971;7.195
2014-12-23;127.903;1.066;6.564;5.93
2014-12-24;127.9;1.066;6.211;5.611
2014-12-25;127.9;1.066;5.862;5.301
2014-12-29;128.555;1.016;0.459;0.437
2014-12-30;128.792;0.997;6.116;5.485
2014-12-31;128.623;1.009;5.973;5.361
2015-01-01;128.623;1.009;6.264;5.62
2015-01-02;129.473;0.945;6.651;5.952
2015-01-05;129.308;0.957;7.896;7.065
2015-01-06;130.49;0.868;5.471;4.863
2015-01-07;129.805;0.919;5.802;5.174
2015-01-08;129.45;0.944;5.864;5.247
2015-01-09;129.668;0.927;5.953;5.315
2015-01-12;130.058;0.898;1.961;1.757
2015-01-13;129.913;0.908;5.944;5.291
2015-01-14;130.423;0.87;5.413;4.815
2015-01-15;130.387;0.871;5.807;5.168
2015-01-16;130.52;0.861;5.851;5.206
2015-01-19;130.642;0.851;3.519;3.142
2015-01-20;130.53;0.859;4.73;4.212
2015-01-21;129.488;0.936;3.219;2.894
2015-01-22;130.41;0.866;1.561;1.412
2015-01-23;131.705;0.77;-2.443;-2.122
2015-01-26;131.353;0.795;0.956;0.858
2015-01-27;131.705;0.769;-6.639;-5.815
2015-01-28;132.088;0.741;-7.216;-6.308
2015-01-29;131.748;0.764;-7.622;-6.676
2015-01-30;132.668;0.696;-8.067;-7.039
2015-02-02;132.475;0.71;-6.231;-5.435
2015-02-03;132.285;0.723;-8.948;-7.819
2015-02-04;132.163;0.732;-9.308;-8.138
2015-02-05;132.35;0.716;-9.995;-8.735
2015-02-06;132.313;0.719;-10.305;-9.008
2015-02-09;132.455;0.708;-10.885;-9.517
2015-02-10;132.457;0.707;-10.96;-9.58
2015-02-11;132.623;0.694;-11.172;-9.758
2015-02-12;133.035;0.663;-11.645;-10.137
2015-02-13;132.75;0.683;-11.663;-10.177
2015-02-16;132.943;0.669;-14.643;-12.77
2015-02-17;132.42;0.706;-11.898;-10.407
2015-02-18;132.158;0.725;-11.986;-10.496
2015-02-19;132.19;0.721;-12.195;-10.679
2015-02-20;132.207;0.719;-12.239;-10.718
2015-02-23;132.385;0.706;-14.036;-12.282
2015-02-24;132.465;0.699;-12.554;-10.99
2015-02-25;133.06;0.655;-13.22;-11.523
2015-02-26;133.4;0.629;-13.906;-12.104
2015-02-27;132.94;0.662;-13.726;-11.977
2015-03-02;132.948;0.661;-13.657;-11.916
2015-03-03;133.063;0.652;-15.966;-13.924
2015-03-04;132.738;0.675;-15.943;-13.929
2015-03-05;133.075;0.649;-17.066;-14.88
2015-03-06;132.3;0.705;-18.259;-16.008
2015-03-09;133.565;0.612;-29.252;-25.509
2015-03-10;134.82;0.521;-24.246;-20.968
2015-03-11;135.983;0.438;-31.173;-26.803
2015-03-12;135.615;0.462;-24.226;-20.841
2015-03-13;135.873;0.443;-30.952;-26.616
2015-03-16;136.24;0.417;-33.15;-28.466
2015-03-17;136.115;0.425;-30.911;-26.533
2015-03-18;137.18;0.349;-39.677;-33.9
2015-03-19;137.2;0.346;-29.089;-24.799
2015-03-20;137.135;0.35;-29.956;-25.555
2015-03-23;136.685;0.381;-25.672;-21.943
2015-03-24;136.48;0.395;-29.505;-25.264
2015-03-25;136.67;0.381;-29.833;-25.517
2015-03-26;136.635;0.382;-29.528;-25.265
2015-03-27;136.625;0.382;-29.88;-25.569
2015-03-30;136.655;0.379;-30.286;-25.91
2015-03-31;137.053;0.351;-30.348;-25.9
2015-04-01;137.065;0.347;-30.371;-25.919
2015-04-02;136.59;0.38;-30.419;-26.032
2015-04-07;136.7;0.371;-30.285;-25.906
2015-04-08;137.115;0.342;-30.486;-26.032
2015-04-09;137.215;0.333;-30.457;-25.993
2015-04-10;137.225;0.331;-30.428;-25.968
2015-04-13;137.31;0.325;-31.768;-27.109
2015-04-14;137.58;0.305;-30.494;-25.988
2015-04-15;138.093;0.268;-30.792;-26.152
2015-04-16;138.31;0.251;-31.002;-26.295
2015-04-17;138.363;0.247;-30.539;-25.888
2015-04-20;138.42;0.243;-30.997;-26.27
2015-04-21;138.065;0.267;-30.702;-26.068
2015-04-22;137.305;0.32;-30.06;-25.623
2015-04-23;137.35;0.315;-29.74;-25.351
2015-04-24;137.39;0.311;-28.932;-24.657
2015-04-27;137.243;0.321;-27.258;-23.237
2015-04-28;137.09;0.332;-27.646;-23.597
2015-04-29;135.47;0.445;-26.131;-22.494
2015-04-30;134.41;0.521;-25.035;-21.669
2015-05-01;134.59;0.508;-24.349;-21.056
2015-05-04;133.09;0.617;-11.634;-10.116
2015-05-05;132.06;0.693;-24.038;-21.098
2015-05-06;131.128;0.762;-23.457;-20.692
2015-05-07;131.19;0.756;-22.623;-19.941
2015-05-08;131.725;0.715;-22.283;-19.59
2015-05-11;130.8;0.784;-14.203;-12.531
2015-05-12;129.985;0.845;-20.423;-18.131
2015-05-13;129.178;0.906;-18.509;-16.517
2015-05-14;129.207;0.902;-18.543;-16.551
2015-05-15;130.012;0.841;-19.206;-17.044
2015-05-18;129.582;0.873;-16.695;-14.85
2015-05-19;130.233;0.823;-18.38;-16.293
2015-05-20;129.548;0.874;-18.031;-16.049
2015-05-21;129.27;0.894;-18.179;-16.219
2015-05-22;129.615;0.867;-18.659;-16.603
2015-05-25;129.503;0.875;-18.281;-16.281
2015-05-26;130.178;0.823;-18.641;-16.536
2015-05-27;130.045;0.833;-18.642;-16.552
2015-05-28;130.355;0.808;-19.557;-17.34
2015-05-29;130.933;0.764;-19.74;-17.435
2015-06-01;130.525;0.794;-14.792;-13.088
2015-06-02;128.78;0.927;-20.183;-18.057
2015-06-03;126.64;1.093;-20.201;-18.305
2015-06-04;127.03;1.061;-19.128;-17.279
2015-06-05;126.977;1.065;-19.691;-17.795
2015-06-08;126.365;1.112;-14.917;-13.522
2015-06-09;125.275;1.198;-19.109;-17.455
2015-06-10;124.94;1.224;-18.958;-17.348
2015-06-11;126.105;1.13;-18.968;-17.227
2015-06-12;126.5;1.099;-19.452;-17.633
2015-06-15;126.473;1.1;-21.837;-19.812
2015-06-16;126.387;1.107;-17.365;-15.74
2015-06-17;126.327;1.111;-17.242;-15.636
2015-06-18;126.223;1.118;-16.49;-14.958
2015-06-19;126.688;1.081;-16.239;-14.687
2015-06-22;125.42;1.181;-12.128;-11.048
2015-06-23;125.4;1.182;-16.319;-14.886
2015-06-24;125.665;1.16;-16.199;-14.747
2015-06-25;125.483;1.174;-16.506;-15.05
2015-06-26;124.775;1.23;-16.603;-15.201
2015-06-29;125.758;1.151;-25.571;-23.319
2015-06-30;125.99;1.132;-14.785;-13.436
2015-07-01;125.38;1.18;-14.634;-13.358
2015-07-02;124.792;1.226;-14.642;-13.415
2015-07-03;125.5;1.169;-14.68;-13.39
2015-07-06;125.725;1.15;-14.211;-12.936
2015-07-07;127.115;1.04;-14.27;-12.878
2015-07-08;126.982;1.05;-14.207;-12.828
2015-07-09;126.503;1.086;-14.201;-12.869
2015-07-10;124.648;1.234;-15.223;-13.945
2015-07-13;125.118;1.196;-19.668;-17.994
2015-07-14;125.333;1.178;-16.24;-14.837
2015-07-15;126.19;1.109;-16.309;-14.829
2015-07-16;126.118;1.114;-16.843;-15.317
2015-07-17;126.71;1.066;-16.68;-15.108
2015-07-20;127.043;1.039;-16.855;-15.234
2015-07-21;126.77;1.06;-16.586;-15.017
2015-07-22;127.33;1.016;-16.675;-15.052
2015-07-23;127.355;1.012;-16.886;-15.241
2015-07-24;127.98;0.963;-16.949;-15.231
2015-07-27;128.04;0.958;-16.782;-15.071
2015-07-28;127.943;0.965;-16.994;-15.273
2015-07-29;127.463;1.002;-16.748;-15.11
2015-07-30;128.188;0.944;-17.29;-15.517
2015-07-31;128.425;0.925;-17.144;-15.364
2015-08-03;128.535;0.915;-17.452;-15.637
2015-08-04;128.313;0.932;-17.512;-15.708
2015-08-05;126.97;1.038;-17.424;-15.757
2015-08-06;127.55;0.99;-17.435;-15.717
2015-08-07;128.21;0.938;-18.38;-16.501
2015-08-10;127.667;0.98;-17.482;-15.747
2015-08-11;128.615;0.905;-18.229;-16.334
2015-08-12;128.87;0.885;-18.06;-16.156
2015-08-13;128.593;0.905;-18.278;-16.38
2015-08-14;128.168;0.938;-17.866;-16.035
2015-08-17;128.538;0.908;-18.398;-16.489
2015-08-18;128.355;0.922;-18.448;-16.547
2015-08-19;128.665;0.897;-18.573;-16.639
2015-08-20;129.133;0.859;-18.785;-16.771
2015-08-21;129.358;0.841;-18.491;-16.481
2015-08-24;128.962;0.872;-18.49;-16.518
2015-08-25;127.343;0.998;-17.516;-15.808
2015-08-26;127.715;0.969;-17.277;-15.545
2015-08-27;127.292;1.001;-16.72;-15.096
2015-08-28;127.313;0.998;-16.682;-15.054
2015-08-31;126.645;1.051;-16.754;-15.168
2015-09-01;126.578;1.056;-17.192;-15.573
2015-09-02;126.828;1.036;-17.153;-15.522
2015-09-03;127.395;0.989;-17.116;-15.448
2015-09-04;128.038;0.938;-17.164;-15.419
2015-09-07;127.985;0.941;-17.36;-15.604
2015-09-08;127.845;0.952;-16.704;-15.024
2015-09-09;127.488;0.98;-16.402;-14.791
2015-09-10;127.57;0.972;-16.341;-14.724
2015-09-11;128.058;0.933;-16.651;-14.961
2015-09-14;127.935;0.942;-16.29;-14.646
2015-09-15;126.733;1.037;-15.433;-13.974
2015-09-16;126.305;1.071;-14.186;-12.872
2015-09-17;126.145;1.082;-13.541;-12.294
2015-09-18;127.34;0.986;-13.522;-12.193
2015-09-21;126.965;1.016;-13.059;-11.802
2015-09-22;127.923;0.939;-12.948;-11.632
2015-09-23;127.863;0.943;-12.893;-11.584
2015-09-24;127.745;0.951;-12.102;-10.873
2015-09-25;127.22;0.992;-12.7;-11.462
2015-09-28;127.908;0.937;-12.982;-11.66
2015-09-29;127.95;0.933;-12.995;-11.668
2015-09-30;127.83;0.942;-12.636;-11.355
2015-10-01;128.41;0.895;-12.726;-11.409
2015-10-02;128.778;0.865;-12.531;-11.196
2015-10-05;128.07;0.921;-12.769;-11.464
2015-10-06;127.738;0.947;-13.08;-11.76
2015-10-07;127.775;0.943;-13.044;-11.723
2015-10-08;127.865;0.934;-13.179;-11.838
2015-10-09;127.44;0.968;-13.088;-11.79
2015-10-12;127.998;0.923;-13.587;-12.203
2015-10-13;127.87;0.933;-13.797;-12.401
2015-10-14;128.332;0.895;-13.591;-12.195
2015-10-15;128.225;0.902;-13.69;-12.292
2015-10-16;128.253;0.9;-13.639;-12.246
2015-10-19;128.09;0.912;-14.107;-12.675
2015-10-20;127.525;0.957;-13.676;-12.316
2015-10-21;128.178;0.904;-13.645;-12.253
2015-10-22;128.75;0.857;-14.143;-12.659
2015-10-23;128.62;0.867;-13.966;-12.515
2015-10-26;128.885;0.845;-14.161;-12.669
2015-10-27;129.628;0.786;-14.331;-12.776
2015-10-28;129.748;0.776;-14.354;-12.802
2015-10-29;128.59;0.866;-14.242;-12.764
2015-10-30;128.71;0.856;-14.514;-12.996
2015-11-02;128.262;0.891;-14.636;-13.15
2015-11-03;128.195;0.896;-15.41;-13.861
2015-11-04;128.033;0.909;-15.591;-14.039
2015-11-05;128.125;0.9;-15.957;-14.365
2015-11-06;127.338;0.962;-15.65;-14.137
2015-11-09;127.84;0.921;-15.262;-13.76
2015-11-10;128.015;0.907;-15.013;-13.532
2015-11-11;128.05;0.904;-14.788;-13.326
2015-11-12;127.99;0.907;-14.704;-13.252
2015-11-13;128.418;0.872;-14.623;-13.137
2015-11-16;128.533;0.862;-14.103;-12.659
2015-11-17;128.645;0.853;-14.112;-12.662
2015-11-18;128.868;0.835;-14.16;-12.685
2015-11-19;129.228;0.805;-14.309;-12.803
2015-11-20;129.49;0.783;-14.41;-12.874
2015-11-23;129.158;0.809;-14.338;-12.841
2015-11-24;129.102;0.813;-14.229;-12.739
2015-11-25;129.457;0.784;-14.471;-12.935
2015-11-26;129.318;0.794;-14.001;-12.528
2015-11-27;129.392;0.787;-13.875;-12.406
2015-11-30;129.202;0.802;-13.909;-12.456
2015-12-01;129.338;0.791;-13.722;-12.28
2015-12-02;129.443;0.782;-13.752;-12.298
2015-12-03;127.41;0.943;-13.741;-12.4
2015-12-04;127.405;0.943;-13.968;-12.606
2015-12-07;128.398;0.862;-14.143;-12.693
2015-12-08;128.505;0.853;-14.236;-12.767
2015-12-09;128.155;0.881;-14.11;-12.684
2015-12-10;128.38;0.861;-14.177;-12.725
2015-12-11;128.77;0.829;-14.421;-12.919
2015-12-14;128.365;0.861;-14.656;-13.158
2015-12-15;127.638;0.919;-14.082;-12.695
2015-12-16;127.167;0.957;-14.318;-12.937
2015-12-17;128.015;0.887;-14.722;-13.243
2015-12-18;128.593;0.84;-14.477;-12.971
2015-12-21;128.322;0.861;-14.554;-13.058
2015-12-22;127.663;0.914;-14.637;-13.187
2015-12-23;127.245;0.946;-14.039;-12.668
2015-12-24;127.273;0.943;-14.193;-12.805
2015-12-25;127.273;0.943;-14.185;-12.798
2015-12-28;128.065;0.878;-14.215;-12.766
2015-12-29;127.308;0.939;-14.829;-13.381
2015-12-30;127.213;0.945;-14.659;-13.236
2015-12-31;127.213;0.944;;
2016-01-01;127.213;0.944;;
2016-01-04;127.948;0.884;-14.418;-12.966
2016-01-05;128.315;0.854;-14.484;-13.0
2016-01-06;128.7;0.822;-14.224;-12.744
2016-01-07;128.233;0.858;-13.903;-12.483
2016-01-08;128.565;0.831;-13.927;-12.484
2016-01-11;128.345;0.848;-13.432;-12.05
2016-01-12;128.475;0.837;-12.464;-11.168
2016-01-13;128.743;0.815;-12.222;-10.94
2016-01-14;128.51;0.832;-12.349;-11.067
2016-01-15;128.713;0.815;-11.92;-10.674
2016-01-18;128.707;0.815;-11.856;-10.618
2016-01-19;128.66;0.819;-11.795;-10.566
2016-01-20;129.358;0.762;-11.389;-10.153
2016-01-21;129.717;0.732;-11.631;-10.358
2016-01-22;129.345;0.761;-11.477;-10.242
2016-01-25;129.528;0.746;-11.943;-10.646
2016-01-26;129.725;0.729;-11.212;-9.982
2016-01-27;129.69;0.732;-10.903;-9.705
2016-01-28;129.93;0.711;-9.927;-8.826
2016-01-29;130.702;0.649;-9.417;-8.329
2016-02-01;130.505;0.664;-9.006;-7.973
2016-02-02;130.845;0.636;-9.096;-8.038
2016-02-03;131.375;0.594;-9.179;-8.097
2016-02-04;130.995;0.622;-9.342;-8.252
2016-02-05;131.075;0.615;-9.458;-8.351
2016-02-08;131.772;0.56;-9.219;-8.096
2016-02-09;131.535;0.578;-9.268;-8.156
2016-02-10;131.433;0.585;-9.312;-8.201
2016-02-11;131.828;0.552;-9.632;-8.457
2016-02-12;131.063;0.612;-9.439;-8.328
2016-02-15;131.445;0.581;-9.43;-8.302
2016-02-16;131.123;0.606;-9.165;-8.089
2016-02-17;131.185;0.601;-9.255;-8.168
2016-02-18;131.843;0.547;-9.775;-8.579
2016-02-19;131.915;0.541;-9.767;-8.57
2016-02-22;132.267;0.512;-9.434;-8.267
2016-02-23;132.243;0.514;-9.597;-8.411
2016-02-24;132.478;0.495;-9.849;-8.623
2016-02-25;132.467;0.494;-9.709;-8.501
2016-02-26;132.33;0.504;-9.088;-7.966
2016-02-29;132.855;0.462;-9.525;-8.319
2016-03-01;132.438;0.494;-9.517;-8.343
2016-03-02;131.683;0.553;-9.549;-8.397
2016-03-03;132.18;0.512;-9.368;-8.227
2016-03-04;131.498;0.565;-9.505;-8.366
2016-03-07;131.5;0.565;-8.75;-7.699
2016-03-08;131.998;0.525;-9.55;-8.387
2016-03-09;131.255;0.583;-9.555;-8.426
2016-03-10;130.688;0.626;-9.843;-8.7
2016-03-11;131.115;0.592;-11.267;-9.948
2016-03-14;131.078;0.594;-11.477;-10.136
2016-03-15;130.822;0.614;-11.838;-10.468
2016-03-16;130.993;0.6;-12.042;-10.643
2016-03-17;131.99;0.519;-12.755;-11.202
2016-03-18;132.135;0.506;-12.717;-11.164
2016-03-21;131.97;0.519;-13.866;-12.186
2016-03-22;132.155;0.504;-14.053;-12.342
2016-03-23;132.255;0.493;-13.965;-12.253
2016-03-24;132.38;0.482;-14.484;-12.694
2016-03-29;132.837;0.446;-14.502;-12.672
2016-03-30;132.647;0.46;-14.814;-12.96
2016-03-31;132.673;0.456;-15.294;-13.379
2016-04-01;132.885;0.439;-15.278;-13.346
2016-04-04;132.94;0.434;-15.393;-13.444
2016-04-05;133.283;0.406;-15.005;-13.087
2016-04-06;133.05;0.424;-15.243;-13.308
2016-04-07;133.333;0.4;-15.261;-13.314
2016-04-08;133.178;0.411;-14.987;-13.082
2016-04-11;133.005;0.424;-14.896;-13.013
2016-04-12;132.368;0.474;-14.696;-12.887
2016-04-13;132.82;0.437;-14.809;-12.954
2016-04-14;132.383;0.47;-14.859;-13.03
2016-04-15;132.878;0.43;-15.091;-13.191
2016-04-18;132.525;0.458;-14.951;-13.099
2016-04-19;132.397;0.467;-14.974;-13.128
2016-04-20;132.565;0.453;-14.992;-13.119
2016-04-21;131.587;0.529;-14.79;-13.005
2016-04-22;131.613;0.527;-14.9;-13.106
2016-04-25;131.243;0.556;-14.839;-13.078
2016-04-26;130.778;0.592;-14.563;-12.884
2016-04-27;130.925;0.58;-14.662;-12.968
2016-04-28;131.195;0.556;-14.812;-13.068
2016-04-29;131.05;0.567;-14.887;-13.142
2016-05-02;131.103;0.563;-14.677;-12.954
2016-05-03;131.913;0.497;-15.136;-13.305
2016-05-04;131.865;0.5;-15.038;-13.225
2016-05-05;132.35;0.46;-15.427;-13.522
2016-05-06;132.54;0.444;-15.549;-13.618
2016-05-09;132.815;0.421;-15.98;-13.975
2016-05-10;132.838;0.419;-15.947;-13.945
2016-05-11;132.74;0.426;-15.958;-13.945
2016-05-12;132.397;0.451;-15.687;-13.741
2016-05-13;132.788;0.42;-15.914;-13.909
2016-05-16;132.535;0.439;-15.823;-13.841
2016-05-17;132.618;0.432;-15.93;-13.943
2016-05-18;132.248;0.461;-16.173;-14.173
2016-05-19;132.253;0.458;-16.244;-14.25
2016-05-20;132.383;0.447;-16.827;-14.752
2016-05-23;132.138;0.466;-16.766;-14.728
2016-05-24;132.178;0.463;-16.859;-14.792
2016-05-25;132.53;0.434;-17.156;-15.021
2016-05-26;132.595;0.427;-16.97;-14.858
2016-05-27;132.623;0.424;-16.936;-14.805
2016-05-30;132.28;0.451;-17.14;-15.021
2016-05-31;132.658;0.42;-17.187;-15.024
2016-06-01;132.658;0.419;-17.396;-15.203
2016-06-02;132.765;0.409;-17.445;-15.226
2016-06-03;133.313;0.364;-17.7;-15.381
2016-06-06;132.965;0.391;-17.875;-15.568
2016-06-07;133.4;0.356;-18.282;-15.877
2016-06-08;133.305;0.363;-18.236;-15.833
2016-06-09;133.5;0.345;-17.857;-15.496
2016-06-10;133.703;0.329;-18.745;-16.26
2016-06-13;133.57;0.339;-18.487;-16.017
2016-06-14;133.715;0.326;-18.292;-15.833
2016-06-15;133.79;0.32;-18.42;-15.96
2016-06-16;133.97;0.304;-18.483;-16.005
2016-06-17;133.693;0.325;-18.531;-16.102
2016-06-20;133.453;0.343;-18.418;-15.991
2016-06-21;133.383;0.348;-18.959;-16.486
2016-06-22;133.06;0.373;-18.677;-16.262
2016-06-23;132.7;0.4;-18.953;-16.54
2016-06-24;133.772;0.314;-16.949;-14.682
2016-06-27;134.57;0.25;-17.583;-15.129
2016-06-28;134.53;0.252;-17.838;-15.378
2016-06-29;134.73;0.236;-18.126;-15.596
2016-06-30;134.8;0.228;-18.074;-15.564
2016-07-01;135.175;0.198;-18.911;-16.291
2016-07-04;135.593;0.165;-18.593;-15.962
2016-07-05;136.095;0.125;-19.744;-16.914
2016-07-06;136.055;0.127;-20.219;-17.34
2016-07-07;136.033;0.127;-20.712;-17.759
2016-07-08;136.378;0.099;-21.724;-18.597
2016-07-11;136.275;0.106;-22.418;-19.198
2016-07-12;135.517;0.165;-22.775;-19.558
2016-07-13;136.272;0.105;-23.264;-19.926
2016-07-14;135.913;0.131;-23.792;-20.394
2016-07-15;135.443;0.167;-23.78;-20.429
2016-07-18;135.707;0.146;-24.197;-20.765
2016-07-19;135.688;0.147;-24.072;-20.68
2016-07-20;135.448;0.165;-23.742;-20.4
2016-07-21;135.378;0.168;-23.581;-20.265
2016-07-22;135.423;0.164;-24.047;-20.656
2016-07-25;135.573;0.151;-24.054;-20.655
2016-07-26;135.503;0.156;-23.911;-20.533
2016-07-27;136.103;0.108;-24.342;-20.853
2016-07-28;136.205;0.098;-24.448;-20.928
2016-07-29;136.53;0.072;-24.866;-21.242
2016-08-01;136.433;0.079;-24.939;-21.323
2016-08-02;135.745;0.132;-25.414;-21.814
2016-08-03;135.878;0.121;-25.59;-21.96
2016-08-04;136.513;0.069;-25.953;-22.22
2016-08-05;136.24;0.09;-26.322;-22.561
2016-08-08;136.233;0.089;-26.47;-22.687
2016-08-09;136.527;0.066;-27.476;-23.521
2016-08-10;136.985;0.029;-28.001;-23.937
2016-08-11;136.825;0.039;-28.836;-24.627
2016-08-12;137.055;0.021;-29.644;-25.303
2016-08-15;136.635;0.053;-29.472;-25.203
2016-08-16;136.21;0.085;-29.913;-25.651
2016-08-17;136.435;0.067;-29.985;-25.652
2016-08-18;136.793;0.037;-30.227;-25.804
2016-08-19;136.215;0.081;-29.832;-25.574
2016-08-22;136.868;0.029;-30.107;-25.713
2016-08-23;136.97;0.021;-30.262;-25.832
2016-08-24;136.94;0.022;-30.512;-26.014
2016-08-25;136.74;0.036;-30.139;-25.725
2016-08-26;136.705;0.038;-30.144;-25.705
2016-08-29;136.82;0.028;-30.71;-26.194
2016-08-30;136.988;0.014;-30.161;-25.7
2016-08-31;136.658;0.039;-30.054;-25.689
2016-09-01;136.593;0.042;-29.604;-25.307
2016-09-02;136.325;0.062;-29.416;-25.233
2016-09-05;136.438;0.053;-29.386;-25.161
2016-09-06;137.035;0.005;-29.312;-25.064
2016-09-07;137.028;0.005;-29.524;-25.232
2016-09-08;136.435;0.049;-29.346;-25.112
2016-09-09;135.63;0.112;-28.935;-24.866
2016-09-12;135.45;0.126;-29.557;-25.433
2016-09-13;135.11;0.152;-29.301;-25.26
2016-09-14;135.575;0.115;-29.908;-25.735
2016-09-15;135.355;0.13;-29.3;-25.233
2016-09-16;135.54;0.114;-29.487;-25.402
2016-09-19;135.465;0.12;-29.493;-25.397
2016-09-20;135.855;0.088;-29.868;-25.669
2016-09-21;135.585;0.109;-29.487;-25.385
2016-09-22;136.655;0.021;-29.97;-25.634
2016-09-23;136.545;0.029;-30.109;-25.779
2016-09-26;136.775;0.011;-29.959;-25.622
2016-09-27;136.805;0.007;-29.864;-25.526
2016-09-28;136.985;-0.008;-31.053;-26.52
2016-09-29;136.745;0.009;-30.747;-26.298
2016-09-30;136.642;0.017;-30.586;-26.171
2016-10-03;136.402;0.035;-30.829;-26.408
2016-10-04;136.0;0.066;-30.469;-26.162
2016-10-05;135.435;0.11;-30.427;-26.22
2016-10-06;135.63;0.093;-30.887;-26.604
2016-10-07;135.115;0.133;-30.511;-26.338
2016-10-10;134.605;0.173;-30.46;-26.374
2016-10-11;134.975;0.143;-30.474;-26.328
2016-10-12;134.568;0.175;-30.286;-26.228
2016-10-13;134.873;0.148;-30.282;-26.178
2016-10-14;134.61;0.169;-30.451;-26.367
2016-10-17;134.665;0.164;-30.064;-26.019
2016-10-18;134.888;0.145;-30.231;-26.107
2016-10-19;134.985;0.136;-30.803;-26.584
2016-10-20;135.23;0.114;-31.078;-26.809
2016-10-21;135.142;0.121;-31.261;-26.946
2016-10-24;134.948;0.136;-31.187;-26.903
2016-10-25;134.96;0.134;-30.982;-26.716
2016-10-26;134.398;0.179;-31.214;-26.967
2016-10-27;133.583;0.243;-31.258;-27.159
2016-10-28;133.615;0.24;-30.895;-26.831
2016-10-31;133.71;0.231;-31.074;-27.032
2016-11-01;133.398;0.256;-30.651;-26.705
2016-11-02;133.81;0.221;-30.965;-26.854
2016-11-03;133.38;0.255;-30.805;-26.771
2016-11-04;133.623;0.234;-30.949;-26.858
2016-11-07;133.423;0.25;-30.891;-26.846
2016-11-08;133.053;0.279;-31.533;-27.452
2016-11-09;132.735;0.305;-30.479;-26.586
2016-11-10;131.88;0.374;-30.335;-26.572
2016-11-11;131.515;0.403;-30.12;-26.457
2016-11-14;131.293;0.421;-30.154;-26.499
2016-11-15;131.295;0.42;-29.932;-26.369
2016-11-16;131.4;0.411;-29.894;-26.238
2016-11-17;131.418;0.407;-29.532;-25.929
2016-11-18;131.375;0.41;-28.857;-25.342
2016-11-21;131.455;0.403;-28.747;-25.236
2016-11-22;131.755;0.377;-27.686;-24.28
2016-11-23;131.475;0.4;-27.615;-24.243
2016-11-24;131.413;0.403;-26.933;-23.641
2016-11-25;131.045;0.433;-23.978;-21.05
2016-11-28;131.332;0.409;-22.814;-20.017
2016-11-29;131.325;0.408;-23.466;-20.604
2016-11-30;130.683;0.462;-23.369;-20.628
2016-12-01;129.678;0.545;-23.254;-20.547
2016-12-02;130.625;0.464;-23.266;-20.495
2016-12-05;130.243;0.496;-23.532;-20.779
2016-12-06;129.708;0.541;-23.25;-20.592
2016-12-07;129.968;0.518;-23.623;-20.906
2016-12-08;129.628;0.545;-24.051;-21.355
2016-12-09;129.577;0.549;-23.167;-20.554
2016-12-12;129.053;0.593;-23.375;-20.971
2016-12-13;129.55;0.55;-23.55;-20.894
2016-12-14;130.12;0.5;-23.629;-20.921
2016-12-15;129.423;0.558;-24.257;-21.535
2016-12-16;129.868;0.519;-23.954;-21.377
2016-12-19;130.477;0.467;-24.066;-21.224
2016-12-20;130.202;0.489;-24.516;-21.58
2016-12-21;130.44;0.468;-24.546;-21.658
2016-12-22;130.115;0.493;-24.55;-21.694
2016-12-23;130.503;0.46;-24.861;-21.928
2016-12-26;130.503;0.46;-26.861;-23.769
2016-12-27;130.39;0.469;-23.404;-20.613
2016-12-28;130.645;0.446;-24.344;-21.485
2016-12-29;131.08;0.407;-25.07;-22.045
2016-12-30;130.78;0.432;-24.867;-21.885
2017-01-02;130.875;0.423;-24.633;-21.696
2017-01-03;130.383;0.465;-24.622;-21.738
2017-01-04;130.293;0.472;-24.286;-21.417
2017-01-05;130.628;0.441;-25.083;-22.075
2017-01-06;130.043;0.49;-24.903;-22.022
2017-01-09;130.365;0.462;-25.076;-22.134
2017-01-10;130.27;0.47;-24.511;-21.633
2017-01-11;130.66;0.435;-24.452;-21.534
2017-01-12;130.725;0.428;-24.671;-21.727
2017-01-13;130.508;0.446;-24.815;-21.936
2017-01-16;130.577;0.439;-24.917;-21.96
2017-01-17;130.447;0.45;-23.893;-21.132
2017-01-18;129.885;0.497;-22.118;-19.546
2017-01-19;129.478;0.53;-21.779;-19.461
2017-01-20;129.05;0.567;-21.715;-19.269
2017-01-23;129.625;0.516;-22.078;-19.604
2017-01-24;129.12;0.559;-21.616;-19.164
2017-01-25;128.603;0.604;-21.464;-19.107
2017-01-26;128.392;0.62;-22.084;-19.66
2017-01-27;128.575;0.604;-21.953;-19.528
2017-01-30;128.615;0.599;-21.904;-19.477
2017-01-31;128.707;0.591;-22.196;-19.612
2017-02-01;128.35;0.621;-21.781;-19.18
2017-02-02;128.762;0.583;-21.457;-19.279
2017-02-03;128.8;0.579;-21.356;-18.967
2017-02-06;128.96;0.565;-21.53;-19.109
2017-02-07;128.977;0.563;-20.609;-18.254
2017-02-08;129.503;0.516;-20.855;-18.189
2017-02-09;129.315;0.53;-20.371;-17.794
2017-02-10;129.017;0.556;-19.377;-17.153
2017-02-13;128.74;0.579;-18.894;-16.745
2017-02-14;128.337;0.614;-18.323;-16.283
2017-02-15;128.397;0.608;-17.928;-15.949
2017-02-16;128.84;0.567;-18.246;-16.18
2017-02-17;129.058;0.548;-18.059;-15.993
2017-02-20;128.957;0.556;-18.013;-15.944
2017-02-21;128.87;0.563;-17.85;-15.844
2017-02-22;128.938;0.556;-18.329;-16.103
2017-02-23;129.368;0.516;-18.269;-16.168
2017-02-24;129.785;0.479;-18.472;-16.198
2017-02-27;129.827;0.475;-18.343;-16.188
2017-02-28;129.822;0.475;-18.148;-16.027
2017-03-01;129.39;0.512;-18.131;-16.076
2017-03-02;128.843;0.558;-18.5;-16.377
2017-03-03;128.395;0.597;-18.584;-16.568
2017-03-06;128.512;0.586;-18.371;-16.322
2017-03-07;128.61;0.576;-18.537;-16.498
2017-03-08;128.335;0.6;-19.262;-17.162
2017-03-09;127.663;0.657;-19.478;-17.405
2017-03-10;127.163;0.701;-20.389;-18.271
2017-03-13;127.428;0.677;-20.673;-18.515
2017-03-14;127.768;0.646;-21.68;-19.377
2017-03-15;128.098;0.616;-22.328;-19.958
2017-03-16;127.925;0.63;-22.54;-20.182
2017-03-17;128.115;0.612;-22.726;-20.289
2017-03-20;127.988;0.623;-22.421;-20.009
2017-03-21;127.868;0.633;-22.321;-19.942
2017-03-22;128.27;0.596;-22.56;-20.095
2017-03-23;128.118;0.608;-22.683;-20.25
2017-03-24;128.29;0.592;-22.809;-20.357
2017-03-27;128.505;0.572;-22.469;-20.028
2017-03-28;128.603;0.563;-22.585;-20.112
2017-03-29;128.843;0.541;-22.364;-19.901
2017-03-30;128.945;0.53;-22.261;-19.797
2017-03-31;128.903;0.533;-22.275;-19.817
2017-04-03;129.275;0.499;-22.063;-19.671
2017-04-04;129.288;0.498;-22.234;-19.752
2017-04-05;129.265;0.499;-22.244;-19.768
2017-04-06;129.223;0.501;-22.512;-20.005
2017-04-07;129.538;0.472;-22.958;-20.389
2017-04-10;129.615;0.465;-22.519;-19.958
2017-04-11;129.663;0.46;-23.066;-20.449
2017-04-12;129.723;0.451;-23.164;-20.528
2017-04-13;129.855;0.439;-23.25;-20.571
2017-04-14;129.855;0.439;-23.412;-20.738
2017-04-17;129.855;0.439;-22.317;-19.788
2017-04-18;130.265;0.402;-23.108;-20.387
2017-04-19;129.895;0.434;-23.381;-20.715
2017-04-20;129.493;0.467;-23.598;-20.901
2017-04-21;129.16;0.496;-23.63;-20.977
2017-04-24;128.9;0.518;-23.514;-21.0
2017-04-25;128.415;0.561;-23.93;-21.325
2017-04-26;128.708;0.534;-25.53;-22.726
2017-04-27;129.215;0.486;-26.269;-23.34
2017-04-28;128.985;0.506;-26.667;-23.706
2017-05-01;128.985;0.506;-26.156;-23.372
2017-05-02;128.93;0.51;-26.911;-23.949
2017-05-03;129.048;0.499;-27.097;-24.097
2017-05-04;128.485;0.547;-27.999;-24.943
2017-05-05;128.322;0.561;-27.197;-24.255
2017-05-08;128.39;0.554;-27.366;-24.203
2017-05-09;128.39;0.553;-27.824;-24.83
2017-05-10;128.57;0.537;-27.501;-24.499
2017-05-11;128.548;0.536;-27.641;-24.631
2017-05-12;128.9;0.504;-27.759;-24.702
2017-05-15;128.608;0.53;-27.47;-24.467
2017-05-16;128.512;0.538;-27.525;-24.541
2017-05-17;128.918;0.501;-27.841;-24.771
2017-05-18;129.115;0.481;-27.42;-24.346
2017-05-19;128.897;0.5;-27.511;-24.465
2017-05-22;128.568;0.528;-27.341;-24.33
2017-05-23;128.438;0.539;-27.352;-24.367
2017-05-24;128.418;0.541;-27.345;-24.374
2017-05-25;128.71;0.512;-27.634;-24.592
2017-05-26;129.008;0.485;-27.8;-24.697
2017-05-29;129.155;0.471;-27.91;-24.772
2017-05-30;129.2;0.466;-27.513;-24.662
2017-05-31;129.125;0.472;-27.887;-24.756
2017-06-01;128.98;0.483;-27.532;-24.45
2017-06-02;129.115;0.47;-27.787;-24.67
2017-06-05;129.027;0.478;-27.31;-24.275
2017-06-06;129.308;0.452;-27.963;-24.78
2017-06-07;129.248;0.456;-27.953;-24.778
2017-06-08;129.348;0.445;-27.725;-24.561
2017-06-09;129.468;0.434;-29.367;-26.007
2017-06-12;129.653;0.417;-29.873;-26.424
2017-06-13;129.483;0.431;-30.193;-26.703
2017-06-14;129.965;0.387;-30.965;-27.344
2017-06-15;129.563;0.421;-30.821;-27.265
2017-06-16;129.65;0.412;-30.719;-27.254
2017-06-19;129.713;0.406;-32.115;-28.403
2017-06-20;129.952;0.384;-32.325;-28.563
2017-06-21;130.01;0.378;-32.996;-28.918
2017-06-22;130.207;0.358;-32.891;-28.985
2017-06-23;130.068;0.37;-32.824;-28.957
2017-06-26;130.093;0.367;-32.892;-28.998
2017-06-27;129.023;0.462;-32.541;-28.842
2017-06-28;129.118;0.453;-32.782;-29.089
2017-06-29;128.25;0.529;-32.215;-28.702
2017-06-30;128.115;0.541;-32.219;-28.709
2017-07-03;127.982;0.552;-32.301;-28.812
2017-07-04;127.863;0.562;-32.136;-28.704
2017-07-05;127.893;0.559;-32.485;-29.007
2017-07-06;127.188;0.621;-32.35;-29.321
2017-07-07;127.013;0.637;-32.314;-29.0
2017-07-10;127.36;0.604;-32.021;-28.985
2017-07-11;127.268;0.612;-31.846;-28.519
2017-07-12;127.602;0.581;-31.851;-28.488
2017-07-13;127.385;0.599;-31.852;-28.532
2017-07-14;127.423;0.594;-32.25;-28.879
2017-07-17;127.503;0.586;-31.834;-28.805
2017-07-18;127.678;0.57;-32.017;-28.617
2017-07-19;127.868;0.552;-32.137;-28.703
2017-07-20;127.822;0.554;-32.048;-28.807
2017-07-21;128.028;0.534;-31.618;-28.579
2017-07-24;128.005;0.535;-32.14;-28.749
2017-07-25;127.518;0.579;-31.554;-28.596
2017-07-26;127.545;0.576;-32.164;-28.809
2017-07-27;127.65;0.564;-31.944;-28.647
2017-07-28;127.5;0.578;-32.148;-28.77
2017-07-31;127.48;0.579;-32.651;-29.154
2017-08-01;127.943;0.535;-31.951;-28.525
2017-08-02;127.983;0.531;-32.019;-28.592
2017-08-03;128.24;0.505;-32.203;-28.671
2017-08-04;128.2;0.508;-32.956;-29.42
2017-08-07;128.258;0.502;-32.834;-29.271
2017-08-08;128.16;0.511;-32.408;-29.262
2017-08-09;128.56;0.473;-32.713;-29.133
2017-08-10;128.658;0.462;-32.842;-29.216
2017-08-11;128.925;0.437;-32.777;-29.451
2017-08-14;128.663;0.46;-33.024;-29.393
2017-08-15;128.493;0.475;-33.092;-29.47
2017-08-16;128.395;0.483;-33.22;-29.629
2017-08-17;128.715;0.452;-34.094;-30.352
2017-08-18;128.835;0.44;-34.56;-30.756
2017-08-21;128.998;0.425;-35.022;-31.146
2017-08-22;128.973;0.426;-34.671;-30.812
2017-08-23;129.095;0.414;-34.702;-30.823
2017-08-24;129.075;0.414;-35.143;-31.233
2017-08-25;128.97;0.423;-34.531;-30.7
2017-08-28;128.998;0.419;-34.769;-30.907
2017-08-29;129.332;0.388;-34.971;-31.038
2017-08-30;129.235;0.396;-34.754;-30.864
2017-08-31;129.218;0.396;-34.598;-30.735
2017-09-01;129.125;0.403;-34.728;-30.887
2017-09-04;129.228;0.393;-34.899;-31.022
2017-09-05;129.498;0.368;-34.969;-31.029
2017-09-06;129.332;0.382;-35.048;-31.108
2017-09-07;129.477;0.367;-35.217;-31.251
2017-09-08;129.418;0.371;-35.464;-31.459
2017-09-11;129.275;0.384;-35.738;-31.75
2017-09-12;128.725;0.433;-35.981;-32.068
2017-09-13;128.808;0.425;-35.902;-31.971
2017-09-14;128.75;0.428;-36.788;-32.771
2017-09-15;128.443;0.456;-36.477;-32.554
2017-09-18;128.322;0.466;-37.136;-33.17
2017-09-19;128.392;0.459;-36.767;-32.818
2017-09-20;128.548;0.444;-37.259;-33.228
2017-09-21;128.373;0.458;-37.351;-33.335
2017-09-22;128.398;0.455;-37.283;-33.264
2017-09-25;128.738;0.422;-37.424;-33.338
2017-09-26;128.707;0.425;-37.808;-33.686
2017-09-27;128.2;0.471;-37.439;-33.451
2017-09-28;127.988;0.488;-36.662;-32.817
2017-09-29;128.133;0.474;-37.376;-33.418
2017-10-02;128.218;0.465;-37.616;-33.614
2017-10-03;128.093;0.476;-37.604;-33.635
2017-10-04;128.188;0.467;-37.527;-33.54
2017-10-05;128.24;0.46;-37.646;-33.636
2017-10-06;128.183;0.464;-38.172;-34.111
2017-10-09;128.355;0.448;-37.915;-33.854
2017-10-10;128.373;0.445;-38.206;-34.115
2017-10-11;128.215;0.459;-38.711;-34.597
2017-10-12;128.36;0.443;-38.558;-34.433
2017-10-13;128.648;0.416;-38.876;-34.669
2017-10-16;128.957;0.386;-39.101;-34.814
2017-10-17;129.137;0.369;-39.923;-35.498
2017-10-18;128.883;0.392;-40.318;-35.909
2017-10-19;128.85;0.393;-40.293;-35.893
2017-10-20;128.327;0.44;-39.934;-35.668
2017-10-23;128.545;0.419;-39.863;-35.569
2017-10-24;128.218;0.449;-40.119;-35.853
2017-10-25;128.048;0.464;-39.867;-35.659
2017-10-26;128.603;0.41;-39.918;-35.609
2017-10-27;128.738;0.397;-40.04;-35.696
2017-10-30;128.945;0.377;-40.365;-35.923
2017-10-31;129.035;0.368;-40.787;-36.281
2017-11-01;128.903;0.379;-40.615;-36.152
2017-11-02;128.938;0.374;-40.724;-36.242
2017-11-03;129.028;0.365;-40.974;-36.45
2017-11-06;129.265;0.342;-41.141;-36.538
2017-11-07;129.298;0.338;-40.968;-36.388
2017-11-08;129.397;0.328;-42.119;-37.392
2017-11-09;128.943;0.368;-41.693;-37.113
2017-11-10;128.678;0.392;-41.944;-37.397
2017-11-13;128.637;0.395;-42.013;-37.479
2017-11-14;128.832;0.376;-42.105;-37.5
2017-11-15;129.003;0.359;-42.092;-37.447
2017-11-16;128.998;0.357;-41.994;-37.359
2017-11-17;129.13;0.344;-42.586;-37.86
2017-11-20;129.135;0.343;-42.892;-38.137
2017-11-21;129.255;0.331;-42.45;-37.706
2017-11-22;129.288;0.327;-42.7;-37.929
2017-11-23;129.345;0.32;-42.944;-38.137
2017-11-24;129.19;0.333;-42.843;-38.061
2017-11-27;129.345;0.318;-42.838;-38.029
2017-11-28;129.332;0.318;-43.092;-38.231
2017-11-29;128.952;0.353;-42.686;-37.951
2017-11-30;129.053;0.341;-42.505;-37.77
2017-12-01;129.483;0.3;-42.547;-37.733
2017-12-04;129.275;0.319;-42.568;-37.794
2017-12-05;129.433;0.303;-42.607;-37.813
2017-12-06;129.568;0.29;-42.931;-38.059
2017-12-07;129.4;0.303;-42.736;-37.93
2017-12-08;129.275;0.314;-42.472;-37.715
2017-12-11;129.398;0.302;-42.571;-37.768
2017-12-12;129.202;0.32;-42.683;-37.895
2017-12-13;129.23;0.316;-42.543;-37.763
2017-12-14;129.318;0.305;-42.679;-37.88
2017-12-15;129.4;0.297;-42.466;-37.67
2017-12-18;129.342;0.302;-42.882;-38.049
2017-12-19;128.795;0.352;-42.779;-38.045
2017-12-20;128.498;0.379;-42.543;-37.911
2017-12-21;128.355;0.389;-42.745;-38.127
2017-12-22;128.175;0.405;-41.747;-37.257
2017-12-25;128.175;0.405;-41.737;-37.259
2017-12-26;128.175;0.405;-41.77;-37.257
2017-12-27;128.598;0.365;-43.181;-38.472
2017-12-28;128.363;0.384;-43.193;-38.506
2017-12-29;128.298;0.389;-43.27;-38.587
2018-01-01;128.298;0.389;-43.312;-38.612
2018-01-02;128.03;0.414;-43.219;-38.605
2018-01-03;128.152;0.401;-42.038;-37.522
2018-01-04;128.015;0.412;-40.003;-35.711
2018-01-05;127.943;0.418;-39.557;-35.33
2018-01-08;128.043;0.408;-39.388;-35.157
2018-01-09;127.725;0.437;-39.116;-34.952
2018-01-10;127.518;0.456;-38.735;-34.696
2018-01-11;127.098;0.494;-38.617;-34.646
2018-01-12;126.977;0.505;-38.603;-34.617
2018-01-15;126.818;0.52;-37.8;-33.921
2018-01-16;126.978;0.504;-36.798;-33.037
2018-01-17;126.928;0.508;-36.303;-32.536
2018-01-18;126.663;0.531;-35.129;-31.58
2018-01-19;126.523;0.544;-34.256;-30.796
2018-01-22;126.448;0.551;-33.745;-30.374
2018-01-23;126.43;0.552;-33.258;-29.922
2018-01-24;126.208;0.572;-32.888;-29.626
2018-01-25;125.998;0.591;-33.034;-29.795
2018-01-26;125.778;0.611;-32.602;-29.418
2018-01-29;125.103;0.677;-31.819;-28.825
2018-01-30;124.988;0.688;-29.345;-26.595
2018-01-31;124.598;0.725;-25.539;-23.168
2018-02-01;124.023;0.78;-21.934;-19.967
2018-02-02;123.635;0.818;-21.648;-19.77
2018-02-05;123.865;0.795;-21.94;-20.026
2018-02-06;124.29;0.752;-22.395;-20.362
2018-02-07;124.108;0.769;-23.902;-21.75
2018-02-08;123.92;0.786;-24.581;-22.415
2018-02-09;123.988;0.778;-25.184;-22.955
2018-02-12;123.77;0.8;-25.536;-23.31
2018-02-13;123.828;0.793;-25.834;-23.579
2018-02-14;123.768;0.798;-25.586;-23.36
2018-02-15;123.72;0.801;-25.901;-23.672
2018-02-16;124.13;0.759;-25.978;-23.673
2018-02-19;123.895;0.782;-26.073;-23.795
2018-02-20;123.88;0.783;-26.211;-23.913
2018-02-21;124.075;0.763;-26.642;-24.265
2018-02-22;124.088;0.759;-26.705;-24.305
2018-02-23;124.473;0.72;-27.186;-24.67
2018-02-26;124.5;0.717;-27.237;-24.711
2018-02-27;124.383;0.728;-27.196;-24.71
2018-02-28;124.553;0.71;-27.285;-24.779
2018-03-01;124.595;0.704;-27.395;-24.873
2018-03-02;124.53;0.71;-27.003;-24.549
2018-03-05;124.563;0.706;-27.426;-24.912
2018-03-06;124.353;0.726;-27.189;-24.722
2018-03-07;124.553;0.705;-27.338;-24.824
2018-03-08;124.645;0.694;-27.084;-24.591
2018-03-09;124.523;0.705;-27.017;-24.561
2018-03-12;124.625;0.694;-26.984;-24.509
2018-03-13;124.74;0.682;-27.043;-24.531
2018-03-14;124.953;0.66;-27.204;-24.631
2018-03-15;125.138;0.64;-27.163;-24.594
2018-03-16;125.148;0.638;-27.205;-24.634
2018-03-19;125.115;0.64;-27.282;-24.694
2018-03-20;125.008;0.65;-27.615;-25.014
2018-03-21;124.908;0.66;-27.608;-25.024
2018-03-22;125.333;0.615;-27.799;-25.143
2018-03-23;125.323;0.615;-28.139;-25.459
2018-03-26;125.353;0.612;-28.126;-25.435
2018-03-27;125.573;0.589;-28.453;-25.699
2018-03-28;125.66;0.576;-29.011;-26.192
2018-03-29;125.708;0.571;-29.181;-26.339
2018-03-30;125.708;0.571;-28.987;-26.164
2018-04-02;125.708;0.571;-28.987;-26.164
2018-04-03;125.903;0.551;-30.469;-27.466
2018-04-04;125.953;0.545;-30.589;-27.563
2018-04-05;125.785;0.559;-31.202;-28.149
2018-04-06;125.953;0.542;-30.839;-27.793
2018-04-09;125.898;0.547;-30.456;-27.454
2018-04-10;125.917;0.544;-30.74;-27.702
2018-04-11;126.033;0.532;-31.024;-27.94
2018-04-12;125.88;0.545;-30.736;-27.695
2018-04-13;125.883;0.544;-30.911;-27.853
2018-04-16;125.775;0.554;-30.804;-27.783
2018-04-17;125.915;0.539;-30.759;-27.719
2018-04-18;125.79;0.551;-30.791;-27.764
2018-04-19;125.235;0.604;-30.474;-27.586
2018-04-20;125.23;0.604;-30.307;-27.434
2018-04-23;124.938;0.632;-30.411;-27.572
2018-04-24;124.91;0.634;-29.75;-26.97
2018-04-25;124.85;0.64;-29.904;-27.119
2018-04-26;125.125;0.61;-29.86;-27.041
2018-04-27;125.262;0.594;-29.701;-26.88
2018-04-30;125.343;0.585;-29.644;-26.805
2018-05-01;125.343;0.585;-29.521;-26.691
2018-05-02;125.2;0.599;-29.593;-26.789
2018-05-03;125.578;0.559;-29.619;-26.749
2018-05-04;125.542;0.562;-29.859;-26.97
2018-05-07;125.593;0.556;-29.742;-26.839
2018-05-08;125.303;0.584;-29.51;-26.695
2018-05-09;125.255;0.588;-28.915;-26.17
2018-05-10;125.208;0.591;-28.731;-25.963
2018-05-11;125.143;0.596;-28.906;-26.146
2018-05-14;124.727;0.638;-28.909;-26.199
2018-05-15;124.438;0.666;-28.693;-26.042
2018-05-16;124.615;0.648;-28.785;-26.111
2018-05-17;124.308;0.677;-28.362;-25.79
2018-05-18;124.683;0.638;-28.151;-25.516
2018-05-21;124.91;0.614;-27.942;-25.294
2018-05-22;124.708;0.634;-28.072;-25.445
2018-05-23;124.99;0.604;-27.069;-24.488
2018-05-24;125.178;0.583;-26.205;-23.687
2018-05-25;125.485;0.551;-24.595;-22.153
2018-05-28;125.753;0.523;-24.708;-22.212
2018-05-29;125.917;0.506;-23.069;-20.661
2018-05-30;125.227;0.575;-22.614;-20.342
2018-05-31;125.498;0.545;-22.628;-20.336
2018-06-01;125.28;0.566;-22.957;-20.703
2018-06-04;125.093;0.585;-23.193;-20.981
2018-06-05;125.36;0.557;-23.53;-21.192
2018-06-06;124.635;0.63;-23.556;-21.315
2018-06-07;124.385;0.653;-23.326;-21.169
2018-06-08;124.545;0.636;-23.553;-21.329
2018-06-11;124.408;0.649;-23.303;-21.126
2018-06-12;124.428;0.646;-22.514;-20.369
2018-06-13;124.538;0.634;-22.275;-20.163
2018-06-14;124.975;0.587;-22.679;-20.55
2018-06-15;125.285;0.555;-22.412;-20.268
2018-06-18;125.425;0.54;-22.322;-20.16
2018-06-19;125.653;0.516;-22.284;-20.105
2018-06-20;125.55;0.526;-22.447;-20.235
2018-06-21;125.667;0.511;-22.469;-20.23
2018-06-22;125.56;0.521;-22.193;-20.002
2018-06-25;125.57;0.52;-22.253;-20.058
2018-06-26;125.398;0.536;-21.86;-19.718
2018-06-27;125.54;0.521;-22.059;-19.896
2018-06-28;125.565;0.516;-21.959;-19.817
2018-06-29;125.66;0.506;-22.129;-19.944
2018-07-02;125.615;0.51;-21.936;-19.79
2018-07-03;125.685;0.502;-22.024;-19.854
2018-07-04;125.695;0.5;-21.945;-19.778
2018-07-05;125.675;0.499;-22.187;-19.999
2018-07-06;125.68;0.498;-21.989;-19.819
2018-07-09;125.71;0.494;-22.155;-19.967
2018-07-10;125.525;0.512;-22.155;-19.998
2018-07-11;125.55;0.509;-22.179;-20.014
2018-07-12;125.593;0.502;-22.167;-19.991
2018-07-13;125.67;0.493;-22.45;-20.247
2018-07-16;125.488;0.511;-22.443;-20.255
2018-07-17;125.633;0.496;-22.413;-20.218
2018-07-18;125.663;0.492;-22.478;-20.267
2018-07-19;125.688;0.487;-22.685;-20.438
2018-07-20;125.42;0.513;-22.58;-20.383
2018-07-23;125.178;0.538;-22.543;-20.37
2018-07-24;125.262;0.528;-22.54;-20.36
2018-07-25;125.318;0.522;-22.737;-20.523
2018-07-26;125.183;0.533;-22.889;-20.676
2018-07-27;125.143;0.536;-22.728;-20.542
2018-07-30;124.845;0.566;-22.829;-20.659
2018-07-31;124.858;0.564;-22.846;-20.681
2018-08-01;124.66;0.584;-22.94;-20.783
2018-08-02;124.695;0.578;-22.866;-20.696
2018-08-03;124.993;0.546;-22.921;-20.693
2018-08-06;125.105;0.534;-23.013;-20.754
2018-08-07;124.958;0.548;-22.833;-20.612
2018-08-08;125.018;0.541;-22.915;-20.684
2018-08-09;125.108;0.53;-22.931;-20.677
2018-08-10;125.458;0.493;-22.951;-20.651
2018-08-13;125.51;0.486;-23.041;-20.727
2018-08-14;125.44;0.493;-23.001;-20.721
2018-08-15;125.6;0.475;-23.009;-20.708
2018-08-16;125.477;0.486;-23.002;-20.731
2018-08-17;125.563;0.476;-22.937;-20.651
2018-08-20;125.58;0.473;-22.816;-20.549
2018-08-21;125.428;0.488;-22.75;-20.498
2018-08-22;125.408;0.49;-22.888;-20.639
2018-08-23;125.403;0.488;-22.968;-20.704
2018-08-24;125.36;0.491;-23.021;-20.76
2018-08-27;125.213;0.506;-23.127;-20.847
2018-08-28;125.165;0.51;-22.621;-20.419
2018-08-29;124.96;0.53;-22.31;-20.171
2018-08-30;125.223;0.501;-22.174;-19.977
2018-08-31;125.355;0.486;-22.345;-20.12
2018-09-03;125.328;0.488;-22.316;-20.112
2018-09-04;125.233;0.497;-22.245;-20.051
2018-09-05;125.058;0.515;-22.236;-20.048
2018-09-06;125.14;0.504;-22.053;-19.912
2018-09-07;124.928;0.525;-22.013;-19.869
2018-09-10;124.868;0.53;-22.044;-19.913
2018-09-11;124.67;0.55;-21.984;-19.887
2018-09-12;124.77;0.539;-21.82;-19.699
2018-09-13;124.69;0.545;-21.695;-19.614
2018-09-14;124.52;0.562;-21.841;-19.769
2018-09-17;124.443;0.569;-21.784;-19.731
2018-09-18;124.318;0.582;-21.547;-19.527
2018-09-19;124.17;0.596;-21.3;-19.307
2018-09-20;124.153;0.596;-20.735;-18.802
2018-09-21;124.197;0.59;-20.421;-18.52
2018-09-24;123.848;0.627;-20.575;-18.691
2018-09-25;123.57;0.655;-20.674;-18.807
2018-09-26;123.667;0.644;-20.685;-18.797
2018-09-27;123.623;0.647;-20.573;-18.701
2018-09-28;123.925;0.614;-20.747;-18.828
2018-10-01;123.835;0.622;-20.73;-18.815
2018-10-02;124.06;0.598;-20.193;-18.31
2018-10-03;123.768;0.628;-20.312;-18.444
2018-10-04;123.345;0.671;-20.385;-18.559
2018-10-05;123.025;0.704;-20.005;-18.26
2018-10-08;123.285;0.676;-20.395;-18.575
2018-10-09;123.178;0.686;-20.356;-18.556
2018-10-10;123.11;0.693;-20.252;-18.471
2018-10-11;123.273;0.673;-20.56;-18.723
2018-10-12;123.385;0.66;-20.473;-18.633
2018-10-15;123.363;0.662;-20.565;-18.726
2018-10-16;123.493;0.647;-20.408;-18.575
2018-10-17;123.748;0.619;-20.421;-18.565
2018-10-18;123.903;0.6;-20.661;-18.765
2018-10-19;123.575;0.634;-19.582;-17.832
2018-10-22;123.67;0.623;-20.396;-18.567
2018-10-23;123.9;0.598;-20.058;-18.243
2018-10-24;123.923;0.595;-19.823;-18.027
2018-10-25;123.855;0.599;-19.652;-17.875
2018-10-26;124.213;0.56;-19.59;-17.78
2018-10-29;124.063;0.576;-19.735;-17.933
2018-10-30;124.083;0.573;-19.526;-17.736
2018-10-31;123.955;0.586;-19.266;-17.511
2018-11-01;123.852;0.594;-19.018;-17.304
2018-11-02;123.77;0.602;-18.883;-17.195
2018-11-05;123.77;0.601;-18.926;-17.24
2018-11-06;123.725;0.605;-18.989;-17.298
2018-11-07;123.63;0.615;-18.923;-17.244
2018-11-08;123.53;0.623;-18.886;-17.21
2018-11-09;123.81;0.592;-19.025;-17.305
2018-11-12;123.9;0.582;-19.155;-17.393
2018-11-13;123.788;0.593;-18.682;-16.988
2018-11-14;123.86;0.584;-18.454;-16.763
2018-11-15;123.998;0.567;-17.352;-15.752
2018-11-16;123.898;0.577;-16.942;-15.391
2018-11-19;123.815;0.585;-16.042;-14.59
2018-11-20;123.915;0.574;-15.449;-14.046
2018-11-21;123.808;0.584;-15.332;-13.935
2018-11-22;123.83;0.579;-14.975;-13.615
2018-11-23;123.99;0.561;-14.817;-13.45
2018-11-26;123.843;0.576;-14.331;-13.037
2018-11-27;123.89;0.57;-14.168;-12.877
2018-11-28;123.865;0.572;-14.192;-12.902
2018-11-29;124.075;0.547;-14.116;-12.819
2018-11-30;124.12;0.542;-14.12;-12.832
2018-12-03;124.155;0.537;-14.292;-12.991
2018-12-04;124.408;0.509;-14.511;-13.158
2018-12-05;124.218;0.528;-14.411;-13.07
2018-12-06;124.365;0.51;-14.399;-13.069
2018-12-07;124.308;0.515;-14.266;-12.948
2018-12-10;124.31;0.514;-14.284;-12.967
2018-12-11;124.255;0.519;-14.15;-12.83
2018-12-12;124.02;0.544;-13.974;-12.692
2018-12-13;124.063;0.537;-14.22;-12.927
2018-12-14;124.22;0.519;-13.991;-12.718
2018-12-17;124.167;0.524;-14.151;-12.858
2018-12-18;124.33;0.505;-14.226;-12.915
2018-12-19;124.423;0.495;-13.929;-12.639
2018-12-20;124.56;0.477;-14.364;-13.028
2018-12-21;124.352;0.497;-13.61;-12.345
2018-12-24;124.352;0.496;-13.197;-11.998
2018-12-25;124.352;0.496;-13.19;-11.999
2018-12-26;124.352;0.496;-13.211;-11.998
2018-12-27;124.525;0.475;-13.645;-12.381
2018-12-28;124.58;0.467;-13.509;-12.251
2018-12-31;124.58;0.466;-13.526;-12.258
2019-01-01;124.58;0.466;-13.528;-12.258
2019-01-02;125.148;0.404;-13.885;-12.542
2019-01-03;125.05;0.412;-12.298;-11.101
2019-01-04;124.608;0.459;-11.885;-10.757
2019-01-07;124.453;0.475;-10.987;-9.97
2019-01-08;124.16;0.506;-9.493;-8.641
2019-01-09;124.12;0.51;-9.752;-8.872
2019-01-10;124.225;0.495;-10.037;-9.12
2019-01-11;124.328;0.483;-10.429;-9.459
2019-01-14;124.403;0.474;-9.987;-9.065
2019-01-15;124.683;0.443;-11.487;-10.416
2019-01-16;124.59;0.452;-11.353;-10.3
2019-01-17;124.503;0.459;-11.543;-10.471
2019-01-18;124.358;0.474;-11.737;-10.672
2019-01-21;124.418;0.467;-11.977;-10.857
2019-01-22;124.593;0.447;-12.285;-11.126
2019-01-23;124.76;0.428;-12.439;-11.24
2019-01-24;125.025;0.396;-12.236;-11.049
2019-01-25;124.953;0.403;-12.595;-11.382
2019-01-28;124.963;0.401;-13.132;-11.843
2019-01-29;125.088;0.387;-13.216;-11.914
2019-01-30;125.203;0.373;-13.237;-11.906
2019-01-31;125.483;0.34;-12.485;-11.235
2019-02-01;125.22;0.368;-12.737;-11.472
2019-02-04;125.143;0.375;-12.548;-11.311
2019-02-05;125.173;0.371;-12.666;-11.402
2019-02-06;125.303;0.356;-13.082;-11.757
2019-02-07;125.575;0.324;-13.191;-11.847
2019-02-08;125.82;0.296;-13.358;-11.988
2019-02-11;125.64;0.315;-13.417;-12.04
2019-02-12;125.525;0.327;-13.283;-11.939
2019-02-13;125.505;0.328;-13.456;-12.086
2019-02-14;125.598;0.315;-13.634;-12.248
2019-02-15;125.593;0.315;-13.75;-12.348
2019-02-18;125.56;0.317;-13.765;-12.367
2019-02-19;125.67;0.304;-13.958;-12.535
2019-02-20;125.762;0.293;-13.921;-12.514
2019-02-21;125.53;0.316;-13.912;-12.502
2019-02-22;125.733;0.293;-14.08;-12.632
2019-02-25;125.68;0.298;-14.231;-12.77
2019-02-26;125.66;0.299;-14.574;-13.093
2019-02-27;125.43;0.323;-14.756;-13.257
2019-02-28;125.175;0.348;-14.866;-13.379
2019-03-01;125.17;0.348;-15.026;-13.506
2019-03-04;125.368;0.325;-15.712;-14.101
2019-03-05;125.32;0.33;-15.395;-13.828
2019-03-06;125.73;0.284;-16.112;-14.447
2019-03-07;126.315;0.217;-16.438;-14.71
2019-03-08;126.428;0.204;-16.982;-15.156
2019-03-11;126.378;0.209;-16.666;-14.893
2019-03-12;126.355;0.21;-16.7;-14.922
2019-03-13;126.31;0.214;-16.81;-15.014
2019-03-14;126.19;0.224;-17.068;-15.254
2019-03-15;126.203;0.222;-16.893;-15.097
2019-03-18;126.29;0.211;-17.009;-15.192
2019-03-19;126.195;0.221;-17.102;-15.303
2019-03-20;126.24;0.215;-17.145;-15.333
2019-03-21;126.505;0.183;-17.099;-15.272
2019-03-22;126.868;0.143;-17.043;-15.171
2019-03-25;126.923;0.136;-17.215;-15.318
2019-03-26;126.773;0.151;-17.181;-15.283
2019-03-27;127.408;0.081;-17.077;-15.155
2019-03-28;127.183;0.103;-17.131;-15.214
2019-03-29;127.065;0.114;-17.099;-15.189
2019-04-01;126.853;0.136;-17.213;-15.31
2019-04-02;127.042;0.115;-17.585;-15.625
2019-04-03;126.65;0.157;-17.495;-15.575
2019-04-04;126.733;0.145;-17.901;-15.927
2019-04-05;126.663;0.151;-18.009;-16.028
2019-04-08;126.695;0.147;-18.075;-16.082
2019-04-09;126.788;0.136;-18.054;-16.054
2019-04-10;127.025;0.109;-17.993;-15.985
2019-04-11;126.9;0.119;-18.256;-16.232
2019-04-12;126.52;0.16;-18.8;-16.749
2019-04-15;126.498;0.161;-19.163;-17.08
2019-04-16;126.425;0.168;-19.158;-17.08
2019-04-17;126.308;0.176;-19.624;-17.515
2019-04-18;126.71;0.131;-19.674;-17.507
2019-04-19;126.71;0.131;-19.718;-17.552
2019-04-22;126.71;0.131;-19.709;-17.552
2019-04-23;126.585;0.144;-19.855;-17.694
2019-04-24;127.012;0.096;-20.253;-18.008
2019-04-25;126.9;0.105;-20.409;-18.155
2019-04-26;126.98;0.096;-20.618;-18.35
2019-04-29;126.885;0.104;-20.844;-18.545
2019-04-30;126.813;0.111;-20.61;-18.346
2019-05-01;126.813;0.111;-20.777;-18.495
2019-05-02;126.728;0.117;-20.807;-18.515
2019-05-03;126.71;0.118;-20.929;-18.635
2019-05-06;126.813;0.106;-20.523;-18.276
2019-05-07;127.163;0.066;-21.233;-18.859
2019-05-08;127.17;0.065;-21.664;-19.237
2019-05-09;127.128;0.066;-21.567;-19.146
2019-05-10;127.128;0.065;-21.676;-19.227
2019-05-13;127.305;0.045;-21.907;-19.426
2019-05-14;127.383;0.035;-21.757;-19.285
2019-05-15;127.505;0.021;-21.827;-19.334
2019-05-16;127.395;0.03;-21.683;-19.213
2019-05-17;127.505;0.017;-21.686;-19.203
2019-05-20;127.408;0.026;-21.645;-19.175
2019-05-21;127.318;0.035;-21.68;-19.203
2019-05-22;127.428;0.022;-21.536;-19.084
2019-05-23;127.637;-0.004;-21.63;-19.14
2019-05-24;127.595;-0.001;-21.629;-19.143
2019-05-27;127.763;-0.02;-21.471;-18.984
2019-05-28;127.838;-0.029;-21.046;-18.589
2019-05-29;127.953;-0.043;-20.84;-18.381
2019-05-30;127.888;-0.039;-20.98;-18.514
2019-05-31;128.05;-0.058;-20.755;-18.293
2019-06-03;128.108;-0.065;-20.804;-18.292
2019-06-04;128.24;-0.081;-20.874;-18.359
2019-06-05;128.52;-0.113;-20.924;-18.407
2019-06-06;128.53;-0.117;-21.119;-18.501
2019-06-07;128.7;-0.137;-21.288;-18.669
2019-06-10;128.41;-0.106;-21.393;-18.788
2019-06-11;128.563;-0.124;-21.658;-18.963
2019-06-12;128.61;-0.13;-21.727;-19.063
2019-06-13;128.645;-0.137;-21.899;-19.211
2019-06-14;128.767;-0.152;-21.944;-19.242
2019-06-17;128.688;-0.144;-21.963;-19.231
2019-06-18;129.335;-0.216;-22.641;-19.865
2019-06-19;129.08;-0.189;-22.996;-20.052
2019-06-20;129.193;-0.205;-23.041;-20.106
2019-06-21;128.915;-0.176;-23.28;-20.265
2019-06-24;129.118;-0.199;-23.094;-20.112
2019-06-25;129.308;-0.221;-23.267;-20.223
2019-06-26;129.115;-0.201;-23.319;-20.322
2019-06-27;129.27;-0.221;-23.241;-20.24
2019-06-28;129.35;-0.231;-23.291;-20.294
2019-07-01;129.565;-0.256;-23.473;-20.465
2019-07-02;129.61;-0.262;-23.226;-20.199
2019-07-03;129.837;-0.287;-22.895;-19.857
2019-07-04;130.06;-0.315;-23.518;-20.35
2019-07-05;129.785;-0.286;-23.563;-20.369
2019-07-08;129.762;-0.285;-23.084;-19.973
2019-07-09;129.57;-0.265;-23.725;-20.557
2019-07-10;129.245;-0.231;-23.104;-20.111
2019-07-11;128.832;-0.189;-22.832;-19.873
2019-07-12;128.74;-0.18;-23.116;-20.145
2019-07-15;129.07;-0.217;-23.01;-20.072
2019-07-16;129.155;-0.228;-23.114;-20.106
2019-07-17;129.505;-0.267;-23.231;-20.181
2019-07-18;129.61;-0.282;-23.099;-20.069
2019-07-19;129.72;-0.295;-22.687;-19.732
2019-07-22;129.813;-0.307;-22.741;-19.731
2019-07-23;129.88;-0.315;-22.738;-19.732
2019-07-24;130.055;-0.336;-22.722;-19.695
2019-07-25;130.003;-0.333;-22.86;-19.796
2019-07-26;130.04;-0.339;-22.84;-19.819
2019-07-29;130.045;-0.34;-22.918;-19.943
2019-07-30;130.072;-0.345;-23.04;-20.02
2019-07-31;130.38;-0.379;-23.284;-20.188
2019-08-01;130.485;-0.394;-23.3;-20.136
2019-08-02;130.85;-0.435;-22.882;-19.802
2019-08-05;130.988;-0.452;-23.694;-20.473
2019-08-06;131.065;-0.461;-23.653;-20.422
2019-08-07;131.4;-0.499;-23.225;-20.014
2019-08-08;131.22;-0.483;-23.146;-19.963
2019-08-09;131.26;-0.488;-22.714;-19.585
2019-08-12;131.295;-0.493;-22.692;-19.534
2019-08-13;131.44;-0.51;-22.815;-19.613
2019-08-14;131.905;-0.562;-23.133;-19.792
2019-08-15;132.668;-0.648;-23.013;-19.779
2019-08-16;132.625;-0.645;-22.059;-18.799
2019-08-19;131.983;-0.577;-20.939;-17.885
2019-08-20;132.163;-0.597;-21.037;-18.001
2019-08-21;131.81;-0.561;-20.986;-17.867
2019-08-22;131.415;-0.521;-20.571;-17.565
2019-08-23;131.613;-0.544;-20.384;-17.545
2019-08-26;131.645;-0.549;-21.119;-18.129
2019-08-27;131.983;-0.587;-20.871;-17.901
2019-08-28;132.218;-0.614;-20.946;-17.939
2019-08-29;132.04;-0.598;-20.79;-17.856
2019-08-30;132.053;-0.601;-20.872;-17.944
2019-09-02;132.078;-0.605;-21.05;-18.104
2019-09-03;132.073;-0.606;-21.28;-18.177
2019-09-04;131.843;-0.582;-21.348;-18.33
2019-09-05;131.19;-0.514;-20.731;-17.82
2019-09-06;131.52;-0.552;-21.274;-18.298
2019-09-09;131.233;-0.522;-21.25;-18.366
2019-09-10;130.97;-0.494;-21.122;-18.276
2019-09-11;130.965;-0.495;-21.041;-18.254
2019-09-12;130.443;-0.441;-21.521;-18.409
2019-09-13;129.9;-0.382;-22.157;-19.147
2019-09-16;130.283;-0.426;-22.621;-19.565
2019-09-17;130.373;-0.437;-22.666;-19.574
2019-09-18;130.618;-0.465;-23.121;-19.946
2019-09-19;130.558;-0.462;-22.998;-19.845
2019-09-20;130.605;-0.469;-23.181;-20.027
2019-09-23;131.063;-0.52;-23.506;-20.269
2019-09-24;131.21;-0.538;-23.403;-20.155
2019-09-25;130.94;-0.509;-23.696;-20.439
2019-09-26;130.895;-0.508;-23.229;-20.072
2019-09-27;130.82;-0.501;-22.845;-19.755
2019-09-30;130.783;-0.498;-23.391;-20.221
2019-10-01;130.8;-0.502;-22.711;-19.647
2019-10-02;130.695;-0.491;-22.8;-19.75
2019-10-03;130.925;-0.52;-22.921;-19.832
2019-10-04;130.89;-0.518;-22.618;-19.575
2019-10-07;130.795;-0.509;-22.883;-19.811
2019-10-08;130.86;-0.517;-22.543;-19.516
2019-10-09;130.467;-0.475;-22.205;-19.261
2019-10-10;129.925;-0.418;-21.723;-18.909
2019-10-11;129.665;-0.39;-22.255;-19.415
2019-10-14;129.77;-0.403;-22.251;-19.428
2019-10-15;129.483;-0.372;-22.034;-19.233
2019-10-16;129.197;-0.341;-21.691;-18.991
2019-10-17;129.315;-0.358;-21.961;-19.236
2019-10-18;129.063;-0.331;-21.831;-19.136
2019-10-21;128.808;-0.303;-21.743;-19.107
2019-10-22;128.947;-0.32;-21.837;-19.171
2019-10-23;129.207;-0.35;-22.045;-19.302
2019-10-24;129.17;-0.35;-21.772;-19.09
2019-10-25;128.767;-0.305;-21.54;-18.92
2019-10-28;128.587;-0.286;-21.928;-19.299
2019-10-29;128.68;-0.298;-21.849;-19.246
2019-10-30;128.628;-0.293;-21.778;-19.205
2019-10-31;128.96;-0.335;-21.794;-19.2
2019-11-01;128.853;-0.324;-21.922;-19.24
2019-11-04;128.637;-0.3;-21.866;-19.268
2019-11-05;128.438;-0.279;-21.927;-19.339
2019-11-06;128.582;-0.296;-22.205;-19.581
2019-11-07;127.893;-0.221;-21.737;-19.257
2019-11-08;128.008;-0.235;-21.698;-19.258
2019-11-11;127.917;-0.226;-21.618;-19.14
2019-11-12;128.003;-0.237;-21.419;-18.99
2019-11-13;128.293;-0.272;-21.529;-18.997
2019-11-14;128.512;-0.301;-21.652;-19.13
2019-11-15;128.403;-0.289;-21.535;-19.013
2019-11-18;128.355;-0.285;-21.506;-18.96
2019-11-19;128.322;-0.282;-20.96;-18.5
2019-11-20;128.36;-0.288;-20.934;-18.469
2019-11-21;128.16;-0.269;-20.466;-18.05
2019-11-22;128.313;-0.287;-19.863;-17.538
2019-11-25;128.24;-0.28;-19.819;-17.485
2019-11-26;128.357;-0.295;-19.65;-17.312
2019-11-27;128.357;-0.296;-18.972;-16.703
2019-11-28;128.262;-0.289;-19.107;-16.816
2019-11-29;128.19;-0.282;-18.987;-16.716
2019-12-02;127.683;-0.224;-18.751;-16.541
2019-12-03;128.158;-0.281;-18.518;-16.382
2019-12-04;127.875;-0.249;-18.516;-16.4
2019-12-05;127.688;-0.231;-18.458;-16.338
2019-12-06;127.625;-0.225;-18.36;-16.29
2019-12-09;127.778;-0.244;-18.661;-16.533
2019-12-10;127.695;-0.235;-18.418;-16.321
2019-12-11;127.873;-0.257;-18.517;-16.365
2019-12-12;127.57;-0.226;-18.467;-16.314
2019-12-13;127.688;-0.241;-18.928;-16.697
2019-12-16;127.598;-0.231;-18.712;-16.519
2019-12-17;127.615;-0.234;-18.589;-16.389
2019-12-18;127.308;-0.2;-18.322;-16.163
2019-12-19;127.183;-0.189;-18.246;-16.134
2019-12-20;127.243;-0.197;-18.472;-16.389
2019-12-23;127.113;-0.185;-18.31;-16.177
2019-12-24;127.113;-0.189;-18.632;-16.503
2019-12-25;127.113;-0.189;-18.626;-16.494
2019-12-26;127.113;-0.189;-18.636;-16.503
2019-12-27;127.173;-0.197;-18.541;-16.45
2019-12-30;126.713;-0.145;-18.318;-16.305
2019-12-31;126.753;-0.151;-19.126;-17.027
2020-01-01;126.753;-0.151;-19.13;-17.027
2020-01-02;126.993;-0.183;-18.307;-16.292
2020-01-03;127.38;-0.23;-18.473;-16.395
2020-01-06;127.44;-0.238;-18.604;-16.503
2020-01-07;127.485;-0.245;-18.667;-16.579
2020-01-08;127.26;-0.22;-19.155;-16.977
2020-01-09;127.01;-0.194;-19.467;-17.271
2020-01-10;127.163;-0.213;-20.452;-18.096
2020-01-13;126.92;-0.185;-20.564;-18.282
2020-01-14;126.955;-0.191;-20.623;-18.303
2020-01-15;127.1;-0.209;-20.713;-18.349
2020-01-16;127.213;-0.226;-20.584;-18.24
2020-01-17;127.17;-0.222;-20.728;-18.35
2020-01-20;127.225;-0.23;-21.042;-18.603
2020-01-21;127.385;-0.25;-20.892;-18.435
2020-01-22;127.438;-0.258;-20.934;-18.497
2020-01-23;127.708;-0.294;-20.966;-18.559
2020-01-24;127.883;-0.316;-21.072;-18.627
2020-01-27;128.305;-0.367;-21.265;-18.729
2020-01-28;127.97;-0.328;-21.099;-18.604
2020-01-29;128.15;-0.351;-21.226;-18.729
2020-01-30;128.295;-0.372;-21.063;-18.575
2020-01-31;128.5;-0.397;-21.249;-18.737
2020-02-03;128.54;-0.403;-21.18;-18.656
2020-02-04;128.26;-0.372;-21.099;-18.562
2020-02-05;128.01;-0.343;-20.856;-18.347
2020-02-06;128.015;-0.348;-20.988;-18.476
2020-02-07;128.155;-0.366;-20.971;-18.471
2020-02-10;128.325;-0.387;-21.06;-18.494
2020-02-11;128.227;-0.377;-21.3;-18.721
2020-02-12;128.165;-0.371;-20.938;-18.375
2020-02-13;128.235;-0.383;-21.084;-18.506
2020-02-14;128.327;-0.395;-20.943;-18.378
2020-02-17;128.355;-0.4;-21.257;-18.674
2020-02-18;128.405;-0.407;-21.119;-18.512
2020-02-19;128.505;-0.42;-21.289;-18.666
2020-02-20;128.615;-0.437;-21.27;-18.612
2020-02-21;128.463;-0.42;-21.349;-18.707
2020-02-24;128.715;-0.451;-21.147;-18.546
2020-02-25;128.82;-0.465;-21.191;-18.588
2020-02-26;128.695;-0.452;-21.007;-18.395
2020-02-27;128.83;-0.472;-21.105;-18.484
2020-02-28;129.025;-0.496;-20.955;-18.372
2020-03-02;129.183;-0.516;-20.023;-17.679
2020-03-03;129.213;-0.521;-20.067;-17.684
2020-03-04;129.33;-0.536;-19.626;-17.254
2020-03-05;129.303;-0.537;-20.149;-17.49
2020-03-06;129.325;-0.541;-20.259;-17.545
2020-03-09;129.697;-0.586;-20.044;-17.489
2020-03-10;129.238;-0.534;-18.652;-16.15
2020-03-11;129.098;-0.518;-18.947;-16.644
2020-03-12;128.713;-0.477;-17.143;-14.58
2020-03-13;127.653;-0.351;-17.427;-15.106
2020-03-16;127.248;-0.303;-14.058;-12.373
2020-03-17;127.02;-0.277;-11.669;-10.277
2020-03-18;125.455;-0.087;-6.286;-5.544
2020-03-19;124.915;-0.024;-4.912;-4.272
2020-03-20;125.533;-0.102;-5.032;-4.455
2020-03-23;125.533;-0.103;-2.361;-2.117
2020-03-24;125.0;-0.038;0.109;0.095
2020-03-25;124.638;0.005;2.281;2.047
2020-03-26;125.173;-0.065;1.993;1.718
2020-03-27;125.98;-0.165;-0.815;-0.772
2020-03-30;126.0;-0.169;-1.086;-0.999
2020-03-31;126.02;-0.173;-1.782;-1.608
2020-04-01;126.078;-0.181;-2.118;-1.895
2020-04-02;126.093;-0.187;-1.914;-1.713
2020-04-03;126.115;-0.191;-1.838;-1.613
2020-04-06;125.963;-0.173;-1.724;-1.521
2020-04-07;125.333;-0.097;-1.576;-1.36
2020-04-08;125.348;-0.105;-1.615;-1.42
2020-04-09;125.713;-0.151;-1.598;-1.408
2020-04-10;125.713;-0.151;-1.905;-1.681
2020-04-13;125.713;-0.151;-1.893;-1.68
2020-04-14;125.845;-0.169;-1.791;-1.483
2020-04-15;126.15;-0.208;-1.863;-1.557
2020-04-16;126.178;-0.215;-2.073;-1.796
2020-04-17;126.158;-0.214;-2.368;-2.007
2020-04-20;125.908;-0.184;-2.165;-1.887
2020-04-21;125.92;-0.187;-2.217;-1.967
2020-04-22;125.433;-0.128;-1.671;-1.818
2020-04-23;125.648;-0.158;-1.742;-1.957
2020-04-24;126.06;-0.211;-2.489;-2.515
2020-04-27;125.968;-0.2;-2.857;-2.781
2020-04-28;126.18;-0.228;-3.265;-3.075
2020-04-29;126.325;-0.251;-4.606;-4.232
2020-04-30;126.94;-0.328;-5.762;-5.246
2020-05-01;126.94;-0.328;-5.594;-5.122
2020-05-04;126.86;-0.32;-5.938;-5.503
2020-05-05;127.03;-0.342;-7.416;-6.748
2020-05-06;126.778;-0.312;-7.987;-7.447
2020-05-07;126.89;-0.33;-8.411;-7.943
2020-05-08;126.83;-0.324;-8.387;-7.687
2020-05-11;126.828;-0.325;-8.971;-8.227
2020-05-12;126.94;-0.34;-9.937;-9.039
2020-05-13;127.15;-0.368;-11.392;-10.341
2020-05-14;127.31;-0.391;-13.621;-12.334
2020-05-15;127.262;-0.387;-14.589;-13.216
2020-05-18;127.033;-0.36;-15.128;-13.691
2020-05-19;127.1;-0.37;-15.339;-13.869
2020-05-20;127.128;-0.374;-16.013;-14.465
2020-05-21;127.25;-0.394;-16.488;-14.857
2020-05-22;127.225;-0.392;-16.454;-14.763
2020-05-25;127.248;-0.396;-17.025;-15.309
2020-05-26;127.038;-0.371;-17.464;-15.799
2020-05-27;127.088;-0.379;-18.042;-16.204
2020-05-28;127.193;-0.396;-19.26;-17.335
2020-05-29;127.37;-0.419;-19.699;-17.67
2020-06-01;127.23;-0.403;-20.107;-17.973
2020-06-02;127.333;-0.417;-20.949;-18.6
2020-06-03;127.072;-0.386;-22.183;-19.742
2020-06-04;127.042;-0.387;-23.328;-20.767
2020-06-05;126.97;-0.379;-24.038;-21.326
2020-06-08;127.218;-0.411;-24.699;-21.901
2020-06-09;127.09;-0.397;-24.534;-21.724
2020-06-10;127.09;-0.398;-24.45;-21.673
2020-06-11;127.453;-0.448;-24.14;-21.409
2020-06-12;127.505;-0.455;-23.264;-20.572
2020-06-15;127.545;-0.462;-22.958;-20.239
2020-06-16;127.463;-0.453;-22.978;-20.288
2020-06-17;127.477;-0.456;-22.711;-20.048
2020-06-18;127.568;-0.472;-22.873;-20.162
2020-06-19;127.58;-0.474;-22.779;-20.06
2020-06-22;127.733;-0.495;-22.857;-19.994
2020-06-23;127.6;-0.48;-22.961;-19.994
2020-06-24;127.673;-0.49;-23.067;-20.055
2020-06-25;127.69;-0.497;-22.869;-19.966
2020-06-26;127.798;-0.512;-22.961;-19.996
2020-06-29;127.758;-0.508;-22.828;-19.877
2020-06-30;127.75;-0.508;-22.923;-19.84
2020-07-01;127.51;-0.48;-23.235;-20.21
2020-07-02;127.63;-0.499;-23.221;-20.205
2020-07-03;127.598;-0.496;-23.135;-20.071
2020-07-06;127.608;-0.499;-23.319;-20.247
2020-07-07;127.548;-0.493;-23.235;-20.149
2020-07-08;127.568;-0.497;-23.413;-20.236
2020-07-09;127.663;-0.513;-23.559;-20.341
2020-07-10;127.688;-0.518;-23.338;-20.142
2020-07-13;127.413;-0.485;-23.543;-20.317
2020-07-14;127.535;-0.501;-23.505;-20.274
2020-07-15;127.588;-0.509;-23.512;-20.233
2020-07-16;127.667;-0.524;-23.734;-20.348
2020-07-17;127.54;-0.509;-23.523;-20.158
2020-07-20;127.655;-0.525;-23.738;-20.376
2020-07-21;127.705;-0.533;-23.708;-20.32
2020-07-22;127.825;-0.549;-23.863;-20.477
2020-07-23;127.73;-0.542;-23.835;-20.343
2020-07-24;127.538;-0.519;-23.66;-20.22
2020-07-27;127.738;-0.546;-24.1;-20.58
2020-07-28;127.818;-0.557;-24.132;-20.608
2020-07-29;127.693;-0.543;-23.887;-20.373
2020-07-30;127.833;-0.565;-23.171;-19.729
2020-07-31;127.643;-0.542;-22.466;-19.092
2020-08-03;127.653;-0.545;-22.052;-18.692
2020-08-04;127.773;-0.562;-22.015;-18.647
2020-08-05;127.52;-0.531;-21.828;-18.538
2020-08-06;127.595;-0.545;-21.759;-18.506
2020-08-07;127.45;-0.528;-21.528;-18.313
2020-08-10;127.558;-0.543;-21.589;-18.364
2020-08-11;127.288;-0.51;-21.28;-18.096
2020-08-12;127.155;-0.495;-21.068;-17.927
2020-08-13;126.918;-0.469;-20.831;-17.732
2020-08-14;126.983;-0.479;-21.012;-17.916
2020-08-17;127.102;-0.495;-20.291;-17.274
2020-08-18;127.17;-0.506;-20.344;-17.279
2020-08-19;127.22;-0.513;-20.532;-17.436
2020-08-20;127.305;-0.529;-20.529;-17.487
2020-08-21;127.373;-0.539;-20.804;-17.738
2020-08-24;127.265;-0.526;-20.316;-17.351
2020-08-25;126.925;-0.484;-19.551;-16.708
2020-08-26;126.838;-0.475;-19.297;-16.475
2020-08-27;126.695;-0.461;-18.532;-15.855
2020-08-28;126.738;-0.468;-18.351;-15.686
2020-08-31;126.685;-0.462;-18.744;-16.008
2020-09-01;126.773;-0.475;-17.839;-15.262
2020-09-02;127.075;-0.515;-18.306;-15.63
2020-09-03;127.113;-0.525;-18.414;-15.796
2020-09-04;127.018;-0.514;-18.202;-15.647
2020-09-07;127.02;-0.516;-18.195;-15.585
2020-09-08;127.153;-0.534;-18.273;-15.643
2020-09-09;126.92;-0.506;-18.191;-15.591
2020-09-10;126.73;-0.485;-18.12;-15.563
2020-09-11;126.995;-0.521;-18.25;-15.723
2020-09-14;126.985;-0.521;-17.996;-15.49
2020-09-15;126.985;-0.523;-18.33;-15.831
2020-09-16;127.008;-0.527;-18.144;-15.663
2020-09-17;126.993;-0.53;-17.887;-15.465
2020-09-18;126.985;-0.53;-17.847;-15.45
2020-09-21;127.158;-0.554;-18.117;-15.698
2020-09-22;126.993;-0.534;-17.842;-15.449
2020-09-23;126.995;-0.536;-17.867;-15.486
2020-09-24;126.917;-0.53;-18.211;-15.818
2020-09-25;127.018;-0.545;-17.981;-15.64
2020-09-28;126.97;-0.54;-17.803;-15.488
2020-09-29;127.033;-0.55;-17.882;-15.554
2020-09-30;126.91;-0.535;-17.838;-15.528
2020-10-01;126.963;-0.547;-18.027;-15.709
2020-10-02;126.963;-0.548;-17.87;-15.615
2020-10-05;126.863;-0.537;-18.12;-15.827
2020-10-06;126.848;-0.536;-18.113;-15.853
2020-10-07;126.795;-0.531;-18.033;-15.794
2020-10-08;126.883;-0.547;-18.22;-15.983
2020-10-09;126.88;-0.548;-18.268;-16.037
2020-10-12;126.95;-0.559;-18.187;-15.97
2020-10-13;127.03;-0.57;-18.317;-16.092
2020-10-14;127.155;-0.588;-18.349;-16.047
2020-10-15;127.203;-0.599;-18.419;-16.081
2020-10-16;127.227;-0.604;-18.375;-16.032
2020-10-19;127.258;-0.609;-18.401;-16.057
2020-10-20;127.102;-0.591;-18.752;-16.376
2020-10-21;127.018;-0.581;-18.808;-16.437
2020-10-22;126.895;-0.57;-18.636;-16.294
2020-10-23;126.89;-0.57;-18.548;-16.228
2020-10-26;126.908;-0.574;-18.925;-16.554
2020-10-27;127.095;-0.6;-18.77;-16.349
2020-10-28;127.065;-0.598;-18.712;-16.283
2020-10-29;127.098;-0.607;-18.593;-16.159
2020-10-30;127.028;-0.599;-18.666;-16.182
2020-11-02;127.04;-0.602;-18.518;-16.101
2020-11-03;126.923;-0.588;-18.471;-16.079
2020-11-04;127.0;-0.6;-18.829;-16.36
2020-11-05;127.0;-0.605;-18.725;-16.286
2020-11-06;126.953;-0.6;-18.841;-16.401
2020-11-09;126.513;-0.544;-18.565;-16.183
2020-11-10;126.363;-0.525;-18.679;-16.347
2020-11-11;126.443;-0.537;-18.614;-16.26
2020-11-12;126.528;-0.553;-18.71;-16.34
2020-11-13;126.593;-0.563;-18.654;-16.319
2020-11-16;126.558;-0.56;-18.752;-16.376
2020-11-17;126.615;-0.569;-18.707;-16.325
2020-11-18;126.573;-0.565;-18.735;-16.317
2020-11-19;126.613;-0.575;-18.767;-16.353
2020-11-20;126.665;-0.584;-18.651;-16.298
2020-11-23;126.625;-0.58;-18.735;-16.363
2020-11-24;126.515;-0.567;-18.606;-16.253
2020-11-25;126.535;-0.571;-18.708;-16.365
2020-11-26;126.6;-0.584;-18.828;-16.467
2020-11-27;126.608;-0.587;-19.008;-16.61
2020-11-30;126.575;-0.584;-18.996;-16.61
2020-12-01;126.438;-0.567;-19.18;-16.764
2020-12-02;126.383;-0.562;-18.976;-16.612
2020-12-03;126.495;-0.581;-19.347;-16.908
2020-12-04;126.453;-0.577;-18.936;-16.551
2020-12-07;126.575;-0.595;-19.182;-16.78
2020-12-08;126.683;-0.611;-19.164;-16.766
2020-12-09;126.67;-0.611;-19.256;-16.79
2020-12-10;126.683;-0.617;-19.08;-16.688
2020-12-11;126.785;-0.633;-19.353;-16.87
2020-12-14;126.718;-0.625;-19.433;-16.943
2020-12-15;126.693;-0.623;-19.413;-16.958
2020-12-16;126.458;-0.593;-19.455;-16.939
2020-12-17;126.44;-0.596;-19.309;-16.857
2020-12-18;126.38;-0.589;-19.292;-16.847
2020-12-21;126.355;-0.587;-19.216;-16.776
2020-12-22;126.393;-0.594;-19.319;-16.816
2020-12-23;126.16;-0.569;-19.365;-16.903
2020-12-24;126.16;-0.571;-19.373;-16.892
2020-12-25;126.16;-0.571;-19.382;-16.892
2020-12-28;126.24;-0.583;-19.535;-17.05
2020-12-29;126.245;-0.585;-19.176;-16.738
2020-12-30;126.235;-0.59;-19.422;-17.009
2020-12-31;126.235;-0.592;-19.321;-16.897
2021-01-01;126.235;-0.592;-19.333;-16.896
2021-01-04;126.435;-0.62;-19.483;-16.988
2021-01-05;126.338;-0.609;-19.256;-16.875
2021-01-06;126.213;-0.593;-19.553;-17.062
2021-01-07;126.135;-0.588;-19.708;-17.266
2021-01-08;126.14;-0.59;-20.714;-18.074
2021-01-11;126.055;-0.58;-20.99;-18.368
2021-01-12;125.835;-0.552;-20.916;-18.273
2021-01-13;126.11;-0.591;-21.353;-18.709
2021-01-14;126.155;-0.602;-21.379;-18.659
2021-01-15;126.16;-0.604;-21.444;-18.733
2021-01-18;126.085;-0.595;-21.893;-19.126
2021-01-19;126.048;-0.592;-21.312;-18.675
2021-01-20;126.015;-0.589;-21.291;-18.592
2021-01-21;125.822;-0.567;-21.54;-18.861
2021-01-22;125.868;-0.575;-21.035;-18.421
2021-01-25;126.035;-0.6;-21.733;-19.086
2021-01-26;125.917;-0.585;-21.349;-18.684
2021-01-27;125.988;-0.596;-21.45;-18.84
2021-01-28;125.93;-0.593;-21.487;-18.853
2021-01-29;125.83;-0.581;-21.429;-18.816
2021-02-01;125.798;-0.578;-21.159;-18.589
2021-02-02;125.7;-0.566;-21.126;-18.573
2021-02-03;125.555;-0.548;-21.188;-18.669
2021-02-04;125.45;-0.538;-20.93;-18.428
2021-02-05;125.417;-0.535;-20.858;-18.363
2021-02-08;125.365;-0.53;-20.94;-18.434
2021-02-09;125.373;-0.532;-20.662;-18.163
2021-02-10;125.338;-0.529;-20.968;-18.47
2021-02-11;125.408;-0.543;-20.94;-18.443
2021-02-12;125.245;-0.522;-20.857;-18.387
2021-02-15;125.053;-0.497;-20.931;-18.482
2021-02-16;124.87;-0.473;-20.707;-18.276
2021-02-17;124.958;-0.487;-20.807;-18.353
2021-02-18;124.792;-0.469;-20.677;-18.266
2021-02-19;124.59;-0.442;-20.25;-17.886
2021-02-22;124.75;-0.466;-20.649;-18.256
2021-02-23;124.648;-0.453;-20.738;-18.323
2021-02-24;124.595;-0.447;-20.312;-17.939
2021-02-25;124.143;-0.388;-20.089;-17.734
2021-02-26;124.23;-0.402;-20.228;-17.875
2021-03-01;124.64;-0.462;-19.85;-17.604
2021-03-02;124.762;-0.48;-20.367;-18.025
2021-03-03;124.453;-0.438;-20.186;-17.876
2021-03-04;124.525;-0.453;-20.391;-17.993
2021-03-05;124.425;-0.441;-20.157;-17.892
2021-03-08;124.243;-0.416;-20.172;-17.948
2021-03-09;124.322;-0.429;-20.395;-18.024
2021-03-10;124.383;-0.439;-20.302;-18.006
2021-03-11;124.428;-0.451;-20.384;-18.082
2021-03-12;124.292;-0.433;-20.249;-18.011
2021-03-15;124.443;-0.456;-20.294;-18.019
2021-03-16;124.477;-0.462;-20.32;-18.03
2021-03-17;124.24;-0.43;-20.252;-17.986
2021-03-18;124.123;-0.418;-20.127;-17.901
2021-03-19;124.265;-0.44;-20.073;-17.888
2021-03-22;124.295;-0.446;-20.2;-17.973
2021-03-23;124.378;-0.459;-20.122;-17.897
2021-03-24;124.438;-0.469;-20.309;-18.066
2021-03-25;124.553;-0.491;-20.394;-18.147
2021-03-26;124.383;-0.468;-20.367;-18.142
2021-03-29;124.243;-0.45;-20.128;-17.937
2021-03-30;124.128;-0.435;-20.166;-17.981
2021-03-31;124.04;-0.43;-20.13;-17.973
2021-04-01;124.185;-0.453;-20.118;-17.933
2021-04-02;124.185;-0.453;-20.223;-18.04
2021-04-05;124.185;-0.453;-20.219;-18.041
2021-04-06;124.153;-0.45;-20.248;-18.05
2021-04-07;124.223;-0.461;-20.079;-17.895
2021-04-08;124.25;-0.47;-20.142;-17.953
2021-04-09;124.072;-0.446;-20.13;-17.961
2021-04-12;124.025;-0.441;-20.142;-17.978
2021-04-13;123.988;-0.437;-19.971;-17.833
2021-04-14;123.798;-0.411;-19.913;-17.906
2021-04-15;123.938;-0.436;-20.12;-18.047
2021-04-16;123.813;-0.42;-19.925;-17.902
2021-04-19;123.663;-0.4;-19.81;-17.804
2021-04-20;123.773;-0.417;-19.969;-17.923
2021-04-21;123.773;-0.419;-20.017;-17.958
2021-04-22;123.667;-0.408;-19.099;-17.633
2021-04-23;123.708;-0.416;-19.917;-17.876
2021-04-26;123.623;-0.405;-19.272;-17.796
2021-04-27;123.58;-0.4;-20.001;-17.933
2021-04-28;123.482;-0.388;-19.739;-17.707
2021-04-29;123.273;-0.362;-19.841;-17.794
2021-04-30;123.348;-0.374;-19.996;-17.906
2021-05-03;123.343;-0.375;-20.057;-17.986
2021-05-04;123.508;-0.401;-19.685;-17.691
2021-05-05;123.47;-0.397;-19.751;-17.723
2021-05-06;123.425;-0.395;-19.655;-17.719
2021-05-07;123.328;-0.383;-19.311;-17.355
2021-05-10;123.322;-0.383;-19.072;-17.175
2021-05-11;123.107;-0.353;-18.983;-17.064
2021-05-12;122.917;-0.327;-18.072;-16.309
2021-05-13;122.89;-0.328;-18.162;-16.337
2021-05-14;122.893;-0.33;-17.503;-15.803
2021-05-17;122.813;-0.32;-17.447;-15.684
2021-05-18;122.675;-0.301;-16.625;-14.981
2021-05-19;122.623;-0.295;-15.981;-14.393
2021-05-20;122.568;-0.291;-16.001;-14.399
2021-05-21;122.698;-0.312;-15.719;-14.16
2021-05-24;122.74;-0.32;-15.861;-14.31
2021-05-25;122.838;-0.336;-15.812;-14.275
2021-05-26;122.985;-0.359;-15.824;-14.296
2021-05-27;122.798;-0.336;-15.855;-14.274
2021-05-28;122.868;-0.348;-16.015;-14.447
2021-05-31;122.868;-0.35;-16.054;-14.425
2021-06-01;122.833;-0.346;-15.955;-14.303
2021-06-02;122.923;-0.361;-15.742;-14.128
2021-06-03;122.815;-0.35;-15.803;-14.221
2021-06-04;122.887;-0.362;-15.927;-14.319
2021-06-07;122.8;-0.351;-15.646;-14.065
2021-06-08;122.87;-0.363;-15.621;-13.997
2021-06-09;122.985;-0.382;-15.475;-13.836
2021-06-10;122.97;-0.384;-15.457;-13.871
2021-06-11;123.025;-0.394;-15.705;-14.067
2021-06-14;122.913;-0.379;-15.606;-13.946
2021-06-15;122.82;-0.367;-15.815;-14.148
2021-06-16;122.885;-0.378;-15.877;-14.22
2021-06-17;122.75;-0.363;-15.643;-14.054
2021-06-18;122.7;-0.357;-15.483;-13.914
2021-06-21;122.54;-0.335;-15.671;-14.108
2021-06-22;122.53;-0.335;-15.507;-13.978
2021-06-23;122.585;-0.345;-15.566;-14.011
2021-06-24;122.55;-0.344;-15.475;-13.937
2021-06-25;122.41;-0.325;-15.389;-13.851
2021-06-28;122.51;-0.341;-15.689;-14.114
2021-06-29;122.4;-0.326;-15.353;-13.835
2021-06-30;122.575;-0.354;-15.795;-14.175
2021-07-01;122.535;-0.353;-15.738;-14.156
2021-07-02;122.655;-0.373;-15.83;-14.234
2021-07-05;122.542;-0.358;-15.823;-14.262
2021-07-06;122.775;-0.394;-15.699;-14.104
2021-07-07;122.885;-0.413;-15.992;-14.404
2021-07-08;122.885;-0.418;-15.917;-14.248
2021-07-09;122.813;-0.408;-16.132;-14.49
2021-07-12;122.785;-0.406;-16.061;-14.418
2021-07-13;122.755;-0.403;-16.06;-14.403
2021-07-14;122.845;-0.418;-16.41;-14.751
2021-07-15;122.828;-0.421;-16.208;-14.529
2021-07-16;122.88;-0.43;-16.502;-14.777
2021-07-19;122.965;-0.445;-16.36;-14.647
2021-07-20;123.055;-0.46;-16.435;-14.642
2021-07-21;122.959;-0.447;-16.25;-14.546
2021-07-22;123.089;-0.472;-16.595;-14.829
2021-07-23;123.101;-0.476;-17.22;-15.385
2021-07-26;123.06;-0.471;-17.22;-15.38
2021-07-27;123.136;-0.484;-17.54;-15.619
2021-07-28;123.117;-0.483;-17.896;-15.928
2021-07-29;123.116;-0.488;-18.047;-16.094
2021-07-30;123.189;-0.501;-18.494;-16.503
2021-08-02;123.332;-0.524;-18.963;-16.887
2021-08-03;123.329;-0.526;-18.999;-16.92
2021-08-04;123.364;-0.533;-19.147;-17.006
2021-08-05;123.293;-0.527;-19.169;-17.059
2021-08-06;123.132;-0.504;-19.052;-16.998
2021-08-09;123.177;-0.513;-19.438;-17.306
2021-08-10;123.185;-0.516;-19.677;-17.511
2021-08-11;123.232;-0.525;-19.756;-17.559
2021-08-12;123.152;-0.518;-19.417;-17.295
2021-08-13;123.178;-0.523;-19.355;-17.248
2021-08-16;123.158;-0.522;-19.445;-17.325
2021-08-17;123.122;-0.518;-19.238;-17.129
2021-08-18;123.164;-0.526;-19.322;-17.188
2021-08-19;123.168;-0.532;-19.434;-17.303
2021-08-20;123.173;-0.535;-19.442;-17.304
2021-08-23;123.133;-0.53;-19.485;-17.35
2021-08-24;123.122;-0.531;-19.555;-17.433
2021-08-25;122.944;-0.505;-19.423;-17.341
2021-08-26;122.826;-0.492;-19.319;-17.247
2021-08-27;122.863;-0.499;-19.176;-17.121
2021-08-30;122.879;-0.504;-19.207;-17.149
2021-08-31;122.701;-0.478;-19.097;-17.122
2021-09-01;122.66;-0.473;-19.123;-17.154
2021-09-02;122.653;-0.477;-19.03;-17.074
2021-09-03;122.555;-0.464;-19.041;-17.089
2021-09-06;122.53;-0.462;-19.05;-17.094
2021-09-07;122.348;-0.435;-19.217;-17.254
2021-09-08;122.336;-0.435;-19.344;-17.362
2021-09-09;122.449;-0.458;-19.52;-17.477
2021-09-10;122.301;-0.437;-19.374;-17.402
2021-09-13;122.285;-0.436;-19.452;-17.455
2021-09-14;122.334;-0.445;-19.555;-17.519
2021-09-15;122.187;-0.424;-19.529;-17.52
2021-09-16;122.104;-0.416;-19.296;-17.35
2021-09-17;121.97;-0.397;-19.497;-17.507
2021-09-20;122.053;-0.412;-19.666;-17.634
2021-09-21;122.042;-0.412;-19.526;-17.509
2021-09-22;122.052;-0.415;-19.575;-17.614
2021-09-23;121.712;-0.366;-19.536;-17.585
2021-09-24;121.602;-0.351;-19.425;-17.5
2021-09-27;121.545;-0.343;-19.335;-17.473
2021-09-28;121.445;-0.329;-19.318;-17.426
2021-09-29;121.494;-0.339;-19.236;-17.346
2021-09-30;121.44;-0.335;-19.204;-17.318
2021-10-01;121.546;-0.354;-19.237;-17.348
2021-10-04;121.496;-0.348;-19.334;-17.431
2021-10-05;121.377;-0.33;-19.225;-17.357
2021-10-06;121.317;-0.323;-19.399;-17.506
2021-10-07;121.278;-0.321;-19.415;-17.528
2021-10-08;121.067;-0.289;-19.538;-17.668
2021-10-11;120.85;-0.256;-19.837;-17.956
2021-10-12;120.65;-0.226;-19.912;-18.043
2021-10-13;120.776;-0.248;-19.892;-18.034
2021-10-14;121.104;-0.306;-20.109;-18.222
2021-10-15;120.977;-0.287;-20.478;-18.521
2021-10-18;120.628;-0.232;-20.532;-18.603
2021-10-19;120.519;-0.216;-20.667;-18.765
2021-10-20;120.725;-0.251;-20.809;-18.849
2021-10-21;120.433;-0.209;-20.734;-18.802
2021-10-22;120.308;-0.191;-20.935;-18.985
2021-10-25;120.412;-0.209;-20.8;-18.876
2021-10-26;120.376;-0.205;-20.913;-18.959
2021-10-27;120.554;-0.236;-21.319;-19.249
2021-10-28;120.3;-0.199;-21.584;-19.604
2021-10-29;119.949;-0.144;-21.166;-19.267
2021-11-01;119.977;-0.15;-20.951;-19.051
2021-11-02;120.474;-0.233;-21.288;-19.27
2021-11-03;120.464;-0.233;-21.117;-19.059
2021-11-04;120.97;-0.32;-21.424;-19.358
2021-11-05;121.086;-0.34;-21.607;-19.511
2021-11-08;120.914;-0.314;-21.782;-19.655
2021-11-09;121.035;-0.336;-21.736;-19.602
2021-11-10;120.582;-0.264;-21.546;-19.496
2021-11-11;120.327;-0.227;-22.031;-20.032
2021-11-12;120.56;-0.267;-22.428;-20.318
2021-11-15;120.5;-0.259;-22.431;-20.355
2021-11-16;120.56;-0.27;-23.038;-20.875
2021-11-17;120.629;-0.283;-23.266;-21.035
2021-11-18;120.684;-0.298;-23.362;-21.194
2021-11-19;120.991;-0.35;-23.771;-21.517
2021-11-22;120.815;-0.323;-23.104;-20.902
2021-11-23;120.475;-0.269;-23.644;-21.435
2021-11-24;120.484;-0.272;-23.239;-20.98
2021-11-25;120.519;-0.283;-23.454;-21.232
2021-11-26;120.933;-0.352;-23.462;-21.15
2021-11-29;120.783;-0.33;-23.665;-21.407
2021-11-30;120.762;-0.328;-23.461;-21.17
2021-12-01;120.724;-0.323;-23.771;-21.378
2021-12-02;120.842;-0.348;-24.119;-21.761
2021-12-03;120.864;-0.353;-24.038;-21.704
2021-12-06;120.84;-0.351;-24.092;-21.653
2021-12-07;120.759;-0.34;-24.252;-21.836
2021-12-08;120.531;-0.304;-24.321;-21.927
2021-12-09;120.726;-0.341;-24.313;-21.901
2021-12-10;120.696;-0.338;-24.342;-21.978
2021-12-13;120.787;-0.355;-24.19;-21.743
2021-12-14;120.738;-0.349;-24.775;-22.271
2021-12-15;120.634;-0.333;-24.767;-22.241
2021-12-16;120.608;-0.334;-24.747;-22.309
2021-12-17;120.709;-0.353;-24.535;-22.075
2021-12-20;120.658;-0.346;-24.646;-22.159
2021-12-21;120.388;-0.303;-24.438;-21.999
2021-12-22;120.235;-0.279;-24.621;-22.205
2021-12-23;120.005;-0.246;-24.284;-22.071
2021-12-24;120.005;-0.248;-24.733;-22.419
2021-12-27;119.84;-0.222;-23.442;-21.355
2021-12-28;119.797;-0.216;-23.958;-21.687
2021-12-29;119.638;-0.191;-23.95;-21.719
2021-12-30;119.633;-0.196;-24.013;-21.82
2021-12-31;119.633;-0.198;-24.175;-22.001
2022-01-03;119.438;-0.166;-24.223;-22.068
2022-01-04;119.461;-0.172;-23.965;-21.845
2022-01-05;119.517;-0.183;-24.141;-21.968
2022-01-06;119.326;-0.156;-24.42;-22.33
2022-01-07;119.208;-0.138;-24.014;-21.95
2022-01-10;119.128;-0.126;-23.852;-21.793
2022-01-11;119.004;-0.106;-23.781;-21.769
2022-01-12;119.136;-0.13;-21.292;-21.065
2022-01-13;119.225;-0.151;-23.778;-21.684
2022-01-14;118.986;-0.112;-23.587;-21.566
2022-01-17;118.864;-0.093;-23.556;-21.602
2022-01-18;118.877;-0.096;-23.589;-21.66
2022-01-19;118.839;-0.092;-23.378;-21.467
2022-01-20;118.822;-0.094;-23.49;-21.609
2022-01-21;118.925;-0.113;-23.423;-21.57
2022-01-24;119.011;-0.13;-23.474;-21.481
2022-01-25;118.885;-0.11;-23.505;-21.481
2022-01-26;118.869;-0.109;-23.599;-21.622
2022-01-27;118.627;-0.072;-23.448;-21.581
2022-01-28;118.492;-0.051;-23.451;-21.61
2022-01-31;118.098;0.016;-23.36;-21.462
2022-02-01;117.957;0.039;-23.427;-21.611
2022-02-02;117.806;0.064;-23.348;-21.562
2022-02-03;117.095;0.183;-23.62;-21.881
2022-02-04;116.498;0.287;-22.945;-21.417
2022-02-07;116.287;0.323;-22.8;-21.333
2022-02-08;115.976;0.377;-22.469;-21.04
2022-02-09;116.255;0.326;-22.157;-20.834
2022-02-10;115.709;0.419;-22.485;-21.012
2022-02-11;115.556;0.445;-23.453;-21.975
2022-02-14;115.566;0.441;-23.999;-22.561
2022-02-15;115.831;0.392;-25.476;-23.856
2022-02-16;116.029;0.355;-26.113;-24.406
2022-02-17;116.215;0.318;-25.962;-24.199
2022-02-18;116.372;0.288;-26.229;-24.362
2022-02-21;116.276;0.304;-26.408;-24.598
2022-02-22;116.036;0.345;-27.013;-25.092
2022-02-23;115.904;0.367;-26.975;-25.033
2022-02-24;116.175;0.314;-26.734;-24.852
2022-02-25;115.881;0.365;-26.717;-24.931
2022-02-28;116.523;0.249;-27.432;-25.367
2022-03-01;117.627;0.05;-27.627;-25.469
2022-03-02;117.012;0.158;-28.008;-25.748
2022-03-03;117.035;0.149;-28.537;-26.352
2022-03-04;117.185;0.121;-29.283;-26.765
2022-03-07;117.072;0.139;-29.963;-27.323
2022-03-08;116.676;0.208;-29.262;-26.595
2022-03-09;116.315;0.272;-29.618;-27.293
2022-03-10;115.694;0.379;-28.899;-26.866
2022-03-11;115.545;0.405;-29.164;-27.146
2022-03-14;115.122;0.481;-28.8;-26.894
2022-03-15;115.309;0.445;-28.709;-26.747
2022-03-16;115.102;0.481;-28.523;-26.591
2022-03-17;115.258;0.448;-28.405;-26.541
2022-03-18;115.232;0.452;-28.296;-26.529
2022-03-21;114.836;0.523;-28.548;-26.747
2022-03-22;114.587;0.567;-28.521;-26.814
2022-03-23;114.754;0.535;-27.862;-26.114
2022-03-24;114.257;0.623;-26.468;-24.871
2022-03-25;113.86;0.695;-26.419;-24.851
2022-03-28;113.76;0.713;-26.394;-24.803
2022-03-29;113.381;0.782;-25.874;-24.34
2022-03-30;113.103;0.833;-25.799;-24.316
2022-03-31;113.6;0.736;-26.123;-24.608
2022-04-01;113.544;0.745;-26.251;-24.78
2022-04-04;113.646;0.725;-25.618;-24.171
2022-04-05;113.081;0.83;-26.289;-24.791
2022-04-06;113.001;0.844;-25.663;-24.246
2022-04-07;112.801;0.878;-25.58;-24.182
2022-04-08;112.453;0.943;-25.504;-24.115
2022-04-11;112.009;1.026;-25.737;-24.417
2022-04-12;112.204;0.988;-26.187;-24.855
2022-04-13;112.289;0.965;-26.483;-25.158
2022-04-14;112.06;1.008;-26.541;-25.327
2022-04-15;112.06;1.008;-26.877;-25.681
2022-04-18;112.06;1.008;-26.884;-25.682
2022-04-19;111.929;1.032;-27.101;-25.724
2022-04-20;112.123;0.993;-27.649;-26.134
2022-04-21;111.607;1.089;-27.662;-26.562
2022-04-22;111.248;1.158;-27.305;-26.593
2022-04-25;111.958;1.019;-26.663;-26.069
2022-04-26;112.003;1.009;-27.469;-26.824
2022-04-27;112.083;0.992;-27.434;-26.492
2022-04-28;111.508;1.1;-27.287;-26.655
2022-04-29;111.226;1.154;-26.95;-26.39
2022-05-02;111.078;1.182;-26.007;-25.692
2022-05-03;111.022;1.191;-27.515;-27.288
2022-05-04;111.022;1.19;-28.012;-27.621
2022-05-05;110.858;1.219;-28.196;-27.707
2022-05-06;110.312;1.326;-28.162;-27.634
2022-05-09;110.542;1.279;-28.577;-28.359
2022-05-10;110.942;1.199;-29.151;-28.543
2022-05-11;111.218;1.143;-29.185;-28.203
2022-05-12;112.085;0.97;-29.0;-27.973
2022-05-13;111.85;1.015;-28.843;-28.104
2022-05-16;111.925;0.999;-29.117;-28.189
2022-05-17;111.342;1.112;-28.903;-28.189
2022-05-18;111.316;1.116;-28.323;-28.044
2022-05-19;111.371;1.101;-27.683;-27.732
2022-05-20;111.572;1.06;-27.882;-27.539
2022-05-23;111.246;1.123;-28.051;-27.844
2022-05-24;111.452;1.081;-27.193;-26.971
2022-05-25;111.485;1.074;-26.693;-26.698
2022-05-26;111.328;1.101;-26.411;-26.504
2022-05-27;111.459;1.074;-26.952;-26.574
2022-05-30;111.047;1.154;-26.534;-26.276
2022-05-31;110.658;1.231;-26.677;-26.554
2022-06-01;110.317;1.298;-25.894;-25.931
2022-06-02;109.915;1.375;-25.4;-25.702
2022-06-03;109.647;1.428;-25.269;-25.611
2022-06-06;109.532;1.451;-25.358;-25.529
2022-06-07;109.611;1.434;-24.686;-25.111
2022-06-08;109.358;1.484;-25.129;-25.235
2022-06-09;108.795;1.596;-24.283;-24.873
2022-06-10;108.066;1.745;-22.744;-23.643
2022-06-13;107.061;1.954;-21.987;-22.518
2022-06-14;106.255;2.123;-18.767;-20.117
2022-06-15;106.956;1.974;-18.726;-19.852
2022-06-16;106.549;2.057;-17.797;-19.424
2022-06-17;106.97;1.968;-19.175;-21.022
2022-06-20;106.559;2.054;-19.31;-21.033
2022-06-21;106.532;2.059;-19.063;-20.799
2022-06-22;107.075;1.943;-19.347;-21.027
2022-06-23;108.297;1.685;-19.454;-21.059
2022-06-24;108.352;1.673;-19.63;-20.691
2022-06-27;107.807;1.785;-20.552;-21.313
2022-06-28;107.476;1.854;-19.468;-20.291
2022-06-29;107.983;1.747;-19.744;-21.075
2022-06-30;108.961;1.54;-20.676;-21.502
2022-07-01;109.575;1.413;-18.672;-19.56
2022-07-04;108.952;1.54;-19.506;-20.21
2022-07-05;109.601;1.405;-19.884;-20.503
2022-07-06;109.893;1.344;-19.551;-20.111
2022-07-07;109.088;1.507;-20.292;-20.428
2022-07-08;109.124;1.498;-19.517;-20.062
2022-07-11;109.517;1.416;-19.415;-20.419
2022-07-12;109.925;1.331;-18.922;-20.085
2022-07-13;109.757;1.364;-19.804;-20.231
2022-07-14;109.52;1.41;-19.887;-20.695
2022-07-15;109.627;1.386;-18.846;-20.429
2022-07-18;109.334;1.446;-19.459;-20.698
2022-07-19;108.89;1.537;-19.194;-19.706
2022-07-20;109.018;1.51;-18.571;-20.361
2022-07-21;108.915;1.528;-18.63;-19.756
2022-07-22;109.97;1.307;-18.498;-20.716
2022-07-25;110.169;1.265;-18.872;-20.476
2022-07-26;110.574;1.18;-18.827;-20.22
2022-07-27;110.253;1.245;-19.136;-20.134
2022-07-28;110.999;1.088;-19.207;-20.827
2022-07-29;110.927;1.101;-19.439;-20.94
2022-08-01;111.028;1.079;-19.376;-21.44
2022-08-02;110.674;1.151;-20.438;-21.564
2022-08-03;110.483;1.189;-20.584;-21.894
2022-08-04;110.743;1.132;-20.31;-21.798
2022-08-05;109.896;1.306;-21.105;-22.17
2022-08-08;110.063;1.27;-21.132;-22.479
2022-08-09;109.969;1.289;-21.631;-22.778
2022-08-10;110.086;1.263;-21.118;-22.768
2022-08-11;109.868;1.305;-21.278;-22.725
2022-08-12;109.719;1.335;-21.52;-22.967
2022-08-15;110.127;1.249;-21.566;-22.878
2022-08-16;109.912;1.292;-21.936;-22.892
2022-08-17;109.191;1.443;-21.717;-22.335
2022-08-18;109.046;1.47;-21.681;-22.861
2022-08-19;108.383;1.611;-21.701;-22.931
2022-08-22;107.783;1.738;-21.563;-23.082
2022-08-23;107.839;1.725;-21.586;-23.143
2022-08-24;107.476;1.803;-21.506;-22.828
2022-08-25;107.81;1.728;-21.522;-23.115
2022-08-26;107.297;1.838;-21.902;-22.659
2022-08-29;106.585;1.993;-21.474;-21.987
2022-08-30;106.538;2.002;-21.552;-23.14
2022-08-31;106.404;2.031;-21.014;-22.363
2022-09-01;106.528;2.001;-22.153;-23.246
2022-09-02;106.691;1.964;-21.673;-23.208
2022-09-05;106.314;2.047;-21.724;-23.115
2022-09-06;106.091;2.095;-21.356;-23.107
2022-09-07;106.447;2.016;-22.438;-24.218
2022-09-08;106.101;2.09;-23.82;-24.086
2022-09-09;106.12;2.085;-23.332;-24.389
2022-09-12;106.206;2.065;-23.493;-24.53
2022-09-13;105.697;2.178;-23.24;-24.082
2022-09-14;105.568;2.206;-24.485;-24.962
2022-09-15;105.347;2.253;-25.217;-25.624
2022-09-16;105.438;2.232;-24.809;-25.656
2022-09-19;105.209;2.283;-24.802;-25.892
2022-09-20;104.721;2.393;-25.118;-26.228
2022-09-21;104.5;2.443;-25.021;-26.181
2022-09-22;104.054;2.543;-26.804;-27.418
2022-09-23;103.486;2.673;-25.28;-26.13
2022-09-26;103.022;2.78;-24.784;-25.436
2022-09-27;102.67;2.862;-24.956;-25.996
2022-09-28;103.077;2.767;-26.235;-27.339
2022-09-29;103.246;2.726;-26.343;-27.081
2022-09-30;103.452;2.678;-26.482;-27.102
2022-10-03;104.256;2.491;-26.402;-27.036
2022-10-04;104.635;2.404;-27.203;-27.668
2022-10-05;103.916;2.569;-27.137;-27.329
2022-10-06;103.422;2.682;-27.058;-27.313
2022-10-07;102.866;2.812;-27.053;-27.391
2022-10-10;102.526;2.891;-27.213;-27.573
2022-10-11;102.761;2.835;-27.988;-28.254
2022-10-12;102.834;2.818;-27.214;-27.367
2022-10-13;102.718;2.844;-27.045;-27.085
2022-10-14;102.64;2.862;-26.795;-26.977
2022-10-17;102.775;2.83;-26.851;-27.004
2022-10-18;102.834;2.816;-26.902;-27.001
2022-10-19;102.563;2.879;-25.926;-26.229
2022-10-20;102.461;2.902;-25.656;-26.087
2022-10-21;102.723;2.84;-24.911;-25.597
2022-10-24;102.98;2.779;-24.852;-25.747
2022-10-25;103.527;2.649;-24.743;-25.069
2022-10-26;103.641;2.622;-25.11;-25.452
2022-10-27;104.372;2.45;-24.957;-25.427
2022-10-28;103.576;2.635;-25.914;-25.365
2022-10-31;103.45;2.665;-25.026;-25.494
2022-11-01;103.474;2.659;-24.343;-25.156
2022-11-02;103.379;2.681;-24.408;-25.417
2022-11-03;102.933;2.785;-23.751;-25.063
2022-11-04;102.795;2.818;-22.844;-25.027
2022-11-07;102.764;2.825;-23.358;-25.161
2022-11-08;103.028;2.761;-22.936;-24.79
2022-11-09;103.509;2.646;-22.582;-24.569
2022-11-10;104.085;2.509;-22.646;-24.219
2022-11-11;103.691;2.601;-22.264;-23.669
2022-11-14;103.802;2.575;-22.088;-23.829
2022-11-15;103.992;2.529;-22.68;-23.773
2022-11-16;104.304;2.455;-22.734;-23.932
2022-11-17;104.069;2.509;-22.823;-23.807
2022-11-18;104.038;2.515;-22.314;-23.893
2022-11-21;104.123;2.495;-22.518;-23.72
2022-11-22;104.207;2.474;-22.241;-23.317
2022-11-23;104.224;2.47;-21.948;-23.295
2022-11-24;104.458;2.412;-21.785;-22.95
2022-11-25;104.066;2.505;-21.672;-22.783
2022-11-28;104.039;2.511;-21.252;-23.025
2022-11-29;104.278;2.453;-21.118;-23.119
2022-11-30;104.274;2.454;-21.214;-22.794
2022-12-01;104.729;2.344;-21.369;-22.492
2022-12-02;104.453;2.409;-20.923;-22.042
2022-12-05;104.309;2.442;-20.984;-22.509
2022-12-06;104.554;2.383;-21.298;-22.89
2022-12-07;104.64;2.362;-21.47;-22.792
2022-12-08;104.519;2.389;-21.362;-22.53
2022-12-09;104.216;2.461;-20.892;-22.155
2022-12-12;104.055;2.499;-20.683;-22.727
2022-12-13;104.122;2.482;-20.976;-22.593
2022-12-14;104.265;2.447;-20.754;-22.78
2022-12-15;103.492;2.632;-20.869;-21.593
2022-12-16;103.141;2.717;-20.202;-21.732
2022-12-19;103.096;2.727;-19.515;-21.209
2022-12-20;102.748;2.812;-19.213;-21.297
2022-12-21;102.555;2.859;-19.063;-21.227
2022-12-22;102.387;2.899;-18.95;-21.001
2022-12-23;102.155;2.956;-19.427;-21.073
2022-12-26;102.155;2.956;-18.751;-21.112
2022-12-27;101.832;3.036;-18.702;-20.598
2022-12-28;101.981;2.998;-18.262;-20.672
2022-12-29;102.187;2.946;-19.045;-21.101
2022-12-30;101.834;3.034;-19.744;-21.345
2023-01-02;102.258;2.928;-19.575;-21.631
2023-01-03;102.505;2.866;-19.389;-21.316
2023-01-04;102.982;2.748;-18.994;-21.259
2023-01-05;102.693;2.818;-19.149;-21.013
2023-01-06;103.013;2.739;-18.83;-21.011
2023-01-09;102.986;2.745;-18.477;-20.365
2023-01-10;102.766;2.799;-18.245;-20.152
2023-01-11;103.239;2.682;-17.316;-19.893
2023-01-12;103.396;2.641;-17.514;-19.207
2023-01-13;103.372;2.647;-17.215;-19.364
2023-01-16;103.377;2.645;-16.251;-18.117
2023-01-17;103.796;2.541;-15.596;-18.214
2023-01-18;103.815;2.536;-16.645;-18.587
2023-01-19;103.554;2.599;-16.019;-17.699
2023-01-20;103.215;2.682;-16.199;-18.13
2023-01-23;102.999;2.736;-16.052;-18.182
2023-01-24;103.096;2.711;-15.088;-17.312
2023-01-25;103.162;2.694;-15.838;-18.095
2023-01-26;102.943;2.747;-15.676;-17.293
2023-01-27;102.852;2.77;-15.341;-17.231
2023-01-30;102.538;2.848;-15.212;-17.207
2023-01-31;102.681;2.812;-14.661;-17.012
2023-02-01;102.682;2.811;-15.053;-17.405
2023-02-02;103.486;2.608;-14.756;-17.122
2023-02-03;103.141;2.694;-15.051;-17.094
2023-02-06;102.742;2.794;-15.669;-17.711
2023-02-07;102.548;2.843;-15.873;-17.745
2023-02-08;102.591;2.831;-14.85;-16.899
2023-02-09;102.692;2.805;-15.045;-17.111
2023-02-10;102.423;2.873;-15.144;-16.764
2023-02-13;102.335;2.895;-16.113;-17.767
2023-02-14;101.988;2.983;-15.691;-17.978
2023-02-15;101.849;3.018;-14.59;-17.087
2023-02-16;101.828;3.023;-14.954;-17.139
2023-02-17;101.857;3.015;-14.686;-16.929
2023-02-20;101.765;3.038;-14.704;-17.007
2023-02-21;101.511;3.104;-14.382;-17.112
2023-02-22;101.533;3.098;-14.647;-16.926
2023-02-23;101.591;3.082;-15.268;-16.936
2023-02-24;101.233;3.175;-14.555;-16.297
2023-02-27;101.042;3.224;-14.717;-16.819
2023-02-28;100.754;3.3;-14.159;-16.522
2023-03-01;100.536;3.357;-14.382;-16.371
2023-03-02;100.484;3.37;-14.642;-16.727
2023-03-03;100.59;3.342;-15.315;-16.893
2023-03-06;100.441;3.382;-15.66;-17.061
2023-03-07;100.548;3.353;-15.527;-16.683
2023-03-08;100.611;3.337;-16.418;-18.05
2023-03-09;100.727;3.306;-15.642;-17.11
2023-03-10;101.088;3.211;-15.531;-17.026
2023-03-13;101.816;3.02;-17.105;-19.522
2023-03-14;101.424;3.122;-18.366;-17.134
2023-03-15;102.356;2.879;-16.633;-18.957
2023-03-16;102.024;2.964;-18.476;-17.25
2023-03-17;102.612;2.811;-18.407;-18.327
2023-03-20;102.747;2.775;-17.828;-18.297
2023-03-21;102.217;2.913;-17.758;-17.086
2023-03-22;101.959;2.98;-17.408;-17.443
2023-03-23;102.442;2.853;-18.172;-18.82
2023-03-24;102.806;2.758;-18.187;-18.933
2023-03-27;102.569;2.819;-18.019;-18.346
2023-03-28;102.386;2.866;-18.449;-19.119
2023-03-29;102.282;2.893;-18.636;-19.537
2023-03-30;101.954;2.978;-19.523;-20.025
2023-03-31;102.181;2.918;-19.379;-20.006
2023-04-03;102.315;2.883;-19.213;-19.794
2023-04-04;102.561;2.818;-19.428;-20.173
2023-04-05;102.814;2.749;-19.805;-20.01
2023-04-06;102.764;2.762;-20.33;-20.433
2023-04-07;102.764;2.762;-19.903;-20.017
2023-04-10;102.764;2.762;-19.866;-20.019
2023-04-11;102.29;2.886;-20.221;-20.368
2023-04-12;102.021;2.957;-19.882;-19.986
2023-04-13;102.088;2.938;-19.985;-19.985
2023-04-14;101.844;3.003;-20.122;-20.368
2023-04-17;101.729;3.033;-19.301;-20.436
2023-04-18;101.605;3.066;-19.578;-20.497
2023-04-19;101.392;3.123;-19.218;-20.332
2023-04-20;101.578;3.072;-19.337;-20.634
2023-04-21;101.526;3.086;-19.246;-20.341
2023-04-24;101.361;3.13;-19.011;-20.559
2023-04-25;101.783;3.016;-18.742;-20.223
2023-04-26;101.833;3.002;-18.901;-20.474
2023-04-27;101.701;3.036;-19.323;-20.497
2023-04-28;102.167;2.911;-18.767;-19.859
2023-05-01;102.167;2.911;-19.983;-21.297
2023-05-02;102.358;2.859;-19.707;-20.698
2023-05-03;102.336;2.865;-19.881;-21.051
2023-05-04;102.785;2.743;-20.083;-21.104
2023-05-05;102.47;2.827;-20.224;-20.238
2023-05-08;102.35;2.859;-19.88;-20.439
2023-05-09;102.298;2.872;-20.379;-20.924
2023-05-10;102.512;2.814;-20.296;-20.977
2023-05-11;102.687;2.766;-20.62;-20.948
2023-05-12;102.493;2.818;-20.917;-21.177
2023-05-15;102.477;2.821;-20.287;-21.17
2023-05-16;102.276;2.875;-20.503;-21.29
2023-05-17;102.14;2.911;-20.43;-21.417
2023-05-18;101.819;2.997;-20.548;-21.382
2023-05-19;101.809;3.0;-20.316;-21.342
2023-05-22;101.702;3.029;-19.911;-21.254
2023-05-23;101.636;3.046;-19.751;-21.287
2023-05-24;101.554;3.068;-19.85;-21.495
2023-05-25;101.307;3.135;-18.787;-20.317
2023-05-26;101.236;3.155;-19.826;-21.195
2023-05-29;101.476;3.088;-18.929;-20.927
2023-05-30;101.902;2.971;-20.089;-22.05
2023-05-31;102.14;2.906;-20.702;-22.316
2023-06-01;102.31;2.858;-21.524;-22.36
2023-06-02;102.021;2.937;-21.739;-22.508
2023-06-05;101.843;2.985;-20.742;-22.103
2023-06-06;101.968;2.95;-21.146;-22.119
2023-06-07;101.667;3.033;-21.285;-22.407
2023-06-08;101.856;2.98;-21.425;-22.394
2023-06-09;101.85;2.981;-21.578;-22.598
2023-06-12;101.872;2.974;;
2023-06-13;101.639;3.039;-20.663;-22.552
2023-06-14;101.497;3.078;-20.72;-22.405
2023-06-15;101.146;3.175;-21.098;-22.328
2023-06-16;101.178;3.165;-20.788;-22.046
2023-06-19;101.031;3.206;-20.344;-22.401
2023-06-20;101.261;3.142;-20.138;-22.545
2023-06-21;101.132;3.178;-20.448;-22.396
2023-06-22;100.857;3.254;-20.428;-22.1
2023-06-23;101.295;3.131;-20.136;-22.314
2023-06-26;101.402;3.101;-20.215;-22.48
2023-06-27;101.164;3.167;-20.852;-23.157
2023-06-28;101.328;3.121;-20.709;-23.173
2023-06-29;100.963;3.223;-21.069;-22.595
2023-06-30;101.02;3.207;-21.587;-23.264
2023-07-03;100.78;3.274;-20.705;-22.686
2023-07-04;100.851;3.254;-20.668;-22.415
2023-07-05;100.899;3.24;-21.189;-23.128
2023-07-06;100.432;3.373;-21.4;-22.81
2023-07-07;100.512;3.35;-21.346;-23.206
2023-07-10;100.471;3.362;-21.115;-23.081
2023-07-11;100.444;3.369;-21.192;-23.067
2023-07-12;100.802;3.267;-21.183;-23.401
2023-07-13;101.092;3.183;-21.561;-23.199
2023-07-14;100.957;3.221;-22.043;-23.383
2023-07-17;101.038;3.198;-21.564;-23.514
2023-07-18;101.408;3.092;-21.371;-23.51
2023-07-19;101.277;3.129;-21.684;-23.491
2023-07-20;101.073;3.187;-22.204;-23.648
2023-07-21;101.12;3.173;-21.748;-23.481
2023-07-24;101.363;3.103;-21.632;-23.909
2023-07-25;101.342;3.109;-21.148;-23.37
2023-07-26;101.095;3.18;-21.416;-23.399
2023-07-27;101.258;3.132;-22.178;-23.948
2023-07-28;101.298;3.12;-21.903;-23.712
2023-07-31;101.345;3.107;-21.936;-23.502
2023-08-01;101.262;3.13;-21.977;-23.933
2023-08-02;101.344;3.106;-21.787;-23.795
2023-08-03;101.211;3.144;-21.749;-23.223
2023-08-04;101.238;3.136;-22.404;-23.676
2023-08-07;101.197;3.147;-22.056;-23.742
2023-08-08;101.438;3.077;-22.098;-23.32
2023-08-09;101.367;3.098;-21.941;-23.205
2023-08-10;101.281;3.122;-22.506;-23.329
2023-08-11;101.016;3.198;-22.563;-23.284
2023-08-14;100.933;3.222;-22.068;-23.314
2023-08-15;100.83;3.252;-22.282;-23.363
2023-08-16;100.917;3.227;-22.038;-23.376
2023-08-17;100.779;3.266;-22.77;-23.325
2023-08-18;101.008;3.199;-22.583;-23.198
2023-08-21;100.816;3.255;-22.682;-23.398
2023-08-22;100.962;3.212;-22.217;-23.155
2023-08-23;101.389;3.087;-21.854;-23.307
2023-08-24;101.392;3.085;-22.483;-23.185
2023-08-25;101.141;3.158;-22.32;-22.95
2023-08-28;101.14;3.159;-22.662;-23.419
2023-08-29;101.297;3.112;-22.43;-23.338
2023-08-30;101.221;3.134;-22.569;-23.446
2023-08-31;101.521;3.045;-23.116;-24.302
2023-09-01;101.402;3.08;-23.43;-23.913
2023-09-04;101.306;3.108;-22.711;-23.795
2023-09-05;101.295;3.111;-22.938;-23.916
2023-09-06;101.137;3.157;-22.972;-23.591
2023-09-07;101.21;3.135;-23.428;-23.42
2023-09-08;101.215;3.133;-23.098;-23.267
2023-09-11;101.15;3.152;-22.645;-23.299
2023-09-12;101.054;3.18;-22.893;-23.35
2023-09-13;100.926;3.218;-22.845;-23.315
2023-09-14;101.123;3.159;-23.15;-23.015
2023-09-15;100.976;3.202;-23.316;-23.277
2023-09-18;100.814;3.251;-22.86;-23.384
2023-09-19;100.733;3.275;-22.275;-22.965
2023-09-20;100.834;3.244;-22.405;-23.112
2023-09-21;100.743;3.271;-22.692;-23.007
2023-09-22;100.768;3.263;-22.622;-23.012
2023-09-25;100.774;3.261;-22.531;-23.511
2023-09-26;100.756;3.267;-22.561;-23.372
2023-09-27;100.658;3.296;-21.872;-23.022
2023-09-28;100.422;3.367;-22.063;-22.729
2023-09-29;100.669;3.292;-21.493;-22.106
2023-10-02;100.51;3.34;-20.422;-21.268
2023-10-03;100.476;3.35;-20.753;-21.538
2023-10-04;100.555;3.326;-20.161;-20.879
2023-10-05;100.673;3.29;-20.093;-20.515
2023-10-06;100.641;3.299;-17.451;-17.836
2023-10-09;100.931;3.211;-16.607;-16.885
2023-10-10;100.903;3.219;-17.481;-17.76
2023-10-11;100.852;3.235;-16.857;-17.07
2023-10-12;100.647;3.297;-18.381;-17.22
2023-10-13;100.694;3.282;-17.625;-16.963
2023-10-16;100.667;3.29;-17.599;-16.782
2023-10-17;100.405;3.371;-17.653;-17.302
2023-10-18;100.322;3.396;-17.288;-16.321
2023-10-19;100.3;3.403;-17.868;-17.088
2023-10-20;100.518;3.335;-18.314;-17.688
2023-10-23;100.581;3.316;-18.669;-18.047
2023-10-24;100.753;3.263;-18.905;-18.688
2023-10-25;100.689;3.282;-19.291;-18.899
2023-10-26;100.889;3.22;-19.323;-18.839
2023-10-27;101.038;3.174;-19.514;-19.003
2023-10-30;101.11;3.152;-19.275;-19.141
2023-10-31;101.159;3.136;-19.551;-19.18
2023-11-01;101.351;3.077;-19.595;-19.001
2023-11-02;101.393;3.063;-19.886;-18.78
2023-11-03;101.557;3.012;-19.933;-18.611
2023-11-06;101.395;3.062;-19.59;-18.549
2023-11-07;101.459;3.042;-19.499;-18.606
2023-11-08;101.452;3.044;-19.26;-18.311
2023-11-09;101.451;3.043;-20.076;-18.521
2023-11-10;101.269;3.099;-19.809;-18.44
2023-11-13;101.205;3.118;-18.688;-17.827
2023-11-14;101.519;3.021;-18.179;-17.655
2023-11-15;101.449;3.042;-18.851;-17.98
2023-11-16;101.612;2.991;-19.355;-17.828
2023-11-17;101.563;3.005;-19.462;-17.846
2023-11-20;101.514;3.02;-19.079;-17.872
2023-11-21;101.611;2.99;-18.671;-17.751
2023-11-22;101.503;3.023;-18.733;-17.695
2023-11-23;101.359;3.067;-19.612;-17.976
2023-11-24;101.299;3.085;-19.456;-18.032
2023-11-27;101.6;2.991;-19.282;-18.065
2023-11-28;101.798;2.929;-19.516;-17.942
2023-11-29;102.045;2.852;-19.017;-18.065
2023-11-30;102.077;2.84;-19.875;-18.175
2023-12-01;102.5;2.708;-20.056;-18.259
2023-12-04;102.516;2.703;-19.995;-17.917
2023-12-05;102.788;2.618;-19.676;-17.944
2023-12-06;102.798;2.614;-19.671;-17.885
2023-12-07;102.864;2.592;-20.328;-18.025
2023-12-08;102.63;2.664;-20.874;-18.141
2023-12-11;102.586;2.677;-19.659;-17.842
2023-12-12;102.632;2.662;-19.452;-17.742
2023-12-13;102.785;2.614;-19.646;-18.012
2023-12-14;103.112;2.51;-20.46;-17.974
2023-12-15;103.389;2.423;-21.125;-18.465
2023-12-18;103.18;2.487;-20.228;-17.7
2023-12-19;103.316;2.444;-19.715;-17.833
2023-12-20;103.486;2.391;-20.035;-18.278
2023-12-21;103.515;2.377;-21.081;-18.182
2023-12-22;103.633;2.34;-21.525;-18.641
2023-12-25;103.633;2.34;-20.961;-18.967
2023-12-27;103.73;2.309;-20.507;-18.797
2023-12-28;103.747;2.3;-21.221;-18.695
2023-12-29;103.617;2.339;-21.312;-18.566
2024-01-01;103.617;2.339;-20.1;-18.398
2024-01-02;103.47;2.385;-18.914;-17.496
2024-01-03;103.6;2.343;-19.179;-17.887
2024-01-04;103.226;2.458;-19.479;-17.374
2024-01-05;103.078;2.504;-18.85;-17.182
2024-01-08;103.149;2.481;-18.417;-17.669
2024-01-09;102.949;2.543;-18.237;-16.987
2024-01-10;102.839;2.577;-17.886;-16.567
2024-01-11;102.897;2.557;-18.221;-16.908
2024-01-12;103.207;2.457;-17.859;-16.429
2024-01-15;103.03;2.513;-16.866;-15.744
2024-01-16;103.014;2.517;-17.222;-15.858
2024-01-17;102.731;2.607;-17.613;-15.474
2024-01-18;102.683;2.62;-17.035;-15.536
2024-01-19;102.516;2.673;-16.984;-14.936
2024-01-22;102.675;2.621;-15.875;-14.891
2024-01-23;102.562;2.657;-16.267;-15.346
2024-01-24;102.57;2.654;-16.027;-14.825
2024-01-25;102.836;2.566;-16.249;-15.038
2024-01-26;102.807;2.575;-16.225;-14.542
2024-01-29;102.995;2.513;-16.313;-15.414
2024-01-30;102.884;2.548;-16.342;-14.864
2024-01-31;103.101;2.478;-16.288;-15.094
2024-02-01;103.059;2.489;-16.788;-14.836
2024-02-02;102.733;2.594;-16.447;-14.024
2024-02-05;102.55;2.652;-15.887;-14.781
2024-02-06;102.616;2.63;-15.698;-15.037
2024-02-07;102.522;2.66;-15.772;-14.695
2024-02-08;102.418;2.692;-16.43;-14.593
2024-02-09;102.251;2.746;-15.73;-14.039
2024-02-12;102.37;2.707;-15.592;-14.674
2024-02-13;102.169;2.772;-15.605;-13.94
2024-02-14;102.327;2.72;-15.768;-14.583
2024-02-15;102.252;2.743;-16.06;-14.622
2024-02-16;102.052;2.808;-15.364;-13.445
2024-02-19;102.071;2.801;-14.769;-13.677
2024-02-20;102.206;2.756;-14.924;-14.135
2024-02-21;102.002;2.823;-15.026;-13.797
2024-02-22;101.886;2.86;-16.184;-14.151
2024-02-23;102.069;2.799;-15.651;-13.999
2024-02-26;101.86;2.868;-15.259;-13.587
2024-02-27;101.824;2.88;-15.039;-13.633
2024-02-28;101.86;2.867;-15.241;-14.149
2024-02-29;101.91;2.849;-15.078;-13.459
2024-03-01;101.945;2.837;-16.062;-14.113
2024-03-04;101.977;2.825;-14.786;-13.611
2024-03-05;102.107;2.781;-14.255;-13.493
2024-03-06;102.124;2.775;-14.441;-13.345
2024-03-07;102.2;2.748;-14.987;-13.56
2024-03-08;102.414;2.675;-14.809;-13.387
2024-03-11;102.31;2.709;-14.709;-13.646
2024-03-12;102.204;2.744;-14.059;-13.273
2024-03-13;102.107;2.777;-14.351;-13.254
2024-03-14;101.934;2.834;-14.464;-13.045
2024-03-15;101.844;2.864;-14.965;-13.413
2024-03-18;101.826;2.869;-14.038;-13.23
2024-03-19;101.893;2.846;-14.444;-13.783
2024-03-20;101.855;2.858;-13.999;-13.361
2024-03-21;101.986;2.812;-14.312;-13.489
2024-03-22;102.14;2.759;-14.6;-13.619
2024-03-25;101.987;2.811;-13.826;-13.151
2024-03-26;102.017;2.8;-13.727;-13.315
2024-03-27;102.154;2.75;-14.35;-13.534
2024-03-28;102.133;2.757;-14.244;-13.468
2024-03-29;102.133;2.757;-14.664;-13.947
2024-04-02;102.054;2.783;-13.365;-13.186
2024-04-03;102.015;2.796;-13.446;-13.182
2024-04-04;102.031;2.789;-13.72;-13.468
2024-04-05;101.949;2.817;-13.286;-13.031
2024-04-08;101.801;2.867;-13.151;-13.088
2024-04-09;101.907;2.83;-13.162;-13.16
2024-04-10;101.678;2.909;-12.762;-12.718
2024-04-11;101.601;2.935;-12.8;-12.89
2024-04-12;101.866;2.842;-13.137;-13.236
2024-04-15;101.704;2.898;-13.87;-13.235
2024-04-16;101.529;2.958;-12.799;-12.565
2024-04-17;101.57;2.943;-13.136;-12.912
2024-04-18;101.47;2.977;-13.281;-12.923
2024-04-19;101.439;2.987;-13.278;-12.963
2024-04-22;101.519;2.959;-13.338;-13.267
2024-04-23;101.482;2.971;-13.122;-12.956
2024-04-24;101.333;3.023;-13.518;-13.201
2024-04-25;101.229;3.059;-13.909;-13.104
2024-04-26;101.324;3.025;-14.117;-13.477
2024-04-29;101.432;2.985;-14.238;-13.454
2024-04-30;101.223;3.059;-14.56;-13.399
2024-05-02;101.316;3.025;-14.234;-13.368
2024-05-03;101.527;2.949;-14.613;-13.409
2024-05-06;101.569;2.934;-14.22;-13.203
2024-05-07;101.634;2.91;-14.169;-13.524
2024-05-08;101.546;2.941;-14.509;-13.705
2024-05-09;101.505;2.954;-14.997;-13.6
2024-05-10;101.438;2.977;-15.265;-13.678
2024-05-13;101.469;2.966;-14.526;-13.704
2024-05-14;101.39;2.994;-14.597;-13.735
2024-05-15;101.665;2.894;-14.643;-13.87
2024-05-16;101.561;2.93;-15.429;-13.766
2024-05-17;101.401;2.987;-15.332;-13.636
2024-05-20;101.371;2.997;-14.651;-13.65
2024-05-21;101.449;2.969;-14.97;-13.981
2024-05-22;101.345;3.006;-14.675;-13.636
2024-05-23;101.153;3.074;-15.116;-13.372
2024-05-24;101.129;3.083;-15.222;-13.443
2024-05-27;101.242;3.041;-14.609;-13.434
2024-05-28;101.184;3.062;-14.759;-13.207
2024-05-29;101.054;3.109;-14.523;-13.319
2024-05-30;101.151;3.072;-15.646;-13.791
2024-05-31;101.09;3.094;-15.931;-13.616
2024-06-03;101.317;3.01;-15.154;-13.824
2024-06-04;101.406;2.977;-14.609;-13.383
2024-06-05;101.458;2.958;-15.009;-13.696
2024-06-06;101.327;3.004;-15.515;-13.448
2024-06-07;101.165;3.063;-16.182;-13.898
2024-06-10;101.072;3.097;-14.831;-13.316
2024-06-11;101.161;3.064;-14.835;-13.427
2024-06-12;101.391;2.979;-14.396;-13.313
2024-06-13;101.488;2.941;-15.16;-13.264
2024-06-14;101.633;2.887;-15.335;-13.222
2024-06-17;101.572;2.909;-15.012;-13.043
2024-06-18;101.642;2.882;-15.256;-13.075
2024-06-19;101.599;2.898;-14.789;-12.722
2024-06-20;101.54;2.918;-15.653;-13.027
2024-06-21;101.612;2.891;-15.119;-12.846
2024-06-24;101.611;2.89;-15.058;-12.834
2024-06-25;101.617;2.888;-15.134;-13.145
2024-06-26;101.554;2.91;-14.995;-13.413
2024-06-27;101.542;2.913;-15.452;-13.278
2024-06-28;101.494;2.931;-15.288;-13.045
2024-07-01;101.364;2.979;-15.048;-13.326
2024-07-02;101.427;2.955;-14.688;-13.142
2024-07-03;101.453;2.944;-14.512;-13.117
2024-07-04;101.387;2.968;-15.3;-13.251
2024-07-05;101.547;2.907;-15.024;-13.135
2024-07-08;101.521;2.916;-14.256;-13.106
2024-07-09;101.461;2.938;-14.65;-13.203
2024-07-10;101.554;2.902;-14.458;-13.424
2024-07-11;101.803;2.806;-15.149;-13.76
2024-07-12;101.724;2.835;-15.27;-13.721
2024-07-15;101.805;2.804;-14.583;-13.386
2024-07-16;101.911;2.763;-14.716;-13.439
2024-07-17;101.881;2.774;-14.613;-13.023
2024-07-18;101.894;2.767;-14.917;-12.811
2024-07-19;101.836;2.788;-14.984;-13.067
2024-07-22;101.744;2.823;-14.539;-13.204
2024-07-23;101.873;2.773;-14.508;-13.395
2024-07-24;101.989;2.728;-14.84;-14.222
2024-07-25;102.026;2.711;-15.487;-13.872
2024-07-26;102.075;2.692;-15.837;-13.784
2024-07-29;102.144;2.665;-15.122;-13.92
2024-07-30;102.268;2.617;-15.107;-14.19
2024-07-31;102.322;2.595;-15.174;-14.182
2024-08-01;102.455;2.542;-15.73;-13.858
2024-08-02;102.637;2.471;-15.641;-14.972
2024-08-05;102.62;2.477;-14.039;-13.317
2024-08-06;102.598;2.484;-15.275;-12.476
2024-08-07;102.531;2.509;-15.25;-13.508
2024-08-08;102.552;2.498;-15.843;-13.92
2024-08-09;102.596;2.48;-15.951;-13.224
2024-08-12;102.599;2.478;-15.189;-13.363
2024-08-13;102.722;2.429;-14.987;-13.635
2024-08-14;102.717;2.43;-15.816;-12.7
2024-08-15;102.462;2.526;-15.8;-12.143
2024-08-16;102.506;2.508;-15.639;-12.039
2024-08-19;102.506;2.507;-15.786;-12.646
2024-08-20;102.608;2.466;-16.112;-12.791
2024-08-21;102.707;2.427;-14.551;-13.056
2024-08-22;102.592;2.468;-15.027;-12.717
2024-08-23;102.657;2.442;-15.409;-12.865
2024-08-26;102.6;2.463;-14.974;-13.249
2024-08-27;102.557;2.479;-13.706;-11.792
2024-08-28;102.604;2.459;-14.046;-12.246
2024-08-29;102.647;2.439;-14.543;-12.344
2024-08-30;102.57;2.469;-14.452;-11.592
2024-09-02;102.523;2.486;-14.229;-11.684
2024-09-03;102.607;2.452;-14.12;-12.142
2024-09-04;102.727;2.404;-13.913;-12.194
2024-09-05;102.807;2.369;-14.566;-12.444
2024-09-06;102.931;2.319;-14.5;-12.37
2024-09-09;102.985;2.297;-13.978;-11.648
2024-09-10;103.073;2.261;-14.488;-12.028
2024-09-11;103.131;2.237;-14.938;-12.721
2024-09-12;102.985;2.291;-14.892;-11.587
2024-09-13;103.028;2.272;-14.406;-11.756
2024-09-16;103.09;2.247;-14.338;-12.73
2024-09-17;102.982;2.288;-13.881;-12.182
2024-09-18;102.872;2.33;-12.944;-10.384
2024-09-19;102.963;2.291;-13.444;-11.117
2024-09-20;102.932;2.302;-12.679;-10.006
2024-09-23;103.088;2.238;-11.179;-10.045
2024-09-24;103.185;2.198;-11.072;-10.592
2024-09-25;103.122;2.222;-10.178;-8.802
2024-09-26;103.101;2.227;-9.846;-8.632
2024-09-27;103.23;2.174;-9.733;-8.843
2024-09-30;103.222;2.176;-8.556;-7.789
2024-10-01;103.344;2.125;-9.147;-8.935
2024-10-02;103.253;2.16;-7.886;-7.749
2024-10-03;103.139;2.202;-7.606;-6.9
2024-10-04;102.854;2.316;-7.726;-7.38
2024-10-07;102.691;2.381;-6.188;-5.637
2024-10-08;102.756;2.353;-6.4;-5.932
2024-10-09;102.692;2.378;-6.706;-6.284
2024-10-10;102.723;2.362;-5.935;-5.817
2024-10-11;102.769;2.342;-6.075;-6.051
2024-10-14;102.737;2.354;-6.065;-6.491
2024-10-15;102.869;2.299;-5.92;-5.803
2024-10-16;102.947;2.266;-5.955;-5.761
2024-10-17;103.002;2.239;-6.427;-5.899
2024-10-18;103.085;2.204;-6.567;-6.512
2024-10-21;102.939;2.262;-6.953;-5.32
2024-10-22;102.893;2.28;-7.245;-5.328
2024-10-23;102.976;2.245;-5.871;-5.098
2024-10-24;103.023;2.221;-6.778;-4.806
2024-10-25;102.964;2.244;-6.381;-3.346
2024-10-28;102.998;2.229;-5.483;-3.006
2024-10-29;102.912;2.263;-4.262;-1.517
2024-10-30;102.655;2.368;-3.177;-0.098
2024-10-31;102.549;2.409;-1.968;1.557
2024-11-01;102.556;2.405;-0.387;2.29
2024-11-04;102.489;2.432;1.174;2.761
2024-11-05;102.385;2.474;1.36;3.219
2024-11-06;102.672;2.353;1.79;3.474
2024-11-07;102.623;2.37;1.351;4.096
2024-11-08;102.697;2.337;0.629;4.584
2024-11-11;102.826;2.282;1.521;4.005
2024-11-12;102.806;2.289;1.426;4.356
2024-11-13;102.775;2.301;0.982;4.3
2024-11-14;102.911;2.239;0.073;4.137
2024-11-15;102.858;2.26;2.399;6.233
2024-11-18;102.759;2.301;5.96;9.534
2024-11-19;102.749;2.304;0.748;5.185
2024-11-20;102.718;2.316;1.207;5.077
2024-11-21;102.731;2.306;0.937;4.89
2024-11-22;102.985;2.197;0.628;4.274
2024-11-25;102.943;2.213;0.4;4.444
2024-11-26;102.929;2.218;-0.031;4.648
2024-11-27;102.913;2.223;-0.554;3.94
2024-11-28;103.003;2.181;-1.246;3.254
2024-11-29;103.138;2.121;-1.894;2.073
2024-12-02;103.275;2.061;-1.433;1.739
2024-12-03;103.224;2.082;-2.34;1.883
2024-12-04;103.193;2.093;-2.114;2.375
2024-12-05;103.053;2.149;-2.316;2.327
2024-12-06;103.084;2.134;-2.62;1.809
2024-12-09;103.108;2.122;-1.709;2.24
2024-12-10;103.161;2.098;-2.142;1.693
2024-12-11;103.171;2.092;-1.972;1.709
2024-12-12;103.013;2.156;-2.757;1.528
2024-12-13;102.869;2.217;-2.374;2.431
2024-12-16;102.926;2.191;-1.963;1.877
2024-12-17;102.885;2.207;-1.621;1.873
2024-12-18;102.906;2.197;-1.692;1.732
2024-12-19;102.836;2.223;-2.558;1.737
2024-12-20;102.888;2.199;-2.883;1.543
2024-12-23;102.848;2.212;-2.709;1.065
2024-12-24;102.848;2.208;-4.485;0.528
2024-12-25;102.848;2.208;-4.417;0.535
2024-12-27;102.78;2.236;-2.818;1.042
2024-12-30;102.844;2.205;-2.535;1.154
2024-12-31;102.844;2.204;-3.075;0.997
2025-01-01;102.844;2.204;-2.725;0.975
2025-01-02;102.761;2.236;-2.42;1.612
2025-01-03;102.621;2.297;-2.307;2.393
2025-01-06;102.519;2.342;-1.209;2.109
2025-01-07;102.524;2.338;-1.595;1.363
2025-01-08;102.494;2.351;-1.155;1.677
2025-01-09;102.432;2.375;-1.987;1.217
2025-01-10;102.31;2.429;-1.536;2.186
2025-01-13;102.272;2.445;-0.891;1.807
2025-01-14;102.225;2.465;-1.034;1.051
2025-01-15;102.381;2.393;-1.108;1.191
2025-01-16;102.424;2.369;-1.845;0.642
2025-01-17;102.447;2.357;-2.046;0.789
2025-01-20;102.446;2.357;-1.723;0.956
2025-01-21;102.455;2.351;-1.697;1.16
2025-01-22;102.423;2.364;-2.019;1.324
2025-01-23;102.386;2.378;-2.205;1.662
2025-01-24;102.283;2.424;-2.32;1.704
2025-01-27;102.34;2.396;-1.553;1.115
2025-01-28;102.3;2.413;-1.527;1.308
2025-01-29;102.286;2.419;-1.802;0.894
2025-01-30;102.423;2.351;-2.278;0.229
2025-01-31;102.617;2.26;-2.698;-0.753
2025-02-03;102.789;2.179;-2.257;-0.717
2025-02-04;102.75;2.195;-2.357;0.604
2025-02-05;102.742;2.197;-2.827;0.666
2025-02-06;102.733;2.197;-3.356;0.543
2025-02-07;102.74;2.192;-2.946;0.92
2025-02-10;102.775;2.174;-2.333;0.701
2025-02-11;102.658;2.227;-1.831;0.721
2025-02-12;102.534;2.284;-1.678;1.12
2025-02-13;102.617;2.241;-2.132;0.141
2025-02-14;102.566;2.263;-2.794;-0.258
2025-02-17;102.531;2.278;-2.103;0.28
2025-02-18;102.555;2.266;-2.593;-0.146
2025-02-19;102.444;2.317;-1.813;1.342
2025-02-20;102.483;2.294;-2.055;1.368
2025-02-21;102.56;2.256;-1.944;1.335
2025-02-24;102.599;2.236;-1.416;1.648
2025-02-25;102.64;2.215;-1.322;1.814
2025-02-26;102.635;2.215;-0.395;3.109
2025-02-27;102.69;2.184;-1.051;2.572
2025-02-28;102.714;2.171;-0.968;2.936
2025-03-03;102.632;2.209;-0.44;3.926
2025-03-04;102.676;2.186;-0.133;3.218
2025-03-05;102.276;2.378;0.182;4.619
2025-03-06;102.245;2.389;-0.184;3.836
2025-03-07;102.252;2.384;0.051;3.614
2025-03-10;102.3;2.359;0.941;3.707
2025-03-11;102.324;2.346;0.684;3.416
2025-03-12;102.292;2.36;0.668;3.571
2025-03-13;102.354;2.326;0.71;3.08
2025-03-14;102.326;2.338;0.08;2.438
2025-03-17;102.318;2.341;0.647;2.364
2025-03-18;102.339;2.329;1.237;2.347
2025-03-19;102.301;2.346;1.623;2.45
2025-03-20;102.338;2.324;1.272;2.578
2025-03-21;102.403;2.29;1.279;2.481
2025-03-24;102.409;2.285;1.649;2.355
2025-03-25;102.374;2.301;1.666;2.458
2025-03-26;102.408;2.283;1.685;2.406
2025-03-27;102.493;2.236;1.247;1.746
2025-03-28;102.567;2.198;1.287;1.826
2025-03-31;102.517;2.221;2.015;2.639
2025-04-01;102.566;2.195;2.203;2.899
2025-04-02;102.545;2.204;1.679;2.161
2025-04-03;102.687;2.128;2.123;2.498
2025-04-04;102.827;2.056;2.317;2.542
2025-04-07;102.836;2.05;1.874;1.658
2025-04-08;102.806;2.063;3.033;3.139
2025-04-09;102.925;2.001;2.45;2.075
2025-04-10;102.864;2.026;3.749;3.34
2025-04-11;102.79;2.062;4.264;2.305
2025-04-14;102.899;2.005;2.334;2.544
2025-04-15;102.91;1.997;2.642;2.767
2025-04-16;102.905;1.989;1.816;2.577
2025-04-17;103.038;1.92;0.476;2.153
2025-04-18;103.038;1.92;-0.36;1.295
2025-04-22;103.084;1.894;1.125;1.877
2025-04-23;102.991;1.939;-0.422;2.182
2025-04-24;103.047;1.904;-0.137;1.849
2025-04-25;102.988;1.932;0.158;1.938
2025-04-28;102.959;1.945;0.208;2.086
2025-04-29;102.955;1.943;0.006;1.872
2025-04-30;103.016;1.905;-0.606;1.637
2025-05-02;102.902;1.962;-0.03;1.657
2025-05-05;102.913;1.954;-0.054;1.245
2025-05-06;102.941;1.937;0.25;1.221
2025-05-07;102.967;1.922;0.373;1.272
2025-05-08;102.88;1.96;-0.693;1.233
2025-05-09;102.855;1.971;-0.954;1.561
2025-05-12;102.666;2.068;-0.338;1.783
2025-05-13;102.638;2.081;-0.003;1.864
2025-05-14;102.607;2.095;0.409;1.668
2025-05-15;102.687;2.047;-0.338;1.287
2025-05-16;102.724;2.026;-0.479;1.12
2025-05-19;102.736;2.017;-0.506;1.249
2025-05-20;102.742;2.012;-0.727;0.895
2025-05-21;102.698;2.033;-0.697;1.224
2025-05-22;102.737;2.006;-1.255;1.038
2025-05-23;102.828;1.955;-2.275;0.733
2025-05-26;102.819;1.958;-2.106;0.606
2025-05-27;102.822;1.954;-1.969;1.391
2025-05-28;102.804;1.962;-2.308;1.641
2025-05-29;102.841;1.935;-3.562;0.395
2025-05-30;102.809;1.95;-3.212;0.427
2025-06-02;102.811;1.947;-3.138;0.067
2025-06-03;102.83;1.934;-3.586;-0.78
2025-06-04;102.812;1.942;-3.863;-0.905
2025-06-05;102.688;2.002;-4.525;-0.227
2025-06-06;102.672;2.009;-4.444;0.087
2025-06-09;102.684;2.0;-3.357;0.071
2025-06-10;102.715;1.981;-3.898;-0.285
2025-06-11;102.721;1.976;-4.12;-0.78
2025-06-12;102.744;1.956;-4.539;-0.912
2025-06-13;102.665;1.998;-4.358;-0.541
2025-06-16;102.691;1.981;-3.953;-0.674
2025-06-17;102.643;2.005;-3.686;-0.859
2025-06-18;102.673;1.987;-3.843;-0.685
2025-06-19;102.657;1.989;-4.155;-0.33
2025-06-20;102.649;1.991;-4.371;-0.168
2025-06-23;102.666;1.979;-3.87;-0.405
2025-06-24;102.661;1.98;-3.977;-0.863
2025-06-25;102.676;1.969;-4.278;-1.202
2025-06-26;102.693;1.953;-4.945;-1.548
2025-06-27;102.651;1.974;-5.548;-1.938
2025-06-30;102.642;1.977;-4.736;-2.115
2025-07-01;102.657;1.966;-4.422;-2.073
2025-07-02;102.635;1.976;-4.61;-1.722
2025-07-03;102.659;1.956;-5.284;-2.098
2025-07-04;102.683;1.94;-5.188;-2.075
2025-07-07;102.661;1.95;-4.758;-1.952
2025-07-08;102.617;1.973;-4.99;-2.062
2025-07-09;102.623;1.967;-4.488;-2.426
2025-07-10;102.56;1.996;-4.621;-2.551
2025-07-11;102.519;2.017;-4.356;-1.956
2025-07-14;102.547;1.999;-3.756;-2.756
2025-07-15;102.57;1.983;-3.876;-2.886
2025-07-16;102.606;1.96;-4.259;-2.991
2025-07-17;102.582;1.967;-5.259;-3.348
2025-07-18;102.574;1.969;-5.21;-2.897
2025-07-21;102.629;1.935;-5.158;-3.617
2025-07-22;102.649;1.921;-5.51;-3.777
2025-07-23;102.61;1.941;-5.581;-3.742
2025-07-24;102.466;2.018;-5.747;-2.369
2025-07-25;102.432;2.036;-5.849;-2.683
2025-07-28;102.463;2.016;-4.824;-3.77
2025-07-29;102.432;2.031;-5.31;-3.593
2025-07-30;102.409;2.043;-5.142;-3.311
2025-07-31;102.376;2.055;-5.715;-2.964
2025-08-01;102.424;2.025;-5.585;-3.032
2025-08-04;102.464;1.999;-5.191;-3.58
2025-08-05;102.451;2.004;-5.268;-3.589
2025-08-06;102.439;2.009;-5.427;-3.99
2025-08-07;102.426;2.009;-5.942;-3.907
2025-08-08;102.374;2.038;-5.868;-3.682
2025-08-11;102.361;2.044;-5.398;-3.463
2025-08-12;102.358;2.043;-5.472;-3.941
2025-08-13;102.402;2.014;-5.833;-4.532
2025-08-14;102.37;2.027;-6.306;-4.735
2025-08-15;102.334;2.046;-6.244;-4.438
2025-08-18;102.344;2.038;-5.206;-4.176
2025-08-19;102.339;2.038;-5.089;-3.987
2025-08-20;102.368;2.018;-5.092;-3.774
2025-08-21;102.304;2.05;-6.154;-3.537
2025-08-22;102.352;2.019;-6.945;-3.96
2025-08-25;102.309;2.043;-6.413;-4.065
2025-08-26;102.334;2.025;-5.871;-3.429
2025-08-27;102.364;2.004;-5.933;-3.652
2025-08-28;102.338;2.013;-6.679;-4.023
2025-08-29;102.331;2.015;-6.768;-4.262
2025-09-01;102.308;2.026;-5.773;-3.911
2025-09-02;102.271;2.047;-5.501;-3.797
2025-09-03;102.292;2.032;-5.517;-4.111
2025-09-04;102.269;2.039;-6.06;-4.175
2025-09-05;102.302;2.016;-6.21;-4.477
2025-09-08;102.295;2.018;-5.818;-4.69
2025-09-09;102.272;2.03;-5.725;-4.517
2025-09-10;102.247;2.043;-5.798;-4.505
2025-09-11;102.199;2.066;-6.363;-4.495
2025-09-12;102.165;2.085;-6.441;-4.417
2025-09-15;102.161;2.086;-5.387;-3.831
2025-09-16;102.179;2.072;-5.884;-4.141
2025-09-17;102.176;2.071;-6.375;-4.576
2025-09-18;102.157;2.076;-6.398;-4.536
2025-09-19;102.139;2.085;-6.036;-4.463
2025-09-22;102.14;2.082;-5.404;-4.287
2025-09-23;102.131;2.086;-5.342;-4.064
2025-09-24;102.123;2.088;-5.291;-4.099
2025-09-25;102.089;2.103;-5.346;-4.058
2025-09-26;102.093;2.098;-5.714;-4.692
2025-09-29;102.089;2.099;-4.647;-3.886
2025-09-30;102.09;2.095;-4.587;-3.76
2025-10-01;102.102;2.085;-4.263;-3.361
2025-10-02;102.101;2.078;-4.807;-3.945
2025-10-03;102.087;2.085;-5.04;-4.33
2025-10-06;102.078;2.089;-3.918;-3.502
2025-10-07;102.074;2.089;-4.019;-3.669
2025-10-08;102.096;2.072;-4.139;-3.854
2025-10-09;102.075;2.078;-3.774;-3.614
2025-10-10;102.118;2.047;-4.838;-4.758
2025-10-13;102.135;2.033;-4.336;-4.462
2025-10-14;102.139;2.028;-5.045;-5.121
2025-10-15;102.132;2.03;-4.662;-4.622
2025-10-16;102.133;2.021;-4.713;-4.788
2025-10-17;102.134;2.018;-4.676;-4.836
2025-10-20;102.134;2.015;-4.936;-4.757
2025-10-21;102.125;2.019;-4.67;-4.835
2025-10-22;102.12;2.02;-4.824;-4.582
2025-10-23;102.099;2.026;-5.193;-4.688
2025-10-24;102.059;2.051;-5.146;-4.747
2025-10-27;102.039;2.062;-4.828;-5.298
2025-10-28;102.032;2.064;-4.921;-5.421
2025-10-29;102.04;2.056;-5.251;-5.618
2025-10-30;102.012;2.068;-5.321;-5.43
2025-10-31;102.029;2.053;-5.871;-6.322
2025-11-03;101.998;2.072;-5.054;-5.881
2025-11-04;102.0;2.068;-5.348;-5.896
2025-11-05;101.996;2.068;-5.651;-6.03
2025-11-06;101.995;2.061;-6.073;-5.968
2025-11-07;101.999;2.056;-6.822;-6.462
2025-11-10;101.977;2.068;-5.897;-5.986
2025-11-11;101.973;2.069;-6.004;-6.134
2025-11-12;101.962;2.074;-5.785;-6.321
2025-11-13;101.921;2.095;-5.847;-5.958
2025-11-14;101.91;2.1;-6.015;-5.892
2025-11-17;101.905;2.101;-6.125;-6.566
2025-11-18;101.924;2.085;-6.761;-7.7
2025-11-19;101.932;2.077;-7.063;-7.819
2025-11-20;101.928;2.071;-7.647;-7.254
2025-11-21;101.936;2.063;-7.744;-7.031
2025-11-24;101.939;2.058;-7.45;-7.26
2025-11-25;101.934;2.059;-7.272;-7.093
2025-11-26;101.928;2.06;-7.669;-7.289
2025-11-27;101.915;2.062;-7.892;-6.922
2025-11-28;101.908;2.064;-8.123;-6.936
2025-12-01;101.876;2.085;-7.727;-7.493
2025-12-02;101.884;2.076;-7.944;-7.661
2025-12-03;101.893;2.067;-8.401;-7.763
2025-12-04;101.864;2.08;-8.202;-7.349
2025-12-05;101.837;2.097;-8.135;-7.858
2025-12-08;101.774;2.142;-7.506;-7.97
2025-12-09;101.77;2.142;-7.296;-8.432
2025-12-10;101.749;2.155;-7.504;-8.476
2025-12-11;101.745;2.15;-6.9;-7.302
2025-12-12;101.747;2.146;-7.279;-7.538
2025-12-15;101.746;2.144;-7.194;-8.208
2025-12-16;101.766;2.126;-7.495;-8.433
2025-12-17;101.762;2.127;-7.988;-8.109
2025-12-18;101.756;2.123;-9.1;-8.097
2025-12-19;101.752;2.123;-9.715;-8.477
2025-12-22;101.747;2.124;-9.091;-8.926
2025-12-23;101.735;2.12;-9.284;-7.603
2025-12-24;101.735;2.117;-9.87;-7.986
2025-12-25;101.735;2.117;-9.456;-7.755
2025-12-29;101.752;2.101;-9.377;-9.101
2025-12-30;101.749;2.097;-9.45;-8.762
2025-12-31;101.749;2.089;-10.475;-8.757
2026-01-01;101.749;2.089;-10.373;-8.985
2026-01-02;101.729;2.102;-9.619;-7.848
2026-01-05;101.723;2.103;-9.304;-8.192
2026-01-06;101.759;2.072;-10.434;-9.414
2026-01-07;101.764;2.065;-10.074;-9.102
2026-01-08;101.742;2.074;-9.627;-8.307
2026-01-09;101.732;2.079;-9.988;-8.629
2026-01-12;101.733;2.075;-10.104;-9.896
2026-01-13;101.733;2.072;-10.404;-10.903
2026-01-14;101.746;2.058;-10.822;-11.375
2026-01-15;101.706;2.082;-10.661;-10.022
2026-01-16;101.706;2.079;-10.244;-9.737
2026-01-19;101.721;2.063;-10.668;-11.433
2026-01-20;101.731;2.052;-10.98;-11.656
2026-01-21;101.709;2.067;-10.527;-11.224
2026-01-22;101.691;2.073;-11.084;-10.685
2026-01-23;101.667;2.09;-10.602;-10.389
2026-01-26;101.678;2.077;-10.708;-11.322
2026-01-27;101.693;2.062;-10.743;-11.413
2026-01-28;101.7;2.053;-10.837;-11.415
2026-01-29;101.712;2.033;-11.939;-11.678
2026-01-30;101.69;2.049;-11.408;-11.425
2026-02-02;101.669;2.063;-11.486;-11.933
2026-02-03;101.659;2.068;-11.41;-12.021
2026-02-04;101.67;2.056;-11.482;-12.46
2026-02-05;101.663;2.052;-11.786;-12.04
2026-02-06;101.666;2.047;-12.06;-11.64
2026-02-09;101.666;2.043;-11.691;-11.286
2026-02-10;101.665;2.041;-11.289;-10.304
2026-02-11;101.671;2.032;-12.337;-10.978
2026-02-12;101.655;2.036;-11.966;-10.714
2026-02-13;101.669;2.021;-12.655;-12.124
2026-02-16;101.653;2.031;-11.682;-12.126
2026-02-17;101.655;2.026;-11.743;-12.213
