;px_last;yld_ytm_mid;asset_swap_spd_mid;z_sprd_mid
2015-01-30;101.043;0.93;-3.238;-3.342
2015-02-02;101.07;0.928;-3.06;-3.153
2015-02-03;100.762;0.949;-4.77;-5.008
2015-02-04;100.657;0.956;-5.374;-5.635
2015-02-05;100.949;0.936;-5.747;-5.927
2015-02-06;101.018;0.932;-6.386;-6.586
2015-02-09;101.163;0.922;-6.932;-7.148
2015-02-10;101.186;0.92;-6.848;-7.061
2015-02-11;101.407;0.906;-7.143;-7.363
2015-02-12;101.903;0.873;-7.281;-7.47
2015-02-13;101.575;0.894;-7.78;-8.016
2015-02-16;101.831;0.877;-10.579;-10.879
2015-02-17;101.233;0.917;-8.47;-8.742
2015-02-18;100.792;0.947;-8.511;-8.808
2015-02-19;100.751;0.949;-8.634;-8.941
2015-02-20;100.796;0.946;-8.812;-9.123
2015-02-23;100.972;0.934;-12.439;-12.896
2015-02-24;101.189;0.92;-9.586;-9.912
2015-02-25;101.909;0.872;-10.324;-10.625
2015-02-26;102.282;0.847;-10.381;-10.653
2015-02-27;101.937;0.87;-11.914;-12.265
2015-03-02;101.84;0.876;-10.836;-11.16
2015-03-03;102.052;0.862;-12.574;-12.93
2015-03-04;101.852;0.876;-13.2;-13.591
2015-03-05;102.325;0.844;-13.721;-14.072
2015-03-06;101.493;0.899;-15.722;-16.245
2015-03-09;102.824;0.811;-24.384;-25.003
2015-03-10;104.316;0.714;-18.535;-18.789
2015-03-11;105.603;0.631;-20.018;-20.107
2015-03-12;105.481;0.638;-18.795;-18.885
2015-03-13;105.778;0.619;-23.795;-23.889
2015-03-16;106.343;0.583;-27.483;-27.514
2015-03-17;106.272;0.588;-24.893;-24.898
2015-03-18;107.52;0.509;-24.358;-24.172
2015-03-19;107.58;0.505;-23.674;-23.478
2015-03-20;107.492;0.51;-23.245;-23.059
2015-03-23;107.1;0.535;-20.18;-20.044
2015-03-24;106.883;0.549;-21.477;-21.357
2015-03-25;107.108;0.534;-23.274;-23.123
2015-03-26;107.029;0.539;-22.755;-22.616
2015-03-27;107.029;0.539;-23.076;-22.936
2015-03-30;107.203;0.528;-24.182;-24.017
2015-03-31;107.653;0.5;-23.137;-22.914
2015-04-01;107.7;0.496;-23.141;-22.911
2015-04-02;107.078;0.535;-23.454;-23.298
2015-04-03;107.14;0.531;-22.88;-22.718
2015-04-06;107.15;0.531;-22.945;-22.781
2015-04-07;107.062;0.536;-22.933;-22.796
2015-04-08;107.497;0.509;-23.149;-22.976
2015-04-09;107.604;0.502;-22.846;-22.665
2015-04-10;107.613;0.501;-23.058;-22.877
2015-04-13;107.765;0.491;-24.569;-24.354
2015-04-14;108.094;0.471;-23.343;-23.079
2015-04-15;108.724;0.431;-23.561;-23.2
2015-04-16;109.033;0.412;-23.649;-23.248
2015-04-17;109.225;0.4;-23.607;-23.18
2015-04-20;109.321;0.394;-24.151;-23.699
2015-04-21;108.855;0.423;-23.283;-22.894
2015-04-22;108.009;0.475;-22.817;-22.543
2015-04-23;107.992;0.476;-22.463;-22.203
2015-04-24;108.086;0.47;-22.244;-21.975
2015-04-27;107.878;0.483;-20.889;-20.667
2015-04-28;107.473;0.509;-20.022;-19.87
2015-04-29;105.417;0.64;-18.738;-18.83
2015-04-30;104.29;0.713;-18.136;-18.354
2015-05-01;104.106;0.725;-14.947;-15.129
2015-05-04;102.681;0.819;-5.623;-5.727
2015-05-05;101.454;0.901;-17.79;-18.363
2015-05-06;100.242;0.983;-17.364;-18.067
2015-05-07;100.433;0.97;-16.15;-16.761
2015-05-08;100.913;0.938;-15.076;-15.597
2015-05-11;99.739;1.018;-7.567;-7.875
2015-05-12;98.645;1.094;-13.412;-14.11
2015-05-13;97.6;1.167;-11.472;-12.142
2015-05-14;97.573;1.169;-11.334;-12.003
2015-05-15;98.517;1.103;-11.441;-12.047
2015-05-18;97.939;1.143;-8.277;-8.726
2015-05-19;98.77;1.085;-9.991;-10.491
2015-05-20;97.992;1.139;-10.198;-10.761
2015-05-21;97.625;1.165;-10.381;-10.986
2015-05-22;98.003;1.139;-10.579;-11.166
2015-05-25;97.855;1.149;-10.094;-10.662
2015-05-26;98.638;1.094;-10.076;-10.602
2015-05-27;98.432;1.109;-10.483;-11.049
2015-05-28;98.919;1.075;-11.46;-12.028
2015-05-29;99.592;1.028;-11.67;-12.193
2015-06-01;99.238;1.053;-9.545;-9.984
2015-06-02;97.155;1.199;-12.247;-13.031
2015-06-03;94.78;1.37;-12.703;-13.723
2015-06-04;95.146;1.344;-12.15;-13.092
2015-06-05;95.03;1.352;-12.447;-13.427
2015-06-08;94.33;1.403;-7.961;-8.634
2015-06-09;93.076;1.496;-12.111;-13.27
2015-06-10;92.605;1.532;-11.718;-12.874
2015-06-11;93.965;1.431;-11.691;-12.713
2015-06-12;94.411;1.398;-11.261;-12.215
2015-06-15;94.354;1.402;-13.356;-14.498
2015-06-16;94.274;1.408;-9.444;-10.244
2015-06-17;94.123;1.419;-8.786;-9.534
2015-06-18;94.103;1.421;-8.721;-9.463
2015-06-19;94.611;1.384;-8.29;-8.964
2015-06-22;93.071;1.498;1.929;2.114
2015-06-23;92.881;1.512;-8.357;-9.165
2015-06-24;93.226;1.486;-8.461;-9.257
2015-06-25;92.92;1.509;-8.359;-9.171
2015-06-26;92.131;1.569;-8.707;-9.601
2015-06-29;93.324;1.479;-17.07;-18.708
2015-06-30;93.449;1.47;-6.677;-7.285
2015-07-01;92.65;1.53;-6.633;-7.286
2015-07-02;91.949;1.583;-6.979;-7.72
2015-07-03;92.778;1.521;-7.103;-7.806
2015-07-06;93.042;1.501;-9.384;-10.316
2015-07-07;94.784;1.372;-6.458;-6.982
2015-07-08;94.79;1.371;-6.606;-7.137
2015-07-09;94.212;1.414;-7.124;-7.742
2015-07-10;92.065;1.575;-8.025;-8.858
2015-07-13;92.339;1.555;-10.316;-11.372
2015-07-14;92.595;1.535;-8.76;-9.647
2015-07-15;93.581;1.461;-8.705;-9.513
2015-07-16;93.605;1.46;-9.732;-10.638
2015-07-17;94.303;1.408;-9.298;-10.123
2015-07-20;94.776;1.373;-9.971;-10.809
2015-07-21;94.529;1.391;-10.221;-11.112
2015-07-22;95.268;1.337;-10.772;-11.637
2015-07-23;95.367;1.33;-11.094;-11.979
2015-07-24;96.157;1.273;-11.296;-12.127
2015-07-27;96.284;1.263;-10.864;-11.643
2015-07-28;96.188;1.27;-11.145;-11.958
2015-07-29;95.642;1.31;-11.077;-11.943
2015-07-30;96.497;1.248;-11.403;-12.207
2015-07-31;96.832;1.224;-10.962;-11.705
2015-08-03;96.922;1.218;-11.45;-12.227
2015-08-04;96.621;1.239;-11.435;-12.232
2015-08-05;95.041;1.355;-11.869;-12.848
2015-08-06;95.711;1.306;-11.605;-12.515
2015-08-07;96.355;1.259;-11.63;-12.471
2015-08-10;95.846;1.296;-11.433;-12.319
2015-08-11;96.915;1.218;-11.176;-11.937
2015-08-12;97.226;1.196;-11.949;-12.75
2015-08-13;96.904;1.219;-11.426;-12.207
2015-08-14;96.5;1.249;-11.393;-12.193
2015-08-17;96.912;1.219;-11.428;-12.204
2015-08-18;96.694;1.235;-11.695;-12.506
2015-08-19;97.016;1.211;-11.708;-12.504
2015-08-20;97.592;1.17;-11.933;-12.686
2015-08-21;97.903;1.148;-11.267;-11.942
2015-08-24;97.607;1.169;-12.005;-12.752
2015-08-25;95.709;1.307;-11.575;-12.473
2015-08-26;96.164;1.273;-11.576;-12.426
2015-08-27;95.666;1.31;-11.469;-12.37
2015-08-28;95.69;1.308;-11.226;-12.102
2015-08-31;94.971;1.361;-11.817;-12.797
2015-09-01;94.816;1.373;-11.932;-12.941
2015-09-02;95.005;1.359;-11.429;-12.379
2015-09-03;95.591;1.316;-11.369;-12.277
2015-09-04;96.408;1.256;-11.231;-12.043
2015-09-07;96.268;1.266;-11.517;-12.371
2015-09-08;96.141;1.276;-11.443;-12.307
2015-09-09;95.714;1.307;-11.217;-12.113
2015-09-10;95.803;1.301;-11.142;-12.014
2015-09-11;96.321;1.263;-11.282;-12.105
2015-09-14;96.164;1.274;-10.97;-11.787
2015-09-15;94.705;1.382;-9.928;-10.778
2015-09-16;94.286;1.413;-9.184;-9.998
2015-09-17;94.209;1.419;-9.017;-9.813
2015-09-18;95.532;1.321;-8.163;-8.797
2015-09-21;95.076;1.355;-7.996;-8.64
2015-09-22;96.192;1.273;-7.967;-8.546
2015-09-23;96.154;1.275;-8.055;-8.642
2015-09-24;96.197;1.272;-7.649;-8.198
2015-09-25;95.531;1.321;-8.173;-8.809
2015-09-28;96.308;1.264;-8.145;-8.726
2015-09-29;96.391;1.258;-8.721;-9.339
2015-09-30;96.235;1.27;-8.282;-8.881
2015-10-01;96.891;1.222;-8.532;-9.115
2015-10-02;97.413;1.184;-8.413;-8.953
2015-10-05;96.559;1.246;-8.628;-9.232
2015-10-06;96.163;1.275;-8.868;-9.52
2015-10-07;96.262;1.268;-8.744;-9.374
2015-10-08;96.363;1.261;-8.861;-9.493
2015-10-09;95.884;1.296;-9.142;-9.847
2015-10-12;96.465;1.253;-8.951;-9.585
2015-10-13;96.23;1.271;-9.034;-9.696
2015-10-14;96.753;1.233;-8.852;-9.466
2015-10-15;96.657;1.24;-8.917;-9.539
2015-10-16;96.709;1.236;-9.169;-9.808
2015-10-19;96.494;1.252;-9.083;-9.73
2015-10-20;95.841;1.3;-9.005;-9.709
2015-10-21;96.639;1.241;-8.947;-9.573
2015-10-22;97.254;1.196;-9.283;-9.917
2015-10-23;97.003;1.215;-9.035;-9.666
2015-10-26;97.337;1.19;-9.341;-9.975
2015-10-27;98.219;1.127;-9.378;-9.945
2015-10-28;98.358;1.117;-9.259;-9.813
2015-10-29;97.119;1.206;-9.565;-10.229
2015-10-30;97.288;1.194;-9.913;-10.588
2015-11-02;96.727;1.235;-9.981;-10.69
2015-11-03;96.436;1.257;-9.777;-10.498
2015-11-04;96.202;1.274;-10.103;-10.876
2015-11-05;96.32;1.265;-10.375;-11.159
2015-11-06;95.447;1.33;-10.485;-11.346
2015-11-09;95.895;1.297;-9.658;-10.438
2015-11-10;95.979;1.291;-9.542;-10.308
2015-11-11;96.066;1.284;-9.673;-10.44
2015-11-12;96.186;1.275;-10.124;-10.911
2015-11-13;96.677;1.239;-10.143;-10.892
2015-11-16;96.759;1.233;-9.407;-10.094
2015-11-17;96.825;1.229;-9.097;-9.759
2015-11-18;97.159;1.204;-8.926;-9.56
2015-11-19;97.637;1.169;-8.931;-9.519
2015-11-20;97.979;1.145;-8.982;-9.55
2015-11-23;97.511;1.179;-8.785;-9.38
2015-11-24;97.48;1.181;-8.765;-9.359
2015-11-25;97.763;1.16;-8.741;-9.314
2015-11-26;97.628;1.17;-8.433;-8.996
2015-11-27;97.7;1.165;-8.349;-8.9
2015-11-30;97.436;1.184;-8.306;-8.88
2015-12-01;97.63;1.17;-8.829;-9.428
2015-12-02;97.624;1.171;-8.576;-9.159
2015-12-03;95.679;1.314;-8.577;-9.27
2015-12-04;95.578;1.322;-8.384;-9.063
2015-12-07;96.746;1.235;-8.748;-9.378
2015-12-08;96.949;1.22;-8.849;-9.476
2015-12-09;96.538;1.251;-8.861;-9.51
2015-12-10;96.76;1.234;-8.92;-9.563
2015-12-11;97.258;1.198;-8.927;-9.553
2015-12-14;96.828;1.229;-9.384;-10.057
2015-12-15;96.065;1.286;-9.014;-9.713
2015-12-16;95.572;1.323;-9.129;-9.864
2015-12-17;96.512;1.253;-9.149;-9.816
2015-12-18;97.22;1.201;-8.816;-9.427
2015-12-21;96.92;1.223;-9.2;-9.846
2015-12-22;96.143;1.28;-9.176;-9.874
2015-12-23;95.658;1.317;-8.731;-9.427
2015-12-24;95.503;1.328;-7.33;-7.913
2015-12-25;95.527;1.327;-7.523;-8.121
2015-12-28;96.657;1.243;-8.521;-9.122
2015-12-29;95.711;1.313;-9.559;-10.326
2015-12-30;95.604;1.321;-9.425;-10.187
2015-12-31;95.629;1.319;-9.065;-9.793
2016-01-04;96.441;1.259;-9.308;-9.995
2016-01-05;96.758;1.235;-8.929;-9.573
2016-01-06;97.147;1.207;-8.617;-9.227
2016-01-07;96.619;1.246;-8.486;-9.104
2016-01-08;97.008;1.217;-8.132;-8.708
2016-01-11;96.843;1.229;-7.866;-8.424
2016-01-12;97.119;1.209;-7.164;-7.66
2016-01-13;97.506;1.181;-7.358;-7.842
2016-01-14;97.146;1.207;-7.191;-7.692
2016-01-15;97.385;1.19;-6.932;-7.4
2016-01-18;97.289;1.197;-6.698;-7.162
2016-01-19;97.26;1.199;-6.857;-7.336
2016-01-20;98.136;1.135;-6.192;-6.563
2016-01-21;98.476;1.11;-5.82;-6.167
2016-01-22;97.981;1.146;-6.182;-6.565
2016-01-25;98.199;1.13;-5.869;-6.223
2016-01-26;98.507;1.108;-5.53;-5.859
2016-01-27;98.529;1.106;-5.514;-5.841
2016-01-28;99.028;1.07;-5.082;-5.349
2016-01-29;99.962;1.003;-4.405;-4.619
2016-02-01;99.885;1.008;-4.574;-4.794
2016-02-02;100.255;0.982;-4.278;-4.466
2016-02-03;100.855;0.939;-3.422;-3.545
2016-02-04;100.425;0.97;-3.457;-3.594
2016-02-05;100.535;0.962;-3.363;-3.49
2016-02-08;101.539;0.891;-2.722;-2.81
2016-02-09;101.369;0.903;-3.183;-3.297
2016-02-10;101.15;0.918;-3.041;-3.143
2016-02-11;101.814;0.871;-3.057;-3.141
2016-02-12;100.877;0.937;-3.299;-3.409
2016-02-15;101.252;0.911;-3.142;-3.25
2016-02-16;100.828;0.941;-3.311;-3.425
2016-02-17;100.879;0.937;-2.755;-2.844
2016-02-18;101.652;0.882;-2.571;-2.646
2016-02-19;101.765;0.874;-2.601;-2.671
2016-02-22;102.255;0.84;-2.683;-2.743
2016-02-23;102.263;0.839;-2.602;-2.659
2016-02-24;102.689;0.809;-2.613;-2.673
2016-02-25;102.591;0.816;-2.714;-2.777
2016-02-26;102.357;0.833;-2.521;-2.577
2016-02-29;102.83;0.799;-2.413;-2.476
2016-03-01;102.253;0.84;-2.683;-2.747
2016-03-02;101.256;0.91;-2.984;-3.093
2016-03-03;101.765;0.874;-2.782;-2.866
2016-03-04;101.064;0.924;-3.141;-3.252
2016-03-07;101.01;0.928;-3.128;-3.241
2016-03-08;101.506;0.892;-3.029;-3.137
2016-03-09;100.735;0.947;-3.232;-3.351
2016-03-10;100.199;0.986;-3.483;-3.633
2016-03-11;100.577;0.959;-3.749;-3.894
2016-03-14;100.515;0.963;-4.015;-4.174
2016-03-15;100.234;0.983;-4.485;-4.682
2016-03-16;100.449;0.968;-4.73;-4.925
2016-03-17;101.726;0.877;-4.805;-4.964
2016-03-18;101.939;0.861;-4.926;-5.078
2016-03-21;101.569;0.888;-5.236;-5.424
2016-03-22;101.851;0.868;-5.31;-5.481
2016-03-23;102.024;0.855;-5.298;-5.459
2016-03-24;102.221;0.841;-5.375;-5.53
2016-03-25;102.193;0.843;-5.287;-5.439
2016-03-28;102.194;0.843;-5.088;-5.233
2016-03-29;102.806;0.8;-5.604;-5.765
2016-03-30;102.542;0.819;-5.563;-5.72
2016-03-31;102.59;0.815;-5.495;-5.648
2016-04-01;102.962;0.789;-6.063;-6.221
2016-04-04;103.069;0.781;-6.113;-6.263
2016-04-05;103.57;0.746;-6.361;-6.49
2016-04-06;103.18;0.774;-6.161;-6.307
2016-04-07;103.541;0.748;-6.08;-6.205
2016-04-08;103.314;0.764;-6.128;-6.267
2016-04-11;102.949;0.79;-5.569;-5.72
2016-04-12;102.15;0.846;-5.464;-5.629
2016-04-13;102.738;0.804;-5.319;-5.473
2016-04-14;102.231;0.84;-5.516;-5.679
2016-04-15;102.816;0.799;-5.323;-5.477
2016-04-18;102.345;0.832;-5.292;-5.46
2016-04-19;102.113;0.848;-5.445;-5.614
2016-04-20;102.342;0.832;-5.159;-5.303
2016-04-21;101.241;0.91;-5.553;-5.754
2016-04-22;101.156;0.917;-5.409;-5.605
2016-04-25;100.695;0.95;-5.553;-5.771
2016-04-26;100.146;0.989;-5.194;-5.438
2016-04-27;100.233;0.983;-5.285;-5.544
2016-04-28;100.535;0.961;-5.28;-5.508
2016-04-29;100.421;0.969;-5.532;-5.77
2016-05-02;100.59;0.957;-5.352;-5.576
2016-05-03;101.547;0.888;-5.29;-5.489
2016-05-04;101.494;0.892;-5.382;-5.584
2016-05-05;102.098;0.849;-5.506;-5.686
2016-05-06;102.352;0.831;-5.612;-5.813
2016-05-09;102.656;0.809;-5.776;-5.96
2016-05-10;102.662;0.809;-5.532;-5.711
2016-05-11;102.571;0.815;-5.899;-6.086
2016-05-12;102.135;0.846;-5.884;-6.086
2016-05-13;102.662;0.809;-6.079;-6.256
2016-05-16;102.381;0.829;-5.854;-6.025
2016-05-17;102.517;0.819;-5.936;-6.122
2016-05-18;102.04;0.853;-6.2;-6.395
2016-05-19;102.112;0.848;-6.17;-6.374
2016-05-20;102.198;0.841;-6.382;-6.595
2016-05-23;101.882;0.864;-6.514;-6.748
2016-05-24;101.857;0.866;-6.027;-6.227
2016-05-25;102.252;0.838;-5.74;-5.917
2016-05-26;102.33;0.832;-5.67;-5.854
2016-05-27;102.31;0.833;-5.657;-5.819
2016-05-30;101.922;0.861;-5.692;-5.872
2016-05-31;102.376;0.828;-5.904;-6.069
2016-06-01;102.393;0.827;-6.077;-6.247
2016-06-02;102.569;0.815;-6.156;-6.318
2016-06-03;103.323;0.761;-5.996;-6.105
2016-06-06;102.953;0.787;-6.651;-6.798
2016-06-07;103.461;0.751;-6.285;-6.388
2016-06-08;103.415;0.755;-6.513;-6.602
2016-06-09;103.763;0.73;-6.389;-6.462
2016-06-10;104.066;0.709;-6.101;-6.168
2016-06-13;103.861;0.723;-6.205;-6.257
2016-06-14;104.146;0.703;-5.918;-5.969
2016-06-15;104.187;0.7;-6.088;-6.155
2016-06-16;104.598;0.671;-6.243;-6.287
2016-06-17;103.999;0.713;-5.846;-5.942
2016-06-20;103.57;0.743;-5.761;-5.834
2016-06-21;103.435;0.753;-5.792;-5.89
2016-06-22;103.095;0.777;-5.88;-5.992
2016-06-23;102.594;0.812;-6.24;-6.378
2016-06-24;104.374;0.686;-4.853;-4.88
2016-06-27;105.528;0.606;-5.125;-5.098
2016-06-28;105.364;0.617;-5.322;-5.327
2016-06-29;105.625;0.599;-5.614;-5.61
2016-06-30;105.732;0.591;-4.782;-4.775
2016-07-01;106.056;0.569;-6.298;-6.308
2016-07-04;106.566;0.534;-5.947;-5.933
2016-07-05;107.167;0.493;-6.6;-6.594
2016-07-06;107.205;0.49;-7.564;-7.544
2016-07-07;107.365;0.479;-9.52;-9.5
2016-07-08;108.077;0.431;-11.882;-11.801
2016-07-11;107.902;0.442;-12.281;-12.214
2016-07-12;107.064;0.499;-13.807;-13.8
2016-07-13;108.121;0.427;-14.497;-14.434
2016-07-14;107.851;0.445;-16.216;-16.14
2016-07-15;107.283;0.484;-16.469;-16.469
2016-07-18;107.584;0.463;-16.73;-16.686
2016-07-19;107.575;0.464;-16.703;-16.68
2016-07-20;107.144;0.493;-15.973;-15.98
2016-07-21;107.147;0.493;-16.025;-16.029
2016-07-22;107.249;0.486;-16.26;-16.237
2016-07-25;107.467;0.471;-16.351;-16.315
2016-07-26;107.396;0.475;-16.349;-16.33
2016-07-27;108.219;0.419;-16.55;-16.459
2016-07-28;108.402;0.407;-16.538;-16.421
2016-07-29;108.776;0.381;-16.464;-16.301
2016-08-01;108.735;0.384;-16.829;-16.675
2016-08-02;107.772;0.449;-16.734;-16.664
2016-08-03;108.035;0.431;-17.503;-17.412
2016-08-04;108.92;0.371;-18.5;-18.334
2016-08-05;108.536;0.397;-19.095;-18.967
2016-08-08;108.557;0.395;-19.404;-19.292
2016-08-09;108.981;0.367;-20.059;-19.876
2016-08-10;109.625;0.323;-21.083;-20.839
2016-08-11;109.413;0.337;-21.76;-21.485
2016-08-12;109.671;0.32;-22.338;-22.04
2016-08-15;109.249;0.348;-22.51;-22.258
2016-08-16;108.673;0.387;-22.786;-22.63
2016-08-17;108.881;0.372;-22.229;-22.022
2016-08-18;109.312;0.343;-21.961;-21.697
2016-08-19;108.625;0.389;-21.816;-21.651
2016-08-22;109.485;0.331;-21.757;-21.473
2016-08-23;109.594;0.324;-21.658;-21.356
2016-08-24;109.529;0.328;-21.595;-21.295
2016-08-25;109.346;0.34;-21.171;-20.899
2016-08-26;109.324;0.341;-21.151;-20.872
2016-08-29;109.38;0.338;-21.314;-21.037
2016-08-30;109.651;0.319;-20.797;-20.492
2016-08-31;109.134;0.354;-20.338;-20.113
2016-09-01;109.059;0.359;-20.151;-19.942
2016-09-02;108.655;0.386;-20.031;-19.896
2016-09-05;108.743;0.38;-19.682;-19.532
2016-09-06;109.385;0.336;-19.248;-19.03
2016-09-07;109.413;0.334;-19.479;-19.255
2016-09-08;108.596;0.389;-19.262;-19.149
2016-09-09;107.637;0.454;-19.684;-19.676
2016-09-12;107.34;0.475;-19.427;-19.463
2016-09-13;106.947;0.502;-19.126;-19.217
2016-09-14;107.409;0.47;-19.271;-19.298
2016-09-15;107.165;0.486;-19.351;-19.415
2016-09-16;107.417;0.469;-19.268;-19.289
2016-09-19;107.337;0.474;-19.465;-19.493
2016-09-20;107.931;0.433;-19.284;-19.239
2016-09-21;107.58;0.457;-19.412;-19.409
2016-09-22;108.982;0.361;-19.293;-19.112
2016-09-23;108.834;0.371;-19.275;-19.117
2016-09-26;109.161;0.349;-19.309;-19.111
2016-09-27;109.231;0.344;-19.71;-19.493
2016-09-28;109.337;0.337;-19.394;-19.169
2016-09-29;109.065;0.355;-19.448;-19.256
2016-09-30;108.984;0.36;-19.379;-19.195
2016-10-03;108.637;0.384;-19.327;-19.173
2016-10-04;108.165;0.416;-19.638;-19.554
2016-10-05;107.404;0.468;-19.591;-19.598
2016-10-06;107.594;0.455;-19.877;-19.871
2016-10-07;106.951;0.499;-19.486;-19.569
2016-10-10;106.232;0.549;-19.482;-19.626
2016-10-11;106.747;0.513;-19.359;-19.499
2016-10-12;106.323;0.543;-19.357;-19.489
2016-10-13;106.751;0.513;-19.357;-19.44
2016-10-14;106.417;0.536;-19.565;-19.69
2016-10-17;106.483;0.531;-19.327;-19.436
2016-10-18;106.812;0.508;-19.158;-19.241
2016-10-19;106.931;0.5;-19.45;-19.498
2016-10-20;107.327;0.472;-19.493;-19.543
2016-10-21;107.179;0.482;-19.293;-19.287
2016-10-24;106.911;0.501;-19.466;-19.526
2016-10-25;106.979;0.496;-19.398;-19.418
2016-10-26;106.219;0.549;-19.325;-19.391
2016-10-27;105.271;0.615;-19.553;-19.779
2016-10-28;105.402;0.606;-19.4;-19.599
2016-10-31;105.485;0.6;-19.187;-19.404
2016-11-01;105.157;0.623;-19.439;-19.663
2016-11-02;105.657;0.588;-19.369;-19.525
2016-11-03;105.22;0.619;-19.501;-19.702
2016-11-04;105.52;0.597;-19.442;-19.618
2016-11-07;105.296;0.613;-19.432;-19.634
2016-11-08;104.842;0.645;-19.94;-20.192
2016-11-09;104.45;0.673;-18.983;-19.274
2016-11-10;103.362;0.752;-19.721;-20.141
2016-11-11;103.071;0.773;-19.72;-20.194
2016-11-14;102.68;0.801;-19.424;-19.952
2016-11-15;102.768;0.795;-19.068;-19.687
2016-11-16;102.819;0.791;-18.589;-19.052
2016-11-17;102.875;0.787;-17.882;-18.319
2016-11-18;102.802;0.792;-17.612;-18.075
2016-11-21;102.852;0.788;-17.499;-17.939
2016-11-22;103.331;0.753;-17.326;-17.681
2016-11-23;102.975;0.779;-16.083;-16.447
2016-11-24;102.851;0.788;-16.285;-16.682
2016-11-25;102.65;0.803;-14.959;-15.335
2016-11-28;102.926;0.783;-13.466;-13.709
2016-11-29;102.737;0.796;-12.817;-13.138
2016-11-30;101.92;0.857;-12.994;-13.469
2016-12-01;100.705;0.947;-13.49;-14.114
2016-12-02;101.848;0.862;-12.912;-13.301
2016-12-05;101.37;0.897;-12.899;-13.336
2016-12-06;100.768;0.942;-13.343;-13.851
2016-12-07;101.039;0.922;-12.801;-13.282
2016-12-08;100.443;0.967;-13.15;-13.626
2016-12-09;100.279;0.979;-12.574;-13.131
2016-12-12;99.613;1.029;-13.153;-13.814
2016-12-13;100.248;0.981;-12.72;-13.278
2016-12-14;100.974;0.927;-12.978;-13.465
2016-12-15;100.178;0.986;-12.723;-13.282
2016-12-16;100.816;0.938;-12.791;-13.431
2016-12-19;101.667;0.875;-12.891;-13.312
2016-12-20;101.336;0.899;-12.636;-13.088
2016-12-21;101.619;0.878;-12.919;-13.349
2016-12-22;101.263;0.905;-13.198;-13.665
2016-12-23;101.727;0.87;-13.106;-13.531
2016-12-27;101.758;0.868;-13.301;-13.71
2016-12-28;101.921;0.856;-13.176;-13.64
2016-12-29;102.38;0.822;-13.077;-13.456
2016-12-30;102.032;0.847;-13.77;-14.191
2017-01-02;102.052;0.846;-13.284;-13.715
2017-01-03;101.401;0.894;-12.808;-13.279
2017-01-04;101.284;0.903;-12.476;-12.977
2017-01-05;101.772;0.867;-12.449;-12.849
2017-01-06;101.024;0.923;-12.785;-13.282
2017-01-09;101.327;0.9;-12.546;-13.023
2017-01-10;101.27;0.904;-12.373;-12.838
2017-01-11;101.66;0.875;-11.669;-12.05
2017-01-12;101.683;0.873;-11.568;-11.96
2017-01-13;101.295;0.902;-11.419;-11.891
2017-01-16;101.333;0.899;-11.037;-11.453
2017-01-17;101.249;0.906;-10.448;-11.0
2017-01-18;100.741;0.944;-9.946;-10.32
2017-01-19;100.195;0.985;-9.544;-9.938
2017-01-20;99.525;1.036;-8.771;-9.159
2017-01-23;100.195;0.985;-8.304;-8.712
2017-01-24;99.594;1.031;-8.365;-8.734
2017-01-25;98.947;1.081;-7.685;-8.055
2017-01-26;98.669;1.102;-7.793;-8.184
2017-01-27;98.944;1.081;-7.302;-7.63
2017-01-30;99.014;1.076;-7.356;-7.712
2017-01-31;99.105;1.069;-7.54;-7.873
2017-02-01;98.618;1.106;-7.032;-7.221
2017-02-02;99.152;1.065;-7.114;-7.631
2017-02-03;99.155;1.065;-6.829;-7.129
2017-02-06;99.259;1.057;-6.294;-6.63
2017-02-07;99.304;1.053;-5.502;-5.721
2017-02-08;99.827;1.013;-4.357;-4.322
2017-02-09;99.69;1.024;-4.078;-4.207
2017-02-10;99.171;1.064;-2.866;-2.949
2017-02-13;98.809;1.092;-2.292;-2.359
2017-02-14;98.235;1.136;-1.608;-1.639
2017-02-15;98.305;1.131;-1.162;-1.168
2017-02-16;98.82;1.091;-1.147;-1.165
2017-02-17;99.123;1.067;-0.766;-0.76
2017-02-20;99.054;1.073;-1.27;-1.289
2017-02-21;98.881;1.086;-1.009;-1.018
2017-02-22;99.005;1.077;-0.847;-0.836
2017-02-23;99.569;1.033;-0.72;-0.708
2017-02-24;100.207;0.984;-1.275;-1.288
2017-02-27;100.208;0.984;-0.708;-0.678
2017-02-28;100.215;0.984;-1.124;-1.141
2017-03-01;99.687;1.024;-1.362;-1.393
2017-03-02;99.046;1.074;-1.741;-1.79
2017-03-03;98.59;1.109;-2.105;-2.202
2017-03-06;98.726;1.099;-1.73;-1.804
2017-03-07;98.809;1.092;-1.875;-1.96
2017-03-08;98.472;1.118;-2.027;-2.118
2017-03-09;97.775;1.173;-2.673;-2.815
2017-03-10;97.294;1.211;-3.042;-3.222
2017-03-13;97.701;1.179;-3.625;-3.828
2017-03-14;98.168;1.142;-4.414;-4.637
2017-03-15;98.566;1.111;-4.826;-5.081
2017-03-16;98.285;1.133;-4.943;-5.206
2017-03-17;98.646;1.105;-4.617;-4.853
2017-03-20;98.53;1.114;-4.926;-5.177
2017-03-21;98.453;1.12;-5.096;-5.36
2017-03-22;98.893;1.086;-4.617;-4.836
2017-03-23;98.656;1.104;-4.477;-4.7
2017-03-24;98.887;1.086;-4.429;-4.638
2017-03-27;99.128;1.068;-3.905;-4.069
2017-03-28;99.28;1.056;-3.972;-4.142
2017-03-29;99.422;1.045;-3.686;-3.841
2017-03-30;99.486;1.04;-3.561;-3.699
2017-03-31;99.405;1.046;-3.399;-3.544
2017-04-03;99.844;1.012;-3.427;-3.71
2017-04-04;99.836;1.013;-3.323;-3.458
2017-04-05;99.83;1.013;-3.617;-3.765
2017-04-06;99.862;1.011;-3.954;-4.118
2017-04-07;100.216;0.983;-3.897;-4.228
2017-04-10;100.398;0.969;-3.885;-4.024
2017-04-11;100.484;0.963;-4.245;-4.396
2017-04-12;100.651;0.95;-4.434;-4.561
2017-04-13;100.862;0.934;-4.669;-4.801
2017-04-18;101.398;0.893;-4.355;-4.464
2017-04-19;101.041;0.92;-4.919;-5.225
2017-04-20;100.602;0.953;-5.636;-5.732
2017-04-21;100.263;0.98;-6.076;-6.285
2017-04-24;99.818;1.014;-6.055;-6.311
2017-04-25;99.254;1.058;-6.909;-7.195
2017-04-26;99.524;1.037;-7.624;-7.954
2017-04-27;100.06;0.995;-7.824;-8.169
2017-04-28;99.758;1.019;-7.93;-8.278
2017-05-02;99.682;1.025;-8.224;-8.478
2017-05-03;99.821;1.014;-8.518;-8.804
2017-05-04;99.098;1.07;-8.456;-8.889
2017-05-05;98.974;1.08;-8.275;-8.671
2017-05-08;98.997;1.078;-7.926;-8.259
2017-05-09;98.932;1.083;-8.225;-8.646
2017-05-10;99.191;1.063;-8.205;-8.599
2017-05-11;99.19;1.063;-8.482;-8.898
2017-05-12;99.603;1.031;-8.458;-8.844
2017-05-15;99.232;1.06;-8.464;-8.859
2017-05-16;99.125;1.068;-8.172;-8.572
2017-05-17;99.605;1.031;-8.155;-8.519
2017-05-18;99.851;1.012;-8.15;-8.499
2017-05-19;99.58;1.033;-8.107;-8.458
2017-05-22;99.228;1.06;-8.471;-8.845
2017-05-23;99.096;1.071;-8.507;-8.893
2017-05-24;99.082;1.072;-8.741;-9.157
2017-05-25;99.483;1.04;-8.81;-9.206
2017-05-26;99.81;1.015;-8.482;-8.846
2017-05-29;99.996;1.0;-8.77;-9.147
2017-05-30;100.004;1.0;-8.423;-8.882
2017-05-31;99.884;1.009;-8.724;-9.101
2017-06-01;99.77;1.018;-8.901;-9.294
2017-06-02;99.895;1.008;-8.739;-9.305
2017-06-05;99.753;1.019;-8.443;-9.01
2017-06-06;100.106;0.992;-8.896;-9.268
2017-06-07;100.081;0.994;-8.859;-9.222
2017-06-08;100.273;0.979;-9.474;-9.848
2017-06-09;100.277;0.978;-10.128;-10.536
2017-06-12;100.463;0.964;-10.212;-10.597
2017-06-13;100.28;0.978;-10.584;-10.98
2017-06-14;100.896;0.93;-10.965;-11.333
2017-06-15;100.542;0.958;-11.627;-12.053
2017-06-16;100.807;0.937;-13.014;-13.79
2017-06-19;100.961;0.925;-14.128;-14.659
2017-06-20;101.362;0.894;-15.059;-15.606
2017-06-21;101.577;0.877;-15.283;-15.7
2017-06-22;101.907;0.852;-15.626;-16.12
2017-06-23;101.711;0.867;-15.759;-16.271
2017-06-26;101.783;0.861;-16.247;-16.752
2017-06-27;100.588;0.954;-16.337;-16.965
2017-06-28;100.742;0.942;-16.489;-17.142
2017-06-29;99.818;1.014;-16.378;-17.144
2017-06-30;99.628;1.029;-16.409;-17.171
2017-07-03;99.436;1.044;-16.768;-17.576
2017-07-04;99.184;1.064;-16.641;-17.483
2017-07-05;99.243;1.06;-16.851;-17.697
2017-07-06;98.489;1.12;-17.052;-17.898
2017-07-07;98.258;1.138;-17.024;-18.004
2017-07-10;98.726;1.101;-16.538;-17.715
2017-07-11;98.672;1.105;-16.671;-17.582
2017-07-12;99.058;1.074;-16.284;-17.407
2017-07-13;98.807;1.094;-16.796;-17.706
2017-07-14;98.865;1.09;-16.505;-17.382
2017-07-17;98.959;1.082;-16.373;-17.516
2017-07-18;99.157;1.067;-16.411;-17.248
2017-07-19;99.405;1.047;-16.478;-17.287
2017-07-20;99.318;1.054;-16.537;-17.365
2017-07-21;99.532;1.037;-16.412;-17.553
2017-07-24;99.515;1.038;-17.015;-17.745
2017-07-25;98.953;1.083;-16.498;-17.69
2017-07-26;98.979;1.081;-16.82;-17.737
2017-07-27;99.104;1.071;-16.934;-17.892
2017-07-28;98.962;1.082;-17.366;-18.217
2017-07-31;98.959;1.083;-17.158;-18.085
2017-08-01;99.617;1.03;-17.473;-18.326
2017-08-02;99.695;1.024;-17.025;-18.153
2017-08-03;100.036;0.997;-17.564;-18.373
2017-08-04;99.91;1.007;-17.593;-18.459
2017-08-07;100.013;0.999;-17.652;-18.5
2017-08-08;99.887;1.009;-17.324;-18.464
2017-08-09;100.398;0.969;-17.707;-18.5
2017-08-10;100.595;0.953;-18.057;-18.835
2017-08-11;100.964;0.924;-18.094;-19.1
2017-08-14;100.636;0.95;-18.334;-19.133
2017-08-15;100.443;0.965;-18.484;-19.326
2017-08-16;100.302;0.976;-18.764;-19.64
2017-08-17;100.697;0.945;-19.352;-20.2
2017-08-18;100.846;0.933;-19.409;-20.247
2017-08-21;100.986;0.922;-19.758;-20.599
2017-08-22;101.017;0.92;-19.867;-20.704
2017-08-23;101.185;0.907;-19.867;-20.685
2017-08-24;101.173;0.907;-20.301;-21.146
2017-08-25;101.082;0.915;-20.193;-21.045
2017-08-28;101.121;0.912;-20.642;-21.511
2017-08-29;101.532;0.879;-20.107;-20.893
2017-08-30;101.423;0.888;-20.182;-20.989
2017-08-31;101.445;0.886;-20.117;-20.919
2017-09-01;101.198;0.905;-20.221;-21.077
2017-09-04;101.326;0.895;-20.223;-21.066
2017-09-05;101.708;0.865;-20.526;-21.318
2017-09-06;101.577;0.876;-20.595;-21.4
2017-09-07;101.771;0.86;-21.064;-21.869
2017-09-08;101.673;0.868;-21.134;-21.96
2017-09-11;101.491;0.882;-21.498;-22.372
2017-09-12;100.837;0.934;-22.034;-23.029
2017-09-13;100.976;0.923;-22.136;-23.114
2017-09-14;100.842;0.933;-22.29;-23.29
2017-09-15;100.627;0.95;-22.566;-23.605
2017-09-18;100.408;0.967;-22.637;-23.719
2017-09-19;100.524;0.958;-22.764;-23.828
2017-09-20;100.749;0.94;-22.947;-23.985
2017-09-21;100.628;0.95;-23.248;-24.307
2017-09-22;100.683;0.946;-23.081;-24.123
2017-09-25;101.063;0.916;-23.234;-24.235
2017-09-26;101.014;0.919;-23.293;-24.297
2017-09-27;100.39;0.969;-23.124;-24.218
2017-09-28;100.178;0.986;-23.314;-24.468
2017-09-29;100.364;0.971;-23.078;-24.171
2017-10-02;100.461;0.963;-23.151;-24.232
2017-10-03;100.305;0.976;-23.334;-24.46
2017-10-04;100.458;0.963;-23.672;-24.774
2017-10-05;100.545;0.956;-23.717;-24.821
2017-10-06;100.469;0.962;-23.526;-24.62
2017-10-09;100.738;0.941;-23.856;-24.916
2017-10-10;100.753;0.94;-24.082;-25.162
2017-10-11;100.525;0.958;-23.939;-25.039
2017-10-12;100.719;0.943;-24.201;-25.299
2017-10-13;101.044;0.917;-24.274;-25.341
2017-10-16;101.469;0.883;-24.238;-25.229
2017-10-17;101.633;0.87;-24.696;-25.659
2017-10-18;101.336;0.894;-24.648;-25.656
2017-10-19;101.345;0.893;-24.842;-25.866
2017-10-20;100.72;0.942;-24.904;-26.017
2017-10-23;101.015;0.919;-24.936;-26.011
2017-10-24;100.608;0.951;-24.88;-26.006
2017-10-25;100.445;0.964;-25.132;-26.293
2017-10-26;101.055;0.916;-24.92;-25.995
2017-10-27;101.145;0.909;-24.946;-26.02
2017-10-30;101.467;0.883;-25.162;-26.173
2017-10-31;101.601;0.872;-25.236;-26.228
2017-11-01;101.449;0.884;-25.3;-26.326
2017-11-02;101.5;0.88;-25.263;-26.269
2017-11-03;101.627;0.87;-25.761;-26.763
2017-11-06;101.93;0.846;-25.554;-26.496
2017-11-07;101.969;0.843;-25.438;-26.378
2017-11-08;102.0;0.841;-25.587;-26.526
2017-11-09;101.456;0.884;-25.526;-26.566
2017-11-10;101.092;0.913;-25.515;-26.624
2017-11-13;101.091;0.913;-25.638;-26.762
2017-11-14;101.314;0.895;-25.698;-26.781
2017-11-15;101.563;0.875;-25.646;-26.674
2017-11-16;101.598;0.872;-25.731;-26.743
2017-11-17;101.771;0.859;-25.91;-26.898
2017-11-20;101.794;0.857;-26.181;-27.179
2017-11-21;102.065;0.835;-25.981;-26.927
2017-11-22;102.196;0.825;-26.1;-26.874
2017-11-23;102.301;0.817;-26.077;-26.973
2017-11-24;102.139;0.829;-26.088;-27.004
2017-11-27;102.335;0.814;-26.162;-27.051
2017-11-28;102.299;0.817;-26.176;-27.051
2017-11-29;101.88;0.85;-26.136;-27.076
2017-11-30;102.064;0.835;-26.047;-26.955
2017-12-01;102.69;0.786;-26.092;-26.902
2017-12-04;102.385;0.81;-25.897;-26.756
2017-12-05;102.658;0.788;-25.975;-26.797
2017-12-06;102.851;0.773;-26.042;-26.793
2017-12-07;102.634;0.79;-26.196;-27.035
2017-12-08;102.48;0.802;-26.13;-26.968
2017-12-11;102.716;0.783;-26.164;-26.963
2017-12-12;102.397;0.808;-25.791;-26.63
2017-12-13;102.432;0.806;-25.81;-26.647
2017-12-14;102.621;0.791;-25.741;-26.555
2017-12-15;102.787;0.777;-25.671;-26.435
2017-12-18;102.664;0.787;-25.689;-26.477
2017-12-19;101.944;0.844;-25.691;-26.595
2017-12-20;101.639;0.868;-25.621;-26.568
2017-12-21;101.548;0.875;-25.7;-26.683
2017-12-22;101.475;0.881;-25.934;-26.926
2017-12-27;101.87;0.85;-25.258;-26.15
2017-12-28;101.598;0.871;-25.568;-26.499
2017-12-29;101.562;0.874;-25.746;-26.703
2018-01-02;101.122;0.909;-25.377;-26.399
2018-01-03;101.331;0.893;-24.569;-25.521
2018-01-04;101.307;0.894;-23.269;-24.168
2018-01-05;101.185;0.904;-22.932;-23.846
2018-01-08;101.253;0.899;-22.659;-23.55
2018-01-09;100.837;0.932;-22.47;-23.396
2018-01-10;100.639;0.948;-22.576;-23.543
2018-01-11;100.229;0.981;-21.607;-22.571
2018-01-12;100.11;0.991;-21.044;-22.01
2018-01-15;99.935;1.005;-20.531;-21.494
2018-01-16;100.208;0.983;-19.791;-20.676
2018-01-17;100.227;0.981;-19.705;-20.563
2018-01-18;100.023;0.998;-19.516;-20.413
2018-01-19;99.858;1.012;-19.565;-20.503
2018-01-22;99.808;1.016;-19.24;-20.152
2018-01-23;99.857;1.012;-18.947;-19.832
2018-01-24;99.588;1.034;-18.927;-19.829
2018-01-25;99.578;1.035;-19.187;-20.092
2018-01-26;99.559;1.036;-18.894;-19.756
2018-01-29;98.776;1.101;-19.046;-20.038
2018-01-30;98.801;1.099;-18.692;-19.677
2018-01-31;98.692;1.108;-17.417;-18.324
2018-02-01;98.2;1.149;-16.407;-17.313
2018-02-02;97.673;1.193;-16.043;-17.006
2018-02-05;97.905;1.173;-16.418;-17.38
2018-02-06;98.445;1.128;-16.608;-17.497
2018-02-07;98.085;1.158;-16.786;-17.728
2018-02-08;97.883;1.175;-17.238;-18.236
2018-02-09;97.939;1.171;-17.747;-18.767
2018-02-12;97.619;1.198;-17.992;-19.082
2018-02-13;97.676;1.193;-18.617;-19.752
2018-02-14;97.675;1.193;-19.132;-20.315
2018-02-15;97.595;1.2;-19.175;-20.36
2018-02-16;98.106;1.157;-19.239;-20.349
2018-02-19;97.821;1.181;-19.712;-20.906
2018-02-20;97.806;1.182;-19.878;-21.082
2018-02-21;98.073;1.16;-19.994;-21.153
2018-02-22;98.132;1.155;-20.143;-21.293
2018-02-23;98.641;1.113;-20.337;-21.423
2018-02-26;98.723;1.106;-20.354;-21.435
2018-02-27;98.622;1.114;-20.311;-21.402
2018-02-28;98.835;1.096;-20.838;-21.94
2018-03-01;98.905;1.091;-20.785;-21.872
2018-03-02;98.826;1.097;-20.774;-21.882
2018-03-05;98.841;1.096;-20.619;-21.717
2018-03-06;98.629;1.114;-20.69;-21.812
2018-03-07;98.927;1.089;-20.827;-21.914
2018-03-08;99.142;1.071;-20.667;-21.702
2018-03-09;98.961;1.086;-20.66;-21.726
2018-03-12;99.096;1.075;-20.76;-21.814
2018-03-13;99.2;1.066;-20.673;-21.706
2018-03-14;99.476;1.043;-20.785;-21.784
2018-03-15;99.708;1.024;-20.457;-21.406
2018-03-16;99.709;1.024;-20.481;-21.432
2018-03-19;99.73;1.022;-20.533;-21.474
2018-03-20;99.565;1.036;-20.375;-21.329
2018-03-21;99.458;1.045;-20.419;-21.39
2018-03-22;100.007;0.999;-20.54;-21.469
2018-03-23;99.969;1.003;-20.557;-21.49
2018-03-26;99.998;1.0;-20.487;-21.403
2018-03-27;100.262;0.978;-20.378;-21.251
2018-03-28;100.331;0.973;-20.246;-21.109
2018-03-29;100.321;0.973;-20.683;-21.57
2018-04-03;100.459;0.962;-20.634;-21.483
2018-04-04;100.567;0.953;-20.949;-21.796
2018-04-05;100.325;0.973;-21.343;-22.262
2018-04-06;100.572;0.953;-21.213;-22.079
2018-04-09;100.57;0.953;-21.407;-22.292
2018-04-10;100.632;0.948;-21.368;-22.214
2018-04-11;100.796;0.934;-21.528;-22.363
2018-04-12;100.573;0.953;-21.499;-22.389
2018-04-13;100.59;0.951;-21.552;-22.429
2018-04-16;100.453;0.962;-21.702;-22.623
2018-04-17;100.665;0.945;-21.499;-22.377
2018-04-18;100.535;0.956;-21.425;-22.311
2018-04-19;99.889;1.009;-21.34;-22.339
2018-04-20;99.848;1.013;-21.369;-22.373
2018-04-23;99.445;1.046;-21.022;-22.06
2018-04-24;99.481;1.043;-21.183;-22.208
2018-04-25;99.451;1.046;-21.228;-22.265
2018-04-26;99.848;1.013;-21.264;-22.249
2018-04-27;100.022;0.998;-21.068;-22.031
2018-04-30;100.105;0.991;-21.105;-22.052
2018-05-02;99.92;1.007;-21.12;-22.096
2018-05-03;100.385;0.968;-21.088;-22.007
2018-05-04;100.333;0.972;-20.889;-21.797
2018-05-07;100.462;0.962;-20.79;-21.66
2018-05-08;100.071;0.994;-20.825;-21.776
2018-05-09;100.053;0.996;-20.742;-21.696
2018-05-10;100.021;0.998;-20.371;-21.293
2018-05-11;99.953;1.004;-20.421;-21.357
2018-05-14;99.495;1.042;-20.397;-21.376
2018-05-15;99.096;1.076;-20.349;-21.375
2018-05-16;99.285;1.06;-20.178;-21.195
2018-05-17;98.855;1.096;-20.014;-21.091
2018-05-18;99.365;1.053;-20.21;-21.191
2018-05-21;99.781;1.018;-20.849;-21.807
2018-05-22;99.394;1.051;-19.709;-20.669
2018-05-23;99.756;1.02;-19.894;-20.799
2018-05-24;100.024;0.998;-18.77;-19.601
2018-05-25;100.347;0.971;-17.356;-18.041
2018-05-28;100.64;0.947;-16.596;-17.217
2018-05-29;100.756;0.937;-15.259;-15.751
2018-05-30;99.975;1.002;-14.959;-15.576
2018-05-31;100.455;0.962;-15.341;-15.921
2018-06-01;100.161;0.986;-15.168;-15.806
2018-06-04;99.901;1.008;-15.355;-16.048
2018-06-05;100.125;0.989;-15.005;-15.634
2018-06-06;99.345;1.055;-15.332;-16.045
2018-06-07;99.065;1.079;-14.933;-15.683
2018-06-08;99.262;1.062;-15.472;-16.194
2018-06-11;99.097;1.076;-15.016;-15.758
2018-06-12;99.22;1.066;-14.735;-15.443
2018-06-13;99.349;1.055;-14.701;-15.399
2018-06-14;99.75;1.021;-14.67;-15.373
2018-06-15;100.045;0.996;-14.57;-15.247
2018-06-18;100.138;0.988;-14.435;-15.1
2018-06-19;100.477;0.96;-14.578;-15.196
2018-06-20;100.326;0.973;-14.571;-15.19
2018-06-21;100.476;0.96;-14.993;-15.601
2018-06-22;100.41;0.965;-14.857;-15.465
2018-06-25;100.415;0.965;-14.795;-15.416
2018-06-26;100.222;0.981;-14.388;-15.017
2018-06-27;100.464;0.961;-14.53;-15.141
2018-06-28;100.587;0.951;-14.468;-15.07
2018-06-29;100.754;0.937;-14.511;-15.088
2018-07-02;100.667;0.944;-14.764;-15.37
2018-07-03;100.806;0.932;-14.65;-15.23
2018-07-04;100.787;0.934;-14.535;-15.111
2018-07-05;100.86;0.928;-14.488;-15.057
2018-07-06;100.856;0.928;-14.577;-15.145
2018-07-09;100.85;0.929;-14.664;-15.242
2018-07-10;100.622;0.948;-14.491;-15.088
2018-07-11;100.7;0.941;-14.603;-15.203
2018-07-12;100.761;0.936;-14.632;-15.222
2018-07-13;100.854;0.928;-14.818;-15.412
2018-07-16;100.641;0.946;-14.807;-15.41
2018-07-17;100.845;0.929;-14.848;-15.443
2018-07-18;100.895;0.925;-14.969;-15.564
2018-07-19;100.97;0.918;-15.069;-15.659
2018-07-20;100.617;0.948;-15.003;-15.628
2018-07-23;100.352;0.97;-15.05;-15.703
2018-07-24;100.48;0.959;-15.012;-15.639
2018-07-25;100.572;0.952;-15.091;-15.704
2018-07-26;100.422;0.964;-15.248;-15.889
2018-07-27;100.375;0.968;-15.442;-16.101
2018-07-30;99.995;1.0;-15.156;-15.851
2018-07-31;100.085;0.993;-15.397;-16.086
2018-08-01;99.837;1.014;-15.379;-16.084
2018-08-02;99.893;1.009;-15.364;-16.067
2018-08-03;100.31;0.974;-15.658;-16.321
2018-08-06;100.456;0.961;-15.498;-16.126
2018-08-07;100.256;0.978;-15.438;-16.084
2018-08-08;100.268;0.977;-15.402;-16.039
2018-08-09;100.398;0.966;-15.436;-16.047
2018-08-10;100.888;0.925;-15.316;-15.872
2018-08-13;100.92;0.922;-15.544;-16.109
2018-08-14;100.837;0.929;-15.438;-16.018
2018-08-15;101.035;0.912;-15.477;-16.069
2018-08-16;100.899;0.924;-15.092;-15.673
2018-08-17;101.014;0.914;-15.011;-15.588
2018-08-20;101.079;0.909;-15.253;-15.835
2018-08-21;100.891;0.924;-15.271;-15.859
2018-08-22;100.863;0.927;-15.163;-15.75
2018-08-23;100.882;0.925;-15.333;-15.927
2018-08-24;100.829;0.93;-15.01;-15.594
2018-08-27;100.588;0.95;-15.048;-15.64
2018-08-28;100.578;0.951;-14.797;-15.394
2018-08-29;100.342;0.971;-14.796;-15.422
2018-08-30;100.756;0.936;-14.985;-15.564
2018-08-31;100.921;0.922;-14.944;-15.511
2018-09-03;100.862;0.927;-14.833;-15.405
2018-09-04;100.734;0.937;-14.715;-15.29
2018-09-05;100.577;0.951;-14.697;-15.283
2018-09-06;100.685;0.942;-14.488;-15.057
2018-09-07;100.421;0.964;-14.623;-15.225
2018-09-10;100.334;0.971;-14.724;-15.343
2018-09-11;100.078;0.993;-14.757;-15.413
2018-09-12;100.246;0.979;-14.742;-15.37
2018-09-13;100.158;0.986;-14.517;-15.141
2018-09-14;99.949;1.004;-14.537;-15.19
2018-09-17;99.929;1.006;-14.554;-15.208
2018-09-18;99.767;1.02;-14.587;-15.253
2018-09-19;99.607;1.034;-14.545;-15.22
2018-09-20;99.672;1.028;-14.448;-15.112
2018-09-21;99.748;1.022;-14.449;-15.115
2018-09-24;99.402;1.051;-14.424;-15.105
2018-09-25;99.074;1.08;-14.259;-14.967
2018-09-26;99.231;1.066;-14.666;-15.369
2018-09-27;99.295;1.061;-14.522;-15.212
2018-09-28;99.659;1.029;-14.505;-15.154
2018-10-01;99.509;1.042;-14.722;-15.396
2018-10-02;99.813;1.016;-14.58;-15.219
2018-10-03;99.409;1.051;-13.879;-14.518
2018-10-04;98.973;1.089;-14.25;-14.974
2018-10-05;98.54;1.126;-14.189;-14.949
2018-10-08;98.857;1.099;-14.283;-15.009
2018-10-09;98.694;1.113;-14.284;-15.017
2018-10-10;98.628;1.119;-14.114;-14.857
2018-10-11;98.871;1.098;-14.434;-15.186
2018-10-12;98.995;1.087;-14.349;-15.075
2018-10-15;98.925;1.093;-14.362;-15.108
2018-10-16;99.102;1.078;-14.147;-14.865
2018-10-17;99.417;1.05;-14.279;-14.973
2018-10-18;99.624;1.032;-14.3;-14.986
2018-10-19;99.295;1.061;-14.305;-14.994
2018-10-22;99.432;1.049;-14.006;-14.685
2018-10-23;99.735;1.023;-13.57;-14.188
2018-10-24;99.714;1.025;-13.401;-14.03
2018-10-25;99.649;1.03;-13.284;-13.895
2018-10-26;100.143;0.988;-13.176;-13.755
2018-10-29;99.908;1.008;-12.771;-13.36
2018-10-30;99.929;1.006;-12.906;-13.49
2018-10-31;99.806;1.017;-12.921;-13.504
2018-11-01;99.69;1.027;-12.564;-13.165
2018-11-02;99.542;1.04;-12.386;-12.992
2018-11-05;99.576;1.037;-12.412;-13.029
2018-11-06;99.527;1.041;-12.44;-13.053
2018-11-07;99.435;1.049;-12.451;-13.068
2018-11-08;99.317;1.059;-12.269;-12.883
2018-11-09;99.707;1.025;-12.449;-13.04
2018-11-12;99.751;1.022;-12.272;-12.85
2018-11-13;99.665;1.029;-12.146;-12.725
2018-11-14;99.734;1.023;-12.052;-12.604
2018-11-15;99.928;1.006;-11.213;-11.732
2018-11-16;99.793;1.018;-10.632;-11.127
2018-11-19;99.73;1.023;-10.256;-10.741
2018-11-20;99.892;1.009;-9.548;-10.001
2018-11-21;99.729;1.023;-9.276;-9.706
2018-11-22;99.767;1.02;-8.832;-9.247
2018-11-23;100.008;0.999;-8.642;-9.036
2018-11-26;99.855;1.013;-8.539;-8.946
2018-11-27;99.888;1.01;-8.48;-8.877
2018-11-28;99.858;1.012;-8.291;-8.674
2018-11-29;100.102;0.991;-8.128;-8.505
2018-11-30;100.16;0.986;-8.212;-8.575
2018-12-03;100.203;0.982;-8.143;-8.526
2018-12-04;100.571;0.95;-8.08;-8.414
2018-12-05;100.337;0.971;-8.211;-8.563
2018-12-06;100.564;0.951;-8.176;-8.505
2018-12-07;100.48;0.958;-8.036;-8.369
2018-12-10;100.54;0.953;-8.232;-8.569
2018-12-11;100.478;0.958;-8.281;-8.612
2018-12-12;100.201;0.982;-8.038;-8.373
2018-12-13;100.188;0.984;-8.044;-8.39
2018-12-14;100.412;0.964;-8.218;-8.563
2018-12-17;100.336;0.971;-8.083;-8.431
2018-12-18;100.568;0.951;-8.189;-8.516
2018-12-19;100.743;0.935;-8.117;-8.435
2018-12-20;100.951;0.917;-7.903;-8.215
2018-12-21;100.686;0.94;-7.847;-8.167
2018-12-24;100.711;0.938;-7.864;-8.181
2018-12-27;100.889;0.923;-7.837;-8.153
2018-12-28;100.92;0.92;-7.523;-7.831
2018-12-31;100.938;0.918;-7.605;-7.891
2019-01-02;101.695;0.853;-7.742;-7.994
2019-01-03;101.648;0.857;-7.435;-7.68
2019-01-04;101.047;0.909;-6.735;-6.986
2019-01-07;100.814;0.929;-5.651;-5.867
2019-01-08;100.6;0.948;-4.999;-5.187
2019-01-09;100.511;0.955;-5.207;-5.413
2019-01-10;100.637;0.944;-5.451;-5.67
2019-01-11;100.768;0.933;-5.707;-5.934
2019-01-14;100.915;0.92;-5.845;-6.085
2019-01-15;101.15;0.9;-6.563;-6.83
2019-01-16;101.079;0.906;-6.52;-6.786
2019-01-17;101.048;0.908;-6.456;-6.728
2019-01-18;100.871;0.924;-6.75;-7.038
2019-01-21;101.007;0.912;-7.229;-7.516
2019-01-22;101.247;0.891;-7.371;-7.65
2019-01-23;101.491;0.87;-7.394;-7.64
2019-01-24;101.955;0.83;-7.277;-7.505
2019-01-25;101.93;0.832;-7.201;-7.419
2019-01-28;101.864;0.838;-7.363;-7.578
2019-01-29;102.007;0.825;-7.343;-7.556
2019-01-30;102.177;0.811;-6.943;-7.135
2019-01-31;102.611;0.773;-6.006;-6.17
2019-02-01;102.218;0.807;-6.333;-6.527
2019-02-04;102.136;0.814;-6.265;-6.465
2019-02-05;102.217;0.807;-6.361;-6.551
2019-02-06;102.373;0.793;-6.581;-6.755
2019-02-07;102.726;0.763;-6.555;-6.709
2019-02-08;103.097;0.731;-6.451;-6.587
2019-02-11;102.792;0.757;-6.388;-6.531
2019-02-12;102.65;0.769;-6.55;-6.714
2019-02-13;102.682;0.767;-6.827;-6.983
2019-02-14;102.837;0.753;-6.727;-6.871
2019-02-15;102.841;0.753;-6.942;-7.092
2019-02-18;102.741;0.761;-6.847;-7.004
2019-02-19;102.888;0.749;-6.827;-6.98
2019-02-20;103.065;0.733;-6.777;-6.917
2019-02-21;102.793;0.757;-6.722;-6.873
2019-02-22;103.075;0.732;-6.771;-6.909
2019-02-25;103.016;0.737;-7.226;-7.377
2019-02-26;102.937;0.744;-6.96;-7.108
2019-02-27;102.618;0.771;-7.008;-7.174
2019-02-28;102.274;0.801;-7.114;-7.309
2019-03-01;102.239;0.804;-7.135;-7.327
2019-03-04;102.515;0.78;-7.142;-7.312
2019-03-05;102.465;0.784;-7.324;-7.502
2019-03-06;102.929;0.744;-7.437;-7.592
2019-03-07;103.728;0.676;-7.44;-7.56
2019-03-08;104.05;0.648;-7.547;-7.642
2019-03-11;103.956;0.656;-7.368;-7.464
2019-03-12;103.919;0.659;-7.108;-7.204
2019-03-13;103.822;0.667;-7.003;-7.101
2019-03-14;103.663;0.681;-7.025;-7.134
2019-03-15;103.655;0.681;-6.799;-6.901
2019-03-18;103.817;0.668;-6.696;-6.79
2019-03-19;103.684;0.679;-6.639;-6.765
2019-03-20;103.819;0.667;-7.021;-7.152
2019-03-21;104.265;0.629;-6.772;-6.883
2019-03-22;104.94;0.572;-6.645;-6.704
2019-03-25;105.102;0.558;-6.825;-6.882
2019-03-26;104.954;0.57;-6.982;-7.042
2019-03-27;105.657;0.511;-6.65;-6.687
2019-03-28;105.4;0.532;-7.085;-7.125
2019-03-29;105.196;0.549;-7.076;-7.125
2019-04-01;104.83;0.58;-7.169;-7.257
2019-04-02;105.073;0.56;-7.098;-7.173
2019-04-03;104.459;0.612;-7.014;-7.112
2019-04-04;104.656;0.595;-7.163;-7.256
2019-04-05;104.559;0.603;-7.238;-7.326
2019-04-08;104.601;0.599;-7.18;-7.276
2019-04-09;104.73;0.588;-7.306;-7.389
2019-04-10;105.024;0.563;-7.3;-7.375
2019-04-11;104.916;0.572;-7.438;-7.5
2019-04-12;104.35;0.62;-8.033;-8.13
2019-04-15;104.286;0.625;-8.201;-8.312
2019-04-16;104.173;0.635;-8.179;-8.287
2019-04-17;104.081;0.642;-8.451;-8.58
2019-04-18;104.689;0.59;-8.305;-8.391
2019-04-23;104.543;0.603;-8.427;-8.538
2019-04-24;105.212;0.546;-8.994;-9.058
2019-04-25;105.077;0.557;-9.339;-9.403
2019-04-26;105.196;0.547;-9.197;-9.267
2019-04-29;105.077;0.557;-9.361;-9.43
2019-04-30;105.0;0.563;-9.48;-9.561
2019-05-02;104.887;0.572;-9.272;-9.357
2019-05-03;104.883;0.573;-9.553;-9.643
2019-05-06;105.11;0.553;-9.57;-9.652
2019-05-07;105.568;0.514;-9.805;-9.864
2019-05-08;105.582;0.513;-9.959;-10.013
2019-05-09;105.55;0.515;-9.928;-9.981
2019-05-10;105.54;0.516;-10.163;-10.205
2019-05-13;105.849;0.49;-9.941;-9.984
2019-05-14;105.959;0.48;-10.132;-10.167
2019-05-15;106.176;0.462;-9.999;-10.005
2019-05-16;106.06;0.472;-9.958;-9.989
2019-05-17;106.167;0.462;-9.781;-9.793
2019-05-20;105.995;0.477;-9.772;-9.805
2019-05-21;105.84;0.49;-9.782;-9.829
2019-05-22;106.012;0.475;-9.614;-9.642
2019-05-23;106.353;0.446;-9.455;-9.455
2019-05-24;106.351;0.446;-9.652;-9.651
2019-05-27;106.637;0.422;-9.294;-9.287
2019-05-28;106.8;0.408;-9.218;-9.208
2019-05-29;106.986;0.392;-9.005;-8.971
2019-05-30;106.908;0.398;-8.951;-8.923
2019-05-31;107.18;0.376;-8.784;-8.737
2019-06-03;107.324;0.363;-8.662;-8.573
2019-06-04;107.586;0.341;-8.717;-8.624
2019-06-05;107.867;0.318;-8.407;-8.342
2019-06-06;108.064;0.301;-8.791;-8.654
2019-06-07;108.304;0.281;-8.866;-8.741
2019-06-10;107.76;0.326;-9.162;-9.053
2019-06-11;107.977;0.308;-9.184;-9.062
2019-06-12;108.04;0.302;-9.396;-9.295
2019-06-13;108.185;0.29;-9.669;-9.553
2019-06-14;108.517;0.262;-10.37;-10.228
2019-06-17;108.391;0.272;-10.326;-10.163
2019-06-18;109.289;0.198;-11.686;-11.561
2019-06-19;109.016;0.22;-12.349;-12.111
2019-06-20;109.368;0.191;-12.778;-12.541
2019-06-21;108.976;0.223;-12.651;-12.382
2019-06-24;109.372;0.19;-13.287;-13.004
2019-06-25;109.667;0.166;-13.239;-12.913
2019-06-26;109.408;0.187;-13.183;-12.899
2019-06-27;109.7;0.163;-13.481;-13.185
2019-06-28;109.783;0.156;-13.395;-13.101
2019-07-01;110.008;0.137;-13.559;-13.279
2019-07-02;110.071;0.132;-13.527;-13.223
2019-07-03;110.619;0.087;-13.4;-13.023
2019-07-04;111.03;0.053;-13.505;-13.076
2019-07-05;110.612;0.086;-13.45;-13.024
2019-07-08;110.716;0.078;-13.471;-13.05
2019-07-09;110.349;0.108;-13.728;-13.332
2019-07-10;109.856;0.148;-13.482;-13.181
2019-07-11;109.214;0.2;-13.475;-13.196
2019-07-12;108.987;0.219;-13.533;-13.27
2019-07-15;109.539;0.173;-13.444;-13.174
2019-07-16;109.633;0.165;-13.087;-12.785
2019-07-17;110.214;0.117;-13.297;-12.961
2019-07-18;110.373;0.103;-13.179;-12.859
2019-07-19;110.549;0.089;-13.608;-13.289
2019-07-22;110.715;0.075;-13.423;-13.05
2019-07-23;110.804;0.068;-13.687;-13.299
2019-07-24;111.199;0.035;-13.429;-13.028
2019-07-25;111.121;0.041;-13.523;-13.081
2019-07-26;111.233;0.032;-13.429;-13.007
2019-07-29;111.38;0.019;-13.362;-12.991
2019-07-30;111.48;0.011;-13.743;-13.339
2019-07-31;111.963;-0.028;-13.561;-13.101
2019-08-01;112.252;-0.052;-13.409;-12.868
2019-08-02;113.057;-0.117;-13.618;-13.057
2019-08-05;113.252;-0.133;-13.785;-13.227
2019-08-06;113.357;-0.141;-13.653;-13.086
2019-08-07;113.949;-0.189;-13.261;-12.685
2019-08-08;113.558;-0.158;-13.168;-12.62
2019-08-09;113.655;-0.166;-12.809;-12.271
2019-08-12;113.802;-0.178;-13.057;-12.477
2019-08-13;114.135;-0.205;-13.177;-12.54
2019-08-14;114.999;-0.273;-12.555;-11.884
2019-08-15;116.297;-0.376;-12.01;-11.376
2019-08-16;116.177;-0.367;-10.586;-9.938
2019-08-19;115.04;-0.278;-10.175;-9.624
2019-08-20;115.304;-0.299;-9.863;-9.326
2019-08-21;114.873;-0.266;-9.065;-8.541
2019-08-22;114.294;-0.221;-9.618;-9.088
2019-08-23;114.528;-0.239;-9.547;-9.058
2019-08-26;114.518;-0.239;-9.618;-9.112
2019-08-27;115.224;-0.295;-9.495;-8.975
2019-08-28;115.735;-0.335;-9.428;-8.872
2019-08-29;115.315;-0.303;-9.237;-8.733
2019-08-30;115.277;-0.3;-9.383;-8.884
2019-09-02;115.218;-0.296;-9.225;-8.738
2019-09-03;115.354;-0.307;-9.425;-8.893
2019-09-04;114.893;-0.271;-9.329;-8.829
2019-09-05;113.694;-0.177;-9.563;-9.118
2019-09-06;114.363;-0.23;-9.648;-9.163
2019-09-09;113.776;-0.184;-9.888;-9.439
2019-09-10;113.346;-0.149;-9.819;-9.391
2019-09-11;113.383;-0.153;-9.719;-9.296
2019-09-12;112.85;-0.11;-10.016;-9.607
2019-09-13;111.889;-0.033;-11.998;-11.701
2019-09-16;112.552;-0.087;-12.123;-11.851
2019-09-17;112.755;-0.104;-12.219;-11.912
2019-09-18;113.267;-0.145;-11.995;-11.628
2019-09-19;113.316;-0.15;-12.119;-11.744
2019-09-20;113.494;-0.164;-12.143;-11.794
2019-09-23;114.266;-0.227;-12.172;-11.746
2019-09-24;114.604;-0.254;-12.053;-11.565
2019-09-25;114.195;-0.221;-12.004;-11.556
2019-09-26;114.135;-0.217;-11.505;-11.077
2019-09-27;113.972;-0.205;-11.941;-11.507
2019-09-30;113.884;-0.198;-12.049;-11.588
2019-10-01;113.873;-0.197;-11.856;-11.405
2019-10-02;113.685;-0.182;-11.344;-10.924
2019-10-03;114.122;-0.218;-11.932;-11.465
2019-10-04;114.052;-0.213;-11.598;-11.154
2019-10-07;113.914;-0.202;-11.976;-11.521
2019-10-08;114.032;-0.212;-11.774;-11.33
2019-10-09;113.488;-0.168;-11.918;-11.509
2019-10-10;112.724;-0.107;-11.807;-11.489
2019-10-11;112.188;-0.064;-11.848;-11.627
2019-10-14;112.477;-0.088;-12.002;-11.787
2019-10-15;112.011;-0.05;-11.561;-11.325
2019-10-16;111.603;-0.016;-11.831;-11.641
2019-10-17;111.918;-0.043;-11.563;-11.355
2019-10-18;111.531;-0.011;-11.691;-11.495
2019-10-21;111.058;0.028;-11.815;-11.65
2019-10-22;111.445;-0.005;-11.822;-11.636
2019-10-23;111.955;-0.047;-11.786;-11.537
2019-10-24;111.889;-0.042;-11.706;-11.482
2019-10-25;111.24;0.011;-11.796;-11.606
2019-10-28;110.951;0.035;-11.953;-11.777
2019-10-29;111.149;0.018;-11.741;-11.581
2019-10-30;111.102;0.022;-11.839;-11.69
2019-10-31;111.675;-0.026;-11.916;-11.742
2019-11-01;111.433;-0.006;-12.076;-11.882
2019-11-04;111.071;0.023;-12.377;-12.207
2019-11-05;110.74;0.051;-12.498;-12.335
2019-11-06;111.018;0.027;-12.341;-12.162
2019-11-07;109.991;0.113;-11.639;-11.562
2019-11-08;110.289;0.087;-12.243;-12.169
2019-11-11;110.105;0.103;-12.413;-12.32
2019-11-12;110.247;0.091;-12.105;-12.016
2019-11-13;110.792;0.045;-12.276;-12.099
2019-11-14;111.218;0.008;-12.137;-11.956
2019-11-15;111.024;0.024;-12.252;-12.056
2019-11-18;111.028;0.024;-12.272;-12.051
2019-11-19;111.029;0.024;-11.913;-11.714
2019-11-20;111.114;0.016;-12.079;-11.868
2019-11-21;110.887;0.035;-11.541;-11.338
2019-11-22;111.205;0.008;-11.197;-11.01
2019-11-25;111.062;0.019;-11.334;-11.139
2019-11-26;111.25;0.004;-11.275;-11.06
2019-11-27;111.352;-0.005;-11.043;-10.819
2019-11-28;111.287;0.0;-11.476;-11.234
2019-11-29;111.164;0.01;-10.939;-10.716
2019-12-02;110.384;0.075;-10.95;-10.758
2019-12-03;111.142;0.011;-10.837;-10.661
2019-12-04;110.653;0.052;-10.664;-10.507
2019-12-05;110.469;0.067;-10.74;-10.59
2019-12-06;110.391;0.073;-10.736;-10.604
2019-12-09;110.567;0.058;-10.533;-10.397
2019-12-10;110.453;0.067;-10.566;-10.426
2019-12-11;110.746;0.042;-10.583;-10.409
2019-12-12;110.294;0.08;-10.523;-10.356
2019-12-13;110.566;0.057;-10.343;-10.135
2019-12-16;110.396;0.071;-10.572;-10.379
2019-12-17;110.488;0.063;-10.393;-10.176
2019-12-18;110.003;0.104;-10.458;-10.268
2019-12-19;109.837;0.117;-10.392;-10.225
2019-12-20;109.967;0.106;-10.565;-10.425
2019-12-23;109.747;0.124;-10.526;-10.338
2019-12-24;109.773;0.121;-10.528;-10.357
2019-12-27;109.877;0.112;-10.185;-10.045
2019-12-30;109.265;0.164;-10.872;-10.758
2019-12-31;109.271;0.163;-11.058;-10.942
2020-01-02;109.711;0.125;-10.367;-10.247
2020-01-03;110.321;0.073;-10.584;-10.421
2020-01-06;110.426;0.064;-10.556;-10.381
2020-01-07;110.46;0.061;-10.752;-10.588
2020-01-08;110.086;0.092;-11.222;-11.045
2020-01-09;109.831;0.114;-11.626;-11.443
2020-01-10;110.082;0.092;-12.148;-11.912
2020-01-13;109.687;0.125;-12.839;-12.651
2020-01-14;109.804;0.115;-13.108;-12.881
2020-01-15;110.074;0.092;-13.224;-12.972
2020-01-16;110.311;0.071;-13.258;-12.985
2020-01-17;110.256;0.076;-13.271;-12.998
2020-01-20;110.334;0.069;-13.272;-12.968
2020-01-21;110.699;0.037;-13.371;-13.029
2020-01-22;110.793;0.029;-13.612;-13.264
2020-01-23;111.291;-0.014;-13.531;-13.182
2020-01-24;111.59;-0.039;-13.452;-13.07
2020-01-27;112.325;-0.101;-13.698;-13.256
2020-01-28;111.761;-0.054;-13.493;-13.082
2020-01-29;112.087;-0.082;-13.698;-13.281
2020-01-30;112.359;-0.105;-13.66;-13.231
2020-01-31;112.712;-0.135;-13.533;-13.065
2020-02-03;112.803;-0.143;-13.648;-13.159
2020-02-04;112.351;-0.105;-13.508;-13.062
2020-02-05;111.899;-0.068;-13.576;-13.117
2020-02-06;111.997;-0.077;-13.368;-12.915
2020-02-07;112.227;-0.096;-13.272;-12.832
2020-02-10;112.584;-0.127;-13.564;-13.046
2020-02-11;112.355;-0.108;-13.429;-12.951
2020-02-12;112.283;-0.102;-13.412;-12.929
2020-02-13;112.446;-0.116;-13.186;-12.689
2020-02-14;112.593;-0.129;-13.351;-12.831
2020-02-17;112.642;-0.133;-13.366;-12.848
2020-02-18;112.764;-0.144;-13.177;-12.626
2020-02-19;112.931;-0.158;-13.125;-12.577
2020-02-20;113.283;-0.188;-12.997;-12.415
2020-02-21;113.134;-0.176;-13.175;-12.593
2020-02-24;113.544;-0.211;-12.783;-12.211
2020-02-25;113.689;-0.223;-12.376;-11.811
2020-02-26;113.406;-0.2;-12.101;-11.568
2020-02-27;113.68;-0.223;-11.737;-11.185
2020-02-28;114.031;-0.253;-11.312;-10.761
2020-03-02;114.19;-0.266;-10.632;-10.136
2020-03-03;114.183;-0.266;-9.632;-9.168
2020-03-04;114.297;-0.276;-9.723;-9.247
2020-03-05;114.447;-0.289;-10.329;-9.784
2020-03-06;114.72;-0.312;-10.022;-9.468
2020-03-09;115.712;-0.394;-10.99;-10.334
2020-03-10;115.038;-0.339;-10.078;-9.49
2020-03-11;114.729;-0.314;-10.011;-9.459
2020-03-12;114.536;-0.299;-8.229;-7.77
2020-03-13;112.688;-0.144;-6.851;-6.735
2020-03-16;112.075;-0.093;-4.842;-4.951
2020-03-17;111.802;-0.07;-3.415;-3.581
2020-03-18;109.443;0.133;1.579;1.163
2020-03-19;108.492;0.216;4.704;4.199
2020-03-20;109.42;0.135;5.042;4.355
2020-03-23;109.608;0.118;6.645;5.878
2020-03-24;108.495;0.215;10.212;9.4
2020-03-25;107.832;0.274;12.87;12.026
2020-03-26;108.531;0.211;11.884;10.934
2020-03-27;109.733;0.106;10.289;9.334
2020-03-30;109.887;0.092;9.292;8.322
2020-03-31;109.877;0.093;8.977;8.071
2020-04-01;110.124;0.071;8.38;7.443
2020-04-02;110.25;0.059;8.376;7.416
2020-04-03;110.253;0.059;8.037;7.132
2020-04-06;110.004;0.08;8.296;7.316
2020-04-07;109.087;0.161;8.173;7.149
2020-04-08;109.215;0.148;8.436;7.255
2020-04-09;109.779;0.099;8.541;7.273
2020-04-14;110.0;0.079;8.5;7.259
2020-04-15;110.619;0.025;8.322;7.067
2020-04-16;110.685;0.019;8.423;7.161
2020-04-17;110.655;0.021;8.482;7.268
2020-04-20;110.309;0.051;8.59;7.38
2020-04-21;110.465;0.037;8.253;7.059
2020-04-22;109.661;0.107;8.65;7.257
2020-04-23;110.098;0.068;8.187;6.743
2020-04-24;110.638;0.021;8.104;6.666
2020-04-27;110.554;0.028;7.298;5.949
2020-04-28;110.802;0.006;6.401;5.078
2020-04-29;111.118;-0.022;5.202;3.95
2020-04-30;112.106;-0.108;4.107;2.868
2020-05-04;111.945;-0.094;3.525;2.247
2020-05-05;112.215;-0.118;2.2;1.033
2020-05-06;111.748;-0.078;1.916;0.67
2020-05-07;112.015;-0.102;1.933;0.604
2020-05-08;111.943;-0.096;1.089;-0.038
2020-05-11;111.895;-0.092;1.478;0.336
2020-05-12;112.119;-0.111;1.669;0.552
2020-05-13;112.432;-0.139;0.883;-0.216
2020-05-14;112.591;-0.153;0.025;-1.034
2020-05-15;112.545;-0.149;-0.62;-1.656
2020-05-18;112.127;-0.114;-0.508;-1.549
2020-05-19;112.259;-0.125;-0.869;-1.887
2020-05-20;112.323;-0.131;-1.598;-2.579
2020-05-21;112.528;-0.149;-2.167;-3.081
2020-05-22;112.548;-0.151;-2.631;-3.48
2020-05-25;112.638;-0.159;-3.344;-4.17
2020-05-26;112.302;-0.131;-3.721;-4.599
2020-05-27;112.359;-0.136;-4.617;-5.386
2020-05-28;112.491;-0.148;-5.059;-5.825
2020-05-29;112.756;-0.171;-5.441;-6.134
2020-06-01;112.367;-0.138;-5.634;-6.32
2020-06-02;112.517;-0.151;-6.374;-6.938
2020-06-03;112.028;-0.109;-6.716;-7.311
2020-06-04;111.849;-0.095;-7.593;-8.159
2020-06-05;111.676;-0.08;-8.717;-9.182
2020-06-08;112.065;-0.114;-9.002;-9.456
2020-06-09;111.892;-0.099;-9.149;-9.582
2020-06-10;112.01;-0.11;-8.823;-9.246
2020-06-11;112.759;-0.175;-8.98;-9.384
2020-06-12;112.856;-0.184;-8.151;-8.533
2020-06-15;112.971;-0.194;-7.486;-7.838
2020-06-16;112.846;-0.184;-7.778;-8.159
2020-06-17;112.839;-0.183;-7.913;-8.283
2020-06-18;113.086;-0.205;-7.915;-8.249
2020-06-19;113.087;-0.206;-7.745;-8.074
2020-06-22;113.316;-0.226;-7.772;-7.974
2020-06-23;113.065;-0.204;-7.861;-8.012
2020-06-24;113.211;-0.217;-7.482;-7.625
2020-06-25;113.316;-0.227;-7.476;-7.644
2020-06-26;113.515;-0.245;-7.536;-7.67
2020-06-29;113.472;-0.241;-7.458;-7.593
2020-06-30;113.399;-0.235;-7.96;-7.987
2020-07-01;113.035;-0.204;-8.067;-8.174
2020-07-02;113.264;-0.225;-8.445;-8.502
2020-07-03;113.201;-0.22;-8.104;-8.13
2020-07-06;113.211;-0.221;-8.08;-8.11
2020-07-07;113.189;-0.219;-8.084;-8.092
2020-07-08;113.303;-0.229;-8.08;-8.021
2020-07-09;113.5;-0.247;-8.115;-7.996
2020-07-10;113.553;-0.252;-7.994;-7.878
2020-07-13;113.072;-0.211;-8.301;-8.159
2020-07-14;113.414;-0.241;-8.204;-8.034
2020-07-15;113.432;-0.243;-8.334;-8.147
2020-07-16;113.568;-0.255;-8.23;-8.002
2020-07-17;113.355;-0.237;-7.925;-7.701
2020-07-20;113.574;-0.256;-8.098;-7.866
2020-07-21;113.664;-0.264;-8.089;-7.844
2020-07-22;113.895;-0.285;-8.323;-8.067
2020-07-23;113.825;-0.279;-8.431;-8.087
2020-07-24;113.543;-0.255;-8.296;-7.953
2020-07-27;113.916;-0.288;-8.475;-8.117
2020-07-28;114.046;-0.299;-8.404;-8.056
2020-07-29;113.866;-0.284;-8.538;-8.154
2020-07-30;114.098;-0.305;-7.463;-7.118
2020-07-31;113.712;-0.272;-6.229;-5.926
2020-08-03;113.777;-0.278;-6.143;-5.826
2020-08-04;114.023;-0.3;-5.923;-5.622
2020-08-05;113.601;-0.264;-6.035;-5.737
2020-08-06;113.812;-0.283;-5.932;-5.654
2020-08-07;113.606;-0.265;-6.02;-5.727
2020-08-10;113.766;-0.279;-5.588;-5.306
2020-08-11;113.276;-0.237;-5.568;-5.275
2020-08-12;113.024;-0.216;-5.424;-5.146
2020-08-13;112.678;-0.186;-5.462;-5.185
2020-08-14;112.776;-0.195;-5.419;-5.153
2020-08-17;113.066;-0.221;-5.595;-5.301
2020-08-18;113.149;-0.228;-5.368;-5.065
2020-08-19;113.231;-0.236;-5.511;-5.196
2020-08-20;113.459;-0.256;-5.34;-5.044
2020-08-21;113.524;-0.262;-5.66;-5.354
2020-08-24;113.371;-0.249;-5.21;-4.932
2020-08-25;112.766;-0.197;-4.435;-4.224
2020-08-26;112.635;-0.186;-4.41;-4.188
2020-08-27;112.38;-0.164;-4.133;-3.933
2020-08-28;112.413;-0.167;-4.027;-3.829
2020-08-31;112.367;-0.164;-4.042;-3.833
2020-09-01;112.564;-0.181;-4.368;-4.156
2020-09-02;113.063;-0.225;-3.966;-3.757
2020-09-03;113.16;-0.235;-4.13;-3.916
2020-09-04;113.024;-0.223;-4.056;-3.855
2020-09-07;113.009;-0.222;-4.005;-3.801
2020-09-08;113.272;-0.245;-3.939;-3.73
2020-09-09;112.867;-0.21;-4.089;-3.89
2020-09-10;112.667;-0.193;-4.346;-4.147
2020-09-11;113.134;-0.235;-4.22;-4.019
2020-09-14;113.136;-0.235;-4.322;-4.095
2020-09-15;113.154;-0.237;-4.295;-4.076
2020-09-16;113.236;-0.245;-4.282;-4.044
2020-09-17;113.32;-0.253;-4.29;-4.048
2020-09-18;113.248;-0.247;-4.366;-4.101
2020-09-21;113.613;-0.279;-4.703;-4.41
2020-09-22;113.357;-0.257;-4.719;-4.414
2020-09-23;113.36;-0.258;-4.634;-4.345
2020-09-24;113.306;-0.254;-4.775;-4.478
2020-09-25;113.573;-0.278;-5.065;-4.764
2020-09-28;113.497;-0.271;-5.063;-4.75
2020-09-29;113.642;-0.284;-5.11;-4.778
2020-09-30;113.456;-0.268;-5.494;-5.129
2020-10-01;113.557;-0.278;-5.508;-5.134
2020-10-02;113.565;-0.279;-5.503;-5.168
2020-10-05;113.376;-0.263;-5.595;-5.192
2020-10-06;113.357;-0.262;-5.611;-5.262
2020-10-07;113.245;-0.252;-6.04;-5.638
2020-10-08;113.446;-0.271;-6.142;-5.737
2020-10-09;113.385;-0.266;-5.8;-5.412
2020-10-12;113.601;-0.285;-6.302;-5.9
2020-10-13;113.77;-0.3;-6.145;-5.746
2020-10-14;114.039;-0.324;-6.545;-6.075
2020-10-15;114.232;-0.342;-6.48;-5.986
2020-10-16;114.285;-0.347;-6.593;-6.08
2020-10-19;114.327;-0.351;-6.656;-6.145
2020-10-20;114.055;-0.327;-6.956;-6.441
2020-10-21;113.938;-0.317;-7.345;-6.835
2020-10-22;113.706;-0.298;-7.326;-6.823
2020-10-23;113.78;-0.305;-7.613;-7.091
2020-10-26;113.875;-0.314;-7.864;-7.32
2020-10-27;114.256;-0.347;-8.176;-7.555
2020-10-28;114.266;-0.349;-8.288;-7.688
2020-10-29;114.28;-0.351;-8.324;-7.702
2020-10-30;114.175;-0.342;-8.349;-7.699
2020-11-02;114.187;-0.343;-8.469;-7.852
2020-11-03;113.982;-0.326;-8.482;-7.882
2020-11-04;114.185;-0.344;-8.523;-7.883
2020-11-05;114.25;-0.351;-8.713;-8.075
2020-11-06;114.139;-0.341;-8.582;-7.969
2020-11-09;113.313;-0.268;-8.334;-7.749
2020-11-10;113.04;-0.244;-8.749;-8.198
2020-11-11;113.255;-0.264;-8.855;-8.275
2020-11-12;113.535;-0.29;-8.999;-8.394
2020-11-13;113.666;-0.302;-9.004;-8.44
2020-11-16;113.651;-0.301;-9.113;-8.524
2020-11-17;113.814;-0.315;-9.48;-8.848
2020-11-18;113.779;-0.313;-9.651;-8.998
2020-11-19;113.918;-0.326;-9.556;-8.904
2020-11-20;114.078;-0.34;-10.029;-9.378
2020-11-23;114.044;-0.338;-10.106;-9.444
2020-11-24;113.917;-0.327;-10.552;-9.876
2020-11-25;113.967;-0.332;-10.594;-9.937
2020-11-26;114.21;-0.354;-10.816;-10.141
2020-11-27;114.233;-0.357;-11.066;-10.351
2020-11-30;114.193;-0.353;-11.062;-10.359
2020-12-01;113.973;-0.334;-11.817;-11.084
2020-12-02;113.905;-0.328;-11.537;-10.851
2020-12-03;114.113;-0.348;-11.696;-10.948
2020-12-04;113.988;-0.337;-11.476;-10.815
2020-12-07;114.258;-0.361;-11.352;-10.67
2020-12-08;114.473;-0.381;-11.854;-11.104
2020-12-09;114.488;-0.383;-11.963;-11.184
2020-12-10;114.58;-0.392;-11.902;-11.162
2020-12-11;114.868;-0.418;-11.95;-11.156
2020-12-14;114.744;-0.407;-12.173;-11.369
2020-12-15;114.709;-0.404;-12.126;-11.352
2020-12-16;114.356;-0.373;-12.045;-11.24
2020-12-17;114.362;-0.375;-11.908;-11.136
2020-12-18;114.334;-0.373;-12.145;-11.36
2020-12-21;114.325;-0.372;-12.184;-11.397
2020-12-22;114.415;-0.381;-12.187;-11.368
2020-12-23;114.064;-0.351;-11.943;-11.158
2020-12-24;114.074;-0.352;-12.183;-11.385
2020-12-28;114.213;-0.365;-12.042;-11.243
2020-12-29;114.263;-0.37;-12.042;-11.265
2020-12-30;114.24;-0.369;-11.81;-11.071
2020-12-31;114.298;-0.374;-12.168;-11.377
2021-01-04;114.648;-0.406;-12.05;-11.253
2021-01-05;114.427;-0.387;-12.348;-11.591
2021-01-06;114.189;-0.366;-12.326;-11.546
2021-01-07;114.124;-0.361;-13.2;-12.402
2021-01-08;114.133;-0.362;-13.852;-12.985
2021-01-11;113.981;-0.349;-14.443;-13.583
2021-01-12;113.638;-0.318;-14.712;-13.842
2021-01-13;114.172;-0.367;-14.727;-13.799
2021-01-14;114.291;-0.378;-14.53;-13.638
2021-01-15;114.233;-0.373;-14.475;-13.584
2021-01-18;114.125;-0.364;-14.603;-13.704
2021-01-19;114.094;-0.362;-14.567;-13.686
2021-01-20;114.063;-0.359;-14.583;-13.681
2021-01-21;113.721;-0.33;-14.511;-13.672
2021-01-22;113.85;-0.342;-14.556;-13.688
2021-01-25;114.114;-0.366;-14.266;-13.442
2021-01-26;113.939;-0.35;-14.605;-13.729
2021-01-27;113.968;-0.353;-14.742;-13.924
2021-01-28;113.892;-0.347;-14.54;-13.712
2021-01-29;113.637;-0.325;-14.387;-13.599
2021-02-01;113.709;-0.332;-14.656;-13.854
2021-02-02;113.499;-0.313;-14.587;-13.812
2021-02-03;113.225;-0.288;-14.555;-13.828
2021-02-04;113.039;-0.272;-14.031;-13.318
2021-02-05;112.968;-0.266;-14.697;-13.964
2021-02-08;112.912;-0.261;-14.277;-13.556
2021-02-09;112.965;-0.267;-14.523;-13.799
2021-02-10;112.845;-0.256;-14.671;-13.958
2021-02-11;113.008;-0.272;-14.722;-14.002
2021-02-12;112.697;-0.244;-14.854;-14.162
2021-02-15;112.25;-0.203;-14.506;-13.875
2021-02-16;111.834;-0.165;-14.61;-13.995
2021-02-17;112.023;-0.183;-14.453;-13.825
2021-02-18;111.849;-0.168;-14.839;-14.223
2021-02-19;111.399;-0.126;-14.521;-13.947
2021-02-22;111.785;-0.162;-14.704;-14.096
2021-02-23;111.568;-0.142;-14.26;-13.684
2021-02-24;111.477;-0.134;-13.936;-13.382
2021-02-25;110.823;-0.074;-14.073;-13.542
2021-02-26;111.094;-0.1;-14.326;-13.779
2021-03-01;111.809;-0.167;-14.103;-13.54
2021-03-02;112.0;-0.185;-14.222;-13.641
2021-03-03;111.351;-0.125;-14.503;-13.967
2021-03-04;111.522;-0.141;-14.345;-13.804
2021-03-05;111.277;-0.119;-13.735;-13.243
2021-03-08;111.067;-0.099;-14.273;-13.793
2021-03-09;111.272;-0.119;-14.435;-13.918
2021-03-10;111.414;-0.132;-14.19;-13.67
2021-03-11;111.546;-0.146;-14.371;-13.838
2021-03-12;111.194;-0.113;-14.345;-13.872
2021-03-15;111.464;-0.139;-14.363;-13.856
2021-03-16;111.522;-0.144;-14.222;-13.689
2021-03-17;111.022;-0.098;-14.292;-13.816
2021-03-18;110.765;-0.074;-14.35;-13.892
2021-03-19;110.997;-0.097;-14.349;-13.903
2021-03-22;111.07;-0.104;-14.345;-13.873
2021-03-23;111.291;-0.125;-14.375;-13.876
2021-03-24;111.419;-0.137;-14.498;-13.994
2021-03-25;111.759;-0.17;-14.5;-13.975
2021-03-26;111.383;-0.135;-14.355;-13.865
2021-03-29;111.107;-0.109;-14.409;-13.954
2021-03-30;110.896;-0.09;-14.431;-13.952
2021-03-31;110.888;-0.09;-14.695;-14.277
2021-04-01;111.233;-0.123;-14.616;-14.134
2021-04-06;111.174;-0.118;-14.56;-14.069
2021-04-07;111.303;-0.13;-14.653;-14.144
2021-04-08;111.379;-0.138;-14.734;-14.217
2021-04-09;111.116;-0.114;-14.819;-14.303
2021-04-12;110.941;-0.098;-14.398;-13.941
2021-04-13;110.951;-0.099;-14.36;-14.093
2021-04-14;110.65;-0.071;-14.761;-14.336
2021-04-15;110.952;-0.1;-14.597;-14.153
2021-04-16;110.741;-0.08;-14.638;-14.217
2021-04-19;110.508;-0.058;-14.287;-13.877
2021-04-20;110.78;-0.085;-14.797;-14.332
2021-04-21;110.783;-0.085;-14.592;-14.142
2021-04-22;110.68;-0.076;-14.45;-14.003
2021-04-23;110.719;-0.08;-14.513;-14.068
2021-04-26;110.616;-0.071;-14.067;-13.873
2021-04-27;110.542;-0.064;-14.47;-14.013
2021-04-28;110.4;-0.051;-14.602;-14.161
2021-04-29;109.993;-0.012;-14.613;-14.202
2021-04-30;110.106;-0.024;-14.675;-14.231
2021-05-03;110.057;-0.019;-14.566;-14.145
2021-05-04;110.476;-0.06;-14.67;-14.247
2021-05-05;110.372;-0.05;-14.461;-14.017
2021-05-06;110.403;-0.054;-14.452;-14.074
2021-05-07;110.306;-0.045;-14.2;-13.785
2021-05-10;110.226;-0.037;-13.795;-13.417
2021-05-11;109.851;-0.001;-13.67;-13.309
2021-05-12;109.543;0.028;-12.779;-12.48
2021-05-13;109.537;0.028;-12.012;-11.69
2021-05-14;109.589;0.023;-11.413;-11.131
2021-05-17;109.399;0.041;-10.709;-10.421
2021-05-18;109.107;0.069;-9.944;-9.711
2021-05-19;109.018;0.077;-8.564;-8.338
2021-05-20;108.991;0.079;-8.603;-8.382
2021-05-21;109.2;0.059;-8.489;-8.271
2021-05-24;109.314;0.047;-8.56;-8.362
2021-05-25;109.461;0.033;-8.029;-7.842
2021-05-26;109.837;-0.004;-8.362;-8.147
2021-05-27;109.548;0.023;-8.662;-8.432
2021-05-28;109.655;0.012;-8.574;-8.364
2021-05-31;109.666;0.011;-8.651;-8.434
2021-06-01;109.629;0.014;-8.843;-8.584
2021-06-02;109.818;-0.004;-8.889;-8.654
2021-06-03;109.575;0.019;-8.705;-8.493
2021-06-04;109.752;0.001;-8.554;-8.335
2021-06-07;109.679;0.008;-8.968;-8.724
2021-06-08;109.891;-0.013;-8.785;-8.514
2021-06-09;110.069;-0.03;-8.255;-7.987
2021-06-10;110.097;-0.034;-8.429;-8.162
2021-06-11;110.255;-0.05;-8.978;-8.668
2021-06-14;110.038;-0.029;-8.865;-8.549
2021-06-15;109.841;-0.01;-8.818;-8.528
2021-06-16;109.986;-0.024;-8.862;-8.577
2021-06-17;109.935;-0.02;-8.484;-8.237
2021-06-18;110.023;-0.029;-8.463;-8.201
2021-06-21;109.728;0.0;-8.485;-8.249
2021-06-22;109.685;0.003;-8.537;-8.308
2021-06-23;109.797;-0.008;-8.634;-8.394
2021-06-24;109.814;-0.01;-8.579;-8.344
2021-06-25;109.497;0.021;-8.584;-8.348
2021-06-28;109.758;-0.005;-8.551;-8.316
2021-06-29;109.505;0.019;-8.453;-8.219
2021-06-30;109.846;-0.014;-8.502;-8.246
2021-07-01;109.754;-0.006;-8.478;-8.236
2021-07-02;110.052;-0.036;-8.447;-8.198
2021-07-05;109.83;-0.014;-8.547;-8.31
2021-07-06;110.355;-0.066;-8.497;-8.235
2021-07-07;110.657;-0.095;-8.452;-8.177
2021-07-08;110.727;-0.103;-8.584;-8.275
2021-07-09;110.554;-0.087;-8.739;-8.447
2021-07-12;110.532;-0.085;-8.776;-8.49
2021-07-13;110.479;-0.08;-8.731;-8.433
2021-07-14;110.69;-0.101;-8.786;-8.485
2021-07-15;110.792;-0.111;-8.776;-8.472
2021-07-16;110.933;-0.125;-8.795;-8.455
2021-07-19;111.185;-0.15;-8.641;-8.296
2021-07-20;111.351;-0.167;-8.738;-8.34
2021-07-21;111.153;-0.148;-8.87;-8.513
2021-07-22;111.456;-0.178;-8.978;-8.605
2021-07-23;111.438;-0.177;-9.191;-8.805
2021-07-26;111.363;-0.17;-9.377;-8.985
2021-07-27;111.516;-0.185;-9.645;-9.21
2021-07-28;111.465;-0.18;-9.563;-9.131
2021-07-29;111.563;-0.191;-10.122;-9.674
2021-07-30;111.697;-0.204;-10.493;-10.056
2021-08-02;112.04;-0.237;-10.85;-10.355
2021-08-03;112.034;-0.237;-10.911;-10.407
2021-08-04;112.17;-0.251;-10.873;-10.343
2021-08-05;112.106;-0.245;-11.044;-10.526
2021-08-06;111.778;-0.214;-11.192;-10.71
2021-08-09;111.924;-0.228;-11.526;-11.005
2021-08-10;111.941;-0.23;-11.773;-11.221
2021-08-11;112.097;-0.246;-12.065;-11.49
2021-08-12;112.056;-0.243;-11.833;-11.29
2021-08-13;112.151;-0.252;-11.823;-11.273
2021-08-16;112.093;-0.247;-11.862;-11.323
2021-08-17;112.07;-0.245;-12.059;-11.509
2021-08-18;112.152;-0.254;-11.894;-11.339
2021-08-19;112.228;-0.262;-12.024;-11.468
2021-08-20;112.29;-0.268;-11.838;-11.289
2021-08-23;112.2;-0.26;-11.933;-11.387
2021-08-24;112.199;-0.26;-11.992;-11.454
2021-08-25;111.73;-0.215;-11.923;-11.431
2021-08-26;111.576;-0.201;-11.915;-11.436
2021-08-27;111.685;-0.212;-11.868;-11.384
2021-08-30;111.779;-0.221;-12.064;-11.558
2021-08-31;111.376;-0.182;-11.768;-11.321
2021-09-01;111.236;-0.169;-11.612;-11.18
2021-09-02;111.249;-0.171;-11.662;-11.225
2021-09-03;111.047;-0.152;-11.87;-11.439
2021-09-06;111.062;-0.154;-11.658;-11.23
2021-09-07;110.738;-0.122;-11.869;-11.461
2021-09-08;110.726;-0.121;-12.033;-11.618
2021-09-09;111.059;-0.155;-12.118;-11.672
2021-09-10;110.781;-0.128;-12.219;-11.793
2021-09-13;110.77;-0.127;-12.325;-11.891
2021-09-14;110.908;-0.141;-12.327;-11.868
2021-09-15;110.584;-0.109;-12.442;-12.004
2021-09-16;110.477;-0.099;-12.429;-12.014
2021-09-17;110.226;-0.075;-12.515;-12.085
2021-09-20;110.5;-0.102;-12.769;-12.304
2021-09-21;110.51;-0.104;-12.549;-12.07
2021-09-22;110.638;-0.117;-12.498;-12.07
2021-09-23;110.056;-0.06;-12.757;-12.334
2021-09-24;109.754;-0.03;-12.632;-12.271
2021-09-27;109.685;-0.023;-12.572;-12.243
2021-09-28;109.459;-0.001;-12.698;-12.35
2021-09-29;109.58;-0.013;-12.907;-12.535
2021-09-30;109.488;-0.005;-12.877;-12.522
2021-10-01;109.673;-0.024;-12.844;-12.49
2021-10-04;109.514;-0.008;-12.049;-11.703
2021-10-05;109.352;0.008;-12.926;-12.585
2021-10-06;109.232;0.02;-12.975;-12.606
2021-10-07;109.152;0.027;-12.819;-12.51
2021-10-08;108.855;0.057;-13.335;-13.069
2021-10-11;108.51;0.092;-13.564;-13.297
2021-10-12;108.239;0.119;-13.926;-13.654
2021-10-13;108.671;0.075;-13.989;-13.68
2021-10-14;109.285;0.012;-13.985;-13.672
2021-10-15;109.023;0.038;-13.747;-13.415
2021-10-18;108.738;0.067;-13.985;-13.64
2021-10-19;108.497;0.091;-14.518;-14.216
2021-10-20;108.683;0.072;-14.215;-13.88
2021-10-21;108.488;0.091;-14.651;-14.331
2021-10-22;108.39;0.101;-14.568;-14.257
2021-10-25;108.437;0.096;-14.18;-13.862
2021-10-26;108.474;0.092;-14.282;-13.963
2021-10-27;109.145;0.023;-15.018;-14.552
2021-10-28;108.728;0.065;-15.326;-14.916
2021-10-29;108.349;0.103;-14.95;-14.613
2021-11-01;108.431;0.095;-15.587;-15.235
2021-11-02;109.064;0.03;-14.399;-14.02
2021-11-03;109.052;0.031;-14.443;-14.012
2021-11-04;109.631;-0.029;-14.343;-13.915
2021-11-05;110.121;-0.079;-14.528;-14.081
2021-11-08;109.779;-0.045;-14.999;-14.522
2021-11-09;110.196;-0.087;-15.099;-14.608
2021-11-10;109.499;-0.017;-14.852;-14.428
2021-11-11;109.192;0.014;-15.091;-14.721
2021-11-12;109.377;-0.005;-15.227;-14.825
2021-11-15;109.204;0.012;-14.779;-14.405
2021-11-16;109.233;0.009;-15.29;-14.894
2021-11-17;109.309;0.001;-15.4;-14.957
2021-11-18;109.496;-0.019;-15.32;-14.89
2021-11-19;110.06;-0.077;-15.324;-14.862
2021-11-22;109.733;-0.044;-14.871;-14.411
2021-11-23;109.01;0.03;-15.295;-14.894
2021-11-24;109.003;0.03;-15.313;-14.862
2021-11-25;109.091;0.02;-15.176;-14.753
2021-11-26;109.868;-0.06;-14.913;-14.416
2021-11-29;109.618;-0.034;-15.197;-14.735
2021-11-30;109.854;-0.059;-15.119;-14.626
2021-12-01;109.863;-0.06;-15.041;-14.488
2021-12-02;110.063;-0.081;-14.982;-14.461
2021-12-03;110.175;-0.093;-15.321;-14.781
2021-12-06;110.128;-0.088;-15.181;-14.601
2021-12-07;110.105;-0.086;-15.14;-14.582
2021-12-08;109.643;-0.04;-14.812;-14.288
2021-12-09;109.986;-0.075;-15.188;-14.644
2021-12-10;109.953;-0.072;-15.059;-14.539
2021-12-13;110.263;-0.104;-15.097;-14.505
2021-12-14;110.168;-0.095;-15.386;-14.791
2021-12-15;109.998;-0.078;-15.345;-14.738
2021-12-16;109.926;-0.071;-15.181;-14.642
2021-12-17;110.136;-0.093;-15.086;-14.546
2021-12-20;109.92;-0.071;-15.293;-14.735
2021-12-21;109.36;-0.014;-15.364;-14.854
2021-12-22;109.183;0.004;-15.147;-14.67
2021-12-23;108.766;0.046;-15.126;-14.76
2021-12-24;108.765;0.046;-15.373;-14.946
2021-12-27;108.73;0.049;-15.316;-14.937
2021-12-28;108.62;0.06;-14.871;-14.454
2021-12-29;108.167;0.107;-14.993;-14.631
2021-12-30;108.187;0.105;-14.994;-14.672
2021-12-31;108.199;0.103;-14.955;-14.625
2022-01-03;107.84;0.14;-15.089;-14.788
2022-01-04;107.894;0.135;-15.069;-14.771
2022-01-05;107.929;0.131;-15.03;-14.753
2022-01-06;107.649;0.159;-14.724;-14.506
2022-01-07;107.513;0.173;-15.131;-14.907
2022-01-10;107.382;0.187;-14.958;-14.751
2022-01-11;107.26;0.2;-15.121;-14.911
2022-01-12;107.504;0.174;-13.854;-14.222
2022-01-13;107.791;0.143;-14.817;-14.581
2022-01-14;107.342;0.19;-14.787;-14.598
2022-01-17;107.196;0.205;-14.756;-14.571
2022-01-18;107.151;0.21;-14.601;-14.397
2022-01-19;107.1;0.215;-14.755;-14.556
2022-01-20;107.166;0.207;-14.743;-14.548
2022-01-21;107.396;0.183;-14.749;-14.57
2022-01-24;107.564;0.164;-14.909;-14.656
2022-01-25;107.315;0.191;-14.98;-14.746
2022-01-26;107.318;0.19;-14.864;-14.639
2022-01-27;107.178;0.204;-14.708;-14.538
2022-01-28;106.995;0.224;-14.696;-14.516
2022-01-31;106.536;0.273;-14.916;-14.716
2022-02-01;106.304;0.297;-14.728;-14.606
2022-02-02;106.199;0.308;-14.843;-14.727
2022-02-03;105.399;0.395;-14.786;-14.652
2022-02-04;104.607;0.481;-13.973;-13.996
2022-02-07;104.11;0.536;-13.418;-13.491
2022-02-08;103.512;0.602;-13.644;-13.795
2022-02-09;103.925;0.556;-13.572;-13.701
2022-02-10;103.106;0.647;-13.69;-13.822
2022-02-11;102.738;0.688;-14.002;-14.122
2022-02-14;102.626;0.7;-14.421;-14.643
2022-02-15;102.815;0.679;-14.965;-15.217
2022-02-16;103.184;0.637;-14.979;-15.172
2022-02-17;103.439;0.609;-14.873;-15.029
2022-02-18;103.57;0.594;-14.985;-15.123
2022-02-21;103.467;0.605;-15.004;-15.096
2022-02-22;103.186;0.637;-16.071;-16.122
2022-02-23;103.13;0.643;-15.844;-15.917
2022-02-24;103.4;0.612;-15.844;-15.972
2022-02-25;102.844;0.674;-15.85;-16.017
2022-02-28;103.49;0.602;-15.632;-15.721
2022-03-01;105.105;0.423;-17.344;-17.303
2022-03-02;104.497;0.49;-16.13;-16.102
2022-03-03;104.486;0.49;-17.175;-17.17
2022-03-04;104.538;0.484;-17.652;-17.624
2022-03-07;104.357;0.504;-17.431;-17.418
2022-03-08;103.656;0.582;-18.08;-18.139
2022-03-09;102.929;0.664;-18.453;-18.626
2022-03-10;102.407;0.723;-17.935;-18.158
2022-03-11;102.478;0.715;-17.54;-17.813
2022-03-14;101.623;0.812;-17.642;-18.026
2022-03-15;101.812;0.79;-17.631;-18.028
2022-03-16;101.582;0.817;-17.448;-17.937
2022-03-17;101.95;0.774;-17.572;-17.947
2022-03-18;101.95;0.774;-17.843;-18.278
2022-03-21;101.258;0.854;-17.891;-18.429
2022-03-22;100.949;0.889;-18.128;-18.663
2022-03-23;101.302;0.849;-17.688;-18.151
2022-03-24;100.633;0.926;-16.539;-17.031
2022-03-25;100.167;0.98;-16.164;-16.729
2022-03-28;100.101;0.988;-15.775;-16.322
2022-03-29;99.6;1.047;-16.033;-16.602
2022-03-30;99.421;1.068;-15.973;-16.594
2022-03-31;100.053;0.994;-15.611;-16.217
2022-04-01;100.007;0.999;-15.714;-16.285
2022-04-04;100.293;0.966;-15.479;-16.013
2022-04-05;99.357;1.076;-15.743;-16.265
2022-04-06;99.01;1.117;-16.037;-16.649
2022-04-07;98.756;1.147;-15.351;-16.064
2022-04-08;98.377;1.193;-15.574;-16.439
2022-04-11;97.551;1.292;-15.646;-16.525
2022-04-12;97.619;1.284;-15.539;-16.555
2022-04-13;97.754;1.268;-15.896;-16.85
2022-04-14;97.107;1.347;-16.55;-17.589
2022-04-19;96.75;1.391;-16.825;-17.904
2022-04-20;97.23;1.332;-17.264;-18.172
2022-04-21;96.653;1.403;-16.575;-17.721
2022-04-22;96.302;1.447;-17.318;-18.748
2022-04-25;97.188;1.338;-17.241;-18.637
2022-04-26;97.355;1.318;-17.607;-19.017
2022-04-27;97.304;1.324;-17.932;-19.052
2022-04-28;96.44;1.43;-18.083;-19.457
2022-04-29;96.062;1.477;-18.196;-19.564
2022-05-02;95.762;1.515;-17.851;-19.256
2022-05-03;95.792;1.511;-18.277;-19.865
2022-05-04;95.87;1.501;-19.256;-20.743
2022-05-05;95.414;1.559;-19.458;-21.148
2022-05-06;94.53;1.67;-19.936;-21.514
2022-05-09;94.551;1.668;-20.188;-22.027
2022-05-10;95.256;1.579;-20.7;-22.242
2022-05-11;95.568;1.54;-20.554;-21.838
2022-05-12;97.075;1.354;-20.147;-21.308
2022-05-13;96.58;1.415;-20.865;-22.314
2022-05-16;96.754;1.393;-20.93;-22.197
2022-05-17;96.067;1.479;-20.854;-22.128
2022-05-18;96.191;1.464;-20.619;-22.006
2022-05-19;96.584;1.415;-20.039;-21.524
2022-05-20;96.679;1.403;-20.414;-21.829
2022-05-23;96.275;1.454;-20.167;-21.605
2022-05-24;96.531;1.422;-19.52;-20.861
2022-05-25;96.479;1.429;-19.176;-20.673
2022-05-26;96.074;1.48;-19.455;-20.992
2022-05-27;96.407;1.438;-19.297;-20.658
2022-05-30;95.915;1.5;-19.094;-20.431
2022-05-31;95.273;1.581;-18.819;-20.316
2022-06-01;94.805;1.64;-18.259;-19.721
2022-06-02;94.394;1.693;-18.312;-19.955
2022-06-03;94.083;1.733;-17.93;-19.519
2022-06-06;93.791;1.771;-16.937;-18.364
2022-06-07;93.889;1.758;-16.596;-18.313
2022-06-08;93.39;1.823;-16.281;-17.851
2022-06-09;92.807;1.9;-15.611;-17.066
2022-06-10;91.957;2.012;-14.889;-16.202
2022-06-13;90.536;2.201;-12.743;-13.954
2022-06-14;88.856;2.43;-10.722;-11.793
2022-06-15;89.844;2.295;-9.992;-11.388
2022-06-16;89.382;2.36;-9.734;-11.037
2022-06-17;90.013;2.274;-10.216;-11.801
2022-06-20;89.324;2.368;-10.314;-11.784
2022-06-21;89.23;2.382;-10.082;-11.71
2022-06-22;90.078;2.266;-10.047;-11.653
2022-06-23;91.7;2.05;-9.822;-11.373
2022-06-24;91.683;2.052;-10.3;-11.683
2022-06-27;90.897;2.158;-10.202;-11.502
2022-06-28;90.359;2.231;-10.266;-11.569
2022-06-29;90.892;2.159;-10.005;-11.594
2022-06-30;92.3;1.972;-10.11;-11.629
2022-07-01;93.128;1.864;-9.512;-10.917
2022-07-04;92.249;1.98;-10.092;-11.36
2022-07-05;93.107;1.867;-9.913;-11.136
2022-07-06;93.561;1.808;-9.868;-10.965
2022-07-07;92.549;1.941;-9.56;-10.325
2022-07-08;92.396;1.962;-9.89;-11.098
2022-07-11;92.941;1.89;-9.144;-10.326
2022-07-12;93.762;1.783;-9.114;-10.373
2022-07-13;93.826;1.775;-10.335;-11.107
2022-07-14;93.497;1.819;-9.459;-10.244
2022-07-15;93.699;1.792;-8.838;-10.117
2022-07-18;93.263;1.85;-9.666;-10.747
2022-07-19;92.84;1.906;-10.209;-10.961
2022-07-20;93.114;1.87;-9.369;-10.669
2022-07-21;93.24;1.854;-9.542;-10.503
2022-07-22;94.58;1.679;-9.38;-11.064
2022-07-25;94.883;1.64;-10.006;-11.367
2022-07-26;95.557;1.554;-9.744;-10.946
2022-07-27;95.34;1.582;-9.801;-10.724
2022-07-28;96.242;1.467;-9.284;-10.656
2022-07-29;96.263;1.465;-9.935;-11.324
2022-08-01;96.497;1.435;-9.977;-11.506
2022-08-02;96.109;1.485;-9.98;-11.159
2022-08-03;95.973;1.502;-11.28;-12.565
2022-08-04;96.407;1.447;-11.256;-12.593
2022-08-05;95.084;1.617;-12.299;-13.522
2022-08-08;95.442;1.571;-12.119;-13.471
2022-08-09;95.283;1.592;-12.043;-13.324
2022-08-10;95.472;1.568;-11.641;-13.116
2022-08-11;95.009;1.628;-12.109;-13.475
2022-08-12;95.005;1.629;-12.611;-14.024
2022-08-15;95.727;1.536;-12.256;-13.535
2022-08-16;95.332;1.587;-12.829;-14.025
2022-08-17;94.458;1.7;-12.842;-13.887
2022-08-18;94.349;1.715;-12.661;-13.798
2022-08-19;93.203;1.867;-12.365;-13.601
2022-08-22;92.427;1.97;-12.675;-14.113
2022-08-23;92.261;1.993;-12.589;-14.085
2022-08-24;91.705;2.068;-12.903;-14.33
2022-08-25;92.203;2.002;-12.422;-13.828
2022-08-26;91.583;2.086;-13.22;-14.375
2022-08-29;90.58;2.224;-13.428;-14.616
2022-08-30;90.589;2.223;-12.339;-13.747
2022-08-31;90.465;2.24;-11.923;-13.202
2022-09-01;90.408;2.249;-12.717;-13.997
2022-09-02;90.525;2.234;-12.037;-13.323
2022-09-05;90.034;2.302;-12.798;-14.159
2022-09-06;89.68;2.352;-12.939;-14.342
2022-09-07;90.343;2.26;-12.763;-14.065
2022-09-08;89.937;2.317;-13.212;-14.414
2022-09-09;89.961;2.314;-14.081;-15.385
2022-09-12;90.309;2.266;-13.814;-14.99
2022-09-13;89.684;2.354;-12.656;-14.065
2022-09-14;89.636;2.361;-13.865;-15.412
2022-09-15;89.477;2.385;-12.238;-13.954
2022-09-16;89.665;2.359;-12.9;-15.055
2022-09-19;89.336;2.405;-12.236;-14.773
2022-09-20;88.572;2.514;-12.912;-15.568
2022-09-21;88.534;2.52;-12.733;-15.47
2022-09-22;88.0;2.597;-13.354;-16.019
2022-09-23;87.233;2.708;-12.874;-15.867
2022-09-26;86.401;2.83;-13.029;-16.043
2022-09-27;85.511;2.962;-12.865;-16.304
2022-09-28;85.891;2.906;-12.778;-16.14
2022-09-29;85.707;2.935;-13.704;-16.659
2022-09-30;86.049;2.885;-13.784;-16.834
2022-10-03;87.371;2.693;-13.846;-16.45
2022-10-04;87.906;2.616;-14.861;-17.336
2022-10-05;86.767;2.782;-14.509;-16.644
2022-10-06;86.169;2.871;-13.986;-16.797
2022-10-07;85.256;3.007;-13.686;-16.92
2022-10-10;84.417;3.134;-13.169;-16.786
2022-10-11;84.691;3.093;-13.261;-17.022
2022-10-12;84.703;3.092;-12.971;-16.71
2022-10-13;84.904;3.064;-12.894;-16.479
2022-10-14;84.649;3.103;-13.115;-16.853
2022-10-17;85.09;3.037;-12.8;-16.422
2022-10-18;85.185;3.024;-12.199;-15.617
2022-10-19;84.808;3.081;-10.778;-14.131
2022-10-20;84.694;3.1;-11.442;-14.838
2022-10-21;84.854;3.077;-11.52;-15.32
2022-10-24;85.443;2.989;-10.874;-14.728
2022-10-25;86.498;2.833;-10.498;-13.915
2022-10-26;86.703;2.803;-10.779;-14.23
2022-10-27;87.712;2.657;-10.892;-14.475
2022-10-28;86.675;2.809;-11.219;-14.018
2022-10-31;86.409;2.849;-11.101;-14.516
2022-11-01;86.473;2.84;-10.685;-14.199
2022-11-02;86.437;2.846;-10.041;-13.813
2022-11-03;85.729;2.953;-9.848;-13.409
2022-11-04;85.499;2.989;-9.206;-12.899
2022-11-07;85.51;2.988;-9.084;-12.875
2022-11-08;86.072;2.904;-9.267;-12.997
2022-11-09;86.886;2.784;-8.965;-12.792
2022-11-10;87.84;2.646;-8.411;-11.785
2022-11-11;87.131;2.75;-8.522;-11.522
2022-11-14;87.334;2.721;-8.047;-11.363
2022-11-15;87.73;2.663;-8.146;-11.167
2022-11-16;88.365;2.571;-7.916;-10.994
2022-11-17;88.04;2.62;-8.276;-11.002
2022-11-18;88.041;2.62;-8.332;-11.277
2022-11-21;88.244;2.591;-7.935;-10.821
2022-11-22;88.411;2.568;-7.903;-10.797
2022-11-23;88.673;2.53;-7.573;-10.487
2022-11-24;89.172;2.459;-7.297;-10.056
2022-11-25;88.463;2.562;-7.559;-10.117
2022-11-28;88.39;2.574;-7.019;-9.997
2022-11-29;88.691;2.53;-6.685;-9.763
2022-11-30;88.602;2.544;-6.319;-9.069
2022-12-01;89.43;2.425;-6.551;-9.119
2022-12-02;89.128;2.469;-6.499;-8.916
2022-12-05;88.966;2.493;-6.405;-9.011
2022-12-06;89.414;2.429;-6.681;-9.328
2022-12-07;89.468;2.422;-6.374;-8.909
2022-12-08;89.361;2.439;-6.618;-9.187
2022-12-09;88.852;2.513;-6.559;-8.989
2022-12-12;88.747;2.529;-6.435;-9.158
2022-12-13;88.763;2.527;-6.51;-9.009
2022-12-14;88.946;2.501;-6.622;-9.322
2022-12-15;88.092;2.627;-6.888;-8.728
2022-12-16;87.374;2.734;-6.965;-9.153
2022-12-19;87.189;2.762;-5.536;-7.648
2022-12-20;86.438;2.875;-3.643;-5.722
2022-12-21;86.166;2.916;-3.909;-6.073
2022-12-22;85.873;2.963;-3.765;-5.859
2022-12-23;85.635;3.0;-3.843;-5.697
2022-12-27;84.967;3.103;-4.102;-6.153
2022-12-28;85.199;3.068;-3.915;-6.594
2022-12-29;85.551;3.016;-3.592;-5.708
2022-12-30;84.8;3.132;-3.706;-5.449
2023-01-02;85.628;3.006;-2.997;-5.056
2023-01-03;86.084;2.937;-2.657;-4.612
2023-01-04;86.919;2.811;-2.624;-4.709
2023-01-05;86.391;2.893;-2.032;-3.758
2023-01-06;87.09;2.788;-2.036;-3.885
2023-01-09;86.99;2.804;-1.971;-3.788
2023-01-10;86.562;2.869;-1.515;-3.114
2023-01-11;87.472;2.733;-1.868;-3.854
2023-01-12;87.794;2.686;-0.58;-1.889
2023-01-13;87.79;2.687;-0.668;-2.325
2023-01-16;87.801;2.686;-0.34;-1.859
2023-01-17;88.415;2.596;0.028;-1.918
2023-01-18;88.619;2.566;0.145;-1.362
2023-01-19;88.363;2.605;-0.208;-1.372
2023-01-20;87.614;2.717;-0.337;-1.66
2023-01-23;87.281;2.768;-0.581;-2.061
2023-01-24;87.526;2.732;-0.431;-1.916
2023-01-25;87.502;2.736;-0.225;-1.672
2023-01-26;87.207;2.782;0.015;-0.976
2023-01-27;87.075;2.803;-0.281;-1.484
2023-01-30;86.606;2.874;-0.293;-1.469
2023-01-31;86.811;2.844;0.148;-1.166
2023-02-01;86.854;2.838;0.448;-0.832
2023-02-02;88.212;2.635;0.033;-1.253
2023-02-03;87.537;2.737;-0.123;-1.178
2023-02-06;86.846;2.842;0.24;-0.74
2023-02-07;86.588;2.882;-0.78;-1.737
2023-02-08;86.685;2.868;-0.395;-1.349
2023-02-09;86.998;2.822;0.062;-0.799
2023-02-10;86.631;2.879;-0.021;-0.559
2023-02-13;86.546;2.892;-0.414;-1.15
2023-02-14;86.026;2.973;-0.072;-0.856
2023-02-15;85.832;3.003;-0.221;-1.116
2023-02-16;85.841;3.004;-0.053;-0.828
2023-02-17;86.006;2.979;0.063;-0.732
2023-02-20;85.824;3.008;-0.103;-0.864
2023-02-21;85.363;3.08;-0.494;-1.332
2023-02-22;85.292;3.092;-0.19;-0.899
2023-02-23;85.501;3.061;-0.286;-0.736
2023-02-24;85.097;3.125;-0.251;-0.716
2023-02-27;84.777;3.176;0.076;-0.477
2023-02-28;84.357;3.243;-0.093;-0.657
2023-03-01;84.07;3.29;0.087;-0.419
2023-03-02;83.946;3.312;-0.612;-1.091
2023-03-03;84.112;3.286;-0.217;-0.524
2023-03-06;84.013;3.302;-0.152;-0.441
2023-03-07;84.312;3.256;0.002;-0.212
2023-03-08;84.563;3.217;0.07;-0.15
2023-03-09;84.667;3.202;-0.259;-0.381
2023-03-10;85.261;3.109;-1.257;-1.387
2023-03-13;86.283;2.951;-3.139;-2.893
2023-03-14;85.651;3.05;-4.311;-1.469
2023-03-15;86.786;2.874;-4.29;-2.282
2023-03-16;86.166;2.972;-4.915;-1.795
2023-03-17;87.155;2.82;-4.68;-2.101
2023-03-20;87.036;2.839;-3.664;-1.288
2023-03-21;86.387;2.94;-3.89;-1.261
2023-03-22;86.127;2.981;-2.967;-1.302
2023-03-23;86.766;2.883;-3.245;-2.154
2023-03-24;87.102;2.832;-2.331;-1.1
2023-03-27;86.752;2.887;-2.686;-1.165
2023-03-28;86.456;2.933;-2.872;-1.608
2023-03-29;86.315;2.956;-2.689;-1.551
2023-03-30;85.97;3.012;-2.594;-1.449
2023-03-31;86.475;2.934;-2.444;-1.482
2023-04-03;86.745;2.892;-2.481;-1.486
2023-04-04;86.864;2.874;-2.333;-1.571
2023-04-05;87.295;2.811;-2.946;-1.804
2023-04-06;87.244;2.819;-2.756;-1.568
2023-04-11;86.56;2.926;-2.754;-1.742
2023-04-12;86.292;2.969;-2.96;-2.369
2023-04-13;86.288;2.971;-1.848;-1.422
2023-04-14;86.027;3.013;-2.304;-1.963
2023-04-17;85.776;3.053;-1.671;-1.961
2023-04-18;85.657;3.072;-2.433;-2.683
2023-04-19;85.343;3.123;-1.365;-1.55
2023-04-20;85.659;3.075;-1.333;-1.509
2023-04-21;85.506;3.1;-1.461;-1.548
2023-04-24;85.295;3.134;-0.955;-1.332
2023-04-25;85.998;3.023;-1.313;-1.807
2023-04-26;85.917;3.037;-1.209;-1.77
2023-04-27;85.705;3.073;-1.417;-1.733
2023-04-28;86.514;2.946;-1.819;-2.139
2023-05-02;86.778;2.905;-1.724;-2.228
2023-05-03;86.83;2.898;-1.471;-1.951
2023-05-04;87.275;2.83;-2.592;-2.847
2023-05-05;86.756;2.912;-2.04;-1.96
2023-05-08;86.637;2.931;-2.215;-2.496
2023-05-09;86.469;2.958;-2.201;-2.421
2023-05-10;86.835;2.902;-1.808;-2.123
2023-05-11;87.195;2.847;-2.215;-2.315
2023-05-12;86.893;2.895;-2.021;-2.064
2023-05-15;86.815;2.908;-1.714;-2.06
2023-05-16;86.551;2.95;-1.764;-2.042
2023-05-17;86.551;2.951;-1.678;-1.994
2023-05-18;85.92;3.053;-1.916;-2.109
2023-05-19;86.019;3.038;-1.557;-1.843
2023-05-22;85.854;3.065;-1.484;-1.939
2023-05-23;85.754;3.081;-1.495;-2.021
2023-05-24;85.695;3.092;-1.18;-1.762
2023-05-25;85.377;3.145;-1.7;-2.259
2023-05-26;85.288;3.16;-1.26;-1.597
2023-05-29;85.919;3.059;-1.354;-2.159
2023-05-30;86.493;2.969;-1.318;-2.137
2023-05-31;86.825;2.917;-1.506;-2.202
2023-06-01;87.118;2.872;-1.825;-2.042
2023-06-02;86.774;2.927;-1.797;-1.939
2023-06-05;86.501;2.971;-1.712;-2.138
2023-06-06;86.604;2.956;-1.705;-1.95
2023-06-07;86.137;3.031;-1.659;-1.985
2023-06-08;86.533;2.97;-2.012;-2.296
2023-06-09;86.661;2.95;-1.946;-2.2
2023-06-12;86.622;2.957;;
2023-06-13;86.392;2.994;-1.39;-2.024
2023-06-14;86.243;3.019;-1.497;-2.048
2023-06-15;85.824;3.088;-1.008;-1.169
2023-06-16;86.004;3.06;-1.743;-1.982
2023-06-19;85.737;3.103;-1.425;-1.974
2023-06-20;86.326;3.009;-1.144;-1.916
2023-06-21;86.108;3.045;-1.427;-2.037
2023-06-22;85.714;3.111;-1.012;-1.35
2023-06-23;86.534;2.979;-1.461;-2.213
2023-06-26;86.739;2.947;-1.2;-1.992
2023-06-27;86.401;3.002;-1.173;-1.98
2023-06-28;86.672;2.959;-0.677;-1.658
2023-06-29;86.105;3.053;-1.339;-1.794
2023-06-30;86.257;3.029;-1.105;-1.621
2023-07-03;85.937;3.081;-0.966;-1.698
2023-07-04;85.915;3.085;-1.402;-2.02
2023-07-05;85.837;3.099;-1.839;-2.566
2023-07-06;84.908;3.252;-2.214;-2.669
2023-07-07;84.889;3.256;-1.77;-2.478
2023-07-10;84.893;3.256;-1.767;-2.461
2023-07-11;84.886;3.258;-1.702;-2.415
2023-07-12;85.493;3.16;-2.007;-2.919
2023-07-13;86.035;3.074;-2.379;-3.046
2023-07-14;85.878;3.1;-2.171;-2.67
2023-07-17;86.075;3.069;-2.045;-2.897
2023-07-18;86.661;2.975;-1.632;-2.604
2023-07-19;86.337;3.028;-2.239;-2.99
2023-07-20;85.98;3.088;-2.09;-2.586
2023-07-21;86.076;3.073;-1.964;-2.585
2023-07-24;86.431;3.016;-1.951;-2.91
2023-07-25;86.436;3.016;-2.229;-3.215
2023-07-26;86.113;3.069;-2.293;-3.017
2023-07-27;86.229;3.052;-2.35;-3.1
2023-07-28;86.195;3.059;-2.308;-3.02
2023-07-31;86.265;3.048;-2.338;-3.057
2023-08-01;85.932;3.103;-2.586;-3.473
2023-08-02;86.044;3.085;-2.94;-3.824
2023-08-03;85.655;3.151;-3.237;-3.777
2023-08-04;85.895;3.113;-2.87;-3.334
2023-08-07;85.619;3.159;-2.757;-3.427
2023-08-08;86.292;3.049;-2.878;-3.348
2023-08-09;86.191;3.066;-2.846;-3.251
2023-08-10;86.05;3.092;-3.308;-3.537
2023-08-11;85.507;3.182;-3.313;-3.459
2023-08-14;85.418;3.197;-3.172;-3.611
2023-08-15;85.23;3.229;-3.106;-3.438
2023-08-16;85.379;3.205;-3.076;-3.51
2023-08-17;85.046;3.263;-3.71;-3.793
2023-08-18;85.494;3.189;-3.242;-3.403
2023-08-21;85.123;3.251;-3.328;-3.589
2023-08-22;85.489;3.191;-3.034;-3.36
2023-08-23;86.239;3.069;-2.975;-3.531
2023-08-24;86.262;3.067;-3.17;-3.47
2023-08-25;85.937;3.121;-3.113;-3.395
2023-08-28;85.935;3.122;-2.757;-3.086
2023-08-29;86.335;3.057;-2.912;-3.291
2023-08-30;86.178;3.084;-2.885;-3.251
2023-08-31;86.664;3.006;-2.969;-3.454
2023-09-01;86.246;3.075;-3.259;-3.632
2023-09-04;86.099;3.1;-3.101;-3.566
2023-09-05;85.97;3.122;-2.974;-3.4
2023-09-06;85.794;3.152;-2.985;-3.362
2023-09-07;85.971;3.125;-2.579;-2.871
2023-09-08;85.982;3.124;-2.605;-2.916
2023-09-11;85.832;3.15;-2.256;-2.528
2023-09-12;85.768;3.161;-2.57;-2.833
2023-09-13;85.649;3.182;-2.292;-2.771
2023-09-14;86.098;3.11;-2.046;-2.728
2023-09-15;85.721;3.173;-2.175;-3.005
2023-09-18;85.498;3.211;-2.291;-3.225
2023-09-19;85.372;3.233;-1.71;-2.618
2023-09-20;85.562;3.202;-1.745;-2.644
2023-09-21;85.346;3.24;-1.985;-2.788
2023-09-22;85.34;3.242;-1.773;-2.592
2023-09-25;85.07;3.288;-1.534;-2.772
2023-09-26;85.022;3.297;-2.011;-3.045
2023-09-27;84.77;3.341;-0.308;-1.505
2023-09-28;84.269;3.428;-0.117;-0.925
2023-09-29;84.748;3.348;-0.292;-1.088
2023-10-02;84.291;3.426;0.212;-0.803
2023-10-03;84.094;3.461;-0.13;-1.195
2023-10-04;84.24;3.437;1.219;0.388
2023-10-05;84.453;3.403;1.937;1.528
2023-10-06;84.407;3.412;2.789;2.512
2023-10-09;84.95;3.32;2.98;2.856
2023-10-10;84.923;3.326;3.292;3.118
2023-10-11;85.143;3.289;3.409;3.57
2023-10-12;84.807;3.349;2.991;3.016
2023-10-13;85.026;3.312;3.173;2.887
2023-10-16;84.847;3.343;3.3;3.142
2023-10-17;84.351;3.429;3.625;3.337
2023-10-18;84.144;3.466;3.237;3.286
2023-10-19;84.087;3.478;3.272;3.315
2023-10-20;84.311;3.44;3.267;3.106
2023-10-23;84.45;3.417;3.485;3.354
2023-10-24;84.756;3.366;2.539;2.293
2023-10-25;84.517;3.408;2.883;2.742
2023-10-26;84.795;3.363;2.535;2.604
2023-10-27;84.979;3.332;2.803;2.857
2023-10-30;85.096;3.313;2.605;2.197
2023-10-31;85.186;3.298;2.444;2.114
2023-11-01;85.521;3.242;2.534;2.319
2023-11-02;85.792;3.199;2.476;2.687
2023-11-03;86.231;3.125;2.616;2.973
2023-11-06;85.845;3.191;2.928;2.972
2023-11-07;86.198;3.132;2.898;2.822
2023-11-08;86.344;3.109;3.419;3.443
2023-11-09;86.266;3.124;2.8;3.211
2023-11-10;85.929;3.182;2.736;3.084
2023-11-13;85.947;3.179;2.907;2.907
2023-11-14;86.566;3.076;3.665;3.483
2023-11-15;86.356;3.112;3.145;3.156
2023-11-16;86.618;3.07;3.173;3.487
2023-11-17;86.621;3.07;2.893;3.351
2023-11-20;86.584;3.077;3.172;3.382
2023-11-21;86.808;3.04;3.697;3.781
2023-11-22;86.747;3.051;3.457;3.59
2023-11-23;86.413;3.11;3.15;3.606
2023-11-24;86.315;3.127;3.119;3.523
2023-11-27;86.859;3.036;3.319;3.532
2023-11-28;87.165;2.986;3.199;3.462
2023-11-29;87.538;2.924;3.72;3.683
2023-11-30;87.502;2.932;3.223;3.518
2023-12-01;88.113;2.831;3.765;3.984
2023-12-04;88.189;2.819;3.16;3.444
2023-12-05;88.793;2.72;3.08;3.116
2023-12-06;88.977;2.69;3.285;3.347
2023-12-07;89.106;2.671;3.065;3.395
2023-12-08;88.635;2.749;3.29;3.901
2023-12-11;88.641;2.749;3.597;3.79
2023-12-12;88.891;2.708;3.724;3.859
2023-12-13;89.195;2.659;3.744;3.889
2023-12-14;89.672;2.582;3.472;3.804
2023-12-15;90.239;2.491;3.482;3.777
2023-12-18;89.892;2.548;3.408;3.843
2023-12-19;90.215;2.496;3.609;3.839
2023-12-20;90.488;2.452;3.931;4.107
2023-12-21;90.547;2.445;3.34;4.029
2023-12-22;90.511;2.451;4.1;4.844
2023-12-27;90.947;2.381;3.738;3.931
2023-12-28;90.766;2.413;3.541;4.02
2023-12-29;90.331;2.484;3.465;4.244
2024-01-02;90.202;2.506;4.286;4.625
2024-01-03;90.511;2.456;4.001;4.21
2024-01-04;89.873;2.562;3.784;4.473
2024-01-05;89.638;2.601;3.915;4.332
2024-01-08;89.749;2.583;4.895;5.02
2024-01-09;89.372;2.646;4.877;5.334
2024-01-10;89.257;2.666;4.718;5.214
2024-01-11;89.379;2.647;4.347;4.987
2024-01-12;89.761;2.585;4.59;5.11
2024-01-15;89.532;2.623;4.579;5.25
2024-01-16;89.399;2.646;4.672;5.457
2024-01-17;89.072;2.701;4.493;5.547
2024-01-18;88.874;2.736;4.782;5.703
2024-01-19;88.795;2.75;4.836;5.898
2024-01-22;89.074;2.704;5.51;6.233
2024-01-23;88.74;2.76;5.367;5.96
2024-01-24;88.817;2.748;5.629;6.372
2024-01-25;89.192;2.687;5.447;6.21
2024-01-26;89.178;2.69;5.368;6.364
2024-01-29;89.555;2.628;5.676;6.185
2024-01-30;89.342;2.664;5.778;6.68
2024-01-31;89.845;2.581;5.786;6.428
2024-02-01;89.927;2.569;5.678;6.683
2024-02-02;89.392;2.659;5.713;7.063
2024-02-05;88.969;2.73;5.744;6.479
2024-02-06;89.127;2.704;6.244;6.797
2024-02-07;88.949;2.735;6.404;7.156
2024-02-08;88.774;2.766;6.156;7.278
2024-02-09;88.562;2.803;6.117;7.31
2024-02-12;88.74;2.774;6.446;7.282
2024-02-13;88.533;2.809;6.092;7.199
2024-02-14;88.866;2.754;6.6;7.437
2024-02-15;88.759;2.774;6.647;7.605
2024-02-16;88.533;2.813;6.39;7.563
2024-02-19;88.502;2.819;7.113;8.065
2024-02-20;88.733;2.78;7.401;8.154
2024-02-21;88.369;2.843;7.521;8.446
2024-02-22;88.335;2.851;7.299;8.442
2024-02-23;88.779;2.776;7.433;8.405
2024-02-26;88.319;2.855;7.262;8.281
2024-02-27;88.229;2.871;7.6;8.515
2024-02-28;88.296;2.86;7.92;8.746
2024-02-29;88.571;2.815;8.223;9.13
2024-03-01;88.603;2.81;7.741;8.636
2024-03-04;88.766;2.783;8.153;8.914
2024-03-05;89.128;2.723;8.583;9.285
2024-03-06;89.148;2.72;8.404;9.104
2024-03-07;89.284;2.699;8.604;9.292
2024-03-08;89.624;2.642;8.687;9.354
2024-03-11;89.447;2.672;8.534;9.208
2024-03-12;89.342;2.691;8.702;9.45
2024-03-13;89.163;2.722;8.455;9.308
2024-03-14;88.81;2.784;8.405;9.213
2024-03-15;88.687;2.806;8.56;9.363
2024-03-18;88.611;2.819;8.7;9.426
2024-03-19;88.693;2.806;8.641;9.403
2024-03-20;88.718;2.802;8.525;9.312
2024-03-21;88.887;2.776;8.162;9.022
2024-03-22;89.282;2.709;8.177;9.242
2024-03-25;89.033;2.752;8.224;9.369
2024-03-26;89.146;2.733;8.348;9.449
2024-03-27;89.464;2.682;8.05;9.316
2024-03-28;89.494;2.678;8.198;9.584
2024-04-02;89.018;2.76;8.374;9.546
2024-04-03;89.023;2.76;8.486;9.826
2024-04-04;89.149;2.74;8.815;10.268
2024-04-05;88.95;2.775;8.259;9.77
2024-04-08;88.727;2.814;9.01;10.225
2024-04-09;89.054;2.758;9.233;10.232
2024-04-10;88.678;2.824;8.766;10.1
2024-04-11;88.457;2.864;8.768;10.246
2024-04-12;88.938;2.782;9.101;10.452
2024-04-15;88.544;2.851;8.883;10.283
2024-04-16;88.193;2.912;9.202;10.455
2024-04-17;88.362;2.884;8.998;10.172
2024-04-18;88.209;2.912;8.62;10.204
2024-04-19;88.19;2.917;8.668;10.199
2024-04-22;88.28;2.902;8.95;10.077
2024-04-23;88.218;2.913;8.915;10.079
2024-04-24;87.81;2.985;8.271;9.487
2024-04-25;87.668;3.013;7.494;9.069
2024-04-26;88.016;2.952;7.358;8.81
2024-04-29;88.31;2.902;6.669;7.912
2024-04-30;87.989;2.959;6.907;8.398
2024-05-02;88.231;2.919;6.777;8.108
2024-05-03;88.558;2.862;6.704;8.128
2024-05-06;88.65;2.847;7.159;8.378
2024-05-07;88.924;2.8;7.084;8.138
2024-05-08;88.701;2.84;6.866;7.961
2024-05-09;88.572;2.864;6.933;8.333
2024-05-10;88.456;2.885;6.86;8.318
2024-05-13;88.541;2.871;6.891;7.98
2024-05-14;88.332;2.909;6.857;7.963
2024-05-15;88.997;2.793;6.97;7.944
2024-05-16;88.798;2.83;6.895;8.225
2024-05-17;88.504;2.882;6.935;8.367
2024-05-20;88.435;2.895;6.834;7.981
2024-05-21;88.607;2.865;7.048;8.202
2024-05-22;88.433;2.897;7.11;8.313
2024-05-23;88.144;2.95;6.763;8.33
2024-05-24;88.155;2.949;6.529;8.098
2024-05-27;88.351;2.915;7.101;8.358
2024-05-28;88.161;2.949;6.998;8.473
2024-05-29;87.736;3.026;7.19;8.521
2024-05-30;87.972;2.986;6.829;8.376
2024-05-31;87.904;2.999;6.673;8.471
2024-06-03;88.377;2.916;7.151;8.434
2024-06-04;88.608;2.875;6.915;8.102
2024-06-05;88.674;2.865;7.412;8.646
2024-06-06;88.467;2.903;7.316;8.927
2024-06-07;88.083;2.972;7.541;9.351
2024-06-10;87.768;3.03;8.095;9.616
2024-06-11;87.886;3.009;8.861;10.431
2024-06-12;88.408;2.917;9.02;10.331
2024-06-13;88.611;2.883;8.119;9.698
2024-06-14;88.932;2.827;8.439;9.99
2024-06-17;88.699;2.869;9.289;10.909
2024-06-18;88.854;2.842;9.164;10.91
2024-06-19;88.794;2.854;9.137;10.834
2024-06-20;88.648;2.882;8.919;10.872
2024-06-21;88.736;2.867;8.668;10.504
2024-06-24;88.738;2.867;9.037;10.803
2024-06-25;88.791;2.858;8.689;10.266
2024-06-26;88.558;2.901;8.869;10.408
2024-06-27;88.542;2.906;8.963;10.723
2024-06-28;88.368;2.938;8.915;10.68
2024-07-01;88.035;2.998;9.31;10.919
2024-07-02;88.167;2.975;9.324;10.906
2024-07-03;88.388;2.936;9.654;11.146
2024-07-04;88.264;2.961;9.031;10.808
2024-07-05;88.566;2.908;9.323;11.032
2024-07-08;88.611;2.9;10.006;11.45
2024-07-09;88.442;2.931;9.497;10.949
2024-07-10;88.666;2.892;9.726;10.996
2024-07-11;89.084;2.819;9.009;10.418
2024-07-12;88.897;2.854;9.467;10.986
2024-07-15;89.052;2.827;9.535;10.952
2024-07-16;89.312;2.781;9.523;10.833
2024-07-17;89.283;2.787;9.441;10.903
2024-07-18;89.274;2.791;8.999;10.769
2024-07-19;89.138;2.816;9.057;10.717
2024-07-22;88.989;2.843;9.639;11.066
2024-07-23;89.256;2.796;9.331;10.541
2024-07-24;89.28;2.792;9.219;10.279
2024-07-25;89.417;2.77;9.173;10.659
2024-07-26;89.473;2.761;9.237;10.859
2024-07-29;89.703;2.72;9.608;10.886
2024-07-30;89.859;2.693;9.7;10.84
2024-07-31;90.066;2.657;9.39;10.506
2024-08-01;90.358;2.607;8.79;10.115
2024-08-02;90.667;2.553;9.138;9.865
2024-08-05;90.534;2.578;9.494;10.456
2024-08-06;90.54;2.577;9.036;10.789
2024-08-07;90.31;2.619;9.311;10.74
2024-08-08;90.361;2.611;9.103;10.392
2024-08-09;90.56;2.577;8.952;10.555
2024-08-12;90.589;2.572;9.452;10.699
2024-08-13;90.842;2.528;9.452;10.528
2024-08-14;90.907;2.517;9.413;10.795
2024-08-15;90.474;2.596;8.902;10.816
2024-08-16;90.564;2.581;8.333;11.01
2024-08-19;90.59;2.577;8.649;10.848
2024-08-20;90.81;2.538;8.825;10.795
2024-08-21;90.963;2.512;8.869;10.781
2024-08-22;90.687;2.563;8.654;10.748
2024-08-23;90.83;2.538;8.362;10.841
2024-08-26;90.676;2.566;9.419;10.453
2024-08-27;90.498;2.598;9.364;11.478
2024-08-28;90.632;2.575;9.685;11.64
2024-08-29;90.626;2.578;10.364;11.531
2024-08-30;90.492;2.602;9.692;11.942
2024-09-02;90.348;2.629;9.843;11.847
2024-09-03;90.618;2.581;10.074;11.689
2024-09-04;90.861;2.539;10.133;11.834
2024-09-05;90.975;2.52;10.489;12.468
2024-09-06;91.179;2.484;11.363;12.334
2024-09-09;91.256;2.471;11.029;12.877
2024-09-10;91.456;2.436;11.587;12.515
2024-09-11;91.477;2.433;12.645;13.63
2024-09-12;91.286;2.469;38.09;13.524
2024-09-13;91.297;2.468;12.14;13.731
2024-09-16;91.448;2.441;13.375;14.173
2024-09-17;91.268;2.474;13.392;14.349
2024-09-18;91.024;2.518;12.417;14.274
2024-09-19;91.052;2.515;12.818;14.919
2024-09-20;91.051;2.516;12.47;14.829
2024-09-23;91.334;2.466;13.803;15.228
2024-09-24;91.404;2.454;13.267;15.461
2024-09-25;91.284;2.476;13.494;15.963
2024-09-26;91.251;2.484;13.8;16.322
2024-09-27;91.559;2.429;14.009;16.605
2024-09-30;91.584;2.425;14.376;17.114
2024-10-01;91.977;2.356;14.59;17.244
2024-10-02;91.706;2.405;14.934;17.695
2024-10-03;91.422;2.457;14.565;17.729
2024-10-04;90.969;2.539;14.211;17.779
2024-10-07;90.65;2.598;14.658;18.028
2024-10-08;90.785;2.574;14.75;17.995
2024-10-09;90.672;2.595;14.619;17.961
2024-10-10;90.743;2.584;15.085;17.892
2024-10-11;90.796;2.575;14.477;17.905
2024-10-14;90.827;2.57;14.771;17.925
2024-10-15;91.163;2.51;15.457;17.813
2024-10-16;91.34;2.479;15.659;17.954
2024-10-17;91.349;2.479;15.591;18.217
2024-10-18;91.525;2.448;15.368;17.963
2024-10-21;91.124;2.521;14.615;18.133
2024-10-22;90.976;2.549;15.742;18.644
2024-10-23;91.072;2.532;16.262;18.819
2024-10-24;91.265;2.499;15.165;18.971
2024-10-25;91.154;2.519;15.705;19.74
2024-10-28;91.194;2.513;17.175;20.835
2024-10-29;91.009;2.547;18.64;22.538
2024-10-30;90.516;2.638;19.772;24.169
2024-10-31;90.393;2.662;23.269;27.488
2024-11-01;90.346;2.672;25.716;29.7
2024-11-04;90.226;2.695;26.385;30.881
2024-11-05;89.977;2.741;26.362;30.875
2024-11-06;90.421;2.66;27.363;31.642
2024-11-07;90.28;2.688;28.525;33.587
2024-11-08;90.569;2.636;29.304;33.731
2024-11-11;90.865;2.582;30.05;33.964
2024-11-12;90.707;2.612;28.644;33.486
2024-11-13;90.582;2.635;29.205;34.268
2024-11-14;90.96;2.568;29.038;34.073
2024-11-15;90.913;2.577;30.565;35.592
2024-11-18;90.751;2.608;33.016;38.312
2024-11-19;90.75;2.608;29.379;34.738
2024-11-20;90.64;2.629;30.808;36.157
2024-11-21;90.741;2.613;29.51;33.694
2024-11-22;91.228;2.524;27.808;32.166
2024-11-25;91.341;2.504;27.329;31.872
2024-11-26;91.368;2.5;26.523;31.202
2024-11-27;91.509;2.474;25.402;29.976
2024-11-28;91.785;2.426;25.145;28.813
2024-11-29;92.114;2.366;23.474;27.682
2024-12-02;92.447;2.306;23.229;26.96
2024-12-03;92.478;2.301;22.721;26.78
2024-12-04;92.433;2.31;22.591;26.742
2024-12-05;92.191;2.356;22.012;26.25
2024-12-06;92.349;2.328;21.565;25.627
2024-12-09;92.345;2.329;22.62;25.589
2024-12-10;92.394;2.321;21.672;25.203
2024-12-11;92.396;2.321;21.541;25.024
2024-12-12;91.967;2.401;21.303;25.141
2024-12-13;91.69;2.452;20.839;24.984
2024-12-16;91.819;2.429;21.327;24.976
2024-12-17;91.826;2.429;22.075;24.961
2024-12-18;91.754;2.443;22.034;24.997
2024-12-19;91.47;2.497;21.136;25.175
2024-12-20;91.564;2.48;21.229;25.256
2024-12-23;91.401;2.512;21.415;25.432
2024-12-24;91.425;2.51;20.96;25.104
2024-12-27;91.171;2.558;20.384;24.421
2024-12-30;91.367;2.522;20.838;24.721
2024-12-31;91.371;2.522;20.575;24.484
2025-01-02;91.282;2.541;21.026;25.148
2025-01-03;91.027;2.589;20.834;25.248
2025-01-06;90.826;2.628;22.016;25.441
2025-01-07;90.729;2.647;21.354;25.191
2025-01-08;90.588;2.674;21.333;25.147
2025-01-09;90.468;2.699;22.007;25.17
2025-01-10;90.242;2.742;20.931;25.169
2025-01-13;90.137;2.763;22.381;25.498
2025-01-14;89.962;2.797;22.139;25.033
2025-01-15;90.496;2.697;22.307;25.132
2025-01-16;90.626;2.674;21.404;25.02
2025-01-17;90.68;2.665;22.164;25.112
2025-01-20;90.736;2.655;21.007;24.681
2025-01-21;90.79;2.645;21.074;24.79
2025-01-22;90.691;2.665;22.108;25.238
2025-01-23;90.641;2.676;21.082;25.148
2025-01-24;90.484;2.707;20.9;25.197
2025-01-27;90.617;2.682;21.352;25.177
2025-01-28;90.497;2.706;21.417;25.312
2025-01-29;90.428;2.72;21.018;24.854
2025-01-30;90.798;2.652;20.957;24.589
2025-01-31;91.217;2.573;21.413;24.703
2025-02-03;91.599;2.502;21.654;24.687
2025-02-04;91.557;2.51;21.505;25.038
2025-02-05;91.668;2.49;22.188;24.966
2025-02-06;91.66;2.493;22.133;24.984
2025-02-07;91.729;2.481;21.696;25.22
2025-02-10;91.797;2.469;22.414;24.915
2025-02-11;91.431;2.539;21.496;24.841
2025-02-12;91.146;2.593;21.381;24.821
2025-02-13;91.388;2.55;21.431;24.614
2025-02-14;91.262;2.574;21.062;24.292
2025-02-17;91.116;2.603;21.73;25.031
2025-02-18;91.139;2.599;21.509;24.763
2025-02-19;90.916;2.642;21.606;25.025
2025-02-20;91.022;2.624;21.6;25.003
2025-02-21;91.281;2.576;21.899;25.178
2025-02-24;91.34;2.565;22.412;25.616
2025-02-25;91.438;2.547;22.571;25.741
2025-02-26;91.53;2.53;22.842;26.001
2025-02-27;91.655;2.508;23.372;26.387
2025-02-28;91.727;2.495;23.091;26.087
2025-03-03;91.468;2.545;24.45;26.847
2025-03-04;91.482;2.543;25.206;27.533
2025-03-05;90.129;2.805;25.127;28.659
2025-03-06;89.895;2.853;25.44;28.951
2025-03-07;89.857;2.861;25.741;29.23
2025-03-10;89.96;2.842;25.61;28.993
2025-03-11;89.786;2.877;25.549;28.974
2025-03-12;89.851;2.865;25.458;28.98
2025-03-13;89.977;2.843;25.536;28.747
2025-03-14;89.85;2.869;26.583;28.682
2025-03-17;90.008;2.838;25.793;28.686
2025-03-18;90.078;2.826;25.75;28.606
2025-03-19;90.084;2.825;25.823;28.693
2025-03-20;90.217;2.802;25.484;28.51
2025-03-21;90.297;2.787;25.34;28.416
2025-03-24;90.299;2.787;25.244;28.281
2025-03-25;90.177;2.812;24.774;27.916
2025-03-26;90.224;2.803;24.667;27.894
2025-03-27;90.386;2.774;24.52;27.782
2025-03-28;90.605;2.732;24.255;27.686
2025-03-31;90.565;2.741;24.273;27.704
2025-04-01;90.77;2.701;24.294;27.87
2025-04-02;90.671;2.721;24.294;27.791
2025-04-03;91.115;2.637;24.139;27.776
2025-04-04;91.338;2.594;23.538;27.444
2025-04-07;91.205;2.621;23.542;27.149
2025-04-08;91.119;2.638;23.077;27.35
2025-04-09;91.187;2.626;23.189;27.064
2025-04-10;91.356;2.595;23.274;27.65
2025-04-11;91.13;2.64;22.674;26.625
2025-04-14;91.588;2.551;23.363;27.158
2025-04-15;91.526;2.564;23.588;27.414
2025-04-16;91.593;2.555;22.851;27.096
2025-04-17;91.826;2.51;22.359;26.753
2025-04-22;91.99;2.479;23.329;27.063
2025-04-23;91.846;2.507;22.883;27.208
2025-04-24;92.074;2.465;22.672;26.816
2025-04-25;92.0;2.48;22.654;26.742
2025-04-28;91.804;2.519;22.644;26.672
2025-04-29;91.889;2.504;22.683;26.729
2025-04-30;92.147;2.455;22.487;26.625
2025-05-02;91.785;2.527;22.56;26.601
2025-05-05;91.884;2.508;22.841;26.728
2025-05-06;91.873;2.511;22.789;26.415
2025-05-07;92.107;2.466;22.95;26.469
2025-05-08;91.838;2.521;22.364;26.325
2025-05-09;91.731;2.542;22.303;26.485
2025-05-12;91.294;2.629;22.524;26.726
2025-05-13;91.179;2.653;22.43;26.588
2025-05-14;91.073;2.674;22.416;26.416
2025-05-15;91.47;2.598;22.419;26.333
2025-05-16;91.61;2.571;22.27;26.138
2025-05-19;91.606;2.573;22.243;26.166
2025-05-20;91.59;2.576;22.044;25.877
2025-05-21;91.421;2.611;22.006;26.005
2025-05-22;91.438;2.609;21.681;25.795
2025-05-23;91.721;2.554;22.438;25.539
2025-05-26;91.772;2.545;22.68;25.719
2025-05-27;91.904;2.519;22.593;25.805
2025-05-28;91.836;2.534;22.103;25.515
2025-05-29;92.012;2.501;21.928;25.223
2025-05-30;92.018;2.5;21.831;25.009
2025-06-02;91.971;2.51;21.691;24.711
2025-06-03;92.012;2.503;21.429;24.265
2025-06-04;91.941;2.518;21.333;24.244
2025-06-05;91.65;2.578;21.031;24.518
2025-06-06;91.637;2.581;20.491;23.977
2025-06-09;91.792;2.551;19.68;22.689
2025-06-10;91.966;2.517;19.463;22.437
2025-06-11;91.975;2.516;19.024;21.857
2025-06-12;92.145;2.484;18.914;21.818
2025-06-13;91.914;2.531;18.768;21.751
2025-06-16;91.996;2.515;18.822;21.606
2025-06-17;91.933;2.528;18.962;21.672
2025-06-18;92.084;2.499;18.883;21.642
2025-06-19;91.972;2.524;18.713;21.699
2025-06-20;92.024;2.514;18.612;21.67
2025-06-23;92.102;2.499;18.713;21.565
2025-06-24;92.041;2.512;18.72;21.447
2025-06-25;92.008;2.519;18.719;21.385
2025-06-26;92.032;2.517;18.32;21.015
2025-06-27;91.945;2.535;18.234;21.077
2025-06-30;91.896;2.545;18.396;20.909
2025-07-01;92.014;2.522;18.572;20.994
2025-07-02;91.852;2.555;18.547;21.179
2025-07-03;92.018;2.524;18.494;21.124
2025-07-04;92.059;2.517;18.559;21.215
2025-07-07;91.926;2.544;18.736;21.305
2025-07-08;91.776;2.575;18.591;21.22
2025-07-09;91.847;2.562;18.722;21.037
2025-07-10;91.721;2.589;18.699;21.092
2025-07-11;91.633;2.608;18.773;21.295
2025-07-14;91.617;2.612;18.892;20.917
2025-07-15;91.693;2.597;18.963;20.987
2025-07-16;91.832;2.57;18.783;20.771
2025-07-17;91.84;2.57;18.383;20.609
2025-07-18;91.782;2.583;18.352;20.748
2025-07-21;92.121;2.515;18.098;20.104
2025-07-22;92.194;2.501;17.704;19.718
2025-07-23;92.079;2.525;16.628;18.671
2025-07-24;91.758;2.592;16.395;18.975
2025-07-25;91.698;2.605;16.387;18.912
2025-07-28;91.832;2.579;16.563;18.405
2025-07-29;91.742;2.598;16.103;18.13
2025-07-30;91.735;2.6;16.032;18.063
2025-07-31;91.762;2.597;15.793;18.032
2025-08-01;91.904;2.569;15.654;17.791
2025-08-04;92.114;2.527;16.089;17.887
2025-08-05;92.134;2.523;15.842;17.672
2025-08-06;92.063;2.538;15.724;17.495
2025-08-07;92.161;2.521;15.478;17.36
2025-08-08;91.931;2.568;15.283;17.257
2025-08-11;91.951;2.565;15.236;17.054
2025-08-12;91.856;2.585;15.048;16.73
2025-08-13;92.111;2.534;15.122;16.693
2025-08-14;91.997;2.559;14.988;16.6
2025-08-15;91.754;2.61;14.868;16.569
2025-08-18;91.88;2.585;15.246;16.737
2025-08-19;91.957;2.57;15.144;16.619
2025-08-20;92.084;2.545;15.073;16.578
2025-08-21;91.88;2.589;15.052;16.856
2025-08-22;92.083;2.548;14.869;16.69
2025-08-25;91.863;2.594;14.929;16.6
2025-08-26;92.069;2.552;15.303;16.989
2025-08-27;92.175;2.531;15.587;17.209
2025-08-28;92.195;2.529;15.602;17.233
2025-08-29;92.147;2.54;15.559;17.134
2025-09-01;92.056;2.559;16.009;17.507
2025-09-02;91.85;2.603;17.172;18.752
2025-09-03;92.012;2.57;17.369;18.887
2025-09-04;92.044;2.566;17.671;19.169
2025-09-05;92.221;2.53;17.893;19.342
2025-09-08;92.285;2.517;17.806;19.196
2025-09-09;92.211;2.533;17.867;19.263
2025-09-10;92.208;2.535;17.798;19.168
2025-09-11;92.139;2.551;18.022;19.355
2025-09-12;91.906;2.6;17.754;19.27
2025-09-15;91.975;2.587;17.496;19.049
2025-09-16;92.06;2.57;16.653;18.276
2025-09-17;92.096;2.563;16.484;18.134
2025-09-18;91.997;2.586;15.982;17.53
2025-09-19;91.938;2.599;15.709;17.162
2025-09-22;91.955;2.596;16.003;17.414
2025-09-23;91.919;2.605;15.684;17.202
2025-09-24;91.914;2.607;15.351;16.788
2025-09-25;91.779;2.637;15.153;16.628
2025-09-26;91.893;2.614;14.954;16.277
2025-09-29;92.048;2.582;14.381;15.69
2025-09-30;92.078;2.577;14.0;15.416
2025-10-01;92.149;2.563;13.434;14.988
2025-10-02;92.235;2.547;12.286;13.815
2025-10-03;92.232;2.549;11.955;13.349
2025-10-06;92.184;2.559;12.093;13.309
2025-10-07;92.221;2.552;12.023;13.237
2025-10-08;92.363;2.523;11.961;13.168
2025-10-09;92.278;2.544;11.682;13.007
2025-10-10;92.493;2.499;11.533;12.875
2025-10-13;92.573;2.483;11.719;12.846
2025-10-14;92.661;2.466;11.767;12.867
2025-10-15;92.827;2.432;11.472;12.545
2025-10-16;92.884;2.422;11.371;12.564
2025-10-17;92.854;2.429;11.149;12.272
2025-10-20;92.867;2.427;11.338;12.404
2025-10-21;92.93;2.414;11.402;12.327
2025-10-22;92.898;2.422;11.272;12.345
2025-10-23;92.825;2.439;10.894;12.149
2025-10-24;92.622;2.483;10.883;12.161
2025-10-27;92.681;2.471;11.092;12.006
2025-10-28;92.653;2.478;10.639;11.517
2025-10-29;92.659;2.477;10.543;11.421
2025-10-30;92.57;2.498;10.27;11.302
2025-10-31;92.66;2.48;10.276;11.198
2025-11-03;92.516;2.511;10.402;11.113
2025-11-04;92.576;2.499;10.164;10.934
2025-11-05;92.518;2.512;10.095;10.909
2025-11-06;92.602;2.496;10.064;11.064
2025-11-07;92.542;2.51;9.671;10.719
2025-11-10;92.53;2.513;9.824;10.69
2025-11-11;92.566;2.506;9.917;10.744
2025-11-12;92.603;2.499;9.644;10.348
2025-11-13;92.457;2.533;8.392;9.203
2025-11-14;92.371;2.552;7.816;8.638
2025-11-17;92.37;2.553;7.877;8.507
2025-11-18;92.441;2.538;7.513;7.944
2025-11-19;92.461;2.535;6.778;7.199
2025-11-20;92.524;2.524;5.936;6.651
2025-11-21;92.594;2.51;6.056;6.869
2025-11-24;92.631;2.502;6.215;6.842
2025-11-25;92.689;2.491;6.031;6.631
2025-11-26;92.708;2.488;6.001;6.647
2025-11-27;92.687;2.494;5.628;6.452
2025-11-28;92.648;2.503;5.642;6.513
2025-12-01;92.452;2.546;5.794;6.422
2025-12-02;92.48;2.541;6.05;6.664
2025-12-03;92.498;2.538;6.274;7.012
2025-12-04;92.399;2.562;6.498;7.322
2025-12-05;92.242;2.596;6.528;7.23
2025-12-08;91.832;2.686;6.871;7.433
2025-12-09;91.886;2.675;6.855;7.213
2025-12-10;91.868;2.68;6.836;7.247
2025-12-11;91.921;2.671;6.454;7.017
2025-12-12;91.885;2.68;6.51;7.042
2025-12-15;91.871;2.684;6.39;6.751
2025-12-16;91.936;2.67;6.344;6.675
2025-12-17;91.885;2.682;6.071;6.612
2025-12-18;92.002;2.659;5.24;6.028
2025-12-19;91.88;2.687;4.849;5.688
2025-12-22;91.874;2.689;5.29;5.918
2025-12-23;91.951;2.677;5.138;6.114
2025-12-24;91.922;2.684;5.338;6.357
2025-12-29;92.119;2.642;4.7;5.285
2025-12-30;92.096;2.648;4.459;5.129
2025-12-31;92.076;2.655;4.808;5.775
2026-01-02;92.015;2.67;3.978;4.92
2026-01-05;92.139;2.643;4.236;5.022
2026-01-06;92.298;2.609;3.537;4.253
2026-01-07;92.498;2.566;2.32;2.954
2026-01-08;92.434;2.583;2.354;3.086
2026-01-09;92.404;2.59;2.449;3.194
2026-01-12;92.513;2.567;2.644;3.086
2026-01-13;92.509;2.569;2.709;3.037
2026-01-14;92.596;2.55;2.793;3.09
2026-01-15;92.517;2.57;2.808;3.392
2026-01-16;92.437;2.589;2.518;3.07
2026-01-19;92.481;2.58;2.683;2.895
2026-01-20;92.471;2.583;2.96;3.22
2026-01-21;92.361;2.608;2.967;3.229
2026-01-22;92.317;2.62;2.617;3.13
2026-01-23;92.238;2.638;2.727;3.192
2026-01-26;92.393;2.605;2.791;3.051
2026-01-27;92.422;2.599;2.694;2.916
2026-01-28;92.544;2.573;2.74;2.993
2026-01-29;92.648;2.553;2.469;2.9
2026-01-30;92.642;2.555;2.6;2.949
2026-02-02;92.519;2.583;2.862;3.13
2026-02-03;92.472;2.594;2.856;3.064
2026-02-04;92.588;2.569;2.966;3.116
2026-02-05;92.635;2.561;2.817;3.137
2026-02-06;92.687;2.551;2.799;3.265
2026-02-09;92.745;2.539;2.889;3.319
2026-02-10;92.85;2.516;2.9;3.436
2026-02-11;92.868;2.513;2.983;3.611
2026-02-12;92.944;2.498;2.888;3.482
2026-02-13;93.078;2.47;3.052;3.501
2026-02-16;93.078;2.47;3.244;3.46
2026-02-17;93.135;2.458;3.327;3.537
