;px_last;yld_ytm_mid;asset_swap_spd_mid;z_sprd_mid
2015-07-28;99.126;1.426;-7.774;-8.242
2015-07-29;98.358;1.47;-7.342;-7.824
2015-07-30;99.53;1.402;-7.988;-8.467
2015-07-31;100.063;1.371;-7.928;-8.348
2015-08-03;100.153;1.366;-8.254;-8.689
2015-08-04;99.68;1.393;-8.11;-8.581
2015-08-05;97.655;1.512;-8.463;-9.081
2015-08-06;98.493;1.463;-8.256;-8.795
2015-08-07;99.31;1.415;-8.248;-8.75
2015-08-10;98.675;1.452;-8.417;-8.952
2015-08-11;100.059;1.372;-7.978;-8.408
2015-08-12;100.369;1.354;-7.984;-8.395
2015-08-13;100.073;1.371;-8.181;-8.619
2015-08-14;99.657;1.395;-8.122;-8.593
2015-08-17;100.204;1.363;-8.819;-9.28
2015-08-18;99.939;1.378;-8.942;-9.435
2015-08-19;100.358;1.354;-9.392;-9.878
2015-08-20;101.093;1.312;-9.418;-9.872
2015-08-21;101.521;1.288;-8.378;-8.749
2015-08-24;101.196;1.306;-8.94;-9.357
2015-08-25;98.903;1.439;-9.26;-9.824
2015-08-26;99.411;1.409;-9.097;-9.636
2015-08-27;98.677;1.452;-9.237;-9.824
2015-08-28;98.693;1.451;-8.541;-9.078
2015-08-31;97.788;1.504;-9.36;-10.037
2015-09-01;97.6;1.516;-9.16;-9.824
2015-09-02;97.788;1.504;-8.79;-9.429
2015-09-03;98.412;1.468;-8.44;-9.004
2015-09-04;99.452;1.407;-8.305;-8.809
2015-09-07;99.181;1.423;-8.273;-8.785
2015-09-08;98.958;1.436;-8.022;-8.527
2015-09-09;98.476;1.464;-8.354;-8.912
2015-09-10;98.566;1.459;-8.365;-8.92
2015-09-11;99.106;1.427;-8.353;-8.882
2015-09-14;99.018;1.432;-8.555;-9.102
2015-09-15;97.273;1.535;-8.04;-8.657
2015-09-16;96.9;1.558;-8.148;-8.791
2015-09-17;96.857;1.56;-7.606;-8.2
2015-09-18;98.609;1.456;-7.358;-7.837
2015-09-21;97.98;1.493;-7.026;-7.536
2015-09-22;99.42;1.409;-7.305;-7.761
2015-09-23;99.417;1.409;-7.151;-7.594
2015-09-24;99.489;1.405;-6.733;-7.145
2015-09-25;98.614;1.456;-7.451;-7.938
2015-09-28;99.585;1.399;-7.458;-7.919
2015-09-29;99.676;1.394;-7.554;-8.01
2015-09-30;99.41;1.409;-7.42;-7.883
2015-10-01;100.144;1.367;-7.177;-7.576
2015-10-02;100.931;1.321;-7.467;-7.843
2015-10-05;99.753;1.389;-7.345;-7.784
2015-10-06;99.277;1.417;-7.774;-8.26
2015-10-07;99.418;1.409;-7.526;-7.992
2015-10-08;99.53;1.402;-7.281;-7.731
2015-10-09;98.924;1.438;-8.001;-8.513
2015-10-12;99.659;1.395;-7.925;-8.409
2015-10-13;99.376;1.411;-8.265;-8.786
2015-10-14;100.013;1.374;-8.385;-8.87
2015-10-15;99.918;1.38;-8.33;-8.818
2015-10-16;99.979;1.376;-8.757;-9.264
2015-10-19;99.671;1.394;-8.687;-9.228
2015-10-20;98.827;1.444;-8.492;-9.05
2015-10-21;99.895;1.381;-8.598;-9.105
2015-10-22;100.663;1.337;-9.182;-9.678
2015-10-23;100.304;1.357;-9.153;-9.675
2015-10-26;100.774;1.33;-9.842;-10.379
2015-10-27;101.991;1.26;-10.444;-10.925
2015-10-28;102.284;1.244;-10.767;-11.243
2015-10-29;100.711;1.334;-10.877;-11.471
2015-10-30;100.945;1.32;-10.981;-11.565
2015-11-02;100.245;1.361;-11.27;-11.921
2015-11-03;99.82;1.385;-11.383;-12.095
2015-11-04;99.404;1.41;-11.424;-12.185
2015-11-05;99.51;1.404;-11.798;-12.582
2015-11-06;98.349;1.472;-11.086;-11.894
2015-11-09;98.868;1.441;-10.195;-10.904
2015-11-10;98.926;1.438;-10.88;-11.649
2015-11-11;99.033;1.432;-10.825;-11.583
2015-11-12;99.159;1.424;-10.431;-11.144
2015-11-13;99.828;1.385;-10.813;-11.511
2015-11-16;99.957;1.377;-10.725;-11.407
2015-11-17;100.081;1.37;-10.439;-11.09
2015-11-18;100.619;1.339;-10.476;-11.078
2015-11-19;101.274;1.301;-10.633;-11.215
2015-11-20;101.742;1.274;-10.548;-11.073
2015-11-23;101.135;1.309;-10.4;-10.976
2015-11-24;101.119;1.31;-10.597;-11.183
2015-11-25;101.421;1.293;-10.508;-11.078
2015-11-26;101.319;1.298;-10.762;-11.36
2015-11-27;101.407;1.293;-10.81;-11.401
2015-11-30;101.046;1.314;-10.802;-11.418
2015-12-01;101.102;1.311;-10.775;-11.395
2015-12-02;101.222;1.304;-11.003;-11.635
2015-12-03;98.845;1.443;-10.736;-11.476
2015-12-04;98.722;1.45;-10.642;-11.388
2015-12-07;100.279;1.359;-11.063;-11.719
2015-12-08;100.621;1.339;-11.505;-12.156
2015-12-09;100.071;1.371;-11.304;-11.991
2015-12-10;100.291;1.358;-11.321;-11.993
2015-12-11;101.036;1.315;-12.075;-12.739
2015-12-14;100.471;1.347;-11.611;-12.277
2015-12-15;99.582;1.399;-11.673;-12.43
2015-12-16;98.999;1.434;-11.909;-12.704
2015-12-17;100.222;1.362;-11.877;-12.568
2015-12-18;101.147;1.308;-11.406;-12.005
2015-12-21;100.747;1.331;-11.687;-12.321
2015-12-22;99.711;1.392;-11.636;-12.366
2015-12-23;99.083;1.429;-11.532;-12.296
2015-12-24;98.908;1.439;-9.805;-10.455
2015-12-25;98.936;1.438;-10.049;-10.713
2015-12-28;100.315;1.356;-10.857;-11.47
2015-12-29;99.091;1.428;-11.797;-12.583
2015-12-30;98.911;1.439;-11.858;-12.663
2015-12-31;98.933;1.438;-11.33;-12.096
2016-01-01;98.852;1.443;-10.87;-11.607
2016-01-04;99.903;1.381;-11.574;-12.289
2016-01-05;100.287;1.358;-11.43;-12.106
2016-01-06;100.772;1.33;-11.42;-12.066
2016-01-07;100.022;1.374;-11.097;-11.785
2016-01-08;100.577;1.341;-10.916;-11.544
2016-01-11;100.449;1.349;-10.62;-11.231
2016-01-12;100.92;1.321;-10.042;-10.586
2016-01-13;101.399;1.293;-10.245;-10.776
2016-01-14;100.926;1.321;-10.052;-10.6
2016-01-15;101.235;1.303;-9.827;-10.356
2016-01-18;101.055;1.313;-9.999;-10.549
2016-01-19;101.017;1.315;-9.923;-10.47
2016-01-20;102.262;1.244;-9.736;-10.172
2016-01-21;102.711;1.218;-9.376;-9.782
2016-01-22;101.971;1.26;-9.28;-9.725
2016-01-25;102.284;1.242;-9.064;-9.473
2016-01-26;102.736;1.216;-8.989;-9.375
2016-01-27;102.831;1.211;-8.925;-9.302
2016-01-28;103.041;1.199;-5.789;-6.03
2016-01-29;104.314;1.127;-5.2;-5.354
2016-02-01;104.248;1.131;-5.389;-5.549
2016-02-02;104.773;1.101;-5.319;-5.478
2016-02-03;105.691;1.05;-4.908;-5.0
2016-02-04;105.148;1.08;-5.407;-5.539
2016-02-05;105.383;1.067;-5.457;-5.574
2016-02-08;106.92;0.983;-4.6;-4.649
2016-02-09;106.792;0.99;-5.409;-5.477
2016-02-10;106.443;1.009;-5.432;-5.516
2016-02-11;107.491;0.951;-5.186;-5.208
2016-02-12;106.287;1.017;-5.561;-5.639
2016-02-15;106.661;0.996;-5.287;-5.362
2016-02-16;106.094;1.028;-5.296;-5.376
2016-02-17;106.191;1.022;-5.28;-5.359
2016-02-18;107.245;0.964;-5.102;-5.136
2016-02-19;107.437;0.954;-5.049;-5.074
2016-02-22;108.14;0.916;-5.135;-5.148
2016-02-23;108.285;0.908;-5.301;-5.314
2016-02-24;108.897;0.875;-5.286;-5.263
2016-02-25;108.679;0.886;-5.234;-5.229
2016-02-26;108.242;0.91;-5.016;-5.033
2016-02-29;108.791;0.88;-4.997;-4.994
2016-03-01;107.922;0.927;-5.226;-5.252
2016-03-02;106.498;1.005;-4.979;-5.065
2016-03-03;107.154;0.969;-4.951;-5.004
2016-03-04;106.268;1.017;-5.345;-5.436
2016-03-07;106.145;1.024;-5.296;-5.391
2016-03-08;106.768;0.99;-5.06;-5.139
2016-03-09;105.824;1.042;-5.369;-5.467
2016-03-10;105.062;1.084;-5.476;-5.608
2016-03-11;105.608;1.053;-5.978;-6.092
2016-03-14;105.464;1.061;-5.636;-5.747
2016-03-15;105.06;1.084;-5.809;-5.948
2016-03-16;105.278;1.072;-5.564;-5.682
2016-03-17;106.912;0.981;-5.838;-5.906
2016-03-18;107.206;0.965;-5.835;-5.884
2016-03-21;106.608;0.998;-5.677;-5.768
2016-03-22;107.001;0.976;-5.583;-5.64
2016-03-23;107.22;0.964;-5.475;-5.519
2016-03-24;107.489;0.949;-5.637;-5.668
2016-03-25;107.42;0.953;-6.12;-6.162
2016-03-28;107.422;0.953;-5.139;-5.168
2016-03-29;108.292;0.905;-5.807;-5.831
2016-03-30;107.945;0.924;-5.612;-5.634
2016-03-31;108.032;0.919;-5.828;-5.85
2016-04-01;108.537;0.892;-6.225;-6.235
2016-04-04;108.636;0.887;-5.981;-5.982
2016-04-05;109.319;0.85;-6.194;-6.156
2016-04-06;108.762;0.88;-6.103;-6.098
2016-04-07;109.278;0.852;-6.093;-6.06
2016-04-08;108.903;0.872;-6.096;-6.085
2016-04-11;108.434;0.897;-5.865;-5.892
2016-04-12;107.383;0.954;-6.188;-6.236
2016-04-13;108.195;0.91;-6.219;-6.25
2016-04-14;107.548;0.945;-6.448;-6.49
2016-04-15;108.289;0.905;-6.295;-6.237
2016-04-18;107.671;0.938;-6.286;-6.238
2016-04-19;107.334;0.956;-6.415;-6.38
2016-04-20;107.653;0.939;-6.257;-6.201
2016-04-21;106.17;1.021;-6.503;-6.509
2016-04-22;105.988;1.031;-6.338;-6.355
2016-04-25;105.371;1.065;-6.628;-6.679
2016-04-26;104.692;1.103;-6.71;-6.822
2016-04-27;104.664;1.105;-6.482;-6.602
2016-04-28;105.102;1.08;-6.778;-6.877
2016-04-29;104.983;1.087;-7.043;-7.144
2016-05-02;105.315;1.068;-6.8;-6.884
2016-05-03;106.543;0.999;-6.909;-6.954
2016-05-04;106.435;1.005;-7.038;-7.085
2016-05-05;107.209;0.962;-6.967;-6.98
2016-05-06;107.523;0.945;-7.006;-6.997
2016-05-09;107.915;0.924;-7.245;-7.236
2016-05-10;107.94;0.922;-7.013;-7.003
2016-05-11;107.759;0.932;-7.238;-7.229
2016-05-12;107.226;0.961;-7.56;-7.573
2016-05-13;107.974;0.92;-7.845;-7.835
2016-05-16;107.63;0.939;-7.654;-7.653
2016-05-17;107.887;0.925;-8.268;-8.267
2016-05-18;107.27;0.959;-8.504;-8.52
2016-05-19;107.377;0.952;-8.652;-8.675
2016-05-20;107.497;0.946;-9.303;-9.334
2016-05-23;107.065;0.97;-9.459;-9.527
2016-05-24;107.141;0.965;-9.401;-9.453
2016-05-25;107.725;0.933;-9.367;-9.389
2016-05-26;107.834;0.927;-9.375;-9.404
2016-05-27;107.736;0.932;-9.217;-9.254
2016-05-30;107.246;0.959;-9.536;-9.539
2016-05-31;107.783;0.93;-9.524;-9.547
2016-06-01;107.854;0.926;-9.964;-9.991
2016-06-02;108.136;0.91;-10.216;-10.235
2016-06-03;109.249;0.85;-10.352;-10.27
2016-06-06;108.783;0.875;-10.691;-10.648
2016-06-07;109.497;0.836;-10.63;-10.536
2016-06-08;109.501;0.836;-10.928;-10.831
2016-06-09;110.251;0.795;-11.405;-11.274
2016-06-10;110.884;0.761;-12.301;-12.09
2016-06-13;110.685;0.772;-13.198;-12.996
2016-06-14;111.164;0.746;-13.031;-12.786
2016-06-15;111.349;0.736;-14.054;-13.804
2016-06-16;112.097;0.697;-14.306;-13.996
2016-06-17;111.344;0.736;-14.772;-14.531
2016-06-20;110.737;0.769;-15.185;-14.976
2016-06-21;110.623;0.775;-15.507;-15.331
2016-06-22;110.277;0.793;-16.625;-16.504
2016-06-23;109.571;0.831;-16.84;-16.763
2016-06-24;112.703;0.664;-17.812;-17.393
2016-06-27;114.416;0.575;-17.98;-17.323
2016-06-28;114.059;0.594;-18.071;-17.514
2016-06-29;114.581;0.567;-19.205;-18.533
2016-06-30;114.687;0.561;-20.132;-19.393
2016-07-01;115.021;0.544;-19.779;-19.087
2016-07-04;115.806;0.504;-20.238;-19.481
2016-07-05;116.614;0.463;-21.051;-20.15
2016-07-06;116.561;0.465;-21.624;-20.706
2016-07-07;116.536;0.466;-22.544;-21.603
2016-07-08;117.138;0.436;-23.017;-21.97
2016-07-11;116.887;0.448;-23.311;-22.284
2016-07-12;115.631;0.512;-24.693;-23.791
2016-07-13;116.99;0.443;-24.779;-23.692
2016-07-14;116.194;0.483;-24.496;-23.53
2016-07-15;115.292;0.528;-24.118;-23.282
2016-07-18;115.572;0.514;-23.796;-22.948
2016-07-19;115.372;0.524;-22.944;-22.146
2016-07-20;114.782;0.554;-22.309;-21.599
2016-07-21;114.79;0.553;-22.54;-21.826
2016-07-22;115.0;0.543;-22.819;-22.065
2016-07-25;115.378;0.523;-23.208;-22.397
2016-07-26;115.312;0.526;-23.287;-22.48
2016-07-27;116.41;0.47;-23.488;-22.533
2016-07-28;116.785;0.451;-23.567;-22.544
2016-07-29;117.346;0.423;-24.044;-22.937
2016-08-01;117.45;0.417;-25.345;-24.173
2016-08-02;116.257;0.477;-25.825;-24.8
2016-08-03;116.471;0.466;-25.832;-24.779
2016-08-04;117.485;0.415;-26.076;-24.885
2016-08-05;116.794;0.45;-26.139;-25.034
2016-08-08;116.724;0.453;-26.136;-25.045
2016-08-09;117.246;0.427;-26.299;-25.125
2016-08-10;118.104;0.384;-27.14;-25.819
2016-08-11;117.649;0.406;-27.277;-26.011
2016-08-12;117.87;0.395;-27.215;-25.93
2016-08-15;117.256;0.425;-27.418;-26.189
2016-08-16;116.446;0.466;-27.321;-26.218
2016-08-17;116.839;0.446;-27.174;-26.001
2016-08-18;117.509;0.412;-27.291;-26.024
2016-08-19;116.594;0.458;-27.311;-26.172
2016-08-22;117.808;0.397;-27.621;-26.306
2016-08-23;117.975;0.388;-27.375;-26.039
2016-08-24;117.921;0.391;-27.409;-26.065
2016-08-25;117.646;0.404;-27.293;-25.995
2016-08-26;117.614;0.406;-26.997;-25.705
2016-08-29;117.639;0.404;-27.347;-26.054
2016-08-30;118.111;0.381;-26.842;-25.495
2016-08-31;117.493;0.412;-27.136;-25.875
2016-09-01;117.352;0.418;-26.987;-25.755
2016-09-02;116.781;0.447;-26.883;-25.75
2016-09-05;116.905;0.441;-26.865;-25.709
2016-09-06;117.868;0.392;-26.836;-25.577
2016-09-07;117.891;0.391;-27.05;-25.759
2016-09-08;116.74;0.448;-26.859;-25.738
2016-09-09;115.37;0.518;-26.946;-26.009
2016-09-12;114.997;0.537;-26.989;-26.107
2016-09-13;114.498;0.563;-26.622;-25.815
2016-09-14;115.088;0.532;-26.913;-26.038
2016-09-15;114.664;0.554;-26.754;-25.94
2016-09-16;114.994;0.537;-26.634;-25.774
2016-09-19;114.877;0.543;-26.584;-25.735
2016-09-20;115.762;0.497;-26.33;-25.381
2016-09-21;115.298;0.521;-26.608;-25.707
2016-09-22;117.213;0.423;-26.574;-25.383
2016-09-23;117.083;0.429;-26.663;-25.479
2016-09-26;117.517;0.407;-26.72;-25.494
2016-09-27;117.583;0.404;-26.87;-25.618
2016-09-28;117.786;0.393;-27.162;-25.871
2016-09-29;117.389;0.413;-26.957;-25.72
2016-09-30;117.27;0.419;-26.868;-25.639
2016-10-03;116.786;0.443;-26.677;-25.503
2016-10-04;116.213;0.472;-26.867;-25.754
2016-10-05;114.88;0.541;-25.969;-25.1
2016-10-06;115.144;0.527;-26.216;-25.34
2016-10-07;114.25;0.573;-26.287;-25.509
2016-10-10;113.196;0.629;-25.838;-25.248
2016-10-11;113.934;0.59;-25.766;-25.11
2016-10-12;113.391;0.618;-26.069;-25.425
2016-10-13;113.949;0.588;-25.694;-24.987
2016-10-14;113.515;0.611;-25.922;-25.26
2016-10-17;113.593;0.607;-25.658;-25.014
2016-10-18;114.04;0.583;-25.265;-24.568
2016-10-19;114.204;0.575;-25.443;-24.657
2016-10-20;114.794;0.544;-25.77;-24.899
2016-10-21;114.587;0.554;-25.622;-24.753
2016-10-24;114.124;0.578;-25.553;-24.806
2016-10-25;114.227;0.573;-25.334;-24.559
2016-10-26;113.167;0.629;-24.777;-24.162
2016-10-27;111.819;0.7;-25.362;-24.895
2016-10-28;112.031;0.689;-24.426;-23.972
2016-10-31;112.206;0.679;-24.636;-24.135
2016-11-01;111.701;0.706;-24.622;-24.196
2016-11-02;112.34;0.672;-24.34;-23.812
2016-11-03;111.738;0.704;-24.384;-23.927
2016-11-04;112.148;0.682;-24.278;-23.773
2016-11-07;111.854;0.697;-24.321;-23.851
2016-11-08;111.225;0.731;-24.102;-23.729
2016-11-09;110.624;0.764;-24.264;-23.923
2016-11-10;109.123;0.846;-24.466;-24.376
2016-11-11;108.798;0.864;-24.189;-24.165
2016-11-14;108.316;0.89;-24.228;-24.284
2016-11-15;108.494;0.88;-24.05;-24.163
2016-11-16;108.464;0.882;-22.518;-22.498
2016-11-17;108.566;0.876;-22.423;-22.431
2016-11-18;108.409;0.885;-21.597;-21.615
2016-11-21;108.418;0.884;-21.423;-21.451
2016-11-22;108.914;0.857;-20.526;-20.494
2016-11-23;108.153;0.899;-18.034;-18.069
2016-11-24;107.77;0.92;-17.189;-17.269
2016-11-25;107.404;0.941;-15.167;-15.241
2016-11-28;107.833;0.916;-14.138;-14.087
2016-11-29;107.736;0.922;-13.902;-13.963
2016-11-30;106.634;0.984;-15.093;-15.265
2016-12-01;105.074;1.073;-15.02;-15.346
2016-12-02;106.619;0.985;-14.752;-14.926
2016-12-05;106.007;1.02;-14.802;-15.03
2016-12-06;105.191;1.066;-14.979;-15.281
2016-12-07;105.613;1.042;-15.275;-15.555
2016-12-08;104.679;1.096;-15.488;-15.922
2016-12-09;104.317;1.117;-15.573;-16.001
2016-12-12;103.463;1.167;-15.571;-16.145
2016-12-13;104.292;1.118;-15.079;-15.524
2016-12-14;105.279;1.061;-15.387;-15.704
2016-12-15;104.257;1.12;-15.158;-15.604
2016-12-16;105.194;1.066;-15.165;-15.52
2016-12-19;106.332;1.0;-15.16;-15.396
2016-12-20;105.914;1.024;-14.912;-15.165
2016-12-21;106.324;1.001;-15.164;-15.393
2016-12-22;105.806;1.03;-15.287;-15.557
2016-12-23;106.392;0.997;-14.958;-15.18
2016-12-27;106.399;0.996;-14.371;-14.562
2016-12-28;106.621;0.983;-15.155;-15.444
2016-12-29;107.195;0.951;-14.836;-14.983
2016-12-30;106.721;0.977;-15.931;-16.149
2017-01-02;106.674;0.98;-15.212;-15.437
2017-01-03;105.858;1.027;-15.059;-15.355
2017-01-04;105.658;1.038;-14.769;-15.105
2017-01-05;106.372;0.997;-14.774;-15.016
2017-01-06;105.312;1.058;-14.907;-15.242
2017-01-09;105.661;1.038;-14.452;-14.752
2017-01-10;105.592;1.042;-14.302;-14.607
2017-01-11;106.188;1.007;-13.949;-14.214
2017-01-12;106.091;1.013;-14.194;-14.474
2017-01-13;105.618;1.04;-14.258;-14.612
2017-01-16;105.672;1.037;-14.105;-14.418
2017-01-17;105.549;1.044;-13.488;-13.808
2017-01-18;105.059;1.072;-13.947;-14.305
2017-01-19;104.362;1.113;-13.565;-13.984
2017-01-20;103.564;1.16;-13.618;-14.103
2017-01-23;104.482;1.106;-13.156;-13.573
2017-01-24;103.766;1.148;-13.404;-13.862
2017-01-25;103.01;1.193;-13.23;-13.76
2017-01-26;102.657;1.214;-13.301;-13.861
2017-01-27;103.116;1.186;-13.234;-13.745
2017-01-30;103.207;1.181;-13.295;-13.8
2017-01-31;103.318;1.174;-13.077;-13.563
2017-02-01;102.651;1.214;-13.09;-13.63
2017-02-02;103.344;1.173;-13.004;-13.522
2017-02-03;103.352;1.172;-13.002;-13.486
2017-02-06;103.581;1.158;-13.168;-13.634
2017-02-07;103.746;1.149;-12.947;-13.386
2017-02-08;104.627;1.097;-12.342;-12.715
2017-02-09;104.518;1.103;-12.64;-13.03
2017-02-10;103.953;1.136;-12.769;-13.201
2017-02-13;103.556;1.16;-12.816;-13.279
2017-02-14;102.897;1.199;-12.744;-13.283
2017-02-15;102.953;1.196;-12.392;-12.917
2017-02-16;103.663;1.153;-12.218;-12.654
2017-02-17;104.137;1.125;-12.284;-12.695
2017-02-20;103.997;1.133;-12.573;-13.001
2017-02-21;103.802;1.145;-12.717;-13.15
2017-02-22;104.16;1.124;-13.156;-13.472
2017-02-23;104.934;1.078;-13.285;-13.657
2017-02-24;105.777;1.029;-13.388;-13.676
2017-02-27;105.822;1.026;-13.3;-13.55
2017-02-28;105.771;1.029;-13.578;-13.885
2017-03-01;105.033;1.072;-13.581;-13.956
2017-03-02;104.129;1.125;-13.98;-14.452
2017-03-03;103.544;1.16;-14.338;-14.863
2017-03-06;103.726;1.149;-13.927;-14.392
2017-03-07;103.84;1.142;-14.245;-14.735
2017-03-08;103.351;1.171;-14.161;-14.684
2017-03-09;102.388;1.229;-14.52;-15.132
2017-03-10;101.881;1.26;-14.99;-15.658
2017-03-13;102.412;1.227;-15.156;-15.778
2017-03-14;103.074;1.188;-15.884;-16.472
2017-03-15;103.531;1.16;-16.129;-16.719
2017-03-16;103.165;1.182;-16.366;-16.968
2017-03-17;103.752;1.147;-16.21;-16.716
2017-03-20;103.529;1.16;-16.041;-16.557
2017-03-21;103.446;1.165;-16.004;-16.518
2017-03-22;104.022;1.131;-15.633;-16.094
2017-03-23;103.667;1.152;-15.381;-15.851
2017-03-24;103.956;1.135;-15.395;-15.859
2017-03-27;104.301;1.114;-15.065;-15.496
2017-03-28;104.479;1.104;-15.047;-15.476
2017-03-29;104.594;1.097;-14.913;-15.351
2017-03-30;104.608;1.096;-14.494;-14.904
2017-03-31;104.521;1.101;-14.866;-15.314
2017-04-03;105.076;1.068;-14.731;-15.26
2017-04-04;105.096;1.067;-14.821;-15.193
2017-04-05;105.066;1.069;-14.817;-15.192
2017-04-06;105.136;1.065;-14.959;-15.259
2017-04-07;105.608;1.037;-14.727;-15.189
2017-04-10;105.853;1.023;-15.187;-15.472
2017-04-11;105.939;1.018;-14.903;-15.19
2017-04-12;106.127;1.006;-15.031;-15.12
2017-04-13;106.454;0.987;-15.052;-15.275
2017-04-18;107.165;0.946;-15.39;-15.524
2017-04-19;106.618;0.978;-15.2;-15.384
2017-04-20;105.971;1.015;-15.176;-15.27
2017-04-21;105.458;1.045;-15.308;-15.614
2017-04-24;104.721;1.088;-15.445;-15.858
2017-04-25;103.863;1.139;-15.096;-15.57
2017-04-26;104.081;1.126;-15.32;-15.776
2017-04-27;104.711;1.089;-15.47;-15.891
2017-04-28;104.284;1.114;-15.695;-16.179
2017-05-02;104.145;1.122;-15.912;-16.431
2017-05-03;104.293;1.114;-15.962;-16.465
2017-05-04;103.326;1.171;-16.265;-16.713
2017-05-05;103.161;1.181;-15.854;-16.454
2017-05-08;103.289;1.173;-16.249;-16.834
2017-05-09;103.056;1.187;-15.866;-16.495
2017-05-10;103.453;1.163;-16.094;-16.67
2017-05-11;103.354;1.169;-15.515;-16.077
2017-05-12;103.822;1.141;-15.254;-15.761
2017-05-15;103.303;1.172;-15.42;-15.991
2017-05-16;103.15;1.182;-15.329;-15.91
2017-05-17;103.723;1.147;-14.788;-15.287
2017-05-18;104.069;1.126;-14.943;-15.413
2017-05-19;103.69;1.149;-15.127;-15.637
2017-05-22;103.185;1.179;-15.147;-15.718
2017-05-23;102.977;1.192;-14.811;-15.392
2017-05-24;102.954;1.193;-14.97;-15.571
2017-05-25;103.452;1.163;-15.199;-15.746
2017-05-26;103.907;1.136;-14.796;-15.275
2017-05-29;104.126;1.123;-15.237;-15.725
2017-05-30;104.088;1.125;-14.933;-15.584
2017-05-31;103.896;1.136;-15.121;-15.632
2017-06-01;103.732;1.146;-15.037;-15.55
2017-06-02;103.856;1.139;-15.118;-15.633
2017-06-05;103.643;1.151;-14.793;-15.382
2017-06-06;104.097;1.124;-14.974;-15.455
2017-06-07;104.048;1.127;-14.892;-15.376
2017-06-08;104.281;1.113;-15.18;-15.658
2017-06-09;104.147;1.121;-15.384;-15.892
2017-06-12;104.34;1.109;-15.659;-16.045
2017-06-13;104.071;1.125;-15.647;-16.131
2017-06-14;104.812;1.081;-15.639;-16.081
2017-06-15;104.34;1.109;-15.916;-16.416
2017-06-16;104.333;1.11;-15.586;-16.309
2017-06-19;104.438;1.103;-15.685;-16.168
2017-06-20;104.82;1.08;-15.574;-16.011
2017-06-21;105.145;1.061;-15.608;-15.968
2017-06-22;105.5;1.04;-15.554;-15.905
2017-06-23;105.161;1.06;-15.711;-16.095
2017-06-26;105.197;1.058;-15.539;-15.865
2017-06-27;103.614;1.152;-15.416;-15.929
2017-06-28;103.839;1.139;-15.605;-16.125
2017-06-29;102.656;1.21;-15.461;-16.266
2017-06-30;102.416;1.225;-15.391;-16.02
2017-07-03;101.991;1.251;-15.207;-15.872
2017-07-04;101.58;1.276;-15.078;-15.806
2017-07-05;101.66;1.272;-15.131;-15.867
2017-07-06;100.769;1.327;-15.423;-16.164
2017-07-07;100.439;1.347;-15.183;-16.022
2017-07-10;100.966;1.315;-14.464;-15.338
2017-07-11;100.861;1.321;-14.105;-14.84
2017-07-12;101.285;1.295;-13.726;-14.42
2017-07-13;100.949;1.316;-13.533;-14.241
2017-07-14;101.012;1.312;-13.491;-14.193
2017-07-17;101.126;1.305;-13.42;-14.19
2017-07-18;101.343;1.291;-13.443;-14.119
2017-07-19;101.675;1.27;-13.341;-13.971
2017-07-20;101.475;1.283;-13.479;-14.146
2017-07-21;101.649;1.272;-13.295;-13.989
2017-07-24;101.652;1.272;-13.33;-13.979
2017-07-25;100.925;1.317;-13.397;-14.147
2017-07-26;100.933;1.316;-13.366;-14.091
2017-07-27;101.048;1.309;-13.631;-14.367
2017-07-28;100.83;1.323;-13.642;-14.4
2017-07-31;100.887;1.319;-13.438;-14.177
2017-08-01;101.759;1.265;-13.187;-13.821
2017-08-02;101.836;1.26;-13.596;-14.202
2017-08-03;102.237;1.235;-13.386;-13.981
2017-08-04;102.079;1.245;-13.602;-14.225
2017-08-07;102.166;1.24;-13.317;-13.923
2017-08-08;101.994;1.25;-13.16;-13.873
2017-08-09;102.606;1.213;-13.358;-13.935
2017-08-10;102.86;1.197;-13.376;-13.937
2017-08-11;103.357;1.167;-13.68;-14.303
2017-08-14;102.874;1.196;-13.564;-14.132
2017-08-15;102.607;1.213;-13.531;-14.118
2017-08-16;102.356;1.228;-13.726;-14.346
2017-08-17;102.752;1.204;-13.862;-14.462
2017-08-18;102.993;1.189;-14.018;-14.596
2017-08-21;103.083;1.183;-13.842;-14.405
2017-08-22;103.088;1.183;-13.978;-14.538
2017-08-23;103.314;1.169;-13.999;-14.538
2017-08-24;103.267;1.172;-13.992;-14.532
2017-08-25;103.117;1.181;-14.004;-14.571
2017-08-28;103.111;1.181;-14.267;-14.84
2017-08-29;103.697;1.146;-14.181;-14.695
2017-08-30;103.57;1.153;-14.099;-14.615
2017-08-31;103.578;1.153;-14.095;-14.617
2017-09-01;103.174;1.177;-14.135;-14.675
2017-09-04;103.35;1.166;-14.322;-14.836
2017-09-05;103.795;1.139;-14.164;-14.629
2017-09-06;103.689;1.146;-14.476;-14.926
2017-09-07;103.841;1.136;-14.433;-14.953
2017-09-08;103.695;1.145;-14.732;-15.267
2017-09-11;103.374;1.165;-14.562;-15.139
2017-09-12;102.487;1.219;-14.923;-15.608
2017-09-13;102.671;1.208;-14.956;-15.627
2017-09-14;102.474;1.22;-15.105;-15.79
2017-09-15;102.191;1.237;-15.052;-15.757
2017-09-18;101.869;1.257;-15.168;-15.912
2017-09-19;102.023;1.248;-15.339;-16.069
2017-09-20;102.317;1.23;-15.348;-16.053
2017-09-21;102.173;1.238;-15.476;-16.19
2017-09-22;102.264;1.233;-15.468;-16.177
2017-09-25;102.69;1.206;-15.313;-15.988
2017-09-26;102.618;1.211;-15.584;-16.267
2017-09-27;101.838;1.259;-15.398;-16.141
2017-09-28;101.585;1.275;-15.609;-16.409
2017-09-29;101.87;1.257;-15.688;-16.439
2017-10-02;101.985;1.25;-15.867;-16.619
2017-10-03;101.768;1.263;-15.834;-16.619
2017-10-04;101.944;1.253;-16.21;-16.975
2017-10-05;102.048;1.246;-16.352;-17.05
2017-10-06;101.927;1.253;-16.226;-17.003
2017-10-09;102.246;1.234;-16.129;-16.863
2017-10-10;102.271;1.232;-16.277;-17.023
2017-10-11;101.986;1.25;-16.434;-17.092
2017-10-12;102.196;1.237;-16.275;-17.028
2017-10-13;102.559;1.214;-16.375;-16.969
2017-10-16;103.105;1.18;-16.34;-17.01
2017-10-17;103.334;1.166;-16.66;-17.304
2017-10-18;103.016;1.186;-16.723;-17.404
2017-10-19;102.992;1.187;-16.85;-17.544
2017-10-20;102.157;1.239;-16.825;-17.592
2017-10-23;102.551;1.214;-16.746;-17.487
2017-10-24;102.048;1.246;-16.903;-17.693
2017-10-25;101.828;1.259;-16.96;-17.762
2017-10-26;102.496;1.218;-16.947;-17.714
2017-10-27;102.528;1.216;-16.701;-17.458
2017-10-30;102.976;1.188;-17.095;-17.611
2017-10-31;103.195;1.174;-17.096;-17.587
2017-11-01;103.008;1.186;-17.072;-17.781
2017-11-02;103.063;1.182;-17.177;-17.723
2017-11-03;103.213;1.173;-17.065;-17.745
2017-11-06;103.588;1.15;-17.153;-17.788
2017-11-07;103.619;1.148;-17.202;-17.845
2017-11-08;103.652;1.146;-17.107;-17.742
2017-11-09;102.938;1.19;-17.224;-17.959
2017-11-10;102.456;1.22;-17.443;-18.139
2017-11-13;102.449;1.22;-17.379;-18.178
2017-11-14;102.723;1.203;-17.208;-17.976
2017-11-15;103.027;1.184;-17.263;-17.986
2017-11-16;103.106;1.179;-17.43;-18.148
2017-11-17;103.361;1.164;-17.634;-18.321
2017-11-20;103.433;1.159;-17.955;-18.646
2017-11-21;103.877;1.132;-18.073;-18.713
2017-11-22;104.102;1.118;-18.25;-18.831
2017-11-23;104.258;1.108;-18.119;-18.723
2017-11-24;104.052;1.121;-18.225;-18.839
2017-11-27;104.289;1.106;-18.216;-18.812
2017-11-28;104.251;1.109;-18.337;-18.941
2017-11-29;103.771;1.138;-18.522;-19.168
2017-11-30;104.04;1.121;-18.512;-19.128
2017-12-01;104.882;1.07;-18.344;-18.83
2017-12-04;104.484;1.094;-18.34;-18.907
2017-12-05;104.94;1.066;-18.667;-19.165
2017-12-06;105.221;1.049;-18.611;-19.073
2017-12-07;104.859;1.071;-18.538;-19.057
2017-12-08;104.647;1.084;-18.452;-18.999
2017-12-11;105.003;1.062;-18.747;-19.239
2017-12-12;104.621;1.085;-18.718;-19.266
2017-12-13;104.636;1.084;-18.616;-19.151
2017-12-14;104.947;1.065;-18.549;-19.049
2017-12-15;105.215;1.049;-18.557;-19.009
2017-12-18;105.019;1.061;-18.446;-18.918
2017-12-19;104.065;1.119;-18.562;-19.152
2017-12-20;103.689;1.142;-18.834;-19.462
2017-12-21;103.611;1.147;-18.6;-19.239
2017-12-22;103.544;1.151;-18.962;-19.605
2017-12-27;104.044;1.12;-18.455;-19.021
2017-12-28;103.684;1.142;-18.507;-19.126
2017-12-29;103.617;1.146;-18.77;-19.401
2018-01-02;103.003;1.185;-18.531;-19.25
2018-01-03;103.327;1.164;-17.889;-18.529
2018-01-04;103.38;1.161;-16.715;-17.291
2018-01-05;103.195;1.172;-16.424;-17.027
2018-01-08;103.301;1.166;-16.211;-16.789
2018-01-09;102.689;1.204;-16.118;-16.778
2018-01-10;102.509;1.215;-16.55;-17.241
2018-01-11;102.238;1.232;-16.436;-17.12
2018-01-12;102.272;1.23;-16.551;-17.231
2018-01-15;102.108;1.24;-16.383;-17.067
2018-01-16;102.615;1.208;-16.25;-16.885
2018-01-17;102.672;1.205;-16.118;-16.738
2018-01-18;102.374;1.224;-15.827;-16.459
2018-01-19;102.094;1.241;-15.997;-16.672
2018-01-22;102.079;1.242;-15.856;-16.523
2018-01-23;102.176;1.236;-15.848;-16.503
2018-01-24;101.81;1.259;-15.629;-16.31
2018-01-25;101.96;1.249;-15.903;-16.556
2018-01-26;102.118;1.239;-15.703;-16.31
2018-01-29;101.153;1.301;-15.832;-16.563
2018-01-30;101.118;1.303;-15.57;-16.303
2018-01-31;101.207;1.297;-14.825;-15.5
2018-02-01;100.582;1.337;-14.19;-14.889
2018-02-02;99.896;1.382;-13.802;-14.558
2018-02-05;100.119;1.367;-14.341;-15.102
2018-02-06;100.8;1.323;-14.132;-14.814
2018-02-07;100.31;1.355;-14.161;-14.879
2018-02-08;100.033;1.373;-14.349;-15.118
2018-02-09;100.141;1.366;-15.012;-15.795
2018-02-12;99.699;1.394;-15.207;-16.066
2018-02-13;99.659;1.397;-15.72;-16.629
2018-02-14;99.585;1.402;-15.858;-16.789
2018-02-15;99.501;1.407;-15.96;-16.889
2018-02-16;100.101;1.368;-16.04;-16.917
2018-02-19;99.646;1.398;-16.386;-17.349
2018-02-20;99.616;1.4;-16.482;-17.462
2018-02-21;99.996;1.375;-16.566;-17.49
2018-02-22;100.06;1.371;-16.919;-17.857
2018-02-23;100.761;1.326;-17.328;-18.205
2018-02-26;100.892;1.317;-17.327;-18.193
2018-02-27;100.762;1.326;-17.512;-18.384
2018-02-28;100.98;1.312;-17.432;-18.297
2018-03-01;101.072;1.306;-17.336;-18.18
2018-03-02;100.997;1.31;-17.336;-18.193
2018-03-05;100.964;1.313;-17.285;-18.13
2018-03-06;100.729;1.328;-17.226;-18.088
2018-03-07;101.133;1.302;-17.325;-18.158
2018-03-08;101.417;1.283;-17.319;-18.102
2018-03-09;101.148;1.301;-17.123;-17.956
2018-03-12;101.348;1.288;-17.403;-18.215
2018-03-13;101.43;1.283;-17.226;-18.015
2018-03-14;101.753;1.262;-17.266;-18.012
2018-03-15;102.131;1.238;-17.414;-18.118
2018-03-16;102.155;1.236;-17.292;-17.997
2018-03-19;102.211;1.233;-17.521;-18.211
2018-03-20;102.084;1.241;-17.499;-18.205
2018-03-21;101.975;1.248;-17.694;-18.419
2018-03-22;102.635;1.206;-17.503;-18.18
2018-03-23;102.619;1.207;-17.799;-18.484
2018-03-26;102.657;1.204;-17.814;-18.483
2018-03-27;103.009;1.182;-17.753;-18.371
2018-03-28;103.09;1.177;-17.993;-18.624
2018-03-29;102.97;1.184;-17.961;-18.615
2018-04-03;103.208;1.169;-17.97;-18.575
2018-04-04;103.306;1.163;-18.194;-18.796
2018-04-05;102.898;1.189;-18.291;-18.967
2018-04-06;103.208;1.169;-18.202;-18.828
2018-04-09;103.191;1.17;-18.229;-18.862
2018-04-10;103.323;1.162;-18.217;-18.814
2018-04-11;103.55;1.147;-18.637;-19.224
2018-04-12;103.187;1.17;-18.51;-19.151
2018-04-13;103.222;1.168;-18.605;-19.237
2018-04-16;103.042;1.179;-18.746;-19.425
2018-04-17;103.338;1.161;-18.58;-19.194
2018-04-18;103.224;1.168;-18.446;-19.075
2018-04-19;102.416;1.219;-18.562;-19.294
2018-04-20;102.252;1.229;-18.197;-18.937
2018-04-23;101.714;1.264;-17.725;-18.508
2018-04-24;101.779;1.26;-17.911;-18.677
2018-04-25;101.707;1.264;-17.814;-18.597
2018-04-26;102.203;1.232;-17.771;-18.49
2018-04-27;102.42;1.218;-17.806;-18.511
2018-04-30;102.47;1.215;-17.692;-18.399
2018-05-02;102.174;1.234;-17.556;-18.28
2018-05-03;102.746;1.198;-17.473;-18.159
2018-05-04;102.708;1.2;-17.512;-18.204
2018-05-07;102.882;1.189;-17.261;-17.904
2018-05-08;102.393;1.22;-17.51;-18.218
2018-05-09;102.39;1.22;-17.531;-18.242
2018-05-10;102.343;1.223;-17.293;-17.973
2018-05-11;102.306;1.225;-17.642;-18.339
2018-05-14;101.793;1.258;-17.69;-18.428
2018-05-15;101.269;1.292;-17.627;-18.446
2018-05-16;101.434;1.281;-17.492;-18.284
2018-05-17;100.883;1.317;-17.459;-18.327
2018-05-18;101.504;1.277;-17.53;-18.313
2018-05-21;102.036;1.243;-18.025;-18.757
2018-05-22;101.595;1.271;-17.365;-18.137
2018-05-23;102.013;1.244;-17.584;-18.31
2018-05-24;102.444;1.216;-17.072;-17.737
2018-05-25;103.04;1.178;-16.922;-17.504
2018-05-28;103.588;1.144;-17.222;-17.747
2018-05-29;103.911;1.123;-17.466;-17.946
2018-05-30;103.007;1.18;-16.937;-17.521
2018-05-31;103.667;1.138;-17.711;-18.245
2018-06-01;103.308;1.161;-17.489;-18.06
2018-06-04;102.955;1.184;-17.853;-18.514
2018-06-05;103.154;1.171;-17.789;-18.406
2018-06-06;102.311;1.225;-18.045;-18.76
2018-06-07;102.005;1.244;-18.14;-18.892
2018-06-08;102.305;1.225;-18.2;-18.909
2018-06-11;102.095;1.238;-17.909;-18.641
2018-06-12;102.302;1.225;-18.198;-18.9
2018-06-13;102.451;1.216;-18.328;-19.03
2018-06-14;102.758;1.196;-17.924;-18.643
2018-06-15;103.079;1.175;-18.099;-18.786
2018-06-18;103.167;1.17;-18.111;-18.798
2018-06-19;103.656;1.139;-17.892;-18.5
2018-06-20;103.419;1.154;-18.02;-18.637
2018-06-21;103.532;1.146;-18.042;-18.648
2018-06-22;103.457;1.151;-18.124;-18.745
2018-06-25;103.513;1.147;-18.247;-18.882
2018-06-26;103.293;1.161;-18.125;-18.77
2018-06-27;103.721;1.134;-18.129;-18.725
2018-06-28;103.927;1.121;-18.249;-18.833
2018-06-29;104.14;1.108;-18.524;-19.097
2018-07-02;103.964;1.119;-18.153;-18.728
2018-07-03;104.161;1.106;-18.245;-18.8
2018-07-04;104.134;1.108;-18.195;-18.754
2018-07-05;104.282;1.098;-18.25;-18.794
2018-07-06;104.22;1.102;-18.158;-18.714
2018-07-09;104.152;1.106;-17.829;-18.377
2018-07-10;103.832;1.127;-17.738;-18.304
2018-07-11;103.931;1.12;-17.923;-18.486
2018-07-12;103.972;1.118;-17.704;-18.257
2018-07-13;104.088;1.11;-17.909;-18.465
2018-07-16;103.849;1.125;-18.108;-18.682
2018-07-17;104.087;1.11;-18.066;-18.62
2018-07-18;104.116;1.108;-17.819;-18.368
2018-07-19;104.189;1.104;-18.067;-18.616
2018-07-20;103.779;1.13;-18.141;-18.724
2018-07-23;103.434;1.152;-18.248;-18.867
2018-07-24;103.651;1.138;-18.14;-18.726
2018-07-25;103.76;1.131;-18.039;-18.606
2018-07-26;103.584;1.142;-18.526;-19.127
2018-07-27;103.51;1.147;-18.489;-19.098
2018-07-30;103.029;1.177;-18.426;-19.109
2018-07-31;103.141;1.17;-18.385;-19.045
2018-08-01;102.852;1.189;-18.567;-19.273
2018-08-02;102.911;1.185;-18.434;-19.123
2018-08-03;103.45;1.15;-18.818;-19.45
2018-08-06;103.637;1.138;-18.523;-19.121
2018-08-07;103.376;1.155;-18.633;-19.265
2018-08-08;103.337;1.157;-18.668;-19.311
2018-08-09;103.489;1.147;-18.552;-19.179
2018-08-10;104.133;1.106;-18.521;-19.085
2018-08-13;104.156;1.105;-18.465;-19.028
2018-08-14;104.042;1.112;-18.576;-19.156
2018-08-15;104.312;1.095;-18.55;-19.103
2018-08-16;104.175;1.103;-18.475;-19.045
2018-08-17;104.333;1.093;-18.309;-18.845
2018-08-20;104.375;1.091;-18.482;-19.03
2018-08-21;104.152;1.105;-18.428;-18.99
2018-08-22;104.141;1.105;-18.435;-19.007
2018-08-23;104.128;1.106;-18.712;-19.281
2018-08-24;104.068;1.11;-18.497;-19.067
2018-08-27;103.766;1.129;-18.413;-19.006
2018-08-28;103.725;1.132;-18.451;-19.048
2018-08-29;103.435;1.15;-18.302;-18.941
2018-08-30;103.935;1.118;-18.373;-18.93
2018-08-31;104.136;1.105;-18.224;-18.766
2018-09-03;104.06;1.11;-18.271;-18.823
2018-09-04;103.919;1.119;-18.216;-18.775
2018-09-05;103.744;1.13;-18.552;-19.126
2018-09-06;103.872;1.122;-18.167;-18.725
2018-09-07;103.516;1.145;-18.197;-18.792
2018-09-10;103.345;1.156;-18.121;-18.735
2018-09-11;102.992;1.178;-18.116;-18.784
2018-09-12;103.218;1.164;-18.017;-18.65
2018-09-13;103.122;1.17;-17.915;-18.558
2018-09-14;102.876;1.186;-17.953;-18.636
2018-09-17;102.877;1.186;-18.054;-18.735
2018-09-18;102.653;1.2;-17.879;-18.586
2018-09-19;102.362;1.219;-17.617;-18.332
2018-09-20;102.334;1.221;-17.071;-17.771
2018-09-21;102.435;1.214;-16.86;-17.551
2018-09-24;102.09;1.237;-16.549;-17.23
2018-09-25;101.669;1.264;-16.773;-17.503
2018-09-26;101.908;1.249;-16.968;-17.672
2018-09-27;102.074;1.238;-16.917;-17.603
2018-09-28;102.499;1.21;-16.939;-17.588
2018-10-01;102.209;1.229;-16.884;-17.554
2018-10-02;102.58;1.205;-16.723;-17.36
2018-10-03;102.172;1.231;-16.371;-17.02
2018-10-04;101.643;1.266;-16.768;-17.497
2018-10-05;101.068;1.304;-16.764;-17.577
2018-10-08;101.397;1.282;-16.742;-17.501
2018-10-09;101.216;1.294;-16.722;-17.51
2018-10-10;101.147;1.298;-16.642;-17.437
2018-10-11;101.458;1.278;-16.887;-17.651
2018-10-12;101.601;1.268;-16.605;-17.342
2018-10-15;101.492;1.276;-16.848;-17.614
2018-10-16;101.726;1.26;-16.687;-17.425
2018-10-17;102.104;1.235;-16.586;-17.282
2018-10-18;102.334;1.22;-16.745;-17.421
2018-10-19;102.004;1.242;-16.425;-17.12
2018-10-22;102.183;1.23;-16.664;-17.353
2018-10-23;102.671;1.198;-16.642;-17.289
2018-10-24;102.586;1.204;-16.615;-17.272
2018-10-25;102.555;1.206;-16.522;-17.168
2018-10-26;103.185;1.165;-16.523;-17.095
2018-10-29;102.891;1.184;-16.511;-17.141
2018-10-30;102.941;1.18;-16.587;-17.212
2018-10-31;102.822;1.188;-16.299;-16.904
2018-11-01;102.671;1.198;-16.537;-17.182
2018-11-02;102.502;1.209;-16.506;-17.178
2018-11-05;102.56;1.205;-16.441;-17.116
2018-11-06;102.481;1.21;-16.44;-17.12
2018-11-07;102.366;1.218;-16.42;-17.092
2018-11-08;102.233;1.226;-16.334;-17.015
2018-11-09;102.71;1.195;-16.483;-17.128
2018-11-12;102.735;1.193;-16.308;-16.939
2018-11-13;102.639;1.2;-16.362;-17.014
2018-11-14;102.721;1.194;-16.279;-16.906
2018-11-15;102.941;1.18;-15.617;-16.199
2018-11-16;102.852;1.186;-15.408;-15.982
2018-11-19;102.764;1.191;-15.079;-15.657
2018-11-20;103.077;1.171;-14.928;-15.459
2018-11-21;102.881;1.184;-14.697;-15.242
2018-11-22;102.962;1.178;-14.483;-15.017
2018-11-23;103.282;1.157;-14.341;-14.823
2018-11-26;103.056;1.172;-14.047;-14.551
2018-11-27;103.043;1.173;-13.898;-14.405
2018-11-28;103.021;1.174;-13.9;-14.415
2018-11-29;103.339;1.153;-13.811;-14.291
2018-11-30;103.391;1.15;-13.869;-14.344
2018-12-03;103.428;1.148;-13.604;-14.064
2018-12-04;103.963;1.113;-13.574;-13.991
2018-12-05;103.648;1.133;-13.614;-14.039
2018-12-06;103.986;1.111;-13.499;-13.901
2018-12-07;103.899;1.117;-13.505;-13.915
2018-12-10;104.027;1.108;-13.684;-14.092
2018-12-11;103.901;1.117;-13.606;-14.009
2018-12-12;103.616;1.135;-13.58;-13.99
2018-12-13;103.502;1.142;-13.321;-13.733
2018-12-14;103.737;1.127;-13.399;-13.819
2018-12-17;103.642;1.133;-13.445;-13.871
2018-12-18;103.971;1.112;-13.385;-13.787
2018-12-19;104.19;1.098;-13.337;-13.722
2018-12-20;104.534;1.075;-13.258;-13.603
2018-12-21;104.103;1.103;-13.098;-13.494
2018-12-24;104.159;1.099;-13.262;-13.649
2018-12-27;104.374;1.085;-13.404;-13.791
2018-12-28;104.424;1.082;-13.13;-13.502
2018-12-31;104.437;1.081;-13.136;-13.5
2019-01-02;105.333;1.023;-12.865;-13.147
2019-01-03;105.208;1.031;-12.214;-12.489
2019-01-04;104.465;1.079;-11.947;-12.278
2019-01-07;104.205;1.096;-11.106;-11.443
2019-01-08;103.716;1.128;-9.263;-9.554
2019-01-09;103.537;1.139;-9.211;-9.506
2019-01-10;103.616;1.134;-9.263;-9.565
2019-01-11;103.744;1.126;-9.182;-9.478
2019-01-14;103.914;1.114;-9.434;-9.739
2019-01-15;104.078;1.104;-9.495;-9.801
2019-01-16;103.739;1.126;-7.829;-8.084
2019-01-17;103.764;1.124;-8.097;-8.357
2019-01-18;103.517;1.14;-8.168;-8.438
2019-01-21;103.645;1.132;-8.284;-8.55
2019-01-22;103.983;1.11;-8.447;-8.709
2019-01-23;104.326;1.087;-8.291;-8.526
2019-01-24;104.92;1.049;-8.257;-8.446
2019-01-25;105.035;1.041;-8.376;-8.554
2019-01-28;104.884;1.051;-8.559;-8.752
2019-01-29;105.096;1.037;-8.622;-8.808
2019-01-30;105.401;1.018;-8.668;-8.846
2019-01-31;106.099;0.973;-8.278;-8.406
2019-02-01;105.482;1.012;-8.414;-8.59
2019-02-04;105.405;1.017;-8.472;-8.651
2019-02-05;105.463;1.013;-8.445;-8.623
2019-02-06;105.687;0.999;-8.551;-8.726
2019-02-07;106.146;0.969;-8.767;-8.908
2019-02-08;106.667;0.936;-8.798;-8.907
2019-02-11;106.264;0.962;-8.785;-8.917
2019-02-12;106.065;0.974;-8.809;-8.962
2019-02-13;106.089;0.973;-8.849;-8.995
2019-02-14;106.344;0.956;-8.889;-9.022
2019-02-15;106.332;0.957;-9.187;-9.321
2019-02-18;106.169;0.967;-9.315;-9.467
2019-02-19;106.381;0.954;-9.354;-9.49
2019-02-20;106.643;0.937;-9.313;-9.429
2019-02-21;106.314;0.958;-9.321;-9.452
2019-02-22;106.675;0.935;-9.103;-9.219
2019-02-25;106.544;0.943;-9.504;-9.637
2019-02-26;106.469;0.948;-9.494;-9.636
2019-02-27;106.078;0.973;-9.957;-10.137
2019-02-28;105.618;1.002;-9.903;-10.12
2019-03-01;105.553;1.006;-10.145;-10.357
2019-03-04;105.913;0.983;-10.397;-10.579
2019-03-05;105.883;0.985;-10.496;-10.69
2019-03-06;106.459;0.948;-10.629;-10.779
2019-03-07;107.509;0.881;-10.594;-10.698
2019-03-08;108.084;0.845;-10.807;-10.861
2019-03-11;107.919;0.855;-10.688;-10.751
2019-03-12;107.864;0.858;-10.615;-10.679
2019-03-13;107.713;0.868;-10.662;-10.735
2019-03-14;107.531;0.879;-10.644;-10.727
2019-03-15;107.529;0.879;-10.413;-10.494
2019-03-18;107.794;0.862;-10.635;-10.697
2019-03-19;107.613;0.874;-10.856;-10.959
2019-03-20;107.751;0.865;-10.667;-10.745
2019-03-21;108.444;0.821;-10.572;-10.619
2019-03-22;109.525;0.753;-10.529;-10.476
2019-03-25;109.819;0.735;-10.693;-10.625
2019-03-26;109.712;0.742;-10.748;-10.678
2019-03-27;110.571;0.689;-10.364;-10.269
2019-03-28;110.184;0.712;-10.967;-10.901
2019-03-29;109.747;0.739;-11.106;-11.049
2019-04-01;109.239;0.771;-11.112;-11.098
2019-04-02;109.547;0.751;-11.186;-11.14
2019-04-03;108.622;0.809;-11.023;-11.064
2019-04-04;109.017;0.784;-11.291;-11.296
2019-04-05;108.897;0.791;-11.238;-11.247
2019-04-08;108.96;0.787;-11.199;-11.21
2019-04-09;109.098;0.779;-11.095;-11.091
2019-04-10;109.455;0.756;-11.148;-11.121
2019-04-11;109.324;0.764;-11.582;-11.559
2019-04-12;108.459;0.818;-11.585;-11.62
2019-04-15;108.328;0.826;-11.707;-11.751
2019-04-16;108.113;0.84;-11.666;-11.725
2019-04-17;108.004;0.846;-11.755;-11.825
2019-04-18;108.828;0.794;-11.517;-11.533
2019-04-23;108.639;0.806;-11.749;-11.784
2019-04-24;109.517;0.751;-11.827;-11.781
2019-04-25;109.298;0.764;-12.143;-12.102
2019-04-26;109.481;0.753;-12.08;-12.03
2019-04-29;109.315;0.763;-12.154;-12.112
2019-04-30;109.235;0.768;-12.272;-12.243
2019-05-02;109.063;0.779;-12.432;-12.409
2019-05-03;109.058;0.779;-12.482;-12.464
2019-05-06;109.32;0.762;-12.262;-12.224
2019-05-07;109.89;0.727;-12.235;-12.161
2019-05-08;109.947;0.723;-12.421;-12.336
2019-05-09;109.901;0.726;-12.431;-12.35
2019-05-10;109.849;0.729;-12.667;-12.581
2019-05-13;110.345;0.698;-12.232;-12.14
2019-05-14;110.52;0.687;-12.334;-12.223
2019-05-15;110.858;0.666;-12.465;-12.319
2019-05-16;110.658;0.678;-12.439;-12.318
2019-05-17;110.795;0.669;-12.422;-12.288
2019-05-20;110.491;0.688;-12.134;-12.039
2019-05-21;110.254;0.703;-12.139;-12.069
2019-05-22;110.476;0.689;-12.09;-11.995
2019-05-23;110.939;0.66;-12.0;-11.859
2019-05-24;110.875;0.664;-11.732;-11.598
2019-05-27;111.286;0.638;-11.197;-11.044
2019-05-28;111.552;0.622;-11.473;-11.305
2019-05-29;111.846;0.604;-11.253;-11.078
2019-05-30;111.69;0.613;-11.02;-10.852
2019-05-31;112.153;0.584;-10.867;-10.677
2019-06-03;112.45;0.566;-10.942;-10.698
2019-06-04;112.862;0.541;-11.014;-10.749
2019-06-05;113.207;0.52;-10.731;-10.507
2019-06-06;113.584;0.497;-10.991;-10.677
2019-06-07;113.977;0.473;-11.172;-10.825
2019-06-10;112.994;0.532;-11.202;-10.912
2019-06-11;113.301;0.514;-11.125;-10.831
2019-06-12;113.373;0.509;-11.387;-11.091
2019-06-13;113.584;0.496;-11.44;-11.135
2019-06-14;114.053;0.468;-11.702;-11.33
2019-06-17;113.781;0.484;-11.511;-11.173
2019-06-18;114.922;0.416;-12.164;-11.81
2019-06-19;114.619;0.433;-12.751;-12.324
2019-06-20;115.064;0.407;-12.874;-12.438
2019-06-21;114.489;0.441;-12.8;-12.365
2019-06-24;115.003;0.41;-13.044;-12.592
2019-06-25;115.427;0.385;-12.909;-12.418
2019-06-26;115.069;0.406;-12.954;-12.5
2019-06-27;115.423;0.384;-13.035;-12.549
2019-06-28;115.492;0.38;-13.033;-12.545
2019-07-01;115.725;0.366;-12.857;-12.384
2019-07-02;115.752;0.364;-12.854;-12.364
2019-07-03;116.659;0.311;-12.735;-12.176
2019-07-04;117.303;0.273;-13.113;-12.48
2019-07-05;116.739;0.305;-13.192;-12.589
2019-07-08;116.933;0.294;-12.976;-12.37
2019-07-09;116.407;0.325;-13.314;-12.717
2019-07-10;115.686;0.367;-13.038;-12.525
2019-07-11;114.694;0.426;-13.569;-13.097
2019-07-12;114.358;0.446;-13.346;-12.913
2019-07-15;115.142;0.399;-12.935;-12.486
2019-07-16;115.345;0.386;-13.075;-12.59
2019-07-17;116.145;0.339;-13.041;-12.494
2019-07-18;116.298;0.329;-13.008;-12.463
2019-07-19;116.447;0.32;-13.13;-12.583
2019-07-22;116.739;0.303;-13.139;-12.573
2019-07-23;116.816;0.298;-12.908;-12.349
2019-07-24;117.459;0.26;-12.912;-12.286
2019-07-25;117.355;0.266;-13.053;-12.427
2019-07-26;117.627;0.25;-13.146;-12.486
2019-07-29;117.83;0.238;-12.827;-12.169
2019-07-30;117.997;0.228;-13.245;-12.545
2019-07-31;118.747;0.184;-13.183;-12.417
2019-08-01;119.264;0.154;-12.907;-12.097
2019-08-02;120.732;0.07;-12.903;-11.996
2019-08-05;120.956;0.057;-13.708;-12.722
2019-08-06;121.148;0.046;-13.013;-12.026
2019-08-07;122.072;-0.006;-13.024;-11.982
2019-08-08;121.369;0.033;-13.266;-12.237
2019-08-09;121.576;0.021;-12.536;-11.542
2019-08-12;121.843;0.006;-12.949;-11.901
2019-08-13;122.493;-0.031;-13.095;-11.976
2019-08-14;123.912;-0.11;-12.806;-11.611
2019-08-15;126.155;-0.233;-13.119;-11.764
2019-08-16;126.0;-0.225;-11.896;-10.603
2019-08-19;124.084;-0.12;-11.395;-10.271
2019-08-20;124.404;-0.138;-10.649;-9.575
2019-08-21;123.838;-0.107;-10.29;-9.276
2019-08-22;123.009;-0.062;-10.543;-9.541
2019-08-23;123.278;-0.077;-10.424;-9.479
2019-08-26;123.284;-0.078;-10.427;-9.459
2019-08-27;124.564;-0.149;-10.206;-9.183
2019-08-28;125.531;-0.202;-10.709;-9.6
2019-08-29;124.807;-0.163;-10.599;-9.524
2019-08-30;124.699;-0.157;-10.731;-9.646
2019-09-02;124.46;-0.144;-10.728;-9.617
2019-09-03;124.8;-0.163;-10.776;-9.619
2019-09-04;123.953;-0.117;-10.702;-9.65
2019-09-05;121.778;0.004;-10.38;-9.486
2019-09-06;122.959;-0.062;-10.504;-9.545
2019-09-09;122.034;-0.011;-10.42;-9.555
2019-09-10;121.289;0.031;-10.384;-9.553
2019-09-11;121.289;0.031;-10.686;-9.855
2019-09-12;120.539;0.073;-11.4;-10.512
2019-09-13;118.814;0.172;-11.502;-10.793
2019-09-16;119.748;0.118;-11.638;-10.905
2019-09-17;120.179;0.093;-11.808;-11.022
2019-09-18;121.043;0.043;-11.836;-10.976
2019-09-19;121.167;0.036;-11.896;-11.022
2019-09-20;121.488;0.017;-11.858;-10.999
2019-09-23;122.752;-0.054;-11.556;-10.629
2019-09-24;123.438;-0.093;-11.029;-10.095
2019-09-25;122.862;-0.061;-11.394;-10.449
2019-09-26;122.8;-0.058;-11.274;-10.34
2019-09-27;122.447;-0.038;-11.748;-10.799
2019-09-30;122.238;-0.027;-11.107;-10.21
2019-10-01;122.128;-0.021;-11.395;-10.488
2019-10-02;121.855;-0.006;-10.853;-10.028
2019-10-03;122.519;-0.044;-11.35;-10.44
2019-10-04;122.402;-0.037;-11.265;-10.363
2019-10-07;122.201;-0.026;-11.348;-10.446
2019-10-08;122.323;-0.033;-11.054;-10.182
2019-10-09;121.51;0.012;-11.242;-10.403
2019-10-10;120.419;0.074;-10.931;-10.168
2019-10-11;119.534;0.125;-11.579;-10.883
2019-10-14;119.911;0.103;-11.261;-10.576
2019-10-15;119.199;0.144;-10.606;-9.936
2019-10-16;118.623;0.177;-11.309;-10.639
2019-10-17;119.101;0.149;-10.901;-10.234
2019-10-18;118.506;0.184;-11.055;-10.41
2019-10-21;117.726;0.229;-11.133;-10.525
2019-10-22;118.484;0.185;-11.262;-10.606
2019-10-23;119.327;0.135;-11.484;-10.738
2019-10-24;119.202;0.142;-11.534;-10.809
2019-10-25;118.138;0.204;-11.091;-10.461
2019-10-28;117.679;0.231;-11.101;-10.496
2019-10-29;118.002;0.212;-11.406;-10.779
2019-10-30;117.899;0.217;-11.447;-10.829
2019-10-31;118.781;0.165;-11.469;-10.816
2019-11-01;118.388;0.188;-11.515;-10.85
2019-11-04;117.689;0.229;-11.651;-11.035
2019-11-05;117.226;0.256;-11.705;-11.096
2019-11-06;117.666;0.23;-11.664;-11.046
2019-11-07;116.184;0.318;-10.85;-10.35
2019-11-08;116.578;0.294;-11.653;-11.118
2019-11-11;116.357;0.307;-11.894;-11.342
2019-11-12;116.598;0.292;-11.442;-10.915
2019-11-13;117.421;0.243;-11.641;-11.011
2019-11-14;118.105;0.202;-11.514;-10.883
2019-11-15;117.839;0.218;-11.488;-10.858
2019-11-18;117.785;0.221;-11.45;-10.807
2019-11-19;117.792;0.22;-11.134;-10.514
2019-11-20;117.886;0.214;-11.119;-10.509
2019-11-21;117.578;0.232;-10.764;-10.168
2019-11-22;118.05;0.204;-10.451;-9.873
2019-11-25;117.78;0.22;-10.377;-9.802
2019-11-26;118.06;0.203;-10.264;-9.687
2019-11-27;118.288;0.189;-10.174;-9.577
2019-11-28;118.126;0.198;-10.38;-9.774
2019-11-29;118.073;0.201;-10.307;-9.71
2019-12-02;116.847;0.274;-10.065;-9.525
2019-12-03;117.962;0.208;-9.706;-9.185
2019-12-04;117.192;0.253;-9.507;-9.017
2019-12-05;117.024;0.263;-9.672;-9.176
2019-12-06;116.848;0.273;-9.583;-9.112
2019-12-09;117.111;0.257;-9.795;-9.302
2019-12-10;116.941;0.267;-9.676;-9.196
2019-12-11;117.329;0.244;-9.682;-9.169
2019-12-12;116.665;0.283;-9.718;-9.235
2019-12-13;117.135;0.255;-9.525;-9.002
2019-12-16;116.818;0.273;-9.469;-8.976
2019-12-17;117.018;0.261;-9.617;-9.091
2019-12-18;116.286;0.305;-9.581;-9.095
2019-12-19;116.05;0.319;-9.49;-9.035
2019-12-20;116.239;0.307;-9.595;-9.142
2019-12-23;115.918;0.326;-9.613;-9.142
2019-12-24;115.943;0.324;-9.556;-9.09
2019-12-27;116.02;0.319;-9.162;-8.736
2019-12-30;115.13;0.373;-9.753;-9.348
2019-12-31;115.157;0.371;-10.178;-9.75
2020-01-02;115.834;0.33;-9.365;-8.949
2020-01-03;116.678;0.278;-9.242;-8.794
2020-01-06;116.822;0.27;-9.43;-8.96
2020-01-07;116.863;0.267;-9.609;-9.138
2020-01-08;116.24;0.304;-9.861;-9.407
2020-01-09;115.836;0.328;-9.782;-9.338
2020-01-10;116.138;0.31;-10.1;-9.629
2020-01-13;115.412;0.354;-10.143;-9.708
2020-01-14;115.601;0.342;-10.055;-9.608
2020-01-15;115.982;0.319;-10.113;-9.648
2020-01-16;116.295;0.299;-10.155;-9.686
2020-01-17;116.184;0.306;-9.98;-9.518
2020-01-20;116.282;0.3;-9.964;-9.499
2020-01-21;116.872;0.264;-10.151;-9.621
2020-01-22;117.021;0.255;-10.022;-9.492
2020-01-23;117.719;0.212;-10.187;-9.626
2020-01-24;118.176;0.185;-9.992;-9.412
2020-01-27;119.318;0.117;-10.299;-9.642
2020-01-28;118.473;0.167;-10.34;-9.714
2020-01-29;118.947;0.138;-10.189;-9.549
2020-01-30;119.363;0.113;-10.005;-9.361
2020-01-31;119.909;0.081;-10.127;-9.441
2020-02-03;120.014;0.074;-9.648;-8.991
2020-02-04;119.3;0.116;-9.666;-9.037
2020-02-05;118.557;0.16;-9.695;-9.078
2020-02-06;118.71;0.15;-9.687;-9.072
2020-02-07;119.095;0.127;-9.498;-8.891
2020-02-10;119.656;0.094;-9.823;-9.158
2020-02-11;119.271;0.117;-9.83;-9.171
2020-02-12;119.142;0.124;-9.844;-9.147
2020-02-13;119.426;0.107;-9.775;-9.099
2020-02-14;119.662;0.093;-9.614;-8.934
2020-02-17;119.732;0.088;-9.83;-9.149
2020-02-18;119.914;0.077;-9.483;-8.793
2020-02-19;120.183;0.061;-9.451;-8.75
2020-02-20;120.973;0.014;-9.656;-8.9
2020-02-21;120.838;0.022;-9.883;-9.121
2020-02-24;121.51;-0.017;-9.646;-8.865
2020-02-25;121.794;-0.034;-9.489;-8.724
2020-02-26;121.285;-0.005;-9.346;-8.571
2020-02-27;121.733;-0.031;-8.887;-8.125
2020-02-28;122.328;-0.066;-7.944;-7.232
2020-03-02;122.531;-0.078;-6.664;-6.012
2020-03-03;122.465;-0.074;-6.547;-5.847
2020-03-04;122.637;-0.085;-6.879;-6.157
2020-03-05;122.901;-0.1;-7.407;-6.591
2020-03-06;123.684;-0.146;-7.161;-6.325
2020-03-09;125.694;-0.259;-8.366;-7.39
2020-03-10;125.104;-0.227;-8.26;-7.236
2020-03-11;124.66;-0.202;-8.265;-7.323
2020-03-12;124.558;-0.197;-8.56;-7.461
2020-03-13;121.697;-0.033;-3.87;-3.373
2020-03-16;120.986;0.009;-2.542;-2.25
2020-03-17;120.594;0.031;-1.372;-1.186
2020-03-18;116.954;0.249;4.58;4.345
2020-03-19;115.541;0.335;6.159;5.92
2020-03-20;116.798;0.258;8.263;7.744
2020-03-23;117.017;0.244;9.928;9.278
2020-03-24;115.409;0.343;12.192;11.513
2020-03-25;114.363;0.407;14.089;13.382
2020-03-26;114.973;0.369;14.262;13.47
2020-03-27;116.808;0.256;12.015;11.229
2020-03-30;117.146;0.235;10.268;9.551
2020-03-31;117.108;0.237;9.029;8.409
2020-04-01;117.57;0.209;8.324;7.686
2020-04-02;117.978;0.184;8.004;7.365
2020-04-03;117.964;0.184;8.235;7.62
2020-04-06;117.5;0.212;8.717;8.049
2020-04-07;116.205;0.291;8.552;7.943
2020-04-08;116.386;0.279;8.726;8.054
2020-04-09;117.257;0.226;8.635;7.804
2020-04-14;117.516;0.21;8.796;7.942
2020-04-15;118.471;0.152;9.026;8.165
2020-04-16;118.606;0.143;9.281;8.406
2020-04-17;118.523;0.148;9.04;8.194
2020-04-20;118.032;0.177;8.749;7.949
2020-04-21;118.306;0.16;8.354;7.602
2020-04-22;117.186;0.228;8.957;8.105
2020-04-23;117.868;0.186;8.776;7.815
2020-04-24;118.596;0.142;8.846;7.834
2020-04-27;118.345;0.157;8.489;7.541
2020-04-28;118.557;0.144;8.393;7.42
2020-04-29;118.977;0.118;7.251;6.319
2020-04-30;120.302;0.038;7.189;6.203
2020-05-04;119.846;0.065;7.254;6.247
2020-05-05;120.134;0.048;6.06;5.17
2020-05-06;119.468;0.088;6.093;5.146
2020-05-07;119.778;0.068;6.399;5.385
2020-05-08;119.581;0.08;6.128;5.248
2020-05-11;119.619;0.077;6.508;5.604
2020-05-12;120.104;0.048;6.241;5.375
2020-05-13;120.493;0.025;5.508;4.655
2020-05-14;120.711;0.011;5.195;4.372
2020-05-15;120.624;0.016;5.045;4.22
2020-05-18;119.935;0.057;5.088;4.305
2020-05-19;120.121;0.046;5.114;4.32
2020-05-20;120.144;0.044;4.935;4.149
2020-05-21;120.32;0.033;4.558;3.821
2020-05-22;120.199;0.04;5.036;4.301
2020-05-25;120.281;0.035;4.552;3.845
2020-05-26;119.723;0.068;4.602;3.865
2020-05-27;119.649;0.072;4.534;3.836
2020-05-28;119.729;0.067;4.392;3.684
2020-05-29;120.07;0.046;4.3;3.614
2020-06-01;119.364;0.088;4.568;3.881
2020-06-02;119.5;0.08;4.475;3.829
2020-06-03;118.627;0.133;4.481;3.854
2020-06-04;118.095;0.164;3.939;3.364
2020-06-05;117.62;0.193;4.209;3.641
2020-06-08;118.204;0.157;3.797;3.233
2020-06-09;117.93;0.174;3.999;3.466
2020-06-10;118.246;0.154;3.79;3.28
2020-06-11;119.402;0.084;3.846;3.268
2020-06-12;119.625;0.07;4.259;3.697
2020-06-15;119.875;0.055;4.417;3.863
2020-06-16;119.611;0.07;3.994;3.455
2020-06-17;119.622;0.07;4.117;3.57
2020-06-18;120.101;0.04;3.749;3.228
2020-06-19;120.006;0.046;4.169;3.633
2020-06-22;120.321;0.026;3.801;3.337
2020-06-23;119.861;0.054;3.77;3.377
2020-06-24;120.28;0.028;3.262;2.893
2020-06-25;120.501;0.015;3.384;2.972
2020-06-26;120.801;-0.004;3.488;3.061
2020-06-29;120.745;0.0;3.396;2.984
2020-06-30;120.574;0.01;3.119;2.785
2020-07-01;120.013;0.043;2.832;2.501
2020-07-02;120.341;0.023;2.688;2.368
2020-07-03;120.266;0.027;2.3;2.042
2020-07-06;120.322;0.023;1.972;1.739
2020-07-07;120.364;0.021;2.028;1.804
2020-07-08;120.697;0.0;1.809;1.609
2020-07-09;121.013;-0.019;1.532;1.383
2020-07-10;121.099;-0.025;1.41;1.275
2020-07-13;120.349;0.02;1.342;1.227
2020-07-14;120.967;-0.017;1.619;1.481
2020-07-15;120.987;-0.019;1.417;1.299
2020-07-16;121.165;-0.03;1.012;0.935
2020-07-17;120.879;-0.013;1.06;0.98
2020-07-20;121.254;-0.036;0.898;0.836
2020-07-21;121.397;-0.044;0.779;0.73
2020-07-22;121.801;-0.069;0.424;0.398
2020-07-23;121.743;-0.066;0.192;0.194
2020-07-24;121.404;-0.046;-0.25;-0.211
2020-07-27;121.995;-0.081;-0.315;-0.279
2020-07-28;122.196;-0.093;-0.318;-0.288
2020-07-29;121.864;-0.074;-0.228;-0.196
2020-07-30;122.384;-0.106;0.172;0.19
2020-07-31;121.917;-0.078;0.172;0.222
2020-08-03;122.024;-0.085;0.193;0.268
2020-08-04;122.453;-0.11;0.128;0.219
2020-08-05;121.783;-0.071;0.147;0.235
2020-08-06;122.066;-0.088;0.555;0.597
2020-08-07;121.739;-0.069;0.337;0.403
2020-08-10;122.003;-0.085;0.522;0.583
2020-08-11;121.179;-0.036;0.238;0.346
2020-08-12;120.794;-0.013;0.493;0.577
2020-08-13;120.289;0.016;0.32;0.437
2020-08-14;120.422;0.008;0.506;0.597
2020-08-17;120.886;-0.02;0.203;0.323
2020-08-18;121.055;-0.03;0.216;0.361
2020-08-19;121.159;-0.037;0.345;0.483
2020-08-20;121.51;-0.059;0.408;0.544
2020-08-21;121.558;-0.062;0.21;0.349
2020-08-24;121.33;-0.048;0.247;0.387
2020-08-25;120.527;0.0;0.331;0.454
2020-08-26;120.253;0.016;0.431;0.564
2020-08-27;119.809;0.042;0.732;0.833
2020-08-28;119.791;0.043;0.909;1.004
2020-08-31;119.794;0.043;0.915;1.03
2020-09-01;120.075;0.026;0.965;1.057
2020-09-02;120.864;-0.022;0.883;1.001
2020-09-03;121.107;-0.038;0.661;0.792
2020-09-04;120.897;-0.025;0.445;0.571
2020-09-07;120.762;-0.017;0.846;0.978
2020-09-08;121.162;-0.042;0.766;0.916
2020-09-09;120.526;-0.004;1.006;1.131
2020-09-10;120.306;0.009;0.761;0.88
2020-09-11;120.969;-0.031;0.76;0.882
2020-09-14;120.984;-0.032;0.543;0.681
2020-09-15;121.03;-0.035;0.427;0.577
2020-09-16;121.177;-0.045;0.549;0.689
2020-09-17;121.331;-0.055;0.369;0.517
2020-09-18;121.183;-0.046;0.329;0.495
2020-09-21;121.779;-0.082;0.43;0.574
2020-09-22;121.366;-0.057;0.279;0.457
2020-09-23;121.352;-0.057;0.553;0.708
2020-09-24;121.322;-0.056;0.505;0.646
2020-09-25;121.767;-0.083;0.572;0.691
2020-09-28;121.631;-0.075;0.11;0.283
2020-09-29;121.859;-0.089;0.364;0.52
2020-09-30;121.52;-0.069;-0.016;0.189
2020-10-01;121.592;-0.074;0.144;0.329
2020-10-02;121.554;-0.072;0.374;0.515
2020-10-05;121.21;-0.051;0.63;0.814
2020-10-06;121.153;-0.048;0.395;0.535
2020-10-07;120.933;-0.035;0.303;0.476
2020-10-08;121.218;-0.053;0.51;0.657
2020-10-09;121.154;-0.049;0.642;0.78
2020-10-12;121.41;-0.065;0.363;0.507
2020-10-13;121.676;-0.081;0.493;0.63
2020-10-14;122.09;-0.106;0.614;0.743
2020-10-15;122.476;-0.13;0.316;0.49
2020-10-16;122.552;-0.135;0.36;0.545
2020-10-19;122.563;-0.136;0.501;0.668
2020-10-20;122.112;-0.109;0.311;0.471
2020-10-21;121.861;-0.094;0.126;0.296
2020-10-22;121.445;-0.07;0.379;0.552
2020-10-23;121.523;-0.075;0.177;0.343
2020-10-26;121.664;-0.083;0.144;0.302
2020-10-27;122.236;-0.118;0.102;0.3
2020-10-28;122.29;-0.122;0.186;0.39
2020-10-29;122.22;-0.118;0.323;0.49
2020-10-30;122.056;-0.109;0.438;0.606
2020-11-02;122.04;-0.108;0.167;0.324
2020-11-03;121.73;-0.089;0.457;0.59
2020-11-04;121.969;-0.104;0.705;0.823
2020-11-05;122.067;-0.111;0.276;0.428
2020-11-06;121.855;-0.098;0.12;0.275
2020-11-09;120.534;-0.018;0.403;0.558
2020-11-10;120.091;0.009;0.165;0.318
2020-11-11;120.424;-0.012;-0.13;0.045
2020-11-12;120.914;-0.043;-0.35;-0.141
2020-11-13;121.063;-0.052;-0.221;-0.047
2020-11-16;121.084;-0.053;-0.259;-0.077
2020-11-17;121.315;-0.068;-0.598;-0.391
2020-11-18;121.298;-0.067;-0.444;-0.247
2020-11-19;121.557;-0.083;-0.738;-0.53
2020-11-20;121.706;-0.093;-0.718;-0.536
2020-11-23;121.634;-0.089;-0.863;-0.661
2020-11-24;121.471;-0.079;-1.519;-1.254
2020-11-25;121.637;-0.089;-1.466;-1.224
2020-11-26;121.906;-0.106;-1.362;-1.144
2020-11-27;122.008;-0.113;-1.911;-1.643
2020-11-30;121.982;-0.111;-1.97;-1.696
2020-12-01;121.619;-0.09;-2.222;-1.928
2020-12-02;121.498;-0.082;-2.213;-1.923
2020-12-03;121.771;-0.1;-2.075;-1.814
2020-12-04;121.566;-0.088;-1.955;-1.727
2020-12-07;121.929;-0.11;-1.674;-1.442
2020-12-08;122.307;-0.133;-2.169;-1.884
2020-12-09;122.302;-0.133;-2.08;-1.82
2020-12-10;122.475;-0.144;-2.125;-1.824
2020-12-11;123.063;-0.18;-2.164;-1.868
2020-12-14;122.846;-0.167;-2.16;-1.886
2020-12-15;122.769;-0.163;-2.206;-1.912
2020-12-16;122.274;-0.133;-2.376;-2.048
2020-12-17;122.185;-0.128;-2.262;-1.97
2020-12-18;122.152;-0.127;-2.109;-1.821
2020-12-21;122.178;-0.129;-2.695;-2.387
2020-12-22;122.352;-0.139;-2.462;-2.14
2020-12-23;121.804;-0.107;-2.523;-2.208
2020-12-24;121.81;-0.108;-2.298;-2.028
2020-12-28;121.98;-0.118;-2.168;-1.895
2020-12-29;122.018;-0.121;-1.99;-1.739
2020-12-30;122.06;-0.124;-2.374;-2.107
2020-12-31;122.087;-0.126;-2.111;-1.859
2021-01-04;122.678;-0.162;-2.858;-2.543
2021-01-05;122.227;-0.135;-2.422;-2.152
2021-01-06;121.88;-0.114;-2.653;-2.379
2021-01-07;121.684;-0.103;-2.552;-2.314
2021-01-08;121.623;-0.1;-3.115;-2.822
2021-01-11;121.417;-0.087;-3.962;-3.609
2021-01-12;120.935;-0.058;-4.084;-3.712
2021-01-13;121.773;-0.11;-4.222;-3.833
2021-01-14;121.962;-0.122;-4.162;-3.79
2021-01-15;121.859;-0.116;-4.244;-3.869
2021-01-18;121.666;-0.104;-4.176;-3.818
2021-01-19;121.645;-0.103;-4.661;-4.27
2021-01-20;121.65;-0.104;-4.775;-4.375
2021-01-21;121.106;-0.071;-4.847;-4.455
2021-01-22;121.333;-0.086;-4.865;-4.474
2021-01-25;121.811;-0.115;-5.231;-4.805
2021-01-26;121.437;-0.092;-4.801;-4.423
2021-01-27;121.387;-0.09;-4.879;-4.502
2021-01-28;121.218;-0.08;-4.709;-4.348
2021-01-29;120.887;-0.06;-5.341;-4.945
2021-02-01;120.981;-0.066;-5.112;-4.739
2021-02-02;120.601;-0.043;-4.711;-4.382
2021-02-03;120.155;-0.015;-5.032;-4.718
2021-02-04;119.933;-0.002;-5.036;-4.724
2021-02-05;119.757;0.009;-5.059;-4.761
2021-02-08;119.641;0.016;-5.243;-4.926
2021-02-09;119.63;0.016;-4.954;-4.65
2021-02-10;119.396;0.031;-5.247;-4.929
2021-02-11;119.727;0.009;-5.575;-5.237
2021-02-12;118.998;0.055;-5.103;-4.8
2021-02-15;118.397;0.093;-5.274;-4.995
2021-02-16;117.751;0.134;-5.74;-5.449
2021-02-17;118.088;0.112;-5.463;-5.174
2021-02-18;117.84;0.127;-5.562;-5.28
2021-02-19;117.052;0.177;-5.239;-4.993
2021-02-22;117.719;0.134;-5.291;-5.027
2021-02-23;117.481;0.149;-5.629;-5.341
2021-02-24;117.298;0.161;-5.574;-5.296
2021-02-25;116.391;0.219;-5.152;-4.917
2021-02-26;116.852;0.189;-5.609;-5.333
2021-03-01;117.819;0.126;-4.839;-4.615
2021-03-02;117.992;0.115;-4.819;-4.577
2021-03-03;116.974;0.18;-5.046;-4.805
2021-03-04;117.221;0.164;-4.869;-4.629
2021-03-05;116.958;0.18;-5.344;-5.099
2021-03-08;116.633;0.201;-5.187;-4.971
2021-03-09;116.962;0.18;-5.307;-5.046
2021-03-10;117.242;0.162;-5.291;-5.018
2021-03-11;117.342;0.154;-5.419;-5.134
2021-03-12;116.735;0.193;-5.378;-5.148
2021-03-15;117.08;0.171;-5.33;-5.08
2021-03-16;117.179;0.164;-5.369;-5.096
2021-03-17;116.383;0.216;-5.549;-5.298
2021-03-18;115.93;0.245;-5.321;-5.084
2021-03-19;116.179;0.228;-5.195;-4.987
2021-03-22;116.307;0.22;-5.403;-5.175
2021-03-23;116.607;0.2;-5.172;-4.954
2021-03-24;116.826;0.186;-5.317;-5.09
2021-03-25;117.375;0.149;-5.283;-5.036
2021-03-26;116.773;0.188;-5.261;-5.042
2021-03-29;116.308;0.218;-5.051;-4.832
2021-03-30;116.06;0.234;-5.261;-5.018
2021-03-31;116.097;0.231;-5.471;-5.264
2021-04-01;116.577;0.199;-5.495;-5.279
2021-04-06;116.504;0.204;-5.482;-5.239
2021-04-07;116.688;0.192;-5.539;-5.306
2021-04-08;116.8;0.184;-5.436;-5.195
2021-04-09;116.463;0.205;-5.589;-5.34
2021-04-12;116.25;0.219;-5.727;-5.484
2021-04-13;116.192;0.223;-5.521;-5.258
2021-04-14;115.732;0.253;-5.596;-5.399
2021-04-15;116.173;0.223;-5.325;-5.103
2021-04-16;115.877;0.242;-5.521;-5.309
2021-04-19;115.671;0.256;-5.907;-5.664
2021-04-20;116.004;0.234;-5.742;-5.492
2021-04-21;116.044;0.231;-5.715;-5.464
2021-04-22;115.92;0.238;-5.794;-5.538
2021-04-23;115.959;0.236;-5.738;-5.485
2021-04-26;115.825;0.244;-5.831;-5.584
2021-04-27;115.706;0.252;-5.824;-5.562
2021-04-28;115.484;0.266;-5.833;-5.589
2021-04-29;114.828;0.309;-5.904;-5.675
2021-04-30;114.965;0.3;-5.781;-5.553
2021-05-03;114.907;0.304;-5.888;-5.672
2021-05-04;115.527;0.262;-5.707;-5.483
2021-05-05;115.381;0.272;-5.787;-5.535
2021-05-06;115.37;0.272;-5.455;-5.263
2021-05-07;115.333;0.274;-5.774;-5.53
2021-05-10;115.189;0.284;-5.301;-5.106
2021-05-11;114.648;0.319;-5.157;-4.955
2021-05-12;114.118;0.355;-3.444;-3.332
2021-05-13;114.229;0.347;-2.549;-2.446
2021-05-14;114.234;0.346;-1.592;-1.561
2021-05-17;114.016;0.361;-1.544;-1.473
2021-05-18;113.619;0.387;-1.128;-1.096
2021-05-19;113.741;0.379;-1.17;-1.125
2021-05-20;113.709;0.38;-1.038;-0.99
2021-05-21;114.072;0.356;-1.404;-1.344
2021-05-24;114.219;0.346;-1.385;-1.339
2021-05-25;114.489;0.327;-1.486;-1.444
2021-05-26;115.083;0.288;-2.154;-2.084
2021-05-27;114.647;0.316;-2.165;-2.09
2021-05-28;114.797;0.306;-2.246;-2.186
2021-05-31;114.881;0.3;-2.568;-2.473
2021-06-01;114.766;0.308;-2.456;-2.347
2021-06-02;115.008;0.291;-2.703;-2.599
2021-06-03;114.679;0.313;-2.546;-2.458
2021-06-04;114.98;0.292;-2.634;-2.533
2021-06-07;114.84;0.302;-2.753;-2.648
2021-06-08;115.196;0.278;-2.792;-2.653
2021-06-09;115.569;0.253;-2.723;-2.573
2021-06-10;115.527;0.255;-2.734;-2.608
2021-06-11;115.776;0.238;-2.861;-2.699
2021-06-14;115.424;0.261;-2.993;-2.827
2021-06-15;115.11;0.282;-2.816;-2.661
2021-06-16;115.341;0.266;-2.949;-2.804
2021-06-17;115.404;0.262;-2.921;-2.786
2021-06-18;115.718;0.24;-3.041;-2.89
2021-06-21;115.228;0.273;-3.187;-3.036
2021-06-22;115.137;0.279;-2.999;-2.861
2021-06-23;115.273;0.27;-3.065;-2.919
2021-06-24;115.325;0.265;-3.105;-2.961
2021-06-25;114.802;0.3;-3.042;-2.91
2021-06-28;115.17;0.275;-3.061;-2.923
2021-06-29;114.754;0.303;-2.91;-2.795
2021-06-30;115.298;0.266;-2.978;-2.834
2021-07-01;115.112;0.278;-3.013;-2.874
2021-07-02;115.559;0.248;-2.951;-2.816
2021-07-05;115.203;0.272;-2.968;-2.835
2021-07-06;116.061;0.214;-2.9;-2.754
2021-07-07;116.574;0.18;-3.182;-3.02
2021-07-08;116.744;0.168;-3.191;-3.007
2021-07-09;116.422;0.189;-3.076;-2.922
2021-07-12;116.39;0.191;-2.998;-2.846
2021-07-13;116.282;0.198;-3.138;-2.981
2021-07-14;116.623;0.175;-3.255;-3.078
2021-07-15;116.867;0.159;-3.419;-3.23
2021-07-16;117.08;0.144;-3.392;-3.189
2021-07-19;117.581;0.111;-3.47;-3.266
2021-07-20;117.944;0.087;-3.77;-3.532
2021-07-21;117.545;0.113;-3.978;-3.744
2021-07-22;118.078;0.077;-4.1;-3.844
2021-07-23;117.992;0.083;-4.186;-3.931
2021-07-26;117.863;0.091;-4.273;-4.019
2021-07-27;118.077;0.077;-4.487;-4.205
2021-07-28;117.971;0.084;-4.786;-4.495
2021-07-29;118.098;0.075;-4.676;-4.39
2021-07-30;118.325;0.059;-4.965;-4.656
2021-08-02;118.853;0.025;-5.283;-4.944
2021-08-03;118.866;0.024;-5.231;-4.886
2021-08-04;119.146;0.005;-5.689;-5.295
2021-08-05;119.071;0.009;-5.451;-5.086
2021-08-06;118.492;0.047;-5.786;-5.414
2021-08-09;118.751;0.03;-5.995;-5.597
2021-08-10;118.789;0.027;-6.11;-5.702
2021-08-11;118.935;0.017;-5.623;-5.232
2021-08-12;118.859;0.022;-5.656;-5.275
2021-08-13;119.087;0.006;-5.884;-5.491
2021-08-16;118.929;0.016;-5.622;-5.243
2021-08-17;118.961;0.014;-5.877;-5.489
2021-08-18;119.044;0.009;-5.538;-5.172
2021-08-19;119.215;-0.003;-5.91;-5.507
2021-08-20;119.295;-0.009;-5.8;-5.398
2021-08-23;119.143;0.001;-5.743;-5.359
2021-08-24;119.117;0.002;-5.698;-5.316
2021-08-25;118.31;0.055;-5.524;-5.158
2021-08-26;118.074;0.07;-5.43;-5.077
2021-08-27;118.202;0.061;-5.449;-5.091
2021-08-30;118.346;0.051;-5.714;-5.337
2021-08-31;117.726;0.092;-5.456;-5.156
2021-09-01;117.481;0.108;-5.559;-5.254
2021-09-02;117.485;0.107;-5.405;-5.123
2021-09-03;117.117;0.131;-5.309;-5.024
2021-09-06;117.17;0.127;-5.567;-5.264
2021-09-07;116.681;0.16;-5.72;-5.428
2021-09-08;116.732;0.156;-5.686;-5.393
2021-09-09;117.227;0.122;-5.601;-5.292
2021-09-10;116.789;0.151;-5.712;-5.409
2021-09-13;116.736;0.155;-5.846;-5.531
2021-09-14;116.975;0.139;-5.884;-5.543
2021-09-15;116.465;0.172;-6.031;-5.702
2021-09-16;116.261;0.186;-5.757;-5.475
2021-09-17;115.911;0.209;-6.056;-5.748
2021-09-20;116.375;0.177;-6.341;-5.984
2021-09-21;116.437;0.173;-5.951;-5.594
2021-09-22;116.715;0.154;-6.421;-6.089
2021-09-23;115.826;0.213;-6.535;-6.222
2021-09-24;115.346;0.246;-6.565;-6.284
2021-09-27;115.278;0.25;-6.632;-6.353
2021-09-28;114.933;0.273;-6.512;-6.216
2021-09-29;115.141;0.259;-6.723;-6.405
2021-09-30;114.911;0.274;-6.813;-6.522
2021-10-01;115.164;0.257;-6.728;-6.433
2021-10-04;114.958;0.271;-6.878;-6.556
2021-10-05;114.593;0.295;-6.451;-6.19
2021-10-06;114.428;0.306;-6.464;-6.18
2021-10-07;114.393;0.308;-7.011;-6.758
2021-10-08;113.83;0.347;-6.935;-6.716
2021-10-11;113.255;0.387;-6.83;-6.611
2021-10-12;112.94;0.408;-7.026;-6.809
2021-10-13;113.789;0.349;-7.098;-6.825
2021-10-14;114.718;0.285;-7.228;-6.95
2021-10-15;114.369;0.308;-7.255;-6.969
2021-10-18;114.237;0.317;-7.358;-7.036
2021-10-19;113.729;0.352;-7.258;-6.969
2021-10-20;114.037;0.331;-7.616;-7.292
2021-10-21;113.87;0.342;-7.285;-6.976
2021-10-22;113.972;0.334;-7.558;-7.211
2021-10-25;113.883;0.34;-7.597;-7.286
2021-10-26;114.039;0.329;-7.594;-7.265
2021-10-27;115.198;0.249;-7.607;-7.18
2021-10-28;114.756;0.279;-8.02;-7.619
2021-10-29;114.519;0.295;-7.572;-7.227
2021-11-01;114.471;0.298;-8.1;-7.695
2021-11-02;115.125;0.253;-7.567;-7.186
2021-11-03;115.191;0.249;-7.889;-7.454
2021-11-04;115.695;0.213;-7.709;-7.319
2021-11-05;116.608;0.151;-7.537;-7.088
2021-11-08;115.976;0.194;-7.565;-7.156
2021-11-09;116.953;0.128;-7.605;-7.157
2021-11-10;115.933;0.196;-7.858;-7.449
2021-11-11;115.566;0.221;-7.929;-7.547
2021-11-12;115.634;0.216;-8.347;-7.927
2021-11-15;115.333;0.236;-8.184;-7.782
2021-11-16;115.296;0.239;-8.433;-8.026
2021-11-17;115.423;0.23;-8.527;-8.08
2021-11-18;115.764;0.206;-8.472;-8.054
2021-11-19;116.575;0.15;-8.538;-8.078
2021-11-22;116.04;0.187;-8.527;-8.085
2021-11-23;115.001;0.258;-8.959;-8.518
2021-11-24;114.875;0.266;-8.908;-8.453
2021-11-25;114.972;0.259;-8.622;-8.212
2021-11-26;116.031;0.186;-8.275;-7.83
2021-11-29;115.741;0.205;-8.769;-8.306
2021-11-30;116.341;0.164;-8.734;-8.226
2021-12-01;116.387;0.161;-8.534;-8.004
2021-12-02;116.623;0.144;-8.586;-8.092
2021-12-03;116.866;0.127;-8.845;-8.301
2021-12-06;116.786;0.133;-8.667;-8.126
2021-12-07;116.876;0.126;-8.818;-8.279
2021-12-08;116.084;0.18;-8.73;-8.22
2021-12-09;116.57;0.146;-8.947;-8.35
2021-12-10;116.494;0.151;-8.958;-8.432
2021-12-13;117.018;0.115;-8.722;-8.157
2021-12-14;116.925;0.121;-9.198;-8.609
2021-12-15;116.643;0.14;-9.478;-8.863
2021-12-16;116.447;0.153;-9.358;-8.797
2021-12-17;116.834;0.126;-9.459;-8.888
2021-12-20;116.391;0.156;-9.532;-8.962
2021-12-21;115.446;0.221;-9.352;-8.852
2021-12-22;115.31;0.23;-9.989;-9.44
2021-12-23;114.591;0.279;-9.743;-9.306
2021-12-24;114.537;0.283;-9.354;-8.913
2021-12-27;114.583;0.28;-9.674;-9.211
2021-12-28;114.427;0.29;-9.456;-8.987
2021-12-29;113.632;0.346;-9.624;-9.185
2021-12-30;113.578;0.349;-9.293;-8.904
2021-12-31;113.646;0.344;-9.717;-9.316
2022-01-03;113.063;0.385;-9.446;-9.098
2022-01-04;113.171;0.377;-9.795;-9.427
2022-01-05;113.184;0.376;-9.493;-9.095
2022-01-06;112.92;0.394;-9.585;-9.257
2022-01-07;112.864;0.398;-10.24;-9.898
2022-01-10;112.644;0.413;-10.114;-9.768
2022-01-11;112.5;0.423;-10.205;-9.855
2022-01-12;112.905;0.394;-8.331;-9.015
2022-01-13;113.424;0.357;-10.024;-9.627
2022-01-14;112.744;0.405;-10.335;-9.968
2022-01-17;112.575;0.417;-10.14;-9.783
2022-01-18;112.499;0.422;-10.25;-9.896
2022-01-19;112.391;0.43;-10.238;-9.879
2022-01-20;112.524;0.42;-10.052;-9.698
2022-01-21;112.893;0.393;-9.987;-9.626
2022-01-24;113.148;0.375;-10.252;-9.849
2022-01-25;112.743;0.404;-10.194;-9.827
2022-01-26;112.765;0.402;-10.302;-9.932
2022-01-27;112.771;0.401;-10.39;-10.001
2022-01-28;112.472;0.422;-10.264;-9.871
2022-01-31;111.951;0.459;-10.383;-10.015
2022-02-01;111.601;0.484;-10.633;-10.323
2022-02-02;111.546;0.488;-10.096;-9.806
2022-02-03;110.69;0.55;-10.023;-9.753
2022-02-04;109.73;0.62;-9.604;-9.49
2022-02-07;108.97;0.676;-9.468;-9.443
2022-02-08;108.05;0.745;-9.516;-9.518
2022-02-09;108.588;0.704;-9.404;-9.429
2022-02-10;107.611;0.777;-9.403;-9.411
2022-02-11;107.179;0.81;-11.157;-11.221
2022-02-14;106.973;0.825;-12.213;-12.299
2022-02-15;107.033;0.82;-12.056;-12.103
2022-02-16;107.496;0.785;-12.324;-12.347
2022-02-17;107.766;0.765;-12.338;-12.269
2022-02-18;107.83;0.76;-12.623;-12.55
2022-02-21;107.699;0.769;-12.736;-12.64
2022-02-22;107.323;0.798;-13.075;-13.009
2022-02-23;107.388;0.793;-13.342;-13.241
2022-02-24;107.572;0.778;-13.31;-13.266
2022-02-25;106.758;0.84;-13.333;-13.314
2022-02-28;107.491;0.784;-13.183;-13.102
2022-03-01;109.572;0.628;-13.674;-13.442
2022-03-02;108.896;0.679;-14.179;-13.945
2022-03-03;108.839;0.682;-14.59;-14.447
2022-03-04;108.864;0.68;-14.196;-14.07
2022-03-07;108.585;0.701;-14.443;-14.37
2022-03-08;107.446;0.787;-15.064;-14.959
2022-03-09;106.171;0.884;-14.87;-15.049
2022-03-10;105.63;0.926;-14.502;-14.735
2022-03-11;105.809;0.912;-14.044;-14.281
2022-03-14;104.402;1.021;-14.637;-14.939
2022-03-15;104.578;1.007;-14.348;-14.682
2022-03-16;104.405;1.021;-14.664;-15.033
2022-03-17;105.009;0.973;-14.636;-14.835
2022-03-18;104.912;0.981;-14.062;-14.38
2022-03-21;103.874;1.062;-14.16;-14.588
2022-03-22;103.521;1.09;-13.691;-14.068
2022-03-23;104.04;1.049;-12.701;-13.006
2022-03-24;102.711;1.154;-8.064;-8.393
2022-03-25;102.102;1.203;-6.637;-7.014
2022-03-28;102.094;1.204;-6.442;-6.775
2022-03-29;101.501;1.252;-6.988;-7.279
2022-03-30;101.314;1.267;-6.618;-6.902
2022-03-31;102.077;1.205;-6.461;-6.813
2022-04-01;102.003;1.211;-6.527;-6.888
2022-04-04;102.475;1.173;-6.522;-6.886
2022-04-05;101.151;1.28;-6.375;-6.651
2022-04-06;100.552;1.329;-6.576;-6.931
2022-04-07;100.246;1.355;-6.741;-7.148
2022-04-08;99.767;1.394;-7.14;-7.561
2022-04-11;98.567;1.494;-7.341;-7.836
2022-04-12;98.449;1.504;-7.645;-8.242
2022-04-13;98.596;1.492;-7.337;-7.876
2022-04-14;97.388;1.595;-8.209;-8.889
2022-04-19;96.781;1.647;-8.114;-8.816
2022-04-20;97.475;1.587;-8.474;-8.996
2022-04-21;96.697;1.654;-8.496;-9.077
2022-04-22;96.36;1.683;-8.057;-8.707
2022-04-25;97.421;1.592;-8.407;-9.097
2022-04-26;97.629;1.574;-8.667;-9.337
2022-04-27;97.408;1.593;-8.992;-9.583
2022-04-28;96.245;1.694;-8.986;-9.654
2022-04-29;95.808;1.732;-9.033;-9.676
2022-05-02;95.303;1.776;-8.551;-9.362
2022-05-03;95.523;1.757;-9.166;-9.897
2022-05-04;95.697;1.742;-9.738;-10.475
2022-05-05;94.899;1.812;-10.337;-11.2
2022-05-06;93.681;1.92;-10.43;-11.195
2022-05-09;93.456;1.941;-10.598;-11.575
2022-05-10;94.465;1.851;-11.212;-12.033
2022-05-11;94.761;1.825;-11.296;-12.145
2022-05-12;96.776;1.648;-10.622;-11.337
2022-05-13;95.888;1.726;-11.252;-12.059
2022-05-16;96.178;1.7;-10.637;-11.294
2022-05-17;95.358;1.772;-10.567;-11.144
2022-05-18;95.568;1.754;-10.139;-10.765
2022-05-19;96.338;1.687;-9.96;-10.627
2022-05-20;96.334;1.687;-9.542;-10.253
2022-05-23;95.784;1.735;-10.174;-10.827
2022-05-24;96.078;1.71;-9.574;-10.19
2022-05-25;95.745;1.739;-9.444;-10.155
2022-05-26;95.035;1.802;-9.727;-10.529
2022-05-27;95.537;1.757;-9.145;-9.832
2022-05-30;94.933;1.811;-8.924;-9.511
2022-05-31;94.12;1.883;-8.884;-9.59
2022-06-01;93.458;1.943;-8.208;-8.802
2022-06-02;93.045;1.981;-8.613;-9.362
2022-06-03;92.746;2.008;-8.209;-8.883
2022-06-06;92.231;2.055;-6.929;-7.488
2022-06-07;92.464;2.034;-7.513;-8.165
2022-06-08;91.733;2.101;-7.187;-7.785
2022-06-09;91.207;2.151;-6.589;-7.196
2022-06-10;90.337;2.232;-6.101;-6.651
2022-06-13;88.778;2.38;-4.407;-4.712
2022-06-14;86.513;2.601;-3.982;-4.269
2022-06-15;87.643;2.49;-3.756;-4.201
2022-06-16;87.142;2.54;-4.388;-4.962
2022-06-17;87.831;2.473;-4.902;-5.697
2022-06-20;86.836;2.571;-4.563;-5.255
2022-06-21;86.609;2.593;-5.11;-5.957
2022-06-22;87.726;2.484;-4.859;-5.743
2022-06-23;89.564;2.307;-4.54;-5.394
2022-06-24;89.426;2.321;-4.73;-5.455
2022-06-27;88.518;2.408;-5.349;-6.1
2022-06-28;87.786;2.479;-5.146;-5.927
2022-06-29;88.371;2.423;-5.681;-6.628
2022-06-30;90.075;2.26;-5.519;-6.375
2022-07-01;90.901;2.183;-4.396;-5.18
2022-07-04;89.827;2.284;-5.724;-6.472
2022-07-05;91.004;2.173;-5.917;-6.651
2022-07-06;91.431;2.133;-5.129;-5.728
2022-07-07;90.402;2.23;-5.304;-5.725
2022-07-08;90.121;2.257;-5.692;-6.355
2022-07-11;90.78;2.195;-5.408;-6.126
2022-07-12;92.004;2.081;-4.985;-5.62
2022-07-13;92.262;2.057;-4.868;-5.27
2022-07-14;92.0;2.082;-4.959;-5.391
2022-07-15;92.213;2.062;-5.198;-5.782
2022-07-18;91.596;2.12;-5.151;-5.663
2022-07-19;91.234;2.154;-5.481;-5.9
2022-07-20;91.697;2.111;-5.608;-6.181
2022-07-21;92.045;2.079;-5.622;-6.089
2022-07-22;93.611;1.935;-5.518;-6.021
2022-07-25;93.996;1.9;-5.453;-5.906
2022-07-26;94.934;1.816;-5.846;-6.264
2022-07-27;94.783;1.829;-5.457;-5.818
2022-07-28;95.864;1.733;-5.721;-6.042
2022-07-29;96.05;1.717;-5.697;-5.965
2022-08-01;96.477;1.679;-6.107;-6.37
2022-08-02;96.189;1.705;-6.939;-7.194
2022-08-03;96.145;1.709;-8.064;-8.456
2022-08-04;96.721;1.658;-8.278;-8.733
2022-08-05;94.87;1.823;-8.673;-9.181
2022-08-08;95.423;1.773;-9.239;-9.937
2022-08-09;95.105;1.802;-9.619;-10.369
2022-08-10;95.367;1.778;-8.87;-9.723
2022-08-11;94.626;1.845;-9.083;-9.941
2022-08-12;94.76;1.833;-9.966;-10.862
2022-08-15;95.792;1.741;-9.47;-10.157
2022-08-16;95.226;1.791;-10.336;-11.057
2022-08-17;94.26;1.878;-10.467;-11.347
2022-08-18;94.223;1.882;-10.121;-11.223
2022-08-19;92.687;2.023;-10.44;-11.79
2022-08-22;91.695;2.116;-10.175;-11.713
2022-08-23;91.333;2.15;-10.237;-11.83
2022-08-24;90.574;2.222;-10.28;-12.022
2022-08-25;91.094;2.173;-9.926;-11.723
2022-08-26;90.372;2.242;-9.814;-11.594
2022-08-29;89.087;2.365;-10.064;-12.214
2022-08-30;89.117;2.363;-8.817;-11.32
2022-08-31;89.077;2.367;-9.235;-11.806
2022-09-01;88.685;2.405;-9.259;-11.997
2022-09-02;88.752;2.399;-8.724;-11.6
2022-09-05;88.145;2.459;-9.984;-12.967
2022-09-06;87.763;2.497;-9.551;-12.709
2022-09-07;88.815;2.394;-9.729;-12.829
2022-09-08;88.384;2.436;-10.067;-13.021
2022-09-09;88.27;2.448;-10.03;-13.339
2022-09-12;88.846;2.392;-9.948;-13.32
2022-09-13;88.076;2.467;-10.686;-14.327
2022-09-14;88.198;2.455;-9.822;-13.216
2022-09-15;88.202;2.456;-9.306;-12.75
2022-09-16;88.459;2.431;-9.582;-13.239
2022-09-19;88.051;2.471;-9.339;-13.229
2022-09-20;87.026;2.573;-9.845;-13.856
2022-09-21;87.266;2.549;-9.564;-13.538
2022-09-22;86.647;2.612;-9.835;-13.547
2022-09-23;85.8;2.698;-9.065;-13.03
2022-09-26;84.678;2.813;-8.617;-12.55
2022-09-27;83.267;2.961;-9.439;-13.879
2022-09-28;83.442;2.943;-9.268;-13.614
2022-09-29;82.818;3.009;-9.701;-13.934
2022-09-30;83.304;2.958;-9.747;-13.939
2022-10-03;85.054;2.776;-9.803;-13.771
2022-10-04;85.656;2.715;-10.595;-14.408
2022-10-05;84.191;2.866;-10.112;-13.643
2022-10-06;83.576;2.932;-10.492;-14.481
2022-10-07;82.241;3.074;-10.097;-14.345
2022-10-10;80.978;3.21;-9.571;-14.137
2022-10-11;81.174;3.189;-10.575;-15.381
2022-10-12;80.938;3.215;-10.902;-15.819
2022-10-13;81.405;3.166;-9.024;-13.35
2022-10-14;80.913;3.22;-9.264;-13.636
2022-10-17;81.741;3.13;-9.882;-14.24
2022-10-18;81.871;3.116;-9.316;-13.529
2022-10-19;81.396;3.168;-6.962;-10.791
2022-10-20;81.074;3.204;-6.531;-10.199
2022-10-21;81.076;3.204;-6.488;-10.418
2022-10-24;81.876;3.118;-6.005;-9.897
2022-10-25;83.438;2.951;-5.435;-8.984
2022-10-26;83.7;2.924;-5.771;-9.289
2022-10-27;84.756;2.814;-6.078;-9.73
2022-10-28;83.628;2.933;-5.858;-8.73
2022-10-31;83.168;2.982;-5.311;-8.506
2022-11-01;83.176;2.981;-5.851;-9.216
2022-11-02;83.317;2.967;-5.405;-8.939
2022-11-03;82.376;3.068;-5.094;-8.266
2022-11-04;82.066;3.102;-5.13;-8.501
2022-11-07;82.021;3.107;-4.576;-7.936
2022-11-08;82.898;3.013;-4.35;-7.59
2022-11-09;83.917;2.905;-4.039;-7.316
2022-11-10;85.054;2.787;-3.89;-6.874
2022-11-11;84.137;2.883;-3.589;-6.165
2022-11-14;84.437;2.852;-3.516;-6.321
2022-11-15;85.043;2.789;-3.287;-5.863
2022-11-16;85.885;2.703;-3.295;-5.907
2022-11-17;85.458;2.747;-2.775;-5.081
2022-11-18;85.512;2.742;-1.343;-3.694
2022-11-21;85.792;2.713;-2.896;-5.244
2022-11-22;85.992;2.693;-0.786;-2.964
2022-11-23;86.532;2.638;-0.324;-2.413
2022-11-24;87.304;2.561;-0.196;-2.057
2022-11-25;86.273;2.666;0.608;-1.044
2022-11-28;86.094;2.684;0.487;-1.407
2022-11-29;86.331;2.66;0.988;-0.97
2022-11-30;86.315;2.662;1.088;-0.633
2022-12-01;87.364;2.556;0.953;-0.617
2022-12-02;87.123;2.581;0.574;-0.912
2022-12-05;87.01;2.592;1.451;-0.093
2022-12-06;87.611;2.532;1.74;0.193
2022-12-07;87.59;2.534;1.172;-0.322
2022-12-08;87.546;2.539;1.812;0.561
2022-12-09;86.883;2.607;1.695;0.427
2022-12-12;86.98;2.597;1.55;0.047
2022-12-13;86.817;2.614;2.124;0.856
2022-12-14;86.922;2.604;2.61;1.28
2022-12-15;86.017;2.697;2.758;2.161
2022-12-16;85.003;2.803;3.591;2.753
2022-12-19;84.674;2.837;3.375;2.609
2022-12-20;83.663;2.945;4.172;3.512
2022-12-21;83.267;2.987;3.627;2.926
2022-12-22;82.84;3.035;3.335;2.788
2022-12-23;82.621;3.059;3.524;3.07
2022-12-27;81.546;3.176;3.202;2.767
2022-12-28;81.922;3.135;3.296;2.597
2022-12-29;82.471;3.076;3.0;2.508
2022-12-30;81.312;3.204;2.912;2.622
2023-01-02;82.469;3.077;3.957;3.6
2023-01-03;83.068;3.013;3.989;3.685
2023-01-04;83.983;2.915;4.102;3.67
2023-01-05;83.326;2.986;3.188;2.963
2023-01-06;84.373;2.875;3.619;3.429
2023-01-09;84.237;2.89;3.705;3.471
2023-01-10;83.64;2.954;3.926;3.734
2023-01-11;84.905;2.82;3.909;3.621
2023-01-12;85.399;2.769;3.937;3.93
2023-01-13;85.465;2.762;3.945;3.893
2023-01-16;85.408;2.769;4.699;4.783
2023-01-17;86.136;2.693;5.08;5.1
2023-01-18;86.56;2.649;4.929;5.044
2023-01-19;86.231;2.684;5.315;5.653
2023-01-20;85.082;2.804;5.29;5.671
2023-01-23;84.538;2.862;5.568;6.032
2023-01-24;84.958;2.818;5.403;5.853
2023-01-25;84.836;2.831;5.359;5.851
2023-01-26;84.392;2.879;5.177;5.796
2023-01-27;84.228;2.897;5.221;5.876
2023-01-30;83.691;2.955;5.404;6.046
2023-01-31;83.966;2.925;5.497;5.997
2023-02-01;84.109;2.911;5.261;5.638
2023-02-02;85.843;2.728;5.496;5.818
2023-02-03;84.871;2.831;5.394;5.834
2023-02-06;83.969;2.927;5.298;5.758
2023-02-07;83.694;2.957;4.855;5.213
2023-02-08;83.735;2.953;5.057;5.351
2023-02-09;84.269;2.897;5.33;5.528
2023-02-10;83.786;2.949;5.247;5.521
2023-02-13;83.709;2.957;5.344;5.524
2023-02-14;83.076;3.026;5.32;5.371
2023-02-15;82.702;3.067;5.752;5.838
2023-02-16;82.739;3.064;5.504;5.402
2023-02-17;82.981;3.038;5.867;5.795
2023-02-20;82.843;3.053;5.526;5.471
2023-02-21;82.236;3.12;5.481;5.326
2023-02-22;82.005;3.146;5.399;5.438
2023-02-23;82.322;3.112;5.074;5.232
2023-02-24;81.798;3.17;5.425;5.475
2023-02-27;81.322;3.224;5.83;5.885
2023-02-28;80.784;3.284;5.867;5.746
2023-03-01;80.483;3.319;6.227;6.177
2023-03-02;80.189;3.353;5.856;5.62
2023-03-03;80.569;3.31;5.946;5.885
2023-03-06;80.57;3.311;6.268;6.161
2023-03-07;80.987;3.264;6.244;5.921
2023-03-08;81.356;3.223;7.133;6.748
2023-03-09;81.376;3.222;6.693;6.366
2023-03-10;82.09;3.143;5.897;5.517
2023-03-13;83.334;3.007;6.644;6.307
2023-03-14;82.504;3.098;5.224;6.501
2023-03-15;83.837;2.953;5.368;5.584
2023-03-16;82.913;3.055;4.824;6.025
2023-03-17;84.196;2.916;4.516;5.284
2023-03-20;84.089;2.927;4.679;5.195
2023-03-21;83.348;3.008;4.379;5.312
2023-03-22;82.983;3.048;5.083;5.618
2023-03-23;83.731;2.968;5.484;5.273
2023-03-24;84.173;2.92;5.392;5.447
2023-03-27;83.617;2.981;5.28;5.566
2023-03-28;83.1;3.038;5.164;5.335
2023-03-29;82.91;3.059;5.04;5.127
2023-03-30;82.532;3.101;4.974;5.229
2023-03-31;83.232;3.025;5.252;5.354
2023-04-03;83.665;2.978;5.224;5.248
2023-04-04;83.746;2.969;5.047;4.83
2023-04-05;84.33;2.908;5.571;5.828
2023-04-06;84.277;2.914;5.279;5.51
2023-04-11;83.369;3.013;5.106;5.288
2023-04-12;82.921;3.062;5.494;5.611
2023-04-13;82.926;3.063;5.388;5.308
2023-04-14;82.621;3.097;5.539;5.474
2023-04-17;82.232;3.14;6.157;5.773
2023-04-18;82.155;3.149;6.123;5.855
2023-04-19;81.758;3.194;6.258;6.052
2023-04-20;82.115;3.155;6.173;5.872
2023-04-21;81.878;3.182;6.072;5.966
2023-04-24;81.629;3.21;6.301;6.076
2023-04-25;82.556;3.107;6.334;6.037
2023-04-26;82.3;3.136;5.827;5.413
2023-04-27;81.992;3.172;5.754;5.773
2023-04-28;83.064;3.053;5.631;5.419
2023-05-02;83.395;3.017;5.816;5.506
2023-05-03;83.53;3.003;5.825;5.468
2023-05-04;83.85;2.969;5.723;5.324
2023-05-05;83.145;3.046;5.586;5.685
2023-05-08;82.954;3.068;5.408;5.26
2023-05-09;82.714;3.095;5.641;5.61
2023-05-10;83.236;3.037;5.749;5.61
2023-05-11;83.767;2.98;5.462;5.417
2023-05-12;83.37;3.024;5.51;5.548
2023-05-15;83.179;3.045;5.677;5.589
2023-05-16;82.871;3.08;5.536;5.555
2023-05-17;83.012;3.065;6.167;6.188
2023-05-18;82.047;3.173;5.9;6.108
2023-05-19;82.26;3.15;5.6;5.691
2023-05-22;82.029;3.176;5.75;5.793
2023-05-23;81.906;3.19;5.565;5.518
2023-05-24;81.916;3.19;6.046;6.019
2023-05-25;81.518;3.236;5.616;5.727
2023-05-26;81.46;3.243;5.928;6.158
2023-05-29;82.33;3.145;6.006;5.915
2023-05-30;83.083;3.061;5.987;5.855
2023-05-31;83.433;3.023;5.746;5.649
2023-06-01;83.778;2.986;5.616;5.793
2023-06-02;83.428;3.025;5.585;5.849
2023-06-05;83.032;3.069;5.768;5.974
2023-06-06;83.089;3.063;5.407;5.628
2023-06-07;82.433;3.137;5.733;5.992
2023-06-08;82.954;3.08;5.156;5.406
2023-06-09;83.214;3.051;5.758;6.063
2023-06-12;83.083;3.066;;
2023-06-13;82.919;3.085;5.968;6.019
2023-06-14;82.76;3.103;6.001;6.185
2023-06-15;82.437;3.14;5.813;6.279
2023-06-16;82.729;3.108;6.01;6.495
2023-06-19;82.299;3.156;6.111;6.409
2023-06-20;83.233;3.052;6.327;6.476
2023-06-21;82.982;3.08;6.243;6.524
2023-06-22;82.561;3.129;6.048;6.567
2023-06-23;83.657;3.007;6.243;6.484
2023-06-26;83.92;2.978;6.005;6.166
2023-06-27;83.578;3.016;6.394;6.61
2023-06-28;83.881;2.983;6.324;6.408
2023-06-29;83.168;3.063;6.174;6.742
2023-06-30;83.403;3.037;6.071;6.577
2023-07-03;83.079;3.074;6.508;6.892
2023-07-04;82.863;3.098;6.174;6.657
2023-07-05;82.612;3.127;6.198;6.665
2023-07-06;81.315;3.276;5.883;6.606
2023-07-07;81.141;3.296;5.921;6.535
2023-07-10;81.16;3.294;5.843;6.416
2023-07-11;81.113;3.3;6.209;6.837
2023-07-12;81.891;3.211;5.863;6.338
2023-07-13;82.577;3.135;5.181;5.721
2023-07-14;82.404;3.155;5.499;6.129
2023-07-17;82.721;3.119;5.71;6.242
2023-07-18;83.525;3.03;5.801;6.284
2023-07-19;83.008;3.088;5.611;6.176
2023-07-20;82.527;3.143;5.696;6.398
2023-07-21;82.64;3.131;5.6;6.267
2023-07-24;83.031;3.087;5.403;5.992
2023-07-25;83.077;3.082;5.207;5.797
2023-07-26;82.69;3.126;5.619;6.317
2023-07-27;82.753;3.12;5.42;6.15
2023-07-28;82.584;3.14;4.61;5.338
2023-07-31;82.648;3.133;4.61;5.527
2023-08-01;82.09;3.196;4.411;5.214
2023-08-02;82.214;3.183;4.422;5.247
2023-08-03;81.57;3.258;4.515;5.475
2023-08-04;82.034;3.205;4.488;5.399
2023-08-07;81.522;3.264;4.373;5.234
2023-08-08;82.595;3.142;4.464;5.468
2023-08-09;82.459;3.157;4.418;5.384
2023-08-10;82.238;3.184;4.55;5.572
2023-08-11;81.446;3.275;4.315;5.408
2023-08-14;81.35;3.286;4.561;5.473
2023-08-15;81.102;3.316;4.248;5.22
2023-08-16;81.249;3.299;4.498;5.361
2023-08-17;80.726;3.361;4.004;5.079
2023-08-18;81.361;3.288;4.172;5.243
2023-08-21;80.808;3.352;4.106;5.139
2023-08-22;81.356;3.289;4.398;5.377
2023-08-23;82.363;3.174;4.259;5.155
2023-08-24;82.382;3.173;3.915;5.032
2023-08-25;82.0;3.217;4.416;5.566
2023-08-28;82.017;3.215;4.231;5.254
2023-08-29;82.569;3.152;4.38;5.386
2023-08-30;82.361;3.176;4.263;5.189
2023-08-31;82.961;3.109;4.036;4.921
2023-09-01;82.251;3.191;3.678;4.82
2023-09-04;82.081;3.21;4.099;5.02
2023-09-05;81.799;3.243;4.296;5.213
2023-09-06;81.679;3.257;4.155;5.24
2023-09-07;81.909;3.232;4.587;5.846
2023-09-08;81.921;3.231;4.629;5.846
2023-09-11;81.678;3.26;5.146;6.189
2023-09-12;81.621;3.267;5.384;6.473
2023-09-13;81.539;3.276;5.744;6.747
2023-09-14;82.087;3.214;5.871;6.905
2023-09-15;81.494;3.283;6.068;7.003
2023-09-18;81.242;3.313;5.716;6.502
2023-09-19;81.064;3.334;6.034;6.816
2023-09-20;81.31;3.306;6.097;6.888
2023-09-21;80.982;3.345;5.831;6.772
2023-09-22;80.904;3.355;5.686;6.577
2023-09-25;80.29;3.428;6.033;6.598
2023-09-26;80.166;3.443;6.77;7.618
2023-09-27;79.822;3.484;8.231;9.043
2023-09-28;79.099;3.572;8.027;9.243
2023-09-29;79.612;3.511;8.541;9.81
2023-10-02;78.84;3.604;9.127;10.242
2023-10-03;78.408;3.657;9.269;10.51
2023-10-04;78.673;3.626;10.07;11.419
2023-10-05;78.983;3.589;10.423;12.052
2023-10-06;78.812;3.611;11.51;13.337
2023-10-09;79.549;3.522;12.021;13.887
2023-10-10;79.607;3.516;11.926;13.759
2023-10-11;80.183;3.447;11.939;13.915
2023-10-12;79.599;3.518;12.48;14.572
2023-10-13;79.964;3.475;12.057;13.808
2023-10-16;79.623;3.517;12.261;14.161
2023-10-17;78.985;3.594;12.072;13.9
2023-10-18;78.631;3.637;12.154;14.288
2023-10-19;78.53;3.651;11.742;13.825
2023-10-20;78.702;3.631;11.278;13.137
2023-10-23;78.947;3.601;12.109;14.087
2023-10-24;79.316;3.557;11.628;13.461
2023-10-25;78.866;3.612;11.378;13.236
2023-10-26;79.167;3.577;11.508;13.484
2023-10-27;79.369;3.553;11.207;13.159
2023-10-30;79.459;3.543;11.398;13.044
2023-10-31;79.563;3.531;11.745;13.52
2023-11-01;79.997;3.479;11.595;13.321
2023-11-02;80.541;3.415;11.518;13.475
2023-11-03;81.254;3.331;11.779;13.758
2023-11-06;80.639;3.405;11.935;13.809
2023-11-07;81.316;3.325;12.014;13.796
2023-11-08;81.736;3.276;12.346;14.142
2023-11-09;81.444;3.312;11.943;13.977
2023-11-10;81.04;3.36;11.875;13.882
2023-11-13;81.095;3.354;12.138;13.99
2023-11-14;81.975;3.251;12.402;14.063
2023-11-15;81.57;3.298;12.151;13.905
2023-11-16;81.928;3.258;12.11;14.09
2023-11-17;82.005;3.249;11.94;13.953
2023-11-20;81.998;3.25;12.382;14.284
2023-11-21;82.336;3.211;12.547;14.343
2023-11-22;82.372;3.207;12.589;14.402
2023-11-23;81.881;3.266;12.179;14.232
2023-11-24;81.732;3.284;12.267;14.269
2023-11-27;82.389;3.207;12.525;14.399
2023-11-28;82.76;3.165;12.663;14.6
2023-11-29;83.237;3.11;12.834;14.484
2023-11-30;83.157;3.12;12.291;14.173
2023-12-01;83.897;3.036;12.723;14.472
2023-12-04;84.091;3.014;12.534;14.399
2023-12-05;85.125;2.897;13.282;14.938
2023-12-06;85.459;2.86;13.015;14.676
2023-12-07;85.57;2.849;12.978;14.82
2023-12-08;84.896;2.925;12.924;14.985
2023-12-11;84.923;2.922;12.992;14.785
2023-12-12;85.367;2.873;13.362;15.05
2023-12-13;85.83;2.821;13.593;15.247
2023-12-14;86.327;2.767;13.571;15.315
2023-12-15;87.276;2.663;13.504;15.218
2023-12-18;86.696;2.727;13.577;15.384
2023-12-19;87.254;2.666;13.792;15.436
2023-12-20;87.688;2.618;13.895;15.427
2023-12-21;87.669;2.622;13.521;15.383
2023-12-22;87.515;2.639;13.842;15.686
2023-12-27;88.215;2.563;14.127;15.509
2023-12-28;87.79;2.61;13.7;15.357
2023-12-29;87.142;2.682;13.638;15.459
2024-01-02;86.841;2.715;14.148;15.803
2024-01-03;87.235;2.672;15.1;16.692
2024-01-04;86.421;2.763;14.633;16.537
2024-01-05;86.115;2.797;14.614;16.421
2024-01-08;86.257;2.782;14.97;16.611
2024-01-09;85.745;2.839;15.09;16.95
2024-01-10;85.614;2.854;14.984;16.854
2024-01-11;85.724;2.843;15.113;17.029
2024-01-12;86.155;2.795;15.6;17.466
2024-01-15;85.852;2.829;15.085;16.962
2024-01-16;85.614;2.856;15.555;17.515
2024-01-17;85.314;2.89;15.184;17.16
2024-01-18;84.934;2.934;15.661;17.699
2024-01-19;85.002;2.927;16.12;18.213
2024-01-22;85.355;2.887;16.262;18.247
2024-01-23;84.756;2.956;16.219;18.269
2024-01-24;84.879;2.942;16.362;18.425
2024-01-25;85.316;2.893;16.523;18.526
2024-01-26;85.271;2.899;16.606;18.619
2024-01-29;85.782;2.841;16.54;18.482
2024-01-30;85.523;2.871;16.464;18.596
2024-01-31;86.221;2.793;16.634;18.684
2024-02-01;86.437;2.769;16.513;18.545
2024-02-02;85.76;2.846;16.345;18.426
2024-02-05;85.126;2.918;16.96;18.798
2024-02-06;85.379;2.89;17.021;18.724
2024-02-07;85.135;2.918;16.887;18.724
2024-02-08;84.904;2.945;16.842;18.856
2024-02-09;84.708;2.968;17.001;19.009
2024-02-12;84.93;2.943;17.192;19.059
2024-02-13;84.753;2.963;16.967;18.978
2024-02-14;85.209;2.912;17.355;19.226
2024-02-15;85.045;2.931;17.503;19.416
2024-02-16;84.802;2.96;17.248;19.325
2024-02-19;84.671;2.975;17.789;19.737
2024-02-20;84.977;2.94;17.735;19.529
2024-02-21;84.476;2.998;18.203;20.245
2024-02-22;84.602;2.985;18.264;20.496
2024-02-23;85.254;2.91;18.153;20.199
2024-02-26;84.557;2.991;18.343;20.461
2024-02-27;84.4;3.009;18.165;20.247
2024-02-28;84.533;2.994;18.328;20.447
2024-02-29;85.035;2.937;18.33;20.582
2024-03-01;85.06;2.935;18.041;20.277
2024-03-04;85.344;2.903;18.183;20.185
2024-03-05;85.962;2.833;18.791;20.605
2024-03-06;85.995;2.829;18.069;19.97
2024-03-07;86.159;2.812;18.392;20.359
2024-03-08;86.513;2.772;18.311;20.313
2024-03-11;86.296;2.797;18.56;20.439
2024-03-12;86.232;2.804;18.685;20.493
2024-03-13;85.919;2.84;18.436;20.356
2024-03-14;85.425;2.898;18.245;20.391
2024-03-15;85.281;2.914;18.274;20.409
2024-03-18;85.147;2.93;18.538;20.495
2024-03-19;85.209;2.923;18.289;20.187
2024-03-20;85.275;2.916;18.444;20.358
2024-03-21;85.429;2.9;18.233;20.326
2024-03-22;86.032;2.831;18.201;20.296
2024-03-25;85.72;2.867;18.276;20.346
2024-03-26;85.902;2.846;18.414;20.355
2024-03-27;86.364;2.796;17.95;20.156
2024-03-28;86.419;2.79;18.15;20.439
2024-04-02;85.507;2.894;17.994;19.986
2024-04-03;85.56;2.888;17.999;20.08
2024-04-04;85.864;2.854;18.049;20.228
2024-04-05;85.511;2.895;17.882;20.124
2024-04-08;85.31;2.919;18.259;20.293
2024-04-09;85.851;2.857;18.325;20.142
2024-04-10;85.356;2.914;18.203;20.33
2024-04-11;84.993;2.957;18.38;20.842
2024-04-12;85.653;2.881;18.277;20.334
2024-04-15;84.994;2.958;18.075;20.238
2024-04-16;84.483;3.017;18.056;20.196
2024-04-17;84.804;2.98;18.591;20.712
2024-04-18;84.575;3.008;18.008;20.312
2024-04-19;84.61;3.005;18.391;20.702
2024-04-22;84.64;3.001;18.411;20.445
2024-04-23;84.524;3.015;18.197;20.268
2024-04-24;83.811;3.099;17.85;20.068
2024-04-25;83.566;3.13;17.648;20.178
2024-04-26;84.127;3.064;17.898;20.282
2024-04-29;84.539;3.016;17.796;20.027
2024-04-30;84.169;3.06;17.761;20.197
2024-05-02;84.52;3.02;17.657;19.934
2024-05-03;84.889;2.977;17.829;20.14
2024-05-06;85.039;2.96;18.281;20.455
2024-05-07;85.519;2.905;18.079;20.093
2024-05-08;85.166;2.946;17.686;19.756
2024-05-09;84.897;2.978;17.728;20.026
2024-05-10;84.767;2.994;17.539;19.934
2024-05-13;84.845;2.985;17.821;19.955
2024-05-14;84.541;3.021;17.88;20.127
2024-05-15;85.528;2.906;17.883;19.884
2024-05-16;85.252;2.94;17.625;19.876
2024-05-17;84.834;2.989;17.918;20.312
2024-05-20;84.737;3.0;17.805;20.053
2024-05-21;85.014;2.968;17.691;19.866
2024-05-22;84.79;2.995;17.746;20.032
2024-05-23;84.455;3.035;17.475;19.985
2024-05-24;84.508;3.03;17.374;19.924
2024-05-27;84.757;3.001;17.765;20.093
2024-05-28;84.423;3.04;17.785;20.284
2024-05-29;83.687;3.128;17.682;20.157
2024-05-30;84.099;3.08;17.421;19.945
2024-05-31;84.028;3.089;17.616;20.329
2024-06-03;84.687;3.012;17.998;20.355
2024-06-04;85.012;2.974;17.745;19.986
2024-06-05;85.13;2.96;18.033;20.286
2024-06-06;84.846;2.995;17.757;20.284
2024-06-07;84.359;3.053;17.77;20.478
2024-06-10;83.826;3.116;17.782;20.378
2024-06-11;84.016;3.094;18.195;20.755
2024-06-12;84.756;3.007;18.238;20.577
2024-06-13;84.917;2.989;18.021;20.543
2024-06-14;85.463;2.925;18.678;21.194
2024-06-17;85.148;2.963;18.202;20.718
2024-06-18;85.405;2.933;18.182;20.701
2024-06-19;85.318;2.943;18.205;20.733
2024-06-20;85.087;2.972;17.973;20.673
2024-06-21;85.125;2.968;17.63;20.21
2024-06-24;85.12;2.968;17.729;20.25
2024-06-25;85.196;2.96;17.772;20.138
2024-06-26;84.847;3.001;17.945;20.34
2024-06-27;84.806;3.007;17.397;19.928
2024-06-28;84.545;3.039;17.596;20.144
2024-07-01;84.035;3.1;17.52;20.001
2024-07-02;84.197;3.081;17.79;20.236
2024-07-03;84.647;3.028;17.423;19.742
2024-07-04;84.429;3.055;17.457;19.98
2024-07-05;84.849;3.005;17.626;20.058
2024-07-08;84.944;2.994;17.82;20.081
2024-07-09;84.65;3.03;17.744;20.08
2024-07-10;85.085;2.979;17.047;19.178
2024-07-11;85.574;2.922;16.849;18.959
2024-07-12;85.309;2.954;16.918;19.125
2024-07-15;85.462;2.936;16.933;19.057
2024-07-16;85.828;2.893;17.054;19.103
2024-07-17;85.864;2.89;17.104;19.176
2024-07-18;85.785;2.9;16.999;19.106
2024-07-19;85.52;2.931;17.085;19.221
2024-07-22;85.377;2.949;17.121;19.182
2024-07-23;85.72;2.909;17.119;19.119
2024-07-24;85.593;2.924;17.476;19.536
2024-07-25;85.795;2.901;17.057;19.053
2024-07-26;85.86;2.894;16.801;18.744
2024-07-29;86.252;2.848;17.206;19.136
2024-07-30;86.434;2.828;17.117;19.042
2024-07-31;86.738;2.792;17.077;18.976
2024-08-01;87.121;2.749;17.113;19.104
2024-08-02;87.509;2.705;17.251;19.223
2024-08-05;87.349;2.723;16.673;18.897
2024-08-06;87.451;2.712;16.107;18.782
2024-08-07;87.025;2.761;16.463;18.884
2024-08-08;87.039;2.761;16.482;18.837
2024-08-09;87.399;2.719;16.28;18.822
2024-08-12;87.463;2.712;16.485;18.905
2024-08-13;87.82;2.672;16.546;18.911
2024-08-14;87.95;2.657;16.362;18.928
2024-08-15;87.399;2.721;15.419;19.048
2024-08-16;87.532;2.706;15.187;18.917
2024-08-19;87.563;2.703;15.535;19.066
2024-08-20;87.894;2.665;15.634;19.387
2024-08-21;88.018;2.651;15.844;19.031
2024-08-22;87.597;2.701;15.457;19.367
2024-08-23;87.753;2.683;15.282;19.194
2024-08-26;87.551;2.707;15.523;18.988
2024-08-27;87.251;2.742;16.469;19.176
2024-08-28;87.472;2.716;17.265;19.906
2024-08-29;87.355;2.731;15.667;19.672
2024-08-30;87.127;2.758;16.409;20.365
2024-09-02;86.822;2.793;17.022;20.991
2024-09-03;87.279;2.741;17.458;21.094
2024-09-04;87.579;2.706;18.714;21.476
2024-09-05;87.765;2.685;18.27;21.222
2024-09-06;88.005;2.658;17.568;21.64
2024-09-09;88.078;2.65;18.785;21.83
2024-09-10;88.356;2.618;17.961;21.693
2024-09-11;88.382;2.616;18.015;22.256
2024-09-12;88.127;2.646;18.929;22.235
2024-09-13;88.099;2.649;19.085;22.45
2024-09-16;88.339;2.622;18.814;22.615
2024-09-17;88.097;2.65;19.185;23.16
2024-09-18;87.699;2.696;19.355;23.586
2024-09-19;87.572;2.712;19.309;23.76
2024-09-20;87.543;2.716;19.61;24.251
2024-09-23;87.816;2.684;20.967;25.315
2024-09-24;87.753;2.692;21.633;26.099
2024-09-25;87.649;2.704;22.629;26.396
2024-09-26;87.599;2.711;21.839;26.526
2024-09-27;88.069;2.657;22.077;26.674
2024-09-30;88.157;2.647;22.006;26.543
2024-10-01;88.854;2.567;22.71;26.999
2024-10-02;88.422;2.617;22.366;26.746
2024-10-03;87.981;2.669;22.471;27.207
2024-10-04;87.496;2.726;22.379;27.289
2024-10-07;87.031;2.78;23.501;27.701
2024-10-08;87.142;2.768;23.491;27.587
2024-10-09;87.029;2.781;22.527;27.509
2024-10-10;87.075;2.777;23.225;27.429
2024-10-11;87.138;2.77;23.184;27.317
2024-10-14;87.22;2.76;22.793;27.565
2024-10-15;87.701;2.705;22.848;27.439
2024-10-16;87.926;2.679;23.143;27.645
2024-10-17;87.81;2.693;24.025;27.854
2024-10-18;88.074;2.663;23.423;27.95
2024-10-21;87.427;2.738;24.112;28.045
2024-10-22;87.217;2.763;23.636;28.584
2024-10-23;87.28;2.756;25.439;29.235
2024-10-24;87.503;2.731;25.208;30.191
2024-10-25;87.401;2.743;26.82;31.101
2024-10-28;87.411;2.743;27.31;32.341
2024-10-29;87.191;2.769;28.806;34.085
2024-10-30;86.718;2.825;30.434;36.17
2024-10-31;86.701;2.828;32.221;38.284
2024-11-01;86.569;2.844;34.633;39.786
2024-11-04;86.405;2.864;35.894;42.004
2024-11-05;86.044;2.907;36.82;42.094
2024-11-06;86.445;2.86;37.075;43.157
2024-11-07;86.206;2.89;38.65;45.36
2024-11-08;86.714;2.829;39.51;46.228
2024-11-11;87.11;2.783;40.983;46.421
2024-11-12;86.86;2.813;39.873;46.339
2024-11-13;86.776;2.823;39.987;46.568
2024-11-14;87.266;2.766;39.905;46.311
2024-11-15;87.177;2.777;41.484;48.054
2024-11-18;87.002;2.798;42.877;49.709
2024-11-19;87.0;2.798;40.069;46.875
2024-11-20;86.803;2.822;41.739;48.618
2024-11-21;86.904;2.811;40.353;45.893
2024-11-22;87.53;2.737;40.293;45.323
2024-11-25;87.821;2.703;38.818;44.747
2024-11-26;87.781;2.708;39.363;44.579
2024-11-27;87.996;2.683;38.411;44.342
2024-11-28;88.3;2.649;38.886;43.827
2024-11-29;88.66;2.607;38.843;43.636
2024-12-02;89.141;2.551;38.513;43.835
2024-12-03;89.274;2.536;37.971;43.407
2024-12-04;89.225;2.542;38.21;43.675
2024-12-05;88.857;2.586;37.895;43.467
2024-12-06;89.028;2.566;37.81;43.221
2024-12-09;88.982;2.572;38.761;43.182
2024-12-10;88.934;2.578;37.912;43.113
2024-12-11;88.874;2.585;38.496;42.92
2024-12-12;88.25;2.659;37.347;42.942
2024-12-13;87.846;2.707;37.22;43.117
2024-12-16;88.035;2.685;37.504;43.123
2024-12-17;88.131;2.674;38.776;43.423
2024-12-18;87.937;2.697;38.455;43.154
2024-12-19;87.441;2.757;38.19;43.185
2024-12-20;87.583;2.74;37.331;43.166
2024-12-23;87.312;2.773;38.313;43.279
2024-12-24;87.318;2.774;37.491;43.318
2024-12-27;86.839;2.831;37.923;42.864
2024-12-30;87.073;2.804;37.206;42.946
2024-12-31;87.089;2.802;36.717;42.535
2025-01-02;86.944;2.821;37.108;42.906
2025-01-03;86.633;2.859;37.136;43.146
2025-01-06;86.409;2.886;36.994;42.889
2025-01-07;86.134;2.92;36.918;42.794
2025-01-08;85.857;2.954;36.457;42.362
2025-01-09;85.762;2.967;37.369;42.285
2025-01-10;85.555;2.992;36.315;42.32
2025-01-13;85.368;3.016;37.319;42.238
2025-01-14;85.104;3.049;36.773;41.645
2025-01-15;85.926;2.948;36.831;41.432
2025-01-16;86.117;2.926;35.624;41.113
2025-01-17;86.237;2.912;36.993;41.493
2025-01-20;86.277;2.907;36.87;41.296
2025-01-21;86.411;2.891;37.061;41.456
2025-01-22;86.287;2.907;36.791;41.2
2025-01-23;86.229;2.915;36.559;40.887
2025-01-24;86.084;2.933;35.439;40.747
2025-01-27;86.302;2.907;35.055;40.206
2025-01-28;86.095;2.932;35.122;40.323
2025-01-29;85.961;2.949;34.845;39.983
2025-01-30;86.518;2.882;34.513;39.537
2025-01-31;87.084;2.814;34.429;39.297
2025-02-03;87.664;2.745;34.559;39.514
2025-02-04;87.66;2.746;34.083;39.263
2025-02-05;87.914;2.715;34.133;39.186
2025-02-06;87.863;2.723;33.972;39.114
2025-02-07;87.957;2.712;33.745;38.812
2025-02-10;88.037;2.702;34.158;39.198
2025-02-11;87.457;2.772;34.009;39.149
2025-02-12;87.107;2.815;33.6;38.785
2025-02-13;87.443;2.775;33.58;38.625
2025-02-14;87.225;2.802;33.137;38.22
2025-02-17;86.955;2.835;33.581;38.872
2025-02-18;86.951;2.836;33.48;38.768
2025-02-19;86.564;2.883;33.616;39.097
2025-02-20;86.715;2.866;33.331;38.906
2025-02-21;87.137;2.815;33.283;38.752
2025-02-24;87.18;2.81;33.16;38.653
2025-02-25;87.403;2.784;33.152;38.637
2025-02-26;87.587;2.762;33.187;38.695
2025-02-27;87.709;2.748;33.187;38.749
2025-02-28;87.751;2.743;33.177;38.885
2025-03-03;87.273;2.801;32.659;38.527
2025-03-04;87.213;2.809;32.91;38.755
2025-03-05;85.195;3.058;34.047;40.764
2025-03-06;84.837;3.104;34.503;40.141
2025-03-07;84.65;3.128;34.148;40.965
2025-03-10;84.665;3.126;34.007;40.753
2025-03-11;84.255;3.178;33.383;40.178
2025-03-12;84.507;3.147;33.58;40.382
2025-03-13;84.594;3.137;33.592;40.41
2025-03-14;84.334;3.171;33.177;39.917
2025-03-17;84.744;3.119;34.55;39.758
2025-03-18;84.845;3.107;33.168;39.58
2025-03-19;84.949;3.094;33.359;39.438
2025-03-20;85.081;3.079;32.958;39.377
2025-03-21;85.081;3.08;32.684;39.171
2025-03-24;85.027;3.087;32.712;39.114
2025-03-25;84.834;3.112;32.01;38.398
2025-03-26;84.872;3.107;31.637;38.044
2025-03-27;85.018;3.09;31.509;37.911
2025-03-28;85.332;3.051;31.477;37.915
2025-03-31;85.348;3.05;31.245;37.601
2025-04-01;85.749;3.0;31.497;37.812
2025-04-02;85.54;3.026;31.539;37.842
2025-04-03;86.096;2.958;31.584;37.872
2025-04-04;86.267;2.937;30.892;37.181
2025-04-07;85.951;2.977;29.788;35.815
2025-04-08;86.033;2.967;29.733;36.08
2025-04-09;85.988;2.973;29.432;35.441
2025-04-10;86.355;2.929;29.537;35.783
2025-04-11;86.253;2.942;29.369;35.326
2025-04-14;86.828;2.871;29.945;35.696
2025-04-15;86.628;2.896;29.586;35.388
2025-04-16;86.705;2.889;29.172;35.145
2025-04-17;86.96;2.857;29.158;35.089
2025-04-22;87.195;2.829;29.367;34.817
2025-04-23;87.045;2.848;29.584;35.458
2025-04-24;87.348;2.812;29.416;35.058
2025-04-25;87.29;2.819;29.413;35.057
2025-04-28;86.929;2.864;29.2;34.928
2025-04-29;87.101;2.843;29.366;35.013
2025-04-30;87.444;2.802;29.364;34.953
2025-05-02;86.92;2.867;29.346;35.02
2025-05-05;87.07;2.849;29.277;34.849
2025-05-06;86.949;2.864;29.344;34.795
2025-05-07;87.445;2.804;29.673;34.929
2025-05-08;87.032;2.856;29.021;34.63
2025-05-09;86.819;2.882;29.053;34.831
2025-05-12;86.314;2.946;29.126;35.069
2025-05-13;86.034;2.981;28.983;34.956
2025-05-14;85.878;3.001;28.914;34.795
2025-05-15;86.498;2.925;29.011;34.697
2025-05-16;86.662;2.905;29.095;34.752
2025-05-19;86.641;2.908;28.997;34.693
2025-05-20;86.437;2.934;29.085;34.835
2025-05-21;86.203;2.963;28.66;34.495
2025-05-22;86.113;2.976;28.432;34.348
2025-05-23;86.554;2.921;29.514;33.978
2025-05-26;86.676;2.906;29.693;34.104
2025-05-27;87.002;2.866;29.639;34.107
2025-05-28;86.786;2.893;29.421;34.024
2025-05-29;87.1;2.855;28.639;33.004
2025-05-30;87.124;2.853;28.82;33.157
2025-06-02;87.013;2.867;28.527;32.77
2025-06-03;87.031;2.865;28.132;32.219
2025-06-04;87.004;2.869;28.351;32.487
2025-06-05;86.611;2.919;27.777;32.25
2025-06-06;86.612;2.919;27.326;31.786
2025-06-09;86.748;2.903;26.797;30.967
2025-06-10;87.077;2.862;26.547;30.581
2025-06-11;87.054;2.865;25.633;29.625
2025-06-12;87.408;2.822;25.327;29.122
2025-06-13;87.079;2.863;24.927;28.831
2025-06-16;87.184;2.851;24.668;28.399
2025-06-17;87.166;2.853;24.414;28.073
2025-06-18;87.469;2.816;24.093;27.63
2025-06-19;87.253;2.844;23.765;27.393
2025-06-20;87.345;2.833;23.684;27.307
2025-06-23;87.469;2.818;23.794;27.245
2025-06-24;87.27;2.843;23.545;26.91
2025-06-25;87.191;2.853;23.347;26.679
2025-06-26;87.142;2.861;23.131;26.448
2025-06-27;87.047;2.873;23.42;26.875
2025-06-30;86.891;2.893;23.231;26.535
2025-07-01;87.169;2.858;23.442;26.643
2025-07-02;86.866;2.897;23.237;26.56
2025-07-03;87.159;2.861;23.306;26.555
2025-07-04;87.158;2.862;23.125;26.365
2025-07-07;86.947;2.889;23.152;26.341
2025-07-08;86.665;2.924;22.937;26.176
2025-07-09;86.775;2.911;23.014;26.144
2025-07-10;86.621;2.932;22.937;26.084
2025-07-11;86.431;2.956;22.99;26.206
2025-07-14;86.281;2.976;22.805;25.93
2025-07-15;86.413;2.959;22.908;25.931
2025-07-16;86.59;2.937;22.77;25.753
2025-07-17;86.713;2.923;22.75;25.706
2025-07-18;86.574;2.941;22.59;25.569
2025-07-21;87.157;2.868;22.635;25.423
2025-07-22;87.265;2.854;22.375;25.109
2025-07-23;86.999;2.888;21.762;24.431
2025-07-24;86.655;2.933;21.734;24.464
2025-07-25;86.565;2.945;21.892;24.622
2025-07-28;86.744;2.922;21.611;24.231
2025-07-29;86.626;2.938;21.432;24.141
2025-07-30;86.617;2.939;21.68;24.312
2025-07-31;86.75;2.924;21.364;23.998
2025-08-01;86.81;2.916;21.439;24.12
2025-08-04;87.248;2.861;21.375;23.905
2025-08-05;87.299;2.855;20.84;23.315
2025-08-06;87.147;2.875;20.875;23.298
2025-08-07;87.368;2.848;20.888;23.32
2025-08-08;87.001;2.895;20.49;22.971
2025-08-11;87.028;2.892;20.19;22.595
2025-08-12;86.767;2.925;19.675;21.995
2025-08-13;87.2;2.871;19.59;21.812
2025-08-14;86.983;2.9;19.34;21.563
2025-08-15;86.516;2.959;18.905;21.18
2025-08-18;86.763;2.928;19.003;21.181
2025-08-19;86.886;2.913;18.917;21.1
2025-08-20;87.108;2.885;18.887;21.104
2025-08-21;86.799;2.926;18.552;20.974
2025-08-22;87.118;2.886;18.505;20.989
2025-08-25;86.774;2.93;18.175;20.539
2025-08-26;87.046;2.895;18.233;20.634
2025-08-27;87.206;2.875;18.227;20.58
2025-08-28;87.295;2.865;18.325;20.712
2025-08-29;87.145;2.885;18.338;20.726
2025-09-01;87.009;2.902;18.468;20.763
2025-09-02;86.568;2.959;20.191;22.756
2025-09-03;86.838;2.925;21.013;23.553
2025-09-04;86.968;2.91;20.87;23.463
2025-09-05;87.273;2.871;20.875;23.421
2025-09-08;87.465;2.847;21.084;23.467
2025-09-09;87.323;2.866;21.273;23.707
2025-09-10;87.371;2.86;21.134;23.49
2025-09-11;87.431;2.853;21.092;23.532
2025-09-12;86.97;2.913;21.21;23.818
2025-09-15;87.122;2.894;21.302;23.842
2025-09-16;87.119;2.894;21.046;23.641
2025-09-17;87.291;2.873;21.057;23.637
2025-09-18;86.935;2.919;20.739;23.378
2025-09-19;86.826;2.934;20.78;23.401
2025-09-22;86.799;2.938;20.881;23.389
2025-09-23;86.784;2.94;20.674;23.247
2025-09-24;86.709;2.95;20.525;23.064
2025-09-25;86.54;2.973;20.533;23.168
2025-09-26;86.712;2.951;20.687;23.207
2025-09-29;87.026;2.911;20.719;23.171
2025-09-30;86.992;2.916;20.612;23.145
2025-10-01;87.023;2.913;20.423;23.034
2025-10-02;87.088;2.905;20.29;22.948
2025-10-03;87.079;2.907;20.186;22.767
2025-10-06;86.901;2.93;20.134;22.587
2025-10-07;86.959;2.923;20.124;22.545
2025-10-08;87.223;2.89;20.058;22.436
2025-10-09;87.051;2.913;20.004;22.518
2025-10-10;87.386;2.87;19.918;22.354
2025-10-13;87.465;2.861;20.024;22.3
2025-10-14;87.676;2.834;20.22;22.461
2025-10-15;87.956;2.799;19.674;21.842
2025-10-16;87.991;2.795;19.718;21.952
2025-10-17;87.935;2.803;19.336;21.496
2025-10-20;87.977;2.798;19.634;21.776
2025-10-21;88.156;2.775;19.746;21.769
2025-10-22;88.036;2.791;19.607;21.743
2025-10-23;87.911;2.808;19.425;21.702
2025-10-24;87.623;2.845;19.456;21.785
2025-10-27;87.766;2.827;19.899;21.999
2025-10-28;87.681;2.839;19.659;21.748
2025-10-29;87.685;2.838;19.681;21.788
2025-10-30;87.532;2.859;19.306;21.516
2025-10-31;87.581;2.853;19.345;21.49
2025-11-03;87.378;2.88;19.148;21.173
2025-11-04;87.473;2.868;19.022;21.053
2025-11-05;87.346;2.885;18.705;20.78
2025-11-06;87.51;2.865;18.63;20.783
2025-11-07;87.299;2.892;18.62;20.845
2025-11-10;87.338;2.888;18.656;20.777
2025-11-11;87.389;2.882;18.669;20.768
2025-11-12;87.421;2.878;18.763;20.814
2025-11-13;87.115;2.919;17.922;20.038
2025-11-14;86.901;2.947;17.336;19.46
2025-11-17;86.925;2.944;17.082;19.089
2025-11-18;86.963;2.94;16.696;18.544
2025-11-19;86.944;2.943;16.197;18.019
2025-11-20;87.016;2.934;15.573;17.51
2025-11-21;87.133;2.92;15.641;17.639
2025-11-24;87.187;2.913;15.702;17.623
2025-11-25;87.305;2.898;15.607;17.49
2025-11-26;87.309;2.898;15.432;17.325
2025-11-27;87.293;2.901;15.303;17.297
2025-11-28;87.167;2.918;15.166;17.205
2025-12-01;86.816;2.964;15.08;17.018
2025-12-02;86.886;2.956;15.21;17.152
2025-12-03;86.929;2.95;15.382;17.381
2025-12-04;86.809;2.967;15.347;17.392
2025-12-05;86.585;2.997;15.39;17.376
2025-12-08;86.047;3.069;15.253;17.188
2025-12-09;86.057;3.068;15.398;17.248
2025-12-10;86.108;3.061;15.408;17.275
2025-12-11;86.143;3.058;15.222;17.155
2025-12-12;85.967;3.082;15.07;17.041
2025-12-15;85.942;3.086;15.038;16.909
2025-12-16;85.991;3.08;14.793;16.622
2025-12-17;85.903;3.092;14.22;16.108
2025-12-18;86.078;3.07;13.747;15.72
2025-12-19;85.783;3.11;13.649;15.689
2025-12-22;85.753;3.114;13.802;15.715
2025-12-23;85.976;3.087;13.52;15.566
2025-12-24;85.949;3.091;13.588;15.734
2025-12-29;86.173;3.061;13.663;15.508
2025-12-30;86.065;3.077;13.416;15.288
2025-12-31;86.044;3.081;14.342;16.512
2026-01-02;85.851;3.107;13.005;15.013
2026-01-05;86.144;3.068;12.999;14.842
2026-01-06;86.431;3.031;11.97;13.628
2026-01-07;86.803;2.982;10.859;12.335
2026-01-08;86.734;2.992;10.676;12.181
2026-01-09;86.756;2.99;10.687;12.176
2026-01-12;86.987;2.96;10.984;12.35
2026-01-13;86.933;2.967;11.458;12.849
2026-01-14;87.102;2.945;10.905;12.204
2026-01-15;87.076;2.95;11.036;12.422
2026-01-16;86.935;2.969;11.019;12.401
2026-01-19;86.833;2.983;11.529;12.907
2026-01-20;86.723;2.998;10.964;12.287
2026-01-21;86.588;3.016;10.973;12.311
2026-01-22;86.528;3.026;11.33;12.745
2026-01-23;86.455;3.036;10.601;11.924
2026-01-26;86.722;3.001;10.573;11.847
2026-01-27;86.712;3.003;10.474;11.737
2026-01-28;86.872;2.982;10.382;11.627
2026-01-29;87.004;2.966;10.211;11.449
2026-01-30;87.018;2.964;10.415;11.579
2026-02-02;86.876;2.983;10.264;11.449
2026-02-03;86.757;3.0;10.086;11.218
2026-02-04;86.956;2.974;10.169;11.236
2026-02-05;87.058;2.961;10.207;11.294
2026-02-06;87.096;2.957;10.085;11.291
2026-02-09;87.164;2.948;10.003;11.305
2026-02-10;87.246;2.938;9.78;11.17
