;px_last;yld_ytm_mid;asset_swap_spd_mid;z_sprd_mid
2010-05-17;99.393;3.784;32.85;34.19
2010-05-18;100.117;3.744;39.63;40.945
2010-05-19;101.076;3.693;34.49;35.342
2010-05-20;103.143;3.583;36.339;36.558
2010-05-21;104.525;3.512;31.948;31.855
2010-05-24;104.686;3.503;33.753;33.545
2010-05-25;106.312;3.421;35.855;35.167
2010-05-26;105.077;3.483;37.217;36.847
2010-05-27;104.211;3.528;32.942;32.917
2010-05-28;104.941;3.49;33.109;32.935
2010-05-31;105.353;3.469;30.777;30.484
2010-06-01;105.622;3.456;28.56;28.193
2010-06-02;105.678;3.453;30.774;30.387
2010-06-03;104.84;3.495;29.09;28.945
2010-06-04;105.795;3.447;28.017;27.685
2010-06-07;105.444;3.464;27.84;27.603
2010-06-08;106.204;3.426;29.519;29.127
2010-06-09;106.284;3.422;28.175;27.79
2010-06-10;105.916;3.44;24.396;24.12
2010-06-11;106.803;3.396;23.702;23.34
2010-06-14;105.233;3.475;29.894;29.734
2010-06-15;104.595;3.508;28.715;28.695
2010-06-16;104.489;3.513;28.034;28.094
2010-06-17;104.65;3.505;27.516;27.538
2010-06-18;104.068;3.535;25.73;25.857
2010-06-21;103.396;3.569;25.884;26.156
2010-06-22;104.758;3.499;27.095;27.076
2010-06-23;105.086;3.482;23.035;23.03
2010-06-24;105.555;3.458;24.533;24.433
2010-06-25;105.277;3.472;23.408;23.383
2010-06-28;106.121;3.43;20.139;19.98
2010-06-29;106.626;3.404;21.052;20.802
2010-06-30;106.822;3.395;19.712;19.44
2010-07-01;107.717;3.35;16.012;15.709
2010-07-02;107.17;3.377;17.541;17.286
2010-07-05;107.827;3.345;17.085;16.765
2010-07-06;107.04;3.384;17.387;17.171
2010-07-07;106.813;3.395;17.099;16.916
2010-07-08;106.703;3.4;17.15;16.981
2010-07-09;106.785;3.396;17.266;17.107
2010-07-12;107.434;3.364;20.569;20.274
2010-07-13;106.745;3.398;19.625;19.443
2010-07-14;106.272;3.422;19.219;19.114
2010-07-15;106.494;3.411;17.155;17.028
2010-07-16;106.902;3.39;19.03;18.835
2010-07-19;106.035;3.434;17.59;17.521
2010-07-20;106.438;3.413;16.743;16.636
2010-07-21;106.262;3.422;16.753;16.676
2010-07-22;105.791;3.446;15.9;15.882
2010-07-23;105.498;3.461;15.419;15.422
2010-07-26;104.463;3.514;15.515;15.608
2010-07-27;104.327;3.521;15.151;15.269
2010-07-28;104.05;3.535;17.009;17.185
2010-07-29;104.248;3.525;17.213;17.38
2010-07-30;105.416;3.465;13.765;13.799
2010-08-02;104.89;3.492;13.226;13.303
2010-08-03;106.285;3.421;15.838;15.755
2010-08-04;106.82;3.394;13.968;13.854
2010-08-05;108.087;3.331;13.659;13.414
2010-08-06;108.76;3.298;15.092;14.768
2010-08-09;108.265;3.322;15.094;14.832
2010-08-10;107.569;3.357;19.637;19.378
2010-08-11;109.373;3.268;20.221;19.742
2010-08-12;109.485;3.263;21.43;20.898
2010-08-13;109.779;3.249;24.839;24.165
2010-08-16;111.902;3.148;;
2010-08-17;112.308;3.129;23.357;22.28
2010-08-18;113.08;3.093;22.011;20.899
2010-08-19;113.607;3.069;22.899;21.695
2010-08-20;115.233;2.995;21.406;20.078
2010-08-23;115.038;3.004;18.055;16.992
2010-08-24;117.887;2.877;21.131;19.492
2010-08-25;119.996;2.786;16.405;14.938
2010-08-26;120.858;2.749;16.116;14.588
2010-08-27;120.162;2.779;15.193;13.79
2010-08-30;120.743;2.754;20.297;18.35
2010-08-31;121.146;2.737;21.53;19.401
2010-09-01;118.238;2.861;21.68;19.909
2010-09-02;116.035;2.958;18.059;16.839
2010-09-03;113.772;3.061;16.632;15.742
2010-09-06;113.947;3.053;19.866;18.759
2010-09-07;116.258;2.948;18.404;17.115
2010-09-08;115.781;2.969;19.458;18.13
2010-09-09;115.369;2.988;16.947;15.821
2010-09-10;113.516;3.072;17.453;16.491
2010-09-13;112.611;3.114;16.188;15.405
2010-09-14;113.741;3.062;16.564;15.646
2010-09-15;112.376;3.125;15.918;15.165
2010-09-16;110.595;3.209;15.769;15.204
2010-09-17;112.011;3.142;13.422;12.812
2010-09-20;111.444;3.168;13.469;12.903
2010-09-21;112.076;3.139;13.251;12.622
2010-09-22;113.753;3.061;14.99;14.132
2010-09-23;114.888;3.009;11.742;11.009
2010-09-24;113.123;3.09;16.14;15.298
2010-09-27;115.009;3.003;16.223;15.179
2010-09-28;115.621;2.976;16.057;14.964
2010-09-29;115.725;2.971;16.156;15.035
2010-09-30;115.577;2.978;17.654;16.406
2010-10-01;115.876;2.964;15.066;13.974
2010-10-04;116.535;2.935;16.67;15.389
2010-10-05;115.671;2.973;16.582;15.384
2010-10-06;116.464;2.938;17.12;15.81
2010-10-07;115.442;2.983;17.294;16.069
2010-10-08;115.517;2.98;18.326;17.023
2010-10-11;115.302;2.99;18.86;17.545
2010-10-12;116.176;2.95;15.153;14.025
2010-10-13;114.976;3.004;20.674;19.265
2010-10-14;114.532;3.024;18.769;17.55
2010-10-15;112.833;3.103;20.701;19.564
2010-10-18;113.21;3.085;15.718;14.818
2010-10-19;112.807;3.104;14.776;13.96
2010-10-20;113.25;3.083;12.473;11.732
2010-10-21;112.486;3.118;14.834;13.974
2010-10-22;113.367;3.078;15.224;14.243
2010-10-25;113.849;3.055;13.37;12.479
2010-10-26;113.239;3.083;15.806;14.759
2010-10-27;111.893;3.146;16.033;15.119
2010-10-28;112.172;3.133;16.219;15.257
2010-10-29;113.005;3.094;16.835;15.756
2010-11-01;114.121;3.043;18.355;17.034
2010-11-02;114.818;3.011;16.392;15.163
2010-11-03;116.189;2.949;11.203;10.277
2010-11-04;114.702;3.016;15.006;13.97
2010-11-05;114.322;3.033;14.743;13.988
2010-11-08;114.405;3.029;12.867;12.279
2010-11-09;114.01;3.047;11.657;11.173
2010-11-10;113.321;3.079;13.093;12.58
2010-11-11;113.427;3.074;10.973;10.571
2010-11-12;112.022;3.14;11.001;10.724
2010-11-15;110.826;3.196;14.497;14.102
2010-11-16;109.38;3.266;13.286;13.107
2010-11-17;110.059;3.233;10.097;9.982
2010-11-18;107.947;3.336;6.005;6.178
2010-11-19;108.261;3.32;10.384;10.431
2010-11-22;109.101;3.279;10.491;10.48
2010-11-23;111.093;3.183;9.924;9.747
2010-11-24;108.833;3.292;8.638;8.678
2010-11-25;108.195;3.323;5.535;5.713
2010-11-26;108.084;3.329;7.804;7.898
2010-11-29;107.764;3.345;7.619;7.713
2010-11-30;109.666;3.251;8.121;8.114
2010-12-01;107.318;3.367;4.82;4.984
2010-12-02;107.038;3.381;4.726;4.899
2010-12-03;105.181;3.475;9.627;9.782
2010-12-06;105.449;3.461;8.986;9.115
2010-12-07;103.841;3.544;8.818;9.032
2010-12-08;103.401;3.567;10.552;10.764
2010-12-09;105.106;3.479;9.08;9.163
2010-12-10;105.24;3.472;3.983;4.148
2010-12-13;104.126;3.529;8.822;8.958
2010-12-14;102.697;3.604;6.595;6.8
2010-12-15;102.862;3.596;3.435;3.611
2010-12-16;102.397;3.62;4.076;4.205
2010-12-17;102.904;3.593;5.378;5.501
2010-12-20;104.581;3.506;0.141;0.238
2010-12-21;104.111;3.53;2.021;2.089
2010-12-22;104.751;3.497;1.031;1.036
2010-12-23;104.146;3.528;0.321;0.333
2010-12-24;104.192;3.526;-0.011;0.002
2010-12-27;103.373;3.568;1.871;1.885
2010-12-28;104.684;3.5;;
2010-12-29;103.521;3.561;2.11;2.124
2010-12-30;104.599;3.505;1.89;1.889
2010-12-31;104.605;3.504;2.5;2.509
2011-01-03;105.575;3.454;3.169;3.136
2011-01-04;105.887;3.438;4.505;4.448
2011-01-05;104.403;3.515;3.775;3.769
2011-01-06;104.55;3.507;7.178;7.158
2011-01-07;104.916;3.488;9.09;9.046
2011-01-10;104.664;3.501;7.973;7.949
2011-01-11;104.144;3.528;7.67;7.696
2011-01-12;102.193;3.631;5.627;5.703
2011-01-13;103.107;3.582;5.518;5.533
2011-01-14;103.608;3.556;1.33;1.348
2011-01-17;103.66;3.553;1.871;1.889
2011-01-18;102.973;3.589;2.959;2.993
2011-01-19;102.725;3.602;3.366;3.409
2011-01-20;101.588;3.663;2.764;2.822
2011-01-21;101.658;3.66;5.35;5.438
2011-01-24;102.13;3.634;2.43;2.472
2011-01-25;101.84;3.65;5.626;5.72
2011-01-26;100.865;3.702;6.103;6.243
2011-01-27;100.703;3.711;7.179;7.337
2011-01-28;101.76;3.654;3.769;3.831
2011-01-31;101.573;3.664;-0.387;-0.377
2011-02-01;100.173;3.74;4.116;4.236
2011-02-02;99.655;3.769;4.364;4.505
2011-02-03;100.305;3.733;4.338;4.458
2011-02-04;99.638;3.77;4.787;4.938
2011-02-07;99.663;3.768;5.849;6.032
2011-02-08;99.358;3.785;4.246;4.397
2011-02-09;98.445;3.836;6.505;6.773
2011-02-10;98.473;3.835;6.218;6.478
2011-02-11;98.685;3.823;5.717;5.954
2011-02-14;98.568;3.83;5.268;5.492
2011-02-15;98.81;3.816;4.279;4.458
2011-02-16;99.633;3.77;5.47;5.658
2011-02-17;100.385;3.728;5.735;5.899
2011-02-18;99.445;3.78;5.436;5.628
2011-02-21;100.68;3.712;2.93;3.014
2011-02-22;101.55;3.665;3.297;3.366
2011-02-23;101.94;3.644;2.655;2.704
2011-02-24;102.02;3.64;2.139;2.18
2011-02-25;101.815;3.651;2.129;2.172
2011-02-28;101.533;3.666;3.378;3.447
2011-03-01;101.358;3.675;3.978;4.062
2011-03-02;100.975;3.696;3.715;3.803
2011-03-03;99.153;3.797;4.34;4.494
2011-03-04;99.793;3.761;5.514;5.679
2011-03-07;99.69;3.767;4.212;4.348
2011-03-08;98.85;3.814;5.853;6.073
2011-03-09;99.295;3.789;4.95;5.122
2011-03-10;100.078;3.745;3.084;3.181
2011-03-11;101.07;3.691;-0.136;-0.124
2011-03-14;100.733;3.709;1.094;1.133
2011-03-15;102.18;3.631;-0.189;-0.178
2011-03-16;102.73;3.601;-0.251;-0.242
2011-03-17;100.77;3.707;1.449;1.499
2011-03-18;100.238;3.736;2.247;2.325
2011-03-21;99.62;3.77;0.936;0.983
2011-03-22;99.15;3.797;2.752;2.866
2011-03-23;99.45;3.78;3.983;4.133
2011-03-24;98.895;3.811;0.981;1.035
2011-03-25;98.395;3.839;2.493;2.613
2011-03-28;98.278;3.846;3.09;3.239
2011-03-29;97.76;3.875;2.089;2.2
2011-03-30;97.805;3.873;2.671;2.809
2011-03-31;97.623;3.883;2.326;2.449
2011-04-01;97.168;3.909;3.716;3.913
2011-04-04;97.188;3.908;3.639;3.837
2011-04-05;96.68;3.937;3.992;4.224
2011-04-06;95.818;3.988;5.017;5.337
2011-04-07;95.78;3.99;7.039;7.483
2011-04-08;94.773;4.049;5.881;6.31
2011-04-11;94.75;4.051;5.373;5.763
2011-04-12;95.463;4.009;4.484;4.789
2011-04-13;95.826;3.987;5.396;5.748
2011-04-14;96.013;3.976;2.488;2.655
2011-04-15;96.841;3.928;2.653;2.809
2011-04-18;98.528;3.832;2.867;2.996
2011-04-19;98.251;3.847;1.735;1.82
2011-04-20;97.643;3.882;3.051;3.209
2011-04-21;97.99;3.862;3.726;3.909
2011-04-22;97.991;3.862;3.49;3.66
2011-04-25;97.991;3.862;3.494;3.661
2011-04-26;98.191;3.851;4.515;4.722
2011-04-27;97.628;3.883;2.466;2.595
2011-04-28;98.718;3.821;0.406;0.435
2011-04-29;99.218;3.793;1.26;1.316
2011-05-02;99.173;3.795;0.528;0.56
2011-05-03;98.416;3.838;4.324;4.509
2011-05-04;97.958;3.864;4.514;4.721
2011-05-05;98.831;3.814;5.047;5.244
2011-05-06;99.826;3.759;7.647;7.883
2011-05-09;100.731;3.709;5.562;5.704
2011-05-10;100.503;3.721;4.53;4.658
2011-05-11;100.333;3.731;6.537;6.725
2011-05-12;100.516;3.721;1.103;1.145
2011-05-13;101.078;3.69;3.171;3.253
2011-05-16;100.131;3.742;5.402;5.576
2011-05-17;100.691;3.711;3.42;3.517
2011-05-18;100.228;3.737;3.733;3.854
2011-05-19;100.331;3.731;3.975;4.097
2011-05-20;101.158;3.685;3.855;3.953
2011-05-23;101.963;3.642;3.403;3.474
2011-05-24;101.053;3.691;4.947;5.075
2011-05-25;101.273;3.679;3.787;3.885
2011-05-26;102.176;3.63;3.976;4.052
2011-05-27;102.468;3.615;2.61;2.66
2011-05-30;102.699;3.602;1.63;1.661
2011-05-31;101.928;3.644;2.702;2.761
2011-06-01;102.325;3.622;2.056;2.103
2011-06-02;102.089;3.635;-1.029;-1.038
2011-06-03;101.158;3.685;3.068;3.158
2011-06-06;101.651;3.659;3.878;3.969
2011-06-07;100.376;3.728;5.245;5.415
2011-06-08;100.866;3.701;5.367;5.528
2011-06-09;101.124;3.687;3.281;3.386
2011-06-10;102.083;3.635;5.879;6.014
2011-06-13;102.101;3.634;4.131;4.233
2011-06-14;100.929;3.698;3.767;3.893
2011-06-15;101.481;3.668;3.596;3.711
2011-06-16;101.481;3.668;0.421;0.442
2011-06-17;100.626;3.714;4.283;4.44
2011-06-20;99.891;3.755;5.943;6.195
2011-06-21;99.256;3.791;4.603;4.836
2011-06-22;99.396;3.783;4.919;5.175
2011-06-23;101.003;3.694;3.24;3.364
2011-06-24;101.158;3.685;3.755;3.896
2011-06-27;100.008;3.749;2.419;2.537
2011-06-28;99.223;3.792;0.577;0.621
2011-06-29;98.475;3.835;0.288;0.317
2011-06-30;97.735;3.877;4.544;4.849
2011-07-01;98.463;3.835;3.085;3.276
2011-07-04;99.008;3.805;2.56;2.705
2011-07-05;99.465;3.779;2.838;2.981
2011-07-06;100.58;3.717;2.59;2.699
2011-07-07;100.24;3.736;-0.234;-0.234
2011-07-08;102.488;3.613;-1.97;-2.013
2011-07-11;105.1;3.475;4.035;4.043
2011-07-12;104.285;3.518;6.826;6.87
2011-07-13;103.22;3.574;8.769;8.879
2011-07-14;103.093;3.581;7.702;7.818
2011-07-15;104.325;3.516;9.649;9.693
2011-07-18;105.535;3.453;8.634;8.576
2011-07-19;104.607;3.501;8.403;8.419
2011-07-20;102.77;3.598;5.03;5.123
2011-07-21;100.725;3.709;6.959;7.192
2011-07-22;101.75;3.653;6.742;6.914
2011-07-25;102.423;3.617;7.96;8.116
2011-07-26;103.298;3.57;5.74;5.827
2011-07-27;105.063;3.477;2.09;2.097
2011-07-28;105.008;3.48;2.37;2.384
2011-07-29;106.655;3.395;-3.67;-3.623
2011-08-01;107.593;3.348;-5.25;-5.155
2011-08-02;108.588;3.298;-0.67;-0.642
2011-08-03;109.25;3.265;-4.01;-3.863
2011-08-04;110.91;3.184;-6.27;-6.007
2011-08-05;110.465;3.206;-19.185;-18.425
2011-08-08;111.398;3.161;-1.892;-1.804
2011-08-09;109.685;3.244;-0.315;-0.299
2011-08-10;112.098;3.127;10.019;9.537
2011-08-11;109.828;3.237;7.009;6.79
2011-08-12;109.333;3.261;6.318;6.154
2011-08-15;108.91;3.282;5.993;5.856
2011-08-16;108.34;3.31;12.309;12.075
2011-08-17;110.675;3.195;7.655;7.402
2011-08-18;112.878;3.09;8.33;7.943
2011-08-19;113.865;3.044;3.005;2.849
2011-08-22;114.197;3.028;0.091;0.091
2011-08-23;113.385;3.066;3.647;3.462
2011-08-24;112.108;3.126;1.047;1.006
2011-08-25;112.095;3.127;-3.017;-2.89
2011-08-26;112.735;3.096;-3.273;-3.121
2011-08-29;111.18;3.171;-1.617;-1.554
2011-08-30;112.53;3.106;-1.977;-1.885
2011-08-31;110.94;3.182;-0.443;-0.421
2011-09-01;111.968;3.133;2.942;2.83
2011-09-02;113.572;3.057;-2.295;-2.185
2011-09-05;115.87;2.951;-5.758;-5.407
2011-09-06;115.52;2.967;1.329;1.252
2011-09-07;115.17;2.983;0.318;0.304
2011-09-08;116.035;2.943;-1.688;-1.58
2011-09-09;118.045;2.853;-0.143;-0.129
2011-09-12;119.197;2.802;1.26;1.162
2011-09-13;118.977;2.811;-0.194;-0.173
2011-09-14;117.283;2.886;-0.471;-0.433
2011-09-15;116.398;2.926;0.586;0.551
2011-09-16;119.368;2.794;-0.747;-0.681
2011-09-19;120.783;2.732;0.274;0.252
2011-09-20;121.035;2.721;1.306;1.186
2011-09-21;121.558;2.699;1.433;1.297
2011-09-22;124.713;2.566;-3.66;-3.247
2011-09-23;124.49;2.575;-7.068;-6.286
2011-09-26;123.028;2.636;-0.381;-0.339
2011-09-27;119.858;2.772;0.738;0.676
2011-09-28;118.655;2.825;-2.737;-2.512
2011-09-29;119.15;2.803;-1.996;-1.822
2011-09-30;121.463;2.703;-2.642;-2.38
2011-10-03;123.123;2.632;-2.118;-1.893
2011-10-04;124.473;2.576;-5.864;-5.199
2011-10-05;121.753;2.69;-7.521;-6.781
2011-10-06;119.36;2.793;-1.827;-1.664
2011-10-07;118.5;2.831;5.179;4.752
2011-10-10;117.458;2.878;2.81;2.593
2011-10-11;117.308;2.884;3.666;3.388
2011-10-12;114.598;3.008;2.039;1.919
2011-10-13;116.278;2.931;2.331;2.173
2011-10-14;114.32;3.021;6.607;6.214
2011-10-17;116.563;2.918;9.307;8.634
2011-10-18;117.925;2.856;5.441;5.012
2011-10-19;116.858;2.904;3.211;2.983
2011-10-20;118.55;2.828;1.466;1.349
2011-10-21;116.96;2.899;8.495;7.863
2011-10-24;116.36;2.927;8.122;7.546
2011-10-25;117.982;2.854;5.51;5.08
2011-10-26;118.51;2.83;4.044;3.721
2011-10-27;114.585;3.008;5.217;4.929
2011-10-28;115.163;2.981;2.652;2.496
2011-10-31;117.848;2.859;5.923;5.475
2011-11-01;122.425;2.66;-7.112;-6.416
2011-11-02;120.73;2.732;-2.931;-2.663
2011-11-03;119.16;2.801;-3.032;-2.786
2011-11-04;121.278;2.709;-10.051;-9.132
2011-11-07;122.375;2.662;-10.898;-9.829
2011-11-08;122.353;2.663;-13.073;-11.768
2011-11-09;125.443;2.533;-3.327;-2.931
2011-11-10;124.23;2.583;-6.686;-5.936
2011-11-11;122.388;2.661;-8.37;-7.519
2011-11-14;124.935;2.554;-8.908;-7.884
2011-11-15;124.048;2.591;-7.42;-6.58
2011-11-16;123.695;2.605;-11.677;-10.374
2011-11-17;122.073;2.674;-5.984;-5.347
2011-11-18;120.9;2.724;-8.373;-7.532
2011-11-21;121.828;2.684;-7.087;-6.336
2011-11-22;120.873;2.725;-1.324;-1.187
2011-11-23;117.938;2.854;13.467;12.273
2011-11-24;116.55;2.917;14.544;13.38
2011-11-25;116.633;2.913;12.405;11.406
2011-11-28;115.225;2.977;14.952;13.854
2011-11-29;114.495;3.011;16.015;14.907
2011-11-30;114.92;2.991;14.852;13.825
2011-12-01;117.69;2.865;10.558;9.657
2011-12-02;118.945;2.809;5.787;5.254
2011-12-05;118.845;2.813;-2.386;-2.162
2011-12-06;119.393;2.789;-0.501;-0.451
2011-12-07;121.498;2.698;-3.269;-2.917
2011-12-08;122.203;2.667;4.395;3.913
2011-12-09;120.243;2.752;4.113;3.708
2011-12-12;123.445;2.615;1.228;1.087
2011-12-13;123.875;2.597;4.244;3.734
2011-12-14;126.875;2.473;-4.85;-4.206
2011-12-15;125.648;2.523;-2.803;-2.452
2011-12-16;126.953;2.469;-1.656;-1.442
2011-12-19;126.528;2.487;-3.327;-2.898
2011-12-20;124.825;2.557;-6.941;-6.114
2011-12-21;124.695;2.562;-8.396;-7.408
2011-12-22;124.725;2.56;-9.062;-8.01
2011-12-23;124.338;2.576;-6.706;-5.94
2011-12-26;124.338;2.576;-6.634;-5.873
2011-12-27;125.633;2.523;-7.639;-6.721
2011-12-28;126.21;2.499;-7.734;-6.786
2011-12-29;126.977;2.468;-10.151;-8.869
2011-12-30;126.975;2.468;-10.477;-9.173
2012-01-02;125.167;2.542;-8.696;-7.678
2012-01-03;124.76;2.558;-1.59;-1.405
2012-01-04;124.345;2.576;-1.257;-1.112
2012-01-05;125.733;2.518;-5.342;-4.698
2012-01-06;125.465;2.529;0.066;0.062
2012-01-09;125.3;2.536;3.299;2.907
2012-01-10;124.735;2.559;4.82;4.262
2012-01-11;125.898;2.511;6.64;5.822
2012-01-12;125.968;2.508;7.491;6.591
2012-01-13;128.003;2.425;5.295;4.61
2012-01-16;127.89;2.43;3.527;3.078
2012-01-17;126.605;2.482;2.892;2.544
2012-01-18;126.233;2.497;5.799;5.103
2012-01-19;124.878;2.552;5.853;5.192
2012-01-20;123.438;2.613;5.465;4.892
2012-01-23;121.88;2.679;6.103;5.519
2012-01-24;121.235;2.706;5.807;5.269
2012-01-25;122.21;2.664;5.82;5.255
2012-01-26;123.095;2.627;7.168;6.439
2012-01-27;123.118;2.626;4.938;4.44
2012-01-30;124.775;2.556;4.327;3.855
2012-01-31;124.985;2.547;8.598;7.64
2012-02-01;124.6;2.563;6.977;6.219
2012-02-02;124.243;2.578;8.773;7.841
2012-02-03;122.775;2.64;3.726;3.366
2012-02-06;123.848;2.594;5.471;4.907
2012-02-07;121.852;2.679;8.534;7.728
2012-02-08;121.183;2.708;7.62;6.926
2012-02-09;119.977;2.76;10.545;9.647
2012-02-10;122.328;2.658;9.674;8.74
2012-02-13;122.07;2.669;7.832;7.089
2012-02-14;122.845;2.636;9.538;8.596
2012-02-15;123.523;2.607;10.134;9.095
2012-02-16;122.96;2.631;8.615;7.746
2012-02-17;122.895;2.634;4.269;3.852
2012-02-20;122.168;2.665;4.699;4.261
2012-02-21;121.383;2.698;6.986;6.355
2012-02-22;123.073;2.626;6.017;5.421
2012-02-23;123.473;2.609;6.954;6.247
2012-02-24;123.378;2.613;6.899;6.21
2012-02-27;124.348;2.572;7.209;6.453
2012-02-28;124.91;2.548;5.711;5.094
2012-02-29;124.548;2.563;5.663;5.063
2012-03-01;123.54;2.606;7.329;6.59
2012-03-02;124.92;2.548;6.276;5.603
2012-03-05;123.835;2.593;9.616;8.637
2012-03-06;123.873;2.591;7.122;6.405
2012-03-07;124.445;2.567;5.493;4.907
2012-03-08;124.003;2.586;5.323;4.804
2012-03-09;123.738;2.597;6.956;6.259
2012-03-12;123.643;2.601;8.003;7.202
2012-03-13;122.563;2.646;9.299;8.424
2012-03-14;119.665;2.772;12.296;11.311
2012-03-15;119.232;2.791;15.272;14.062
2012-03-16;117.553;2.866;17.12;15.9
2012-03-19;118.21;2.837;14.21;13.139
2012-03-20;118.572;2.82;15.7;14.482
2012-03-21;119.417;2.783;15.952;14.65
2012-03-22;119.913;2.761;17.087;15.67
2012-03-23;120.365;2.741;17.698;16.183
2012-03-26;118.443;2.826;23.373;21.56
2012-03-27;119.36;2.785;20.736;19.051
2012-03-28;119.955;2.758;20.788;19.033
2012-03-29;120.613;2.73;20.225;18.447
2012-03-30;122.448;2.65;11.212;10.136
2012-04-02;122.673;2.641;9.717;8.775
2012-04-03;122.393;2.652;6.994;6.34
2012-04-04;122.313;2.656;7.157;6.534
2012-04-05;122.71;2.639;11.088;10.037
2012-04-06;;;11.088;10.037
2012-04-09;122.71;2.639;11.092;10.04
2012-04-10;123.697;2.597;10.637;9.582
2012-04-11;122.938;2.629;12.161;10.988
2012-04-12;122.313;2.655;15.675;14.214
2012-04-13;122.47;2.648;17.566;15.915
2012-04-16;122.56;2.644;17.91;16.238
2012-04-17;122.078;2.665;18.124;16.434
2012-04-18;122.7;2.638;19.794;17.875
2012-04-19;122.763;2.636;18.728;16.903
2012-04-20;122.355;2.653;17.053;15.183
2012-04-23;120.403;2.737;27.762;25.385
2012-04-24;120.635;2.727;24.007;21.976
2012-04-25;119.825;2.763;23.281;21.423
2012-04-26;120.613;2.728;22.453;20.554
2012-04-27;121.078;2.708;21.955;20.024
2012-04-30;121.56;2.687;19.445;17.703
2012-05-01;121.56;2.687;21.569;19.645
2012-05-02;122.295;2.655;22.436;20.385
2012-05-03;122.64;2.64;22.242;20.2
2012-05-04;123.515;2.603;22.482;20.289
2012-05-07;123.375;2.608;22.918;20.732
2012-05-08;124.705;2.552;18.346;16.475
2012-05-09;124.843;2.546;19.994;17.903
2012-05-10;125.55;2.517;21.018;18.695
2012-05-11;127.195;2.449;20.977;18.459
2012-05-14;129.475;2.357;11.826;10.311
2012-05-15;129.21;2.368;19.774;16.971
2012-05-16;129.41;2.359;15.989;13.944
2012-05-17;131.068;2.294;11.262;9.701
2012-05-18;130.58;2.313;16.77;14.496
2012-05-21;130.857;2.302;15.298;13.194
2012-05-22;130.475;2.317;16.298;14.096
2012-05-23;132.645;2.232;18.188;15.509
2012-05-24;133.13;2.213;19.694;16.775
2012-05-25;133.82;2.187;18.131;15.4
2012-05-28;134.258;2.17;16.237;13.651
2012-05-29;135.522;2.122;13.299;11.228
2012-05-30;138.785;2.001;9.111;7.548
2012-05-31;141.115;1.917;2.231;1.861
2012-06-01;143.063;1.848;4.123;3.155
2012-06-04;142.08;1.883;9.685;7.954
2012-06-05;141.945;1.887;10.658;8.368
2012-06-06;137.308;2.055;14.976;12.596
2012-06-07;134.195;2.171;20.368;17.376
2012-06-08;134.712;2.152;17.819;15.168
2012-06-11;134.135;2.173;20.003;17.071
2012-06-12;130.488;2.315;27.346;23.84
2012-06-13;127.345;2.441;24.416;21.787
2012-06-14;127.385;2.439;21.413;19.08
2012-06-15;130.338;2.32;24.615;21.392
2012-06-18;129.135;2.368;27.963;24.566
2012-06-19;126.185;2.488;30.543;27.238
2012-06-20;124.727;2.548;30.485;27.261
2012-06-21;127.123;2.449;29.657;26.309
2012-06-22;125.803;2.503;33.664;30.051
2012-06-25;127.93;2.416;24.069;21.264
2012-06-26;125.835;2.502;36.064;32.196
2012-06-27;124.678;2.55;38.146;34.272
2012-06-28;124.655;2.551;37.057;33.334
2012-06-29;123.355;2.606;37.203;33.704
2012-07-02;124.153;2.572;33.187;29.965
2012-07-03;122.185;2.656;38.088;34.789
2012-07-04;124.193;2.57;31.559;28.726
2012-07-05;125.125;2.531;32.029;29.021
2012-07-06;126.87;2.458;27.155;24.41
2012-07-09;127.008;2.453;26.266;23.603
2012-07-10;126.985;2.454;28.302;25.389
2012-07-11;127.78;2.421;28.146;25.133
2012-07-12;128.613;2.387;24.799;21.745
2012-07-13;128.775;2.381;20.941;18.565
2012-07-16;128.915;2.375;21.379;19.023
2012-07-17;129.23;2.362;21.353;18.971
2012-07-18;129.908;2.335;22.903;20.267
2012-07-19;129.53;2.35;22.139;19.646
2012-07-20;130.478;2.312;21.228;18.753
2012-07-23;129.628;2.346;24.806;22.01
2012-07-24;127.098;2.448;27.965;25.211
2012-07-25;126.525;2.471;30.2;27.26
2012-07-26;127.12;2.447;25.76;23.169
2012-07-27;125.708;2.505;26.637;24.089
2012-07-30;127.185;2.444;19.809;17.827
2012-07-31;130.77;2.3;13.065;11.505
2012-08-01;129.118;2.365;14.454;12.862
2012-08-02;132.897;2.216;10.699;9.327
2012-08-03;128.7;2.382;11.015;9.826
2012-08-06;129.23;2.361;10.297;9.18
2012-08-07;127.258;2.44;10.938;9.721
2012-08-08;128.785;2.378;10.271;9.169
2012-08-09;128.447;2.392;13.426;11.985
2012-08-10;129.462;2.351;13.838;12.309
2012-08-13;129.205;2.361;13.202;11.769
2012-08-14;127.973;2.411;12.611;11.255
2012-08-15;126.03;2.49;13.049;11.816
2012-08-16;127.033;2.449;12.823;11.562
2012-08-17;126.903;2.454;17.606;15.873
2012-08-20;126.585;2.467;19.45;17.48
2012-08-21;125.605;2.508;18.998;17.246
2012-08-22;127.595;2.425;15.025;13.589
2012-08-23;129.055;2.366;17.355;15.445
2012-08-24;129.503;2.348;18.744;16.642
2012-08-27;129.572;2.345;18.271;16.246
2012-08-28;129.637;2.343;20.869;18.51
2012-08-29;128.455;2.39;23.799;21.241
2012-08-30;129.603;2.344;24.168;21.404
2012-08-31;130.17;2.321;18.765;16.584
2012-09-03;129.243;2.358;18.711;16.682
2012-09-04;128.758;2.377;18.858;16.863
2012-09-05;126.535;2.468;29.22;26.31
2012-09-06;124.24;2.564;23.987;21.956
2012-09-07;124.943;2.534;20.675;18.933
2012-09-10;123.895;2.579;24.603;22.668
2012-09-11;124.335;2.56;21.822;20.088
2012-09-12;123.278;2.605;17.593;16.29
2012-09-13;125.295;2.519;16.725;15.13
2012-09-14;122.28;2.647;16.205;15.021
2012-09-17;123.525;2.594;17.19;15.853
2012-09-18;124.295;2.561;16.136;14.857
2012-09-19;124.093;2.569;19.14;17.643
2012-09-20;124.62;2.547;21.688;19.948
2012-09-21;123.868;2.579;20.353;18.837
2012-09-24;124.215;2.564;21.953;20.294
2012-09-25;124.183;2.565;22.138;20.413
2012-09-26;126.938;2.45;17.171;15.588
2012-09-27;127.173;2.44;18.261;16.365
2012-09-28;127.54;2.425;16.374;14.741
2012-10-01;127.213;2.438;13.965;12.677
2012-10-02;126.375;2.473;15.791;14.29
2012-10-03;126.505;2.467;16.943;15.433
2012-10-04;126.48;2.468;16.129;14.691
2012-10-05;124.727;2.542;18.366;16.895
2012-10-08;125.983;2.489;19.06;17.385
2012-10-09;125.915;2.492;19.226;17.547
2012-10-10;125.973;2.489;18.066;16.491
2012-10-11;125.663;2.502;19.203;17.546
2012-10-12;127.345;2.432;14.894;13.506
2012-10-15;126.375;2.472;15.185;13.649
2012-10-16;124.852;2.536;16.042;14.653
2012-10-17;122.72;2.626;17.93;16.683
2012-10-18;123.043;2.613;19.866;18.379
2012-10-19;124.423;2.554;18.897;17.364
2012-10-22;123.723;2.583;19.694;18.147
2012-10-23;124.313;2.558;19.459;17.841
2012-10-24;124.288;2.559;19.666;18.05
2012-10-25;123.658;2.586;19.295;17.821
2012-10-26;124.52;2.549;18.76;17.246
2012-10-29;126.443;2.468;14.946;13.6
2012-10-30;125.788;2.496;17.136;15.734
2012-10-31;126.618;2.461;15.354;14.004
2012-11-01;127.28;2.433;15.064;13.625
2012-11-02;127.708;2.416;14.335;12.89
2012-11-05;127.97;2.405;16.983;14.765
2012-11-06;127.725;2.415;15.648;14.018
2012-11-07;128.827;2.37;14.651;13.151
2012-11-08;129.17;2.356;10.33;9.287
2012-11-09;129.363;2.348;13.571;12.166
2012-11-12;129.265;2.352;13.516;12.131
2012-11-13;129.428;2.345;14.09;12.641
2012-11-14;128.818;2.37;16.026;14.417
2012-11-15;128.213;2.394;17.261;15.655
2012-11-16;127.778;2.412;19.353;17.505
2012-11-19;127.818;2.41;17.35;15.688
2012-11-20;126.773;2.453;17.416;15.846
2012-11-21;126.27;2.474;18.168;16.351
2012-11-22;126.048;2.483;18.979;16.847
2012-11-23;125.35;2.512;21.366;19.428
2012-11-26;126.355;2.47;18.005;16.326
2012-11-27;126.688;2.456;15.049;13.71
2012-11-28;128.105;2.398;16.097;13.593
2012-11-29;128.048;2.4;14.638;13.404
2012-11-30;127.595;2.418;16.713;14.99
2012-12-03;127.13;2.438;15.921;14.485
2012-12-04;127.725;2.413;16.197;13.898
2012-12-05;128.93;2.364;13.46;12.136
2012-12-06;129.875;2.325;12.36;11.112
2012-12-07;129.218;2.352;13.392;12.108
2012-12-10;129.29;2.349;13.896;12.561
2012-12-11;129.133;2.355;16.058;14.179
2012-12-12;129.258;2.35;13.963;12.6
2012-12-13;129.173;2.353;13.381;11.935
2012-12-14;129.832;2.326;10.535;9.48
2012-12-17;129.17;2.353;12.257;10.733
2012-12-18;128.577;2.377;12.201;11.054
2012-12-19;128.165;2.394;12.335;11.139
2012-12-20;129.697;2.331;8.662;7.409
2012-12-21;130.13;2.314;9.126;7.961
2012-12-24;129.975;2.32;9.107;8.188
2012-12-25;129.975;2.32;9.017;8.106
2012-12-26;129.975;2.32;9.106;8.187
2012-12-27;132.04;2.238;4.824;4.289
2012-12-28;132.25;2.229;4.754;3.982
2012-12-31;132.155;2.233;4.419;3.948
2013-01-01;132.155;2.233;4.395;3.925
2013-01-02;128.998;2.359;7.712;6.994
2013-01-03;126.99;2.441;10.888;9.965
2013-01-04;125.508;2.503;11.878;10.923
2013-01-07;126.393;2.466;12.284;11.263
2013-01-08;127.088;2.437;12.404;11.332
2013-01-09;127.25;2.43;12.328;11.174
2013-01-10;125.292;2.512;11.699;10.766
2013-01-11;125.115;2.519;8.576;7.931
2013-01-14;125.878;2.487;8.656;7.961
2013-01-15;126.76;2.45;7.906;7.251
2013-01-16;126.908;2.444;11.254;10.283
2013-01-17;126.293;2.469;11.828;10.824
2013-01-18;127.993;2.399;9.888;8.93
2013-01-21;127.447;2.421;11.081;10.056
2013-01-22;127.512;2.418;10.73;9.739
2013-01-23;127.703;2.41;9.355;8.491
2013-01-24;126.697;2.452;10.09;9.234
2013-01-25;126.07;2.478;9.126;8.354
2013-01-28;125.012;2.522;11.208;10.279
2013-01-29;125.137;2.517;11.698;10.715
2013-01-30;125.088;2.519;10.494;9.604
2013-01-31;125.998;2.48;8.772;7.993
2013-02-01;125.563;2.499;9.418;8.563
2013-02-04;126.512;2.459;3.156;2.924
2013-02-05;125.405;2.505;14.481;13.156
2013-02-06;124.905;2.526;13.993;12.816
2013-02-07;125.075;2.519;14.884;13.643
2013-02-08;125.23;2.512;13.716;12.53
2013-02-11;124.955;2.524;11.756;10.796
2013-02-12;124.588;2.539;11.799;10.854
2013-02-13;123.53;2.584;11.783;10.89
2013-02-14;123.508;2.585;10.682;9.915
2013-02-15;123.21;2.598;14.635;13.522
2013-02-18;122.92;2.61;14.247;13.255
2013-02-19;122.825;2.614;15.682;14.59
2013-02-20;122.265;2.639;16.081;15.017
2013-02-21;123.69;2.577;10.758;10.017
2013-02-22;123.855;2.57;12.822;11.899
2013-02-25;124.085;2.56;11.458;10.634
2013-02-26;125.86;2.484;10.58;9.701
2013-02-27;125.953;2.48;9.317;8.566
2013-02-28;125.705;2.491;12.664;11.649
2013-03-01;126.703;2.449;10.98;10.083
2013-03-04;126.75;2.447;11.824;10.815
2013-03-05;126.128;2.473;11.141;10.226
2013-03-06;125.683;2.491;12.432;11.451
2013-03-07;125.06;2.517;15.388;14.114
2013-03-08;124.833;2.527;13.548;12.492
2013-03-11;124.235;2.552;16.661;15.417
2013-03-12;124.505;2.541;15.078;13.993
2013-03-13;124.018;2.561;18.062;16.783
2013-03-14;123.913;2.566;17.731;16.503
2013-03-15;123.778;2.571;18.654;17.401
2013-03-18;124.483;2.541;20.617;19.108
2013-03-19;126.123;2.472;15.604;14.391
2013-03-20;125.167;2.512;22.641;20.791
2013-03-21;126.748;2.445;14.562;13.291
2013-03-22;126.61;2.451;18.336;16.731
2013-03-25;127.135;2.429;13.641;12.517
2013-03-26;126.605;2.451;15.725;14.392
2013-03-27;128.015;2.392;11.286;10.347
2013-03-28;126.883;2.439;17.939;16.356
2013-03-29;126.883;2.439;16.818;15.359
2013-04-01;126.883;2.439;17.214;15.712
2013-04-02;126.46;2.456;20.201;18.482
2013-04-03;126.383;2.459;18.343;16.836
2013-04-04;127.25;2.423;18.693;17.06
2013-04-05;130.368;2.296;8.438;7.611
2013-04-08;130.458;2.292;13.255;11.847
2013-04-09;129.563;2.328;14.777;13.0
2013-04-10;127.538;2.411;16.84;15.308
2013-04-11;127.22;2.424;19.269;17.567
2013-04-12;127.62;2.407;20.434;18.186
2013-04-15;127.925;2.395;18.855;17.172
2013-04-16;127.648;2.406;21.533;19.539
2013-04-17;127.793;2.4;19.536;17.809
2013-04-18;127.988;2.392;22.142;20.133
2013-04-19;127.338;2.418;22.63;20.64
2013-04-22;128.035;2.389;21.567;19.617
2013-04-23;128.202;2.383;24.46;22.167
2013-04-24;129.003;2.349;19.704;17.866
2013-04-25;129.058;2.347;21.539;19.507
2013-04-26;130.053;2.307;20.324;18.278
2013-04-29;130.628;2.283;19.386;17.414
2013-04-30;130.783;2.277;21.256;18.996
2013-05-01;130.783;2.277;19.018;16.997
2013-05-02;131.898;2.232;16.75;14.952
2013-05-03;129.745;2.318;13.622;12.294
2013-05-06;129.738;2.319;12.562;11.339
2013-05-07;128.988;2.349;13.939;12.604
2013-05-08;129.795;2.316;9.046;8.18
2013-05-09;129.5;2.328;12.445;11.253
2013-05-10;127.118;2.426;17.151;15.61
2013-05-13;127.393;2.414;15.128;13.831
2013-05-14;127.253;2.42;14.2;12.998
2013-05-15;126.963;2.432;15.214;13.185
2013-05-16;128.098;2.385;12.231;10.551
2013-05-17;128.473;2.369;11.243;10.255
2013-05-20;127.288;2.418;13.235;12.097
2013-05-21;127.193;2.422;9.772;8.961
2013-05-22;126.773;2.439;13.756;12.628
2013-05-23;126.705;2.442;13.147;12.055
2013-05-24;127.298;2.417;11.639;10.638
2013-05-27;126.3;2.459;13.91;12.772
2013-05-28;125.58;2.489;16.383;15.057
2013-05-29;125.07;2.511;14.66;13.505
2013-05-30;125.268;2.502;15.377;14.125
2013-05-31;125.308;2.501;15.339;14.115
2013-06-03;124.94;2.516;16.14;14.859
2013-06-04;124.42;2.538;15.208;14.085
2013-06-05;124.94;2.516;13.374;12.354
2013-06-06;124.855;2.519;15.555;14.328
2013-06-07;124.43;2.538;17.214;15.861
2013-06-10;123.373;2.583;20.139;18.595
2013-06-11;123.69;2.569;13.901;12.868
2013-06-12;123.983;2.557;13.927;12.88
2013-06-13;124.025;2.555;17.087;15.757
2013-06-14;124.75;2.523;15.697;14.464
2013-06-17;124.083;2.552;17.797;16.295
2013-06-18;123.338;2.584;18.807;16.824
2013-06-19;123.528;2.576;17.801;16.502
2013-06-20;121.77;2.653;18.348;17.092
2013-06-21;121.343;2.672;16.388;15.272
2013-06-24;120.158;2.724;17.694;16.526
2013-06-25;120.545;2.707;18.248;16.999
2013-06-26;121.063;2.684;17.09;15.891
2013-06-27;122.085;2.638;16.828;15.58
2013-06-28;122.163;2.635;16.358;15.169
2013-07-01;122.338;2.627;14.528;13.464
2013-07-02;122.433;2.623;15.871;14.686
2013-07-03;123.258;2.587;16.715;15.36
2013-07-04;123.113;2.593;14.578;13.448
2013-07-05;121.383;2.669;17.459;16.261
2013-07-08;121.648;2.657;14.079;13.14
2013-07-09;122.348;2.626;10.873;10.15
2013-07-10;122.072;2.638;16.617;15.455
2013-07-11;122.518;2.618;15.583;14.466
2013-07-12;123.788;2.563;13.462;12.435
2013-07-15;123.153;2.59;16.183;14.957
2013-07-16;123.255;2.586;16.824;15.573
2013-07-17;123.355;2.581;16.878;15.617
2013-07-18;123.468;2.576;19.967;18.446
2013-07-19;123.213;2.587;21.185;19.569
2013-07-22;123.403;2.579;19.623;18.148
2013-07-23;123.37;2.58;19.956;18.382
2013-07-24;122.438;2.621;20.797;19.184
2013-07-25;121.628;2.657;18.598;17.303
2013-07-26;121.433;2.665;18.091;16.869
2013-07-29;121.977;2.641;15.406;14.338
2013-07-30;122.053;2.638;13.856;12.894
2013-07-31;122.723;2.608;9.221;8.561
2013-08-01;123.038;2.594;12.736;11.734
2013-08-02;123.167;2.589;8.171;7.561
2013-08-05;121.792;2.649;15.934;14.811
2013-08-06;121.843;2.647;13.081;12.17
2013-08-07;122.283;2.627;11.783;10.942
2013-08-08;122.258;2.628;13.019;12.069
2013-08-09;122.345;2.624;11.161;10.369
2013-08-12;121.65;2.655;16.018;14.9
2013-08-13;119.66;2.744;19.582;18.327
2013-08-14;119.22;2.764;14.495;13.687
2013-08-15;118.045;2.818;19.181;18.12
2013-08-16;117.81;2.829;15.793;15.019
2013-08-19;117.018;2.865;17.34;16.572
2013-08-20;117.795;2.829;16.908;16.123
2013-08-21;117.352;2.85;19.243;18.337
2013-08-22;116.845;2.873;15.461;14.791
2013-08-23;117.463;2.844;11.718;11.176
2013-08-26;117.9;2.824;12.134;11.541
2013-08-27;118.32;2.805;13.186;12.518
2013-08-28;117.935;2.822;17.016;16.132
2013-08-29;117.75;2.831;15.518;14.782
2013-08-30;117.525;2.841;16.967;16.174
2013-09-02;116.778;2.876;17.227;16.477
2013-09-03;116.12;2.907;20.291;19.416
2013-09-04;116.108;2.907;19.565;18.729
2013-09-05;114.755;2.972;21.314;20.514
2013-09-06;115.908;2.917;15.189;14.624
2013-09-09;115.227;2.949;21.602;20.793
2013-09-10;113.988;3.009;20.863;20.166
2013-09-11;114.75;2.972;17.53;16.961
2013-09-12;115.233;2.949;18.837;18.194
2013-09-13;116.078;2.908;15.049;14.489
2013-09-16;116.298;2.898;20.758;19.869
2013-09-17;115.993;2.912;20.83;19.988
2013-09-18;115.41;2.94;21.616;20.797
2013-09-19;115.618;2.93;26.342;25.293
2013-09-20;115.093;2.955;21.846;21.135
2013-09-23;115.933;2.915;16.366;15.818
2013-09-24;117.393;2.846;17.362;16.921
2013-09-25;118.06;2.815;16.162;15.867
2013-09-26;117.973;2.819;16.941;16.756
2013-09-27;118.733;2.784;17.154;15.119
2013-09-30;119.188;2.763;15.926;17.294
2013-10-01;118.895;2.776;17.221;16.302
2013-10-02;118.63;2.788;13.487;12.833
2013-10-03;118.36;2.801;14.421;13.722
2013-10-04;117.133;2.858;14.58;14.016
2013-10-07;117.598;2.836;15.948;15.253
2013-10-08;117.595;2.836;15.397;14.742
2013-10-09;117.758;2.828;14.115;13.502
2013-10-10;116.735;2.876;13.746;13.238
2013-10-11;116.675;2.879;15.024;14.476
2013-10-14;116.743;2.876;15.03;14.482
2013-10-15;115.818;2.919;14.7;14.241
2013-10-16;115.792;2.921;13.545;13.124
2013-10-17;116.765;2.874;13.455;12.982
2013-10-18;117.477;2.841;12.861;12.374
2013-10-21;117.225;2.853;12.977;12.505
2013-10-22;118.258;2.805;12.73;12.177
2013-10-23;118.57;2.79;14.353;13.702
2013-10-24;118.593;2.789;13.668;13.046
2013-10-25;118.783;2.78;14.664;13.977
2013-10-28;118.825;2.778;14.667;13.976
2013-10-29;118.723;2.783;16.059;15.312
2013-10-30;119.513;2.746;16.304;15.504
2013-10-31;119.803;2.733;15.494;14.728
2013-11-01;119.285;2.757;16.07;15.327
2013-11-04;119.9;2.729;14.591;13.865
2013-11-05;118.748;2.781;14.142;13.515
2013-11-06;118.568;2.789;13.422;12.846
2013-11-07;119.168;2.762;14.794;14.151
2013-11-08;118.335;2.8;12.266;11.757
2013-11-11;118.32;2.801;12.135;11.638
2013-11-12;117.11;2.857;13.582;13.155
2013-11-13;118.058;2.813;14.339;13.794
2013-11-14;118.835;2.777;14.292;13.695
2013-11-15;118.82;2.777;14.041;13.45
2013-11-18;119.263;2.757;14.292;13.662
2013-11-19;118.663;2.784;14.891;14.254
2013-11-20;118.483;2.793;15.977;15.307
2013-11-21;118.175;2.807;18.024;17.282
2013-11-22;118.778;2.779;16.129;15.411
2013-11-25;119.178;2.76;16.675;15.906
2013-11-26;119.695;2.737;17.286;16.435
2013-11-27;119.008;2.768;16.932;16.165
2013-11-28;119.478;2.746;16.951;16.13
2013-11-29;119.728;2.735;16.37;15.549
2013-12-02;119.158;2.761;16.222;15.447
2013-12-03;119.433;2.748;17.42;16.561
2013-12-04;117.928;2.818;16.954;16.242
2013-12-05;117.415;2.842;16.892;16.229
2013-12-06;117.778;2.825;16.614;15.916
2013-12-09;117.865;2.821;15.678;15.009
2013-12-10;117.788;2.824;17.516;16.773
2013-12-11;118.325;2.799;16.96;16.17
2013-12-12;118.13;2.808;18.162;17.33
2013-12-13;118.135;2.808;20.804;19.836
2013-12-16;118.05;2.812;20.161;19.233
2013-12-17;118.09;2.81;21.483;20.483
2013-12-18;118.165;2.806;18.818;17.924
2013-12-19;117.655;2.83;17.206;16.479
2013-12-20;117.905;2.818;16.249;15.531
2013-12-23;117.878;2.819;14.278;13.656
2013-12-24;117.84;2.821;14.619;13.987
2013-12-25;117.84;2.821;14.619;13.985
2013-12-26;117.84;2.821;14.257;13.617
2013-12-27;116.458;2.886;15.202;14.648
2013-12-30;116.738;2.872;16.289;15.68
2013-12-31;116.548;2.881;17.452;16.8
2014-01-01;116.548;2.881;15.432;14.863
2014-01-02;116.415;2.888;16.122;15.539
2014-01-03;116.11;2.902;17.503;16.897
2014-01-06;116.765;2.871;16.63;16.023
2014-01-07;117.13;2.854;16.231;15.61
2014-01-08;116.713;2.873;14.315;13.801
2014-01-09;116.223;2.896;13.626;13.172
2014-01-10;117.025;2.858;13.561;13.095
2014-01-13;117.47;2.837;12.966;12.501
2014-01-14;117.75;2.824;12.44;11.961
2014-01-15;117.59;2.831;12.637;12.155
2014-01-16;118.108;2.807;12.684;12.16
2014-01-17;118.65;2.782;13.036;12.473
2014-01-20;118.97;2.767;13.946;13.32
2014-01-21;119.105;2.761;13.669;13.05
2014-01-22;118.365;2.795;15.72;15.032
2014-01-23;119.197;2.756;16.912;16.105
2014-01-24;120.13;2.713;16.382;15.5
2014-01-27;120.373;2.702;15.272;14.413
2014-01-28;120.295;2.706;14.831;14.011
2014-01-29;120.75;2.685;14.837;13.991
2014-01-30;121.128;2.668;14.293;13.468
2014-01-31;122.18;2.62;13.331;12.492
2014-02-03;122.485;2.607;12.675;11.848
2014-02-04;122.153;2.621;14.647;13.724
2014-02-05;122.355;2.612;15.226;14.242
2014-02-06;121.2;2.664;15.732;14.817
2014-02-07;121.703;2.641;15.536;14.608
2014-02-10;121.08;2.669;16.153;15.239
2014-02-11;120.913;2.677;16.732;15.795
2014-02-12;120.39;2.7;17.484;16.526
2014-02-13;121.078;2.669;17.537;16.549
2014-02-14;120.823;2.68;17.658;16.679
2014-02-17;120.615;2.69;17.112;16.187
2014-02-18;120.588;2.691;18.153;17.182
2014-02-19;120.783;2.682;17.748;16.787
2014-02-20;120.183;2.709;17.436;16.54
2014-02-21;120.665;2.687;16.215;15.351
2014-02-24;120.288;2.704;16.123;15.291
2014-02-25;121.355;2.656;15.326;14.464
2014-02-26;122.325;2.612;14.749;13.819
2014-02-27;123.423;2.563;14.269;13.309
2014-02-28;122.52;2.603;14.149;13.224
2014-03-03;124.138;2.532;12.598;11.697
2014-03-04;123.163;2.575;13.598;12.689
2014-03-05;123.048;2.579;12.382;11.567
2014-03-06;122.213;2.617;12.673;11.885
2014-03-07;122.29;2.613;10.929;10.241
2014-03-10;122.568;2.601;11.942;11.167
2014-03-11;121.938;2.629;11.683;11.0
2014-03-12;122.558;2.601;12.084;11.319
2014-03-13;123.628;2.553;11.997;11.209
2014-03-14;123.53;2.557;11.768;10.997
2014-03-17;123.173;2.573;11.351;10.624
2014-03-18;123.343;2.566;10.799;10.099
2014-03-19;122.75;2.592;11.179;10.466
2014-03-20;122.278;2.613;10.787;10.117
2014-03-21;122.783;2.59;10.087;9.431
2014-03-24;123.785;2.546;10.269;9.569
2014-03-25;123.685;2.55;11.627;10.84
2014-03-26;124.003;2.536;11.115;10.347
2014-03-27;124.68;2.506;10.046;9.307
2014-03-28;124.553;2.512;10.452;9.69
2014-03-31;124.343;2.521;10.649;9.885
2014-04-01;123.983;2.536;11.907;11.081
2014-04-02;123.13;2.574;11.832;11.056
2014-04-03;122.955;2.581;12.603;11.794
2014-04-04;123.903;2.539;12.189;11.377
2014-04-07;123.978;2.536;12.237;11.423
2014-04-08;123.798;2.544;11.041;10.316
2014-04-09;123.693;2.548;10.583;9.885
2014-04-10;124.863;2.497;10.664;9.873
2014-04-11;125.42;2.473;10.351;9.57
2014-04-14;124.94;2.494;10.426;9.65
2014-04-15;126.273;2.435;9.466;8.721
2014-04-16;126.205;2.438;8.534;7.869
2014-04-17;125.663;2.462;8.842;8.171
2014-04-18;125.663;2.462;5.873;5.444
2014-04-21;125.663;2.462;6.074;5.629
2014-04-22;125.208;2.481;9.622;8.898
2014-04-23;125.58;2.465;8.671;8.01
2014-04-24;125.693;2.46;8.122;7.498
2014-04-25;126.988;2.404;7.591;6.933
2014-04-28;126.6;2.421;8.512;7.802
2014-04-29;126.285;2.434;8.788;8.082
2014-04-30;126.99;2.404;7.713;7.05
2014-05-01;126.99;2.404;6.83;6.242
2014-05-02;127.413;2.386;6.755;6.175
2014-05-05;127.098;2.399;6.662;6.087
2014-05-06;127.098;2.399;6.923;6.323
2014-05-07;126.953;2.405;7.37;6.737
2014-05-08;127.138;2.397;7.003;6.407
2014-05-09;126.6;2.42;6.697;6.165
2014-05-12;126.333;2.431;7.502;6.923
2014-05-13;127.085;2.399;8.784;8.049
2014-05-14;128.413;2.342;8.452;7.72
2014-05-15;130.087;2.272;8.497;7.682
2014-05-16;129.498;2.297;7.703;6.967
2014-05-19;129.253;2.307;7.924;7.175
2014-05-20;128.66;2.332;9.684;8.813
2014-05-21;128.158;2.352;10.168;9.275
2014-05-22;128.748;2.328;9.802;8.906
2014-05-23;128.553;2.336;8.593;7.829
2014-05-26;128.335;2.345;9.017;8.228
2014-05-27;129.11;2.312;8.67;7.865
2014-05-28;130.295;2.263;8.932;8.068
2014-05-29;129.75;2.285;9.27;8.383
2014-05-30;129.285;2.304;9.775;8.852
2014-06-02;128.86;2.322;10.285;9.354
2014-06-03;128.153;2.352;10.747;9.813
2014-06-04;127.695;2.371;10.875;9.948
2014-06-05;128.055;2.356;10.827;9.906
2014-06-06;128.528;2.335;10.499;9.607
2014-06-09;128.363;2.342;9.61;8.803
2014-06-10;127.768;2.367;10.026;9.206
2014-06-11;127.73;2.369;9.571;8.792
2014-06-12;127.4;2.383;9.558;8.795
2014-06-13;128.135;2.351;9.727;8.924
2014-06-16;128.365;2.342;11.043;10.109
2014-06-17;127.55;2.376;11.885;10.908
2014-06-18;128.223;2.347;11.667;10.68
2014-06-19;129.128;2.309;11.629;10.584
2014-06-20;128.475;2.336;11.375;10.41
2014-06-23;128.845;2.321;11.542;10.534
2014-06-24;128.858;2.32;11.714;10.688
2014-06-25;130.23;2.263;11.549;10.47
2014-06-26;130.897;2.235;11.064;9.993
2014-06-27;130.995;2.231;9.572;8.639
2014-06-30;131.465;2.212;9.586;8.615
2014-07-01;131.168;2.224;9.358;8.443
2014-07-02;130.305;2.259;8.546;7.752
2014-07-03;130.115;2.267;8.037;7.3
2014-07-04;130.725;2.241;6.854;6.214
2014-07-07;130.885;2.235;6.824;6.181
2014-07-08;131.828;2.196;6.837;6.14
2014-07-09;131.623;2.204;6.429;5.78
2014-07-10;132.71;2.16;6.026;5.411
2014-07-11;132.72;2.159;6.01;5.4
2014-07-14;132.838;2.154;5.499;4.94
2014-07-15;133.253;2.138;5.907;5.287
2014-07-16;133.753;2.117;6.658;5.923
2014-07-17;134.64;2.082;6.816;6.038
2014-07-18;134.943;2.07;6.441;5.703
2014-07-21;135.233;2.058;6.609;5.844
2014-07-22;134.58;2.084;7.003;6.198
2014-07-23;135.08;2.064;5.589;4.953
2014-07-24;134.323;2.094;5.451;4.829
2014-07-25;135.095;2.063;5.959;5.277
2014-07-28;135.5;2.047;7.258;6.402
2014-07-29;136.528;2.006;6.919;6.045
2014-07-30;134.985;2.067;5.624;4.979
2014-07-31;135.14;2.06;5.387;4.772
2014-08-01;135.585;2.043;4.851;4.294
2014-08-04;135.695;2.038;4.211;3.728
2014-08-05;135.085;2.062;3.687;3.277
2014-08-06;136.83;1.993;4.102;3.588
2014-08-07;138.195;1.941;3.226;2.826
2014-08-08;138.623;1.924;2.309;2.02
2014-08-11;138.228;1.939;2.338;2.058
2014-08-12;137.775;1.956;2.49;2.198
2014-08-13;138.18;1.94;3.333;2.923
2014-08-14;138.723;1.919;4.181;3.634
2014-08-15;140.998;1.833;4.118;3.545
2014-08-18;139.35;1.895;4.595;3.964
2014-08-19;139.845;1.876;5.36;4.627
2014-08-20;140.513;1.851;6.772;5.826
2014-08-21;140.543;1.85;6.835;5.878
2014-08-22;141.215;1.824;5.905;5.058
2014-08-25;141.73;1.805;4.489;3.826
2014-08-26;142.183;1.788;6.403;5.457
2014-08-27;143.03;1.756;5.069;4.329
2014-08-28;144.198;1.713;4.956;4.19
2014-08-29;143.775;1.729;4.387;3.732
2014-09-01;143.478;1.739;5.885;5.007
2014-09-02;141.888;1.798;3.331;2.851
2014-09-03;140.655;1.844;4.554;3.948
2014-09-04;138.855;1.912;3.307;2.897
2014-09-05;140.082;1.865;3.318;2.905
2014-09-08;139.775;1.877;3.02;2.645
2014-09-09;138.38;1.93;2.359;2.09
2014-09-10;138.278;1.934;2.258;2.004
2014-09-11;138.57;1.922;3.117;2.739
2014-09-12;137.743;1.954;2.171;1.933
2014-09-15;137.78;1.952;0.746;0.691
2014-09-16;137.123;1.978;3.52;3.115
2014-09-17;137.465;1.964;2.089;1.865
2014-09-18;136.835;1.989;2.007;1.782
2014-09-19;137.78;1.952;1.626;1.46
2014-09-22;138.94;1.907;-1.919;-1.65
2014-09-23;139.328;1.892;0.554;0.497
2014-09-24;139.533;1.884;0.136;0.143
2014-09-25;139.823;1.873;0.385;0.366
2014-09-26;140.522;1.846;-0.828;-0.673
2014-09-29;140.83;1.834;-1.935;-1.627
2014-09-30;141.073;1.825;-1.733;-1.457
2014-10-01;142.298;1.779;-2.06;-1.731
2014-10-02;142.373;1.776;-1.952;-1.635
2014-10-03;142.238;1.781;-2.559;-2.156
2014-10-06;142.278;1.779;-2.178;-1.829
2014-10-07;142.035;1.788;-3.266;-2.771
2014-10-08;142.003;1.789;-2.656;-2.251
2014-10-09;142.008;1.789;-3.737;-3.178
2014-10-10;142.515;1.77;-4.305;-3.639
2014-10-13;142.017;1.788;-0.643;-0.529
2014-10-14;144.138;1.71;-2.572;-2.157
2014-10-15;146.93;1.609;-3.644;-3.024
2014-10-16;144.793;1.685;-4.373;-3.658
2014-10-17;143.423;1.735;-3.057;-2.556
2014-10-20;143.295;1.74;-2.637;-2.199
2014-10-21;142.89;1.755;-4.195;-3.528
2014-10-22;142.855;1.756;-3.859;-3.244
2014-10-23;141.837;1.794;-3.18;-2.703
2014-10-24;142.217;1.779;-2.444;-2.058
2014-10-27;143.175;1.744;-7.052;-5.951
2014-10-28;143.053;1.748;-1.984;-1.644
2014-10-29;142.35;1.774;-0.932;-0.762
2014-10-30;143.895;1.716;-1.332;-1.102
2014-10-31;143.668;1.725;-2.216;-1.848
2014-11-03;143.07;1.747;1.626;1.421
2014-11-04;144.438;1.696;-0.934;-0.777
2014-11-05;143.425;1.733;-0.108;-0.057
2014-11-06;143.28;1.738;0.674;0.61
2014-11-07;143.725;1.722;1.709;1.479
2014-11-10;143.59;1.727;1.917;1.658
2014-11-11;143.943;1.713;1.093;0.947
2014-11-12;144.535;1.692;1.274;1.093
2014-11-13;144.738;1.684;2.326;1.987
2014-11-14;145.403;1.66;2.393;2.046
2014-11-17;144.743;1.683;5.033;4.267
2014-11-18;144.848;1.679;1.664;1.43
2014-11-19;143.538;1.727;1.228;1.073
2014-11-20;144.878;1.678;1.72;1.479
2014-11-21;145.598;1.652;2.241;1.921
2014-11-24;145.4;1.659;3.125;2.665
2014-11-25;146.368;1.623;1.274;1.097
2014-11-26;147.158;1.595;-0.115;-0.083
2014-11-27;148.267;1.555;1.072;0.927
2014-11-28;148.415;1.55;0.034;0.067
2014-12-01;147.415;1.585;5.583;4.669
2014-12-02;147.153;1.594;0.087;0.087
2014-12-03;146.748;1.609;-0.934;-0.762
2014-12-04;146.395;1.621;-1.84;-1.51
2014-12-05;146.342;1.623;-2.222;-1.827
2014-12-08;148.073;1.561;-8.65;-7.136
2014-12-09;149.587;1.507;-3.571;-2.922
2014-12-10;150.013;1.492;-2.317;-1.884
2014-12-11;150.205;1.485;-2.427;-1.966
2014-12-12;152.473;1.407;-2.549;-2.053
2014-12-15;152.288;1.413;-0.806;-0.634
2014-12-16;153.4;1.375;-2.832;-2.256
2014-12-17;153.19;1.382;-1.358;-1.072
2014-12-18;151.985;1.422;-3.458;-2.785
2014-12-19;152.178;1.416;-3.834;-3.097
2014-12-22;151.78;1.429;-1.937;-1.546
2014-12-23;151.98;1.422;-3.25;-2.619
2014-12-24;152.265;1.412;-5.881;-4.769
2014-12-25;152.265;1.412;-4.763;-3.854
2014-12-26;152.265;1.412;-6.934;-5.637
2014-12-29;153.828;1.358;-12.764;-10.286
2014-12-30;154.168;1.346;-3.3;-2.623
2014-12-31;154.075;1.349;-3.659;-2.914
2015-01-01;154.075;1.349;-4.601;-3.704
2015-01-02;156.028;1.283;-3.415;-2.708
2015-01-05;156.38;1.271;-5.385;-4.27
2015-01-06;160.838;1.126;-7.349;-5.712
2015-01-07;158.908;1.188;-6.048;-4.747
2015-01-08;157.63;1.229;-7.743;-6.111
2015-01-09;158.6;1.197;-6.647;-5.235
2015-01-12;159.698;1.162;-12.428;-9.727
2015-01-13;159.635;1.164;-8.286;-6.474
2015-01-14;161.55;1.102;-11.662;-9.084
2015-01-15;161.495;1.103;-13.393;-10.448
2015-01-16;161.785;1.094;-13.5;-10.516
2015-01-19;162.0;1.087;-15.814;-12.306
2015-01-20;162.09;1.084;-14.763;-11.468
2015-01-21;159.71;1.16;-16.196;-12.687
2015-01-22;161.673;1.096;-18.102;-14.112
2015-01-23;164.803;0.997;-22.412;-17.252
2015-01-26;164.533;1.006;-20.786;-16.013
2015-01-27;165.063;0.989;-27.981;-21.507
2015-01-28;166.178;0.954;-28.016;-21.397
2015-01-29;165.798;0.965;-30.288;-23.166
2015-01-30;169.2;0.861;-32.741;-24.681
2015-02-02;169.925;0.839;-35.32;-26.553
2015-02-03;168.59;0.88;-34.943;-26.416
2015-02-04;168.478;0.883;-35.745;-27.031
2015-02-05;168.848;0.871;-34.765;-26.221
2015-02-06;168.728;0.874;-33.852;-25.534
2015-02-09;169.038;0.865;-34.936;-26.322
2015-02-10;168.338;0.886;-31.778;-24.011
2015-02-11;168.805;0.871;-31.594;-23.81
2015-02-12;170.203;0.829;-32.897;-24.653
2015-02-13;169.003;0.865;-32.369;-24.387
2015-02-16;168.798;0.871;-32.838;-24.762
2015-02-17;167.105;0.922;-29.058;-22.068
2015-02-18;165.813;0.962;-28.975;-22.144
2015-02-19;165.085;0.984;-27.271;-20.923
2015-02-20;164.855;0.991;-26.932;-20.699
2015-02-23;164.758;0.994;-29.706;-22.851
2015-02-24;164.728;0.994;-23.635;-18.174
2015-02-25;166.37;0.943;-25.136;-19.18
2015-02-26;167.923;0.895;-28.203;-21.42
2015-02-27;166.488;0.939;-27.123;-20.692
2015-03-02;165.642;0.965;-23.187;-17.743
2015-03-03;165.5;0.969;-22.029;-16.846
2015-03-04;165.288;0.975;-22.51;-17.212
2015-03-05;167.89;0.895;-28.496;-21.569
2015-03-06;166.41;0.94;-33.111;-25.201
2015-03-09;169.553;0.844;-46.789;-35.213
2015-03-10;174.128;0.708;-43.803;-32.386
2015-03-11;176.392;0.643;-40.419;-29.549
2015-03-12;175.388;0.671;-41.632;-30.548
2015-03-13;175.428;0.669;-40.954;-30.038
2015-03-16;176.145;0.649;-43.021;-31.479
2015-03-17;175.058;0.68;-34.58;-25.361
2015-03-18;177.115;0.62;-40.468;-29.45
2015-03-19;177.715;0.603;-32.013;-23.257
2015-03-20;177.593;0.606;-30.853;-22.413
2015-03-23;176.308;0.642;-25.077;-18.274
2015-03-24;175.92;0.653;-27.669;-20.181
2015-03-25;176.598;0.634;-28.284;-20.56
2015-03-26;176.188;0.645;-25.621;-18.636
2015-03-27;176.628;0.632;-26.965;-19.576
2015-03-30;176.988;0.622;-28.393;-20.593
2015-03-31;178.08;0.59;-25.056;-18.08
2015-04-01;178.233;0.585;-25.847;-18.637
2015-04-02;176.435;0.636;-25.221;-18.299
2015-04-03;176.435;0.636;-23.854;-17.305
2015-04-06;176.435;0.636;-23.853;-17.305
2015-04-07;175.57;0.661;-22.709;-16.546
2015-04-08;176.155;0.644;-22.203;-16.156
2015-04-09;176.217;0.641;-21.689;-15.782
2015-04-10;176.508;0.633;-23.151;-16.837
2015-04-13;177.258;0.611;-27.019;-19.619
2015-04-14;178.548;0.574;-27.656;-19.979
2015-04-15;180.495;0.519;-30.138;-21.63
2015-04-16;181.65;0.486;-32.153;-22.983
2015-04-17;182.348;0.467;-32.565;-23.197
2015-04-20;182.818;0.454;-33.607;-23.885
2015-04-21;181.1;0.501;-29.908;-21.411
2015-04-22;178.32;0.579;-25.94;-18.729
2015-04-23;177.4;0.604;-22.474;-16.302
2015-04-24;177.395;0.604;-21.741;-15.776
2015-04-27;177.02;0.615;-19.724;-14.317
2015-04-28;176.778;0.622;-22.769;-16.563
2015-04-29;171.675;0.77;-20.497;-15.206
2015-04-30;169.243;0.843;-18.974;-14.186
2015-05-01;168.582;0.863;-13.509;-10.117
2015-05-04;165.198;0.967;0.461;0.38
2015-05-05;162.585;1.049;-16.582;-12.729
2015-05-06;158.24;1.19;-7.622;-5.957
2015-05-07;159.365;1.153;-6.679;-5.163
2015-05-08;160.225;1.124;-6.108;-4.714
2015-05-11;157.455;1.215;1.421;1.14
2015-05-12;155.2;1.291;-3.357;-2.648
2015-05-13;152.613;1.379;0.158;0.152
2015-05-14;153.113;1.361;-2.037;-1.599
2015-05-15;156.483;1.247;-6.627;-5.193
2015-05-18;155.28;1.287;-2.445;-1.92
2015-05-19;158.03;1.195;-9.343;-7.313
2015-05-20;156.595;1.242;-10.95;-8.607
2015-05-21;156.01;1.261;-12.24;-9.654
2015-05-22;157.013;1.228;-13.964;-10.981
2015-05-25;157.05;1.226;-14.891;-11.713
2015-05-26;158.785;1.169;-15.488;-12.092
2015-05-27;158.315;1.184;-15.591;-12.21
2015-05-28;159.505;1.144;-17.528;-13.642
2015-05-29;161.18;1.09;-18.831;-14.577
2015-06-01;160.005;1.128;-14.188;-11.018
2015-06-02;154.473;1.312;-12.595;-10.011
2015-06-03;149.25;1.493;-9.619;-7.812
2015-06-04;150.043;1.465;-9.24;-7.462
2015-06-05;149.113;1.498;-7.339;-5.973
2015-06-08;147.73;1.547;-1.274;-1.008
2015-06-09;145.198;1.639;-6.608;-5.444
2015-06-10;143.928;1.686;-5.05;-4.194
2015-06-11;146.863;1.578;-6.234;-5.105
2015-06-12;147.968;1.538;-7.039;-5.733
2015-06-15;148.238;1.528;-9.943;-8.097
2015-06-16;148.393;1.522;-8.29;-6.753
2015-06-17;147.943;1.538;-6.544;-5.327
2015-06-18;148.26;1.526;-7.879;-6.417
2015-06-19;149.755;1.473;-9.225;-7.468
2015-06-22;145.35;1.632;10.735;8.92
2015-06-23;145.245;1.636;-6.256;-5.165
2015-06-24;145.868;1.613;-6.541;-5.402
2015-06-25;144.47;1.664;-3.317;-2.734
2015-06-26;142.7;1.73;-2.901;-2.41
2015-06-29;145.77;1.616;-16.942;-14.043
2015-06-30;146.498;1.589;-6.507;-5.368
2015-07-01;144.135;1.676;-3.738;-3.103
2015-07-02;142.55;1.735;-3.535;-2.951
2015-07-03;144.585;1.658;-5.712;-4.742
2015-07-06;145.478;1.625;-10.051;-8.346
2015-07-07;149.998;1.462;-9.104;-7.383
2015-07-08;150.81;1.433;-12.621;-10.205
2015-07-09;148.645;1.509;-9.968;-8.156
2015-07-10;143.892;1.683;-9.265;-7.737
2015-07-13;143.863;1.684;-8.95;-7.473
2015-07-14;145.005;1.642;-11.864;-9.871
2015-07-15;147.233;1.56;-13.35;-11.003
2015-07-16;147.378;1.554;-15.621;-12.875
2015-07-17;148.865;1.5;-15.149;-12.427
2015-07-20;149.585;1.475;-14.692;-11.986
2015-07-21;148.457;1.515;-12.383;-10.159
2015-07-22;149.733;1.469;-11.863;-9.661
2015-07-23;149.993;1.459;-12.657;-10.294
2015-07-24;152.093;1.385;-15.148;-12.221
2015-07-27;152.008;1.388;-12.724;-10.265
2015-07-28;152.063;1.386;-13.716;-11.063
2015-07-29;150.545;1.439;-11.974;-9.705
2015-07-30;152.858;1.358;-14.687;-11.789
2015-07-31;153.82;1.324;-14.798;-11.826
2015-08-03;154.02;1.317;-15.758;-12.595
2015-08-04;153.06;1.35;-14.782;-11.858
2015-08-05;149.135;1.488;-12.738;-10.417
2015-08-06;150.413;1.442;-12.35;-10.024
2015-08-07;151.823;1.393;-12.867;-10.403
2015-08-10;150.798;1.428;-12.761;-10.347
2015-08-11;153.608;1.33;-14.581;-11.676
2015-08-12;154.598;1.296;-17.242;-13.78
2015-08-13;153.533;1.332;-14.777;-11.836
2015-08-14;152.928;1.353;-15.454;-12.403
2015-08-17;153.555;1.331;-14.516;-11.619
2015-08-18;152.675;1.361;-13.061;-10.49
2015-08-19;153.285;1.34;-13.371;-10.716
2015-08-20;154.545;1.296;-13.578;-10.848
2015-08-21;155.465;1.265;-13.109;-10.397
2015-08-24;154.903;1.284;-13.461;-10.716
2015-08-25;150.22;1.447;-9.748;-7.893
2015-08-26;150.707;1.429;-7.987;-6.451
2015-08-27;149.03;1.488;-5.76;-4.696
2015-08-28;148.975;1.49;-4.898;-3.99
2015-08-31;146.98;1.562;-3.495;-2.851
2015-09-01;147.363;1.548;-6.224;-5.096
2015-09-02;148.36;1.512;-8.726;-7.147
2015-09-03;149.398;1.474;-8.597;-7.005
2015-09-04;151.46;1.401;-9.909;-8.022
2015-09-07;150.17;1.446;-6.707;-5.434
2015-09-08;149.92;1.455;-6.877;-5.581
2015-09-09;149.633;1.465;-9.441;-7.689
2015-09-10;149.645;1.464;-9.102;-7.414
2015-09-11;150.318;1.44;-8.837;-7.181
2015-09-14;150.538;1.432;-10.968;-8.916
2015-09-15;147.758;1.532;-10.265;-8.449
2015-09-16;147.398;1.545;-10.435;-8.591
2015-09-17;147.623;1.536;-11.45;-9.418
2015-09-18;151.62;1.393;-16.697;-13.531
2015-09-21;150.488;1.433;-15.621;-12.706
2015-09-22;153.325;1.333;-17.999;-14.47
2015-09-23;153.13;1.34;-17.062;-13.717
2015-09-24;153.043;1.342;-15.753;-12.657
2015-09-25;151.273;1.404;-15.185;-12.327
2015-09-28;153.11;1.34;-16.184;-13.008
2015-09-29;153.0;1.344;-15.323;-12.316
2015-09-30;152.67;1.355;-15.358;-12.369
2015-10-01;154.36;1.296;-17.533;-14.055
2015-10-02;155.613;1.253;-17.449;-13.878
2015-10-05;153.015;1.342;-14.588;-11.73
2015-10-06;151.96;1.379;-13.741;-11.104
2015-10-07;152.277;1.367;-13.97;-11.265
2015-10-08;152.653;1.354;-14.691;-11.827
2015-10-09;151.77;1.385;-16.026;-12.975
2015-10-12;152.888;1.345;-15.784;-12.704
2015-10-13;152.265;1.367;-15.769;-12.738
2015-10-14;153.423;1.326;-16.473;-13.25
2015-10-15;153.305;1.33;-16.823;-13.538
2015-10-16;153.515;1.323;-17.717;-14.25
2015-10-19;152.675;1.352;-16.352;-13.195
2015-10-20;150.97;1.411;-14.665;-11.933
2015-10-21;152.825;1.346;-15.281;-12.314
2015-10-22;154.743;1.279;-19.569;-15.681
2015-10-23;153.96;1.306;-19.548;-15.754
2015-10-26;154.705;1.28;-19.68;-15.792
2015-10-27;156.75;1.21;-20.91;-16.648
2015-10-28;156.925;1.204;-19.927;-15.857
2015-10-29;154.473;1.287;-20.548;-16.504
2015-10-30;154.842;1.275;-20.925;-16.766
2015-11-02;153.35;1.326;-19.692;-15.882
2015-11-03;152.048;1.371;-17.211;-13.967
2015-11-04;150.82;1.414;-15.037;-12.285
2015-11-05;149.855;1.448;-10.215;-8.358
2015-11-06;147.068;1.549;-5.655;-4.667
2015-11-09;146.595;1.566;1.058;0.916
2015-11-10;147.63;1.528;-3.893;-3.206
2015-11-11;148.198;1.507;-5.81;-4.804
2015-11-12;149.267;1.468;-9.617;-7.901
2015-11-13;150.53;1.423;-10.638;-8.7
2015-11-16;151.283;1.396;-12.836;-10.489
2015-11-17;151.147;1.401;-11.062;-9.048
2015-11-18;152.375;1.357;-12.53;-10.156
2015-11-19;153.613;1.314;-13.126;-10.595
2015-11-20;154.478;1.284;-13.037;-10.477
2015-11-23;152.915;1.338;-9.877;-7.973
2015-11-24;152.985;1.335;-11.067;-8.937
2015-11-25;153.52;1.316;-11.694;-9.445
2015-11-26;153.65;1.311;-12.932;-10.446
2015-11-27;153.8;1.306;-13.164;-10.634
2015-11-30;152.712;1.344;-10.963;-8.875
2015-12-01;152.038;1.367;-7.466;-6.056
2015-12-02;152.138;1.363;-6.904;-5.594
2015-12-03;148.253;1.502;-4.958;-4.089
2015-12-04;147.97;1.512;-5.832;-4.811
2015-12-07;150.52;1.42;-6.455;-5.258
2015-12-08;151.5;1.385;-8.703;-7.067
2015-12-09;150.493;1.421;-8.053;-6.564
2015-12-10;150.843;1.408;-8.494;-6.93
2015-12-11;152.378;1.353;-10.306;-8.331
2015-12-14;151.595;1.381;-10.7;-8.689
2015-12-15;150.315;1.426;-11.353;-9.261
2015-12-16;149.31;1.462;-10.82;-8.852
2015-12-17;151.685;1.377;-12.742;-10.331
2015-12-18;153.7;1.306;-14.214;-11.437
2015-12-21;153.313;1.319;-16.101;-12.97
2015-12-22;151.528;1.382;-15.355;-12.464
2015-12-23;149.957;1.437;-13.035;-10.645
2015-12-24;149.475;1.454;-10.684;-8.737
2015-12-25;149.475;1.454;-10.691;-8.742
2015-12-28;151.978;1.365;-12.525;-10.133
2015-12-29;149.125;1.467;-10.731;-8.799
2015-12-30;148.94;1.473;-10.637;-8.73
2015-12-31;148.94;1.473;;
2016-01-01;148.94;1.473;;
2016-01-04;150.828;1.405;-11.923;-9.73
2016-01-05;150.985;1.399;-9.643;-7.872
2016-01-06;151.735;1.372;-9.827;-7.978
2016-01-07;150.388;1.42;-8.863;-7.242
2016-01-08;151.108;1.394;-8.063;-6.578
2016-01-11;150.593;1.412;-6.135;-5.003
2016-01-12;151.613;1.376;-6.185;-5.007
2016-01-13;152.795;1.334;-8.357;-6.735
2016-01-14;151.97;1.362;-8.001;-6.47
2016-01-15;152.772;1.334;-9.162;-7.391
2016-01-18;152.623;1.339;-9.981;-8.065
2016-01-19;152.253;1.352;-8.665;-7.007
2016-01-20;154.86;1.261;-10.786;-8.63
2016-01-21;155.193;1.249;-9.236;-7.382
2016-01-22;153.82;1.296;-8.804;-7.105
2016-01-25;154.748;1.264;-10.045;-8.049
2016-01-26;155.647;1.233;-10.824;-8.644
2016-01-27;155.848;1.225;-11.017;-8.789
2016-01-28;157.063;1.183;-10.952;-8.698
2016-01-29;159.555;1.1;-12.214;-9.618
2016-02-01;158.985;1.118;-10.724;-8.446
2016-02-02;159.89;1.088;-11.13;-8.743
2016-02-03;161.33;1.04;-9.813;-7.638
2016-02-04;160.638;1.063;-10.896;-8.508
2016-02-05;161.155;1.045;-11.684;-9.104
2016-02-08;164.14;0.948;-12.572;-9.663
2016-02-09;163.485;0.969;-11.439;-8.815
2016-02-10;162.82;0.99;-11.189;-8.664
2016-02-11;165.18;0.914;-13.614;-10.43
2016-02-12;162.723;0.993;-11.674;-9.031
2016-02-15;163.01;0.983;-9.85;-7.604
2016-02-16;161.538;1.031;-7.944;-6.159
2016-02-17;161.49;1.032;-7.218;-5.593
2016-02-18;163.383;0.97;-7.333;-5.638
2016-02-19;163.698;0.96;-7.495;-5.752
2016-02-22;165.053;0.916;-8.155;-6.239
2016-02-23;165.26;0.909;-7.454;-5.697
2016-02-24;166.378;0.874;-7.404;-5.614
2016-02-25;166.38;0.873;-9.249;-7.026
2016-02-26;165.457;0.902;-8.506;-6.513
2016-02-29;165.868;0.889;-6.633;-5.064
2016-03-01;163.94;0.95;-5.36;-4.107
2016-03-02;161.538;1.028;-5.074;-3.931
2016-03-03;162.94;0.982;-6.265;-4.842
2016-03-04;161.32;1.035;-5.785;-4.486
2016-03-07;160.908;1.048;-5.307;-4.12
2016-03-08;162.568;0.993;-7.844;-6.088
2016-03-09;161.2;1.038;-8.466;-6.581
2016-03-10;159.448;1.096;-7.03;-5.52
2016-03-11;160.965;1.045;-10.148;-7.899
2016-03-14;161.053;1.042;-10.963;-8.532
2016-03-15;159.695;1.087;-8.021;-6.281
2016-03-16;159.953;1.078;-7.332;-5.727
2016-03-17;163.212;0.97;-9.857;-7.601
2016-03-18;164.438;0.931;-12.967;-9.958
2016-03-21;163.33;0.966;-12.672;-9.778
2016-03-22;164.453;0.93;-14.588;-11.208
2016-03-23;164.773;0.918;-14.369;-11.03
2016-03-24;165.683;0.889;-16.323;-12.491
2016-03-25;165.683;0.889;-16.786;-12.843
2016-03-28;165.683;0.889;-16.347;-12.51
2016-03-29;167.435;0.833;-18.308;-13.902
2016-03-30;166.613;0.859;-17.317;-13.188
2016-03-31;166.913;0.849;-18.021;-13.704
2016-04-01;168.41;0.802;-21.352;-16.173
2016-04-04;168.813;0.789;-21.911;-16.557
2016-04-05;170.118;0.748;-22.888;-17.188
2016-04-06;168.897;0.786;-21.669;-16.374
2016-04-07;170.11;0.748;-23.047;-17.315
2016-04-08;168.99;0.782;-21.621;-16.341
2016-04-11;167.355;0.833;-17.532;-13.325
2016-04-12;164.913;0.911;-14.937;-11.475
2016-04-13;166.705;0.853;-16.727;-12.739
2016-04-14;165.553;0.89;-16.84;-12.9
2016-04-15;166.985;0.844;-17.416;-13.183
2016-04-18;165.85;0.88;-17.279;-13.15
2016-04-19;165.142;0.902;-16.974;-12.978
2016-04-20;165.815;0.88;-17.568;-13.377
2016-04-21;162.957;0.972;-16.412;-12.624
2016-04-22;162.198;0.997;-14.436;-11.16
2016-04-25;161.115;1.032;-14.312;-11.094
2016-04-26;160.33;1.058;-15.848;-12.338
2016-04-27;159.558;1.084;-13.246;-10.358
2016-04-28;160.725;1.044;-15.577;-12.132
2016-04-29;160.633;1.047;-16.34;-12.726
2016-05-02;161.513;1.018;-17.837;-13.867
2016-05-03;163.767;0.944;-18.265;-14.047
2016-05-04;163.47;0.953;-18.075;-13.915
2016-05-05;164.998;0.903;-19.015;-14.595
2016-05-06;165.828;0.876;-20.13;-15.38
2016-05-09;166.365;0.859;-20.028;-15.266
2016-05-10;166.033;0.869;-18.213;-13.901
2016-05-11;166.073;0.868;-19.921;-15.206
2016-05-12;165.025;0.901;-19.953;-15.323
2016-05-13;166.293;0.86;-20.239;-15.431
2016-05-16;165.625;0.881;-19.657;-15.035
2016-05-17;166.017;0.868;-20.219;-15.432
2016-05-18;164.56;0.915;-18.978;-14.575
2016-05-19;164.763;0.908;-19.366;-14.873
2016-05-20;164.795;0.907;-19.318;-14.845
2016-05-23;164.178;0.926;-20.141;-15.507
2016-05-24;164.173;0.926;-19.627;-15.109
2016-05-25;165.56;0.882;-21.481;-16.456
2016-05-26;165.763;0.874;-21.656;-16.585
2016-05-27;165.965;0.868;-23.248;-17.8
2016-05-30;164.758;0.906;-21.894;-16.845
2016-05-31;165.99;0.867;-23.56;-18.034
2016-06-01;166.295;0.857;-25.153;-19.23
2016-06-02;167.22;0.827;-27.108;-20.659
2016-06-03;169.503;0.755;-29.042;-21.92
2016-06-06;168.985;0.771;-30.169;-22.815
2016-06-07;170.75;0.716;-32.455;-24.393
2016-06-08;171.582;0.69;-36.31;-27.211
2016-06-09;173.335;0.636;-38.934;-28.957
2016-06-10;174.703;0.594;-41.104;-30.414
2016-06-13;173.77;0.622;-40.012;-29.711
2016-06-14;175.565;0.568;-43.535;-32.094
2016-06-15;175.895;0.558;-44.656;-32.885
2016-06-16;176.88;0.528;-43.448;-31.851
2016-06-17;174.405;0.602;-39.498;-29.281
2016-06-20;172.58;0.657;-36.883;-27.51
2016-06-21;172.517;0.658;-38.321;-28.607
2016-06-22;172.313;0.664;-41.353;-30.909
2016-06-23;170.063;0.733;-37.566;-28.326
2016-06-24;176.638;0.533;-42.737;-31.37
2016-06-27;180.563;0.418;-45.982;-33.238
2016-06-28;179.238;0.456;-44.137;-32.081
2016-06-29;180.85;0.41;-48.642;-35.177
2016-06-30;180.995;0.405;-48.429;-34.961
2016-07-01;180.718;0.412;-46.359;-33.586
2016-07-04;180.553;0.417;-40.918;-29.668
2016-07-05;182.583;0.358;-44.153;-31.771
2016-07-06;182.343;0.365;-44.566;-32.1
2016-07-07;181.74;0.382;-43.871;-31.693
2016-07-08;182.798;0.351;-44.836;-32.259
2016-07-11;181.99;0.374;-43.587;-31.455
2016-07-12;178.533;0.474;-40.226;-29.404
2016-07-13;181.125;0.398;-41.352;-29.958
2016-07-14;179.035;0.458;-38.292;-27.927
2016-07-15;177.145;0.513;-36.394;-26.742
2016-07-18;177.493;0.503;-34.908;-25.629
2016-07-19;177.988;0.488;-37.718;-27.64
2016-07-20;177.343;0.507;-38.859;-28.562
2016-07-21;178.11;0.484;-41.893;-30.698
2016-07-22;179.413;0.445;-46.64;-33.989
2016-07-25;180.15;0.424;-47.107;-34.235
2016-07-26;179.934;0.43;-46.746;-33.99
2016-07-27;182.179;0.365;-48.455;-34.953
2016-07-28;183.058;0.339;-49.501;-35.574
2016-07-29;184.119;0.309;-50.402;-36.119
2016-08-01;183.563;0.324;-48.998;-35.16
2016-08-02;180.808;0.403;-46.914;-34.01
2016-08-03;180.821;0.402;-45.619;-33.074
2016-08-04;182.672;0.348;-46.247;-33.295
2016-08-05;181.202;0.39;-45.419;-32.901
2016-08-08;180.763;0.403;-44.3;-32.154
2016-08-09;181.134;0.392;-42.467;-30.766
2016-08-10;182.584;0.35;-43.681;-31.468
2016-08-11;181.467;0.381;-42.221;-30.537
2016-08-12;181.407;0.383;-40.658;-29.431
2016-08-15;180.476;0.409;-41.094;-29.837
2016-08-16;178.825;0.457;-39.961;-29.155
2016-08-17;179.711;0.431;-40.519;-29.472
2016-08-18;181.186;0.387;-42.082;-30.456
2016-08-19;179.058;0.449;-40.192;-29.288
2016-08-22;181.405;0.381;-41.269;-29.844
2016-08-23;181.361;0.382;-39.733;-28.733
2016-08-24;180.642;0.402;-37.163;-26.945
2016-08-25;179.571;0.433;-34.561;-25.128
2016-08-26;179.409;0.437;-34.13;-24.822
2016-08-29;179.533;0.433;-35.119;-25.551
2016-08-30;180.398;0.408;-34.534;-25.058
2016-08-31;179.688;0.428;-36.605;-26.629
2016-09-01;178.952;0.449;-34.49;-25.158
2016-09-02;177.198;0.501;-30.858;-22.686
2016-09-05;177.356;0.496;-31.133;-22.88
2016-09-06;180.075;0.416;-35.7;-25.98
2016-09-07;181.186;0.383;-39.938;-28.943
2016-09-08;178.347;0.465;-36.627;-26.813
2016-09-09;174.972;0.566;-32.774;-24.28
2016-09-12;174.501;0.58;-33.328;-24.74
2016-09-13;173.081;0.623;-30.567;-22.801
2016-09-14;174.321;0.585;-31.591;-23.479
2016-09-15;173.101;0.621;-29.397;-21.941
2016-09-16;173.711;0.602;-29.73;-22.167
2016-09-19;173.791;0.6;-30.62;-22.815
2016-09-20;175.985;0.533;-33.307;-24.582
2016-09-21;175.377;0.551;-34.295;-25.367
2016-09-22;179.303;0.434;-36.891;-26.899
2016-09-23;179.052;0.441;-37.121;-27.084
2016-09-26;180.2;0.407;-38.916;-28.307
2016-09-27;180.892;0.387;-41.941;-30.401
2016-09-28;181.104;0.38;-41.131;-29.809
2016-09-29;179.924;0.414;-39.116;-28.465
2016-09-30;179.874;0.415;-39.74;-28.922
2016-10-03;178.495;0.455;-36.887;-26.946
2016-10-04;176.943;0.501;-35.996;-26.47
2016-10-05;174.69;0.569;-34.271;-25.399
2016-10-06;174.657;0.569;-33.208;-24.635
2016-10-07;173.098;0.616;-32.589;-24.299
2016-10-10;171.468;0.666;-32.609;-24.484
2016-10-11;173.102;0.616;-34.245;-25.575
2016-10-12;171.511;0.665;-31.389;-23.526
2016-10-13;173.231;0.611;-34.21;-25.514
2016-10-14;172.504;0.633;-34.826;-26.017
2016-10-17;172.45;0.634;-33.51;-25.049
2016-10-18;173.098;0.614;-32.358;-24.127
2016-10-19;173.493;0.602;-32.954;-24.538
2016-10-20;175.204;0.549;-36.299;-26.828
2016-10-21;174.631;0.566;-35.434;-26.233
2016-10-24;173.528;0.6;-34.002;-25.315
2016-10-25;173.517;0.6;-32.757;-24.387
2016-10-26;171.265;0.669;-30.614;-22.948
2016-10-27;167.733;0.78;-26.072;-19.8
2016-10-28;168.642;0.751;-27.101;-20.502
2016-10-31;168.933;0.741;-26.847;-20.312
2016-11-01;168.502;0.755;-28.985;-21.935
2016-11-02;169.995;0.707;-30.559;-23.017
2016-11-03;169.226;0.731;-31.599;-23.852
2016-11-04;170.557;0.689;-34.039;-25.58
2016-11-07;169.723;0.715;-32.647;-24.611
2016-11-08;168.382;0.757;-31.883;-24.137
2016-11-09;167.307;0.791;-31.29;-23.8
2016-11-10;164.517;0.881;-30.195;-23.214
2016-11-11;163.211;0.923;-27.03;-20.892
2016-11-14;162.702;0.94;-27.812;-21.538
2016-11-15;163.962;0.898;-32.093;-24.81
2016-11-16;164.304;0.887;-32.26;-24.828
2016-11-17;164.763;0.871;-33.704;-25.96
2016-11-18;164.62;0.876;-32.643;-25.107
2016-11-21;164.677;0.874;-32.363;-24.887
2016-11-22;165.991;0.831;-33.729;-25.82
2016-11-23;164.478;0.88;-29.526;-22.716
2016-11-24;164.061;0.893;-29.716;-22.945
2016-11-25;164.363;0.883;-31.718;-24.438
2016-11-28;165.553;0.844;-31.874;-24.376
2016-11-29;165.291;0.852;-31.801;-24.422
2016-11-30;163.2;0.92;-31.418;-24.392
2016-12-01;160.301;1.017;-30.673;-24.113
2016-12-02;163.595;0.907;-33.636;-26.025
2016-12-05;162.279;0.95;-31.962;-24.84
2016-12-06;161.267;0.984;-33.862;-26.447
2016-12-07;161.498;0.976;-31.875;-24.864
2016-12-08;158.438;1.079;-26.62;-21.065
2016-12-09;157.178;1.122;-23.334;-18.603
2016-12-12;155.93;1.166;-25.347;-20.231
2016-12-13;157.49;1.111;-25.456;-20.248
2016-12-14;159.751;1.033;-28.168;-22.187
2016-12-15;157.795;1.1;-27.038;-21.484
2016-12-16;160.291;1.014;-31.35;-24.622
2016-12-19;163.011;0.923;-33.967;-26.368
2016-12-20;162.232;0.949;-33.726;-26.263
2016-12-21;163.353;0.911;-35.518;-27.529
2016-12-22;162.853;0.927;-37.449;-29.084
2016-12-23;164.318;0.878;-38.963;-30.082
2016-12-26;164.318;0.878;-41.471;-32.051
2016-12-27;164.453;0.874;-39.222;-30.256
2016-12-28;164.522;0.871;-38.939;-30.076
2016-12-29;165.441;0.84;-38.414;-29.537
2016-12-30;163.445;0.906;-34.705;-26.932
2017-01-02;163.842;0.893;-36.1;-27.99
2017-01-03;161.311;0.977;-30.298;-23.708
2017-01-04;160.24;1.013;-27.033;-21.253
2017-01-05;161.718;0.962;-28.278;-22.07
2017-01-06;159.628;1.033;-26.687;-21.02
2017-01-09;160.123;1.016;-26.543;-20.879
2017-01-10;159.954;1.021;-26.32;-20.717
2017-01-11;160.871;0.99;-25.694;-20.157
2017-01-12;160.468;1.003;-25.728;-20.25
2017-01-13;158.674;1.064;-21.873;-17.327
2017-01-16;159.22;1.045;-23.644;-18.691
2017-01-17;159.479;1.036;-24.753;-19.545
2017-01-18;158.437;1.072;-24.535;-19.456
2017-01-19;157.383;1.108;-24.513;-19.541
2017-01-20;155.754;1.164;-23.575;-18.91
2017-01-23;157.566;1.101;-24.345;-19.416
2017-01-24;156.609;1.134;-25.384;-20.282
2017-01-25;154.934;1.193;-23.543;-18.949
2017-01-26;154.519;1.207;-23.988;-19.336
2017-01-27;155.564;1.17;-24.97;-20.008
2017-01-30;155.718;1.164;-24.912;-19.944
2017-01-31;156.531;1.135;-27.741;-22.139
2017-02-01;154.861;1.194;-25.068;-20.128
2017-02-02;155.993;1.154;-25.372;-20.361
2017-02-03;155.883;1.157;-24.834;-19.883
2017-02-06;156.428;1.138;-25.968;-20.71
2017-02-07;156.657;1.13;-25.388;-20.263
2017-02-08;158.42;1.068;-26.235;-20.79
2017-02-09;158.538;1.064;-27.605;-21.856
2017-02-10;157.231;1.109;-26.572;-21.195
2017-02-13;156.933;1.119;-28.468;-22.731
2017-02-14;155.629;1.165;-27.589;-22.148
2017-02-15;155.179;1.18;-25.246;-20.32
2017-02-16;156.515;1.133;-25.731;-20.58
2017-02-17;158.089;1.077;-29.172;-23.197
2017-02-20;157.681;1.091;-28.833;-22.979
2017-02-21;157.358;1.103;-28.937;-23.108
2017-02-22;158.305;1.069;-31.47;-24.943
2017-02-23;160.652;0.988;-36.308;-28.583
2017-02-24;162.646;0.921;-38.553;-30.064
2017-02-27;162.226;0.935;-36.315;-28.318
2017-02-28;161.548;0.957;-34.013;-26.661
2017-03-01;159.096;1.041;-28.518;-22.573
2017-03-02;157.753;1.087;-30.106;-23.979
2017-03-03;157.094;1.109;-31.895;-25.465
2017-03-06;157.271;1.103;-30.956;-24.689
2017-03-07;157.275;1.103;-30.856;-24.627
2017-03-08;156.098;1.144;-28.871;-23.126
2017-03-09;154.659;1.194;-29.853;-24.061
2017-03-10;154.229;1.209;-31.943;-25.759
2017-03-13;154.663;1.194;-30.185;-24.291
2017-03-14;155.723;1.156;-30.728;-24.587
2017-03-15;156.399;1.132;-31.141;-24.795
2017-03-16;155.473;1.164;-30.208;-24.216
2017-03-17;156.323;1.134;-28.822;-22.987
2017-03-20;155.896;1.149;-28.463;-22.733
2017-03-21;155.831;1.151;-28.737;-22.951
2017-03-22;157.364;1.097;-30.637;-24.341
2017-03-23;156.474;1.127;-29.93;-23.842
2017-03-24;157.275;1.099;-30.691;-24.407
2017-03-27;157.433;1.093;-28.524;-22.665
2017-03-28;157.533;1.09;-28.014;-22.256
2017-03-29;158.199;1.066;-30.215;-23.959
2017-03-30;158.37;1.06;-30.448;-24.122
2017-03-31;158.364;1.06;-31.44;-24.927
2017-04-03;159.467;1.021;-32.059;-25.416
2017-04-04;160.253;0.994;-35.598;-28.046
2017-04-05;160.294;0.993;-35.966;-28.323
2017-04-06;160.566;0.983;-36.641;-28.714
2017-04-07;161.639;0.946;-37.906;-29.742
2017-04-10;162.302;0.924;-39.316;-30.601
2017-04-11;162.611;0.913;-39.562;-30.832
2017-04-12;163.262;0.89;-41.22;-31.918
2017-04-13;163.791;0.872;-41.033;-31.788
2017-04-14;163.791;0.872;;
2017-04-17;163.791;0.872;-40.702;-31.54
2017-04-18;165.084;0.829;-40.711;-31.371
2017-04-19;163.878;0.869;-39.806;-30.891
2017-04-20;162.759;0.906;-39.994;-31.002
2017-04-21;162.322;0.92;-42.101;-32.772
2017-04-24;159.677;1.01;-35.913;-28.399
2017-04-25;158.067;1.066;-35.437;-28.095
2017-04-26;158.488;1.051;-36.236;-28.695
2017-04-27;159.66;1.009;-37.546;-29.638
2017-04-28;158.731;1.041;-36.867;-29.198
2017-05-01;158.731;1.041;-36.528;-28.971
2017-05-02;158.483;1.05;-37.203;-29.513
2017-05-03;158.618;1.045;-36.52;-28.946
2017-05-04;156.529;1.117;-34.909;-27.835
2017-05-05;156.21;1.128;-34.077;-27.267
2017-05-08;156.23;1.127;-33.762;-27.024
2017-05-09;155.346;1.159;-31.288;-25.144
2017-05-10;155.936;1.137;-31.134;-24.954
2017-05-11;155.614;1.148;-30.074;-24.138
2017-05-12;156.586;1.114;-30.581;-24.459
2017-05-15;155.136;1.165;-28.387;-22.837
2017-05-16;154.72;1.18;-27.293;-21.999
2017-05-17;156.284;1.124;-29.651;-23.747
2017-05-18;157.037;1.097;-30.838;-24.645
2017-05-19;156.116;1.129;-29.753;-23.846
2017-05-22;155.27;1.159;-29.806;-23.971
2017-05-23;155.022;1.168;-30.351;-24.387
2017-05-24;155.205;1.161;-31.261;-25.156
2017-05-25;156.388;1.118;-33.194;-26.59
2017-05-26;157.461;1.08;-34.014;-27.129
2017-05-29;158.131;1.057;-36.077;-28.695
2017-05-30;157.836;1.067;-34.818;-27.848
2017-05-31;157.403;1.082;-34.614;-27.641
2017-06-01;157.42;1.08;-36.137;-28.861
2017-06-02;158.225;1.052;-39.035;-31.187
2017-06-05;157.486;1.078;-36.978;-29.639
2017-06-06;158.459;1.044;-38.317;-30.478
2017-06-07;158.164;1.054;-37.778;-30.072
2017-06-08;158.988;1.024;-39.245;-31.143
2017-06-09;158.275;1.049;-37.831;-30.126
2017-06-12;158.918;1.026;-39.337;-31.229
2017-06-13;158.876;1.028;-41.401;-32.88
2017-06-14;160.409;0.975;-42.525;-33.586
2017-06-15;159.214;1.015;-41.12;-32.632
2017-06-16;158.832;1.028;-39.538;-31.519
2017-06-19;159.152;1.017;-39.878;-31.637
2017-06-20;159.929;0.99;-40.213;-31.802
2017-06-21;160.304;0.977;-39.079;-30.811
2017-06-22;160.651;0.964;-37.978;-29.882
2017-06-23;159.923;0.989;-37.568;-29.69
2017-06-26;160.385;0.973;-39.621;-31.22
2017-06-27;157.243;1.082;-36.907;-29.451
2017-06-28;157.318;1.079;-35.535;-28.351
2017-06-29;155.005;1.161;-34.004;-27.369
2017-06-30;154.421;1.182;-32.686;-26.375
2017-07-03;153.865;1.201;-33.493;-27.13
2017-07-04;153.192;1.226;-33.742;-27.418
2017-07-05;153.642;1.209;-35.113;-28.487
2017-07-06;151.677;1.28;-32.343;-26.409
2017-07-07;150.932;1.308;-31.653;-25.953
2017-07-10;151.785;1.276;-30.644;-25.023
2017-07-11;151.383;1.291;-29.134;-23.834
2017-07-12;152.196;1.261;-29.524;-24.059
2017-07-13;151.717;1.278;-29.704;-24.261
2017-07-14;152.004;1.267;-30.37;-24.763
2017-07-17;152.319;1.255;-31.074;-25.303
2017-07-18;152.835;1.236;-31.772;-25.826
2017-07-19;153.313;1.219;-31.533;-25.586
2017-07-20;153.188;1.223;-32.919;-26.794
2017-07-21;153.501;1.211;-33.421;-27.206
2017-07-24;153.602;1.207;-33.56;-27.244
2017-07-25;152.116;1.261;-32.256;-26.4
2017-07-26;152.156;1.26;-32.573;-26.594
2017-07-27;152.501;1.246;-33.365;-27.221
2017-07-28;152.345;1.252;-34.7;-28.32
2017-07-31;152.916;1.231;-36.299;-29.533
2017-08-01;154.538;1.172;-36.713;-29.662
2017-08-02;154.728;1.165;-37.508;-30.193
2017-08-03;155.886;1.122;-39.43;-31.673
2017-08-04;155.18;1.148;-37.45;-30.165
2017-08-07;155.493;1.136;-38.417;-30.911
2017-08-08;154.98;1.154;-37.271;-30.179
2017-08-09;156.306;1.107;-38.855;-31.189
2017-08-10;156.726;1.091;-39.026;-31.26
2017-08-11;157.659;1.058;-39.603;-31.705
2017-08-14;156.688;1.092;-39.052;-31.291
2017-08-15;156.05;1.115;-38.168;-30.664
2017-08-16;155.521;1.133;-38.039;-30.628
2017-08-17;156.093;1.112;-37.958;-30.506
2017-08-18;156.561;1.095;-38.364;-30.777
2017-08-21;156.821;1.086;-38.991;-31.245
2017-08-22;156.659;1.092;-38.415;-30.806
2017-08-23;157.458;1.063;-40.428;-32.305
2017-08-24;157.51;1.061;-41.074;-32.809
2017-08-25;157.214;1.071;-40.9;-32.722
2017-08-28;156.844;1.084;-39.636;-31.698
2017-08-29;158.324;1.031;-41.968;-33.43
2017-08-30;157.863;1.047;-40.787;-32.542
2017-08-31;157.846;1.047;-40.908;-32.647
2017-09-01;156.666;1.089;-38.978;-31.213
2017-09-04;156.777;1.085;-38.366;-30.693
2017-09-05;157.948;1.043;-39.965;-31.801
2017-09-06;158.035;1.04;-41.253;-32.799
2017-09-07;158.703;1.016;-43.608;-34.725
2017-09-08;158.239;1.032;-43.075;-34.356
2017-09-11;157.46;1.059;-41.728;-33.401
2017-09-12;155.413;1.132;-39.785;-32.116
2017-09-13;155.46;1.13;-38.411;-30.989
2017-09-14;155.11;1.142;-38.573;-31.161
2017-09-15;155.063;1.144;-40.318;-32.561
2017-09-18;154.176;1.176;-38.84;-31.499
2017-09-19;154.195;1.175;-37.999;-30.814
2017-09-20;154.75;1.154;-38.269;-30.942
2017-09-21;154.743;1.154;-39.603;-32.01
2017-09-22;155.036;1.143;-40.322;-32.542
2017-09-25;156.022;1.108;-41.787;-33.638
2017-09-26;155.675;1.12;-40.938;-32.984
2017-09-27;154.081;1.177;-39.55;-32.075
2017-09-28;153.726;1.19;-40.033;-32.538
2017-09-29;154.524;1.16;-41.752;-33.782
2017-10-02;154.876;1.148;-42.753;-34.553
2017-10-03;154.347;1.167;-42.029;-34.059
2017-10-04;154.549;1.159;-41.931;-33.94
2017-10-05;154.454;1.162;-41.079;-33.16
2017-10-06;154.284;1.168;-41.17;-33.367
2017-10-09;154.742;1.151;-40.756;-32.957
2017-10-10;154.795;1.149;-41.02;-33.175
2017-10-11;154.083;1.175;-40.222;-32.488
2017-10-12;154.372;1.164;-40.007;-32.419
2017-10-13;155.202;1.133;-41.349;-33.296
2017-10-16;156.189;1.098;-41.797;-33.649
2017-10-17;156.533;1.085;-41.919;-33.677
2017-10-18;155.732;1.114;-40.555;-32.67
2017-10-19;155.734;1.113;-40.892;-32.949
2017-10-20;153.913;1.179;-38.898;-31.574
2017-10-23;154.555;1.155;-38.648;-31.285
2017-10-24;153.444;1.195;-37.647;-30.631
2017-10-25;153.118;1.207;-37.714;-30.714
2017-10-26;154.259;1.165;-38.249;-31.022
2017-10-27;154.562;1.154;-39.865;-32.318
2017-10-30;155.492;1.12;-40.844;-32.938
2017-10-31;156.056;1.099;-41.593;-33.469
2017-11-01;155.639;1.114;-41.311;-33.328
2017-11-02;155.599;1.115;-40.81;-32.912
2017-11-03;155.844;1.106;-40.563;-32.7
2017-11-06;156.545;1.081;-41.409;-33.277
2017-11-07;156.864;1.069;-42.726;-34.297
2017-11-08;156.983;1.065;-43.14;-34.614
2017-11-09;155.291;1.125;-41.14;-33.249
2017-11-10;154.291;1.161;-40.319;-32.72
2017-11-13;154.231;1.163;-40.218;-32.647
2017-11-14;154.83;1.141;-40.814;-33.045
2017-11-15;155.476;1.117;-41.458;-33.487
2017-11-16;155.507;1.116;-41.331;-33.38
2017-11-17;156.178;1.091;-42.832;-34.497
2017-11-20;156.336;1.085;-43.027;-34.616
2017-11-21;157.314;1.05;-43.989;-35.208
2017-11-22;157.75;1.034;-44.121;-35.231
2017-11-23;157.885;1.029;-43.684;-34.864
2017-11-24;157.335;1.048;-43.125;-34.486
2017-11-27;157.795;1.032;-43.428;-34.672
2017-11-28;157.785;1.032;-43.965;-35.104
2017-11-29;156.778;1.068;-43.218;-34.636
2017-11-30;157.498;1.041;-44.437;-35.5
2017-12-01;159.553;0.969;-47.468;-37.59
2017-12-04;158.043;1.022;-43.299;-34.515
2017-12-05;158.819;0.994;-43.09;-34.222
2017-12-06;159.522;0.969;-43.945;-34.781
2017-12-07;159.02;0.986;-44.93;-35.665
2017-12-08;158.789;0.994;-45.281;-35.986
2017-12-11;159.396;0.972;-45.62;-36.133
2017-12-12;158.519;1.003;-44.668;-35.53
2017-12-13;158.307;1.01;-43.464;-34.593
2017-12-14;158.969;0.986;-43.408;-34.444
2017-12-15;159.851;0.955;-45.216;-35.705
2017-12-18;159.277;0.975;-44.247;-35.033
2017-12-19;156.995;1.056;-41.236;-32.946
2017-12-20;156.144;1.086;-40.589;-32.545
2017-12-21;156.129;1.086;-40.695;-32.624
2017-12-22;156.044;1.089;-40.898;-32.795
2017-12-25;156.044;1.089;-41.188;-33.025
2017-12-26;156.044;1.089;-41.186;-33.025
2017-12-27;157.015;1.054;-41.203;-32.883
2017-12-28;155.856;1.094;-38.883;-31.206
2017-12-29;155.318;1.114;-37.349;-30.037
2018-01-01;155.318;1.114;-37.307;-30.003
2018-01-02;153.929;1.164;-35.543;-28.759
2018-01-03;155.076;1.122;-37.243;-29.991
2018-01-04;155.355;1.111;-36.853;-29.63
2018-01-05;155.024;1.123;-36.543;-29.426
2018-01-08;155.153;1.118;-36.189;-29.132
2018-01-09;153.859;1.165;-35.069;-28.391
2018-01-10;153.725;1.17;-36.165;-29.293
2018-01-11;153.305;1.185;-35.52;-28.774
2018-01-12;153.715;1.17;-37.372;-30.193
2018-01-15;153.267;1.186;-36.082;-29.206
2018-01-16;154.508;1.14;-37.72;-30.352
2018-01-17;154.468;1.142;-36.935;-29.715
2018-01-18;153.875;1.163;-36.328;-29.304
2018-01-19;153.517;1.176;-37.263;-30.135
2018-01-22;153.775;1.166;-38.555;-31.133
2018-01-23;154.043;1.156;-38.561;-31.1
2018-01-24;153.392;1.18;-38.276;-30.959
2018-01-25;153.946;1.159;-39.223;-31.581
2018-01-26;154.382;1.142;-39.292;-31.52
2018-01-29;152.494;1.212;-37.81;-30.577
2018-01-30;152.416;1.215;-37.445;-30.311
2018-01-31;152.967;1.194;-38.224;-30.842
2018-02-01;152.218;1.221;-38.682;-31.314
2018-02-02;150.573;1.283;-35.894;-29.267
2018-02-05;151.06;1.264;-36.609;-29.786
2018-02-06;152.191;1.222;-36.694;-29.724
2018-02-07;151.186;1.259;-35.627;-28.951
2018-02-08;150.912;1.269;-37.055;-30.149
2018-02-09;151.397;1.251;-39.095;-31.741
2018-02-12;151.059;1.263;-41.196;-33.501
2018-02-13;150.727;1.275;-40.663;-33.146
2018-02-14;150.281;1.292;-39.574;-32.346
2018-02-15;150.115;1.298;-39.635;-32.416
2018-02-16;151.242;1.255;-40.821;-33.226
2018-02-19;150.226;1.293;-40.003;-32.731
2018-02-20;150.091;1.298;-39.747;-32.552
2018-02-21;150.581;1.279;-39.215;-32.022
2018-02-22;150.896;1.267;-40.897;-33.354
2018-02-23;152.495;1.207;-43.368;-35.142
2018-02-26;152.816;1.195;-44.037;-35.625
2018-02-27;152.218;1.217;-42.595;-34.54
2018-02-28;152.623;1.201;-42.673;-34.566
2018-03-01;152.821;1.193;-43.142;-34.904
2018-03-02;152.7;1.198;-42.862;-34.701
2018-03-05;152.529;1.204;-42.31;-34.282
2018-03-06;152.01;1.223;-41.506;-33.676
2018-03-07;152.873;1.191;-42.359;-34.246
2018-03-08;153.774;1.157;-44.586;-35.889
2018-03-09;153.215;1.177;-43.846;-35.396
2018-03-12;153.527;1.165;-44.179;-35.616
2018-03-13;153.495;1.166;-43.317;-34.93
2018-03-14;154.069;1.145;-43.807;-35.242
2018-03-15;154.604;1.125;-43.528;-34.947
2018-03-16;154.904;1.113;-44.45;-35.652
2018-03-19;155.087;1.107;-44.966;-36.022
2018-03-20;154.957;1.111;-45.257;-36.266
2018-03-21;154.865;1.114;-45.784;-36.693
2018-03-22;156.3;1.061;-47.444;-37.808
2018-03-23;156.558;1.052;-49.237;-39.189
2018-03-26;156.557;1.052;-48.784;-38.821
2018-03-27;157.034;1.034;-48.303;-38.367
2018-03-28;156.873;1.039;-47.432;-37.708
2018-03-29;156.666;1.046;-47.653;-37.948
2018-03-30;156.666;1.046;-47.432;-37.765
2018-04-02;156.666;1.046;-47.432;-37.765
2018-04-03;156.672;1.046;-45.727;-36.391
2018-04-04;156.717;1.044;-45.526;-36.23
2018-04-05;155.828;1.076;-44.971;-35.939
2018-04-06;156.435;1.053;-45.421;-36.204
2018-04-09;156.259;1.059;-44.685;-35.643
2018-04-10;156.31;1.057;-44.054;-35.106
2018-04-11;156.738;1.042;-44.499;-35.41
2018-04-12;155.838;1.074;-43.317;-34.621
2018-04-13;155.969;1.069;-43.737;-34.931
2018-04-16;155.608;1.082;-43.593;-34.883
2018-04-17;156.234;1.059;-44.16;-35.223
2018-04-18;155.91;1.07;-43.234;-34.528
2018-04-19;154.093;1.136;-40.91;-32.901
2018-04-20;153.945;1.142;-41.619;-33.513
2018-04-23;152.895;1.181;-40.112;-32.447
2018-04-24;153.146;1.171;-41.164;-33.251
2018-04-25;153.23;1.168;-41.97;-33.893
2018-04-26;154.307;1.127;-43.151;-34.693
2018-04-27;154.734;1.111;-43.813;-35.188
2018-04-30;154.822;1.107;-44.048;-35.379
2018-05-01;154.822;1.107;-44.171;-35.493
2018-05-02;154.159;1.132;-43.036;-34.653
2018-05-03;155.106;1.096;-43.478;-34.92
2018-05-04;154.711;1.111;-41.755;-33.576
2018-05-07;155.275;1.09;-42.628;-34.187
2018-05-08;154.282;1.126;-42.181;-33.959
2018-05-09;154.38;1.122;-42.911;-34.538
2018-05-10;154.448;1.119;-43.074;-34.65
2018-05-11;154.524;1.116;-44.216;-35.558
2018-05-14;153.484;1.154;-43.421;-35.03
2018-05-15;152.503;1.191;-42.862;-34.75
2018-05-16;153.229;1.163;-44.89;-36.329
2018-05-17;152.007;1.209;-43.73;-35.564
2018-05-18;153.499;1.153;-46.369;-37.459
2018-05-21;154.756;1.106;-48.654;-39.129
2018-05-22;153.779;1.142;-47.147;-38.051
2018-05-23;154.585;1.112;-47.905;-38.587
2018-05-24;155.889;1.063;-49.984;-40.015
2018-05-25;157.152;1.017;-51.735;-41.234
2018-05-28;159.082;0.947;-56.548;-44.706
2018-05-29;160.296;0.904;-60.431;-47.58
2018-05-30;158.144;0.981;-56.202;-44.595
2018-05-31;159.979;0.914;-60.464;-47.624
2018-06-01;158.871;0.954;-58.224;-46.049
2018-06-04;157.989;0.985;-57.145;-45.396
2018-06-05;158.308;0.973;-57.313;-45.468
2018-06-06;156.608;1.035;-56.009;-44.693
2018-06-07;155.96;1.058;-55.373;-44.287
2018-06-08;156.624;1.033;-55.744;-44.459
2018-06-11;155.329;1.08;-51.313;-41.144
2018-06-12;155.57;1.071;-50.91;-40.761
2018-06-13;155.849;1.061;-51.507;-41.2
2018-06-14;156.249;1.046;-51.868;-41.533
2018-06-15;156.454;1.038;-50.88;-40.755
2018-06-18;156.199;1.047;-49.374;-39.617
2018-06-19;157.122;1.013;-49.203;-39.313
2018-06-20;156.767;1.026;-49.764;-39.805
2018-06-21;157.348;1.004;-51.859;-41.437
2018-06-22;157.429;1.001;-52.992;-42.317
2018-06-25;157.969;0.981;-55.46;-44.19
2018-06-26;157.608;0.994;-54.888;-43.798
2018-06-27;159.053;0.942;-57.922;-45.886
2018-06-28;159.492;0.926;-58.338;-46.117
2018-06-29;160.569;0.887;-61.498;-48.404
2018-07-02;160.839;0.877;-64.437;-50.682
2018-07-03;161.515;0.853;-66.311;-52.008
2018-07-04;160.995;0.871;-64.215;-50.48
2018-07-05;161.399;0.856;-64.8;-50.825
2018-07-06;160.956;0.872;-63.365;-49.809
2018-07-09;160.319;0.894;-60.596;-47.778
2018-07-10;159.941;0.907;-61.465;-48.54
2018-07-11;160.408;0.891;-63.093;-49.731
2018-07-12;160.532;0.885;-63.267;-49.837
2018-07-13;161.046;0.867;-65.265;-51.315
2018-07-16;160.572;0.884;-65.215;-51.375
2018-07-17;160.953;0.87;-65.158;-51.247
2018-07-18;160.908;0.871;-64.652;-50.866
2018-07-19;160.832;0.873;-63.74;-50.16
2018-07-20;159.821;0.909;-62.415;-49.32
2018-07-23;158.846;0.944;-60.601;-48.047
2018-07-24;159.367;0.925;-61.183;-48.401
2018-07-25;159.635;0.915;-61.101;-48.274
2018-07-26;159.273;0.927;-61.713;-48.829
2018-07-27;159.226;0.929;-62.045;-49.105
2018-07-30;158.065;0.97;-60.358;-47.982
2018-07-31;158.458;0.956;-61.209;-48.563
2018-08-01;157.461;0.992;-59.09;-47.082
2018-08-02;157.786;0.979;-59.934;-47.682
2018-08-03;159.095;0.932;-62.318;-49.319
2018-08-06;159.558;0.915;-62.909;-49.701
2018-08-07;159.13;0.93;-62.972;-49.828
2018-08-08;159.136;0.93;-63.567;-50.331
2018-08-09;159.543;0.914;-64.361;-50.89
2018-08-10;161.139;0.857;-66.729;-52.408
2018-08-13;161.036;0.861;-66.082;-51.937
2018-08-14;160.649;0.874;-65.311;-51.418
2018-08-15;161.132;0.857;-65.388;-51.38
2018-08-16;160.786;0.869;-64.816;-50.996
2018-08-17;161.118;0.857;-64.86;-50.952
2018-08-20;161.179;0.854;-65.128;-51.167
2018-08-21;160.481;0.879;-63.692;-50.173
2018-08-22;160.229;0.887;-62.444;-49.239
2018-08-23;160.127;0.89;-62.449;-49.273
2018-08-24;160.0;0.895;-62.137;-49.056
2018-08-27;158.955;0.932;-59.482;-47.133
2018-08-28;158.847;0.936;-59.401;-47.096
2018-08-29;158.135;0.961;-58.196;-46.273
2018-08-30;159.662;0.905;-61.667;-48.738
2018-08-31;160.06;0.891;-61.79;-48.762
2018-09-03;159.691;0.904;-60.974;-48.208
2018-09-04;159.523;0.91;-61.302;-48.485
2018-09-05;159.13;0.924;-60.765;-48.107
2018-09-06;159.732;0.901;-62.72;-49.572
2018-09-07;158.822;0.934;-61.219;-48.535
2018-09-10;158.365;0.95;-60.303;-47.903
2018-09-11;157.642;0.976;-59.838;-47.685
2018-09-12;158.129;0.958;-60.425;-48.054
2018-09-13;157.894;0.966;-59.903;-47.684
2018-09-14;157.267;0.989;-59.072;-47.152
2018-09-17;157.477;0.981;-59.635;-47.528
2018-09-18;156.755;1.007;-58.031;-46.4
2018-09-19;156.397;1.02;-58.313;-46.685
2018-09-20;156.729;1.007;-59.385;-47.498
2018-09-21;156.902;1.001;-59.503;-47.57
2018-09-24;156.253;1.024;-58.048;-46.448
2018-09-25;155.501;1.052;-57.906;-46.45
2018-09-26;156.056;1.031;-58.98;-47.209
2018-09-27;156.321;1.021;-58.542;-46.769
2018-09-28;157.387;0.981;-60.512;-48.16
2018-10-01;156.855;1.001;-60.627;-48.396
2018-10-02;158.09;0.955;-63.473;-50.399
2018-10-03;157.099;0.991;-61.23;-48.802
2018-10-04;156.083;1.028;-60.863;-48.672
2018-10-05;154.613;1.082;-58.71;-47.252
2018-10-08;155.221;1.059;-59.279;-47.598
2018-10-09;154.945;1.069;-59.011;-47.428
2018-10-10;154.888;1.071;-59.235;-47.614
2018-10-11;155.633;1.043;-60.45;-48.437
2018-10-12;155.859;1.034;-60.315;-48.304
2018-10-15;155.671;1.041;-60.607;-48.586
2018-10-16;155.956;1.03;-59.924;-47.987
2018-10-17;156.589;1.007;-59.984;-47.944
2018-10-18;157.443;0.975;-62.838;-50.048
2018-10-19;156.887;0.995;-62.16;-49.609
2018-10-22;157.183;0.984;-62.345;-49.666
2018-10-23;158.26;0.944;-63.666;-50.498
2018-10-24;158.097;0.95;-63.393;-50.326
2018-10-25;158.015;0.952;-63.59;-50.502
2018-10-26;158.981;0.917;-63.479;-50.241
2018-10-29;157.954;0.954;-60.591;-48.152
2018-10-30;158.374;0.939;-61.91;-49.135
2018-10-31;158.315;0.941;-61.864;-49.094
2018-11-01;157.948;0.953;-61.997;-49.253
2018-11-02;157.241;0.979;-59.689;-47.568
2018-11-05;157.285;0.977;-59.597;-47.482
2018-11-06;156.966;0.989;-58.789;-46.908
2018-11-07;156.674;0.999;-58.252;-46.537
2018-11-08;156.272;1.013;-57.411;-45.923
2018-11-09;157.323;0.974;-59.044;-47.028
2018-11-12;157.075;0.983;-57.58;-45.928
2018-11-13;156.946;0.988;-57.801;-46.129
2018-11-14;157.001;0.986;-57.256;-45.69
2018-11-15;157.483;0.967;-57.462;-45.78
2018-11-16;157.349;0.972;-57.246;-45.623
2018-11-19;156.945;0.987;-55.591;-44.394
2018-11-20;157.445;0.968;-55.07;-43.869
2018-11-21;156.672;0.996;-52.666;-42.096
2018-11-22;156.732;0.993;-52.189;-41.711
2018-11-23;157.837;0.952;-54.642;-43.452
2018-11-26;157.27;0.973;-53.326;-42.509
2018-11-27;157.359;0.97;-54.211;-43.22
2018-11-28;157.564;0.962;-55.378;-44.113
2018-11-29;158.342;0.933;-56.553;-44.921
2018-11-30;158.786;0.916;-58.125;-46.099
2018-12-03;159.068;0.906;-59.148;-46.86
2018-12-04;160.731;0.846;-62.43;-49.092
2018-12-05;160.195;0.865;-62.578;-49.305
2018-12-06;161.498;0.817;-65.692;-51.497
2018-12-07;161.261;0.826;-65.524;-51.406
2018-12-10;162.31;0.788;-69.028;-53.908
2018-12-11;162.71;0.774;-72.036;-56.167
2018-12-12;161.93;0.801;-70.111;-54.786
2018-12-13;161.061;0.831;-67.538;-53.007
2018-12-14;161.008;0.833;-65.598;-51.526
2018-12-17;161.092;0.83;-66.847;-52.493
2018-12-18;161.722;0.807;-67.023;-52.506
2018-12-19;161.712;0.807;-65.131;-51.026
2018-12-20;162.516;0.778;-65.948;-51.486
2018-12-21;161.914;0.799;-66.59;-52.151
2018-12-24;161.914;0.798;-66.469;-52.055
2018-12-25;161.914;0.798;-66.47;-52.055
2018-12-26;161.914;0.798;-66.467;-52.055
2018-12-27;162.077;0.792;-65.464;-51.244
2018-12-28;161.795;0.801;-63.843;-50.051
2018-12-31;161.795;0.801;-63.75;-49.979
2019-01-01;161.795;0.801;-63.752;-49.978
2019-01-02;163.818;0.73;-65.615;-51.032
2019-01-03;163.7;0.733;-65.5;-50.976
2019-01-04;162.236;0.784;-64.44;-50.437
2019-01-07;161.957;0.794;-64.247;-50.355
2019-01-08;161.907;0.796;-65.632;-51.432
2019-01-09;162.038;0.791;-67.965;-53.241
2019-01-10;162.473;0.775;-69.576;-54.416
2019-01-11;162.673;0.767;-69.661;-54.439
2019-01-14;162.803;0.762;-69.586;-54.373
2019-01-15;163.067;0.753;-69.544;-54.307
2019-01-16;162.604;0.769;-67.958;-53.156
2019-01-17;162.141;0.785;-65.588;-51.394
2019-01-18;161.566;0.805;-65.067;-51.09
2019-01-21;161.735;0.799;-65.207;-51.168
2019-01-22;162.395;0.775;-65.689;-51.386
2019-01-23;162.746;0.762;-64.423;-50.315
2019-01-24;164.074;0.715;-65.805;-51.141
2019-01-25;164.096;0.714;-64.71;-50.235
2019-01-28;163.334;0.74;-62.924;-49.0
2019-01-29;163.377;0.738;-61.648;-48.007
2019-01-30;163.79;0.724;-60.93;-47.367
2019-01-31;164.798;0.688;-59.704;-46.237
2019-02-01;163.888;0.719;-61.302;-47.664
2019-02-04;163.715;0.725;-60.735;-47.238
2019-02-05;163.677;0.726;-59.975;-46.649
2019-02-06;163.913;0.718;-59.702;-46.399
2019-02-07;164.914;0.682;-61.218;-47.42
2019-02-08;165.73;0.653;-60.797;-46.928
2019-02-11;164.534;0.695;-58.375;-45.292
2019-02-12;164.221;0.705;-58.422;-45.381
2019-02-13;164.513;0.695;-59.809;-46.398
2019-02-14;165.251;0.668;-61.31;-47.403
2019-02-15;165.087;0.674;-61.058;-47.246
2019-02-18;164.432;0.696;-59.86;-46.48
2019-02-19;164.619;0.69;-59.118;-45.867
2019-02-20;164.808;0.683;-57.877;-44.854
2019-02-21;164.165;0.705;-57.6;-44.752
2019-02-22;164.943;0.677;-58.196;-45.061
2019-02-25;164.282;0.7;-56.75;-44.085
2019-02-26;163.954;0.711;-56.148;-43.679
2019-02-27;163.261;0.735;-56.289;-43.882
2019-02-28;162.187;0.773;-55.19;-43.214
2019-03-01;162.066;0.777;-55.517;-43.486
2019-03-04;162.514;0.761;-54.826;-42.865
2019-03-05;162.31;0.768;-54.648;-42.766
2019-03-06;163.072;0.74;-54.008;-42.163
2019-03-07;164.505;0.689;-52.679;-40.939
2019-03-08;164.991;0.672;-50.049;-38.755
2019-03-11;164.555;0.687;-49.4;-38.35
2019-03-12;164.847;0.676;-51.514;-39.951
2019-03-13;164.557;0.686;-51.512;-40.004
2019-03-14;164.177;0.699;-51.189;-39.814
2019-03-15;164.171;0.699;-51.302;-39.903
2019-03-18;164.342;0.693;-50.037;-38.888
2019-03-19;164.086;0.701;-50.41;-39.235
2019-03-20;164.389;0.69;-50.864;-39.529
2019-03-21;166.068;0.631;-52.99;-40.894
2019-03-22;168.328;0.553;-54.42;-41.58
2019-03-25;168.969;0.531;-54.596;-41.596
2019-03-26;168.817;0.536;-54.375;-41.42
2019-03-27;170.022;0.495;-53.003;-40.263
2019-03-28;169.694;0.505;-55.859;-42.499
2019-03-29;169.079;0.526;-56.734;-43.272
2019-04-01;167.732;0.571;-54.807;-42.027
2019-04-02;168.307;0.551;-55.281;-42.298
2019-04-03;166.224;0.623;-53.4;-41.215
2019-04-04;167.326;0.584;-54.788;-42.073
2019-04-05;167.063;0.593;-54.466;-41.869
2019-04-08;167.003;0.595;-53.571;-41.194
2019-04-09;167.334;0.583;-54.129;-41.565
2019-04-10;167.389;0.581;-51.928;-39.883
2019-04-11;167.409;0.579;-53.52;-41.102
2019-04-12;165.598;0.642;-52.32;-40.445
2019-04-15;165.153;0.657;-51.393;-39.808
2019-04-16;164.666;0.674;-50.975;-39.574
2019-04-17;164.475;0.679;-51.037;-39.644
2019-04-18;166.161;0.62;-52.303;-40.362
2019-04-19;166.161;0.62;-52.234;-40.31
2019-04-22;166.161;0.62;-52.212;-40.31
2019-04-23;165.854;0.63;-52.451;-40.511
2019-04-24;167.52;0.573;-53.281;-40.89
2019-04-25;167.068;0.587;-53.491;-41.136
2019-04-26;167.515;0.572;-54.02;-41.459
2019-04-29;166.766;0.597;-51.873;-39.936
2019-04-30;166.689;0.599;-51.844;-39.925
2019-05-01;166.689;0.599;-52.164;-40.172
2019-05-02;166.057;0.621;-50.732;-39.147
2019-05-03;166.289;0.612;-52.45;-40.443
2019-05-06;166.731;0.597;-51.942;-39.996
2019-05-07;167.833;0.558;-53.043;-40.659
2019-05-08;168.086;0.549;-53.343;-40.832
2019-05-09;168.039;0.55;-53.736;-41.145
2019-05-10;167.799;0.558;-53.428;-40.957
2019-05-13;168.867;0.521;-53.752;-41.027
2019-05-14;168.839;0.522;-52.529;-40.1
2019-05-15;169.852;0.487;-54.204;-41.226
2019-05-16;169.632;0.494;-55.062;-41.937
2019-05-17;169.934;0.483;-55.579;-42.286
2019-05-20;169.241;0.507;-54.578;-41.651
2019-05-21;168.365;0.536;-52.475;-40.157
2019-05-22;169.005;0.514;-53.759;-41.066
2019-05-23;169.957;0.481;-54.364;-41.379
2019-05-24;169.941;0.481;-54.548;-41.518
2019-05-27;170.909;0.448;-55.084;-41.757
2019-05-28;171.229;0.437;-54.647;-41.383
2019-05-29;172.013;0.411;-55.457;-41.883
2019-05-30;171.74;0.419;-55.524;-41.977
2019-05-31;172.99;0.377;-57.143;-42.991
2019-06-03;173.379;0.364;-56.386;-42.326
2019-06-04;173.702;0.353;-54.706;-41.009
2019-06-05;173.917;0.345;-52.923;-39.687
2019-06-06;175.136;0.305;-55.152;-41.112
2019-06-07;176.356;0.264;-57.693;-42.812
2019-06-10;174.139;0.337;-56.237;-42.111
2019-06-11;174.45;0.326;-55.188;-41.285
2019-06-12;174.808;0.314;-56.437;-42.179
2019-06-13;175.212;0.3;-56.666;-42.29
2019-06-14;176.241;0.266;-56.898;-42.243
2019-06-17;175.542;0.289;-56.187;-41.847
2019-06-18;177.856;0.213;-58.154;-43.022
2019-06-19;177.164;0.235;-58.186;-43.1
2019-06-20;178.385;0.195;-60.14;-44.351
2019-06-21;177.042;0.238;-58.736;-43.493
2019-06-24;177.936;0.209;-58.889;-43.488
2019-06-25;178.522;0.19;-58.11;-42.816
2019-06-26;177.746;0.215;-57.425;-42.42
2019-06-27;178.122;0.202;-56.389;-41.62
2019-06-28;177.987;0.206;-55.771;-41.201
2019-07-01;178.582;0.186;-56.827;-41.922
2019-07-02;178.611;0.185;-57.252;-42.245
2019-07-03;180.063;0.138;-56.192;-41.204
2019-07-04;180.381;0.127;-52.519;-38.456
2019-07-05;179.168;0.166;-51.677;-37.99
2019-07-08;179.191;0.165;-49.991;-36.73
2019-07-09;178.719;0.179;-52.313;-38.507
2019-07-10;177.089;0.232;-50.247;-37.198
2019-07-11;175.243;0.291;-50.794;-37.895
2019-07-12;174.578;0.312;-50.73;-37.941
2019-07-15;176.273;0.257;-51.254;-38.071
2019-07-16;176.128;0.261;-49.228;-36.577
2019-07-17;177.621;0.212;-49.464;-36.561
2019-07-18;178.065;0.197;-50.648;-37.411
2019-07-19;178.326;0.188;-50.874;-37.558
2019-07-22;179.105;0.163;-52.054;-38.294
2019-07-23;179.142;0.162;-51.857;-38.15
2019-07-24;180.058;0.132;-50.253;-36.827
2019-07-25;179.164;0.16;-47.64;-35.021
2019-07-26;180.019;0.132;-48.792;-35.75
2019-07-29;180.591;0.114;-49.374;-36.13
2019-07-30;181.081;0.098;-51.001;-37.26
2019-07-31;182.658;0.048;-51.398;-37.299
2019-08-01;183.328;0.026;-49.198;-35.604
2019-08-02;186.1;-0.06;-49.144;-35.158
2019-08-05;186.686;-0.078;-50.215;-35.864
2019-08-06;187.722;-0.109;-52.79;-37.567
2019-08-07;189.666;-0.168;-54.059;-38.206
2019-08-08;187.995;-0.119;-52.635;-37.437
2019-08-09;188.826;-0.144;-54.112;-38.369
2019-08-12;189.501;-0.165;-54.774;-38.727
2019-08-13;190.676;-0.2;-54.185;-38.156
2019-08-14;192.588;-0.257;-50.843;-35.521
2019-08-15;195.205;-0.334;-43.296;-29.982
2019-08-16;193.46;-0.284;-35.88;-24.956
2019-08-19;191.014;-0.212;-39.913;-28.013
2019-08-20;192.078;-0.244;-41.029;-28.689
2019-08-21;191.683;-0.233;-43.164;-30.19
2019-08-22;190.239;-0.191;-44.298;-31.164
2019-08-23;191.089;-0.217;-45.968;-32.299
2019-08-26;191.179;-0.22;-46.02;-32.309
2019-08-27;192.837;-0.269;-42.329;-29.506
2019-08-28;193.932;-0.301;-38.807;-26.94
2019-08-29;192.364;-0.256;-38.302;-26.729
2019-08-30;192.328;-0.256;-39.208;-27.364
2019-09-02;192.051;-0.248;-40.245;-28.122
2019-09-03;192.857;-0.272;-40.581;-28.25
2019-09-04;191.655;-0.237;-42.354;-29.641
2019-09-05;187.291;-0.107;-42.341;-30.146
2019-09-06;189.529;-0.175;-42.006;-29.641
2019-09-09;187.081;-0.101;-39.026;-27.802
2019-09-10;185.625;-0.057;-38.999;-27.912
2019-09-11;186.276;-0.077;-42.435;-30.328
2019-09-12;185.717;-0.061;-45.784;-32.723
2019-09-13;182.778;0.03;-48.1;-34.804
2019-09-16;184.133;-0.013;-46.463;-33.47
2019-09-17;184.154;-0.014;-42.956;-30.918
2019-09-18;186.113;-0.075;-44.3;-31.647
2019-09-19;186.123;-0.076;-43.149;-30.814
2019-09-20;186.822;-0.098;-43.375;-30.92
2019-09-23;189.169;-0.169;-42.831;-30.26
2019-09-24;190.293;-0.203;-40.819;-28.707
2019-09-25;189.446;-0.178;-42.405;-29.888
2019-09-26;189.954;-0.194;-44.522;-31.348
2019-09-27;189.276;-0.174;-45.26;-31.948
2019-09-30;188.843;-0.162;-44.868;-31.713
2019-10-01;188.566;-0.154;-45.129;-31.935
2019-10-02;187.579;-0.124;-42.702;-30.339
2019-10-03;189.038;-0.169;-44.123;-31.2
2019-10-04;188.645;-0.158;-43.298;-30.647
2019-10-07;188.089;-0.141;-42.604;-30.203
2019-10-08;188.384;-0.15;-42.673;-30.242
2019-10-09;186.808;-0.103;-42.649;-30.405
2019-10-10;184.396;-0.029;-40.648;-29.164
2019-10-11;182.959;0.015;-42.603;-30.793
2019-10-14;183.632;-0.006;-41.739;-30.097
2019-10-15;182.367;0.033;-41.711;-30.168
2019-10-16;181.14;0.072;-41.648;-30.251
2019-10-17;182.074;0.041;-41.36;-29.939
2019-10-18;181.006;0.075;-41.896;-30.445
2019-10-21;179.374;0.127;-41.315;-30.203
2019-10-22;180.538;0.089;-39.796;-28.955
2019-10-23;181.794;0.049;-38.411;-27.787
2019-10-24;181.998;0.041;-40.427;-29.247
2019-10-25;180.165;0.099;-41.113;-29.964
2019-10-28;179.04;0.135;-39.714;-29.044
2019-10-29;179.856;0.109;-41.272;-30.118
2019-10-30;179.888;0.107;-42.344;-30.907
2019-10-31;181.879;0.043;-44.618;-32.335
2019-11-01;180.76;0.078;-42.823;-31.147
2019-11-04;179.48;0.119;-43.118;-31.532
2019-11-05;178.351;0.155;-42.108;-30.895
2019-11-06;179.394;0.121;-42.64;-31.177
2019-11-07;176.118;0.227;-39.823;-29.437
2019-11-08;177.118;0.194;-40.97;-30.2
2019-11-11;176.404;0.217;-40.108;-29.625
2019-11-12;176.88;0.201;-40.2;-29.668
2019-11-13;178.312;0.154;-39.683;-29.092
2019-11-14;180.19;0.092;-42.473;-30.956
2019-11-15;179.395;0.118;-40.943;-29.91
2019-11-18;179.4;0.117;-41.52;-30.325
2019-11-19;179.354;0.118;-41.009;-29.96
2019-11-20;179.655;0.108;-41.523;-30.322
2019-11-21;178.974;0.129;-40.743;-29.796
2019-11-22;180.102;0.093;-41.19;-30.022
2019-11-25;179.536;0.111;-41.113;-30.032
2019-11-26;180.272;0.087;-42.067;-30.649
2019-11-27;180.496;0.079;-41.028;-29.85
2019-11-28;180.163;0.089;-41.017;-29.875
2019-11-29;180.382;0.081;-42.247;-30.737
2019-12-02;177.681;0.169;-39.894;-29.291
2019-12-03;180.019;0.092;-40.691;-29.676
2019-12-04;178.824;0.131;-41.683;-30.518
2019-12-05;178.416;0.143;-41.067;-30.089
2019-12-06;177.708;0.166;-39.689;-29.164
2019-12-09;178.231;0.148;-40.141;-29.45
2019-12-10;177.94;0.158;-40.169;-29.5
2019-12-11;178.733;0.132;-40.791;-29.878
2019-12-12;177.067;0.185;-38.741;-28.548
2019-12-13;178.128;0.15;-39.225;-28.764
2019-12-16;177.544;0.169;-39.359;-28.933
2019-12-17;178.264;0.145;-40.83;-29.924
2019-12-18;176.808;0.192;-40.392;-29.773
2019-12-19;176.354;0.206;-40.22;-29.706
2019-12-20;176.729;0.194;-41.015;-30.259
2019-12-23;176.37;0.205;-41.393;-30.572
2019-12-24;176.37;0.204;-41.549;-30.694
2019-12-25;176.37;0.204;-41.55;-30.692
2019-12-26;176.37;0.204;-41.549;-30.694
2019-12-27;176.578;0.196;-41.471;-30.621
2019-12-30;174.506;0.265;-40.076;-29.787
2020-01-01;174.506;0.264;-40.449;-30.066
2020-01-02;175.753;0.222;-39.602;-29.309
2020-01-03;177.471;0.165;-40.344;-29.674
2020-01-06;177.5;0.164;-39.675;-29.182
2020-01-07;177.27;0.171;-38.726;-28.519
2020-01-08;175.781;0.22;-37.957;-28.111
2020-01-09;175.002;0.245;-37.622;-27.922
2020-01-10;175.558;0.226;-37.719;-27.94
2020-01-13;173.847;0.283;-36.426;-27.167
2020-01-14;174.534;0.26;-37.824;-28.113
2020-01-15;175.593;0.224;-39.519;-29.259
2020-01-16;176.005;0.209;-39.261;-29.045
2020-01-17;175.669;0.22;-37.933;-28.087
2020-01-20;175.702;0.219;-37.738;-27.938
2020-01-21;176.754;0.184;-37.541;-27.678
2020-01-22;177.031;0.174;-37.645;-27.73
2020-01-23;178.308;0.131;-38.197;-28.022
2020-01-24;179.06;0.106;-37.355;-27.346
2020-01-27;180.837;0.049;-36.418;-26.46
2020-01-28;179.43;0.094;-36.473;-26.641
2020-01-29;180.595;0.056;-38.372;-27.903
2020-01-30;181.628;0.022;-39.05;-28.299
2020-01-31;182.509;-0.007;-38.658;-27.921
2020-02-03;182.675;-0.012;-37.834;-27.321
2020-02-04;181.082;0.038;-36.714;-26.641
2020-02-05;179.571;0.087;-36.285;-26.484
2020-02-06;179.82;0.078;-36.441;-26.574
2020-02-07;180.45;0.057;-35.644;-25.927
2020-02-10;181.228;0.032;-34.784;-25.22
2020-02-11;180.441;0.057;-34.723;-25.249
2020-02-12;180.204;0.064;-34.393;-25.009
2020-02-13;180.633;0.049;-33.913;-24.626
2020-02-14;181.071;0.035;-33.9;-24.585
2020-02-17;181.078;0.034;-33.691;-24.441
2020-02-18;181.227;0.029;-32.559;-23.599
2020-02-19;181.759;0.012;-32.59;-23.586
2020-02-20;183.14;-0.033;-31.665;-22.765
2020-02-21;183.062;-0.031;-32.542;-23.389
2020-02-24;184.445;-0.075;-32.866;-23.52
2020-02-25;185.507;-0.109;-34.586;-24.687
2020-02-26;184.779;-0.087;-35.867;-25.649
2020-02-27;185.888;-0.122;-36.397;-25.924
2020-02-28;188.456;-0.202;-40.355;-28.51
2020-03-02;188.85;-0.214;-39.674;-27.978
2020-03-03;188.727;-0.211;-39.362;-27.707
2020-03-04;188.892;-0.216;-37.924;-26.77
2020-03-05;190.006;-0.251;-43.02;-30.183
2020-03-06;191.385;-0.294;-40.07;-27.935
2020-03-09;196.179;-0.436;-43.4;-29.732
2020-03-10;194.92;-0.4;-38.038;-26.049
2020-03-11;193.896;-0.37;-34.059;-23.354
2020-03-12;193.214;-0.351;-28.718;-19.608
2020-03-13;186.169;-0.136;-18.999;-13.272
2020-03-16;184.217;-0.075;-12.157;-8.541
2020-03-17;183.298;-0.046;-8.406;-5.896
2020-03-18;176.795;0.164;-3.992;-2.851
2020-03-19;175.772;0.198;-8.777;-6.353
2020-03-20;179.861;0.062;-16.035;-11.529
2020-03-23;181.007;0.025;-18.527;-13.308
2020-03-24;178.328;0.112;-19.424;-14.099
2020-03-25;175.128;0.218;-11.057;-8.117
2020-03-26;176.629;0.167;-14.591;-10.701
2020-03-27;181.039;0.022;-21.072;-15.223
2020-03-30;180.607;0.036;-19.101;-13.824
2020-03-31;179.577;0.069;-16.893;-12.269
2020-04-01;180.522;0.038;-17.314;-12.531
2020-04-02;180.526;0.037;-13.293;-9.622
2020-04-03;180.799;0.027;-13.6;-9.81
2020-04-06;179.969;0.054;-13.913;-10.081
2020-04-07;176.75;0.16;-10.27;-7.519
2020-04-08;176.446;0.168;-7.302;-5.381
2020-04-09;177.927;0.119;-6.788;-5.082
2020-04-10;177.927;0.119;-7.699;-5.742
2020-04-13;177.927;0.119;-7.687;-5.742
2020-04-14;178.841;0.088;-9.485;-7.021
2020-04-15;181.955;-0.013;-14.522;-10.532
2020-04-16;182.07;-0.018;-13.371;-9.686
2020-04-17;181.631;-0.004;-12.756;-9.262
2020-04-20;180.538;0.031;-11.983;-8.714
2020-04-21;181.546;-0.002;-14.331;-10.357
2020-04-22;179.438;0.066;-13.332;-9.743
2020-04-23;180.254;0.039;-11.407;-8.369
2020-04-24;182.041;-0.02;-13.342;-9.748
2020-04-27;181.465;-0.001;-13.241;-9.698
2020-04-28;181.668;-0.008;-12.768;-9.387
2020-04-29;182.615;-0.04;-14.886;-10.85
2020-04-30;185.432;-0.13;-17.413;-12.561
2020-05-01;185.432;-0.13;-17.557;-12.694
2020-05-04;184.048;-0.086;-15.819;-11.521
2020-05-05;183.899;-0.082;-14.126;-10.289
2020-05-06;181.432;-0.003;-9.031;-6.74
2020-05-07;182.222;-0.03;-9.642;-7.174
2020-05-08;181.858;-0.018;-9.595;-7.093
2020-05-11;181.033;0.008;-5.193;-3.942
2020-05-12;181.616;-0.011;-2.74;-2.153
2020-05-13;182.831;-0.051;-5.907;-4.41
2020-05-14;183.197;-0.063;-7.049;-5.217
2020-05-15;182.693;-0.048;-5.435;-4.077
2020-05-18;180.496;0.023;-1.49;-1.263
2020-05-19;181.631;-0.014;-5.397;-4.066
2020-05-20;182.212;-0.033;-7.966;-5.897
2020-05-21;182.904;-0.056;-10.504;-7.687
2020-05-22;182.297;-0.037;-8.363;-6.148
2020-05-25;182.292;-0.037;-8.155;-5.999
2020-05-26;180.353;0.025;-4.076;-3.121
2020-05-27;180.086;0.034;-3.768;-2.883
2020-05-28;180.263;0.027;-4.952;-3.757
2020-05-29;181.256;-0.006;-7.537;-5.607
2020-06-01;179.07;0.065;-4.137;-3.164
2020-06-02;179.656;0.046;-5.171;-3.88
2020-06-03;177.897;0.103;-4.562;-3.489
2020-06-04;176.668;0.143;-5.179;-3.925
2020-06-05;175.081;0.196;-1.531;-1.276
2020-06-08;176.731;0.141;-4.388;-3.351
2020-06-09;176.918;0.134;-6.482;-4.851
2020-06-10;177.532;0.113;-6.222;-4.657
2020-06-11;179.912;0.034;-7.393;-5.464
2020-06-12;180.371;0.018;-7.539;-5.547
2020-06-15;180.63;0.01;-7.133;-5.247
2020-06-16;180.235;0.022;-8.212;-6.029
2020-06-17;180.262;0.021;-8.15;-5.989
2020-06-18;181.313;-0.014;-9.267;-6.761
2020-06-19;181.546;-0.022;-11.087;-8.056
2020-06-22;182.015;-0.038;-11.002;-7.961
2020-06-23;180.208;0.021;-7.624;-5.556
2020-06-24;181.937;-0.036;-11.514;-8.308
2020-06-25;182.985;-0.071;-13.478;-9.687
2020-06-26;183.195;-0.078;-11.821;-8.493
2020-06-29;182.579;-0.058;-9.983;-7.182
2020-06-30;182.061;-0.042;-10.224;-7.357
2020-07-01;180.442;0.01;-7.237;-5.26
2020-07-02;181.429;-0.023;-10.076;-7.275
2020-07-03;181.395;-0.022;-11.041;-7.97
2020-07-06;181.382;-0.022;-10.652;-7.689
2020-07-07;181.582;-0.029;-11.071;-7.972
2020-07-08;182.214;-0.05;-11.312;-8.117
2020-07-09;182.932;-0.074;-11.754;-8.413
2020-07-10;183.049;-0.078;-11.747;-8.4
2020-07-13;181.432;-0.026;-10.633;-7.644
2020-07-14;182.717;-0.068;-10.987;-7.861
2020-07-15;182.594;-0.064;-10.404;-7.442
2020-07-16;183.075;-0.081;-12.321;-8.788
2020-07-17;182.675;-0.068;-12.471;-8.9
2020-07-20;183.639;-0.1;-13.839;-9.875
2020-07-21;183.34;-0.09;-11.694;-8.333
2020-07-22;184.282;-0.121;-13.037;-9.26
2020-07-23;183.712;-0.104;-10.814;-7.667
2020-07-24;182.79;-0.074;-9.736;-6.899
2020-07-27;184.248;-0.122;-11.278;-7.963
2020-07-28;184.686;-0.136;-11.622;-8.186
2020-07-29;184.218;-0.121;-12.256;-8.643
2020-07-30;185.65;-0.168;-14.125;-9.913
2020-07-31;184.748;-0.14;-14.322;-10.069
2020-08-03;184.723;-0.139;-13.269;-9.31
2020-08-04;185.975;-0.179;-15.164;-10.612
2020-08-05;184.44;-0.131;-14.002;-9.841
2020-08-06;185.223;-0.157;-15.1;-10.599
2020-08-07;184.58;-0.137;-15.119;-10.649
2020-08-10;185.109;-0.154;-15.311;-10.748
2020-08-11;183.519;-0.103;-15.655;-11.074
2020-08-12;182.396;-0.067;-13.749;-9.724
2020-08-13;181.332;-0.034;-13.236;-9.38
2020-08-14;181.332;-0.034;-12.153;-8.606
2020-08-17;182.228;-0.064;-12.685;-8.96
2020-08-18;182.573;-0.075;-12.726;-8.972
2020-08-19;182.916;-0.087;-13.416;-9.462
2020-08-20;183.923;-0.12;-14.88;-10.475
2020-08-21;184.129;-0.127;-15.971;-11.255
2020-08-24;183.537;-0.109;-15.291;-10.805
2020-08-25;181.591;-0.046;-13.283;-9.41
2020-08-26;180.959;-0.025;-12.659;-8.982
2020-08-27;180.362;-0.007;-13.525;-9.647
2020-08-28;180.197;-0.002;-13.596;-9.717
2020-08-31;180.093;0.001;-12.801;-9.136
2020-09-01;180.71;-0.019;-13.29;-9.468
2020-09-02;182.444;-0.076;-14.282;-10.11
2020-09-03;183.311;-0.105;-16.28;-11.537
2020-09-04;182.656;-0.085;-15.264;-10.831
2020-09-07;182.024;-0.064;-13.784;-9.759
2020-09-08;183.143;-0.101;-15.657;-11.099
2020-09-09;182.064;-0.066;-16.275;-11.548
2020-09-10;181.468;-0.048;-14.951;-10.625
2020-09-11;182.741;-0.09;-15.345;-10.885
2020-09-14;182.742;-0.09;-15.303;-10.857
2020-09-15;182.593;-0.086;-14.294;-10.132
2020-09-16;183.096;-0.102;-15.643;-11.096
2020-09-17;183.317;-0.11;-15.359;-10.88
2020-09-18;183.214;-0.107;-15.705;-11.129
2020-09-21;184.772;-0.158;-17.865;-12.602
2020-09-22;183.589;-0.12;-16.509;-11.68
2020-09-23;183.519;-0.118;-15.633;-11.054
2020-09-24;183.529;-0.12;-16.013;-11.33
2020-09-25;184.676;-0.157;-17.123;-12.075
2020-09-28;184.535;-0.153;-18.194;-12.839
2020-09-29;185.191;-0.174;-19.115;-13.466
2020-09-30;184.531;-0.153;-19.345;-13.658
2020-10-01;185.005;-0.17;-21.51;-15.192
2020-10-02;184.96;-0.169;-21.335;-15.086
2020-10-05;184.337;-0.149;-21.539;-15.233
2020-10-06;184.301;-0.148;-21.832;-15.486
2020-10-07;183.772;-0.131;-21.423;-15.206
2020-10-08;184.743;-0.164;-23.111;-16.368
2020-10-09;184.926;-0.17;-25.312;-17.937
2020-10-12;185.583;-0.191;-26.114;-18.49
2020-10-13;185.968;-0.204;-25.552;-18.07
2020-10-14;186.801;-0.231;-25.592;-18.019
2020-10-15;187.664;-0.259;-25.92;-18.186
2020-10-16;187.83;-0.265;-26.051;-18.267
2020-10-19;187.978;-0.27;-26.751;-18.764
2020-10-20;187.441;-0.253;-28.797;-20.246
2020-10-21;186.786;-0.233;-27.976;-19.711
2020-10-22;186.007;-0.209;-27.845;-19.695
2020-10-23;186.254;-0.217;-28.263;-19.976
2020-10-26;186.569;-0.228;-28.889;-20.39
2020-10-27;187.642;-0.262;-28.327;-19.9
2020-10-28;187.966;-0.273;-28.71;-20.134
2020-10-29;188.149;-0.28;-30.71;-21.574
2020-10-30;187.974;-0.275;-31.075;-21.834
2020-11-02;188.29;-0.285;-32.927;-23.149
2020-11-03;187.752;-0.268;-33.248;-23.406
2020-11-04;188.445;-0.29;-33.824;-23.776
2020-11-05;188.376;-0.289;-33.835;-23.796
2020-11-06;187.692;-0.268;-33.088;-23.323
2020-11-09;183.962;-0.149;-27.77;-19.788
2020-11-10;183.189;-0.125;-28.514;-20.392
2020-11-11;184.01;-0.152;-29.862;-21.299
2020-11-12;185.128;-0.189;-31.029;-22.067
2020-11-13;185.634;-0.205;-31.801;-22.604
2020-11-16;185.803;-0.211;-32.436;-23.028
2020-11-17;186.544;-0.235;-33.987;-24.066
2020-11-18;186.367;-0.23;-32.999;-23.373
2020-11-19;187.063;-0.253;-34.404;-24.315
2020-11-20;187.227;-0.259;-34.172;-24.157
2020-11-23;186.958;-0.25;-34.09;-24.117
2020-11-24;186.403;-0.233;-33.435;-23.697
2020-11-25;186.656;-0.242;-33.379;-23.63
2020-11-26;187.358;-0.265;-34.095;-24.1
2020-11-27;187.429;-0.268;-33.939;-23.979
2020-11-30;186.923;-0.252;-31.931;-22.598
2020-12-01;185.48;-0.206;-28.676;-20.391
2020-12-02;185.132;-0.195;-28.536;-20.319
2020-12-03;186.285;-0.233;-31.264;-22.182
2020-12-04;185.971;-0.224;-32.1;-22.811
2020-12-07;187.168;-0.262;-34.4;-24.346
2020-12-08;187.956;-0.288;-35.048;-24.757
2020-12-09;187.821;-0.284;-34.241;-24.214
2020-12-10;187.872;-0.286;-32.803;-23.163
2020-12-11;189.187;-0.328;-33.292;-23.391
2020-12-14;188.328;-0.302;-31.108;-21.948
2020-12-15;187.992;-0.291;-30.479;-21.511
2020-12-16;186.858;-0.256;-29.705;-21.011
2020-12-17;186.805;-0.255;-30.501;-21.601
2020-12-18;187.061;-0.264;-31.895;-22.568
2020-12-21;187.517;-0.279;-33.93;-23.99
2020-12-22;188.122;-0.298;-35.047;-24.734
2020-12-23;186.599;-0.251;-32.597;-23.097
2020-12-24;186.599;-0.252;-32.714;-23.215
2020-12-25;186.599;-0.252;-32.75;-23.214
2020-12-28;186.881;-0.261;-32.798;-23.234
2020-12-29;187.237;-0.273;-33.973;-24.049
2020-12-30;186.875;-0.263;-32.586;-23.105
2020-12-31;186.875;-0.263;-32.019;-22.725
2021-01-01;186.875;-0.263;-32.052;-22.724
2021-01-04;187.818;-0.293;-32.047;-22.677
2021-01-05;187.025;-0.268;-32.551;-23.088
2021-01-06;186.145;-0.241;-31.382;-22.321
2021-01-07;186.022;-0.238;-33.098;-23.565
2021-01-08;185.855;-0.233;-33.589;-23.929
2021-01-11;184.772;-0.198;-31.809;-22.771
2021-01-12;183.954;-0.172;-32.301;-23.162
2021-01-13;185.56;-0.224;-32.179;-22.953
2021-01-14;186.1;-0.243;-33.441;-23.797
2021-01-15;185.704;-0.231;-32.7;-23.31
2021-01-18;185.15;-0.213;-32.032;-22.883
2021-01-19;185.067;-0.211;-31.942;-22.836
2021-01-20;184.929;-0.207;-32.129;-22.977
2021-01-21;183.795;-0.171;-31.965;-22.95
2021-01-22;184.266;-0.187;-31.979;-22.931
2021-01-25;185.493;-0.227;-34.008;-24.29
2021-01-26;184.766;-0.204;-33.776;-24.188
2021-01-27;184.807;-0.205;-34.301;-24.578
2021-01-28;184.321;-0.191;-34.481;-24.745
2021-01-29;183.639;-0.169;-34.077;-24.498
2021-02-01;183.576;-0.167;-33.094;-23.797
2021-02-02;182.562;-0.134;-31.42;-22.672
2021-02-03;181.343;-0.094;-30.414;-22.073
2021-02-04;181.002;-0.084;-31.2;-22.659
2021-02-05;180.946;-0.082;-32.843;-23.869
2021-02-08;180.736;-0.076;-32.886;-23.912
2021-02-09;180.566;-0.07;-32.323;-23.514
2021-02-10;180.094;-0.055;-32.629;-23.785
2021-02-11;180.308;-0.063;-31.329;-22.819
2021-02-12;178.951;-0.018;-31.454;-23.044
2021-02-15;177.635;0.026;-31.078;-22.874
2021-02-16;176.629;0.06;-32.014;-23.653
2021-02-17;176.909;0.05;-30.027;-22.146
2021-02-18;176.178;0.075;-28.57;-21.127
2021-02-19;174.81;0.122;-28.272;-21.015
2021-02-22;176.04;0.079;-28.678;-21.221
2021-02-23;175.255;0.105;-27.719;-20.574
2021-02-24;174.801;0.121;-27.289;-20.283
2021-02-25;173.589;0.162;-27.621;-20.577
2021-02-26;175.013;0.112;-29.705;-22.006
2021-03-01;176.844;0.049;-30.446;-22.445
2021-03-02;176.814;0.049;-29.047;-21.422
2021-03-03;174.788;0.119;-29.506;-21.932
2021-03-04;175.295;0.1;-29.395;-21.831
2021-03-05;174.868;0.115;-29.565;-21.975
2021-03-08;174.541;0.126;-31.161;-23.18
2021-03-09;175.211;0.102;-31.725;-23.546
2021-03-10;175.655;0.086;-30.932;-22.913
2021-03-11;175.87;0.078;-32.106;-23.772
2021-03-12;174.862;0.113;-33.123;-24.643
2021-03-15;175.501;0.09;-33.545;-24.914
2021-03-16;175.48;0.09;-32.423;-24.074
2021-03-17;173.921;0.145;-32.048;-23.913
2021-03-18;172.817;0.182;-31.065;-23.291
2021-03-19;173.42;0.161;-31.968;-23.931
2021-03-22;173.796;0.147;-32.999;-24.658
2021-03-23;174.585;0.119;-33.775;-25.182
2021-03-24;174.991;0.105;-33.922;-25.26
2021-03-25;175.862;0.073;-33.184;-24.621
2021-03-26;174.601;0.117;-32.384;-24.144
2021-03-29;173.657;0.15;-32.183;-24.065
2021-03-30;172.897;0.176;-30.654;-22.982
2021-03-31;173.227;0.163;-32.744;-24.538
2021-04-01;174.153;0.13;-32.695;-24.412
2021-04-02;174.153;0.13;-33.049;-24.695
2021-04-05;174.153;0.13;-33.04;-24.696
2021-04-06;173.795;0.142;-31.828;-23.768
2021-04-07;174.002;0.135;-31.247;-23.335
2021-04-08;174.207;0.126;-31.205;-23.294
2021-04-09;173.488;0.151;-30.457;-22.765
2021-04-12;172.937;0.17;-29.998;-22.48
2021-04-13;173.007;0.168;-30.624;-22.932
2021-04-14;172.199;0.196;-31.012;-23.345
2021-04-15;173.113;0.163;-31.357;-23.487
2021-04-16;172.354;0.189;-30.275;-22.754
2021-04-19;171.908;0.205;-30.243;-22.753
2021-04-20;172.776;0.173;-31.016;-23.242
2021-04-21;172.813;0.172;-30.906;-23.153
2021-04-22;172.639;0.177;-30.742;-23.045
2021-04-23;172.618;0.177;-30.307;-22.715
2021-04-26;172.581;0.178;-28.968;-23.389
2021-04-27;172.469;0.182;-32.309;-24.225
2021-04-28;171.893;0.202;-31.522;-23.707
2021-04-29;170.645;0.246;-31.959;-24.132
2021-04-30;170.692;0.244;-30.917;-23.333
2021-05-03;170.699;0.243;-31.659;-23.902
2021-05-04;171.728;0.206;-30.702;-23.125
2021-05-05;171.284;0.222;-30.158;-22.724
2021-05-06;170.895;0.235;-28.519;-21.539
2021-05-07;170.386;0.253;-26.142;-19.744
2021-05-10;170.323;0.255;-26.805;-20.268
2021-05-11;168.938;0.305;-24.394;-18.546
2021-05-12;167.957;0.34;-21.997;-16.767
2021-05-13;167.961;0.339;-19.371;-14.74
2021-05-14;167.983;0.338;-18.236;-13.896
2021-05-17;167.554;0.354;-18.332;-13.969
2021-05-18;167.08;0.371;-19.56;-14.947
2021-05-19;167.442;0.357;-19.738;-15.05
2021-05-20;167.788;0.343;-21.314;-16.224
2021-05-21;168.277;0.325;-21.029;-15.993
2021-05-24;168.417;0.32;-20.642;-15.704
2021-05-25;169.156;0.292;-22.554;-17.129
2021-05-26;170.372;0.248;-23.656;-17.864
2021-05-27;169.37;0.283;-23.3;-17.67
2021-05-28;169.522;0.277;-22.772;-17.264
2021-05-31;169.954;0.261;-23.951;-18.11
2021-06-01;169.676;0.271;-24.107;-18.245
2021-06-02;170.241;0.25;-24.843;-18.774
2021-06-03;169.847;0.263;-26.157;-19.806
2021-06-04;170.553;0.237;-27.045;-20.423
2021-06-07;170.354;0.244;-27.319;-20.639
2021-06-08;171.063;0.218;-27.486;-20.708
2021-06-09;171.552;0.2;-26.305;-19.792
2021-06-10;171.601;0.198;-27.318;-20.567
2021-06-11;172.198;0.176;-28.239;-21.184
2021-06-14;171.565;0.198;-28.408;-21.38
2021-06-15;171.094;0.215;-28.864;-21.744
2021-06-16;171.515;0.199;-29.139;-21.948
2021-06-17;171.67;0.193;-28.151;-21.167
2021-06-18;171.963;0.182;-25.713;-19.28
2021-06-21;170.79;0.224;-25.257;-19.016
2021-06-22;170.57;0.232;-25.115;-18.928
2021-06-23;170.977;0.216;-26.334;-19.832
2021-06-24;171.078;0.212;-26.621;-20.046
2021-06-25;169.862;0.256;-25.532;-19.297
2021-06-28;170.803;0.221;-26.957;-20.32
2021-06-29;170.224;0.242;-27.871;-21.049
2021-06-30;171.714;0.188;-30.461;-22.896
2021-07-01;171.476;0.195;-31.063;-23.383
2021-07-02;172.495;0.158;-32.275;-24.191
2021-07-05;171.871;0.18;-32.366;-24.323
2021-07-06;173.827;0.11;-34.039;-25.398
2021-07-07;174.57;0.083;-33.039;-24.571
2021-07-08;174.434;0.087;-30.441;-22.644
2021-07-09;173.831;0.108;-30.858;-23.013
2021-07-12;173.779;0.11;-30.631;-22.846
2021-07-13;173.602;0.116;-31.335;-23.388
2021-07-14;174.544;0.082;-33.115;-24.631
2021-07-15;175.071;0.062;-32.85;-24.369
2021-07-16;175.743;0.038;-34.358;-25.422
2021-07-19;176.777;0.002;-34.221;-25.234
2021-07-20;177.544;-0.025;-34.782;-25.549
2021-07-21;176.82;0.0;-35.62;-26.282
2021-07-22;177.812;-0.036;-36.455;-26.77
2021-07-23;177.623;-0.03;-36.511;-26.837
2021-07-26;177.488;-0.025;-37.032;-27.231
2021-07-27;178.239;-0.052;-38.959;-28.561
2021-07-28;177.983;-0.043;-39.386;-28.914
2021-07-29;177.934;-0.043;-37.702;-27.673
2021-07-30;178.474;-0.062;-38.828;-28.447
2021-08-02;179.514;-0.098;-38.954;-28.454
2021-08-03;179.494;-0.097;-38.79;-28.325
2021-08-04;180.228;-0.123;-39.454;-28.709
2021-08-05;180.386;-0.129;-40.657;-29.559
2021-08-06;179.045;-0.084;-39.912;-29.172
2021-08-09;179.202;-0.09;-38.844;-28.37
2021-08-10;179.092;-0.086;-37.856;-27.653
2021-08-11;179.078;-0.086;-36.417;-26.595
2021-08-12;178.936;-0.082;-36.466;-26.645
2021-08-13;179.258;-0.094;-36.16;-26.406
2021-08-16;179.097;-0.089;-36.427;-26.611
2021-08-17;178.955;-0.084;-36.1;-26.388
2021-08-18;179.15;-0.091;-36.109;-26.383
2021-08-19;179.566;-0.107;-36.774;-26.821
2021-08-20;179.629;-0.109;-36.268;-26.445
2021-08-23;179.18;-0.094;-35.38;-25.844
2021-08-24;179.301;-0.099;-36.449;-26.621
2021-08-25;177.427;-0.034;-34.984;-25.705
2021-08-26;176.95;-0.019;-34.213;-25.183
2021-08-27;177.237;-0.029;-35.313;-25.97
2021-08-30;177.739;-0.047;-36.541;-26.824
2021-08-31;176.098;0.01;-34.03;-25.152
2021-09-01;175.701;0.024;-34.24;-25.336
2021-09-02;175.704;0.023;-34.804;-25.771
2021-09-03;174.969;0.048;-34.455;-25.568
2021-09-06;175.161;0.041;-35.158;-26.071
2021-09-07;173.978;0.083;-33.555;-24.993
2021-09-08;173.819;0.088;-32.231;-24.011
2021-09-09;174.884;0.049;-33.002;-24.474
2021-09-10;174.093;0.077;-33.341;-24.808
2021-09-13;173.882;0.084;-32.944;-24.541
2021-09-14;174.318;0.068;-32.955;-24.49
2021-09-15;173.224;0.107;-32.68;-24.397
2021-09-16;173.077;0.111;-33.636;-25.137
2021-09-17;172.494;0.132;-34.091;-25.504
2021-09-20;173.569;0.093;-35.366;-26.364
2021-09-21;173.451;0.097;-33.586;-25.033
2021-09-22;173.618;0.09;-32.65;-24.338
2021-09-23;171.904;0.151;-32.116;-24.056
2021-09-24;170.945;0.185;-31.95;-24.05
2021-09-27;171.103;0.179;-33.177;-24.953
2021-09-28;170.653;0.195;-33.365;-25.118
2021-09-29;170.965;0.184;-33.594;-25.257
2021-09-30;170.407;0.203;-33.436;-25.218
2021-10-01;170.988;0.181;-34.06;-25.632
2021-10-04;170.627;0.194;-34.412;-25.935
2021-10-05;169.939;0.219;-34.177;-25.816
2021-10-06;169.484;0.236;-33.551;-25.367
2021-10-07;169.5;0.234;-34.975;-26.475
2021-10-08;168.611;0.267;-34.915;-26.516
2021-10-11;167.861;0.294;-36.715;-27.962
2021-10-12;167.394;0.311;-36.714;-27.974
2021-10-13;169.251;0.242;-36.948;-27.915
2021-10-14;170.83;0.183;-36.846;-27.706
2021-10-15;170.324;0.201;-37.495;-28.244
2021-10-18;171.254;0.167;-41.162;-30.791
2021-10-19;169.515;0.23;-37.22;-28.031
2021-10-20;169.791;0.22;-36.862;-27.755
2021-10-21;169.978;0.212;-37.233;-27.972
2021-10-22;170.555;0.19;-38.417;-28.757
2021-10-25;169.894;0.214;-37.134;-27.901
2021-10-26;170.344;0.197;-37.277;-27.946
2021-10-27;172.424;0.121;-35.979;-26.699
2021-10-28;171.625;0.149;-35.707;-26.534
2021-10-29;171.764;0.143;-32.683;-24.207
2021-11-01;171.045;0.169;-32.112;-23.859
2021-11-02;171.683;0.146;-31.837;-23.684
2021-11-03;172.228;0.126;-33.295;-24.703
2021-11-04;172.195;0.126;-32.167;-23.974
2021-11-05;174.129;0.056;-31.895;-23.568
2021-11-08;172.805;0.103;-31.628;-23.5
2021-11-09;175.581;0.003;-33.456;-24.563
2021-11-10;174.128;0.055;-35.622;-26.247
2021-11-11;173.761;0.067;-36.579;-26.98
2021-11-12;174.36;0.045;-40.692;-29.997
2021-11-15;173.82;0.064;-41.701;-30.817
2021-11-16;173.578;0.072;-41.388;-30.632
2021-11-17;173.487;0.075;-39.946;-29.563
2021-11-18;174.654;0.032;-41.882;-30.868
2021-11-19;175.759;-0.008;-40.604;-29.845
2021-11-22;174.597;0.033;-39.911;-29.438
2021-11-23;172.213;0.119;-38.338;-28.51
2021-11-24;172.135;0.122;-39.384;-29.305
2021-11-25;172.826;0.095;-41.422;-30.77
2021-11-26;174.855;0.022;-41.591;-30.681
2021-11-29;174.816;0.023;-44.104;-32.513
2021-11-30;176.646;-0.042;-45.647;-33.38
2021-12-01;176.452;-0.036;-44.384;-32.443
2021-12-02;176.992;-0.056;-45.175;-33.007
2021-12-03;177.894;-0.088;-47.301;-34.443
2021-12-06;177.791;-0.085;-47.388;-34.509
2021-12-07;177.866;-0.088;-46.723;-34.007
2021-12-08;175.882;-0.018;-45.088;-33.049
2021-12-09;176.879;-0.055;-46.396;-33.909
2021-12-10;176.612;-0.046;-45.918;-33.6
2021-12-13;177.802;-0.088;-46.929;-34.196
2021-12-14;177.484;-0.077;-46.931;-34.232
2021-12-15;177.07;-0.063;-47.823;-34.908
2021-12-16;176.163;-0.032;-46.189;-33.855
2021-12-17;176.983;-0.061;-46.209;-33.785
2021-12-20;176.315;-0.038;-47.89;-35.112
2021-12-21;174.302;0.033;-47.338;-34.975
2021-12-22;174.17;0.038;-48.514;-35.838
2021-12-23;172.793;0.087;-48.062;-35.712
2021-12-24;172.793;0.086;-48.026;-35.675
2021-12-27;172.879;0.083;-48.301;-35.854
2021-12-28;172.754;0.087;-48.381;-35.914
2021-12-29;171.091;0.147;-48.201;-36.004
2021-12-30;170.698;0.161;-46.789;-35.018
2021-12-31;170.698;0.161;-46.414;-34.759
2022-01-03;169.192;0.216;-43.984;-33.105
2022-01-04;169.248;0.214;-44.229;-33.294
2022-01-05;169.253;0.213;-43.725;-32.915
2022-01-06;168.907;0.225;-43.367;-32.644
2022-01-07;168.367;0.245;-41.445;-31.235
2022-01-10;167.965;0.26;-41.581;-31.389
2022-01-11;167.94;0.26;-42.681;-32.215
2022-01-12;168.881;0.225;-36.514;-32.044
2022-01-13;169.894;0.186;-43.101;-32.299
2022-01-14;168.566;0.235;-43.068;-32.42
2022-01-17;168.173;0.249;-42.116;-31.748
2022-01-18;167.712;0.267;-40.418;-30.524
2022-01-19;167.038;0.292;-37.844;-28.664
2022-01-20;167.478;0.274;-38.596;-29.173
2022-01-21;168.515;0.235;-40.092;-30.181
2022-01-24;169.461;0.199;-42.91;-32.213
2022-01-25;168.414;0.238;-41.392;-31.171
2022-01-26;168.038;0.251;-39.952;-30.128
2022-01-27;168.271;0.242;-39.683;-29.869
2022-01-28;167.846;0.257;-39.778;-29.98
2022-01-31;167.005;0.289;-40.157;-30.329
2022-02-01;166.043;0.325;-39.132;-29.671
2022-02-02;166.541;0.306;-40.529;-30.653
2022-02-03;164.966;0.365;-38.246;-28.964
2022-02-04;163.806;0.41;-39.11;-29.768
2022-02-07;162.796;0.449;-40.96;-31.301
2022-02-08;161.382;0.505;-43.592;-33.51
2022-02-09;162.332;0.467;-43.126;-33.054
2022-02-10;160.657;0.532;-42.419;-32.622
2022-02-11;159.966;0.56;-45.174;-34.857
2022-02-14;159.899;0.562;-48.113;-37.16
2022-02-15;158.676;0.611;-41.984;-32.611
2022-02-16;159.414;0.581;-42.287;-32.794
2022-02-17;160.448;0.538;-45.286;-34.933
2022-02-18;161.333;0.503;-50.274;-38.695
2022-02-21;160.913;0.519;-49.525;-38.146
2022-02-22;160.464;0.537;-51.311;-39.539
2022-02-23;160.846;0.521;-52.287;-40.209
2022-02-24;161.51;0.494;-54.964;-42.267
2022-02-25;160.625;0.529;-58.177;-44.845
2022-02-28;162.135;0.468;-59.305;-45.497
2022-03-01;166.844;0.285;-64.864;-49.012
2022-03-02;164.774;0.364;-60.238;-45.723
2022-03-03;164.978;0.356;-61.214;-46.445
2022-03-04;167.539;0.257;-71.532;-53.713
2022-03-07;166.421;0.299;-66.981;-50.462
2022-03-08;163.285;0.421;-63.303;-48.22
2022-03-09;160.653;0.524;-61.274;-47.236
2022-03-10;159.312;0.577;-58.619;-45.377
2022-03-11;159.772;0.559;-60.384;-46.645
2022-03-14;156.124;0.707;-55.378;-43.483
2022-03-15;156.427;0.694;-56.932;-44.667
2022-03-16;155.484;0.733;-52.735;-41.475
2022-03-17;155.898;0.715;-49.073;-38.519
2022-03-18;156.07;0.708;-50.313;-39.518
2022-03-21;153.889;0.799;-49.128;-38.944
2022-03-22;153.416;0.818;-48.956;-38.787
2022-03-23;154.244;0.783;-46.44;-36.643
2022-03-24;153.239;0.825;-48.273;-38.218
2022-03-25;152.431;0.859;-48.346;-38.39
2022-03-28;152.801;0.843;-48.911;-38.686
2022-03-29;151.668;0.891;-48.541;-38.528
2022-03-30;151.42;0.901;-48.345;-38.4
2022-03-31;153.067;0.83;-51.334;-40.565
2022-04-01;152.902;0.837;-50.572;-40.004
2022-04-04;153.67;0.804;-50.792;-40.081
2022-04-05;150.962;0.92;-49.133;-39.095
2022-04-06;149.867;0.967;-49.265;-39.445
2022-04-07;149.278;0.992;-48.292;-38.733
2022-04-08;148.953;1.006;-50.804;-40.75
2022-04-11;147.17;1.085;-53.372;-43.097
2022-04-12;147.196;1.083;-55.254;-44.743
2022-04-13;147.485;1.069;-55.169;-44.555
2022-04-14;145.078;1.177;-54.964;-44.966
2022-04-15;145.078;1.177;-54.638;-44.674
2022-04-18;145.078;1.177;-54.637;-44.674
2022-04-19;143.671;1.241;-53.782;-44.247
2022-04-20;145.283;1.167;-55.457;-45.256
2022-04-21;143.696;1.239;-54.145;-44.372
2022-04-22;143.363;1.254;-54.537;-44.701
2022-04-25;145.049;1.177;-55.82;-45.614
2022-04-26;145.36;1.162;-55.82;-45.547
2022-04-27;144.823;1.187;-55.499;-45.403
2022-04-28;142.948;1.272;-56.717;-46.726
2022-04-29;141.973;1.317;-55.155;-45.571
2022-05-02;140.972;1.364;-54.514;-45.392
2022-05-03;141.694;1.33;-54.163;-44.754
2022-05-04;141.557;1.336;-51.536;-42.547
2022-05-05;139.69;1.424;-50.422;-42.05
2022-05-06;138.196;1.495;-52.666;-44.063
2022-05-09;138.407;1.485;-57.334;-48.068
2022-05-10;140.265;1.396;-58.687;-48.8
2022-05-11;140.259;1.396;-56.319;-46.856
2022-05-12;142.691;1.281;-50.55;-41.71
2022-05-13;140.521;1.382;-49.238;-41.043
2022-05-16;140.858;1.366;-47.477;-39.448
2022-05-17;139.12;1.449;-43.249;-36.082
2022-05-18;139.232;1.443;-40.768;-34.018
2022-05-19;140.777;1.369;-42.454;-35.206
2022-05-20;139.867;1.412;-38.97;-32.553
2022-05-23;137.842;1.509;-33.56;-28.237
2022-05-24;138.563;1.474;-35.479;-29.764
2022-05-25;138.218;1.49;-37.994;-32.053
2022-05-26;136.794;1.559;-37.835;-32.153
2022-05-27;137.584;1.52;-36.584;-30.959
2022-05-30;136.074;1.594;-33.574;-28.523
2022-05-31;134.752;1.66;-33.218;-28.377
2022-06-01;133.061;1.745;-29.398;-25.278
2022-06-02;132.463;1.775;-29.681;-25.592
2022-06-03;131.689;1.814;-27.572;-23.831
2022-06-06;130.599;1.871;-24.366;-21.13
2022-06-07;131.497;1.824;-27.774;-24.02
2022-06-08;130.586;1.871;-29.579;-25.667
2022-06-09;129.897;1.906;-28.707;-24.98
2022-06-10;129.026;1.952;-31.028;-27.021
2022-06-13;127.166;2.051;-29.877;-26.066
2022-06-14;124.344;2.205;-35.353;-31.253
2022-06-15;125.719;2.129;-32.604;-28.75
2022-06-16;124.684;2.186;-31.581;-28.032
2022-06-17;125.173;2.159;-30.9;-27.503
2022-06-20;123.304;2.262;-29.917;-26.829
2022-06-21;122.653;2.299;-29.552;-26.704
2022-06-22;125.006;2.167;-32.878;-29.391
2022-06-23;127.791;2.016;-32.675;-28.934
2022-06-24;127.893;2.01;-34.385;-30.376
2022-06-27;126.552;2.082;-34.628;-30.7
2022-06-28;125.047;2.164;-32.62;-29.107
2022-06-29;126.599;2.079;-37.536;-33.372
2022-06-30;129.082;1.946;-36.36;-31.979
2022-07-01;130.91;1.849;-41.201;-36.059
2022-07-04;129.297;1.934;-42.984;-37.822
2022-07-05;131.748;1.806;-46.575;-40.582
2022-07-06;131.294;1.829;-39.564;-34.555
2022-07-07;130.247;1.883;-41.983;-36.708
2022-07-08;129.397;1.928;-40.09;-35.229
2022-07-11;130.917;1.848;-44.221;-38.647
2022-07-12;133.465;1.716;-45.442;-39.211
2022-07-13;133.666;1.706;-43.085;-37.068
2022-07-14;133.559;1.711;-44.273;-38.26
2022-07-15;134.189;1.679;-46.889;-40.633
2022-07-18;132.673;1.755;-43.5;-37.879
2022-07-19;132.178;1.781;-43.663;-38.08
2022-07-20;132.637;1.757;-40.752;-35.714
2022-07-21;133.537;1.71;-42.899;-37.346
2022-07-22;136.362;1.568;-45.965;-39.763
2022-07-25;136.516;1.56;-42.976;-36.994
2022-07-26;138.222;1.476;-43.894;-37.449
2022-07-27;138.059;1.484;-43.804;-37.357
2022-07-28;139.99;1.39;-45.104;-38.284
2022-07-29;140.825;1.35;-45.873;-38.649
2022-08-01;141.813;1.302;-48.812;-41.016
2022-08-02;141.616;1.312;-50.643;-42.366
2022-08-03;140.641;1.358;-45.648;-38.357
2022-08-04;141.676;1.308;-46.721;-39.187
2022-08-05;138.997;1.436;-50.48;-42.677
2022-08-08;139.964;1.389;-50.84;-42.905
2022-08-09;138.687;1.45;-47.494;-40.333
2022-08-10;139.189;1.426;-47.691;-40.514
2022-08-11;137.049;1.53;-43.967;-37.771
2022-08-12;136.464;1.559;-39.279;-33.854
2022-08-15;138.234;1.471;-39.278;-33.541
2022-08-16;136.77;1.543;-36.986;-31.795
2022-08-17;135.308;1.616;-37.269;-32.179
2022-08-18;135.13;1.624;-36.221;-31.445
2022-08-19;132.875;1.738;-38.298;-33.568
2022-08-22;131.784;1.794;-40.409;-35.587
2022-08-23;131.092;1.83;-40.056;-35.433
2022-08-24;130.389;1.867;-43.156;-38.173
2022-08-25;130.696;1.85;-40.669;-36.129
2022-08-26;129.962;1.889;-41.606;-36.921
2022-08-29;128.149;1.985;-43.606;-39.016
2022-08-30;128.128;1.986;-42.258;-38.123
2022-08-31;127.679;2.01;-40.492;-36.64
2022-09-01;126.595;2.069;-39.079;-35.669
2022-09-02;126.991;2.047;-41.223;-37.644
2022-09-05;126.576;2.069;-46.338;-42.183
2022-09-06;125.705;2.117;-43.43;-39.835
2022-09-07;127.233;2.033;-40.52;-36.94
2022-09-08;125.607;2.122;-34.871;-32.009
2022-09-09;125.586;2.123;-39.484;-36.481
2022-09-12;126.331;2.081;-36.731;-33.852
2022-09-13;125.467;2.129;-38.342;-35.39
2022-09-14;126.28;2.084;-40.753;-37.193
2022-09-15;126.279;2.083;-38.379;-35.086
2022-09-16;126.073;2.095;-35.057;-32.327
2022-09-19;125.163;2.145;-33.853;-31.515
2022-09-20;122.926;2.27;-30.49;-28.843
2022-09-21;124.092;2.204;-32.709;-30.632
2022-09-22;123.188;2.255;-35.178;-32.329
2022-09-23;122.379;2.3;-32.611;-30.521
2022-09-26;121.01;2.379;-34.274;-32.073
2022-09-27;118.562;2.523;-33.91;-32.299
2022-09-28;119.995;2.438;-42.808;-40.081
2022-09-29;117.752;2.57;-37.262;-35.53
2022-09-30;118.512;2.525;-37.631;-35.712
2022-10-03;121.218;2.366;-37.348;-35.031
2022-10-04;121.727;2.337;-35.697;-33.373
2022-10-05;119.331;2.476;-34.751;-32.689
2022-10-06;119.109;2.489;-39.085;-36.721
2022-10-07;117.407;2.59;-42.214;-39.944
2022-10-10;114.378;2.776;-36.596;-35.601
2022-10-11;114.677;2.757;-36.88;-35.9
2022-10-12;113.454;2.833;-31.676;-31.384
2022-10-13;114.311;2.779;-32.059;-31.347
2022-10-14;112.78;2.875;-28.156;-28.006
2022-10-17;114.256;2.782;-28.248;-27.812
2022-10-18;113.935;2.802;-24.679;-24.543
2022-10-19;112.959;2.864;-20.099;-20.335
2022-10-20;112.624;2.885;-21.222;-21.354
2022-10-21;111.955;2.927;-17.576;-18.208
2022-10-24;113.45;2.832;-18.958;-19.372
2022-10-25;116.422;2.648;-21.831;-21.631
2022-10-26;117.108;2.606;-25.099;-24.586
2022-10-27;119.31;2.474;-30.117;-28.975
2022-10-28;118.18;2.541;-32.6;-30.854
2022-10-31;117.824;2.563;-35.692;-33.956
2022-11-01;117.564;2.578;-35.542;-33.928
2022-11-02;118.126;2.544;-36.472;-34.647
2022-11-03;116.884;2.619;-37.575;-35.778
2022-11-04;116.006;2.672;-35.884;-34.476
2022-11-07;115.349;2.713;-32.027;-31.039
2022-11-08;116.765;2.626;-31.668;-30.448
2022-11-09;118.426;2.526;-31.459;-30.055
2022-11-10;120.398;2.408;-34.205;-32.183
2022-11-11;118.208;2.538;-28.206;-26.874
2022-11-14;118.426;2.525;-27.544;-26.335
2022-11-15;119.212;2.478;-25.543;-24.286
2022-11-16;121.224;2.36;-29.07;-27.231
2022-11-17;121.349;2.352;-32.552;-30.156
2022-11-18;121.398;2.349;-32.452;-30.18
2022-11-21;121.733;2.33;-30.361;-28.152
2022-11-22;122.345;2.294;-31.327;-28.941
2022-11-23;123.766;2.213;-33.416;-30.497
2022-11-24;125.224;2.131;-33.374;-30.086
2022-11-25;123.568;2.224;-31.643;-28.697
2022-11-28;123.58;2.223;-33.633;-30.614
2022-11-29;124.756;2.156;-39.228;-35.449
2022-11-30;124.551;2.168;-37.429;-33.763
2022-12-01;126.477;2.06;-38.656;-34.428
2022-12-02;126.358;2.066;-38.944;-34.542
2022-12-05;125.913;2.091;-35.34;-31.542
2022-12-06;126.774;2.043;-34.334;-30.535
2022-12-07;126.49;2.058;-33.804;-30.035
2022-12-08;126.266;2.07;-30.875;-27.374
2022-12-09;124.32;2.179;-25.43;-22.853
2022-12-12;124.679;2.159;-25.711;-23.098
2022-12-13;124.569;2.165;-27.61;-24.735
2022-12-14;123.553;2.222;-22.388;-20.38
2022-12-15;122.421;2.286;-20.868;-18.668
2022-12-16;120.649;2.389;-19.787;-18.039
2022-12-19;119.649;2.448;-16.854;-15.491
2022-12-20;117.779;2.56;-15.492;-14.467
2022-12-21;117.833;2.556;-21.303;-19.722
2022-12-22;117.105;2.6;-21.653;-20.007
2022-12-23;116.681;2.626;-21.435;-19.772
2022-12-26;116.681;2.626;-22.994;-21.339
2022-12-27;114.21;2.779;-17.254;-16.274
2022-12-28;114.124;2.784;-12.601;-12.02
2022-12-29;115.058;2.725;-13.01;-12.228
2022-12-30;112.293;2.9;-7.012;-6.762
2023-01-02;114.491;2.761;-7.779;-7.395
2023-01-03;114.98;2.73;-5.569;-5.318
2023-01-04;116.544;2.633;-8.033;-7.554
2023-01-05;115.839;2.676;-11.74;-10.868
2023-01-06;117.258;2.589;-9.008;-8.289
2023-01-09;117.265;2.589;-11.284;-10.347
2023-01-10;116.141;2.657;-9.584;-8.816
2023-01-11;118.374;2.521;-11.378;-10.328
2023-01-12;118.971;2.485;-10.954;-9.865
2023-01-13;118.583;2.508;-7.666;-7.079
2023-01-16;118.508;2.513;-7.074;-6.438
2023-01-17;119.65;2.444;-7.075;-6.482
2023-01-18;121.169;2.354;-12.046;-10.735
2023-01-19;120.867;2.372;-12.25;-10.935
2023-01-20;118.788;2.495;-11.917;-10.883
2023-01-23;118.233;2.528;-14.379;-13.195
2023-01-24;119.486;2.453;-17.291;-15.724
2023-01-25;119.247;2.467;-18.637;-16.99
2023-01-26;118.265;2.526;-16.939;-15.456
2023-01-27;117.828;2.552;-16.126;-14.801
2023-01-30;116.921;2.607;-15.288;-14.147
2023-01-31;117.437;2.575;-15.938;-14.781
2023-02-01;117.551;2.568;-15.146;-14.065
2023-02-02;120.154;2.412;-15.862;-14.571
2023-02-03;118.384;2.517;-15.419;-14.271
2023-02-06;117.141;2.593;-15.957;-14.885
2023-02-07;116.298;2.644;-12.944;-12.154
2023-02-08;116.073;2.658;-10.857;-10.279
2023-02-09;116.967;2.603;-10.824;-10.263
2023-02-10;116.043;2.66;-9.97;-9.465
2023-02-13;116.011;2.661;-10.6;-10.134
2023-02-14;115.154;2.715;-11.675;-11.208
2023-02-15;114.201;2.774;-10.196;-9.873
2023-02-16;114.136;2.778;-9.627;-9.408
2023-02-17;114.717;2.741;-10.429;-10.17
2023-02-20;114.436;2.759;-10.43;-10.184
2023-02-21;113.415;2.824;-9.643;-9.693
2023-02-22;112.962;2.853;-10.219;-10.045
2023-02-23;113.964;2.788;-13.688;-13.099
2023-02-24;113.075;2.845;-13.387;-12.918
2023-02-27;112.161;2.904;-13.624;-13.334
2023-02-28;110.93;2.984;-10.711;-10.751
2023-03-01;110.449;3.015;-10.135;-10.202
2023-03-02;109.801;3.058;-8.861;-9.112
2023-03-03;110.401;3.018;-8.472;-8.617
2023-03-06;110.238;3.029;-6.349;-6.626
2023-03-07;110.95;2.982;-6.905;-7.198
2023-03-08;111.858;2.922;-8.394;-8.625
2023-03-09;111.422;2.951;-6.606;-6.926
2023-03-10;113.218;2.834;-11.697;-11.605
2023-03-13;116.391;2.635;-18.751;-17.99
2023-03-14;114.03;2.782;-13.475;-12.205
2023-03-15;117.885;2.543;-21.983;-20.389
2023-03-16;115.27;2.704;-16.971;-15.338
2023-03-17;117.682;2.555;-18.476;-16.804
2023-03-20;117.331;2.576;-17.609;-16.218
2023-03-21;115.264;2.704;-11.481;-10.474
2023-03-22;114.811;2.732;-11.942;-11.201
2023-03-23;116.31;2.638;-16.265;-15.3
2023-03-24;116.834;2.606;-14.767;-13.968
2023-03-27;115.548;2.685;-12.952;-12.317
2023-03-28;114.605;2.745;-13.021;-12.451
2023-03-29;114.235;2.768;-13.195;-12.704
2023-03-30;113.84;2.793;-14.251;-13.585
2023-03-31;114.792;2.732;-13.569;-12.975
2023-04-03;115.594;2.682;-13.603;-12.943
2023-04-04;115.189;2.707;-11.52;-11.204
2023-04-05;116.89;2.6;-16.472;-15.419
2023-04-06;116.896;2.6;-17.755;-16.599
2023-04-07;116.896;2.6;-17.489;-16.347
2023-04-10;116.896;2.6;-17.374;-16.352
2023-04-11;114.56;2.746;-12.036;-11.44
2023-04-12;113.857;2.79;-11.907;-11.436
2023-04-13;113.774;2.795;-11.685;-11.376
2023-04-14;112.899;2.851;-8.764;-8.633
2023-04-17;112.539;2.875;-10.519;-10.559
2023-04-18;112.874;2.853;-13.269;-13.043
2023-04-19;112.256;2.893;-12.583;-12.435
2023-04-20;112.905;2.85;-13.965;-13.639
2023-04-21;112.239;2.894;-12.451;-12.228
2023-04-24;111.956;2.912;-13.259;-13.051
2023-04-25;113.722;2.798;-15.025;-14.676
2023-04-26;113.191;2.832;-14.798;-14.541
2023-04-27;112.478;2.877;-13.839;-13.428
2023-04-28;114.441;2.751;-15.612;-15.066
2023-05-01;114.441;2.751;-16.663;-16.19
2023-05-02;114.934;2.72;-15.732;-15.228
2023-05-03;114.931;2.72;-13.9;-13.493
2023-05-04;115.126;2.707;-13.554;-13.242
2023-05-05;113.553;2.807;-11.039;-10.72
2023-05-08;113.196;2.83;-11.043;-10.827
2023-05-09;112.571;2.87;-9.705;-9.582
2023-05-10;113.505;2.81;-10.59;-10.433
2023-05-11;114.488;2.747;-11.33;-10.932
2023-05-12;113.928;2.783;-12.24;-11.781
2023-05-15;113.295;2.823;-10.448;-10.248
2023-05-16;112.792;2.855;-10.874;-10.618
2023-05-17;113.314;2.822;-11.495;-11.161
2023-05-18;111.476;2.941;-10.359;-10.102
2023-05-19;111.847;2.917;-10.799;-10.534
2023-05-22;111.396;2.946;-9.073;-8.948
2023-05-23;111.365;2.948;-10.247;-10.097
2023-05-24;111.554;2.936;-10.485;-10.311
2023-05-25;110.814;2.984;-9.715;-9.512
2023-05-26;110.579;3.0;-8.739;-8.574
2023-05-29;112.255;2.889;-10.074;-9.905
2023-05-30;113.378;2.816;-10.098;-9.876
2023-05-31;114.106;2.769;-12.426;-11.965
2023-06-01;114.318;2.756;-11.47;-10.86
2023-06-02;113.754;2.792;-10.82;-10.253
2023-06-05;112.878;2.848;-8.902;-8.571
2023-06-06;112.834;2.851;-9.093;-8.725
2023-06-07;111.967;2.907;-10.034;-9.654
2023-06-08;112.633;2.863;-9.18;-8.741
2023-06-09;113.265;2.822;-10.496;-9.948
2023-06-12;112.931;2.844;;
2023-06-13;112.618;2.864;-9.394;-9.116
2023-06-14;112.321;2.883;-9.33;-9.005
2023-06-15;112.114;2.897;-9.919;-9.363
2023-06-16;113.077;2.834;-12.789;-11.96
2023-06-19;112.245;2.888;-12.497;-11.905
2023-06-20;113.665;2.796;-11.235;-10.707
2023-06-21;113.594;2.8;-12.408;-11.72
2023-06-22;113.18;2.827;-13.569;-12.696
2023-06-23;114.861;2.719;-13.224;-12.359
2023-06-26;115.472;2.68;-14.949;-13.932
2023-06-27;114.975;2.711;-14.397;-13.447
2023-06-28;115.655;2.668;-15.753;-14.657
2023-06-29;114.328;2.752;-13.923;-12.92
2023-06-30;114.768;2.724;-13.859;-12.838
2023-07-03;114.507;2.74;-14.81;-13.741
2023-07-04;113.753;2.789;-13.682;-12.76
2023-07-05;113.105;2.83;-12.914;-12.091
2023-07-06;111.251;2.952;-12.636;-11.875
2023-07-07;110.56;2.998;-11.361;-10.759
2023-07-10;110.524;3.0;-10.471;-9.921
2023-07-11;110.409;3.007;-10.754;-10.181
2023-07-12;111.78;2.916;-13.168;-12.368
2023-07-13;112.82;2.848;-13.931;-12.986
2023-07-14;112.643;2.859;-14.558;-13.551
2023-07-17;113.063;2.832;-13.444;-12.554
2023-07-18;114.409;2.745;-13.646;-12.633
2023-07-19;113.706;2.79;-14.837;-13.707
2023-07-20;113.115;2.828;-16.221;-15.056
2023-07-21;113.352;2.813;-16.758;-15.603
2023-07-24;113.729;2.788;-15.871;-14.777
2023-07-25;113.811;2.783;-15.452;-14.347
2023-07-26;112.951;2.838;-14.769;-13.715
2023-07-27;112.81;2.847;-13.904;-12.946
2023-07-28;112.352;2.877;-13.615;-12.686
2023-07-31;112.294;2.881;-12.633;-11.733
2023-08-01;111.146;2.957;-11.48;-10.747
2023-08-02;111.398;2.94;-11.919;-11.156
2023-08-03;110.359;3.009;-12.155;-11.39
2023-08-04;111.197;2.953;-12.622;-11.719
2023-08-07;110.318;3.012;-12.865;-12.127
2023-08-08;112.395;2.874;-14.621;-13.517
2023-08-09;111.825;2.911;-12.572;-11.668
2023-08-10;111.328;2.944;-11.843;-10.897
2023-08-11;110.078;3.027;-12.269;-11.374
2023-08-14;109.953;3.036;-11.946;-11.215
2023-08-15;109.413;3.072;-11.199;-10.517
2023-08-16;109.715;3.052;-11.933;-11.255
2023-08-17;108.827;3.112;-12.162;-11.367
2023-08-18;109.701;3.052;-11.675;-10.837
2023-08-21;108.525;3.132;-9.89;-9.292
2023-08-22;109.626;3.057;-10.454;-9.802
2023-08-23;111.147;2.955;-11.101;-10.37
2023-08-24;111.322;2.943;-11.78;-10.836
2023-08-25;110.674;2.986;-11.388;-10.514
2023-08-28;110.621;2.99;-10.984;-10.236
2023-08-29;111.384;2.938;-10.204;-9.456
2023-08-30;110.968;2.966;-9.402;-8.75
2023-08-31;111.986;2.898;-10.38;-9.671
2023-09-01;110.602;2.99;-10.225;-9.433
2023-09-04;110.286;3.012;-9.072;-8.5
2023-09-05;109.58;3.059;-7.86;-7.405
2023-09-06;109.255;3.081;-5.916;-5.428
2023-09-07;109.763;3.047;-6.898;-6.27
2023-09-08;109.823;3.042;-7.404;-6.796
2023-09-11;109.331;3.076;-6.155;-5.776
2023-09-12;109.324;3.076;-6.278;-5.869
2023-09-13;109.363;3.073;-6.734;-6.364
2023-09-14;109.918;3.036;-5.612;-5.228
2023-09-15;108.646;3.122;-4.215;-4.032
2023-09-18;108.223;3.151;-3.916;-3.821
2023-09-19;107.869;3.176;-3.304;-3.264
2023-09-20;108.313;3.145;-4.157;-4.056
2023-09-21;107.886;3.174;-4.943;-4.742
2023-09-22;107.822;3.179;-6.036;-5.82
2023-09-25;106.576;3.266;-6.083;-6.173
2023-09-26;106.432;3.276;-5.088;-5.096
2023-09-27;105.917;3.313;-3.853;-4.065
2023-09-28;104.902;3.385;-2.243;-2.312
2023-09-29;105.924;3.312;-5.143;-5.135
2023-10-02;104.584;3.408;-4.561;-4.77
2023-10-03;103.562;3.482;-1.677;-1.913
2023-10-04;104.61;3.406;-4.31;-4.531
2023-10-05;104.787;3.393;-2.691;-2.753
2023-10-06;104.69;3.4;-2.579;-2.66
2023-10-09;106.08;3.301;-4.598;-4.598
2023-10-10;106.149;3.296;-4.608;-4.593
2023-10-11;107.524;3.199;-5.84;-5.64
2023-10-12;106.188;3.293;-3.737;-3.651
2023-10-13;106.735;3.254;-3.629;-3.631
2023-10-16;105.96;3.309;-2.45;-2.474
2023-10-17;104.977;3.379;-1.649;-1.746
2023-10-18;104.279;3.43;-0.761;-0.722
2023-10-19;104.065;3.445;-0.409;-0.375
2023-10-20;104.359;3.424;-2.037;-2.091
2023-10-23;104.654;3.402;-1.04;-1.091
2023-10-24;105.011;3.377;-0.621;-0.682
2023-10-25;104.09;3.443;0.448;0.393
2023-10-26;104.432;3.418;0.518;0.527
2023-10-27;104.56;3.409;0.884;0.873
2023-10-30;104.922;3.383;-0.778;-0.964
2023-10-31;105.117;3.369;-1.192;-1.316
2023-11-01;105.418;3.347;0.735;0.64
2023-11-02;106.329;3.282;1.011;1.075
2023-11-03;107.677;3.187;-0.185;-0.066
2023-11-06;106.411;3.276;2.223;2.195
2023-11-07;107.839;3.175;0.886;0.84
2023-11-08;109.01;3.094;-0.804;-0.784
2023-11-09;108.157;3.153;-0.038;0.137
2023-11-10;107.419;3.204;1.602;1.683
2023-11-13;107.548;3.195;1.424;1.391
2023-11-14;109.063;3.09;-0.03;-0.089
2023-11-15;108.391;3.136;-0.496;-0.469
2023-11-16;108.99;3.095;-1.298;-1.141
2023-11-17;109.323;3.072;-2.01;-1.771
2023-11-20;109.229;3.078;-0.717;-0.607
2023-11-21;109.827;3.037;-0.976;-0.916
2023-11-22;110.197;3.012;-2.424;-2.282
2023-11-23;109.256;3.076;-1.817;-1.558
2023-11-24;108.833;3.105;-0.809;-0.644
2023-11-27;109.965;3.027;-2.042;-1.879
2023-11-28;110.302;3.004;-0.977;-0.833
2023-11-29;111.129;2.948;-1.187;-1.165
2023-11-30;110.932;2.961;-0.627;-0.478
2023-12-01;111.887;2.897;0.155;0.193
2023-12-04;112.407;2.862;0.148;0.304
2023-12-05;114.465;2.727;-0.472;-0.384
2023-12-06;115.551;2.657;-3.337;-2.998
2023-12-07;115.317;2.671;-1.529;-1.203
2023-12-08;114.082;2.751;-0.232;0.071
2023-12-11;114.142;2.747;-0.408;-0.225
2023-12-12;115.18;2.68;-1.709;-1.487
2023-12-13;116.093;2.621;-2.85;-2.557
2023-12-14;116.733;2.58;-3.076;-2.674
2023-12-15;118.328;2.479;-2.771;-2.341
2023-12-18;117.289;2.544;-2.278;-1.905
2023-12-19;118.4;2.475;-3.017;-2.632
2023-12-20;119.339;2.416;-3.426;-3.045
2023-12-21;119.32;2.417;-5.056;-4.404
2023-12-22;118.848;2.446;-4.189;-3.652
2023-12-25;118.848;2.446;-4.879;-4.379
2023-12-27;120.145;2.365;-4.455;-4.026
2023-12-28;119.231;2.421;-3.844;-3.431
2023-12-29;117.937;2.502;-2.694;-2.388
2024-01-01;117.937;2.502;-3.534;-3.228
2024-01-02;117.179;2.55;-0.574;-0.485
2024-01-03;117.847;2.507;-0.616;-0.569
2024-01-04;116.518;2.591;-0.185;-0.114
2024-01-05;115.898;2.631;1.04;1.006
2024-01-08;116.006;2.624;1.899;1.773
2024-01-09;115.203;2.675;1.652;1.568
2024-01-10;115.099;2.682;0.84;0.805
2024-01-11;115.084;2.682;1.007;0.956
2024-01-12;115.78;2.637;0.952;0.988
2024-01-15;115.161;2.677;1.821;1.865
2024-01-16;114.739;2.705;2.5;2.519
2024-01-17;114.39;2.727;3.225;3.229
2024-01-18;113.58;2.78;4.227;4.0
2024-01-19;113.844;2.763;4.475;4.291
2024-01-22;114.375;2.728;4.254;3.997
2024-01-23;113.142;2.809;5.371;5.013
2024-01-24;113.338;2.796;5.478;5.17
2024-01-25;113.844;2.762;5.384;5.139
2024-01-26;113.703;2.771;6.082;5.934
2024-01-29;114.471;2.72;5.88;5.672
2024-01-30;114.047;2.748;5.953;5.859
2024-01-31;115.401;2.66;4.917;4.824
2024-02-01;115.82;2.632;4.766;4.718
2024-02-02;114.58;2.713;6.713;6.599
2024-02-05;113.387;2.791;7.417;7.026
2024-02-06;113.659;2.773;7.956;7.482
2024-02-07;113.194;2.804;8.611;8.153
2024-02-08;112.664;2.838;9.442;9.148
2024-02-09;112.505;2.849;9.022;8.716
2024-02-12;112.655;2.839;10.337;9.827
2024-02-13;112.571;2.844;9.902;9.506
2024-02-14;113.409;2.788;9.433;8.939
2024-02-15;113.168;2.804;8.455;8.07
2024-02-16;113.04;2.813;7.565;7.333
2024-02-19;112.775;2.83;7.471;7.094
2024-02-20;113.279;2.796;7.502;7.018
2024-02-21;112.271;2.864;9.423;8.968
2024-02-22;112.708;2.834;8.718;8.433
2024-02-23;113.749;2.765;8.974;8.565
2024-02-26;112.613;2.84;8.537;8.165
2024-02-27;112.179;2.869;9.745;9.284
2024-02-28;112.342;2.858;10.725;10.19
2024-02-29;113.066;2.809;12.171;11.625
2024-03-01;112.947;2.817;13.003;12.432
2024-03-04;113.264;2.796;13.42;12.65
2024-03-05;114.469;2.716;12.877;12.016
2024-03-06;114.408;2.72;12.523;11.745
2024-03-07;114.736;2.698;12.582;11.843
2024-03-08;115.154;2.671;12.652;11.91
2024-03-11;114.745;2.697;13.418;12.545
2024-03-12;114.587;2.708;14.097;13.125
2024-03-13;114.026;2.744;13.864;13.014
2024-03-14;113.158;2.802;14.273;13.567
2024-03-15;113.04;2.809;13.393;12.717
2024-03-18;112.778;2.827;13.966;13.147
2024-03-19;112.745;2.829;13.92;13.107
2024-03-20;112.944;2.816;13.849;13.013
2024-03-21;113.154;2.801;13.312;12.612
2024-03-22;114.235;2.729;12.854;12.169
2024-03-25;113.675;2.766;13.532;12.794
2024-03-26;114.127;2.736;12.466;11.723
2024-03-27;114.928;2.683;11.639;11.073
2024-03-28;114.846;2.688;12.991;12.373
2024-03-29;114.846;2.688;12.294;11.697
2024-04-02;113.092;2.804;13.622;12.868
2024-04-03;113.1;2.804;14.191;13.449
2024-04-04;113.661;2.766;13.983;13.28
2024-04-05;113.054;2.806;13.892;13.258
2024-04-08;112.848;2.82;13.608;12.846
2024-04-09;113.86;2.752;13.161;12.289
2024-04-10;113.099;2.803;13.579;12.864
2024-04-11;112.625;2.834;12.604;12.046
2024-04-12;113.858;2.752;10.96;10.347
2024-04-15;112.654;2.832;11.559;10.984
2024-04-16;112.031;2.874;10.17;9.678
2024-04-17;112.264;2.858;12.778;12.097
2024-04-18;111.849;2.886;12.194;11.685
2024-04-19;111.875;2.884;12.98;12.41
2024-04-22;112.029;2.874;11.41;10.772
2024-04-23;111.721;2.895;11.464;10.875
2024-04-24;110.516;2.977;11.72;11.246
2024-04-25;110.071;3.007;11.908;11.616
2024-04-26;110.797;2.957;13.341;12.893
2024-04-29;111.501;2.909;13.222;12.658
2024-04-30;110.985;2.944;13.543;13.092
2024-05-02;111.6;2.902;13.191;12.637
2024-05-03;112.063;2.87;13.405;12.862
2024-05-06;112.417;2.846;12.709;12.098
2024-05-07;113.113;2.799;13.348;12.588
2024-05-08;112.52;2.839;13.092;12.436
2024-05-09;111.816;2.886;13.834;13.283
2024-05-10;111.511;2.907;14.494;13.989
2024-05-13;111.568;2.903;15.002;14.314
2024-05-14;110.977;2.943;15.628;14.987
2024-05-15;112.646;2.83;15.011;14.209
2024-05-16;112.171;2.861;15.048;14.412
2024-05-17;111.503;2.907;14.87;14.343
2024-05-20;111.311;2.92;15.325;14.705
2024-05-21;111.701;2.893;15.571;14.875
2024-05-22;111.255;2.924;16.56;15.895
2024-05-23;110.608;2.968;18.029;17.472
2024-05-24;110.793;2.955;17.002;16.498
2024-05-27;111.2;2.927;16.636;15.985
2024-05-28;110.616;2.967;17.005;16.468
2024-05-29;109.178;3.067;18.3;17.789
2024-05-30;109.634;3.035;19.358;18.807
2024-05-31;109.731;3.028;18.21;17.794
2024-06-03;110.841;2.951;17.85;17.163
2024-06-04;111.375;2.914;17.717;16.952
2024-06-05;111.691;2.892;17.168;16.398
2024-06-06;111.189;2.926;17.153;16.599
2024-06-07;110.265;2.99;18.587;18.092
2024-06-10;109.293;3.058;18.835;18.32
2024-06-11;109.39;3.051;20.344;19.728
2024-06-12;110.599;2.967;20.228;19.419
2024-06-13;111.169;2.927;17.686;17.063
2024-06-14;112.68;2.824;15.333;14.697
2024-06-17;111.947;2.874;16.293;15.645
2024-06-18;112.231;2.854;16.778;16.102
2024-06-19;112.043;2.867;17.334;16.625
2024-06-20;111.715;2.889;15.936;15.376
2024-06-21;111.803;2.883;14.647;14.13
2024-06-24;111.707;2.889;14.989;14.414
2024-06-25;112.045;2.866;13.766;13.166
2024-06-26;111.479;2.905;13.416;12.851
2024-06-27;111.564;2.899;11.526;11.089
2024-06-28;110.835;2.949;14.181;13.664
2024-07-01;109.534;3.04;16.802;16.245
2024-07-02;109.498;3.042;18.552;17.928
2024-07-03;110.081;3.001;19.852;19.076
2024-07-04;109.871;3.015;19.043;18.343
2024-07-05;110.471;2.974;19.09;18.325
2024-07-08;110.7;2.958;18.533;17.743
2024-07-09;110.136;2.997;18.984;18.215
2024-07-10;110.824;2.949;18.613;17.797
2024-07-11;111.593;2.895;17.806;16.94
2024-07-12;111.198;2.922;17.369;16.624
2024-07-15;111.535;2.899;16.838;16.165
2024-07-16;112.143;2.857;16.278;15.604
2024-07-17;112.279;2.848;16.157;15.516
2024-07-18;112.03;2.865;16.346;15.738
2024-07-19;111.512;2.9;16.366;15.756
2024-07-22;111.205;2.921;17.742;17.044
2024-07-23;111.913;2.872;16.474;15.779
2024-07-24;111.687;2.888;15.438;14.782
2024-07-25;112.109;2.859;14.811;14.321
2024-07-26;112.199;2.852;15.142;14.713
2024-07-29;113.011;2.797;13.847;13.351
2024-07-30;113.209;2.783;13.849;13.35
2024-07-31;113.899;2.737;13.079;12.587
2024-08-01;114.458;2.699;13.161;12.749
2024-08-02;115.084;2.657;12.511;12.102
2024-08-05;114.969;2.665;12.996;12.619
2024-08-06;114.873;2.671;14.229;14.095
2024-08-07;113.76;2.745;16.958;16.56
2024-08-08;113.61;2.755;17.694;17.292
2024-08-09;114.278;2.71;16.974;16.677
2024-08-12;114.296;2.709;18.072;17.566
2024-08-13;114.877;2.67;18.102;17.52
2024-08-14;114.951;2.665;18.92;18.415
2024-08-15;113.936;2.732;20.227;19.545
2024-08-16;114.139;2.719;20.299;19.448
2024-08-19;114.223;2.713;20.23;19.658
2024-08-20;114.677;2.682;21.218;20.088
2024-08-21;114.924;2.666;20.003;19.342
2024-08-22;114.316;2.706;19.171;18.743
2024-08-23;114.486;2.695;18.86;18.496
2024-08-26;114.284;2.708;18.481;17.981
2024-08-27;113.522;2.759;19.693;19.275
2024-08-28;113.997;2.727;20.072;18.938
2024-08-29;113.744;2.744;19.382;19.092
2024-08-30;113.366;2.769;19.934;19.675
2024-09-02;112.92;2.799;20.162;19.847
2024-09-03;113.873;2.735;19.816;19.317
2024-09-04;114.435;2.697;18.969;18.412
2024-09-05;114.691;2.679;19.693;18.798
2024-09-06;115.027;2.657;18.987;18.537
2024-09-09;115.007;2.658;20.177;19.673
2024-09-10;115.435;2.629;20.197;19.7
2024-09-11;115.627;2.617;18.572;18.193
2024-09-12;115.163;2.647;18.828;18.413
2024-09-13;115.089;2.652;18.939;18.686
2024-09-16;115.535;2.622;19.758;18.37
2024-09-17;115.405;2.631;18.154;17.766
2024-09-18;114.552;2.687;20.023;18.905
2024-09-19;114.114;2.716;20.0;19.07
2024-09-20;113.986;2.725;20.607;20.518
2024-09-23;114.479;2.692;21.271;20.797
2024-09-24;114.581;2.685;20.783;19.473
2024-09-25;114.309;2.703;21.513;21.098
2024-09-26;114.126;2.715;22.018;21.64
2024-09-27;114.752;2.673;23.397;22.052
2024-09-30;114.817;2.668;23.59;22.996
2024-10-01;116.311;2.569;23.083;21.396
2024-10-02;115.416;2.628;24.096;22.52
2024-10-03;114.54;2.686;24.827;23.488
2024-10-04;113.954;2.726;24.835;23.702
2024-10-07;113.343;2.767;23.996;22.954
2024-10-08;113.483;2.757;23.271;22.904
2024-10-09;113.41;2.762;22.524;22.243
2024-10-10;113.533;2.753;21.698;21.492
2024-10-11;113.366;2.765;23.942;23.579
2024-10-14;113.277;2.771;25.456;24.919
2024-10-15;114.01;2.721;25.684;24.987
2024-10-16;114.577;2.682;25.186;23.7
2024-10-17;114.073;2.716;25.842;25.138
2024-10-18;114.484;2.688;26.61;24.985
2024-10-21;113.09;2.783;28.323;27.675
2024-10-22;112.566;2.818;30.58;29.917
2024-10-23;112.668;2.811;31.125;30.223
2024-10-24;113.246;2.771;30.414;29.618
2024-10-25;112.979;2.79;32.348;31.538
2024-10-28;113.039;2.785;34.159;32.387
2024-10-29;112.492;2.823;37.97;36.207
2024-10-30;112.268;2.838;38.089;36.44
2024-10-31;112.568;2.817;39.362;37.659
2024-11-01;112.284;2.837;41.22;39.323
2024-11-04;112.902;2.794;38.399;36.943
2024-11-05;112.453;2.825;37.326;35.443
2024-11-06;112.066;2.852;43.182;41.627
2024-11-07;111.845;2.867;43.618;42.324
2024-11-08;112.926;2.792;43.443;41.37
2024-11-11;113.493;2.753;44.921;43.046
2024-11-12;113.351;2.762;44.843;43.013
2024-11-13;112.98;2.788;45.965;43.663
2024-11-14;113.687;2.739;45.078;43.225
2024-11-15;113.862;2.727;44.986;42.521
2024-11-18;113.523;2.75;47.179;44.66
2024-11-19;113.877;2.726;40.741;39.163
2024-11-20;113.693;2.738;41.991;39.803
2024-11-21;113.967;2.719;38.33;36.267
2024-11-22;114.873;2.658;38.272;35.528
2024-11-25;115.627;2.607;36.036;34.159
2024-11-26;115.887;2.59;33.354;31.735
2024-11-27;116.631;2.54;31.028;29.426
2024-11-28;117.109;2.508;30.169;28.523
2024-11-29;117.587;2.477;30.545;28.795
2024-12-02;118.426;2.422;31.249;28.23
2024-12-03;118.402;2.423;33.026;30.082
2024-12-04;118.324;2.428;32.433;29.697
2024-12-05;117.875;2.457;32.12;29.441
2024-12-06;117.883;2.456;33.443;30.596
2024-12-09;117.421;2.486;35.015;32.797
2024-12-10;117.372;2.489;34.177;32.05
2024-12-11;116.844;2.524;36.614;34.416
2024-12-12;115.802;2.593;36.187;34.252
2024-12-13;115.108;2.639;37.319;35.517
2024-12-16;115.13;2.638;39.23;37.199
2024-12-17;115.488;2.614;38.675;36.519
2024-12-18;115.212;2.632;38.22;35.454
2024-12-19;114.353;2.69;37.91;35.415
2024-12-20;114.657;2.669;36.527;34.723
2024-12-23;114.11;2.706;37.358;35.544
2024-12-24;114.11;2.706;37.433;35.573
2024-12-25;114.11;2.706;37.458;35.572
2024-12-27;113.006;2.781;38.225;36.518
2024-12-30;113.428;2.752;38.442;36.023
2024-12-31;113.428;2.752;37.99;36.206
2025-01-01;113.428;2.752;38.036;36.23
2025-01-02;112.964;2.783;39.122;36.715
2025-01-03;112.294;2.83;40.65;38.354
2025-01-06;112.131;2.841;38.386;36.745
2025-01-07;111.434;2.89;39.569;37.475
2025-01-08;110.839;2.932;39.621;38.189
2025-01-09;110.463;2.958;41.791;40.298
2025-01-10;110.197;2.977;41.725;40.24
2025-01-13;109.808;3.005;42.271;40.823
2025-01-14;109.197;3.049;42.595;41.197
2025-01-15;110.38;2.964;43.101;41.522
2025-01-16;110.561;2.951;43.41;41.761
2025-01-17;110.761;2.936;43.819;42.183
2025-01-20;110.839;2.931;43.408;41.823
2025-01-21;111.195;2.905;42.948;41.318
2025-01-22;110.967;2.921;42.713;41.216
2025-01-23;110.658;2.943;43.712;42.268
2025-01-24;110.512;2.953;43.89;41.972
2025-01-27;111.034;2.916;41.989;40.431
2025-01-28;110.674;2.941;42.147;40.181
2025-01-29;110.388;2.962;41.49;39.61
2025-01-30;111.17;2.906;41.564;40.059
2025-01-31;111.972;2.849;42.506;40.225
2025-02-03;113.028;2.775;42.238;39.83
2025-02-04;112.932;2.782;42.798;40.538
2025-02-05;113.445;2.746;42.863;40.433
2025-02-06;113.246;2.76;43.419;41.115
2025-02-07;113.145;2.767;44.729;42.385
2025-02-10;113.266;2.758;44.447;42.628
2025-02-11;112.123;2.838;45.485;43.305
2025-02-12;111.578;2.876;45.017;42.989
2025-02-13;112.64;2.801;40.501;38.395
2025-02-14;112.494;2.811;38.157;36.143
2025-02-17;111.616;2.873;41.334;39.392
2025-02-18;111.633;2.871;41.049;39.121
2025-02-19;110.66;2.94;43.236;41.544
2025-02-20;110.886;2.924;42.487;40.888
2025-02-21;111.647;2.87;42.194;40.39
2025-02-24;111.383;2.888;43.729;41.959
2025-02-25;111.867;2.854;43.346;41.446
2025-02-26;112.245;2.827;42.962;41.041
2025-02-27;112.3;2.823;42.862;41.654
2025-02-28;112.236;2.827;43.597;41.834
2025-03-03;111.021;2.913;44.664;43.844
2025-03-04;110.64;2.94;46.212;44.84
2025-03-05;107.21;3.19;49.673;49.726
2025-03-06;107.08;3.199;46.522;46.192
2025-03-07;106.803;3.22;45.37;45.489
2025-03-10;106.782;3.221;44.918;45.053
2025-03-11;106.009;3.279;44.543;44.547
2025-03-12;106.33;3.255;45.334;45.297
2025-03-13;106.291;3.258;45.108;45.443
2025-03-14;105.893;3.288;44.253;44.617
2025-03-17;106.747;3.224;44.053;44.007
2025-03-18;106.536;3.239;46.451;46.251
2025-03-19;106.874;3.214;46.256;45.889
2025-03-20;107.125;3.195;44.943;44.467
2025-03-21;107.214;3.188;43.317;42.85
2025-03-24;107.11;3.196;42.993;42.503
2025-03-25;106.805;3.219;42.384;42.002
2025-03-26;106.758;3.222;42.504;42.197
2025-03-27;106.919;3.21;42.067;41.753
2025-03-28;107.429;3.172;41.649;41.227
2025-03-31;107.455;3.17;41.944;41.472
2025-04-01;108.27;3.109;41.604;40.937
2025-04-02;107.557;3.162;44.449;43.869
2025-04-03;108.092;3.122;45.917;45.296
2025-04-04;108.727;3.075;42.532;41.937
2025-04-07;108.173;3.116;41.529;40.879
2025-04-08;108.334;3.104;41.948;41.529
2025-04-09;108.84;3.067;38.255;37.519
2025-04-10;109.15;3.044;41.414;40.778
2025-04-11;109.398;3.026;39.423;38.505
2025-04-14;110.094;2.975;40.372;39.288
2025-04-15;109.656;3.007;38.449;37.554
2025-04-16;109.717;3.002;37.701;36.974
2025-04-17;110.082;2.975;37.949;37.114
2025-04-18;110.082;2.975;37.337;36.534
2025-04-22;110.56;2.941;37.601;36.355
2025-04-23;110.012;2.98;39.896;39.057
2025-04-24;110.643;2.935;38.692;37.621
2025-04-25;110.397;2.952;39.879;38.754
2025-04-28;109.607;3.009;40.215;39.298
2025-04-29;109.878;2.989;40.783;39.763
2025-04-30;110.539;2.941;40.014;38.871
2025-05-02;109.369;3.026;42.01;41.066
2025-05-05;109.462;3.019;42.669;41.629
2025-05-06;109.065;3.048;43.505;42.524
2025-05-07;109.917;2.986;43.975;42.648
2025-05-08;108.977;3.054;44.711;43.83
2025-05-09;108.533;3.087;45.681;45.012
2025-05-12;107.758;3.144;46.338;45.874
2025-05-13;107.399;3.171;44.766;44.428
2025-05-14;107.25;3.182;43.534;43.186
2025-05-15;108.355;3.099;42.923;42.223
2025-05-16;108.688;3.075;42.409;41.606
2025-05-19;108.77;3.069;41.586;40.799
2025-05-20;108.38;3.097;40.1;39.439
2025-05-21;107.701;3.148;40.693;40.31
2025-05-22;107.608;3.154;39.175;38.873
2025-05-23;108.492;3.089;37.48;37.42
2025-05-26;108.858;3.062;36.496;36.334
2025-05-27;109.472;3.016;37.086;36.845
2025-05-28;109.215;3.035;35.434;35.343
2025-05-29;109.821;2.991;33.98;33.767
2025-05-30;109.866;2.987;33.619;33.36
2025-06-02;109.467;3.016;34.232;34.001
2025-06-03;109.507;3.013;33.739;33.469
2025-06-04;109.565;3.009;33.561;33.267
2025-06-05;108.958;3.053;33.638;33.613
2025-06-06;109.164;3.038;31.375;31.373
2025-06-09;109.27;3.03;31.394;31.276
2025-06-10;109.776;2.993;30.639;30.431
2025-06-11;109.452;3.017;30.992;30.827
2025-06-12;110.245;2.958;29.888;29.611
2025-06-13;109.381;3.021;32.262;32.119
2025-06-16;109.577;3.007;30.799;30.559
2025-06-17;109.53;3.01;30.7;30.446
2025-06-18;110.038;2.973;30.491;30.132
2025-06-19;109.625;3.003;30.491;30.223
2025-06-20;109.686;2.998;30.605;30.323
2025-06-23;109.871;2.985;30.778;30.387
2025-06-24;109.275;3.028;31.418;31.092
2025-06-25;109.008;3.048;31.231;30.955
2025-06-26;108.821;3.061;30.99;30.762
2025-06-27;108.708;3.07;31.313;31.1
2025-06-30;108.453;3.089;30.356;30.17
2025-07-01;109.016;3.047;30.576;30.239
2025-07-02;108.287;3.101;32.39;32.165
2025-07-03;108.745;3.066;32.114;31.795
2025-07-04;108.732;3.067;31.337;31.035
2025-07-07;108.214;3.106;32.663;32.409
2025-07-08;107.6;3.152;33.155;33.018
2025-07-09;107.753;3.14;33.304;33.12
2025-07-10;107.234;3.179;35.005;34.881
2025-07-11;106.978;3.198;34.291;34.197
2025-07-14;106.826;3.21;32.394;32.314
2025-07-15;107.057;3.192;32.365;32.255
2025-07-16;107.27;3.176;31.7;31.627
2025-07-17;107.395;3.166;32.846;32.739
2025-07-18;107.034;3.193;33.034;33.069
2025-07-21;108.169;3.108;32.068;31.857
2025-07-22;108.54;3.08;30.02;29.825
2025-07-23;107.891;3.129;29.88;29.743
2025-07-24;107.244;3.177;32.208;32.232
2025-07-25;107.05;3.192;32.865;32.868
2025-07-28;107.191;3.181;33.525;33.298
2025-07-29;106.964;3.198;33.454;33.326
2025-07-30;106.901;3.203;33.824;33.716
2025-07-31;107.129;3.185;34.014;33.902
2025-08-01;107.164;3.183;33.798;33.739
2025-08-04;107.911;3.126;33.785;33.486
2025-08-05;107.935;3.124;33.597;33.316
2025-08-06;107.545;3.154;34.132;33.882
2025-08-07;107.878;3.128;34.378;34.121
2025-08-08;107.112;3.186;34.861;34.764
2025-08-11;106.975;3.196;35.179;35.095
2025-08-12;106.237;3.253;36.116;36.169
2025-08-13;107.071;3.189;35.335;35.191
2025-08-14;106.548;3.229;36.08;36.084
2025-08-15;105.466;3.312;37.391;37.681
2025-08-18;105.655;3.297;38.894;39.061
2025-08-19;105.889;3.279;38.477;38.612
2025-08-20;106.262;3.25;38.531;38.6
2025-08-21;105.783;3.287;38.208;38.535
2025-08-22;106.137;3.26;38.917;39.224
2025-08-25;105.748;3.289;37.357;37.656
2025-08-26;106.049;3.266;37.638;37.921
2025-08-27;106.101;3.262;39.327;39.587
2025-08-28;106.241;3.251;39.237;39.497
2025-08-29;105.855;3.281;39.19;39.571
2025-09-01;105.614;3.299;39.219;39.557
2025-09-02;105.132;3.337;38.904;39.355
2025-09-03;105.829;3.283;38.252;38.481
2025-09-04;106.042;3.266;38.092;38.326
2025-09-05;106.579;3.225;37.422;37.53
2025-09-08;106.949;3.197;37.986;37.899
2025-09-09;106.758;3.211;37.39;37.342
2025-09-10;106.893;3.201;37.081;36.973
2025-09-11;107.008;3.192;37.777;37.699
2025-09-12;106.367;3.241;37.295;37.397
2025-09-15;106.831;3.205;36.546;36.491
2025-09-16;106.772;3.21;36.243;36.269
2025-09-17;107.191;3.178;36.612;36.523
2025-09-18;106.329;3.243;36.574;36.726
2025-09-19;105.976;3.27;37.883;38.1
2025-09-22;105.787;3.285;38.223;38.418
2025-09-23;105.932;3.274;37.019;37.21
2025-09-24;105.956;3.272;35.881;36.055
2025-09-25;105.798;3.284;35.933;36.156
2025-09-26;106.183;3.254;34.21;34.316
2025-09-29;106.877;3.201;33.74;33.647
2025-09-30;106.75;3.21;33.875;33.873
2025-10-01;106.493;3.23;35.279;35.401
2025-10-02;106.76;3.209;33.755;33.882
2025-10-03;106.825;3.204;33.175;33.245
2025-10-06;106.472;3.231;33.245;33.31
2025-10-07;106.524;3.227;33.408;33.436
2025-10-08;106.99;3.192;33.574;33.515
2025-10-09;106.726;3.212;33.249;33.318
2025-10-10;107.455;3.156;31.777;31.696
2025-10-13;107.524;3.15;31.889;31.694
2025-10-14;107.898;3.122;31.851;31.566
2025-10-15;108.467;3.079;30.252;29.881
2025-10-16;108.437;3.081;30.257;29.982
2025-10-17;108.194;3.099;30.722;30.48
2025-10-20;108.244;3.095;31.233;30.931
2025-10-21;108.684;3.062;31.21;30.75
2025-10-22;108.506;3.076;30.211;29.884
2025-10-23;108.185;3.1;30.623;30.429
2025-10-24;107.594;3.144;31.794;31.715
2025-10-27;107.778;3.13;32.964;32.694
2025-10-28;107.686;3.137;32.616;32.338
2025-10-29;107.781;3.13;31.903;31.632
2025-10-30;107.747;3.132;29.895;29.717
2025-10-31;107.727;3.134;29.079;28.901
2025-11-03;107.292;3.167;29.347;29.179
2025-11-04;107.406;3.158;29.304;29.143
2025-11-05;107.206;3.173;29.095;29.004
2025-11-06;107.42;3.157;29.644;29.566
2025-11-07;107.106;3.181;28.336;28.358
2025-11-10;107.158;3.177;28.783;28.74
2025-11-11;107.39;3.159;27.076;27.003
2025-11-12;107.746;3.132;25.108;24.953
2025-11-13;107.096;3.181;24.729;24.733
2025-11-14;106.525;3.225;25.466;25.589
2025-11-17;106.606;3.219;24.906;24.978
2025-11-18;106.467;3.229;25.358;25.395
2025-11-19;106.321;3.241;25.25;25.334
2025-11-20;106.116;3.256;26.218;26.467
2025-11-21;106.2;3.25;27.068;27.332
2025-11-24;106.455;3.23;26.208;26.376
2025-11-25;106.781;3.205;25.096;25.217
2025-11-26;106.806;3.203;24.32;24.457
2025-11-27;106.769;3.205;23.755;23.955
2025-11-28;106.693;3.211;22.798;23.034
2025-12-01;105.964;3.268;23.522;23.785
2025-12-02;105.962;3.268;24.462;24.741
2025-12-03;105.868;3.275;25.693;25.996
2025-12-04;105.636;3.293;25.961;26.337
2025-12-05;105.336;3.316;25.22;25.58
2025-12-08;104.738;3.364;24.614;24.973
2025-12-09;104.851;3.355;23.358;23.642
2025-12-10;104.79;3.359;24.889;25.209
2025-12-11;104.877;3.352;24.354;24.718
2025-12-12;104.594;3.375;23.373;23.793
2025-12-15;104.663;3.369;22.385;22.724
2025-12-16;104.766;3.361;21.471;21.784
2025-12-17;104.533;3.38;21.568;21.975
2025-12-18;104.69;3.367;21.538;22.007
2025-12-19;104.079;3.416;22.242;22.832
2025-12-22;104.127;3.412;21.459;21.945
2025-12-23;104.644;3.37;19.994;20.45
2025-12-24;104.644;3.37;19.952;20.421
2025-12-25;104.644;3.37;19.821;20.269
2025-12-29;105.026;3.34;18.902;19.213
2025-12-30;104.781;3.359;19.259;19.616
2025-12-31;104.781;3.359;20.038;20.435
2026-01-01;104.781;3.359;20.053;20.434
2026-01-02;104.135;3.411;20.578;21.075
2026-01-05;104.563;3.376;20.931;21.34
2026-01-06;104.92;3.348;20.525;20.876
2026-01-07;105.267;3.321;21.508;21.818
2026-01-08;105.077;3.335;21.754;22.082
2026-01-09;105.111;3.333;22.487;22.797
2026-01-12;105.417;3.309;24.138;24.395
2026-01-13;105.296;3.318;23.537;23.758
2026-01-14;105.694;3.287;22.847;23.033
2026-01-15;105.755;3.282;23.146;23.338
2026-01-16;105.552;3.298;23.483;23.697
2026-01-19;105.339;3.314;23.74;23.945
2026-01-20;105.047;3.337;24.042;24.326
2026-01-21;104.713;3.364;23.48;23.801
2026-01-22;104.82;3.355;22.128;22.462
2026-01-23;104.709;3.364;21.566;21.879
2026-01-26;105.185;3.326;21.196;21.425
2026-01-27;105.185;3.326;20.267;20.5
2026-01-28;105.249;3.321;21.128;21.391
2026-01-29;105.319;3.315;21.916;22.238
2026-01-30;105.269;3.319;22.402;22.697
2026-02-02;104.956;3.344;22.921;23.241
2026-02-03;104.709;3.363;22.734;23.073
2026-02-04;105.02;3.338;22.602;22.866
2026-02-05;105.211;3.323;22.656;22.933
2026-02-06;105.135;3.329;23.197;23.576
2026-02-09;105.048;3.336;24.044;24.483
2026-02-10;105.233;3.321;23.708;24.182
