;px_last;yld_ytm_mid;asset_swap_spd_mid;z_sprd_mid
2016-03-21;100.445;0.456;-16.072;-16.839
2016-03-22;100.723;0.428;-17.367;-18.135
2016-03-23;100.856;0.415;-17.648;-18.41
2016-03-24;100.988;0.402;-18.382;-18.897
2016-03-25;100.988;0.402;-18.622;-19.145
2016-03-28;100.988;0.402;-18.292;-18.805
2016-03-29;101.465;0.355;-19.587;-20.063
2016-03-30;101.348;0.366;-19.997;-20.503
2016-03-31;101.44;0.357;-20.886;-21.401
2016-04-01;101.643;0.337;-21.416;-21.911
2016-04-04;101.675;0.334;-21.067;-21.546
2016-04-05;101.933;0.309;-20.719;-21.159
2016-04-06;101.715;0.33;-20.479;-20.942
2016-04-07;101.91;0.311;-20.071;-20.504
2016-04-08;101.9;0.312;-20.754;-21.209
2016-04-11;101.63;0.338;-19.274;-19.726
2016-04-12;101.075;0.393;-18.485;-19.0
2016-04-13;101.578;0.343;-20.042;-20.519
2016-04-14;101.14;0.386;-19.192;-19.711
2016-04-15;101.568;0.344;-19.225;-19.859
2016-04-18;101.268;0.374;-19.001;-19.676
2016-04-19;101.19;0.381;-19.11;-19.801
2016-04-20;101.31;0.369;-18.871;-19.517
2016-04-21;100.535;0.446;-19.003;-19.739
2016-04-22;100.65;0.435;-19.551;-20.304
2016-04-25;100.275;0.472;-18.765;-19.55
2016-04-26;99.938;0.506;-19.005;-19.866
2016-04-27;99.98;0.502;-17.95;-18.785
2016-04-28;100.2;0.48;-18.015;-18.82
2016-04-29;99.968;0.503;-16.898;-17.669
2016-05-02;100.025;0.497;-17.043;-17.827
2016-05-03;100.602;0.439;-16.454;-17.108
2016-05-04;100.618;0.438;-16.841;-17.494
2016-05-05;100.983;0.401;-16.735;-17.377
2016-05-06;101.173;0.382;-17.199;-17.804
2016-05-09;101.418;0.358;-17.704;-18.299
2016-05-10;101.528;0.347;-18.488;-19.084
2016-05-11;101.583;0.341;-19.721;-20.333
2016-05-12;101.273;0.372;-19.003;-19.623
2016-05-13;101.56;0.344;-18.762;-19.328
2016-05-16;101.37;0.362;-18.668;-19.264
2016-05-17;101.475;0.352;-19.275;-19.864
2016-05-18;101.118;0.387;-18.674;-19.284
2016-05-19;101.138;0.385;-18.893;-19.512
2016-05-20;101.213;0.378;-18.962;-19.589
2016-05-23;101.102;0.389;-19.764;-20.425
2016-05-24;101.138;0.385;-19.742;-20.389
2016-05-25;101.425;0.357;-19.901;-20.5
2016-05-26;101.47;0.352;-19.58;-20.176
2016-05-27;101.533;0.346;-19.823;-20.381
2016-05-30;101.243;0.375;-19.901;-20.499
2016-05-31;101.513;0.348;-19.436;-19.982
2016-06-01;101.53;0.346;-19.872;-20.425
2016-06-02;101.723;0.326;-20.583;-21.121
2016-06-03;102.175;0.281;-20.962;-21.433
2016-06-06;101.878;0.311;-21.003;-21.508
2016-06-07;102.208;0.278;-21.004;-21.454
2016-06-08;102.253;0.273;-22.224;-22.689
2016-06-09;102.518;0.247;-22.871;-23.313
2016-06-10;102.555;0.243;-22.44;-22.849
2016-06-13;102.418;0.257;-21.617;-22.018
2016-06-14;102.43;0.255;-20.687;-21.073
2016-06-15;102.618;0.237;-22.018;-22.427
2016-06-16;102.548;0.244;-19.694;-20.048
2016-06-17;102.233;0.275;-18.814;-19.227
2016-06-20;102.148;0.283;-19.8;-20.206
2016-06-21;102.138;0.284;-20.339;-20.784
2016-06-22;102.14;0.284;-22.643;-23.154
2016-06-23;101.863;0.311;-22.623;-23.156
2016-06-24;102.833;0.215;-22.555;-22.924
2016-06-27;103.485;0.15;-22.909;-23.134
2016-06-28;103.798;0.119;-26.485;-26.757
2016-06-29;103.953;0.104;-26.588;-26.821
2016-06-30;104.16;0.083;-26.935;-27.118
2016-07-01;104.385;0.061;-27.699;-27.871
2016-07-04;104.43;0.057;-24.348;-24.482
2016-07-05;104.788;0.022;-24.735;-24.811
2016-07-06;104.695;0.031;-24.65;-24.732
2016-07-07;104.655;0.034;-24.729;-24.815
2016-07-08;105.015;-0.001;-26.201;-26.241
2016-07-11;104.8;0.02;-25.609;-25.676
2016-07-12;104.173;0.081;-25.747;-25.926
2016-07-13;104.638;0.035;-24.648;-24.731
2016-07-14;104.268;0.071;-24.059;-24.204
2016-07-15;103.788;0.118;-22.89;-23.121
2016-07-18;104.04;0.093;-23.623;-23.807
2016-07-19;104.148;0.083;-24.609;-24.8
2016-07-20;103.953;0.102;-24.214;-24.431
2016-07-21;104.02;0.095;-25.09;-25.309
2016-07-22;104.079;0.089;-25.607;-25.806
2016-07-25;104.231;0.074;-25.929;-26.105
2016-07-26;104.074;0.089;-24.952;-25.141
2016-07-27;104.66;0.031;-25.973;-26.079
2016-07-28;104.772;0.02;-26.484;-26.567
2016-07-29;105.177;-0.02;-27.876;-27.883
2016-08-01;105.041;-0.007;-27.594;-27.644
2016-08-02;104.403;0.056;-26.996;-27.153
2016-08-03;104.365;0.06;-25.727;-25.886
2016-08-04;104.893;0.007;-25.981;-26.07
2016-08-05;104.696;0.026;-26.48;-26.591
2016-08-08;104.755;0.021;-27.078;-27.176
2016-08-09;104.846;0.011;-26.485;-26.574
2016-08-10;105.137;-0.017;-26.276;-26.301
2016-08-11;104.952;0.001;-26.09;-26.127
2016-08-12;105.032;-0.007;-25.67;-25.703
2016-08-15;104.701;0.025;-25.529;-25.597
2016-08-16;104.252;0.069;-24.773;-24.929
2016-08-17;104.491;0.045;-25.448;-25.534
2016-08-18;104.807;0.014;-25.621;-25.653
2016-08-19;104.304;0.063;-24.947;-25.074
2016-08-22;104.77;0.017;-24.511;-24.566
2016-08-23;104.786;0.016;-23.959;-24.004
2016-08-24;104.755;0.018;-23.897;-23.916
2016-08-25;104.633;0.03;-23.913;-23.941
2016-08-26;104.676;0.026;-24.559;-24.585
2016-08-29;104.737;0.02;-24.579;-24.588
2016-08-30;104.757;0.018;-23.108;-23.123
2016-08-31;104.541;0.039;-23.321;-23.395
2016-09-01;104.505;0.042;-22.803;-22.873
2016-09-02;104.295;0.063;-22.826;-22.951
2016-09-05;104.37;0.055;-22.351;-22.448
2016-09-06;105.047;-0.012;-24.359;-24.358
2016-09-07;105.084;-0.016;-24.806;-24.792
2016-09-08;104.498;0.042;-23.26;-23.333
2016-09-09;103.801;0.111;-22.538;-22.683
2016-09-12;103.551;0.136;-21.834;-22.017
2016-09-13;103.236;0.168;-20.855;-21.056
2016-09-14;103.775;0.114;-23.011;-23.203
2016-09-15;103.596;0.131;-22.457;-22.638
2016-09-16;103.766;0.114;-22.682;-22.869
2016-09-19;103.667;0.124;-22.518;-22.687
2016-09-20;104.031;0.087;-22.922;-23.067
2016-09-21;103.847;0.106;-23.147;-23.322
2016-09-22;104.798;0.01;-24.053;-24.056
2016-09-23;104.584;0.031;-23.038;-23.077
2016-09-26;104.95;-0.005;-24.565;-24.556
2016-09-27;105.173;-0.028;-26.517;-26.408
2016-09-28;105.203;-0.031;-26.193;-26.121
2016-09-29;104.877;0.001;-24.438;-24.402
2016-09-30;104.883;0.001;-25.044;-24.996
2016-10-03;104.528;0.036;-23.771;-23.746
2016-10-04;104.209;0.068;-23.797;-23.814
2016-10-05;103.664;0.122;-22.319;-22.39
2016-10-06;103.859;0.102;-22.825;-22.961
2016-10-07;103.508;0.138;-22.905;-23.001
2016-10-10;103.193;0.17;-23.78;-24.015
2016-10-11;103.514;0.137;-23.986;-24.211
2016-10-12;103.065;0.183;-22.502;-22.703
2016-10-13;103.368;0.151;-22.924;-23.105
2016-10-14;103.29;0.159;-24.288;-24.456
2016-10-17;103.273;0.161;-23.483;-23.698
2016-10-18;103.471;0.141;-23.687;-23.856
2016-10-19;103.554;0.132;-24.257;-24.412
2016-10-20;103.825;0.104;-25.077;-25.199
2016-10-21;103.776;0.109;-25.302;-25.388
2016-10-24;103.634;0.124;-25.111;-25.232
2016-10-25;103.569;0.13;-24.703;-24.842
2016-10-26;102.986;0.189;-22.971;-23.169
2016-10-27;102.186;0.271;-21.22;-21.474
2016-10-28;102.195;0.27;-21.101;-21.379
2016-10-31;102.161;0.274;-19.97;-20.263
2016-11-01;101.965;0.294;-20.271;-20.552
2016-11-02;102.405;0.249;-21.513;-21.741
2016-11-03;102.142;0.276;-21.702;-21.967
2016-11-04;102.331;0.256;-21.995;-22.24
2016-11-07;102.222;0.267;-22.387;-22.689
2016-11-08;101.891;0.301;-22.126;-22.431
2016-11-09;101.583;0.333;-21.177;-21.397
2016-11-10;100.697;0.426;-18.677;-19.035
2016-11-11;100.209;0.478;-16.284;-16.719
2016-11-14;100.043;0.495;-16.572;-17.018
2016-11-15;100.446;0.453;-20.336;-21.03
2016-11-16;100.537;0.443;-20.243;-20.639
2016-11-17;100.612;0.435;-20.44;-20.96
2016-11-18;100.649;0.431;-20.288;-20.806
2016-11-21;100.714;0.424;-20.676;-21.197
2016-11-22;101.194;0.374;-22.106;-22.617
2016-11-23;100.731;0.422;-18.372;-18.797
2016-11-24;100.84;0.411;-19.944;-20.433
2016-11-25;100.803;0.415;-19.841;-20.308
2016-11-28;100.949;0.399;-18.303;-18.517
2016-11-29;101.137;0.379;-20.546;-21.015
2016-11-30;100.674;0.428;-20.95;-21.636
2016-12-01;99.807;0.521;-20.136;-20.794
2016-12-02;100.733;0.422;-22.048;-22.638
2016-12-05;100.271;0.471;-20.38;-20.972
2016-12-06;100.018;0.498;-21.632;-22.327
2016-12-07;100.277;0.47;-22.505;-23.195
2016-12-08;99.924;0.508;-21.269;-22.001
2016-12-09;99.94;0.506;-22.31;-23.096
2016-12-12;99.565;0.547;-22.003;-22.832
2016-12-13;100.036;0.496;-22.757;-23.517
2016-12-14;100.569;0.439;-23.474;-24.165
2016-12-15;100.038;0.496;-23.633;-24.428
2016-12-16;100.441;0.453;-24.534;-25.251
2016-12-19;101.072;0.386;-25.977;-26.67
2016-12-20;100.903;0.404;-26.474;-27.196
2016-12-21;101.13;0.379;-27.161;-27.856
2016-12-22;100.981;0.395;-28.025;-28.796
2016-12-23;101.329;0.358;-28.654;-29.356
2016-12-26;101.329;0.358;-30.473;-31.278
2016-12-27;101.463;0.344;-30.099;-30.807
2016-12-28;101.559;0.334;-29.269;-30.02
2016-12-29;101.748;0.314;-28.046;-28.666
2016-12-30;101.403;0.35;-26.639;-27.28
2017-01-02;101.606;0.328;-27.415;-28.058
2017-01-03;100.763;0.418;-22.896;-23.553
2017-01-04;100.55;0.441;-21.012;-21.633
2017-01-05;100.75;0.419;-20.812;-21.392
2017-01-06;100.348;0.462;-21.141;-21.797
2017-01-09;100.648;0.43;-21.704;-22.336
2017-01-10;100.543;0.442;-20.872;-21.494
2017-01-11;100.863;0.407;-21.171;-21.764
2017-01-12;100.868;0.407;-20.268;-20.826
2017-01-13;100.599;0.435;-19.469;-20.043
2017-01-16;100.676;0.427;-19.375;-19.924
2017-01-17;100.721;0.422;-20.171;-20.732
2017-01-18;100.338;0.463;-19.134;-19.703
2017-01-19;100.121;0.487;-19.956;-20.66
2017-01-20;99.758;0.526;-19.541;-20.212
2017-01-23;100.26;0.472;-20.131;-20.777
2017-01-24;99.872;0.514;-19.989;-20.645
2017-01-25;99.273;0.579;-17.991;-18.647
2017-01-26;98.957;0.614;-16.77;-17.409
2017-01-27;99.118;0.596;-16.777;-17.394
2017-01-30;99.082;0.6;-16.005;-16.586
2017-01-31;99.337;0.572;-18.07;-18.698
2017-02-01;98.964;0.613;-16.542;-17.013
2017-02-02;99.382;0.567;-17.018;-17.785
2017-02-03;99.344;0.572;-16.237;-16.795
2017-02-06;99.397;0.566;-15.529;-15.91
2017-02-07;99.651;0.538;-16.921;-17.431
2017-02-08;100.196;0.479;-18.16;-18.675
2017-02-09;100.144;0.484;-18.707;-19.258
2017-02-10;99.908;0.51;-17.912;-18.47
2017-02-13;99.981;0.502;-20.661;-21.299
2017-02-14;99.809;0.521;-21.644;-22.344
2017-02-15;99.722;0.53;-19.875;-20.528
2017-02-16;100.157;0.483;-21.031;-21.659
2017-02-17;100.302;0.467;-20.224;-20.817
2017-02-20;100.304;0.467;-20.987;-21.586
2017-02-21;100.327;0.464;-22.192;-22.854
2017-02-22;100.581;0.437;-24.061;-24.568
2017-02-23;101.1;0.38;-25.876;-26.511
2017-02-24;101.683;0.317;-28.511;-29.048
2017-02-27;101.765;0.309;-28.945;-29.379
2017-02-28;101.687;0.317;-27.837;-28.423
2017-03-01;101.124;0.378;-25.742;-26.382
2017-03-02;100.884;0.404;-27.584;-28.313
2017-03-03;100.545;0.44;-28.132;-28.946
2017-03-06;100.596;0.435;-27.28;-28.002
2017-03-07;100.645;0.429;-27.053;-27.796
2017-03-08;100.236;0.474;-25.451;-26.182
2017-03-09;99.84;0.518;-27.333;-28.208
2017-03-10;99.332;0.574;-27.092;-28.06
2017-03-13;99.423;0.564;-25.949;-26.857
2017-03-14;99.615;0.542;-25.963;-26.838
2017-03-15;100.01;0.499;-27.755;-28.647
2017-03-16;99.736;0.529;-26.679;-27.583
2017-03-17;99.829;0.519;-25.988;-26.827
2017-03-20;99.793;0.523;-26.444;-27.284
2017-03-21;99.692;0.534;-26.156;-26.996
2017-03-22;100.09;0.49;-27.271;-28.111
2017-03-23;99.978;0.502;-27.311;-28.152
2017-03-24;100.182;0.48;-27.884;-28.708
2017-03-27;100.228;0.475;-26.2;-26.974
2017-03-28;100.272;0.47;-25.483;-26.238
2017-03-29;100.628;0.431;-26.967;-27.72
2017-03-30;100.64;0.429;-25.966;-26.668
2017-03-31;100.71;0.422;-26.84;-27.579
2017-04-03;101.124;0.376;-27.903;-28.888
2017-04-04;101.422;0.344;-31.158;-31.886
2017-04-05;101.473;0.338;-31.772;-32.502
2017-04-06;101.504;0.335;-32.708;-33.445
2017-04-07;101.709;0.312;-32.18;-33.156
2017-04-10;101.725;0.311;-31.8;-32.01
2017-04-11;101.677;0.316;-30.903;-31.564
2017-04-12;101.932;0.288;-33.031;-33.431
2017-04-13;102.032;0.277;-32.712;-33.301
2017-04-14;102.032;0.277;;
2017-04-17;102.032;0.277;-32.046;-32.502
2017-04-18;102.211;0.257;-31.465;-31.945
2017-04-19;101.907;0.29;-31.062;-31.906
2017-04-20;101.455;0.34;-29.931;-30.541
2017-04-21;101.309;0.355;-31.174;-31.875
2017-04-24;101.007;0.389;-29.782;-30.814
2017-04-25;100.512;0.443;-29.298;-30.095
2017-04-26;100.716;0.421;-30.24;-31.073
2017-04-27;101.188;0.368;-31.09;-31.884
2017-04-28;101.062;0.382;-32.061;-32.895
2017-05-01;101.062;0.382;-31.598;-32.461
2017-05-02;101.015;0.387;-31.983;-32.866
2017-05-03;101.021;0.387;-31.122;-31.936
2017-05-04;100.483;0.446;-30.063;-31.329
2017-05-05;100.339;0.462;-29.975;-30.882
2017-05-08;100.29;0.468;-28.837;-29.711
2017-05-09;100.166;0.481;-27.696;-28.595
2017-05-10;100.274;0.469;-27.3;-28.15
2017-05-11;100.211;0.476;-26.404;-27.237
2017-05-12;100.599;0.433;-27.749;-28.535
2017-05-15;100.335;0.463;-26.981;-27.791
2017-05-16;100.198;0.478;-26.307;-27.129
2017-05-17;100.684;0.424;-27.845;-28.62
2017-05-18;101.001;0.388;-29.392;-30.153
2017-05-19;100.838;0.406;-29.526;-30.319
2017-05-22;100.536;0.44;-28.954;-29.769
2017-05-23;100.434;0.451;-28.812;-29.472
2017-05-24;100.483;0.446;-29.506;-30.372
2017-05-25;100.857;0.404;-31.082;-31.918
2017-05-26;101.126;0.374;-31.501;-32.304
2017-05-29;101.402;0.344;-33.304;-34.098
2017-05-30;101.469;0.336;-33.031;-34.137
2017-05-31;101.395;0.344;-33.168;-33.967
2017-06-01;101.381;0.346;-34.031;-34.861
2017-06-02;101.622;0.319;-34.96;-36.11
2017-06-05;101.488;0.334;-33.971;-35.066
2017-06-06;101.792;0.3;-35.495;-36.25
2017-06-07;101.623;0.319;-34.329;-35.096
2017-06-08;101.768;0.303;-34.598;-35.336
2017-06-09;101.715;0.308;-33.987;-34.739
2017-06-12;101.845;0.294;-34.231;-34.875
2017-06-13;101.711;0.309;-34.417;-35.116
2017-06-14;102.046;0.272;-34.25;-34.85
2017-06-15;101.578;0.323;-32.606;-33.349
2017-06-16;101.653;0.315;-32.501;-33.527
2017-06-19;101.632;0.317;-32.711;-33.444
2017-06-20;101.811;0.297;-32.965;-33.681
2017-06-21;101.794;0.299;-32.549;-33.233
2017-06-22;101.919;0.285;-32.081;-32.739
2017-06-23;101.885;0.289;-32.791;-33.465
2017-06-26;101.925;0.284;-32.967;-33.571
2017-06-27;100.779;0.412;-29.649;-30.462
2017-06-28;100.837;0.406;-29.475;-30.299
2017-06-29;100.153;0.483;-29.083;-30.021
2017-06-30;100.072;0.492;-29.176;-30.133
2017-07-03;100.01;0.499;-29.628;-30.625
2017-07-04;99.978;0.502;-30.211;-31.253
2017-07-05;100.034;0.496;-30.729;-31.774
2017-07-06;99.229;0.588;-27.986;-29.121
2017-07-07;99.055;0.608;-27.46;-28.589
2017-07-10;99.321;0.578;-27.233;-28.324
2017-07-11;99.246;0.586;-26.968;-28.029
2017-07-12;99.618;0.544;-27.88;-28.898
2017-07-13;99.428;0.565;-27.524;-28.568
2017-07-14;99.51;0.556;-28.097;-29.142
2017-07-17;99.665;0.538;-29.182;-30.241
2017-07-18;99.883;0.513;-29.83;-30.871
2017-07-19;99.963;0.504;-29.104;-30.105
2017-07-20;100.066;0.492;-30.13;-31.151
2017-07-21;100.265;0.47;-30.398;-31.552
2017-07-24;100.279;0.468;-30.761;-31.742
2017-07-25;99.801;0.523;-29.433;-30.693
2017-07-26;99.859;0.516;-30.165;-31.264
2017-07-27;100.071;0.492;-31.215;-32.338
2017-07-28;99.983;0.502;-31.582;-32.692
2017-07-31;99.983;0.502;-32.042;-33.176
2017-08-01;100.416;0.452;-32.21;-33.228
2017-08-02;100.461;0.447;-32.316;-33.343
2017-08-03;100.732;0.416;-33.165;-34.134
2017-08-04;100.596;0.432;-32.202;-33.176
2017-08-07;100.693;0.421;-32.801;-33.778
2017-08-08;100.548;0.437;-31.662;-33.011
2017-08-09;100.92;0.395;-32.611;-33.538
2017-08-10;101.014;0.384;-32.641;-33.527
2017-08-11;101.305;0.351;-33.165;-34.397
2017-08-14;101.095;0.375;-33.296;-34.176
2017-08-15;100.857;0.402;-32.241;-33.17
2017-08-16;100.742;0.415;-31.84;-32.796
2017-08-17;100.91;0.396;-31.36;-32.255
2017-08-18;100.959;0.39;-31.165;-32.042
2017-08-21;101.082;0.376;-31.453;-32.307
2017-08-22;101.085;0.376;-31.238;-32.064
2017-08-23;101.284;0.353;-32.269;-33.101
2017-08-24;101.299;0.351;-32.792;-33.627
2017-08-25;101.221;0.36;-32.246;-33.084
2017-08-28;101.268;0.355;-32.77;-33.388
2017-08-29;101.548;0.323;-32.646;-33.422
2017-08-30;101.417;0.338;-31.988;-32.767
2017-08-31;101.415;0.338;-31.881;-32.671
2017-09-01;101.268;0.354;-31.5;-32.042
2017-09-04;101.397;0.34;-31.836;-32.319
2017-09-05;101.632;0.313;-32.0;-32.426
2017-09-06;101.502;0.328;-32.223;-32.661
2017-09-07;101.862;0.286;-34.414;-35.18
2017-09-08;101.835;0.289;-34.877;-35.636
2017-09-11;101.702;0.304;-34.734;-35.554
2017-09-12;101.176;0.364;-33.657;-34.56
2017-09-13;101.181;0.364;-33.169;-34.046
2017-09-14;101.044;0.379;-32.897;-33.798
2017-09-15;100.876;0.399;-33.265;-34.235
2017-09-18;100.693;0.42;-32.691;-33.676
2017-09-19;100.709;0.418;-32.002;-32.96
2017-09-20;100.787;0.409;-31.757;-32.685
2017-09-21;100.707;0.418;-32.553;-33.512
2017-09-22;100.803;0.407;-33.1;-34.029
2017-09-25;101.176;0.364;-34.172;-35.072
2017-09-26;101.113;0.371;-33.854;-34.741
2017-09-27;100.642;0.425;-32.864;-33.837
2017-09-28;100.563;0.435;-33.5;-34.538
2017-09-29;100.707;0.418;-33.938;-34.921
2017-10-02;100.792;0.408;-34.348;-35.346
2017-10-03;100.702;0.418;-34.458;-35.497
2017-10-04;100.742;0.414;-33.924;-34.897
2017-10-05;100.72;0.416;-33.34;-33.964
2017-10-06;100.694;0.419;-33.557;-34.531
2017-10-09;100.834;0.403;-33.386;-34.326
2017-10-10;100.864;0.399;-33.977;-34.957
2017-10-11;100.703;0.418;-34.323;-34.904
2017-10-12;100.889;0.396;-34.228;-35.195
2017-10-13;101.27;0.352;-36.399;-37.0
2017-10-16;101.542;0.321;-36.251;-37.118
2017-10-17;101.598;0.314;-36.287;-37.125
2017-10-18;101.335;0.345;-35.68;-36.552
2017-10-19;101.32;0.346;-35.614;-36.493
2017-10-20;100.846;0.401;-34.508;-35.478
2017-10-23;101.054;0.377;-34.982;-35.927
2017-10-24;100.682;0.42;-33.751;-34.746
2017-10-25;100.624;0.427;-34.291;-35.299
2017-10-26;101.207;0.359;-35.954;-36.89
2017-10-27;101.501;0.325;-37.828;-38.746
2017-10-30;101.645;0.308;-37.909;-38.66
2017-10-31;101.657;0.307;-37.463;-38.207
2017-11-01;101.568;0.317;-37.345;-38.225
2017-11-02;101.541;0.32;-36.697;-37.505
2017-11-03;101.62;0.311;-36.954;-37.809
2017-11-06;101.849;0.284;-37.356;-38.15
2017-11-07;101.983;0.269;-38.442;-39.241
2017-11-08;101.964;0.271;-38.129;-38.917
2017-11-09;101.516;0.322;-36.487;-37.352
2017-11-10;101.276;0.35;-36.255;-37.174
2017-11-13;101.253;0.353;-36.241;-37.172
2017-11-14;101.421;0.333;-36.554;-37.445
2017-11-15;101.595;0.313;-36.896;-37.758
2017-11-16;101.618;0.31;-37.139;-37.993
2017-11-17;101.753;0.294;-37.658;-38.497
2017-11-20;101.752;0.294;-37.822;-38.669
2017-11-21;101.874;0.28;-37.908;-38.714
2017-11-22;101.861;0.282;-37.557;-38.355
2017-11-23;101.815;0.287;-36.618;-37.421
2017-11-24;101.646;0.306;-35.694;-36.504
2017-11-27;101.798;0.289;-36.219;-36.985
2017-11-28;101.815;0.287;-36.562;-37.324
2017-11-29;101.481;0.325;-35.892;-36.708
2017-11-30;101.687;0.301;-37.099;-37.899
2017-12-01;102.225;0.239;-39.364;-40.089
2017-12-04;101.943;0.271;-37.875;-38.631
2017-12-05;102.195;0.242;-39.198;-39.909
2017-12-06;102.355;0.223;-39.862;-40.561
2017-12-07;102.342;0.224;-41.049;-41.776
2017-12-08;102.228;0.238;-40.868;-41.621
2017-12-11;102.321;0.227;-40.707;-41.424
2017-12-12;102.129;0.249;-40.265;-41.023
2017-12-13;102.087;0.254;-39.332;-40.063
2017-12-14;102.107;0.251;-38.46;-39.199
2017-12-15;102.172;0.244;-38.619;-39.327
2017-12-18;102.153;0.246;-39.054;-39.766
2017-12-19;101.589;0.312;-37.39;-38.215
2017-12-20;101.3;0.346;-36.576;-37.434
2017-12-21;101.221;0.355;-36.91;-37.82
2017-12-22;101.214;0.355;-37.764;-38.684
2017-12-25;101.214;0.355;-37.762;-38.683
2017-12-26;101.214;0.355;-37.746;-38.684
2017-12-27;101.494;0.322;-38.212;-39.063
2017-12-28;101.155;0.362;-36.256;-37.156
2017-12-29;101.123;0.366;-36.436;-37.343
2018-01-01;101.123;0.366;-36.413;-37.321
2018-01-02;100.785;0.406;-34.352;-35.302
2018-01-03;101.023;0.378;-34.967;-35.866
2018-01-04;101.056;0.374;-35.112;-36.0
2018-01-05;101.006;0.38;-34.537;-35.426
2018-01-08;101.062;0.373;-34.182;-35.044
2018-01-09;100.788;0.406;-33.351;-34.264
2018-01-10;100.729;0.413;-34.372;-35.331
2018-01-11;100.332;0.46;-33.456;-34.461
2018-01-12;100.325;0.461;-34.636;-35.676
2018-01-15;100.242;0.471;-34.344;-35.383
2018-01-16;100.419;0.45;-34.226;-35.221
2018-01-17;100.39;0.453;-33.692;-34.667
2018-01-18;100.29;0.465;-33.864;-34.872
2018-01-19;100.32;0.461;-34.615;-35.651
2018-01-22;100.296;0.464;-34.431;-35.457
2018-01-23;100.29;0.465;-33.977;-34.998
2018-01-24;100.083;0.49;-33.431;-34.476
2018-01-25;99.889;0.513;-33.32;-34.401
2018-01-26;99.667;0.54;-32.653;-33.74
2018-01-29;99.137;0.605;-31.974;-33.173
2018-01-30;99.245;0.592;-32.003;-33.194
2018-01-31;99.139;0.605;-31.06;-32.22
2018-02-01;98.984;0.624;-31.178;-32.394
2018-02-02;98.621;0.669;-30.35;-31.632
2018-02-05;98.852;0.64;-31.143;-32.397
2018-02-06;99.173;0.601;-31.172;-32.33
2018-02-07;98.862;0.639;-30.577;-31.768
2018-02-08;98.778;0.65;-31.745;-33.036
2018-02-09;98.883;0.637;-32.542;-33.83
2018-02-12;98.767;0.651;-33.668;-35.053
2018-02-13;98.777;0.65;-33.349;-34.716
2018-02-14;98.718;0.657;-32.891;-34.258
2018-02-15;98.644;0.666;-32.586;-33.926
2018-02-16;99.031;0.619;-33.251;-34.577
2018-02-19;98.776;0.65;-32.261;-33.584
2018-02-20;98.758;0.653;-32.227;-33.567
2018-02-21;98.845;0.642;-31.657;-32.951
2018-02-22;98.992;0.624;-33.153;-34.483
2018-02-23;99.405;0.573;-34.812;-36.093
2018-02-26;99.425;0.57;-34.704;-35.961
2018-02-27;99.282;0.588;-34.059;-35.335
2018-02-28;99.468;0.565;-34.732;-36.012
2018-03-01;99.554;0.555;-35.066;-36.33
2018-03-02;99.48;0.564;-34.617;-35.904
2018-03-05;99.538;0.557;-34.977;-36.23
2018-03-06;99.332;0.582;-34.492;-35.783
2018-03-07;99.499;0.562;-34.617;-35.867
2018-03-08;99.725;0.534;-35.945;-37.195
2018-03-09;99.57;0.553;-35.276;-36.56
2018-03-12;99.68;0.539;-35.415;-36.671
2018-03-13;99.747;0.531;-35.113;-36.321
2018-03-14;99.953;0.506;-35.493;-36.659
2018-03-15;100.072;0.491;-34.954;-36.068
2018-03-16;100.121;0.485;-35.37;-36.505
2018-03-19;100.136;0.483;-35.941;-37.068
2018-03-20;100.03;0.496;-35.901;-37.082
2018-03-21;99.976;0.503;-36.139;-37.343
2018-03-22;100.473;0.442;-37.855;-38.994
2018-03-23;100.51;0.437;-38.705;-39.861
2018-03-26;100.548;0.433;-38.887;-40.022
2018-03-27;100.724;0.411;-38.825;-39.907
2018-03-28;100.738;0.409;-38.364;-39.45
2018-03-29;100.823;0.399;-38.89;-39.976
2018-03-30;100.823;0.399;-38.674;-39.743
2018-04-02;100.823;0.399;-38.674;-39.743
2018-04-03;100.762;0.406;-37.453;-38.482
2018-04-04;100.773;0.405;-37.054;-38.077
2018-04-05;100.577;0.429;-36.599;-37.656
2018-04-06;100.772;0.405;-36.97;-37.988
2018-04-09;100.691;0.415;-36.028;-37.043
2018-04-10;100.571;0.429;-34.633;-35.608
2018-04-11;100.708;0.413;-35.403;-36.385
2018-04-12;100.612;0.424;-35.161;-36.164
2018-04-13;100.661;0.418;-35.818;-36.822
2018-04-16;100.557;0.431;-35.633;-36.678
2018-04-17;100.706;0.413;-35.767;-36.748
2018-04-18;100.514;0.436;-34.604;-35.617
2018-04-19;99.972;0.503;-32.975;-34.077
2018-04-20;100.063;0.492;-33.846;-34.953
2018-04-23;99.749;0.531;-32.821;-33.969
2018-04-24;99.772;0.528;-32.944;-34.07
2018-04-25;99.743;0.532;-33.219;-34.372
2018-04-26;100.078;0.49;-34.189;-35.29
2018-04-27;100.244;0.47;-34.6;-35.677
2018-04-30;100.343;0.457;-34.917;-35.984
2018-05-01;100.343;0.457;-34.704;-35.769
2018-05-02;100.176;0.478;-34.107;-35.187
2018-05-03;100.529;0.434;-34.397;-35.414
2018-05-04;100.405;0.449;-33.333;-34.329
2018-05-07;100.506;0.437;-33.806;-34.786
2018-05-08;100.253;0.468;-33.406;-34.44
2018-05-09;100.296;0.463;-33.986;-35.032
2018-05-10;100.333;0.458;-34.601;-35.626
2018-05-11;100.333;0.458;-35.265;-36.311
2018-05-14;99.934;0.508;-34.226;-35.329
2018-05-15;99.679;0.54;-33.824;-34.98
2018-05-16;99.945;0.507;-34.947;-36.11
2018-05-17;99.687;0.539;-34.563;-35.768
2018-05-18;100.14;0.482;-36.381;-37.514
2018-05-21;100.457;0.443;-37.631;-38.726
2018-05-22;100.217;0.473;-36.597;-37.717
2018-05-23;100.563;0.429;-37.022;-38.046
2018-05-24;100.821;0.397;-37.526;-38.524
2018-05-25;101.24;0.345;-38.071;-38.903
2018-05-28;101.706;0.287;-40.919;-41.708
2018-05-29;102.23;0.223;-44.181;-44.829
2018-05-30;101.411;0.324;-39.898;-40.679
2018-05-31;101.65;0.294;-40.571;-41.372
2018-06-01;101.44;0.32;-40.597;-41.477
2018-06-04;101.182;0.352;-39.31;-40.286
2018-06-05;101.524;0.309;-40.89;-41.765
2018-06-06;100.714;0.41;-38.23;-39.265
2018-06-07;100.6;0.424;-39.028;-40.133
2018-06-08;100.824;0.396;-39.633;-40.686
2018-06-11;100.547;0.431;-37.883;-38.959
2018-06-12;100.611;0.423;-37.764;-38.789
2018-06-13;100.704;0.411;-37.835;-38.843
2018-06-14;101.247;0.343;-39.729;-40.709
2018-06-15;101.414;0.322;-38.074;-38.962
2018-06-18;101.505;0.311;-37.754;-38.631
2018-06-19;101.689;0.288;-37.767;-38.579
2018-06-20;101.679;0.289;-38.476;-39.278
2018-06-21;102.0;0.249;-41.24;-42.008
2018-06-22;101.975;0.252;-41.707;-42.499
2018-06-25;102.041;0.244;-42.362;-43.168
2018-06-26;101.91;0.26;-42.188;-43.03
2018-06-27;102.075;0.239;-42.859;-43.66
2018-06-28;102.089;0.237;-42.548;-43.35
2018-06-29;102.25;0.217;-43.67;-44.448
2018-07-02;102.249;0.217;-43.753;-44.536
2018-07-03;102.291;0.212;-43.675;-44.433
2018-07-04;102.202;0.223;-42.317;-43.068
2018-07-05;102.231;0.219;-42.862;-43.613
2018-07-06;102.301;0.21;-43.707;-44.461
2018-07-09;102.262;0.215;-42.894;-43.635
2018-07-10;102.075;0.238;-42.28;-43.059
2018-07-11;102.125;0.232;-42.667;-43.441
2018-07-12;102.215;0.22;-43.091;-43.845
2018-07-13;102.401;0.197;-44.691;-45.449
2018-07-16;102.215;0.22;-44.123;-44.914
2018-07-17;102.36;0.202;-44.464;-45.226
2018-07-18;102.404;0.196;-44.545;-45.296
2018-07-19;102.466;0.188;-45.089;-45.82
2018-07-20;102.136;0.229;-43.558;-44.363
2018-07-23;101.884;0.261;-42.487;-43.346
2018-07-24;101.953;0.252;-42.632;-43.47
2018-07-25;101.963;0.251;-42.361;-43.181
2018-07-26;101.909;0.257;-43.042;-43.891
2018-07-27;101.916;0.256;-43.308;-44.176
2018-07-30;101.621;0.293;-42.633;-43.577
2018-07-31;101.638;0.291;-42.734;-43.669
2018-08-01;101.387;0.323;-41.574;-42.544
2018-08-02;101.476;0.311;-41.87;-42.818
2018-08-03;101.817;0.268;-43.542;-44.411
2018-08-06;101.95;0.251;-43.737;-44.561
2018-08-07;101.83;0.267;-43.55;-44.404
2018-08-08;101.926;0.254;-44.099;-44.94
2018-08-09;102.089;0.233;-45.069;-45.879
2018-08-10;102.493;0.183;-46.38;-47.086
2018-08-13;102.503;0.181;-46.065;-46.753
2018-08-14;102.43;0.19;-45.65;-46.383
2018-08-15;102.595;0.169;-46.056;-46.74
2018-08-16;102.461;0.186;-45.381;-46.116
2018-08-17;102.568;0.172;-45.744;-46.426
2018-08-20;102.619;0.166;-46.027;-46.723
2018-08-21;102.4;0.193;-44.799;-45.545
2018-08-22;102.29;0.207;-43.625;-44.378
2018-08-23;102.333;0.201;-44.023;-44.745
2018-08-24;102.291;0.207;-43.858;-44.594
2018-08-27;102.068;0.235;-42.569;-43.334
2018-08-28;102.025;0.24;-41.934;-42.694
2018-08-29;101.845;0.263;-41.595;-42.433
2018-08-30;102.231;0.214;-43.479;-44.171
2018-08-31;102.321;0.202;-43.306;-43.983
2018-09-03;102.247;0.211;-42.518;-43.196
2018-09-04;102.127;0.226;-41.826;-42.517
2018-09-05;101.977;0.245;-41.678;-42.397
2018-09-06;102.155;0.223;-42.672;-43.375
2018-09-07;101.933;0.251;-41.932;-42.689
2018-09-10;101.893;0.256;-41.985;-42.758
2018-09-11;101.714;0.279;-41.619;-42.452
2018-09-12;101.844;0.262;-41.956;-42.749
2018-09-13;101.773;0.271;-41.775;-42.593
2018-09-14;101.579;0.295;-40.815;-41.682
2018-09-17;101.488;0.307;-40.386;-41.269
2018-09-18;101.336;0.327;-39.62;-40.515
2018-09-19;101.249;0.338;-39.668;-40.583
2018-09-20;101.34;0.326;-40.357;-41.273
2018-09-21;101.426;0.315;-40.808;-41.73
2018-09-24;101.028;0.366;-39.321;-40.303
2018-09-25;100.796;0.396;-39.1;-40.135
2018-09-26;100.901;0.382;-39.885;-40.901
2018-09-27;100.834;0.391;-39.178;-40.213
2018-09-28;101.231;0.339;-40.951;-41.9
2018-10-01;101.252;0.337;-42.102;-43.066
2018-10-02;101.616;0.29;-44.088;-45.003
2018-10-03;101.221;0.341;-41.918;-42.895
2018-10-04;100.852;0.388;-41.411;-42.502
2018-10-05;100.573;0.425;-40.88;-42.048
2018-10-08;100.884;0.384;-42.116;-43.201
2018-10-09;100.71;0.407;-40.861;-41.98
2018-10-10;100.669;0.412;-41.129;-42.264
2018-10-11;100.897;0.382;-42.435;-43.533
2018-10-12;101.042;0.363;-42.937;-44.018
2018-10-15;101.009;0.368;-42.456;-43.541
2018-10-16;101.09;0.357;-42.03;-43.084
2018-10-17;101.297;0.33;-42.002;-43.0
2018-10-18;101.599;0.29;-44.149;-45.052
2018-10-19;101.24;0.337;-42.54;-43.647
2018-10-22;101.318;0.327;-42.589;-43.598
2018-10-23;101.582;0.292;-43.291;-44.223
2018-10-24;101.683;0.279;-44.146;-45.05
2018-10-25;101.667;0.281;-44.238;-45.147
2018-10-26;101.958;0.243;-44.07;-44.875
2018-10-29;101.827;0.26;-43.824;-44.69
2018-10-30;101.87;0.254;-43.836;-44.689
2018-10-31;101.764;0.268;-43.585;-44.436
2018-11-01;101.749;0.27;-44.286;-45.194
2018-11-02;101.597;0.29;-42.808;-43.744
2018-11-05;101.596;0.29;-42.773;-43.712
2018-11-06;101.506;0.301;-42.057;-43.02
2018-11-07;101.39;0.316;-41.349;-42.298
2018-11-08;101.309;0.327;-41.187;-42.16
2018-11-09;101.623;0.286;-42.394;-43.288
2018-11-12;101.681;0.278;-42.128;-42.984
2018-11-13;101.594;0.289;-41.748;-42.624
2018-11-14;101.685;0.277;-41.821;-42.657
2018-11-15;101.951;0.242;-42.65;-43.437
2018-11-16;101.91;0.248;-42.611;-43.395
2018-11-19;101.832;0.258;-41.702;-42.503
2018-11-20;101.912;0.247;-41.1;-41.855
2018-11-21;101.744;0.269;-39.903;-40.664
2018-11-22;101.78;0.264;-39.608;-40.371
2018-11-23;101.976;0.238;-40.239;-40.944
2018-11-26;101.867;0.253;-39.869;-40.612
2018-11-27;101.997;0.235;-40.816;-41.546
2018-11-28;102.023;0.232;-40.779;-41.506
2018-11-29;102.237;0.204;-41.574;-42.252
2018-11-30;102.312;0.194;-41.91;-42.567
2018-12-03;102.343;0.19;-42.128;-42.774
2018-12-04;102.608;0.155;-42.958;-43.524
2018-12-05;102.47;0.173;-43.132;-43.72
2018-12-06;102.7;0.142;-44.287;-44.831
2018-12-07;102.556;0.161;-42.837;-43.414
2018-12-10;102.492;0.169;-42.031;-42.606
2018-12-11;102.568;0.159;-43.338;-43.898
2018-12-12;102.267;0.198;-41.853;-42.473
2018-12-13;102.312;0.192;-41.894;-42.494
2018-12-14;102.534;0.163;-42.777;-43.361
2018-12-17;102.478;0.17;-42.56;-43.158
2018-12-18;102.55;0.161;-41.823;-42.382
2018-12-19;102.599;0.154;-41.107;-41.631
2018-12-20;102.686;0.142;-40.702;-41.209
2018-12-21;102.596;0.154;-40.706;-41.246
2018-12-24;102.596;0.154;-40.488;-41.022
2018-12-25;102.596;0.154;-40.493;-41.021
2018-12-26;102.596;0.154;-40.481;-41.022
2018-12-27;102.761;0.132;-40.806;-41.311
2018-12-28;102.681;0.142;-38.915;-39.408
2018-12-31;102.681;0.142;-38.853;-39.348
2019-01-01;102.681;0.142;-38.864;-39.347
2019-01-02;103.098;0.087;-38.415;-38.779
2019-01-03;103.186;0.075;-39.326;-39.668
2019-01-04;102.892;0.113;-39.559;-39.993
2019-01-07;102.803;0.125;-39.137;-39.582
2019-01-08;102.775;0.128;-40.57;-41.039
2019-01-09;102.838;0.12;-42.053;-42.527
2019-01-10;103.001;0.098;-42.956;-43.403
2019-01-11;103.075;0.088;-43.145;-43.57
2019-01-14;103.141;0.079;-42.64;-43.044
2019-01-15;103.298;0.059;-42.818;-43.18
2019-01-16;103.15;0.078;-41.872;-42.261
2019-01-17;103.026;0.094;-41.116;-41.518
2019-01-18;102.917;0.108;-41.409;-41.862
2019-01-21;102.965;0.102;-41.544;-41.97
2019-01-22;103.063;0.088;-41.155;-41.542
2019-01-23;103.135;0.079;-40.451;-40.794
2019-01-24;103.438;0.038;-41.347;-41.618
2019-01-25;103.35;0.05;-41.134;-41.414
2019-01-28;103.286;0.058;-40.615;-40.906
2019-01-29;103.296;0.057;-39.375;-39.65
2019-01-30;103.334;0.051;-38.733;-38.974
2019-01-31;103.611;0.014;-38.359;-38.54
2019-02-01;103.521;0.026;-40.174;-40.388
2019-02-04;103.41;0.041;-39.447;-39.696
2019-02-05;103.363;0.047;-38.424;-38.667
2019-02-06;103.435;0.037;-38.271;-38.482
2019-02-07;103.763;-0.007;-39.617;-39.763
2019-02-08;103.931;-0.029;-39.32;-39.405
2019-02-11;103.72;-0.002;-38.353;-38.493
2019-02-12;103.698;0.001;-39.053;-39.224
2019-02-13;103.755;-0.007;-40.059;-40.222
2019-02-14;103.83;-0.017;-40.376;-40.517
2019-02-15;103.834;-0.018;-40.391;-40.521
2019-02-18;103.819;-0.016;-40.539;-40.68
2019-02-19;103.831;-0.018;-39.309;-39.435
2019-02-20;103.875;-0.024;-39.072;-39.181
2019-02-21;103.642;0.007;-38.334;-38.496
2019-02-22;103.844;-0.02;-38.811;-38.926
2019-02-25;103.73;-0.005;-37.934;-38.051
2019-02-26;103.649;0.005;-37.094;-37.265
2019-02-27;103.432;0.034;-36.806;-37.032
2019-02-28;103.217;0.062;-36.56;-36.838
2019-03-01;103.228;0.06;-37.018;-37.269
2019-03-04;103.406;0.036;-37.477;-37.664
2019-03-05;103.336;0.046;-37.024;-37.238
2019-03-06;103.649;0.004;-37.371;-37.518
2019-03-07;104.119;-0.059;-37.399;-37.442
2019-03-08;104.089;-0.056;-36.472;-36.483
2019-03-11;104.104;-0.058;-36.97;-37.006
2019-03-12;104.151;-0.064;-37.458;-37.481
2019-03-13;104.116;-0.06;-37.446;-37.46
2019-03-14;103.987;-0.043;-37.277;-37.318
2019-03-15;103.978;-0.042;-36.758;-36.795
2019-03-18;103.974;-0.042;-35.723;-35.76
2019-03-19;103.885;-0.03;-35.573;-35.679
2019-03-20;103.941;-0.038;-35.706;-35.785
2019-03-21;104.233;-0.077;-36.596;-36.619
2019-03-22;104.594;-0.126;-37.762;-37.669
2019-03-25;104.645;-0.133;-37.892;-37.775
2019-03-26;104.525;-0.117;-37.453;-37.367
2019-03-27;105.018;-0.183;-37.108;-36.916
2019-03-28;104.909;-0.169;-38.042;-37.861
2019-03-29;104.939;-0.173;-39.435;-39.245
2019-04-01;104.627;-0.132;-37.429;-37.335
2019-04-02;104.815;-0.157;-38.15;-37.989
2019-04-03;104.449;-0.109;-37.298;-37.271
2019-04-04;104.553;-0.123;-37.848;-37.776
2019-04-05;104.488;-0.115;-37.686;-37.624
2019-04-08;104.503;-0.117;-37.552;-37.504
2019-04-09;104.576;-0.127;-37.622;-37.544
2019-04-10;104.721;-0.147;-36.82;-36.715
2019-04-11;104.646;-0.137;-37.021;-36.926
2019-04-12;104.251;-0.085;-36.551;-36.548
2019-04-15;104.263;-0.086;-36.814;-36.804
2019-04-16;104.206;-0.079;-36.771;-36.781
2019-04-17;104.123;-0.069;-36.946;-36.984
2019-04-18;104.459;-0.114;-37.26;-37.195
2019-04-19;104.459;-0.114;-37.243;-37.185
2019-04-22;104.459;-0.114;-37.242;-37.185
2019-04-23;104.352;-0.1;-37.148;-37.123
2019-04-24;104.697;-0.147;-37.568;-37.438
2019-04-25;104.667;-0.143;-38.257;-38.117
2019-04-26;104.759;-0.156;-38.797;-38.643
2019-04-29;104.584;-0.133;-37.393;-37.276
2019-04-30;104.533;-0.126;-37.579;-37.488
2019-05-01;104.533;-0.126;-37.388;-37.301
2019-05-02;104.477;-0.119;-37.191;-37.096
2019-05-03;104.506;-0.124;-38.068;-37.967
2019-05-06;104.676;-0.147;-38.755;-38.615
2019-05-07;104.903;-0.178;-38.603;-38.4
2019-05-08;104.893;-0.176;-38.727;-38.522
2019-05-09;104.867;-0.174;-38.654;-38.454
2019-05-10;104.827;-0.169;-37.982;-37.787
2019-05-13;104.959;-0.187;-37.731;-37.524
2019-05-14;104.938;-0.184;-36.564;-36.38
2019-05-15;105.096;-0.206;-37.441;-37.217
2019-05-16;105.078;-0.204;-38.018;-37.819
2019-05-17;105.152;-0.214;-37.741;-37.51
2019-05-20;105.055;-0.201;-37.24;-37.055
2019-05-21;104.864;-0.176;-35.478;-35.341
2019-05-22;104.999;-0.194;-35.955;-35.774
2019-05-23;105.203;-0.223;-36.31;-36.068
2019-05-24;105.174;-0.219;-36.438;-36.198
2019-05-27;105.35;-0.243;-37.027;-36.738
2019-05-28;105.458;-0.258;-37.16;-36.847
2019-05-29;105.576;-0.274;-37.262;-36.921
2019-05-30;105.554;-0.272;-37.324;-36.996
2019-05-31;105.729;-0.296;-37.769;-37.414
2019-06-03;105.715;-0.294;-37.05;-36.664
2019-06-04;105.765;-0.301;-36.375;-35.996
2019-06-05;105.932;-0.324;-35.166;-34.833
2019-06-06;105.939;-0.326;-35.585;-35.098
2019-06-07;106.119;-0.35;-36.291;-35.777
2019-06-10;105.844;-0.314;-35.173;-34.732
2019-06-11;105.872;-0.318;-34.112;-33.685
2019-06-12;105.923;-0.325;-34.364;-33.926
2019-06-13;105.92;-0.326;-33.898;-33.464
2019-06-14;105.996;-0.336;-33.535;-33.061
2019-06-17;105.996;-0.336;-34.362;-33.894
2019-06-18;106.673;-0.428;-36.718;-36.22
2019-06-19;106.355;-0.385;-35.525;-34.986
2019-06-20;106.549;-0.413;-36.982;-36.414
2019-06-21;106.283;-0.377;-36.195;-35.652
2019-06-24;106.429;-0.397;-36.012;-35.464
2019-06-25;106.563;-0.416;-35.896;-35.293
2019-06-26;106.36;-0.389;-35.25;-34.716
2019-06-27;106.494;-0.408;-35.05;-34.49
2019-06-28;106.574;-0.419;-35.184;-34.6
2019-07-01;106.771;-0.446;-35.413;-34.804
2019-07-02;106.841;-0.455;-35.724;-35.074
2019-07-03;106.937;-0.469;-34.411;-33.74
2019-07-04;107.024;-0.481;-33.511;-32.833
2019-07-05;106.791;-0.45;-33.202;-32.565
2019-07-08;106.755;-0.446;-32.476;-31.864
2019-07-09;106.687;-0.437;-34.221;-33.597
2019-07-10;106.42;-0.401;-33.478;-32.952
2019-07-11;106.19;-0.371;-34.07;-33.588
2019-07-12;106.048;-0.352;-33.191;-32.757
2019-07-15;106.28;-0.384;-32.883;-32.401
2019-07-16;106.245;-0.38;-31.207;-30.726
2019-07-17;106.563;-0.423;-31.925;-31.304
2019-07-18;106.682;-0.44;-32.03;-31.42
2019-07-19;106.835;-0.462;-32.429;-31.792
2019-07-22;106.974;-0.481;-33.459;-32.723
2019-07-23;107.001;-0.485;-33.521;-32.787
2019-07-24;107.139;-0.504;-33.124;-32.332
2019-07-25;107.03;-0.49;-31.884;-31.118
2019-07-26;107.099;-0.5;-33.196;-32.451
2019-07-29;107.197;-0.514;-33.983;-33.273
2019-07-30;107.212;-0.516;-33.8;-33.061
2019-07-31;107.448;-0.548;-33.889;-33.044
2019-08-01;107.427;-0.547;-32.33;-31.517
2019-08-02;107.668;-0.58;-31.851;-30.991
2019-08-05;107.785;-0.596;-32.2;-31.312
2019-08-06;107.947;-0.618;-33.635;-32.596
2019-08-07;108.3;-0.666;-34.572;-33.394
2019-08-08;108.199;-0.654;-34.485;-33.333
2019-08-09;108.171;-0.65;-33.386;-32.245
2019-08-12;108.272;-0.664;-34.35;-33.13
2019-08-13;108.355;-0.676;-34.128;-32.895
2019-08-14;108.547;-0.702;-32.052;-30.804
2019-08-15;108.935;-0.756;-28.84;-27.672
2019-08-16;108.789;-0.737;-26.578;-25.362
2019-08-19;108.604;-0.712;-29.829;-28.543
2019-08-20;108.796;-0.739;-30.468;-29.151
2019-08-21;108.592;-0.712;-30.68;-29.386
2019-08-22;108.371;-0.683;-31.987;-30.717
2019-08-23;108.578;-0.712;-32.553;-31.261
2019-08-26;108.506;-0.702;-31.64;-30.423
2019-08-27;108.641;-0.721;-29.74;-28.55
2019-08-28;108.696;-0.729;-28.107;-26.915
2019-08-29;108.557;-0.712;-27.321;-26.21
2019-08-30;108.613;-0.72;-28.193;-27.036
2019-09-02;108.701;-0.732;-29.111;-27.798
2019-09-03;108.715;-0.734;-29.098;-27.795
2019-09-04;108.553;-0.713;-29.397;-28.105
2019-09-05;108.118;-0.655;-29.745;-28.561
2019-09-06;108.349;-0.687;-29.464;-28.327
2019-09-09;108.039;-0.645;-28.097;-27.119
2019-09-10;107.821;-0.616;-27.901;-26.962
2019-09-11;107.898;-0.627;-28.901;-27.96
2019-09-12;107.377;-0.557;-28.033;-27.055
2019-09-13;107.058;-0.513;-29.351;-28.575
2019-09-16;107.296;-0.547;-28.811;-28.093
2019-09-17;107.191;-0.533;-26.589;-25.908
2019-09-18;107.373;-0.558;-26.645;-25.9
2019-09-19;107.318;-0.552;-26.473;-25.746
2019-09-20;107.361;-0.558;-26.609;-25.935
2019-09-23;107.715;-0.607;-26.823;-26.097
2019-09-24;107.789;-0.618;-26.165;-25.386
2019-09-25;107.651;-0.599;-27.232;-26.462
2019-09-26;107.704;-0.608;-28.208;-27.424
2019-09-27;107.735;-0.613;-29.173;-28.356
2019-09-30;107.714;-0.61;-28.984;-28.11
2019-10-01;107.688;-0.607;-28.103;-27.265
2019-10-02;107.569;-0.591;-27.403;-26.669
2019-10-03;107.824;-0.628;-28.352;-27.529
2019-10-04;107.818;-0.627;-28.354;-27.522
2019-10-07;107.719;-0.614;-28.119;-27.287
2019-10-08;107.859;-0.634;-29.021;-28.191
2019-10-09;107.551;-0.592;-28.881;-28.083
2019-10-10;107.034;-0.521;-26.894;-26.231
2019-10-11;106.961;-0.511;-28.717;-28.141
2019-10-14;106.956;-0.511;-27.463;-26.924
2019-10-15;106.738;-0.481;-27.117;-26.513
2019-10-16;106.58;-0.459;-28.096;-27.489
2019-10-17;106.607;-0.464;-27.055;-26.503
2019-10-18;106.45;-0.442;-27.583;-27.015
2019-10-21;106.258;-0.415;-27.349;-26.814
2019-10-22;106.331;-0.426;-27.067;-26.524
2019-10-23;106.456;-0.444;-26.099;-25.53
2019-10-24;106.542;-0.457;-27.269;-26.715
2019-10-25;106.285;-0.421;-27.801;-27.257
2019-10-28;106.11;-0.397;-27.276;-26.799
2019-10-29;106.177;-0.407;-27.371;-26.891
2019-10-30;106.206;-0.411;-28.222;-27.746
2019-10-31;106.567;-0.464;-29.483;-28.965
2019-11-01;106.435;-0.445;-28.616;-28.04
2019-11-04;106.275;-0.423;-28.594;-28.093
2019-11-05;106.048;-0.391;-27.527;-27.046
2019-11-06;106.162;-0.408;-27.543;-27.065
2019-11-07;105.561;-0.323;-26.365;-25.974
2019-11-08;105.713;-0.345;-27.07;-26.697
2019-11-11;105.607;-0.33;-26.357;-25.952
2019-11-12;105.685;-0.342;-26.244;-25.878
2019-11-13;105.861;-0.367;-25.563;-25.126
2019-11-14;106.132;-0.407;-26.879;-26.41
2019-11-15;106.034;-0.393;-26.616;-26.159
2019-11-18;106.017;-0.391;-26.73;-26.234
2019-11-19;106.039;-0.395;-26.938;-26.458
2019-11-20;106.069;-0.399;-26.967;-26.508
2019-11-21;105.999;-0.39;-27.417;-26.916
2019-11-22;106.207;-0.421;-28.13;-27.621
2019-11-25;106.141;-0.412;-27.917;-27.41
2019-11-26;106.264;-0.43;-28.295;-27.749
2019-11-27;106.274;-0.431;-27.719;-27.155
2019-11-28;106.211;-0.423;-27.7;-27.115
2019-11-29;106.205;-0.423;-28.168;-27.592
2019-12-02;105.757;-0.359;-27.198;-26.711
2019-12-03;106.21;-0.424;-27.927;-27.454
2019-12-04;106.059;-0.403;-29.003;-28.537
2019-12-05;105.917;-0.384;-28.883;-28.445
2019-12-06;105.828;-0.371;-28.25;-27.848
2019-12-09;105.987;-0.395;-28.852;-28.427
2019-12-10;105.913;-0.384;-28.368;-27.954
2019-12-11;106.049;-0.404;-28.325;-27.861
2019-12-12;105.739;-0.36;-26.903;-26.492
2019-12-13;105.803;-0.37;-26.994;-26.532
2019-12-16;105.758;-0.364;-26.99;-26.558
2019-12-17;105.825;-0.374;-27.624;-27.154
2019-12-18;105.598;-0.341;-27.479;-27.029
2019-12-19;105.51;-0.329;-27.297;-26.91
2019-12-20;105.598;-0.343;-28.256;-27.859
2019-12-23;105.532;-0.334;-28.171;-27.756
2019-12-24;105.532;-0.335;-28.183;-27.786
2019-12-25;105.532;-0.335;-28.189;-27.784
2019-12-26;105.532;-0.335;-28.184;-27.786
2019-12-27;105.566;-0.34;-27.981;-27.596
2019-12-30;105.183;-0.285;-27.154;-26.861
2020-01-01;105.183;-0.285;-27.313;-27.015
2020-01-02;105.448;-0.325;-27.448;-27.108
2020-01-03;105.791;-0.376;-28.146;-27.732
2020-01-06;105.806;-0.378;-27.604;-27.189
2020-01-07;105.806;-0.379;-27.005;-26.604
2020-01-08;105.574;-0.345;-26.606;-26.239
2020-01-09;105.434;-0.325;-27.549;-27.198
2020-01-10;105.552;-0.343;-28.184;-27.8
2020-01-13;105.345;-0.313;-27.932;-27.599
2020-01-14;105.373;-0.317;-28.157;-27.776
2020-01-15;105.496;-0.336;-28.243;-27.79
2020-01-16;105.59;-0.351;-27.753;-27.327
2020-01-17;105.542;-0.344;-27.745;-27.313
2020-01-20;105.521;-0.341;-26.921;-26.491
2020-01-21;105.643;-0.36;-26.753;-26.284
2020-01-22;105.691;-0.367;-26.729;-26.297
2020-01-23;105.925;-0.403;-26.832;-26.424
2020-01-24;106.055;-0.422;-26.965;-26.508
2020-01-27;106.332;-0.463;-26.268;-25.701
2020-01-28;106.111;-0.431;-26.507;-25.96
2020-01-29;106.302;-0.46;-27.27;-26.693
2020-01-30;106.46;-0.484;-27.739;-27.125
2020-01-31;106.632;-0.51;-27.872;-27.215
2020-02-03;106.664;-0.515;-27.88;-27.228
2020-02-04;106.416;-0.479;-27.277;-26.658
2020-02-05;106.204;-0.448;-26.882;-26.263
2020-02-06;106.236;-0.454;-26.722;-26.119
2020-02-07;106.336;-0.469;-26.717;-26.125
2020-02-10;106.448;-0.486;-26.482;-25.83
2020-02-11;106.402;-0.48;-26.695;-26.038
2020-02-12;106.356;-0.473;-26.579;-25.821
2020-02-13;106.396;-0.481;-26.386;-25.684
2020-02-14;106.482;-0.494;-26.301;-25.594
2020-02-17;106.472;-0.493;-25.991;-25.336
2020-02-18;106.483;-0.495;-25.291;-24.607
2020-02-19;106.529;-0.502;-25.066;-24.383
2020-02-20;106.605;-0.514;-24.85;-24.15
2020-02-21;106.494;-0.498;-24.932;-24.265
2020-02-24;106.727;-0.533;-25.519;-24.793
2020-02-25;106.863;-0.554;-26.196;-25.48
2020-02-26;106.842;-0.551;-27.017;-26.144
2020-02-27;106.971;-0.572;-27.001;-26.171
2020-02-28;107.258;-0.614;-29.256;-28.358
2020-03-02;107.343;-0.627;-27.516;-26.575
2020-03-03;107.433;-0.641;-28.853;-27.631
2020-03-04;107.557;-0.66;-28.989;-27.859
2020-03-05;107.744;-0.689;-32.018;-30.628
2020-03-06;107.793;-0.697;-32.581;-31.158
2020-03-09;108.338;-0.777;-36.907;-35.396
2020-03-10;107.873;-0.709;-34.053;-32.533
2020-03-11;107.72;-0.687;-32.954;-31.647
2020-03-12;107.437;-0.647;-31.582;-29.984
2020-03-13;106.292;-0.477;-26.657;-25.681
2020-03-16;105.763;-0.398;-20.479;-19.9
2020-03-17;105.487;-0.357;-17.589;-17.123
2020-03-18;104.413;-0.193;-13.823;-13.62
2020-03-19;104.147;-0.153;-15.039;-14.713
2020-03-20;104.914;-0.271;-19.589;-19.407
2020-03-23;105.179;-0.312;-20.832;-20.683
2020-03-24;104.818;-0.257;-19.156;-19.05
2020-03-25;104.543;-0.215;-17.136;-17.072
2020-03-26;105.314;-0.334;-21.884;-21.855
2020-03-27;106.117;-0.456;-27.665;-27.402
2020-03-30;106.149;-0.462;-27.812;-27.546
2020-03-31;106.069;-0.45;-27.238;-26.938
2020-04-01;105.804;-0.41;-22.575;-22.432
2020-04-02;105.658;-0.389;-19.843;-19.8
2020-04-03;105.602;-0.381;-18.846;-18.698
2020-04-06;105.55;-0.373;-19.418;-19.355
2020-04-07;104.931;-0.279;-17.508;-17.501
2020-04-08;104.908;-0.277;-16.42;-16.53
2020-04-09;105.271;-0.333;-17.004;-17.502
2020-04-10;105.271;-0.333;-17.457;-17.932
2020-04-13;105.271;-0.333;-17.485;-17.933
2020-04-14;105.429;-0.358;-18.156;-18.58
2020-04-15;105.743;-0.406;-19.187;-19.449
2020-04-16;105.778;-0.413;-19.372;-19.59
2020-04-17;105.794;-0.416;-19.864;-20.04
2020-04-20;105.592;-0.385;-19.917;-20.072
2020-04-21;105.769;-0.413;-22.916;-22.853
2020-04-22;105.381;-0.354;-22.358;-22.623
2020-04-23;105.584;-0.386;-22.429;-22.912
2020-04-24;105.941;-0.441;-23.241;-23.796
2020-04-27;105.864;-0.43;-23.451;-23.978
2020-04-28;106.059;-0.46;-23.625;-24.22
2020-04-29;106.184;-0.481;-24.552;-25.145
2020-04-30;106.765;-0.57;-26.642;-27.169
2020-05-01;106.765;-0.57;-26.315;-26.872
2020-05-04;106.611;-0.547;-25.684;-26.354
2020-05-05;106.709;-0.562;-26.15;-26.634
2020-05-06;106.247;-0.492;-22.57;-23.312
2020-05-07;106.438;-0.523;-24.73;-25.516
2020-05-08;106.51;-0.534;-25.97;-26.409
2020-05-11;106.314;-0.505;-23.719;-24.211
2020-05-12;106.32;-0.506;-23.069;-23.522
2020-05-13;106.429;-0.523;-23.875;-24.358
2020-05-14;106.455;-0.528;-23.985;-24.439
2020-05-15;106.326;-0.509;-23.166;-23.704
2020-05-18;105.926;-0.448;-19.45;-20.052
2020-05-19;105.968;-0.455;-20.309;-20.902
2020-05-20;106.015;-0.462;-20.718;-21.332
2020-05-21;106.119;-0.48;-21.067;-21.586
2020-05-22;106.025;-0.466;-19.992;-20.453
2020-05-25;106.039;-0.468;-20.373;-20.821
2020-05-26;105.684;-0.413;-17.626;-18.267
2020-05-27;105.728;-0.421;-18.288;-18.834
2020-05-28;105.875;-0.445;-19.552;-20.135
2020-05-29;106.047;-0.472;-20.683;-21.136
2020-06-01;105.857;-0.443;-19.992;-20.479
2020-06-02;105.905;-0.451;-20.649;-20.991
2020-06-03;105.569;-0.399;-18.185;-18.665
2020-06-04;105.597;-0.404;-19.739;-20.134
2020-06-05;105.38;-0.371;-17.279;-17.705
2020-06-08;105.628;-0.41;-18.586;-19.019
2020-06-09;105.521;-0.394;-18.605;-18.907
2020-06-10;105.531;-0.395;-18.834;-19.126
2020-06-11;105.945;-0.462;-20.549;-20.797
2020-06-12;106.082;-0.483;-21.046;-21.165
2020-06-15;106.06;-0.48;-20.143;-20.223
2020-06-16;106.041;-0.478;-20.656;-20.74
2020-06-17;106.041;-0.478;-20.131;-20.247
2020-06-18;106.088;-0.487;-19.671;-19.72
2020-06-19;106.163;-0.499;-20.658;-20.656
2020-06-22;106.35;-0.529;-21.516;-21.363
2020-06-23;106.178;-0.502;-20.3;-20.098
2020-06-24;106.284;-0.519;-21.066;-20.824
2020-06-25;106.41;-0.54;-22.533;-22.257
2020-06-26;106.474;-0.551;-22.347;-22.049
2020-06-29;106.413;-0.542;-21.68;-21.384
2020-06-30;106.417;-0.543;-22.093;-21.73
2020-07-01;106.049;-0.486;-18.987;-18.773
2020-07-02;106.32;-0.53;-21.2;-20.868
2020-07-03;106.326;-0.531;-21.758;-21.382
2020-07-06;106.316;-0.53;-21.653;-21.27
2020-07-07;106.245;-0.519;-21.327;-20.944
2020-07-08;106.27;-0.524;-21.35;-20.937
2020-07-09;106.373;-0.541;-21.771;-21.306
2020-07-10;106.393;-0.545;-21.476;-21.008
2020-07-13;106.126;-0.503;-20.267;-19.869
2020-07-14;106.292;-0.53;-21.643;-21.206
2020-07-15;106.353;-0.54;-21.916;-21.441
2020-07-16;106.484;-0.562;-22.888;-22.233
2020-07-17;106.408;-0.55;-22.938;-22.294
2020-07-20;106.503;-0.566;-23.223;-22.582
2020-07-21;106.467;-0.561;-21.849;-21.206
2020-07-22;106.626;-0.586;-22.816;-22.13
2020-07-23;106.537;-0.574;-22.488;-21.68
2020-07-24;106.338;-0.543;-21.602;-20.833
2020-07-27;106.576;-0.581;-23.257;-22.407
2020-07-28;106.676;-0.597;-23.813;-22.913
2020-07-29;106.604;-0.586;-23.999;-23.029
2020-07-30;106.788;-0.617;-24.365;-23.29
2020-07-31;106.654;-0.596;-23.74;-22.65
2020-08-03;106.643;-0.595;-23.105;-21.958
2020-08-04;106.828;-0.625;-24.625;-23.361
2020-08-05;106.606;-0.59;-24.062;-22.892
2020-08-06;106.741;-0.613;-24.691;-23.499
2020-08-07;106.643;-0.598;-24.832;-23.693
2020-08-10;106.798;-0.623;-25.79;-24.527
2020-08-11;106.546;-0.583;-24.484;-23.269
2020-08-12;106.44;-0.567;-24.372;-23.16
2020-08-13;106.217;-0.533;-23.244;-22.046
2020-08-14;106.225;-0.534;-22.538;-21.399
2020-08-17;106.369;-0.558;-22.748;-21.563
2020-08-18;106.426;-0.568;-22.909;-21.653
2020-08-19;106.514;-0.582;-23.592;-22.295
2020-08-20;106.589;-0.596;-23.378;-22.091
2020-08-21;106.623;-0.602;-23.223;-21.98
2020-08-24;106.523;-0.586;-22.542;-21.325
2020-08-25;106.264;-0.545;-21.544;-20.365
2020-08-26;106.21;-0.537;-21.515;-20.322
2020-08-27;106.225;-0.541;-22.547;-21.408
2020-08-28;106.251;-0.545;-22.114;-20.942
2020-08-31;106.128;-0.526;-20.836;-19.674
2020-09-01;106.301;-0.554;-21.762;-20.598
2020-09-02;106.557;-0.596;-22.652;-21.388
2020-09-03;106.6;-0.605;-22.768;-21.533
2020-09-04;106.517;-0.592;-22.281;-21.106
2020-09-07;106.475;-0.585;-21.428;-20.169
2020-09-08;106.592;-0.605;-21.694;-20.464
2020-09-09;106.409;-0.576;-21.32;-20.04
2020-09-10;106.209;-0.545;-20.251;-19.096
2020-09-11;106.485;-0.59;-21.396;-20.212
2020-09-14;106.482;-0.59;-21.227;-20.048
2020-09-15;106.438;-0.583;-20.734;-19.57
2020-09-16;106.446;-0.585;-20.298;-19.154
2020-09-17;106.526;-0.6;-21.534;-20.377
2020-09-18;106.515;-0.598;-21.436;-20.253
2020-09-21;106.738;-0.635;-22.642;-21.428
2020-09-22;106.61;-0.615;-22.519;-21.27
2020-09-23;106.588;-0.612;-22.024;-20.803
2020-09-24;106.53;-0.604;-21.979;-20.803
2020-09-25;106.635;-0.621;-22.457;-21.293
2020-09-28;106.623;-0.62;-22.612;-21.405
2020-09-29;106.708;-0.634;-23.146;-21.877
2020-09-30;106.611;-0.619;-23.026;-21.767
2020-10-01;106.686;-0.633;-23.401;-22.131
2020-10-02;106.714;-0.638;-23.615;-22.409
2020-10-05;106.608;-0.621;-23.139;-21.816
2020-10-06;106.609;-0.622;-23.415;-22.265
2020-10-07;106.534;-0.61;-22.665;-21.478
2020-10-08;106.683;-0.636;-23.766;-22.563
2020-10-09;106.732;-0.645;-24.412;-23.188
2020-10-12;106.755;-0.649;-23.863;-22.686
2020-10-13;106.814;-0.659;-23.973;-22.756
2020-10-14;106.902;-0.674;-23.854;-22.607
2020-10-15;106.998;-0.691;-24.629;-23.328
2020-10-16;107.048;-0.7;-25.125;-23.77
2020-10-19;107.12;-0.713;-25.691;-24.33
2020-10-20;107.035;-0.699;-26.33;-24.996
2020-10-21;106.952;-0.686;-25.924;-24.622
2020-10-22;106.834;-0.668;-25.065;-23.814
2020-10-23;106.835;-0.669;-25.172;-23.946
2020-10-26;106.837;-0.67;-25.122;-23.903
2020-10-27;107.01;-0.699;-25.629;-24.288
2020-10-28;107.052;-0.707;-26.35;-24.963
2020-10-29;107.143;-0.723;-26.838;-25.522
2020-10-30;107.076;-0.713;-26.27;-24.938
2020-11-02;107.133;-0.723;-27.252;-25.96
2020-11-03;107.046;-0.709;-27.04;-25.779
2020-11-04;107.14;-0.725;-27.539;-26.234
2020-11-05;107.106;-0.721;-26.805;-25.54
2020-11-06;107.064;-0.715;-26.675;-25.45
2020-11-09;106.62;-0.642;-24.393;-23.234
2020-11-10;106.469;-0.617;-23.813;-22.738
2020-11-11;106.554;-0.632;-24.1;-23.003
2020-11-12;106.666;-0.652;-24.853;-23.735
2020-11-13;106.7;-0.658;-24.23;-23.192
2020-11-16;106.675;-0.655;-24.316;-23.256
2020-11-17;106.757;-0.669;-24.963;-23.898
2020-11-18;106.716;-0.663;-24.825;-23.761
2020-11-19;106.774;-0.674;-24.954;-23.901
2020-11-20;106.862;-0.689;-25.579;-24.563
2020-11-23;106.854;-0.688;-25.968;-24.918
2020-11-24;106.749;-0.672;-25.632;-24.615
2020-11-25;106.777;-0.677;-25.688;-24.665
2020-11-26;106.827;-0.687;-25.572;-24.631
2020-11-27;106.837;-0.689;-25.674;-24.708
2020-11-30;106.715;-0.669;-23.93;-23.066
2020-12-01;106.501;-0.634;-22.005;-21.151
2020-12-02;106.471;-0.629;-21.838;-21.003
2020-12-03;106.69;-0.668;-24.093;-23.23
2020-12-04;106.686;-0.668;-23.969;-23.121
2020-12-07;106.834;-0.693;-25.017;-24.143
2020-12-08;106.941;-0.712;-25.613;-24.701
2020-12-09;106.943;-0.713;-25.333;-24.52
2020-12-10;106.924;-0.711;-25.186;-24.246
2020-12-11;107.065;-0.735;-26.078;-25.121
2020-12-14;106.983;-0.722;-25.308;-24.466
2020-12-15;106.935;-0.715;-24.856;-23.972
2020-12-16;106.715;-0.678;-24.122;-23.24
2020-12-17;106.702;-0.678;-23.615;-22.806
2020-12-18;106.719;-0.681;-24.871;-24.023
2020-12-21;106.745;-0.686;-25.424;-24.621
2020-12-22;106.785;-0.693;-25.819;-24.949
2020-12-23;106.521;-0.651;-23.599;-22.836
2020-12-24;106.521;-0.652;-23.72;-23.007
2020-12-25;106.521;-0.652;-23.728;-23.007
2020-12-28;106.586;-0.663;-23.771;-23.036
2020-12-29;106.649;-0.674;-24.369;-23.635
2020-12-30;106.632;-0.674;-23.846;-23.182
2020-12-31;106.632;-0.674;-23.754;-23.089
2021-01-01;106.632;-0.674;-23.761;-23.089
2021-01-04;106.771;-0.699;-23.48;-22.816
2021-01-05;106.744;-0.695;-24.156;-23.493
2021-01-06;106.647;-0.679;-23.932;-23.295
2021-01-07;106.659;-0.682;-24.98;-24.354
2021-01-08;106.637;-0.679;-25.326;-24.697
2021-01-11;106.561;-0.667;-24.938;-24.345
2021-01-12;106.389;-0.638;-24.887;-24.332
2021-01-13;106.592;-0.673;-25.246;-24.656
2021-01-14;106.72;-0.697;-26.262;-25.575
2021-01-15;106.676;-0.69;-25.74;-25.088
2021-01-18;106.583;-0.675;-24.885;-24.253
2021-01-19;106.546;-0.669;-24.792;-24.219
2021-01-20;106.528;-0.666;-24.61;-23.996
2021-01-21;106.385;-0.643;-24.185;-23.648
2021-01-22;106.456;-0.656;-24.545;-23.998
2021-01-25;106.666;-0.693;-26.398;-25.826
2021-01-26;106.581;-0.679;-26.052;-25.452
2021-01-27;106.667;-0.694;-26.527;-25.927
2021-01-28;106.64;-0.691;-26.357;-25.694
2021-01-29;106.533;-0.673;-25.904;-25.292
2021-02-01;106.483;-0.665;-24.918;-24.353
2021-02-02;106.359;-0.644;-24.002;-23.488
2021-02-03;106.257;-0.627;-23.991;-23.552
2021-02-04;106.243;-0.627;-24.618;-24.125
2021-02-05;106.212;-0.622;-24.64;-24.186
2021-02-08;106.193;-0.619;-24.649;-24.184
2021-02-09;106.188;-0.619;-23.987;-23.508
2021-02-10;106.171;-0.616;-24.277;-23.819
2021-02-11;106.238;-0.63;-24.502;-24.023
2021-02-12;106.116;-0.609;-24.059;-23.602
2021-02-15;105.938;-0.578;-23.359;-22.952
2021-02-16;105.832;-0.56;-23.315;-22.946
2021-02-17;105.879;-0.569;-23.001;-22.586
2021-02-18;105.712;-0.541;-21.792;-21.489
2021-02-19;105.618;-0.525;-22.678;-22.349
2021-02-22;105.73;-0.545;-22.566;-22.22
2021-02-23;105.63;-0.528;-21.888;-21.547
2021-02-24;105.58;-0.52;-21.315;-20.992
2021-02-25;105.256;-0.464;-21.35;-21.028
2021-02-26;105.459;-0.5;-23.735;-23.366
2021-03-01;105.837;-0.568;-24.951;-24.612
2021-03-02;105.935;-0.586;-25.225;-24.796
2021-03-03;105.664;-0.538;-24.114;-23.729
2021-03-04;105.726;-0.551;-24.006;-23.603
2021-03-05;105.645;-0.537;-23.778;-23.409
2021-03-08;105.561;-0.523;-24.636;-24.271
2021-03-09;105.669;-0.542;-25.575;-25.134
2021-03-10;105.7;-0.548;-25.401;-24.967
2021-03-11;105.795;-0.567;-25.781;-25.391
2021-03-12;105.723;-0.555;-26.083;-25.696
2021-03-15;105.876;-0.582;-26.8;-26.357
2021-03-16;105.896;-0.587;-26.552;-26.081
2021-03-17;105.741;-0.559;-26.8;-26.343
2021-03-18;105.686;-0.551;-26.589;-26.146
2021-03-19;105.823;-0.576;-27.295;-26.885
2021-03-22;105.855;-0.582;-27.286;-26.812
2021-03-23;105.972;-0.604;-28.326;-27.831
2021-03-24;106.027;-0.614;-28.496;-27.989
2021-03-25;106.094;-0.628;-27.928;-27.461
2021-03-26;105.989;-0.61;-27.962;-27.508
2021-03-29;105.854;-0.586;-27.236;-26.809
2021-03-30;105.67;-0.554;-25.611;-25.209
2021-03-31;105.69;-0.56;-26.548;-26.276
2021-04-01;105.834;-0.586;-26.939;-26.558
2021-04-02;105.834;-0.586;-27.247;-26.862
2021-04-05;105.834;-0.586;-27.213;-26.862
2021-04-06;105.771;-0.576;-26.328;-25.863
2021-04-07;105.834;-0.588;-26.429;-26.01
2021-04-08;105.881;-0.598;-26.592;-26.171
2021-04-09;105.687;-0.563;-25.639;-25.214
2021-04-12;105.665;-0.56;-25.557;-25.169
2021-04-13;105.639;-0.556;-25.495;-25.046
2021-04-14;105.487;-0.529;-24.896;-24.667
2021-04-15;105.614;-0.553;-25.229;-24.895
2021-04-16;105.491;-0.531;-24.724;-24.426
2021-04-19;105.36;-0.508;-24.148;-23.825
2021-04-20;105.495;-0.533;-25.179;-24.81
2021-04-21;105.454;-0.526;-24.287;-23.937
2021-04-22;105.43;-0.523;-24.769;-24.416
2021-04-23;105.479;-0.533;-25.407;-25.023
2021-04-26;105.441;-0.527;-25.721;-25.356
2021-04-27;105.414;-0.522;-25.597;-25.221
2021-04-28;105.333;-0.508;-25.415;-25.05
2021-04-29;105.197;-0.484;-25.312;-24.965
2021-04-30;105.248;-0.494;-24.984;-24.586
2021-05-03;105.3;-0.504;-26.138;-25.748
2021-05-04;105.391;-0.522;-25.112;-24.802
2021-05-05;105.375;-0.519;-25.479;-25.079
2021-05-06;105.34;-0.514;-25.144;-24.885
2021-05-07;105.214;-0.492;-23.727;-23.389
2021-05-10;105.28;-0.504;-24.65;-24.337
2021-05-11;105.023;-0.457;-22.632;-22.338
2021-05-12;104.845;-0.425;-21.216;-21.003
2021-05-13;104.786;-0.415;-20.239;-19.993
2021-05-14;104.817;-0.422;-20.32;-20.175
2021-05-17;104.771;-0.414;-20.293;-20.045
2021-05-18;104.77;-0.414;-21.212;-20.978
2021-05-19;104.786;-0.417;-21.916;-21.654
2021-05-20;104.818;-0.425;-22.839;-22.537
2021-05-21;104.957;-0.451;-23.269;-22.967
2021-05-24;104.977;-0.455;-23.082;-22.825
2021-05-25;105.14;-0.486;-24.65;-24.369
2021-05-26;105.29;-0.515;-25.45;-25.115
2021-05-27;105.17;-0.494;-25.525;-25.19
2021-05-28;105.212;-0.502;-25.185;-24.896
2021-05-31;105.165;-0.494;-24.358;-24.03
2021-06-01;105.158;-0.493;-24.469;-24.088
2021-06-02;105.25;-0.511;-24.742;-24.388
2021-06-03;105.239;-0.51;-25.787;-25.452
2021-06-04;105.332;-0.528;-26.495;-26.103
2021-06-07;105.225;-0.509;-25.342;-24.987
2021-06-08;105.313;-0.526;-25.965;-25.535
2021-06-09;105.386;-0.54;-25.669;-25.214
2021-06-10;105.45;-0.554;-26.569;-26.159
2021-06-11;105.48;-0.56;-26.623;-26.139
2021-06-14;105.368;-0.54;-25.782;-25.334
2021-06-15;105.286;-0.525;-25.557;-25.1
2021-06-16;105.344;-0.536;-25.579;-25.168
2021-06-17;105.19;-0.509;-24.46;-24.11
2021-06-18;105.125;-0.497;-23.909;-23.58
2021-06-21;105.046;-0.483;-24.731;-24.389
2021-06-22;105.052;-0.484;-24.873;-24.538
2021-06-23;105.079;-0.49;-24.327;-23.994
2021-06-24;105.088;-0.493;-24.744;-24.412
2021-06-25;104.994;-0.476;-24.613;-24.281
2021-06-28;105.118;-0.5;-25.716;-25.362
2021-06-29;105.05;-0.488;-25.796;-25.455
2021-06-30;105.217;-0.52;-26.607;-26.221
2021-07-01;105.232;-0.524;-27.174;-26.776
2021-07-02;105.348;-0.547;-27.546;-27.131
2021-07-05;105.25;-0.529;-27.342;-26.945
2021-07-06;105.484;-0.574;-28.59;-28.121
2021-07-07;105.55;-0.587;-28.601;-28.126
2021-07-08;105.549;-0.588;-27.987;-27.511
2021-07-09;105.53;-0.585;-28.677;-28.196
2021-07-12;105.526;-0.585;-28.841;-28.361
2021-07-13;105.538;-0.588;-29.517;-29.025
2021-07-14;105.613;-0.603;-29.892;-29.379
2021-07-15;105.618;-0.606;-29.952;-29.434
2021-07-16;105.661;-0.615;-30.228;-29.673
2021-07-19;105.736;-0.629;-30.336;-29.756
2021-07-20;105.872;-0.656;-31.646;-30.971
2021-07-21;105.812;-0.645;-31.648;-31.048
2021-07-22;105.926;-0.669;-31.971;-31.3
2021-07-23;105.948;-0.674;-32.517;-31.829
2021-07-26;105.965;-0.677;-33.254;-32.546
2021-07-27;106.046;-0.693;-34.002;-33.221
2021-07-28;106.114;-0.707;-35.677;-34.843
2021-07-29;106.122;-0.711;-35.83;-35.002
2021-07-30;106.179;-0.722;-36.195;-35.346
2021-08-02;106.271;-0.74;-36.368;-35.491
2021-08-03;106.247;-0.736;-35.783;-34.897
2021-08-04;106.328;-0.753;-37.033;-36.042
2021-08-05;106.288;-0.747;-36.91;-35.986
2021-08-06;106.138;-0.719;-36.124;-35.269
2021-08-09;106.107;-0.714;-35.156;-34.313
2021-08-10;106.092;-0.711;-34.845;-33.996
2021-08-11;106.084;-0.711;-34.029;-33.157
2021-08-12;106.052;-0.706;-33.911;-33.088
2021-08-13;106.046;-0.706;-33.377;-32.582
2021-08-16;106.039;-0.705;-33.48;-32.667
2021-08-17;106.026;-0.703;-33.634;-32.853
2021-08-18;106.057;-0.71;-33.554;-32.757
2021-08-19;106.081;-0.717;-33.725;-32.891
2021-08-20;106.123;-0.725;-34.395;-33.532
2021-08-23;106.074;-0.717;-33.941;-33.106
2021-08-24;106.041;-0.711;-33.37;-32.569
2021-08-25;105.861;-0.677;-32.042;-31.291
2021-08-26;105.774;-0.662;-31.444;-30.724
2021-08-27;105.836;-0.674;-32.187;-31.428
2021-08-30;105.869;-0.681;-32.35;-31.59
2021-08-31;105.689;-0.647;-31.305;-30.662
2021-09-01;105.713;-0.652;-32.087;-31.429
2021-09-02;105.755;-0.662;-32.556;-31.923
2021-09-03;105.662;-0.645;-32.005;-31.391
2021-09-06;105.65;-0.643;-32.168;-31.529
2021-09-07;105.436;-0.602;-30.631;-30.087
2021-09-08;105.461;-0.607;-31.134;-30.56
2021-09-09;105.588;-0.634;-32.052;-31.401
2021-09-10;105.48;-0.614;-31.82;-31.237
2021-09-13;105.493;-0.617;-32.358;-31.746
2021-09-14;105.517;-0.622;-32.121;-31.467
2021-09-15;105.419;-0.603;-32.252;-31.614
2021-09-16;105.405;-0.603;-32.77;-32.204
2021-09-17;105.338;-0.59;-33.283;-32.648
2021-09-20;105.475;-0.618;-34.971;-34.255
2021-09-21;105.461;-0.615;-34.717;-33.963
2021-09-22;105.466;-0.617;-34.634;-34.059
2021-09-23;105.213;-0.569;-34.158;-33.595
2021-09-24;105.123;-0.551;-33.405;-32.951
2021-09-27;105.065;-0.54;-33.226;-32.811
2021-09-28;105.01;-0.53;-33.313;-32.804
2021-09-29;105.033;-0.535;-32.923;-32.41
2021-09-30;105.028;-0.536;-33.266;-32.781
2021-10-01;105.135;-0.558;-33.66;-33.158
2021-10-04;105.1;-0.552;-33.408;-32.856
2021-10-05;104.995;-0.531;-33.08;-32.592
2021-10-06;104.976;-0.528;-33.605;-33.054
2021-10-07;105.014;-0.537;-34.627;-34.177
2021-10-08;104.874;-0.51;-35.093;-34.696
2021-10-11;104.733;-0.482;-35.593;-35.182
2021-10-12;104.548;-0.445;-35.251;-34.825
2021-10-13;104.608;-0.458;-34.707;-34.305
2021-10-14;104.872;-0.513;-34.652;-34.262
2021-10-15;104.779;-0.495;-34.755;-34.328
2021-10-18;104.483;-0.435;-34.998;-34.536
2021-10-19;104.376;-0.414;-34.343;-34.008
2021-10-20;104.532;-0.446;-34.113;-33.691
2021-10-21;104.326;-0.406;-34.276;-33.914
2021-10-22;104.286;-0.398;-35.805;-35.408
2021-10-25;104.442;-0.43;-36.926;-36.55
2021-10-26;104.397;-0.422;-36.799;-36.38
2021-10-27;104.503;-0.444;-37.442;-36.881
2021-10-28;104.363;-0.417;-38.249;-37.748
2021-10-29;104.122;-0.368;-39.349;-39.028
2021-11-01;104.217;-0.388;-40.106;-39.669
2021-11-02;104.614;-0.47;-40.338;-39.852
2021-11-03;104.591;-0.466;-39.812;-39.279
2021-11-04;104.985;-0.548;-39.356;-38.821
2021-11-05;105.112;-0.575;-40.324;-39.736
2021-11-08;104.993;-0.551;-40.69;-40.107
2021-11-09;105.134;-0.58;-41.938;-41.313
2021-11-10;104.887;-0.53;-44.334;-43.766
2021-11-11;104.795;-0.513;-46.669;-46.19
2021-11-12;105.008;-0.558;-47.096;-46.518
2021-11-15;104.763;-0.508;-42.689;-42.218
2021-11-16;104.952;-0.547;-45.952;-45.391
2021-11-17;104.944;-0.546;-44.748;-44.109
2021-11-18;105.017;-0.563;-45.045;-44.487
2021-11-19;105.268;-0.615;-45.728;-45.114
2021-11-22;105.071;-0.576;-44.271;-43.732
2021-11-23;104.833;-0.527;-44.135;-43.596
2021-11-24;104.873;-0.536;-44.425;-43.817
2021-11-25;104.922;-0.548;-44.806;-44.248
2021-11-26;105.237;-0.614;-44.864;-44.205
2021-11-29;105.158;-0.598;-45.289;-44.608
2021-11-30;105.154;-0.598;-45.98;-45.315
2021-12-01;105.044;-0.576;-44.837;-44.138
2021-12-02;105.188;-0.607;-45.04;-44.386
2021-12-03;105.233;-0.617;-46.169;-45.459
2021-12-06;105.188;-0.609;-45.524;-44.769
2021-12-07;105.11;-0.593;-45.407;-44.723
2021-12-08;104.896;-0.549;-44.255;-43.597
2021-12-09;105.083;-0.59;-44.705;-43.996
2021-12-10;105.003;-0.574;-43.33;-42.698
2021-12-13;105.101;-0.595;-43.941;-43.174
2021-12-14;105.039;-0.583;-43.586;-42.857
2021-12-15;105.001;-0.575;-44.968;-44.148
2021-12-16;105.009;-0.579;-44.665;-43.955
2021-12-17;105.111;-0.601;-44.922;-44.236
2021-12-20;105.103;-0.6;-45.467;-44.713
2021-12-21;104.85;-0.548;-44.161;-43.518
2021-12-22;104.748;-0.527;-44.552;-43.897
2021-12-23;104.639;-0.506;-45.143;-44.648
2021-12-24;104.639;-0.506;-45.405;-44.868
2021-12-27;104.52;-0.482;-44.625;-44.123
2021-12-28;104.506;-0.479;-45.386;-44.839
2021-12-29;104.401;-0.458;-45.34;-44.844
2021-12-30;104.368;-0.452;-44.268;-43.836
2021-12-31;104.368;-0.453;-44.378;-43.962
2022-01-03;104.067;-0.389;-40.884;-40.575
2022-01-04;104.085;-0.394;-40.717;-40.415
2022-01-05;104.147;-0.408;-41.114;-40.78
2022-01-06;103.975;-0.372;-40.19;-39.923
2022-01-07;103.861;-0.348;-39.295;-39.065
2022-01-10;103.846;-0.346;-40.042;-39.81
2022-01-11;103.799;-0.336;-41.084;-40.86
2022-01-12;103.932;-0.365;-40.697;-40.709
2022-01-13;104.046;-0.391;-42.356;-42.09
2022-01-14;103.871;-0.354;-42.087;-41.887
2022-01-17;103.747;-0.328;-41.385;-41.315
2022-01-18;103.768;-0.333;-41.404;-41.314
2022-01-19;103.748;-0.329;-41.542;-41.467
2022-01-20;103.737;-0.328;-41.189;-41.168
2022-01-21;103.881;-0.36;-42.833;-42.754
2022-01-24;104.063;-0.4;-45.257;-45.093
2022-01-25;103.971;-0.38;-44.684;-44.535
2022-01-26;103.977;-0.382;-45.441;-45.29
2022-01-27;103.812;-0.348;-45.699;-45.685
2022-01-28;103.746;-0.334;-46.56;-46.58
2022-01-31;103.354;-0.249;-44.739;-44.864
2022-02-01;103.231;-0.223;-44.121;-44.374
2022-02-02;103.134;-0.202;-44.635;-44.948
2022-02-03;102.482;-0.059;-42.926;-43.339
2022-02-04;101.945;0.06;-41.095;-41.971
2022-02-07;101.911;0.068;-42.903;-43.897
2022-02-08;101.769;0.099;-44.667;-45.683
2022-02-09;102.095;0.026;-46.938;-47.982
2022-02-10;101.791;0.093;-49.439;-50.495
2022-02-11;101.742;0.104;-52.058;-53.254
2022-02-14;101.892;0.07;-55.503;-56.756
2022-02-15;101.884;0.072;-51.622;-52.605
2022-02-16;102.007;0.044;-51.159;-52.135
2022-02-17;102.291;-0.021;-53.738;-54.47
2022-02-18;102.524;-0.074;-56.565;-57.186
2022-02-21;102.344;-0.034;-54.326;-54.953
2022-02-22;102.173;0.005;-54.992;-55.543
2022-02-23;102.1;0.021;-55.874;-56.572
2022-02-24;102.428;-0.054;-57.628;-58.532
2022-02-25;102.126;0.014;-55.484;-56.301
2022-02-28;102.83;-0.145;-59.24;-59.621
2022-03-01;104.112;-0.431;-68.433;-68.335
2022-03-02;103.338;-0.259;-63.122;-63.211
2022-03-03;103.419;-0.279;-63.871;-64.115
2022-03-04;103.869;-0.38;-71.248;-71.617
2022-03-07;103.606;-0.322;-67.957;-68.17
2022-03-08;103.173;-0.225;-64.785;-64.798
2022-03-09;102.778;-0.137;-62.506;-63.227
2022-03-10;102.253;-0.019;-61.456;-62.421
2022-03-11;102.305;-0.031;-65.434;-66.542
2022-03-14;101.926;0.055;-63.409;-64.725
2022-03-15;102.207;-0.01;-66.116;-67.22
2022-03-16;101.854;0.071;-61.536;-62.754
2022-03-17;101.825;0.076;-57.372;-58.503
2022-03-18;101.852;0.07;-58.082;-59.347
2022-03-21;101.494;0.152;-57.049;-58.442
2022-03-22;101.327;0.19;-58.566;-59.962
2022-03-23;101.428;0.167;-58.188;-59.427
2022-03-24;101.112;0.24;-57.543;-58.978
2022-03-25;100.776;0.318;-57.071;-58.851
2022-03-28;100.743;0.325;-58.384;-59.95
2022-03-29;100.46;0.392;-58.703;-60.213
2022-03-30;100.224;0.447;-58.564;-60.13
2022-03-31;100.596;0.359;-57.311;-58.984
2022-04-01;100.561;0.368;-57.818;-59.589
2022-04-04;100.632;0.351;-57.747;-59.506
2022-04-05;100.189;0.455;-57.5;-59.096
2022-04-06;100.204;0.452;-58.541;-60.383
2022-04-07;100.102;0.476;-59.113;-61.069
2022-04-08;99.978;0.505;-63.381;-65.22
2022-04-11;99.512;0.616;-60.153;-62.152
2022-04-12;99.752;0.559;-61.822;-64.049
2022-04-13;99.845;0.537;-62.186;-64.196
2022-04-14;99.81;0.545;-64.358;-66.703
2022-04-15;99.81;0.545;-64.737;-67.057
2022-04-18;99.81;0.545;-64.813;-67.057
2022-04-19;99.671;0.579;-63.293;-65.5
2022-04-20;99.781;0.552;-62.972;-64.807
2022-04-21;99.25;0.681;-60.96;-62.695
2022-04-22;99.008;0.74;-62.304;-64.53
2022-04-25;99.587;0.599;-62.009;-64.257
2022-04-26;99.59;0.599;-61.538;-63.689
2022-04-27;99.789;0.551;-64.328;-66.251
2022-04-28;99.371;0.652;-65.117;-67.236
2022-04-29;99.192;0.696;-66.223;-68.318
2022-05-02;99.197;0.695;-67.019;-69.766
2022-05-03;99.119;0.714;-68.121;-70.572
2022-05-04;99.099;0.719;-68.348;-70.751
2022-05-05;98.896;0.769;-65.593;-68.038
2022-05-06;98.607;0.84;-68.54;-70.667
2022-05-09;98.906;0.767;-70.57;-73.059
2022-05-10;99.242;0.685;-71.329;-73.458
2022-05-11;99.414;0.643;-69.977;-71.927
2022-05-12;99.968;0.508;-66.096;-67.881
2022-05-13;99.655;0.584;-62.52;-64.147
2022-05-16;99.607;0.596;-61.398;-62.815
2022-05-17;99.08;0.725;-58.823;-60.168
2022-05-18;99.022;0.74;-58.59;-60.089
2022-05-19;99.135;0.712;-59.807;-61.557
2022-05-20;99.264;0.681;-58.227;-60.099
2022-05-23;98.917;0.767;-56.362;-58.012
2022-05-24;99.104;0.721;-55.474;-57.011
2022-05-25;99.215;0.693;-56.848;-58.54
2022-05-26;99.135;0.713;-57.355;-59.159
2022-05-27;99.227;0.691;-57.806;-59.407
2022-05-30;98.785;0.801;-55.012;-56.496
2022-05-31;98.524;0.866;-55.945;-57.628
2022-06-01;98.269;0.931;-55.731;-57.484
2022-06-02;97.941;1.014;-54.831;-56.788
2022-06-03;97.881;1.03;-58.681;-60.532
2022-06-06;97.72;1.071;-56.285;-58.227
2022-06-07;97.787;1.054;-55.853;-57.969
2022-06-08;97.634;1.094;-56.742;-58.675
2022-06-09;97.153;1.218;-55.704;-58.042
2022-06-10;96.52;1.382;-53.69;-56.467
2022-06-13;95.673;1.603;-52.633;-55.019
2022-06-14;95.47;1.658;-60.498;-63.102
2022-06-15;96.095;1.494;-60.836;-63.582
2022-06-16;95.691;1.602;-57.305;-60.381
2022-06-17;96.059;1.507;-59.308;-62.723
2022-06-20;95.663;1.611;-56.694;-59.922
2022-06-21;95.684;1.606;-57.186;-60.633
2022-06-22;96.144;1.486;-58.389;-61.916
2022-06-23;97.129;1.231;-57.369;-60.425
2022-06-24;97.194;1.215;-57.474;-60.212
2022-06-27;96.739;1.334;-57.122;-59.911
2022-06-28;96.499;1.397;-56.707;-59.584
2022-06-29;96.931;1.285;-56.859;-59.778
2022-06-30;97.714;1.083;-57.628;-60.12
2022-07-01;98.261;0.942;-57.517;-59.811
2022-07-04;97.762;1.071;-57.324;-59.6
2022-07-05;98.415;0.903;-60.063;-62.179
2022-07-06;98.583;0.86;-57.55;-59.433
2022-07-07;97.937;1.028;-57.224;-59.173
2022-07-08;98.036;1.002;-58.937;-61.049
2022-07-11;98.459;0.893;-61.506;-63.509
2022-07-12;98.869;0.788;-63.75;-65.639
2022-07-13;98.623;0.852;-61.686;-63.556
2022-07-14;98.467;0.893;-61.468;-64.364
2022-07-15;98.6;0.859;-62.285;-66.256
2022-07-18;98.339;0.926;-61.844;-65.466
2022-07-19;97.983;1.019;-61.135;-65.106
2022-07-20;98.037;1.006;-59.348;-64.543
2022-07-21;97.872;1.05;-56.803;-61.829
2022-07-22;98.85;0.795;-59.954;-65.535
2022-07-25;98.904;0.782;-57.732;-62.133
2022-07-26;99.219;0.7;-58.481;-62.494
2022-07-27;98.996;0.758;-59.705;-63.85
2022-07-28;99.657;0.588;-60.841;-65.19
2022-07-29;99.773;0.558;-65.697;-69.916
2022-08-01;99.891;0.528;-67.289;-71.862
2022-08-02;99.619;0.598;-67.203;-71.274
2022-08-03;99.33;0.673;-64.966;-69.284
2022-08-04;99.669;0.585;-68.019;-72.541
2022-08-05;99.117;0.729;-70.447;-75.032
2022-08-08;99.226;0.7;-69.84;-74.769
2022-08-09;99.106;0.732;-69.048;-73.96
2022-08-10;99.245;0.696;-69.734;-75.258
2022-08-11;99.078;0.74;-69.839;-75.15
2022-08-12;98.937;0.777;-69.851;-75.211
2022-08-15;99.232;0.7;-69.25;-74.138
2022-08-16;98.977;0.767;-67.401;-72.154
2022-08-17;98.322;0.94;-64.868;-70.165
2022-08-18;98.253;0.959;-65.817;-71.699
2022-08-19;97.868;1.062;-68.018;-74.5
2022-08-22;97.519;1.156;-71.92;-79.121
2022-08-23;97.671;1.115;-74.033;-81.3
2022-08-24;97.4;1.189;-74.336;-81.754
2022-08-25;97.602;1.136;-71.605;-79.231
2022-08-26;97.184;1.249;-71.306;-78.704
2022-08-29;96.649;1.395;-71.281;-79.504
2022-08-30;96.613;1.406;-71.439;-81.077
2022-08-31;96.415;1.46;-68.147;-77.673
2022-09-01;96.5;1.439;-67.804;-77.296
2022-09-02;96.781;1.363;-70.803;-80.884
2022-09-05;96.654;1.398;-75.299;-85.517
2022-09-06;96.315;1.492;-70.43;-81.072
2022-09-07;96.554;1.427;-70.303;-80.91
2022-09-08;96.003;1.581;-62.568;-72.123
2022-09-09;95.972;1.591;-63.553;-74.295
2022-09-12;96.018;1.579;-61.147;-71.991
2022-09-13;95.7;1.668;-63.346;-74.664
2022-09-14;95.714;1.665;-67.563;-78.539
2022-09-15;95.456;1.74;-64.995;-76.241
2022-09-16;95.512;1.725;-64.792;-76.591
2022-09-19;95.242;1.802;-62.517;-74.922
2022-09-20;94.807;1.926;-60.689;-73.17
2022-09-21;94.764;1.939;-65.591;-78.309
2022-09-22;94.489;2.021;-69.882;-82.431
2022-09-23;94.226;2.098;-72.381;-85.656
2022-09-26;94.09;2.138;-78.159;-91.416
2022-09-27;93.916;2.189;-80.084;-94.313
2022-09-28;94.491;2.025;-87.332;-101.499
2022-09-29;94.576;2.004;-84.432;-97.455
2022-09-30;94.656;1.982;-81.639;-94.442
2022-10-03;95.278;1.805;-82.099;-94.69
2022-10-04;95.539;1.732;-81.12;-93.004
2022-10-05;94.964;1.897;-80.475;-91.863
2022-10-06;94.709;1.973;-84.409;-96.653
2022-10-07;94.407;2.061;-87.656;-100.529
2022-10-10;94.143;2.139;-85.708;-99.448
2022-10-11;94.394;2.067;-87.807;-101.622
2022-10-12;94.423;2.06;-86.269;-100.071
2022-10-13;94.224;2.121;-84.306;-97.406
2022-10-14;94.008;2.186;-79.237;-91.989
2022-10-17;94.091;2.163;-78.327;-90.987
2022-10-18;93.989;2.194;-73.999;-86.361
2022-10-19;93.614;2.305;-69.61;-81.836
2022-10-20;93.522;2.337;-69.448;-81.413
2022-10-21;93.792;2.258;-68.997;-81.361
2022-10-24;94.07;2.177;-71.416;-84.07
2022-10-25;94.337;2.1;-67.555;-79.504
2022-10-26;94.448;2.069;-67.918;-79.735
2022-10-27;95.134;1.872;-70.396;-82.345
2022-10-28;94.541;2.046;-73.14;-83.461
2022-10-31;94.548;2.045;-75.406;-86.763
2022-11-01;94.556;2.044;-74.83;-86.256
2022-11-02;94.463;2.073;-74.358;-85.925
2022-11-03;94.065;2.194;-72.748;-83.978
2022-11-04;93.897;2.245;-70.133;-82.215
2022-11-07;93.697;2.306;-65.481;-76.771
2022-11-08;93.814;2.272;-63.441;-74.472
2022-11-09;94.159;2.171;-62.467;-73.576
2022-11-10;94.628;2.035;-63.206;-73.547
2022-11-11;94.078;2.2;-55.89;-65.166
2022-11-14;94.113;2.191;-53.734;-63.217
2022-11-15;94.128;2.188;-50.77;-59.527
2022-11-16;94.5;2.078;-55.081;-64.164
2022-11-17;94.396;2.113;-57.252;-65.859
2022-11-18;94.516;2.078;-60.226;-69.604
2022-11-21;94.572;2.062;-60.264;-69.091
2022-11-22;94.639;2.044;-60.079;-68.942
2022-11-23;94.61;2.053;-60.285;-69.039
2022-11-24;94.848;1.986;-61.352;-69.426
2022-11-25;94.48;2.097;-59.553;-67.297
2022-11-28;94.493;2.094;-60.031;-68.523
2022-11-29;94.737;2.022;-60.888;-69.701
2022-11-30;94.702;2.034;-60.337;-68.474
2022-12-01;95.136;1.907;-62.628;-70.12
2022-12-02;94.886;1.983;-62.072;-69.292
2022-12-05;94.822;2.004;-62.832;-70.535
2022-12-06;95.04;1.939;-63.628;-71.237
2022-12-07;95.191;1.895;-65.92;-73.2
2022-12-08;95.014;1.952;-63.491;-70.186
2022-12-09;94.654;2.061;-59.766;-66.298
2022-12-12;94.53;2.1;-59.644;-66.739
2022-12-13;94.689;2.053;-61.717;-68.439
2022-12-14;94.724;2.044;-59.515;-66.369
2022-12-15;93.999;2.269;-56.957;-61.955
2022-12-16;93.779;2.338;-57.381;-63.284
2022-12-19;93.668;2.373;-55.196;-60.956
2022-12-20;93.42;2.451;-54.819;-61.407
2022-12-21;93.358;2.472;-57.227;-63.518
2022-12-22;93.331;2.487;-60.103;-66.041
2022-12-23;93.123;2.553;-59.288;-64.951
2022-12-26;93.123;2.553;-59.098;-65.316
2022-12-27;92.812;2.652;-56.73;-62.382
2022-12-28;92.953;2.61;-56.732;-62.779
2022-12-29;93.127;2.56;-55.353;-60.696
2022-12-30;92.697;2.697;-52.595;-57.548
2023-01-02;93.052;2.587;-54.528;-59.691
2023-01-03;93.095;2.575;-50.022;-54.611
2023-01-04;93.441;2.468;-50.098;-54.6
2023-01-05;93.266;2.527;-51.487;-55.566
2023-01-06;93.53;2.446;-52.424;-56.341
2023-01-09;93.468;2.467;-50.229;-53.925
2023-01-10;93.25;2.537;-47.032;-50.501
2023-01-11;93.554;2.443;-46.636;-49.844
2023-01-12;93.73;2.392;-47.512;-50.346
2023-01-13;93.649;2.419;-45.243;-48.871
2023-01-16;93.711;2.401;-45.962;-49.055
2023-01-17;94.125;2.272;-48.572;-52.114
2023-01-18;94.207;2.248;-51.539;-54.465
2023-01-19;93.995;2.319;-49.582;-52.569
2023-01-20;93.79;2.385;-50.416;-54.149
2023-01-23;93.677;2.422;-51.8;-55.969
2023-01-24;93.873;2.362;-54.037;-58.227
2023-01-25;93.923;2.347;-54.812;-59.12
2023-01-26;93.725;2.415;-53.044;-56.908
2023-01-27;93.595;2.457;-50.501;-54.549
2023-01-30;93.31;2.55;-48.657;-52.93
2023-01-31;93.413;2.519;-48.031;-52.638
2023-02-01;93.375;2.533;-47.306;-51.991
2023-02-02;94.112;2.302;-50.426;-55.101
2023-02-03;93.874;2.379;-50.605;-55.11
2023-02-06;93.505;2.499;-48.796;-53.502
2023-02-07;93.339;2.554;-47.202;-51.944
2023-02-08;93.337;2.556;-45.863;-50.666
2023-02-09;93.5;2.509;-48.773;-53.942
2023-02-10;93.231;2.597;-46.533;-51.439
2023-02-13;93.182;2.615;-47.522;-53.002
2023-02-14;92.824;2.733;-44.608;-50.212
2023-02-15;92.794;2.745;-46.364;-51.949
2023-02-16;92.781;2.755;-46.074;-51.981
2023-02-17;92.859;2.731;-46.893;-53.143
2023-02-20;92.767;2.763;-45.725;-51.923
2023-02-21;92.542;2.839;-43.76;-50.853
2023-02-22;92.533;2.844;-43.213;-49.16
2023-02-23;92.626;2.819;-45.18;-50.615
2023-02-24;92.368;2.906;-45.586;-51.564
2023-02-27;92.269;2.941;-47.211;-53.794
2023-02-28;92.002;3.032;-44.975;-51.915
2023-03-01;91.799;3.102;-43.731;-50.539
2023-03-02;91.836;3.096;-44.687;-52.185
2023-03-03;91.847;3.094;-43.181;-49.867
2023-03-06;91.656;3.161;-40.557;-47.217
2023-03-07;91.803;3.113;-43.156;-50.43
2023-03-08;91.784;3.122;-42.543;-50.09
2023-03-09;91.945;3.074;-43.234;-50.524
2023-03-10;92.273;2.966;-43.753;-50.944
2023-03-13;93.184;2.663;-51.955;-60.051
2023-03-14;92.768;2.804;-54.515;-57.143
2023-03-15;93.998;2.397;-68.0;-74.707
2023-03-16;93.455;2.582;-58.838;-61.636
2023-03-17;94.088;2.374;-64.587;-68.683
2023-03-20;94.128;2.362;-59.915;-64.508
2023-03-21;93.471;2.581;-52.276;-55.38
2023-03-22;93.239;2.661;-51.686;-56.072
2023-03-23;93.903;2.444;-59.603;-65.554
2023-03-24;94.275;2.323;-62.618;-68.823
2023-03-27;93.947;2.433;-57.586;-63.111
2023-03-28;93.771;2.493;-56.771;-62.505
2023-03-29;93.605;2.55;-54.584;-60.636
2023-03-30;93.388;2.629;-56.123;-61.552
2023-03-31;93.634;2.548;-58.396;-64.74
2023-04-03;93.646;2.545;-55.277;-61.154
2023-04-04;93.85;2.478;-54.402;-60.875
2023-04-05;94.001;2.436;-52.928;-57.698
2023-04-06;93.941;2.458;-52.538;-57.402
2023-04-07;93.941;2.458;-52.147;-57.023
2023-04-10;93.941;2.458;-51.593;-57.029
2023-04-11;93.499;2.609;-49.993;-54.798
2023-04-12;93.274;2.687;-49.307;-54.563
2023-04-13;93.329;2.674;-48.324;-54.168
2023-04-14;93.058;2.768;-46.348;-51.983
2023-04-17;93.144;2.741;-50.386;-57.594
2023-04-18;93.045;2.777;-50.236;-57.154
2023-04-19;92.825;2.854;-48.706;-55.48
2023-04-20;93.033;2.789;-49.891;-56.601
2023-04-21;92.993;2.804;-49.934;-56.213
2023-04-24;92.911;2.835;-51.062;-57.987
2023-04-25;93.284;2.708;-52.314;-59.516
2023-04-26;93.392;2.673;-54.596;-62.065
2023-04-27;93.215;2.741;-51.69;-57.615
2023-04-28;93.66;2.59;-54.51;-61.119
2023-05-01;93.66;2.59;-54.088;-61.451
2023-05-02;93.826;2.534;-54.272;-61.172
2023-05-03;93.832;2.534;-55.673;-62.506
2023-05-04;94.281;2.385;-58.24;-64.712
2023-05-05;93.953;2.499;-54.55;-60.017
2023-05-08;93.828;2.544;-53.766;-59.715
2023-05-09;93.726;2.581;-51.707;-57.452
2023-05-10;93.949;2.506;-53.268;-59.336
2023-05-11;94.128;2.449;-54.824;-60.269
2023-05-12;94.01;2.492;-56.385;-61.787
2023-05-15;93.979;2.504;-55.094;-60.916
2023-05-16;93.829;2.558;-54.845;-60.451
2023-05-17;93.72;2.598;-55.663;-61.39
2023-05-18;93.556;2.661;-57.4;-62.846
2023-05-19;93.554;2.663;-57.417;-63.041
2023-05-22;93.403;2.718;-55.367;-61.128
2023-05-23;93.386;2.726;-56.042;-62.057
2023-05-24;93.296;2.76;-55.525;-61.602
2023-05-25;93.123;2.827;-56.393;-62.173
2023-05-26;93.055;2.853;-55.977;-61.452
2023-05-29;93.279;2.776;-56.654;-62.911
2023-05-30;93.56;2.678;-55.509;-61.579
2023-05-31;93.753;2.612;-55.827;-61.592
2023-06-01;93.841;2.587;-55.275;-59.899
2023-06-02;93.682;2.645;-57.789;-62.34
2023-06-05;93.417;2.741;-53.145;-57.988
2023-06-06;93.611;2.674;-55.611;-60.315
2023-06-07;93.292;2.79;-53.08;-57.862
2023-06-08;93.442;2.742;-53.015;-57.304
2023-06-09;93.491;2.726;-55.108;-59.554
2023-06-12;93.429;2.751;;
2023-06-13;93.273;2.809;-52.173;-57.39
2023-06-14;93.18;2.844;-52.5;-57.492
2023-06-15;92.917;2.946;-53.205;-57.289
2023-06-16;92.96;2.932;-54.04;-58.123
2023-06-19;92.865;2.969;-54.063;-59.006
2023-06-20;93.042;2.907;-54.436;-59.729
2023-06-21;92.959;2.939;-54.928;-59.884
2023-06-22;92.757;3.02;-55.082;-59.596
2023-06-23;93.104;2.895;-55.455;-60.305
2023-06-26;93.193;2.865;-56.157;-61.139
2023-06-27;93.03;2.927;-57.034;-62.178
2023-06-28;93.171;2.877;-57.898;-63.121
2023-06-29;92.91;2.979;-57.841;-62.464
2023-06-30;92.92;2.978;-57.221;-61.844
2023-07-03;92.744;3.045;-56.555;-61.401
2023-07-04;92.825;3.018;-56.323;-60.918
2023-07-05;92.82;3.022;-54.89;-59.389
2023-07-06;92.524;3.139;-55.091;-59.446
2023-07-07;92.617;3.106;-55.458;-59.839
2023-07-10;92.511;3.148;-53.201;-57.445
2023-07-11;92.491;3.158;-53.36;-57.563
2023-07-12;92.774;3.055;-53.689;-57.709
2023-07-13;92.992;2.981;-53.888;-57.632
2023-07-14;92.87;3.029;-52.845;-56.448
2023-07-17;92.916;3.014;-52.018;-55.927
2023-07-18;93.158;2.926;-50.561;-54.163
2023-07-19;93.11;2.946;-52.157;-55.372
2023-07-20;92.997;2.995;-52.978;-56.44
2023-07-21;93.086;2.964;-53.855;-57.662
2023-07-24;93.242;2.908;-52.716;-56.418
2023-07-25;93.232;2.914;-53.069;-56.651
2023-07-26;93.072;2.976;-54.268;-57.753
2023-07-27;93.211;2.931;-53.386;-56.866
2023-07-28;93.2;2.937;-51.787;-54.872
2023-07-31;93.235;2.926;-52.646;-54.47
2023-08-01;93.209;2.938;-51.439;-54.447
2023-08-02;93.31;2.902;-52.483;-55.53
2023-08-03;93.267;2.925;-53.408;-55.955
2023-08-04;93.295;2.917;-53.454;-55.979
2023-08-07;93.371;2.891;-56.457;-59.688
2023-08-08;93.581;2.814;-58.433;-61.084
2023-08-09;93.517;2.84;-57.498;-60.257
2023-08-10;93.469;2.865;-57.737;-60.01
2023-08-11;93.28;2.939;-57.565;-59.908
2023-08-14;93.199;2.972;-55.954;-59.079
2023-08-15;93.141;2.996;-56.468;-59.468
2023-08-16;93.194;2.978;-55.595;-58.844
2023-08-17;93.111;3.017;-55.976;-58.31
2023-08-18;93.316;2.941;-56.831;-59.127
2023-08-21;93.142;3.01;-55.216;-57.916
2023-08-22;93.236;2.976;-54.505;-57.381
2023-08-23;93.562;2.854;-54.743;-57.661
2023-08-24;93.599;2.846;-56.2;-58.237
2023-08-25;93.415;2.919;-55.803;-57.927
2023-08-28;93.364;2.941;-54.294;-56.899
2023-08-29;93.447;2.911;-52.709;-55.181
2023-08-30;93.36;2.947;-51.735;-54.401
2023-08-31;93.653;2.841;-53.477;-56.218
2023-09-01;93.566;2.877;-53.344;-55.201
2023-09-04;93.456;2.922;-50.176;-52.829
2023-09-05;93.397;2.947;-47.823;-50.141
2023-09-06;93.253;3.005;-47.145;-49.139
2023-09-07;93.374;2.965;-49.15;-50.761
2023-09-08;93.399;2.958;-49.464;-51.387
2023-09-11;93.343;2.982;-48.419;-51.066
2023-09-12;93.288;3.006;-48.365;-51.496
2023-09-13;93.14;3.067;-46.818;-49.74
2023-09-14;93.316;3.005;-47.763;-50.425
2023-09-15;93.17;3.065;-45.772;-48.698
2023-09-18;93.076;3.105;-46.0;-49.662
2023-09-19;92.994;3.14;-44.645;-48.383
2023-09-20;93.078;3.109;-44.801;-48.396
2023-09-21;93.085;3.114;-47.01;-50.252
2023-09-22;93.11;3.106;-46.993;-50.304
2023-09-25;93.137;3.098;-45.789;-50.421
2023-09-26;93.129;3.104;-45.722;-49.755
2023-09-27;93.07;3.13;-44.478;-49.32
2023-09-28;92.938;3.191;-46.16;-49.962
2023-09-29;93.208;3.085;-48.387;-52.333
2023-10-02;93.139;3.115;-48.459;-53.386
2023-10-03;93.142;3.117;-48.674;-53.557
2023-10-04;93.239;3.08;-48.646;-53.637
2023-10-05;93.347;3.045;-49.84;-53.851
2023-10-06;93.273;3.077;-44.715;-48.507
2023-10-09;93.536;2.974;-45.909;-49.42
2023-10-10;93.489;2.995;-45.464;-48.967
2023-10-11;93.437;3.019;-45.38;-48.255
2023-10-12;93.309;3.078;-45.44;-48.601
2023-10-13;93.357;3.061;-45.368;-49.206
2023-10-16;93.298;3.087;-43.44;-46.924
2023-10-17;93.123;3.161;-43.54;-47.378
2023-10-18;93.087;3.178;-43.917;-47.067
2023-10-19;93.112;3.176;-45.75;-49.004
2023-10-20;93.294;3.105;-45.573;-49.242
2023-10-23;93.292;3.108;-43.974;-47.432
2023-10-24;93.409;3.063;-44.186;-47.754
2023-10-25;93.33;3.098;-42.32;-45.691
2023-10-26;93.453;3.055;-41.052;-43.872
2023-10-27;93.571;3.01;-41.22;-44.1
2023-10-30;93.678;2.969;-42.0;-45.967
2023-10-31;93.719;2.954;-42.982;-46.709
2023-11-01;93.798;2.925;-39.583;-42.791
2023-11-02;93.789;2.936;-39.133;-41.276
2023-11-03;93.904;2.891;-39.153;-41.04
2023-11-06;93.772;2.948;-36.91;-39.371
2023-11-07;93.84;2.922;-37.862;-40.545
2023-11-08;93.844;2.923;-37.917;-40.464
2023-11-09;93.846;2.93;-38.758;-40.297
2023-11-10;93.683;3.0;-36.754;-38.512
2023-11-13;93.704;2.993;-38.971;-41.54
2023-11-14;93.971;2.885;-39.329;-42.267
2023-11-15;93.879;2.926;-37.74;-40.218
2023-11-16;94.039;2.867;-39.046;-40.838
2023-11-17;94.002;2.885;-39.484;-41.052
2023-11-20;93.913;2.924;-36.243;-38.188
2023-11-21;94.0;2.891;-36.945;-39.295
2023-11-22;93.935;2.92;-37.762;-39.99
2023-11-23;93.86;2.959;-38.483;-39.933
2023-11-24;93.798;2.988;-37.436;-39.082
2023-11-27;94.027;2.894;-37.318;-39.312
2023-11-28;94.192;2.828;-37.717;-39.447
2023-11-29;94.444;2.725;-39.975;-42.669
2023-11-30;94.48;2.717;-39.093;-40.774
2023-12-01;94.789;2.59;-38.332;-40.268
2023-12-04;94.748;2.61;-35.836;-37.015
2023-12-05;94.973;2.518;-35.504;-37.16
2023-12-06;95.016;2.502;-38.763;-40.415
2023-12-07;95.11;2.47;-40.042;-40.853
2023-12-08;94.932;2.546;-40.413;-40.917
2023-12-11;94.864;2.577;-37.776;-39.097
2023-12-12;94.907;2.561;-38.108;-39.611
2023-12-13;95.032;2.511;-37.999;-39.557
2023-12-14;95.303;2.403;-39.781;-40.779
2023-12-15;95.468;2.336;-38.141;-38.774
2023-12-18;95.32;2.4;-37.201;-37.968
2023-12-19;95.463;2.342;-39.089;-40.252
2023-12-20;95.547;2.309;-37.085;-38.451
2023-12-21;95.658;2.272;-40.068;-40.638
2023-12-22;95.765;2.229;-41.07;-41.888
2023-12-25;95.765;2.229;-40.559;-41.995
2023-12-27;95.867;2.188;-41.488;-43.372
2023-12-28;95.863;2.197;-39.206;-40.554
2023-12-29;95.78;2.234;-38.714;-39.943
2024-01-01;95.78;2.234;-38.326;-39.97
2024-01-02;95.66;2.286;-36.53;-38.157
2024-01-03;95.762;2.245;-37.405;-39.227
2024-01-04;95.498;2.363;-36.556;-38.083
2024-01-05;95.426;2.396;-37.307;-39.071
2024-01-08;95.479;2.375;-37.732;-39.711
2024-01-09;95.342;2.436;-36.965;-38.828
2024-01-10;95.229;2.487;-35.035;-36.84
2024-01-11;95.304;2.461;-35.487;-37.35
2024-01-12;95.538;2.362;-35.786;-37.058
2024-01-15;95.368;2.438;-33.362;-34.123
2024-01-16;95.353;2.446;-33.058;-33.66
2024-01-17;95.116;2.552;-31.325;-31.774
2024-01-18;95.142;2.547;-31.473;-33.177
2024-01-19;95.031;2.598;-31.879;-33.21
2024-01-22;95.171;2.539;-32.474;-34.292
2024-01-23;95.117;2.565;-33.0;-35.246
2024-01-24;95.124;2.564;-32.76;-34.582
2024-01-25;95.349;2.472;-33.724;-35.184
2024-01-26;95.333;2.481;-33.947;-34.546
2024-01-29;95.476;2.421;-34.478;-35.351
2024-01-30;95.435;2.441;-36.043;-36.35
2024-01-31;95.621;2.361;-37.483;-37.959
2024-02-01;95.516;2.414;-34.037;-33.828
2024-02-02;95.244;2.536;-31.917;-31.541
2024-02-05;95.151;2.58;-32.083;-33.688
2024-02-06;95.225;2.549;-33.214;-35.186
2024-02-07;95.131;2.594;-31.687;-33.321
2024-02-08;95.081;2.623;-32.645;-33.108
2024-02-09;94.944;2.687;-31.17;-31.879
2024-02-12;95.021;2.655;-29.986;-31.511
2024-02-13;94.856;2.731;-28.967;-29.799
2024-02-14;94.97;2.683;-29.463;-30.809
2024-02-15;94.917;2.714;-28.903;-29.9
2024-02-16;94.816;2.762;-29.936;-30.359
2024-02-19;94.818;2.764;-28.218;-29.736
2024-02-20;94.932;2.715;-28.93;-31.021
2024-02-21;94.756;2.797;-27.622;-29.083
2024-02-22;94.681;2.84;-28.389;-28.776
2024-02-23;94.818;2.78;-28.169;-28.912
2024-02-26;94.66;2.855;-26.705;-27.648
2024-02-27;94.654;2.86;-26.678;-27.986
2024-02-28;94.694;2.845;-28.067;-29.415
2024-02-29;94.738;2.832;-28.331;-28.789
2024-03-01;94.796;2.808;-29.794;-30.266
2024-03-04;94.761;2.827;-26.5;-27.71
2024-03-05;94.888;2.771;-27.592;-29.338
2024-03-06;94.885;2.775;-25.894;-27.15
2024-03-07;94.957;2.75;-27.653;-28.445
2024-03-08;95.121;2.677;-27.897;-28.612
2024-03-11;95.039;2.717;-26.492;-27.814
2024-03-12;94.978;2.748;-26.526;-28.207
2024-03-13;94.945;2.766;-27.511;-28.985
2024-03-14;94.907;2.792;-30.841;-31.643
2024-03-15;94.866;2.814;-31.55;-32.541
2024-03-18;94.876;2.812;-31.13;-33.166
2024-03-19;94.899;2.804;-30.0;-32.026
2024-03-20;94.857;2.826;-29.067;-31.03
2024-03-21;94.967;2.783;-29.63;-30.736
2024-03-22;95.068;2.738;-29.755;-30.529
2024-03-25;94.956;2.794;-29.132;-30.22
2024-03-26;94.967;2.791;-27.923;-29.174
2024-03-27;95.119;2.733;-31.094;-31.239
2024-03-28;95.1;2.744;-30.968;-30.772
2024-03-29;95.1;2.744;-30.629;-30.673
2024-04-02;95.121;2.737;-30.362;-31.914
2024-04-03;95.098;2.751;-30.678;-31.781
2024-04-04;95.092;2.762;-30.214;-30.895
2024-04-05;95.086;2.767;-31.83;-32.44
2024-04-08;94.975;2.823;-28.835;-30.566
2024-04-09;95.049;2.791;-29.978;-32.213
2024-04-10;94.898;2.866;-30.481;-31.508
2024-04-11;94.941;2.854;-34.412;-35.253
2024-04-12;95.141;2.76;-34.404;-35.838
2024-04-15;95.029;2.817;-32.756;-34.236
2024-04-16;94.971;2.848;-35.141;-36.975
2024-04-17;94.957;2.858;-33.195;-35.058
2024-04-18;94.897;2.896;-33.228;-34.322
2024-04-19;94.846;2.924;-31.678;-32.714
2024-04-22;94.931;2.885;-32.054;-34.205
2024-04-23;94.887;2.91;-30.614;-32.549
2024-04-24;94.786;2.962;-30.483;-31.942
2024-04-25;94.716;3.006;-30.9;-31.247
2024-04-26;94.785;2.975;-30.741;-31.403
2024-04-29;94.856;2.946;-30.098;-31.09
2024-04-30;94.702;3.025;-29.936;-30.286
2024-05-02;94.822;2.975;-31.325;-32.209
2024-05-03;94.959;2.91;-30.762;-31.323
2024-05-06;94.986;2.9;-29.501;-30.643
2024-05-07;95.029;2.882;-29.941;-31.406
2024-05-08;94.963;2.917;-29.326;-30.55
2024-05-09;94.974;2.921;-30.639;-31.185
2024-05-10;94.91;2.956;-29.907;-29.993
2024-05-13;94.897;2.966;-27.812;-28.947
2024-05-14;94.855;2.99;-27.181;-28.111
2024-05-15;95.064;2.888;-28.118;-29.504
2024-05-16;95.022;2.919;-29.406;-29.906
2024-05-17;94.911;2.978;-29.173;-29.213
2024-05-20;94.921;2.976;-28.753;-29.493
2024-05-21;94.975;2.952;-29.454;-30.348
2024-05-22;94.911;2.987;-30.267;-30.867
2024-05-23;94.798;3.055;-30.235;-30.004
2024-05-24;94.864;3.024;-35.512;-35.354
2024-05-27;94.885;3.017;-29.798;-30.279
2024-05-28;94.861;3.032;-30.712;-30.715
2024-05-29;94.799;3.067;-30.237;-30.788
2024-05-30;94.867;3.043;-30.283;-30.374
2024-05-31;94.832;3.064;-30.862;-30.268
2024-06-03;94.967;2.998;-29.692;-30.307
2024-06-04;95.044;2.961;-29.439;-30.263
2024-06-05;95.061;2.956;-28.545;-29.271
2024-06-06;95.006;2.994;-29.851;-29.391
2024-06-07;94.889;3.058;-28.925;-28.03
2024-06-10;94.886;3.063;-29.85;-30.061
2024-06-11;95.0;3.007;-31.984;-32.55
2024-06-12;95.143;2.936;-31.225;-32.255
2024-06-13;95.301;2.863;-35.167;-35.427
2024-06-14;95.498;2.763;-40.399;-40.778
2024-06-17;95.409;2.813;-36.67;-37.082
2024-06-18;95.453;2.793;-36.612;-36.892
2024-06-19;95.449;2.798;-36.897;-37.324
2024-06-20;95.427;2.819;-36.991;-37.039
2024-06-21;95.505;2.781;-37.98;-38.308
2024-06-24;95.47;2.802;-35.354;-35.965
2024-06-25;95.487;2.797;-35.122;-36.241
2024-06-26;95.456;2.816;-35.009;-36.263
2024-06-27;95.497;2.804;-36.945;-37.947
2024-06-28;95.449;2.832;-35.182;-36.255
2024-07-01;95.292;2.919;-30.394;-31.587
2024-07-02;95.35;2.891;-30.617;-31.94
2024-07-03;95.334;2.903;-29.473;-30.771
2024-07-04;95.306;2.928;-29.31;-30.468
2024-07-05;95.421;2.87;-30.082;-31.359
2024-07-08;95.384;2.893;-28.171;-29.603
2024-07-09;95.343;2.918;-27.359;-28.769
2024-07-10;95.419;2.88;-28.676;-30.207
2024-07-11;95.637;2.773;-30.145;-31.792
2024-07-12;95.602;2.795;-30.39;-31.665
2024-07-15;95.647;2.774;-29.815;-30.346
2024-07-16;95.706;2.745;-29.596;-30.079
2024-07-17;95.701;2.751;-30.044;-30.179
2024-07-18;95.737;2.74;-30.424;-30.482
2024-07-19;95.709;2.759;-30.197;-30.502
2024-07-22;95.662;2.787;-30.172;-30.918
2024-07-23;95.784;2.724;-32.23;-33.046
2024-07-24;95.885;2.672;-32.82;-33.986
2024-07-25;95.939;2.652;-33.559;-33.462
2024-07-26;95.985;2.63;-34.203;-33.419
2024-07-29;96.032;2.607;-33.974;-33.738
2024-07-30;96.112;2.566;-33.625;-33.252
2024-07-31;96.139;2.554;-33.127;-32.611
2024-08-01;96.285;2.482;-35.577;-34.061
2024-08-02;96.469;2.384;-38.196;-36.802
2024-08-05;96.482;2.38;-37.816;-35.725
2024-08-06;96.417;2.418;-35.953;-31.339
2024-08-07;96.384;2.439;-35.94;-32.519
2024-08-08;96.428;2.423;-36.732;-33.613
2024-08-09;96.445;2.416;-36.334;-31.982
2024-08-12;96.437;2.424;-34.555;-31.296
2024-08-13;96.542;2.368;-36.387;-32.441
2024-08-14;96.513;2.387;-33.885;-29.735
2024-08-15;96.34;2.492;-34.55;-27.985
2024-08-16;96.396;2.463;-34.493;-28.28
2024-08-19;96.405;2.461;-34.371;-29.735
2024-08-20;96.457;2.435;-33.544;-28.695
2024-08-21;96.546;2.387;-34.216;-29.663
2024-08-22;96.487;2.429;-33.802;-29.319
2024-08-23;96.543;2.4;-34.318;-29.236
2024-08-26;96.516;2.418;-33.446;-29.807
2024-08-27;96.51;2.424;-33.035;-28.814
2024-08-28;96.548;2.406;-33.128;-29.506
2024-08-29;96.61;2.379;-34.354;-29.614
2024-08-30;96.567;2.406;-34.778;-28.968
2024-09-02;96.522;2.435;-33.321;-27.666
2024-09-03;96.583;2.402;-32.689;-28.829
2024-09-04;96.681;2.349;-34.497;-29.895
2024-09-05;96.747;2.32;-35.124;-29.364
2024-09-06;96.877;2.248;-35.374;-30.689
2024-09-09;96.901;2.236;-33.263;-28.365
2024-09-10;96.97;2.199;-34.203;-28.973
2024-09-11;97.027;2.169;-35.145;-29.536
2024-09-12;96.923;2.237;-35.412;-28.607
2024-09-13;96.957;2.22;-34.426;-28.099
2024-09-16;97.014;2.189;-33.258;-28.574
2024-09-17;96.993;2.204;-35.298;-30.173
2024-09-18;96.884;2.27;-32.543;-26.765
2024-09-19;96.97;2.228;-34.825;-28.328
2024-09-20;96.956;2.239;-33.253;-25.688
2024-09-23;97.092;2.162;-33.129;-28.107
2024-09-24;97.187;2.109;-32.799;-28.133
2024-09-25;97.144;2.136;-33.076;-27.59
2024-09-26;97.144;2.144;-31.703;-25.739
2024-09-27;97.229;2.096;-31.045;-25.43
2024-09-30;97.241;2.092;-30.209;-24.809
2024-10-01;97.327;2.043;-31.839;-26.914
2024-10-02;97.301;2.061;-30.804;-25.904
2024-10-03;97.247;2.1;-31.393;-25.348
2024-10-04;97.07;2.208;-31.819;-24.969
2024-10-07;96.998;2.254;-31.849;-25.395
2024-10-08;97.026;2.24;-30.846;-24.557
2024-10-09;96.977;2.272;-30.824;-24.153
2024-10-10;97.034;2.246;-32.732;-25.689
2024-10-11;97.038;2.246;-30.432;-23.744
2024-10-14;97.011;2.265;-28.157;-22.433
2024-10-15;97.072;2.231;-26.231;-20.978
2024-10-16;97.136;2.195;-26.127;-21.101
2024-10-17;97.184;2.174;-26.082;-20.736
2024-10-18;97.257;2.132;-25.694;-21.014
2024-10-21;97.146;2.203;-23.678;-17.927
2024-10-22;97.114;2.225;-22.858;-17.039
2024-10-23;97.233;2.155;-23.5;-19.503
2024-10-24;97.284;2.131;-24.366;-18.856
2024-10-25;97.233;2.165;-22.52;-16.312
2024-10-28;97.274;2.143;-21.847;-17.241
2024-10-29;97.205;2.188;-18.903;-13.723
2024-10-30;97.045;2.29;-18.62;-12.315
2024-10-31;97.025;2.311;-19.859;-12.475
2024-11-01;97.087;2.275;-21.28;-15.219
2024-11-04;97.069;2.29;-20.485;-15.513
2024-11-05;97.021;2.323;-20.816;-16.085
2024-11-06;97.218;2.202;-19.886;-16.337
2024-11-07;97.177;2.236;-18.517;-12.858
2024-11-08;97.226;2.208;-19.578;-12.867
2024-11-11;97.299;2.165;-17.464;-12.72
2024-11-12;97.327;2.15;-18.774;-13.55
2024-11-13;97.302;2.169;-18.437;-12.601
2024-11-14;97.393;2.119;-18.286;-12.522
2024-11-15;97.375;2.133;-16.706;-10.95
2024-11-18;97.282;2.195;-11.215;-5.248
2024-11-19;97.354;2.152;-20.786;-14.37
2024-11-20;97.37;2.145;-21.501;-16.116
2024-11-21;97.401;2.133;-22.042;-17.281
2024-11-22;97.592;2.013;-22.228;-19.39
2024-11-25;97.544;2.047;-21.52;-17.593
2024-11-26;97.552;2.044;-23.532;-18.235
2024-11-27;97.52;2.067;-22.202;-17.17
2024-11-28;97.58;2.036;-22.19;-17.639
2024-11-29;97.662;1.986;-22.21;-17.791
2024-12-02;97.741;1.937;-21.09;-17.592
2024-12-03;97.688;1.974;-20.367;-14.936
2024-12-04;97.671;1.988;-21.659;-15.806
2024-12-05;97.593;2.046;-19.934;-14.411
2024-12-06;97.618;2.033;-20.215;-15.355
2024-12-09;97.633;2.025;-18.637;-15.348
2024-12-10;97.683;1.995;-19.176;-16.034
2024-12-11;97.707;1.982;-20.098;-16.936
2024-12-12;97.614;2.051;-18.868;-15.118
2024-12-13;97.552;2.095;-19.956;-15.422
2024-12-16;97.584;2.077;-19.329;-16.085
2024-12-17;97.577;2.084;-19.84;-16.771
2024-12-18;97.612;2.063;-19.432;-16.734
2024-12-19;97.598;2.081;-20.139;-16.68
2024-12-20;97.63;2.062;-19.371;-16.371
2024-12-23;97.621;2.077;-19.456;-16.986
2024-12-24;97.621;2.085;-18.501;-16.378
2024-12-25;97.621;2.085;-16.706;-14.764
2024-12-27;97.59;2.109;-15.117;-13.386
2024-12-30;97.626;2.09;-15.081;-13.422
2024-12-31;97.626;2.093;-15.15;-13.49
2025-01-01;97.626;2.093;-14.787;-13.306
2025-01-02;97.61;2.113;-15.404;-14.182
2025-01-03;97.536;2.167;-14.34;-12.986
2025-01-06;97.491;2.201;-14.812;-14.151
2025-01-07;97.493;2.203;-15.078;-14.844
2025-01-08;97.486;2.211;-14.576;-14.457
2025-01-09;97.458;2.24;-14.093;-14.044
2025-01-10;97.397;2.286;-13.258;-13.609
2025-01-13;97.389;2.295;-13.466;-14.027
2025-01-14;97.361;2.318;-12.828;-14.432
2025-01-15;97.416;2.282;-11.552;-12.144
2025-01-16;97.47;2.254;-12.547;-13.164
2025-01-17;97.481;2.249;-13.145;-13.198
2025-01-20;97.491;2.245;-13.505;-12.707
2025-01-21;97.511;2.234;-14.393;-13.252
2025-01-22;97.482;2.258;-12.862;-11.2
2025-01-23;97.497;2.258;-13.885;-11.981
2025-01-24;97.421;2.315;-12.642;-10.441
2025-01-27;97.451;2.297;-11.834;-10.432
2025-01-28;97.452;2.3;-13.37;-11.798
2025-01-29;97.469;2.291;-14.707;-13.451
2025-01-30;97.566;2.231;-15.544;-13.741
2025-01-31;97.684;2.148;-16.773;-14.965
2025-02-03;97.804;2.064;-18.834;-16.208
2025-02-04;97.782;2.083;-18.875;-14.299
2025-02-05;97.78;2.088;-18.181;-13.768
2025-02-06;97.79;2.09;-18.563;-13.232
2025-02-07;97.803;2.083;-18.327;-13.084
2025-02-10;97.833;2.064;-18.264;-13.814
2025-02-11;97.77;2.114;-18.027;-13.741
2025-02-12;97.712;2.16;-17.431;-13.282
2025-02-13;97.781;2.118;-18.791;-14.539
2025-02-14;97.755;2.141;-18.868;-14.739
2025-02-17;97.732;2.161;-17.584;-13.735
2025-02-18;97.748;2.152;-17.671;-13.738
2025-02-19;97.696;2.195;-17.36;-12.932
2025-02-20;97.746;2.167;-18.551;-12.953
2025-02-21;97.818;2.116;-20.359;-14.596
2025-02-24;97.838;2.104;-19.582;-13.986
2025-02-25;97.872;2.082;-19.93;-14.071
2025-02-26;97.863;2.092;-19.429;-12.815
2025-02-27;97.92;2.058;-20.024;-13.081
2025-02-28;97.936;2.049;-20.275;-12.396
2025-03-03;97.883;2.092;-18.575;-10.416
2025-03-04;97.914;2.072;-18.811;-11.503
2025-03-05;97.736;2.212;-17.365;-9.378
2025-03-06;97.745;2.216;-17.681;-10.257
2025-03-07;97.741;2.222;-16.793;-10.223
2025-03-10;97.786;2.191;-17.37;-11.167
2025-03-11;97.812;2.174;-17.254;-11.634
2025-03-12;97.788;2.196;-16.634;-10.102
2025-03-13;97.845;2.162;-17.711;-11.003
2025-03-14;97.845;2.165;-17.316;-12.009
2025-03-17;97.844;2.169;-17.115;-13.214
2025-03-18;97.859;2.161;-17.907;-13.681
2025-03-19;97.846;2.175;-17.492;-13.624
2025-03-20;97.882;2.157;-18.08;-12.848
2025-03-21;97.927;2.124;-18.81;-13.568
2025-03-24;97.939;2.118;-18.614;-14.348
2025-03-25;97.932;2.127;-18.66;-14.308
2025-03-26;97.95;2.116;-18.499;-13.797
2025-03-27;98.02;2.07;-19.2;-14.146
2025-03-28;98.065;2.037;-19.74;-14.44
2025-03-31;98.033;2.066;-18.385;-13.12
2025-04-01;98.053;2.053;-18.234;-12.029
2025-04-02;98.046;2.062;-17.806;-12.547
2025-04-03;98.135;2.0;-18.395;-11.883
2025-04-04;98.219;1.934;-18.865;-11.675
2025-04-07;98.28;1.887;-21.499;-17.057
2025-04-08;98.28;1.89;-22.897;-15.029
2025-04-09;98.379;1.812;-23.707;-18.513
2025-04-10;98.329;1.862;-22.917;-14.459
2025-04-11;98.294;1.894;-21.071;-14.578
2025-04-14;98.341;1.858;-20.746;-14.632
2025-04-15;98.364;1.842;-21.014;-15.226
2025-04-16;98.394;1.832;-21.789;-14.3
2025-04-17;98.48;1.762;-21.756;-14.405
2025-04-18;98.48;1.762;-22.706;-15.382
2025-04-22;98.513;1.737;-22.18;-17.813
2025-04-23;98.443;1.799;-21.045;-13.313
2025-04-24;98.499;1.76;-20.758;-14.326
2025-04-25;98.471;1.787;-20.117;-14.015
2025-04-28;98.456;1.803;-19.351;-13.601
2025-04-29;98.47;1.797;-20.307;-14.427
2025-04-30;98.503;1.777;-19.286;-13.035
2025-05-02;98.442;1.833;-17.983;-12.338
2025-05-05;98.469;1.813;-18.488;-13.802
2025-05-06;98.492;1.796;-19.396;-15.565
2025-05-07;98.513;1.78;-19.199;-15.678
2025-05-08;98.483;1.816;-19.735;-14.273
2025-05-09;98.473;1.828;-19.421;-13.075
2025-05-12;98.36;1.931;-18.021;-11.263
2025-05-13;98.357;1.937;-17.63;-11.293
2025-05-14;98.368;1.93;-19.1;-13.658
2025-05-15;98.414;1.899;-18.778;-13.67
2025-05-16;98.455;1.866;-20.76;-15.672
2025-05-19;98.462;1.863;-20.106;-14.895
2025-05-20;98.474;1.855;-20.34;-15.546
2025-05-21;98.458;1.873;-20.098;-14.698
2025-05-22;98.496;1.848;-20.538;-15.133
2025-05-23;98.577;1.778;-22.403;-17.704
2025-05-26;98.548;1.808;-20.468;-15.88
2025-05-27;98.556;1.803;-20.504;-14.775
2025-05-28;98.521;1.839;-17.835;-11.295
2025-05-29;98.56;1.813;-18.771;-12.875
2025-05-30;98.554;1.821;-19.154;-13.676
2025-06-02;98.536;1.841;-17.042;-12.195
2025-06-03;98.554;1.828;-17.189;-13.161
2025-06-04;98.55;1.835;-17.108;-12.874
2025-06-05;98.484;1.907;-16.094;-9.384
2025-06-06;98.491;1.904;-16.406;-9.31
2025-06-09;98.52;1.88;-16.762;-11.422
2025-06-10;98.529;1.875;-16.186;-10.887
2025-06-11;98.522;1.885;-14.926;-10.122
2025-06-12;98.55;1.869;-15.894;-10.675
2025-06-13;98.517;1.904;-15.745;-9.859
2025-06-16;98.522;1.903;-14.043;-9.379
2025-06-17;98.505;1.923;-14.204;-9.763
2025-06-18;98.544;1.889;-15.98;-11.945
2025-06-19;98.562;1.882;-15.854;-11.539
2025-06-20;98.562;1.886;-15.52;-11.226
2025-06-23;98.572;1.88;-14.563;-11.347
2025-06-24;98.567;1.888;-13.53;-10.918
2025-06-25;98.588;1.871;-14.274;-11.863
2025-06-26;98.608;1.862;-13.571;-11.358
2025-06-27;98.586;1.888;-13.072;-10.559
2025-06-30;98.598;1.88;-13.595;-11.973
2025-07-01;98.61;1.871;-13.646;-12.311
2025-07-02;98.622;1.863;-14.253;-12.766
2025-07-03;98.64;1.856;-13.378;-12.275
2025-07-04;98.665;1.834;-14.19;-13.246
2025-07-07;98.654;1.849;-12.819;-12.191
2025-07-08;98.639;1.868;-12.308;-11.764
2025-07-09;98.65;1.86;-13.965;-13.781
2025-07-10;98.639;1.883;-13.744;-14.01
2025-07-11;98.631;1.895;-13.318;-13.862
2025-07-14;98.652;1.877;-13.808;-15.049
2025-07-15;98.667;1.865;-14.432;-15.304
2025-07-16;98.689;1.846;-15.381;-15.765
2025-07-17;98.69;1.856;-14.996;-15.183
2025-07-18;98.689;1.861;-14.808;-13.922
2025-07-21;98.709;1.844;-14.873;-14.326
2025-07-22;98.72;1.836;-15.201;-13.762
2025-07-23;98.713;1.847;-15.182;-13.745
2025-07-24;98.645;1.931;-11.206;-9.285
2025-07-25;98.633;1.948;-10.303;-9.034
2025-07-28;98.654;1.929;-11.054;-12.815
2025-07-29;98.652;1.935;-11.059;-11.806
2025-07-30;98.642;1.95;-10.441;-11.214
2025-07-31;98.643;1.962;-10.314;-9.844
2025-08-01;98.683;1.922;-12.28;-11.724
2025-08-04;98.705;1.902;-12.86;-13.331
2025-08-05;98.707;1.904;-12.872;-13.283
2025-08-06;98.699;1.917;-12.328;-13.291
2025-08-07;98.715;1.912;-12.918;-12.869
2025-08-08;98.687;1.947;-11.125;-10.611
2025-08-11;98.696;1.941;-12.108;-12.448
2025-08-12;98.695;1.946;-11.307;-12.439
2025-08-13;98.708;1.936;-11.338;-12.562
2025-08-14;98.712;1.944;-11.156;-11.829
2025-08-15;98.713;1.948;-11.795;-12.27
2025-08-18;98.72;1.944;-11.784;-13.741
2025-08-19;98.725;1.943;-11.855;-13.257
2025-08-20;98.751;1.917;-13.146;-14.192
2025-08-21;98.739;1.944;-12.898;-11.589
2025-08-22;98.761;1.923;-13.915;-11.703
2025-08-25;98.751;1.939;-13.376;-12.703
2025-08-26;98.766;1.926;-13.379;-12.158
2025-08-27;98.77;1.925;-12.407;-11.544
2025-08-28;98.771;1.938;-12.514;-10.926
2025-08-29;98.776;1.936;-12.74;-11.252
2025-09-01;98.767;1.951;-11.649;-11.748
2025-09-02;98.756;1.969;-11.029;-11.264
2025-09-03;98.783;1.941;-12.772;-13.649
2025-09-04;98.79;1.947;-12.768;-12.683
2025-09-05;98.808;1.93;-13.407;-13.3
2025-09-08;98.812;1.929;-13.406;-14.854
2025-09-09;98.804;1.944;-12.576;-14.0
2025-09-10;98.805;1.947;-13.433;-15.019
2025-09-11;98.809;1.956;-13.9;-14.349
2025-09-12;98.808;1.962;-14.247;-13.901
2025-09-15;98.812;1.962;-14.421;-14.657
2025-09-16;98.823;1.953;-14.715;-14.027
2025-09-17;98.819;1.963;-14.075;-13.256
2025-09-18;98.821;1.975;-13.323;-12.138
2025-09-19;98.82;1.981;-12.832;-12.048
2025-09-22;98.83;1.974;-13.149;-13.825
2025-09-23;98.834;1.974;-13.576;-13.519
2025-09-24;98.846;1.963;-14.203;-14.437
2025-09-25;98.85;1.973;-14.261;-13.438
2025-09-26;98.857;1.969;-14.255;-14.386
2025-09-29;98.862;1.968;-14.821;-15.443
2025-09-30;98.86;1.975;-13.835;-13.556
2025-10-01;98.86;1.98;-13.212;-11.985
2025-10-02;98.869;1.984;-12.877;-10.622
2025-10-03;98.861;2.0;-11.535;-9.878
2025-10-06;98.869;1.995;-11.382;-11.417
2025-10-07;98.87;1.999;-11.461;-11.637
2025-10-08;98.885;1.984;-11.643;-11.854
2025-10-09;98.893;1.989;-12.018;-10.753
2025-10-10;98.912;1.968;-12.665;-11.809
2025-10-13;98.928;1.952;-13.692;-14.793
2025-10-14;98.937;1.945;-14.365;-15.78
2025-10-15;98.95;1.932;-15.903;-16.763
2025-10-16;98.958;1.937;-15.244;-15.345
2025-10-17;98.957;1.943;-13.974;-14.288
2025-10-20;98.977;1.921;-16.044;-17.006
2025-10-21;98.988;1.911;-16.919;-18.678
2025-10-22;98.986;1.919;-16.135;-16.927
2025-10-23;98.986;1.935;-15.817;-14.792
2025-10-24;98.968;1.966;-14.942;-13.574
2025-10-27;98.978;1.957;-15.546;-16.714
2025-10-28;98.987;1.95;-16.345;-18.015
2025-10-29;98.995;1.944;-16.69;-17.866
2025-10-30;99.01;1.939;-17.631;-17.553
2025-10-31;99.032;1.912;-19.606;-20.264
2025-11-03;99.029;1.922;-19.88;-21.872
2025-11-04;99.042;1.908;-20.985;-22.535
2025-11-05;99.055;1.895;-22.435;-23.476
2025-11-06;99.065;1.896;-22.303;-22.205
2025-11-07;99.072;1.891;-23.275;-22.736
2025-11-10;99.073;1.895;-22.638;-22.998
2025-11-11;99.081;1.889;-23.472;-23.959
2025-11-12;99.086;1.887;-24.155;-25.364
2025-11-13;99.087;1.903;-23.522;-23.55
2025-11-14;99.095;1.896;-24.442;-23.942
2025-11-17;99.105;1.886;-24.923;-25.274
2025-11-18;99.12;1.868;-26.559;-28.394
2025-11-19;99.125;1.866;-27.006;-28.514
2025-11-20;99.138;1.863;-27.425;-26.585
2025-11-21;99.135;1.874;-25.506;-23.937
2025-11-24;99.158;1.843;-27.173;-26.653
2025-11-25;99.153;1.856;-27.173;-26.497
2025-11-26;99.149;1.869;-26.152;-25.21
2025-11-27;99.157;1.874;-26.383;-24.182
2025-11-28;99.159;1.876;-26.152;-23.521
2025-12-01;99.129;1.932;-21.597;-20.543
2025-12-02;99.131;1.935;-20.865;-19.688
2025-12-03;99.131;1.942;-18.638;-16.843
2025-12-04;99.14;1.946;-19.906;-17.7
2025-12-05;99.145;1.944;-19.693;-18.703
2025-12-08;99.132;1.973;-19.045;-19.136
2025-12-09;99.137;1.971;-18.884;-20.215
2025-12-10;99.133;1.985;-17.998;-18.963
2025-12-11;99.141;1.992;-17.781;-17.364
2025-12-12;99.142;1.997;-17.417;-16.733
2025-12-15;99.151;1.988;-18.061;-18.68
2025-12-16;99.161;1.978;-19.114;-20.004
2025-12-17;99.16;1.986;-17.631;-17.14
2025-12-18;99.176;1.979;-18.447;-16.11
2025-12-19;99.171;1.995;-17.124;-14.322
2025-12-22;99.186;1.975;-18.674;-17.864
2025-12-23;99.197;1.992;-17.307;-14.814
2025-12-24;99.197;1.999;-15.818;-12.882
2025-12-25;99.197;1.999;-15.747;-13.255
2025-12-29;99.208;1.986;-16.357;-15.972
2025-12-30;99.211;1.996;-15.542;-14.943
2025-12-31;99.211;2.019;-12.59;-10.961
2026-01-01;99.211;2.019;-12.226;-10.976
2026-01-02;99.212;2.025;-11.65;-10.318
2026-01-05;99.219;2.019;-11.817;-11.26
2026-01-06;99.226;2.013;-12.197;-11.806
2026-01-07;99.229;2.016;-12.139;-11.796
2026-01-08;99.242;2.014;-12.949;-12.846
2026-01-09;99.242;2.022;-12.211;-12.244
2026-01-12;99.254;2.006;-15.462;-15.862
2026-01-13;99.26;2.002;-15.459;-17.255
2026-01-14;99.276;1.977;-19.164;-19.992
2026-01-15;99.277;2.0;-16.895;-16.657
2026-01-16;99.275;2.013;-15.637;-15.502
2026-01-19;99.283;2.005;-16.641;-18.084
2026-01-20;99.291;1.996;-17.463;-18.436
2026-01-21;99.293;2.001;-15.973;-17.324
2026-01-22;99.304;2.003;-16.981;-16.7
2026-01-23;99.314;1.99;-18.036;-18.632
2026-01-26;99.326;1.972;-19.538;-20.726
2026-01-27;99.334;1.963;-20.408;-21.319
2026-01-28;99.336;1.968;-19.536;-19.897
2026-01-29;99.357;1.947;-21.993;-20.731
2026-01-30;99.358;1.954;-21.325;-21.281
2026-02-02;99.356;1.967;-19.975;-20.412
2026-02-03;99.36;1.967;-19.971;-21.088
2026-02-04;99.376;1.939;-22.714;-24.903
2026-02-05;99.386;1.943;-22.306;-22.957
2026-02-06;99.389;1.945;-22.098;-20.506
2026-02-09;99.398;1.933;-23.298;-20.881
2026-02-10;99.401;1.935;-23.088;-18.568
