;px_last;yld_ytm_mid;asset_swap_spd_mid;z_sprd_mid
2015-09-16;97.16;1.668;1.692;1.838
2015-09-17;97.294;1.66;8.779;9.462
2015-09-18;99.184;1.548;2.743;2.918
2015-09-21;98.553;1.585;1.511;1.606
2015-09-22;99.957;1.502;1.07;1.143
2015-09-23;99.961;1.502;1.081;1.156
2015-09-24;100.196;1.489;-0.319;-0.32
2015-09-25;99.364;1.537;1.313;1.428
2015-09-28;100.37;1.478;0.672;0.736
2015-09-29;100.507;1.471;0.303;0.349
2015-09-30;100.234;1.486;0.2;0.232
2015-10-01;100.914;1.447;-0.726;-0.729
2015-10-02;101.666;1.404;-0.537;-0.548
2015-10-05;100.593;1.466;-0.88;-0.895
2015-10-06;100.26;1.485;-0.652;-0.665
2015-10-07;100.41;1.476;-2.003;-2.086
2015-10-08;100.541;1.468;-2.845;-2.969
2015-10-09;99.935;1.504;-1.336;-1.4
2015-10-12;100.645;1.462;-1.892;-1.962
2015-10-13;100.297;1.483;-0.841;-0.864
2015-10-14;100.898;1.448;-0.893;-0.906
2015-10-15;100.727;1.458;-2.169;-2.253
2015-10-16;100.91;1.447;-1.774;-1.833
2015-10-19;100.58;1.466;-0.933;-0.952
2015-10-20;99.748;1.515;-2.497;-2.629
2015-10-21;100.882;1.449;-2.36;-2.452
2015-10-22;101.625;1.406;-2.639;-2.755
2015-10-23;101.217;1.429;-2.505;-2.608
2015-10-26;101.642;1.405;-2.357;-2.461
2015-10-27;102.762;1.341;-3.115;-3.215
2015-10-28;102.922;1.332;-5.144;-5.329
2015-10-29;101.392;1.419;-2.849;-2.971
2015-10-30;101.658;1.404;-3.203;-3.349
2015-11-02;100.889;1.448;-3.907;-4.089
2015-11-03;100.462;1.473;-3.257;-3.418
2015-11-04;100.134;1.492;-3.514;-3.715
2015-11-05;100.237;1.486;-3.598;-3.797
2015-11-06;99.169;1.549;-3.11;-3.287
2015-11-09;99.48;1.53;-2.49;-2.625
2015-11-10;99.5;1.529;-2.959;-3.129
2015-11-11;99.643;1.521;-2.202;-2.322
2015-11-12;99.812;1.511;-2.811;-2.974
2015-11-13;100.51;1.47;-2.543;-2.665
2015-11-16;100.575;1.466;-3.269;-3.434
2015-11-17;100.747;1.456;-1.09;-1.119
2015-11-18;101.255;1.427;-1.642;-1.701
2015-11-19;101.898;1.39;-2.089;-2.174
2015-11-20;102.34;1.365;-2.291;-2.365
2015-11-23;101.791;1.396;-0.864;-0.894
2015-11-24;101.755;1.398;-1.527;-1.593
2015-11-25;101.953;1.387;-1.934;-2.009
2015-11-26;101.852;1.392;-2.064;-2.152
2015-11-27;101.91;1.389;-2.272;-2.368
2015-11-30;101.493;1.413;-1.723;-1.793
2015-12-01;101.647;1.404;-1.326;-1.382
2015-12-02;101.653;1.404;-2.432;-2.549
2015-12-03;99.425;1.534;-5.791;-6.148
2015-12-04;99.215;1.546;-2.891;-3.055
2015-12-07;100.677;1.46;-2.971;-3.11
2015-12-08;101.078;1.437;-2.299;-2.392
2015-12-09;100.596;1.465;-0.948;-0.97
2015-12-10;100.725;1.457;-3.748;-3.932
2015-12-11;101.447;1.416;-1.927;-2.005
2015-12-14;100.864;1.449;-2.655;-2.769
2015-12-15;99.951;1.503;-3.409;-3.61
2015-12-16;99.418;1.534;-2.494;-2.625
2015-12-17;100.637;1.463;-2.078;-2.162
2015-12-18;101.584;1.408;-2.575;-2.687
2015-12-21;101.229;1.428;-2.317;-2.408
2015-12-22;100.157;1.491;-2.212;-2.325
2015-12-23;99.552;1.526;-2.426;-2.552
2015-12-24;99.371;1.537;-0.789;-0.806
2015-12-25;99.382;1.536;-0.846;-0.867
2015-12-28;100.737;1.457;-2.637;-2.751
2015-12-29;99.487;1.53;-3.699;-3.911
2015-12-30;99.358;1.538;-2.019;-2.119
2015-12-31;99.365;1.537;-2.211;-2.325
2016-01-01;99.355;1.538;-2.015;-2.114
2016-01-04;100.399;1.476;-3.816;-4.02
2016-01-05;100.725;1.457;-3.018;-3.158
2016-01-06;101.15;1.433;-2.296;-2.39
2016-01-07;100.521;1.469;-0.485;-0.481
2016-01-08;101.052;1.438;-0.948;-0.966
2016-01-11;100.986;1.442;-2.784;-2.906
2016-01-12;101.554;1.409;-1.325;-1.373
2016-01-13;101.943;1.387;-1.065;-1.094
2016-01-14;101.455;1.415;-1.419;-1.47
2016-01-15;101.923;1.388;-1.977;-2.055
2016-01-18;101.691;1.401;-1.773;-1.852
2016-01-19;101.663;1.403;-1.695;-1.768
2016-01-20;102.917;1.331;-3.388;-3.502
2016-01-21;103.332;1.307;-0.943;-0.963
2016-01-22;102.642;1.346;-1.157;-1.173
2016-01-25;102.916;1.33;-0.668;-0.667
2016-01-26;103.39;1.303;-0.879;-0.9
2016-01-27;103.465;1.299;2.48;2.588
2016-01-28;104.15;1.26;0.301;0.346
2016-01-29;105.439;1.188;0.246;0.273
2016-02-01;105.486;1.185;0.159;0.186
2016-02-02;105.879;1.164;1.419;1.484
2016-02-03;106.807;1.112;-0.274;-0.259
2016-02-04;106.214;1.145;1.428;1.489
2016-02-05;106.485;1.13;1.674;1.734
2016-02-08;107.961;1.049;1.891;1.933
2016-02-09;107.878;1.054;0.67;0.708
2016-02-10;107.407;1.079;2.761;2.815
2016-02-11;108.522;1.019;0.617;0.639
2016-02-12;107.317;1.084;0.452;0.478
2016-02-15;107.638;1.067;1.525;1.569
2016-02-16;107.024;1.1;1.858;1.889
2016-02-17;107.126;1.094;2.558;2.597
2016-02-18;108.182;1.037;3.645;3.692
2016-02-19;108.316;1.029;2.173;2.211
2016-02-22;109.019;0.992;1.755;1.77
2016-02-23;109.147;0.985;2.737;2.751
2016-02-24;109.715;0.954;2.299;2.319
2016-02-25;109.547;0.963;2.435;2.455
2016-02-26;109.044;0.99;2.724;2.739
2016-02-29;109.585;0.961;3.184;3.206
2016-03-01;108.559;1.016;3.039;3.073
2016-03-02;107.264;1.086;2.825;2.883
2016-03-03;107.944;1.049;2.388;2.444
2016-03-04;107.069;1.097;3.623;3.683
2016-03-07;106.784;1.112;3.407;3.484
2016-03-08;107.271;1.085;3.735;3.804
2016-03-09;106.356;1.136;3.838;3.94
2016-03-10;105.698;1.172;3.418;3.524
2016-03-11;106.16;1.146;3.426;3.523
2016-03-14;105.984;1.156;1.49;1.552
2016-03-15;105.643;1.175;2.643;2.729
2016-03-16;106.024;1.154;6.212;6.363
2016-03-17;107.585;1.068;3.303;3.364
2016-03-18;107.896;1.051;2.845;2.898
2016-03-21;107.328;1.082;3.061;3.119
2016-03-22;107.632;1.065;1.267;1.31
2016-03-23;107.941;1.048;3.03;3.083
2016-03-24;108.155;1.036;3.051;3.097
2016-03-25;108.147;1.037;1.977;2.023
2016-03-28;108.148;1.037;3.092;3.138
2016-03-29;109.016;0.989;3.565;3.576
2016-03-30;108.637;1.01;4.033;4.046
2016-03-31;108.743;1.004;3.646;3.661
2016-04-01;109.274;0.975;2.464;2.485
2016-04-04;109.453;0.966;2.169;2.191
2016-04-05;110.134;0.929;1.955;1.969
2016-04-06;109.519;0.962;2.185;2.208
2016-04-07;110.056;0.933;1.935;1.951
2016-04-08;109.654;0.954;2.126;2.149
2016-04-11;109.164;0.981;1.949;1.971
2016-04-12;108.075;1.04;1.938;1.982
2016-04-13;108.873;0.996;2.472;2.487
2016-04-14;108.258;1.029;1.615;1.651
2016-04-15;109.02;0.988;1.562;1.594
2016-04-18;108.391;1.022;2.302;2.347
2016-04-19;108.079;1.039;1.538;1.599
2016-04-20;108.334;1.025;0.157;0.212
2016-04-21;106.987;1.099;1.499;1.546
2016-04-22;106.766;1.111;2.023;2.098
2016-04-25;106.122;1.147;1.449;1.54
2016-04-26;105.31;1.192;1.266;1.344
2016-04-27;105.349;1.19;3.638;3.776
2016-04-28;105.747;1.167;1.876;1.96
2016-04-29;105.464;1.183;1.898;1.982
2016-05-02;105.881;1.16;1.451;1.542
2016-05-03;107.158;1.089;1.806;1.864
2016-05-04;107.034;1.096;1.835;1.887
2016-05-05;107.869;1.05;2.785;2.845
2016-05-06;108.128;1.035;0.227;0.286
2016-05-09;108.524;1.014;1.807;1.856
2016-05-10;108.661;1.006;1.875;1.911
2016-05-11;108.473;1.016;2.015;2.061
2016-05-12;107.846;1.05;1.263;1.317
2016-05-13;108.593;1.01;1.703;1.739
2016-05-16;108.23;1.029;0.971;1.011
2016-05-17;108.417;1.019;0.288;0.323
2016-05-18;107.792;1.053;-1.163;-1.123
2016-05-19;107.856;1.049;0.905;0.957
2016-05-20;107.946;1.044;0.466;0.511
2016-05-23;107.498;1.069;0.869;0.908
2016-05-24;107.52;1.068;1.183;1.232
2016-05-25;108.113;1.035;0.212;0.279
2016-05-26;108.241;1.028;0.922;0.958
2016-05-27;108.166;1.032;-0.425;-0.379
2016-05-30;107.604;1.063;0.452;0.505
2016-05-31;108.101;1.035;0.416;0.467
2016-06-01;108.216;1.029;0.086;0.15
2016-06-02;108.469;1.015;-0.14;-0.09
2016-06-03;109.532;0.957;0.812;0.884
2016-06-06;109.168;0.977;0.136;0.207
2016-06-07;109.771;0.944;-0.12;-0.049
2016-06-08;109.742;0.946;-0.182;-0.096
2016-06-09;110.389;0.911;-0.037;0.028
2016-06-10;110.909;0.883;0.029;0.095
2016-06-13;110.522;0.903;-0.173;-0.104
2016-06-14;111.048;0.875;-0.34;-0.263
2016-06-15;111.152;0.87;-0.292;-0.219
2016-06-16;111.691;0.841;-0.723;-0.637
2016-06-17;110.875;0.884;0.323;0.377
2016-06-20;110.048;0.928;0.882;0.943
2016-06-21;109.932;0.935;-0.022;0.035
2016-06-22;109.539;0.956;1.176;1.254
2016-06-23;108.724;1.0;0.059;0.117
2016-06-24;111.517;0.849;-0.351;-0.257
2016-06-27;113.238;0.759;1.139;1.196
2016-06-28;112.988;0.772;0.624;0.675
2016-06-29;113.295;0.756;-0.474;-0.375
2016-06-30;112.798;0.781;-2.829;-2.69
2016-07-01;113.665;0.736;-0.203;-0.127
2016-07-04;114.383;0.699;-0.005;0.033
2016-07-05;115.072;0.663;-0.206;-0.142
2016-07-06;115.022;0.666;-0.694;-0.605
2016-07-07;114.903;0.671;-1.277;-1.18
2016-07-08;115.407;0.645;-1.128;-1.026
2016-07-11;115.096;0.661;-1.875;-1.738
2016-07-12;114.013;0.717;-3.344;-3.171
2016-07-13;115.265;0.652;-3.104;-2.921
2016-07-14;114.679;0.682;-3.422;-3.239
2016-07-15;113.956;0.719;-4.008;-3.834
2016-07-18;114.373;0.698;-4.306;-4.124
2016-07-19;114.308;0.701;-4.534;-4.367
2016-07-20;113.811;0.727;-4.214;-4.035
2016-07-21;113.858;0.724;-4.84;-4.644
2016-07-22;114.133;0.71;-5.759;-5.536
2016-07-25;114.49;0.691;-5.851;-5.609
2016-07-26;114.437;0.694;-5.649;-5.42
2016-07-27;115.578;0.635;-5.564;-5.289
2016-07-28;115.994;0.613;-6.604;-6.285
2016-07-29;116.477;0.589;-6.195;-5.881
2016-08-01;116.462;0.589;-7.401;-7.045
2016-08-02;115.284;0.649;-7.838;-7.522
2016-08-03;115.469;0.64;-7.61;-7.281
2016-08-04;116.639;0.58;-9.271;-8.846
2016-08-05;115.889;0.618;-9.287;-8.897
2016-08-08;115.962;0.614;-9.83;-9.416
2016-08-09;116.649;0.579;-10.319;-9.841
2016-08-10;117.555;0.533;-11.391;-10.811
2016-08-11;117.136;0.554;-13.506;-12.851
2016-08-12;117.457;0.537;-13.262;-12.613
2016-08-15;116.957;0.563;-13.612;-12.978
2016-08-16;116.325;0.595;-13.95;-13.361
2016-08-17;116.84;0.568;-14.463;-13.789
2016-08-18;117.535;0.533;-14.755;-14.032
2016-08-19;116.801;0.57;-15.044;-14.358
2016-08-22;117.837;0.517;-15.439;-14.654
2016-08-23;118.123;0.503;-15.599;-14.792
2016-08-24;118.148;0.502;-16.294;-15.45
2016-08-25;117.916;0.513;-15.821;-15.009
2016-08-26;117.907;0.513;-16.262;-15.439
2016-08-29;117.96;0.51;-15.854;-15.039
2016-08-30;118.411;0.488;-15.744;-14.903
2016-08-31;117.806;0.518;-16.285;-15.485
2016-09-01;117.631;0.526;-15.881;-15.114
2016-09-02;117.114;0.552;-15.897;-15.18
2016-09-05;117.27;0.544;-15.686;-14.971
2016-09-06;118.154;0.5;-16.0;-15.226
2016-09-07;118.298;0.492;-16.214;-15.412
2016-09-08;117.113;0.552;-15.456;-14.743
2016-09-09;115.795;0.619;-16.925;-16.296
2016-09-12;115.464;0.636;-16.846;-16.242
2016-09-13;114.877;0.666;-17.463;-16.896
2016-09-14;115.522;0.633;-17.049;-16.445
2016-09-15;115.191;0.649;-16.976;-16.402
2016-09-16;115.668;0.625;-17.217;-16.602
2016-09-19;115.588;0.629;-18.087;-17.451
2016-09-20;116.49;0.582;-17.991;-17.266
2016-09-21;116.036;0.605;-18.16;-17.484
2016-09-22;117.862;0.512;-18.35;-17.484
2016-09-23;117.881;0.511;-18.14;-17.284
2016-09-26;118.34;0.488;-18.008;-17.111
2016-09-27;118.395;0.485;-18.294;-17.374
2016-09-28;118.641;0.472;-19.008;-18.028
2016-09-29;118.374;0.485;-18.924;-17.988
2016-09-30;118.052;0.502;-18.487;-17.599
2016-10-03;117.654;0.521;-18.834;-17.956
2016-10-04;117.158;0.547;-18.978;-18.132
2016-10-05;115.975;0.607;-19.07;-18.371
2016-10-06;115.972;0.607;-19.903;-19.183
2016-10-07;115.292;0.642;-19.106;-18.466
2016-10-10;114.237;0.697;-19.196;-18.69
2016-10-11;114.976;0.658;-19.983;-19.35
2016-10-12;114.411;0.687;-18.757;-18.221
2016-10-13;115.1;0.651;-19.297;-18.654
2016-10-14;114.705;0.671;-19.952;-19.34
2016-10-17;114.8;0.666;-19.872;-19.248
2016-10-18;115.364;0.637;-20.007;-19.297
2016-10-19;115.581;0.626;-20.52;-19.773
2016-10-20;116.122;0.597;-20.546;-19.746
2016-10-21;115.977;0.605;-20.349;-19.563
2016-10-24;115.506;0.629;-20.534;-19.787
2016-10-25;115.595;0.624;-20.531;-19.768
2016-10-26;114.574;0.677;-20.6;-19.95
2016-10-27;113.238;0.747;-20.522;-20.03
2016-10-28;113.536;0.731;-20.514;-19.958
2016-10-31;113.743;0.72;-20.56;-19.983
2016-11-01;113.321;0.743;-20.628;-20.1
2016-11-02;114.033;0.705;-21.58;-20.952
2016-11-03;113.298;0.743;-20.931;-20.374
2016-11-04;113.826;0.715;-21.444;-20.819
2016-11-07;113.554;0.73;-21.571;-20.985
2016-11-08;113.012;0.758;-21.236;-20.716
2016-11-09;112.368;0.793;-25.728;-25.269
2016-11-10;110.816;0.876;-21.996;-21.777
2016-11-11;110.469;0.895;-22.266;-22.068
2016-11-14;109.991;0.921;-20.768;-20.62
2016-11-15;110.197;0.91;-21.028;-20.869
2016-11-16;110.241;0.907;-20.764;-20.58
2016-11-17;110.441;0.896;-20.666;-20.464
2016-11-18;110.298;0.904;-20.059;-19.88
2016-11-21;110.393;0.899;-19.828;-19.637
2016-11-22;110.941;0.869;-20.626;-20.351
2016-11-23;110.61;0.886;-18.783;-18.616
2016-11-24;110.343;0.901;-19.624;-19.465
2016-11-25;110.282;0.904;-18.584;-18.424
2016-11-28;110.845;0.873;-18.01;-17.78
2016-11-29;110.695;0.881;-17.941;-17.743
2016-11-30;109.486;0.948;-18.556;-18.498
2016-12-01;107.868;1.038;-19.308;-19.412
2016-12-02;109.425;0.951;-18.109;-18.035
2016-12-05;108.745;0.989;-17.935;-17.952
2016-12-06;107.938;1.034;-19.352;-19.471
2016-12-07;108.265;1.015;-18.845;-18.923
2016-12-08;107.373;1.065;-18.437;-18.615
2016-12-09;107.032;1.085;-18.773;-19.051
2016-12-12;106.08;1.139;-18.386;-18.76
2016-12-13;107.01;1.086;-18.541;-18.811
2016-12-14;107.951;1.032;-18.769;-18.952
2016-12-15;107.038;1.084;-17.485;-17.726
2016-12-16;107.824;1.039;-18.357;-18.498
2016-12-19;109.036;0.971;-18.059;-18.051
2016-12-20;108.672;0.992;-18.524;-18.577
2016-12-21;109.105;0.967;-18.797;-18.784
2016-12-22;108.604;0.995;-18.768;-18.822
2016-12-23;109.166;0.964;-18.96;-18.936
2016-12-27;109.269;0.958;-18.18;-18.139
2016-12-28;109.394;0.951;-19.138;-19.095
2016-12-29;110.037;0.915;-18.896;-18.791
2016-12-30;109.526;0.943;-18.735;-18.686
2017-01-02;109.483;0.946;-19.158;-19.145
2017-01-03;108.692;0.99;-17.561;-17.624
2017-01-04;108.459;1.003;-18.391;-18.486
2017-01-05;109.101;0.966;-18.51;-18.501
2017-01-06;108.128;1.021;-18.67;-18.795
2017-01-09;108.409;1.005;-18.17;-18.264
2017-01-10;108.388;1.006;-18.237;-18.332
2017-01-11;109.051;0.969;-17.604;-17.635
2017-01-12;108.923;0.976;-18.247;-18.292
2017-01-13;108.431;1.003;-18.066;-18.173
2017-01-16;108.421;1.004;-18.787;-18.923
2017-01-17;108.534;0.998;-17.938;-18.04
2017-01-18;107.939;1.031;-18.159;-18.305
2017-01-19;107.211;1.072;-18.153;-18.372
2017-01-20;106.366;1.121;-17.921;-18.24
2017-01-23;107.306;1.067;-17.33;-17.531
2017-01-24;106.62;1.106;-17.851;-18.158
2017-01-25;105.719;1.158;-17.639;-18.006
2017-01-26;105.494;1.171;-17.475;-17.856
2017-01-27;105.917;1.146;-17.594;-17.903
2017-01-30;106.042;1.139;-18.212;-18.55
2017-01-31;106.121;1.134;-18.193;-18.526
2017-02-01;105.447;1.173;-17.71;-18.105
2017-02-02;106.137;1.133;-17.847;-18.183
2017-02-03;106.171;1.131;-17.542;-17.864
2017-02-06;106.272;1.125;-15.779;-16.052
2017-02-07;106.306;1.123;-16.03;-16.304
2017-02-08;107.106;1.077;-14.253;-14.411
2017-02-09;107.047;1.08;-15.119;-15.133
2017-02-10;106.291;1.124;-14.095;-14.338
2017-02-13;105.799;1.152;-13.863;-14.132
2017-02-14;105.132;1.191;-13.947;-14.296
2017-02-15;105.209;1.187;-13.959;-14.307
2017-02-16;105.938;1.144;-13.911;-14.187
2017-02-17;106.435;1.115;-14.201;-14.46
2017-02-20;106.254;1.126;-13.748;-14.001
2017-02-21;105.971;1.142;-13.402;-13.661
2017-02-22;106.321;1.122;-12.933;-13.155
2017-02-23;107.003;1.082;-12.852;-13.018
2017-02-24;107.809;1.036;-13.265;-13.348
2017-02-27;107.748;1.039;-13.409;-13.523
2017-02-28;107.78;1.038;-13.064;-13.176
2017-03-01;106.923;1.087;-12.353;-12.532
2017-03-02;106.082;1.135;-12.603;-12.848
2017-03-03;105.432;1.173;-13.126;-13.432
2017-03-06;105.596;1.163;-13.0;-13.266
2017-03-07;105.701;1.157;-12.894;-13.156
2017-03-08;105.285;1.181;-13.402;-13.711
2017-03-09;104.29;1.24;-14.097;-14.515
2017-03-10;103.799;1.269;-13.737;-14.17
2017-03-13;104.242;1.242;-14.474;-14.893
2017-03-14;104.838;1.207;-14.38;-14.754
2017-03-15;105.408;1.174;-14.176;-14.479
2017-03-16;104.926;1.202;-14.824;-15.253
2017-03-17;105.503;1.168;-14.714;-15.022
2017-03-20;105.348;1.177;-14.528;-14.842
2017-03-21;105.279;1.181;-14.152;-14.464
2017-03-22;105.935;1.143;-14.292;-14.542
2017-03-23;105.592;1.163;-13.799;-14.078
2017-03-24;105.798;1.15;-14.184;-14.451
2017-03-27;106.104;1.133;-13.466;-13.696
2017-03-28;106.321;1.12;-14.49;-14.729
2017-03-29;106.509;1.109;-13.961;-14.198
2017-03-30;106.55;1.106;-13.579;-13.806
2017-03-31;106.439;1.113;-13.516;-13.752
2017-04-03;106.925;1.085;-13.75;-13.944
2017-04-04;107.013;1.08;-13.982;-14.173
2017-04-05;106.952;1.083;-13.873;-14.073
2017-04-06;107.094;1.075;-13.738;-13.91
2017-04-07;107.517;1.05;-14.779;-14.928
2017-04-10;107.795;1.034;-14.328;-14.447
2017-04-11;107.919;1.027;-14.291;-14.386
2017-04-12;108.107;1.016;-14.332;-14.425
2017-04-13;108.522;0.992;-14.125;-14.169
2017-04-18;109.066;0.961;-14.45;-14.41
2017-04-19;108.669;0.984;-14.467;-14.47
2017-04-20;107.981;1.023;-14.528;-14.59
2017-04-21;107.516;1.05;-15.342;-15.441
2017-04-24;106.679;1.098;-14.461;-14.678
2017-04-25;105.868;1.145;-15.367;-15.652
2017-04-26;106.124;1.13;-15.61;-15.875
2017-04-27;106.716;1.095;-15.607;-15.852
2017-04-28;106.291;1.12;-15.445;-15.711
2017-05-02;106.203;1.125;-15.818;-16.106
2017-05-03;106.327;1.118;-15.824;-16.095
2017-05-04;105.416;1.171;-15.576;-15.922
2017-05-05;105.161;1.186;-15.885;-16.29
2017-05-08;105.25;1.181;-15.973;-16.343
2017-05-09;105.005;1.195;-15.363;-15.776
2017-05-10;105.298;1.178;-15.804;-16.174
2017-05-11;105.326;1.176;-15.267;-15.633
2017-05-12;105.8;1.148;-15.016;-15.322
2017-05-15;105.271;1.179;-14.979;-15.333
2017-05-16;105.167;1.185;-15.564;-15.965
2017-05-17;105.789;1.149;-13.666;-13.919
2017-05-18;105.994;1.136;-14.886;-15.178
2017-05-19;105.602;1.159;-14.495;-14.802
2017-05-22;105.196;1.183;-14.947;-15.303
2017-05-23;105.007;1.195;-15.008;-15.382
2017-05-24;105.011;1.194;-14.973;-15.344
2017-05-25;105.471;1.167;-15.107;-15.447
2017-05-26;105.955;1.138;-14.691;-14.951
2017-05-29;106.184;1.125;-15.349;-15.62
2017-05-30;106.16;1.126;-14.868;-15.133
2017-05-31;105.957;1.138;-15.549;-15.858
2017-06-01;105.769;1.149;-15.485;-15.8
2017-06-02;105.928;1.14;-15.606;-15.918
2017-06-05;105.731;1.151;-15.266;-15.639
2017-06-06;106.105;1.129;-15.107;-15.386
2017-06-07;106.186;1.124;-15.156;-15.44
2017-06-08;106.338;1.115;-15.08;-15.377
2017-06-09;106.173;1.125;-15.237;-15.517
2017-06-12;106.376;1.113;-15.073;-15.326
2017-06-13;106.135;1.127;-15.355;-15.628
2017-06-14;106.867;1.084;-15.608;-15.839
2017-06-15;106.369;1.113;-15.838;-16.103
2017-06-16;106.439;1.109;-16.061;-16.462
2017-06-19;106.527;1.104;-16.402;-16.682
2017-06-20;106.976;1.078;-16.148;-16.346
2017-06-21;107.33;1.057;-15.965;-16.103
2017-06-22;107.674;1.037;-16.343;-16.457
2017-06-23;107.327;1.057;-16.091;-16.402
2017-06-26;107.323;1.057;-16.574;-16.736
2017-06-27;105.86;1.143;-16.838;-17.13
2017-06-28;105.959;1.137;-16.303;-16.569
2017-06-29;104.843;1.203;-16.217;-16.642
2017-06-30;104.492;1.224;-16.421;-16.86
2017-07-03;104.147;1.244;-16.466;-16.933
2017-07-04;103.785;1.266;-16.463;-16.988
2017-07-05;103.857;1.262;-16.467;-16.987
2017-07-06;102.904;1.32;-16.487;-17.037
2017-07-07;102.693;1.333;-16.862;-17.52
2017-07-10;103.24;1.299;-16.616;-17.212
2017-07-11;103.234;1.299;-16.504;-17.099
2017-07-12;103.694;1.272;-16.633;-17.161
2017-07-13;103.466;1.285;-16.149;-16.699
2017-07-14;103.488;1.284;-16.455;-17.028
2017-07-17;103.602;1.277;-16.238;-16.77
2017-07-18;103.773;1.267;-16.447;-16.974
2017-07-19;104.15;1.244;-16.463;-16.952
2017-07-20;103.954;1.256;-16.29;-16.795
2017-07-21;104.198;1.241;-17.146;-17.495
2017-07-24;104.233;1.239;-17.366;-17.707
2017-07-25;103.45;1.286;-16.798;-17.401
2017-07-26;103.557;1.279;-17.079;-17.699
2017-07-27;103.725;1.269;-17.158;-17.736
2017-07-28;103.441;1.286;-17.793;-18.456
2017-07-31;103.549;1.28;-17.546;-18.157
2017-08-01;104.528;1.221;-17.862;-18.377
2017-08-02;104.63;1.214;-18.282;-18.813
2017-08-03;105.054;1.189;-18.154;-18.635
2017-08-04;104.876;1.199;-18.017;-18.534
2017-08-07;105.005;1.192;-18.538;-19.048
2017-08-08;104.865;1.2;-18.967;-19.523
2017-08-09;105.468;1.164;-18.702;-19.199
2017-08-10;105.818;1.143;-18.816;-19.225
2017-08-11;106.254;1.117;-18.934;-19.302
2017-08-14;105.746;1.147;-18.948;-19.379
2017-08-15;105.479;1.163;-18.967;-19.421
2017-08-16;105.282;1.175;-19.199;-19.695
2017-08-17;105.676;1.151;-19.015;-19.446
2017-08-18;105.795;1.144;-19.461;-19.908
2017-08-21;106.004;1.132;-19.312;-19.73
2017-08-22;105.966;1.134;-19.81;-20.244
2017-08-23;106.226;1.118;-19.482;-19.841
2017-08-24;106.138;1.123;-20.013;-20.431
2017-08-25;106.017;1.13;-19.488;-19.919
2017-08-28;106.012;1.131;-19.973;-20.411
2017-08-29;106.623;1.094;-19.734;-20.109
2017-08-30;106.483;1.103;-19.485;-19.87
2017-08-31;106.5;1.102;-19.732;-20.127
2017-09-01;106.027;1.13;-19.328;-19.768
2017-09-04;106.205;1.119;-19.382;-19.818
2017-09-05;106.78;1.085;-18.685;-19.033
2017-09-06;106.526;1.1;-20.016;-20.431
2017-09-07;106.782;1.085;-20.175;-20.556
2017-09-08;106.542;1.099;-19.814;-20.224
2017-09-11;106.352;1.11;-20.566;-21.021
2017-09-12;105.53;1.159;-21.192;-21.616
2017-09-13;105.631;1.153;-20.846;-21.377
2017-09-14;105.452;1.163;-21.039;-21.601
2017-09-15;105.181;1.179;-20.996;-21.6
2017-09-18;104.891;1.197;-21.557;-22.232
2017-09-19;105.078;1.186;-21.737;-22.382
2017-09-20;105.456;1.163;-22.426;-23.026
2017-09-21;105.31;1.171;-22.594;-23.218
2017-09-22;105.421;1.165;-22.594;-23.195
2017-09-25;105.882;1.137;-22.33;-22.866
2017-09-26;105.789;1.143;-22.685;-23.249
2017-09-27;104.98;1.191;-22.798;-23.498
2017-09-28;104.798;1.202;-22.324;-23.039
2017-09-29;105.113;1.183;-23.609;-24.308
2017-10-02;105.239;1.175;-24.481;-25.194
2017-10-03;105.054;1.186;-24.25;-24.986
2017-10-04;105.283;1.173;-24.756;-25.462
2017-10-05;105.411;1.165;-24.501;-25.182
2017-10-06;105.271;1.173;-24.506;-25.202
2017-10-09;105.641;1.151;-24.786;-25.428
2017-10-10;105.661;1.15;-25.137;-25.788
2017-10-11;105.385;1.166;-25.364;-26.061
2017-10-12;105.655;1.15;-25.477;-26.148
2017-10-13;106.075;1.125;-25.549;-26.155
2017-10-16;106.653;1.09;-25.773;-26.309
2017-10-17;106.924;1.074;-26.202;-26.685
2017-10-18;106.629;1.091;-26.561;-27.099
2017-10-19;106.65;1.09;-27.125;-27.683
2017-10-20;105.8;1.141;-26.982;-27.668
2017-10-23;106.19;1.117;-27.366;-27.999
2017-10-24;105.68;1.148;-26.923;-27.611
2017-10-25;105.552;1.155;-27.171;-27.886
2017-10-26;106.154;1.119;-27.756;-28.426
2017-10-27;106.221;1.115;-27.498;-28.161
2017-10-30;106.72;1.085;-27.901;-28.478
2017-10-31;106.965;1.071;-27.771;-28.288
2017-11-01;106.762;1.083;-27.76;-28.312
2017-11-02;106.871;1.076;-28.006;-28.55
2017-11-03;107.058;1.065;-28.395;-28.903
2017-11-06;107.445;1.042;-28.5;-28.947
2017-11-07;107.512;1.038;-28.337;-28.771
2017-11-08;107.518;1.038;-29.133;-29.587
2017-11-09;106.902;1.074;-28.548;-29.104
2017-11-10;106.361;1.106;-29.021;-29.703
2017-11-13;106.327;1.108;-29.093;-29.785
2017-11-14;106.714;1.085;-29.277;-29.892
2017-11-15;107.025;1.066;-28.924;-29.451
2017-11-16;107.092;1.062;-29.804;-30.355
2017-11-17;107.292;1.05;-29.565;-30.066
2017-11-20;107.355;1.046;-29.724;-30.205
2017-11-21;107.852;1.017;-29.737;-30.132
2017-11-22;108.004;1.008;-29.498;-29.854
2017-11-23;108.184;0.997;-29.861;-30.193
2017-11-24;107.934;1.012;-29.666;-30.024
2017-11-27;108.183;0.997;-29.324;-29.637
2017-11-28;108.103;1.002;-29.619;-29.944
2017-11-29;107.62;1.03;-29.902;-30.293
2017-11-30;107.802;1.019;-29.413;-29.758
2017-12-01;108.751;0.963;-30.349;-30.531
2017-12-04;108.409;0.983;-29.981;-30.232
2017-12-05;108.849;0.958;-29.827;-29.987
2017-12-06;109.107;0.942;-30.204;-30.307
2017-12-07;108.774;0.962;-30.01;-30.186
2017-12-08;108.583;0.973;-30.197;-30.405
2017-12-11;108.92;0.953;-30.404;-30.557
2017-12-12;108.523;0.976;-30.035;-30.241
2017-12-13;108.546;0.975;-30.163;-30.37
2017-12-14;108.899;0.954;-29.864;-29.993
2017-12-15;109.168;0.938;-30.433;-30.515
2017-12-18;108.995;0.948;-30.565;-30.681
2017-12-19;107.973;1.008;-30.385;-30.678
2017-12-20;107.553;1.033;-29.743;-30.104
2017-12-21;107.519;1.035;-30.314;-30.7
2017-12-22;107.459;1.038;-30.768;-31.169
2017-12-27;107.974;1.007;-30.129;-30.465
2017-12-28;107.563;1.032;-30.288;-30.626
2017-12-29;107.513;1.034;-30.383;-30.747
2018-01-02;106.923;1.07;-30.347;-30.832
2018-01-03;107.27;1.049;-30.001;-30.414
2018-01-04;107.476;1.036;-29.564;-29.912
2018-01-05;107.302;1.047;-29.608;-29.988
2018-01-08;107.457;1.037;-29.598;-29.966
2018-01-09;106.811;1.076;-29.568;-30.079
2018-01-10;106.534;1.092;-29.235;-29.787
2018-01-11;106.151;1.115;-28.925;-29.506
2018-01-12;106.26;1.109;-29.063;-29.587
2018-01-15;106.041;1.122;-28.602;-29.161
2018-01-16;106.378;1.102;-27.379;-27.851
2018-01-17;106.426;1.099;-27.175;-27.632
2018-01-18;106.018;1.123;-26.811;-27.322
2018-01-19;105.647;1.146;-25.648;-26.196
2018-01-22;105.596;1.149;-25.916;-26.482
2018-01-23;105.684;1.143;-25.66;-26.209
2018-01-24;105.324;1.165;-25.225;-25.806
2018-01-25;105.309;1.166;-24.333;-24.844
2018-01-26;105.433;1.158;-24.351;-24.817
2018-01-29;104.362;1.224;-23.218;-23.809
2018-01-30;104.096;1.24;-22.232;-22.843
2018-01-31;103.977;1.248;-20.094;-20.638
2018-02-01;103.215;1.295;-18.554;-19.17
2018-02-02;102.532;1.338;-17.434;-18.072
2018-02-05;102.642;1.331;-17.026;-17.631
2018-02-06;103.217;1.295;-18.062;-18.658
2018-02-07;102.771;1.323;-17.821;-18.439
2018-02-08;102.604;1.333;-17.112;-17.713
2018-02-09;102.59;1.334;-17.372;-17.995
2018-02-12;102.075;1.367;-18.634;-19.366
2018-02-13;102.043;1.369;-18.105;-18.831
2018-02-14;101.826;1.382;-18.569;-19.381
2018-02-15;101.683;1.391;-18.938;-19.776
2018-02-16;102.324;1.351;-18.327;-19.036
2018-02-19;101.86;1.38;-18.267;-19.05
2018-02-20;101.85;1.381;-18.652;-19.455
2018-02-21;102.202;1.358;-18.48;-19.217
2018-02-22;102.23;1.357;-18.893;-19.709
2018-02-23;102.937;1.312;-18.864;-19.506
2018-02-26;102.994;1.308;-18.987;-19.632
2018-02-27;102.928;1.312;-19.548;-20.228
2018-02-28;103.196;1.296;-19.351;-20.003
2018-03-01;103.28;1.29;-19.074;-19.7
2018-03-02;103.26;1.291;-19.497;-20.158
2018-03-05;103.098;1.302;-19.785;-20.481
2018-03-06;102.895;1.314;;
2018-03-07;103.327;1.287;-18.617;-19.22
2018-03-08;103.615;1.269;-19.063;-19.643
2018-03-09;103.376;1.284;-18.753;-19.363
2018-03-12;103.574;1.271;-18.97;-19.553
2018-03-13;103.67;1.265;-19.565;-20.158
2018-03-14;104.004;1.245;-19.406;-19.953
2018-03-15;104.391;1.22;-19.268;-19.777
2018-03-16;104.406;1.219;-19.444;-19.959
2018-03-19;104.458;1.216;-19.581;-20.084
2018-03-20;104.364;1.222;-19.732;-20.242
2018-03-21;104.235;1.23;-19.744;-20.262
2018-03-22;104.915;1.188;-20.112;-20.574
2018-03-23;104.88;1.19;-20.143;-20.611
2018-03-26;104.947;1.186;-20.299;-20.76
2018-03-27;105.35;1.161;-20.064;-20.455
2018-03-28;105.419;1.156;-20.945;-21.351
2018-03-29;105.373;1.159;-20.47;-20.884
2018-04-03;105.568;1.147;-20.824;-21.221
2018-04-04;105.816;1.132;-21.948;-22.337
2018-04-05;105.399;1.157;-21.671;-22.107
2018-04-06;105.726;1.137;-21.725;-22.127
2018-04-09;105.716;1.137;-21.957;-22.367
2018-04-10;105.827;1.131;-21.532;-21.906
2018-04-11;106.04;1.117;-22.143;-22.511
2018-04-12;105.664;1.14;-22.161;-22.579
2018-04-13;105.721;1.137;-21.924;-22.326
2018-04-16;105.53;1.149;-22.11;-22.553
2018-04-17;105.833;1.13;-21.844;-22.233
2018-04-18;105.726;1.136;-22.122;-22.527
2018-04-19;104.94;1.185;-21.954;-22.452
2018-04-20;104.691;1.2;-21.9;-22.455
2018-04-23;104.299;1.225;-21.501;-22.089
2018-04-24;104.345;1.222;-20.986;-21.557
2018-04-25;104.22;1.23;-21.755;-22.363
2018-04-26;104.713;1.199;-21.422;-21.974
2018-04-27;104.971;1.182;-21.596;-22.102
2018-04-30;105.029;1.179;-21.464;-21.966
2018-05-02;104.774;1.195;-21.714;-22.271
2018-05-03;105.323;1.16;-21.69;-22.165
2018-05-04;105.315;1.161;-21.617;-22.082
2018-05-07;105.488;1.15;-21.611;-22.048
2018-05-08;104.959;1.183;-21.793;-22.331
2018-05-09;104.898;1.187;-21.694;-22.229
2018-05-10;104.994;1.181;-21.733;-22.24
2018-05-11;104.839;1.19;-21.633;-22.165
2018-05-14;104.331;1.222;-21.38;-21.939
2018-05-15;103.752;1.258;-21.596;-22.251
2018-05-16;103.961;1.245;-21.832;-22.477
2018-05-17;103.443;1.278;-21.482;-22.21
2018-05-18;104.106;1.236;-21.529;-22.153
2018-05-21;104.501;1.211;-21.773;-22.361
2018-05-22;104.132;1.234;-21.233;-21.839
2018-05-23;104.542;1.208;-21.589;-22.179
2018-05-24;105.066;1.175;-20.989;-21.488
2018-05-25;105.574;1.144;-20.874;-21.284
2018-05-28;106.012;1.117;-20.034;-20.38
2018-05-29;106.215;1.104;-19.554;-19.898
2018-05-30;105.221;1.166;-19.122;-19.512
2018-05-31;105.701;1.136;-18.134;-18.437
2018-06-01;105.366;1.156;-18.643;-19.018
2018-06-04;104.92;1.184;-18.285;-18.735
2018-06-05;105.08;1.174;-18.814;-19.249
2018-06-06;104.173;1.231;-19.806;-20.37
2018-06-07;103.846;1.251;-17.693;-18.181
2018-06-08;104.199;1.229;-18.144;-18.637
2018-06-11;103.899;1.248;-17.788;-18.3
2018-06-12;104.116;1.234;-17.479;-17.957
2018-06-13;104.238;1.227;-17.97;-18.469
2018-06-14;104.556;1.206;-16.99;-17.473
2018-06-15;104.845;1.188;-16.749;-17.204
2018-06-18;104.881;1.186;-17.151;-17.617
2018-06-19;105.414;1.153;-16.612;-16.991
2018-06-20;105.129;1.17;-17.137;-17.557
2018-06-21;105.295;1.16;-16.742;-17.113
2018-06-22;105.186;1.167;-17.065;-17.465
2018-06-25;105.111;1.171;-15.847;-16.222
2018-06-26;104.872;1.186;-16.258;-16.698
2018-06-27;105.277;1.161;-16.137;-16.502
2018-06-28;105.507;1.146;-15.978;-16.32
2018-06-29;105.693;1.135;-15.807;-16.11
2018-07-02;105.543;1.144;-16.206;-16.538
2018-07-03;105.712;1.133;-15.873;-16.191
2018-07-04;105.568;1.142;-15.988;-16.323
2018-07-05;105.804;1.128;-15.793;-16.099
2018-07-06;105.736;1.132;-15.806;-16.121
2018-07-09;105.657;1.137;-15.669;-15.987
2018-07-10;105.386;1.153;-15.747;-16.094
2018-07-11;105.518;1.145;-15.715;-16.046
2018-07-12;105.539;1.144;-15.968;-16.308
2018-07-13;105.631;1.138;-15.797;-16.126
2018-07-16;105.396;1.153;-15.768;-16.117
2018-07-17;105.607;1.139;-15.737;-16.071
2018-07-18;105.662;1.136;-15.681;-16.004
2018-07-19;105.758;1.13;-15.333;-15.641
2018-07-20;105.326;1.157;-16.093;-16.457
2018-07-23;104.981;1.178;-16.19;-16.59
2018-07-24;105.207;1.164;-15.837;-16.196
2018-07-25;105.385;1.153;-16.078;-16.418
2018-07-26;105.109;1.17;-16.156;-16.538
2018-07-27;105.033;1.175;-15.828;-16.208
2018-07-30;104.617;1.201;-15.377;-15.794
2018-07-31;104.655;1.198;-15.959;-16.389
2018-08-01;104.265;1.223;-15.646;-16.086
2018-08-02;104.386;1.215;-15.737;-16.162
2018-08-03;104.915;1.182;-15.883;-16.254
2018-08-06;105.136;1.168;-16.153;-16.506
2018-08-07;104.875;1.184;-16.162;-16.545
2018-08-08;104.847;1.186;-16.099;-16.492
2018-08-09;104.998;1.176;-16.032;-16.394
2018-08-10;105.665;1.134;-16.044;-16.317
2018-08-13;105.682;1.133;-15.74;-16.024
2018-08-14;105.559;1.141;-16.039;-16.351
2018-08-15;105.827;1.124;-16.21;-16.518
2018-08-16;105.749;1.129;-15.969;-16.272
2018-08-17;105.866;1.121;-16.201;-16.513
2018-08-20;105.904;1.119;-16.127;-16.424
2018-08-21;105.649;1.135;-16.303;-16.624
2018-08-22;105.645;1.135;-15.51;-15.807
2018-08-23;105.601;1.138;-15.967;-16.286
2018-08-24;105.57;1.14;-15.775;-16.09
2018-08-27;105.242;1.16;-15.738;-16.067
2018-08-28;105.181;1.164;-16.081;-16.45
2018-08-29;104.914;1.181;-15.662;-16.059
2018-08-30;105.45;1.147;-16.166;-16.486
2018-08-31;105.651;1.134;-15.873;-16.178
2018-09-03;105.59;1.138;-15.749;-16.054
2018-09-04;105.431;1.148;-15.755;-16.076
2018-09-05;105.224;1.161;-15.871;-16.204
2018-09-06;105.417;1.149;-15.672;-16.004
2018-09-07;105.117;1.167;-15.724;-16.071
2018-09-10;104.858;1.184;-16.045;-16.449
2018-09-11;104.511;1.206;-15.729;-16.174
2018-09-12;104.731;1.192;-15.944;-16.356
2018-09-13;104.664;1.196;-15.93;-16.36
2018-09-14;104.447;1.21;-15.615;-16.038
2018-09-17;104.395;1.213;-15.905;-16.349
2018-09-18;104.172;1.227;-15.888;-16.341
2018-09-19;103.967;1.24;-15.662;-16.123
2018-09-20;104.017;1.237;-15.593;-16.048
2018-09-21;104.137;1.229;-15.698;-16.152
2018-09-24;103.794;1.251;-15.647;-16.114
2018-09-25;103.359;1.279;-16.005;-16.532
2018-09-26;103.611;1.263;-15.505;-15.977
2018-09-27;103.768;1.253;-15.643;-16.094
2018-09-28;104.186;1.226;-15.869;-16.298
2018-10-01;103.913;1.243;-15.725;-16.178
2018-10-02;104.282;1.22;-15.619;-16.043
2018-10-03;103.876;1.246;-15.933;-16.395
2018-10-04;103.349;1.279;-15.674;-16.175
2018-10-05;102.759;1.318;-16.465;-17.066
2018-10-08;103.018;1.301;-16.05;-16.621
2018-10-09;102.987;1.303;-15.887;-16.398
2018-10-10;102.879;1.31;-15.824;-16.385
2018-10-11;103.172;1.291;-15.942;-16.48
2018-10-12;103.324;1.281;-15.443;-15.944
2018-10-15;103.203;1.289;-15.839;-16.388
2018-10-16;103.465;1.272;-15.66;-16.174
2018-10-17;103.823;1.248;-15.957;-16.435
2018-10-18;104.046;1.234;-15.048;-15.466
2018-10-19;103.857;1.246;-15.425;-15.884
2018-10-22;103.921;1.242;-15.431;-15.886
2018-10-23;104.369;1.213;-15.929;-16.379
2018-10-24;104.377;1.213;-15.959;-16.405
2018-10-25;104.302;1.217;-15.316;-15.756
2018-10-26;104.867;1.181;-16.163;-16.562
2018-10-29;104.576;1.2;-15.703;-16.143
2018-10-30;104.654;1.195;-15.552;-15.98
2018-10-31;104.559;1.201;-15.507;-15.934
2018-11-01;104.396;1.211;-15.425;-15.868
2018-11-02;104.168;1.226;-15.677;-16.147
2018-11-05;104.294;1.217;-15.469;-15.918
2018-11-06;104.2;1.223;-15.417;-15.904
2018-11-07;104.068;1.232;-15.499;-15.952
2018-11-08;103.955;1.239;-15.478;-15.951
2018-11-09;104.405;1.21;-15.533;-15.965
2018-11-12;104.479;1.205;-15.494;-15.928
2018-11-13;104.437;1.208;-15.022;-15.427
2018-11-14;104.466;1.206;-14.951;-15.358
2018-11-15;104.644;1.194;-15.053;-15.458
2018-11-16;104.51;1.203;-13.809;-14.195
2018-11-19;104.451;1.207;-13.817;-14.217
2018-11-20;104.714;1.19;-13.494;-13.859
2018-11-21;104.6;1.197;-12.877;-13.222
2018-11-22;104.589;1.198;-12.765;-13.12
2018-11-23;104.89;1.178;-12.743;-13.064
2018-11-26;104.721;1.189;-12.531;-12.858
2018-11-27;104.718;1.189;-12.212;-12.539
2018-11-28;104.604;1.196;-12.144;-12.478
2018-11-29;104.917;1.176;-12.225;-12.547
2018-11-30;104.958;1.174;-11.692;-11.984
2018-12-03;104.926;1.176;-10.961;-11.248
2018-12-04;105.272;1.153;-8.447;-8.616
2018-12-05;104.905;1.177;-9.357;-9.58
2018-12-06;105.16;1.16;-9.256;-9.479
2018-12-07;105.004;1.17;-8.817;-9.029
2018-12-10;105.141;1.162;-9.189;-9.397
2018-12-11;105.047;1.167;-8.953;-9.157
2018-12-12;104.773;1.185;-9.282;-9.513
2018-12-13;104.641;1.193;-8.347;-8.578
2018-12-14;104.715;1.189;-8.156;-8.377
2018-12-17;104.668;1.192;-7.883;-8.101
2018-12-18;104.992;1.171;-7.933;-8.13
2018-12-19;105.193;1.158;-7.746;-7.923
2018-12-20;105.487;1.139;-7.928;-8.089
2018-12-21;105.108;1.163;-7.325;-7.492
2018-12-24;105.045;1.167;-6.905;-7.082
2018-12-27;105.346;1.147;-7.326;-7.497
2018-12-28;105.4;1.144;-7.261;-7.42
2018-12-31;105.366;1.146;-7.049;-7.195
2019-01-02;106.316;1.085;-6.999;-7.115
2019-01-03;106.163;1.095;-6.139;-6.258
2019-01-04;105.306;1.15;-5.283;-5.394
2019-01-07;105.051;1.166;-4.558;-4.676
2019-01-08;104.745;1.186;-3.847;-3.962
2019-01-09;104.606;1.194;-4.332;-4.463
2019-01-10;104.713;1.187;-4.299;-4.423
2019-01-11;104.847;1.179;-4.286;-4.4
2019-01-14;104.993;1.169;-4.396;-4.509
2019-01-15;105.218;1.155;-4.3;-4.407
2019-01-16;105.146;1.159;-4.809;-4.926
2019-01-17;105.114;1.161;-4.639;-4.761
2019-01-18;104.845;1.179;-4.623;-4.757
2019-01-21;104.947;1.172;-4.627;-4.746
2019-01-22;105.313;1.148;-4.576;-4.675
2019-01-23;105.605;1.13;-4.827;-4.918
2019-01-24;106.322;1.084;-4.211;-4.273
2019-01-25;106.345;1.082;-4.712;-4.786
2019-01-28;106.203;1.091;-4.789;-4.868
2019-01-29;106.368;1.08;-4.184;-4.239
2019-01-30;106.639;1.063;-4.01;-4.047
2019-01-31;107.353;1.018;-3.587;-3.626
2019-02-01;106.699;1.059;-4.148;-4.187
2019-02-04;106.619;1.064;-4.205;-4.257
2019-02-05;106.695;1.059;-4.136;-4.176
2019-02-06;106.864;1.048;-4.305;-4.335
2019-02-07;107.375;1.016;-4.252;-4.282
2019-02-08;107.887;0.984;-4.161;-4.178
2019-02-11;107.426;1.013;-4.071;-4.104
2019-02-12;107.227;1.025;-4.023;-4.056
2019-02-13;107.262;1.023;-4.102;-4.128
2019-02-14;107.542;1.005;-4.248;-4.273
2019-02-15;107.511;1.007;-4.44;-4.468
2019-02-18;107.313;1.019;-4.297;-4.332
2019-02-19;107.483;1.008;-4.353;-4.396
2019-02-20;107.79;0.989;-3.967;-4.001
2019-02-21;107.426;1.012;-4.251;-4.283
2019-02-22;107.856;0.985;-4.495;-4.521
2019-02-25;107.647;0.998;-4.327;-4.359
2019-02-26;107.533;1.005;-4.306;-4.347
2019-02-27;107.113;1.031;-4.551;-4.59
2019-02-28;106.657;1.06;-4.538;-4.588
2019-03-01;106.569;1.066;-4.718;-4.769
2019-03-04;106.915;1.044;-4.65;-4.683
2019-03-05;106.905;1.044;-4.517;-4.546
2019-03-06;107.514;1.005;-4.847;-4.889
2019-03-07;108.526;0.942;-4.75;-4.753
2019-03-08;109.117;0.905;-4.672;-4.658
2019-03-11;108.953;0.915;-5.126;-5.114
2019-03-12;108.894;0.918;-4.585;-4.573
2019-03-13;108.742;0.928;-5.076;-5.065
2019-03-14;108.534;0.941;-4.794;-4.784
2019-03-15;108.55;0.939;-4.699;-4.688
2019-03-18;108.816;0.923;-5.023;-5.009
2019-03-19;108.567;0.938;-5.24;-5.233
2019-03-20;108.769;0.926;-4.938;-4.92
2019-03-21;109.419;0.885;-5.133;-5.107
2019-03-22;110.561;0.814;-5.051;-4.985
2019-03-25;110.876;0.795;-4.548;-4.481
2019-03-26;110.795;0.8;-4.873;-4.802
2019-03-27;111.596;0.751;-5.137;-5.027
2019-03-28;111.184;0.776;-5.043;-4.948
2019-03-29;110.76;0.801;-5.071;-5.005
2019-04-01;110.19;0.836;-5.12;-5.054
2019-04-02;110.474;0.819;-5.531;-5.461
2019-04-03;109.608;0.872;-5.526;-5.481
2019-04-04;110.002;0.847;-5.261;-5.2
2019-04-05;109.874;0.855;-4.96;-4.899
2019-04-08;110.0;0.847;-5.746;-5.681
2019-04-09;110.045;0.844;-5.042;-4.979
2019-04-10;110.461;0.819;-5.044;-4.983
2019-04-11;110.254;0.831;-5.245;-5.178
2019-04-12;109.367;0.886;-5.269;-5.238
2019-04-15;109.24;0.894;-5.178;-5.159
2019-04-16;109.031;0.907;-5.269;-5.256
2019-04-17;108.932;0.913;-5.557;-5.536
2019-04-18;109.785;0.859;-5.447;-5.394
2019-04-23;109.563;0.873;-5.326;-5.28
2019-04-24;110.454;0.818;-5.338;-5.275
2019-04-25;110.211;0.832;-5.594;-5.535
2019-04-26;110.4;0.821;-5.859;-5.797
2019-04-29;110.195;0.833;-5.735;-5.668
2019-04-30;110.157;0.835;-5.609;-5.534
2019-05-02;109.945;0.848;-5.646;-5.585
2019-05-03;109.977;0.846;-5.85;-5.792
2019-05-06;110.196;0.833;-5.599;-5.541
2019-05-07;110.788;0.796;-5.501;-5.436
2019-05-08;110.866;0.791;-6.211;-6.132
2019-05-09;110.804;0.794;-6.171;-6.099
2019-05-10;110.756;0.797;-6.165;-6.094
2019-05-13;111.301;0.764;-5.792;-5.687
2019-05-14;111.46;0.754;-5.913;-5.803
2019-05-15;111.833;0.731;-5.841;-5.724
2019-05-16;111.602;0.745;-6.027;-5.914
2019-05-17;111.737;0.736;-5.824;-5.704
2019-05-20;111.436;0.755;-5.787;-5.676
2019-05-21;111.207;0.769;-5.935;-5.828
2019-05-22;111.449;0.754;-5.53;-5.422
2019-05-23;111.947;0.723;-5.495;-5.391
2019-05-24;111.88;0.727;-5.697;-5.579
2019-05-27;112.305;0.701;-5.754;-5.638
2019-05-28;112.562;0.685;-5.461;-5.33
2019-05-29;112.895;0.665;-5.716;-5.564
2019-05-30;112.796;0.67;-5.544;-5.394
2019-05-31;113.28;0.641;-5.364;-5.194
2019-06-03;113.587;0.622;-5.499;-5.294
2019-06-04;113.99;0.598;-5.541;-5.351
2019-06-05;114.319;0.578;-5.371;-5.182
2019-06-06;114.696;0.555;-5.869;-5.611
2019-06-07;115.12;0.53;-5.567;-5.327
2019-06-10;114.047;0.594;-5.128;-4.934
2019-06-11;114.449;0.57;-5.84;-5.606
2019-06-12;114.489;0.567;-5.888;-5.657
2019-06-13;114.754;0.551;-5.991;-5.744
2019-06-14;115.246;0.522;-6.53;-6.266
2019-06-17;115.009;0.536;-6.929;-6.633
2019-06-18;116.161;0.467;-7.299;-6.986
2019-06-19;115.84;0.486;-7.847;-7.465
2019-06-20;116.345;0.456;-8.185;-7.779
2019-06-21;115.754;0.491;-8.28;-7.876
2019-06-24;116.256;0.461;-8.042;-7.625
2019-06-25;116.682;0.436;-8.106;-7.665
2019-06-26;116.334;0.456;-8.368;-7.935
2019-06-27;116.69;0.435;-8.296;-7.854
2019-06-28;116.728;0.432;-8.082;-7.677
2019-07-01;116.953;0.419;-8.147;-7.743
2019-07-02;117.023;0.415;-7.798;-7.385
2019-07-03;117.914;0.363;-8.08;-7.586
2019-07-04;118.566;0.325;-7.95;-7.434
2019-07-05;117.983;0.358;-8.167;-7.634
2019-07-08;118.223;0.344;-8.248;-7.716
2019-07-09;117.648;0.377;-8.315;-7.801
2019-07-10;116.913;0.42;-8.13;-7.696
2019-07-11;115.845;0.482;-8.632;-8.208
2019-07-12;115.584;0.497;-8.109;-7.722
2019-07-15;116.346;0.452;-7.978;-7.587
2019-07-16;116.664;0.433;-7.813;-7.398
2019-07-17;117.412;0.39;-7.809;-7.37
2019-07-18;117.554;0.381;-8.219;-7.79
2019-07-19;117.69;0.373;-8.196;-7.739
2019-07-22;118.0;0.354;-8.385;-7.795
2019-07-23;118.077;0.35;-8.408;-7.918
2019-07-24;118.752;0.311;-8.402;-7.895
2019-07-25;118.765;0.309;-9.277;-8.72
2019-07-26;118.971;0.297;-8.182;-7.682
2019-07-29;119.198;0.284;-8.448;-7.933
2019-07-30;119.326;0.277;-8.59;-8.064
2019-07-31;120.111;0.232;-8.66;-8.082
2019-08-01;120.701;0.198;-8.374;-7.787
2019-08-02;122.09;0.119;-8.388;-7.744
2019-08-05;122.405;0.101;-8.482;-7.824
2019-08-06;122.542;0.094;-8.161;-7.524
2019-08-07;123.445;0.043;-8.139;-7.449
2019-08-08;122.715;0.083;-8.877;-8.165
2019-08-09;123.008;0.067;-7.994;-7.345
2019-08-12;123.359;0.047;-8.311;-7.604
2019-08-13;123.967;0.013;-8.444;-7.703
2019-08-14;125.441;-0.068;-8.226;-7.418
2019-08-15;127.694;-0.19;-7.966;-7.181
2019-08-16;127.626;-0.186;-7.739;-6.906
2019-08-19;125.752;-0.086;-7.924;-7.157
2019-08-20;126.157;-0.108;-7.546;-6.807
2019-08-21;125.66;-0.081;-7.68;-6.88
2019-08-22;124.758;-0.033;-7.739;-6.955
2019-08-23;125.092;-0.051;-7.399;-6.726
2019-08-26;125.022;-0.048;-7.771;-7.036
2019-08-27;126.371;-0.121;-7.623;-6.848
2019-08-28;127.301;-0.171;-8.227;-7.366
2019-08-29;126.613;-0.135;-7.404;-6.669
2019-08-30;126.41;-0.124;-7.403;-6.684
2019-09-02;126.156;-0.111;-7.101;-6.435
2019-09-03;126.587;-0.135;-7.892;-7.091
2019-09-04;125.785;-0.091;-8.259;-7.488
2019-09-05;123.465;0.035;-7.542;-6.88
2019-09-06;124.733;-0.035;-7.769;-7.062
2019-09-09;123.725;0.02;-7.705;-7.065
2019-09-10;123.013;0.06;-7.967;-7.323
2019-09-11;123.029;0.059;-8.318;-7.663
2019-09-12;122.332;0.097;-9.178;-8.401
2019-09-13;120.653;0.192;-9.578;-8.887
2019-09-16;121.665;0.134;-10.905;-10.084
2019-09-17;122.137;0.107;-10.425;-9.617
2019-09-18;123.008;0.058;-10.589;-9.708
2019-09-19;123.155;0.049;-10.436;-9.562
2019-09-20;123.477;0.031;-10.36;-9.483
2019-09-23;124.785;-0.041;-10.999;-10.003
2019-09-24;125.552;-0.084;-10.202;-9.239
2019-09-25;124.822;-0.044;-11.478;-10.426
2019-09-26;124.845;-0.046;-10.102;-9.179
2019-09-27;124.536;-0.029;-10.055;-9.161
2019-09-30;124.286;-0.015;-10.288;-9.397
2019-10-01;123.955;0.003;-10.037;-9.197
2019-10-02;123.877;0.007;-9.828;-9.007
2019-10-03;124.524;-0.03;-10.303;-9.394
2019-10-04;124.408;-0.023;-10.141;-9.251
2019-10-07;124.154;-0.01;-10.439;-9.544
2019-10-08;124.275;-0.017;-10.365;-9.482
2019-10-09;123.461;0.028;-10.217;-9.383
2019-10-10;122.418;0.086;-9.938;-9.204
2019-10-11;121.459;0.14;-9.844;-9.208
2019-10-14;121.872;0.117;-9.688;-9.064
2019-10-15;121.072;0.162;-10.355;-9.697
2019-10-16;120.566;0.191;-9.973;-9.389
2019-10-17;121.049;0.162;-9.992;-9.379
2019-10-18;120.459;0.196;-9.698;-9.146
2019-10-21;119.633;0.243;-9.799;-9.264
2019-10-22;120.364;0.201;-10.004;-9.439
2019-10-23;121.214;0.152;-10.115;-9.469
2019-10-24;121.081;0.159;-9.952;-9.334
2019-10-25;120.046;0.218;-9.714;-9.161
2019-10-28;119.546;0.247;-9.764;-9.228
2019-10-29;119.886;0.227;-9.831;-9.296
2019-10-30;119.78;0.233;-9.832;-9.303
2019-10-31;120.671;0.181;-9.461;-8.938
2019-11-01;120.211;0.207;-10.209;-9.625
2019-11-04;119.512;0.248;-9.973;-9.447
2019-11-05;119.053;0.274;-10.123;-9.621
2019-11-06;119.524;0.247;-9.394;-8.901
2019-11-07;117.964;0.337;-9.755;-9.329
2019-11-08;118.344;0.315;-9.814;-9.394
2019-11-11;118.138;0.327;-9.606;-9.185
2019-11-12;118.376;0.313;-9.324;-8.925
2019-11-13;119.191;0.265;-9.823;-9.319
2019-11-14;119.917;0.222;-9.665;-9.148
2019-11-15;119.652;0.237;-9.674;-9.154
2019-11-18;119.582;0.241;-9.582;-9.058
2019-11-19;119.592;0.24;-9.434;-8.922
2019-11-20;119.758;0.23;-9.544;-9.01
2019-11-21;119.318;0.255;-9.443;-8.939
2019-11-22;119.872;0.223;-8.449;-7.989
2019-11-25;119.565;0.241;-8.415;-7.966
2019-11-26;119.884;0.222;-8.323;-7.857
2019-11-27;120.073;0.211;-8.126;-7.66
2019-11-28;119.898;0.22;-7.932;-7.477
2019-11-29;119.803;0.226;-7.745;-7.302
2019-12-02;118.598;0.296;-8.473;-8.041
2019-12-03;119.772;0.227;-8.0;-7.576
2019-12-04;119.039;0.27;-7.679;-7.303
2019-12-05;118.785;0.284;-7.758;-7.379
2019-12-06;118.63;0.293;-7.479;-7.138
2019-12-09;118.845;0.28;-7.645;-7.292
2019-12-10;118.69;0.289;-7.69;-7.33
2019-12-11;119.058;0.267;-7.468;-7.081
2019-12-12;118.322;0.31;-6.924;-6.593
2019-12-13;118.913;0.275;-6.909;-6.529
2019-12-16;118.466;0.301;-7.085;-6.727
2019-12-17;118.702;0.287;-7.243;-6.861
2019-12-18;117.914;0.333;-7.268;-6.89
2019-12-19;117.778;0.341;-6.925;-6.576
2019-12-20;117.926;0.332;-7.012;-6.684
2019-12-23;117.617;0.35;-7.205;-6.839
2019-12-24;117.64;0.348;-7.344;-6.988
2019-12-27;117.695;0.344;;
2019-12-30;116.774;0.399;-7.32;-7.046
2019-12-31;116.83;0.396;-7.898;-7.595
2020-01-02;117.514;0.354;-7.279;-6.967
2020-01-03;118.395;0.302;-6.849;-6.544
2020-01-06;118.526;0.294;-7.358;-7.014
2020-01-07;118.505;0.295;-7.049;-6.739
2020-01-08;117.898;0.331;-7.855;-7.471
2020-01-09;117.525;0.352;-6.921;-6.594
2020-01-10;117.755;0.338;-7.589;-7.215
2020-01-13;117.06;0.38;-7.576;-7.263
2020-01-14;117.229;0.37;-7.696;-7.342
2020-01-15;117.63;0.345;-8.026;-7.635
2020-01-16;117.924;0.327;-7.715;-7.34
2020-01-17;117.881;0.33;-7.564;-7.195
2020-01-20;117.952;0.325;-7.742;-7.349
2020-01-21;118.527;0.291;-7.581;-7.178
2020-01-22;118.687;0.281;-7.553;-7.149
2020-01-23;119.388;0.239;-7.694;-7.277
2020-01-24;119.899;0.209;-7.332;-6.92
2020-01-27;121.016;0.144;-7.929;-7.416
2020-01-28;120.229;0.189;-7.693;-7.237
2020-01-29;120.658;0.164;-7.612;-7.144
2020-01-30;121.145;0.135;-7.404;-6.941
2020-01-31;121.706;0.102;-7.646;-7.16
2020-02-03;121.76;0.099;-7.615;-7.127
2020-02-04;121.076;0.138;-8.032;-7.508
2020-02-05;120.305;0.183;-7.824;-7.325
2020-02-06;120.425;0.176;-7.861;-7.358
2020-02-07;120.841;0.151;-7.546;-7.06
2020-02-10;121.448;0.116;-7.712;-7.178
2020-02-11;121.006;0.141;-7.519;-7.009
2020-02-12;120.906;0.147;-7.457;-6.938
2020-02-13;121.238;0.127;-7.631;-7.101
2020-02-14;121.458;0.114;-7.469;-6.946
2020-02-17;121.499;0.111;-7.603;-7.081
2020-02-18;121.698;0.099;-7.432;-6.898
2020-02-19;121.987;0.082;-7.483;-6.939
2020-02-20;122.675;0.042;-7.406;-6.81
2020-02-21;122.673;0.042;-7.254;-6.672
2020-02-24;123.395;0.001;-6.933;-6.391
2020-02-25;123.648;-0.014;-6.955;-6.421
2020-02-26;123.122;0.016;-7.096;-6.528
2020-02-27;123.54;-0.009;-7.306;-6.699
2020-02-28;124.399;-0.058;-6.816;-6.23
2020-03-02;124.652;-0.072;-6.424;-5.934
2020-03-03;124.579;-0.068;-6.38;-5.817
2020-03-04;124.611;-0.071;-5.402;-4.987
2020-03-05;124.909;-0.088;-6.105;-5.499
2020-03-06;125.653;-0.13;-5.295;-4.754
2020-03-09;127.65;-0.241;-5.605;-5.033
2020-03-10;126.865;-0.198;-9.643;-8.639
2020-03-11;126.711;-0.19;-4.64;-4.229
2020-03-12;126.314;-0.168;-4.412;-3.84
2020-03-13;123.709;-0.022;-3.985;-3.554
2020-03-16;123.015;0.017;-1.416;-1.285
2020-03-17;122.441;0.05;1.465;1.353
2020-03-18;119.017;0.251;1.53;1.45
2020-03-19;117.933;0.315;8.683;8.147
2020-03-20;118.947;0.254;9.346;8.712
2020-03-23;119.474;0.223;8.679;8.058
2020-03-24;117.92;0.315;11.256;10.55
2020-03-25;116.928;0.375;10.785;10.182
2020-03-26;117.602;0.334;11.514;10.834
2020-03-27;119.157;0.24;10.499;9.804
2020-03-30;119.394;0.226;11.101;10.354
2020-03-31;118.927;0.254;10.66;9.977
2020-04-01;119.395;0.225;10.159;9.479
2020-04-02;119.715;0.206;10.357;9.629
2020-04-03;119.768;0.203;9.74;9.08
2020-04-06;119.283;0.231;10.327;9.596
2020-04-07;117.996;0.308;10.411;9.66
2020-04-08;118.131;0.299;10.235;9.38
2020-04-09;118.889;0.253;11.413;10.376
2020-04-14;119.242;0.232;10.962;9.999
2020-04-15;120.197;0.175;10.411;9.442
2020-04-16;120.507;0.156;11.487;10.4
2020-04-17;120.339;0.166;11.277;10.242
2020-04-20;119.733;0.202;11.09;10.063
2020-04-21;120.006;0.185;11.246;10.192
2020-04-22;119.003;0.245;10.709;9.601
2020-04-23;119.557;0.211;10.752;9.562
2020-04-24;120.263;0.169;11.415;10.194
2020-04-27;119.934;0.188;11.816;10.594
2020-04-28;120.131;0.176;11.632;10.453
2020-04-29;120.48;0.155;11.712;10.535
2020-04-30;121.778;0.078;10.909;9.704
2020-05-04;121.278;0.107;10.877;9.656
2020-05-05;121.483;0.095;11.076;9.866
2020-05-06;120.678;0.142;11.156;9.905
2020-05-07;121.126;0.115;12.258;10.832
2020-05-08;120.813;0.133;11.867;10.606
2020-05-11;120.849;0.131;11.276;10.051
2020-05-12;121.344;0.102;11.915;10.605
2020-05-13;121.623;0.085;12.043;10.697
2020-05-14;121.797;0.074;11.931;10.573
2020-05-15;121.701;0.08;11.567;10.224
2020-05-18;121.111;0.114;11.375;10.095
2020-05-19;121.202;0.108;11.206;9.939
2020-05-20;121.215;0.107;11.723;10.403
2020-05-21;121.373;0.097;11.175;9.901
2020-05-22;121.281;0.103;11.512;10.256
2020-05-25;121.338;0.099;11.525;10.246
2020-05-26;120.757;0.133;11.526;10.246
2020-05-27;120.77;0.132;11.414;10.191
2020-05-28;120.762;0.132;11.303;10.079
2020-05-29;121.125;0.11;11.046;9.817
2020-06-01;120.451;0.15;11.602;10.416
2020-06-02;120.43;0.151;11.019;9.928
2020-06-03;119.838;0.186;10.186;9.176
2020-06-04;119.289;0.219;9.022;8.121
2020-06-05;118.81;0.247;9.293;8.448
2020-06-08;119.518;0.204;8.965;8.074
2020-06-09;119.337;0.215;8.684;7.85
2020-06-10;119.739;0.191;8.214;7.39
2020-06-11;120.991;0.115;7.958;7.07
2020-06-12;121.139;0.106;8.16;7.294
2020-06-15;121.268;0.099;8.355;7.483
2020-06-16;121.013;0.113;8.43;7.561
2020-06-17;121.004;0.114;8.003;7.167
2020-06-18;121.514;0.083;8.367;7.5
2020-06-19;121.465;0.086;8.44;7.574
2020-06-22;121.738;0.069;8.131;7.358
2020-06-23;121.198;0.101;8.239;7.51
2020-06-24;121.622;0.076;8.179;7.466
2020-06-25;121.852;0.061;8.238;7.465
2020-06-26;122.164;0.043;8.272;7.507
2020-06-29;122.086;0.047;7.434;6.751
2020-06-30;121.891;0.058;7.538;6.911
2020-07-01;121.256;0.096;7.54;6.881
2020-07-02;121.649;0.072;7.925;7.234
2020-07-03;121.52;0.079;7.797;7.151
2020-07-06;121.536;0.078;7.888;7.231
2020-07-07;121.619;0.073;7.836;7.189
2020-07-08;121.873;0.058;7.817;7.194
2020-07-09;122.225;0.036;7.589;6.986
2020-07-10;122.285;0.032;7.572;6.967
2020-07-13;121.557;0.075;7.213;6.683
2020-07-14;122.177;0.038;7.307;6.748
2020-07-15;122.186;0.037;7.388;6.829
2020-07-16;122.326;0.029;7.748;7.193
2020-07-17;122.018;0.046;7.314;6.806
2020-07-20;122.332;0.028;7.677;7.119
2020-07-21;122.461;0.02;7.501;6.955
2020-07-22;122.845;-0.003;7.379;6.821
2020-07-23;122.771;0.001;7.159;6.67
2020-07-24;122.369;0.024;7.22;6.76
2020-07-27;122.965;-0.011;7.095;6.61
2020-07-28;123.232;-0.027;7.423;6.903
2020-07-29;122.859;-0.005;7.052;6.581
2020-07-30;123.411;-0.039;7.617;7.093
2020-07-31;122.883;-0.008;7.774;7.256
2020-08-03;122.919;-0.01;7.692;7.203
2020-08-04;123.417;-0.04;8.07;7.536
2020-08-05;122.698;0.002;7.632;7.143
2020-08-06;122.993;-0.016;7.883;7.359
2020-08-07;122.619;0.006;7.646;7.152
2020-08-10;122.945;-0.013;8.266;7.706
2020-08-11;122.098;0.036;8.319;7.816
2020-08-12;121.753;0.057;8.72;8.2
2020-08-13;121.163;0.091;8.278;7.815
2020-08-14;121.292;0.083;8.104;7.645
2020-08-17;121.757;0.055;8.228;7.75
2020-08-18;121.947;0.044;8.385;7.902
2020-08-19;122.054;0.037;8.143;7.673
2020-08-20;122.404;0.016;8.133;7.617
2020-08-21;122.458;0.012;8.004;7.496
2020-08-24;122.234;0.025;8.453;7.91
2020-08-25;121.42;0.073;8.66;8.135
2020-08-26;121.152;0.089;8.458;7.955
2020-08-27;120.71;0.115;8.058;7.605
2020-08-28;120.701;0.115;8.029;7.571
2020-08-31;120.75;0.112;8.721;8.225
2020-09-01;120.995;0.097;8.573;8.053
2020-09-02;121.77;0.051;8.366;7.842
2020-09-03;122.054;0.033;8.692;8.115
2020-09-04;121.744;0.051;7.701;7.195
2020-09-07;121.666;0.056;8.167;7.642
2020-09-08;122.08;0.031;8.318;7.761
2020-09-09;121.432;0.069;8.552;8.017
2020-09-10;121.248;0.08;8.569;8.03
2020-09-11;121.89;0.041;8.63;8.038
2020-09-14;121.924;0.039;8.153;7.6
2020-09-15;121.958;0.036;8.197;7.623
2020-09-16;122.06;0.03;8.426;7.82
2020-09-17;122.288;0.016;8.382;7.76
2020-09-18;122.138;0.024;8.272;7.666
2020-09-21;122.674;-0.008;7.424;6.851
2020-09-22;122.346;0.012;8.078;7.472
2020-09-23;122.301;0.014;7.677;7.101
2020-09-24;122.327;0.012;7.965;7.351
2020-09-25;122.741;-0.013;7.433;6.841
2020-09-28;122.613;-0.006;7.384;6.794
2020-09-29;122.844;-0.02;7.499;6.897
2020-09-30;122.475;0.002;7.399;6.808
2020-10-01;122.545;-0.003;7.119;6.541
2020-10-02;122.578;-0.005;7.148;6.545
2020-10-05;122.244;0.015;7.309;6.756
2020-10-06;122.225;0.015;7.193;6.621
2020-10-07;122.042;0.026;7.295;6.756
2020-10-08;122.357;0.007;6.726;6.206
2020-10-09;122.283;0.011;6.826;6.298
2020-10-12;122.527;-0.004;6.629;6.103
2020-10-13;122.841;-0.023;6.618;6.092
2020-10-14;123.22;-0.046;6.504;6.006
2020-10-15;123.682;-0.074;6.264;5.778
2020-10-16;123.792;-0.081;6.648;6.126
2020-10-19;123.792;-0.081;6.119;5.641
2020-10-20;123.551;-0.067;4.307;4.001
2020-10-21;123.695;-0.076;1.771;1.685
2020-10-22;123.431;-0.061;1.291;1.246
2020-10-23;123.615;-0.072;0.628;0.635
2020-10-26;123.849;-0.086;-0.392;-0.301
2020-10-27;124.545;-0.127;-1.321;-1.109
2020-10-28;124.589;-0.13;-1.056;-0.869
2020-10-29;124.519;-0.127;-1.89;-1.623
2020-10-30;124.432;-0.122;-0.892;-0.697
2020-11-02;124.366;-0.118;-1.429;-1.207
2020-11-03;124.105;-0.103;-1.523;-1.314
2020-11-04;124.365;-0.119;-1.481;-1.256
2020-11-05;124.45;-0.125;-1.642;-1.402
2020-11-06;124.197;-0.11;-1.962;-1.712
2020-11-09;122.824;-0.029;-1.734;-1.479
2020-11-10;122.486;-0.009;-1.588;-1.394
2020-11-11;122.863;-0.032;-2.54;-2.24
2020-11-12;123.383;-0.063;-2.892;-2.563
2020-11-13;123.542;-0.073;-3.01;-2.693
2020-11-16;123.586;-0.076;-3.042;-2.704
2020-11-17;123.852;-0.092;-3.591;-3.207
2020-11-18;123.875;-0.094;-4.399;-3.934
2020-11-19;124.223;-0.115;-4.47;-4.0
2020-11-20;124.471;-0.13;-4.76;-4.264
2020-11-23;124.428;-0.128;-5.747;-5.163
2020-11-24;124.392;-0.126;-6.951;-6.256
2020-11-25;124.551;-0.135;-7.245;-6.517
2020-11-26;124.852;-0.154;-7.409;-6.669
2020-11-27;124.939;-0.159;-7.361;-6.61
2020-11-30;124.908;-0.158;-7.865;-7.074
2020-12-01;124.56;-0.138;-8.251;-7.431
2020-12-02;124.459;-0.132;-7.809;-7.04
2020-12-03;124.639;-0.143;-7.59;-6.829
2020-12-04;124.445;-0.132;-7.056;-6.358
2020-12-07;124.871;-0.157;-7.32;-6.589
2020-12-08;125.315;-0.184;-8.277;-7.459
2020-12-09;125.429;-0.191;-9.032;-8.12
2020-12-10;125.644;-0.204;-9.702;-8.715
2020-12-11;126.268;-0.241;-9.653;-8.638
2020-12-14;126.051;-0.229;-9.489;-8.505
2020-12-15;125.959;-0.223;-9.449;-8.48
2020-12-16;125.474;-0.195;-9.514;-8.532
2020-12-17;125.409;-0.192;-9.349;-8.408
2020-12-18;125.316;-0.187;-9.116;-8.185
2020-12-21;125.327;-0.188;-9.44;-8.476
2020-12-22;125.493;-0.198;-9.577;-8.594
2020-12-23;124.921;-0.166;-8.926;-8.016
2020-12-24;124.944;-0.167;-9.394;-8.431
2020-12-28;125.099;-0.177;-9.11;-8.168
2020-12-29;125.208;-0.183;-8.874;-7.97
2020-12-30;125.184;-0.183;-8.881;-8.002
2020-12-31;125.226;-0.186;-9.171;-8.247
2021-01-04;125.738;-0.216;-9.165;-8.215
2021-01-05;125.32;-0.192;-9.248;-8.338
2021-01-06;124.988;-0.173;-9.44;-8.477
2021-01-07;124.801;-0.162;-10.15;-9.152
2021-01-08;124.862;-0.166;-10.872;-9.796
2021-01-11;124.571;-0.149;-11.562;-10.454
2021-01-12;124.177;-0.126;-11.834;-10.706
2021-01-13;125.017;-0.176;-11.583;-10.437
2021-01-14;125.158;-0.185;-11.399;-10.277
2021-01-15;125.016;-0.177;-11.51;-10.368
2021-01-18;124.869;-0.169;-11.837;-10.661
2021-01-19;124.833;-0.167;-12.181;-10.993
2021-01-20;124.818;-0.166;-12.232;-11.024
2021-01-21;124.175;-0.129;-12.077;-10.93
2021-01-22;124.448;-0.146;-12.121;-10.95
2021-01-25;124.844;-0.169;-11.831;-10.682
2021-01-26;124.509;-0.15;-12.221;-11.033
2021-01-27;124.423;-0.145;-11.678;-10.585
2021-01-28;124.316;-0.139;-12.345;-11.201
2021-01-29;124.01;-0.121;-12.073;-10.965
2021-02-01;124.006;-0.121;-11.886;-10.802
2021-02-02;123.733;-0.105;-12.484;-11.363
2021-02-03;123.199;-0.073;-12.171;-11.116
2021-02-04;123.007;-0.063;-12.257;-11.193
2021-02-05;122.699;-0.044;-12.409;-11.344
2021-02-08;122.672;-0.043;-12.255;-11.206
2021-02-09;122.627;-0.04;-12.098;-11.058
2021-02-10;122.42;-0.028;-12.072;-11.066
2021-02-11;122.619;-0.041;-11.456;-10.488
2021-02-12;121.986;-0.002;-12.433;-11.449
2021-02-15;121.31;0.039;-12.09;-11.154
2021-02-16;120.656;0.079;-12.334;-11.42
2021-02-17;120.94;0.061;-11.797;-10.894
2021-02-18;120.688;0.076;-11.882;-10.995
2021-02-19;119.982;0.12;-11.938;-11.095
2021-02-22;120.596;0.081;-11.995;-11.113
2021-02-23;120.32;0.098;-11.943;-11.078
2021-02-24;120.104;0.111;-11.356;-10.522
2021-02-25;118.975;0.181;-12.701;-11.814
2021-02-26;119.569;0.144;-9.565;-8.827
2021-03-01;120.554;0.082;-9.741;-9.049
2021-03-02;120.762;0.069;-10.258;-9.49
2021-03-03;119.661;0.137;-10.297;-9.58
2021-03-04;119.746;0.131;-11.328;-10.534
2021-03-05;119.694;0.134;-10.033;-9.343
2021-03-08;119.276;0.16;-10.259;-9.571
2021-03-09;119.631;0.138;-10.217;-9.49
2021-03-10;119.955;0.117;-10.083;-9.345
2021-03-11;120.026;0.112;-10.635;-9.888
2021-03-12;119.304;0.157;-9.871;-9.22
2021-03-15;119.688;0.133;-10.373;-9.677
2021-03-16;119.838;0.123;-10.468;-9.756
2021-03-17;118.924;0.181;-9.585;-8.97
2021-03-18;118.596;0.201;-10.565;-9.935
2021-03-19;118.786;0.188;-10.656;-10.016
2021-03-22;118.869;0.183;-10.121;-9.502
2021-03-23;119.232;0.16;-10.037;-9.396
2021-03-24;119.493;0.143;-10.014;-9.364
2021-03-25;119.945;0.114;-10.731;-10.023
2021-03-26;119.309;0.154;-10.296;-9.641
2021-03-29;118.934;0.177;-10.164;-9.543
2021-03-30;118.712;0.191;-10.66;-10.027
2021-03-31;118.574;0.199;-10.085;-9.498
2021-04-01;119.129;0.163;-10.573;-9.903
2021-04-06;119.117;0.164;-10.315;-9.644
2021-04-07;119.275;0.154;-10.439;-9.755
2021-04-08;119.428;0.143;-10.301;-9.613
2021-04-09;119.051;0.167;-10.707;-10.001
2021-04-12;118.847;0.18;-10.611;-9.943
2021-04-13;118.753;0.185;-9.005;-8.854
2021-04-14;118.216;0.219;-10.57;-9.963
2021-04-15;118.825;0.18;-9.529;-8.941
2021-04-16;118.456;0.203;-10.611;-9.995
2021-04-19;118.098;0.226;-10.226;-9.632
2021-04-20;118.543;0.197;-10.427;-9.802
2021-04-21;118.607;0.193;-10.44;-9.813
2021-04-22;118.552;0.196;-10.324;-9.699
2021-04-23;118.507;0.198;-10.738;-10.096
2021-04-26;118.342;0.209;-10.049;-9.444
2021-04-27;118.274;0.213;-10.449;-9.814
2021-04-28;117.971;0.232;-9.948;-9.351
2021-04-29;117.359;0.271;-10.613;-10.007
2021-04-30;117.453;0.265;-10.254;-9.661
2021-05-03;117.399;0.268;-10.088;-9.507
2021-05-04;118.063;0.225;-10.36;-9.756
2021-05-05;117.83;0.24;-9.552;-8.986
2021-05-06;117.799;0.241;-9.097;-8.604
2021-05-07;117.745;0.244;-9.922;-9.347
2021-05-10;117.318;0.272;-7.886;-7.459
2021-05-11;116.891;0.299;-8.16;-7.728
2021-05-12;116.412;0.33;-7.088;-6.728
2021-05-13;116.479;0.325;-5.498;-5.197
2021-05-14;116.305;0.337;-3.228;-3.05
2021-05-17;116.048;0.353;-2.871;-2.677
2021-05-18;115.511;0.388;-1.745;-1.64
2021-05-19;115.429;0.394;-0.421;-0.355
2021-05-20;115.42;0.394;0.215;0.253
2021-05-21;115.743;0.372;-0.006;0.037
2021-05-24;115.932;0.36;-0.321;-0.27
2021-05-25;116.182;0.343;-0.449;-0.399
2021-05-26;116.698;0.309;0.061;0.059
2021-05-27;116.221;0.34;-0.688;-0.612
2021-05-28;116.231;0.339;0.513;0.518
2021-05-31;116.343;0.331;-0.134;-0.079
2021-06-01;116.346;0.331;0.006;0.062
2021-06-02;116.488;0.321;-0.123;-0.081
2021-06-03;116.185;0.34;-0.313;-0.24
2021-06-04;116.451;0.323;0.335;0.358
2021-06-07;116.263;0.335;-0.004;0.04
2021-06-08;116.496;0.319;0.783;0.799
2021-06-09;116.897;0.293;0.979;0.983
2021-06-10;116.881;0.293;1.044;1.039
2021-06-11;117.13;0.277;0.994;0.992
2021-06-14;116.717;0.304;0.613;0.628
2021-06-15;116.428;0.322;0.611;0.651
2021-06-16;116.611;0.31;0.846;0.852
2021-06-17;116.733;0.302;1.303;1.259
2021-06-18;116.812;0.296;2.261;2.162
2021-06-21;116.29;0.33;2.515;2.425
2021-06-22;116.201;0.336;2.585;2.489
2021-06-23;116.344;0.326;2.306;2.224
2021-06-24;116.398;0.322;2.292;2.208
2021-06-25;115.868;0.357;2.28;2.216
2021-06-28;116.244;0.332;2.234;2.16
2021-06-29;115.825;0.36;2.291;2.223
2021-06-30;116.387;0.322;2.186;2.124
2021-07-01;116.195;0.334;2.245;2.18
2021-07-02;116.62;0.306;2.451;2.346
2021-07-05;116.302;0.327;2.162;2.078
2021-07-06;117.162;0.27;2.122;2.027
2021-07-07;117.728;0.233;1.874;1.787
2021-07-08;117.841;0.225;2.295;2.21
2021-07-09;117.504;0.246;2.231;2.144
2021-07-12;117.484;0.248;1.972;1.898
2021-07-13;117.407;0.252;1.802;1.741
2021-07-14;117.739;0.23;1.848;1.773
2021-07-15;118.007;0.212;1.707;1.636
2021-07-16;118.189;0.2;2.03;1.939
2021-07-19;118.709;0.166;1.924;1.85
2021-07-20;119.025;0.146;1.787;1.744
2021-07-21;118.6;0.173;1.732;1.666
2021-07-22;119.122;0.138;1.463;1.416
2021-07-23;119.066;0.142;1.413;1.372
2021-07-26;118.934;0.15;1.184;1.161
2021-07-27;119.148;0.136;1.154;1.15
2021-07-28;119.004;0.145;1.043;1.052
2021-07-29;119.156;0.135;1.126;1.111
2021-07-30;119.394;0.119;0.956;0.94
2021-08-02;119.988;0.08;0.121;0.164
2021-08-03;120.039;0.077;-0.191;-0.124
2021-08-04;120.276;0.062;-0.25;-0.161
2021-08-05;120.263;0.062;-0.54;-0.439
2021-08-06;119.66;0.1;-0.427;-0.363
2021-08-09;119.855;0.087;-0.425;-0.342
2021-08-10;119.905;0.084;-0.437;-0.344
2021-08-11;120.067;0.073;-0.357;-0.261
2021-08-12;119.993;0.077;-0.288;-0.212
2021-08-13;120.204;0.063;-0.245;-0.172
2021-08-16;120.076;0.071;-0.369;-0.289
2021-08-17;120.039;0.074;-0.371;-0.289
2021-08-18;120.156;0.066;-0.284;-0.199
2021-08-19;120.314;0.055;-0.253;-0.175
2021-08-20;120.41;0.048;-0.306;-0.226
2021-08-23;120.256;0.058;-0.296;-0.218
2021-08-24;120.263;0.057;-0.432;-0.356
2021-08-25;119.493;0.107;-0.612;-0.539
2021-08-26;119.249;0.122;-0.525;-0.445
2021-08-27;119.37;0.114;-0.466;-0.395
2021-08-30;119.511;0.104;-0.649;-0.573
2021-08-31;118.874;0.145;-0.452;-0.4
2021-09-01;118.626;0.161;-0.537;-0.484
2021-09-02;118.636;0.16;-0.554;-0.497
2021-09-03;118.31;0.181;-0.688;-0.631
2021-09-06;118.321;0.18;-0.604;-0.55
2021-09-07;117.982;0.202;-1.613;-1.507
2021-09-08;118.009;0.2;-1.72;-1.61
2021-09-09;118.54;0.165;-1.751;-1.609
2021-09-10;118.113;0.193;-2.187;-2.048
2021-09-13;118.082;0.194;-2.329;-2.177
2021-09-14;118.316;0.179;-2.195;-2.033
2021-09-15;117.76;0.215;-2.15;-2.003
2021-09-16;117.559;0.228;-1.995;-1.862
2021-09-17;117.199;0.251;-2.232;-2.075
2021-09-20;117.63;0.223;-2.082;-1.933
2021-09-21;117.711;0.217;-1.696;-1.572
2021-09-22;117.925;0.203;-2.07;-1.945
2021-09-23;117.048;0.26;-2.067;-1.933
2021-09-24;116.535;0.294;-2.087;-1.972
2021-09-27;116.434;0.301;-1.896;-1.801
2021-09-28;116.099;0.323;-1.824;-1.716
2021-09-29;116.289;0.31;-2.031;-1.918
2021-09-30;116.066;0.324;-2.129;-2.005
2021-10-01;116.311;0.308;-1.969;-1.868
2021-10-04;116.112;0.321;-1.913;-1.805
2021-10-05;115.765;0.344;-2.013;-1.905
2021-10-06;115.6;0.355;-2.189;-2.058
2021-10-07;115.518;0.36;-2.254;-2.141
2021-10-08;115.033;0.393;-2.621;-2.54
2021-10-11;114.516;0.428;-3.21;-3.087
2021-10-12;114.237;0.447;-3.724;-3.573
2021-10-13;115.121;0.386;-3.752;-3.59
2021-10-14;116.029;0.324;-3.606;-3.445
2021-10-15;115.682;0.347;-3.728;-3.538
2021-10-18;115.575;0.354;-4.025;-3.819
2021-10-19;115.058;0.389;-3.876;-3.712
2021-10-20;115.345;0.369;-3.958;-3.769
2021-10-21;115.23;0.377;-4.014;-3.819
2021-10-22;115.293;0.372;-4.058;-3.847
2021-10-25;115.2;0.378;-4.268;-4.062
2021-10-26;115.369;0.367;-4.144;-3.927
2021-10-27;116.555;0.286;-4.168;-3.907
2021-10-28;116.067;0.318;-4.091;-3.87
2021-10-29;115.937;0.327;-4.686;-4.436
2021-11-01;115.837;0.334;-4.729;-4.477
2021-11-02;116.528;0.287;-4.615;-4.354
2021-11-03;116.603;0.281;-4.556;-4.264
2021-11-04;117.084;0.248;-4.344;-4.092
2021-11-05;118.089;0.181;-4.804;-4.506
2021-11-08;117.426;0.225;-4.764;-4.465
2021-11-09;118.443;0.157;-5.008;-4.661
2021-11-10;117.377;0.228;-5.041;-4.729
2021-11-11;117.032;0.25;-5.207;-4.916
2021-11-12;117.066;0.248;-5.164;-4.86
2021-11-15;116.769;0.268;-5.252;-4.976
2021-11-16;116.689;0.273;-5.129;-4.844
2021-11-17;116.83;0.263;-5.432;-5.097
2021-11-18;117.172;0.239;-5.35;-5.039
2021-11-19;117.964;0.186;-5.335;-5.027
2021-11-22;117.451;0.22;-5.608;-5.282
2021-11-23;116.294;0.298;-5.295;-5.016
2021-11-24;116.158;0.307;-5.128;-4.823
2021-11-25;116.293;0.297;-5.056;-4.779
2021-11-26;117.421;0.221;-4.814;-4.503
2021-11-29;117.072;0.244;-5.038;-4.747
2021-11-30;117.698;0.202;-5.227;-4.89
2021-12-01;117.812;0.194;-5.542;-5.143
2021-12-02;118.057;0.177;-5.531;-5.161
2021-12-03;118.283;0.162;-5.598;-5.216
2021-12-06;118.224;0.165;-5.433;-5.028
2021-12-07;118.301;0.16;-5.69;-5.274
2021-12-08;117.464;0.216;-5.324;-4.952
2021-12-09;117.95;0.182;-5.439;-5.061
2021-12-10;117.879;0.187;-5.158;-4.812
2021-12-13;118.435;0.15;-5.505;-5.085
2021-12-14;118.316;0.157;-5.953;-5.504
2021-12-15;118.096;0.172;-6.509;-6.021
2021-12-16;117.915;0.183;-6.43;-5.987
2021-12-17;118.284;0.158;-6.364;-5.904
2021-12-20;117.813;0.189;-6.39;-5.945
2021-12-21;116.856;0.254;-6.469;-6.034
2021-12-22;116.644;0.268;-6.494;-6.076
2021-12-23;115.945;0.315;-6.335;-6.008
2021-12-24;115.945;0.315;-6.459;-6.096
2021-12-27;115.944;0.315;-6.417;-6.098
2021-12-28;115.807;0.324;-6.281;-5.918
2021-12-29;114.935;0.384;-6.112;-5.785
2021-12-30;114.915;0.384;-6.014;-5.726
2021-12-31;114.915;0.384;-5.958;-5.667
2022-01-03;114.367;0.422;-6.17;-5.892
2022-01-04;114.44;0.417;-6.263;-5.986
2022-01-05;114.513;0.411;-6.381;-6.103
2022-01-06;114.16;0.435;-5.767;-5.535
2022-01-07;114.04;0.444;-6.034;-5.783
2022-01-10;113.821;0.459;-5.804;-5.566
2022-01-11;113.69;0.468;-5.999;-5.756
2022-01-12;114.137;0.436;-4.025;-4.978
2022-01-13;114.671;0.398;-6.145;-5.869
2022-01-14;113.957;0.448;-6.217;-5.949
2022-01-17;113.8;0.459;-6.201;-5.953
2022-01-18;113.709;0.465;-6.084;-5.838
2022-01-19;113.604;0.472;-6.171;-5.94
2022-01-20;113.738;0.462;-6.162;-5.929
2022-01-21;114.136;0.434;-6.066;-5.845
2022-01-24;114.388;0.416;-6.123;-5.858
2022-01-25;113.989;0.444;-6.17;-5.89
2022-01-26;113.968;0.445;-6.182;-5.914
2022-01-27;113.989;0.443;-5.873;-5.642
2022-01-28;113.692;0.464;-6.261;-6.026
2022-01-31;113.171;0.501;-6.276;-6.031
2022-02-01;112.8;0.527;-6.456;-6.228
2022-02-02;112.789;0.527;-6.46;-6.238
2022-02-03;111.922;0.589;-6.557;-6.311
2022-02-04;110.807;0.669;-4.916;-4.824
2022-02-07;110.129;0.718;-5.046;-4.97
2022-02-08;109.143;0.79;-5.037;-4.985
2022-02-09;109.75;0.746;-5.008;-4.983
2022-02-10;108.762;0.818;-5.522;-5.442
2022-02-11;108.237;0.857;-6.445;-6.359
2022-02-14;107.978;0.876;-7.156;-7.109
2022-02-15;107.973;0.877;-6.733;-6.694
2022-02-16;108.37;0.847;-6.375;-6.32
2022-02-17;108.703;0.822;-6.76;-6.673
2022-02-18;108.786;0.815;-6.866;-6.766
2022-02-21;108.602;0.829;-6.811;-6.708
2022-02-22;108.161;0.862;-7.148;-7.013
2022-02-23;108.253;0.855;-7.088;-6.94
2022-02-24;108.452;0.84;-7.485;-7.365
2022-02-25;107.575;0.905;-6.772;-6.725
2022-02-28;108.3;0.851;-7.165;-7.023
2022-03-01;110.53;0.686;-8.262;-8.065
2022-03-02;109.903;0.732;-9.557;-9.271
2022-03-03;109.705;0.746;-8.253;-8.05
2022-03-04;109.858;0.734;-9.324;-8.984
2022-03-07;109.638;0.75;-9.763;-9.388
2022-03-08;108.24;0.854;-8.596;-8.208
2022-03-09;106.974;0.95;-8.41;-8.269
2022-03-10;106.322;0.999;-7.465;-7.433
2022-03-11;106.571;0.98;-7.805;-7.759
2022-03-14;105.175;1.087;-8.224;-8.241
2022-03-15;105.292;1.078;-8.096;-8.099
2022-03-16;105.166;1.088;-8.095;-8.095
2022-03-17;105.796;1.039;-8.786;-8.783
2022-03-18;105.749;1.042;-8.159;-8.162
2022-03-21;104.647;1.128;-8.121;-8.16
2022-03-22;104.321;1.153;-8.033;-8.093
2022-03-23;104.912;1.107;-7.438;-7.465
2022-03-24;104.131;1.168;-7.157;-7.2
2022-03-25;103.621;1.208;-7.533;-7.603
2022-03-28;103.681;1.203;-7.11;-7.166
2022-03-29;103.029;1.255;-6.733;-6.787
2022-03-30;102.884;1.266;-6.855;-6.921
2022-03-31;103.683;1.203;-6.823;-6.873
2022-04-01;103.617;1.208;-6.699;-6.76
2022-04-04;104.038;1.175;-6.878;-6.926
2022-04-05;102.699;1.281;-6.949;-6.98
2022-04-06;102.022;1.335;-6.999;-7.094
2022-04-07;101.738;1.358;-7.021;-7.165
2022-04-08;101.226;1.399;-6.851;-7.035
2022-04-11;100.007;1.499;-7.034;-7.324
2022-04-12;99.935;1.505;-7.303;-7.675
2022-04-13;100.097;1.492;-7.692;-8.023
2022-04-14;98.818;1.598;-8.193;-8.641
2022-04-15;98.818;1.598;-7.79;-8.256
2022-04-18;98.818;1.598;-7.799;-8.258
2022-04-19;98.173;1.652;-8.129;-8.538
2022-04-20;98.849;1.596;-8.041;-8.347
2022-04-21;98.054;1.662;-7.657;-8.156
2022-04-22;97.789;1.685;-8.033;-8.696
2022-04-25;98.803;1.599;-7.914;-8.6
2022-04-26;99.006;1.582;-8.165;-8.857
2022-04-27;98.789;1.601;-7.955;-8.465
2022-04-28;97.577;1.703;-8.196;-8.895
2022-04-29;97.156;1.739;-8.364;-9.056
2022-05-02;96.643;1.783;-7.863;-8.669
2022-05-03;96.87;1.764;-8.15;-9.025
2022-05-04;96.979;1.754;-8.237;-8.996
2022-05-05;96.148;1.826;-8.912;-9.761
2022-05-06;94.867;1.938;-8.57;-9.358
2022-05-09;94.569;1.965;-8.678;-9.69
2022-05-10;95.547;1.879;-8.758;-9.57
2022-05-11;95.923;1.846;-9.487;-10.183
2022-05-12;97.985;1.669;-9.076;-9.688
2022-05-13;96.986;1.754;-8.732;-9.51
2022-05-16;97.297;1.728;-8.47;-9.106
2022-05-17;96.519;1.795;-7.646;-8.27
2022-05-18;96.699;1.779;-7.374;-8.115
2022-05-19;97.463;1.714;-7.298;-8.108
2022-05-20;97.463;1.714;-7.311;-8.038
2022-05-23;96.891;1.763;-7.114;-7.863
2022-05-24;97.085;1.746;-6.261;-6.902
2022-05-25;96.744;1.776;-5.652;-6.405
2022-05-26;96.024;1.838;-5.747;-6.564
2022-05-27;96.589;1.789;-6.297;-6.988
2022-05-30;95.989;1.842;-6.158;-6.847
2022-05-31;95.169;1.913;-5.942;-6.649
2022-06-01;94.51;1.972;-5.097;-5.819
2022-06-02;94.052;2.013;-5.25;-6.085
2022-06-03;93.649;2.049;-4.29;-5.076
2022-06-06;93.243;2.086;-4.019;-4.704
2022-06-07;93.402;2.072;-3.743;-4.516
2022-06-08;92.777;2.128;-4.387;-4.999
2022-06-09;92.196;2.182;-3.312;-4.077
2022-06-10;91.209;2.273;-2.122;-2.808
2022-06-13;89.604;2.423;-0.059;-0.393
2022-06-14;87.308;2.644;0.592;0.159
2022-06-15;88.557;2.523;-0.614;-1.235
2022-06-16;88.031;2.574;-0.677;-1.425
2022-06-17;88.775;2.503;-1.658;-2.641
2022-06-20;87.802;2.597;-2.258;-3.218
2022-06-21;87.551;2.622;-2.023;-3.006
2022-06-22;88.633;2.517;-1.588;-2.491
2022-06-23;90.547;2.336;-2.098;-2.984
2022-06-24;90.523;2.339;-2.773;-3.554
2022-06-27;89.521;2.433;-3.082;-3.817
2022-06-28;88.8;2.502;-3.022;-3.748
2022-06-29;89.352;2.45;-2.77;-3.735
2022-06-30;91.174;2.279;-3.214;-4.129
2022-07-01;91.959;2.206;-2.464;-3.25
2022-07-04;90.793;2.315;-3.002;-3.771
2022-07-05;91.905;2.212;-2.387;-3.133
2022-07-06;92.453;2.161;-2.769;-3.446
2022-07-07;91.336;2.265;-2.493;-2.915
2022-07-08;91.043;2.292;-2.34;-3.024
2022-07-11;91.707;2.231;-2.205;-2.975
2022-07-12;92.996;2.112;-2.193;-2.949
2022-07-13;93.295;2.085;-2.131;-2.709
2022-07-14;92.962;2.116;-2.621;-3.263
2022-07-15;93.157;2.098;-1.606;-2.557
2022-07-18;92.561;2.153;-1.967;-2.744
2022-07-19;92.206;2.186;-1.927;-2.468
2022-07-20;92.707;2.14;-1.817;-2.764
2022-07-21;93.03;2.111;-1.957;-2.67
2022-07-22;94.689;1.961;-2.289;-3.519
2022-07-25;95.048;1.929;-2.336;-3.296
2022-07-26;96.045;1.84;-2.968;-3.87
2022-07-27;95.892;1.854;-2.763;-3.481
2022-07-28;97.006;1.756;-3.016;-4.026
2022-07-29;97.239;1.736;-3.287;-4.283
2022-08-01;97.699;1.696;-3.858;-5.038
2022-08-02;97.342;1.727;-4.658;-5.539
2022-08-03;97.258;1.735;-4.946;-5.895
2022-08-04;97.819;1.686;-5.668;-6.731
2022-08-05;95.998;1.845;-6.054;-7.019
2022-08-08;96.519;1.799;-6.344;-7.444
2022-08-09;96.211;1.827;-6.486;-7.54
2022-08-10;96.458;1.805;-6.06;-7.26
2022-08-11;95.664;1.875;-6.445;-7.611
2022-08-12;95.812;1.862;-6.271;-7.457
2022-08-15;96.812;1.774;-6.178;-7.242
2022-08-16;96.206;1.828;-6.252;-7.216
2022-08-17;95.114;1.925;-5.903;-6.722
2022-08-18;94.976;1.937;-4.98;-5.892
2022-08-19;93.34;2.086;-4.67;-5.63
2022-08-22;92.28;2.183;-4.038;-5.06
2022-08-23;91.887;2.22;-3.902;-4.965
2022-08-24;91.11;2.293;-4.008;-4.97
2022-08-25;91.651;2.243;-3.987;-5.029
2022-08-26;90.899;2.313;-3.933;-4.593
2022-08-29;89.532;2.444;-3.98;-4.5
2022-08-30;89.655;2.432;-3.458;-4.399
2022-08-31;89.566;2.441;-3.487;-4.302
2022-09-01;89.178;2.479;-4.104;-4.88
2022-09-02;89.291;2.468;-3.907;-4.866
2022-09-05;88.559;2.539;-4.067;-4.921
2022-09-06;88.166;2.578;-3.858;-4.922
2022-09-07;89.304;2.467;-4.412;-5.505
2022-09-08;88.778;2.519;-3.997;-4.514
2022-09-09;88.614;2.535;-5.008;-5.808
2022-09-12;89.219;2.477;-4.294;-5.076
2022-09-13;88.452;2.551;-4.239;-4.992
2022-09-14;88.602;2.537;-4.073;-4.7
2022-09-15;88.622;2.536;-4.881;-5.551
2022-09-16;88.887;2.51;-4.37;-5.1
2022-09-19;88.463;2.551;-4.709;-5.499
2022-09-20;87.399;2.656;-4.187;-4.95
2022-09-21;87.624;2.634;-3.452;-4.137
2022-09-22;86.959;2.701;-3.038;-3.474
2022-09-23;86.108;2.787;-3.033;-3.54
2022-09-26;84.996;2.9;-3.053;-3.535
2022-09-27;83.523;3.053;-3.1;-3.644
2022-09-28;83.735;3.031;-4.328;-5.03
2022-09-29;83.105;3.098;-4.268;-4.898
2022-09-30;83.582;3.049;-4.085;-4.633
2022-10-03;85.335;2.868;-4.374;-4.708
2022-10-04;85.922;2.808;-4.384;-4.624
2022-10-05;84.481;2.956;-4.617;-4.629
2022-10-06;83.798;3.028;-4.116;-4.627
2022-10-07;82.485;3.166;-3.998;-4.837
2022-10-10;81.215;3.303;-3.983;-5.197
2022-10-11;81.408;3.283;-4.064;-5.447
2022-10-12;81.163;3.309;-3.695;-4.997
2022-10-13;81.653;3.257;-3.497;-4.706
2022-10-14;81.115;3.316;-3.074;-4.297
2022-10-17;81.895;3.232;-2.627;-3.725
2022-10-18;81.937;3.228;-1.729;-2.629
2022-10-19;81.64;3.26;-1.158;-2.038
2022-10-20;81.345;3.293;-0.242;-1.023
2022-10-21;81.423;3.285;-0.924;-1.994
2022-10-24;82.235;3.198;-0.335;-1.375
2022-10-25;83.817;3.031;-0.17;-1.008
2022-10-26;84.115;3.0;-0.545;-1.407
2022-10-27;85.199;2.888;-0.335;-1.317
2022-10-28;84.022;3.011;-0.016;-0.441
2022-10-31;83.559;3.059;0.115;-0.686
2022-11-01;83.514;3.064;0.225;-0.655
2022-11-02;83.652;3.05;0.394;-0.535
2022-11-03;82.721;3.15;0.984;0.001
2022-11-04;82.415;3.183;0.69;-0.487
2022-11-07;82.419;3.183;0.897;-0.305
2022-11-08;83.262;3.093;1.679;0.548
2022-11-09;84.343;2.98;1.902;0.704
2022-11-10;85.495;2.861;1.649;0.56
2022-11-11;84.65;2.949;1.358;0.436
2022-11-14;84.831;2.93;2.412;1.411
2022-11-15;85.488;2.863;2.129;1.328
2022-11-16;86.377;2.772;2.042;1.167
2022-11-17;86.063;2.805;2.308;1.609
2022-11-18;86.098;2.802;2.851;2.038
2022-11-21;86.396;2.772;1.748;0.897
2022-11-22;86.661;2.745;2.983;2.255
2022-11-23;87.151;2.696;3.857;3.14
2022-11-24;88.028;2.608;3.494;2.751
2022-11-25;87.09;2.703;3.394;2.806
2022-11-28;86.931;2.719;3.631;2.776
2022-11-29;87.108;2.701;3.59;2.616
2022-11-30;87.208;2.691;2.856;2.006
2022-12-01;88.285;2.584;3.047;2.387
2022-12-02;88.044;2.608;2.669;2.003
2022-12-05;87.95;2.618;3.755;3.002
2022-12-06;88.517;2.562;4.215;3.458
2022-12-07;88.534;2.56;3.492;2.775
2022-12-08;88.506;2.564;3.752;3.14
2022-12-09;87.828;2.632;3.48;2.857
2022-12-12;87.908;2.624;3.934;3.052
2022-12-13;87.739;2.641;3.391;2.624
2022-12-14;87.917;2.623;4.073;3.232
2022-12-15;87.03;2.713;4.534;4.323
2022-12-16;86.019;2.817;4.692;4.3
2022-12-19;85.683;2.852;4.924;4.535
2022-12-20;84.687;2.955;5.172;4.709
2022-12-21;84.263;3.0;5.068;4.583
2022-12-22;83.819;3.048;5.381;5.013
2022-12-23;83.514;3.081;5.924;5.814
2022-12-26;83.514;3.081;5.755;5.387
2022-12-27;82.498;3.19;4.724;4.502
2022-12-28;82.792;3.159;5.783;5.362
2022-12-29;83.394;3.095;5.017;4.669
2022-12-30;82.227;3.221;4.898;4.834
2023-01-02;83.454;3.09;5.493;5.227
2023-01-03;84.042;3.027;5.915;5.667
2023-01-04;84.945;2.933;5.616;5.186
2023-01-05;84.317;2.999;5.622;5.407
2023-01-06;85.348;2.892;5.809;5.397
2023-01-09;85.201;2.907;5.676;5.335
2023-01-10;84.476;2.984;7.122;7.028
2023-01-11;85.765;2.849;7.442;7.017
2023-01-12;86.26;2.799;7.413;7.306
2023-01-13;86.303;2.795;7.738;7.465
2023-01-16;86.141;2.812;9.113;9.098
2023-01-17;86.962;2.728;9.087;8.724
2023-01-18;87.364;2.687;9.368;9.274
2023-01-19;87.078;2.717;8.965;9.035
2023-01-20;85.923;2.836;9.145;9.213
2023-01-23;85.348;2.896;9.567;9.615
2023-01-24;85.748;2.854;9.81;9.85
2023-01-25;85.577;2.872;9.995;10.067
2023-01-26;85.147;2.918;9.787;10.152
2023-01-27;84.945;2.94;9.918;10.192
2023-01-30;84.407;2.997;9.858;10.156
2023-01-31;84.662;2.97;9.908;10.078
2023-02-01;84.841;2.951;9.751;9.897
2023-02-02;86.575;2.772;10.02;10.06
2023-02-03;85.571;2.876;10.065;10.323
2023-02-06;84.658;2.972;10.053;10.376
2023-02-07;84.397;3.0;10.059;10.47
2023-02-08;84.416;2.998;9.941;10.279
2023-02-09;84.95;2.943;10.017;10.339
2023-02-10;84.447;2.996;10.082;10.622
2023-02-13;84.373;3.004;10.124;10.495
2023-02-14;83.729;3.073;9.803;10.135
2023-02-15;83.359;3.113;10.128;10.452
2023-02-16;83.387;3.111;10.106;10.563
2023-02-17;83.619;3.087;10.403;10.845
2023-02-20;83.433;3.107;10.472;10.949
2023-02-21;82.809;3.175;10.852;11.309
2023-02-22;82.605;3.197;10.291;10.89
2023-02-23;82.866;3.17;10.524;11.365
2023-02-24;82.34;3.228;10.795;11.633
2023-02-27;81.881;3.279;10.652;11.428
2023-02-28;81.327;3.34;10.862;11.709
2023-03-01;81.038;3.373;10.624;11.581
2023-03-02;80.731;3.408;10.695;11.663
2023-03-03;81.108;3.367;10.505;11.622
2023-03-06;81.1;3.368;10.567;11.728
2023-03-07;81.497;3.324;11.052;12.241
2023-03-08;81.892;3.281;11.421;12.48
2023-03-09;81.91;3.28;10.902;11.976
2023-03-10;82.636;3.2;10.866;11.87
2023-03-13;83.965;3.056;10.683;11.239
2023-03-14;83.068;3.154;10.483;12.167
2023-03-15;84.417;3.009;10.76;11.401
2023-03-16;83.493;3.109;9.638;11.068
2023-03-17;84.721;2.977;10.706;11.963
2023-03-20;84.621;2.988;10.676;11.841
2023-03-21;83.889;3.067;10.426;11.852
2023-03-22;83.505;3.109;10.596;11.918
2023-03-23;84.233;3.031;10.514;11.702
2023-03-24;84.691;2.983;10.361;11.488
2023-03-27;84.137;3.042;9.968;11.186
2023-03-28;83.624;3.098;10.043;11.265
2023-03-29;83.447;3.117;9.891;11.095
2023-03-30;83.024;3.164;10.25;11.644
2023-03-31;83.704;3.091;10.893;12.318
2023-04-03;84.163;3.042;10.357;11.721
2023-04-04;84.208;3.037;10.134;11.365
2023-04-05;84.84;2.971;10.563;12.008
2023-04-06;84.791;2.976;10.291;11.722
2023-04-07;84.791;2.976;10.45;11.885
2023-04-10;84.791;2.976;10.484;11.881
2023-04-11;83.849;3.078;10.373;11.793
2023-04-12;83.429;3.124;10.842;12.039
2023-04-13;83.41;3.127;11.134;12.125
2023-04-14;83.116;3.159;11.12;12.064
2023-04-17;82.725;3.203;11.146;11.736
2023-04-18;82.645;3.212;11.461;12.187
2023-04-19;82.245;3.256;11.351;12.062
2023-04-20;82.613;3.217;11.578;12.249
2023-04-21;82.312;3.25;11.839;12.67
2023-04-24;82.078;3.277;11.745;12.399
2023-04-25;83.018;3.173;11.918;12.511
2023-04-26;82.764;3.201;11.781;12.311
2023-04-27;82.464;3.236;11.666;12.384
2023-04-28;83.438;3.129;12.381;13.201
2023-05-01;83.438;3.129;11.977;12.588
2023-05-02;83.856;3.084;11.917;12.581
2023-05-03;83.983;3.07;11.755;12.341
2023-05-04;84.295;3.038;11.431;12.035
2023-05-05;83.517;3.122;11.932;13.106
2023-05-08;83.431;3.132;10.911;11.692
2023-05-09;83.179;3.16;11.139;11.985
2023-05-10;83.701;3.103;11.254;11.983
2023-05-11;84.243;3.045;11.378;12.226
2023-05-12;83.828;3.091;11.571;12.461
2023-05-15;83.661;3.109;11.353;12.035
2023-05-16;83.316;3.147;11.384;12.181
2023-05-17;83.453;3.133;11.616;12.352
2023-05-18;82.498;3.239;11.217;12.115
2023-05-19;82.655;3.222;11.657;12.489
2023-05-22;82.484;3.241;11.709;12.456
2023-05-23;82.347;3.257;11.72;12.434
2023-05-24;82.386;3.253;12.129;12.844
2023-05-25;81.963;3.301;11.992;12.762
2023-05-26;81.913;3.307;11.677;12.494
2023-05-29;82.78;3.211;12.06;12.579
2023-05-30;83.548;3.127;11.936;12.374
2023-05-31;83.862;3.093;11.968;12.499
2023-06-01;84.172;3.06;12.038;12.89
2023-06-02;83.85;3.095;12.121;13.039
2023-06-05;83.448;3.14;12.343;13.144
2023-06-06;83.486;3.136;12.187;13.076
2023-06-07;82.854;3.206;11.959;12.863
2023-06-08;83.344;3.153;12.093;13.0
2023-06-09;83.614;3.123;12.297;13.206
2023-06-12;83.488;3.138;;
2023-06-13;83.325;3.156;12.442;13.064
2023-06-14;83.143;3.176;12.528;13.274
2023-06-15;82.834;3.212;12.468;13.406
2023-06-16;83.127;3.179;12.607;13.539
2023-06-19;82.698;3.228;12.734;13.487
2023-06-20;83.642;3.123;12.984;13.506
2023-06-21;83.378;3.153;12.884;13.549
2023-06-22;82.958;3.2;12.948;13.835
2023-06-23;84.048;3.08;13.154;13.757
2023-06-26;84.342;3.048;13.217;13.782
2023-06-27;84.087;3.077;12.502;12.998
2023-06-28;84.419;3.041;11.812;12.102
2023-06-29;83.655;3.126;12.352;13.136
2023-06-30;83.826;3.107;12.933;13.706
2023-07-03;83.516;3.142;13.001;13.748
2023-07-04;83.28;3.168;12.956;13.818
2023-07-05;83.032;3.196;12.774;13.549
2023-07-06;81.712;3.345;12.719;13.877
2023-07-07;81.536;3.366;12.715;13.712
2023-07-10;81.569;3.362;12.72;13.697
2023-07-11;81.515;3.369;12.978;14.003
2023-07-12;82.304;3.28;12.652;13.404
2023-07-13;82.987;3.204;12.484;13.355
2023-07-14;82.787;3.227;12.603;13.621
2023-07-17;83.112;3.191;12.754;13.514
2023-07-18;83.951;3.099;12.797;13.357
2023-07-19;83.406;3.159;12.5;13.254
2023-07-20;82.95;3.211;12.125;13.06
2023-07-21;83.074;3.198;12.052;12.864
2023-07-24;83.429;3.158;12.16;12.744
2023-07-25;83.477;3.153;12.509;13.155
2023-07-26;83.074;3.199;12.865;13.712
2023-07-27;83.131;3.193;11.992;12.794
2023-07-28;82.955;3.213;12.13;12.974
2023-07-31;83.024;3.206;11.734;12.684
2023-08-01;82.466;3.269;11.818;12.6
2023-08-02;82.568;3.258;12.008;12.837
2023-08-03;81.922;3.332;12.023;13.166
2023-08-04;82.396;3.279;11.564;12.641
2023-08-07;81.878;3.338;11.866;12.907
2023-08-08;82.949;3.217;11.792;12.851
2023-08-09;82.821;3.232;11.699;12.787
2023-08-10;82.592;3.259;11.443;12.704
2023-08-11;81.788;3.351;11.504;12.91
2023-08-14;81.703;3.361;11.64;12.876
2023-08-15;81.429;3.393;11.522;12.834
2023-08-16;81.571;3.377;11.594;12.845
2023-08-17;81.024;3.441;11.101;12.681
2023-08-18;81.671;3.367;11.36;12.855
2023-08-21;81.121;3.43;11.183;12.685
2023-08-22;81.684;3.366;11.482;12.883
2023-08-23;82.696;3.251;11.393;12.475
2023-08-24;82.728;3.249;11.091;12.439
2023-08-25;82.339;3.293;11.52;12.981
2023-08-28;82.342;3.293;11.498;12.9
2023-08-29;82.883;3.232;11.877;13.236
2023-08-30;82.698;3.254;11.58;12.922
2023-08-31;83.292;3.188;11.729;12.895
2023-09-01;82.568;3.27;11.084;12.544
2023-09-04;82.388;3.291;11.552;12.875
2023-09-05;82.125;3.321;11.406;12.764
2023-09-06;82.005;3.335;11.471;12.999
2023-09-07;82.256;3.308;11.442;13.091
2023-09-08;82.276;3.306;11.62;13.253
2023-09-11;82.051;3.332;11.892;13.436
2023-09-12;82.03;3.335;11.885;13.478
2023-09-13;81.953;3.344;11.793;13.372
2023-09-14;82.518;3.28;11.936;13.6
2023-09-15;81.797;3.363;12.76;14.608
2023-09-18;81.546;3.393;12.826;14.591
2023-09-19;81.339;3.417;13.133;14.942
2023-09-20;81.59;3.388;13.194;14.986
2023-09-21;81.216;3.433;13.387;15.361
2023-09-22;81.123;3.444;13.362;15.345
2023-09-25;80.5;3.517;13.309;15.296
2023-09-26;80.355;3.535;14.28;16.48
2023-09-27;79.999;3.577;15.534;17.961
2023-09-28;79.257;3.667;16.31;19.073
2023-09-29;79.762;3.607;16.582;19.332
2023-10-02;78.993;3.699;16.541;19.445
2023-10-03;78.535;3.755;16.662;19.753
2023-10-04;78.872;3.715;17.369;20.518
2023-10-05;79.15;3.683;18.018;21.301
2023-10-06;78.971;3.705;18.775;22.571
2023-10-09;79.733;3.614;19.156;22.972
2023-10-10;79.772;3.61;19.106;22.84
2023-10-11;80.376;3.539;19.381;23.24
2023-10-12;79.781;3.611;19.151;22.97
2023-10-13;80.15;3.567;19.479;23.065
2023-10-16;79.8;3.609;19.03;22.678
2023-10-17;79.135;3.689;19.658;23.372
2023-10-18;78.802;3.73;19.512;23.515
2023-10-19;78.698;3.744;19.172;23.08
2023-10-20;78.864;3.724;19.015;22.812
2023-10-23;79.096;3.697;19.192;22.95
2023-10-24;79.462;3.653;19.213;22.853
2023-10-25;79.009;3.708;18.758;22.463
2023-10-26;79.286;3.676;18.735;22.497
2023-10-27;79.483;3.653;19.23;23.065
2023-10-30;79.565;3.643;19.177;22.755
2023-10-31;79.67;3.631;19.257;22.917
2023-11-01;80.097;3.581;19.323;22.997
2023-11-02;80.638;3.518;19.539;23.395
2023-11-03;81.369;3.432;19.515;23.278
2023-11-06;80.743;3.506;20.08;23.855
2023-11-07;81.419;3.427;19.944;23.502
2023-11-08;81.847;3.378;20.355;23.882
2023-11-09;81.543;3.414;20.144;23.991
2023-11-10;81.141;3.462;20.103;23.926
2023-11-13;81.198;3.456;20.389;23.99
2023-11-14;82.084;3.353;20.506;23.809
2023-11-15;81.673;3.401;20.295;23.782
2023-11-16;82.024;3.361;20.264;23.921
2023-11-17;82.091;3.354;20.434;24.145
2023-11-20;82.126;3.35;20.589;24.158
2023-11-21;82.437;3.314;20.886;24.319
2023-11-22;82.492;3.308;20.712;24.136
2023-11-23;81.981;3.369;20.477;24.192
2023-11-24;81.828;3.387;20.567;24.255
2023-11-27;82.505;3.309;20.591;24.081
2023-11-28;82.893;3.264;20.824;24.374
2023-11-29;83.38;3.209;20.836;24.038
2023-11-30;83.277;3.222;20.697;24.17
2023-12-01;84.06;3.133;20.094;23.418
2023-12-04;84.258;3.111;20.528;23.924
2023-12-05;85.32;2.992;20.531;23.561
2023-12-06;85.644;2.956;20.893;23.928
2023-12-07;85.748;2.946;21.057;24.27
2023-12-08;85.064;3.022;21.001;24.502
2023-12-11;85.1;3.018;21.035;24.175
2023-12-12;85.582;2.965;21.19;24.192
2023-12-13;86.049;2.913;21.248;24.172
2023-12-14;86.572;2.857;20.79;23.833
2023-12-15;87.525;2.753;20.858;23.763
2023-12-18;86.936;2.817;21.16;24.154
2023-12-19;87.519;2.754;21.17;23.85
2023-12-20;87.962;2.706;21.519;24.091
2023-12-21;87.923;2.712;21.173;24.119
2023-12-22;87.822;2.723;20.824;23.766
2023-12-25;87.822;2.723;21.08;23.789
2023-12-27;88.527;2.647;21.044;23.502
2023-12-28;88.06;2.699;21.247;24.012
2023-12-29;87.417;2.769;20.948;23.974
2024-01-01;87.417;2.769;21.142;23.765
2024-01-02;87.149;2.798;21.232;23.847
2024-01-03;87.551;2.755;21.851;24.416
2024-01-04;86.738;2.844;21.294;24.252
2024-01-05;86.41;2.881;21.636;24.503
2024-01-08;86.579;2.862;21.75;24.352
2024-01-09;86.072;2.919;21.817;24.654
2024-01-10;85.943;2.934;21.587;24.469
2024-01-11;86.075;2.92;21.433;24.408
2024-01-12;86.517;2.871;21.419;24.277
2024-01-15;86.187;2.908;21.779;24.713
2024-01-16;85.975;2.932;21.412;24.513
2024-01-17;85.689;2.964;21.482;24.715
2024-01-18;85.322;3.006;21.395;24.57
2024-01-19;85.422;2.995;21.617;24.852
2024-01-22;85.773;2.956;21.837;24.838
2024-01-23;85.169;3.024;21.797;24.769
2024-01-24;85.311;3.009;21.857;24.917
2024-01-25;85.767;2.958;21.416;24.418
2024-01-26;85.733;2.963;21.653;24.856
2024-01-29;86.243;2.906;21.822;24.618
2024-01-30;85.974;2.936;21.698;24.773
2024-01-31;86.69;2.857;21.687;24.498
2024-02-01;86.918;2.832;21.738;24.773
2024-02-02;86.207;2.912;21.706;24.985
2024-02-05;85.578;2.983;21.935;24.93
2024-02-06;85.839;2.953;21.953;24.746
2024-02-07;85.604;2.98;22.006;24.974
2024-02-08;85.36;3.009;21.565;24.806
2024-02-09;85.159;3.032;21.777;25.006
2024-02-12;85.397;3.005;22.148;25.117
2024-02-13;85.202;3.028;21.921;25.118
2024-02-14;85.707;2.971;22.224;25.169
2024-02-15;85.532;2.992;21.992;25.042
2024-02-16;85.281;3.02;22.016;25.279
2024-02-19;85.185;3.031;22.053;25.093
2024-02-20;85.496;2.997;22.338;25.207
2024-02-21;85.009;3.052;22.28;25.39
2024-02-22;85.151;3.037;22.05;25.337
2024-02-23;85.796;2.964;22.29;25.373
2024-02-26;85.104;3.043;22.126;25.344
2024-02-27;84.952;3.061;22.097;25.235
2024-02-28;85.069;3.048;22.563;25.599
2024-02-29;85.592;2.989;22.596;25.682
2024-03-01;85.637;2.984;21.966;25.083
2024-03-04;85.905;2.955;22.5;25.388
2024-03-05;86.536;2.884;22.825;25.456
2024-03-06;86.56;2.882;22.927;25.638
2024-03-07;86.678;2.869;23.052;25.849
2024-03-08;87.035;2.83;23.183;25.962
2024-03-11;86.813;2.855;23.363;26.063
2024-03-12;86.711;2.867;23.769;26.439
2024-03-13;86.379;2.904;23.961;26.753
2024-03-14;85.874;2.962;23.563;26.477
2024-03-15;85.736;2.978;23.546;26.494
2024-03-18;85.612;2.992;23.669;26.504
2024-03-19;85.663;2.987;23.138;25.883
2024-03-20;85.735;2.979;23.616;26.383
2024-03-21;85.891;2.962;23.813;26.603
2024-03-22;86.501;2.894;23.542;26.185
2024-03-25;86.165;2.932;23.819;26.508
2024-03-26;86.363;2.91;23.919;26.53
2024-03-27;86.829;2.859;23.918;26.433
2024-03-28;86.868;2.855;24.159;26.673
2024-03-29;86.868;2.855;23.507;25.958
2024-04-02;85.944;2.959;23.645;26.318
2024-04-03;85.992;2.954;23.78;26.565
2024-04-04;86.29;2.921;24.031;26.667
2024-04-05;85.956;2.96;23.631;26.361
2024-04-08;85.737;2.985;23.888;26.559
2024-04-09;86.285;2.923;24.125;26.585
2024-04-10;85.788;2.98;24.018;26.762
2024-04-11;85.443;3.02;23.978;26.714
2024-04-12;86.089;2.947;24.119;26.728
2024-04-15;85.446;3.02;23.765;26.603
2024-04-16;84.91;3.082;23.87;26.709
2024-04-17;85.243;3.044;24.057;26.833
2024-04-18;84.992;3.074;23.625;26.55
2024-04-19;85.053;3.067;23.777;26.679
2024-04-22;85.07;3.066;23.918;26.693
2024-04-23;84.937;3.081;23.823;26.642
2024-04-24;84.218;3.165;23.539;26.534
2024-04-25;83.968;3.196;23.435;26.689
2024-04-26;84.53;3.13;23.59;26.704
2024-04-29;84.929;3.085;23.65;26.645
2024-04-30;84.576;3.126;23.565;26.765
2024-05-02;84.923;3.087;23.656;26.736
2024-05-03;85.286;3.045;23.365;26.442
2024-05-06;85.456;3.026;23.835;26.793
2024-05-07;85.945;2.97;23.711;26.475
2024-05-08;85.564;3.014;23.756;26.591
2024-05-09;85.278;3.048;23.542;26.66
2024-05-10;85.154;3.063;23.319;26.495
2024-05-13;85.249;3.052;23.562;26.453
2024-05-14;84.947;3.088;23.523;26.478
2024-05-15;85.925;2.975;23.727;26.466
2024-05-16;85.667;3.006;23.3;26.291
2024-05-17;85.241;3.055;23.436;26.566
2024-05-20;85.147;3.067;23.539;26.497
2024-05-21;85.417;3.036;23.438;26.311
2024-05-22;85.2;3.061;23.574;26.509
2024-05-23;84.866;3.101;23.415;26.61
2024-05-24;84.913;3.096;23.398;26.595
2024-05-27;85.141;3.07;23.74;26.75
2024-05-28;84.828;3.106;23.865;27.08
2024-05-29;84.076;3.195;23.636;26.874
2024-05-30;84.509;3.145;23.213;26.513
2024-05-31;84.437;3.154;23.163;26.63
2024-06-03;85.109;3.076;23.434;26.476
2024-06-04;85.45;3.037;23.36;26.292
2024-06-05;85.624;3.017;22.695;25.525
2024-06-06;85.324;3.053;22.748;25.887
2024-06-07;84.791;3.115;23.208;26.551
2024-06-10;84.238;3.18;23.322;26.6
2024-06-11;84.393;3.162;24.044;27.348
2024-06-12;85.128;3.077;24.388;27.475
2024-06-13;85.241;3.065;24.782;28.151
2024-06-14;85.75;3.006;25.323;28.656
2024-06-17;85.429;3.044;25.116;28.47
2024-06-18;85.691;3.014;25.157;28.53
2024-06-19;85.599;3.025;25.2;28.56
2024-06-20;85.358;3.054;24.887;28.457
2024-06-21;85.338;3.056;25.303;28.839
2024-06-24;85.364;3.054;25.203;28.678
2024-06-25;85.425;3.047;25.01;28.376
2024-06-26;85.096;3.086;24.944;28.294
2024-06-27;85.022;3.095;24.895;28.407
2024-06-28;84.731;3.13;25.133;28.766
2024-07-01;84.204;3.192;25.369;28.956
2024-07-02;84.369;3.173;25.177;28.738
2024-07-03;84.83;3.119;25.563;28.955
2024-07-04;84.667;3.14;24.861;28.406
2024-07-05;85.114;3.087;24.408;27.756
2024-07-08;85.132;3.086;25.519;28.765
2024-07-09;84.829;3.122;25.323;28.725
2024-07-10;85.271;3.07;25.083;28.221
2024-07-11;85.699;3.021;25.368;28.581
2024-07-12;85.441;3.052;25.166;28.484
2024-07-15;85.599;3.034;25.505;28.753
2024-07-16;85.968;2.991;25.198;28.309
2024-07-17;86.005;2.987;25.492;28.731
2024-07-18;85.885;3.002;25.288;28.703
2024-07-19;85.618;3.033;25.473;28.914
2024-07-22;85.503;3.047;25.495;28.79
2024-07-23;85.852;3.007;25.582;28.714
2024-07-24;85.768;3.017;25.057;28.067
2024-07-25;85.933;2.999;25.301;28.596
2024-07-26;85.976;2.994;25.499;28.921
2024-07-29;86.392;2.946;25.615;28.727
2024-07-30;86.568;2.926;25.514;28.509
2024-07-31;86.874;2.891;25.735;28.676
2024-08-01;87.252;2.849;25.322;28.4
2024-08-02;87.679;2.8;25.436;28.036
2024-08-05;87.501;2.821;25.591;28.36
2024-08-06;87.57;2.813;24.703;28.777
2024-08-07;87.153;2.861;24.563;28.716
2024-08-08;87.171;2.86;25.396;28.521
2024-08-09;87.528;2.82;25.324;28.583
2024-08-12;87.592;2.813;24.714;28.749
2024-08-13;87.955;2.772;24.896;28.644
2024-08-14;88.116;2.754;25.16;28.136
2024-08-15;87.516;2.823;24.569;29.03
2024-08-16;87.704;2.802;25.009;28.405
2024-08-19;87.681;2.805;25.727;28.807
2024-08-20;88.024;2.766;25.9;28.853
2024-08-21;88.165;2.75;25.889;28.731
2024-08-22;87.785;2.794;25.207;28.25
2024-08-23;87.948;2.776;25.093;28.188
2024-08-26;87.681;2.807;24.821;28.683
2024-08-27;87.361;2.844;25.956;29.113
2024-08-28;87.65;2.811;25.677;28.696
2024-08-29;87.541;2.824;25.555;28.706
2024-08-30;87.346;2.847;25.605;28.972
2024-09-02;87.068;2.879;25.928;29.297
2024-09-03;87.54;2.825;25.371;29.273
2024-09-04;87.843;2.791;26.545;29.585
2024-09-05;88.074;2.765;26.111;29.155
2024-09-06;88.266;2.744;25.508;29.663
2024-09-09;88.38;2.731;26.459;29.516
2024-09-10;88.666;2.699;25.737;29.381
2024-09-11;88.702;2.695;25.686;29.506
2024-09-12;88.469;2.722;26.605;29.75
2024-09-13;88.425;2.728;26.005;29.868
2024-09-16;88.72;2.694;26.73;29.625
2024-09-17;88.526;2.717;26.67;29.594
2024-09-18;88.207;2.753;25.726;28.69
2024-09-19;88.042;2.773;26.552;29.581
2024-09-20;88.136;2.763;25.891;29.742
2024-09-23;88.422;2.73;26.483;29.272
2024-09-24;88.413;2.732;25.889;29.563
2024-09-25;88.324;2.742;26.881;29.748
2024-09-26;88.251;2.751;27.244;30.105
2024-09-27;88.716;2.698;26.567;30.134
2024-09-30;88.79;2.69;27.846;30.602
2024-10-01;89.549;2.605;26.992;30.271
2024-10-02;89.106;2.655;26.946;30.357
2024-10-03;88.659;2.707;26.868;30.502
2024-10-04;88.199;2.76;27.447;30.498
2024-10-07;87.735;2.813;26.652;29.618
2024-10-08;87.85;2.8;26.764;30.562
2024-10-09;87.691;2.819;27.095;31.023
2024-10-10;87.646;2.825;27.945;32.005
2024-10-11;87.905;2.795;26.875;30.734
2024-10-14;87.851;2.802;28.414;31.453
2024-10-15;88.304;2.75;28.071;31.841
2024-10-16;88.545;2.723;28.109;31.826
2024-10-17;88.514;2.727;27.88;30.933
2024-10-18;88.752;2.7;27.356;31.232
2024-10-21;88.141;2.771;27.676;31.008
2024-10-22;87.987;2.789;27.449;30.834
2024-10-23;88.056;2.781;27.969;31.241
2024-10-24;88.361;2.747;28.05;31.646
2024-10-25;88.306;2.753;27.009;31.549
2024-10-28;88.393;2.743;27.753;32.122
2024-10-29;88.294;2.755;27.977;32.426
2024-10-30;87.933;2.797;28.553;33.217
2024-10-31;88.05;2.784;28.991;33.788
2024-11-01;88.028;2.787;29.186;33.805
2024-11-04;87.933;2.799;30.784;35.34
2024-11-05;87.372;2.864;33.78;37.852
2024-11-06;87.474;2.853;36.553;41.795
2024-11-07;87.38;2.865;37.73;42.621
2024-11-08;88.181;2.772;34.903;40.256
2024-11-11;88.523;2.732;36.265;41.337
2024-11-12;88.083;2.784;37.855;43.343
2024-11-13;88.174;2.773;36.399;41.758
2024-11-14;88.631;2.721;37.458;42.978
2024-11-15;88.384;2.75;38.848;44.459
2024-11-18;88.425;2.746;36.954;41.711
2024-11-19;88.339;2.756;36.808;42.45
2024-11-20;88.077;2.787;39.007;44.85
2024-11-21;88.127;2.782;38.065;42.831
2024-11-22;88.536;2.735;40.049;44.761
2024-11-25;88.753;2.71;39.435;45.001
2024-11-26;88.75;2.71;39.534;44.417
2024-11-27;88.996;2.682;39.276;44.004
2024-11-28;89.418;2.635;37.783;42.244
2024-11-29;89.798;2.592;37.595;41.932
2024-12-02;90.253;2.54;37.576;42.381
2024-12-03;90.385;2.526;37.317;42.266
2024-12-04;90.317;2.533;38.296;42.641
2024-12-05;89.943;2.577;37.43;42.535
2024-12-06;90.09;2.56;37.467;42.473
2024-12-09;89.957;2.576;38.404;43.278
2024-12-10;89.922;2.58;38.135;42.985
2024-12-11;89.858;2.587;38.247;43.16
2024-12-12;89.017;2.685;39.855;45.379
2024-12-13;88.891;2.699;37.636;42.3
2024-12-16;88.958;2.692;39.228;43.732
2024-12-17;89.113;2.674;38.943;43.291
2024-12-18;88.809;2.71;38.855;44.137
2024-12-19;88.139;2.789;40.175;46.09
2024-12-20;88.499;2.747;39.038;43.864
2024-12-23;88.209;2.782;38.921;43.737
2024-12-24;88.209;2.783;38.895;43.962
2024-12-25;88.209;2.783;38.917;43.962
2024-12-27;87.875;2.822;36.251;41.906
2024-12-30;88.039;2.803;37.808;42.591
2024-12-31;88.039;2.804;37.678;42.359
2025-01-01;88.039;2.804;37.751;42.358
2025-01-02;87.905;2.82;37.874;42.787
2025-01-03;87.526;2.865;39.199;44.53
2025-01-06;87.342;2.887;38.216;43.214
2025-01-07;87.056;2.922;36.843;42.546
2025-01-08;86.727;2.961;37.874;42.782
2025-01-09;86.611;2.976;38.048;43.084
2025-01-10;86.45;2.996;37.418;42.544
2025-01-13;86.185;3.028;38.189;43.268
2025-01-14;85.887;3.065;38.344;43.404
2025-01-15;86.709;2.966;37.949;42.746
2025-01-16;86.893;2.945;38.08;42.867
2025-01-17;87.04;2.928;37.713;42.501
2025-01-20;87.066;2.925;38.037;42.833
2025-01-21;87.195;2.91;38.359;43.168
2025-01-22;87.077;2.924;36.81;42.604
2025-01-23;86.955;2.94;37.889;42.954
2025-01-24;86.841;2.954;37.762;42.974
2025-01-27;86.996;2.936;37.939;42.818
2025-01-28;86.807;2.959;37.636;42.573
2025-01-29;86.503;2.996;39.475;44.66
2025-01-30;87.2;2.913;36.66;42.289
2025-01-31;87.753;2.847;37.095;42.454
2025-02-03;88.344;2.778;37.213;42.312
2025-02-04;88.307;2.782;37.284;42.652
2025-02-05;88.576;2.751;38.173;42.655
2025-02-06;88.527;2.758;38.062;42.633
2025-02-07;88.592;2.75;38.429;42.986
2025-02-10;88.681;2.74;37.676;42.794
2025-02-11;88.048;2.815;37.751;43.153
2025-02-12;87.666;2.861;37.649;43.23
2025-02-13;88.074;2.813;37.049;42.314
2025-02-14;87.69;2.859;38.046;43.629
2025-02-17;87.425;2.891;38.442;44.191
2025-02-18;87.567;2.875;36.897;42.415
2025-02-19;87.138;2.926;37.216;43.022
2025-02-20;87.298;2.908;37.009;42.822
2025-02-21;87.732;2.857;37.164;42.802
2025-02-24;87.731;2.857;37.365;42.964
2025-02-25;87.938;2.833;37.63;43.194
2025-02-26;88.122;2.811;37.768;43.337
2025-02-27;88.242;2.798;38.09;43.574
2025-02-28;88.304;2.791;37.708;43.252
2025-03-03;87.705;2.862;38.987;44.027
2025-03-04;87.479;2.89;40.953;46.112
2025-03-05;85.559;3.124;39.721;46.7
2025-03-06;85.178;3.172;41.275;47.314
2025-03-07;85.133;3.178;39.658;45.385
2025-03-10;85.007;3.194;41.938;49.225
2025-03-11;84.456;3.263;41.008;48.322
2025-03-12;84.667;3.237;42.737;48.971
2025-03-13;84.74;3.229;42.93;49.056
2025-03-14;84.466;3.264;42.284;48.372
2025-03-17;84.681;3.237;44.979;51.196
2025-03-18;84.721;3.233;44.17;51.546
2025-03-19;84.808;3.222;44.501;51.952
2025-03-20;84.935;3.208;44.431;51.775
2025-03-21;84.949;3.206;44.027;51.372
2025-03-24;84.882;3.215;43.778;51.104
2025-03-25;84.673;3.242;43.709;51.13
2025-03-26;84.667;3.243;43.625;51.039
2025-03-27;84.826;3.224;43.749;51.11
2025-03-28;85.148;3.184;43.401;50.592
2025-03-31;85.063;3.195;44.277;51.576
2025-04-01;85.405;3.153;45.539;52.771
2025-04-02;85.186;3.181;45.574;52.846
2025-04-03;85.706;3.117;46.002;53.316
2025-04-04;85.974;3.085;44.235;51.514
2025-04-07;85.466;3.148;44.78;52.318
2025-04-08;85.518;3.142;45.323;53.289
2025-04-09;85.506;3.144;44.435;52.107
2025-04-10;85.896;3.097;44.735;52.425
2025-04-11;85.805;3.108;44.318;51.67
2025-04-14;86.424;3.032;44.223;51.367
2025-04-15;86.147;3.067;44.385;51.714
2025-04-16;86.235;3.058;44.02;51.512
2025-04-17;86.463;3.03;44.176;51.796
2025-04-18;86.463;3.03;43.108;50.584
2025-04-22;86.499;3.026;46.318;53.904
2025-04-23;86.321;3.048;46.965;55.008
2025-04-24;86.569;3.019;47.392;55.369
2025-04-25;86.502;3.028;47.408;55.361
2025-04-28;86.075;3.081;47.691;55.88
2025-04-29;86.244;3.061;47.975;56.121
2025-04-30;86.511;3.029;48.838;57.041
2025-05-02;86.042;3.087;48.754;57.07
2025-05-05;86.211;3.067;48.13;56.178
2025-05-06;86.013;3.091;48.735;56.871
2025-05-07;86.512;3.03;49.063;56.94
2025-05-08;86.05;3.088;48.802;57.128
2025-05-09;85.86;3.112;48.763;57.292
2025-05-12;85.37;3.174;49.028;57.663
2025-05-13;85.057;3.214;48.972;57.721
2025-05-14;84.956;3.227;48.677;57.324
2025-05-15;85.6;3.147;48.133;56.448
2025-05-16;85.871;3.114;47.325;55.437
2025-05-19;85.78;3.126;47.732;55.971
2025-05-20;85.619;3.146;47.142;55.393
2025-05-21;85.399;3.174;46.899;55.278
2025-05-22;85.338;3.183;45.986;54.438
2025-05-23;85.775;3.129;47.2;54.176
2025-05-26;85.858;3.119;47.672;54.624
2025-05-27;86.143;3.084;48.176;55.152
2025-05-28;85.914;3.112;48.123;55.345
2025-05-29;86.289;3.067;46.995;53.921
2025-05-30;86.32;3.063;46.785;53.58
2025-06-02;86.178;3.081;46.929;53.712
2025-06-03;86.183;3.081;46.921;53.622
2025-06-04;86.196;3.08;46.354;52.991
2025-06-05;85.728;3.14;46.66;53.826
2025-06-06;85.679;3.146;46.716;53.919
2025-06-09;85.846;3.126;46.31;53.204
2025-06-10;86.131;3.091;45.978;52.705
2025-06-11;86.128;3.091;44.853;51.397
2025-06-12;86.54;3.041;44.424;50.828
2025-06-13;86.037;3.104;45.57;52.308
2025-06-16;86.139;3.092;45.218;51.754
2025-06-17;86.115;3.095;45.098;51.551
2025-06-18;86.286;3.074;46.119;52.652
2025-06-19;86.055;3.104;46.004;52.778
2025-06-20;86.138;3.094;45.522;52.235
2025-06-23;86.221;3.084;46.574;53.277
2025-06-24;85.991;3.114;46.368;53.049
2025-06-25;86.026;3.11;45.19;51.715
2025-06-26;85.934;3.122;45.28;51.905
2025-06-27;85.843;3.134;45.123;51.832
2025-06-30;85.702;3.153;45.329;51.897
2025-07-01;85.992;3.116;45.444;51.866
2025-07-02;85.646;3.16;45.554;52.222
2025-07-03;86.029;3.113;44.407;50.82
2025-07-04;86.012;3.116;44.65;51.114
2025-07-07;85.805;3.142;44.573;51.054
2025-07-08;85.5;3.182;44.586;51.223
2025-07-09;85.628;3.166;44.83;51.259
2025-07-10;85.458;3.189;44.581;51.038
2025-07-11;85.282;3.211;44.337;50.915
2025-07-14;85.138;3.23;44.268;50.61
2025-07-15;85.247;3.217;44.534;50.864
2025-07-16;85.43;3.194;44.406;50.715
2025-07-17;85.514;3.184;44.554;50.963
2025-07-18;85.377;3.202;44.342;50.875
2025-07-21;85.948;3.13;44.583;50.737
2025-07-22;86.134;3.107;44.468;50.611
2025-07-23;85.785;3.152;42.998;49.108
2025-07-24;85.516;3.187;43.12;49.602
2025-07-25;85.444;3.197;42.639;49.038
2025-07-28;85.595;3.178;43.127;49.111
2025-07-29;85.407;3.202;43.712;49.965
2025-07-30;85.464;3.195;43.105;49.274
2025-07-31;85.551;3.186;43.092;49.367
2025-08-01;85.638;3.175;43.428;49.721
2025-08-04;86.065;3.121;43.161;49.033
2025-08-05;86.05;3.123;43.518;49.47
2025-08-06;85.925;3.14;42.976;48.85
2025-08-07;86.251;3.099;41.886;47.589
2025-08-08;85.97;3.136;40.489;46.186
2025-08-11;86.017;3.13;40.036;45.578
2025-08-12;85.762;3.163;39.526;45.026
2025-08-13;86.2;3.108;39.626;44.951
2025-08-14;85.989;3.136;39.612;45.059
2025-08-15;85.451;3.205;39.244;44.878
2025-08-18;85.672;3.177;39.684;45.144
2025-08-19;85.79;3.162;39.583;44.983
2025-08-20;86.1;3.123;38.847;44.099
2025-08-21;85.723;3.173;39.632;45.374
2025-08-22;86.069;3.129;38.913;44.5
2025-08-25;85.649;3.183;39.292;44.932
2025-08-26;85.896;3.152;39.753;45.401
2025-08-27;86.02;3.136;40.47;46.151
2025-08-28;86.081;3.13;40.58;46.316
2025-08-29;85.916;3.151;40.77;46.549
2025-09-01;85.77;3.17;40.923;46.626
2025-09-02;85.464;3.21;41.134;46.945
2025-09-03;85.821;3.165;41.155;46.775
2025-09-04;85.95;3.149;40.659;46.216
2025-09-05;86.264;3.11;41.03;46.481
2025-09-08;86.469;3.084;40.967;46.222
2025-09-09;86.331;3.102;41.133;46.468
2025-09-10;86.403;3.093;40.861;46.128
2025-09-11;86.453;3.088;40.976;46.247
2025-09-12;86.009;3.145;40.85;46.295
2025-09-15;86.171;3.125;40.831;46.136
2025-09-16;86.13;3.131;41.176;46.553
2025-09-17;86.294;3.11;41.431;46.767
2025-09-18;85.939;3.157;41.314;46.755
2025-09-19;85.842;3.17;41.26;46.727
2025-09-22;85.784;3.178;41.21;46.625
2025-09-23;85.752;3.182;41.234;46.665
2025-09-24;85.701;3.189;41.088;46.515
2025-09-25;85.538;3.212;41.096;46.534
2025-09-26;85.71;3.19;40.863;46.162
2025-09-29;86.017;3.151;41.19;46.393
2025-09-30;85.985;3.155;41.012;46.208
2025-10-01;85.992;3.155;41.196;46.44
2025-10-02;86.095;3.143;40.831;45.955
2025-10-03;86.083;3.145;40.927;46.018
2025-10-06;85.845;3.176;41.206;46.371
2025-10-07;85.916;3.167;41.042;46.144
2025-10-08;86.183;3.133;41.04;46.071
2025-10-09;86.028;3.154;40.793;45.879
2025-10-10;86.389;3.108;40.529;45.5
2025-10-13;86.446;3.101;40.684;45.603
2025-10-14;86.65;3.075;40.884;45.735
2025-10-15;86.893;3.045;40.826;45.611
2025-10-16;86.965;3.037;40.742;45.518
2025-10-17;86.812;3.057;41.226;46.092
2025-10-20;86.929;3.042;40.537;45.301
2025-10-21;87.102;3.02;40.91;45.567
2025-10-22;87.017;3.032;40.3;45.016
2025-10-23;86.891;3.049;40.251;45.092
2025-10-24;86.579;3.089;40.833;45.83
2025-10-27;86.696;3.075;41.156;45.931
2025-10-28;86.601;3.087;41.147;45.945
2025-10-29;86.664;3.08;40.713;45.482
2025-10-30;86.536;3.097;40.068;44.888
2025-10-31;86.62;3.087;39.289;43.94
2025-11-03;86.262;3.134;40.842;45.684
2025-11-04;86.34;3.124;41.037;45.916
2025-11-05;86.201;3.142;40.839;45.796
2025-11-06;86.352;3.124;41.11;46.152
2025-11-07;86.16;3.149;40.629;45.739
2025-11-10;86.166;3.149;41.137;46.176
2025-11-11;86.215;3.143;41.155;46.167
2025-11-12;86.247;3.139;41.27;46.207
2025-11-13;85.967;3.177;40.073;45.062
2025-11-14;85.751;3.206;39.658;44.725
2025-11-17;85.723;3.21;39.87;44.847
2025-11-18;85.722;3.21;39.949;44.867
2025-11-19;85.702;3.213;39.374;44.258
2025-11-20;85.725;3.212;39.168;44.251
2025-11-21;85.856;3.195;39.203;44.29
2025-11-24;85.961;3.182;39.025;43.961
2025-11-25;86.085;3.166;38.937;43.811
2025-11-26;86.102;3.164;38.657;43.522
2025-11-27;86.009;3.177;38.8;43.822
2025-11-28;85.912;3.191;38.052;43.051
2025-12-01;85.548;3.239;38.564;43.595
2025-12-02;85.634;3.228;38.52;43.528
2025-12-03;85.714;3.218;38.348;43.359
2025-12-04;85.654;3.227;37.932;42.965
2025-12-05;85.427;3.258;37.56;42.502
2025-12-08;85.018;3.312;36.046;40.764
2025-12-09;84.873;3.332;37.845;42.738
2025-12-10;84.897;3.329;38.254;43.217
2025-12-11;85.083;3.306;36.665;41.458
2025-12-12;84.949;3.324;35.662;40.406
2025-12-15;84.971;3.322;35.22;39.767
2025-12-16;84.951;3.325;35.869;40.527
2025-12-17;84.839;3.34;35.063;39.789
2025-12-18;85.006;3.319;35.305;40.211
2025-12-19;84.667;3.365;34.581;39.534
2025-12-22;84.673;3.365;34.858;39.686
2025-12-23;84.828;3.347;35.431;40.517
2025-12-24;84.828;3.347;35.558;40.667
2025-12-25;84.828;3.347;35.492;40.639
2025-12-29;85.045;3.318;35.471;40.265
2025-12-30;84.959;3.331;34.967;39.802
2025-12-31;84.959;3.332;35.726;40.804
2026-01-01;84.959;3.332;35.024;39.984
2026-01-02;84.771;3.358;34.147;39.112
2026-01-05;85.026;3.324;34.643;39.497
2026-01-06;85.277;3.291;34.068;38.76
2026-01-07;85.469;3.266;35.106;39.865
2026-01-08;85.481;3.266;33.914;38.57
2026-01-09;85.504;3.263;33.963;38.61
2026-01-12;85.734;3.233;34.447;38.898
2026-01-13;85.651;3.245;34.69;39.117
2026-01-14;85.789;3.227;34.977;39.385
2026-01-15;85.805;3.226;34.752;39.273
2026-01-16;86.0;3.2;30.682;34.64
2026-01-19;85.967;3.205;30.603;34.38
2026-01-20;85.836;3.223;30.639;34.479
2026-01-21;85.688;3.243;30.219;34.043
2026-01-22;85.646;3.25;30.58;34.636
2026-01-23;85.507;3.269;30.312;34.327
2026-01-26;85.767;3.235;30.574;34.436
2026-01-27;85.735;3.24;30.496;34.341
2026-01-28;85.893;3.219;30.566;34.429
2026-01-29;86.087;3.195;29.607;33.421
2026-01-30;86.093;3.194;30.783;34.706
2026-02-02;85.917;3.218;30.614;34.473
2026-02-03;85.769;3.238;30.296;34.137
2026-02-04;86.129;3.191;28.495;31.97
2026-02-05;86.231;3.179;28.728;32.311
2026-02-06;86.259;3.175;28.452;32.103
2026-02-09;86.311;3.169;28.767;32.435
2026-02-10;86.508;3.143;28.549;32.216
2026-02-11;86.615;3.129;28.728;32.438
2026-02-12;86.735;3.115;29.306;33.04
2026-02-13;87.031;3.076;29.121;32.666
2026-02-16;87.098;3.068;28.527;31.837
2026-02-17;87.17;3.059;28.312;31.567
