;px_last;yld_ytm_mid;asset_swap_spd_mid;z_sprd_mid
2012-02-28;99.844;3.385;74.839;78.938
2012-02-29;99.972;3.377;74.119;78.103
2012-03-01;100.0;3.375;73.446;77.353
2012-03-02;100.862;3.315;71.253;74.664
2012-03-05;100.691;3.327;70.435;73.894
2012-03-06;100.646;3.33;69.455;72.969
2012-03-07;100.877;3.314;68.402;71.78
2012-03-08;100.666;3.329;69.019;72.517
2012-03-09;100.744;3.323;68.841;72.262
2012-03-12;101.145;3.296;66.371;69.489
2012-03-13;100.568;3.335;65.273;68.743
2012-03-14;99.049;3.441;66.156;70.311
2012-03-15;99.291;3.424;65.016;68.942
2012-03-16;98.423;3.485;65.127;69.394
2012-03-19;98.699;3.466;63.289;67.302
2012-03-20;99.083;3.439;63.813;67.67
2012-03-21;99.825;3.387;63.279;66.828
2012-03-22;100.181;3.362;62.621;66.023
2012-03-23;100.65;3.329;63.348;66.552
2012-03-26;99.977;3.376;63.092;66.527
2012-03-27;100.367;3.349;63.742;67.044
2012-03-28;100.828;3.317;62.403;65.467
2012-03-29;101.122;3.297;62.145;65.097
2012-03-30;101.266;3.287;60.096;62.964
2012-04-02;101.218;3.29;62.156;65.052
2012-04-03;100.957;3.308;58.073;60.961
2012-04-04;101.085;3.299;62.535;65.562
2012-04-05;101.569;3.266;63.521;66.346
2012-04-06;101.535;3.268;63.346;66.2
2012-04-09;101.596;3.264;63.259;66.074
2012-04-10;102.181;3.225;64.682;67.28
2012-04-11;101.678;3.259;64.097;66.898
2012-04-12;101.538;3.268;64.664;67.561
2012-04-13;101.943;3.241;66.177;68.919
2012-04-16;101.965;3.239;64.347;67.045
2012-04-17;101.23;3.289;68.691;71.839
2012-04-18;101.608;3.263;69.151;72.167
2012-04-19;101.315;3.283;70.481;73.678
2012-04-20;100.764;3.321;71.888;75.385
2012-04-23;100.899;3.312;71.051;74.434
2012-04-24;100.231;3.358;71.056;74.907
2012-04-25;99.772;3.39;72.404;76.542
2012-04-26;100.233;3.358;71.056;74.968
2012-04-27;100.315;3.352;72.171;76.102
2012-04-30;100.685;3.327;70.029;73.667
2012-05-01;100.613;3.332;72.565;76.415
2012-05-02;101.365;3.28;72.284;75.819
2012-05-03;101.622;3.262;72.815;76.265
2012-05-04;102.231;3.221;72.517;75.667
2012-05-07;102.082;3.231;73.428;76.714
2012-05-08;102.563;3.198;71.296;74.18
2012-05-09;102.622;3.194;71.996;74.783
2012-05-10;103.108;3.161;74.2;76.679
2012-05-11;103.891;3.109;74.169;76.133
2012-05-14;105.002;3.035;67.372;68.727
2012-05-15;105.038;3.033;74.6;75.907
2012-05-16;104.735;3.053;74.373;75.857
2012-05-17;105.262;3.018;74.198;75.413
2012-05-18;105.343;3.013;74.543;75.661
2012-05-21;105.177;3.024;75.544;76.76
2012-05-22;105.337;3.013;76.617;77.723
2012-05-23;106.896;2.912;73.934;74.163
2012-05-24;107.317;2.885;75.24;75.295
2012-05-25;107.663;2.863;74.787;74.717
2012-05-28;108.038;2.839;72.495;72.283
2012-05-29;108.245;2.826;72.53;72.159
2012-05-30;110.266;2.699;71.289;69.928
2012-05-31;111.159;2.644;73.528;71.722
2012-06-01;112.289;2.575;75.805;73.277
2012-06-04;112.156;2.583;77.911;75.369
2012-06-05;112.437;2.566;75.122;72.507
2012-06-06;110.101;2.709;79.967;78.321
2012-06-07;108.572;2.804;73.927;73.291
2012-06-08;109.444;2.749;77.159;75.916
2012-06-11;109.977;2.716;69.139;67.914
2012-06-12;108.164;2.83;75.319;74.831
2012-06-13;106.511;2.936;73.983;74.403
2012-06-14;106.201;2.956;70.649;71.281
2012-06-15;108.217;2.826;71.861;71.359
2012-06-18;108.191;2.828;72.031;71.56
2012-06-19;106.578;2.931;71.058;71.469
2012-06-20;105.679;2.989;71.616;72.394
2012-06-21;106.999;2.904;67.07;67.224
2012-06-22;106.558;2.932;72.137;72.555
2012-06-25;107.513;2.871;66.322;66.33
2012-06-26;106.806;2.916;71.511;71.86
2012-06-27;106.098;2.962;73.782;74.444
2012-06-28;106.181;2.956;74.908;75.526
2012-06-29;105.471;3.003;70.839;71.893
2012-07-02;105.744;2.985;67.485;68.434
2012-07-03;105.358;3.01;71.616;72.966
2012-07-04;105.931;2.972;71.38;72.516
2012-07-05;106.536;2.933;71.962;72.902
2012-07-06;107.212;2.889;70.877;71.53
2012-07-09;107.279;2.885;70.477;71.119
2012-07-10;107.272;2.885;73.25;73.765
2012-07-11;107.852;2.848;70.682;70.977
2012-07-12;108.111;2.831;70.686;70.93
2012-07-13;107.993;2.839;69.803;70.126
2012-07-16;108.25;2.823;68.305;68.52
2012-07-17;109.004;2.775;63.741;63.705
2012-07-18;109.956;2.715;61.713;61.328
2012-07-19;110.081;2.707;59.783;59.343
2012-07-20;110.729;2.667;59.7;59.096
2012-07-23;110.572;2.676;60.651;60.106
2012-07-24;109.902;2.718;59.657;59.386
2012-07-25;109.701;2.73;59.488;59.27
2012-07-26;109.28;2.757;57.923;57.855
2012-07-27;108.481;2.807;56.589;56.837
2012-07-30;108.493;2.806;58.709;58.959
2012-07-31;109.672;2.732;58.96;58.763
2012-08-01;108.904;2.78;56.646;56.795
2012-08-02;110.759;2.664;55.88;55.321
2012-08-03;108.423;2.81;55.67;55.969
2012-08-06;109.011;2.773;54.041;54.149
2012-08-07;108.566;2.801;49.432;49.74
2012-08-08;109.622;2.734;47.424;47.408
2012-08-09;109.922;2.715;49.142;49.005
2012-08-10;110.67;2.669;47.637;47.302
2012-08-13;110.638;2.671;46.279;46.003
2012-08-14;109.881;2.718;46.198;46.134
2012-08-15;108.868;2.781;45.172;45.406
2012-08-16;109.291;2.755;44.44;44.567
2012-08-17;109.965;2.712;44.377;44.31
2012-08-20;110.12;2.702;44.262;44.17
2012-08-21;109.576;2.736;46.387;46.474
2012-08-22;110.161;2.7;46.921;46.803
2012-08-23;111.456;2.619;46.035;45.562
2012-08-24;111.883;2.593;45.523;44.94
2012-08-27;111.9;2.592;45.601;45.0
2012-08-28;112.244;2.571;44.232;43.596
2012-08-29;111.968;2.587;45.857;45.239
2012-08-30;112.705;2.542;44.974;44.201
2012-08-31;112.31;2.566;46.084;45.399
2012-09-03;111.842;2.595;46.993;46.408
2012-09-04;111.492;2.616;45.282;44.889
2012-09-05;110.642;2.669;44.918;44.809
2012-09-06;109.366;2.749;46.765;47.033
2012-09-07;109.604;2.734;42.814;43.038
2012-09-10;109.409;2.746;48.605;48.865
2012-09-11;109.415;2.745;44.792;45.129
2012-09-12;108.173;2.824;44.172;44.878
2012-09-13;109.095;2.765;44.125;44.528
2012-09-14;107.705;2.854;42.375;43.187
2012-09-17;108.374;2.811;41.77;42.327
2012-09-18;108.8;2.784;42.423;42.869
2012-09-19;109.031;2.769;42.077;42.521
2012-09-20;109.898;2.714;41.383;41.606
2012-09-21;109.442;2.743;44.061;44.466
2012-09-24;109.898;2.714;43.228;43.518
2012-09-25;109.752;2.723;47.416;47.633
2012-09-26;110.747;2.661;44.19;44.155
2012-09-27;110.965;2.647;43.158;43.059
2012-09-28;110.969;2.647;41.78;41.734
2012-10-01;110.647;2.667;43.492;43.526
2012-10-02;110.381;2.683;42.157;42.266
2012-10-03;110.52;2.674;43.584;43.664
2012-10-04;110.412;2.681;40.059;40.215
2012-10-05;109.619;2.731;43.276;43.635
2012-10-08;110.485;2.676;42.389;42.495
2012-10-09;110.529;2.673;42.228;42.343
2012-10-10;110.54;2.673;42.606;42.718
2012-10-11;110.408;2.681;43.57;43.722
2012-10-12;110.915;2.649;40.32;40.362
2012-10-15;110.35;2.684;40.529;40.709
2012-10-16;109.663;2.727;40.009;40.362
2012-10-17;108.824;2.781;36.382;36.919
2012-10-18;109.373;2.746;37.356;37.748
2012-10-19;110.108;2.699;38.799;38.936
2012-10-22;109.689;2.725;37.28;37.539
2012-10-23;109.965;2.708;37.618;37.805
2012-10-24;110.143;2.697;36.235;36.411
2012-10-25;109.842;2.715;35.508;35.763
2012-10-26;110.563;2.67;37.147;37.241
2012-10-29;111.226;2.629;35.433;35.369
2012-10-30;111.113;2.636;36.147;36.134
2012-10-31;111.306;2.623;36.275;36.198
2012-11-01;111.544;2.609;34.287;34.169
2012-11-02;111.64;2.603;36.364;36.183
2012-11-05;112.125;2.572;35.036;34.776
2012-11-06;111.923;2.585;33.687;33.488
2012-11-07;112.595;2.543;35.685;35.344
2012-11-08;112.323;2.56;35.359;35.099
2012-11-09;112.723;2.535;37.846;37.472
2012-11-12;112.737;2.534;36.748;36.403
2012-11-13;113.024;2.517;37.579;37.153
2012-11-14;113.007;2.518;36.238;35.832
2012-11-15;112.894;2.524;35.261;34.915
2012-11-16;112.839;2.528;34.893;34.565
2012-11-19;112.575;2.544;35.181;34.926
2012-11-20;111.892;2.586;35.036;34.918
2012-11-21;111.755;2.594;35.11;34.994
2012-11-22;111.931;2.583;33.656;33.525
2012-11-23;111.977;2.58;32.322;32.205
2012-11-26;112.173;2.568;31.59;31.449
2012-11-27;112.255;2.563;32.327;32.156
2012-11-28;113.239;2.502;30.81;30.448
2012-11-29;113.248;2.502;30.197;29.864
2012-11-30;113.316;2.497;31.574;31.2
2012-12-03;113.016;2.516;30.205;29.924
2012-12-04;113.387;2.493;29.239;28.902
2012-12-05;114.197;2.443;28.028;27.592
2012-12-06;114.831;2.405;27.491;26.988
2012-12-07;114.681;2.414;27.955;27.514
2012-12-10;114.737;2.411;28.56;28.084
2012-12-11;114.826;2.405;28.118;27.62
2012-12-12;114.632;2.417;26.885;26.438
2012-12-13;114.664;2.415;27.169;26.704
2012-12-14;114.736;2.41;25.802;25.361
2012-12-17;114.589;2.419;25.772;25.354
2012-12-18;114.308;2.436;25.661;25.288
2012-12-19;114.204;2.442;25.3;24.949
2012-12-20;114.572;2.419;25.592;25.165
2012-12-21;114.927;2.398;25.427;24.948
2012-12-24;114.779;2.406;26.333;25.858
2012-12-25;114.794;2.406;26.242;25.768
2012-12-26;114.81;2.405;26.147;25.672
2012-12-27;115.654;2.354;25.523;24.945
2012-12-28;115.655;2.354;25.233;24.677
2012-12-31;115.421;2.368;27.405;26.82
2013-01-01;115.435;2.367;27.319;26.735
2013-01-02;114.12;2.446;25.12;24.794
2013-01-03;113.425;2.488;22.447;22.259
2013-01-04;112.557;2.541;24.484;24.387
2013-01-07;113.149;2.504;24.542;24.339
2013-01-08;113.548;2.48;25.461;25.197
2013-01-09;113.643;2.474;24.873;24.616
2013-01-10;112.197;2.563;24.44;24.417
2013-01-11;111.695;2.594;26.677;26.664
2013-01-14;112.011;2.574;24.57;24.528
2013-01-15;112.414;2.549;26.216;26.087
2013-01-16;112.884;2.52;27.075;26.843
2013-01-17;112.186;2.563;26.814;26.67
2013-01-18;113.071;2.508;27.666;27.315
2013-01-21;112.874;2.52;28.363;28.039
2013-01-22;112.767;2.527;28.854;28.55
2013-01-23;112.823;2.523;28.423;28.142
2013-01-24;112.311;2.555;29.339;29.158
2013-01-25;111.51;2.604;28.248;28.137
2013-01-28;111.015;2.635;29.348;29.274
2013-01-29;111.096;2.63;28.506;28.424
2013-01-30;110.759;2.651;30.652;30.578
2013-01-31;110.824;2.647;29.928;29.858
2013-02-01;110.666;2.657;26.637;26.638
2013-02-04;111.332;2.615;30.274;30.144
2013-02-05;110.891;2.643;29.906;29.854
2013-02-06;110.931;2.64;30.061;30.009
2013-02-07;111.199;2.623;29.565;29.497
2013-02-08;110.97;2.637;31.312;31.319
2013-02-11;110.731;2.652;30.567;30.637
2013-02-12;110.294;2.68;29.396;29.558
2013-02-13;109.572;2.726;28.591;28.872
2013-02-14;109.837;2.709;30.621;30.881
2013-02-15;109.642;2.721;31.781;32.098
2013-02-18;109.797;2.711;30.539;30.821
2013-02-19;109.809;2.71;29.831;30.115
2013-02-20;109.186;2.75;32.527;32.955
2013-02-21;109.987;2.699;31.134;31.386
2013-02-22;110.089;2.692;31.496;31.767
2013-02-25;110.059;2.694;36.717;37.05
2013-02-26;110.958;2.637;31.878;32.015
2013-02-27;111.102;2.628;31.565;31.656
2013-02-28;111.297;2.615;33.427;33.493
2013-03-01;111.765;2.586;33.996;33.977
2013-03-04;111.499;2.602;34.106;34.131
2013-03-05;111.06;2.63;34.411;34.534
2013-03-06;111.183;2.622;34.183;34.289
2013-03-07;110.794;2.646;34.68;34.856
2013-03-08;110.565;2.661;35.4;35.621
2013-03-11;110.397;2.672;33.808;34.084
2013-03-12;110.844;2.643;34.387;34.577
2013-03-13;110.894;2.64;34.427;34.608
2013-03-14;110.94;2.637;33.876;34.049
2013-03-15;111.143;2.624;34.522;34.66
2013-03-18;111.614;2.594;35.34;35.36
2013-03-19;112.469;2.541;34.926;34.724
2013-03-20;112.014;2.569;34.328;34.21
2013-03-21;112.459;2.541;34.922;34.705
2013-03-22;112.395;2.545;34.828;34.615
2013-03-25;112.674;2.527;34.482;34.235
2013-03-26;112.287;2.551;35.466;35.306
2013-03-27;112.834;2.517;34.825;34.529
2013-03-28;112.575;2.533;35.273;35.007
2013-03-29;112.55;2.535;35.029;34.769
2013-04-01;112.549;2.535;35.036;34.778
2013-04-02;112.587;2.532;35.164;34.934
2013-04-03;112.675;2.526;35.689;35.454
2013-04-04;113.315;2.487;35.77;35.421
2013-04-05;114.38;2.421;33.94;33.361
2013-04-08;114.283;2.427;32.696;32.136
2013-04-09;113.749;2.46;32.78;32.335
2013-04-10;113.181;2.494;33.176;32.832
2013-04-11;113.37;2.483;32.713;32.363
2013-04-12;113.908;2.449;33.228;32.783
2013-04-15;114.228;2.43;33.923;33.413
2013-04-16;113.957;2.446;33.08;32.627
2013-04-17;114.42;2.417;32.374;31.853
2013-04-18;114.617;2.405;32.998;32.422
2013-04-19;114.271;2.426;33.044;32.552
2013-04-22;114.729;2.398;32.944;32.354
2013-04-23;114.971;2.383;33.055;32.429
2013-04-24;115.166;2.371;33.069;32.399
2013-04-25;115.382;2.358;34.1;33.336
2013-04-26;115.84;2.33;32.703;31.893
2013-04-29;116.267;2.304;32.458;31.557
2013-04-30;116.175;2.31;32.77;31.873
2013-05-01;116.212;2.307;33.092;32.17
2013-05-02;116.593;2.284;32.497;31.569
2013-05-03;114.756;2.395;32.48;31.92
2013-05-06;114.476;2.412;31.86;31.383
2013-05-07;114.027;2.44;31.634;31.19
2013-05-08;114.361;2.419;31.039;30.584
2013-05-09;114.431;2.414;30.928;30.464
2013-05-10;113.125;2.495;31.127;30.883
2013-05-13;113.6;2.465;30.154;29.868
2013-05-14;113.359;2.48;28.308;28.086
2013-05-15;113.34;2.481;31.882;31.62
2013-05-16;113.917;2.445;30.28;29.952
2013-05-17;113.973;2.442;29.429;29.112
2013-05-20;113.167;2.491;31.475;31.276
2013-05-21;112.807;2.514;30.764;30.633
2013-05-22;112.774;2.516;29.317;29.199
2013-05-23;112.694;2.52;30.948;30.812
2013-05-24;113.001;2.501;29.752;29.52
2013-05-27;112.534;2.53;30.455;30.313
2013-05-28;112.288;2.546;28.372;28.293
2013-05-29;111.733;2.58;31.291;31.262
2013-05-30;111.96;2.566;30.628;30.555
2013-05-31;111.963;2.566;30.89;30.837
2013-06-03;111.691;2.583;28.989;28.99
2013-06-04;111.464;2.597;29.824;29.839
2013-06-05;111.844;2.573;29.427;29.372
2013-06-06;111.679;2.583;29.152;29.11
2013-06-07;111.302;2.607;29.676;29.67
2013-06-10;110.544;2.655;30.155;30.324
2013-06-11;110.552;2.654;30.741;30.8
2013-06-12;110.721;2.643;28.453;28.5
2013-06-13;110.957;2.628;31.413;31.408
2013-06-14;111.584;2.588;28.531;28.462
2013-06-17;111.497;2.594;28.727;28.688
2013-06-18;110.94;2.629;30.043;30.099
2013-06-19;111.046;2.622;27.364;27.289
2013-06-20;109.558;2.718;29.924;30.117
2013-06-21;108.749;2.77;29.925;30.188
2013-06-24;108.167;2.809;25.596;25.956
2013-06-25;108.385;2.794;29.947;30.207
2013-06-26;108.527;2.785;27.72;28.066
2013-06-27;109.331;2.732;25.505;25.779
2013-06-28;109.227;2.739;30.537;30.757
2013-07-01;109.333;2.732;27.754;27.966
2013-07-02;109.458;2.724;30.022;30.25
2013-07-03;109.844;2.698;28.692;28.772
2013-07-04;109.703;2.707;29.618;29.78
2013-07-05;108.63;2.777;31.292;31.679
2013-07-08;108.66;2.775;29.533;29.973
2013-07-09;109.397;2.727;28.948;29.283
2013-07-10;109.2;2.74;31.269;31.573
2013-07-11;109.507;2.72;29.77;30.056
2013-07-12;110.355;2.665;27.138;27.314
2013-07-15;110.006;2.687;29.464;29.648
2013-07-16;110.423;2.66;27.936;28.075
2013-07-17;110.619;2.647;28.178;28.285
2013-07-18;110.913;2.628;29.157;29.185
2013-07-19;110.714;2.641;30.213;30.275
2013-07-22;110.882;2.63;29.046;29.08
2013-07-23;110.473;2.656;31.424;31.46
2013-07-24;109.437;2.723;33.15;33.289
2013-07-25;109.134;2.743;29.718;30.027
2013-07-26;109.141;2.742;27.931;28.248
2013-07-29;109.214;2.737;28.225;28.505
2013-07-30;109.117;2.744;27.191;27.499
2013-07-31;109.285;2.733;27.585;27.906
2013-08-01;109.276;2.733;29.708;29.908
2013-08-02;109.411;2.724;24.339;24.612
2013-08-05;109.089;2.745;29.081;29.331
2013-08-06;108.931;2.755;26.172;26.481
2013-08-07;109.27;2.733;24.867;25.117
2013-08-08;109.274;2.733;25.616;25.827
2013-08-09;109.503;2.718;23.733;23.955
2013-08-12;109.351;2.728;24.7;24.923
2013-08-13;108.057;2.813;25.536;25.914
2013-08-14;107.876;2.825;23.758;24.192
2013-08-15;106.994;2.884;27.599;28.179
2013-08-16;106.825;2.895;24.064;24.633
2013-08-19;106.673;2.905;24.37;24.977
2013-08-20;107.484;2.851;20.974;21.46
2013-08-21;107.069;2.878;23.606;24.122
2013-08-22;106.399;2.923;22.64;23.285
2013-08-23;106.384;2.924;21.778;22.391
2013-08-26;106.745;2.9;21.616;22.163
2013-08-27;107.5;2.849;21.08;21.569
2013-08-28;107.099;2.876;24.721;25.243
2013-08-29;107.217;2.868;22.051;22.572
2013-08-30;107.107;2.875;22.329;22.843
2013-09-02;106.671;2.904;22.311;22.883
2013-09-03;106.402;2.923;23.944;24.582
2013-09-04;106.392;2.923;21.572;22.148
2013-09-05;105.284;2.999;24.596;25.322
2013-09-06;106.366;2.925;16.087;16.574
2013-09-09;105.989;2.95;22.025;22.679
2013-09-10;105.136;3.009;23.835;24.615
2013-09-11;105.439;2.988;19.288;19.99
2013-09-12;106.16;2.939;18.551;19.137
2013-09-13;106.656;2.905;15.786;16.258
2013-09-16;106.992;2.882;18.752;19.222
2013-09-17;106.729;2.9;20.754;21.28
2013-09-18;106.308;2.928;25.056;25.841
2013-09-19;106.727;2.9;26.176;26.751
2013-09-20;106.475;2.917;21.013;21.63
2013-09-23;106.821;2.893;18.484;19.196
2013-09-24;107.789;2.828;18.527;16.311
2013-09-25;108.225;2.799;18.509;18.695
2013-09-26;108.209;2.8;18.917;20.172
2013-09-27;108.763;2.763;18.064;17.54
2013-09-30;108.877;2.755;19.708;21.791
2013-10-01;108.418;2.786;22.2;22.528
2013-10-02;108.127;2.805;21.48;21.859
2013-10-03;108.042;2.81;19.841;20.227
2013-10-04;107.302;2.86;22.048;22.576
2013-10-07;107.81;2.826;17.598;18.027
2013-10-08;107.746;2.83;20.076;20.527
2013-10-09;107.702;2.833;19.538;19.985
2013-10-10;107.028;2.878;20.115;20.666
2013-10-11;107.189;2.867;19.479;20.005
2013-10-14;107.278;2.861;16.631;17.088
2013-10-15;106.678;2.902;19.389;19.966
2013-10-16;106.579;2.908;21.526;22.169
2013-10-17;107.267;2.862;18.807;19.324
2013-10-18;107.788;2.827;18.537;18.99
2013-10-21;107.643;2.836;17.908;18.373
2013-10-22;108.376;2.787;19.119;19.512
2013-10-23;108.811;2.758;18.46;18.797
2013-10-24;108.699;2.765;17.66;17.992
2013-10-25;108.964;2.748;19.337;19.649
2013-10-28;109.005;2.745;18.411;18.706
2013-10-29;109.273;2.727;19.642;19.921
2013-10-30;109.828;2.69;15.656;15.837
2013-10-31;109.974;2.681;18.99;19.204
2013-11-01;109.677;2.7;18.545;18.785
2013-11-04;109.931;2.683;18.5;18.716
2013-11-05;109.148;2.735;18.771;19.087
2013-11-06;108.936;2.749;17.436;17.769
2013-11-07;109.652;2.701;18.59;18.86
2013-11-08;108.694;2.765;17.911;18.294
2013-11-11;108.63;2.769;17.776;18.168
2013-11-12;108.094;2.805;17.607;18.055
2013-11-13;108.808;2.757;18.175;18.574
2013-11-14;109.392;2.718;17.479;17.791
2013-11-15;109.383;2.719;18.225;18.539
2013-11-18;109.719;2.696;17.781;18.041
2013-11-19;109.319;2.723;16.831;17.127
2013-11-20;109.216;2.729;13.275;13.547
2013-11-21;109.203;2.73;17.351;17.677
2013-11-22;109.384;2.718;17.677;17.972
2013-11-25;109.723;2.696;17.954;18.201
2013-11-26;110.167;2.666;17.447;17.654
2013-11-27;109.669;2.699;18.269;18.522
2013-11-28;109.856;2.686;18.272;18.514
2013-11-29;109.944;2.681;17.565;17.794
2013-12-02;109.431;2.714;18.038;18.323
2013-12-03;109.747;2.693;17.635;17.874
2013-12-04;108.738;2.76;17.134;17.49
2013-12-05;108.258;2.792;16.692;17.069
2013-12-06;108.432;2.78;17.496;17.868
2013-12-09;108.329;2.787;17.411;17.79
2013-12-10;108.546;2.773;18.309;18.686
2013-12-11;108.809;2.755;16.378;16.693
2013-12-12;108.806;2.755;18.461;18.798
2013-12-13;109.14;2.733;17.927;18.216
2013-12-16;109.083;2.737;17.127;17.409
2013-12-17;109.222;2.727;17.756;18.029
2013-12-18;108.907;2.748;17.731;18.033
2013-12-19;108.421;2.78;17.673;18.03
2013-12-20;108.54;2.772;17.578;17.913
2013-12-23;108.335;2.786;16.751;17.087
2013-12-24;106.029;2.943;32.483;33.561
2013-12-25;108.322;2.787;16.868;17.208
2013-12-26;108.534;2.772;15.499;15.801
2013-12-27;107.401;2.849;17.018;17.468
2013-12-30;107.8;2.822;16.712;17.107
2013-12-31;107.71;2.828;17.237;17.653
2014-01-01;107.736;2.826;17.03;17.44
2014-01-02;107.545;2.839;16.697;17.127
2014-01-03;107.565;2.837;16.783;17.215
2014-01-06;107.963;2.81;16.757;17.137
2014-01-07;108.14;2.798;16.821;17.176
2014-01-08;107.552;2.838;16.104;16.523
2014-01-09;107.302;2.855;17.036;17.514
2014-01-10;107.955;2.81;17.044;17.453
2014-01-13;108.239;2.791;18.238;18.634
2014-01-14;108.194;2.794;16.505;16.874
2014-01-15;108.108;2.8;16.788;17.157
2014-01-16;108.601;2.767;17.085;17.438
2014-01-17;108.98;2.741;17.95;18.279
2014-01-20;109.297;2.72;17.383;17.661
2014-01-21;109.416;2.712;17.2;17.457
2014-01-22;109.155;2.729;16.841;17.123
2014-01-23;109.852;2.683;19.02;19.227
2014-01-24;110.328;2.651;18.761;18.917
2014-01-27;110.257;2.656;17.221;17.372
2014-01-28;110.239;2.657;17.753;17.914
2014-01-29;110.644;2.63;18.507;18.638
2014-01-30;110.787;2.621;17.78;17.882
2014-01-31;111.441;2.578;17.681;17.72
2014-02-03;111.557;2.57;19.373;19.399
2014-02-04;111.543;2.571;17.614;17.645
2014-02-05;111.775;2.556;17.79;17.797
2014-02-06;111.089;2.6;17.661;17.715
2014-02-07;111.461;2.576;17.55;17.59
2014-02-10;111.112;2.599;18.488;18.554
2014-02-11;111.079;2.601;18.051;18.119
2014-02-12;110.752;2.622;17.868;17.983
2014-02-13;111.354;2.582;17.857;17.91
2014-02-14;111.178;2.594;17.889;17.958
2014-02-17;111.007;2.605;17.919;18.01
2014-02-18;111.235;2.59;17.942;18.017
2014-02-19;111.271;2.587;17.709;17.786
2014-02-20;110.764;2.62;17.745;17.876
2014-02-21;111.037;2.602;18.144;18.24
2014-02-24;110.732;2.622;17.653;17.794
2014-02-25;111.355;2.581;17.394;17.459
2014-02-26;111.868;2.548;17.923;17.929
2014-02-27;112.558;2.503;18.3;18.216
2014-02-28;111.942;2.543;19.345;19.328
2014-03-03;112.782;2.488;18.005;17.893
2014-03-04;112.249;2.523;17.499;17.456
2014-03-05;112.134;2.53;17.518;17.498
2014-03-06;111.543;2.568;16.839;16.875
2014-03-07;111.36;2.58;18.097;18.139
2014-03-10;111.689;2.559;17.25;17.274
2014-03-11;111.399;2.577;17.7;17.76
2014-03-12;111.908;2.544;17.568;17.584
2014-03-13;112.646;2.496;19.323;19.237
2014-03-14;112.531;2.503;17.384;17.319
2014-03-17;112.232;2.523;17.294;17.271
2014-03-18;112.213;2.524;17.744;17.719
2014-03-19;111.862;2.546;14.566;14.589
2014-03-20;111.402;2.576;17.63;17.675
2014-03-21;111.673;2.558;17.487;17.504
2014-03-24;112.302;2.517;17.899;17.838
2014-03-25;112.534;2.502;17.101;17.018
2014-03-26;112.789;2.486;18.037;17.933
2014-03-27;113.087;2.466;16.852;16.742
2014-03-28;113.037;2.469;17.747;17.628
2014-03-31;112.891;2.479;18.381;18.263
2014-04-01;112.81;2.484;17.238;17.141
2014-04-02;112.31;2.516;17.176;17.129
2014-04-03;112.394;2.51;17.134;17.084
2014-04-04;113.091;2.465;17.726;17.627
2014-04-07;113.167;2.46;17.089;16.992
2014-04-08;112.908;2.477;17.461;17.378
2014-04-09;112.614;2.495;17.539;17.473
2014-04-10;113.409;2.444;16.829;16.697
2014-04-11;113.701;2.425;17.46;17.283
2014-04-14;113.419;2.443;17.075;16.939
2014-04-15;114.212;2.392;16.309;16.09
2014-04-16;114.021;2.404;17.249;17.031
2014-04-17;113.501;2.437;15.9;15.763
2014-04-18;113.522;2.436;15.475;15.34
2014-04-21;113.528;2.435;15.486;15.352
2014-04-22;113.461;2.44;17.181;17.029
2014-04-23;113.574;2.432;16.748;16.579
2014-04-24;113.564;2.432;17.686;17.498
2014-04-25;114.315;2.384;16.447;16.191
2014-04-28;114.166;2.394;16.639;16.386
2014-04-29;114.045;2.401;16.712;16.479
2014-04-30;114.474;2.373;16.818;16.555
2014-05-01;114.482;2.373;16.934;16.667
2014-05-02;114.688;2.36;16.093;15.834
2014-05-05;114.459;2.374;16.369;16.12
2014-05-06;114.396;2.378;16.39;16.14
2014-05-07;114.395;2.378;16.254;15.999
2014-05-08;114.586;2.365;16.327;16.079
2014-05-09;114.301;2.384;16.048;15.836
2014-05-12;114.371;2.379;15.606;15.398
2014-05-13;115.093;2.333;15.636;15.378
2014-05-14;115.955;2.278;15.633;15.295
2014-05-15;116.949;2.216;15.948;15.503
2014-05-16;116.499;2.244;15.959;15.559
2014-05-19;116.285;2.257;15.547;15.171
2014-05-20;116.191;2.263;15.886;15.513
2014-05-21;115.848;2.284;15.791;15.439
2014-05-22;116.159;2.264;15.697;15.324
2014-05-23;115.944;2.278;15.791;15.436
2014-05-26;115.89;2.281;15.612;15.271
2014-05-27;116.42;2.248;15.632;15.254
2014-05-28;117.268;2.194;15.467;15.0
2014-05-29;116.999;2.211;14.036;13.641
2014-05-30;116.8;2.223;15.278;14.87
2014-06-02;116.611;2.235;16.362;15.945
2014-06-03;116.15;2.264;13.881;13.572
2014-06-04;115.883;2.28;14.872;14.553
2014-06-05;116.23;2.258;15.701;15.355
2014-06-06;116.735;2.226;14.573;14.231
2014-06-09;116.548;2.238;15.254;14.908
2014-06-10;116.09;2.266;14.42;14.132
2014-06-11;116.064;2.268;13.763;13.495
2014-06-12;116.089;2.266;15.514;15.217
2014-06-13;116.484;2.241;14.043;13.741
2014-06-16;116.871;2.217;13.89;13.546
2014-06-17;116.391;2.247;13.831;13.529
2014-06-18;116.842;2.218;14.47;14.111
2014-06-19;117.436;2.181;13.423;13.047
2014-06-20;117.122;2.2;14.17;13.785
2014-06-23;117.485;2.178;13.265;12.892
2014-06-24;117.547;2.174;14.202;13.799
2014-06-25;118.445;2.118;13.014;12.573
2014-06-26;118.828;2.094;13.373;12.878
2014-06-27;118.687;2.103;13.053;12.574
2014-06-30;118.97;2.085;12.904;12.419
2014-07-01;118.835;2.093;12.156;11.71
2014-07-02;118.179;2.133;12.218;11.827
2014-07-03;118.033;2.142;11.984;11.616
2014-07-04;118.409;2.119;12.049;11.647
2014-07-07;118.45;2.116;11.891;11.49
2014-07-08;119.118;2.075;11.791;11.356
2014-07-09;118.965;2.084;12.926;12.448
2014-07-10;119.584;2.046;11.183;10.741
2014-07-11;119.612;2.044;11.138;10.693
2014-07-14;119.625;2.043;10.966;10.529
2014-07-15;119.874;2.028;10.334;9.903
2014-07-16;120.312;2.001;10.586;10.097
2014-07-17;120.989;1.96;10.402;9.904
2014-07-18;121.071;1.955;10.611;10.092
2014-07-21;121.309;1.94;10.033;9.526
2014-07-22;120.981;1.96;10.328;9.825
2014-07-23;121.186;1.947;9.498;9.029
2014-07-24;120.658;1.979;9.784;9.32
2014-07-25;121.272;1.942;9.817;9.327
2014-07-28;121.653;1.919;9.776;9.25
2014-07-29;122.238;1.884;9.864;9.298
2014-07-30;121.139;1.949;9.09;8.634
2014-07-31;121.149;1.948;9.302;8.84
2014-08-01;121.444;1.93;8.969;8.508
2014-08-04;121.443;1.93;8.737;8.286
2014-08-05;121.003;1.956;9.67;9.199
2014-08-06;122.128;1.888;9.27;8.743
2014-08-07;122.708;1.854;10.633;9.998
2014-08-08;122.888;1.843;7.901;7.432
2014-08-11;122.635;1.858;9.478;8.92
2014-08-12;122.495;1.866;9.045;8.521
2014-08-13;122.967;1.837;9.621;9.044
2014-08-14;123.405;1.811;9.375;8.776
2014-08-15;124.596;1.742;7.99;7.437
2014-08-18;123.864;1.784;8.975;8.375
2014-08-19;124.405;1.752;9.085;8.461
2014-08-20;125.012;1.717;8.605;7.974
2014-08-21;125.006;1.717;9.219;8.541
2014-08-22;125.365;1.696;9.266;8.559
2014-08-25;125.858;1.667;6.133;5.671
2014-08-26;126.165;1.649;9.245;8.526
2014-08-27;126.702;1.618;9.125;8.384
2014-08-28;127.424;1.577;9.517;8.702
2014-08-29;127.18;1.59;8.761;8.018
2014-09-01;127.092;1.595;9.287;8.499
2014-09-02;126.029;1.656;8.279;7.65
2014-09-03;125.445;1.689;9.437;8.738
2014-09-04;124.485;1.744;8.541;7.988
2014-09-05;125.172;1.704;7.833;7.282
2014-09-08;124.789;1.726;10.2;9.51
2014-09-09;123.84;1.781;8.711;8.167
2014-09-10;123.708;1.789;8.248;7.736
2014-09-11;123.882;1.778;7.991;7.494
2014-09-12;123.153;1.821;8.137;7.659
2014-09-15;123.347;1.809;6.892;6.478
2014-09-16;123.135;1.822;8.112;7.643
2014-09-17;123.172;1.819;8.715;8.2
2014-09-18;122.695;1.847;8.83;8.341
2014-09-19;123.31;1.81;10.048;9.443
2014-09-22;123.877;1.777;6.44;6.049
2014-09-23;123.961;1.772;9.887;9.263
2014-09-24;124.085;1.764;8.522;7.983
2014-09-25;124.447;1.742;9.6;8.978
2014-09-26;124.625;1.732;9.17;8.563
2014-09-29;124.801;1.721;8.042;7.502
2014-09-30;124.854;1.718;8.787;8.194
2014-10-01;125.695;1.669;9.708;9.015
2014-10-02;125.539;1.678;7.791;7.241
2014-10-03;125.428;1.684;9.06;8.412
2014-10-06;125.518;1.679;8.491;7.884
2014-10-07;125.355;1.688;9.204;8.553
2014-10-08;125.276;1.692;10.465;9.719
2014-10-09;125.326;1.689;8.806;8.184
2014-10-10;125.534;1.676;9.958;9.245
2014-10-13;125.524;1.677;10.0;9.283
2014-10-14;126.765;1.605;9.351;8.607
2014-10-15;128.334;1.516;5.664;5.182
2014-10-16;126.643;1.611;8.273;7.617
2014-10-17;126.124;1.641;8.287;7.668
2014-10-20;126.126;1.641;8.249;7.633
2014-10-21;125.718;1.664;8.316;7.712
2014-10-22;125.804;1.659;8.968;8.313
2014-10-23;125.172;1.695;8.732;8.109
2014-10-24;125.442;1.679;8.498;7.887
2014-10-27;125.997;1.647;4.972;4.619
2014-10-28;126.058;1.643;8.108;7.504
2014-10-29;125.774;1.659;8.799;8.152
2014-10-30;126.601;1.611;8.678;7.992
2014-10-31;126.581;1.612;9.326;8.595
2014-11-03;126.399;1.622;10.43;9.624
2014-11-04;127.2;1.576;8.322;7.654
2014-11-05;126.808;1.598;9.14;8.41
2014-11-06;126.778;1.599;8.324;7.662
2014-11-07;127.114;1.58;8.66;7.968
2014-11-10;127.122;1.579;8.585;7.899
2014-11-11;127.177;1.576;8.528;7.842
2014-11-12;127.56;1.554;7.591;6.974
2014-11-13;127.84;1.537;8.882;8.141
2014-11-14;128.156;1.519;8.953;8.182
2014-11-17;127.821;1.538;11.013;10.082
2014-11-18;127.782;1.54;8.38;7.681
2014-11-19;126.998;1.584;8.689;7.987
2014-11-20;127.894;1.532;8.134;7.45
2014-11-21;128.408;1.503;8.493;7.74
2014-11-24;128.277;1.51;9.284;8.47
2014-11-25;128.822;1.479;8.702;7.925
2014-11-26;129.103;1.463;8.496;7.729
2014-11-27;129.898;1.418;8.534;7.716
2014-11-28;129.926;1.416;9.168;8.284
2014-12-01;129.229;1.455;13.459;12.201
2014-12-02;129.059;1.464;7.595;6.906
2014-12-03;128.613;1.489;9.023;8.214
2014-12-04;128.303;1.506;9.877;8.999
2014-12-05;128.099;1.517;9.023;8.239
2014-12-08;129.092;1.461;2.77;2.542
2014-12-09;129.748;1.424;7.839;7.092
2014-12-10;130.122;1.403;9.973;8.976
2014-12-11;130.239;1.395;8.946;8.053
2014-12-12;131.628;1.318;8.574;7.659
2014-12-15;131.39;1.331;10.015;8.957
2014-12-16;132.272;1.282;9.361;8.322
2014-12-17;132.407;1.274;6.638;5.907
2014-12-18;131.438;1.327;8.472;7.577
2014-12-19;131.593;1.318;8.444;7.547
2014-12-22;131.407;1.328;9.563;8.556
2014-12-23;131.471;1.324;7.359;6.59
2014-12-24;131.312;1.332;9.179;8.218
2014-12-25;131.301;1.333;9.294;8.323
2014-12-26;131.308;1.332;9.127;8.175
2014-12-29;132.433;1.27;2.11;1.9
2014-12-30;132.791;1.25;8.536;7.581
2014-12-31;132.512;1.264;9.2;8.185
2015-01-01;132.524;1.264;10.034;8.922
2015-01-02;133.871;1.19;8.541;7.53
2015-01-05;133.825;1.192;8.797;7.756
2015-01-06;135.936;1.079;7.232;6.3
2015-01-07;135.053;1.126;8.175;7.156
2015-01-08;134.247;1.168;7.641;6.727
2015-01-09;134.712;1.143;6.699;5.884
2015-01-12;135.36;1.108;2.696;2.36
2015-01-13;135.152;1.119;7.596;6.649
2015-01-14;135.829;1.082;7.28;6.343
2015-01-15;135.759;1.085;8.624;7.525
2015-01-16;135.804;1.083;6.997;6.109
2015-01-19;136.062;1.068;5.372;4.695
2015-01-20;135.835;1.08;7.571;6.604
2015-01-21;134.241;1.166;6.914;6.09
2015-01-22;135.152;1.116;5.898;5.169
2015-01-23;137.09;1.012;3.013;2.624
2015-01-26;136.446;1.046;6.912;6.026
2015-01-27;136.735;1.031;-0.062;-0.034
2015-01-28;137.404;0.995;2.041;1.774
2015-01-29;136.873;1.022;-1.802;-1.541
2015-01-30;138.338;0.945;-0.264;-0.201
2015-02-02;138.406;0.941;-0.714;-0.587
2015-02-03;137.885;0.968;-2.72;-2.322
2015-02-04;137.792;0.972;-0.925;-0.776
2015-02-05;138.101;0.955;-2.744;-2.334
2015-02-06;138.146;0.953;-3.086;-2.625
2015-02-09;138.2;0.95;-3.459;-2.945
2015-02-10;138.194;0.95;-3.452;-2.939
2015-02-11;138.491;0.934;-3.551;-3.021
2015-02-12;139.209;0.896;-4.633;-3.953
2015-02-13;138.721;0.921;-5.935;-5.068
2015-02-16;139.009;0.905;-7.728;-6.606
2015-02-17;138.116;0.952;-4.848;-4.141
2015-02-18;137.674;0.975;-4.612;-3.954
2015-02-19;137.502;0.983;-5.052;-4.346
2015-02-20;137.647;0.975;-8.495;-7.32
2015-02-23;137.836;0.965;-9.693;-8.345
2015-02-24;138.113;0.95;-5.224;-4.471
2015-02-25;138.883;0.909;-6.531;-5.59
2015-02-26;139.283;0.887;-7.226;-6.174
2015-02-27;138.773;0.914;-6.902;-5.909
2015-03-02;138.573;0.924;-5.71;-4.885
2015-03-03;138.82;0.911;-8.34;-7.143
2015-03-04;138.616;0.921;-7.848;-6.717
2015-03-05;139.235;0.888;-9.018;-7.697
2015-03-06;138.137;0.945;-11.506;-9.872
2015-03-09;139.836;0.856;-22.101;-18.838
2015-03-10;141.943;0.748;-16.364;-13.782
2015-03-11;143.688;0.659;-22.286;-18.614
2015-03-12;143.16;0.685;-20.745;-17.372
2015-03-13;143.895;0.647;-23.748;-19.816
2015-03-16;144.502;0.617;-27.411;-22.826
2015-03-17;144.528;0.615;-25.177;-20.939
2015-03-18;146.171;0.533;-21.868;-18.029
2015-03-19;146.292;0.526;-22.917;-18.887
2015-03-20;146.271;0.527;-23.936;-19.725
2015-03-23;145.778;0.551;-21.061;-17.385
2015-03-24;145.565;0.561;-23.414;-19.342
2015-03-25;145.785;0.55;-25.423;-20.983
2015-03-26;145.624;0.557;-23.61;-19.5
2015-03-27;145.608;0.557;-23.95;-19.781
2015-03-30;145.864;0.544;-25.54;-21.073
2015-03-31;146.431;0.516;-24.25;-19.951
2015-04-01;146.471;0.512;-25.116;-20.66
2015-04-02;145.759;0.547;-23.884;-19.701
2015-04-03;145.758;0.547;-23.983;-19.783
2015-04-06;145.767;0.547;-24.032;-19.823
2015-04-07;145.579;0.556;-23.236;-19.195
2015-04-08;145.989;0.535;-23.043;-19.012
2015-04-09;146.164;0.525;-23.795;-19.622
2015-04-10;146.14;0.526;-23.831;-19.657
2015-04-13;146.436;0.511;-25.581;-21.08
2015-04-14;146.81;0.492;-24.581;-20.227
2015-04-15;147.68;0.45;-24.644;-20.176
2015-04-16;147.997;0.433;-23.919;-19.549
2015-04-17;148.236;0.421;-24.45;-19.963
2015-04-20;148.322;0.417;-25.01;-20.416
2015-04-21;147.663;0.448;-24.346;-19.916
2015-04-22;146.677;0.496;-23.686;-19.477
2015-04-23;146.572;0.5;-22.471;-18.497
2015-04-24;146.672;0.495;-22.311;-18.358
2015-04-27;146.406;0.508;-20.729;-17.072
2015-04-28;146.073;0.524;-20.863;-17.207
2015-04-29;143.501;0.651;-19.331;-16.143
2015-04-30;142.255;0.714;-17.7;-14.869
2015-05-01;142.045;0.725;-16.429;-13.806
2015-05-04;140.162;0.822;-4.828;-4.076
2015-05-05;138.483;0.909;-17.832;-15.275
2015-05-06;136.797;0.999;-19.157;-16.569
2015-05-07;137.399;0.966;-16.328;-14.045
2015-05-08;138.067;0.93;-17.008;-14.592
2015-05-11;136.636;1.006;-8.042;-6.943
2015-05-12;135.046;1.092;-15.353;-13.395
2015-05-13;133.644;1.168;-15.16;-13.327
2015-05-14;133.659;1.166;-11.367;-9.977
2015-05-15;134.955;1.095;-12.676;-11.064
2015-05-18;134.279;1.132;-9.598;-8.392
2015-05-19;135.122;1.085;-11.95;-10.414
2015-05-20;134.414;1.124;-10.422;-9.108
2015-05-21;133.836;1.155;-10.798;-9.464
2015-05-22;134.195;1.135;-10.875;-9.517
2015-05-25;134.017;1.144;-9.787;-8.567
2015-05-26;134.968;1.092;-10.003;-8.726
2015-05-27;134.707;1.106;-10.064;-8.798
2015-05-28;135.223;1.077;-10.064;-8.761
2015-05-29;135.977;1.036;-10.75;-9.32
2015-06-01;135.462;1.063;-7.532;-6.537
2015-06-02;132.912;1.203;-11.726;-10.348
2015-06-03;129.844;1.376;-12.738;-11.409
2015-06-04;130.43;1.342;-9.176;-8.182
2015-06-05;130.094;1.361;-10.72;-9.586
2015-06-08;129.235;1.41;-5.18;-4.648
2015-06-09;127.669;1.501;-10.395;-9.439
2015-06-10;127.037;1.537;-11.208;-10.203
2015-06-11;128.768;1.436;-9.28;-8.354
2015-06-12;129.256;1.407;-11.908;-10.715
2015-06-15;129.376;1.4;-12.8;-11.517
2015-06-16;129.481;1.394;-8.379;-7.524
2015-06-17;129.307;1.404;-6.214;-5.581
2015-06-18;128.908;1.426;-6.934;-6.231
2015-06-19;129.803;1.374;-7.834;-7.011
2015-06-22;127.836;1.488;4.883;4.446
2015-06-23;127.65;1.498;-8.796;-7.992
2015-06-24;128.128;1.47;-5.277;-4.762
2015-06-25;127.641;1.498;-7.246;-6.586
2015-06-26;126.545;1.562;-7.231;-6.594
2015-06-29;128.313;1.458;-4.766;-4.291
2015-06-30;128.485;1.448;-6.315;-5.694
2015-07-01;127.204;1.523;-6.654;-6.055
2015-07-02;126.407;1.569;-7.415;-6.782
2015-07-03;127.31;1.516;-5.956;-5.42
2015-07-06;127.651;1.495;-8.198;-7.463
2015-07-07;129.789;1.371;-9.545;-8.566
2015-07-08;129.823;1.369;-4.802;-4.293
2015-07-09;128.913;1.42;-8.754;-7.899
2015-07-10;126.322;1.572;-6.404;-5.851
2015-07-13;126.673;1.551;-8.807;-8.039
2015-07-14;126.823;1.542;-5.895;-5.373
2015-07-15;128.167;1.463;-4.732;-4.275
2015-07-16;128.016;1.471;-6.401;-5.799
2015-07-17;128.923;1.418;-6.252;-5.642
2015-07-20;129.339;1.394;-6.072;-5.471
2015-07-21;129.078;1.408;-6.371;-5.749
2015-07-22;129.892;1.361;-6.665;-5.974
2015-07-23;129.929;1.358;-5.385;-4.816
2015-07-24;130.851;1.305;-7.246;-6.478
2015-07-27;131.061;1.293;-5.571;-4.97
2015-07-28;130.862;1.304;-7.612;-6.803
2015-07-29;130.266;1.338;-4.753;-4.24
2015-07-30;131.3;1.278;-7.644;-6.805
2015-07-31;131.672;1.257;-6.598;-5.85
2015-08-03;131.956;1.24;-6.874;-6.089
2015-08-04;131.444;1.269;-9.884;-8.799
2015-08-05;129.522;1.379;-7.085;-6.37
2015-08-06;130.315;1.332;-7.144;-6.392
2015-08-07;131.108;1.287;-7.261;-6.478
2015-08-10;130.444;1.325;-7.592;-6.791
2015-08-11;131.788;1.248;-8.068;-7.161
2015-08-12;132.131;1.228;-9.924;-8.805
2015-08-13;131.735;1.25;-7.533;-6.685
2015-08-14;131.411;1.268;-8.449;-7.516
2015-08-17;131.777;1.247;-8.28;-7.348
2015-08-18;131.522;1.261;-8.84;-7.861
2015-08-19;131.893;1.239;-5.407;-4.787
2015-08-20;132.646;1.196;-7.452;-6.599
2015-08-21;132.961;1.178;-7.422;-6.547
2015-08-24;132.669;1.194;-7.828;-6.925
2015-08-25;130.208;1.334;-5.832;-5.21
2015-08-26;130.768;1.302;-11.167;-9.996
2015-08-27;130.211;1.333;-7.774;-6.959
2015-08-28;130.258;1.33;-7.427;-6.647
2015-08-31;129.351;1.382;-10.196;-9.185
2015-09-01;129.032;1.401;-7.418;-6.7
2015-09-02;129.158;1.393;-7.896;-7.124
2015-09-03;129.893;1.35;-6.089;-5.456
2015-09-04;131.075;1.281;-4.914;-4.373
2015-09-07;130.799;1.297;-6.569;-5.878
2015-09-08;130.5;1.314;-7.092;-6.352
2015-09-09;130.01;1.342;-3.758;-3.355
2015-09-10;130.166;1.332;-6.044;-5.414
2015-09-11;130.708;1.301;-6.668;-5.977
2015-09-14;130.501;1.312;-5.741;-5.142
2015-09-15;128.325;1.439;-4.284;-3.868
2015-09-16;127.913;1.463;-2.666;-2.402
2015-09-17;127.78;1.47;6.793;6.214
2015-09-18;129.49;1.369;0.61;0.577
2015-09-21;128.844;1.407;-0.439;-0.382
2015-09-22;130.216;1.327;-0.972;-0.85
2015-09-23;130.158;1.33;-0.676;-0.583
2015-09-24;130.275;1.322;-1.988;-1.765
2015-09-25;129.415;1.372;0.519;0.494
2015-09-28;130.337;1.318;0.246;0.243
2015-09-29;130.438;1.312;-0.017;0.002
2015-09-30;130.199;1.325;-0.13;-0.092
2015-10-01;130.891;1.285;-1.288;-1.133
2015-10-02;131.55;1.247;-0.902;-0.775
2015-10-05;130.498;1.307;-1.064;-0.94
2015-10-06;130.028;1.334;-0.137;-0.094
2015-10-07;130.12;1.328;-1.266;-1.111
2015-10-08;130.201;1.323;-2.137;-1.896
2015-10-09;129.613;1.357;-0.258;-0.201
2015-10-12;130.336;1.314;-0.996;-0.874
2015-10-13;130.004;1.333;0.325;0.322
2015-10-14;130.635;1.297;0.28;0.265
2015-10-15;130.439;1.307;-1.173;-1.038
2015-10-16;130.63;1.296;-0.759;-0.667
2015-10-19;130.325;1.313;0.019;0.038
2015-10-20;129.446;1.364;-1.059;-0.927
2015-10-21;130.523;1.301;-0.853;-0.755
2015-10-22;131.274;1.257;-1.151;-1.001
2015-10-23;130.955;1.275;-0.984;-0.857
2015-10-26;131.404;1.249;-1.039;-0.899
2015-10-27;132.505;1.186;-2.005;-1.765
2015-10-28;132.604;1.18;-4.295;-3.798
2015-10-29;131.06;1.268;-1.39;-1.217
2015-10-30;131.234;1.257;-1.592;-1.395
2015-11-02;130.535;1.297;-2.444;-2.185
2015-11-03;130.231;1.315;-2.128;-1.896
2015-11-04;129.98;1.329;-2.158;-1.921
2015-11-05;130.056;1.324;-2.371;-2.114
2015-11-06;128.993;1.386;-1.673;-1.497
2015-11-09;129.426;1.36;-1.43;-1.264
2015-11-10;129.461;1.358;-1.465;-1.296
2015-11-11;129.605;1.349;-0.677;-0.58
2015-11-12;129.7;1.343;-1.429;-1.262
2015-11-13;130.322;1.306;-0.71;-0.624
2015-11-16;130.382;1.303;-1.292;-1.151
2015-11-17;130.58;1.291;0.951;0.876
2015-11-18;131.029;1.265;-0.021;0.012
2015-11-19;131.579;1.232;-0.685;-0.584
2015-11-20;131.994;1.208;-0.819;-0.714
2015-11-23;131.462;1.238;1.031;0.955
2015-11-24;131.453;1.238;0.181;0.193
2015-11-25;131.724;1.223;-0.351;-0.288
2015-11-26;131.591;1.229;-0.442;-0.368
2015-11-27;131.685;1.224;-0.52;-0.439
2015-11-30;131.312;1.245;-0.229;-0.173
2015-12-01;131.603;1.228;-0.467;-0.391
2015-12-02;131.506;1.233;-0.887;-0.767
2015-12-03;129.08;1.374;-4.507;-4.063
2015-12-04;128.932;1.382;-1.448;-1.292
2015-12-07;130.337;1.3;-1.463;-1.307
2015-12-08;130.651;1.281;-0.645;-0.556
2015-12-09;130.176;1.309;1.051;0.966
2015-12-10;130.308;1.3;-2.037;-1.825
2015-12-11;130.97;1.261;0.041;0.068
2015-12-14;130.372;1.296;-1.004;-0.89
2015-12-15;129.421;1.351;-1.305;-1.15
2015-12-16;128.861;1.384;-0.711;-0.623
2015-12-17;130.011;1.316;-0.281;-0.232
2015-12-18;130.921;1.262;-1.062;-0.923
2015-12-21;130.553;1.283;-0.688;-0.597
2015-12-22;129.558;1.341;-0.572;-0.486
2015-12-23;128.955;1.376;-0.513;-0.439
2015-12-24;128.789;1.386;0.995;0.924
2015-12-25;128.807;1.385;0.876;0.816
2015-12-28;130.091;1.308;-0.473;-0.409
2015-12-29;128.938;1.376;-2.213;-1.984
2015-12-30;128.801;1.383;-0.233;-0.189
2015-12-31;128.818;1.382;-0.64;-0.559
2016-01-01;128.778;1.384;-2.054;-1.856
2016-01-04;129.79;1.324;-1.885;-1.681
2016-01-05;130.212;1.299;-1.29;-1.152
2016-01-06;130.676;1.272;-0.55;-0.466
2016-01-07;130.077;1.306;1.594;1.457
2016-01-08;130.569;1.277;1.112;1.028
2016-01-11;130.447;1.284;-1.048;-0.922
2016-01-12;130.926;1.256;0.331;0.329
2016-01-13;131.299;1.234;1.055;0.975
2016-01-14;130.813;1.261;0.545;0.521
2016-01-15;131.28;1.234;0.293;0.291
2016-01-18;131.107;1.243;0.196;0.208
2016-01-19;131.063;1.246;0.123;0.143
2016-01-20;132.23;1.178;-1.733;-1.521
2016-01-21;132.657;1.152;0.809;0.752
2016-01-22;132.046;1.187;0.473;0.445
2016-01-25;132.246;1.175;1.411;1.285
2016-01-26;132.709;1.148;0.934;0.863
2016-01-27;132.767;1.145;4.325;3.879
2016-01-28;133.413;1.107;1.707;1.529
2016-01-29;134.626;1.038;1.316;1.189
2016-02-01;134.65;1.036;1.031;0.938
2016-02-02;135.082;1.011;2.381;2.11
2016-02-03;135.913;0.964;0.066;0.086
2016-02-04;135.371;0.994;1.877;1.66
2016-02-05;135.573;0.982;2.274;2.014
2016-02-08;136.796;0.914;2.0;1.754
2016-02-09;136.682;0.92;0.551;0.501
2016-02-10;136.346;0.938;2.983;2.628
2016-02-11;137.229;0.888;0.244;0.226
2016-02-12;136.077;0.952;0.432;0.406
2016-02-15;136.414;0.933;1.581;1.403
2016-02-16;135.892;0.961;1.947;1.729
2016-02-17;135.967;0.957;2.648;2.336
2016-02-18;136.962;0.9;3.627;3.159
2016-02-19;137.027;0.897;1.998;1.748
2016-02-22;137.646;0.862;1.532;1.353
2016-02-23;137.755;0.856;2.265;1.986
2016-02-24;138.189;0.831;1.386;1.222
2016-02-25;138.1;0.835;2.082;1.824
2016-02-26;137.71;0.856;2.355;2.066
2016-02-29;138.311;0.823;2.542;2.218
2016-03-01;137.438;0.871;2.429;2.134
2016-03-02;136.226;0.938;2.589;2.292
2016-03-03;136.879;0.901;2.326;2.038
2016-03-04;136.001;0.949;3.303;2.918
2016-03-07;135.777;0.962;3.462;3.064
2016-03-08;136.2;0.938;3.159;2.79
2016-03-09;135.216;0.993;4.552;4.013
2016-03-10;134.543;1.03;4.143;3.678
2016-03-11;134.941;1.007;4.267;3.765
2016-03-14;134.721;1.019;2.327;2.068
2016-03-15;134.356;1.04;3.877;3.444
2016-03-16;134.698;1.02;7.882;6.955
2016-03-17;136.166;0.936;4.361;3.834
2016-03-18;136.422;0.921;3.864;3.39
2016-03-21;135.92;0.949;4.096;3.61
2016-03-22;136.159;0.935;2.31;2.044
2016-03-23;136.416;0.919;4.203;3.684
2016-03-24;136.605;0.908;4.217;3.683
2016-03-25;136.592;0.909;2.989;2.623
2016-03-28;136.594;0.909;4.22;3.688
2016-03-29;137.348;0.867;4.997;4.355
2016-03-30;136.997;0.886;5.247;4.567
2016-03-31;137.022;0.884;5.072;4.423
2016-04-01;137.483;0.858;3.908;3.412
2016-04-04;137.639;0.849;3.388;2.96
2016-04-05;138.235;0.815;3.756;3.258
2016-04-06;137.745;0.842;3.343;2.92
2016-04-07;138.191;0.816;3.072;2.67
2016-04-08;137.863;0.834;3.532;3.081
2016-04-11;137.467;0.856;3.186;2.79
2016-04-12;136.464;0.911;3.33;2.92
2016-04-13;137.197;0.87;3.878;3.391
2016-04-14;136.566;0.904;3.007;2.63
2016-04-15;137.306;0.863;2.914;2.568
2016-04-18;136.709;0.896;3.87;3.391
2016-04-19;136.471;0.909;2.933;2.591
2016-04-20;136.676;0.897;0.994;0.905
2016-04-21;135.39;0.969;3.043;2.711
2016-04-22;135.238;0.977;3.41;3.043
2016-04-25;134.632;1.011;3.318;2.968
2016-04-26;133.847;1.056;2.994;2.707
2016-04-27;134.029;1.045;3.827;3.444
2016-04-28;134.398;1.023;4.487;3.99
2016-04-29;134.093;1.04;3.744;3.349
2016-05-02;134.395;1.023;3.39;3.039
2016-05-03;135.639;0.951;3.187;2.837
2016-05-04;135.529;0.957;3.426;3.044
2016-05-05;136.288;0.913;3.934;3.455
2016-05-06;136.511;0.9;2.408;2.135
2016-05-09;136.89;0.879;3.103;2.743
2016-05-10;137.041;0.87;3.491;3.074
2016-05-11;136.855;0.88;3.378;2.976
2016-05-12;136.211;0.915;3.029;2.674
2016-05-13;136.903;0.876;3.249;2.863
2016-05-16;136.54;0.896;3.031;2.658
2016-05-17;136.689;0.887;2.043;1.807
2016-05-18;136.082;0.921;1.421;1.283
2016-05-19;136.14;0.917;2.805;2.482
2016-05-20;136.2;0.913;2.642;2.334
2016-05-23;135.779;0.937;3.091;2.732
2016-05-24;135.811;0.935;3.257;2.883
2016-05-25;136.372;0.902;2.028;1.817
2016-05-26;136.51;0.894;2.759;2.42
2016-05-27;136.436;0.898;2.333;2.067
2016-05-30;135.953;0.925;2.163;1.933
2016-05-31;136.402;0.899;2.405;2.126
2016-06-01;136.442;0.896;2.465;2.199
2016-06-02;136.65;0.883;2.581;2.3
2016-06-03;137.594;0.83;3.025;2.689
2016-06-06;137.189;0.852;2.522;2.267
2016-06-07;137.754;0.82;2.028;1.817
2016-06-08;137.661;0.825;1.968;1.783
2016-06-09;138.182;0.795;2.228;1.986
2016-06-10;138.591;0.772;2.075;1.858
2016-06-13;138.294;0.788;1.863;1.683
2016-06-14;138.68;0.766;1.362;1.247
2016-06-15;138.777;0.76;1.831;1.646
2016-06-16;139.152;0.739;2.112;1.886
2016-06-17;138.541;0.772;2.361;2.098
2016-06-20;137.889;0.808;2.286;2.033
2016-06-21;137.764;0.815;1.466;1.315
2016-06-22;137.398;0.835;2.726;2.443
2016-06-23;136.694;0.874;1.753;1.601
2016-06-24;138.921;0.749;2.056;1.854
2016-06-27;140.416;0.666;3.162;2.781
2016-06-28;140.243;0.675;2.66;2.336
2016-06-29;140.567;0.657;0.232;0.283
2016-06-30;140.149;0.679;-1.2;-0.947
2016-07-01;141.073;0.628;0.783;0.733
2016-07-04;141.753;0.59;1.262;1.116
2016-07-05;142.459;0.552;0.396;0.391
2016-07-06;142.383;0.555;0.306;0.324
2016-07-07;142.406;0.553;-1.119;-0.89
2016-07-08;142.864;0.528;-1.424;-1.148
2016-07-11;142.618;0.541;-2.289;-1.863
2016-07-12;141.599;0.596;-3.419;-2.833
2016-07-13;142.755;0.533;-3.352;-2.761
2016-07-14;142.135;0.565;-2.995;-2.456
2016-07-15;141.507;0.599;-4.202;-3.521
2016-07-18;141.975;0.573;-4.529;-3.77
2016-07-19;141.919;0.575;-5.055;-4.24
2016-07-20;141.554;0.595;-5.336;-4.482
2016-07-21;141.533;0.595;-5.075;-4.257
2016-07-22;141.74;0.583;-6.595;-5.535
2016-07-25;141.99;0.569;-6.516;-5.45
2016-07-26;141.904;0.574;-5.864;-4.904
2016-07-27;142.974;0.515;-6.684;-5.581
2016-07-28;143.303;0.496;-7.452;-6.222
2016-07-29;143.766;0.471;-7.124;-5.923
2016-08-01;143.755;0.471;-8.5;-7.087
2016-08-02;142.633;0.531;-8.709;-7.326
2016-08-03;142.82;0.521;-8.922;-7.49
2016-08-04;143.875;0.463;-9.908;-8.284
2016-08-05;143.224;0.498;-10.181;-8.555
2016-08-08;143.259;0.495;-10.819;-9.089
2016-08-09;143.927;0.459;-11.096;-9.269
2016-08-10;144.728;0.416;-12.668;-10.564
2016-08-11;144.384;0.433;-14.439;-12.046
2016-08-12;144.681;0.417;-14.62;-12.208
2016-08-15;144.214;0.441;-15.015;-12.554
2016-08-16;143.611;0.473;-15.579;-13.067
2016-08-17;144.065;0.448;-15.827;-13.229
2016-08-18;144.646;0.416;-16.318;-13.635
2016-08-19;144.094;0.445;-16.993;-14.215
2016-08-22;145.182;0.387;-18.841;-15.697
2016-08-23;145.391;0.375;-18.777;-15.617
2016-08-24;145.359;0.377;-19.203;-15.973
2016-08-25;145.261;0.381;-19.57;-16.29
2016-08-26;145.227;0.382;-19.733;-16.436
2016-08-29;145.355;0.375;-19.745;-16.426
2016-08-30;145.738;0.354;-19.77;-16.42
2016-08-31;145.299;0.377;-20.697;-17.254
2016-09-01;145.174;0.382;-20.508;-17.114
2016-09-02;144.712;0.407;-20.426;-17.103
2016-09-05;144.83;0.4;-19.912;-16.673
2016-09-06;145.74;0.351;-20.836;-17.359
2016-09-07;145.827;0.346;-20.846;-17.361
2016-09-08;144.661;0.407;-20.6;-17.249
2016-09-09;143.46;0.471;-21.1;-17.766
2016-09-12;143.108;0.49;-20.592;-17.373
2016-09-13;142.537;0.52;-21.271;-17.996
2016-09-14;143.236;0.482;-21.123;-17.816
2016-09-15;142.946;0.496;-21.113;-17.841
2016-09-16;143.378;0.473;-21.409;-18.046
2016-09-19;143.274;0.478;-22.05;-18.599
2016-09-20;144.042;0.436;-22.137;-18.592
2016-09-21;143.623;0.458;-22.33;-18.797
2016-09-22;145.253;0.369;-22.901;-19.134
2016-09-23;145.241;0.37;-22.488;-18.79
2016-09-26;145.658;0.347;-22.515;-18.77
2016-09-27;145.709;0.344;-22.6;-18.831
2016-09-28;145.9;0.333;-23.098;-19.235
2016-09-29;145.67;0.344;-22.186;-18.486
2016-09-30;145.334;0.362;-22.61;-18.87
2016-10-03;144.983;0.38;-22.974;-19.213
2016-10-04;144.504;0.405;-23.607;-19.803
2016-10-05;143.466;0.461;-23.277;-19.614
2016-10-06;143.459;0.46;-23.895;-20.139
2016-10-07;142.856;0.493;-23.02;-19.468
2016-10-10;141.889;0.545;-23.135;-19.65
2016-10-11;142.534;0.509;-24.109;-20.426
2016-10-12;142.003;0.538;-22.672;-19.231
2016-10-13;142.604;0.504;-23.379;-19.786
2016-10-14;142.204;0.525;-23.721;-20.103
2016-10-17;142.289;0.52;-23.859;-20.217
2016-10-18;142.75;0.495;-23.886;-20.184
2016-10-19;142.942;0.484;-24.596;-20.76
2016-10-20;143.38;0.459;-24.548;-20.657
2016-10-21;143.263;0.465;-24.305;-20.455
2016-10-24;142.899;0.484;-24.754;-20.886
2016-10-25;142.98;0.479;-25.423;-21.442
2016-10-26;142.068;0.529;-25.648;-21.723
2016-10-27;140.861;0.595;-25.314;-21.585
2016-10-28;141.087;0.582;-25.408;-21.6
2016-10-31;141.238;0.573;-25.256;-21.45
2016-11-01;140.839;0.595;-24.3;-20.682
2016-11-02;141.498;0.558;-26.583;-22.547
2016-11-03;140.781;0.596;-25.796;-21.959
2016-11-04;141.227;0.571;-26.585;-22.571
2016-11-07;140.948;0.586;-26.096;-22.202
2016-11-08;140.437;0.614;-25.657;-21.897
2016-11-09;139.835;0.648;-30.1;-25.779
2016-11-10;138.4;0.728;-25.663;-22.12
2016-11-11;138.024;0.749;-26.875;-23.191
2016-11-14;137.6;0.773;-24.967;-21.578
2016-11-15;137.671;0.768;-24.682;-21.328
2016-11-16;137.673;0.768;-24.248;-20.929
2016-11-17;137.826;0.758;-23.947;-20.65
2016-11-18;137.719;0.764;-23.399;-20.193
2016-11-21;137.872;0.755;-23.471;-20.232
2016-11-22;138.418;0.723;-24.757;-21.303
2016-11-23;138.123;0.739;-22.648;-19.545
2016-11-24;137.867;0.753;-23.049;-19.89
2016-11-25;137.75;0.759;-21.562;-18.602
2016-11-28;138.266;0.729;-21.111;-18.17
2016-11-29;138.206;0.733;-20.827;-17.933
2016-11-30;137.111;0.795;-21.71;-18.839
2016-12-01;135.51;0.887;-22.597;-19.745
2016-12-02;137.046;0.797;-21.622;-18.751
2016-12-05;136.421;0.833;-21.84;-18.995
2016-12-06;135.635;0.879;-22.768;-19.893
2016-12-07;135.943;0.86;-22.57;-19.68
2016-12-08;135.238;0.9;-21.847;-19.136
2016-12-09;134.98;0.915;-21.94;-19.276
2016-12-12;134.093;0.967;-21.506;-18.977
2016-12-13;134.968;0.915;-21.749;-19.1
2016-12-14;135.747;0.869;-21.625;-18.94
2016-12-15;134.82;0.923;-19.933;-17.507
2016-12-16;135.437;0.886;-20.672;-18.093
2016-12-19;136.522;0.822;-20.671;-17.977
2016-12-20;136.149;0.844;-20.96;-18.263
2016-12-21;136.517;0.822;-21.218;-18.456
2016-12-22;136.024;0.849;-21.089;-18.377
2016-12-23;136.566;0.817;-21.616;-18.798
2016-12-27;136.67;0.811;-20.668;-17.963
2016-12-28;136.789;0.804;-21.617;-18.792
2016-12-29;137.389;0.768;-21.623;-18.727
2016-12-30;136.928;0.794;-21.063;-18.302
2017-01-02;136.925;0.794;-21.637;-18.834
2017-01-03;136.158;0.838;-19.791;-17.259
2017-01-04;135.951;0.85;-20.485;-17.874
2017-01-05;136.489;0.817;-20.77;-18.071
2017-01-06;135.625;0.868;-20.95;-18.318
2017-01-09;135.937;0.849;-20.588;-17.963
2017-01-10;135.909;0.85;-20.546;-17.926
2017-01-11;136.551;0.812;-20.045;-17.47
2017-01-12;136.486;0.815;-20.495;-17.853
2017-01-13;136.076;0.839;-20.463;-17.847
2017-01-16;136.092;0.837;-21.347;-18.643
2017-01-17;136.188;0.831;-20.483;-17.863
2017-01-18;135.632;0.864;-20.779;-18.168
2017-01-19;134.94;0.904;-20.716;-18.181
2017-01-20;134.204;0.947;-20.484;-18.031
2017-01-23;135.111;0.893;-20.053;-17.583
2017-01-24;134.346;0.938;-20.14;-17.726
2017-01-25;133.498;0.988;-20.211;-17.863
2017-01-26;133.226;1.003;-19.512;-17.258
2017-01-27;133.593;0.981;-20.022;-17.648
2017-01-30;133.676;0.976;-20.452;-18.047
2017-01-31;133.749;0.971;-20.506;-18.089
2017-02-01;133.175;1.005;-19.948;-17.651
2017-02-02;133.823;0.965;-20.265;-17.878
2017-02-03;133.9;0.96;-19.989;-17.619
2017-02-06;134.088;0.949;-18.633;-16.402
2017-02-07;134.178;0.943;-19.434;-17.102
2017-02-08;134.948;0.897;-17.466;-15.309
2017-02-09;134.82;0.903;-18.48;-16.044
2017-02-10;134.217;0.939;-17.615;-15.502
2017-02-13;133.843;0.961;-17.836;-15.721
2017-02-14;133.213;0.999;-17.629;-15.607
2017-02-15;133.286;0.994;-17.58;-15.563
2017-02-16;133.952;0.953;-17.54;-15.464
2017-02-17;134.384;0.927;-17.974;-15.83
2017-02-20;134.23;0.935;-17.204;-15.149
2017-02-21;134.002;0.949;-17.237;-15.192
2017-02-22;134.246;0.934;-16.379;-14.412
2017-02-23;134.875;0.895;-16.531;-14.514
2017-02-24;135.62;0.851;-17.27;-15.075
2017-02-27;135.59;0.852;-17.633;-15.422
2017-02-28;135.618;0.85;-16.861;-14.745
2017-03-01;134.906;0.892;-16.778;-14.741
2017-03-02;134.061;0.941;-16.541;-14.586
2017-03-03;133.447;0.978;-17.371;-15.365
2017-03-06;133.628;0.967;-17.479;-15.423
2017-03-07;133.743;0.96;-17.327;-15.285
2017-03-08;133.31;0.985;-17.774;-15.716
2017-03-09;132.228;1.05;-17.833;-15.854
2017-03-10;131.71;1.082;-17.695;-15.761
2017-03-13;132.055;1.06;-18.468;-16.424
2017-03-14;132.587;1.027;-18.415;-16.333
2017-03-15;133.147;0.993;-18.351;-16.231
2017-03-16;132.682;1.02;-19.076;-16.964
2017-03-17;133.166;0.99;-19.028;-16.838
2017-03-20;133.029;0.998;-18.912;-16.746
2017-03-21;132.913;1.005;-18.334;-16.238
2017-03-22;133.506;0.969;-18.487;-16.315
2017-03-23;133.205;0.986;-17.913;-15.845
2017-03-24;133.461;0.97;-18.83;-16.629
2017-03-27;133.713;0.954;-17.662;-15.572
2017-03-28;133.791;0.949;-17.854;-15.737
2017-03-29;134.002;0.936;-17.198;-15.159
2017-03-30;134.047;0.933;-16.679;-14.696
2017-03-31;133.995;0.935;-16.871;-14.875
2017-04-03;134.476;0.906;-17.427;-15.341
2017-04-04;134.492;0.905;-17.038;-15.0
2017-04-05;134.432;0.908;-17.036;-15.004
2017-04-06;134.548;0.9;-17.054;-15.007
2017-04-07;134.927;0.877;-18.252;-16.025
2017-04-10;135.145;0.863;-17.698;-15.516
2017-04-11;135.174;0.861;-17.523;-15.346
2017-04-12;135.342;0.849;-17.458;-15.28
2017-04-13;135.737;0.826;-16.971;-14.803
2017-04-18;136.193;0.798;-17.829;-15.515
2017-04-19;135.784;0.822;-17.263;-15.035
2017-04-20;135.071;0.864;-17.245;-15.076
2017-04-21;134.62;0.89;-17.88;-15.671
2017-04-24;134.05;0.924;-17.7;-15.58
2017-04-25;133.175;0.977;-18.184;-16.078
2017-04-26;133.449;0.96;-18.619;-16.432
2017-04-27;134.049;0.922;-18.629;-16.414
2017-04-28;133.655;0.946;-18.111;-15.972
2017-05-02;133.554;0.952;-18.332;-16.183
2017-05-03;133.673;0.944;-18.385;-16.212
2017-05-04;132.807;0.996;-18.03;-15.981
2017-05-05;132.559;1.011;-18.266;-16.223
2017-05-08;132.64;1.005;-18.465;-16.371
2017-05-09;132.539;1.011;-18.544;-16.473
2017-05-10;132.711;1.0;-18.393;-16.315
2017-05-11;132.773;0.995;-17.918;-15.898
2017-05-12;133.271;0.965;-18.311;-16.194
2017-05-15;132.796;0.993;-17.936;-15.899
2017-05-16;132.622;1.004;-18.1;-16.078
2017-05-17;133.278;0.963;-16.532;-14.589
2017-05-18;133.496;0.949;-17.912;-15.82
2017-05-19;133.086;0.973;-17.224;-15.235
2017-05-22;132.683;0.998;-17.608;-15.61
2017-05-23;132.457;1.011;-17.283;-15.321
2017-05-24;132.465;1.011;-17.379;-15.407
2017-05-25;132.925;0.981;-17.771;-15.737
2017-05-26;133.312;0.957;-17.066;-15.052
2017-05-29;133.591;0.94;-18.03;-15.897
2017-05-30;133.479;0.946;-16.767;-14.788
2017-05-31;133.314;0.956;-17.362;-15.338
2017-06-01;133.104;0.968;-17.174;-15.181
2017-06-02;133.282;0.957;-17.34;-15.318
2017-06-05;133.076;0.969;-16.685;-14.808
2017-06-06;133.44;0.946;-16.78;-14.801
2017-06-07;133.52;0.941;-16.843;-14.861
2017-06-08;133.623;0.934;-16.795;-14.84
2017-06-09;133.568;0.937;-17.139;-15.111
2017-06-12;133.759;0.925;-17.024;-14.988
2017-06-13;133.516;0.939;-17.288;-15.234
2017-06-14;134.19;0.898;-17.603;-15.495
2017-06-15;133.656;0.929;-17.749;-15.632
2017-06-16;133.739;0.924;-17.911;-15.909
2017-06-19;133.725;0.924;-17.96;-15.828
2017-06-20;134.124;0.899;-17.791;-15.644
2017-06-21;134.412;0.881;-17.922;-15.711
2017-06-22;134.76;0.859;-18.64;-16.311
2017-06-23;134.434;0.879;-17.985;-15.938
2017-06-26;134.485;0.875;-18.906;-16.58
2017-06-27;132.952;0.969;-18.343;-16.183
2017-06-28;133.081;0.96;-18.516;-16.325
2017-06-29;131.997;1.027;-18.019;-16.002
2017-06-30;131.644;1.048;-18.108;-16.09
2017-07-03;131.41;1.062;-18.654;-16.597
2017-07-04;131.077;1.083;-18.144;-16.189
2017-07-05;131.146;1.078;-18.353;-16.373
2017-07-06;130.176;1.139;-18.681;-16.672
2017-07-07;129.98;1.151;-18.793;-16.863
2017-07-10;130.481;1.119;-18.595;-16.637
2017-07-11;130.475;1.119;-18.435;-16.494
2017-07-12;130.944;1.089;-18.823;-16.8
2017-07-13;130.717;1.102;-18.144;-16.225
2017-07-14;130.705;1.102;-18.476;-16.54
2017-07-17;130.837;1.094;-18.479;-16.511
2017-07-18;131.041;1.081;-18.769;-16.754
2017-07-19;131.396;1.058;-18.88;-16.821
2017-07-20;131.25;1.066;-18.799;-16.764
2017-07-21;131.517;1.049;-19.493;-17.187
2017-07-24;131.499;1.05;-19.537;-17.214
2017-07-25;130.787;1.094;-19.139;-17.131
2017-07-26;130.85;1.09;-19.181;-17.178
2017-07-27;131.005;1.079;-19.049;-17.017
2017-07-28;130.713;1.097;-19.677;-17.551
2017-07-31;130.733;1.096;-19.321;-17.3
2017-08-01;131.597;1.041;-19.372;-17.253
2017-08-02;131.662;1.036;-19.433;-17.308
2017-08-03;132.029;1.012;-19.527;-17.374
2017-08-04;131.86;1.023;-19.588;-17.452
2017-08-07;131.993;1.014;-19.878;-17.697
2017-08-08;131.856;1.022;-20.167;-17.971
2017-08-09;132.437;0.986;-20.045;-17.856
2017-08-10;132.682;0.969;-19.842;-17.595
2017-08-11;133.053;0.946;-19.984;-17.686
2017-08-14;132.61;0.973;-20.032;-17.787
2017-08-15;132.357;0.988;-19.971;-17.746
2017-08-16;132.169;1.0;-19.99;-17.793
2017-08-17;132.575;0.973;-20.068;-17.803
2017-08-18;132.642;0.969;-20.397;-18.109
2017-08-21;132.87;0.954;-20.428;-18.109
2017-08-22;132.842;0.956;-20.877;-18.509
2017-08-23;133.074;0.941;-20.463;-18.075
2017-08-24;132.974;0.946;-21.04;-18.637
2017-08-25;132.849;0.953;-20.146;-17.865
2017-08-28;132.885;0.951;-20.965;-18.585
2017-08-29;133.407;0.918;-20.599;-18.223
2017-08-30;133.295;0.925;-20.492;-18.13
2017-08-31;133.306;0.923;-20.595;-18.226
2017-09-01;132.937;0.945;-20.342;-18.043
2017-09-04;133.131;0.933;-20.534;-18.207
2017-09-05;133.664;0.9;-19.842;-17.555
2017-09-06;133.358;0.918;-21.276;-18.845
2017-09-07;133.594;0.902;-21.119;-18.693
2017-09-08;133.395;0.914;-20.805;-18.42
2017-09-11;133.178;0.928;-21.195;-18.791
2017-09-12;132.363;0.978;-21.643;-19.125
2017-09-13;132.462;0.972;-21.374;-19.01
2017-09-14;132.254;0.984;-21.42;-19.076
2017-09-15;131.959;1.002;-21.322;-19.03
2017-09-18;131.691;1.018;-21.935;-19.596
2017-09-19;131.884;1.006;-22.345;-19.949
2017-09-20;132.176;0.987;-22.881;-20.391
2017-09-21;132.005;0.997;-22.767;-20.305
2017-09-22;132.093;0.991;-22.991;-20.492
2017-09-25;132.567;0.961;-22.818;-20.281
2017-09-26;132.506;0.964;-23.09;-20.532
2017-09-27;131.753;1.011;-23.542;-21.032
2017-09-28;131.516;1.025;-22.568;-20.176
2017-09-29;131.733;1.011;-23.52;-21.011
2017-10-02;131.815;1.006;-24.008;-21.446
2017-10-03;131.643;1.016;-24.019;-21.469
2017-10-04;131.842;1.003;-24.496;-21.879
2017-10-05;131.978;0.993;-24.336;-21.722
2017-10-06;131.855;1.001;-24.518;-21.893
2017-10-09;132.224;0.977;-24.998;-22.268
2017-10-10;132.247;0.975;-25.376;-22.602
2017-10-11;131.992;0.991;-25.712;-22.933
2017-10-12;132.257;0.973;-25.795;-22.981
2017-10-13;132.663;0.947;-25.974;-23.082
2017-10-16;133.176;0.915;-26.029;-23.084
2017-10-17;133.381;0.902;-26.409;-23.4
2017-10-18;133.069;0.921;-26.925;-23.878
2017-10-19;133.062;0.92;-27.172;-24.106
2017-10-20;132.241;0.971;-26.756;-23.835
2017-10-23;132.598;0.949;-27.159;-24.14
2017-10-24;132.112;0.979;-26.938;-24.004
2017-10-25;131.915;0.991;-26.628;-23.752
2017-10-26;132.554;0.95;-27.322;-24.307
2017-10-27;132.64;0.944;-26.712;-23.754
2017-10-30;133.062;0.917;-27.277;-24.208
2017-10-31;133.25;0.905;-27.059;-23.994
2017-11-01;133.032;0.918;-26.87;-23.84
2017-11-02;133.137;0.91;-27.13;-24.067
2017-11-03;133.253;0.903;-27.415;-24.307
2017-11-06;133.616;0.88;-27.412;-24.252
2017-11-07;133.664;0.876;-27.196;-24.055
2017-11-08;133.69;0.874;-27.862;-24.64
2017-11-09;133.103;0.91;-27.317;-24.241
2017-11-10;132.598;0.941;-27.736;-24.669
2017-11-13;132.546;0.944;-27.832;-24.765
2017-11-14;132.904;0.921;-28.083;-24.946
2017-11-15;133.171;0.904;-27.428;-24.318
2017-11-16;133.191;0.902;-28.097;-24.93
2017-11-17;133.348;0.891;-27.911;-24.737
2017-11-20;133.387;0.889;-28.129;-24.914
2017-11-21;133.784;0.863;-28.341;-25.047
2017-11-22;133.904;0.856;-28.275;-24.962
2017-11-23;134.06;0.845;-28.767;-25.378
2017-11-24;133.837;0.858;-28.481;-25.14
2017-11-27;134.116;0.84;-28.509;-25.128
2017-11-28;134.046;0.844;-28.856;-25.434
2017-11-29;133.562;0.874;-29.055;-25.672
2017-11-30;133.69;0.865;-28.4;-25.063
2017-12-01;134.505;0.814;-29.165;-25.647
2017-12-04;134.201;0.832;-29.126;-25.652
2017-12-05;134.535;0.811;-28.436;-25.007
2017-12-06;134.765;0.796;-29.407;-25.836
2017-12-07;134.482;0.813;-28.883;-25.408
2017-12-08;134.29;0.824;-29.084;-25.597
2017-12-11;134.601;0.805;-29.52;-25.965
2017-12-12;134.231;0.827;-29.16;-25.662
2017-12-13;134.277;0.824;-29.237;-25.727
2017-12-14;134.534;0.807;-29.037;-25.54
2017-12-15;134.733;0.794;-29.595;-25.981
2017-12-18;134.566;0.804;-29.542;-25.969
2017-12-19;133.636;0.862;-29.534;-26.049
2017-12-20;133.259;0.885;-28.927;-25.583
2017-12-21;133.152;0.89;-29.31;-25.952
2017-12-22;133.063;0.896;-29.919;-26.512
2017-12-27;133.561;0.864;-29.296;-25.914
2017-12-28;133.168;0.887;-29.776;-26.327
2017-12-29;133.152;0.888;-29.843;-26.4
2018-01-02;132.62;0.921;-29.456;-26.129
2018-01-03;132.91;0.902;-28.98;-25.68
2018-01-04;133.003;0.895;-28.156;-24.917
2018-01-05;132.852;0.904;-28.101;-24.886
2018-01-08;132.986;0.896;-28.093;-24.877
2018-01-09;132.418;0.931;-27.748;-24.644
2018-01-10;132.108;0.951;-27.315;-24.287
2018-01-11;131.635;0.98;-27.052;-24.107
2018-01-12;131.662;0.978;-27.036;-24.045
2018-01-15;131.443;0.992;-26.667;-23.77
2018-01-16;131.738;0.972;-25.47;-22.643
2018-01-17;131.746;0.971;-25.062;-22.277
2018-01-18;131.391;0.993;-24.735;-22.043
2018-01-19;131.116;1.011;-23.78;-21.226
2018-01-22;131.032;1.016;-23.715;-21.175
2018-01-23;131.109;1.01;-23.767;-21.207
2018-01-24;130.786;1.031;-22.874;-20.427
2018-01-25;130.632;1.04;-22.077;-19.694
2018-01-26;130.628;1.04;-22.475;-20.044
2018-01-29;129.611;1.106;-21.385;-19.179
2018-01-30;129.387;1.12;-20.089;-18.039
2018-01-31;129.182;1.134;-17.444;-15.659
2018-02-01;128.558;1.174;-16.369;-14.753
2018-02-02;127.919;1.216;-15.059;-13.621
2018-02-05;128.089;1.204;-14.894;-13.457
2018-02-06;128.671;1.165;-16.374;-14.741
2018-02-07;128.202;1.196;-15.79;-14.253
2018-02-08;128.081;1.203;-15.666;-14.15
2018-02-09;127.976;1.21;-15.243;-13.781
2018-02-12;127.541;1.239;-16.978;-15.374
2018-02-13;127.559;1.237;-16.251;-14.742
2018-02-14;127.351;1.251;-16.575;-15.06
2018-02-15;127.213;1.259;-16.935;-15.383
2018-02-16;127.838;1.217;-16.531;-14.965
2018-02-19;127.399;1.246;-16.168;-14.671
2018-02-20;127.394;1.246;-16.38;-14.862
2018-02-21;127.695;1.225;-16.242;-14.713
2018-02-22;127.756;1.22;-16.928;-15.4
2018-02-23;128.361;1.18;-16.579;-14.931
2018-02-26;128.411;1.176;-16.901;-15.222
2018-02-27;128.263;1.185;-16.855;-15.204
2018-02-28;128.51;1.169;-16.66;-15.008
2018-03-01;128.659;1.158;-17.009;-15.31
2018-03-02;128.599;1.161;-17.271;-15.571
2018-03-05;128.482;1.169;-17.65;-15.919
2018-03-06;128.236;1.185;-16.956;-15.304
2018-03-07;128.64;1.158;-16.452;-14.813
2018-03-08;128.921;1.138;-16.99;-15.281
2018-03-09;128.676;1.154;-16.608;-14.961
2018-03-12;128.839;1.143;-16.829;-15.141
2018-03-13;128.961;1.134;-17.438;-15.686
2018-03-14;129.291;1.112;-17.217;-15.467
2018-03-15;129.601;1.09;-16.843;-15.113
2018-03-16;129.594;1.09;-17.019;-15.276
2018-03-19;129.621;1.088;-17.207;-15.432
2018-03-20;129.469;1.098;-17.221;-15.461
2018-03-21;129.348;1.106;-17.444;-15.666
2018-03-22;130.003;1.061;-17.949;-16.061
2018-03-23;129.944;1.065;-17.909;-16.03
2018-03-26;129.997;1.061;-17.867;-15.986
2018-03-27;130.434;1.032;-18.309;-16.345
2018-03-28;130.546;1.023;-19.605;-17.502
2018-03-29;130.551;1.022;-19.005;-16.971
2018-04-03;130.705;1.011;-19.357;-17.28
2018-04-04;130.911;0.997;-20.421;-18.213
2018-04-05;130.527;1.022;-20.178;-18.021
2018-04-06;130.836;1.001;-20.13;-17.966
2018-04-09;130.838;1.0;-20.504;-18.303
2018-04-10;130.923;0.994;-20.138;-17.952
2018-04-11;131.127;0.981;-20.967;-18.671
2018-04-12;130.806;1.001;-20.934;-18.686
2018-04-13;130.856;0.997;-20.659;-18.428
2018-04-16;130.688;1.008;-20.892;-18.662
2018-04-17;130.976;0.988;-20.886;-18.618
2018-04-18;130.816;0.998;-21.016;-18.757
2018-04-19;130.04;1.049;-20.819;-18.622
2018-04-20;129.856;1.06;-20.811;-18.642
2018-04-23;129.479;1.085;-20.352;-18.283
2018-04-24;129.524;1.082;-19.751;-17.738
2018-04-25;129.383;1.091;-20.381;-18.322
2018-04-26;129.822;1.061;-20.07;-17.994
2018-04-27;130.075;1.043;-20.157;-18.039
2018-04-30;130.157;1.037;-19.963;-17.864
2018-05-02;129.923;1.052;-20.298;-18.19
2018-05-03;130.447;1.016;-20.057;-17.932
2018-05-04;130.426;1.018;-19.961;-17.843
2018-05-07;130.575;1.007;-20.125;-17.98
2018-05-08;130.075;1.04;-20.277;-18.167
2018-05-09;130.0;1.045;-20.003;-17.915
2018-05-10;130.098;1.037;-20.252;-18.118
2018-05-11;129.909;1.049;-19.881;-17.802
2018-05-14;129.389;1.084;-19.801;-17.766
2018-05-15;128.849;1.119;-19.656;-17.696
2018-05-16;129.087;1.103;-19.732;-17.759
2018-05-17;128.629;1.133;-19.656;-17.735
2018-05-18;129.239;1.091;-19.191;-17.252
2018-05-21;129.645;1.064;-20.204;-18.119
2018-05-22;129.269;1.089;-19.323;-17.366
2018-05-23;129.695;1.06;-19.497;-17.481
2018-05-24;130.114;1.031;-18.726;-16.762
2018-05-25;130.663;0.994;-18.614;-16.601
2018-05-28;131.093;0.965;-18.343;-16.316
2018-05-29;131.32;0.95;-17.225;-15.311
2018-05-30;130.327;1.015;-16.615;-14.81
2018-05-31;130.628;0.994;-15.162;-13.49
2018-06-01;130.396;1.009;-16.335;-14.581
2018-06-04;130.017;1.034;-16.178;-14.482
2018-06-05;130.223;1.02;-16.894;-15.104
2018-06-06;129.282;1.082;-17.043;-15.303
2018-06-07;129.0;1.1;-15.793;-14.171
2018-06-08;129.276;1.081;-16.245;-14.58
2018-06-11;129.051;1.096;-16.22;-14.584
2018-06-12;129.226;1.084;-15.908;-14.281
2018-06-13;129.37;1.074;-16.313;-14.647
2018-06-14;129.79;1.045;-15.427;-13.843
2018-06-15;130.114;1.023;-14.832;-13.295
2018-06-18;130.2;1.016;-15.287;-13.7
2018-06-19;130.645;0.986;-14.86;-13.287
2018-06-20;130.383;1.004;-15.281;-13.681
2018-06-21;130.565;0.99;-14.873;-13.275
2018-06-22;130.453;0.997;-15.16;-13.552
2018-06-25;130.397;1.001;-14.056;-12.568
2018-06-26;130.166;1.016;-14.383;-12.89
2018-06-27;130.463;0.996;-14.469;-12.94
2018-06-28;130.611;0.985;-14.168;-12.663
2018-06-29;130.773;0.973;-14.373;-12.801
2018-07-02;130.671;0.98;-14.556;-12.989
2018-07-03;130.837;0.968;-14.212;-12.674
2018-07-04;130.699;0.977;-14.271;-12.742
2018-07-05;130.871;0.964;-14.061;-12.535
2018-07-06;130.852;0.965;-14.214;-12.675
2018-07-09;130.805;0.968;-14.179;-12.646
2018-07-10;130.552;0.985;-14.16;-12.652
2018-07-11;130.654;0.977;-14.214;-12.691
2018-07-12;130.69;0.974;-14.524;-12.967
2018-07-13;130.791;0.967;-14.463;-12.905
2018-07-16;130.589;0.98;-14.633;-13.075
2018-07-17;130.753;0.969;-14.358;-12.814
2018-07-18;130.812;0.964;-14.3;-12.756
2018-07-19;130.929;0.955;-14.289;-12.737
2018-07-20;130.45;0.987;-14.515;-12.979
2018-07-23;130.161;1.006;-15.062;-13.488
2018-07-24;130.332;0.994;-14.586;-13.046
2018-07-25;130.444;0.986;-14.633;-13.072
2018-07-26;130.194;1.002;-14.799;-13.253
2018-07-27;130.118;1.006;-14.393;-12.888
2018-07-30;129.741;1.032;-14.299;-12.814
2018-07-31;129.791;1.028;-15.015;-13.455
2018-08-01;129.389;1.055;-14.551;-13.057
2018-08-02;129.483;1.047;-14.782;-13.25
2018-08-03;129.977;1.013;-14.916;-13.34
2018-08-06;130.167;1.0;-14.955;-13.371
2018-08-07;129.916;1.017;-14.823;-13.255
2018-08-08;129.935;1.015;-15.016;-13.435
2018-08-09;130.053;1.006;-14.618;-13.063
2018-08-10;130.664;0.964;-14.848;-13.197
2018-08-13;130.67;0.964;-14.334;-12.755
2018-08-14;130.576;0.97;-14.734;-13.132
2018-08-15;130.82;0.953;-14.808;-13.192
2018-08-16;130.712;0.959;-14.592;-13.001
2018-08-17;130.829;0.951;-14.893;-13.26
2018-08-20;130.863;0.948;-14.835;-13.21
2018-08-21;130.611;0.964;-14.874;-13.263
2018-08-22;130.6;0.965;-14.262;-12.714
2018-08-23;130.56;0.966;-14.641;-13.061
2018-08-24;130.529;0.968;-14.471;-12.91
2018-08-27;130.183;0.991;-14.135;-12.623
2018-08-28;130.201;0.989;-14.817;-13.255
2018-08-29;129.939;1.007;-14.48;-12.982
2018-08-30;130.414;0.973;-14.764;-13.161
2018-08-31;130.591;0.961;-14.47;-12.894
2018-09-03;130.561;0.963;-14.506;-12.927
2018-09-04;130.402;0.973;-14.443;-12.886
2018-09-05;130.176;0.988;-14.542;-12.984
2018-09-06;130.343;0.976;-14.243;-12.723
2018-09-07;130.008;0.998;-13.845;-12.38
2018-09-10;129.851;1.008;-14.681;-13.153
2018-09-11;129.532;1.029;-14.333;-12.861
2018-09-12;129.73;1.016;-14.537;-13.019
2018-09-13;129.644;1.02;-14.413;-12.919
2018-09-14;129.422;1.035;-14.094;-12.637
2018-09-17;129.335;1.041;-14.608;-13.11
2018-09-18;129.135;1.054;-14.484;-13.005
2018-09-19;128.955;1.066;-14.397;-12.94
2018-09-20;128.997;1.062;-14.301;-12.849
2018-09-21;129.092;1.055;-14.276;-12.824
2018-09-24;128.673;1.083;-14.141;-12.729
2018-09-25;128.26;1.111;-14.686;-13.25
2018-09-26;128.492;1.095;-14.241;-12.83
2018-09-27;128.551;1.09;-14.425;-12.985
2018-09-28;128.965;1.061;-14.485;-13.004
2018-10-01;128.755;1.075;-14.339;-12.894
2018-10-02;129.099;1.051;-14.205;-12.747
2018-10-03;128.653;1.081;-14.441;-12.996
2018-10-04;128.123;1.117;-14.291;-12.889
2018-10-05;127.539;1.157;-14.625;-13.231
2018-10-08;127.877;1.133;-14.703;-13.278
2018-10-09;127.812;1.137;-14.372;-12.924
2018-10-10;127.7;1.145;-14.379;-12.988
2018-10-11;127.945;1.127;-14.427;-13.02
2018-10-12;128.122;1.114;-13.967;-12.597
2018-10-15;127.994;1.123;-14.278;-12.902
2018-10-16;128.24;1.105;-14.08;-12.721
2018-10-17;128.573;1.082;-14.149;-12.741
2018-10-18;128.805;1.065;-14.08;-12.656
2018-10-19;128.55;1.082;-14.149;-12.757
2018-10-22;128.604;1.078;-13.859;-12.489
2018-10-23;129.0;1.05;-14.374;-12.92
2018-10-24;129.029;1.048;-14.226;-12.791
2018-10-25;128.961;1.051;-13.809;-12.43
2018-10-26;129.492;1.014;-14.525;-13.036
2018-10-29;129.247;1.031;-14.101;-12.674
2018-10-30;129.292;1.027;-13.88;-12.466
2018-10-31;129.158;1.036;-13.343;-11.986
2018-11-01;128.997;1.046;-13.525;-12.179
2018-11-02;128.784;1.06;-13.79;-12.44
2018-11-05;128.89;1.053;-13.745;-12.381
2018-11-06;128.816;1.057;-13.666;-12.35
2018-11-07;128.682;1.066;-13.752;-12.388
2018-11-08;128.559;1.074;-13.787;-12.445
2018-11-09;128.974;1.045;-13.828;-12.437
2018-11-12;129.079;1.037;-13.813;-12.422
2018-11-13;129.04;1.039;-13.729;-12.334
2018-11-14;129.066;1.037;-13.252;-11.905
2018-11-15;129.232;1.024;-13.047;-11.721
2018-11-16;129.087;1.034;-11.834;-10.641
2018-11-19;129.018;1.038;-11.309;-10.179
2018-11-20;129.255;1.022;-11.293;-10.158
2018-11-21;129.147;1.029;-10.605;-9.524
2018-11-22;129.142;1.028;-10.57;-9.505
2018-11-23;129.409;1.009;-10.515;-9.454
2018-11-26;129.266;1.019;-10.52;-9.455
2018-11-27;129.308;1.015;-10.182;-9.155
2018-11-28;129.207;1.022;-10.105;-9.083
2018-11-29;129.486;1.001;-10.026;-9.029
2018-11-30;129.553;0.996;-9.82;-8.829
2018-12-03;129.489;1.0;-8.937;-8.053
2018-12-04;129.793;0.979;-6.496;-5.813
2018-12-05;129.459;1.002;-7.211;-6.479
2018-12-06;129.721;0.982;-7.658;-6.887
2018-12-07;129.582;0.992;-7.096;-6.379
2018-12-10;129.654;0.986;-7.625;-6.848
2018-12-11;129.565;0.992;-7.171;-6.44
2018-12-12;129.259;1.013;-7.89;-7.094
2018-12-13;129.205;1.015;-6.724;-6.054
2018-12-14;129.286;1.009;-6.314;-5.687
2018-12-17;129.243;1.012;-6.139;-5.53
2018-12-18;129.519;0.992;-6.057;-5.457
2018-12-19;129.709;0.979;-5.865;-5.268
2018-12-20;129.92;0.963;-6.167;-5.524
2018-12-21;129.627;0.982;-5.633;-5.059
2018-12-24;129.614;0.983;-5.514;-4.972
2018-12-27;129.818;0.967;-5.382;-4.841
2018-12-28;129.863;0.964;-5.241;-4.702
2018-12-31;129.856;0.964;-5.219;-4.673
2019-01-02;130.74;0.902;-5.107;-4.565
2019-01-03;130.639;0.908;-4.225;-3.782
2019-01-04;129.82;0.964;-3.128;-2.8
2019-01-07;129.559;0.982;-2.085;-1.888
2019-01-08;129.151;1.01;-0.494;-0.467
2019-01-09;129.029;1.018;-0.909;-0.827
2019-01-10;129.13;1.01;-0.665;-0.612
2019-01-11;129.279;0.999;-0.841;-0.774
2019-01-14;129.416;0.989;-0.957;-0.876
2019-01-15;129.644;0.973;-0.898;-0.82
2019-01-16;129.548;0.979;-1.23;-1.114
2019-01-17;129.497;0.981;-1.398;-1.276
2019-01-18;129.25;0.998;-1.404;-1.293
2019-01-21;129.342;0.991;-1.243;-1.133
2019-01-22;129.661;0.969;-1.377;-1.238
2019-01-23;129.94;0.949;-1.663;-1.48
2019-01-24;130.575;0.904;-1.393;-1.159
2019-01-25;130.508;0.908;-1.767;-1.589
2019-01-28;130.415;0.914;-1.863;-1.662
2019-01-29;130.628;0.899;-1.838;-1.642
2019-01-30;130.858;0.883;-1.67;-1.48
2019-01-31;131.476;0.839;-1.024;-0.908
2019-02-01;130.943;0.875;-1.754;-1.56
2019-02-04;130.806;0.884;-1.474;-1.314
2019-02-05;130.917;0.876;-1.687;-1.499
2019-02-06;131.079;0.864;-1.778;-1.564
2019-02-07;131.527;0.832;-1.64;-1.441
2019-02-08;131.979;0.801;-1.733;-1.537
2019-02-11;131.568;0.829;-1.755;-1.549
2019-02-12;131.391;0.84;-1.662;-1.468
2019-02-13;131.391;0.84;-1.635;-1.435
2019-02-14;131.605;0.824;-1.913;-1.679
2019-02-15;131.582;0.825;-1.829;-1.606
2019-02-18;131.435;0.835;-1.71;-1.509
2019-02-19;131.66;0.819;-2.291;-2.033
2019-02-20;131.917;0.801;-2.089;-1.866
2019-02-21;131.546;0.825;-2.188;-1.933
2019-02-22;131.924;0.799;-2.049;-1.822
2019-02-25;131.708;0.813;-1.96;-1.731
2019-02-26;131.618;0.819;-1.842;-1.632
2019-02-27;131.216;0.846;-1.99;-1.759
2019-02-28;130.838;0.871;-2.375;-2.11
2019-03-01;130.763;0.876;-2.5;-2.217
2019-03-04;131.075;0.854;-2.562;-2.266
2019-03-05;131.072;0.854;-2.296;-2.019
2019-03-06;131.671;0.812;-2.854;-2.522
2019-03-07;132.585;0.748;-2.748;-2.42
2019-03-08;133.044;0.716;-3.239;-2.838
2019-03-11;132.906;0.725;-3.299;-2.892
2019-03-12;132.817;0.731;-2.2;-1.923
2019-03-13;132.68;0.74;-2.602;-2.276
2019-03-14;132.513;0.75;-2.937;-2.572
2019-03-15;132.477;0.752;-2.236;-1.954
2019-03-18;132.757;0.732;-2.933;-2.566
2019-03-19;132.528;0.747;-3.218;-2.825
2019-03-20;132.716;0.734;-3.078;-2.691
2019-03-21;133.226;0.698;-3.134;-2.754
2019-03-22;134.127;0.636;-3.139;-2.727
2019-03-25;134.356;0.62;-2.735;-2.373
2019-03-26;134.207;0.63;-3.099;-2.685
2019-03-27;134.995;0.577;-3.143;-2.718
2019-03-28;134.642;0.599;-3.048;-2.648
2019-03-29;134.33;0.619;-2.96;-2.567
2019-04-01;133.839;0.652;-2.926;-2.539
2019-04-02;134.099;0.634;-3.1;-2.689
2019-04-03;133.371;0.683;-3.284;-2.868
2019-04-04;133.622;0.665;-2.758;-2.397
2019-04-05;133.5;0.672;-2.885;-2.508
2019-04-08;133.552;0.668;-3.16;-2.751
2019-04-09;133.659;0.661;-2.928;-2.544
2019-04-10;134.071;0.632;-3.205;-2.788
2019-04-11;133.86;0.645;-3.121;-2.709
2019-04-12;133.112;0.696;-3.521;-3.087
2019-04-15;133.006;0.702;-3.198;-2.807
2019-04-16;132.858;0.712;-3.306;-2.892
2019-04-17;132.72;0.719;-3.774;-3.311
2019-04-18;133.419;0.671;-3.55;-3.096
2019-04-23;133.253;0.682;-3.409;-2.975
2019-04-24;134.027;0.629;-3.806;-3.316
2019-04-25;133.81;0.642;-3.788;-3.305
2019-04-26;133.967;0.631;-4.105;-3.582
2019-04-29;133.792;0.642;-4.093;-3.562
2019-04-30;133.731;0.646;-4.01;-3.484
2019-05-02;133.553;0.656;-3.947;-3.441
2019-05-03;133.568;0.655;-4.255;-3.717
2019-05-06;133.785;0.64;-4.105;-3.584
2019-05-07;134.389;0.598;-4.794;-4.185
2019-05-08;134.409;0.596;-4.799;-4.19
2019-05-09;134.333;0.6;-5.053;-4.417
2019-05-10;134.311;0.601;-5.169;-4.514
2019-05-13;134.745;0.571;-4.686;-4.068
2019-05-14;134.885;0.561;-5.083;-4.411
2019-05-15;135.133;0.544;-4.291;-3.719
2019-05-16;134.93;0.556;-4.907;-4.263
2019-05-17;135.113;0.543;-4.838;-4.19
2019-05-20;134.86;0.56;-5.059;-4.388
2019-05-21;134.641;0.574;-4.767;-4.136
2019-05-22;134.863;0.559;-3.977;-3.442
2019-05-23;135.283;0.529;-3.983;-3.457
2019-05-24;135.277;0.529;-4.834;-4.185
2019-05-27;135.63;0.504;-4.886;-4.235
2019-05-28;135.843;0.489;-4.666;-4.034
2019-05-29;136.087;0.473;-4.694;-4.05
2019-05-30;136.002;0.477;-4.55;-3.92
2019-05-31;136.369;0.452;-4.346;-3.726
2019-06-03;136.598;0.436;-4.681;-3.983
2019-06-04;136.943;0.412;-4.881;-4.173
2019-06-05;137.258;0.391;-4.518;-3.874
2019-06-06;137.48;0.374;-5.34;-4.534
2019-06-07;137.81;0.352;-4.789;-4.069
2019-06-10;137.062;0.401;-4.916;-4.194
2019-06-11;137.308;0.384;-4.774;-4.065
2019-06-12;137.331;0.382;-4.97;-4.243
2019-06-13;137.509;0.369;-4.81;-4.093
2019-06-14;137.871;0.344;-5.405;-4.607
2019-06-17;137.685;0.356;-5.685;-4.827
2019-06-18;138.689;0.289;-5.98;-5.108
2019-06-19;138.355;0.311;-6.219;-5.253
2019-06-20;138.702;0.286;-6.588;-5.576
2019-06-21;138.195;0.319;-6.688;-5.636
2019-06-24;138.629;0.29;-6.51;-5.49
2019-06-25;138.985;0.266;-6.623;-5.563
2019-06-26;138.652;0.287;-6.779;-5.72
2019-06-27;138.954;0.266;-6.559;-5.517
2019-06-28;139.031;0.26;-6.763;-5.71
2019-07-01;139.252;0.245;-6.438;-5.44
2019-07-02;139.352;0.238;-6.03;-5.063
2019-07-03;140.072;0.19;-6.579;-5.498
2019-07-04;140.611;0.154;-6.811;-5.664
2019-07-05;140.08;0.188;-6.727;-5.589
2019-07-08;140.249;0.176;-6.966;-5.8
2019-07-09;139.736;0.209;-6.905;-5.761
2019-07-10;139.108;0.25;-6.655;-5.598
2019-07-11;138.217;0.307;-6.546;-5.517
2019-07-12;137.988;0.322;-6.379;-5.37
2019-07-15;138.647;0.277;-6.395;-5.413
2019-07-16;138.901;0.26;-6.157;-5.176
2019-07-17;139.552;0.217;-6.359;-5.334
2019-07-18;139.703;0.205;-6.754;-5.715
2019-07-19;139.872;0.194;-6.753;-5.685
2019-07-22;140.093;0.178;-6.892;-5.671
2019-07-23;140.187;0.172;-7.04;-5.908
2019-07-24;140.721;0.136;-7.08;-5.903
2019-07-25;140.725;0.134;-8.186;-6.86
2019-07-26;140.812;0.128;-6.975;-5.841
2019-07-29;140.982;0.117;-7.113;-5.973
2019-07-30;141.074;0.11;-7.525;-6.352
2019-07-31;141.713;0.068;-7.59;-6.316
2019-08-01;142.136;0.039;-7.152;-5.981
2019-08-02;143.133;-0.026;-7.381;-6.125
2019-08-05;143.43;-0.045;-7.954;-6.59
2019-08-06;143.527;-0.052;-7.493;-6.196
2019-08-07;144.244;-0.098;-7.335;-6.066
2019-08-08;143.702;-0.066;-8.133;-6.722
2019-08-09;143.916;-0.08;-7.211;-5.975
2019-08-12;144.163;-0.096;-7.795;-6.444
2019-08-13;144.574;-0.123;-7.953;-6.544
2019-08-14;145.754;-0.198;-8.085;-6.606
2019-08-15;147.483;-0.307;-7.604;-6.239
2019-08-16;147.44;-0.305;-7.321;-5.928
2019-08-19;146.01;-0.217;-7.342;-5.996
2019-08-20;146.379;-0.241;-7.414;-6.043
2019-08-21;145.889;-0.211;-7.256;-5.886
2019-08-22;145.108;-0.163;-7.218;-5.844
2019-08-23;145.392;-0.182;-6.545;-5.397
2019-08-26;145.337;-0.179;-6.985;-5.721
2019-08-27;146.346;-0.243;-6.982;-5.711
2019-08-28;146.945;-0.281;-7.53;-6.129
2019-08-29;146.428;-0.251;-6.3;-5.15
2019-08-30;146.311;-0.244;-6.867;-5.626
2019-09-02;146.2;-0.238;-6.58;-5.402
2019-09-03;146.383;-0.25;-7.129;-5.811
2019-09-04;145.788;-0.213;-6.889;-5.657
2019-09-05;144.072;-0.106;-6.206;-5.106
2019-09-06;144.986;-0.165;-6.366;-5.23
2019-09-09;144.185;-0.115;-6.319;-5.238
2019-09-10;143.647;-0.081;-6.284;-5.213
2019-09-11;143.673;-0.083;-6.725;-5.6
2019-09-12;142.964;-0.039;-7.389;-6.052
2019-09-13;141.657;0.045;-7.849;-6.52
2019-09-16;142.477;-0.009;-9.298;-7.745
2019-09-17;142.8;-0.031;-9.121;-7.571
2019-09-18;143.481;-0.075;-9.229;-7.637
2019-09-19;143.557;-0.082;-8.984;-7.436
2019-09-20;143.757;-0.095;-8.991;-7.45
2019-09-23;144.769;-0.161;-9.182;-7.562
2019-09-24;145.274;-0.193;-8.715;-7.166
2019-09-25;144.615;-0.152;-9.809;-8.081
2019-09-26;144.584;-0.152;-8.417;-6.942
2019-09-27;144.401;-0.141;-8.41;-6.947
2019-09-30;144.222;-0.13;-8.18;-6.766
2019-10-01;144.019;-0.118;-7.476;-6.193
2019-10-02;143.955;-0.114;-7.976;-6.616
2019-10-03;144.453;-0.148;-8.285;-6.841
2019-10-04;144.379;-0.144;-8.369;-6.912
2019-10-07;144.18;-0.132;-8.975;-7.424
2019-10-08;144.292;-0.14;-8.777;-7.27
2019-10-09;143.601;-0.096;-8.28;-6.896
2019-10-10;142.686;-0.038;-8.02;-6.723
2019-10-11;141.95;0.009;-7.651;-6.505
2019-10-14;142.299;-0.015;-8.064;-6.855
2019-10-15;141.61;0.03;-8.339;-7.08
2019-10-16;141.186;0.057;-7.906;-6.739
2019-10-17;141.563;0.031;-7.618;-6.497
2019-10-18;141.074;0.062;-7.546;-6.445
2019-10-21;140.435;0.104;-7.941;-6.812
2019-10-22;140.942;0.07;-8.078;-6.903
2019-10-23;141.603;0.026;-8.215;-6.987
2019-10-24;141.479;0.032;-7.91;-6.743
2019-10-25;140.649;0.086;-7.892;-6.75
2019-10-28;140.238;0.113;-7.615;-6.531
2019-10-29;140.493;0.095;-7.561;-6.503
2019-10-30;140.419;0.1;-7.762;-6.681
2019-10-31;141.124;0.051;-7.695;-6.611
2019-11-01;140.764;0.074;-7.788;-6.652
2019-11-04;140.272;0.107;-7.788;-6.7
2019-11-05;139.853;0.134;-7.9;-6.804
2019-11-06;140.239;0.108;-7.5;-6.457
2019-11-07;138.889;0.196;-7.635;-6.629
2019-11-08;139.231;0.173;-7.91;-6.863
2019-11-11;139.047;0.185;-7.706;-6.68
2019-11-12;139.23;0.172;-7.204;-6.256
2019-11-13;139.896;0.126;-7.828;-6.735
2019-11-14;140.429;0.089;-7.678;-6.61
2019-11-15;140.207;0.103;-7.384;-6.359
2019-11-18;140.157;0.106;-7.474;-6.421
2019-11-19;140.137;0.107;-7.022;-6.042
2019-11-20;140.268;0.097;-7.453;-6.397
2019-11-21;139.856;0.123;-6.716;-5.779
2019-11-22;140.329;0.091;-6.137;-5.288
2019-11-25;140.101;0.106;-6.054;-5.224
2019-11-26;140.338;0.089;-5.783;-4.969
2019-11-27;140.466;0.08;-5.618;-4.811
2019-11-28;140.33;0.087;-5.849;-5.009
2019-11-29;140.185;0.096;-5.373;-4.615
2019-12-02;139.21;0.161;-6.101;-5.233
2019-12-03;140.158;0.097;-5.479;-4.745
2019-12-04;139.559;0.137;-5.146;-4.463
2019-12-05;139.307;0.152;-5.319;-4.599
2019-12-06;139.207;0.158;-5.21;-4.521
2019-12-09;139.412;0.144;-5.312;-4.616
2019-12-10;139.274;0.152;-5.12;-4.438
2019-12-11;139.608;0.129;-5.334;-4.598
2019-12-12;139.012;0.168;-4.85;-4.182
2019-12-13;139.443;0.138;-4.68;-4.006
2019-12-16;139.109;0.16;-5.168;-4.429
2019-12-17;139.248;0.15;-5.056;-4.333
2019-12-18;138.598;0.194;-5.052;-4.337
2019-12-19;138.476;0.2;-5.117;-4.408
2019-12-20;138.584;0.192;-5.062;-4.389
2019-12-23;138.293;0.21;-4.896;-4.21
2019-12-24;138.301;0.208;-5.134;-4.434
2019-12-27;138.397;0.201;;
2019-12-30;137.608;0.254;-5.435;-4.728
2019-12-31;137.63;0.252;-5.654;-4.917
2020-01-02;138.191;0.212;-5.227;-4.554
2020-01-03;138.962;0.158;-5.222;-4.521
2020-01-06;139.083;0.15;-5.743;-4.958
2020-01-07;139.097;0.148;-5.412;-4.692
2020-01-08;138.598;0.182;-6.304;-5.423
2020-01-09;138.259;0.203;-5.648;-4.879
2020-01-10;138.441;0.19;-6.156;-5.297
2020-01-13;137.866;0.229;-5.945;-5.155
2020-01-14;137.961;0.222;-5.954;-5.136
2020-01-15;138.276;0.199;-6.116;-5.266
2020-01-16;138.516;0.181;-5.931;-5.111
2020-01-17;138.493;0.182;-5.86;-5.048
2020-01-20;138.551;0.178;-5.955;-5.108
2020-01-21;139.023;0.145;-6.233;-5.326
2020-01-22;139.173;0.134;-6.186;-5.293
2020-01-23;139.75;0.093;-6.289;-5.408
2020-01-24;140.169;0.064;-6.19;-5.292
2020-01-27;141.085;0.002;-6.896;-5.87
2020-01-28;140.405;0.047;-6.812;-5.803
2020-01-29;140.754;0.023;-6.645;-5.668
2020-01-30;141.132;-0.005;-6.522;-5.572
2020-01-31;141.572;-0.035;-6.729;-5.722
2020-02-03;141.63;-0.039;-6.772;-5.751
2020-02-04;141.076;-0.003;-7.016;-5.967
2020-02-05;140.462;0.038;-6.954;-5.889
2020-02-06;140.544;0.031;-6.747;-5.719
2020-02-07;140.881;0.007;-6.925;-5.891
2020-02-10;141.373;-0.026;-6.729;-5.676
2020-02-11;141.027;-0.004;-6.682;-5.66
2020-02-12;140.957;0.0;-6.762;-5.712
2020-02-13;141.203;-0.018;-6.733;-5.681
2020-02-14;141.365;-0.03;-6.532;-5.5
2020-02-17;141.401;-0.033;-6.663;-5.623
2020-02-18;141.575;-0.045;-6.785;-5.69
2020-02-19;141.797;-0.061;-6.868;-5.772
2020-02-20;142.215;-0.091;-6.755;-5.649
2020-02-21;142.127;-0.085;-6.814;-5.705
2020-02-24;142.789;-0.13;-7.051;-5.901
2020-02-25;142.976;-0.143;-7.093;-5.957
2020-02-26;142.454;-0.109;-6.07;-5.085
2020-02-27;142.741;-0.13;-6.326;-5.27
2020-02-28;143.309;-0.169;-5.657;-4.728
2020-03-02;143.55;-0.185;-5.112;-4.351
2020-03-03;143.526;-0.184;-4.176;-3.475
2020-03-04;143.563;-0.187;-3.971;-3.363
2020-03-05;143.75;-0.202;-4.054;-3.304
2020-03-06;144.133;-0.228;-3.368;-2.747
2020-03-09;145.389;-0.311;-4.858;-4.032
2020-03-10;144.54;-0.256;-5.263;-4.297
2020-03-11;144.422;-0.249;-3.372;-2.851
2020-03-12;144.0;-0.223;-1.982;-1.496
2020-03-13;141.776;-0.075;-1.862;-1.473
2020-03-16;140.998;-0.023;1.609;1.351
2020-03-17;140.577;0.005;3.399;2.846
2020-03-18;137.597;0.21;6.045;5.154
2020-03-19;136.748;0.268;10.263;8.795
2020-03-20;137.673;0.202;13.673;11.598
2020-03-23;137.972;0.181;12.84;10.885
2020-03-24;136.912;0.254;16.195;13.813
2020-03-25;136.177;0.306;15.575;13.338
2020-03-26;136.948;0.249;16.199;13.826
2020-03-27;138.327;0.152;13.749;11.665
2020-03-30;138.529;0.138;14.736;12.492
2020-03-31;138.2;0.16;14.41;12.238
2020-04-01;138.458;0.141;15.042;12.753
2020-04-02;138.61;0.129;14.485;12.269
2020-04-03;138.616;0.128;14.0;11.892
2020-04-06;138.244;0.153;14.597;12.342
2020-04-07;137.144;0.23;14.473;12.221
2020-04-08;137.257;0.219;14.541;12.143
2020-04-09;137.881;0.174;15.415;12.755
2020-04-14;138.219;0.15;14.679;12.189
2020-04-15;138.928;0.1;14.494;11.981
2020-04-16;139.174;0.081;15.295;12.62
2020-04-17;139.051;0.089;14.858;12.29
2020-04-20;138.513;0.126;15.138;12.537
2020-04-21;138.666;0.115;15.367;12.707
2020-04-22;137.781;0.176;15.407;12.616
2020-04-23;138.216;0.144;15.17;12.348
2020-04-24;138.825;0.101;15.299;12.463
2020-04-27;138.583;0.117;15.123;12.363
2020-04-28;138.794;0.101;15.537;12.726
2020-04-29;139.031;0.082;15.862;13.018
2020-04-30;140.085;0.009;15.03;12.231
2020-05-04;139.789;0.029;14.933;12.129
2020-05-05;139.964;0.016;14.875;12.111
2020-05-06;139.29;0.062;15.12;12.256
2020-05-07;139.666;0.034;15.693;12.648
2020-05-08;139.432;0.05;14.702;11.963
2020-05-11;139.412;0.05;14.679;11.933
2020-05-12;139.746;0.027;15.086;12.264
2020-05-13;139.999;0.008;14.803;11.983
2020-05-14;140.102;-0.001;14.729;11.891
2020-05-15;140.026;0.004;14.318;11.53
2020-05-18;139.569;0.035;14.414;11.668
2020-05-19;139.606;0.032;14.274;11.557
2020-05-20;139.64;0.029;14.361;11.617
2020-05-21;139.794;0.016;13.932;11.257
2020-05-22;139.715;0.021;14.25;11.578
2020-05-25;139.808;0.014;13.77;11.147
2020-05-26;139.313;0.048;14.013;11.327
2020-05-27;139.299;0.048;13.863;11.263
2020-05-28;139.332;0.044;13.95;11.318
2020-05-29;139.675;0.019;13.368;10.807
2020-06-01;139.128;0.057;13.818;11.269
2020-06-02;139.162;0.054;13.265;10.859
2020-06-03;138.693;0.086;12.639;10.343
2020-06-04;138.409;0.104;10.996;8.959
2020-06-05;138.053;0.129;10.995;9.039
2020-06-08;138.628;0.088;10.256;8.359
2020-06-09;138.442;0.1;9.882;8.071
2020-06-10;138.758;0.077;8.785;7.142
2020-06-11;139.672;0.011;9.413;7.585
2020-06-12;139.847;-0.002;9.184;7.439
2020-06-15;139.965;-0.01;9.403;7.642
2020-06-16;139.785;0.001;9.519;7.731
2020-06-17;139.735;0.004;9.312;7.561
2020-06-18;140.093;-0.023;9.678;7.881
2020-06-19;140.102;-0.024;9.546;7.777
2020-06-22;140.342;-0.041;9.562;7.867
2020-06-23;139.993;-0.018;9.273;7.686
2020-06-24;140.257;-0.037;9.327;7.746
2020-06-25;140.364;-0.046;9.593;7.907
2020-06-26;140.644;-0.066;9.462;7.811
2020-06-29;140.552;-0.06;9.148;7.563
2020-06-30;140.426;-0.052;8.812;7.355
2020-07-01;139.919;-0.018;8.818;7.328
2020-07-02;140.27;-0.044;8.961;7.44
2020-07-03;140.171;-0.038;8.948;7.47
2020-07-06;140.185;-0.039;9.044;7.545
2020-07-07;140.198;-0.041;8.796;7.348
2020-07-08;140.33;-0.051;8.707;7.303
2020-07-09;140.589;-0.071;8.696;7.299
2020-07-10;140.654;-0.076;8.639;7.247
2020-07-13;140.069;-0.036;8.306;7.018
2020-07-14;140.51;-0.067;8.464;7.132
2020-07-15;140.526;-0.069;8.726;7.356
2020-07-16;140.659;-0.08;8.639;7.324
2020-07-17;140.397;-0.063;8.606;7.306
2020-07-20;140.656;-0.081;8.816;7.462
2020-07-21;140.761;-0.089;8.761;7.414
2020-07-22;141.052;-0.11;8.62;7.289
2020-07-23;140.94;-0.105;8.419;7.18
2020-07-24;140.611;-0.082;8.478;7.255
2020-07-27;141.075;-0.115;8.07;6.887
2020-07-28;141.283;-0.13;8.18;6.973
2020-07-29;141.007;-0.112;7.934;6.787
2020-07-30;141.426;-0.143;8.45;7.213
2020-07-31;141.021;-0.116;9.01;7.703
2020-08-03;141.023;-0.116;8.992;7.714
2020-08-04;141.414;-0.144;9.208;7.882
2020-08-05;140.834;-0.105;8.704;7.466
2020-08-06;141.072;-0.123;9.073;7.759
2020-08-07;140.8;-0.105;8.872;7.594
2020-08-10;141.049;-0.123;9.455;8.074
2020-08-11;140.402;-0.078;9.521;8.174
2020-08-12;140.151;-0.061;9.827;8.444
2020-08-13;139.632;-0.027;9.56;8.251
2020-08-14;139.752;-0.036;9.282;8.005
2020-08-17;140.119;-0.063;9.395;8.086
2020-08-18;140.243;-0.072;9.858;8.486
2020-08-19;140.326;-0.078;9.707;8.351
2020-08-20;140.59;-0.099;9.404;8.049
2020-08-21;140.654;-0.104;9.504;8.131
2020-08-24;140.485;-0.093;9.701;8.29
2020-08-25;139.843;-0.048;10.18;8.728
2020-08-26;139.623;-0.034;9.909;8.512
2020-08-27;139.264;-0.01;9.936;8.539
2020-08-28;139.296;-0.013;9.719;8.346
2020-08-31;139.305;-0.014;10.236;8.803
2020-09-01;139.512;-0.03;10.108;8.67
2020-09-02;140.126;-0.074;9.752;8.34
2020-09-03;140.289;-0.087;10.15;8.647
2020-09-04;140.054;-0.071;9.398;8.003
2020-09-07;140.043;-0.071;9.75;8.316
2020-09-08;140.365;-0.095;9.754;8.296
2020-09-09;139.837;-0.058;10.032;8.579
2020-09-10;139.64;-0.046;10.178;8.702
2020-09-11;140.172;-0.084;10.072;8.552
2020-09-14;140.205;-0.087;9.735;8.268
2020-09-15;140.222;-0.089;9.586;8.125
2020-09-16;140.287;-0.095;9.61;8.131
2020-09-17;140.444;-0.108;9.875;8.341
2020-09-18;140.309;-0.099;9.832;8.304
2020-09-21;140.668;-0.125;8.999;7.596
2020-09-22;140.426;-0.109;9.698;8.19
2020-09-23;140.377;-0.106;9.101;7.684
2020-09-24;140.379;-0.108;9.299;7.836
2020-09-25;140.646;-0.128;9.01;7.585
2020-09-28;140.553;-0.122;8.999;7.574
2020-09-29;140.717;-0.134;9.12;7.669
2020-09-30;140.448;-0.116;9.205;7.744
2020-10-01;140.522;-0.123;8.465;7.114
2020-10-02;140.55;-0.126;8.67;7.258
2020-10-05;140.289;-0.108;8.925;7.529
2020-10-06;140.296;-0.109;8.521;7.154
2020-10-07;140.138;-0.098;8.969;7.567
2020-10-08;140.372;-0.117;8.353;7.042
2020-10-09;140.304;-0.113;8.549;7.201
2020-10-12;140.524;-0.129;8.065;6.79
2020-10-13;140.776;-0.148;7.923;6.665
2020-10-14;141.055;-0.168;7.769;6.554
2020-10-15;141.343;-0.191;7.64;6.442
2020-10-16;141.43;-0.197;7.984;6.727
2020-10-19;141.449;-0.199;7.458;6.284
2020-10-20;141.324;-0.191;4.608;3.913
2020-10-21;141.642;-0.214;0.697;0.653
2020-10-22;141.424;-0.201;0.468;0.447
2020-10-23;141.676;-0.22;-1.34;-1.059
2020-10-26;141.851;-0.233;-2.367;-1.904
2020-10-27;142.342;-0.268;-2.915;-2.32
2020-10-28;142.34;-0.269;-2.906;-2.316
2020-10-29;142.283;-0.267;-3.407;-2.726
2020-10-30;142.21;-0.262;-2.452;-1.906
2020-11-02;142.157;-0.259;-3.112;-2.48
2020-11-03;141.936;-0.244;-3.061;-2.453
2020-11-04;142.176;-0.262;-3.161;-2.523
2020-11-05;142.269;-0.271;-3.598;-2.89
2020-11-06;142.1;-0.26;-3.7;-2.987
2020-11-09;141.053;-0.186;-3.846;-3.099
2020-11-10;140.791;-0.168;-3.67;-2.994
2020-11-11;141.084;-0.19;-4.754;-3.889
2020-11-12;141.459;-0.219;-5.265;-4.314
2020-11-13;141.61;-0.23;-5.4;-4.445
2020-11-16;141.617;-0.231;-5.49;-4.497
2020-11-17;141.812;-0.246;-5.907;-4.835
2020-11-18;141.806;-0.246;-6.885;-5.638
2020-11-19;142.037;-0.265;-6.823;-5.598
2020-11-20;142.263;-0.281;-7.275;-5.986
2020-11-23;142.238;-0.28;-8.184;-6.74
2020-11-24;142.211;-0.279;-9.686;-7.985
2020-11-25;142.351;-0.29;-10.216;-8.428
2020-11-26;142.581;-0.308;-10.537;-8.703
2020-11-27;142.619;-0.311;-10.503;-8.658
2020-11-30;142.62;-0.312;-11.373;-9.388
2020-12-01;142.355;-0.294;-12.022;-9.935
2020-12-02;142.299;-0.291;-11.68;-9.658
2020-12-03;142.469;-0.305;-11.666;-9.637
2020-12-04;142.335;-0.297;-11.297;-9.345
2020-12-07;142.66;-0.32;-11.459;-9.466
2020-12-08;142.94;-0.341;-12.036;-9.937
2020-12-09;143.038;-0.348;-12.783;-10.524
2020-12-10;143.15;-0.358;-13.499;-11.106
2020-12-11;143.569;-0.389;-13.478;-11.089
2020-12-14;143.401;-0.378;-13.376;-11.013
2020-12-15;143.336;-0.374;-13.404;-11.044
2020-12-16;142.897;-0.344;-13.195;-10.845
2020-12-17;142.894;-0.346;-13.203;-10.88
2020-12-18;142.823;-0.341;-13.219;-10.884
2020-12-21;142.817;-0.342;-13.499;-11.113
2020-12-22;142.917;-0.35;-13.643;-11.22
2020-12-23;142.453;-0.32;-12.965;-10.69
2020-12-24;142.461;-0.321;-13.391;-11.031
2020-12-28;142.62;-0.333;-13.415;-11.038
2020-12-29;142.711;-0.34;-13.099;-10.79
2020-12-30;142.71;-0.343;-13.376;-11.05
2020-12-31;142.641;-0.339;-12.9;-10.637
2021-01-04;143.128;-0.374;-13.505;-11.11
2021-01-05;142.807;-0.352;-13.507;-11.158
2021-01-06;142.526;-0.333;-13.485;-11.107
2021-01-07;142.361;-0.324;-14.193;-11.737
2021-01-08;142.399;-0.327;-15.028;-12.418
2021-01-11;142.183;-0.313;-15.766;-13.071
2021-01-12;141.831;-0.288;-15.96;-13.23
2021-01-13;142.465;-0.334;-15.734;-13.0
2021-01-14;142.581;-0.345;-15.486;-12.796
2021-01-15;142.493;-0.339;-15.721;-12.982
2021-01-18;142.37;-0.331;-15.939;-13.16
2021-01-19;142.3;-0.327;-16.053;-13.283
2021-01-20;142.219;-0.322;-15.547;-12.847
2021-01-21;141.71;-0.288;-15.097;-12.517
2021-01-22;141.854;-0.299;-14.808;-12.27
2021-01-25;142.34;-0.334;-16.224;-13.429
2021-01-26;142.043;-0.314;-15.865;-13.136
2021-01-27;141.993;-0.311;-15.454;-12.841
2021-01-28;141.827;-0.301;-15.18;-12.626
2021-01-29;141.606;-0.286;-15.123;-12.574
2021-02-01;141.698;-0.294;-16.029;-13.34
2021-02-02;141.428;-0.275;-16.058;-13.361
2021-02-03;141.035;-0.247;-15.823;-13.208
2021-02-04;140.859;-0.237;-15.462;-12.903
2021-02-05;140.648;-0.222;-15.895;-13.277
2021-02-08;140.646;-0.223;-15.827;-13.221
2021-02-09;140.666;-0.225;-16.057;-13.405
2021-02-10;140.509;-0.214;-15.716;-13.15
2021-02-11;140.703;-0.231;-15.623;-13.059
2021-02-12;140.227;-0.197;-15.982;-13.406
2021-02-15;139.645;-0.155;-15.369;-12.914
2021-02-16;139.104;-0.116;-15.345;-12.928
2021-02-17;139.379;-0.137;-15.425;-12.969
2021-02-18;139.113;-0.119;-15.517;-13.074
2021-02-19;138.503;-0.075;-14.951;-12.634
2021-02-22;138.988;-0.112;-15.451;-13.036
2021-02-23;138.825;-0.1;-15.634;-13.191
2021-02-24;138.632;-0.087;-14.326;-12.066
2021-02-25;137.597;-0.012;-15.81;-13.363
2021-02-26;138.088;-0.049;-12.994;-10.919
2021-03-01;138.847;-0.106;-12.563;-10.635
2021-03-02;139.013;-0.119;-12.713;-10.717
2021-03-03;138.194;-0.059;-12.891;-10.905
2021-03-04;138.233;-0.064;-13.805;-11.671
2021-03-05;138.137;-0.058;-12.281;-10.403
2021-03-08;137.81;-0.034;-12.728;-10.797
2021-03-09;138.08;-0.055;-12.86;-10.866
2021-03-10;138.291;-0.071;-12.528;-10.563
2021-03-11;138.334;-0.077;-12.649;-10.697
2021-03-12;137.839;-0.04;-12.157;-10.323
2021-03-15;138.191;-0.067;-12.787;-10.846
2021-03-16;138.257;-0.073;-12.586;-10.666
2021-03-17;137.578;-0.023;-11.893;-10.107
2021-03-18;137.164;0.006;-11.393;-9.721
2021-03-19;137.426;-0.014;-12.131;-10.349
2021-03-22;137.562;-0.025;-12.103;-10.31
2021-03-23;137.823;-0.046;-11.789;-10.024
2021-03-24;138.035;-0.062;-11.846;-10.066
2021-03-25;138.324;-0.086;-12.452;-10.576
2021-03-26;137.902;-0.055;-12.544;-10.672
2021-03-29;137.582;-0.032;-12.184;-10.383
2021-03-30;137.334;-0.014;-12.397;-10.583
2021-03-31;137.236;-0.01;-12.304;-10.512
2021-04-01;137.648;-0.042;-12.369;-10.525
2021-04-06;137.656;-0.043;-12.414;-10.543
2021-04-07;137.71;-0.048;-11.894;-10.1
2021-04-08;137.848;-0.06;-12.058;-10.228
2021-04-09;137.457;-0.031;-12.045;-10.222
2021-04-12;137.347;-0.024;-12.313;-10.477
2021-04-13;137.33;-0.023;-11.955;-10.143
2021-04-14;136.867;0.011;-12.75;-10.912
2021-04-15;137.319;-0.025;-11.401;-9.717
2021-04-16;136.933;0.003;-11.884;-10.166
2021-04-19;136.712;0.019;-12.419;-10.623
2021-04-20;136.985;-0.002;-12.006;-10.252
2021-04-21;136.972;-0.002;-11.491;-9.817
2021-04-22;136.857;0.005;-11.022;-9.408
2021-04-23;136.839;0.006;-11.658;-9.956
2021-04-26;136.788;0.009;-11.901;-10.16
2021-04-27;136.673;0.017;-11.654;-9.94
2021-04-28;136.449;0.033;-11.34;-9.68
2021-04-29;135.911;0.072;-11.27;-9.636
2021-04-30;136.034;0.062;-11.288;-9.644
2021-05-03;136.013;0.063;-11.393;-9.737
2021-05-04;136.554;0.021;-11.998;-10.261
2021-05-05;136.419;0.031;-11.519;-9.839
2021-05-06;136.393;0.031;-11.109;-9.542
2021-05-07;136.279;0.039;-11.94;-10.215
2021-05-10;136.015;0.058;-10.142;-8.702
2021-05-11;135.55;0.093;-9.61;-8.246
2021-05-12;135.103;0.127;-7.697;-6.622
2021-05-13;135.107;0.125;-7.016;-6.021
2021-05-14;135.017;0.131;-5.047;-4.339
2021-05-17;134.817;0.146;-4.618;-3.927
2021-05-18;134.375;0.18;-3.1;-2.65
2021-05-19;134.392;0.178;-2.813;-2.376
2021-05-20;134.29;0.184;-1.623;-1.347
2021-05-21;134.546;0.163;-1.827;-1.534
2021-05-24;134.61;0.157;-1.459;-1.227
2021-05-25;134.889;0.135;-1.94;-1.65
2021-05-26;135.382;0.096;-2.225;-1.922
2021-05-27;134.924;0.13;-2.3;-1.944
2021-05-28;134.98;0.125;-1.668;-1.416
2021-05-31;135.002;0.122;-1.673;-1.396
2021-06-01;134.981;0.123;-1.345;-1.103
2021-06-02;135.112;0.112;-1.548;-1.301
2021-06-03;134.764;0.137;-0.929;-0.742
2021-06-04;135.07;0.113;-1.091;-0.905
2021-06-07;134.897;0.126;-1.363;-1.135
2021-06-08;135.068;0.111;-0.592;-0.454
2021-06-09;135.394;0.085;-0.542;-0.401
2021-06-10;135.392;0.083;-0.366;-0.256
2021-06-11;135.551;0.07;-0.371;-0.263
2021-06-14;135.216;0.096;-0.763;-0.605
2021-06-15;134.972;0.114;-0.64;-0.479
2021-06-16;135.132;0.101;-0.426;-0.319
2021-06-17;135.118;0.1;0.127;0.136
2021-06-18;135.154;0.096;0.105;0.112
2021-06-21;134.776;0.125;0.443;0.414
2021-06-22;134.709;0.13;0.648;0.586
2021-06-23;134.831;0.12;0.464;0.43
2021-06-24;134.865;0.115;0.238;0.232
2021-06-25;134.448;0.147;0.382;0.372
2021-06-28;134.745;0.123;0.424;0.408
2021-06-29;134.409;0.149;0.705;0.647
2021-06-30;134.863;0.112;0.211;0.226
2021-07-01;134.718;0.122;0.424;0.406
2021-07-02;135.077;0.093;0.538;0.484
2021-07-05;134.786;0.115;0.471;0.42
2021-07-06;135.46;0.061;0.347;0.314
2021-07-07;135.882;0.028;0.055;0.061
2021-07-08;135.975;0.018;0.035;0.076
2021-07-09;135.704;0.039;-0.09;-0.044
2021-07-12;135.674;0.04;-0.055;-0.018
2021-07-13;135.619;0.044;-0.354;-0.26
2021-07-14;135.899;0.021;-0.743;-0.612
2021-07-15;136.053;0.007;-0.617;-0.501
2021-07-16;136.239;-0.008;-0.813;-0.658
2021-07-19;136.566;-0.034;-0.967;-0.785
2021-07-20;136.784;-0.052;-0.959;-0.74
2021-07-21;136.517;-0.032;-0.958;-0.773
2021-07-22;136.936;-0.067;-1.536;-1.262
2021-07-23;136.95;-0.068;-2.424;-2.019
2021-07-26;136.861;-0.062;-2.62;-2.181
2021-07-27;137.034;-0.076;-2.807;-2.322
2021-07-28;136.959;-0.071;-3.004;-2.484
2021-07-29;137.045;-0.08;-3.144;-2.623
2021-07-30;137.221;-0.095;-3.478;-2.918
2021-08-02;137.668;-0.13;-4.231;-3.536
2021-08-03;137.724;-0.135;-4.977;-4.166
2021-08-04;137.954;-0.153;-5.463;-4.558
2021-08-05;137.839;-0.147;-5.516;-4.615
2021-08-06;137.414;-0.115;-5.313;-4.474
2021-08-09;137.576;-0.128;-5.824;-4.886
2021-08-10;137.586;-0.13;-5.84;-4.889
2021-08-11;137.743;-0.143;-5.836;-4.874
2021-08-12;137.657;-0.138;-5.852;-4.91
2021-08-13;137.812;-0.151;-5.843;-4.899
2021-08-16;137.726;-0.145;-5.923;-4.971
2021-08-17;137.683;-0.142;-5.891;-4.943
2021-08-18;137.788;-0.151;-5.701;-4.768
2021-08-19;137.861;-0.159;-5.865;-4.915
2021-08-20;137.937;-0.166;-5.873;-4.922
2021-08-23;137.812;-0.157;-5.857;-4.911
2021-08-24;137.817;-0.158;-6.24;-5.252
2021-08-25;137.207;-0.111;-5.891;-4.979
2021-08-26;136.991;-0.097;-5.845;-4.942
2021-08-27;137.124;-0.108;-5.785;-4.887
2021-08-30;137.222;-0.116;-5.886;-4.969
2021-08-31;136.71;-0.077;-5.789;-4.929
2021-09-01;136.525;-0.063;-5.684;-4.843
2021-09-02;136.499;-0.064;-5.404;-4.602
2021-09-03;136.226;-0.043;-5.29;-4.509
2021-09-06;136.262;-0.046;-5.489;-4.676
2021-09-07;135.963;-0.024;-6.714;-5.734
2021-09-08;135.945;-0.023;-6.811;-5.814
2021-09-09;136.382;-0.06;-7.178;-6.103
2021-09-10;136.025;-0.032;-7.397;-6.32
2021-09-13;136.012;-0.032;-7.297;-6.229
2021-09-14;136.19;-0.047;-7.566;-6.443
2021-09-15;135.75;-0.013;-7.455;-6.372
2021-09-16;135.563;0.0;-7.241;-6.211
2021-09-17;135.258;0.023;-7.301;-6.248
2021-09-20;135.596;-0.004;-7.413;-6.341
2021-09-21;135.632;-0.008;-7.574;-6.477
2021-09-22;135.786;-0.021;-7.496;-6.416
2021-09-23;135.044;0.036;-7.63;-6.548
2021-09-24;134.626;0.069;-7.3;-6.28
2021-09-27;134.554;0.074;-7.502;-6.464
2021-09-28;134.221;0.1;-7.295;-6.301
2021-09-29;134.38;0.087;-7.351;-6.337
2021-09-30;134.214;0.098;-7.164;-6.185
2021-10-01;134.446;0.078;-7.302;-6.299
2021-10-04;134.273;0.092;-7.08;-6.113
2021-10-05;133.992;0.113;-7.208;-6.239
2021-10-06;133.843;0.125;-7.223;-6.233
2021-10-07;133.782;0.128;-7.391;-6.404
2021-10-08;133.334;0.163;-7.576;-6.61
2021-10-11;132.925;0.196;-8.11;-7.083
2021-10-12;132.573;0.224;-7.907;-6.901
2021-10-13;133.153;0.176;-8.264;-7.186
2021-10-14;133.911;0.112;-8.611;-7.481
2021-10-15;133.579;0.138;-8.528;-7.388
2021-10-18;133.295;0.161;-8.678;-7.518
2021-10-19;132.98;0.186;-9.184;-7.996
2021-10-20;133.235;0.164;-9.224;-8.006
2021-10-21;132.98;0.183;-9.477;-8.23
2021-10-22;132.926;0.187;-9.399;-8.152
2021-10-25;132.931;0.186;-9.587;-8.333
2021-10-26;133.033;0.177;-9.791;-8.485
2021-10-27;133.845;0.11;-10.063;-8.66
2021-10-28;133.296;0.152;-9.918;-8.595
2021-10-29;132.906;0.184;-10.282;-8.932
2021-11-01;132.933;0.181;-10.335;-8.971
2021-11-02;133.791;0.11;-10.41;-8.991
2021-11-03;133.783;0.11;-10.76;-9.265
2021-11-04;134.428;0.055;-10.502;-9.055
2021-11-05;135.111;-0.001;-10.698;-9.203
2021-11-08;134.602;0.039;-10.9;-9.365
2021-11-09;135.212;-0.011;-11.156;-9.567
2021-11-10;134.327;0.06;-11.365;-9.789
2021-11-11;133.963;0.088;-11.637;-10.074
2021-11-12;134.142;0.072;-11.528;-9.95
2021-11-15;133.929;0.089;-12.133;-10.494
2021-11-16;133.897;0.091;-11.318;-9.788
2021-11-17;134.008;0.081;-11.65;-10.037
2021-11-18;134.224;0.061;-11.494;-9.926
2021-11-19;134.93;0.003;-11.747;-10.129
2021-11-22;134.522;0.036;-11.413;-9.829
2021-11-23;133.546;0.115;-11.457;-9.916
2021-11-24;133.496;0.118;-10.979;-9.462
2021-11-25;133.612;0.106;-11.163;-9.648
2021-11-26;134.596;0.025;-11.228;-9.639
2021-11-29;134.257;0.052;-11.225;-9.681
2021-11-30;134.621;0.022;-11.328;-9.734
2021-12-01;134.652;0.018;-11.896;-10.169
2021-12-02;134.859;-0.001;-11.602;-9.959
2021-12-03;135.006;-0.013;-11.787;-10.111
2021-12-06;134.967;-0.011;-11.684;-9.979
2021-12-07;135.044;-0.018;-12.663;-10.821
2021-12-08;134.473;0.028;-12.887;-11.037
2021-12-09;134.879;-0.008;-12.883;-11.029
2021-12-10;134.864;-0.007;-13.143;-11.27
2021-12-13;135.267;-0.041;-13.241;-11.279
2021-12-14;135.175;-0.034;-13.836;-11.793
2021-12-15;135.005;-0.021;-14.233;-12.132
2021-12-16;134.887;-0.014;-14.053;-12.025
2021-12-17;135.136;-0.035;-14.068;-12.014
2021-12-20;134.814;-0.009;-13.784;-11.786
2021-12-21;134.076;0.051;-13.774;-11.807
2021-12-22;133.893;0.065;-13.993;-12.024
2021-12-23;133.314;0.11;-13.765;-11.924
2021-12-24;133.314;0.11;-14.183;-12.257
2021-12-27;133.229;0.116;-13.304;-11.545
2021-12-28;133.169;0.12;-13.713;-11.837
2021-12-29;132.524;0.173;-13.679;-11.844
2021-12-30;132.509;0.172;-13.499;-11.72
2021-12-31;132.509;0.172;-13.256;-11.509
2022-01-03;132.067;0.208;-13.339;-11.621
2022-01-04;132.135;0.201;-13.543;-11.807
2022-01-05;132.2;0.195;-13.593;-11.851
2022-01-06;131.842;0.223;-13.851;-12.12
2022-01-07;131.649;0.239;-13.42;-11.732
2022-01-10;131.473;0.253;-13.287;-11.619
2022-01-11;131.336;0.264;-13.389;-11.716
2022-01-12;131.673;0.235;-9.703;-11.166
2022-01-13;132.04;0.202;-13.58;-11.841
2022-01-14;131.454;0.25;-13.549;-11.836
2022-01-17;131.276;0.265;-13.491;-11.82
2022-01-18;131.195;0.271;-13.552;-11.88
2022-01-19;131.112;0.277;-13.269;-11.646
2022-01-20;131.192;0.268;-13.249;-11.627
2022-01-21;131.495;0.242;-13.362;-11.73
2022-01-24;131.7;0.224;-13.41;-11.712
2022-01-25;131.372;0.251;-13.611;-11.884
2022-01-26;131.354;0.252;-13.174;-11.518
2022-01-27;131.228;0.26;-13.344;-11.705
2022-01-28;130.991;0.28;-13.665;-12.002
2022-01-31;130.481;0.323;-13.85;-12.141
2022-02-01;130.176;0.348;-13.942;-12.258
2022-02-02;130.06;0.357;-14.073;-12.397
2022-02-03;129.121;0.437;-14.204;-12.542
2022-02-04;128.084;0.526;-12.661;-11.284
2022-02-07;127.489;0.578;-12.483;-11.152
2022-02-08;126.764;0.642;-12.803;-11.471
2022-02-09;127.302;0.593;-12.938;-11.64
2022-02-10;126.298;0.681;-13.437;-12.044
2022-02-11;125.88;0.717;-14.248;-12.798
2022-02-14;125.651;0.737;-14.175;-12.794
2022-02-15;125.816;0.722;-14.411;-13.008
2022-02-16;126.236;0.684;-13.924;-12.536
2022-02-17;126.545;0.654;-14.584;-13.073
2022-02-18;126.693;0.64;-14.677;-13.128
2022-02-21;126.524;0.655;-14.691;-13.13
2022-02-22;126.12;0.69;-14.627;-13.029
2022-02-23;126.13;0.689;-15.075;-13.472
2022-02-24;126.438;0.659;-15.445;-13.81
2022-02-25;125.759;0.72;-15.746;-14.162
2022-02-28;126.478;0.655;-15.601;-13.925
2022-03-01;128.45;0.479;-15.936;-14.146
2022-03-02;127.685;0.546;-15.77;-13.945
2022-03-03;127.594;0.552;-15.965;-14.187
2022-03-04;127.711;0.541;-16.774;-14.775
2022-03-07;127.517;0.558;-18.011;-15.866
2022-03-08;126.407;0.656;-16.103;-14.103
2022-03-09;125.462;0.741;-15.917;-14.225
2022-03-10;124.782;0.801;-15.076;-13.588
2022-03-11;124.934;0.786;-15.313;-13.804
2022-03-14;123.864;0.883;-16.05;-14.537
2022-03-15;124.018;0.869;-15.54;-14.046
2022-03-16;123.765;0.891;-15.614;-14.135
2022-03-17;124.206;0.849;-15.563;-14.073
2022-03-18;124.185;0.85;-15.355;-13.908
2022-03-21;123.268;0.935;-15.256;-13.863
2022-03-22;122.895;0.969;-15.11;-13.769
2022-03-23;123.247;0.935;-13.723;-12.465
2022-03-24;122.493;1.004;-13.074;-11.926
2022-03-25;121.982;1.051;-13.329;-12.169
2022-03-28;121.981;1.051;-13.762;-12.553
2022-03-29;121.385;1.107;-14.224;-13.017
2022-03-30;121.23;1.121;-14.267;-13.058
2022-03-31;121.959;1.05;-14.179;-12.928
2022-04-01;121.912;1.054;-14.507;-13.247
2022-04-04;122.256;1.021;-14.275;-13.025
2022-04-05;121.078;1.132;-14.445;-13.168
2022-04-06;120.61;1.176;-14.377;-13.196
2022-04-07;120.304;1.204;-14.287;-13.185
2022-04-08;119.845;1.247;-14.44;-13.351
2022-04-11;118.829;1.345;-14.371;-13.419
2022-04-12;118.911;1.337;-14.838;-13.936
2022-04-13;119.076;1.318;-15.225;-14.234
2022-04-14;118.191;1.404;-15.855;-14.927
2022-04-15;118.191;1.404;-15.613;-14.746
2022-04-18;118.191;1.404;-15.624;-14.748
2022-04-19;117.714;1.451;-16.151;-15.176
2022-04-20;118.303;1.392;-16.244;-15.129
2022-04-21;117.58;1.462;-16.513;-15.628
2022-04-22;117.159;1.503;-16.44;-15.752
2022-04-25;118.207;1.399;-16.165;-15.505
2022-04-26;118.393;1.381;-16.664;-15.974
2022-04-27;118.278;1.392;-16.466;-15.575
2022-04-28;117.173;1.499;-16.658;-15.999
2022-04-29;116.754;1.541;-17.22;-16.501
2022-05-02;116.376;1.578;-16.742;-16.216
2022-05-03;116.421;1.573;-17.056;-16.592
2022-05-04;116.488;1.566;-18.048;-17.382
2022-05-05;115.874;1.626;-18.365;-17.731
2022-05-06;114.747;1.74;-18.375;-17.788
2022-05-09;114.706;1.744;-19.043;-18.604
2022-05-10;115.614;1.651;-19.634;-18.922
2022-05-11;116.03;1.609;-20.338;-19.361
2022-05-12;117.919;1.419;-19.996;-18.908
2022-05-13;117.121;1.498;-19.212;-18.396
2022-05-16;117.404;1.469;-19.444;-18.464
2022-05-17;116.523;1.557;-18.82;-17.946
2022-05-18;116.631;1.546;-17.856;-17.169
2022-05-19;117.166;1.491;-17.806;-17.296
2022-05-20;117.172;1.49;-17.41;-16.764
2022-05-23;116.687;1.538;-17.439;-16.837
2022-05-24;116.879;1.518;-15.401;-14.861
2022-05-25;116.77;1.529;-15.238;-14.86
2022-05-26;116.221;1.583;-15.164;-14.901
2022-05-27;116.673;1.537;-15.173;-14.629
2022-05-30;116.069;1.597;-15.111;-14.632
2022-05-31;115.226;1.682;-14.406;-14.084
2022-06-01;114.622;1.744;-13.424;-13.208
2022-06-02;114.136;1.793;-13.328;-13.236
2022-06-03;113.754;1.832;-13.336;-13.174
2022-06-06;113.372;1.871;-12.544;-12.403
2022-06-07;113.462;1.862;-11.4;-11.487
2022-06-08;112.837;1.927;-11.267;-11.231
2022-06-09;112.141;1.999;-10.217;-10.352
2022-06-10;111.113;2.108;-9.01;-9.335
2022-06-13;109.391;2.294;-6.87;-7.102
2022-06-14;107.377;2.515;-4.63;-5.185
2022-06-15;108.71;2.368;-5.643;-6.184
2022-06-16;108.182;2.425;-6.332;-7.12
2022-06-17;109.026;2.332;-8.276;-9.013
2022-06-20;108.191;2.424;-8.343;-9.01
2022-06-21;108.044;2.44;-8.307;-8.967
2022-06-22;109.098;2.323;-8.206;-8.857
2022-06-23;111.004;2.116;-7.638;-8.297
2022-06-24;111.036;2.112;-9.135;-9.483
2022-06-27;110.029;2.22;-9.096;-9.443
2022-06-28;109.375;2.291;-8.927;-9.189
2022-06-29;110.015;2.221;-9.296;-9.844
2022-06-30;111.715;2.037;-9.068;-9.472
2022-07-01;112.707;1.932;-8.954;-9.416
2022-07-04;111.541;2.055;-8.786;-9.036
2022-07-05;112.622;1.94;-8.538;-8.642
2022-07-06;113.119;1.887;-8.001;-8.227
2022-07-07;111.924;2.013;-8.422;-8.41
2022-07-08;111.68;2.039;-7.987;-8.276
2022-07-11;112.376;1.964;-8.045;-8.437
2022-07-12;113.421;1.853;-7.988;-8.451
2022-07-13;113.51;1.843;-8.313;-8.353
2022-07-14;113.147;1.881;-7.891;-8.101
2022-07-15;113.399;1.854;-7.858;-8.501
2022-07-18;112.817;1.915;-7.958;-8.361
2022-07-19;112.326;1.967;-8.238;-8.246
2022-07-20;112.69;1.928;-8.055;-8.66
2022-07-21;112.866;1.908;-8.049;-8.363
2022-07-22;114.534;1.732;-8.459;-9.286
2022-07-25;114.844;1.7;-8.898;-9.384
2022-07-26;115.717;1.609;-9.361;-9.685
2022-07-27;115.516;1.629;-9.388;-9.498
2022-07-28;116.573;1.519;-9.738;-10.151
2022-07-29;116.665;1.509;-10.582;-10.932
2022-08-01;117.012;1.474;-11.037;-11.495
2022-08-02;116.524;1.523;-12.163;-12.183
2022-08-03;116.351;1.54;-12.09;-12.201
2022-08-04;116.929;1.48;-12.767;-12.901
2022-08-05;115.294;1.647;-13.703;-13.679
2022-08-08;115.753;1.6;-13.548;-13.648
2022-08-09;115.539;1.621;-13.912;-13.932
2022-08-10;115.742;1.6;-13.499;-13.746
2022-08-11;115.111;1.664;-13.048;-13.253
2022-08-12;115.171;1.657;-13.908;-14.058
2022-08-15;116.074;1.563;-13.773;-13.824
2022-08-16;115.512;1.621;-13.566;-13.516
2022-08-17;114.416;1.735;-13.69;-13.545
2022-08-18;114.26;1.75;-13.283;-13.319
2022-08-19;112.753;1.91;-12.051;-12.244
2022-08-22;111.738;2.018;-11.457;-11.822
2022-08-23;111.455;2.049;-10.986;-11.427
2022-08-24;110.747;2.125;-10.947;-11.251
2022-08-25;111.352;2.058;-10.669;-11.105
2022-08-26;110.549;2.146;-11.199;-11.179
2022-08-29;109.304;2.283;-11.382;-11.238
2022-08-30;109.381;2.274;-11.013;-11.448
2022-08-31;109.262;2.287;-10.684;-10.957
2022-09-01;109.082;2.306;-11.179;-11.316
2022-09-02;109.268;2.285;-11.44;-11.796
2022-09-05;108.593;2.36;-11.054;-11.4
2022-09-06;108.164;2.408;-11.334;-11.793
2022-09-07;109.088;2.305;-12.06;-12.506
2022-09-08;108.535;2.366;-13.802;-13.602
2022-09-09;108.563;2.362;-12.462;-12.504
2022-09-12;108.967;2.317;-12.539;-12.634
2022-09-13;108.206;2.402;-12.749;-12.834
2022-09-14;108.178;2.405;-13.31;-13.264
2022-09-15;108.077;2.416;-13.012;-12.951
2022-09-16;108.262;2.395;-13.351;-13.377
2022-09-19;107.892;2.436;-13.212;-13.299
2022-09-20;106.782;2.563;-12.647;-12.796
2022-09-21;106.819;2.558;-12.721;-12.856
2022-09-22;106.133;2.637;-12.485;-12.426
2022-09-23;105.286;2.735;-12.902;-12.953
2022-09-26;104.23;2.859;-12.179;-12.249
2022-09-27;103.044;3.001;-13.464;-13.692
2022-09-28;103.388;2.96;-12.157;-12.345
2022-09-29;103.066;2.998;-11.749;-11.865
2022-09-30;103.551;2.94;-12.605;-12.649
2022-10-03;105.199;2.744;-12.897;-12.584
2022-10-04;105.791;2.675;-13.471;-13.017
2022-10-05;104.406;2.837;-13.414;-12.733
2022-10-06;103.687;2.923;-13.038;-13.034
2022-10-07;102.541;3.061;-12.425;-12.847
2022-10-10;101.474;3.191;-12.684;-13.569
2022-10-11;101.75;3.157;-12.597;-13.637
2022-10-12;101.727;3.16;-12.691;-13.705
2022-10-13;102.034;3.122;-11.802;-12.735
2022-10-14;101.639;3.17;-11.015;-12.03
2022-10-17;102.211;3.1;-11.131;-12.083
2022-10-18;102.278;3.092;-9.954;-10.814
2022-10-19;101.887;3.14;-9.084;-10.019
2022-10-20;101.644;3.169;-8.654;-9.636
2022-10-21;101.802;3.15;-8.563;-9.739
2022-10-24;102.522;3.062;-8.218;-9.477
2022-10-25;103.887;2.897;-8.24;-9.139
2022-10-26;104.126;2.868;-8.4;-9.339
2022-10-27;105.272;2.732;-7.587;-8.635
2022-10-28;104.052;2.876;-8.183;-8.67
2022-10-31;103.686;2.92;-8.006;-8.983
2022-11-01;103.697;2.919;-8.359;-9.433
2022-11-02;103.728;2.915;-7.745;-9.087
2022-11-03;102.898;3.015;-6.765;-8.114
2022-11-04;102.632;3.047;-7.575;-9.101
2022-11-07;102.643;3.046;-7.451;-9.038
2022-11-08;103.342;2.961;-6.834;-8.374
2022-11-09;104.318;2.843;-6.522;-8.169
2022-11-10;105.464;2.707;-6.984;-8.391
2022-11-11;104.635;2.805;-7.012;-8.26
2022-11-14;104.886;2.775;-6.804;-8.264
2022-11-15;105.406;2.713;-6.992;-8.158
2022-11-16;106.161;2.624;-7.218;-8.406
2022-11-17;105.768;2.67;-7.019;-8.02
2022-11-18;105.815;2.664;-6.914;-8.133
2022-11-21;106.059;2.635;-6.802;-7.953
2022-11-22;106.272;2.61;-7.009;-8.141
2022-11-23;106.637;2.567;-6.893;-8.041
2022-11-24;107.287;2.49;-6.693;-7.728
2022-11-25;106.425;2.591;-7.011;-7.987
2022-11-28;106.318;2.603;-6.698;-8.036
2022-11-29;106.649;2.564;-6.602;-8.045
2022-11-30;106.619;2.568;-6.707;-7.919
2022-12-01;107.573;2.456;-7.594;-8.541
2022-12-02;107.239;2.494;-7.036;-7.877
2022-12-05;107.058;2.515;-6.402;-7.594
2022-12-06;107.62;2.45;-6.96;-8.134
2022-12-07;107.635;2.448;-7.224;-8.28
2022-12-08;107.536;2.458;-6.872;-7.86
2022-12-09;106.895;2.533;-7.091;-8.076
2022-12-12;106.803;2.544;-6.451;-7.795
2022-12-13;106.744;2.55;-6.089;-7.269
2022-12-14;106.999;2.52;-6.371;-7.72
2022-12-15;105.914;2.647;-5.976;-6.643
2022-12-16;104.992;2.757;-4.979;-6.021
2022-12-19;104.714;2.791;-4.23;-5.321
2022-12-20;103.882;2.891;-3.503;-4.779
2022-12-21;103.553;2.931;-4.032;-5.321
2022-12-22;103.152;2.98;-3.671;-4.909
2022-12-23;102.874;3.014;-3.409;-4.455
2022-12-26;102.874;3.014;-3.385;-4.695
2022-12-27;101.954;3.127;-3.293;-4.333
2022-12-28;102.247;3.091;-3.29;-4.728
2022-12-29;102.773;3.026;-3.746;-4.944
2022-12-30;101.796;3.147;-4.16;-5.089
2023-01-02;102.764;3.027;-2.279;-3.427
2023-01-03;103.367;2.952;-2.679;-3.828
2023-01-04;104.332;2.834;-3.068;-4.347
2023-01-05;103.664;2.916;-1.945;-3.003
2023-01-06;104.453;2.819;-0.532;-1.802
2023-01-09;104.334;2.834;-0.626;-1.802
2023-01-10;103.775;2.902;-0.011;-1.129
2023-01-11;104.872;2.768;0.124;-1.379
2023-01-12;105.313;2.715;0.214;-0.857
2023-01-13;105.316;2.714;0.638;-0.67
2023-01-16;105.22;2.725;1.745;0.489
2023-01-17;105.956;2.637;2.326;0.735
2023-01-18;106.243;2.603;2.201;0.854
2023-01-19;105.92;2.641;1.973;0.941
2023-01-20;104.961;2.756;2.43;1.273
2023-01-23;104.5;2.812;2.552;1.285
2023-01-24;104.82;2.773;2.41;1.124
2023-01-25;104.771;2.778;2.725;1.453
2023-01-26;104.385;2.825;2.829;1.859
2023-01-27;104.208;2.846;2.471;1.422
2023-01-30;103.66;2.914;2.54;1.456
2023-01-31;103.931;2.88;2.772;1.535
2023-02-01;104.031;2.868;2.475;1.25
2023-02-02;105.646;2.671;2.841;1.575
2023-02-03;104.802;2.773;2.869;1.774
2023-02-06;103.932;2.879;2.742;1.658
2023-02-07;103.668;2.912;2.435;1.445
2023-02-08;103.693;2.909;2.606;1.557
2023-02-09;104.12;2.856;2.542;1.494
2023-02-10;103.655;2.913;2.301;1.583
2023-02-13;103.564;2.924;2.537;1.508
2023-02-14;102.936;3.002;2.731;1.632
2023-02-15;102.665;3.036;2.6;1.434
2023-02-16;102.688;3.032;2.397;1.391
2023-02-17;102.876;3.009;2.301;1.244
2023-02-20;102.667;3.035;2.612;1.589
2023-02-21;102.066;3.11;3.188;2.019
2023-02-22;101.95;3.125;3.042;2.08
2023-02-23;102.18;3.096;2.556;1.874
2023-02-24;101.684;3.159;3.129;2.452
2023-02-27;101.316;3.205;3.235;2.412
2023-02-28;100.798;3.272;3.106;2.263
2023-03-01;100.477;3.313;3.035;2.341
2023-03-02;100.214;3.347;2.771;2.056
2023-03-03;100.502;3.31;2.619;2.135
2023-03-06;100.403;3.322;3.157;2.663
2023-03-07;100.775;3.274;2.907;2.428
2023-03-08;101.106;3.232;2.607;2.016
2023-03-09;101.203;3.219;2.353;1.844
2023-03-10;101.864;3.135;1.667;1.167
2023-03-13;103.159;2.972;1.772;0.814
2023-03-14;102.363;3.072;0.839;1.145
2023-03-15;103.681;2.906;1.426;0.591
2023-03-16;103.024;2.988;0.246;0.498
2023-03-17;104.076;2.857;0.746;0.696
2023-03-20;104.029;2.862;0.657;0.458
2023-03-21;103.282;2.955;0.261;0.378
2023-03-22;102.911;3.002;0.017;-0.081
2023-03-23;103.673;2.906;0.243;0.073
2023-03-24;104.131;2.849;-0.05;-0.225
2023-03-27;103.619;2.913;0.28;0.191
2023-03-28;103.209;2.964;0.205;0.09
2023-03-29;103.082;2.98;0.249;0.118
2023-03-30;102.658;3.033;-0.419;-0.426
2023-03-31;103.299;2.952;-0.874;-0.854
2023-04-03;103.626;2.911;-0.685;-0.618
2023-04-04;103.756;2.895;-0.919;-0.989
2023-04-05;104.26;2.831;-0.622;-0.44
2023-04-06;104.208;2.837;-0.718;-0.509
2023-04-07;104.208;2.837;-0.225;-0.036
2023-04-10;104.208;2.837;-0.181;-0.038
2023-04-11;103.339;2.946;-0.29;-0.187
2023-04-12;102.959;2.994;-0.184;-0.466
2023-04-13;102.971;2.992;0.09;-0.487
2023-04-14;102.653;3.032;0.295;-0.352
2023-04-17;102.322;3.074;0.491;-0.598
2023-04-18;102.196;3.09;0.767;-0.213
2023-04-19;101.811;3.14;0.818;-0.214
2023-04-20;102.171;3.093;0.726;-0.355
2023-04-21;101.998;3.115;0.501;-0.523
2023-04-24;101.754;3.146;1.06;-0.116
2023-04-25;102.594;3.039;0.525;-0.698
2023-04-26;102.434;3.059;0.623;-0.643
2023-04-27;102.125;3.098;0.625;-0.118
2023-04-28;103.106;2.973;0.839;-0.132
2023-05-01;103.106;2.973;0.154;-0.979
2023-05-02;103.395;2.936;1.011;-0.029
2023-05-03;103.483;2.925;0.893;-0.194
2023-05-04;103.909;2.871;0.518;-0.485
2023-05-05;103.328;2.944;0.092;-0.415
2023-05-08;103.097;2.973;1.364;0.543
2023-05-09;102.906;2.998;0.864;0.075
2023-05-10;103.345;2.942;0.924;0.043
2023-05-11;103.786;2.885;0.982;0.259
2023-05-12;103.426;2.931;1.29;0.564
2023-05-15;103.302;2.946;1.243;0.287
2023-05-16;102.968;2.989;1.062;0.178
2023-05-17;103.016;2.983;1.167;0.222
2023-05-18;102.179;3.09;0.755;-0.062
2023-05-19;102.294;3.075;1.366;0.438
2023-05-22;102.118;3.097;1.226;0.167
2023-05-23;101.994;3.113;1.266;0.141
2023-05-24;101.945;3.119;1.208;0.056
2023-05-25;101.531;3.173;1.25;0.168
2023-05-26;101.483;3.179;1.242;0.245
2023-05-29;102.17;3.09;1.719;0.401
2023-05-30;102.91;2.995;0.994;-0.295
2023-05-31;103.262;2.95;1.211;0.027
2023-06-01;103.624;2.903;0.613;-0.193
2023-06-02;103.208;2.956;0.941;0.198
2023-06-05;102.857;3.001;0.705;-0.282
2023-06-06;102.962;2.987;1.12;0.248
2023-06-07;102.389;3.061;0.799;-0.047
2023-06-08;102.871;2.998;0.34;-0.473
2023-06-09;103.054;2.975;0.191;-0.612
2023-06-12;102.989;2.983;;
2023-06-13;102.709;3.019;1.106;-0.084
2023-06-14;102.535;3.041;0.992;-0.084
2023-06-15;102.082;3.1;0.943;0.094
2023-06-16;102.294;3.072;0.729;-0.096
2023-06-19;101.932;3.119;1.07;-0.054
2023-06-20;102.676;3.022;1.059;-0.253
2023-06-21;102.403;3.058;1.06;-0.032
2023-06-22;101.943;3.117;1.021;0.087
2023-06-23;102.957;2.986;0.921;-0.269
2023-06-26;103.186;2.956;1.124;-0.078
2023-06-27;102.898;2.993;-0.34;-1.53
2023-06-28;103.2;2.954;-0.212;-1.517
2023-06-29;102.492;3.045;-0.472;-1.329
2023-06-30;102.701;3.018;-0.517;-1.45
2023-07-03;102.342;3.064;-0.796;-1.811
2023-07-04;102.238;3.078;-0.713;-1.636
2023-07-05;102.083;3.098;-0.328;-1.325
2023-07-06;100.875;3.257;-0.297;-1.04
2023-07-07;100.839;3.262;-0.121;-1.091
2023-07-10;100.852;3.26;-0.136;-1.113
2023-07-11;100.829;3.263;-0.273;-1.26
2023-07-12;101.572;3.165;-0.43;-1.593
2023-07-13;102.204;3.081;-0.867;-1.771
2023-07-14;101.974;3.111;-0.696;-1.483
2023-07-17;102.245;3.076;-0.388;-1.452
2023-07-18;102.976;2.981;-0.198;-1.392
2023-07-19;102.53;3.038;-0.542;-1.467
2023-07-20;102.084;3.097;-0.723;-1.532
2023-07-21;102.19;3.083;-0.557;-1.454
2023-07-24;102.637;3.024;-1.006;-2.169
2023-07-25;102.643;3.023;-0.794;-1.947
2023-07-26;102.239;3.076;-0.948;-1.922
2023-07-27;102.35;3.061;-1.196;-2.114
2023-07-28;102.268;3.072;-1.081;-1.991
2023-07-31;102.338;3.062;-1.555;-2.338
2023-08-01;101.911;3.119;-1.118;-2.151
2023-08-02;102.059;3.099;-1.17;-2.163
2023-08-03;101.517;3.17;-1.417;-2.128
2023-08-04;101.85;3.126;-1.407;-2.038
2023-08-07;101.463;3.177;-1.166;-1.982
2023-08-08;102.333;3.062;-1.361;-1.989
2023-08-09;102.218;3.077;-1.875;-2.485
2023-08-10;101.997;3.106;-1.699;-2.102
2023-08-11;101.325;3.195;-2.081;-2.436
2023-08-14;101.229;3.208;-1.878;-2.453
2023-08-15;100.977;3.242;-1.354;-1.826
2023-08-16;101.119;3.223;-1.619;-2.182
2023-08-17;100.646;3.286;-1.907;-2.083
2023-08-18;101.233;3.207;-1.674;-1.906
2023-08-21;100.726;3.275;-1.164;-1.415
2023-08-22;101.181;3.214;-0.998;-1.349
2023-08-23;102.107;3.091;-1.139;-1.737
2023-08-24;102.114;3.09;-1.347;-1.585
2023-08-25;101.725;3.141;-1.378;-1.559
2023-08-28;101.741;3.139;-1.502;-1.751
2023-08-29;102.164;3.083;-0.442;-0.755
2023-08-30;101.966;3.109;-0.871;-1.175
2023-08-31;102.527;3.034;-0.585;-1.003
2023-09-01;101.97;3.108;-1.089;-1.207
2023-09-04;101.789;3.132;-0.624;-0.989
2023-09-05;101.601;3.157;-0.537;-0.852
2023-09-06;101.377;3.187;-0.343;-0.518
2023-09-07;101.623;3.154;-0.978;-0.934
2023-09-08;101.622;3.154;-0.511;-0.528
2023-09-11;101.429;3.18;-0.049;-0.255
2023-09-12;101.34;3.192;-0.099;-0.247
2023-09-13;101.211;3.209;-0.083;-0.231
2023-09-14;101.733;3.139;-0.393;-0.386
2023-09-15;101.215;3.208;0.145;0.124
2023-09-18;100.963;3.242;0.344;0.212
2023-09-19;100.784;3.266;0.51;0.344
2023-09-20;101.038;3.232;0.295;0.127
2023-09-21;100.723;3.275;0.363;0.313
2023-09-22;100.681;3.28;0.687;0.63
2023-09-25;100.3;3.332;0.573;0.425
2023-09-26;100.209;3.344;0.797;0.701
2023-09-27;99.857;3.393;2.636;2.539
2023-09-28;99.208;3.482;3.299;3.347
2023-09-29;99.725;3.411;2.922;2.967
2023-10-02;99.118;3.495;4.224;4.342
2023-10-03;98.742;3.547;4.978;5.217
2023-10-04;99.013;3.509;5.324;5.561
2023-10-05;99.283;3.472;5.973;6.294
2023-10-06;99.216;3.481;6.287;7.019
2023-10-09;99.901;3.387;6.548;7.35
2023-10-10;99.898;3.387;6.303;7.044
2023-10-11;100.252;3.338;6.449;7.427
2023-10-12;99.758;3.406;6.283;7.14
2023-10-13;100.041;3.367;6.543;7.151
2023-10-16;99.806;3.4;6.574;7.263
2023-10-17;99.167;3.488;6.386;6.925
2023-10-18;98.917;3.523;6.742;7.586
2023-10-19;98.827;3.536;6.609;7.381
2023-10-20;99.051;3.505;6.506;7.176
2023-10-23;99.236;3.479;6.467;7.121
2023-10-24;99.61;3.427;6.111;6.648
2023-10-25;99.258;3.476;6.175;6.8
2023-10-26;99.549;3.436;6.287;7.04
2023-10-27;99.791;3.402;6.481;7.2
2023-10-30;99.862;3.392;6.579;7.02
2023-10-31;99.939;3.382;6.863;7.389
2023-11-01;100.353;3.324;6.785;7.403
2023-11-02;100.709;3.275;6.762;7.678
2023-11-03;101.279;3.197;6.808;7.751
2023-11-06;100.776;3.266;7.15;7.904
2023-11-07;101.234;3.203;7.217;7.872
2023-11-08;101.474;3.171;7.282;7.94
2023-11-09;101.34;3.189;6.634;7.62
2023-11-10;100.909;3.248;6.882;7.8
2023-11-13;100.92;3.246;7.456;8.092
2023-11-14;101.703;3.139;7.606;8.033
2023-11-15;101.4;3.18;7.482;8.076
2023-11-16;101.725;3.136;7.491;8.342
2023-11-17;101.734;3.135;6.962;7.866
2023-11-20;101.702;3.139;7.423;8.143
2023-11-21;101.969;3.102;7.737;8.283
2023-11-22;101.927;3.108;7.582;8.198
2023-11-23;101.499;3.166;7.121;8.037
2023-11-24;101.368;3.184;7.154;7.998
2023-11-27;101.983;3.1;7.729;8.437
2023-11-28;102.336;3.052;7.53;8.337
2023-11-29;102.779;2.992;8.06;8.526
2023-11-30;102.693;3.003;7.982;8.74
2023-12-01;103.423;2.905;7.805;8.573
2023-12-04;103.516;2.892;8.056;8.91
2023-12-05;104.295;2.788;8.257;8.865
2023-12-06;104.506;2.76;8.16;8.799
2023-12-07;104.68;2.737;7.767;8.615
2023-12-08;104.072;2.817;7.912;8.994
2023-12-11;104.086;2.815;8.092;8.684
2023-12-12;104.414;2.771;8.077;8.614
2023-12-13;104.806;2.719;7.964;8.513
2023-12-14;105.331;2.649;7.664;8.465
2023-12-15;106.069;2.552;7.703;8.473
2023-12-18;105.602;2.613;7.932;8.699
2023-12-19;106.027;2.558;7.958;8.499
2023-12-20;106.397;2.509;7.978;8.365
2023-12-21;106.412;2.506;7.585;8.458
2023-12-22;106.355;2.513;8.151;9.023
2023-12-25;106.355;2.513;8.51;9.042
2023-12-27;106.93;2.438;7.621;8.001
2023-12-28;106.616;2.478;7.713;8.362
2023-12-29;106.087;2.547;7.811;8.689
2024-01-01;106.087;2.547;8.351;8.692
2024-01-02;105.875;2.574;8.502;8.797
2024-01-03;106.255;2.524;8.694;8.86
2024-01-04;105.488;2.624;7.997;8.608
2024-01-05;105.184;2.664;8.509;8.948
2024-01-08;105.34;2.644;8.439;8.56
2024-01-09;104.894;2.703;8.598;8.97
2024-01-10;104.742;2.723;8.449;8.89
2024-01-11;104.874;2.705;8.045;8.512
2024-01-12;105.321;2.645;8.757;9.233
2024-01-15;105.026;2.684;8.663;9.138
2024-01-16;104.848;2.708;8.786;9.372
2024-01-17;104.473;2.758;8.396;9.238
2024-01-18;104.215;2.792;8.475;9.162
2024-01-19;104.173;2.797;8.826;9.579
2024-01-22;104.521;2.75;8.92;9.32
2024-01-23;104.086;2.809;8.665;9.011
2024-01-24;104.185;2.795;8.663;9.152
2024-01-25;104.628;2.735;8.684;9.167
2024-01-26;104.584;2.741;8.722;9.447
2024-01-29;105.049;2.678;8.623;8.913
2024-01-30;104.794;2.712;8.697;9.244
2024-01-31;105.417;2.629;8.695;9.109
2024-02-01;105.515;2.615;8.339;9.055
2024-02-02;104.862;2.702;8.608;9.525
2024-02-05;104.354;2.77;8.763;9.181
2024-02-06;104.56;2.742;8.832;9.069
2024-02-07;104.357;2.77;8.898;9.292
2024-02-08;104.106;2.803;8.543;9.295
2024-02-09;103.866;2.836;8.588;9.288
2024-02-12;104.093;2.805;8.756;9.108
2024-02-13;103.828;2.841;8.849;9.504
2024-02-14;104.268;2.781;8.972;9.354
2024-02-15;104.113;2.801;8.716;9.232
2024-02-16;103.837;2.839;8.76;9.52
2024-02-19;103.801;2.843;8.939;9.388
2024-02-20;104.084;2.805;8.984;9.241
2024-02-21;103.623;2.867;9.046;9.523
2024-02-22;103.624;2.867;8.987;9.771
2024-02-23;104.176;2.791;9.114;9.723
2024-02-26;103.595;2.871;9.129;9.808
2024-02-27;103.475;2.887;8.981;9.526
2024-02-28;103.558;2.875;9.197;9.578
2024-02-29;103.93;2.824;9.007;9.577
2024-03-01;103.951;2.821;8.936;9.662
2024-03-04;104.153;2.793;9.276;9.652
2024-03-05;104.637;2.727;9.515;9.664
2024-03-06;104.659;2.724;9.5;9.713
2024-03-07;104.75;2.711;10.074;10.404
2024-03-08;105.135;2.659;10.167;10.499
2024-03-11;104.913;2.689;10.487;10.656
2024-03-12;104.811;2.702;10.371;10.448
2024-03-13;104.553;2.737;10.97;11.127
2024-03-14;104.088;2.8;10.48;10.735
2024-03-15;103.946;2.82;10.4;10.693
2024-03-18;103.851;2.832;10.669;10.788
2024-03-19;103.923;2.822;10.594;10.672
2024-03-20;103.963;2.817;10.586;10.641
2024-03-21;104.137;2.792;10.494;10.547
2024-03-22;104.625;2.725;10.209;10.257
2024-03-25;104.32;2.767;10.72;10.722
2024-03-26;104.474;2.746;10.644;10.584
2024-03-27;104.847;2.694;10.597;10.483
2024-03-28;104.884;2.689;10.736;10.606
2024-03-29;104.884;2.689;9.877;9.758
2024-04-02;104.219;2.78;11.041;10.959
2024-04-03;104.231;2.778;10.835;10.887
2024-04-04;104.429;2.75;10.964;10.887
2024-04-05;104.137;2.79;10.989;10.999
2024-04-08;103.9;2.822;10.857;10.757
2024-04-09;104.352;2.76;11.107;10.821
2024-04-10;103.86;2.828;10.736;10.746
2024-04-11;103.557;2.869;10.904;10.831
2024-04-12;104.167;2.784;10.924;10.767
2024-04-15;103.638;2.858;10.671;10.764
2024-04-16;103.196;2.919;10.81;10.773
2024-04-17;103.438;2.885;10.687;10.616
2024-04-18;103.208;2.917;10.53;10.648
2024-04-19;103.212;2.916;10.502;10.598
2024-04-22;103.286;2.906;10.705;10.601
2024-04-23;103.199;2.918;10.541;10.49
2024-04-24;102.628;2.998;10.441;10.495
2024-04-25;102.396;3.03;10.21;10.583
2024-04-26;102.819;2.97;10.252;10.533
2024-04-29;103.148;2.924;10.059;10.285
2024-04-30;102.758;2.978;10.235;10.656
2024-05-02;103.041;2.938;10.208;10.546
2024-05-03;103.404;2.887;9.918;10.321
2024-05-06;103.529;2.869;10.537;10.765
2024-05-07;103.899;2.817;10.035;10.142
2024-05-08;103.598;2.859;10.141;10.303
2024-05-09;103.397;2.887;10.213;10.639
2024-05-10;103.265;2.905;10.049;10.548
2024-05-13;103.349;2.893;10.376;10.513
2024-05-14;103.102;2.928;10.131;10.313
2024-05-15;103.916;2.813;10.313;10.362
2024-05-16;103.665;2.848;10.044;10.45
2024-05-17;103.286;2.901;10.019;10.444
2024-05-20;103.205;2.913;10.216;10.435
2024-05-21;103.423;2.882;10.136;10.3
2024-05-22;103.207;2.912;10.051;10.274
2024-05-23;102.856;2.961;9.7;10.253
2024-05-24;102.842;2.963;10.034;10.586
2024-05-27;103.065;2.931;10.618;10.907
2024-05-28;102.835;2.964;10.634;11.1
2024-05-29;102.262;3.045;10.324;10.706
2024-05-30;102.58;3.0;9.932;10.512
2024-05-31;102.485;3.013;9.95;10.692
2024-06-03;103.064;2.93;10.247;10.603
2024-06-04;103.343;2.891;10.255;10.531
2024-06-05;103.483;2.871;10.232;10.517
2024-06-06;103.187;2.912;9.851;10.469
2024-06-07;102.747;2.975;9.58;10.298
2024-06-10;102.332;3.034;10.201;10.702
2024-06-11;102.515;3.008;10.264;10.688
2024-06-12;103.148;2.917;10.566;10.81
2024-06-13;103.257;2.901;11.277;11.824
2024-06-14;103.61;2.851;11.703;12.274
2024-06-17;103.391;2.882;11.738;12.223
2024-06-18;103.579;2.855;11.803;12.406
2024-06-19;103.5;2.866;11.765;12.344
2024-06-20;103.289;2.895;11.782;12.546
2024-06-21;103.34;2.888;12.094;12.783
2024-06-24;103.371;2.883;11.735;12.358
2024-06-25;103.409;2.878;11.745;12.277
2024-06-26;103.137;2.917;11.584;12.074
2024-06-27;103.081;2.924;11.557;12.206
2024-06-28;102.851;2.957;12.141;12.791
2024-07-01;102.434;3.017;12.212;12.766
2024-07-02;102.569;2.997;12.284;12.791
2024-07-03;102.904;2.949;12.088;12.508
2024-07-04;102.716;2.976;11.775;12.412
2024-07-05;103.129;2.916;10.982;11.523
2024-07-08;103.141;2.914;12.126;12.379
2024-07-09;102.903;2.948;12.08;12.453
2024-07-10;103.262;2.896;11.311;11.511
2024-07-11;103.673;2.837;11.907;12.237
2024-07-12;103.44;2.87;11.727;12.147
2024-07-15;103.606;2.846;12.037;12.337
2024-07-16;103.922;2.801;12.053;12.306
2024-07-17;103.88;2.807;12.367;12.761
2024-07-18;103.813;2.816;12.572;13.217
2024-07-19;103.62;2.843;12.34;12.858
2024-07-22;103.467;2.865;12.391;12.738
2024-07-23;103.777;2.821;12.261;12.463
2024-07-24;103.795;2.818;12.115;12.156
2024-07-25;103.92;2.799;12.06;12.49
2024-07-26;103.956;2.794;12.324;12.89
2024-07-29;104.279;2.748;12.277;12.514
2024-07-30;104.45;2.723;12.431;12.542
2024-07-31;104.691;2.689;12.507;12.608
2024-08-01;105.01;2.643;12.128;12.497
2024-08-02;105.413;2.586;12.388;12.246
2024-08-05;105.238;2.61;12.539;12.497
2024-08-06;105.238;2.61;12.258;12.964
2024-08-07;104.941;2.652;12.415;12.784
2024-08-08;104.974;2.646;12.054;12.448
2024-08-09;105.206;2.613;12.132;12.784
2024-08-12;105.252;2.606;12.605;12.921
2024-08-13;105.551;2.564;12.692;12.841
2024-08-14;105.667;2.547;12.115;12.542
2024-08-15;105.096;2.627;12.466;13.045
2024-08-16;105.246;2.606;12.1;12.624
2024-08-19;105.234;2.607;12.913;12.892
2024-08-20;105.496;2.57;13.137;12.95
2024-08-21;105.664;2.546;13.217;13.064
2024-08-22;105.331;2.592;12.138;12.597
2024-08-23;105.483;2.57;12.086;12.624
2024-08-26;105.257;2.602;12.821;13.068
2024-08-27;105.047;2.632;12.98;13.335
2024-08-28;105.257;2.602;13.326;13.206
2024-08-29;105.215;2.607;13.037;13.085
2024-08-30;105.035;2.632;12.712;13.398
2024-09-02;104.85;2.659;12.684;13.284
2024-09-03;105.199;2.608;12.747;13.119
2024-09-04;105.48;2.568;13.587;13.285
2024-09-05;105.654;2.543;12.773;13.122
2024-09-06;105.86;2.513;13.001;13.311
2024-09-09;105.965;2.498;13.689;13.439
2024-09-10;106.196;2.465;13.494;13.851
2024-09-11;106.239;2.459;13.315;13.696
2024-09-12;106.005;2.491;13.746;13.848
2024-09-13;106.016;2.489;14.098;13.823
2024-09-16;106.23;2.458;13.533;13.703
2024-09-17;106.031;2.486;13.436;13.624
2024-09-18;105.715;2.531;13.401;13.689
2024-09-19;105.725;2.529;14.191;13.843
2024-09-20;105.738;2.527;14.044;13.772
2024-09-23;106.088;2.477;13.723;13.667
2024-09-24;106.147;2.468;13.861;13.776
2024-09-25;106.053;2.481;13.7;13.664
2024-09-26;106.001;2.488;13.906;13.796
2024-09-27;106.391;2.432;14.614;13.81
2024-09-30;106.335;2.439;15.935;15.709
2024-10-01;106.897;2.36;15.136;14.845
2024-10-02;106.641;2.395;14.312;14.056
2024-10-03;106.269;2.447;14.335;14.274
2024-10-04;105.747;2.522;14.284;13.873
2024-10-07;105.362;2.577;14.386;13.947
2024-10-08;105.509;2.555;14.517;13.982
2024-10-09;105.374;2.574;13.678;13.795
2024-10-10;105.421;2.567;13.79;13.921
2024-10-11;105.482;2.558;13.859;13.926
2024-10-14;105.521;2.552;14.116;14.075
2024-10-15;105.931;2.493;14.54;13.851
2024-10-16;106.142;2.462;14.176;14.084
2024-10-17;106.103;2.467;13.927;14.053
2024-10-18;106.187;2.455;15.89;16.021
2024-10-21;105.774;2.514;14.853;14.652
2024-10-22;105.618;2.536;14.148;14.662
2024-10-23;105.718;2.521;14.708;15.001
2024-10-24;105.973;2.484;13.897;14.658
2024-10-25;105.89;2.495;13.756;14.679
2024-10-28;105.964;2.484;14.684;15.301
2024-10-29;105.832;2.503;15.679;15.74
2024-10-30;105.375;2.569;15.028;15.932
2024-10-31;105.394;2.565;15.087;16.188
2024-11-01;105.398;2.564;16.337;17.161
2024-11-04;105.096;2.608;20.531;20.499
2024-11-05;104.798;2.651;20.613;20.543
2024-11-06;105.063;2.612;24.697;24.432
2024-11-07;104.981;2.624;24.735;25.11
2024-11-08;105.411;2.561;24.177;24.663
2024-11-11;105.69;2.52;25.985;25.952
2024-11-12;105.467;2.552;25.15;25.929
2024-11-13;105.281;2.579;26.459;27.385
2024-11-14;105.667;2.522;26.533;27.593
2024-11-15;105.62;2.528;28.08;28.427
2024-11-18;105.376;2.564;32.032;32.356
2024-11-19;105.315;2.572;28.682;29.324
2024-11-20;105.17;2.593;27.837;28.757
2024-11-21;105.267;2.578;27.339;28.257
2024-11-22;105.806;2.499;27.266;27.905
2024-11-25;105.888;2.487;28.274;28.347
2024-11-26;105.885;2.487;26.88;27.909
2024-11-27;106.067;2.461;26.635;27.57
2024-11-28;106.329;2.422;25.895;26.773
2024-11-29;106.608;2.381;26.436;27.264
2024-12-02;106.981;2.327;27.589;27.296
2024-12-03;106.919;2.336;28.347;28.415
2024-12-04;106.875;2.342;28.133;28.318
2024-12-05;106.52;2.392;28.338;28.658
2024-12-06;106.648;2.373;28.594;28.805
2024-12-09;106.55;2.387;29.313;29.849
2024-12-10;106.582;2.382;28.803;29.344
2024-12-11;106.535;2.388;29.371;29.851
2024-12-12;105.97;2.47;29.338;30.14
2024-12-13;105.627;2.52;29.665;30.117
2024-12-16;105.708;2.508;31.129;31.121
2024-12-17;105.739;2.503;30.576;31.098
2024-12-18;105.613;2.521;30.622;31.206
2024-12-19;105.232;2.576;30.285;31.225
2024-12-20;105.343;2.56;30.446;31.364
2024-12-23;105.146;2.588;30.226;31.108
2024-12-24;105.146;2.587;29.807;31.019
2024-12-25;105.146;2.587;29.834;31.015
2024-12-27;104.82;2.635;29.317;30.373
2024-12-30;104.95;2.616;30.86;31.781
2024-12-31;104.95;2.615;30.738;31.543
2025-01-01;104.95;2.615;30.837;31.536
2025-01-02;104.78;2.64;31.412;32.466
2025-01-03;104.435;2.691;32.182;33.482
2025-01-06;104.255;2.718;31.569;32.598
2025-01-07;104.101;2.741;32.092;32.352
2025-01-08;103.901;2.771;31.577;32.32
2025-01-09;103.725;2.797;32.26;32.723
2025-01-10;103.443;2.84;32.157;33.304
2025-01-13;103.298;2.861;32.357;33.249
2025-01-14;103.056;2.898;32.436;33.18
2025-01-15;103.702;2.8;32.72;33.375
2025-01-16;103.835;2.779;33.202;33.407
2025-01-17;103.914;2.767;32.672;33.446
2025-01-20;103.951;2.761;32.516;33.249
2025-01-21;104.017;2.751;32.923;33.684
2025-01-22;103.925;2.765;32.405;33.332
2025-01-23;103.828;2.779;32.58;33.661
2025-01-24;103.598;2.814;33.577;34.483
2025-01-27;103.82;2.78;32.993;33.416
2025-01-28;103.675;2.801;32.79;33.322
2025-01-29;103.559;2.819;32.738;33.24
2025-01-30;104.004;2.751;32.493;32.775
2025-01-31;104.494;2.676;33.022;32.972
2025-02-03;104.98;2.603;33.077;32.818
2025-02-04;104.915;2.612;33.011;33.199
2025-02-05;105.062;2.59;33.052;33.202
2025-02-06;105.03;2.594;33.237;33.514
2025-02-07;105.073;2.587;32.925;33.668
2025-02-10;105.132;2.578;33.446;33.922
2025-02-11;104.644;2.651;34.119;34.251
2025-02-12;104.306;2.702;33.673;33.985
2025-02-13;104.642;2.651;32.978;32.996
2025-02-14;104.493;2.673;32.088;32.217
2025-02-17;104.308;2.701;32.582;32.777
2025-02-18;104.301;2.702;32.789;32.971
2025-02-19;103.967;2.753;33.339;33.801
2025-02-20;104.086;2.734;33.204;33.737
2025-02-21;104.412;2.684;33.306;33.698
2025-02-24;104.447;2.678;33.667;33.959
2025-02-25;104.566;2.66;34.373;34.644
2025-02-26;104.7;2.639;34.539;34.878
2025-02-27;104.848;2.616;34.474;34.641
2025-02-28;104.907;2.607;34.414;34.749
2025-03-03;104.517;2.666;35.445;35.972
2025-03-04;104.536;2.663;35.4;36.156
2025-03-05;102.856;2.922;36.223;37.343
2025-03-06;102.573;2.966;36.163;37.211
2025-03-07;102.535;2.971;35.58;36.725
2025-03-10;102.626;2.957;35.881;36.614
2025-03-11;102.37;2.997;35.65;36.393
2025-03-12;102.482;2.979;35.511;36.569
2025-03-13;102.577;2.964;36.212;36.83
2025-03-14;102.43;2.987;34.944;35.77
2025-03-17;102.647;2.953;35.765;36.108
2025-03-18;102.672;2.949;36.576;36.909
2025-03-19;102.708;2.943;36.523;36.821
2025-03-20;102.81;2.927;36.868;37.092
2025-03-21;102.881;2.915;36.647;36.901
2025-03-24;102.85;2.92;36.757;36.884
2025-03-25;102.671;2.948;36.71;36.899
2025-03-26;102.699;2.944;36.989;37.153
2025-03-27;102.872;2.916;36.704;36.725
2025-03-28;103.152;2.872;36.654;36.588
2025-03-31;103.088;2.882;37.125;37.081
2025-04-01;103.34;2.842;37.243;37.087
2025-04-02;103.16;2.87;38.027;37.852
2025-04-03;103.634;2.796;38.462;38.375
2025-04-04;103.939;2.748;36.675;36.847
2025-04-07;103.688;2.787;36.83;36.908
2025-04-08;103.588;2.802;37.104;37.863
2025-04-09;103.675;2.788;36.389;36.792
2025-04-10;103.91;2.751;36.254;36.941
2025-04-11;103.677;2.787;35.859;36.2
2025-04-14;104.227;2.701;36.207;36.504
2025-04-15;104.096;2.721;36.663;37.002
2025-04-16;104.154;2.711;35.777;36.422
2025-04-17;104.402;2.672;35.377;36.192
2025-04-18;104.402;2.672;34.695;35.477
2025-04-22;104.596;2.642;36.261;36.557
2025-04-23;104.386;2.674;36.502;37.418
2025-04-24;104.661;2.63;36.159;36.886
2025-04-25;104.558;2.646;36.526;37.199
2025-04-28;104.273;2.69;36.723;37.427
2025-04-29;104.378;2.673;36.642;37.349
2025-04-30;104.666;2.628;36.91;37.632
2025-05-02;104.208;2.699;37.0;37.691
2025-05-05;104.329;2.68;37.057;37.553
2025-05-06;104.298;2.684;36.919;37.297
2025-05-07;104.623;2.633;36.987;37.202
2025-05-08;104.241;2.692;36.557;37.224
2025-05-09;104.095;2.715;36.309;37.191
2025-05-12;103.618;2.79;36.441;37.339
2025-05-13;103.419;2.821;36.746;37.646
2025-05-14;103.299;2.84;36.413;37.174
2025-05-15;103.788;2.762;36.237;36.886
2025-05-16;103.927;2.74;36.464;37.045
2025-05-19;103.955;2.735;35.852;36.478
2025-05-20;103.891;2.745;35.764;36.374
2025-05-21;103.681;2.778;35.224;35.996
2025-05-22;103.67;2.779;35.207;36.1
2025-05-23;103.976;2.73;35.461;36.701
2025-05-26;103.951;2.734;36.741;37.902
2025-05-27;104.205;2.694;35.506;36.802
2025-05-28;104.098;2.71;35.273;36.747
2025-05-29;104.356;2.669;33.94;35.33
2025-05-30;104.38;2.665;33.958;35.242
2025-06-02;104.312;2.675;33.455;34.639
2025-06-03;104.369;2.666;33.106;34.148
2025-06-04;104.289;2.678;33.003;34.084
2025-06-05;103.888;2.741;33.127;34.697
2025-06-06;103.834;2.749;33.177;34.825
2025-06-09;103.965;2.728;33.104;34.405
2025-06-10;104.076;2.71;34.352;35.662
2025-06-11;104.12;2.703;33.886;35.115
2025-06-12;104.378;2.662;32.334;33.586
2025-06-13;103.979;2.725;33.704;35.079
2025-06-16;104.065;2.711;33.561;34.732
2025-06-17;104.053;2.712;32.711;33.807
2025-06-18;104.185;2.691;33.704;34.822
2025-06-19;104.038;2.714;33.156;34.496
2025-06-20;104.084;2.706;33.072;34.448
2025-06-23;104.17;2.692;33.48;34.658
2025-06-24;104.059;2.71;33.518;34.635
2025-06-25;104.043;2.712;32.858;33.957
2025-06-26;104.003;2.718;33.084;34.297
2025-06-27;103.905;2.733;32.871;34.151
2025-06-30;103.832;2.744;33.067;34.065
2025-07-01;104.006;2.716;32.913;33.802
2025-07-02;103.775;2.753;33.113;34.195
2025-07-03;103.98;2.72;32.91;33.987
2025-07-04;103.998;2.716;33.186;34.322
2025-07-07;103.833;2.743;33.06;34.108
2025-07-08;103.638;2.774;32.875;34.011
2025-07-09;103.72;2.76;33.063;33.93
2025-07-10;103.557;2.786;33.098;34.01
2025-07-11;103.418;2.808;33.102;34.149
2025-07-14;103.361;2.817;33.395;34.065
2025-07-15;103.444;2.804;33.78;34.448
2025-07-16;103.613;2.776;33.28;33.929
2025-07-17;103.6;2.777;33.504;34.331
2025-07-18;103.523;2.79;33.082;34.091
2025-07-21;103.914;2.726;33.179;33.827
2025-07-22;103.996;2.713;33.126;33.811
2025-07-23;103.736;2.755;33.191;33.904
2025-07-24;103.392;2.81;32.828;34.071
2025-07-25;103.332;2.819;32.52;33.727
2025-07-28;103.355;2.815;34.381;35.04
2025-07-29;103.319;2.821;33.023;33.87
2025-07-30;103.325;2.82;32.755;33.613
2025-07-31;103.352;2.815;32.552;33.617
2025-08-01;103.485;2.793;32.656;33.641
2025-08-04;103.762;2.747;32.876;33.53
2025-08-05;103.779;2.744;32.848;33.526
2025-08-06;103.674;2.761;32.656;33.287
2025-08-07;103.78;2.743;32.697;33.429
2025-08-08;103.51;2.787;32.167;33.016
2025-08-11;103.522;2.785;32.109;32.868
2025-08-12;103.346;2.814;32.392;33.088
2025-08-13;103.56;2.778;34.026;34.611
2025-08-14;103.675;2.759;29.257;29.867
2025-08-15;103.346;2.813;28.316;29.041
2025-08-18;103.535;2.781;28.897;29.392
2025-08-19;103.604;2.77;29.263;29.75
2025-08-20;103.789;2.739;29.108;29.612
2025-08-21;103.496;2.787;29.074;29.976
2025-08-22;103.795;2.737;28.255;29.172
2025-08-25;103.411;2.8;29.713;30.538
2025-08-26;103.691;2.754;29.335;30.13
2025-08-27;103.824;2.732;29.598;30.333
2025-08-28;103.791;2.737;30.328;31.168
2025-08-29;103.639;2.761;31.382;32.199
2025-09-01;103.574;2.772;30.943;31.572
2025-09-02;103.333;2.811;31.805;32.45
2025-09-03;103.542;2.777;32.084;32.606
2025-09-04;103.56;2.773;32.161;32.746
2025-09-05;103.805;2.732;32.187;32.671
2025-09-08;103.894;2.717;32.437;32.757
2025-09-09;103.794;2.734;32.47;32.829
2025-09-10;103.816;2.73;32.228;32.582
2025-09-11;103.755;2.739;31.923;32.33
2025-09-12;103.424;2.794;32.082;32.598
2025-09-15;103.489;2.783;32.589;32.999
2025-09-16;103.535;2.775;32.173;32.599
2025-09-17;103.591;2.765;32.316;32.713
2025-09-18;103.38;2.8;32.177;32.585
2025-09-19;103.283;2.816;32.269;32.676
2025-09-22;103.299;2.813;32.246;32.574
2025-09-23;103.244;2.822;32.312;32.664
2025-09-24;103.196;2.829;32.402;32.744
2025-09-25;103.008;2.86;32.087;32.413
2025-09-26;103.132;2.839;32.383;32.64
2025-09-29;103.313;2.809;32.44;32.64
2025-09-30;103.298;2.811;32.5;32.694
2025-10-01;103.343;2.803;32.659;32.872
2025-10-02;103.368;2.799;32.718;32.875
2025-10-03;103.328;2.805;33.02;33.119
2025-10-06;103.253;2.817;32.831;32.877
2025-10-07;103.285;2.812;32.847;32.863
2025-10-08;103.458;2.783;32.746;32.754
2025-10-09;103.32;2.805;32.811;32.894
2025-10-10;103.582;2.761;32.455;32.525
2025-10-13;103.652;2.749;32.86;32.841
2025-10-14;103.771;2.729;32.983;32.912
2025-10-15;103.955;2.698;32.897;32.801
2025-10-16;104.011;2.688;32.837;32.769
2025-10-17;103.945;2.699;32.803;32.73
2025-10-20;103.972;2.694;32.644;32.588
2025-10-21;104.099;2.672;32.442;32.261
2025-10-22;104.107;2.671;31.066;30.996
2025-10-23;103.99;2.69;30.94;31.017
2025-10-24;103.686;2.74;32.238;32.372
2025-10-27;103.722;2.734;32.335;32.185
2025-10-28;103.664;2.744;32.418;32.269
2025-10-29;103.648;2.746;32.575;32.48
2025-10-30;103.578;2.757;31.359;31.388
2025-10-31;103.691;2.738;30.88;30.799
2025-11-03;103.545;2.762;30.305;30.11
2025-11-04;103.567;2.758;30.958;30.832
2025-11-05;103.479;2.773;30.905;30.839
2025-11-06;103.573;2.756;30.858;30.93
2025-11-07;103.439;2.779;31.069;31.231
2025-11-10;103.446;2.777;30.921;30.921
2025-11-11;103.478;2.772;31.035;30.995
2025-11-12;103.497;2.768;31.034;30.907
2025-11-13;103.215;2.815;31.169;31.235
2025-11-14;103.065;2.841;30.798;30.952
2025-11-17;103.19;2.819;28.685;28.644
2025-11-18;103.187;2.819;29.476;29.322
2025-11-19;103.183;2.82;28.98;28.875
2025-11-20;103.258;2.807;27.864;28.018
2025-11-21;103.356;2.79;27.654;27.871
2025-11-24;103.322;2.795;29.026;29.117
2025-11-25;103.41;2.78;28.641;28.7
2025-11-26;103.437;2.775;28.449;28.544
2025-11-27;103.541;2.757;25.645;25.868
2025-11-28;103.462;2.77;25.807;26.095
2025-12-01;103.186;2.817;26.207;26.331
2025-12-02;103.278;2.801;25.483;25.578
2025-12-03;103.356;2.787;24.729;24.904
2025-12-04;103.359;2.786;22.557;22.777
2025-12-05;103.116;2.828;23.329;23.457
2025-12-08;102.812;2.88;20.171;20.172
2025-12-09;102.824;2.878;20.761;20.599
2025-12-10;102.905;2.863;19.239;19.089
2025-12-11;103.141;2.822;15.668;15.589
2025-12-12;103.099;2.829;14.953;14.918
2025-12-15;103.101;2.829;14.511;14.309
2025-12-16;103.236;2.805;14.967;14.771
2025-12-17;103.153;2.819;13.017;12.998
2025-12-18;103.162;2.817;14.503;14.735
2025-12-19;102.957;2.852;14.417;14.748
2025-12-22;102.947;2.854;14.593;14.688
2025-12-23;103.023;2.84;14.316;14.717
2025-12-24;103.023;2.84;14.268;14.677
2025-12-25;103.023;2.84;14.275;14.746
2025-12-29;103.209;2.807;14.424;14.495
2025-12-30;103.173;2.813;13.745;13.909
2025-12-31;103.173;2.812;13.806;14.172
2026-01-01;103.173;2.812;13.851;14.169
2026-01-02;102.985;2.845;14.248;14.68
2026-01-05;103.259;2.797;12.585;12.845
2026-01-06;103.409;2.771;12.525;12.744
2026-01-07;103.6;2.737;12.661;12.843
2026-01-08;103.54;2.747;11.872;12.16
2026-01-09;103.506;2.753;11.95;12.229
2026-01-12;103.652;2.727;12.059;12.104
2026-01-13;103.63;2.731;12.118;12.068
2026-01-14;103.729;2.713;12.067;11.97
2026-01-15;103.631;2.73;12.345;12.505
2026-01-16;103.578;2.739;10.796;10.931
2026-01-19;103.621;2.731;11.132;11.005
2026-01-20;103.575;2.739;11.427;11.322
2026-01-21;103.452;2.76;11.015;10.914
2026-01-22;103.36;2.775;11.19;11.34
2026-01-23;103.252;2.794;11.214;11.316
2026-01-26;103.442;2.76;11.421;11.351
2026-01-27;103.452;2.758;11.091;11.0
2026-01-28;103.605;2.732;11.223;11.171
2026-01-29;103.699;2.714;11.1;11.205
2026-01-30;103.703;2.713;11.135;11.156
2026-02-02;103.568;2.737;11.098;11.045
2026-02-03;103.5;2.748;10.998;10.924
2026-02-04;103.646;2.723;10.968;10.821
2026-02-05;103.697;2.713;10.721;10.712
2026-02-06;103.699;2.712;11.641;11.768
2026-02-09;103.754;2.703;11.88;11.987
2026-02-10;103.907;2.676;11.639;11.844
2026-02-11;103.929;2.671;11.414;11.696
2026-02-12;104.03;2.653;11.418;11.656
2026-02-13;104.173;2.628;11.846;11.933
2026-02-16;104.198;2.623;11.619;11.513
2026-02-17;104.265;2.611;11.456;11.333
