;px_last;yld_ytm_mid;asset_swap_spd_mid;z_sprd_mid
2011-09-22;;;39.023;41.211
2011-09-26;98.654;3.114;36.795;39.05
2011-09-27;97.674;3.199;36.602;39.083
2011-09-28;96.799;3.275;38.529;41.249
2011-09-29;96.791;3.276;35.903;38.521
2011-09-30;98.125;3.16;34.246;36.424
2011-10-03;98.797;3.102;38.453;40.711
2011-10-04;99.223;3.066;31.486;33.274
2011-10-05;98.079;3.164;32.163;34.261
2011-10-06;97.195;3.24;33.063;35.414
2011-10-07;97.176;3.242;35.52;38.039
2011-10-10;96.69;3.285;32.584;35.015
2011-10-11;96.646;3.289;33.047;35.535
2011-10-12;95.221;3.415;33.752;36.657
2011-10-13;96.117;3.335;31.904;34.46
2011-10-14;94.955;3.439;35.819;39.001
2011-10-17;96.239;3.325;37.917;40.895
2011-10-18;96.207;3.328;37.705;40.707
2011-10-19;95.241;3.414;48.112;52.175
2011-10-20;95.676;3.375;44.928;48.584
2011-10-21;94.944;3.44;49.481;53.718
2011-10-24;94.711;3.461;50.137;54.521
2011-10-25;95.329;3.406;52.133;56.464
2011-10-26;95.949;3.351;44.028;47.598
2011-10-27;94.642;3.468;43.255;47.151
2011-10-28;94.777;3.456;42.834;46.691
2011-10-31;96.166;3.332;53.164;57.226
2011-11-01;97.504;3.214;45.698;48.812
2011-11-02;97.001;3.258;43.845;47.04
2011-11-03;96.277;3.322;42.917;46.361
2011-11-04;96.67;3.287;46.365;49.875
2011-11-07;97.047;3.254;43.177;46.371
2011-11-08;97.263;3.235;42.157;45.146
2011-11-09;98.525;3.126;44.853;47.55
2011-11-10;97.758;3.192;44.007;46.917
2011-11-11;96.695;3.285;44.898;48.256
2011-11-14;97.67;3.2;45.508;48.562
2011-11-15;96.851;3.272;47.187;50.646
2011-11-16;96.399;3.312;46.295;49.831
2011-11-17;94.579;3.475;55.755;60.71
2011-11-18;93.609;3.563;57.869;63.411
2011-11-21;93.75;3.551;60.612;66.323
2011-11-22;93.902;3.537;61.301;67.022
2011-11-23;93.268;3.595;64.318;70.577
2011-11-24;91.898;3.723;71.266;78.946
2011-11-25;91.637;3.747;71.62;79.504
2011-11-28;91.093;3.799;71.903;80.142
2011-11-29;90.801;3.827;70.402;78.725
2011-11-30;91.604;3.751;66.492;74.079
2011-12-01;92.761;3.643;64.721;71.527
2011-12-02;93.071;3.614;61.074;67.311
2011-12-05;92.995;3.621;57.456;63.38
2011-12-06;93.276;3.595;57.894;63.687
2011-12-07;93.981;3.531;56.006;61.303
2011-12-08;95.147;3.425;57.236;62.086
2011-12-09;94.332;3.499;57.623;62.871
2011-12-12;95.522;3.391;55.926;60.462
2011-12-13;95.669;3.378;58.381;62.995
2011-12-14;96.65;3.29;56.359;60.356
2011-12-15;96.552;3.299;58.247;62.417
2011-12-16;97.442;3.221;57.176;60.901
2011-12-19;97.12;3.249;55.769;59.582
2011-12-20;96.25;3.326;54.852;59.017
2011-12-21;96.295;3.322;53.374;57.437
2011-12-22;96.467;3.307;53.401;57.416
2011-12-23;96.635;3.292;51.924;55.77
2011-12-26;96.637;3.292;52.275;56.135
2011-12-27;97.137;3.248;52.896;56.632
2011-12-28;97.423;3.223;52.967;56.578
2011-12-29;97.547;3.212;52.984;56.567
2011-12-30;97.447;3.221;54.851;58.629
2012-01-02;96.938;3.266;52.093;55.892
2012-01-03;97.475;3.218;52.387;56.025
2012-01-04;97.272;3.236;52.985;56.762
2012-01-05;97.448;3.221;51.889;55.54
2012-01-06;97.465;3.219;54.521;58.287
2012-01-09;96.882;3.271;59.938;64.298
2012-01-10;96.842;3.274;60.194;64.584
2012-01-11;97.59;3.208;60.321;64.428
2012-01-12;97.79;3.191;60.539;64.576
2012-01-13;98.442;3.134;61.028;64.806
2012-01-16;98.065;3.167;63.548;67.638
2012-01-17;97.457;3.22;63.505;67.874
2012-01-18;97.762;3.193;62.207;66.335
2012-01-19;97.141;3.248;62.34;66.792
2012-01-20;96.608;3.296;61.271;65.939
2012-01-23;96.069;3.344;60.772;65.734
2012-01-24;95.7;3.377;60.283;65.372
2012-01-25;96.151;3.337;61.354;66.263
2012-01-26;96.894;3.27;59.558;64.095
2012-01-27;97.066;3.255;57.873;62.208
2012-01-30;97.855;3.185;58.237;62.188
2012-01-31;98.592;3.121;56.744;60.336
2012-02-01;98.331;3.144;54.631;58.304
2012-02-02;98.529;3.127;54.892;58.467
2012-02-03;97.455;3.221;53.815;57.778
2012-02-06;97.989;3.174;55.1;58.913
2012-02-07;97.566;3.211;53.102;56.952
2012-02-08;97.044;3.258;52.236;56.279
2012-02-09;96.897;3.271;51.385;55.397
2012-02-10;97.794;3.191;52.793;56.577
2012-02-13;97.93;3.179;50.769;54.37
2012-02-14;98.472;3.132;51.84;55.228
2012-02-15;98.894;3.095;50.997;54.152
2012-02-16;98.387;3.139;;
2012-02-17;98.125;3.162;50.427;53.867
2012-02-20;97.944;3.178;50.636;54.13
2012-02-21;97.72;3.198;50.358;53.962
2012-02-22;98.276;3.149;51.321;54.742
2012-02-23;98.397;3.138;52.556;55.97
2012-02-24;98.467;3.132;52.921;56.36
2012-02-27;98.91;3.094;53.342;56.644
2012-02-28;98.866;3.098;53.37;56.66
2012-02-29;98.89;3.095;53.32;56.562
2012-03-01;98.747;3.108;53.196;56.544
2012-03-02;99.376;3.053;51.564;54.606
2012-03-05;99.234;3.066;51.151;54.207
2012-03-06;99.303;3.06;50.47;53.473
2012-03-07;99.392;3.052;50.307;53.284
2012-03-08;99.281;3.061;50.087;53.108
2012-03-09;99.278;3.062;49.514;52.528
2012-03-12;99.604;3.033;47.055;49.818
2012-03-13;99.175;3.071;49.069;52.024
2012-03-14;97.965;3.177;48.234;51.61
2012-03-15;98.181;3.158;47.162;50.334
2012-03-16;97.435;3.224;45.967;49.348
2012-03-19;97.552;3.214;44.6;47.853
2012-03-20;97.767;3.195;45.575;48.824
2012-03-21;98.376;3.141;45.838;48.888
2012-03-22;98.682;3.114;45.427;48.367
2012-03-23;98.99;3.087;46.26;49.157
2012-03-26;98.378;3.141;45.99;49.06
2012-03-27;98.696;3.113;45.924;48.927
2012-03-28;99.076;3.08;45.281;48.1
2012-03-29;99.286;3.061;45.846;48.62
2012-03-30;99.429;3.049;45.676;48.355
2012-04-02;99.392;3.052;45.442;48.157
2012-04-03;99.234;3.066;44.693;47.358
2012-04-04;99.361;3.055;45.943;48.719
2012-04-05;99.586;3.035;46.919;49.693
2012-04-06;99.681;3.027;46.465;49.168
2012-04-09;99.747;3.021;45.981;48.642
2012-04-10;100.08;2.992;47.679;50.341
2012-04-11;99.683;3.027;47.867;50.64
2012-04-12;99.498;3.043;49.058;51.968
2012-04-13;99.757;3.02;50.263;53.15
2012-04-16;99.73;3.023;50.247;53.102
2012-04-17;99.196;3.069;52.783;56.005
2012-04-18;99.519;3.041;53.872;57.008
2012-04-19;99.34;3.057;54.201;57.454
2012-04-20;98.97;3.089;55.049;58.456
2012-04-23;99.169;3.072;54.96;58.295
2012-04-24;98.659;3.117;54.767;58.325
2012-04-25;98.238;3.154;55.918;59.768
2012-04-26;98.549;3.126;56.032;59.76
2012-04-27;98.607;3.121;56.905;60.674
2012-04-30;98.956;3.091;54.404;57.888
2012-05-01;98.892;3.096;56.893;60.614
2012-05-02;99.56;3.038;57.231;60.704
2012-05-03;99.824;3.015;57.514;60.881
2012-05-04;100.309;2.973;57.481;60.654
2012-05-07;100.202;2.982;58.333;61.611
2012-05-08;100.451;2.96;57.118;60.172
2012-05-09;100.522;2.954;56.453;59.42
2012-05-10;100.806;2.93;57.643;60.506
2012-05-11;101.354;2.883;57.759;60.294
2012-05-14;102.111;2.818;51.762;53.808
2012-05-15;102.082;2.82;58.149;60.352
2012-05-16;101.872;2.838;58.133;60.44
2012-05-17;102.113;2.818;60.0;62.215
2012-05-18;102.272;2.804;58.575;60.674
2012-05-21;102.142;2.815;59.598;61.788
2012-05-22;102.252;2.806;60.471;62.643
2012-05-23;103.352;2.713;57.007;58.586
2012-05-24;103.684;2.685;58.408;59.881
2012-05-25;103.947;2.663;58.603;59.979
2012-05-28;104.153;2.646;57.068;58.348
2012-05-29;104.391;2.626;55.551;56.698
2012-05-30;105.933;2.5;54.981;55.471
2012-05-31;106.578;2.447;51.102;51.395
2012-06-01;107.118;2.404;59.913;59.842
2012-06-04;107.006;2.412;60.396;60.383
2012-06-05;107.212;2.396;57.611;57.504
2012-06-06;105.718;2.517;60.853;61.357
2012-06-07;104.559;2.612;55.595;56.587
2012-06-08;105.186;2.56;58.125;58.842
2012-06-11;105.504;2.534;54.254;54.864
2012-06-12;104.204;2.641;52.075;53.236
2012-06-13;103.169;2.728;57.218;58.829
2012-06-14;103.012;2.741;53.945;55.572
2012-06-15;104.25;2.637;54.116;55.233
2012-06-18;104.212;2.64;54.411;55.577
2012-06-19;103.031;2.739;54.241;55.952
2012-06-20;102.368;2.795;53.637;55.546
2012-06-21;103.352;2.712;50.389;51.829
2012-06-22;103.011;2.741;55.421;57.158
2012-06-25;103.697;2.683;49.987;51.334
2012-06-26;103.045;2.738;55.947;57.737
2012-06-27;102.535;2.781;57.717;59.721
2012-06-28;102.653;2.771;56.929;58.896
2012-06-29;102.166;2.812;56.288;58.479
2012-07-02;102.527;2.781;53.405;55.359
2012-07-03;102.367;2.795;56.185;58.412
2012-07-04;102.91;2.749;56.006;58.019
2012-07-05;103.482;2.7;56.612;58.445
2012-07-06;104.0;2.657;55.455;57.109
2012-07-09;103.945;2.661;56.641;58.314
2012-07-10;103.997;2.657;57.162;58.791
2012-07-11;104.475;2.617;54.769;56.166
2012-07-12;104.806;2.589;54.256;55.56
2012-07-13;104.621;2.605;53.859;55.256
2012-07-16;104.833;2.587;52.188;53.477
2012-07-17;105.277;2.55;49.549;50.651
2012-07-18;105.815;2.506;49.465;50.359
2012-07-19;105.816;2.505;47.376;48.283
2012-07-20;106.35;2.462;47.821;48.569
2012-07-23;106.377;2.459;47.624;48.382
2012-07-24;106.098;2.482;45.249;46.067
2012-07-25;105.934;2.495;45.107;45.939
2012-07-26;105.632;2.52;42.721;43.626
2012-07-27;105.04;2.569;42.01;43.089
2012-07-30;105.154;2.559;42.714;43.795
2012-07-31;105.999;2.49;43.304;44.131
2012-08-01;105.447;2.535;41.094;42.094
2012-08-02;106.783;2.425;40.523;41.077
2012-08-03;105.169;2.558;39.052;40.092
2012-08-06;105.598;2.522;38.493;39.372
2012-08-07;105.322;2.545;33.979;34.883
2012-08-08;106.05;2.485;32.474;33.151
2012-08-09;106.348;2.46;33.377;34.012
2012-08-10;106.961;2.41;31.619;32.103
2012-08-13;106.971;2.409;30.015;30.498
2012-08-14;106.399;2.456;29.911;30.519
2012-08-15;105.568;2.524;28.053;28.783
2012-08-16;105.944;2.493;29.737;30.386
2012-08-17;106.437;2.452;28.894;29.469
2012-08-20;106.488;2.448;29.511;30.101
2012-08-21;106.131;2.477;31.668;32.376
2012-08-22;106.661;2.434;31.655;32.238
2012-08-23;107.588;2.358;30.74;31.117
2012-08-24;107.84;2.338;30.536;30.875
2012-08-27;107.791;2.341;30.431;30.785
2012-08-28;108.058;2.32;29.863;30.15
2012-08-29;107.809;2.34;31.373;31.719
2012-08-30;108.34;2.297;31.138;31.377
2012-08-31;108.041;2.321;31.737;32.06
2012-09-03;107.72;2.346;32.681;33.076
2012-09-04;107.499;2.364;31.898;32.351
2012-09-05;107.013;2.403;31.518;31.993
2012-09-06;106.112;2.477;31.662;32.434
2012-09-07;106.325;2.46;29.585;30.26
2012-09-10;106.24;2.467;34.513;35.286
2012-09-11;106.264;2.465;31.701;32.458
2012-09-12;105.39;2.537;35.067;35.943
2012-09-13;105.964;2.489;31.611;32.396
2012-09-14;104.797;2.586;30.731;31.791
2012-09-17;105.202;2.552;30.399;31.329
2012-09-18;105.584;2.52;30.336;31.173
2012-09-19;105.777;2.504;30.822;31.655
2012-09-20;106.427;2.45;30.151;30.865
2012-09-21;106.224;2.467;32.405;33.277
2012-09-24;106.57;2.438;32.043;32.791
2012-09-25;106.324;2.458;35.011;35.839
2012-09-26;106.976;2.404;34.192;34.794
2012-09-27;107.119;2.393;32.574;33.139
2012-09-28;107.153;2.39;31.712;32.34
2012-10-01;106.969;2.405;31.438;32.018
2012-10-02;106.842;2.415;30.391;31.012
2012-10-03;106.946;2.406;33.793;34.435
2012-10-04;106.844;2.414;30.437;31.084
2012-10-05;106.267;2.462;33.415;34.231
2012-10-08;106.909;2.409;32.562;33.184
2012-10-09;106.88;2.411;33.038;33.698
2012-10-10;106.932;2.407;33.173;33.817
2012-10-11;106.875;2.411;34.039;34.713
2012-10-12;107.198;2.385;31.309;31.883
2012-10-15;106.837;2.414;31.105;31.76
2012-10-16;106.269;2.461;31.018;31.77
2012-10-17;105.673;2.51;27.141;27.979
2012-10-18;106.046;2.479;28.672;29.394
2012-10-19;106.451;2.445;29.533;30.188
2012-10-22;106.076;2.476;28.503;29.234
2012-10-23;106.263;2.461;29.241;29.932
2012-10-24;106.4;2.449;28.649;29.319
2012-10-25;106.245;2.462;28.342;29.053
2012-10-26;106.714;2.423;29.674;30.282
2012-10-29;107.12;2.389;29.247;29.772
2012-10-30;107.051;2.395;27.075;27.592
2012-10-31;107.171;2.385;29.494;30.02
2012-11-01;107.28;2.376;27.95;28.449
2012-11-02;107.41;2.365;28.981;29.455
2012-11-05;107.695;2.341;27.918;28.337
2012-11-06;107.56;2.352;26.514;26.756
2012-11-07;108.185;2.301;27.53;27.849
2012-11-08;108.078;2.31;30.326;30.711
2012-11-09;108.354;2.287;30.081;30.409
2012-11-12;108.367;2.286;29.334;29.668
2012-11-13;108.583;2.268;30.576;30.871
2012-11-14;108.579;2.268;29.161;29.135
2012-11-15;108.538;2.271;27.165;27.465
2012-11-16;108.52;2.273;29.306;29.625
2012-11-19;108.248;2.295;28.826;29.186
2012-11-20;107.645;2.344;29.375;29.885
2012-11-21;107.442;2.36;30.12;30.64
2012-11-22;107.477;2.357;29.548;30.053
2012-11-23;107.497;2.356;28.827;29.323
2012-11-26;107.653;2.343;28.088;28.544
2012-11-27;107.683;2.34;29.638;29.472
2012-11-28;108.372;2.283;26.849;27.13
2012-11-29;108.399;2.281;27.172;27.487
2012-11-30;108.429;2.278;28.967;29.27
2012-12-03;108.206;2.296;27.717;28.07
2012-12-04;108.508;2.272;26.745;27.029
2012-12-05;109.171;2.218;25.219;25.368
2012-12-06;109.758;2.17;24.917;24.998
2012-12-07;109.776;2.168;25.404;25.521
2012-12-10;109.801;2.166;26.229;25.682
2012-12-11;109.842;2.163;24.92;25.029
2012-12-12;109.625;2.18;23.742;23.884
2012-12-13;109.608;2.181;24.478;24.599
2012-12-14;109.685;2.175;23.502;23.604
2012-12-17;109.616;2.18;22.878;22.996
2012-12-18;109.395;2.198;23.645;22.697
2012-12-19;109.282;2.207;22.697;22.854
2012-12-20;109.513;2.188;23.464;23.425
2012-12-21;109.827;2.162;23.115;23.182
2012-12-24;109.836;2.161;23.084;23.161
2012-12-25;109.869;2.158;23.335;22.887
2012-12-26;109.87;2.158;22.805;22.879
2012-12-27;110.385;2.117;23.043;23.003
2012-12-28;110.493;2.108;22.155;22.128
2012-12-31;110.577;2.101;21.936;21.892
2013-01-01;110.532;2.105;22.296;22.263
2013-01-02;109.239;2.208;22.704;22.923
2013-01-03;108.751;2.248;20.125;20.387
2013-01-04;108.069;2.304;22.334;22.661
2013-01-07;108.498;2.268;22.807;23.049
2013-01-08;108.905;2.235;22.839;23.023
2013-01-09;109.087;2.22;21.296;21.471
2013-01-10;107.882;2.318;21.814;22.225
2013-01-11;107.517;2.349;24.081;24.237
2013-01-14;107.845;2.321;20.918;21.248
2013-01-15;108.14;2.297;22.473;22.732
2013-01-16;108.462;2.27;23.182;23.391
2013-01-17;107.869;2.319;23.01;23.049
2013-01-18;108.517;2.265;23.402;23.4
2013-01-21;108.344;2.279;24.119;24.303
2013-01-22;108.311;2.282;23.885;24.241
2013-01-23;108.441;2.271;23.767;23.953
2013-01-24;108.113;2.298;24.507;24.764
2013-01-25;107.389;2.358;22.843;23.223
2013-01-28;106.869;2.401;24.747;25.13
2013-01-29;106.941;2.395;23.488;23.834
2013-01-30;106.574;2.425;25.547;25.977
2013-01-31;106.663;2.418;24.529;24.784
2013-02-01;106.605;2.422;20.977;21.358
2013-02-04;107.129;2.378;24.206;25.395
2013-02-05;106.752;2.41;24.419;24.823
2013-02-06;106.81;2.405;23.797;24.937
2013-02-07;107.102;2.38;23.971;24.352
2013-02-08;106.994;2.389;25.898;26.332
2013-02-11;106.901;2.397;24.965;25.402
2013-02-12;106.587;2.423;24.217;24.705
2013-02-13;106.053;2.468;23.231;23.784
2013-02-14;106.332;2.444;25.159;25.73
2013-02-15;106.214;2.454;26.066;26.678
2013-02-18;106.411;2.437;24.264;24.813
2013-02-19;106.34;2.443;24.548;25.116
2013-02-20;105.87;2.483;27.082;27.771
2013-02-21;106.562;2.424;25.274;25.822
2013-02-22;106.651;2.417;25.995;26.556
2013-02-25;106.631;2.418;31.684;32.378
2013-02-26;107.358;2.357;26.517;26.795
2013-02-27;107.455;2.349;25.759;26.194
2013-02-28;107.673;2.33;27.516;27.941
2013-03-01;108.108;2.294;27.538;27.882
2013-03-04;107.969;2.305;27.629;27.541
2013-03-05;107.645;2.332;27.135;27.298
2013-03-06;107.759;2.322;27.056;27.468
2013-03-07;107.398;2.353;27.529;27.994
2013-03-08;107.229;2.367;28.381;28.892
2013-03-11;107.197;2.369;26.657;27.165
2013-03-12;107.563;2.338;27.382;27.792
2013-03-13;107.623;2.333;27.001;27.433
2013-03-14;107.667;2.329;26.93;27.322
2013-03-15;107.881;2.311;27.179;27.56
2013-03-18;108.237;2.282;28.295;28.324
2013-03-19;108.749;2.239;26.996;27.198
2013-03-20;108.397;2.268;26.565;26.815
2013-03-21;108.707;2.242;27.693;27.909
2013-03-22;108.617;2.249;27.014;27.221
2013-03-25;108.963;2.221;26.608;26.756
2013-03-26;108.704;2.241;27.296;27.507
2013-03-27;109.026;2.215;27.081;27.213
2013-03-28;108.837;2.23;26.45;26.609
2013-03-29;108.862;2.228;26.093;26.251
2013-04-01;108.84;2.23;26.268;26.431
2013-04-02;108.942;2.221;26.909;27.129
2013-04-03;109.064;2.211;27.59;27.681
2013-04-04;109.701;2.158;26.931;26.988
2013-04-05;110.361;2.104;25.255;25.17
2013-04-08;110.201;2.117;23.882;23.829
2013-04-09;109.881;2.143;24.059;24.056
2013-04-10;109.622;2.164;22.999;23.054
2013-04-11;109.883;2.142;22.236;22.234
2013-04-12;110.323;2.106;23.597;22.529
2013-04-15;110.551;2.087;23.043;22.974
2013-04-16;110.361;2.103;22.108;22.058
2013-04-17;110.741;2.071;21.776;21.489
2013-04-18;110.863;2.061;22.708;22.306
2013-04-19;110.663;2.077;22.301;22.226
2013-04-22;111.058;2.045;21.622;21.506
2013-04-23;111.22;2.032;22.227;22.078
2013-04-24;111.333;2.022;22.134;21.964
2013-04-25;111.461;2.012;22.435;22.237
2013-04-26;111.764;1.987;21.653;21.418
2013-04-29;112.068;1.962;21.256;20.996
2013-04-30;112.017;1.966;21.155;20.898
2013-05-01;112.011;1.966;21.771;21.504
2013-05-02;112.441;1.932;21.066;20.768
2013-05-03;111.17;2.034;21.906;21.133
2013-05-06;110.983;2.049;20.566;20.487
2013-05-07;110.536;2.085;22.034;21.097
2013-05-08;110.776;2.065;20.584;20.517
2013-05-09;110.774;2.065;21.004;20.864
2013-05-10;109.745;2.15;21.445;21.512
2013-05-13;110.203;2.112;19.962;19.969
2013-05-14;110.076;2.122;18.813;18.83
2013-05-15;110.09;2.12;21.207;21.232
2013-05-16;110.49;2.087;19.9;19.882
2013-05-17;110.566;2.081;19.197;19.136
2013-05-20;110.088;2.12;20.523;20.564
2013-05-21;109.706;2.152;20.846;20.94
2013-05-22;109.748;2.148;18.488;18.508
2013-05-23;109.558;2.163;20.872;20.966
2013-05-24;109.703;2.151;19.044;19.111
2013-05-27;109.307;2.184;21.371;20.283
2013-05-28;109.096;2.201;19.046;19.157
2013-05-29;108.654;2.238;20.967;21.154
2013-05-30;108.753;2.229;20.806;20.971
2013-05-31;108.836;2.222;19.983;20.151
2013-06-03;108.647;2.238;17.368;17.541
2013-06-04;108.455;2.254;19.592;19.794
2013-06-05;108.7;2.233;19.812;19.182
2013-06-06;108.435;2.255;20.033;20.211
2013-06-07;108.107;2.283;20.787;20.973
2013-06-10;107.509;2.333;22.427;22.308
2013-06-11;107.381;2.344;20.134;19.99
2013-06-12;107.495;2.334;18.69;18.95
2013-06-13;107.702;2.316;21.157;21.429
2013-06-14;108.279;2.267;18.945;19.138
2013-06-17;108.269;2.268;19.195;19.392
2013-06-18;107.784;2.309;20.924;21.172
2013-06-19;107.817;2.306;12.727;12.883
2013-06-20;106.387;2.428;20.612;21.004
2013-06-21;105.711;2.486;17.954;18.358
2013-06-24;104.848;2.562;20.161;20.716
2013-06-25;105.086;2.541;19.619;20.155
2013-06-26;105.334;2.519;20.699;21.259
2013-06-27;105.941;2.466;21.836;22.338
2013-06-28;105.892;2.47;21.28;21.77
2013-07-01;105.927;2.467;20.213;20.677
2013-07-02;106.09;2.453;22.671;23.183
2013-07-03;106.372;2.428;18.872;19.257
2013-07-04;106.421;2.424;19.759;20.197
2013-07-05;105.602;2.495;19.906;20.455
2013-07-08;105.727;2.484;20.664;21.245
2013-07-09;106.292;2.435;21.543;22.079
2013-07-10;106.126;2.449;20.055;20.554
2013-07-11;106.405;2.424;21.327;21.806
2013-07-12;107.016;2.372;22.054;22.449
2013-07-15;106.759;2.394;21.347;21.751
2013-07-16;107.108;2.364;20.801;21.17
2013-07-17;107.301;2.347;20.465;20.808
2013-07-18;107.581;2.323;19.627;19.928
2013-07-19;107.461;2.333;20.217;20.533
2013-07-22;107.501;2.329;20.63;20.933
2013-07-23;107.153;2.359;20.259;20.59
2013-07-24;106.222;2.439;19.369;19.792
2013-07-25;105.989;2.459;21.474;22.0
2013-07-26;106.005;2.458;20.105;20.599
2013-07-29;106.041;2.455;19.645;20.12
2013-07-30;105.972;2.461;19.507;19.985
2013-07-31;106.164;2.444;22.103;22.607
2013-08-01;106.108;2.448;17.474;17.889
2013-08-02;106.22;2.439;19.173;19.614
2013-08-05;105.916;2.465;18.271;18.723
2013-08-06;105.795;2.475;17.942;18.398
2013-08-07;106.06;2.452;17.34;17.765
2013-08-08;106.074;2.451;15.269;15.643
2013-08-09;106.262;2.434;17.344;17.75
2013-08-12;106.158;2.443;15.562;15.938
2013-08-13;105.168;2.53;13.667;14.074
2013-08-14;105.174;2.529;13.883;14.318
2013-08-15;104.482;2.59;14.312;14.805
2013-08-16;104.475;2.591;11.771;12.195
2013-08-19;104.42;2.596;12.597;13.053
2013-08-20;105.051;2.54;12.271;12.684
2013-08-21;104.679;2.573;9.967;10.31
2013-08-22;104.157;2.619;12.648;13.123
2013-08-23;104.064;2.627;12.1;12.551
2013-08-26;104.347;2.602;12.649;13.1
2013-08-27;104.969;2.547;14.941;15.426
2013-08-28;104.661;2.574;11.99;12.387
2013-08-29;104.814;2.56;12.875;13.309
2013-08-30;104.667;2.573;11.583;11.979
2013-09-02;104.376;2.599;11.832;12.252
2013-09-03;104.113;2.622;13.155;13.644
2013-09-04;104.017;2.631;11.094;11.525
2013-09-05;103.09;2.714;10.44;10.906
2013-09-06;103.986;2.633;10.719;11.13
2013-09-09;103.8;2.65;10.967;11.412
2013-09-10;103.1;2.713;10.346;10.817
2013-09-11;103.385;2.687;13.097;13.644
2013-09-12;103.932;2.638;10.493;10.916
2013-09-13;104.25;2.609;11.434;11.852
2013-09-16;104.56;2.581;9.87;10.227
2013-09-17;104.169;2.616;12.209;12.672
2013-09-18;103.832;2.646;21.862;22.686
2013-09-19;104.347;2.6;11.058;11.477
2013-09-20;104.109;2.621;12.718;13.223
2013-09-23;104.394;2.596;11.044;13.111
2013-09-24;105.166;2.527;10.836;12.888
2013-09-25;105.449;2.501;11.148;12.98
2013-09-26;105.389;2.507;11.384;13.203
2013-09-27;105.863;2.464;10.252;12.107
2013-09-30;105.91;2.46;12.295;14.315
2013-10-01;105.559;2.491;12.405;12.762
2013-10-02;105.4;2.505;12.321;12.69
2013-10-03;105.349;2.509;11.49;11.845
2013-10-04;104.844;2.554;12.795;13.238
2013-10-07;105.204;2.522;12.355;12.751
2013-10-08;105.127;2.529;13.071;13.489
2013-10-09;105.119;2.529;12.281;12.678
2013-10-10;104.67;2.569;12.786;13.241
2013-10-11;104.821;2.556;11.914;12.337
2013-10-14;104.871;2.551;9.482;9.828
2013-10-15;104.41;2.593;12.36;12.821
2013-10-16;104.281;2.604;14.79;15.337
2013-10-17;104.873;2.551;12.033;12.461
2013-10-18;105.268;2.515;12.264;12.659
2013-10-21;105.186;2.522;11.568;11.954
2013-10-22;105.785;2.469;12.389;12.754
2013-10-23;106.09;2.442;11.806;12.13
2013-10-24;106.006;2.449;10.967;11.276
2013-10-25;106.161;2.435;12.688;13.015
2013-10-28;106.197;2.432;11.697;11.997
2013-10-29;106.392;2.415;13.267;13.579
2013-10-30;106.852;2.374;9.096;9.305
2013-10-31;107.059;2.356;12.128;12.389
2013-11-01;106.916;2.368;11.311;11.572
2013-11-04;107.003;2.36;11.849;12.112
2013-11-05;106.372;2.416;12.595;12.915
2013-11-06;106.255;2.426;11.394;11.705
2013-11-07;106.872;2.371;12.41;12.711
2013-11-08;106.055;2.443;12.146;12.509
2013-11-11;106.073;2.442;11.743;12.094
2013-11-12;105.681;2.476;11.957;12.348
2013-11-13;106.28;2.423;12.154;12.504
2013-11-14;106.669;2.388;12.133;12.441
2013-11-15;106.619;2.393;12.886;13.208
2013-11-18;106.838;2.373;12.596;12.903
2013-11-19;106.512;2.402;11.472;11.768
2013-11-20;106.452;2.407;8.757;9.004
2013-11-21;106.401;2.411;12.266;12.6
2013-11-22;106.482;2.404;12.802;13.131
2013-11-25;106.757;2.379;12.82;13.129
2013-11-26;107.092;2.35;12.328;12.605
2013-11-27;106.723;2.382;13.342;13.672
2013-11-28;106.829;2.373;13.325;13.643
2013-11-29;106.887;2.367;12.59;12.891
2013-12-02;106.469;2.404;13.104;13.442
2013-12-03;106.711;2.383;12.707;13.022
2013-12-04;105.896;2.455;12.7;13.089
2013-12-05;105.547;2.486;11.939;12.326
2013-12-06;105.648;2.477;12.645;13.042
2013-12-09;105.581;2.483;12.48;12.875
2013-12-10;105.756;2.467;13.344;13.751
2013-12-11;105.935;2.451;11.415;11.754
2013-12-12;105.888;2.455;13.696;14.089
2013-12-13;106.137;2.432;13.008;13.363
2013-12-16;106.034;2.441;12.717;13.072
2013-12-17;106.161;2.43;12.906;13.258
2013-12-18;105.89;2.454;12.782;13.153
2013-12-19;105.535;2.486;13.034;13.437
2013-12-20;105.609;2.479;12.948;13.336
2013-12-23;105.404;2.497;12.514;12.898
2013-12-24;105.401;2.497;12.688;13.077
2013-12-25;105.406;2.497;12.604;12.99
2013-12-26;105.41;2.496;12.604;12.99
2013-12-27;104.696;2.561;12.78;13.244
2013-12-30;104.97;2.536;12.681;13.119
2013-12-31;104.986;2.534;12.502;12.927
2014-01-01;104.988;2.534;12.448;12.871
2014-01-02;104.829;2.548;12.444;12.889
2014-01-03;104.856;2.546;12.378;12.823
2014-01-06;105.131;2.521;12.838;13.268
2014-01-07;105.303;2.505;12.556;12.953
2014-01-08;104.851;2.546;12.097;12.529
2014-01-09;104.687;2.56;13.288;13.774
2014-01-10;105.27;2.507;13.334;13.767
2014-01-13;105.559;2.481;13.38;13.796
2014-01-14;105.525;2.484;12.279;12.66
2014-01-15;105.415;2.494;12.63;13.02
2014-01-16;105.84;2.455;12.996;13.378
2014-01-17;106.135;2.429;14.048;14.428
2014-01-20;106.38;2.407;13.078;13.406
2014-01-21;106.457;2.4;13.041;13.356
2014-01-22;106.227;2.42;12.726;13.06
2014-01-23;106.714;2.376;14.985;15.305
2014-01-24;107.048;2.346;14.423;14.714
2014-01-27;106.959;2.354;12.987;13.261
2014-01-28;106.92;2.358;13.767;14.058
2014-01-29;107.231;2.33;15.445;15.72
2014-01-30;107.36;2.318;14.025;14.276
2014-01-31;107.899;2.27;13.523;13.73
2014-02-03;107.99;2.262;15.269;15.485
2014-02-04;107.994;2.262;13.337;13.535
2014-02-05;108.152;2.247;13.594;13.78
2014-02-06;107.647;2.292;13.405;13.614
2014-02-07;107.965;2.264;13.229;13.428
2014-02-10;107.715;2.285;14.336;14.563
2014-02-11;107.708;2.286;13.687;13.908
2014-02-12;107.43;2.31;13.691;13.935
2014-02-13;107.943;2.265;13.506;13.679
2014-02-14;107.81;2.276;13.595;13.812
2014-02-17;107.729;2.283;13.471;13.693
2014-02-18;107.923;2.266;13.61;13.816
2014-02-19;107.949;2.263;13.545;13.754
2014-02-20;107.57;2.297;13.486;13.717
2014-02-21;107.785;2.278;14.097;14.324
2014-02-24;107.576;2.296;13.662;13.894
2014-02-25;107.989;2.259;13.537;13.736
2014-02-26;108.313;2.23;14.012;14.207
2014-02-27;108.843;2.183;14.459;14.577
2014-02-28;108.337;2.228;15.298;15.462
2014-03-03;108.978;2.171;13.961;14.056
2014-03-04;108.574;2.207;13.642;13.766
2014-03-05;108.539;2.209;13.561;13.693
2014-03-06;108.081;2.25;12.91;13.081
2014-03-07;107.925;2.263;14.144;14.335
2014-03-10;108.219;2.237;13.278;13.438
2014-03-11;108.069;2.25;13.774;13.958
2014-03-12;108.49;2.213;13.479;13.616
2014-03-13;109.062;2.162;15.32;15.423
2014-03-14;108.969;2.17;13.306;13.404
2014-03-17;108.733;2.191;13.404;13.515
2014-03-18;108.722;2.192;13.66;13.772
2014-03-19;108.438;2.216;11.234;11.349
2014-03-20;108.04;2.251;13.806;13.98
2014-03-21;108.225;2.235;13.473;13.625
2014-03-24;108.678;2.195;13.926;14.029
2014-03-25;108.863;2.178;13.332;13.428
2014-03-26;109.037;2.162;14.592;14.681
2014-03-27;109.3;2.139;13.42;13.487
2014-03-28;109.242;2.144;14.182;14.251
2014-03-31;109.098;2.157;14.846;14.925
2014-04-01;109.066;2.159;13.654;13.732
2014-04-02;108.665;2.194;13.793;13.896
2014-04-03;108.786;2.183;13.756;13.858
2014-04-04;109.421;2.127;14.501;14.554
2014-04-07;109.501;2.12;13.394;13.439
2014-04-08;109.265;2.141;14.045;14.114
2014-04-09;108.992;2.164;14.448;14.542
2014-04-10;109.589;2.112;13.199;13.231
2014-04-11;109.753;2.097;14.037;14.046
2014-04-14;109.571;2.113;13.521;13.554
2014-04-15;110.132;2.063;12.573;12.574
2014-04-16;109.99;2.075;13.829;13.83
2014-04-17;109.606;2.109;12.31;12.335
2014-04-18;109.619;2.107;11.983;12.005
2014-04-21;109.631;2.106;11.895;11.922
2014-04-22;109.522;2.116;13.918;13.95
2014-04-23;109.584;2.11;13.507;13.524
2014-04-24;109.566;2.111;14.281;14.296
2014-04-25;110.053;2.068;13.032;13.014
2014-04-28;109.949;2.077;13.244;13.229
2014-04-29;109.909;2.08;13.411;13.407
2014-04-30;110.202;2.054;13.616;13.592
2014-05-01;110.216;2.053;13.683;13.656
2014-05-02;110.375;2.039;12.847;12.818
2014-05-05;110.179;2.056;13.45;13.431
2014-05-06;110.154;2.058;13.207;13.187
2014-05-07;110.122;2.06;13.059;13.038
2014-05-08;110.408;2.035;12.968;12.935
2014-05-09;110.212;2.052;13.23;13.217
2014-05-12;110.269;2.047;13.009;12.992
2014-05-13;110.856;1.996;12.895;12.824
2014-05-14;111.515;1.938;12.597;12.491
2014-05-15;112.183;1.88;12.984;12.81
2014-05-16;111.837;1.91;13.06;12.908
2014-05-19;111.654;1.925;12.21;12.089
2014-05-20;111.566;1.933;13.058;12.937
2014-05-21;111.299;1.955;12.853;12.757
2014-05-22;111.474;1.94;12.783;12.675
2014-05-23;111.37;1.949;12.992;12.892
2014-05-26;111.342;1.951;12.891;12.798
2014-05-27;111.766;1.914;12.67;12.538
2014-05-28;112.379;1.861;12.469;12.296
2014-05-29;112.185;1.877;11.112;10.972
2014-05-30;112.047;1.889;12.564;12.406
2014-06-02;111.951;1.897;13.523;13.355
2014-06-03;111.57;1.93;11.244;11.153
2014-06-04;111.371;1.946;12.154;12.071
2014-06-05;111.705;1.917;13.123;13.002
2014-06-06;112.279;1.867;11.8;11.665
2014-06-09;112.142;1.879;12.283;12.144
2014-06-10;111.776;1.91;11.566;11.462
2014-06-11;111.719;1.915;11.306;11.214
2014-06-12;111.729;1.914;13.89;13.769
2014-06-13;111.987;1.891;12.167;12.044
2014-06-16;112.23;1.87;11.872;11.739
2014-06-17;111.858;1.902;11.725;11.607
2014-06-18;112.211;1.871;11.612;11.479
2014-06-19;112.733;1.826;10.751;10.595
2014-06-20;112.52;1.844;11.54;11.388
2014-06-23;112.727;1.826;11.287;11.12
2014-06-24;112.753;1.823;12.518;12.323
2014-06-25;113.391;1.768;10.921;10.715
2014-06-26;113.612;1.749;11.3;11.068
2014-06-27;113.544;1.755;10.464;10.254
2014-06-30;113.745;1.737;9.962;9.754
2014-07-01;113.726;1.739;9.087;8.904
2014-07-02;113.252;1.778;9.373;9.206
2014-07-03;113.142;1.788;9.373;9.211
2014-07-04;113.435;1.762;9.371;9.199
2014-07-07;113.522;1.755;8.848;8.683
2014-07-08;113.988;1.715;8.861;8.663
2014-07-09;113.892;1.722;8.803;8.613
2014-07-10;114.33;1.685;7.603;7.418
2014-07-11;114.317;1.685;7.661;7.476
2014-07-14;114.346;1.683;7.206;7.032
2014-07-15;114.495;1.67;6.425;6.27
2014-07-16;114.704;1.651;6.937;6.759
2014-07-17;115.2;1.609;6.836;6.63
2014-07-18;115.221;1.607;6.966;6.751
2014-07-21;115.346;1.597;5.9;5.715
2014-07-22;115.112;1.616;6.839;6.635
2014-07-23;115.267;1.602;6.143;5.95
2014-07-24;114.904;1.633;6.309;6.136
2014-07-25;115.315;1.598;6.404;6.201
2014-07-28;115.477;1.584;6.349;6.144
2014-07-29;115.86;1.551;5.995;5.794
2014-07-30;115.14;1.611;5.489;5.323
2014-07-31;115.181;1.607;5.46;5.295
2014-08-01;115.428;1.586;5.379;5.211
2014-08-04;115.411;1.587;5.285;5.12
2014-08-05;115.052;1.617;6.028;5.853
2014-08-06;115.788;1.555;5.604;5.423
2014-08-07;116.155;1.524;6.851;6.602
2014-08-08;116.219;1.518;5.574;5.359
2014-08-11;116.108;1.527;5.514;5.322
2014-08-12;116.113;1.526;4.794;4.63
2014-08-13;116.474;1.495;5.405;5.195
2014-08-14;116.702;1.476;5.23;5.028
2014-08-15;117.43;1.415;4.095;3.915
2014-08-18;116.908;1.458;4.558;4.381
2014-08-19;117.239;1.431;5.092;4.879
2014-08-20;117.562;1.403;4.382;4.182
2014-08-21;117.554;1.403;4.635;4.422
2014-08-22;117.794;1.383;4.986;4.756
2014-08-25;118.271;1.344;0.801;0.786
2014-08-26;118.448;1.329;4.979;4.735
2014-08-27;118.827;1.297;5.146;4.869
2014-08-28;119.213;1.265;5.278;4.99
2014-08-29;119.074;1.276;4.618;4.375
2014-09-01;119.113;1.272;4.243;4.022
2014-09-02;118.457;1.326;4.068;3.872
2014-09-03;118.171;1.348;5.163;4.921
2014-09-04;117.803;1.378;4.242;4.06
2014-09-05;118.266;1.34;3.189;3.054
2014-09-08;117.981;1.363;5.63;5.38
2014-09-09;117.359;1.414;4.29;4.117
2014-09-10;117.249;1.423;3.821;3.674
2014-09-11;117.325;1.416;3.757;3.609
2014-09-12;116.854;1.455;3.572;3.45
2014-09-15;117.04;1.439;1.919;1.864
2014-09-16;116.977;1.444;3.729;3.598
2014-09-17;117.008;1.441;2.233;2.167
2014-09-18;116.657;1.47;4.129;3.985
2014-09-19;117.091;1.433;5.428;5.218
2014-09-22;117.517;1.397;1.681;1.618
2014-09-23;117.562;1.393;4.656;4.454
2014-09-24;117.628;1.387;3.43;3.287
2014-09-25;117.916;1.362;4.805;4.596
2014-09-26;117.997;1.355;4.122;3.945
2014-09-29;118.09;1.347;3.269;3.134
2014-09-30;118.177;1.34;4.054;3.878
2014-10-01;118.748;1.292;4.675;4.44
2014-10-02;118.625;1.302;2.749;2.616
2014-10-03;118.433;1.317;3.972;3.784
2014-10-06;118.522;1.31;3.197;3.045
2014-10-07;118.466;1.314;4.391;4.18
2014-10-08;118.432;1.316;4.888;4.651
2014-10-09;118.483;1.311;3.683;3.507
2014-10-10;118.581;1.303;5.038;4.781
2014-10-13;118.605;1.301;4.794;4.548
2014-10-14;119.371;1.237;4.147;3.93
2014-10-15;120.322;1.159;2.773;2.621
2014-10-16;119.09;1.259;3.233;3.073
2014-10-17;118.808;1.282;3.274;3.113
2014-10-20;118.851;1.278;2.862;2.724
2014-10-21;118.604;1.298;3.039;2.886
2014-10-22;118.693;1.29;3.803;3.613
2014-10-23;118.289;1.323;3.511;3.35
2014-10-24;118.453;1.309;3.135;2.985
2014-10-27;118.773;1.282;0.283;0.288
2014-10-28;118.767;1.282;3.461;3.29
2014-10-29;118.596;1.296;3.565;3.383
2014-10-30;119.143;1.25;3.271;3.108
2014-10-31;119.206;1.244;3.54;3.363
2014-11-03;119.12;1.251;4.716;4.472
2014-11-04;119.685;1.204;2.895;2.733
2014-11-05;119.447;1.223;3.804;3.601
2014-11-06;119.44;1.223;3.072;2.913
2014-11-07;119.636;1.206;3.306;3.122
2014-11-10;119.601;1.209;3.578;3.38
2014-11-11;119.63;1.206;3.117;2.944
2014-11-12;119.869;1.186;2.282;2.16
2014-11-13;120.076;1.168;3.566;3.366
2014-11-14;120.226;1.155;3.603;3.398
2014-11-17;119.992;1.174;5.615;5.283
2014-11-18;119.987;1.174;2.977;2.813
2014-11-19;119.424;1.22;3.569;3.376
2014-11-20;120.043;1.168;2.954;2.791
2014-11-21;120.387;1.14;3.279;3.09
2014-11-24;120.304;1.146;3.969;3.737
2014-11-25;120.687;1.115;3.455;3.24
2014-11-26;120.819;1.103;3.411;3.192
2014-11-27;121.245;1.068;3.243;3.037
2014-11-28;121.227;1.069;4.08;3.813
2014-12-01;120.755;1.107;8.189;7.639
2014-12-02;120.6;1.119;2.618;2.462
2014-12-03;120.38;1.137;3.747;3.526
2014-12-04;120.134;1.156;4.954;4.661
2014-12-05;119.98;1.168;4.053;3.82
2014-12-08;120.66;1.112;-1.967;-1.82
2014-12-09;120.954;1.088;2.745;2.571
2014-12-10;121.112;1.074;4.123;3.852
2014-12-11;121.163;1.069;4.163;3.89
2014-12-12;121.873;1.011;3.341;3.104
2014-12-15;121.754;1.02;4.338;4.031
2014-12-16;122.122;0.99;4.296;3.978
2014-12-17;122.203;0.983;1.622;1.515
2014-12-18;121.748;1.019;3.11;2.897
2014-12-19;121.932;1.003;3.342;3.1
2014-12-22;121.847;1.01;4.039;3.75
2014-12-23;121.904;1.003;1.737;1.617
2014-12-24;121.803;1.011;3.555;3.3
2014-12-25;121.803;1.011;3.548;3.299
2014-12-26;121.806;1.011;3.624;3.366
2014-12-29;122.465;0.957;-2.219;-2.021
2014-12-30;122.681;0.939;2.602;2.417
2014-12-31;122.368;0.963;5.013;4.641
2015-01-01;122.397;0.961;5.459;5.052
2015-01-02;123.342;0.884;2.943;2.713
2015-01-05;123.196;0.895;4.183;3.846
2015-01-06;124.137;0.82;2.012;1.85
2015-01-07;123.667;0.857;2.836;2.612
2015-01-08;123.298;0.885;2.158;1.992
2015-01-09;123.515;0.867;1.451;1.348
2015-01-12;123.847;0.84;-0.937;-0.831
2015-01-13;123.721;0.85;2.602;2.398
2015-01-14;124.163;0.814;1.8;1.654
2015-01-15;124.2;0.81;3.207;2.935
2015-01-16;124.231;0.807;1.551;1.427
2015-01-19;124.408;0.793;-0.049;-0.031
2015-01-20;124.232;0.806;1.571;1.443
2015-01-21;123.199;0.888;1.37;1.27
2015-01-22;123.874;0.833;0.149;0.16
2015-01-23;125.067;0.738;-2.19;-1.963
2015-01-26;124.75;0.762;0.536;0.51
2015-01-27;125.055;0.738;-7.39;-6.676
2015-01-28;125.586;0.695;-6.541;-5.904
2015-01-29;125.295;0.717;-10.59;-9.579
2015-01-30;126.125;0.651;-9.798;-8.804
2015-02-02;126.093;0.653;-9.568;-8.597
2015-02-03;125.812;0.675;-11.836;-10.668
2015-02-04;125.726;0.681;-9.922;-8.942
2015-02-05;125.881;0.667;-12.283;-11.065
2015-02-06;125.853;0.669;-12.233;-11.021
2015-02-09;125.968;0.66;-13.294;-11.971
2015-02-10;125.924;0.663;-13.034;-11.738
2015-02-11;126.098;0.648;-12.909;-11.61
2015-02-12;126.492;0.616;-14.385;-12.924
2015-02-13;126.265;0.633;-15.387;-13.843
2015-02-16;126.43;0.62;-16.89;-15.189
2015-02-17;125.941;0.658;-14.53;-13.092
2015-02-18;125.803;0.668;-14.272;-12.875
2015-02-19;125.776;0.669;-14.806;-13.362
2015-02-20;125.923;0.657;-16.956;-15.284
2015-02-23;126.1;0.643;-18.564;-16.722
2015-02-24;126.227;0.632;-15.448;-13.906
2015-02-25;126.71;0.594;-16.173;-14.532
2015-02-26;126.942;0.574;-17.433;-15.638
2015-02-27;126.651;0.596;-17.313;-15.57
2015-03-02;126.607;0.599;-16.977;-15.273
2015-03-03;126.653;0.595;-19.578;-17.61
2015-03-04;126.424;0.613;-18.636;-16.774
2015-03-05;126.661;0.593;-19.594;-17.614
2015-03-06;125.998;0.645;-21.807;-19.68
2015-03-09;127.122;0.556;-31.881;-28.627
2015-03-10;128.308;0.463;-26.872;-23.934
2015-03-11;129.262;0.389;-30.371;-26.916
2015-03-12;128.965;0.41;-31.863;-28.286
2015-03-13;129.343;0.38;-34.033;-30.153
2015-03-16;129.569;0.362;-35.818;-31.695
2015-03-17;129.58;0.361;-34.892;-30.849
2015-03-18;130.596;0.283;-32.064;-28.168
2015-03-19;130.68;0.275;-35.202;-30.92
2015-03-20;130.605;0.28;-34.333;-30.166
2015-03-23;130.247;0.307;-31.279;-27.533
2015-03-24;130.05;0.321;-33.563;-29.571
2015-03-25;130.117;0.316;-35.419;-31.213
2015-03-26;130.087;0.316;-34.371;-30.295
2015-03-27;130.07;0.317;-34.325;-30.254
2015-03-30;130.086;0.315;-34.521;-30.424
2015-03-31;130.481;0.285;-35.112;-30.877
2015-04-01;130.542;0.277;-36.143;-31.771
2015-04-02;130.223;0.301;-35.542;-31.306
2015-04-03;130.242;0.299;-35.77;-31.504
2015-04-06;130.153;0.306;-34.977;-30.815
2015-04-07;130.337;0.292;-35.802;-31.519
2015-04-08;130.693;0.264;-36.051;-31.679
2015-04-09;130.805;0.254;-36.988;-32.485
2015-04-10;130.781;0.255;-36.44;-32.006
2015-04-13;130.92;0.244;-37.837;-33.214
2015-04-14;131.163;0.225;-36.874;-32.326
2015-04-15;131.652;0.187;-36.984;-32.329
2015-04-16;131.826;0.172;-36.533;-31.889
2015-04-17;131.899;0.166;-36.486;-31.828
2015-04-20;131.95;0.162;-37.009;-32.275
2015-04-21;131.543;0.192;-37.135;-32.468
2015-04-22;130.879;0.242;-36.129;-31.695
2015-04-23;130.851;0.242;-34.701;-30.442
2015-04-24;130.883;0.239;-33.694;-29.551
2015-04-27;130.693;0.253;-31.798;-27.909
2015-04-28;130.543;0.264;-32.692;-28.739
2015-04-29;129.096;0.374;-30.586;-27.105
2015-04-30;128.184;0.445;-28.245;-25.142
2015-05-01;128.099;0.451;-27.526;-24.507
2015-05-04;127.051;0.533;-23.288;-20.85
2015-05-05;125.992;0.617;-28.394;-25.623
2015-05-06;125.053;0.692;-29.858;-27.12
2015-05-07;125.232;0.676;-26.407;-23.935
2015-05-08;125.743;0.635;-27.744;-25.078
2015-05-11;124.933;0.7;-20.462;-18.574
2015-05-12;124.032;0.772;-26.332;-24.052
2015-05-13;123.234;0.837;-25.508;-23.417
2015-05-14;123.284;0.832;-22.535;-20.674
2015-05-15;124.031;0.77;-24.018;-21.933
2015-05-18;123.621;0.803;-20.336;-18.614
2015-05-19;124.053;0.768;-22.638;-20.666
2015-05-20;123.61;0.803;-21.295;-19.502
2015-05-21;123.346;0.824;-22.308;-20.464
2015-05-22;123.59;0.803;-22.215;-20.356
2015-05-25;123.577;0.804;-22.141;-20.288
2015-05-26;124.064;0.763;-21.742;-19.848
2015-05-27;123.937;0.773;-20.656;-18.871
2015-05-28;124.268;0.745;-21.7;-19.781
2015-05-29;124.76;0.704;-22.647;-20.6
2015-06-01;124.369;0.736;-18.505;-16.847
2015-06-02;122.723;0.871;-22.706;-20.908
2015-06-03;120.798;1.032;-24.513;-22.851
2015-06-04;121.231;0.994;-20.382;-18.939
2015-06-05;121.076;1.007;-21.838;-20.316
2015-06-08;120.561;1.05;-17.147;-15.978
2015-06-09;119.557;1.135;-21.619;-20.291
2015-06-10;119.219;1.164;-22.211;-20.905
2015-06-11;120.315;1.069;-19.988;-18.664
2015-06-12;120.58;1.046;-23.337;-21.764
2015-06-15;120.576;1.046;-23.37;-21.795
2015-06-16;120.642;1.04;-19.379;-18.048
2015-06-17;120.553;1.047;-17.385;-16.191
2015-06-18;120.273;1.07;-18.121;-16.919
2015-06-19;120.871;1.019;-18.472;-17.182
2015-06-22;119.63;1.124;-7.051;-6.585
2015-06-23;119.659;1.121;-19.887;-18.665
2015-06-24;120.04;1.088;-16.595;-15.529
2015-06-25;119.783;1.109;-17.927;-16.81
2015-06-26;119.069;1.17;-18.506;-17.426
2015-06-29;120.134;1.078;-28.456;-26.668
2015-06-30;120.374;1.057;-17.539;-16.377
2015-07-01;119.686;1.116;-18.103;-16.997
2015-07-02;119.242;1.153;-18.872;-17.772
2015-07-03;119.846;1.101;-17.551;-16.469
2015-07-06;120.118;1.077;-20.129;-18.855
2015-07-07;121.358;0.971;-22.692;-21.095
2015-07-08;121.245;0.98;-17.087;-15.868
2015-07-09;120.716;1.024;-20.645;-19.258
2015-07-10;119.109;1.162;-18.345;-17.273
2015-07-13;119.511;1.126;-22.398;-21.054
2015-07-14;119.664;1.113;-18.138;-17.04
2015-07-15;120.492;1.041;-16.674;-15.561
2015-07-16;120.369;1.05;-18.46;-17.251
2015-07-17;120.925;1.002;-18.182;-16.941
2015-07-20;121.169;0.981;-18.205;-16.929
2015-07-21;121.061;0.99;-18.504;-17.224
2015-07-22;121.559;0.947;-19.28;-17.882
2015-07-23;121.588;0.943;-18.146;-16.824
2015-07-24;122.138;0.896;-20.068;-18.561
2015-07-27;122.217;0.889;-18.19;-16.797
2015-07-28;122.068;0.901;-20.417;-18.891
2015-07-29;121.727;0.93;-17.84;-16.525
2015-07-30;122.357;0.875;-20.513;-18.935
2015-07-31;122.514;0.862;-19.652;-18.112
2015-08-03;122.707;0.845;-19.597;-18.043
2015-08-04;122.453;0.866;-22.481;-20.744
2015-08-05;121.277;0.965;-19.672;-18.283
2015-08-06;121.822;0.918;-20.034;-18.558
2015-08-07;122.33;0.874;-20.277;-18.723
2015-08-10;121.881;0.912;-20.755;-19.228
2015-08-11;122.714;0.841;-21.598;-19.897
2015-08-12;122.965;0.819;-23.093;-21.251
2015-08-13;122.695;0.841;-21.09;-19.426
2015-08-14;122.413;0.864;-21.715;-20.038
2015-08-17;122.676;0.841;-21.859;-20.135
2015-08-18;122.54;0.852;-22.347;-20.609
2015-08-19;122.792;0.831;-18.84;-17.336
2015-08-20;123.278;0.788;-20.997;-19.279
2015-08-21;123.405;0.777;-21.323;-19.553
2015-08-24;123.136;0.799;-21.453;-19.713
2015-08-25;121.612;0.928;-19.2;-17.792
2015-08-26;122.018;0.893;-24.911;-23.071
2015-08-27;121.722;0.917;-21.369;-19.811
2015-08-28;121.749;0.914;-20.936;-19.4
2015-08-31;121.17;0.963;-23.952;-22.279
2015-09-01;120.98;0.979;-20.76;-19.331
2015-09-02;121.143;0.965;-21.697;-20.192
2015-09-03;121.691;0.917;-19.76;-18.325
2015-09-04;122.354;0.859;-18.585;-17.149
2015-09-07;122.241;0.869;-20.03;-18.509
2015-09-08;122.092;0.881;-20.428;-18.901
2015-09-09;121.801;0.905;-17.355;-16.086
2015-09-10;121.893;0.896;-19.066;-17.664
2015-09-11;122.284;0.862;-19.866;-18.352
2015-09-14;122.225;0.867;-19.596;-18.112
2015-09-15;120.946;0.976;-18.83;-17.547
2015-09-16;120.516;1.013;-15.977;-14.917
2015-09-17;120.368;1.025;-6.849;-6.377
2015-09-18;121.461;0.93;-13.004;-12.054
2015-09-21;121.094;0.961;-14.121;-13.124
2015-09-22;121.969;0.885;-15.092;-13.964
2015-09-23;121.904;0.89;-14.629;-13.539
2015-09-24;121.887;0.89;-15.486;-14.332
2015-09-25;121.368;0.935;-12.847;-11.915
2015-09-28;121.945;0.884;-13.081;-12.092
2015-09-29;122.019;0.878;-13.249;-12.239
2015-09-30;121.9;0.887;-13.415;-12.409
2015-10-01;122.39;0.844;-14.509;-13.377
2015-10-02;122.748;0.813;-14.421;-13.271
2015-10-05;122.09;0.869;-14.142;-13.064
2015-10-06;121.8;0.893;-13.374;-12.38
2015-10-07;121.846;0.889;-14.557;-13.468
2015-10-08;121.871;0.885;-15.342;-14.195
2015-10-09;121.548;0.913;-13.683;-12.683
2015-10-12;122.04;0.87;-14.47;-13.368
2015-10-13;121.884;0.883;-13.255;-12.259
2015-10-14;122.328;0.844;-13.474;-12.422
2015-10-15;122.175;0.856;-14.925;-13.777
2015-10-16;122.278;0.847;-14.517;-13.394
2015-10-19;122.121;0.86;-13.817;-12.759
2015-10-20;121.528;0.911;-14.537;-13.482
2015-10-21;122.198;0.852;-14.419;-13.308
2015-10-22;122.765;0.802;-14.336;-13.205
2015-10-23;122.602;0.816;-14.333;-13.216
2015-10-26;122.878;0.792;-14.339;-13.205
2015-10-27;123.569;0.732;-15.399;-14.115
2015-10-28;123.62;0.727;-17.636;-16.161
2015-10-29;122.576;0.815;-14.62;-13.483
2015-10-30;122.709;0.803;-15.073;-13.895
2015-11-02;122.281;0.84;-15.698;-14.5
2015-11-03;122.167;0.849;-15.56;-14.387
2015-11-04;122.037;0.86;-14.879;-13.769
2015-11-05;122.121;0.851;-15.258;-14.113
2015-11-06;121.441;0.91;-14.8;-13.749
2015-11-09;121.823;0.876;-14.7;-13.631
2015-11-10;122.08;0.853;-15.958;-14.779
2015-11-11;122.141;0.847;-14.902;-13.792
2015-11-12;122.108;0.849;-15.274;-14.139
2015-11-13;122.504;0.814;-14.768;-13.643
2015-11-16;122.679;0.799;-16.209;-14.968
2015-11-17;122.81;0.787;-14.138;-13.037
2015-11-18;122.97;0.773;-14.758;-13.588
2015-11-19;123.284;0.744;-15.529;-14.271
2015-11-20;123.5;0.725;-15.759;-14.473
2015-11-23;123.223;0.749;-13.897;-12.781
2015-11-24;123.223;0.748;-14.848;-13.651
2015-11-25;123.502;0.724;-15.529;-14.264
2015-11-26;123.415;0.73;-15.638;-14.372
2015-11-27;123.496;0.722;-15.619;-14.349
2015-11-30;123.304;0.738;-15.569;-14.317
2015-12-01;123.541;0.717;-15.337;-14.092
2015-12-02;123.559;0.715;-16.353;-15.031
2015-12-03;121.659;0.878;-19.121;-17.75
2015-12-04;121.643;0.879;-16.414;-15.233
2015-12-07;122.518;0.803;-16.461;-15.202
2015-12-08;122.665;0.789;-15.53;-14.322
2015-12-09;122.363;0.815;-13.976;-12.908
2015-12-10;122.529;0.799;-17.208;-15.895
2015-12-11;122.933;0.764;-15.173;-13.964
2015-12-14;122.451;0.805;-15.84;-14.632
2015-12-15;121.804;0.861;-16.048;-14.87
2015-12-16;121.424;0.894;-15.387;-14.294
2015-12-17;122.177;0.827;-15.364;-14.199
2015-12-18;122.706;0.78;-16.312;-15.03
2015-12-21;122.502;0.797;-16.328;-15.07
2015-12-22;121.863;0.853;-15.654;-14.484
2015-12-23;121.519;0.881;-15.5;-14.373
2015-12-24;121.426;0.889;-14.614;-13.56
2015-12-25;121.433;0.888;-14.682;-13.623
2015-12-28;122.198;0.82;-15.786;-14.577
2015-12-29;121.552;0.877;-17.239;-15.997
2015-12-30;121.467;0.882;-15.275;-14.173
2015-12-31;121.482;0.88;-15.738;-14.6
2016-01-01;121.519;0.877;-17.918;-16.637
2016-01-04;122.132;0.823;-16.8;-15.532
2016-01-05;122.508;0.79;-16.672;-15.386
2016-01-06;122.854;0.759;-16.11;-14.83
2016-01-07;122.488;0.789;-13.944;-12.863
2016-01-08;122.754;0.766;-14.166;-13.04
2016-01-11;122.571;0.781;-16.091;-14.843
2016-01-12;122.785;0.762;-14.799;-13.62
2016-01-13;122.986;0.744;-13.773;-12.657
2016-01-14;122.717;0.766;-14.224;-13.097
2016-01-15;123.07;0.735;-15.382;-14.138
2016-01-18;123.008;0.74;-14.518;-13.345
2016-01-19;122.992;0.741;-14.78;-13.591
2016-01-20;123.596;0.688;-16.274;-14.916
2016-01-21;123.953;0.655;-14.282;-13.063
2016-01-22;123.6;0.685;-14.049;-12.884
2016-01-25;123.689;0.677;-13.485;-12.354
2016-01-26;123.953;0.654;-14.027;-12.827
2016-01-27;123.872;0.66;-10.51;-9.607
2016-01-28;124.239;0.627;-13.035;-11.896
2016-01-29;124.991;0.562;-13.868;-12.604
2016-02-01;124.885;0.57;-13.712;-12.471
2016-02-02;125.166;0.546;-12.47;-11.317
2016-02-03;125.574;0.51;-14.719;-13.345
2016-02-04;125.18;0.542;-12.538;-11.378
2016-02-05;125.29;0.532;-12.38;-11.227
2016-02-08;125.833;0.486;-13.139;-11.877
2016-02-09;125.726;0.494;-14.185;-12.838
2016-02-10;125.571;0.507;-11.542;-10.449
2016-02-11;125.933;0.474;-14.851;-13.421
2016-02-12;125.233;0.534;-13.764;-12.47
2016-02-15;125.594;0.502;-13.402;-12.135
2016-02-16;125.27;0.529;-12.5;-11.331
2016-02-17;125.333;0.523;-12.412;-11.25
2016-02-18;125.861;0.477;-11.137;-10.053
2016-02-19;125.911;0.472;-13.128;-11.85
2016-02-22;126.267;0.441;-13.336;-12.012
2016-02-23;126.23;0.443;-12.632;-11.378
2016-02-24;126.409;0.428;-13.137;-11.818
2016-02-25;126.462;0.421;-12.775;-11.496
2016-02-26;126.352;0.43;-12.571;-11.321
2016-02-29;126.795;0.392;-12.508;-11.248
2016-03-01;126.397;0.425;-12.832;-11.564
2016-03-02;125.739;0.481;-12.321;-11.15
2016-03-03;126.252;0.435;-12.806;-11.558
2016-03-04;125.633;0.488;-11.563;-10.467
2016-03-07;125.644;0.486;-11.858;-10.736
2016-03-08;126.035;0.452;-13.52;-12.212
2016-03-09;125.391;0.507;-12.616;-11.446
2016-03-10;124.89;0.548;-12.603;-11.446
2016-03-11;125.151;0.525;-12.72;-11.541
2016-03-14;124.985;0.539;-14.36;-13.041
2016-03-15;124.734;0.56;-12.658;-11.506
2016-03-16;124.956;0.54;-9.122;-8.267
2016-03-17;125.84;0.463;-12.972;-11.712
2016-03-18;125.939;0.454;-13.222;-11.933
2016-03-21;125.699;0.474;-13.186;-11.921
2016-03-22;125.772;0.467;-14.457;-13.064
2016-03-23;125.897;0.453;-12.804;-11.553
2016-03-24;125.939;0.449;-12.809;-11.552
2016-03-25;125.937;0.449;-13.14;-11.85
2016-03-28;125.937;0.449;-12.663;-11.421
2016-03-29;126.39;0.41;-12.555;-11.303
2016-03-30;126.152;0.43;-12.294;-11.076
2016-03-31;126.172;0.426;-13.072;-11.777
2016-04-01;126.4;0.406;-13.054;-11.75
2016-04-04;126.446;0.401;-13.509;-12.158
2016-04-05;126.809;0.37;-13.665;-12.261
2016-04-06;126.571;0.39;-13.759;-12.373
2016-04-07;126.819;0.367;-13.745;-12.334
2016-04-08;126.722;0.374;-13.663;-12.272
2016-04-11;126.54;0.389;-13.664;-12.294
2016-04-12;125.959;0.439;-13.462;-12.147
2016-04-13;126.374;0.402;-13.125;-11.822
2016-04-14;125.981;0.435;-13.882;-12.523
2016-04-15;126.435;0.395;-14.208;-12.8
2016-04-18;126.099;0.423;-13.181;-11.891
2016-04-19;126.016;0.43;-13.825;-12.444
2016-04-20;126.122;0.42;-15.535;-13.976
2016-04-21;125.326;0.487;-12.938;-11.702
2016-04-22;125.331;0.486;-13.532;-12.235
2016-04-25;124.976;0.517;-13.677;-12.388
2016-04-26;124.512;0.557;-13.647;-12.404
2016-04-27;124.699;0.54;-11.948;-10.816
2016-04-28;124.962;0.515;-12.065;-10.946
2016-04-29;124.738;0.534;-13.481;-12.238
2016-05-02;124.857;0.523;-13.827;-12.513
2016-05-03;125.567;0.461;-13.725;-12.391
2016-05-04;125.527;0.463;-13.473;-12.179
2016-05-05;125.937;0.426;-12.285;-11.092
2016-05-06;126.078;0.413;-14.908;-13.436
2016-05-09;126.323;0.392;-13.721;-12.347
2016-05-10;126.385;0.386;-13.516;-12.166
2016-05-11;126.309;0.392;-13.146;-11.83
2016-05-12;125.971;0.419;-13.788;-12.424
2016-05-13;126.331;0.387;-13.772;-12.393
2016-05-16;126.124;0.405;-14.489;-13.064
2016-05-17;126.17;0.4;-14.683;-13.234
2016-05-18;125.826;0.429;-15.966;-14.397
2016-05-19;125.816;0.429;-13.782;-12.423
2016-05-20;125.884;0.422;-14.25;-12.851
2016-05-23;125.671;0.44;-14.154;-12.799
2016-05-24;125.676;0.439;-13.453;-12.142
2016-05-25;126.004;0.41;-14.033;-12.638
2016-05-26;126.074;0.402;-13.631;-12.311
2016-05-27;126.104;0.399;-13.994;-12.598
2016-05-30;125.829;0.422;-14.66;-13.209
2016-05-31;126.083;0.399;-14.073;-12.668
2016-06-01;126.103;0.397;-14.211;-12.771
2016-06-02;126.212;0.386;-14.177;-12.726
2016-06-03;126.687;0.344;-14.309;-12.793
2016-06-06;126.402;0.368;-14.435;-12.929
2016-06-07;126.718;0.34;-15.049;-13.464
2016-06-08;126.649;0.345;-14.842;-13.25
2016-06-09;126.845;0.327;-14.734;-13.136
2016-06-10;126.944;0.317;-14.628;-13.048
2016-06-13;126.856;0.324;-14.808;-13.199
2016-06-14;126.981;0.313;-14.807;-13.207
2016-06-15;127.072;0.304;-14.252;-12.703
2016-06-16;127.155;0.295;-15.593;-13.902
2016-06-17;126.956;0.312;-14.496;-12.957
2016-06-20;126.699;0.334;-14.658;-13.095
2016-06-21;126.672;0.335;-15.337;-13.735
2016-06-22;126.443;0.355;-13.58;-12.141
2016-06-23;126.069;0.386;-14.968;-13.412
2016-06-24;127.146;0.291;-15.437;-13.767
2016-06-27;127.871;0.228;-15.183;-13.41
2016-06-28;127.873;0.227;-15.571;-13.807
2016-06-29;127.989;0.217;-16.613;-14.739
2016-06-30;127.89;0.223;-18.566;-16.533
2016-07-01;128.358;0.182;-15.585;-13.824
2016-07-04;128.759;0.147;-15.29;-13.563
2016-07-05;129.118;0.116;-15.221;-13.473
2016-07-06;129.106;0.116;-15.943;-14.083
2016-07-07;129.093;0.115;-16.849;-14.904
2016-07-08;129.324;0.095;-15.897;-14.028
2016-07-11;129.176;0.107;-17.571;-15.513
2016-07-12;128.608;0.155;-18.345;-16.216
2016-07-13;129.167;0.106;-17.775;-15.684
2016-07-14;128.887;0.128;-18.329;-16.189
2016-07-15;128.512;0.16;-18.778;-16.628
2016-07-18;128.807;0.134;-18.852;-16.678
2016-07-19;128.796;0.134;-19.673;-17.426
2016-07-20;128.643;0.147;-19.765;-17.489
2016-07-21;128.596;0.149;-20.511;-18.166
2016-07-22;128.708;0.138;-21.365;-18.926
2016-07-25;128.87;0.124;-21.862;-19.358
2016-07-26;128.841;0.126;-21.628;-19.152
2016-07-27;129.402;0.077;-22.333;-19.723
2016-07-28;129.481;0.068;-22.615;-19.954
2016-07-29;129.739;0.045;-22.09;-19.457
2016-08-01;129.642;0.053;-22.642;-19.965
2016-08-02;129.033;0.104;-22.981;-20.354
2016-08-03;129.134;0.095;-22.708;-20.099
2016-08-04;129.75;0.04;-23.971;-21.138
2016-08-05;129.467;0.064;-24.49;-21.647
2016-08-08;129.471;0.063;-24.301;-21.464
2016-08-09;129.716;0.041;-24.506;-21.614
2016-08-10;130.188;0.0;-25.806;-22.718
2016-08-11;129.986;0.015;-28.056;-24.73
2016-08-12;130.135;0.002;-27.068;-23.848
2016-08-15;129.817;0.028;-27.187;-23.982
2016-08-16;129.446;0.059;-26.581;-23.487
2016-08-17;129.688;0.038;-27.666;-24.412
2016-08-18;129.987;0.01;-27.808;-24.509
2016-08-19;129.605;0.042;-28.304;-24.995
2016-08-22;130.111;-0.002;-28.683;-25.264
2016-08-23;130.195;-0.01;-28.549;-25.126
2016-08-24;130.165;-0.008;-28.748;-25.304
2016-08-25;130.017;0.003;-28.54;-25.145
2016-08-26;129.973;0.006;-28.959;-25.526
2016-08-29;130.057;-0.002;-28.404;-25.024
2016-08-30;130.218;-0.017;-28.314;-24.916
2016-08-31;129.971;0.004;-28.904;-25.492
2016-09-01;129.925;0.006;-28.555;-25.197
2016-09-02;129.716;0.023;-28.518;-25.193
2016-09-05;129.86;0.01;-28.349;-25.019
2016-09-06;130.34;-0.032;-28.339;-24.926
2016-09-07;130.398;-0.038;-28.382;-24.959
2016-09-08;129.807;0.011;-28.758;-25.369
2016-09-09;129.123;0.069;-28.922;-25.628
2016-09-12;128.94;0.085;-28.255;-25.055
2016-09-13;128.603;0.113;-28.305;-25.153
2016-09-14;129.012;0.077;-28.539;-25.311
2016-09-15;128.868;0.087;-28.496;-25.238
2016-09-16;129.106;0.066;-29.441;-26.083
2016-09-19;129.017;0.073;-29.132;-25.81
2016-09-20;129.38;0.041;-29.758;-26.322
2016-09-21;129.171;0.058;-28.318;-25.042
2016-09-22;130.07;-0.022;-30.329;-26.731
2016-09-23;130.025;-0.018;-29.683;-26.155
2016-09-26;130.291;-0.042;-30.208;-26.585
2016-09-27;130.295;-0.043;-30.011;-26.379
2016-09-28;130.379;-0.051;-31.285;-27.509
2016-09-29;130.261;-0.043;-30.803;-27.142
2016-09-30;130.082;-0.028;-29.877;-26.291
2016-10-03;129.833;-0.008;-29.852;-26.297
2016-10-04;129.587;0.013;-30.876;-27.266
2016-10-05;129.077;0.057;-30.107;-26.644
2016-10-06;129.136;0.049;-31.396;-27.794
2016-10-07;128.81;0.077;-30.175;-26.747
2016-10-10;128.329;0.119;-30.399;-27.034
2016-10-11;128.637;0.091;-31.222;-27.73
2016-10-12;128.303;0.12;-29.769;-26.454
2016-10-13;128.585;0.093;-30.314;-26.896
2016-10-14;128.349;0.113;-31.313;-27.838
2016-10-17;128.371;0.11;-30.694;-27.282
2016-10-18;128.621;0.088;-30.751;-27.256
2016-10-19;128.676;0.082;-31.439;-27.874
2016-10-20;128.855;0.064;-31.187;-27.601
2016-10-21;128.793;0.069;-30.985;-27.412
2016-10-24;128.636;0.082;-31.386;-27.812
2016-10-25;128.586;0.086;-31.423;-27.859
2016-10-26;128.096;0.128;-31.222;-27.738
2016-10-27;127.415;0.187;-31.148;-27.804
2016-10-28;127.412;0.186;-30.7;-27.346
2016-10-31;127.451;0.182;-30.614;-27.275
2016-11-01;127.241;0.2;-30.13;-26.871
2016-11-02;127.648;0.163;-32.144;-28.592
2016-11-03;127.227;0.199;-31.423;-28.002
2016-11-04;127.442;0.179;-31.908;-28.404
2016-11-07;127.263;0.194;-31.75;-28.32
2016-11-08;126.97;0.22;-31.504;-28.144
2016-11-09;126.691;0.244;-35.732;-32.034
2016-11-10;125.932;0.311;-31.892;-28.694
2016-11-11;125.632;0.337;-32.49;-29.251
2016-11-14;125.435;0.355;-31.448;-28.335
2016-11-15;125.416;0.356;-30.927;-27.888
2016-11-16;125.416;0.355;-30.045;-27.057
2016-11-17;125.485;0.347;-31.073;-27.986
2016-11-18;125.433;0.351;-29.729;-26.715
2016-11-21;125.506;0.344;-30.13;-27.044
2016-11-22;125.859;0.311;-30.437;-27.355
2016-11-23;125.752;0.32;-29.195;-26.303
2016-11-24;125.671;0.325;-29.741;-26.768
2016-11-25;125.596;0.332;-28.377;-25.523
2016-11-28;125.857;0.307;-28.536;-25.528
2016-11-29;125.883;0.304;-27.73;-24.801
2016-11-30;125.263;0.36;-28.716;-25.939
2016-12-01;124.421;0.436;-29.244;-26.51
2016-12-02;125.205;0.363;-28.147;-25.389
2016-12-05;124.816;0.398;-27.824;-25.178
2016-12-06;124.369;0.439;-29.092;-26.404
2016-12-07;124.535;0.423;-28.739;-26.057
2016-12-08;124.319;0.441;-28.293;-25.63
2016-12-09;124.304;0.441;-28.837;-26.156
2016-12-12;123.809;0.487;-28.036;-25.57
2016-12-13;124.26;0.444;-28.268;-25.698
2016-12-14;124.737;0.4;-28.501;-25.874
2016-12-15;124.203;0.447;-27.44;-24.945
2016-12-16;124.489;0.42;-28.499;-25.86
2016-12-19;125.055;0.367;-28.65;-25.906
2016-12-20;124.818;0.388;-28.699;-25.993
2016-12-21;124.987;0.372;-28.805;-26.052
2016-12-22;124.729;0.393;-28.866;-26.152
2016-12-23;125.068;0.361;-29.939;-27.069
2016-12-27;125.18;0.35;-29.41;-26.572
2016-12-28;125.205;0.347;-29.298;-26.459
2016-12-29;125.542;0.314;-29.266;-26.397
2016-12-30;125.417;0.325;-29.251;-26.39
2017-01-02;125.434;0.323;-29.28;-26.462
2017-01-03;124.968;0.365;-27.828;-25.185
2017-01-04;124.911;0.37;-28.688;-25.969
2017-01-05;125.115;0.349;-28.961;-26.176
2017-01-06;124.661;0.391;-28.991;-26.297
2017-01-09;124.893;0.368;-28.921;-26.178
2017-01-10;124.872;0.37;-28.848;-26.114
2017-01-11;125.208;0.338;-28.117;-25.432
2017-01-12;125.264;0.331;-28.777;-25.997
2017-01-13;125.07;0.348;-28.849;-26.087
2017-01-16;125.096;0.345;-29.496;-26.7
2017-01-17;125.107;0.343;-28.485;-25.757
2017-01-18;124.738;0.377;-28.386;-25.72
2017-01-19;124.396;0.407;-28.932;-26.267
2017-01-20;124.001;0.443;-28.51;-25.942
2017-01-23;124.486;0.397;-28.202;-25.583
2017-01-24;124.051;0.437;-28.229;-25.693
2017-01-25;123.508;0.488;-28.073;-25.627
2017-01-26;123.324;0.504;-27.659;-25.259
2017-01-27;123.473;0.489;-28.107;-25.623
2017-01-30;123.5;0.486;-28.276;-25.802
2017-01-31;123.536;0.482;-28.22;-25.751
2017-02-01;123.283;0.505;-28.049;-25.63
2017-02-02;123.645;0.469;-28.14;-25.663
2017-02-03;123.7;0.463;-27.786;-25.316
2017-02-06;123.919;0.442;-27.216;-24.781
2017-02-07;123.862;0.446;-26.957;-24.541
2017-02-08;124.365;0.398;-26.21;-23.79
2017-02-09;124.278;0.405;-27.185;-24.526
2017-02-10;124.008;0.43;-26.394;-24.01
2017-02-13;123.813;0.447;-26.994;-24.583
2017-02-14;123.513;0.475;-26.885;-24.533
2017-02-15;123.582;0.468;-26.616;-24.281
2017-02-16;123.922;0.434;-26.599;-24.217
2017-02-17;124.143;0.412;-26.778;-24.364
2017-02-20;124.094;0.416;-26.454;-24.071
2017-02-21;123.958;0.428;-26.31;-23.958
2017-02-22;124.113;0.413;-26.253;-23.885
2017-02-23;124.422;0.382;-26.124;-23.728
2017-02-24;124.764;0.349;-26.42;-23.938
2017-02-27;124.803;0.345;-27.304;-24.744
2017-02-28;124.867;0.338;-26.531;-24.037
2017-03-01;124.419;0.38;-25.874;-23.509
2017-03-02;123.965;0.421;-25.816;-23.516
2017-03-03;123.537;0.461;-26.417;-24.115
2017-03-06;123.618;0.452;-26.385;-24.046
2017-03-07;123.735;0.441;-26.389;-24.043
2017-03-08;123.453;0.467;-26.67;-24.32
2017-03-09;122.775;0.53;-27.106;-24.813
2017-03-10;122.287;0.576;-27.186;-24.956
2017-03-13;122.448;0.56;-27.434;-25.155
2017-03-14;122.699;0.535;-27.231;-24.941
2017-03-15;123.027;0.503;-27.155;-24.798
2017-03-16;122.76;0.527;-27.629;-25.389
2017-03-17;122.911;0.512;-27.59;-25.24
2017-03-20;122.852;0.517;-27.603;-25.24
2017-03-21;122.755;0.526;-27.341;-25.007
2017-03-22;123.095;0.492;-27.342;-24.969
2017-03-23;122.965;0.503;-27.243;-24.902
2017-03-24;123.083;0.491;-27.693;-25.287
2017-03-27;123.271;0.472;-26.942;-24.572
2017-03-28;123.39;0.46;-27.829;-25.373
2017-03-29;123.65;0.435;-27.352;-24.914
2017-03-30;123.755;0.423;-27.106;-24.67
2017-03-31;123.712;0.426;-26.772;-24.378
2017-04-03;124.045;0.394;-27.671;-25.148
2017-04-04;124.076;0.39;-27.365;-24.856
2017-04-05;124.044;0.392;-27.499;-25.01
2017-04-06;124.017;0.393;-27.355;-24.873
2017-04-07;124.217;0.373;-28.74;-26.131
2017-04-10;124.331;0.362;-27.61;-25.059
2017-04-11;124.357;0.359;-28.275;-25.633
2017-04-12;124.391;0.352;-27.713;-25.136
2017-04-13;124.6;0.331;-27.65;-25.007
2017-04-18;124.837;0.308;-28.091;-25.345
2017-04-19;124.574;0.333;-27.688;-25.016
2017-04-20;124.174;0.369;-27.854;-25.233
2017-04-21;123.934;0.391;-28.438;-25.79
2017-04-24;123.594;0.423;-27.521;-25.061
2017-04-25;123.136;0.467;-28.107;-25.649
2017-04-26;123.299;0.45;-28.732;-26.192
2017-04-27;123.696;0.409;-28.492;-25.94
2017-04-28;123.505;0.427;-28.198;-25.691
2017-05-02;123.454;0.432;-28.451;-25.952
2017-05-03;123.519;0.425;-28.302;-25.785
2017-05-04;123.027;0.47;-28.148;-25.706
2017-05-05;122.83;0.489;-28.318;-25.933
2017-05-08;122.885;0.483;-28.36;-25.91
2017-05-09;122.855;0.485;-28.252;-25.859
2017-05-10;122.975;0.473;-28.851;-26.362
2017-05-11;122.978;0.471;-27.842;-25.456
2017-05-12;123.255;0.443;-27.427;-25.024
2017-05-15;123.055;0.462;-27.672;-25.259
2017-05-16;122.961;0.47;-28.401;-25.824
2017-05-17;123.355;0.431;-27.193;-24.764
2017-05-18;123.477;0.418;-27.505;-25.05
2017-05-19;123.288;0.435;-27.913;-25.447
2017-05-22;123.03;0.46;-27.68;-25.24
2017-05-23;122.92;0.47;-27.697;-25.272
2017-05-24;122.912;0.47;-27.855;-25.419
2017-05-25;123.162;0.444;-28.218;-25.751
2017-05-26;123.384;0.421;-27.988;-25.481
2017-05-29;123.528;0.407;-27.981;-25.467
2017-05-30;123.598;0.399;-28.366;-25.593
2017-05-31;123.523;0.406;-28.315;-25.78
2017-06-01;123.405;0.415;-28.058;-25.56
2017-06-02;123.544;0.401;-28.117;-25.593
2017-06-05;123.48;0.407;-27.68;-25.459
2017-06-06;123.656;0.389;-28.134;-25.582
2017-06-07;123.673;0.386;-27.704;-25.185
2017-06-08;123.733;0.379;-28.093;-25.569
2017-06-09;123.707;0.38;-27.708;-25.175
2017-06-12;123.833;0.367;-27.788;-25.21
2017-06-13;123.673;0.382;-27.992;-25.438
2017-06-14;124.058;0.344;-28.063;-25.44
2017-06-15;123.682;0.379;-28.206;-25.626
2017-06-16;123.787;0.368;-28.273;-26.011
2017-06-19;123.738;0.372;-28.7;-26.08
2017-06-20;123.964;0.349;-29.186;-26.273
2017-06-21;124.007;0.344;-29.156;-26.425
2017-06-22;124.147;0.329;-29.167;-26.412
2017-06-23;124.014;0.341;-28.47;-26.124
2017-06-26;124.025;0.339;-28.91;-26.2
2017-06-27;123.134;0.426;-29.817;-27.142
2017-06-28;123.155;0.423;-29.214;-26.614
2017-06-29;122.432;0.493;-28.451;-26.065
2017-06-30;122.277;0.507;-28.982;-26.562
2017-07-03;122.181;0.516;-29.502;-27.052
2017-07-04;122.081;0.526;-28.994;-26.581
2017-07-05;122.116;0.521;-29.186;-26.768
2017-07-06;121.427;0.589;-29.419;-26.797
2017-07-07;121.354;0.595;-29.182;-26.912
2017-07-10;121.627;0.567;-29.185;-26.762
2017-07-11;121.568;0.572;-28.523;-26.231
2017-07-12;121.871;0.541;-29.342;-26.936
2017-07-13;121.717;0.555;-28.621;-26.316
2017-07-14;121.694;0.557;-29.046;-26.731
2017-07-17;121.762;0.549;-28.956;-26.617
2017-07-18;121.92;0.533;-29.142;-26.765
2017-07-19;122.094;0.515;-29.006;-26.621
2017-07-20;122.095;0.513;-29.017;-26.635
2017-07-21;122.284;0.493;-29.572;-26.874
2017-07-24;122.29;0.492;-29.889;-27.158
2017-07-25;121.839;0.536;-29.236;-26.891
2017-07-26;121.882;0.531;-29.257;-26.927
2017-07-27;122.012;0.516;-29.554;-27.164
2017-07-28;121.868;0.53;-29.939;-27.535
2017-07-31;121.792;0.537;-29.554;-27.203
2017-08-01;122.273;0.488;-29.619;-27.162
2017-08-02;122.306;0.484;-29.412;-26.975
2017-08-03;122.502;0.463;-29.598;-27.12
2017-08-04;122.405;0.472;-29.798;-27.353
2017-08-07;122.473;0.464;-29.442;-26.995
2017-08-08;122.424;0.469;-30.125;-27.64
2017-08-09;122.744;0.436;-29.79;-27.322
2017-08-10;122.877;0.421;-29.748;-27.218
2017-08-11;123.111;0.396;-30.299;-27.691
2017-08-14;122.866;0.42;-30.017;-27.472
2017-08-15;122.692;0.437;-30.001;-27.474
2017-08-16;122.656;0.44;-30.384;-27.836
2017-08-17;122.884;0.415;-30.872;-28.248
2017-08-18;122.884;0.414;-30.529;-27.938
2017-08-21;123.017;0.4;-30.411;-27.814
2017-08-22;123.011;0.4;-30.657;-28.048
2017-08-23;123.153;0.385;-30.236;-27.623
2017-08-24;123.127;0.386;-31.178;-28.495
2017-08-25;123.081;0.39;-30.494;-27.877
2017-08-28;123.122;0.385;-30.898;-28.238
2017-08-29;123.434;0.353;-31.292;-28.546
2017-08-30;123.382;0.358;-31.453;-28.703
2017-08-31;123.358;0.358;-31.111;-28.398
2017-09-01;123.25;0.368;-31.21;-28.515
2017-09-04;123.4;0.352;-31.891;-29.108
2017-09-05;123.716;0.32;-31.336;-28.551
2017-09-06;123.456;0.345;-31.936;-29.136
2017-09-07;123.63;0.326;-32.239;-29.386
2017-09-08;123.547;0.333;-32.435;-29.569
2017-09-11;123.433;0.344;-32.16;-29.344
2017-09-12;122.962;0.391;-32.284;-29.556
2017-09-13;122.998;0.386;-32.412;-29.665
2017-09-14;122.856;0.399;-32.698;-29.952
2017-09-15;122.616;0.422;-32.004;-29.341
2017-09-18;122.466;0.437;-32.436;-29.768
2017-09-19;122.583;0.424;-33.029;-30.294
2017-09-20;122.718;0.41;-33.411;-30.63
2017-09-21;122.548;0.425;-33.688;-30.9
2017-09-22;122.582;0.421;-33.395;-30.618
2017-09-25;122.923;0.386;-33.729;-30.843
2017-09-26;122.862;0.391;-33.547;-30.71
2017-09-27;122.419;0.435;-33.474;-30.712
2017-09-28;122.276;0.448;-32.988;-30.288
2017-09-29;122.37;0.438;-33.868;-31.091
2017-10-02;122.422;0.432;-34.043;-31.236
2017-10-03;122.33;0.44;-33.811;-31.052
2017-10-04;122.442;0.428;-34.487;-31.63
2017-10-05;122.512;0.419;-34.148;-31.324
2017-10-06;122.411;0.429;-34.318;-31.421
2017-10-09;122.589;0.41;-34.373;-31.517
2017-10-10;122.583;0.41;-34.507;-31.634
2017-10-11;122.423;0.425;-34.961;-32.065
2017-10-12;122.596;0.406;-35.014;-32.123
2017-10-13;122.856;0.378;-35.068;-32.076
2017-10-16;123.145;0.348;-35.621;-32.537
2017-10-17;123.255;0.336;-36.011;-32.868
2017-10-18;123.018;0.36;-36.238;-33.121
2017-10-19;122.997;0.36;-36.124;-33.032
2017-10-20;122.553;0.404;-36.071;-33.083
2017-10-23;122.746;0.384;-36.443;-33.377
2017-10-24;122.448;0.414;-36.152;-33.161
2017-10-25;122.36;0.422;-36.202;-33.214
2017-10-26;122.822;0.373;-37.006;-33.888
2017-10-27;122.975;0.356;-36.81;-33.653
2017-10-30;123.161;0.337;-37.171;-33.95
2017-10-31;123.22;0.33;-36.994;-33.786
2017-11-01;123.118;0.34;-37.062;-33.86
2017-11-02;123.165;0.333;-37.252;-33.987
2017-11-03;123.222;0.326;-37.483;-34.221
2017-11-06;123.444;0.303;-37.5;-34.205
2017-11-07;123.505;0.296;-37.693;-34.377
2017-11-08;123.498;0.296;-38.318;-34.94
2017-11-09;123.2;0.324;-37.762;-34.485
2017-11-10;122.926;0.351;-38.085;-34.842
2017-11-13;122.888;0.354;-38.307;-35.062
2017-11-14;123.074;0.335;-38.429;-35.13
2017-11-15;123.224;0.319;-38.075;-34.75
2017-11-16;123.22;0.317;-38.211;-34.88
2017-11-17;123.263;0.312;-38.17;-34.844
2017-11-20;123.288;0.308;-38.787;-35.393
2017-11-21;123.418;0.294;-38.381;-35.011
2017-11-22;123.404;0.295;-38.855;-35.135
2017-11-23;123.435;0.29;-38.623;-35.225
2017-11-24;123.315;0.301;-38.652;-35.259
2017-11-27;123.476;0.284;-38.557;-35.127
2017-11-28;123.435;0.288;-38.823;-35.362
2017-11-29;123.131;0.318;-38.915;-35.474
2017-11-30;123.17;0.312;-38.479;-35.096
2017-12-01;123.605;0.266;-39.111;-35.519
2017-12-04;123.439;0.283;-39.258;-35.762
2017-12-05;123.589;0.267;-38.926;-35.454
2017-12-06;123.676;0.257;-39.21;-35.675
2017-12-07;123.562;0.266;-38.993;-35.513
2017-12-08;123.437;0.278;-38.948;-35.462
2017-12-11;123.564;0.265;-39.389;-35.871
2017-12-12;123.383;0.282;-39.015;-35.544
2017-12-13;123.425;0.277;-39.26;-35.76
2017-12-14;123.499;0.268;-38.976;-35.52
2017-12-15;123.564;0.26;-39.522;-35.953
2017-12-18;123.491;0.267;-39.412;-35.893
2017-12-19;122.983;0.318;-39.318;-35.894
2017-12-20;122.725;0.344;-38.66;-35.363
2017-12-21;122.568;0.357;-38.905;-35.632
2017-12-22;122.483;0.365;-39.035;-35.766
2017-12-27;122.744;0.337;-39.008;-35.671
2017-12-28;122.496;0.36;-39.216;-35.905
2017-12-29;122.489;0.36;-39.342;-36.021
2018-01-02;122.267;0.383;-38.934;-35.693
2018-01-03;122.424;0.365;-38.501;-35.253
2018-01-04;122.402;0.366;-37.834;-34.641
2018-01-05;122.355;0.37;-37.781;-34.61
2018-01-08;122.464;0.358;-37.911;-34.702
2018-01-09;122.226;0.382;-37.762;-34.618
2018-01-10;122.06;0.398;-37.943;-34.816
2018-01-11;121.604;0.444;-37.44;-34.431
2018-01-12;121.545;0.45;-37.408;-34.422
2018-01-15;121.449;0.459;-37.606;-34.618
2018-01-16;121.575;0.445;-36.85;-33.887
2018-01-17;121.562;0.446;-36.125;-33.219
2018-01-18;121.373;0.464;-36.024;-33.156
2018-01-19;121.285;0.472;-35.053;-32.318
2018-01-22;121.2;0.481;-34.724;-32.022
2018-01-23;121.216;0.478;-34.72;-32.0
2018-01-24;121.032;0.497;-34.059;-31.416
2018-01-25;120.755;0.524;-33.532;-30.943
2018-01-26;120.551;0.546;-33.533;-30.995
2018-01-29;119.951;0.609;-32.258;-29.926
2018-01-30;119.788;0.626;-29.846;-27.718
2018-01-31;119.698;0.635;-28.751;-26.714
2018-02-01;119.427;0.663;-28.024;-26.084
2018-02-02;119.116;0.696;-26.818;-25.009
2018-02-05;119.257;0.68;-26.898;-25.052
2018-02-06;119.573;0.645;-27.912;-25.942
2018-02-07;119.276;0.676;-27.258;-25.385
2018-02-08;119.142;0.689;-26.79;-24.964
2018-02-09;119.125;0.69;-26.856;-25.043
2018-02-12;118.878;0.716;-27.798;-25.963
2018-02-13;118.947;0.708;-27.482;-25.665
2018-02-14;118.879;0.715;-28.037;-26.235
2018-02-15;118.782;0.724;-28.328;-26.482
2018-02-16;119.172;0.68;-28.311;-26.395
2018-02-19;118.964;0.703;-28.039;-26.188
2018-02-20;118.967;0.702;-27.931;-26.084
2018-02-21;119.105;0.686;-27.865;-25.992
2018-02-22;119.129;0.681;-28.435;-26.544
2018-02-23;119.448;0.646;-28.226;-26.252
2018-02-26;119.456;0.644;-28.526;-26.53
2018-02-27;119.351;0.655;-28.628;-26.651
2018-02-28;119.503;0.638;-28.463;-26.472
2018-03-01;119.521;0.634;-28.048;-26.074
2018-03-02;119.485;0.637;-27.887;-25.93
2018-03-05;119.449;0.64;-28.699;-26.689
2018-03-06;119.259;0.66;-27.801;-25.879
2018-03-07;119.442;0.64;-27.26;-25.337
2018-03-08;119.565;0.624;-27.716;-25.741
2018-03-09;119.454;0.636;-27.505;-25.567
2018-03-12;119.559;0.624;-27.76;-25.796
2018-03-13;119.652;0.613;-28.285;-26.274
2018-03-14;119.852;0.59;-28.02;-25.997
2018-03-15;120.029;0.569;-27.955;-25.889
2018-03-16;120.027;0.568;-27.995;-25.93
2018-03-19;119.989;0.572;-28.178;-26.091
2018-03-20;119.875;0.584;-28.119;-26.068
2018-03-21;119.787;0.593;-28.166;-26.125
2018-03-22;120.172;0.548;-28.601;-26.47
2018-03-23;120.129;0.552;-28.617;-26.501
2018-03-26;120.145;0.55;-28.405;-26.282
2018-03-27;120.35;0.527;-28.244;-26.093
2018-03-28;120.393;0.519;-29.026;-26.84
2018-03-29;120.444;0.513;-28.441;-26.285
2018-04-03;120.498;0.506;-28.67;-26.495
2018-04-04;120.592;0.495;-29.46;-27.211
2018-04-05;120.387;0.515;-29.337;-27.127
2018-04-06;120.565;0.495;-29.192;-26.972
2018-04-09;120.547;0.496;-29.222;-27.009
2018-04-10;120.527;0.498;-28.754;-26.552
2018-04-11;120.625;0.486;-29.466;-27.208
2018-04-12;120.503;0.498;-29.463;-27.226
2018-04-13;120.512;0.496;-29.126;-26.901
2018-04-16;120.409;0.506;-29.094;-26.914
2018-04-17;120.548;0.49;-29.256;-27.017
2018-04-18;120.433;0.502;-29.156;-26.954
2018-04-19;119.978;0.55;-29.276;-27.101
2018-04-20;119.926;0.555;-29.064;-26.931
2018-04-23;119.736;0.575;-28.921;-26.851
2018-04-24;119.752;0.573;-28.625;-26.572
2018-04-25;119.675;0.581;-29.406;-27.312
2018-04-26;119.921;0.552;-29.419;-27.29
2018-04-27;120.072;0.533;-29.453;-27.285
2018-04-30;120.165;0.522;-29.348;-27.18
2018-05-02;120.04;0.536;-29.512;-27.351
2018-05-03;120.375;0.496;-29.502;-27.3
2018-05-04;120.337;0.5;-29.4;-27.211
2018-05-07;120.414;0.491;-29.549;-27.321
2018-05-08;120.137;0.521;-29.776;-27.6
2018-05-09;120.106;0.523;-29.45;-27.28
2018-05-10;120.098;0.522;-29.152;-26.992
2018-05-11;120.008;0.531;-29.401;-27.24
2018-05-14;119.658;0.569;-29.166;-27.062
2018-05-15;119.383;0.599;-29.029;-26.998
2018-05-16;119.56;0.579;-29.193;-27.11
2018-05-17;119.327;0.603;-28.936;-26.926
2018-05-18;119.68;0.563;-28.773;-26.678
2018-05-21;119.898;0.538;-29.444;-27.268
2018-05-22;119.732;0.555;-29.082;-26.962
2018-05-23;120.061;0.518;-29.446;-27.244
2018-05-24;120.277;0.492;-28.937;-26.738
2018-05-25;120.683;0.446;-29.066;-26.746
2018-05-28;120.89;0.423;-28.699;-26.394
2018-05-29;121.153;0.393;-28.427;-25.976
2018-05-30;120.562;0.458;-27.225;-25.038
2018-05-31;120.666;0.444;-26.851;-24.694
2018-06-01;120.493;0.462;-27.769;-25.595
2018-06-04;120.289;0.484;-27.237;-25.173
2018-06-05;120.487;0.461;-28.426;-26.212
2018-06-06;119.81;0.536;-26.953;-24.959
2018-06-07;119.625;0.555;-26.627;-24.619
2018-06-08;119.796;0.535;-27.283;-25.257
2018-06-11;119.631;0.553;-26.929;-24.967
2018-06-12;119.699;0.544;-26.707;-24.757
2018-06-13;119.798;0.532;-26.769;-24.795
2018-06-14;120.217;0.483;-26.725;-24.715
2018-06-15;120.526;0.448;-26.686;-24.645
2018-06-18;120.621;0.437;-26.445;-24.405
2018-06-19;120.838;0.412;-26.173;-24.12
2018-06-20;120.724;0.424;-26.547;-24.467
2018-06-21;120.871;0.405;-26.666;-24.528
2018-06-22;120.767;0.416;-26.63;-24.513
2018-06-25;120.794;0.412;-26.369;-24.277
2018-06-26;120.646;0.428;-26.027;-24.003
2018-06-27;120.745;0.416;-26.648;-24.557
2018-06-28;120.79;0.409;-26.564;-24.499
2018-06-29;120.848;0.402;-26.767;-24.661
2018-07-02;120.838;0.402;-26.71;-24.611
2018-07-03;120.885;0.396;-26.307;-24.224
2018-07-04;120.825;0.402;-26.518;-24.434
2018-07-05;120.84;0.398;-26.237;-24.185
2018-07-06;120.859;0.395;-26.276;-24.212
2018-07-09;120.845;0.396;-26.251;-24.196
2018-07-10;120.694;0.412;-26.21;-24.163
2018-07-11;120.711;0.409;-26.059;-24.029
2018-07-12;120.734;0.404;-26.337;-24.296
2018-07-13;120.804;0.396;-26.28;-24.243
2018-07-16;120.654;0.412;-25.997;-23.978
2018-07-17;120.774;0.398;-26.257;-24.208
2018-07-18;120.813;0.393;-26.151;-24.105
2018-07-19;120.827;0.389;-25.789;-23.764
2018-07-20;120.582;0.415;-26.219;-24.211
2018-07-23;120.364;0.439;-26.14;-24.156
2018-07-24;120.452;0.428;-26.072;-24.067
2018-07-25;120.488;0.424;-26.263;-24.229
2018-07-26;120.346;0.437;-26.445;-24.428
2018-07-27;120.309;0.441;-26.209;-24.211
2018-07-30;120.042;0.47;-25.382;-23.482
2018-07-31;120.036;0.47;-25.927;-23.985
2018-08-01;119.817;0.494;-25.647;-23.755
2018-08-02;119.88;0.485;-26.163;-24.226
2018-08-03;120.137;0.455;-26.32;-24.332
2018-08-06;120.253;0.441;-26.262;-24.251
2018-08-07;120.123;0.455;-26.021;-24.034
2018-08-08;120.17;0.449;-26.12;-24.116
2018-08-09;120.265;0.436;-26.149;-24.121
2018-08-10;120.598;0.397;-26.266;-24.172
2018-08-13;120.635;0.392;-25.984;-23.919
2018-08-14;120.58;0.398;-26.127;-24.073
2018-08-15;120.728;0.38;-26.299;-24.222
2018-08-16;120.633;0.389;-26.007;-23.963
2018-08-17;120.685;0.382;-26.1;-24.037
2018-08-20;120.717;0.378;-26.38;-24.294
2018-08-21;120.57;0.394;-26.261;-24.208
2018-08-22;120.548;0.395;-25.916;-23.892
2018-08-23;120.528;0.395;-26.24;-24.198
2018-08-24;120.493;0.398;-25.849;-23.84
2018-08-27;120.342;0.415;-25.998;-23.99
2018-08-28;120.327;0.416;-26.09;-24.085
2018-08-29;120.163;0.434;-25.743;-23.784
2018-08-30;120.416;0.402;-25.959;-23.949
2018-08-31;120.535;0.388;-26.103;-24.063
2018-09-03;120.516;0.389;-25.938;-23.912
2018-09-04;120.431;0.398;-26.037;-24.013
2018-09-05;120.271;0.416;-26.135;-24.118
2018-09-06;120.367;0.403;-25.991;-23.968
2018-09-07;120.179;0.423;-25.347;-23.394
2018-09-10;120.105;0.431;-26.017;-24.027
2018-09-11;119.926;0.451;-25.501;-23.58
2018-09-12;120.022;0.439;-25.84;-23.87
2018-09-13;119.952;0.445;-25.458;-23.524
2018-09-14;119.823;0.459;-25.254;-23.355
2018-09-17;119.724;0.469;-25.674;-23.77
2018-09-18;119.613;0.481;-25.475;-23.597
2018-09-19;119.507;0.493;-25.39;-23.533
2018-09-20;119.528;0.488;-25.169;-23.333
2018-09-21;119.582;0.481;-25.157;-23.316
2018-09-24;119.23;0.521;-25.097;-23.295
2018-09-25;118.976;0.55;-25.395;-23.609
2018-09-26;119.069;0.538;-24.994;-23.199
2018-09-27;119.001;0.544;-25.11;-23.32
2018-09-28;119.291;0.51;-25.291;-23.448
2018-10-01;119.211;0.518;-24.692;-22.912
2018-10-02;119.45;0.49;-25.248;-23.361
2018-10-03;119.142;0.525;-25.329;-23.517
2018-10-04;118.802;0.562;-25.244;-23.475
2018-10-05;118.53;0.593;-25.818;-24.072
2018-10-08;118.742;0.568;-25.663;-23.856
2018-10-09;118.691;0.573;-25.685;-23.56
2018-10-10;118.612;0.581;-25.335;-23.566
2018-10-11;118.741;0.564;-25.409;-23.619
2018-10-12;118.857;0.55;-24.798;-23.032
2018-10-15;118.834;0.552;-25.514;-23.748
2018-10-16;118.97;0.535;-25.061;-23.318
2018-10-17;119.175;0.51;-25.142;-23.321
2018-10-18;119.328;0.49;-25.287;-23.428
2018-10-19;119.105;0.515;-25.639;-23.841
2018-10-22;119.119;0.513;-24.885;-23.119
2018-10-23;119.337;0.486;-25.449;-23.6
2018-10-24;119.415;0.477;-25.355;-23.499
2018-10-25;119.345;0.482;-24.902;-23.115
2018-10-26;119.621;0.449;-25.56;-23.667
2018-10-29;119.509;0.462;-25.198;-23.364
2018-10-30;119.538;0.457;-25.217;-23.329
2018-10-31;119.444;0.468;-25.051;-23.225
2018-11-01;119.356;0.476;-24.64;-22.891
2018-11-02;119.262;0.486;-24.8;-23.087
2018-11-05;119.304;0.48;-24.735;-23.001
2018-11-06;119.255;0.485;-24.69;-23.022
2018-11-07;119.155;0.496;-24.568;-22.85
2018-11-08;119.08;0.503;-24.765;-23.059
2018-11-09;119.298;0.476;-24.729;-22.967
2018-11-12;119.39;0.465;-24.693;-22.926
2018-11-13;119.346;0.469;-24.671;-22.896
2018-11-14;119.413;0.46;-24.545;-22.749
2018-11-15;119.559;0.441;-24.529;-22.71
2018-11-16;119.483;0.449;-23.652;-21.925
2018-11-19;119.436;0.454;-22.864;-21.21
2018-11-20;119.551;0.439;-23.167;-21.489
2018-11-21;119.486;0.446;-22.598;-20.95
2018-11-22;119.467;0.446;-22.23;-20.616
2018-11-23;119.598;0.43;-22.154;-20.53
2018-11-26;119.49;0.442;-21.899;-20.298
2018-11-27;119.524;0.437;-21.287;-19.731
2018-11-28;119.457;0.444;-20.901;-19.374
2018-11-29;119.596;0.425;-20.335;-18.852
2018-11-30;119.635;0.42;-20.256;-18.752
2018-12-03;119.61;0.422;-19.635;-18.213
2018-12-04;119.761;0.403;-18.022;-16.683
2018-12-05;119.578;0.424;-18.467;-17.102
2018-12-06;119.697;0.408;-18.961;-17.559
2018-12-07;119.607;0.417;-17.88;-16.552
2018-12-10;119.627;0.414;-18.379;-17.012
2018-12-11;119.584;0.419;-18.033;-16.689
2018-12-12;119.373;0.443;-18.801;-17.436
2018-12-13;119.412;0.436;-17.934;-16.632
2018-12-14;119.512;0.423;-17.613;-16.305
2018-12-17;119.453;0.429;-17.175;-15.916
2018-12-18;119.575;0.414;-17.116;-15.858
2018-12-19;119.663;0.403;-16.717;-15.48
2018-12-20;119.744;0.391;-16.954;-15.683
2018-12-21;119.645;0.4;-16.478;-15.264
2018-12-24;119.645;0.399;-16.586;-15.351
2018-12-27;119.76;0.383;-16.22;-14.989
2018-12-28;119.804;0.376;-16.084;-14.872
2018-12-31;119.82;0.373;-16.359;-15.104
2019-01-02;120.293;0.316;-16.103;-14.833
2019-01-03;120.217;0.323;-14.745;-13.595
2019-01-04;119.795;0.372;-14.141;-13.061
2019-01-07;119.632;0.391;-12.891;-11.926
2019-01-08;119.434;0.414;-12.269;-11.369
2019-01-09;119.39;0.418;-12.761;-11.806
2019-01-10;119.465;0.407;-12.467;-11.554
2019-01-11;119.529;0.398;-12.378;-11.471
2019-01-14;119.641;0.384;-12.65;-11.716
2019-01-15;119.832;0.36;-12.958;-11.984
2019-01-16;119.727;0.372;-12.756;-11.793
2019-01-17;119.648;0.379;-13.063;-12.103
2019-01-18;119.469;0.399;-12.777;-11.866
2019-01-21;119.518;0.393;-12.714;-11.783
2019-01-22;119.657;0.375;-12.73;-11.766
2019-01-23;119.739;0.365;-12.308;-11.364
2019-01-24;120.034;0.327;-12.237;-11.28
2019-01-25;119.893;0.343;-12.345;-11.374
2019-01-28;119.899;0.341;-12.563;-11.568
2019-01-29;120.007;0.327;-12.702;-11.688
2019-01-30;120.097;0.316;-12.564;-11.579
2019-01-31;120.398;0.277;-12.136;-11.159
2019-02-01;120.145;0.306;-12.465;-11.491
2019-02-04;120.068;0.315;-12.524;-11.543
2019-02-05;120.106;0.309;-12.3;-11.335
2019-02-06;120.17;0.301;-12.415;-11.414
2019-02-07;120.445;0.265;-12.735;-11.68
2019-02-08;120.649;0.24;-12.615;-11.56
2019-02-11;120.468;0.261;-12.804;-11.749
2019-02-12;120.372;0.271;-12.447;-11.432
2019-02-13;120.346;0.274;-12.463;-11.434
2019-02-14;120.411;0.263;-12.847;-11.779
2019-02-15;120.413;0.262;-12.775;-11.713
2019-02-18;120.388;0.264;-12.802;-11.747
2019-02-19;120.467;0.254;-12.979;-11.907
2019-02-20;120.545;0.244;-12.474;-11.435
2019-02-21;120.331;0.267;-12.842;-11.784
2019-02-22;120.519;0.243;-12.506;-11.462
2019-02-25;120.448;0.251;-12.846;-11.775
2019-02-26;120.421;0.253;-12.946;-11.869
2019-02-27;120.195;0.28;-13.056;-11.989
2019-02-28;119.993;0.301;-12.937;-11.898
2019-03-01;119.953;0.305;-13.086;-12.029
2019-03-04;120.095;0.287;-13.246;-12.163
2019-03-05;120.086;0.287;-12.807;-11.752
2019-03-06;120.414;0.247;-13.314;-12.185
2019-03-07;120.917;0.184;-13.711;-12.518
2019-03-08;120.967;0.177;-13.7;-12.492
2019-03-11;120.916;0.182;-13.925;-12.713
2019-03-12;120.925;0.18;-13.398;-12.224
2019-03-13;120.874;0.185;-13.785;-12.592
2019-03-14;120.738;0.199;-13.742;-12.56
2019-03-15;120.753;0.196;-13.414;-12.254
2019-03-18;120.838;0.185;-13.569;-12.394
2019-03-19;120.73;0.197;-13.896;-12.726
2019-03-20;120.782;0.19;-13.575;-12.397
2019-03-21;120.997;0.161;-13.76;-12.602
2019-03-22;121.31;0.122;-13.692;-12.5
2019-03-25;121.368;0.114;-13.279;-12.119
2019-03-26;121.261;0.126;-13.654;-12.445
2019-03-27;121.802;0.06;-13.79;-12.543
2019-03-28;121.61;0.081;-13.826;-12.614
2019-03-29;121.539;0.088;-13.911;-12.662
2019-04-01;121.327;0.113;-13.596;-12.405
2019-04-02;121.465;0.095;-13.875;-12.634
2019-04-03;121.137;0.134;-14.067;-12.845
2019-04-04;121.197;0.124;-13.592;-12.414
2019-04-05;121.134;0.13;-13.76;-12.553
2019-04-08;121.143;0.128;-13.783;-12.593
2019-04-09;121.209;0.119;-13.724;-12.525
2019-04-10;121.482;0.085;-14.186;-12.94
2019-04-11;121.343;0.099;-14.102;-12.862
2019-04-12;120.968;0.144;-14.298;-13.059
2019-04-15;120.939;0.147;-14.329;-13.094
2019-04-16;120.875;0.153;-14.196;-12.966
2019-04-17;120.759;0.163;-14.555;-13.302
2019-04-18;121.106;0.12;-14.598;-13.324
2019-04-23;120.991;0.133;-14.422;-13.15
2019-04-24;121.354;0.088;-14.974;-13.62
2019-04-25;121.252;0.097;-15.117;-13.805
2019-04-26;121.322;0.088;-15.389;-14.035
2019-04-29;121.211;0.099;-15.251;-13.906
2019-04-30;121.168;0.103;-15.275;-13.92
2019-05-02;121.089;0.11;-15.135;-13.824
2019-05-03;121.081;0.11;-15.297;-13.973
2019-05-06;121.178;0.097;-15.097;-13.788
2019-05-07;121.447;0.064;-15.426;-14.054
2019-05-08;121.433;0.064;-15.475;-14.093
2019-05-09;121.403;0.065;-15.774;-14.37
2019-05-10;121.401;0.064;-15.664;-14.265
2019-05-13;121.55;0.045;-15.203;-13.839
2019-05-14;121.635;0.034;-15.534;-14.136
2019-05-15;121.744;0.02;-15.119;-13.752
2019-05-16;121.649;0.028;-15.791;-14.382
2019-05-17;121.731;0.017;-15.33;-13.95
2019-05-20;121.651;0.026;-15.65;-14.249
2019-05-21;121.581;0.033;-15.557;-14.154
2019-05-22;121.692;0.019;-14.979;-13.624
2019-05-23;121.858;-0.004;-15.402;-13.962
2019-05-24;121.813;0.0;-15.398;-13.996
2019-05-27;121.921;-0.014;-15.195;-13.788
2019-05-28;122.056;-0.032;-15.55;-14.11
2019-05-29;122.155;-0.045;-15.482;-14.034
2019-05-30;122.12;-0.044;-15.372;-13.927
2019-05-31;122.262;-0.062;-15.236;-13.803
2019-06-03;122.306;-0.068;-15.25;-13.766
2019-06-04;122.408;-0.082;-15.212;-13.753
2019-06-05;122.659;-0.113;-14.975;-13.601
2019-06-06;122.625;-0.112;-15.723;-14.132
2019-06-07;122.778;-0.132;-15.117;-13.614
2019-06-10;122.538;-0.104;-14.963;-13.496
2019-06-11;122.646;-0.118;-15.024;-13.526
2019-06-12;122.679;-0.123;-15.417;-13.907
2019-06-13;122.712;-0.13;-15.066;-13.588
2019-06-14;122.83;-0.146;-15.325;-13.823
2019-06-17;122.747;-0.137;-15.522;-13.951
2019-06-18;123.315;-0.207;-15.669;-14.187
2019-06-19;123.048;-0.176;-15.303;-13.792
2019-06-20;123.158;-0.192;-15.63;-14.076
2019-06-21;122.902;-0.162;-15.794;-14.166
2019-06-24;123.081;-0.185;-15.644;-14.045
2019-06-25;123.218;-0.203;-15.591;-13.996
2019-06-26;123.051;-0.184;-15.675;-14.091
2019-06-27;123.209;-0.206;-15.966;-14.354
2019-06-28;123.287;-0.217;-16.087;-14.489
2019-07-01;123.453;-0.238;-16.163;-14.532
2019-07-02;123.527;-0.248;-15.71;-14.119
2019-07-03;123.715;-0.272;-15.704;-14.068
2019-07-04;123.881;-0.296;-15.834;-14.161
2019-07-05;123.624;-0.265;-15.652;-13.96
2019-07-08;123.629;-0.267;-15.633;-13.97
2019-07-09;123.413;-0.242;-15.792;-14.11
2019-07-10;123.158;-0.212;-15.248;-13.77
2019-07-11;122.834;-0.175;-15.405;-13.851
2019-07-12;122.756;-0.167;-15.238;-13.695
2019-07-15;123.028;-0.201;-15.418;-13.911
2019-07-16;123.134;-0.216;-14.995;-13.5
2019-07-17;123.409;-0.25;-15.319;-13.75
2019-07-18;123.499;-0.265;-15.524;-13.845
2019-07-19;123.636;-0.283;-15.33;-13.785
2019-07-22;123.717;-0.294;-15.524;-13.902
2019-07-23;123.738;-0.297;-15.339;-13.782
2019-07-24;123.909;-0.319;-15.709;-14.063
2019-07-25;123.892;-0.321;-15.996;-14.288
2019-07-26;123.836;-0.315;-15.276;-13.686
2019-07-29;123.887;-0.322;-15.324;-13.74
2019-07-30;123.889;-0.324;-15.515;-13.94
2019-07-31;124.144;-0.356;-15.409;-13.837
2019-08-01;124.229;-0.37;-15.093;-13.4
2019-08-02;124.502;-0.405;-15.225;-13.638
2019-08-05;124.614;-0.419;-15.083;-13.472
2019-08-06;124.66;-0.426;-14.844;-13.257
2019-08-07;124.961;-0.464;-14.49;-12.953
2019-08-08;124.806;-0.449;-15.499;-13.805
2019-08-09;124.883;-0.459;-14.536;-12.976
2019-08-12;124.936;-0.467;-14.885;-13.266
2019-08-13;125.03;-0.48;-14.868;-13.234
2019-08-14;125.392;-0.525;-14.5;-12.863
2019-08-15;125.996;-0.602;-13.625;-12.136
2019-08-16;126.019;-0.606;-14.007;-12.368
2019-08-19;125.538;-0.549;-13.885;-12.301
2019-08-20;125.682;-0.567;-13.673;-12.107
2019-08-21;125.395;-0.534;-13.923;-12.304
2019-08-22;125.048;-0.495;-13.831;-12.261
2019-08-23;125.225;-0.518;-13.236;-11.766
2019-08-26;125.201;-0.516;-13.378;-11.878
2019-08-27;125.526;-0.557;-13.478;-11.937
2019-08-28;125.685;-0.578;-13.753;-12.179
2019-08-29;125.579;-0.569;-13.24;-11.737
2019-08-30;125.564;-0.568;-13.735;-12.184
2019-09-02;125.602;-0.574;-13.642;-12.104
2019-09-03;125.614;-0.577;-14.145;-12.5
2019-09-04;125.441;-0.557;-14.543;-12.921
2019-09-05;124.885;-0.492;-13.807;-12.367
2019-09-06;125.143;-0.525;-13.401;-12.03
2019-09-09;124.89;-0.495;-13.964;-12.622
2019-09-10;124.697;-0.473;-13.881;-12.549
2019-09-11;124.693;-0.473;-14.026;-12.729
2019-09-12;124.159;-0.411;-13.831;-12.571
2019-09-13;123.712;-0.357;-13.917;-12.845
2019-09-16;124.012;-0.395;-14.644;-13.577
2019-09-17;124.07;-0.403;-14.397;-13.324
2019-09-18;124.291;-0.432;-14.446;-13.318
2019-09-19;124.221;-0.427;-14.357;-13.24
2019-09-20;124.21;-0.427;-13.838;-12.835
2019-09-23;124.577;-0.474;-13.834;-12.78
2019-09-24;124.704;-0.491;-13.52;-12.436
2019-09-25;124.462;-0.462;-14.911;-13.697
2019-09-26;124.429;-0.461;-13.705;-12.603
2019-09-27;124.425;-0.462;-13.896;-12.777
2019-09-30;124.379;-0.458;-13.892;-12.705
2019-10-01;124.346;-0.455;-13.384;-12.303
2019-10-02;124.318;-0.452;-13.773;-12.626
2019-10-03;124.495;-0.478;-13.84;-12.68
2019-10-04;124.493;-0.479;-13.997;-12.83
2019-10-07;124.389;-0.467;-14.215;-13.018
2019-10-08;124.451;-0.476;-14.261;-13.088
2019-10-09;124.128;-0.437;-14.135;-12.977
2019-10-10;123.679;-0.384;-13.511;-12.485
2019-10-11;123.476;-0.36;-13.619;-12.687
2019-10-14;123.54;-0.369;-13.589;-12.689
2019-10-15;123.274;-0.337;-13.884;-12.9
2019-10-16;123.07;-0.312;-13.496;-12.58
2019-10-17;123.136;-0.324;-13.268;-12.378
2019-10-18;122.907;-0.296;-12.991;-12.139
2019-10-21;122.715;-0.273;-13.548;-12.634
2019-10-22;122.813;-0.286;-13.599;-12.683
2019-10-23;123.018;-0.314;-13.383;-12.459
2019-10-24;122.982;-0.313;-13.234;-12.347
2019-10-25;122.667;-0.274;-13.291;-12.38
2019-10-28;122.488;-0.252;-13.137;-12.269
2019-10-29;122.557;-0.262;-13.087;-12.225
2019-10-30;122.533;-0.26;-13.253;-12.42
2019-10-31;122.811;-0.299;-13.202;-12.387
2019-11-01;122.709;-0.287;-13.427;-12.504
2019-11-04;122.546;-0.267;-13.235;-12.362
2019-11-05;122.373;-0.246;-13.216;-12.381
2019-11-06;122.486;-0.262;-13.08;-12.211
2019-11-07;121.86;-0.185;-13.014;-12.205
2019-11-08;121.993;-0.203;-13.476;-12.661
2019-11-11;121.923;-0.195;-13.019;-12.212
2019-11-12;122.002;-0.207;-12.666;-11.911
2019-11-13;122.229;-0.237;-13.261;-12.369
2019-11-14;122.408;-0.264;-13.022;-12.158
2019-11-15;122.307;-0.252;-12.63;-11.783
2019-11-18;122.26;-0.247;-12.649;-11.762
2019-11-19;122.262;-0.248;-12.509;-11.651
2019-11-20;122.315;-0.256;-12.882;-11.973
2019-11-21;122.11;-0.233;-12.577;-11.703
2019-11-22;122.276;-0.256;-11.867;-11.073
2019-11-25;122.201;-0.248;-11.752;-10.941
2019-11-26;122.299;-0.261;-11.492;-10.684
2019-11-27;122.326;-0.266;-11.445;-10.624
2019-11-28;122.253;-0.26;-11.38;-10.554
2019-11-29;122.172;-0.251;-11.213;-10.401
2019-12-02;121.765;-0.199;-11.6;-10.777
2019-12-03;122.161;-0.252;-11.12;-10.385
2019-12-04;121.932;-0.223;-10.809;-10.098
2019-12-05;121.742;-0.202;-10.689;-10.01
2019-12-06;121.69;-0.196;-10.761;-10.086
2019-12-09;121.796;-0.211;-10.826;-10.148
2019-12-10;121.749;-0.206;-10.652;-9.97
2019-12-11;121.884;-0.225;-10.685;-9.952
2019-12-12;121.611;-0.193;-10.422;-9.703
2019-12-13;121.711;-0.207;-10.17;-9.417
2019-12-16;121.608;-0.195;-10.542;-9.76
2019-12-17;121.638;-0.2;-10.54;-9.769
2019-12-18;121.368;-0.165;-10.407;-9.623
2019-12-19;121.316;-0.162;-10.552;-9.777
2019-12-20;121.343;-0.167;-10.509;-9.779
2019-12-23;121.223;-0.154;-10.427;-9.631
2019-12-24;121.224;-0.158;-10.798;-9.987
2019-12-27;121.26;-0.164;;
2019-12-30;120.878;-0.115;-10.637;-9.919
2019-12-31;120.893;-0.118;-10.955;-10.205
2020-01-02;121.127;-0.153;-10.562;-9.84
2020-01-03;121.451;-0.197;-10.761;-10.0
2020-01-06;121.515;-0.207;-10.844;-10.073
2020-01-07;121.548;-0.212;-10.684;-9.956
2020-01-08;121.32;-0.183;-11.317;-10.455
2020-01-09;121.113;-0.159;-10.626;-9.834
2020-01-10;121.166;-0.168;-11.083;-10.231
2020-01-13;120.96;-0.141;-11.12;-10.323
2020-01-14;120.972;-0.144;-11.17;-10.332
2020-01-15;121.107;-0.163;-11.469;-10.582
2020-01-16;121.193;-0.178;-11.143;-10.284
2020-01-17;121.171;-0.176;-10.954;-10.118
2020-01-20;121.19;-0.18;-11.274;-10.367
2020-01-21;121.324;-0.199;-11.257;-10.338
2020-01-22;121.377;-0.207;-11.112;-10.217
2020-01-23;121.601;-0.241;-11.215;-10.325
2020-01-24;121.739;-0.261;-10.901;-10.027
2020-01-27;122.084;-0.308;-11.415;-10.458
2020-01-28;121.833;-0.276;-11.302;-10.361
2020-01-29;121.971;-0.295;-11.344;-10.416
2020-01-30;122.11;-0.317;-11.005;-10.111
2020-01-31;122.283;-0.342;-11.166;-10.233
2020-02-03;122.304;-0.346;-11.454;-10.473
2020-02-04;122.057;-0.314;-11.43;-10.433
2020-02-05;121.839;-0.286;-11.551;-10.519
2020-02-06;121.85;-0.291;-11.24;-10.243
2020-02-07;121.957;-0.307;-11.296;-10.313
2020-02-10;122.117;-0.329;-10.931;-9.928
2020-02-11;122.016;-0.317;-11.042;-10.042
2020-02-12;121.976;-0.313;-10.999;-9.993
2020-02-13;122.03;-0.324;-10.714;-9.722
2020-02-14;122.105;-0.335;-10.657;-9.658
2020-02-17;122.112;-0.337;-10.61;-9.622
2020-02-18;122.163;-0.346;-10.757;-9.719
2020-02-19;122.225;-0.355;-10.822;-9.788
2020-02-20;122.261;-0.364;-10.405;-9.386
2020-02-21;122.194;-0.356;-11.04;-9.961
2020-02-24;122.372;-0.381;-9.893;-8.929
2020-02-25;122.461;-0.394;-9.987;-9.018
2020-02-26;122.356;-0.382;-10.118;-9.118
2020-02-27;122.427;-0.395;-10.278;-9.25
2020-02-28;122.614;-0.421;-10.21;-9.172
2020-03-02;122.844;-0.453;-10.473;-9.394
2020-03-03;122.858;-0.456;-8.312;-7.317
2020-03-04;122.918;-0.466;-9.795;-8.67
2020-03-05;122.944;-0.473;-10.105;-8.852
2020-03-06;122.923;-0.472;-9.617;-8.448
2020-03-09;123.27;-0.519;-10.941;-9.685
2020-03-10;122.862;-0.466;-11.29;-9.881
2020-03-11;122.851;-0.466;-9.918;-8.717
2020-03-12;122.445;-0.415;-7.92;-6.806
2020-03-13;121.649;-0.309;-9.606;-8.675
2020-03-16;121.397;-0.276;-8.286;-7.685
2020-03-17;121.233;-0.255;-7.149;-6.656
2020-03-18;120.073;-0.097;-5.168;-4.923
2020-03-19;119.572;-0.031;-2.013;-2.125
2020-03-20;120.036;-0.096;-0.937;-1.394
2020-03-23;120.146;-0.113;-0.027;-0.634
2020-03-24;119.768;-0.061;2.731;1.913
2020-03-25;119.512;-0.027;2.227;1.435
2020-03-26;119.954;-0.092;3.125;2.073
2020-03-27;120.504;-0.169;2.026;1.131
2020-03-30;120.628;-0.188;2.246;1.287
2020-03-31;120.538;-0.176;1.311;0.488
2020-04-01;120.587;-0.184;1.247;0.343
2020-04-02;120.55;-0.183;1.737;0.782
2020-04-03;120.607;-0.192;0.706;-0.081
2020-04-06;120.485;-0.176;1.007;0.079
2020-04-07;119.965;-0.105;1.308;0.228
2020-04-08;119.969;-0.112;1.224;-0.004
2020-04-09;120.235;-0.15;1.983;0.393
2020-04-14;120.387;-0.172;1.288;-0.092
2020-04-15;120.632;-0.208;0.925;-0.344
2020-04-16;120.708;-0.222;1.412;0.064
2020-04-17;120.636;-0.213;1.576;0.281
2020-04-20;120.42;-0.184;1.093;-0.162
2020-04-21;120.392;-0.182;1.196;-0.031
2020-04-22;120.01;-0.13;1.278;-0.263
2020-04-23;120.16;-0.154;1.459;-0.214
2020-04-24;120.505;-0.204;1.503;-0.166
2020-04-27;120.413;-0.192;1.451;-0.176
2020-04-28;120.595;-0.219;1.184;-0.394
2020-04-29;120.669;-0.234;1.456;-0.087
2020-04-30;121.154;-0.303;1.141;-0.472
2020-05-04;121.036;-0.288;0.904;-0.753
2020-05-05;121.108;-0.299;0.899;-0.666
2020-05-06;120.855;-0.265;1.059;-0.659
2020-05-07;120.941;-0.281;1.025;-0.824
2020-05-08;120.903;-0.277;-0.031;-1.536
2020-05-11;120.838;-0.269;0.116;-1.342
2020-05-12;120.881;-0.276;0.734;-0.78
2020-05-13;120.957;-0.288;0.276;-1.233
2020-05-14;120.986;-0.296;-0.011;-1.491
2020-05-15;120.881;-0.283;0.284;-1.246
2020-05-18;120.721;-0.262;-0.072;-1.536
2020-05-19;120.681;-0.257;0.245;-1.228
2020-05-20;120.695;-0.26;-0.015;-1.476
2020-05-21;120.777;-0.276;-0.227;-1.622
2020-05-22;120.743;-0.272;-0.141;-1.446
2020-05-25;120.744;-0.274;-0.275;-1.601
2020-05-26;120.515;-0.243;0.146;-1.298
2020-05-27;120.536;-0.247;-0.432;-1.706
2020-05-28;120.567;-0.255;-0.323;-1.654
2020-05-29;120.744;-0.282;-1.081;-2.309
2020-06-01;120.608;-0.264;-1.023;-2.191
2020-06-02;120.616;-0.266;-2.118;-3.093
2020-06-03;120.442;-0.243;-2.283;-3.254
2020-06-04;120.418;-0.243;-3.542;-4.4
2020-06-05;120.381;-0.239;-4.345;-5.036
2020-06-08;120.611;-0.273;-4.759;-5.447
2020-06-09;120.477;-0.255;-4.724;-5.324
2020-06-10;120.52;-0.263;-5.347;-5.895
2020-06-11;120.846;-0.313;-5.138;-5.766
2020-06-12;120.943;-0.328;-5.409;-5.904
2020-06-15;120.94;-0.329;-5.227;-5.677
2020-06-16;120.897;-0.324;-5.361;-5.849
2020-06-17;120.904;-0.326;-4.837;-5.38
2020-06-18;120.994;-0.343;-5.089;-5.548
2020-06-19;121.041;-0.351;-5.255;-5.682
2020-06-22;121.161;-0.369;-5.323;-5.594
2020-06-23;121.043;-0.354;-5.724;-5.823
2020-06-24;121.114;-0.365;-5.69;-5.742
2020-06-25;121.122;-0.371;-5.438;-5.613
2020-06-26;121.217;-0.385;-5.555;-5.683
2020-06-29;121.163;-0.379;-5.584;-5.708
2020-06-30;121.15;-0.379;-5.775;-5.759
2020-07-01;120.94;-0.35;-5.376;-5.485
2020-07-02;121.081;-0.374;-5.523;-5.607
2020-07-03;121.036;-0.369;-5.329;-5.343
2020-07-06;121.045;-0.372;-5.445;-5.469
2020-07-07;121.007;-0.368;-5.861;-5.804
2020-07-08;120.998;-0.368;-5.869;-5.727
2020-07-09;121.072;-0.382;-5.81;-5.598
2020-07-10;121.099;-0.388;-5.836;-5.624
2020-07-13;120.881;-0.358;-6.18;-5.876
2020-07-14;120.967;-0.371;-5.851;-5.557
2020-07-15;121.008;-0.379;-5.714;-5.419
2020-07-16;121.081;-0.393;-5.869;-5.502
2020-07-17;120.977;-0.38;-5.903;-5.524
2020-07-20;121.059;-0.393;-5.619;-5.285
2020-07-21;121.112;-0.402;-5.774;-5.409
2020-07-22;121.218;-0.418;-5.937;-5.559
2020-07-23;121.136;-0.411;-6.038;-5.517
2020-07-24;120.973;-0.389;-5.917;-5.389
2020-07-27;121.115;-0.41;-6.126;-5.581
2020-07-28;121.197;-0.424;-6.021;-5.509
2020-07-29;121.096;-0.411;-6.303;-5.715
2020-07-30;121.257;-0.438;-5.992;-5.423
2020-07-31;121.141;-0.423;-5.534;-5.004
2020-08-03;121.131;-0.422;-5.627;-5.037
2020-08-04;121.25;-0.441;-5.268;-4.715
2020-08-05;121.036;-0.412;-5.954;-5.355
2020-08-06;121.09;-0.424;-5.417;-4.875
2020-08-07;120.97;-0.408;-5.64;-5.08
2020-08-10;121.093;-0.427;-5.255;-4.727
2020-08-11;120.873;-0.396;-5.143;-4.611
2020-08-12;120.78;-0.384;-4.998;-4.482
2020-08-13;120.584;-0.36;-5.215;-4.664
2020-08-14;120.628;-0.368;-5.588;-5.009
2020-08-17;120.77;-0.39;-5.322;-4.773
2020-08-18;120.819;-0.398;-5.277;-4.717
2020-08-19;120.863;-0.406;-5.164;-4.615
2020-08-20;120.923;-0.419;-5.332;-4.787
2020-08-21;120.977;-0.428;-5.394;-4.84
2020-08-24;120.893;-0.417;-4.817;-4.332
2020-08-25;120.682;-0.388;-4.843;-4.367
2020-08-26;120.601;-0.377;-4.891;-4.407
2020-08-27;120.518;-0.369;-4.809;-4.342
2020-08-28;120.57;-0.378;-5.426;-4.908
2020-08-31;120.522;-0.373;-4.831;-4.367
2020-09-01;120.642;-0.392;-4.971;-4.502
2020-09-02;120.856;-0.425;-4.96;-4.485
2020-09-03;120.889;-0.434;-4.794;-4.307
2020-09-04;120.81;-0.423;-5.328;-4.825
2020-09-07;120.826;-0.427;-5.371;-4.797
2020-09-08;120.951;-0.447;-5.34;-4.765
2020-09-09;120.737;-0.417;-4.868;-4.316
2020-09-10;120.612;-0.403;-4.957;-4.437
2020-09-11;120.824;-0.435;-5.117;-4.582
2020-09-14;120.822;-0.437;-5.518;-4.93
2020-09-15;120.809;-0.436;-5.396;-4.83
2020-09-16;120.803;-0.437;-5.567;-4.966
2020-09-17;120.858;-0.449;-5.58;-4.965
2020-09-18;120.794;-0.441;-5.039;-4.445
2020-09-21;120.929;-0.462;-5.646;-4.991
2020-09-22;120.862;-0.454;-5.38;-4.714
2020-09-23;120.805;-0.447;-5.309;-4.692
2020-09-24;120.756;-0.444;-5.528;-4.893
2020-09-25;120.816;-0.454;-5.456;-4.856
2020-09-28;120.8;-0.453;-5.736;-5.048
2020-09-29;120.858;-0.463;-5.945;-5.242
2020-09-30;120.761;-0.45;-5.73;-4.971
2020-10-01;120.786;-0.458;-5.855;-5.114
2020-10-02;120.798;-0.462;-5.754;-5.078
2020-10-05;120.718;-0.451;-5.72;-4.922
2020-10-06;120.704;-0.451;-5.796;-5.122
2020-10-07;120.661;-0.446;-5.392;-4.669
2020-10-08;120.736;-0.461;-5.878;-5.122
2020-10-09;120.755;-0.465;-5.907;-5.184
2020-10-12;120.804;-0.474;-6.206;-5.458
2020-10-13;120.869;-0.485;-6.263;-5.493
2020-10-14;120.956;-0.5;-6.513;-5.669
2020-10-15;120.98;-0.508;-6.058;-5.24
2020-10-16;121.002;-0.513;-5.92;-5.088
2020-10-19;121.082;-0.526;-6.85;-5.917
2020-10-20;120.985;-0.513;-8.184;-7.147
2020-10-21;121.026;-0.521;-9.526;-8.323
2020-10-22;120.966;-0.516;-9.949;-8.733
2020-10-23;120.974;-0.519;-10.008;-8.792
2020-10-26;121.006;-0.525;-10.739;-9.45
2020-10-27;121.165;-0.55;-10.95;-9.544
2020-10-28;121.163;-0.552;-10.969;-9.594
2020-10-29;121.181;-0.559;-11.28;-9.864
2020-10-30;121.158;-0.557;-10.697;-9.299
2020-11-02;121.151;-0.557;-10.99;-9.625
2020-11-03;121.066;-0.546;-11.096;-9.748
2020-11-04;121.129;-0.557;-11.094;-9.71
2020-11-05;121.122;-0.56;-11.162;-9.786
2020-11-06;121.089;-0.557;-10.897;-9.589
2020-11-09;120.721;-0.503;-11.198;-9.812
2020-11-10;120.622;-0.49;-11.29;-9.988
2020-11-11;120.758;-0.512;-12.543;-11.092
2020-11-12;120.861;-0.532;-13.029;-11.55
2020-11-13;120.9;-0.539;-13.023;-11.559
2020-11-16;120.872;-0.536;-13.157;-11.667
2020-11-17;120.929;-0.547;-13.479;-11.975
2020-11-18;120.908;-0.545;-13.804;-12.259
2020-11-19;120.949;-0.556;-13.683;-12.148
2020-11-20;121.019;-0.568;-13.848;-12.341
2020-11-23;120.979;-0.563;-14.207;-12.651
2020-11-24;120.953;-0.561;-15.305;-13.6
2020-11-25;120.977;-0.566;-15.26;-13.603
2020-11-26;121.048;-0.581;-16.127;-14.422
2020-11-27;121.06;-0.585;-16.24;-14.493
2020-11-30;121.054;-0.585;-16.643;-14.86
2020-12-01;120.944;-0.57;-16.859;-15.1
2020-12-02;120.916;-0.568;-16.388;-14.67
2020-12-03;120.985;-0.583;-16.728;-14.895
2020-12-04;120.974;-0.582;-16.487;-14.787
2020-12-07;121.077;-0.6;-16.554;-14.83
2020-12-08;121.182;-0.617;-17.297;-15.476
2020-12-09;121.214;-0.624;-17.76;-15.852
2020-12-10;121.217;-0.629;-18.589;-16.567
2020-12-11;121.305;-0.644;-18.331;-16.339
2020-12-14;121.26;-0.639;-18.221;-16.246
2020-12-15;121.215;-0.633;-18.111;-16.187
2020-12-16;121.021;-0.605;-17.964;-15.967
2020-12-17;121.006;-0.608;-17.917;-15.998
2020-12-18;120.941;-0.599;-17.575;-15.666
2020-12-21;120.937;-0.6;-17.721;-15.803
2020-12-22;120.936;-0.602;-18.02;-16.037
2020-12-23;120.739;-0.578;-17.548;-15.591
2020-12-24;120.739;-0.579;-17.831;-15.869
2020-12-28;120.796;-0.59;-17.78;-15.829
2020-12-29;120.831;-0.596;-17.585;-15.671
2020-12-30;120.817;-0.601;-17.78;-15.9
2020-12-31;120.815;-0.602;-17.944;-15.996
2021-01-04;120.971;-0.628;-17.844;-15.91
2021-01-05;120.898;-0.618;-17.957;-16.067
2021-01-06;120.804;-0.605;-18.019;-16.097
2021-01-07;120.752;-0.602;-18.499;-16.585
2021-01-08;120.767;-0.606;-19.312;-17.253
2021-01-11;120.68;-0.594;-19.632;-17.599
2021-01-12;120.535;-0.573;-19.72;-17.627
2021-01-13;120.715;-0.602;-19.568;-17.484
2021-01-14;120.77;-0.616;-19.38;-17.359
2021-01-15;120.736;-0.612;-19.466;-17.413
2021-01-18;120.693;-0.607;-19.723;-17.639
2021-01-19;120.643;-0.601;-19.474;-17.454
2021-01-20;120.636;-0.601;-19.621;-17.545
2021-01-21;120.474;-0.581;-19.748;-17.688
2021-01-22;120.526;-0.59;-19.649;-17.592
2021-01-25;120.637;-0.609;-19.815;-17.807
2021-01-26;120.553;-0.598;-19.746;-17.686
2021-01-27;120.616;-0.609;-19.683;-17.736
2021-01-28;120.572;-0.607;-19.785;-17.803
2021-01-29;120.488;-0.596;-19.322;-17.408
2021-02-01;120.476;-0.595;-19.679;-17.735
2021-02-02;120.389;-0.583;-19.679;-17.728
2021-02-03;120.273;-0.567;-19.701;-17.794
2021-02-04;120.202;-0.56;-19.323;-17.44
2021-02-05;120.14;-0.552;-19.734;-17.81
2021-02-08;120.124;-0.551;-19.595;-17.694
2021-02-09;120.152;-0.557;-19.77;-17.841
2021-02-10;120.12;-0.554;-19.379;-17.519
2021-02-11;120.151;-0.563;-19.495;-17.633
2021-02-12;120.033;-0.546;-19.509;-17.66
2021-02-15;119.864;-0.521;-19.368;-17.553
2021-02-16;119.735;-0.502;-19.574;-17.753
2021-02-17;119.813;-0.516;-19.442;-17.62
2021-02-18;119.666;-0.497;-19.22;-17.454
2021-02-19;119.5;-0.472;-18.987;-17.258
2021-02-22;119.616;-0.493;-19.08;-17.339
2021-02-23;119.557;-0.485;-19.362;-17.596
2021-02-24;119.508;-0.478;-18.949;-17.225
2021-02-25;119.035;-0.407;-19.472;-17.765
2021-02-26;119.191;-0.434;-17.738;-16.166
2021-03-01;119.514;-0.487;-18.195;-16.566
2021-03-02;119.601;-0.503;-18.436;-16.786
2021-03-03;119.356;-0.465;-18.14;-16.529
2021-03-04;119.352;-0.469;-18.497;-16.846
2021-03-05;119.324;-0.466;-17.801;-16.243
2021-03-08;119.179;-0.444;-18.149;-16.571
2021-03-09;119.235;-0.455;-18.277;-16.652
2021-03-10;119.29;-0.465;-18.105;-16.466
2021-03-11;119.311;-0.474;-18.012;-16.394
2021-03-12;119.199;-0.457;-17.759;-16.215
2021-03-15;119.328;-0.479;-18.152;-16.561
2021-03-16;119.36;-0.486;-18.151;-16.501
2021-03-17;119.172;-0.457;-17.438;-15.85
2021-03-18;119.081;-0.447;-17.853;-16.272
2021-03-19;119.186;-0.466;-18.127;-16.557
2021-03-22;119.213;-0.472;-17.922;-16.339
2021-03-23;119.277;-0.484;-17.919;-16.324
2021-03-24;119.336;-0.495;-17.752;-16.193
2021-03-25;119.398;-0.51;-18.153;-16.58
2021-03-26;119.273;-0.491;-18.012;-16.457
2021-03-29;119.173;-0.477;-17.783;-16.238
2021-03-30;119.06;-0.46;-17.817;-16.216
2021-03-31;118.989;-0.456;-17.943;-16.461
2021-04-01;119.127;-0.48;-18.209;-16.644
2021-04-06;119.103;-0.478;-17.549;-16.318
2021-04-07;119.151;-0.487;-18.031;-16.47
2021-04-08;119.176;-0.496;-17.938;-16.365
2021-04-09;119.001;-0.469;-17.863;-16.277
2021-04-12;118.961;-0.464;-17.645;-16.127
2021-04-13;118.955;-0.465;-17.739;-16.118
2021-04-14;118.778;-0.437;-17.699;-16.241
2021-04-15;118.904;-0.463;-16.932;-15.499
2021-04-16;118.774;-0.443;-17.1;-15.689
2021-04-19;118.648;-0.424;-17.58;-16.129
2021-04-20;118.742;-0.441;-17.539;-16.046
2021-04-21;118.754;-0.445;-17.482;-15.992
2021-04-22;118.664;-0.435;-16.822;-15.4
2021-04-23;118.659;-0.435;-17.452;-15.964
2021-04-26;118.612;-0.429;-17.337;-15.878
2021-04-27;118.579;-0.425;-17.48;-15.975
2021-04-28;118.507;-0.415;-17.417;-15.93
2021-04-29;118.334;-0.391;-17.461;-15.969
2021-04-30;118.403;-0.404;-17.421;-15.896
2021-05-03;118.386;-0.403;-17.19;-15.713
2021-05-04;118.539;-0.43;-17.242;-15.804
2021-05-05;118.495;-0.424;-17.089;-15.622
2021-05-06;118.446;-0.421;-16.765;-15.419
2021-05-07;118.366;-0.409;-17.321;-15.863
2021-05-10;118.339;-0.406;-16.8;-15.44
2021-05-11;118.162;-0.378;-16.443;-15.063
2021-05-12;118.008;-0.354;-15.778;-14.515
2021-05-13;117.974;-0.353;-15.341;-14.101
2021-05-14;117.912;-0.344;-13.93;-12.862
2021-05-17;117.825;-0.331;-13.054;-11.938
2021-05-18;117.688;-0.309;-12.17;-11.2
2021-05-19;117.623;-0.3;-11.142;-10.221
2021-05-20;117.577;-0.297;-10.896;-9.995
2021-05-21;117.701;-0.319;-10.899;-10.005
2021-05-24;117.741;-0.327;-11.063;-10.2
2021-05-25;117.832;-0.344;-11.189;-10.311
2021-05-26;117.95;-0.366;-11.181;-10.324
2021-05-27;117.787;-0.343;-11.535;-10.612
2021-05-28;117.822;-0.351;-11.19;-10.336
2021-05-31;117.826;-0.353;-11.134;-10.246
2021-06-01;117.822;-0.354;-11.082;-10.166
2021-06-02;117.881;-0.366;-11.305;-10.375
2021-06-03;117.786;-0.354;-11.078;-10.154
2021-06-04;117.849;-0.367;-10.902;-10.021
2021-06-07;117.786;-0.357;-11.288;-10.344
2021-06-08;117.814;-0.364;-10.71;-9.781
2021-06-09;117.904;-0.381;-10.88;-9.937
2021-06-10;117.919;-0.388;-10.976;-10.017
2021-06-11;117.955;-0.396;-10.945;-9.957
2021-06-14;117.864;-0.382;-11.286;-10.298
2021-06-15;117.797;-0.372;-11.143;-10.137
2021-06-16;117.84;-0.381;-11.22;-10.241
2021-06-17;117.721;-0.366;-11.029;-10.13
2021-06-18;117.655;-0.356;-11.149;-10.239
2021-06-21;117.526;-0.335;-10.966;-10.076
2021-06-22;117.529;-0.337;-10.773;-9.897
2021-06-23;117.596;-0.351;-11.351;-10.42
2021-06-24;117.572;-0.351;-11.493;-10.577
2021-06-25;117.461;-0.334;-11.394;-10.454
2021-06-28;117.529;-0.347;-11.421;-10.499
2021-06-29;117.447;-0.335;-11.22;-10.303
2021-06-30;117.578;-0.359;-11.529;-10.552
2021-07-01;117.543;-0.358;-11.354;-10.429
2021-07-02;117.642;-0.376;-11.397;-10.488
2021-07-05;117.543;-0.361;-11.431;-10.51
2021-07-06;117.722;-0.394;-11.394;-10.473
2021-07-07;117.819;-0.412;-11.756;-10.796
2021-07-08;117.812;-0.416;-11.982;-10.957
2021-07-09;117.749;-0.407;-11.544;-10.596
2021-07-12;117.728;-0.405;-11.533;-10.595
2021-07-13;117.713;-0.404;-11.954;-10.953
2021-07-14;117.778;-0.417;-12.093;-11.086
2021-07-15;117.764;-0.419;-12.094;-11.092
2021-07-16;117.798;-0.427;-12.249;-11.2
2021-07-19;117.877;-0.442;-12.475;-11.414
2021-07-20;117.945;-0.456;-12.512;-11.356
2021-07-21;117.871;-0.444;-12.385;-11.308
2021-07-22;117.983;-0.469;-12.775;-11.662
2021-07-23;117.979;-0.47;-12.856;-11.748
2021-07-26;117.975;-0.471;-13.415;-12.246
2021-07-27;118.021;-0.481;-13.522;-12.291
2021-07-28;118.014;-0.481;-13.888;-12.625
2021-07-29;118.003;-0.485;-13.971;-12.713
2021-07-30;118.065;-0.497;-14.401;-13.162
2021-08-02;118.186;-0.52;-14.951;-13.636
2021-08-03;118.198;-0.524;-15.206;-13.867
2021-08-04;118.212;-0.528;-15.304;-13.913
2021-08-05;118.149;-0.522;-15.258;-13.908
2021-08-06;118.024;-0.502;-15.011;-13.72
2021-08-09;118.039;-0.506;-15.144;-13.825
2021-08-10;118.069;-0.513;-15.891;-14.483
2021-08-11;118.102;-0.521;-15.997;-14.577
2021-08-12;118.049;-0.517;-15.71;-14.35
2021-08-13;118.069;-0.522;-15.851;-14.475
2021-08-16;118.057;-0.522;-15.83;-14.468
2021-08-17;118.021;-0.517;-15.727;-14.372
2021-08-18;118.062;-0.526;-15.988;-14.6
2021-08-19;118.062;-0.531;-15.96;-14.586
2021-08-20;118.068;-0.534;-16.103;-14.72
2021-08-23;118.032;-0.53;-16.021;-14.652
2021-08-24;118.019;-0.529;-15.936;-14.585
2021-08-25;117.884;-0.507;-15.892;-14.567
2021-08-26;117.785;-0.495;-15.447;-14.169
2021-08-27;117.814;-0.502;-15.572;-14.282
2021-08-30;117.835;-0.507;-15.725;-14.42
2021-08-31;117.682;-0.482;-15.641;-14.363
2021-09-01;117.658;-0.479;-15.613;-14.339
2021-09-02;117.659;-0.484;-15.75;-14.469
2021-09-03;117.582;-0.472;-15.768;-14.496
2021-09-06;117.558;-0.47;-15.78;-14.5
2021-09-07;117.42;-0.447;-16.185;-14.903
2021-09-08;117.413;-0.447;-16.094;-14.829
2021-09-09;117.501;-0.468;-16.431;-15.093
2021-09-10;117.378;-0.448;-16.336;-15.042
2021-09-13;117.372;-0.449;-16.575;-15.243
2021-09-14;117.402;-0.456;-16.614;-15.246
2021-09-15;117.287;-0.437;-16.66;-15.295
2021-09-16;117.224;-0.431;-16.662;-15.334
2021-09-17;117.116;-0.413;-16.561;-15.2
2021-09-20;117.18;-0.426;-16.879;-15.457
2021-09-21;117.172;-0.427;-16.889;-15.436
2021-09-22;117.166;-0.427;-16.705;-15.424
2021-09-23;116.891;-0.383;-16.514;-15.229
2021-09-24;116.814;-0.37;-16.628;-15.404
2021-09-27;116.782;-0.366;-16.849;-15.647
2021-09-28;116.704;-0.354;-16.863;-15.567
2021-09-29;116.739;-0.362;-16.777;-15.473
2021-09-30;116.703;-0.36;-16.915;-15.643
2021-10-01;116.789;-0.378;-16.922;-15.653
2021-10-04;116.745;-0.371;-16.637;-15.341
2021-10-05;116.654;-0.356;-16.837;-15.539
2021-10-06;116.599;-0.348;-16.776;-15.44
2021-10-07;116.579;-0.35;-16.979;-15.737
2021-10-08;116.403;-0.319;-17.128;-15.957
2021-10-11;116.229;-0.288;-17.546;-16.298
2021-10-12;116.045;-0.256;-17.523;-16.262
2021-10-13;116.126;-0.273;-17.528;-16.275
2021-10-14;116.4;-0.329;-17.457;-16.251
2021-10-15;116.291;-0.31;-17.545;-16.272
2021-10-18;115.967;-0.252;-17.818;-16.525
2021-10-19;115.877;-0.237;-17.774;-16.559
2021-10-20;116.052;-0.271;-17.808;-16.498
2021-10-21;115.801;-0.229;-17.826;-16.562
2021-10-22;115.672;-0.207;-17.822;-16.552
2021-10-25;115.786;-0.23;-18.032;-16.737
2021-10-26;115.75;-0.225;-17.984;-16.701
2021-10-27;115.848;-0.245;-18.454;-17.059
2021-10-28;115.632;-0.209;-18.306;-17.054
2021-10-29;115.33;-0.154;-18.742;-17.455
2021-11-01;115.369;-0.163;-18.658;-17.383
2021-11-02;115.828;-0.251;-19.442;-18.092
2021-11-03;115.814;-0.25;-19.572;-18.105
2021-11-04;116.283;-0.343;-19.983;-18.503
2021-11-05;116.377;-0.362;-19.929;-18.46
2021-11-08;116.222;-0.335;-20.195;-18.664
2021-11-09;116.316;-0.354;-20.349;-18.832
2021-11-10;115.983;-0.294;-21.696;-20.141
2021-11-11;115.78;-0.261;-22.385;-20.875
2021-11-12;116.049;-0.313;-23.869;-22.143
2021-11-15;116.019;-0.309;-24.272;-22.54
2021-11-16;116.047;-0.316;-24.018;-22.292
2021-11-17;116.137;-0.335;-24.911;-23.025
2021-11-18;116.154;-0.343;-24.419;-22.622
2021-11-19;116.396;-0.391;-24.434;-22.676
2021-11-22;116.273;-0.369;-24.676;-22.841
2021-11-23;115.997;-0.319;-24.871;-23.043
2021-11-24;116.03;-0.327;-24.984;-23.054
2021-11-25;116.044;-0.335;-24.761;-22.918
2021-11-26;116.397;-0.403;-24.934;-23.037
2021-11-29;116.264;-0.38;-25.042;-23.137
2021-11-30;116.229;-0.375;-25.101;-23.146
2021-12-01;116.187;-0.369;-25.528;-23.51
2021-12-02;116.291;-0.394;-25.504;-23.55
2021-12-03;116.298;-0.397;-25.493;-23.516
2021-12-06;116.289;-0.397;-25.675;-23.621
2021-12-07;116.227;-0.387;-26.15;-24.1
2021-12-08;116.034;-0.352;-25.88;-23.865
2021-12-09;116.203;-0.39;-26.105;-24.057
2021-12-10;116.177;-0.387;-26.092;-24.088
2021-12-13;116.244;-0.401;-25.912;-23.814
2021-12-14;116.223;-0.399;-26.902;-24.73
2021-12-15;116.132;-0.384;-27.131;-24.914
2021-12-16;116.122;-0.387;-26.913;-24.806
2021-12-17;116.205;-0.405;-26.765;-24.662
2021-12-20;116.173;-0.401;-26.975;-24.845
2021-12-21;115.962;-0.362;-27.038;-24.921
2021-12-22;115.826;-0.338;-27.122;-25.015
2021-12-23;115.641;-0.307;-26.779;-24.903
2021-12-24;115.641;-0.309;-27.237;-25.229
2021-12-27;115.511;-0.286;-26.469;-24.582
2021-12-28;115.456;-0.277;-26.593;-24.619
2021-12-29;115.347;-0.257;-26.789;-24.851
2021-12-30;115.334;-0.26;-26.59;-24.709
2021-12-31;115.334;-0.262;-26.825;-24.953
2022-01-03;115.164;-0.231;-26.687;-24.842
2022-01-04;115.187;-0.237;-26.626;-24.798
2022-01-05;115.239;-0.249;-26.851;-24.887
2022-01-06;115.072;-0.221;-26.561;-24.859
2022-01-07;114.969;-0.203;-26.111;-24.438
2022-01-10;114.899;-0.191;-26.151;-24.465
2022-01-11;114.798;-0.173;-26.273;-24.569
2022-01-12;114.909;-0.196;-24.547;-24.137
2022-01-13;114.977;-0.215;-26.392;-24.688
2022-01-14;114.788;-0.179;-26.419;-24.729
2022-01-17;114.679;-0.16;-26.235;-24.567
2022-01-18;114.699;-0.165;-26.362;-24.634
2022-01-19;114.673;-0.162;-26.39;-24.674
2022-01-20;114.648;-0.162;-26.329;-24.646
2022-01-21;114.725;-0.179;-26.195;-24.586
2022-01-24;114.798;-0.195;-26.578;-24.831
2022-01-25;114.712;-0.18;-26.44;-24.713
2022-01-26;114.685;-0.176;-26.464;-24.758
2022-01-27;114.461;-0.137;-26.336;-24.742
2022-01-28;114.351;-0.117;-26.326;-24.726
2022-01-31;114.006;-0.05;-26.465;-24.807
2022-02-01;113.887;-0.027;-26.443;-24.894
2022-02-02;113.761;-0.004;-26.58;-25.045
2022-02-03;113.099;0.125;-26.365;-24.806
2022-02-04;112.543;0.237;-24.864;-23.614
2022-02-07;112.402;0.264;-25.088;-23.88
2022-02-08;112.214;0.301;-26.519;-25.295
2022-02-09;112.491;0.243;-26.821;-25.578
2022-02-10;111.975;0.345;-26.387;-25.064
2022-02-11;111.848;0.369;-27.793;-26.377
2022-02-14;111.88;0.361;-28.785;-27.421
2022-02-15;112.073;0.32;-28.882;-27.518
2022-02-16;112.204;0.291;-28.754;-27.321
2022-02-17;112.409;0.245;-29.291;-27.788
2022-02-18;112.558;0.212;-29.868;-28.295
2022-02-21;112.435;0.236;-29.378;-27.802
2022-02-22;112.228;0.277;-30.051;-28.421
2022-02-23;112.111;0.3;-29.901;-28.347
2022-02-24;112.377;0.24;-30.514;-28.876
2022-02-25;112.156;0.285;-30.318;-28.739
2022-02-28;112.774;0.155;-31.284;-29.539
2022-03-01;113.766;-0.05;-32.931;-30.914
2022-03-02;113.22;0.06;-33.403;-31.49
2022-03-03;113.233;0.052;-33.816;-32.055
2022-03-04;113.446;0.007;-34.802;-32.997
2022-03-07;113.342;0.027;-35.345;-33.762
2022-03-08;112.974;0.101;-33.746;-32.373
2022-03-09;112.628;0.171;-32.839;-31.831
2022-03-10;112.031;0.291;-32.162;-31.29
2022-03-11;111.894;0.318;-31.966;-31.244
2022-03-14;111.545;0.39;-31.922;-31.276
2022-03-15;111.724;0.351;-32.226;-31.545
2022-03-16;111.55;0.386;-31.78;-31.243
2022-03-17;111.684;0.353;-31.65;-31.007
2022-03-18;111.653;0.358;-31.379;-30.831
2022-03-21;111.319;0.428;-31.518;-31.062
2022-03-22;111.072;0.479;-31.618;-31.119
2022-03-23;111.159;0.459;-30.516;-29.952
2022-03-24;110.792;0.533;-30.074;-29.618
2022-03-25;110.46;0.603;-30.027;-29.809
2022-03-28;110.354;0.624;-29.972;-29.625
2022-03-29;110.021;0.695;-30.179;-29.792
2022-03-30;109.773;0.747;-29.755;-29.405
2022-03-31;110.196;0.651;-29.645;-29.372
2022-04-01;110.145;0.661;-29.777;-29.391
2022-04-04;110.223;0.643;-29.63;-29.316
2022-04-05;109.741;0.746;-30.102;-29.639
2022-04-06;109.702;0.753;-29.934;-29.526
2022-04-07;109.535;0.786;-29.521;-29.469
2022-04-08;109.21;0.856;-29.54;-29.509
2022-04-11;108.852;0.934;-29.865;-29.997
2022-04-12;109.039;0.891;-30.078;-30.316
2022-04-13;109.119;0.868;-30.701;-30.8
2022-04-14;108.984;0.896;-31.257;-31.266
2022-04-15;108.984;0.896;-31.377;-31.729
2022-04-18;108.984;0.896;-31.481;-31.726
2022-04-19;108.878;0.919;-31.305;-31.334
2022-04-20;109.042;0.881;-32.0;-31.598
2022-04-21;108.557;0.985;-31.679;-31.855
2022-04-22;108.217;1.06;-31.821;-32.241
2022-04-25;108.856;0.916;-31.669;-32.198
2022-04-26;108.884;0.909;-31.626;-32.209
2022-04-27;108.983;0.885;-32.863;-32.704
2022-04-28;108.477;0.995;-32.35;-32.586
2022-04-29;108.236;1.048;-32.784;-32.891
2022-05-02;108.139;1.069;-31.805;-32.175
2022-05-03;108.082;1.08;-33.03;-33.497
2022-05-04;108.063;1.084;-33.599;-33.783
2022-05-05;107.948;1.106;-33.825;-34.06
2022-05-06;107.498;1.208;-33.874;-33.876
2022-05-09;107.728;1.154;-34.371;-34.771
2022-05-10;108.086;1.072;-34.765;-34.742
2022-05-11;108.364;1.007;-35.844;-35.417
2022-05-12;109.101;0.838;-36.316;-35.856
2022-05-13;108.92;0.877;-35.383;-35.208
2022-05-16;108.945;0.87;-35.677;-35.218
2022-05-17;108.415;0.989;-34.854;-34.397
2022-05-18;108.395;0.992;-35.26;-35.091
2022-05-19;108.423;0.982;-34.627;-34.642
2022-05-20;108.617;0.937;-34.584;-34.482
2022-05-23;108.324;1.002;-34.778;-34.68
2022-05-24;108.506;0.96;-33.479;-33.379
2022-05-25;108.552;0.948;-33.183;-33.327
2022-05-26;108.418;0.975;-33.343;-33.432
2022-05-27;108.508;0.953;-33.66;-33.477
2022-05-30;108.137;1.037;-33.08;-32.781
2022-05-31;107.782;1.117;-32.65;-32.74
2022-06-01;107.481;1.186;-32.416;-32.38
2022-06-02;107.169;1.255;-31.888;-32.167
2022-06-03;106.893;1.318;-31.206;-31.315
2022-06-06;106.802;1.339;-31.567;-31.498
2022-06-07;106.862;1.324;-30.472;-31.091
2022-06-08;106.658;1.37;-30.876;-31.118
2022-06-09;106.123;1.494;-30.125;-30.396
2022-06-10;105.458;1.651;-28.815;-28.901
2022-06-13;104.509;1.878;-27.223;-27.268
2022-06-14;103.904;2.024;-25.884;-25.946
2022-06-15;104.646;1.843;-26.723;-27.424
2022-06-16;104.295;1.926;-26.607;-27.235
2022-06-17;104.657;1.838;-28.445;-29.534
2022-06-20;104.321;1.919;-28.341;-29.152
2022-06-21;104.328;1.917;-28.532;-29.639
2022-06-22;104.764;1.81;-28.244;-29.418
2022-06-23;105.862;1.543;-28.53;-29.602
2022-06-24;105.935;1.525;-29.039;-29.702
2022-06-27;105.477;1.634;-29.609;-30.099
2022-06-28;105.229;1.693;-29.296;-29.706
2022-06-29;105.671;1.586;-29.204;-30.153
2022-06-30;106.501;1.384;-29.125;-29.879
2022-07-01;107.042;1.254;-28.279;-28.893
2022-07-04;106.517;1.378;-29.018;-29.309
2022-07-05;107.1;1.238;-29.06;-29.366
2022-07-06;107.366;1.174;-28.877;-28.855
2022-07-07;106.629;1.347;-29.105;-28.498
2022-07-08;106.676;1.334;-28.614;-28.72
2022-07-11;107.031;1.248;-28.909;-29.213
2022-07-12;107.374;1.166;-28.299;-28.838
2022-07-13;107.175;1.212;-28.865;-28.202
2022-07-14;106.967;1.258;-29.449;-29.046
2022-07-15;107.025;1.243;-28.119;-28.757
2022-07-18;106.797;1.297;-28.509;-28.661
2022-07-19;106.379;1.397;-28.59;-27.958
2022-07-20;106.502;1.366;-28.221;-28.692
2022-07-21;106.403;1.387;-28.813;-28.712
2022-07-22;107.354;1.157;-29.315;-30.451
2022-07-25;107.534;1.113;-29.467;-29.98
2022-07-26;107.857;1.034;-29.437;-29.709
2022-07-27;107.562;1.104;-30.903;-30.553
2022-07-28;108.226;0.942;-30.517;-31.006
2022-07-29;108.173;0.953;-30.278;-30.788
2022-08-01;108.274;0.928;-31.372;-32.025
2022-08-02;107.985;0.995;-32.105;-32.173
2022-08-03;107.785;1.042;-32.374;-32.624
2022-08-04;108.016;0.983;-33.212;-33.392
2022-08-05;107.343;1.143;-34.197;-33.966
2022-08-08;107.466;1.113;-33.869;-33.96
2022-08-09;107.386;1.131;-34.54;-34.516
2022-08-10;107.459;1.112;-34.041;-34.342
2022-08-11;107.292;1.149;-33.818;-33.873
2022-08-12;107.124;1.189;-33.938;-34.037
2022-08-15;107.459;1.106;-33.921;-33.898
2022-08-16;107.279;1.149;-34.189;-33.972
2022-08-17;106.663;1.298;-34.611;-34.251
2022-08-18;106.453;1.346;-33.019;-32.827
2022-08-19;105.876;1.488;-32.31;-32.212
2022-08-22;105.346;1.619;-32.963;-33.049
2022-08-23;105.412;1.602;-32.452;-32.574
2022-08-24;105.111;1.676;-32.932;-32.924
2022-08-25;105.399;1.601;-33.013;-32.888
2022-08-26;104.959;1.711;-32.667;-32.326
2022-08-29;104.326;1.87;-31.995;-31.727
2022-08-30;104.247;1.89;-32.852;-32.723
2022-08-31;104.148;1.914;-32.773;-32.575
2022-09-01;104.254;1.885;-33.151;-32.897
2022-09-02;104.398;1.848;-32.317;-32.664
2022-09-05;104.096;1.924;-32.498;-32.954
2022-09-06;103.92;1.969;-31.954;-32.92
2022-09-07;104.193;1.898;-32.997;-34.141
2022-09-08;103.929;1.963;-35.074;-35.925
2022-09-09;103.896;1.971;-32.315;-34.3
2022-09-12;103.966;1.953;-32.099;-34.566
2022-09-13;103.532;2.064;-30.995;-34.037
2022-09-14;103.392;2.1;-31.349;-34.464
2022-09-15;103.155;2.16;-30.99;-34.626
2022-09-16;103.227;2.14;-30.294;-34.578
2022-09-19;102.991;2.201;-29.484;-34.513
2022-09-20;102.576;2.31;-29.711;-34.72
2022-09-21;102.339;2.372;-29.751;-35.003
2022-09-22;101.964;2.47;-27.934;-33.075
2022-09-23;101.447;2.608;-28.435;-34.028
2022-09-26;101.085;2.705;-28.923;-34.318
2022-09-27;100.807;2.78;-29.345;-35.438
2022-09-28;101.154;2.686;-27.473;-33.366
2022-09-29;101.359;2.63;-30.091;-34.966
2022-09-30;101.548;2.579;-29.724;-34.766
2022-10-03;102.203;2.403;-29.736;-34.106
2022-10-04;102.557;2.308;-31.111;-35.074
2022-10-05;101.97;2.464;-31.458;-34.742
2022-10-06;101.512;2.587;-30.66;-35.154
2022-10-07;101.036;2.715;-29.856;-35.068
2022-10-10;100.791;2.782;-29.357;-35.276
2022-10-11;100.981;2.73;-29.287;-35.499
2022-10-12;101.056;2.709;-30.377;-36.593
2022-10-13;100.915;2.747;-28.698;-34.695
2022-10-14;100.88;2.757;-28.799;-34.885
2022-10-17;100.985;2.728;-28.468;-34.514
2022-10-18;100.988;2.727;-26.796;-32.584
2022-10-19;100.718;2.8;-26.503;-32.433
2022-10-20;100.608;2.83;-25.81;-31.603
2022-10-21;100.898;2.75;-25.948;-32.382
2022-10-24;101.088;2.698;-24.787;-31.511
2022-10-25;101.52;2.579;-25.578;-31.707
2022-10-26;101.638;2.547;-25.73;-31.82
2022-10-27;102.265;2.375;-25.354;-31.725
2022-10-28;101.589;2.559;-26.396;-31.08
2022-10-31;101.452;2.596;-25.218;-31.018
2022-11-01;101.468;2.592;-25.648;-31.725
2022-11-02;101.39;2.613;-25.107;-31.513
2022-11-03;101.014;2.716;-25.342;-31.435
2022-11-04;100.895;2.748;-25.764;-32.216
2022-11-07;100.867;2.756;-24.894;-31.581
2022-11-08;101.064;2.701;-24.778;-31.436
2022-11-09;101.474;2.588;-24.37;-31.256
2022-11-10;101.951;2.455;-24.471;-30.698
2022-11-11;101.631;2.543;-25.224;-30.601
2022-11-14;101.728;2.516;-24.591;-30.692
2022-11-15;101.879;2.474;-25.281;-30.834
2022-11-16;102.102;2.412;-24.633;-30.395
2022-11-17;101.906;2.465;-25.169;-30.185
2022-11-18;101.915;2.462;-25.505;-30.854
2022-11-21;101.97;2.446;-24.989;-30.294
2022-11-22;102.047;2.425;-25.152;-30.457
2022-11-23;102.026;2.43;-24.911;-30.282
2022-11-24;102.233;2.372;-25.328;-30.314
2022-11-25;101.913;2.46;-25.886;-30.535
2022-11-28;101.869;2.472;-24.533;-30.028
2022-11-29;102.061;2.418;-24.179;-29.923
2022-11-30;102.09;2.409;-25.299;-30.441
2022-12-01;102.462;2.305;-24.754;-29.539
2022-12-02;102.222;2.371;-25.117;-29.611
2022-12-05;102.101;2.404;-24.603;-29.386
2022-12-06;102.291;2.351;-24.899;-29.756
2022-12-07;102.392;2.322;-25.492;-30.227
2022-12-08;102.296;2.348;-25.383;-29.946
2022-12-09;102.045;2.417;-25.362;-29.818
2022-12-12;101.885;2.462;-24.629;-29.763
2022-12-13;101.953;2.442;-24.466;-29.175
2022-12-14;102.085;2.405;-25.003;-30.094
2022-12-15;101.411;2.594;-25.696;-28.968
2022-12-16;101.107;2.68;-24.837;-28.937
2022-12-19;101.082;2.687;-24.961;-29.11
2022-12-20;100.802;2.767;-24.627;-29.008
2022-12-21;100.643;2.812;-24.423;-28.894
2022-12-22;100.506;2.851;-24.611;-28.797
2022-12-23;100.313;2.907;-25.004;-29.196
2022-12-26;100.313;2.907;-24.722;-29.251
2022-12-27;100.076;2.975;-25.559;-29.46
2022-12-28;100.196;2.94;-23.561;-28.98
2022-12-29;100.339;2.899;-25.082;-29.243
2022-12-30;100.06;2.98;-25.341;-28.76
2023-01-02;100.399;2.881;-25.232;-29.558
2023-01-03;100.602;2.822;-25.745;-29.614
2023-01-04;100.979;2.713;-25.142;-29.255
2023-01-05;100.723;2.786;-25.377;-28.703
2023-01-06;100.973;2.714;-25.082;-28.71
2023-01-09;100.993;2.708;-25.217;-28.906
2023-01-10;100.83;2.755;-24.947;-28.378
2023-01-11;101.165;2.657;-23.595;-27.812
2023-01-12;101.336;2.607;-24.93;-27.877
2023-01-13;101.288;2.621;-24.256;-27.747
2023-01-16;101.332;2.608;-24.02;-27.282
2023-01-17;101.694;2.503;-23.595;-27.632
2023-01-18;101.674;2.508;-24.089;-27.339
2023-01-19;101.478;2.564;-24.624;-27.064
2023-01-20;101.191;2.647;-24.425;-27.171
2023-01-23;101.007;2.701;-24.139;-27.098
2023-01-24;101.1;2.673;-23.701;-26.665
2023-01-25;101.137;2.662;-23.836;-26.701
2023-01-26;100.985;2.706;-24.67;-26.654
2023-01-27;100.912;2.727;-24.503;-26.816
2023-01-30;100.655;2.803;-24.333;-26.64
2023-01-31;100.755;2.773;-23.736;-26.348
2023-02-01;100.739;2.778;-23.937;-26.464
2023-02-02;101.418;2.577;-24.135;-26.45
2023-02-03;101.143;2.658;-24.198;-26.015
2023-02-06;100.779;2.765;-24.164;-25.917
2023-02-07;100.666;2.798;-24.035;-25.708
2023-02-08;100.671;2.797;-24.001;-25.793
2023-02-09;100.741;2.775;-24.592;-26.216
2023-02-10;100.506;2.845;-24.394;-25.589
2023-02-13;100.402;2.876;-24.189;-25.72
2023-02-14;100.104;2.965;-24.246;-25.875
2023-02-15;100.01;2.994;-23.955;-25.702
2023-02-16;99.969;3.006;-24.144;-25.595
2023-02-17;99.998;2.997;-23.831;-25.303
2023-02-20;99.937;3.016;-23.985;-25.373
2023-02-21;99.719;3.082;-23.883;-25.366
2023-02-22;99.753;3.072;-23.986;-25.239
2023-02-23;99.789;3.061;-24.217;-25.077
2023-02-24;99.465;3.16;-23.853;-24.717
2023-02-27;99.288;3.214;-23.881;-24.771
2023-02-28;99.046;3.289;-23.861;-24.705
2023-03-01;98.863;3.345;-23.918;-24.683
2023-03-02;98.836;3.354;-24.649;-25.222
2023-03-03;98.919;3.329;-24.746;-25.022
2023-03-06;98.794;3.368;-24.73;-25.13
2023-03-07;98.849;3.351;-23.706;-24.703
2023-03-08;98.842;3.354;-23.302;-24.824
2023-03-09;98.983;3.31;-23.814;-25.29
2023-03-10;99.289;3.216;-23.456;-24.594
2023-03-13;99.886;3.032;-24.69;-24.788
2023-03-14;99.624;3.112;-29.694;-24.735
2023-03-15;100.36;2.886;-27.501;-24.324
2023-03-16;100.189;2.938;-29.901;-24.34
2023-03-17;100.63;2.803;-29.015;-24.352
2023-03-20;100.828;2.742;-29.741;-25.696
2023-03-21;100.373;2.882;-29.71;-25.097
2023-03-22;100.114;2.961;-27.897;-25.295
2023-03-23;100.507;2.84;-26.821;-25.124
2023-03-24;100.81;2.747;-27.32;-25.533
2023-03-27;100.629;2.802;-27.349;-25.133
2023-03-28;100.479;2.848;-27.458;-25.592
2023-03-29;100.371;2.882;-27.482;-25.857
2023-03-30;100.065;2.976;-27.654;-25.931
2023-03-31;100.231;2.925;-27.711;-26.402
2023-04-03;100.357;2.886;-27.41;-25.946
2023-04-04;100.596;2.811;-27.232;-26.284
2023-04-05;100.819;2.741;-27.737;-25.81
2023-04-06;100.752;2.762;-27.904;-25.907
2023-04-07;100.752;2.762;-27.435;-25.639
2023-04-10;100.752;2.762;-26.972;-25.662
2023-04-11;100.357;2.885;-27.425;-26.002
2023-04-12;100.114;2.961;-26.576;-25.949
2023-04-13;100.153;2.949;-25.647;-25.52
2023-04-14;99.925;3.02;-25.416;-25.468
2023-04-17;99.836;3.048;-24.167;-25.594
2023-04-18;99.73;3.082;-24.099;-25.338
2023-04-19;99.536;3.144;-23.828;-25.055
2023-04-20;99.71;3.089;-24.244;-25.421
2023-04-21;99.673;3.101;-24.291;-25.284
2023-04-24;99.518;3.15;-23.501;-25.116
2023-04-25;99.87;3.038;-23.372;-25.169
2023-04-26;99.928;3.02;-24.406;-26.27
2023-04-27;99.824;3.053;-24.693;-25.43
2023-04-28;100.215;2.928;-24.504;-25.716
2023-05-01;100.215;2.928;-24.458;-26.458
2023-05-02;100.362;2.882;-23.601;-25.072
2023-05-03;100.328;2.892;-23.903;-25.386
2023-05-04;100.752;2.757;-25.314;-26.798
2023-05-05;100.518;2.832;-25.66;-25.846
2023-05-08;100.353;2.884;-23.476;-24.433
2023-05-09;100.317;2.895;-24.224;-25.05
2023-05-10;100.513;2.833;-24.335;-25.402
2023-05-11;100.65;2.789;-24.365;-24.966
2023-05-12;100.471;2.846;-24.162;-24.672
2023-05-15;100.46;2.849;-24.022;-25.142
2023-05-16;100.297;2.901;-23.963;-24.873
2023-05-17;100.149;2.949;-23.518;-24.692
2023-05-18;99.897;3.03;-24.443;-25.261
2023-05-19;99.891;3.032;-23.395;-24.469
2023-05-22;99.777;3.069;-23.63;-25.013
2023-05-23;99.731;3.085;-23.34;-24.839
2023-05-24;99.665;3.106;-23.685;-25.432
2023-05-25;99.455;3.175;-23.714;-25.255
2023-05-26;99.364;3.205;-23.197;-24.353
2023-05-29;99.565;3.139;-22.616;-24.713
2023-05-30;99.922;3.023;-23.289;-25.441
2023-05-31;100.112;2.961;-23.454;-25.188
2023-06-01;100.239;2.919;-24.39;-25.05
2023-06-02;99.97;3.007;-23.677;-24.244
2023-06-05;99.824;3.055;-23.153;-24.334
2023-06-06;99.952;3.013;-23.943;-24.778
2023-06-07;99.691;3.099;-23.853;-25.006
2023-06-08;99.869;3.041;-24.761;-25.523
2023-06-09;99.867;3.041;-25.177;-26.096
2023-06-12;99.896;3.032;;
2023-06-13;99.679;3.104;-23.925;-25.782
2023-06-14;99.561;3.143;-24.017;-25.746
2023-06-15;99.27;3.24;-24.636;-25.645
2023-06-16;99.285;3.236;-24.043;-25.062
2023-06-19;99.154;3.28;-23.906;-25.611
2023-06-20;99.324;3.223;-23.476;-25.674
2023-06-21;99.196;3.266;-23.476;-25.23
2023-06-22;98.977;3.341;-23.486;-24.825
2023-06-23;99.352;3.215;-23.479;-25.555
2023-06-26;99.422;3.191;-23.643;-25.81
2023-06-27;99.238;3.253;-24.648;-26.861
2023-06-28;99.376;3.207;-24.683;-27.41
2023-06-29;99.081;3.308;-25.162;-26.689
2023-06-30;99.102;3.301;-24.484;-26.074
2023-07-03;98.92;3.363;-24.578;-26.692
2023-07-04;99.007;3.334;-24.933;-26.688
2023-07-05;99.06;3.316;-25.816;-27.684
2023-07-06;98.714;3.435;-26.276;-27.498
2023-07-07;98.787;3.41;-25.577;-27.324
2023-07-10;98.753;3.422;-25.776;-27.629
2023-07-11;98.718;3.435;-25.464;-27.357
2023-07-12;99.037;3.326;-26.166;-28.331
2023-07-13;99.274;3.245;-26.775;-28.243
2023-07-14;99.155;3.286;-27.051;-28.275
2023-07-17;99.266;3.249;-27.517;-29.489
2023-07-18;99.544;3.154;-26.724;-28.982
2023-07-19;99.455;3.184;-27.259;-28.902
2023-07-20;99.277;3.246;-27.903;-29.002
2023-07-21;99.33;3.228;-27.895;-29.312
2023-07-24;99.549;3.153;-27.219;-29.245
2023-07-25;99.49;3.173;-26.631;-28.65
2023-07-26;99.274;3.248;-26.762;-28.316
2023-07-27;99.442;3.191;-27.239;-28.793
2023-07-28;99.479;3.178;-27.221;-28.67
2023-07-31;99.509;3.168;-27.138;-28.123
2023-08-01;99.463;3.184;-26.594;-28.215
2023-08-02;99.562;3.15;-26.822;-28.34
2023-08-03;99.458;3.187;-27.349;-28.037
2023-08-04;99.451;3.189;-26.984;-27.608
2023-08-07;99.435;3.195;-26.163;-27.352
2023-08-08;99.641;3.123;-26.718;-27.535
2023-08-09;99.566;3.15;-26.785;-27.582
2023-08-10;99.515;3.168;-27.619;-28.023
2023-08-11;99.292;3.246;-27.33;-27.654
2023-08-14;99.211;3.275;-26.418;-27.316
2023-08-15;99.131;3.303;-26.466;-27.24
2023-08-16;99.182;3.286;-25.751;-26.607
2023-08-17;99.083;3.322;-26.086;-26.439
2023-08-18;99.296;3.247;-26.795;-27.265
2023-08-21;99.121;3.309;-25.869;-26.476
2023-08-22;99.231;3.27;-25.914;-26.606
2023-08-23;99.583;3.146;-25.94;-26.832
2023-08-24;99.587;3.145;-26.159;-26.76
2023-08-25;99.367;3.223;-25.468;-26.057
2023-08-28;99.354;3.228;-25.887;-26.558
2023-08-29;99.471;3.187;-25.302;-25.934
2023-08-30;99.403;3.211;-25.627;-26.287
2023-08-31;99.639;3.128;-25.809;-26.372
2023-09-01;99.566;3.154;-26.434;-26.057
2023-09-04;99.52;3.17;-26.603;-26.609
2023-09-05;99.506;3.176;-26.57;-26.294
2023-09-06;99.368;3.225;-26.362;-25.898
2023-09-07;99.436;3.201;-26.28;-25.773
2023-09-08;99.417;3.208;-25.286;-24.981
2023-09-11;99.34;3.236;-24.674;-24.759
2023-09-12;99.262;3.264;-24.289;-24.327
2023-09-13;99.158;3.302;-24.021;-24.589
2023-09-14;99.312;3.247;-23.898;-24.575
2023-09-15;99.193;3.29;-23.278;-24.497
2023-09-18;99.066;3.336;-23.455;-24.931
2023-09-19;98.99;3.364;-22.593;-24.205
2023-09-20;99.072;3.335;-22.701;-24.192
2023-09-21;99.01;3.358;-23.068;-24.212
2023-09-22;99.015;3.356;-22.36;-23.536
2023-09-25;99.041;3.347;-21.612;-23.829
2023-09-26;99.032;3.351;-21.917;-23.607
2023-09-27;98.952;3.38;-20.324;-22.799
2023-09-28;98.786;3.442;-21.086;-22.633
2023-09-29;98.987;3.369;-21.235;-22.734
2023-10-02;98.899;3.401;-21.295;-23.497
2023-10-03;98.875;3.411;-20.53;-22.837
2023-10-04;98.943;3.386;-20.013;-22.131
2023-10-05;99.054;3.346;-20.996;-22.238
2023-10-06;99.074;3.339;-19.748;-21.187
2023-10-09;99.312;3.251;-19.018;-20.174
2023-10-10;99.28;3.263;-19.456;-20.767
2023-10-11;99.225;3.283;-19.494;-20.078
2023-10-12;99.058;3.346;-19.353;-20.266
2023-10-13;99.099;3.331;-19.09;-20.601
2023-10-16;99.095;3.333;-19.452;-20.787
2023-10-17;98.884;3.412;-19.181;-20.93
2023-10-18;98.82;3.436;-18.932;-19.884
2023-10-19;98.797;3.446;-19.153;-20.252
2023-10-20;98.987;3.375;-19.383;-20.743
2023-10-23;99.045;3.353;-20.273;-21.666
2023-10-24;99.177;3.304;-20.756;-22.121
2023-10-25;99.134;3.321;-20.856;-22.092
2023-10-26;99.302;3.258;-21.233;-21.994
2023-10-27;99.437;3.208;-21.786;-22.613
2023-10-30;99.493;3.187;-21.037;-22.769
2023-10-31;99.527;3.175;-20.824;-22.374
2023-11-01;99.687;3.115;-20.965;-22.184
2023-11-02;99.743;3.094;-23.175;-23.46
2023-11-03;99.832;3.061;-22.371;-22.255
2023-11-06;99.735;3.097;-22.155;-22.876
2023-11-07;99.745;3.093;-21.795;-22.772
2023-11-08;99.729;3.099;-20.492;-21.328
2023-11-09;99.744;3.094;-22.052;-21.908
2023-11-10;99.621;3.14;-22.539;-22.613
2023-11-13;99.541;3.171;-20.527;-21.355
2023-11-14;99.83;3.062;-21.538;-22.819
2023-11-15;99.777;3.082;-21.897;-22.824
2023-11-16;99.906;3.033;-22.542;-22.634
2023-11-17;99.833;3.061;-21.707;-21.528
2023-11-20;99.792;3.076;-21.088;-21.513
2023-11-21;99.868;3.047;-20.824;-21.47
2023-11-22;99.797;3.074;-21.857;-22.524
2023-11-23;99.701;3.111;-22.929;-22.72
2023-11-24;99.649;3.131;-22.796;-22.908
2023-11-27;99.885;3.041;-22.073;-22.556
2023-11-28;100.048;2.979;-22.434;-22.691
2023-11-29;100.225;2.911;-20.68;-21.563
2023-11-30;100.3;2.882;-22.808;-23.005
2023-12-01;100.639;2.753;-22.295;-22.812
2023-12-04;100.665;2.742;-22.134;-22.24
2023-12-05;100.865;2.666;-21.541;-22.168
2023-12-06;100.887;2.657;-22.61;-22.877
2023-12-07;100.935;2.638;-22.59;-22.429
2023-12-08;100.75;2.708;-23.484;-22.714
2023-12-11;100.685;2.733;-21.339;-21.723
2023-12-12;100.737;2.713;-22.237;-22.602
2023-12-13;100.862;2.664;-22.476;-22.67
2023-12-14;101.144;2.555;-23.835;-23.497
2023-12-15;101.36;2.472;-23.875;-23.35
2023-12-18;101.185;2.539;-23.173;-22.533
2023-12-19;101.294;2.496;-23.089;-22.777
2023-12-20;101.433;2.443;-23.312;-23.351
2023-12-21;101.465;2.428;-24.684;-23.257
2023-12-22;101.572;2.386;-25.603;-24.283
2023-12-25;101.572;2.386;-24.779;-24.295
2023-12-27;101.619;2.367;-23.252;-23.222
2023-12-28;101.677;2.342;-24.989;-24.114
2023-12-29;101.589;2.376;-25.398;-23.976
2024-01-01;101.589;2.376;-24.321;-23.88
2024-01-02;101.478;2.418;-23.773;-23.53
2024-01-03;101.568;2.382;-23.45;-23.432
2024-01-04;101.28;2.493;-24.255;-23.152
2024-01-05;101.168;2.536;-23.819;-23.408
2024-01-08;101.211;2.519;-23.197;-23.764
2024-01-09;101.06;2.577;-22.956;-22.848
2024-01-10;100.982;2.607;-23.159;-22.767
2024-01-11;101.026;2.589;-23.452;-22.748
2024-01-12;101.297;2.482;-23.508;-23.026
2024-01-15;101.169;2.532;-23.47;-22.774
2024-01-16;101.147;2.54;-23.002;-22.132
2024-01-17;100.916;2.631;-23.298;-21.777
2024-01-18;100.905;2.634;-23.838;-22.74
2024-01-19;100.768;2.688;-23.63;-22.254
2024-01-22;100.862;2.65;-21.78;-21.233
2024-01-23;100.807;2.672;-22.747;-22.476
2024-01-24;100.816;2.668;-22.944;-22.358
2024-01-25;101.039;2.578;-23.802;-23.17
2024-01-26;100.984;2.599;-22.538;-21.351
2024-01-29;101.189;2.517;-22.989;-22.921
2024-01-30;101.072;2.563;-23.353;-22.346
2024-01-31;101.237;2.497;-22.709;-22.278
2024-02-01;101.189;2.514;-23.523;-22.13
2024-02-02;100.935;2.616;-23.64;-21.561
2024-02-05;100.763;2.685;-21.663;-21.141
2024-02-06;100.837;2.655;-22.55;-22.569
2024-02-07;100.762;2.685;-22.568;-22.258
2024-02-08;100.684;2.716;-22.837;-21.805
2024-02-09;100.559;2.766;-22.557;-21.589
2024-02-12;100.649;2.729;-22.536;-22.227
2024-02-13;100.473;2.801;-21.877;-21.172
2024-02-14;100.592;2.752;-21.82;-21.629
2024-02-15;100.534;2.775;-22.156;-21.805
2024-02-16;100.389;2.835;-21.902;-21.29
2024-02-19;100.433;2.816;-22.676;-22.514
2024-02-20;100.508;2.785;-21.694;-21.781
2024-02-21;100.348;2.851;-21.24;-21.184
2024-02-22;100.241;2.895;-21.011;-20.798
2024-02-23;100.391;2.833;-21.244;-21.175
2024-02-26;100.217;2.905;-20.897;-20.894
2024-02-27;100.162;2.928;-19.373;-19.497
2024-02-28;100.143;2.936;-17.708;-17.908
2024-02-29;100.156;2.93;-16.617;-16.882
2024-03-01;100.168;2.925;-16.483;-16.794
2024-03-04;100.21;2.907;-16.797;-17.169
2024-03-05;100.305;2.867;-16.575;-17.05
2024-03-06;100.318;2.862;-16.599;-16.671
2024-03-07;100.387;2.832;-17.035;-17.213
2024-03-08;100.548;2.764;-17.437;-17.322
2024-03-11;100.484;2.791;-18.087;-17.962
2024-03-12;100.384;2.833;-17.05;-17.183
2024-03-13;100.313;2.863;-17.159;-17.009
2024-03-14;100.19;2.914;-16.718;-16.488
2024-03-15;100.12;2.944;-17.068;-16.932
2024-03-18;100.111;2.948;-16.811;-17.073
2024-03-19;100.154;2.93;-16.636;-16.903
2024-03-20;100.137;2.937;-17.176;-17.258
2024-03-21;100.247;2.889;-17.921;-17.563
2024-03-22;100.36;2.841;-18.455;-17.595
2024-03-25;100.237;2.893;-18.208;-17.368
2024-03-26;100.276;2.877;-18.182;-17.567
2024-03-27;100.378;2.832;-19.507;-17.804
2024-03-28;100.346;2.846;-18.926;-17.039
2024-03-29;100.346;2.846;-19.282;-17.661
2024-04-02;100.336;2.85;-18.87;-18.121
2024-04-03;100.297;2.866;-18.81;-17.693
2024-04-04;100.289;2.87;-19.102;-17.399
2024-04-05;100.248;2.887;-19.627;-17.748
2024-04-08;100.13;2.939;-18.027;-17.398
2024-04-09;100.21;2.904;-17.975;-17.829
2024-04-10;100.027;2.984;-17.725;-16.764
2024-04-11;99.982;3.003;-19.631;-17.919
2024-04-12;100.196;2.909;-19.175;-18.17
2024-04-15;100.076;2.962;-18.311;-17.435
2024-04-16;99.958;3.014;-18.446;-17.94
2024-04-17;99.982;3.003;-18.239;-17.87
2024-04-18;99.896;3.042;-18.723;-17.267
2024-04-19;99.875;3.051;-18.688;-17.37
2024-04-22;99.933;3.025;-17.643;-17.386
2024-04-23;99.917;3.032;-17.984;-17.616
2024-04-24;99.804;3.083;-17.942;-17.463
2024-04-25;99.719;3.121;-18.736;-17.1
2024-04-26;99.779;3.094;-18.563;-17.279
2024-04-29;99.864;3.057;-18.447;-17.429
2024-04-30;99.695;3.133;-18.316;-16.742
2024-05-02;99.783;3.093;-18.614;-17.438
2024-05-03;99.947;3.019;-19.096;-17.581
2024-05-06;99.965;3.011;-17.898;-16.977
2024-05-07;100.021;2.986;-18.481;-17.886
2024-05-08;99.948;3.019;-18.18;-17.584
2024-05-09;99.923;3.031;-18.643;-17.273
2024-05-10;99.873;3.053;-19.092;-17.376
2024-05-13;99.899;3.042;-18.179;-17.483
2024-05-14;99.838;3.07;-18.218;-17.446
2024-05-15;100.028;2.983;-17.567;-17.091
2024-05-16;99.961;3.014;-18.727;-17.362
2024-05-17;99.841;3.069;-18.669;-17.049
2024-05-20;99.817;3.08;-17.742;-16.839
2024-05-21;99.877;3.052;-18.022;-17.139
2024-05-22;99.79;3.092;-17.881;-16.903
2024-05-23;99.652;3.157;-18.545;-16.621
2024-05-24;99.614;3.175;-18.051;-16.004
2024-05-27;99.712;3.129;-17.623;-16.555
2024-05-28;99.677;3.146;-17.685;-16.098
2024-05-29;99.596;3.184;-17.72;-16.588
2024-05-30;99.681;3.145;-18.84;-17.035
2024-05-31;99.619;3.174;-18.807;-16.358
2024-06-03;99.789;3.095;-18.146;-16.961
2024-06-04;99.856;3.063;-17.974;-17.044
2024-06-05;99.911;3.038;-18.711;-17.76
2024-06-06;99.813;3.084;-19.233;-17.198
2024-06-07;99.701;3.137;-19.777;-17.428
2024-06-10;99.639;3.166;-18.32;-16.918
2024-06-11;99.707;3.134;-18.371;-16.997
2024-06-12;99.877;3.054;-18.21;-17.382
2024-06-13;99.95;3.02;-18.611;-16.832
2024-06-14;100.063;2.967;-18.999;-17.213
2024-06-17;100.01;2.992;-18.235;-16.398
2024-06-18;100.044;2.976;-17.445;-15.346
2024-06-19;100.012;2.991;-17.38;-15.321
2024-06-20;99.987;3.003;-18.426;-15.714
2024-06-21;100.06;2.968;-18.789;-16.409
2024-06-24;100.046;2.975;-17.744;-15.597
2024-06-25;100.061;2.968;-17.699;-15.897
2024-06-26;100.022;2.986;-17.989;-16.449
2024-06-27;100.015;2.99;-18.436;-16.33
2024-06-28;99.992;3.001;-18.809;-16.731
2024-07-01;99.904;3.043;-18.08;-16.667
2024-07-02;99.949;3.022;-17.543;-16.281
2024-07-03;99.957;3.018;-17.616;-16.493
2024-07-04;99.923;3.034;-18.9;-16.903
2024-07-05;100.031;2.982;-18.642;-16.77
2024-07-08;100.009;2.993;-17.56;-16.616
2024-07-09;99.97;3.012;-17.672;-16.606
2024-07-10;100.048;2.974;-18.514;-17.829
2024-07-11;100.241;2.88;-19.184;-17.914
2024-07-12;100.176;2.911;-18.62;-17.112
2024-07-15;100.24;2.88;-18.173;-16.961
2024-07-16;100.312;2.845;-17.835;-16.803
2024-07-17;100.285;2.858;-17.739;-16.289
2024-07-18;100.305;2.848;-18.561;-16.206
2024-07-19;100.279;2.86;-19.157;-17.195
2024-07-22;100.192;2.903;-17.582;-16.38
2024-07-23;100.288;2.855;-17.578;-16.826
2024-07-24;100.388;2.806;-18.058;-17.693
2024-07-25;100.427;2.786;-18.689;-17.133
2024-07-26;100.472;2.764;-18.43;-16.697
2024-07-29;100.511;2.744;-18.039;-17.21
2024-07-30;100.606;2.697;-17.943;-17.375
2024-07-31;100.647;2.676;-17.93;-17.327
2024-08-01;100.758;2.62;-18.476;-17.207
2024-08-02;100.93;2.534;-18.157;-18.664
2024-08-05;100.91;2.543;-17.393;-17.179
2024-08-06;100.886;2.555;-17.516;-14.999
2024-08-07;100.839;2.578;-17.143;-15.855
2024-08-08;100.862;2.565;-17.83;-16.817
2024-08-09;100.886;2.552;-17.434;-15.684
2024-08-12;100.889;2.55;-16.816;-15.967
2024-08-13;100.988;2.5;-16.995;-16.483
2024-08-14;100.984;2.501;-16.846;-15.643
2024-08-15;100.793;2.596;-16.881;-14.541
2024-08-16;100.848;2.567;-17.047;-15.392
2024-08-19;100.84;2.571;-16.411;-15.465
2024-08-20;100.907;2.537;-16.364;-15.741
2024-08-21;100.987;2.495;-16.637;-16.102
2024-08-22;100.905;2.535;-16.298;-15.802
2024-08-23;100.957;2.508;-16.231;-15.555
2024-08-26;100.91;2.532;-15.945;-15.679
2024-08-27;100.914;2.529;-15.784;-15.637
2024-08-28;100.94;2.515;-15.729;-15.603
2024-08-29;100.989;2.488;-16.035;-16.037
2024-08-30;100.931;2.517;-15.317;-15.375
2024-09-02;100.91;2.528;-15.662;-15.678
2024-09-03;100.952;2.505;-14.729;-15.668
2024-09-04;101.046;2.456;-15.427;-16.305
2024-09-05;101.101;2.425;-15.697;-16.074
2024-09-06;101.227;2.359;-16.711;-16.667
2024-09-09;101.262;2.34;-16.092;-15.387
2024-09-10;101.328;2.305;-16.527;-15.28
2024-09-11;101.368;2.283;-16.711;-15.095
2024-09-12;101.265;2.334;-17.293;-15.317
2024-09-13;101.296;2.317;-17.582;-15.512
2024-09-16;101.341;2.292;-16.495;-15.679
2024-09-17;101.262;2.333;-16.553;-14.891
2024-09-18;101.207;2.361;-17.414;-15.053
2024-09-19;101.263;2.328;-17.911;-14.781
2024-09-20;101.274;2.322;-18.689;-14.694
2024-09-23;101.397;2.256;-17.559;-15.524
2024-09-24;101.475;2.214;-17.918;-14.988
2024-09-25;101.446;2.228;-18.539;-15.301
2024-09-26;101.445;2.225;-18.403;-14.761
2024-09-27;101.546;2.171;-19.465;-15.471
2024-09-30;101.548;2.168;-18.704;-14.559
2024-10-01;101.63;2.124;-19.302;-15.751
2024-10-02;101.592;2.143;-19.551;-15.598
2024-10-03;101.511;2.182;-20.056;-14.755
2024-10-04;101.29;2.299;-19.962;-13.727
2024-10-07;101.185;2.355;-18.899;-13.879
2024-10-08;101.23;2.329;-18.916;-13.769
2024-10-09;101.178;2.357;-19.3;-14.195
2024-10-10;101.215;2.334;-20.21;-14.236
2024-10-11;101.246;2.316;-20.533;-15.13
2024-10-14;101.227;2.325;-18.965;-14.298
2024-10-15;101.31;2.279;-18.876;-14.589
2024-10-16;101.374;2.243;-18.795;-14.794
2024-10-17;101.419;2.215;-19.518;-14.261
2024-10-18;101.497;2.172;-19.885;-14.787
2024-10-21;101.399;2.224;-19.454;-13.781
2024-10-22;101.382;2.232;-19.861;-14.088
2024-10-23;101.484;2.175;-20.002;-15.555
2024-10-24;101.524;2.15;-21.256;-15.076
2024-10-25;101.495;2.164;-21.596;-15.351
2024-10-28;101.508;2.156;-19.121;-14.071
2024-10-29;101.47;2.176;-18.997;-13.587
2024-10-30;101.284;2.277;-18.498;-11.945
2024-10-31;101.221;2.309;-18.714;-11.278
2024-11-01;101.249;2.293;-18.301;-12.343
2024-11-04;101.223;2.306;-17.531;-12.69
2024-11-05;101.176;2.331;-18.89;-14.484
2024-11-06;101.387;2.212;-17.739;-14.414
2024-11-07;101.374;2.216;-19.584;-13.643
2024-11-08;101.397;2.202;-18.696;-12.595
2024-11-11;101.491;2.148;-17.919;-13.233
2024-11-12;101.483;2.151;-17.858;-12.681
2024-11-13;101.461;2.162;-18.0;-12.25
2024-11-14;101.586;2.087;-20.08;-14.145
2024-11-15;101.524;2.121;-16.446;-11.067
2024-11-18;101.436;2.17;-17.836;-10.886
2024-11-19;101.432;2.171;-17.669;-11.031
2024-11-20;101.418;2.178;-17.616;-11.617
2024-11-21;101.433;2.165;-18.105;-12.273
2024-11-22;101.64;2.045;-18.298;-14.112
2024-11-25;101.572;2.083;-17.526;-12.805
2024-11-26;101.568;2.084;-18.317;-12.604
2024-11-27;101.531;2.104;-18.076;-12.452
2024-11-28;101.585;2.068;-18.405;-12.563
2024-11-29;101.658;2.025;-17.831;-12.576
2024-12-02;101.76;1.964;-17.309;-13.13
2024-12-03;101.702;1.996;-16.581;-11.042
2024-12-04;101.677;2.009;-17.549;-11.464
2024-12-05;101.588;2.056;-18.019;-11.727
2024-12-06;101.6;2.048;-18.009;-12.059
2024-12-09;101.648;2.018;-18.26;-13.529
2024-12-10;101.666;2.006;-17.471;-12.921
2024-12-11;101.672;2.001;-17.113;-12.638
2024-12-12;101.563;2.061;-18.049;-12.58
2024-12-13;101.456;2.123;-17.509;-11.192
2024-12-16;101.506;2.092;-17.43;-12.572
2024-12-17;101.496;2.096;-17.844;-13.462
2024-12-18;101.523;2.079;-18.229;-14.064
2024-12-19;101.47;2.106;-18.351;-12.698
2024-12-20;101.492;2.091;-17.961;-12.296
2024-12-23;101.489;2.089;-19.764;-14.269
2024-12-24;101.489;2.084;-20.113;-14.065
2024-12-25;101.489;2.084;-19.943;-13.921
2024-12-27;101.422;2.124;-17.128;-12.15
2024-12-30;101.468;2.093;-16.558;-12.1
2024-12-31;101.468;2.091;-17.754;-12.596
2025-01-01;101.468;2.091;-16.369;-12.491
2025-01-02;101.415;2.119;-17.408;-12.449
2025-01-03;101.31;2.182;-16.887;-11.079
2025-01-06;101.249;2.218;-16.556;-11.309
2025-01-07;101.255;2.213;-16.732;-12.771
2025-01-08;101.222;2.232;-15.309;-11.536
2025-01-09;101.193;2.247;-16.651;-12.397
2025-01-10;101.089;2.31;-15.446;-10.688
2025-01-13;101.091;2.308;-16.226;-12.432
2025-01-14;101.037;2.34;-14.757;-11.675
2025-01-15;101.148;2.27;-15.806;-12.624
2025-01-16;101.176;2.249;-16.652;-13.565
2025-01-17;101.175;2.248;-15.215;-11.663
2025-01-20;101.168;2.251;-15.124;-11.791
2025-01-21;101.178;2.244;-15.035;-11.555
2025-01-22;101.158;2.255;-14.854;-11.068
2025-01-23;101.138;2.264;-15.798;-11.384
2025-01-24;101.045;2.322;-14.561;-9.573
2025-01-27;101.098;2.287;-14.505;-11.309
2025-01-28;101.075;2.3;-14.586;-11.226
2025-01-29;101.072;2.301;-15.049;-11.915
2025-01-30;101.165;2.238;-15.082;-12.595
2025-01-31;101.291;2.156;-15.315;-13.631
2025-02-03;101.408;2.079;-15.066;-13.959
2025-02-04;101.381;2.095;-14.791;-11.94
2025-02-05;101.367;2.102;-14.686;-11.408
2025-02-06;101.339;2.116;-13.647;-10.591
2025-02-07;101.369;2.095;-14.53;-11.318
2025-02-10;101.389;2.08;-13.372;-11.239
2025-02-11;101.316;2.126;-13.25;-11.344
2025-02-12;101.236;2.177;-12.968;-10.991
2025-02-13;101.287;2.139;-13.355;-12.038
2025-02-14;101.248;2.163;-13.303;-11.975
2025-02-17;101.224;2.178;-12.294;-11.087
2025-02-18;101.229;2.173;-12.002;-10.893
2025-02-19;101.172;2.209;-11.708;-10.428
2025-02-20;101.196;2.189;-11.338;-10.293
2025-02-21;101.248;2.153;-11.392;-10.553
2025-02-24;101.277;2.132;-10.739;-10.172
2025-02-25;101.299;2.116;-10.037;-9.583
2025-02-26;101.298;2.115;-9.618;-9.248
2025-02-27;101.328;2.09;-8.865;-9.073
2025-02-28;101.349;2.075;-10.224;-9.438
2025-03-03;101.294;2.11;-8.902;-8.129
2025-03-04;101.321;2.09;-9.294;-8.913
2025-03-05;101.118;2.226;-8.053;-8.236
2025-03-06;101.089;2.242;-6.896;-8.323
2025-03-07;101.089;2.24;-7.047;-8.944
2025-03-10;101.119;2.219;-7.035;-8.501
2025-03-11;101.137;2.205;-7.444;-8.776
2025-03-12;101.117;2.217;-7.836;-8.396
2025-03-13;101.141;2.196;-7.116;-8.111
2025-03-14;101.135;2.199;-7.693;-9.406
2025-03-17;101.12;2.208;-7.045;-9.343
2025-03-18;101.13;2.199;-7.067;-9.816
2025-03-19;101.108;2.213;-6.864;-9.459
2025-03-20;101.133;2.192;-7.941;-9.615
2025-03-21;101.173;2.162;-8.466;-9.924
2025-03-24;101.172;2.161;-8.123;-10.053
2025-03-25;101.161;2.167;-8.583;-10.212
2025-03-26;101.173;2.157;-8.756;-9.987
2025-03-27;101.227;2.114;-8.976;-9.928
2025-03-28;101.285;2.072;-10.826;-10.738
2025-03-31;101.253;2.093;-10.083;-10.204
2025-04-01;101.292;2.063;-10.403;-9.633
2025-04-02;101.263;2.082;-10.247;-9.922
2025-04-03;101.348;2.016;-11.556;-10.002
2025-04-04;101.455;1.938;-13.61;-10.865
2025-04-07;101.459;1.933;-12.587;-11.679
2025-04-08;101.458;1.931;-13.806;-10.074
2025-04-09;101.532;1.876;-12.772;-10.994
2025-04-10;101.477;1.91;-13.707;-9.214
2025-04-11;101.445;1.931;-13.37;-10.968
2025-04-14;101.504;1.886;-13.396;-10.91
2025-04-15;101.506;1.882;-12.582;-10.235
2025-04-16;101.506;1.871;-13.77;-9.453
2025-04-17;101.608;1.794;-15.73;-10.715
2025-04-18;101.608;1.794;-16.382;-11.494
2025-04-22;101.631;1.775;-14.316;-12.168
2025-04-23;101.574;1.815;-15.012;-10.045
2025-04-24;101.611;1.78;-15.087;-10.792
2025-04-25;101.574;1.805;-15.245;-11.237
2025-04-28;101.55;1.821;-13.928;-10.423
2025-04-29;101.542;1.822;-14.275;-10.483
2025-04-30;101.583;1.784;-15.03;-10.608
2025-05-02;101.524;1.826;-15.155;-11.463
2025-05-05;101.524;1.824;-15.009;-12.692
2025-05-06;101.544;1.807;-14.684;-12.794
2025-05-07;101.566;1.787;-15.092;-13.389
2025-05-08;101.508;1.825;-15.065;-11.666
2025-05-09;101.497;1.831;-15.668;-11.372
2025-05-12;101.374;1.923;-14.311;-10.166
2025-05-13;101.354;1.936;-14.401;-10.594
2025-05-14;101.343;1.942;-14.255;-11.322
2025-05-15;101.388;1.901;-14.639;-11.614
2025-05-16;101.418;1.875;-15.543;-12.553
2025-05-19;101.417;1.874;-15.452;-12.158
2025-05-20;101.422;1.868;-15.774;-12.873
2025-05-21;101.4;1.882;-15.997;-12.559
2025-05-22;101.421;1.859;-15.573;-11.665
2025-05-23;101.48;1.81;-16.729;-12.59
2025-05-26;101.467;1.818;-16.836;-12.677
2025-05-27;101.468;1.815;-16.777;-12.103
2025-05-28;101.449;1.827;-16.755;-11.214
2025-05-29;101.474;1.8;-17.203;-11.792
2025-05-30;101.455;1.813;-16.688;-11.795
2025-06-02;101.452;1.812;-17.235;-12.996
2025-06-03;101.459;1.804;-17.29;-13.673
2025-06-04;101.447;1.811;-17.415;-13.489
2025-06-05;101.369;1.867;-17.521;-11.354
2025-06-06;101.364;1.869;-17.946;-11.462
2025-06-09;101.375;1.857;-17.778;-12.86
2025-06-10;101.388;1.844;-17.874;-12.806
2025-06-11;101.388;1.842;-17.467;-12.705
2025-06-12;101.382;1.839;-16.803;-11.648
2025-06-13;101.341;1.871;-17.06;-11.525
2025-06-16;101.347;1.863;-16.762;-11.868
2025-06-17;101.314;1.888;-16.618;-12.231
2025-06-18;101.331;1.872;-16.635;-11.941
2025-06-19;101.321;1.873;-16.186;-10.542
2025-06-20;101.313;1.877;-16.414;-10.404
2025-06-23;101.317;1.871;-15.634;-10.527
2025-06-24;101.314;1.871;-15.674;-11.14
2025-06-25;101.324;1.86;-15.274;-10.951
2025-06-26;101.339;1.84;-16.216;-11.583
2025-06-27;101.307;1.865;-16.318;-11.22
2025-06-30;101.307;1.862;-15.931;-12.276
2025-07-01;101.317;1.851;-15.938;-12.629
2025-07-02;101.285;1.876;-14.509;-10.442
2025-07-03;101.303;1.853;-15.434;-11.165
2025-07-04;101.32;1.835;-15.569;-11.101
2025-07-07;101.304;1.846;-14.8;-11.048
2025-07-08;101.277;1.867;-14.646;-10.599
2025-07-09;101.28;1.862;-14.451;-11.648
2025-07-10;101.244;1.886;-14.951;-11.768
2025-07-11;101.221;1.904;-14.936;-11.265
2025-07-14;101.242;1.883;-15.081;-13.194
2025-07-15;101.247;1.876;-14.508;-12.968
2025-07-16;101.266;1.856;-14.539;-12.981
2025-07-17;101.239;1.872;-14.739;-12.019
2025-07-18;101.239;1.87;-15.111;-11.713
2025-07-21;101.265;1.844;-14.803;-12.893
2025-07-22;101.27;1.836;-14.667;-12.414
2025-07-23;101.245;1.856;-14.55;-11.785
2025-07-24;101.159;1.927;-14.038;-9.097
2025-07-25;101.143;1.939;-14.257;-9.627
2025-07-28;101.163;1.918;-14.246;-12.644
2025-07-29;101.142;1.934;-14.417;-11.811
2025-07-30;101.136;1.937;-13.944;-11.352
2025-07-31;101.105;1.959;-13.922;-10.308
2025-08-01;101.138;1.925;-14.39;-11.16
2025-08-04;101.154;1.908;-13.906;-12.232
2025-08-05;101.135;1.923;-13.435;-11.447
2025-08-06;101.124;1.931;-13.424;-11.667
2025-08-07;101.119;1.927;-13.812;-11.525
2025-08-08;101.092;1.95;-13.953;-11.434
2025-08-11;101.077;1.962;-12.797;-10.904
2025-08-12;101.078;1.959;-13.162;-11.747
2025-08-13;101.088;1.946;-12.779;-11.618
2025-08-14;101.07;1.956;-12.699;-11.444
2025-08-15;101.052;1.971;-12.782;-11.38
2025-08-18;101.046;1.974;-11.929;-11.189
2025-08-19;101.046;1.971;-11.361;-10.658
2025-08-20;101.065;1.95;-11.519;-10.693
2025-08-21;101.028;1.979;-10.991;-9.589
2025-08-22;101.05;1.954;-11.52;-10.067
2025-08-25;101.031;1.97;-11.28;-10.339
2025-08-26;101.036;1.963;-10.35;-9.438
2025-08-27;101.045;1.951;-10.259;-9.561
2025-08-28;101.023;1.965;-10.105;-9.681
2025-08-29;101.015;1.97;-9.351;-9.113
2025-09-01;101.007;1.976;-10.026;-9.997
2025-09-02;100.993;1.987;-9.62;-9.857
2025-09-03;100.989;1.988;-8.829;-9.386
2025-09-04;100.971;1.998;-8.637;-9.147
2025-09-05;100.983;1.983;-8.876;-9.251
2025-09-08;100.983;1.98;-9.199;-9.922
2025-09-09;100.971;1.99;-9.581;-10.341
2025-09-10;100.962;1.996;-9.442;-10.597
2025-09-11;100.939;2.011;-9.224;-10.117
2025-09-12;100.93;2.018;-9.767;-10.075
2025-09-15;100.928;2.017;-9.864;-9.999
2025-09-16;100.933;2.009;-9.958;-9.414
2025-09-17;100.926;2.013;-9.879;-9.051
2025-09-18;100.916;2.015;-9.937;-9.282
2025-09-19;100.913;2.015;-9.414;-9.131
2025-09-22;100.908;2.018;-9.365;-9.637
2025-09-23;100.905;2.018;-9.675;-9.309
2025-09-24;100.902;2.018;-9.478;-9.494
2025-09-25;100.89;2.022;-9.419;-8.817
2025-09-26;100.884;2.026;-9.399;-9.501
2025-09-29;100.883;2.024;-9.607;-9.679
2025-09-30;100.879;2.026;-9.087;-8.429
2025-10-01;100.884;2.017;-9.804;-8.223
2025-10-02;100.882;2.01;-10.456;-8.252
2025-10-03;100.871;2.019;-9.868;-8.194
2025-10-06;100.866;2.022;-9.136;-8.748
2025-10-07;100.863;2.022;-9.243;-8.846
2025-10-08;100.871;2.01;-9.582;-9.151
2025-10-09;100.86;2.013;-9.524;-8.242
2025-10-10;100.875;1.993;-10.583;-9.143
2025-10-13;100.878;1.987;-10.241;-10.178
2025-10-14;100.874;1.988;-10.141;-10.196
2025-10-15;100.871;1.988;-10.057;-9.907
2025-10-16;100.87;1.98;-10.462;-9.679
2025-10-17;100.869;1.978;-10.275;-9.746
2025-10-20;100.868;1.976;-10.636;-10.515
2025-10-21;100.86;1.982;-9.719;-10.398
2025-10-22;100.852;1.988;-9.498;-9.334
2025-10-23;100.839;1.993;-9.519;-8.119
2025-10-24;100.816;2.017;-9.192;-7.67
2025-10-27;100.808;2.023;-8.77;-9.518
2025-10-28;100.806;2.022;-8.953;-9.883
2025-10-29;100.813;2.011;-9.612;-10.171
2025-10-30;100.806;2.009;-10.081;-9.748
2025-10-31;100.804;2.008;-10.218;-10.429
2025-11-03;100.796;2.015;-10.455;-11.959
2025-11-04;100.8;2.007;-10.924;-12.014
2025-11-05;100.802;2.001;-11.767;-12.582
2025-11-06;100.797;1.997;-11.757;-11.479
2025-11-07;100.794;1.997;-11.791;-11.263
2025-11-10;100.786;2.004;-11.548;-12.012
2025-11-11;100.778;2.01;-11.049;-11.74
2025-11-12;100.769;2.018;-10.601;-11.9
2025-11-13;100.753;2.028;-10.777;-11.024
2025-11-14;100.749;2.03;-10.747;-10.614
2025-11-17;100.746;2.03;-11.069;-12.122
2025-11-18;100.75;2.022;-11.222;-13.311
2025-11-19;100.749;2.019;-11.185;-13.026
2025-11-20;100.743;2.017;-11.553;-11.244
2025-11-21;100.748;2.007;-11.75;-10.907
2025-11-24;100.739;2.015;-11.477;-11.719
2025-11-25;100.736;2.015;-10.795;-11.26
2025-11-26;100.73;2.02;-10.962;-11.014
2025-11-27;100.722;2.019;-11.241;-9.852
2025-11-28;100.718;2.021;-11.362;-9.716
2025-12-01;100.708;2.031;-11.242;-11.092
2025-12-02;100.709;2.026;-11.54;-11.774
2025-12-03;100.711;2.02;-11.592;-10.91
2025-12-04;100.699;2.025;-11.421;-10.498
2025-12-05;100.687;2.038;-10.993;-10.935
2025-12-08;100.673;2.053;-11.18;-11.995
2025-12-09;100.669;2.055;-10.88;-12.948
2025-12-10;100.664;2.058;-10.943;-12.803
2025-12-11;100.659;2.055;-11.253;-11.792
2025-12-12;100.657;2.054;-11.28;-11.93
2025-12-15;100.657;2.05;-11.79;-13.364
2025-12-16;100.659;2.044;-12.069;-13.751
2025-12-17;100.658;2.041;-12.137;-12.425
2025-12-18;100.649;2.043;-12.304;-10.58
2025-12-19;100.646;2.044;-12.725;-10.374
2025-12-22;100.645;2.041;-12.467;-11.776
2025-12-23;100.633;2.04;-12.225;-8.948
2025-12-24;100.633;2.036;-12.372;-8.488
2025-12-25;100.633;2.036;-12.522;-8.732
2025-12-29;100.638;2.025;-12.734;-11.795
2025-12-30;100.632;2.026;-12.415;-10.826
2025-12-31;100.632;2.014;-14.034;-10.388
2026-01-01;100.632;2.014;-14.024;-10.592
2026-01-02;100.616;2.034;-12.357;-8.496
2026-01-05;100.613;2.034;-12.173;-9.609
2026-01-06;100.618;2.023;-12.726;-10.213
2026-01-07;100.617;2.02;-12.372;-9.76
2026-01-08;100.601;2.033;-11.914;-8.505
2026-01-09;100.599;2.032;-12.516;-9.136
2026-01-12;100.594;2.035;-12.148;-11.025
2026-01-13;100.593;2.033;-12.307;-12.056
2026-01-14;100.594;2.027;-12.624;-12.456
2026-01-15;100.578;2.04;-12.437;-10.174
2026-01-16;100.574;2.042;-12.088;-10.045
2026-01-19;100.578;2.032;-12.647;-13.044
2026-01-20;100.577;2.029;-12.462;-12.696
2026-01-21;100.572;2.033;-12.433;-12.715
2026-01-22;100.561;2.038;-12.157;-10.315
2026-01-23;100.556;2.042;-12.432;-10.954
2026-01-26;100.555;2.039;-12.543;-12.532
2026-01-27;100.555;2.035;-11.954;-12.268
2026-01-28;100.554;2.032;-11.901;-11.972
2026-01-29;100.549;2.027;-12.088;-10.576
2026-01-30;100.544;2.031;-12.332;-11.389
2026-02-02;100.54;2.034;-12.672;-12.497
2026-02-03;100.534;2.04;-12.579;-12.948
2026-02-04;100.532;2.039;-12.86;-13.607
2026-02-05;100.524;2.039;-12.878;-12.153
2026-02-06;100.519;2.043;-12.243;-10.587
2026-02-09;100.519;2.039;-11.831;-10.744
2026-02-10;100.52;2.032;-11.155;-9.466
2026-02-11;100.514;2.038;-10.74;-8.687
2026-02-12;100.504;2.042;-11.423;-9.611
2026-02-13;100.502;2.041;-11.924;-10.96
2026-02-16;100.498;2.044;-12.17;-12.507
2026-02-17;100.495;2.045;-12.005;-12.384
