;px_last;yld_ytm_mid;asset_swap_spd_mid;z_sprd_mid
2009-06-16;99.78;4.867;71.078;76.167
2009-06-17;99.999;4.848;68.703;73.556
2009-06-18;99.68;4.876;65.48;70.236
2009-06-19;100.182;4.832;64.927;69.529
2009-06-22;100.854;4.773;61.069;65.131
2009-06-23;100.6;4.795;61.445;65.606
2009-06-24;100.668;4.789;64.02;68.358
2009-06-25;101.004;4.759;62.806;66.952
2009-06-26;101.461;4.72;61.516;65.334
2009-06-29;101.686;4.7;61.674;65.443
2009-06-30;101.728;4.696;64.638;68.469
2009-07-01;101.434;4.722;63.368;67.344
2009-07-02;102.125;4.662;62.711;66.398
2009-07-03;102.163;4.659;62.808;66.435
2009-07-06;102.507;4.629;61.707;65.125
2009-07-07;102.252;4.651;63.319;66.992
2009-07-08;102.332;4.644;66.092;69.855
2009-07-09;102.206;4.655;62.856;66.488
2009-07-10;102.653;4.616;61.337;64.65
2009-07-13;102.739;4.609;59.862;63.073
2009-07-14;102.635;4.618;59.4;62.593
2009-07-15;102.121;4.662;57.702;60.988
2009-07-16;102.476;4.631;59.38;62.639
2009-07-17;101.673;4.701;60.665;64.337
2009-07-20;101.644;4.703;63.554;67.403
2009-07-21;102.266;4.649;58.658;62.013
2009-07-22;102.454;4.633;55.409;58.529
2009-07-23;102.24;4.651;52.955;55.991
2009-07-24;102.45;4.633;49.031;51.79
2009-07-27;102.446;4.634;47.495;50.188
2009-07-28;103.392;4.552;43.301;45.496
2009-07-29;103.713;4.525;45.461;47.64
2009-07-30;104.002;4.501;47.966;50.134
2009-07-31;105.559;4.37;43.336;44.836
2009-08-03;105.123;4.406;42.236;43.768
2009-08-04;105.255;4.395;39.679;41.08
2009-08-05;105.74;4.355;38.08;39.245
2009-08-06;105.671;4.361;37.175;38.337
2009-08-07;104.724;4.439;37.408;38.743
2009-08-10;105.308;4.391;38.0;39.2
2009-08-11;105.855;4.345;32.942;33.893
2009-08-12;105.799;4.35;33.69;34.699
2009-08-13;105.999;4.333;34.27;35.282
2009-08-14;106.967;4.253;33.496;34.285
2009-08-17;107.275;4.228;30.173;30.83
2009-08-18;107.208;4.234;30.633;31.307
2009-08-19;107.603;4.201;30.616;31.208
2009-08-20;107.612;4.201;32.728;33.35
2009-08-21;107.649;4.198;28.019;28.519
2009-08-24;107.664;4.196;31.073;31.641
2009-08-25;107.595;4.202;34.257;34.885
2009-08-26;107.629;4.199;36.942;37.603
2009-08-27;107.523;4.207;34.51;35.196
2009-08-28;107.447;4.213;37.385;38.104
2009-08-31;107.368;4.22;37.194;37.959
2009-09-01;107.248;4.229;39.712;40.58
2009-09-02;106.987;4.251;42.553;43.536
2009-09-03;106.676;4.276;40.561;41.638
2009-09-04;106.66;4.277;38.99;40.032
2009-09-07;106.474;4.292;43.167;44.376
2009-09-08;106.091;4.324;41.585;42.906
2009-09-09;105.346;4.386;38.945;40.408
2009-09-10;105.983;4.333;39.068;40.41
2009-09-11;106.983;4.25;38.135;39.139
2009-09-14;106.836;4.262;39.784;40.816
2009-09-15;106.795;4.266;36.015;36.968
2009-09-16;106.526;4.287;35.184;36.173
2009-09-17;106.219;4.313;35.643;36.723
2009-09-18;105.942;4.336;35.035;36.173
2009-09-21;105.479;4.374;36.934;38.267
2009-09-22;105.393;4.381;39.282;40.686
2009-09-23;105.905;4.338;36.021;37.219
2009-09-24;106.674;4.275;34.268;35.239
2009-09-25;107.585;4.2;32.51;33.201
2009-09-28;107.85;4.179;30.461;31.055
2009-09-29;108.154;4.154;29.378;29.893
2009-09-30;107.85;4.178;30.18;30.785
2009-10-01;107.341;4.22;41.966;42.9
2009-10-02;107.45;4.211;43.82;44.687
2009-10-05;107.499;4.207;40.199;41.03
2009-10-06;107.432;4.212;39.322;40.152
2009-10-07;107.825;4.18;40.808;41.548
2009-10-08;107.935;4.171;38.289;38.937
2009-10-09;107.137;4.236;41.477;42.356
2009-10-12;107.274;4.225;42.786;43.669
2009-10-13;107.07;4.241;45.071;46.089
2009-10-14;106.414;4.295;43.225;44.392
2009-10-15;105.709;4.354;43.723;45.098
2009-10-16;105.851;4.342;42.759;44.037
2009-10-19;105.806;4.345;42.736;44.044
2009-10-20;106.514;4.287;41.025;42.12
2009-10-21;105.671;4.356;38.456;39.719
2009-10-22;106.106;4.32;35.072;36.152
2009-10-23;105.58;4.364;34.895;36.082
2009-10-26;105.601;4.362;37.972;39.175
2009-10-27;106.577;4.281;34.178;35.119
2009-10-28;106.888;4.255;35.04;35.956
2009-10-29;106.225;4.31;33.028;33.991
2009-10-30;107.264;4.224;33.778;34.538
2009-11-02;107.045;4.242;33.817;34.625
2009-11-03;106.686;4.272;30.703;31.537
2009-11-04;106.181;4.313;31.786;32.762
2009-11-05;106.001;4.328;32.77;33.789
2009-11-06;105.801;4.345;31.906;32.964
2009-11-09;106.29;4.304;31.706;32.669
2009-11-10;106.743;4.266;31.025;31.857
2009-11-11;106.949;4.249;32.457;33.284
2009-11-12;106.777;4.263;29.498;30.292
2009-11-13;106.626;4.276;;
2009-11-16;106.972;4.247;33.015;33.869
2009-11-17;107.564;4.198;30.538;31.202
2009-11-18;107.549;4.199;30.702;31.367
2009-11-19;107.63;4.193;30.651;31.312
2009-11-20;107.425;4.21;33.452;34.175
2009-11-23;107.102;4.236;33.957;34.756
2009-11-24;107.225;4.226;36.648;37.458
2009-11-25;107.019;4.243;37.495;38.359
2009-11-26;107.735;4.184;37.165;37.868
2009-11-27;107.665;4.189;37.537;38.267
2009-11-30;108.116;4.152;33.492;34.044
2009-12-01;108.013;4.161;38.499;39.145
2009-12-02;107.853;4.174;36.575;37.261
2009-12-03;107.638;4.191;38.431;39.158
2009-12-04;107.203;4.227;37.08;37.868
2009-12-07;107.858;4.173;36.284;36.91
2009-12-08;108.152;4.149;35.881;36.457
2009-12-09;108.095;4.153;34.715;35.325
2009-12-10;107.427;4.208;37.526;38.328
2009-12-11;107.224;4.225;38.042;38.894
2009-12-14;107.552;4.198;36.937;37.672
2009-12-15;106.89;4.252;38.254;39.197
2009-12-16;107.66;4.189;33.918;34.639
2009-12-17;108.361;4.131;35.317;35.856
2009-12-18;108.162;4.147;36.811;37.41
2009-12-21;107.489;4.202;37.928;38.712
2009-12-22;107.011;4.242;37.326;38.229
2009-12-23;106.354;4.296;35.545;36.582
2009-12-24;106.37;4.295;36.063;37.104
2009-12-25;106.402;4.292;35.407;36.428
2009-12-28;106.03;4.323;36.165;37.281
2009-12-29;105.884;4.335;37.228;38.374
2009-12-30;105.63;4.357;38.711;39.95
2009-12-31;105.583;4.361;38.529;39.783
2010-01-01;105.616;4.358;37.385;38.607
2010-01-04;105.838;4.339;36.439;37.563
2010-01-05;106.016;4.324;39.884;41.081
2010-01-06;106.068;4.32;36.939;38.068
2010-01-07;106.432;4.289;36.48;37.504
2010-01-08;106.837;4.255;32.218;33.07
2010-01-11;107.295;4.217;32.138;32.908
2010-01-12;107.509;4.2;31.916;32.645
2010-01-13;107.403;4.208;32.365;33.125
2010-01-14;107.3;4.217;33.624;34.426
2010-01-15;107.632;4.189;33.693;34.421
2010-01-18;107.642;4.188;34.945;35.693
2010-01-19;107.356;4.212;35.778;36.606
2010-01-20;107.4;4.208;38.045;38.921
2010-01-21;107.412;4.207;39.755;40.652
2010-01-22;107.488;4.201;38.677;39.539
2010-01-25;107.535;4.197;39.293;40.158
2010-01-26;107.792;4.175;37.709;38.467
2010-01-27;107.959;4.161;36.29;36.972
2010-01-28;108.093;4.15;34.956;35.571
2010-01-29;108.302;4.133;34.907;35.466
2010-02-01;108.479;4.119;34.297;34.793
2010-02-02;108.309;4.132;36.046;36.611
2010-02-03;107.962;4.161;37.426;38.071
2010-02-04;108.409;4.124;;
2010-02-05;108.733;4.097;;
2010-02-08;108.558;4.112;;
2010-02-09;108.175;4.143;38.184;38.834
2010-02-10;108.443;4.121;33.272;33.79
2010-02-11;108.253;4.136;34.569;35.135
2010-02-12;108.585;4.109;34.878;35.421
2010-02-15;108.463;4.119;33.262;33.832
2010-02-16;108.346;4.129;34.345;34.97
2010-02-17;108.458;4.119;34.807;35.405
2010-02-18;108.01;4.156;35.854;36.572
2010-02-19;107.91;4.164;31.586;32.247
2010-02-22;108.142;4.145;33.51;34.14
2010-02-23;109.447;4.038;31.251;31.595
2010-02-24;109.685;4.019;31.401;31.696
2010-02-25;109.678;4.019;30.068;30.369
2010-02-26;109.983;3.995;28.902;29.133
2010-03-01;109.934;3.998;28.344;28.593
2010-03-02;109.995;3.993;25.574;25.803
2010-03-03;109.761;4.012;24.981;25.247
2010-03-04;109.906;4.0;26.276;26.53
2010-03-05;109.677;4.019;28.167;28.463
2010-03-08;109.609;4.024;27.281;27.593
2010-03-09;109.877;4.002;27.53;27.799
2010-03-10;109.9;4.0;25.27;25.512
2010-03-11;109.83;4.006;24.363;24.59
2010-03-12;110.036;3.989;23.542;23.73
2010-03-15;110.194;3.976;23.094;23.26
2010-03-16;110.452;3.955;24.577;24.712
2010-03-17;110.599;3.943;25.406;25.514
2010-03-18;110.272;3.969;25.57;25.739
2010-03-19;110.284;3.968;27.481;27.64
2010-03-22;110.711;3.934;27.22;27.314
2010-03-23;111.0;3.911;26.595;26.633
2010-03-24;110.74;3.931;26.417;26.499
2010-03-25;110.125;3.98;26.303;26.492
2010-03-26;110.067;3.985;27.129;27.335
2010-03-29;110.356;3.962;24.841;24.992
2010-03-30;110.528;3.947;27.842;27.965
2010-03-31;110.928;3.915;26.174;26.235
2010-04-01;111.249;3.889;24.335;24.334
2010-04-02;111.259;3.888;23.621;23.628
2010-04-05;111.198;3.893;24.103;24.119
2010-04-06;110.668;3.935;23.593;23.672
2010-04-07;110.914;3.915;25.115;25.171
2010-04-08;111.164;3.895;21.808;21.824
2010-04-09;110.45;3.952;25.287;25.411
2010-04-12;110.78;3.926;21.99;22.056
2010-04-13;111.076;3.902;22.29;22.314
2010-04-14;111.12;3.898;23.711;23.74
2010-04-15;111.179;3.893;23.528;23.538
2010-04-16;111.482;3.869;23.424;23.416
2010-04-19;111.469;3.87;24.759;24.739
2010-04-20;111.282;3.885;23.002;23.012
2010-04-21;111.349;3.879;23.724;23.702
2010-04-22;111.539;3.864;24.632;24.585
2010-04-23;111.351;3.878;28.619;28.568
2010-04-26;111.445;3.871;27.27;27.207
2010-04-27;112.22;3.809;;
2010-04-28;111.869;3.837;32.531;32.317
2010-04-29;111.556;3.861;31.517;31.409
2010-04-30;111.934;3.831;30.133;29.975
2010-05-03;111.64;3.854;28.284;28.188
2010-05-04;112.585;3.779;28.014;27.751
2010-05-05;113.651;3.695;28.686;28.213
2010-05-06;114.069;3.663;26.429;25.926
2010-05-07;113.529;3.705;32.877;32.314
2010-05-10;111.92;3.831;30.279;30.17
2010-05-11;111.79;3.841;24.778;24.755
2010-05-12;111.883;3.834;25.69;25.65
2010-05-13;112.052;3.82;22.958;22.917
2010-05-14;113.285;3.723;23.106;22.857
2010-05-17;113.23;3.727;23.889;23.623
2010-05-18;113.518;3.704;;
2010-05-19;114.513;3.627;22.581;22.125
2010-05-20;115.716;3.534;23.046;22.39
2010-05-21;116.409;3.481;20.426;19.747
2010-05-24;116.475;3.476;21.063;20.344
2010-05-25;117.487;3.4;21.71;20.823
2010-05-26;116.587;3.467;24.314;23.46
2010-05-27;115.885;3.52;23.522;22.8
2010-05-28;116.302;3.488;25.694;24.818
2010-05-31;116.595;3.466;21.685;20.92
2010-06-01;116.59;3.466;19.628;18.93
2010-06-02;116.34;3.484;24.699;23.846
2010-06-03;115.37;3.558;27.802;27.014
2010-06-04;114.893;3.595;34.82;33.925
2010-06-07;112.034;3.818;;
2010-06-08;112.427;3.787;;
2010-06-09;113.171;3.728;;
2010-06-10;114.118;3.654;39.029;38.224
2010-06-11;115.273;3.564;35.681;34.717
2010-06-14;114.427;3.629;39.959;39.074
2010-06-15;114.015;3.661;39.455;38.66
2010-06-16;114.041;3.659;39.903;39.112
2010-06-17;114.113;3.653;39.452;38.653
2010-06-18;113.751;3.681;37.311;36.64
2010-06-21;113.795;3.678;34.917;34.278
2010-06-22;114.447;3.627;36.597;35.781
2010-06-23;114.455;3.626;36.412;35.614
2010-06-24;114.67;3.609;38.259;37.359
2010-06-25;114.477;3.624;37.897;37.051
2010-06-28;114.835;3.596;34.687;33.848
2010-06-29;115.147;3.571;35.156;34.245
2010-06-30;115.056;3.578;35.106;34.196
2010-07-01;115.487;3.545;33.597;32.635
2010-07-02;115.397;3.551;33.485;32.56
2010-07-05;116.117;3.496;31.043;30.055
2010-07-06;115.621;3.534;32.493;31.552
2010-07-07;115.621;3.533;31.389;30.472
2010-07-08;115.472;3.545;32.165;31.251
2010-07-09;115.813;3.518;30.412;29.505
2010-07-12;116.318;3.48;32.65;31.581
2010-07-13;115.874;3.513;32.225;31.245
2010-07-14;115.681;3.528;31.011;30.106
2010-07-15;115.818;3.517;28.96;28.092
2010-07-16;116.237;3.485;29.615;28.645
2010-07-19;115.8;3.518;27.316;26.507
2010-07-20;116.232;3.485;25.79;24.957
2010-07-21;116.307;3.479;24.234;23.471
2010-07-22;115.985;3.503;23.362;22.677
2010-07-23;115.679;3.526;23.85;23.164
2010-07-26;115.133;3.568;21.735;21.181
2010-07-27;115.126;3.569;21.753;21.188
2010-07-28;115.249;3.559;21.534;20.975
2010-07-29;115.368;3.549;22.317;21.731
2010-07-30;115.878;3.51;21.893;21.242
2010-08-02;115.6;3.531;19.626;19.094
2010-08-03;116.773;3.441;19.915;19.227
2010-08-04;117.102;3.416;18.262;17.602
2010-08-05;117.82;3.361;17.926;17.189
2010-08-06;118.414;3.317;18.746;17.912
2010-08-09;118.205;3.332;18.81;18.0
2010-08-10;117.811;3.362;22.886;21.945
2010-08-11;118.939;3.277;24.822;23.661
2010-08-12;119.059;3.268;25.165;23.96
2010-08-13;119.184;3.258;29.073;27.639
2010-08-16;120.356;3.172;;
2010-08-17;120.407;3.168;28.008;26.38
2010-08-18;120.912;3.13;26.993;25.351
2010-08-19;121.174;3.111;29.539;27.683
2010-08-20;121.918;3.057;30.309;28.277
2010-08-23;121.932;3.056;27.882;26.007
2010-08-24;123.363;2.953;30.62;28.31
2010-08-25;124.397;2.879;27.958;25.666
2010-08-26;124.586;2.866;29.025;26.594
2010-08-27;124.266;2.888;25.823;23.697
2010-08-30;124.515;2.87;31.43;28.801
2010-08-31;124.649;2.861;32.238;29.511
2010-09-01;122.912;2.983;33.868;31.308
2010-09-02;122.07;3.043;28.042;26.084
2010-09-03;120.77;3.137;26.619;24.959
2010-09-06;120.947;3.124;28.184;26.404
2010-09-07;121.688;3.07;30.349;28.308
2010-09-08;121.364;3.093;31.559;29.455
2010-09-09;121.141;3.109;27.792;25.977
2010-09-10;120.133;3.182;28.174;26.499
2010-09-13;119.639;3.219;27.389;25.852
2010-09-14;120.172;3.179;28.511;26.836
2010-09-15;119.234;3.248;28.529;27.001
2010-09-16;118.177;3.327;28.817;27.46
2010-09-17;118.844;3.277;27.326;25.934
2010-09-20;118.28;3.319;28.265;26.899
2010-09-21;118.716;3.286;26.644;25.29
2010-09-22;119.844;3.201;28.708;27.078
2010-09-23;120.492;3.153;26.387;24.803
2010-09-24;119.669;3.214;28.546;26.946
2010-09-27;120.47;3.155;31.116;29.212
2010-09-28;120.782;3.131;31.352;29.363
2010-09-29;120.619;3.143;32.473;30.43
2010-09-30;120.428;3.157;32.932;30.864
2010-10-01;120.425;3.157;31.364;29.407
2010-10-04;120.897;3.122;31.715;29.651
2010-10-05;120.522;3.149;30.102;28.222
2010-10-06;121.147;3.103;28.844;26.964
2010-10-07;120.55;3.146;28.88;27.096
2010-10-08;120.677;3.137;29.293;27.462
2010-10-11;120.715;3.134;29.259;27.419
2010-10-12;120.958;3.116;25.901;24.239
2010-10-13;120.397;3.156;31.119;29.228
2010-10-14;120.172;3.173;29.48;27.727
2010-10-15;119.308;3.237;29.837;28.211
2010-10-18;119.324;3.235;26.471;25.028
2010-10-19;118.933;3.264;26.124;24.754
2010-10-20;118.922;3.264;24.811;23.496
2010-10-21;118.423;3.302;24.381;23.132
2010-10-22;118.676;3.283;25.558;24.204
2010-10-25;119.146;3.247;22.667;21.415
2010-10-26;118.823;3.271;21.278;20.134
2010-10-27;118.055;3.329;22.299;21.195
2010-10-28;118.219;3.316;22.061;20.945
2010-10-29;118.622;3.285;23.651;22.398
2010-11-01;119.173;3.244;24.809;23.398
2010-11-02;119.256;3.237;26.756;25.202
2010-11-03;119.989;3.182;21.778;20.436
2010-11-04;119.454;3.222;27.577;25.988
2010-11-05;119.192;3.241;27.2;25.694
2010-11-08;119.219;3.239;26.371;24.909
2010-11-09;118.882;3.264;24.918;23.581
2010-11-10;118.548;3.289;25.046;23.75
2010-11-11;118.163;3.318;26.78;25.453
2010-11-12;117.409;3.375;25.087;23.948
2010-11-15;116.941;3.41;25.514;24.431
2010-11-16;116.105;3.475;24.658;23.743
2010-11-17;116.39;3.452;23.138;22.246
2010-11-18;115.389;3.53;18.083;17.519
2010-11-19;115.618;3.512;19.778;19.122
2010-11-22;116.108;3.474;20.527;19.793
2010-11-23;117.152;3.393;21.699;20.783
2010-11-24;115.832;3.494;18.911;18.277
2010-11-25;115.418;3.527;15.497;15.037
2010-11-26;115.372;3.53;15.518;15.061
2010-11-29;114.753;3.578;17.457;16.999
2010-11-30;115.331;3.533;19.367;18.8
2010-12-01;114.304;3.613;14.734;14.41
2010-12-02;114.25;3.618;11.105;10.881
2010-12-03;113.607;3.669;13.047;12.831
2010-12-06;113.844;3.65;12.191;11.984
2010-12-07;112.842;3.73;11.638;11.513
2010-12-08;112.407;3.764;12.944;12.812
2010-12-09;113.143;3.705;13.273;13.062
2010-12-10;113.133;3.706;9.929;9.777
2010-12-13;112.737;3.737;12.006;11.853
2010-12-14;112.057;3.792;9.121;9.053
2010-12-15;111.849;3.809;9.389;9.33
2010-12-16;111.498;3.838;11.217;11.164
2010-12-17;111.764;3.816;14.486;14.38
2010-12-20;112.636;3.745;11.063;10.934
2010-12-21;112.536;3.753;12.162;12.021
2010-12-22;112.931;3.72;11.899;11.738
2010-12-23;112.715;3.738;10.075;9.964
2010-12-24;112.691;3.739;9.694;9.595
2010-12-27;112.264;3.774;10.327;10.244
2010-12-28;112.751;3.734;;
2010-12-29;112.313;3.77;11.155;11.068
2010-12-30;112.716;3.737;11.747;11.628
2010-12-31;112.873;3.724;11.62;11.487
2011-01-03;113.222;3.696;14.877;14.667
2011-01-04;113.57;3.667;16.212;15.946
2011-01-05;112.982;3.714;12.892;12.728
2011-01-06;112.648;3.741;21.736;21.459
2011-01-07;112.766;3.732;24.648;24.317
2011-01-10;112.893;3.721;22.362;22.05
2011-01-11;112.377;3.763;23.831;23.577
2011-01-12;111.132;3.865;19.993;19.903
2011-01-13;111.83;3.807;20.675;20.457
2011-01-14;112.22;3.775;15.548;15.35
2011-01-17;112.138;3.782;16.934;16.728
2011-01-18;111.448;3.838;19.999;19.814
2011-01-19;111.57;3.828;17.944;17.782
2011-01-20;111.155;3.862;13.98;13.889
2011-01-21;111.333;3.847;14.736;14.611
2011-01-24;111.528;3.831;13.168;13.058
2011-01-25;111.048;3.871;20.017;19.893
2011-01-26;110.558;3.911;18.775;18.71
2011-01-27;110.253;3.936;20.884;20.818
2011-01-28;110.613;3.906;20.042;19.938
2011-01-31;110.723;3.897;14.685;14.603
2011-02-01;110.045;3.953;17.584;17.552
2011-02-02;110.08;3.95;14.682;14.65
2011-02-03;110.255;3.935;15.773;15.752
2011-02-04;109.72;3.98;16.759;16.77
2011-02-07;109.67;3.984;18.658;18.676
2011-02-08;109.513;3.998;17.337;17.372
2011-02-09;108.865;4.052;20.268;20.381
2011-02-10;108.975;4.043;19.911;20.009
2011-02-11;109.17;4.026;19.754;19.832
2011-02-14;109.078;4.034;18.795;18.897
2011-02-15;109.02;4.039;20.99;21.095
2011-02-16;109.81;3.972;19.66;19.663
2011-02-17;110.253;3.934;20.17;20.129
2011-02-18;109.583;3.991;19.977;20.012
2011-02-21;110.278;3.932;18.525;18.468
2011-02-22;110.725;3.894;19.32;19.188
2011-02-23;111.028;3.869;18.214;18.042
2011-02-24;111.073;3.865;17.699;17.532
2011-02-25;111.028;3.869;16.527;16.383
2011-02-28;110.755;3.891;18.913;18.779
2011-03-01;110.738;3.893;19.436;19.288
2011-03-02;110.268;3.932;20.368;20.28
2011-03-03;109.12;4.029;19.962;19.968
2011-03-04;109.513;3.995;22.326;22.257
2011-03-07;109.568;3.991;20.571;20.508
2011-03-08;109.27;4.016;19.634;19.624
2011-03-09;109.44;4.001;20.03;19.99
2011-03-10;110.078;3.947;17.599;17.509
2011-03-11;110.79;3.887;14.373;14.237
2011-03-14;110.685;3.896;14.943;14.796
2011-03-15;111.595;3.82;13.512;13.357
2011-03-16;112.23;3.767;13.751;13.539
2011-03-17;110.868;3.88;15.567;15.453
2011-03-18;110.708;3.893;14.294;14.2
2011-03-21;110.255;3.931;13.185;13.138
2011-03-22;109.978;3.954;14.09;14.062
2011-03-23;110.075;3.945;16.985;16.928
2011-03-24;109.768;3.971;13.691;13.687
2011-03-25;109.608;3.985;13.385;13.39
2011-03-28;109.223;4.017;16.736;16.771
2011-03-29;108.978;4.038;13.47;13.522
2011-03-30;109.025;4.034;14.401;14.45
2011-03-31;108.79;4.054;14.534;14.593
2011-04-01;108.443;4.083;15.472;15.57
2011-04-04;108.645;4.066;13.914;14.0
2011-04-05;108.353;4.091;14.774;14.881
2011-04-06;107.915;4.129;13.877;14.023
2011-04-07;108.005;4.121;15.11;15.257
2011-04-08;107.318;4.18;15.096;15.298
2011-04-11;107.323;4.18;13.63;13.819
2011-04-12;107.986;4.122;11.706;11.829
2011-04-13;108.033;4.118;14.4;14.54
2011-04-14;108.106;4.111;11.722;11.834
2011-04-15;108.576;4.07;12.26;12.332
2011-04-18;109.703;3.974;13.122;13.11
2011-04-19;109.613;3.981;10.383;10.377
2011-04-20;109.386;4.0;11.346;11.348
2011-04-21;109.586;3.983;12.296;12.293
2011-04-22;109.586;3.983;12.669;12.658
2011-04-25;109.586;3.983;11.994;11.987
2011-04-26;109.613;3.98;14.101;14.086
2011-04-27;109.038;4.029;13.781;13.811
2011-04-28;109.886;3.957;9.897;9.877
2011-04-29;110.188;3.931;11.68;11.621
2011-05-02;110.221;3.928;9.85;9.803
2011-05-03;109.945;3.951;11.126;11.084
2011-05-04;109.648;3.976;10.596;10.573
2011-05-05;110.268;3.923;11.69;11.626
2011-05-06;110.801;3.878;16.13;15.97
2011-05-09;111.445;3.824;13.179;13.008
2011-05-10;111.216;3.843;13.766;13.603
2011-05-11;110.976;3.863;16.663;16.494
2011-05-12;111.253;3.839;10.367;10.258
2011-05-13;111.618;3.809;12.425;12.259
2011-05-16;111.083;3.853;14.9;14.738
2011-05-17;111.493;3.819;11.58;11.434
2011-05-18;111.276;3.837;11.508;11.381
2011-05-19;111.058;3.855;13.993;13.844
2011-05-20;111.713;3.8;13.575;13.381
2011-05-23;112.041;3.772;15.578;15.329
2011-05-24;111.501;3.817;16.35;16.147
2011-05-25;111.766;3.795;14.333;14.137
2011-05-26;112.376;3.744;14.413;14.163
2011-05-27;112.666;3.72;12.061;11.847
2011-05-30;112.714;3.715;12.624;12.384
2011-05-31;112.246;3.754;13.387;13.167
2011-06-01;112.526;3.73;12.781;12.562
2011-06-02;112.756;3.711;6.717;6.601
2011-06-03;112.211;3.756;10.984;10.812
2011-06-06;112.358;3.744;12.151;11.946
2011-06-07;111.476;3.817;14.47;14.293
2011-06-08;111.769;3.792;15.075;14.87
2011-06-09;112.078;3.766;14.371;14.16
2011-06-10;112.514;3.73;18.186;17.871
2011-06-13;112.528;3.729;17.279;16.977
2011-06-14;111.896;3.781;15.48;15.28
2011-06-15;112.041;3.769;18.593;18.346
2011-06-16;111.936;3.777;15.43;15.261
2011-06-17;111.833;3.786;14.844;14.678
2011-06-20;111.644;3.801;14.947;14.798
2011-06-21;111.343;3.826;14.452;14.338
2011-06-22;111.666;3.799;14.923;14.777
2011-06-23;112.553;3.725;13.525;13.325
2011-06-24;112.615;3.719;14.928;14.698
2011-06-27;111.828;3.785;14.345;14.203
2011-06-28;111.533;3.809;11.887;11.789
2011-06-29;110.98;3.856;13.478;13.4
2011-06-30;110.858;3.866;14.737;14.649
2011-07-01;111.023;3.852;14.685;14.568
2011-07-04;111.438;3.817;13.263;13.11
2011-07-05;111.648;3.799;13.081;12.918
2011-07-06;112.015;3.768;14.614;14.399
2011-07-07;111.793;3.786;11.565;11.418
2011-07-08;113.018;3.684;11.235;11.018
2011-07-11;114.24;3.583;15.835;15.401
2011-07-12;113.578;3.637;18.428;17.977
2011-07-13;112.973;3.687;20.686;20.268
2011-07-14;112.985;3.686;20.447;20.039
2011-07-15;113.795;3.619;19.427;18.94
2011-07-18;114.265;3.58;18.201;17.676
2011-07-19;114.003;3.601;16.889;16.451
2011-07-20;113.108;3.675;13.487;13.225
2011-07-21;112.133;3.756;12.918;12.746
2011-07-22;112.713;3.707;13.499;13.264
2011-07-25;113.213;3.665;13.285;13.011
2011-07-26;113.735;3.622;12.41;12.117
2011-07-27;114.555;3.555;10.06;9.786
2011-07-28;114.183;3.585;12.95;12.618
2011-07-29;115.128;3.508;7.56;7.347
2011-08-01;115.755;3.457;4.31;4.178
2011-08-02;116.19;3.422;7.4;7.143
2011-08-03;115.843;3.449;7.01;6.781
2011-08-04;116.7;3.38;9.86;9.501
2011-08-05;116.375;3.406;-6.397;-6.143
2011-08-08;117.555;3.312;8.327;7.996
2011-08-09;116.133;3.425;15.214;14.715
2011-08-10;117.915;3.283;19.311;18.473
2011-08-11;117.338;3.328;12.472;11.988
2011-08-12;117.133;3.344;13.065;12.565
2011-08-15;117.005;3.354;11.738;11.305
2011-08-16;116.748;3.374;18.98;18.284
2011-08-17;117.947;3.279;16.483;15.765
2011-08-18;119.475;3.159;15.994;15.16
2011-08-19;119.84;3.131;11.946;11.291
2011-08-22;119.67;3.144;12.318;11.651
2011-08-23;119.338;3.169;13.429;12.72
2011-08-24;118.588;3.227;11.424;10.867
2011-08-25;118.563;3.229;10.241;9.769
2011-08-26;119.218;3.177;7.552;7.176
2011-08-29;118.223;3.255;10.083;9.624
2011-08-30;118.908;3.201;11.603;11.032
2011-08-31;117.89;3.28;13.288;12.702
2011-09-01;118.565;3.227;16.739;15.942
2011-09-02;119.357;3.165;16.207;15.381
2011-09-05;120.335;3.089;15.382;14.505
2011-09-06;120.25;3.095;17.793;16.784
2011-09-07;119.86;3.125;19.534;18.446
2011-09-08;120.74;3.057;16.548;15.585
2011-09-09;122.313;2.937;15.009;14.0
2011-09-12;122.445;2.926;19.881;18.479
2011-09-13;122.318;2.936;17.515;16.268
2011-09-14;121.163;3.023;19.156;17.901
2011-09-15;120.403;3.081;21.714;20.376
2011-09-16;122.25;2.94;17.763;16.491
2011-09-19;122.48;2.922;22.648;20.976
2011-09-20;122.393;2.928;24.882;23.037
2011-09-21;122.29;2.935;26.912;24.914
2011-09-22;122.755;2.9;33.207;30.612
2011-09-23;122.485;2.92;30.739;28.384
2011-09-26;121.425;3.0;37.409;34.738
2011-09-27;119.563;3.144;40.375;37.902
2011-09-28;119.368;3.158;35.347;33.195
2011-09-29;119.298;3.163;35.121;33.046
2011-09-30;120.533;3.067;35.027;32.704
2011-10-03;120.708;3.054;42.906;40.023
2011-10-04;120.908;3.038;41.732;38.877
2011-10-05;119.678;3.132;39.302;36.904
2011-10-06;118.113;3.255;45.941;43.486
2011-10-07;117.793;3.28;50.227;47.625
2011-10-10;117.023;3.341;48.268;45.971
2011-10-11;116.825;3.357;50.9;48.54
2011-10-12;115.193;3.489;50.277;48.424
2011-10-13;116.055;3.418;52.173;50.003
2011-10-14;114.658;3.532;56.522;54.634
2011-10-17;115.828;3.436;61.033;58.552
2011-10-18;115.705;3.446;65.47;62.82
2011-10-19;114.97;3.506;65.776;63.382
2011-10-20;115.578;3.456;66.429;63.758
2011-10-21;114.705;3.527;72.035;69.409
2011-10-24;114.005;3.585;74.661;72.249
2011-10-25;115.2;3.486;70.994;68.284
2011-10-26;115.965;3.423;66.547;63.774
2011-10-27;114.378;3.553;63.989;61.902
2011-10-28;114.248;3.564;65.467;63.429
2011-10-31;115.585;3.454;69.343;66.612
2011-11-01;117.813;3.274;61.606;58.44
2011-11-02;116.415;3.385;68.312;65.33
2011-11-03;115.28;3.478;71.504;68.938
2011-11-04;115.755;3.439;70.978;68.22
2011-11-07;115.22;3.482;78.339;75.481
2011-11-08;115.955;3.422;68.231;65.459
2011-11-09;115.768;3.437;88.755;84.961
2011-11-10;111.33;3.808;116.968;114.834
2011-11-11;111.26;3.814;109.173;107.363
2011-11-14;111.053;3.831;120.983;119.012
2011-11-15;108.075;4.092;139.67;139.828
2011-11-16;108.538;4.05;130.456;130.268
2011-11-17;109.148;3.996;121.439;120.799
2011-11-18;110.503;3.878;102.791;101.466
2011-11-21;111.173;3.82;101.713;100.017
2011-11-22;110.727;3.858;106.898;105.424
2011-11-23;108.51;4.052;121.956;121.746
2011-11-24;107.558;4.137;125.903;126.445
2011-11-25;107.123;4.176;127.458;128.396
2011-11-28;108.625;4.042;110.525;110.393
2011-11-29;109.643;3.952;99.637;99.03
2011-11-30;110.602;3.868;94.208;93.263
2011-12-01;112.915;3.67;82.064;80.179
2011-12-02;112.713;3.687;82.045;80.281
2011-12-05;113.727;3.601;67.478;65.642
2011-12-06;113.468;3.623;73.272;71.314
2011-12-07;114.143;3.566;73.468;71.194
2011-12-08;113.485;3.621;90.421;87.809
2011-12-09;114.328;3.55;75.675;73.236
2011-12-12;115.3;3.469;77.058;74.082
2011-12-13;115.985;3.413;73.866;70.69
2011-12-14;117.638;3.279;68.4;64.783
2011-12-15;118.77;3.188;57.81;54.465
2011-12-16;118.625;3.199;68.578;64.596
2011-12-19;117.605;3.281;71.078;67.388
2011-12-20;116.9;3.337;67.816;64.627
2011-12-21;116.7;3.353;68.75;65.59
2011-12-22;116.685;3.354;70.384;67.202
2011-12-23;117.273;3.306;66.076;62.887
2011-12-26;117.273;3.306;66.048;62.846
2011-12-27;117.413;3.294;70.06;66.619
2011-12-28;117.93;3.252;68.878;65.278
2011-12-29;118.063;3.241;68.818;65.18
2011-12-30;117.418;3.293;75.479;71.786
2012-01-02;116.42;3.374;75.431;72.168
2012-01-03;115.333;3.463;90.639;87.24
2012-01-04;114.018;3.572;99.045;96.058
2012-01-05;112.943;3.662;109.169;106.485
2012-01-06;112.685;3.684;112.944;110.282
2012-01-09;113.663;3.601;106.866;103.764
2012-01-10;114.535;3.528;99.494;96.14
2012-01-11;115.163;3.475;101.324;97.558
2012-01-12;116.028;3.404;96.678;92.647
2012-01-13;115.643;3.435;106.331;102.066
2012-01-16;115.683;3.432;104.527;100.33
2012-01-17;115.305;3.463;102.108;98.244
2012-01-18;114.167;3.557;112.53;108.913
2012-01-19;114.042;3.567;108.298;104.957
2012-01-20;114.482;3.53;98.971;95.807
2012-01-23;114.243;3.55;95.873;93.074
2012-01-24;113.755;3.591;96.333;93.777
2012-01-25;113.995;3.57;99.33;96.538
2012-01-26;114.65;3.515;98.875;95.784
2012-01-27;115.695;3.428;89.539;86.224
2012-01-30;115.93;3.409;94.807;91.073
2012-01-31;115.965;3.406;98.796;94.904
2012-02-01;116.135;3.391;94.148;90.476
2012-02-02;117.13;3.309;87.401;83.533
2012-02-03;117.138;3.309;76.995;73.676
2012-02-06;117.723;3.261;78.332;74.692
2012-02-07;117.143;3.308;76.136;72.841
2012-02-08;117.33;3.292;69.723;66.694
2012-02-09;117.423;3.284;66.75;63.814
2012-02-10;117.525;3.276;75.931;72.53
2012-02-13;117.977;3.239;70.401;67.051
2012-02-14;117.99;3.238;76.237;72.531
2012-02-15;117.628;3.266;82.045;78.206
2012-02-16;117.19;3.302;80.07;76.504
2012-02-17;117.178;3.303;77.887;74.43
2012-02-20;117.383;3.286;74.629;71.234
2012-02-21;117.235;3.298;73.876;70.619
2012-02-22;117.355;3.287;78.802;75.22
2012-02-23;117.852;3.247;77.265;73.524
2012-02-24;117.805;3.25;78.538;74.772
2012-02-27;117.565;3.269;85.08;81.09
2012-02-28;117.54;3.271;85.619;81.611
2012-02-29;117.848;3.246;82.004;78.015
2012-03-01;118.525;3.191;73.912;70.105
2012-03-02;118.96;3.156;75.505;71.452
2012-03-05;118.39;3.201;78.992;74.982
2012-03-06;117.883;3.242;82.412;78.435
2012-03-07;118.038;3.229;81.875;77.88
2012-03-08;118.525;3.189;76.154;72.262
2012-03-09;118.595;3.183;75.265;71.415
2012-03-12;118.363;3.202;77.288;73.433
2012-03-13;118.32;3.205;75.914;72.106
2012-03-14;117.59;3.264;70.049;66.876
2012-03-15;117.387;3.28;72.341;69.051
2012-03-16;116.843;3.324;69.176;66.28
2012-03-19;117.068;3.306;66.656;63.793
2012-03-20;116.895;3.32;70.996;67.992
2012-03-21;116.91;3.318;75.831;72.601
2012-03-22;116.96;3.313;78.444;75.094
2012-03-23;117.403;3.277;77.691;74.181
2012-03-26;117.613;3.259;71.239;67.968
2012-03-27;117.538;3.265;74.828;71.411
2012-03-28;117.335;3.281;78.943;75.423
2012-03-29;117.477;3.269;80.154;76.503
2012-03-30;118.178;3.212;75.31;71.583
2012-04-02;117.863;3.237;77.136;73.457
2012-04-03;117.975;3.227;74.343;70.746
2012-04-04;117.793;3.242;76.775;73.154
2012-04-05;117.225;3.288;85.78;82.006
2012-04-06;;;86.036;82.229
2012-04-09;117.225;3.288;86.037;82.23
2012-04-10;116.993;3.307;92.49;88.499
2012-04-11;117.36;3.276;86.443;82.537
2012-04-12;118.035;3.22;81.332;77.404
2012-04-13;117.74;3.244;86.622;82.545
2012-04-16;117.135;3.294;91.72;87.692
2012-04-17;117.218;3.286;88.574;84.632
2012-04-18;117.705;3.246;88.597;84.399
2012-04-19;117.26;3.282;91.063;86.955
2012-04-20;117.28;3.28;87.279;83.361
2012-04-23;117.395;3.271;87.69;83.67
2012-04-24;118.258;3.2;78.523;74.621
2012-04-25;118.545;3.176;72.829;69.168
2012-04-26;118.92;3.145;73.119;69.322
2012-04-27;118.975;3.14;73.84;70.006
2012-04-30;119.588;3.091;68.693;64.919
2012-05-01;119.453;3.101;72.31;68.434
2012-05-02;119.848;3.069;75.374;71.171
2012-05-03;120.163;3.044;74.998;70.675
2012-05-04;120.512;3.015;76.559;71.992
2012-05-07;120.623;3.006;75.96;71.396
2012-05-08;121.24;2.957;71.789;67.175
2012-05-09;120.915;2.982;74.585;69.884
2012-05-10;121.63;2.925;71.502;66.685
2012-05-11;122.175;2.882;71.597;66.477
2012-05-14;123.14;2.807;63.784;58.935
2012-05-15;122.755;2.836;73.232;67.707
2012-05-16;122.658;2.843;71.906;66.529
2012-05-17;122.768;2.834;74.192;68.549
2012-05-18;122.635;2.844;76.452;70.672
2012-05-21;122.668;2.841;73.806;68.237
2012-05-22;123.18;2.801;71.657;66.05
2012-05-23;123.697;2.76;76.822;70.326
2012-05-24;125.975;2.586;61.243;55.573
2012-05-25;125.995;2.584;62.764;56.942
2012-05-28;125.753;2.602;64.997;59.038
2012-05-29;125.748;2.602;68.002;61.728
2012-05-30;126.275;2.562;73.564;66.486
2012-05-31;127.69;2.456;64.291;57.7
2012-06-01;129.218;2.343;65.108;57.841
2012-06-04;129.363;2.332;62.369;55.005
2012-06-05;129.183;2.344;64.717;57.478
2012-06-06;128.197;2.416;62.873;55.479
2012-06-07;126.07;2.574;68.317;61.801
2012-06-08;125.815;2.593;74.373;67.265
2012-06-11;125.705;2.601;71.056;64.388
2012-06-12;124.003;2.731;82.922;75.835
2012-06-13;123.928;2.736;69.09;63.341
2012-06-14;124.453;2.695;63.858;58.403
2012-06-15;125.468;2.617;67.901;61.661
2012-06-18;125.325;2.628;64.731;58.903
2012-06-19;124.53;2.688;62.021;56.782
2012-06-20;124.0;2.728;59.858;54.968
2012-06-21;123.905;2.735;70.172;64.388
2012-06-22;124.28;2.706;64.451;59.086
2012-06-25;124.218;2.711;64.905;59.507
2012-06-26;123.34;2.778;74.641;68.76
2012-06-27;123.325;2.779;70.981;65.416
2012-06-28;123.073;2.798;71.766;66.195
2012-06-29;122.87;2.813;66.058;61.149
2012-07-02;123.895;2.733;61.347;56.47
2012-07-03;123.85;2.737;64.661;59.363
2012-07-04;124.253;2.704;65.891;60.605
2012-07-05;124.89;2.655;66.292;60.803
2012-07-06;126.705;2.517;54.645;49.669
2012-07-09;126.488;2.533;56.803;51.7
2012-07-10;126.598;2.524;55.686;50.622
2012-07-11;127.365;2.465;53.311;48.259
2012-07-12;127.87;2.427;50.441;45.577
2012-07-13;127.94;2.422;47.256;42.721
2012-07-16;128.998;2.343;39.614;35.638
2012-07-17;129.673;2.293;35.623;31.922
2012-07-18;129.53;2.302;41.158;36.882
2012-07-19;129.705;2.289;38.539;33.688
2012-07-20;129.675;2.291;42.907;38.439
2012-07-23;129.183;2.327;46.629;41.713
2012-07-24;128.088;2.407;49.686;44.883
2012-07-25;127.917;2.419;49.127;44.467
2012-07-26;128.463;2.378;41.526;37.261
2012-07-27;128.098;2.405;38.049;34.405
2012-07-30;128.69;2.361;34.178;30.856
2012-07-31;129.803;2.278;32.737;29.364
2012-08-01;129.308;2.313;30.484;27.45
2012-08-02;129.428;2.304;42.007;37.687
2012-08-03;128.417;2.379;32.288;29.226
2012-08-06;128.465;2.375;34.768;31.424
2012-08-07;127.968;2.411;31.223;28.328
2012-08-08;128.303;2.385;34.336;31.068
2012-08-09;128.22;2.391;36.728;33.241
2012-08-10;128.642;2.359;37.953;34.284
2012-08-13;128.327;2.382;39.431;35.737
2012-08-14;128.24;2.389;34.18;30.964
2012-08-15;127.563;2.438;31.659;28.702
2012-08-16;127.493;2.443;33.082;30.094
2012-08-17;127.545;2.439;40.041;36.391
2012-08-20;127.218;2.463;43.405;39.525
2012-08-21;126.758;2.498;43.416;39.642
2012-08-22;126.798;2.493;48.039;43.82
2012-08-23;128.023;2.401;46.521;42.139
2012-08-24;128.245;2.384;47.226;42.758
2012-08-27;127.963;2.405;49.11;44.501
2012-08-28;127.993;2.402;51.557;46.7
2012-08-29;127.505;2.438;52.753;47.926
2012-08-30;127.77;2.417;56.471;51.2
2012-08-31;127.973;2.402;53.058;48.081
2012-09-03;127.618;2.428;52.145;47.335
2012-09-04;127.658;2.425;51.503;46.791
2012-09-05;127.63;2.426;49.395;44.889
2012-09-06;127.208;2.457;42.563;38.859
2012-09-07;127.455;2.438;41.866;37.952
2012-09-10;126.793;2.488;46.99;43.044
2012-09-11;127.63;2.424;40.378;36.775
2012-09-12;127.102;2.463;40.527;36.99
2012-09-13;127.533;2.43;39.265;35.766
2012-09-14;126.555;2.504;34.162;31.34
2012-09-17;126.27;2.525;41.21;37.806
2012-09-18;126.61;2.499;42.022;38.468
2012-09-19;126.508;2.506;44.644;40.913
2012-09-20;126.545;2.503;50.923;46.626
2012-09-21;126.623;2.496;48.162;44.145
2012-09-24;126.74;2.487;50.829;46.548
2012-09-25;126.768;2.485;47.909;43.857
2012-09-26;127.748;2.409;44.562;40.509
2012-09-27;127.675;2.414;47.784;43.462
2012-09-28;128.043;2.386;45.921;41.706
2012-10-01;127.828;2.402;45.124;41.03
2012-10-02;127.985;2.39;40.991;37.202
2012-10-03;127.9;2.395;44.42;40.396
2012-10-04;128.033;2.385;42.251;38.415
2012-10-05;127.655;2.413;40.127;36.577
2012-10-08;127.81;2.401;44.744;40.705
2012-10-09;128.14;2.376;42.3;38.442
2012-10-10;128.355;2.358;39.699;36.054
2012-10-11;128.403;2.354;39.416;35.729
2012-10-12;128.778;2.326;39.307;35.637
2012-10-15;128.8;2.324;35.242;31.941
2012-10-16;127.915;2.39;36.443;33.183
2012-10-17;127.32;2.434;33.725;30.842
2012-10-18;127.44;2.425;35.21;32.126
2012-10-19;127.65;2.408;36.461;33.21
2012-10-22;127.42;2.425;35.698;32.57
2012-10-23;127.352;2.43;38.909;35.488
2012-10-24;127.303;2.433;40.563;37.045
2012-10-25;127.038;2.453;40.443;36.979
2012-10-26;127.188;2.441;42.978;39.244
2012-10-29;127.415;2.423;42.54;38.791
2012-10-30;127.675;2.403;41.909;38.168
2012-10-31;127.93;2.383;40.874;37.167
2012-11-01;128.383;2.348;38.847;35.246
2012-11-02;128.63;2.329;37.175;33.691
2012-11-05;128.832;2.314;37.735;34.153
2012-11-06;129.455;2.266;31.344;28.308
2012-11-07;129.832;2.237;33.334;30.036
2012-11-08;130.06;2.22;31.305;28.173
2012-11-09;130.515;2.186;30.326;27.236
2012-11-12;130.82;2.163;28.014;25.148
2012-11-13;131.378;2.121;25.594;22.902
2012-11-14;130.955;2.151;28.461;25.567
2012-11-15;130.727;2.168;28.554;25.638
2012-11-16;130.61;2.176;30.949;27.746
2012-11-19;130.642;2.173;28.95;26.004
2012-11-20;129.98;2.222;29.025;26.169
2012-11-21;129.738;2.239;29.072;26.24
2012-11-22;129.758;2.237;29.198;26.348
2012-11-23;129.865;2.228;28.48;25.202
2012-11-26;130.04;2.215;27.654;24.912
2012-11-27;130.415;2.187;23.073;20.746
2012-11-28;131.525;2.103;21.281;19.021
2012-11-29;131.618;2.096;20.374;18.211
2012-11-30;131.433;2.109;21.302;19.056
2012-12-03;131.02;2.139;22.632;20.305
2012-12-04;131.075;2.135;24.391;21.865
2012-12-05;131.363;2.113;25.952;23.213
2012-12-06;131.523;2.1;30.313;27.089
2012-12-07;131.725;2.085;29.285;26.183
2012-12-10;131.725;2.085;28.941;25.877
2012-12-11;131.775;2.081;28.824;25.76
2012-12-12;131.655;2.088;27.557;24.634
2012-12-13;131.613;2.091;26.841;24.001
2012-12-14;131.963;2.065;24.517;21.892
2012-12-17;131.403;2.105;28.229;25.255
2012-12-18;131.033;2.132;29.072;26.069
2012-12-19;131.475;2.098;24.365;20.797
2012-12-20;131.793;2.074;22.721;20.3
2012-12-21;131.767;2.075;26.047;23.236
2012-12-24;131.85;2.068;24.854;22.196
2012-12-25;131.85;2.068;24.884;22.22
2012-12-26;131.85;2.068;24.883;22.219
2012-12-27;132.13;2.046;27.497;24.498
2012-12-28;131.855;2.066;30.742;27.441
2012-12-31;132.022;2.054;28.521;25.435
2013-01-01;132.022;2.054;28.531;25.445
2013-01-02;130.418;2.171;30.965;27.863
2013-01-03;129.74;2.222;31.558;28.493
2013-01-04;129.34;2.251;29.01;26.249
2013-01-07;129.755;2.22;30.168;26.976
2013-01-08;129.813;2.215;32.531;29.328
2013-01-09;129.913;2.206;32.496;29.269
2013-01-10;129.327;2.25;27.811;25.177
2013-01-11;129.148;2.263;25.32;22.566
2013-01-14;129.258;2.255;27.208;24.6
2013-01-15;129.445;2.24;28.489;25.718
2013-01-16;129.465;2.237;31.236;28.178
2013-01-17;128.78;2.289;32.979;29.819
2013-01-18;129.95;2.2;28.068;25.182
2013-01-21;129.733;2.216;28.104;25.258
2013-01-22;130.105;2.188;25.345;22.74
2013-01-23;130.238;2.176;25.537;22.914
2013-01-24;129.95;2.198;24.766;22.261
2013-01-25;129.613;2.223;21.844;18.962
2013-01-28;129.11;2.26;20.119;17.565
2013-01-29;129.272;2.248;19.016;17.128
2013-01-30;128.993;2.268;17.916;15.747
2013-01-31;129.628;2.219;14.01;12.596
2013-02-01;129.873;2.2;11.574;10.384
2013-02-04;130.063;2.185;14.267;13.446
2013-02-05;129.423;2.233;16.191;14.583
2013-02-06;129.235;2.247;18.371;16.553
2013-02-07;129.52;2.225;19.269;17.473
2013-02-08;129.637;2.215;19.53;15.33
2013-02-11;129.335;2.238;18.73;16.894
2013-02-12;129.003;2.263;19.176;17.339
2013-02-13;128.505;2.3;18.27;16.531
2013-02-14;128.715;2.283;18.715;16.964
2013-02-15;128.553;2.295;18.97;17.206
2013-02-18;128.843;2.273;18.681;16.929
2013-02-19;128.915;2.267;18.949;17.012
2013-02-20;128.603;2.289;16.809;15.25
2013-02-21;129.183;2.245;18.981;17.023
2013-02-22;129.18;2.244;20.475;18.082
2013-02-25;129.128;2.248;20.725;18.773
2013-02-26;129.973;2.183;20.727;18.049
2013-02-27;130.238;2.162;18.473;16.638
2013-02-28;130.298;2.157;21.031;18.934
2013-03-01;131.08;2.098;18.779;16.831
2013-03-04;131.09;2.097;17.18;15.401
2013-03-05;130.75;2.122;17.053;15.068
2013-03-06;130.603;2.132;19.308;17.346
2013-03-07;130.23;2.16;18.531;16.698
2013-03-08;130.21;2.161;16.015;14.469
2013-03-11;130.043;2.173;18.486;16.671
2013-03-12;130.208;2.16;20.315;18.31
2013-03-13;130.352;2.148;19.196;17.29
2013-03-14;130.363;2.147;19.334;17.412
2013-03-15;130.52;2.134;20.063;18.051
2013-03-18;130.91;2.104;20.232;18.153
2013-03-19;131.455;2.063;19.967;17.855
2013-03-20;131.295;2.074;17.554;15.708
2013-03-21;131.733;2.04;16.493;14.728
2013-03-22;131.508;2.057;17.492;15.631
2013-03-25;131.633;2.047;20.744;18.509
2013-03-26;131.35;2.066;19.113;17.097
2013-03-27;131.695;2.04;19.582;17.478
2013-03-28;131.428;2.059;20.118;17.973
2013-03-29;131.428;2.059;19.21;17.17
2013-04-01;131.428;2.059;19.212;17.172
2013-04-02;131.218;2.075;22.875;20.459
2013-04-03;131.113;2.081;24.52;21.943
2013-04-04;131.86;2.025;24.332;21.7
2013-04-05;133.618;1.894;14.366;12.693
2013-04-08;133.563;1.897;12.7;11.222
2013-04-09;132.878;1.947;15.069;13.373
2013-04-10;131.833;2.024;20.02;17.849
2013-04-11;131.902;2.018;20.987;18.705
2013-04-12;132.025;2.009;23.363;20.803
2013-04-15;132.1;2.003;25.158;22.388
2013-04-16;132.133;2.0;22.283;19.828
2013-04-17;132.26;1.989;24.643;21.929
2013-04-18;132.308;1.985;26.059;23.179
2013-04-19;132.075;2.002;25.433;22.64
2013-04-22;132.448;1.973;26.204;23.29
2013-04-23;132.62;1.96;25.328;22.495
2013-04-24;132.8;1.945;25.001;22.18
2013-04-25;132.925;1.936;25.392;22.503
2013-04-26;133.223;1.913;25.206;22.293
2013-04-29;133.328;1.904;26.704;23.598
2013-04-30;133.618;1.881;22.99;20.293
2013-05-01;133.625;1.881;23.602;20.831
2013-05-02;134.315;1.83;21.886;19.262
2013-05-03;133.44;1.894;17.122;15.155
2013-05-06;133.448;1.893;15.382;13.621
2013-05-07;133.083;1.919;14.468;12.695
2013-05-08;133.408;1.894;13.469;11.928
2013-05-09;133.17;1.911;15.817;14.024
2013-05-10;131.875;2.007;16.669;14.874
2013-05-13;132.0;1.997;19.864;17.291
2013-05-14;131.965;2.0;18.92;16.872
2013-05-15;132.015;1.994;17.639;15.731
2013-05-16;132.748;1.939;15.899;14.146
2013-05-17;133.128;1.91;13.481;11.97
2013-05-20;132.755;1.938;10.674;9.512
2013-05-21;132.23;1.976;12.554;11.206
2013-05-22;132.193;1.978;14.08;12.564
2013-05-23;131.9;1.999;13.443;11.996
2013-05-24;131.888;2.0;14.647;13.063
2013-05-27;131.43;2.034;15.424;13.802
2013-05-28;131.043;2.063;16.982;15.222
2013-05-29;130.635;2.093;15.166;13.607
2013-05-30;130.387;2.111;18.082;16.239
2013-05-31;130.725;2.085;16.746;15.022
2013-06-03;130.473;2.104;15.519;14.02
2013-06-04;130.41;2.108;15.019;13.496
2013-06-05;130.648;2.089;14.526;13.036
2013-06-06;130.415;2.106;15.542;12.98
2013-06-07;130.273;2.116;13.342;11.977
2013-06-10;129.628;2.166;14.461;13.023
2013-06-11;129.428;2.181;11.479;10.065
2013-06-12;129.618;2.165;12.512;11.279
2013-06-13;129.923;2.141;11.918;10.73
2013-06-14;130.645;2.085;11.659;10.183
2013-06-17;130.485;2.097;13.825;11.434
2013-06-18;130.058;2.129;11.232;10.108
2013-06-19;129.975;2.134;12.649;11.384
2013-06-20;128.338;2.261;12.847;11.641
2013-06-21;127.62;2.317;12.194;11.076
2013-06-24;126.003;2.445;16.839;15.416
2013-06-25;126.003;2.444;20.015;18.332
2013-06-26;126.633;2.393;17.33;15.837
2013-06-27;127.278;2.341;17.765;16.187
2013-06-28;127.23;2.345;17.639;16.076
2013-07-01;127.498;2.323;15.29;13.914
2013-07-02;127.598;2.315;16.17;14.712
2013-07-03;127.855;2.293;16.776;15.229
2013-07-04;127.775;2.299;17.777;16.17
2013-07-05;127.08;2.354;16.84;15.404
2013-07-08;127.32;2.334;15.884;14.522
2013-07-09;127.36;2.331;20.261;18.511
2013-07-10;127.295;2.335;19.591;17.891
2013-07-11;127.578;2.312;19.439;17.713
2013-07-12;128.058;2.273;21.259;19.311
2013-07-15;127.943;2.282;20.004;18.179
2013-07-16;127.983;2.279;22.795;20.711
2013-07-17;128.15;2.264;22.471;20.404
2013-07-18;128.333;2.249;23.703;21.507
2013-07-19;128.468;2.238;21.584;19.57
2013-07-22;128.565;2.23;21.214;19.216
2013-07-23;128.417;2.241;18.551;16.815
2013-07-24;127.803;2.289;15.162;13.78
2013-07-25;127.57;2.307;14.233;12.961
2013-07-26;127.585;2.305;14.432;13.142
2013-07-29;127.428;2.317;16.245;14.804
2013-07-30;127.545;2.307;14.037;12.784
2013-07-31;127.925;2.276;10.735;9.766
2013-08-01;128.08;2.263;9.189;8.355
2013-08-02;128.3;2.246;7.885;7.172
2013-08-05;127.678;2.294;11.633;10.601
2013-08-06;127.693;2.293;8.897;8.101
2013-08-07;127.825;2.281;8.836;8.048
2013-08-08;127.833;2.28;8.604;7.837
2013-08-09;127.893;2.275;9.23;8.406
2013-08-12;127.623;2.296;10.671;9.718
2013-08-13;126.423;2.391;10.063;9.222
2013-08-14;126.305;2.4;9.397;8.623
2013-08-15;125.572;2.459;9.552;8.808
2013-08-16;125.54;2.461;10.302;9.508
2013-08-19;125.0;2.504;13.404;12.384
2013-08-20;125.533;2.461;14.497;13.362
2013-08-21;125.19;2.487;14.5;13.38
2013-08-22;124.735;2.524;12.557;11.624
2013-08-23;124.917;2.509;9.724;8.979
2013-08-26;125.383;2.47;9.07;8.372
2013-08-27;125.515;2.459;13.512;12.449
2013-08-28;125.223;2.482;12.974;11.962
2013-08-29;125.21;2.483;14.372;13.255
2013-08-30;125.005;2.499;15.733;14.516
2013-09-02;124.535;2.537;15.745;14.57
2013-09-03;124.143;2.569;16.413;15.214
2013-09-04;124.188;2.564;15.579;14.444
2013-09-05;123.143;2.651;14.534;13.534
2013-09-06;124.02;2.577;15.685;14.553
2013-09-09;123.688;2.605;17.15;15.927
2013-09-10;123.048;2.658;16.355;15.243
2013-09-11;123.53;2.616;14.675;13.652
2013-09-12;123.775;2.596;17.778;16.519
2013-09-13;124.14;2.565;16.975;15.748
2013-09-16;124.5;2.535;17.548;16.249
2013-09-17;124.39;2.543;15.966;14.804
2013-09-18;123.843;2.588;16.4;15.242
2013-09-19;124.43;2.539;16.841;15.628
2013-09-20;124.178;2.559;16.414;15.254
2013-09-23;124.455;2.536;16.695;15.491
2013-09-24;125.363;2.461;15.655;15.183
2013-09-25;125.71;2.431;14.218;14.445
2013-09-26;125.5;2.448;16.014;15.508
2013-09-27;125.995;2.407;16.041;15.812
2013-09-30;126.223;2.388;14.494;14.484
2013-10-01;126.098;2.398;13.63;12.518
2013-10-02;126.02;2.403;12.792;11.758
2013-10-03;125.935;2.41;13.341;12.27
2013-10-04;125.49;2.446;11.494;10.612
2013-10-07;125.825;2.418;12.711;11.703
2013-10-08;125.805;2.419;12.029;11.075
2013-10-09;125.745;2.423;12.034;11.084
2013-10-10;125.125;2.473;12.938;11.961
2013-10-11;125.18;2.468;13.931;12.877
2013-10-14;125.153;2.47;14.796;13.677
2013-10-15;124.513;2.523;15.459;14.339
2013-10-16;124.318;2.538;15.491;14.383
2013-10-17;124.913;2.488;16.559;15.321
2013-10-18;125.193;2.465;17.924;16.563
2013-10-21;125.078;2.474;17.833;16.487
2013-10-22;125.762;2.417;17.491;16.114
2013-10-23;126.065;2.391;17.507;16.091
2013-10-24;126.115;2.387;16.545;15.202
2013-10-25;126.173;2.381;17.081;15.683
2013-10-28;126.213;2.378;16.892;15.507
2013-10-29;126.343;2.367;17.369;15.938
2013-10-30;126.878;2.322;17.931;16.405
2013-10-31;127.203;2.295;16.674;15.237
2013-11-01;127.153;2.299;15.505;14.179
2013-11-04;127.253;2.29;16.034;14.657
2013-11-05;126.51;2.35;15.654;14.374
2013-11-06;126.463;2.353;15.443;14.191
2013-11-07;127.11;2.3;15.81;14.477
2013-11-08;126.38;2.359;14.446;13.297
2013-11-11;126.352;2.361;14.73;13.561
2013-11-12;125.775;2.408;16.125;14.888
2013-11-13;126.173;2.374;18.326;16.884
2013-11-14;126.637;2.335;18.174;16.698
2013-11-15;126.572;2.34;18.014;16.554
2013-11-18;126.753;2.325;18.762;17.219
2013-11-19;126.403;2.353;18.233;16.768
2013-11-20;126.433;2.35;18.621;17.133
2013-11-21;126.268;2.363;19.827;18.253
2013-11-22;126.548;2.339;17.31;15.909
2013-11-25;126.708;2.326;18.508;16.986
2013-11-26;127.048;2.298;18.978;17.372
2013-11-27;126.57;2.336;19.35;17.775
2013-11-28;126.838;2.313;18.335;16.81
2013-11-29;126.928;2.305;17.962;16.458
2013-12-02;126.558;2.335;16.84;15.476
2013-12-03;126.72;2.322;18.293;16.788
2013-12-04;125.833;2.393;17.649;16.273
2013-12-05;125.378;2.43;18.313;16.927
2013-12-06;125.373;2.43;19.511;18.028
2013-12-09;125.365;2.431;18.58;17.172
2013-12-10;125.42;2.426;19.719;18.214
2013-12-11;125.59;2.41;20.229;18.651
2013-12-12;125.355;2.43;21.853;20.172
2013-12-13;125.47;2.42;22.848;21.071
2013-12-16;125.32;2.432;22.981;21.212
2013-12-17;125.45;2.42;23.008;21.224
2013-12-18;125.308;2.431;21.142;19.519
2013-12-19;125.035;2.453;20.46;18.93
2013-12-20;125.075;2.449;20.264;18.732
2013-12-23;124.873;2.465;19.798;18.32
2013-12-24;124.838;2.467;20.539;19.007
2013-12-25;124.838;2.467;20.51;18.979
2013-12-26;124.838;2.467;19.917;18.416
2013-12-27;123.98;2.538;21.137;19.656
2013-12-30;124.035;2.533;23.285;21.639
2013-12-31;123.938;2.54;24.378;22.663
2014-01-01;123.938;2.54;23.488;21.818
2014-01-02;123.933;2.54;22.653;21.067
2014-01-03;123.857;2.546;23.309;21.691
2014-01-06;124.233;2.514;23.224;21.557
2014-01-07;124.57;2.486;21.527;19.945
2014-01-08;124.425;2.497;18.788;17.42
2014-01-09;124.115;2.522;19.651;18.266
2014-01-10;124.723;2.471;20.222;18.738
2014-01-13;125.123;2.437;19.092;17.659
2014-01-14;125.298;2.422;17.603;16.261
2014-01-15;125.248;2.425;16.468;15.214
2014-01-16;125.638;2.392;17.243;15.892
2014-01-17;126.028;2.359;17.114;15.752
2014-01-20;126.225;2.342;17.336;15.939
2014-01-21;126.175;2.346;18.472;16.983
2014-01-22;125.85;2.372;19.117;17.6
2014-01-23;126.298;2.334;19.297;17.715
2014-01-24;126.893;2.285;17.785;16.27
2014-01-27;126.955;2.279;16.701;15.275
2014-01-28;126.953;2.279;15.943;14.586
2014-01-29;127.213;2.256;16.022;14.642
2014-01-30;127.38;2.242;16.24;14.831
2014-01-31;128.075;2.185;15.018;13.662
2014-02-03;128.332;2.163;13.672;12.426
2014-02-04;128.095;2.182;15.974;14.528
2014-02-05;128.128;2.178;17.296;15.725
2014-02-06;127.455;2.233;17.702;16.149
2014-02-07;127.803;2.204;17.913;16.306
2014-02-10;127.265;2.248;20.694;18.9
2014-02-11;127.29;2.245;20.299;18.54
2014-02-12;126.795;2.285;22.411;20.513
2014-02-13;127.235;2.248;22.719;20.756
2014-02-14;127.16;2.254;22.233;20.318
2014-02-17;127.135;2.255;21.674;19.815
2014-02-18;127.333;2.239;21.482;19.623
2014-02-19;127.305;2.24;22.415;20.474
2014-02-20;126.945;2.269;22.131;20.252
2014-02-21;127.31;2.238;20.634;18.849
2014-02-24;127.085;2.256;20.93;19.141
2014-02-25;127.595;2.214;19.849;18.091
2014-02-26;127.97;2.182;19.79;17.998
2014-02-27;128.563;2.133;19.638;17.807
2014-02-28;127.803;2.195;20.722;18.844
2014-03-03;128.678;2.123;19.615;17.761
2014-03-04;128.223;2.159;19.819;17.999
2014-03-05;128.158;2.163;19.31;17.548
2014-03-06;127.645;2.205;19.654;17.891
2014-03-07;127.68;2.202;17.633;16.046
2014-03-10;127.898;2.183;19.053;17.326
2014-03-11;127.703;2.199;18.785;17.101
2014-03-12;128.077;2.167;19.458;17.69
2014-03-13;128.7;2.115;19.588;17.75
2014-03-14;128.678;2.117;18.82;17.054
2014-03-17;128.477;2.132;18.504;16.79
2014-03-18;128.515;2.129;18.114;16.432
2014-03-19;128.188;2.154;18.116;16.463
2014-03-20;127.735;2.191;17.96;16.34
2014-03-21;128.063;2.164;16.428;14.93
2014-03-24;128.613;2.118;16.832;15.246
2014-03-25;128.56;2.122;18.569;16.825
2014-03-26;128.827;2.099;17.441;15.775
2014-03-27;129.283;2.061;16.615;15.008
2014-03-28;129.178;2.069;16.634;15.027
2014-03-31;129.012;2.082;16.59;14.994
2014-04-01;128.778;2.101;18.773;16.971
2014-04-02;128.288;2.139;18.317;16.615
2014-04-03;128.42;2.128;18.546;16.815
2014-04-04;129.168;2.066;17.859;16.138
2014-04-07;129.118;2.07;20.017;18.084
2014-04-08;128.977;2.081;18.133;16.394
2014-04-09;128.793;2.095;17.233;15.586
2014-04-10;129.477;2.038;16.79;15.144
2014-04-11;129.663;2.023;16.839;15.165
2014-04-14;129.485;2.037;16.379;14.773
2014-04-15;130.227;1.974;15.16;13.622
2014-04-16;130.163;1.978;14.366;12.911
2014-04-17;129.843;2.004;14.297;12.859
2014-04-18;129.843;2.004;11.298;10.172
2014-04-21;129.843;2.004;11.7;10.533
2014-04-22;129.568;2.026;15.129;13.634
2014-04-23;129.705;2.013;14.21;12.789
2014-04-24;129.663;2.016;13.978;12.579
2014-04-25;130.248;1.968;13.235;11.875
2014-04-28;129.945;1.992;14.72;13.218
2014-04-29;129.793;2.002;15.761;14.167
2014-04-30;130.262;1.964;14.098;12.656
2014-05-01;130.262;1.964;13.938;12.496
2014-05-02;130.49;1.945;13.47;12.082
2014-05-05;130.383;1.953;12.906;11.585
2014-05-06;130.405;1.951;12.499;11.215
2014-05-07;130.24;1.963;13.146;11.801
2014-05-08;130.55;1.937;13.219;11.854
2014-05-09;130.383;1.95;13.173;11.83
2014-05-12;130.163;1.967;15.349;13.793
2014-05-13;130.63;1.929;16.954;15.195
2014-05-14;131.375;1.867;16.024;14.31
2014-05-15;132.125;1.806;16.145;14.346
2014-05-16;131.805;1.832;15.363;13.682
2014-05-19;131.582;1.849;15.635;13.941
2014-05-20;131.365;1.866;16.342;14.587
2014-05-21;131.03;1.891;16.947;15.145
2014-05-22;131.29;1.87;16.356;14.606
2014-05-23;131.275;1.87;15.455;13.807
2014-05-26;131.23;1.874;15.487;13.842
2014-05-27;131.51;1.85;16.586;14.801
2014-05-28;132.228;1.791;15.683;13.929
2014-05-29;132.048;1.805;15.654;13.915
2014-05-30;131.86;1.82;15.892;14.146
2014-06-02;131.712;1.831;16.32;14.544
2014-06-03;131.253;1.867;16.929;15.123
2014-06-04;130.978;1.888;17.093;15.288
2014-06-05;131.405;1.853;16.731;14.952
2014-06-06;132.11;1.796;16.22;14.435
2014-06-09;132.11;1.795;13.905;12.378
2014-06-10;131.663;1.831;15.227;13.594
2014-06-11;131.633;1.831;14.699;13.132
2014-06-12;131.59;1.834;15.215;13.6
2014-06-13;131.858;1.812;15.221;13.575
2014-06-16;131.935;1.805;16.679;14.858
2014-06-17;131.335;1.853;17.971;16.065
2014-06-18;131.755;1.818;17.049;15.201
2014-06-19;132.462;1.76;16.228;14.419
2014-06-20;132.165;1.784;15.945;14.186
2014-06-23;132.378;1.766;16.118;14.328
2014-06-24;132.465;1.759;15.45;13.728
2014-06-25;133.168;1.701;14.954;13.219
2014-06-26;133.363;1.685;15.16;13.391
2014-06-27;133.18;1.699;15.11;13.351
2014-06-30;133.383;1.682;14.895;13.156
2014-07-01;133.323;1.686;14.966;13.225
2014-07-02;132.84;1.723;14.6;12.94
2014-07-03;132.908;1.717;12.76;11.311
2014-07-04;133.245;1.689;11.873;10.503
2014-07-07;133.353;1.68;11.822;10.456
2014-07-08;133.895;1.637;11.101;9.794
2014-07-09;133.738;1.647;11.134;9.832
2014-07-10;134.07;1.62;11.627;10.24
2014-07-11;134.04;1.622;11.616;10.232
2014-07-14;134.0;1.625;11.348;9.999
2014-07-15;134.233;1.606;10.34;9.093
2014-07-16;134.453;1.587;9.853;8.656
2014-07-17;134.945;1.547;10.101;8.855
2014-07-18;135.005;1.542;9.771;8.56
2014-07-21;135.218;1.525;8.561;7.491
2014-07-22;135.068;1.536;7.69;6.74
2014-07-23;135.318;1.514;6.69;5.854
2014-07-24;134.993;1.539;5.877;5.161
2014-07-25;135.343;1.511;6.382;5.583
2014-07-28;135.418;1.505;7.43;6.487
2014-07-29;135.895;1.467;6.077;5.304
2014-07-30;135.275;1.513;4.537;3.975
2014-07-31;135.457;1.499;3.893;3.406
2014-08-01;135.67;1.481;3.694;3.237
2014-08-04;135.705;1.478;3.039;2.667
2014-08-05;135.223;1.515;3.488;3.063
2014-08-06;135.925;1.458;4.011;3.512
2014-08-07;136.44;1.417;3.567;3.111
2014-08-08;136.633;1.402;1.434;1.254
2014-08-11;136.468;1.414;2.185;1.912
2014-08-12;136.345;1.423;3.265;2.853
2014-08-13;136.628;1.399;3.707;3.223
2014-08-14;136.832;1.382;3.964;3.447
2014-08-15;137.705;1.314;3.883;3.358
2014-08-18;136.837;1.381;5.639;4.891
2014-08-19;137.085;1.361;5.982;5.185
2014-08-20;137.253;1.346;7.352;6.358
2014-08-21;137.233;1.347;7.295;6.311
2014-08-22;137.43;1.331;7.237;6.251
2014-08-25;137.905;1.294;3.617;3.119
2014-08-26;138.155;1.274;7.485;6.438
2014-08-27;138.608;1.237;6.755;5.8
2014-08-28;138.86;1.217;7.342;6.282
2014-08-29;138.74;1.226;6.839;5.862
2014-09-01;138.693;1.228;7.649;6.555
2014-09-02;137.868;1.291;9.11;7.838
2014-09-03;137.397;1.326;11.015;9.505
2014-09-04;137.35;1.329;8.291;7.179
2014-09-05;137.993;1.278;7.573;6.533
2014-09-08;137.77;1.295;7.809;6.738
2014-09-09;137.185;1.34;6.304;5.473
2014-09-10;137.068;1.347;5.808;5.05
2014-09-11;136.938;1.357;7.992;6.936
2014-09-12;136.453;1.394;7.723;6.71
2014-09-15;136.578;1.383;5.418;4.714
2014-09-16;136.465;1.392;8.346;7.251
2014-09-17;136.673;1.373;6.811;5.921
2014-09-18;136.26;1.405;6.705;5.832
2014-09-19;136.853;1.358;5.421;4.715
2014-09-22;137.293;1.323;3.049;2.653
2014-09-23;137.233;1.327;6.584;5.703
2014-09-24;137.345;1.316;5.909;5.114
2014-09-25;137.72;1.287;5.36;4.631
2014-09-26;137.798;1.28;5.206;4.499
2014-09-29;137.888;1.272;4.499;3.891
2014-09-30;138.065;1.258;4.463;3.86
2014-10-01;138.638;1.212;4.166;3.584
2014-10-02;138.628;1.212;3.985;3.428
2014-10-03;138.428;1.226;2.385;2.064
2014-10-06;138.59;1.214;1.613;1.397
2014-10-07;138.46;1.223;2.817;2.435
2014-10-08;138.445;1.224;3.033;2.62
2014-10-09;138.392;1.226;3.411;2.945
2014-10-10;138.56;1.212;3.052;2.628
2014-10-13;138.318;1.23;6.306;5.426
2014-10-14;139.155;1.165;4.328;3.714
2014-10-15;140.188;1.085;3.584;3.055
2014-10-16;139.193;1.159;1.485;1.288
2014-10-17;138.803;1.189;1.814;1.564
2014-10-20;138.89;1.181;0.736;0.646
2014-10-21;138.903;1.18;-1.598;-1.349
2014-10-22;138.908;1.179;-0.992;-0.83
2014-10-23;138.555;1.204;-1.203;-1.02
2014-10-24;138.545;1.204;0.452;0.398
2014-10-27;138.88;1.177;-2.981;-2.53
2014-10-28;138.84;1.18;0.327;0.296
2014-10-29;138.61;1.197;0.567;0.494
2014-10-30;139.248;1.146;0.36;0.328
2014-10-31;139.587;1.119;-2.651;-2.242
2014-11-03;139.29;1.141;1.063;0.928
2014-11-04;139.88;1.095;-0.309;-0.253
2014-11-05;139.582;1.117;-0.084;-0.056
2014-11-06;139.62;1.112;-0.49;-0.403
2014-11-07;139.795;1.098;0.184;0.165
2014-11-10;139.64;1.109;1.22;1.05
2014-11-11;139.738;1.101;-0.153;-0.122
2014-11-12;139.918;1.086;0.411;0.363
2014-11-13;140.01;1.077;1.192;1.03
2014-11-14;140.253;1.058;1.238;1.07
2014-11-17;139.97;1.079;3.438;2.936
2014-11-18;140.035;1.073;0.198;0.187
2014-11-19;139.39;1.122;0.081;0.086
2014-11-20;140.005;1.073;0.662;0.58
2014-11-21;140.37;1.044;0.606;0.534
2014-11-24;140.3;1.049;1.272;1.099
2014-11-25;140.72;1.016;0.222;0.202
2014-11-26;140.975;0.995;-1.03;-0.861
2014-11-27;141.475;0.955;-1.681;-1.394
2014-11-28;141.548;0.949;-3.052;-2.548
2014-12-01;141.195;0.975;1.269;1.085
2014-12-02;140.998;0.989;-3.759;-3.161
2014-12-03;140.892;0.997;-4.275;-3.605
2014-12-04;140.683;1.011;-5.398;-4.555
2014-12-05;140.707;1.008;-7.103;-5.998
2014-12-08;141.52;0.945;-13.376;-11.254
2014-12-09;141.803;0.923;-7.848;-6.581
2014-12-10;141.79;0.923;-6.793;-5.693
2014-12-11;141.75;0.924;-6.082;-5.097
2014-12-12;142.45;0.87;-6.296;-5.252
2014-12-15;142.485;0.867;-6.334;-5.281
2014-12-16;142.743;0.846;-6.999;-5.827
2014-12-17;142.695;0.849;-6.262;-5.212
2014-12-18;142.418;0.868;-7.513;-6.27
2014-12-19;142.605;0.853;-7.264;-6.054
2014-12-22;142.555;0.856;-6.738;-5.615
2014-12-23;142.655;0.845;-8.356;-6.966
2014-12-24;142.683;0.842;-9.035;-7.533
2014-12-25;142.683;0.842;-8.861;-7.385
2014-12-26;142.683;0.842;-8.746;-7.291
2014-12-29;143.272;0.797;-14.315;-11.928
2014-12-30;143.288;0.794;-7.358;-6.12
2014-12-31;143.223;0.797;-7.657;-6.374
2015-01-01;143.223;0.797;-8.548;-7.119
2015-01-02;143.91;0.744;-6.759;-5.59
2015-01-05;143.777;0.753;-6.049;-5.003
2015-01-06;145.035;0.659;-10.571;-8.698
2015-01-07;144.365;0.708;-10.091;-8.344
2015-01-08;143.883;0.742;-8.573;-7.095
2015-01-09;144.128;0.722;-8.728;-7.218
2015-01-12;144.608;0.686;-13.423;-11.087
2015-01-13;144.87;0.665;-13.803;-11.38
2015-01-14;145.938;0.585;-19.548;-16.05
2015-01-15;145.935;0.583;-19.409;-15.946
2015-01-16;146.085;0.571;-19.838;-16.286
2015-01-19;146.038;0.574;-20.774;-17.061
2015-01-20;145.735;0.595;-17.938;-14.751
2015-01-21;144.78;0.666;-19.778;-16.344
2015-01-22;145.84;0.584;-22.928;-18.855
2015-01-23;147.025;0.496;-26.944;-22.039
2015-01-26;146.635;0.524;-22.335;-18.281
2015-01-27;146.718;0.517;-28.621;-23.441
2015-01-28;146.848;0.507;-27.099;-22.18
2015-01-29;146.588;0.523;-28.526;-23.37
2015-01-30;147.593;0.449;-30.655;-24.969
2015-02-02;147.515;0.454;-29.653;-24.156
2015-02-03;147.235;0.473;-31.524;-25.741
2015-02-04;147.003;0.489;-31.061;-25.396
2015-02-05;147.008;0.487;-30.394;-24.84
2015-02-06;146.763;0.504;-28.963;-23.701
2015-02-09;146.918;0.492;-29.902;-24.453
2015-02-10;146.55;0.518;-26.488;-21.685
2015-02-11;146.825;0.497;-27.855;-22.781
2015-02-12;147.193;0.467;-28.362;-23.142
2015-02-13;146.953;0.484;-28.503;-23.296
2015-02-16;146.837;0.492;-28.849;-23.602
2015-02-17;146.235;0.536;-24.968;-20.469
2015-02-18;146.14;0.542;-26.157;-21.466
2015-02-19;145.995;0.55;-24.784;-20.349
2015-02-20;146.035;0.546;-24.851;-20.4
2015-02-23;146.108;0.54;-28.285;-23.229
2015-02-24;146.06;0.543;-23.303;-19.127
2015-02-25;146.618;0.5;-23.949;-19.616
2015-02-26;147.075;0.464;-25.929;-21.18
2015-02-27;146.658;0.494;-26.226;-21.485
2015-03-02;146.155;0.531;-21.141;-17.343
2015-03-03;145.888;0.55;-20.351;-16.712
2015-03-04;145.658;0.566;-21.398;-17.594
2015-03-05;146.125;0.529;-24.113;-19.784
2015-03-06;145.66;0.563;-27.89;-22.952
2015-03-09;146.738;0.482;-38.153;-31.27
2015-03-10;147.77;0.404;-32.373;-26.368
2015-03-11;148.142;0.376;-29.439;-23.905
2015-03-12;147.8;0.399;-30.359;-24.701
2015-03-13;147.705;0.405;-28.821;-23.452
2015-03-16;147.445;0.423;-26.57;-21.637
2015-03-17;147.138;0.445;-23.078;-18.797
2015-03-18;147.798;0.396;-20.465;-16.611
2015-03-19;147.915;0.384;-20.98;-17.014
2015-03-20;147.933;0.382;-21.158;-17.155
2015-03-23;147.225;0.434;-14.29;-11.611
2015-03-24;147.02;0.448;-17.13;-13.934
2015-03-25;147.123;0.439;-17.92;-14.577
2015-03-26;147.23;0.429;-19.212;-15.628
2015-03-27;147.335;0.42;-20.316;-16.522
2015-03-30;147.388;0.416;-20.963;-17.044
2015-03-31;147.825;0.382;-21.725;-17.625
2015-04-01;148.018;0.364;-23.908;-19.375
2015-04-02;147.605;0.393;-24.092;-19.575
2015-04-03;147.605;0.393;-23.16;-18.815
2015-04-06;147.605;0.393;-24.473;-19.878
2015-04-07;147.728;0.383;-23.816;-19.339
2015-04-08;147.928;0.368;-22.138;-17.956
2015-04-09;147.905;0.367;-20.932;-16.975
2015-04-10;148.01;0.358;-21.92;-17.768
2015-04-13;148.07;0.353;-23.14;-18.753
2015-04-14;148.375;0.33;-22.333;-18.072
2015-04-15;148.875;0.292;-23.27;-18.789
2015-04-16;149.113;0.272;-23.902;-19.267
2015-04-17;149.123;0.27;-23.469;-18.911
2015-04-20;149.205;0.263;-23.643;-19.039
2015-04-21;148.855;0.288;-23.576;-19.029
2015-04-22;148.005;0.35;-21.814;-17.67
2015-04-23;147.913;0.354;-20.215;-16.379
2015-04-24;147.943;0.351;-19.306;-15.638
2015-04-27;147.918;0.352;-18.632;-15.091
2015-04-28;147.88;0.354;-19.654;-15.932
2015-04-29;146.173;0.478;-15.828;-12.94
2015-04-30;145.18;0.552;-15.054;-12.36
2015-05-01;145.038;0.563;-11.473;-9.421
2015-05-04;143.983;0.643;-1.747;-1.425
2015-05-05;143.008;0.717;-13.517;-11.237
2015-05-06;141.87;0.805;-10.188;-8.522
2015-05-07;141.883;0.802;-9.239;-7.725
2015-05-08;142.415;0.759;-8.796;-7.321
2015-05-11;141.498;0.83;-0.786;-0.639
2015-05-12;140.628;0.898;-5.285;-4.445
2015-05-13;140.095;0.94;-5.486;-4.618
2015-05-14;140.278;0.923;-6.484;-5.461
2015-05-15;141.32;0.84;-10.377;-8.698
2015-05-18;140.998;0.864;-8.24;-6.913
2015-05-19;141.77;0.803;-11.484;-9.618
2015-05-20;141.225;0.845;-12.291;-10.318
2015-05-21;141.09;0.853;-13.557;-11.394
2015-05-22;141.485;0.821;-14.671;-12.309
2015-05-25;141.513;0.818;-15.468;-12.98
2015-05-26;142.098;0.771;-15.589;-13.036
2015-05-27;142.02;0.777;-16.025;-13.413
2015-05-28;142.255;0.756;-16.54;-13.819
2015-05-29;142.725;0.718;-16.185;-13.492
2015-06-01;142.033;0.772;-10.038;-8.383
2015-06-02;139.953;0.936;-9.328;-7.877
2015-06-03;138.005;1.092;-9.526;-8.139
2015-06-04;138.398;1.058;-9.203;-7.836
2015-06-05;138.083;1.083;-7.096;-6.048
2015-06-08;137.595;1.122;-2.974;-2.53
2015-06-09;136.688;1.195;-8.503;-7.318
2015-06-10;136.293;1.227;-7.086;-6.102
2015-06-11;137.392;1.135;-7.402;-6.331
2015-06-12;137.598;1.117;-6.378;-5.448
2015-06-15;137.068;1.16;-3.643;-3.107
2015-06-16;137.073;1.159;-0.506;-0.409
2015-06-17;137.05;1.16;-0.745;-0.614
2015-06-18;137.28;1.139;-3.317;-2.822
2015-06-19;137.835;1.092;-4.121;-3.51
2015-06-22;136.448;1.206;9.543;8.231
2015-06-23;136.582;1.194;-3.0;-2.571
2015-06-24;136.753;1.179;-1.784;-1.515
2015-06-25;136.468;1.201;-1.282;-1.092
2015-06-26;135.82;1.254;-1.659;-1.409
2015-06-29;136.815;1.17;-11.466;-9.862
2015-06-30;137.185;1.139;-1.988;-1.683
2015-07-01;136.258;1.215;1.96;1.716
2015-07-02;135.295;1.293;6.318;5.508
2015-07-03;135.805;1.25;7.649;6.652
2015-07-06;135.87;1.244;6.544;5.694
2015-07-07;137.4;1.116;6.469;5.569
2015-07-08;137.335;1.121;5.485;4.728
2015-07-09;136.935;1.152;5.242;4.536
2015-07-10;135.26;1.291;3.863;3.375
2015-07-13;135.735;1.25;-1.182;-0.995
2015-07-14;136.195;1.211;0.606;0.544
2015-07-15;137.295;1.119;-2.504;-2.13
2015-07-16;137.5;1.1;-5.774;-4.944
2015-07-17;138.285;1.034;-7.928;-6.755
2015-07-20;138.808;0.991;-10.47;-8.911
2015-07-21;138.483;1.017;-9.044;-7.706
2015-07-22;138.713;0.997;-6.881;-5.854
2015-07-23;138.813;0.987;-7.711;-6.554
2015-07-24;139.478;0.932;-8.971;-7.593
2015-07-27;139.385;0.939;-7.663;-6.483
2015-07-28;139.32;0.943;-8.081;-6.842
2015-07-29;138.993;0.969;-8.824;-7.491
2015-07-30;139.845;0.897;-11.224;-9.501
2015-07-31;139.918;0.891;-9.892;-8.362
2015-08-03;140.013;0.882;-10.045;-8.485
2015-08-04;139.81;0.898;-10.466;-8.859
2015-08-05;138.505;1.003;-9.395;-8.01
2015-08-06;138.983;0.962;-8.786;-7.456
2015-08-07;139.543;0.916;-9.211;-7.8
2015-08-10;139.113;0.95;-9.345;-7.928
2015-08-11;139.905;0.885;-9.078;-7.67
2015-08-12;140.12;0.866;-8.844;-7.459
2015-08-13;139.805;0.889;-8.719;-7.372
2015-08-14;139.433;0.919;-9.011;-7.632
2015-08-17;139.78;0.89;-9.504;-8.039
2015-08-18;139.44;0.917;-7.791;-6.595
2015-08-19;139.635;0.9;-6.793;-5.748
2015-08-20;139.91;0.875;-5.657;-4.768
2015-08-21;139.945;0.872;-3.937;-3.309
2015-08-24;139.478;0.909;-3.016;-2.541
2015-08-25;137.775;1.048;-0.148;-0.1
2015-08-26;138.155;1.016;-0.372;-0.298
2015-08-27;137.805;1.043;0.079;0.094
2015-08-28;137.863;1.037;-0.649;-0.53
2015-08-31;137.188;1.092;-0.193;-0.145
2015-09-01;137.218;1.089;-1.108;-0.933
2015-09-02;137.445;1.069;-0.921;-0.765
2015-09-03;138.2;1.004;-2.771;-2.353
2015-09-04;138.89;0.947;-3.961;-3.346
2015-09-07;138.663;0.965;-2.372;-1.996
2015-09-08;138.72;0.959;-3.465;-2.927
2015-09-09;138.653;0.964;-5.929;-5.032
2015-09-10;138.67;0.96;-5.335;-4.523
2015-09-11;139.125;0.922;-5.414;-4.587
2015-09-14;139.113;0.922;-6.048;-5.128
2015-09-15;138.133;1.002;-6.306;-5.385
2015-09-16;137.638;1.043;-4.478;-3.818
2015-09-17;137.595;1.044;-5.036;-4.295
2015-09-18;139.025;0.925;-8.171;-6.935
2015-09-21;138.69;0.951;-7.74;-6.579
2015-09-22;139.748;0.864;-9.358;-7.915
2015-09-23;139.638;0.872;-8.727;-7.385
2015-09-24;139.41;0.888;-7.262;-6.152
2015-09-25;138.86;0.933;-7.022;-5.962
2015-09-28;139.383;0.889;-6.009;-5.089
2015-09-29;139.328;0.892;-5.547;-4.7
2015-09-30;139.363;0.889;-6.318;-5.353
2015-10-01;140.058;0.829;-8.055;-6.798
2015-10-02;140.41;0.8;-8.072;-6.809
2015-10-05;139.678;0.859;-7.714;-6.521
2015-10-06;139.36;0.884;-8.094;-6.86
2015-10-07;139.393;0.881;-7.756;-6.57
2015-10-08;139.478;0.871;-8.189;-6.931
2015-10-09;139.145;0.898;-8.784;-7.462
2015-10-12;139.565;0.862;-8.276;-7.002
2015-10-13;139.403;0.875;-7.903;-6.693
2015-10-14;139.998;0.825;-9.392;-7.934
2015-10-15;139.883;0.832;-9.5;-8.028
2015-10-16;139.91;0.829;-9.847;-8.323
2015-10-19;139.705;0.845;-9.224;-7.803
2015-10-20;138.908;0.91;-6.396;-5.434
2015-10-21;139.663;0.847;-8.015;-6.776
2015-10-22;140.605;0.767;-12.275;-10.35
2015-10-23;140.48;0.776;-11.814;-9.972
2015-10-26;140.588;0.767;-10.59;-8.929
2015-10-27;141.195;0.716;-10.025;-8.427
2015-10-28;141.308;0.706;-10.123;-8.51
2015-10-29;140.233;0.792;-10.326;-8.73
2015-10-30;140.373;0.779;-10.666;-9.004
2015-11-02;139.767;0.828;-9.063;-7.671
2015-11-03;139.553;0.845;-8.151;-6.905
2015-11-04;139.308;0.865;-7.173;-6.084
2015-11-05;139.2;0.871;-5.515;-4.675
2015-11-06;138.26;0.949;-3.408;-2.893
2015-11-09;138.47;0.93;-0.442;-0.358
2015-11-10;138.89;0.895;-2.192;-1.858
2015-11-11;139.02;0.883;-3.174;-2.69
2015-11-12;139.06;0.877;-4.001;-3.392
2015-11-13;139.655;0.827;-6.026;-5.102
2015-11-16;139.94;0.802;-7.03;-5.955
2015-11-17;139.995;0.797;-6.629;-5.614
2015-11-18;140.26;0.774;-7.616;-6.432
2015-11-19;140.598;0.744;-8.045;-6.781
2015-11-20;140.58;0.744;-5.456;-4.593
2015-11-23;140.005;0.791;-2.681;-2.262
2015-11-24;140.228;0.772;-5.194;-4.381
2015-11-25;140.735;0.729;-7.07;-5.958
2015-11-26;140.763;0.724;-8.337;-7.03
2015-11-27;140.918;0.711;-9.143;-7.71
2015-11-30;140.723;0.726;-8.705;-7.342
2015-12-01;140.707;0.726;-6.902;-5.819
2015-12-02;140.765;0.721;-6.786;-5.722
2015-12-03;138.328;0.921;-2.215;-1.877
2015-12-04;138.24;0.928;-1.638;-1.382
2015-12-07;139.418;0.828;-4.51;-3.816
2015-12-08;139.565;0.815;-5.136;-4.348
2015-12-09;139.19;0.846;-4.399;-3.723
2015-12-10;139.515;0.816;-5.749;-4.87
2015-12-11;139.805;0.791;-5.693;-4.818
2015-12-14;139.31;0.831;-4.306;-3.643
2015-12-15;138.598;0.89;-4.022;-3.421
2015-12-16;138.108;0.931;-3.639;-3.094
2015-12-17;138.978;0.855;-4.696;-3.978
2015-12-18;139.553;0.806;-5.257;-4.451
2015-12-21;139.515;0.808;-7.531;-6.383
2015-12-22;138.83;0.865;-6.833;-5.802
2015-12-23;138.438;0.895;-6.447;-5.495
2015-12-24;138.34;0.902;-5.498;-4.687
2015-12-25;138.34;0.902;-5.339;-4.549
2015-12-28;139.04;0.842;-5.164;-4.371
2015-12-29;138.337;0.901;-5.147;-4.387
2015-12-30;138.33;0.898;-6.448;-5.501
2015-12-31;138.33;0.897;-5.874;-5.007
2016-01-01;138.33;0.897;-8.079;-6.896
2016-01-04;138.978;0.842;-5.766;-4.888
2016-01-05;139.19;0.823;-4.234;-3.584
2016-01-06;139.515;0.795;-3.694;-3.126
2016-01-07;138.948;0.84;-2.155;-1.814
2016-01-08;139.155;0.822;-1.001;-0.834
2016-01-11;138.82;0.849;0.481;0.431
2016-01-12;138.8;0.85;2.732;2.347
2016-01-13;139.193;0.816;1.3;1.12
2016-01-14;139.005;0.829;0.896;0.781
2016-01-15;139.335;0.8;-0.06;-0.043
2016-01-18;139.338;0.799;0.098;0.091
2016-01-19;139.198;0.81;1.099;0.947
2016-01-20;139.78;0.76;1.773;1.522
2016-01-21;140.13;0.729;1.813;1.552
2016-01-22;139.845;0.752;1.484;1.279
2016-01-25;140.08;0.731;0.199;0.187
2016-01-26;140.39;0.704;-0.376;-0.309
2016-01-27;140.245;0.715;0.267;0.24
2016-01-28;140.538;0.688;0.991;0.849
2016-01-29;141.603;0.599;-2.265;-1.895
2016-02-01;141.295;0.623;-0.817;-0.672
2016-02-02;141.648;0.593;-0.958;-0.795
2016-02-03;141.943;0.568;0.344;0.305
2016-02-04;141.605;0.593;-0.003;0.007
2016-02-05;141.655;0.588;0.121;0.113
2016-02-08;142.293;0.534;-0.381;-0.302
2016-02-09;141.993;0.558;0.235;0.214
2016-02-10;142.068;0.551;-1.226;-1.008
2016-02-11;142.265;0.532;-0.35;-0.277
2016-02-12;141.45;0.599;0.831;0.703
2016-02-15;141.603;0.585;2.934;2.471
2016-02-16;141.188;0.619;4.377;3.691
2016-02-17;141.338;0.605;3.519;2.963
2016-02-18;142.11;0.538;0.858;0.735
2016-02-19;142.28;0.523;-0.146;-0.109
2016-02-22;142.785;0.481;-1.79;-1.479
2016-02-23;142.713;0.486;-1.557;-1.287
2016-02-24;142.978;0.463;-2.533;-2.092
2016-02-25;143.13;0.448;-3.963;-3.281
2016-02-26;143.165;0.444;-4.555;-3.774
2016-02-29;143.63;0.405;-4.614;-3.827
2016-03-01;143.065;0.45;-2.527;-2.088
2016-03-02;142.32;0.511;-1.67;-1.388
2016-03-03;142.683;0.478;-0.357;-0.284
2016-03-04;141.955;0.537;0.047;0.057
2016-03-07;142.138;0.521;-0.432;-0.348
2016-03-08;142.87;0.46;-4.362;-3.622
2016-03-09;142.233;0.512;-4.777;-3.989
2016-03-10;141.605;0.561;-4.552;-3.802
2016-03-11;142.25;0.506;-8.477;-7.082
2016-03-14;142.223;0.508;-8.88;-7.42
2016-03-15;141.765;0.545;-7.07;-5.909
2016-03-16;141.895;0.533;-6.995;-5.842
2016-03-17;142.813;0.454;-7.955;-6.612
2016-03-18;143.023;0.436;-8.945;-7.431
2016-03-21;142.818;0.452;-9.623;-8.005
2016-03-22;143.045;0.432;-10.429;-8.668
2016-03-23;143.148;0.419;-10.921;-9.075
2016-03-24;143.258;0.408;-11.411;-9.479
2016-03-25;143.258;0.408;-11.607;-9.642
2016-03-28;143.258;0.408;-11.265;-9.357
2016-03-29;143.845;0.359;-13.217;-10.942
2016-03-30;143.7;0.37;-13.785;-11.423
2016-03-31;143.648;0.371;-13.737;-11.385
2016-04-01;143.918;0.348;-14.755;-12.209
2016-04-04;143.933;0.346;-14.533;-12.023
2016-04-05;144.26;0.318;-14.498;-11.978
2016-04-06;144.017;0.337;-14.115;-11.674
2016-04-07;144.278;0.313;-14.471;-11.959
2016-04-08;144.245;0.314;-15.436;-12.763
2016-04-11;143.915;0.341;-12.959;-10.724
2016-04-12;143.263;0.394;-11.871;-9.865
2016-04-13;143.865;0.343;-14.062;-11.64
2016-04-14;143.29;0.387;-12.699;-10.547
2016-04-15;143.765;0.347;-13.1;-10.813
2016-04-18;143.38;0.378;-12.584;-10.427
2016-04-19;143.273;0.386;-12.34;-10.222
2016-04-20;143.503;0.366;-13.361;-11.044
2016-04-21;142.58;0.44;-13.234;-10.974
2016-04-22;142.655;0.433;-13.274;-11.007
2016-04-25;142.315;0.46;-13.265;-11.028
2016-04-26;141.855;0.498;-12.906;-10.775
2016-04-27;141.918;0.491;-11.855;-9.91
2016-04-28;142.155;0.469;-11.961;-9.963
2016-04-29;141.803;0.497;-10.09;-8.409
2016-05-02;141.86;0.492;-10.486;-8.746
2016-05-03;142.52;0.435;-9.827;-8.152
2016-05-04;142.443;0.441;-9.48;-7.864
2016-05-05;142.793;0.408;-9.146;-7.594
2016-05-06;142.953;0.394;-9.103;-7.576
2016-05-09;143.25;0.368;-9.895;-8.232
2016-05-10;143.392;0.355;-11.296;-9.352
2016-05-11;143.448;0.35;-12.727;-10.533
2016-05-12;143.165;0.37;-12.86;-10.671
2016-05-13;143.535;0.338;-13.524;-11.171
2016-05-16;143.323;0.355;-13.59;-11.239
2016-05-17;143.475;0.341;-14.541;-12.038
2016-05-18;143.04;0.377;-13.739;-11.385
2016-05-19;143.022;0.375;-13.944;-11.568
2016-05-20;143.085;0.369;-13.784;-11.432
2016-05-23;142.963;0.378;-14.703;-12.215
2016-05-24;143.085;0.367;-15.656;-12.984
2016-05-25;143.48;0.333;-16.674;-13.805
2016-05-26;143.5;0.328;-16.318;-13.52
2016-05-27;143.64;0.316;-17.586;-14.542
2016-05-30;143.243;0.348;-16.671;-13.812
2016-05-31;143.588;0.318;-16.72;-13.82
2016-06-01;143.638;0.313;-17.521;-14.483
2016-06-02;143.832;0.293;-18.84;-15.554
2016-06-03;144.318;0.252;-19.154;-15.758
2016-06-06;143.908;0.285;-18.494;-15.237
2016-06-07;144.41;0.242;-20.094;-16.518
2016-06-08;144.473;0.236;-21.781;-17.883
2016-06-09;144.805;0.205;-23.546;-19.317
2016-06-10;144.875;0.198;-23.462;-19.249
2016-06-13;144.835;0.201;-23.63;-19.37
2016-06-14;144.683;0.212;-20.772;-17.026
2016-06-15;144.945;0.19;-22.795;-18.701
2016-06-16;145.038;0.179;-22.449;-18.401
2016-06-17;144.685;0.207;-21.194;-17.444
2016-06-20;144.795;0.197;-24.228;-19.907
2016-06-21;144.51;0.219;-22.392;-18.397
2016-06-22;144.41;0.227;-24.256;-19.978
2016-06-23;143.94;0.263;-23.049;-19.0
2016-06-24;145.06;0.168;-23.372;-19.192
2016-06-27;145.775;0.108;-24.099;-19.679
2016-06-28;145.988;0.09;-26.748;-21.847
2016-06-29;146.223;0.069;-27.679;-22.561
2016-06-30;146.505;0.043;-28.627;-23.339
2016-07-01;146.735;0.023;-29.479;-24.02
2016-07-04;146.78;0.018;-25.671;-20.896
2016-07-05;147.4;-0.034;-28.599;-23.234
2016-07-06;147.423;-0.037;-29.575;-24.011
2016-07-07;147.318;-0.032;-29.412;-23.902
2016-07-08;147.788;-0.071;-32.116;-26.033
2016-07-11;147.48;-0.047;-30.713;-24.935
2016-07-12;146.605;0.024;-29.02;-23.623
2016-07-13;147.068;-0.016;-27.613;-22.426
2016-07-14;146.553;0.024;-26.226;-21.352
2016-07-15;145.985;0.069;-24.75;-20.187
2016-07-18;146.203;0.05;-24.797;-20.198
2016-07-19;146.29;0.042;-25.802;-21.055
2016-07-20;146.075;0.059;-25.553;-20.837
2016-07-21;146.153;0.049;-27.158;-22.147
2016-07-22;146.17;0.047;-27.272;-22.223
2016-07-25;146.367;0.029;-28.177;-22.966
2016-07-26;146.287;0.035;-28.118;-22.935
2016-07-27;147.061;-0.03;-30.674;-24.932
2016-07-28;147.181;-0.044;-31.677;-25.728
2016-07-29;147.671;-0.085;-33.875;-27.463
2016-08-01;147.449;-0.068;-33.01;-26.786
2016-08-02;146.726;-0.009;-32.269;-26.278
2016-08-03;146.747;-0.012;-31.964;-26.032
2016-08-04;147.413;-0.07;-33.063;-26.86
2016-08-05;147.264;-0.059;-34.504;-28.031
2016-08-08;147.346;-0.067;-35.311;-28.701
2016-08-09;147.563;-0.086;-36.098;-29.313
2016-08-10;147.999;-0.123;-36.842;-29.877
2016-08-11;147.746;-0.106;-36.78;-29.811
2016-08-12;147.828;-0.113;-36.199;-29.338
2016-08-15;147.456;-0.084;-36.559;-29.681
2016-08-16;146.916;-0.041;-34.907;-28.415
2016-08-17;147.173;-0.063;-35.9;-29.167
2016-08-18;147.521;-0.095;-36.556;-29.661
2016-08-19;146.819;-0.038;-34.313;-27.936
2016-08-22;147.359;-0.084;-34.329;-27.865
2016-08-23;147.356;-0.085;-33.733;-27.372
2016-08-24;147.238;-0.076;-33.061;-26.829
2016-08-25;146.965;-0.057;-31.95;-25.964
2016-08-26;146.981;-0.059;-32.479;-26.382
2016-08-29;147.068;-0.068;-32.851;-26.685
2016-08-30;147.164;-0.077;-32.003;-25.978
2016-08-31;146.901;-0.056;-31.993;-26.027
2016-09-01;146.897;-0.059;-32.034;-26.06
2016-09-02;146.715;-0.045;-32.71;-26.657
2016-09-05;146.852;-0.058;-32.846;-26.742
2016-09-06;147.68;-0.127;-35.731;-28.987
2016-09-07;147.77;-0.136;-36.732;-29.791
2016-09-08;147.043;-0.079;-34.578;-28.143
2016-09-09;146.185;-0.009;-32.949;-26.94
2016-09-12;145.879;0.016;-32.102;-26.288
2016-09-13;145.476;0.049;-30.564;-25.074
2016-09-14;146.06;-0.002;-32.825;-26.871
2016-09-15;145.634;0.031;-30.032;-24.62
2016-09-16;145.825;0.014;-30.7;-25.141
2016-09-19;145.728;0.021;-30.57;-25.041
2016-09-20;146.103;-0.012;-31.104;-25.439
2016-09-21;145.848;0.008;-30.946;-25.341
2016-09-22;146.88;-0.081;-32.357;-26.335
2016-09-23;146.63;-0.062;-31.082;-25.33
2016-09-26;147.011;-0.095;-32.712;-26.627
2016-09-27;147.161;-0.108;-33.97;-27.618
2016-09-28;147.172;-0.11;-33.519;-27.246
2016-09-29;146.773;-0.08;-31.579;-25.714
2016-09-30;146.781;-0.082;-32.442;-26.409
2016-10-03;146.342;-0.047;-30.697;-25.023
2016-10-04;145.921;-0.012;-29.955;-24.492
2016-10-05;145.326;0.037;-28.595;-23.444
2016-10-06;145.549;0.015;-29.651;-24.285
2016-10-07;145.103;0.051;-29.143;-23.92
2016-10-10;144.741;0.081;-29.955;-24.633
2016-10-11;145.174;0.043;-31.246;-25.691
2016-10-12;144.694;0.083;-29.791;-24.504
2016-10-13;145.018;0.052;-30.939;-25.396
2016-10-14;144.947;0.057;-32.65;-26.829
2016-10-17;144.924;0.058;-32.016;-26.297
2016-10-18;145.137;0.039;-32.101;-26.31
2016-10-19;145.196;0.032;-32.611;-26.729
2016-10-20;145.512;0.002;-33.958;-27.879
2016-10-21;145.458;0.006;-34.65;-28.359
2016-10-24;145.251;0.022;-34.032;-27.894
2016-10-25;145.099;0.034;-32.548;-26.663
2016-10-26;144.465;0.087;-31.272;-25.66
2016-10-27;143.515;0.166;-29.19;-24.088
2016-10-28;143.515;0.165;-28.819;-23.771
2016-10-31;143.511;0.164;-27.905;-23.118
2016-11-01;143.253;0.185;-28.214;-23.312
2016-11-02;143.707;0.145;-29.428;-24.247
2016-11-03;143.352;0.172;-29.415;-24.277
2016-11-04;143.538;0.155;-29.509;-24.333
2016-11-07;143.366;0.169;-29.704;-24.525
2016-11-08;142.968;0.202;-29.271;-24.21
2016-11-09;142.642;0.23;-27.89;-23.105
2016-11-10;141.637;0.315;-26.233;-21.815
2016-11-11;140.917;0.378;-21.355;-17.816
2016-11-14;140.469;0.417;-19.222;-16.06
2016-11-15;140.903;0.377;-23.445;-19.714
2016-11-16;140.952;0.371;-23.157;-19.335
2016-11-17;141.033;0.361;-23.278;-19.417
2016-11-18;141.046;0.359;-23.43;-19.554
2016-11-21;141.05;0.357;-22.843;-19.05
2016-11-22;141.639;0.304;-25.02;-20.81
2016-11-23;141.062;0.354;-20.168;-16.791
2016-11-24;141.033;0.354;-20.517;-17.084
2016-11-25;141.05;0.351;-21.15;-17.612
2016-11-28;141.221;0.335;-20.14;-16.631
2016-11-29;141.346;0.323;-21.243;-17.692
2016-11-30;140.968;0.355;-23.231;-19.506
2016-12-01;140.106;0.429;-23.685;-19.83
2016-12-02;141.204;0.33;-26.859;-22.423
2016-12-05;140.713;0.373;-25.086;-20.98
2016-12-06;140.411;0.399;-26.703;-22.392
2016-12-07;140.743;0.368;-28.421;-23.819
2016-12-08;140.458;0.39;-28.383;-23.734
2016-12-09;140.29;0.404;-26.178;-21.961
2016-12-12;139.68;0.458;-25.016;-21.113
2016-12-13;140.239;0.407;-26.363;-22.156
2016-12-14;140.914;0.345;-28.469;-23.827
2016-12-15;140.226;0.404;-28.162;-23.681
2016-12-16;140.629;0.366;-28.352;-23.946
2016-12-19;141.419;0.295;-31.426;-26.258
2016-12-20;141.223;0.311;-31.752;-26.551
2016-12-21;141.503;0.285;-33.42;-27.915
2016-12-22;141.307;0.298;-34.537;-28.867
2016-12-23;141.736;0.259;-35.995;-30.022
2016-12-26;141.736;0.259;-38.062;-31.831
2016-12-27;141.876;0.245;-37.491;-31.241
2016-12-28;141.953;0.237;-36.466;-30.454
2016-12-29;142.154;0.216;-35.312;-29.393
2016-12-30;141.885;0.239;-34.824;-28.969
2017-01-02;142.118;0.217;-35.881;-29.897
2017-01-03;141.174;0.3;-30.717;-25.7
2017-01-04;140.924;0.322;-28.228;-23.668
2017-01-05;141.077;0.305;-27.823;-23.254
2017-01-06;140.529;0.353;-27.609;-23.158
2017-01-09;140.814;0.326;-27.527;-23.05
2017-01-10;140.629;0.342;-26.031;-21.813
2017-01-11;140.937;0.313;-25.625;-21.443
2017-01-12;140.892;0.314;-24.709;-20.675
2017-01-13;140.603;0.339;-23.952;-20.118
2017-01-16;140.645;0.334;-23.453;-19.647
2017-01-17;140.654;0.332;-23.874;-20.19
2017-01-18;140.269;0.366;-23.568;-19.76
2017-01-19;139.967;0.39;-24.357;-20.461
2017-01-20;139.487;0.433;-23.066;-19.415
2017-01-23;139.99;0.386;-23.359;-19.705
2017-01-24;139.511;0.429;-22.725;-19.129
2017-01-25;138.779;0.495;-19.854;-16.771
2017-01-26;138.306;0.535;-17.476;-14.773
2017-01-27;138.342;0.531;-16.311;-13.765
2017-01-30;138.272;0.536;-15.286;-12.775
2017-01-31;138.447;0.519;-16.346;-13.798
2017-02-01;138.127;0.548;-16.013;-13.345
2017-02-02;138.746;0.487;-18.458;-15.821
2017-02-03;138.841;0.477;-19.228;-16.218
2017-02-06;138.956;0.466;-18.785;-15.925
2017-02-07;139.189;0.443;-20.349;-17.137
2017-02-08;139.743;0.391;-21.661;-17.974
2017-02-09;139.653;0.396;-22.006;-18.495
2017-02-10;139.456;0.413;-21.856;-18.397
2017-02-13;139.395;0.418;-23.497;-19.789
2017-02-14;139.072;0.447;-23.15;-19.538
2017-02-15;138.971;0.455;-21.327;-18.002
2017-02-16;139.33;0.418;-21.572;-18.18
2017-02-17;139.457;0.406;-20.377;-17.178
2017-02-20;139.33;0.416;-19.958;-16.825
2017-02-21;139.275;0.42;-20.506;-17.291
2017-02-22;139.516;0.397;-22.449;-18.906
2017-02-23;140.162;0.334;-25.708;-21.597
2017-02-24;140.88;0.267;-29.932;-25.053
2017-02-27;141.012;0.254;-30.811;-25.768
2017-02-28;140.955;0.258;-29.816;-24.964
2017-03-01;140.263;0.321;-26.552;-22.318
2017-03-02;139.942;0.347;-28.789;-24.221
2017-03-03;139.749;0.364;-31.861;-26.852
2017-03-06;139.844;0.354;-31.446;-26.475
2017-03-07;140.013;0.337;-32.562;-27.41
2017-03-08;139.597;0.374;-31.358;-26.449
2017-03-09;139.104;0.417;-33.727;-28.526
2017-03-10;138.465;0.475;-33.12;-28.094
2017-03-13;138.56;0.465;-31.877;-27.026
2017-03-14;138.81;0.441;-32.388;-27.415
2017-03-15;139.153;0.408;-33.428;-28.272
2017-03-16;138.731;0.444;-31.114;-26.354
2017-03-17;138.757;0.44;-29.931;-25.335
2017-03-20;138.638;0.45;-29.542;-25.013
2017-03-21;138.456;0.466;-29.188;-24.733
2017-03-22;138.951;0.419;-30.936;-26.151
2017-03-23;138.772;0.432;-30.837;-26.085
2017-03-24;139.01;0.409;-31.529;-26.637
2017-03-27;139.077;0.402;-30.017;-25.36
2017-03-28;139.102;0.398;-28.994;-24.494
2017-03-29;139.522;0.358;-30.789;-25.953
2017-03-30;139.549;0.352;-29.949;-25.229
2017-03-31;139.585;0.348;-30.703;-25.876
2017-04-03;140.084;0.3;-32.203;-27.246
2017-04-04;140.604;0.251;-37.902;-31.804
2017-04-05;140.759;0.236;-40.044;-33.574
2017-04-06;140.8;0.228;-41.595;-34.873
2017-04-07;140.919;0.216;-40.084;-33.78
2017-04-10;140.895;0.217;-38.449;-32.22
2017-04-11;140.606;0.243;-35.507;-29.771
2017-04-12;140.733;0.225;-36.744;-30.781
2017-04-13;140.793;0.219;-36.393;-30.448
2017-04-14;140.793;0.219;;
2017-04-17;140.793;0.219;-34.988;-29.494
2017-04-18;140.993;0.199;-34.992;-29.235
2017-04-19;140.687;0.226;-35.147;-29.622
2017-04-20;140.191;0.269;-34.587;-28.926
2017-04-21;140.047;0.281;-36.002;-30.226
2017-04-24;139.589;0.323;-33.353;-28.317
2017-04-25;139.118;0.366;-33.812;-28.51
2017-04-26;139.361;0.342;-35.068;-29.555
2017-04-27;139.936;0.284;-37.388;-31.434
2017-04-28;139.751;0.3;-37.76;-31.786
2017-05-01;139.751;0.3;-37.018;-31.327
2017-05-02;139.607;0.312;-36.905;-31.098
2017-05-03;139.642;0.308;-36.293;-30.56
2017-05-04;139.026;0.362;-35.462;-29.974
2017-05-05;138.861;0.377;-35.241;-29.77
2017-05-08;138.917;0.37;-35.042;-29.535
2017-05-09;138.829;0.377;-34.507;-29.179
2017-05-10;138.93;0.367;-33.943;-28.671
2017-05-11;138.816;0.374;-32.894;-27.807
2017-05-12;139.116;0.345;-32.925;-27.783
2017-05-15;138.656;0.387;-30.241;-25.57
2017-05-16;138.458;0.405;-29.128;-24.653
2017-05-17;139.007;0.352;-31.49;-26.572
2017-05-18;139.227;0.327;-31.904;-26.882
2017-05-19;139.037;0.344;-31.944;-26.936
2017-05-22;138.678;0.377;-31.218;-26.366
2017-05-23;138.548;0.388;-31.057;-26.238
2017-05-24;138.599;0.382;-32.068;-27.11
2017-05-25;139.014;0.34;-33.909;-28.622
2017-05-26;139.322;0.309;-34.703;-29.238
2017-05-29;139.614;0.281;-36.716;-30.89
2017-05-30;139.569;0.284;-35.261;-29.798
2017-05-31;139.495;0.289;-35.399;-29.799
2017-06-01;139.443;0.291;-36.179;-30.467
2017-06-02;139.762;0.26;-38.221;-32.35
2017-06-05;139.596;0.274;-36.903;-31.283
2017-06-06;139.965;0.238;-39.089;-32.821
2017-06-07;139.778;0.255;-37.496;-31.5
2017-06-08;139.903;0.239;-38.346;-32.192
2017-06-09;139.819;0.246;-37.347;-31.375
2017-06-12;139.928;0.235;-37.266;-31.27
2017-06-13;139.762;0.249;-37.374;-31.359
2017-06-14;140.142;0.212;-37.337;-31.318
2017-06-15;139.533;0.266;-35.062;-29.443
2017-06-16;139.665;0.253;-35.562;-30.215
2017-06-19;139.615;0.256;-35.686;-29.98
2017-06-20;139.799;0.238;-35.694;-29.974
2017-06-21;139.693;0.246;-34.953;-29.232
2017-06-22;139.774;0.235;-33.937;-28.479
2017-06-23;139.738;0.237;-35.016;-29.368
2017-06-26;139.808;0.23;-35.766;-29.98
2017-06-27;138.43;0.36;-31.069;-26.199
2017-06-28;138.528;0.349;-31.272;-26.402
2017-06-29;137.69;0.427;-29.809;-25.6
2017-06-30;137.608;0.434;-30.746;-26.069
2017-07-03;137.536;0.439;-31.196;-26.468
2017-07-04;137.588;0.433;-32.865;-27.894
2017-07-05;137.649;0.426;-33.629;-28.538
2017-07-06;136.674;0.518;-30.095;-25.543
2017-07-07;136.561;0.528;-30.34;-25.895
2017-07-10;136.839;0.499;-30.203;-25.756
2017-07-11;136.751;0.507;-29.858;-25.444
2017-07-12;137.17;0.465;-31.315;-26.622
2017-07-13;136.921;0.486;-30.921;-26.346
2017-07-14;137.008;0.476;-31.746;-27.021
2017-07-17;137.206;0.456;-33.023;-28.433
2017-07-18;137.476;0.428;-34.635;-29.42
2017-07-19;137.562;0.419;-33.679;-28.598
2017-07-20;137.709;0.401;-35.679;-30.297
2017-07-21;137.982;0.373;-36.18;-31.076
2017-07-24;137.978;0.373;-36.718;-31.062
2017-07-25;137.396;0.428;-34.372;-29.597
2017-07-26;137.426;0.424;-35.238;-29.982
2017-07-27;137.661;0.398;-36.796;-31.338
2017-07-28;137.628;0.4;-37.432;-32.196
2017-07-31;137.589;0.402;-38.341;-32.598
2017-08-01;138.092;0.352;-38.975;-33.029
2017-08-02;138.129;0.348;-38.589;-33.072
2017-08-03;138.392;0.318;-40.143;-33.957
2017-08-04;138.166;0.339;-38.276;-32.444
2017-08-07;138.262;0.329;-38.972;-33.014
2017-08-08;138.077;0.346;-37.623;-32.265
2017-08-09;138.483;0.305;-38.642;-32.702
2017-08-10;138.531;0.297;-38.321;-32.415
2017-08-11;138.829;0.267;-38.988;-32.937
2017-08-14;138.578;0.29;-38.828;-32.842
2017-08-15;138.258;0.32;-37.202;-31.527
2017-08-16;138.153;0.329;-36.84;-31.234
2017-08-17;138.208;0.32;-35.41;-30.003
2017-08-18;138.231;0.317;-34.992;-29.656
2017-08-21;138.361;0.303;-35.192;-29.808
2017-08-22;138.361;0.302;-35.135;-29.749
2017-08-23;138.549;0.282;-36.072;-30.505
2017-08-24;138.498;0.283;-36.183;-30.619
2017-08-25;138.332;0.298;-34.833;-29.496
2017-08-28;138.335;0.297;-34.435;-29.158
2017-08-29;138.681;0.262;-35.591;-30.08
2017-08-30;138.562;0.272;-34.955;-29.561
2017-08-31;138.549;0.27;-35.176;-29.752
2017-09-01;138.412;0.282;-34.765;-29.432
2017-09-04;138.549;0.268;-34.996;-29.606
2017-09-05;138.902;0.232;-36.374;-30.721
2017-09-06;138.724;0.248;-36.244;-30.631
2017-09-07;139.085;0.209;-39.37;-33.232
2017-09-08;138.986;0.218;-39.08;-32.998
2017-09-11;138.719;0.243;-37.718;-31.888
2017-09-12;138.105;0.302;-36.242;-30.752
2017-09-13;138.234;0.288;-37.1;-31.455
2017-09-14;138.132;0.294;-38.027;-32.259
2017-09-15;137.958;0.31;-38.928;-33.054
2017-09-18;137.735;0.331;-38.096;-32.381
2017-09-19;137.733;0.33;-37.246;-31.651
2017-09-20;137.784;0.324;-36.731;-31.206
2017-09-21;137.65;0.333;-37.466;-31.842
2017-09-22;137.7;0.327;-37.853;-32.162
2017-09-25;138.145;0.282;-39.346;-33.357
2017-09-26;138.061;0.289;-38.965;-33.042
2017-09-27;137.544;0.339;-37.985;-32.297
2017-09-28;137.453;0.345;-38.997;-33.192
2017-09-29;137.604;0.328;-39.829;-33.859
2017-10-02;137.733;0.314;-40.65;-34.544
2017-10-03;137.597;0.327;-40.34;-34.307
2017-10-04;137.585;0.327;-39.324;-33.422
2017-10-05;137.511;0.331;-38.248;-32.533
2017-10-06;137.474;0.333;-38.871;-33.06
2017-10-09;137.562;0.323;-38.044;-32.33
2017-10-10;137.582;0.32;-38.62;-32.837
2017-10-11;137.329;0.344;-37.675;-32.053
2017-10-12;137.508;0.322;-38.226;-32.512
2017-10-13;137.906;0.282;-40.137;-34.064
2017-10-16;138.204;0.251;-40.668;-34.468
2017-10-17;138.234;0.247;-40.393;-34.204
2017-10-18;137.92;0.277;-39.53;-33.525
2017-10-19;137.909;0.274;-39.996;-33.939
2017-10-20;137.372;0.326;-38.772;-32.979
2017-10-23;137.606;0.302;-39.268;-33.37
2017-10-24;137.172;0.344;-37.903;-32.268
2017-10-25;137.099;0.35;-38.562;-32.843
2017-10-26;137.759;0.28;-40.672;-34.535
2017-10-27;138.07;0.248;-42.897;-36.374
2017-10-30;138.21;0.233;-42.961;-36.383
2017-10-31;138.172;0.236;-42.038;-35.615
2017-11-01;138.152;0.236;-42.917;-36.368
2017-11-02;138.146;0.233;-42.963;-36.394
2017-11-03;138.181;0.229;-42.907;-36.353
2017-11-06;138.469;0.199;-43.766;-37.026
2017-11-07;138.687;0.176;-46.117;-38.979
2017-11-08;138.666;0.177;-45.782;-38.695
2017-11-09;138.132;0.226;-44.041;-37.328
2017-11-10;137.815;0.257;-43.004;-36.51
2017-11-13;137.788;0.258;-42.993;-36.518
2017-11-14;137.984;0.237;-43.913;-37.255
2017-11-15;138.121;0.222;-43.917;-37.223
2017-11-16;138.12;0.219;-44.241;-37.486
2017-11-17;138.269;0.202;-45.087;-38.184
2017-11-20;138.254;0.203;-45.16;-38.255
2017-11-21;138.354;0.191;-45.107;-38.193
2017-11-22;138.323;0.193;-45.289;-38.157
2017-11-23;138.255;0.196;-44.084;-37.336
2017-11-24;138.13;0.208;-44.002;-37.282
2017-11-27;138.314;0.188;-44.641;-37.784
2017-11-28;138.32;0.186;-45.263;-38.285
2017-11-29;137.881;0.229;-43.786;-37.12
2017-11-30;138.09;0.204;-45.408;-38.471
2017-12-01;138.657;0.146;-47.039;-39.723
2017-12-04;138.375;0.173;-46.532;-39.367
2017-12-05;138.667;0.143;-48.455;-40.95
2017-12-06;138.919;0.116;-50.275;-42.421
2017-12-07;138.896;0.115;-51.886;-43.807
2017-12-08;138.712;0.132;-51.261;-43.286
2017-12-11;138.716;0.13;-50.037;-42.254
2017-12-12;138.486;0.152;-49.451;-41.796
2017-12-13;138.428;0.156;-48.259;-40.796
2017-12-14;138.376;0.158;-47.068;-39.816
2017-12-15;138.409;0.153;-46.953;-39.702
2017-12-18;138.332;0.16;-46.947;-39.72
2017-12-19;137.654;0.227;-44.318;-37.615
2017-12-20;137.349;0.256;-44.103;-37.479
2017-12-21;137.193;0.266;-44.448;-37.827
2017-12-22;137.147;0.269;-45.273;-38.533
2017-12-25;137.147;0.269;-45.274;-38.531
2017-12-26;137.147;0.269;-45.281;-38.528
2017-12-27;137.592;0.223;-47.766;-40.58
2017-12-28;137.108;0.267;-44.625;-37.971
2017-12-29;137.006;0.276;-44.117;-37.568
2018-01-01;137.006;0.276;-44.17;-37.595
2018-01-02;136.735;0.303;-42.947;-36.616
2018-01-03;136.947;0.28;-43.103;-36.701
2018-01-04;136.974;0.273;-43.75;-37.242
2018-01-05;136.885;0.281;-42.788;-36.453
2018-01-08;136.949;0.273;-42.522;-36.204
2018-01-09;136.633;0.305;-41.578;-35.467
2018-01-10;136.54;0.313;-42.334;-36.135
2018-01-11;136.039;0.361;-41.614;-35.586
2018-01-12;136.017;0.362;-42.871;-36.688
2018-01-15;135.933;0.369;-42.731;-36.579
2018-01-16;136.127;0.348;-42.779;-36.584
2018-01-17;136.075;0.352;-41.916;-35.835
2018-01-18;135.834;0.374;-40.745;-34.89
2018-01-19;135.88;0.368;-42.007;-35.988
2018-01-22;135.829;0.372;-41.745;-35.756
2018-01-23;135.759;0.378;-40.54;-34.73
2018-01-24;135.491;0.404;-39.54;-33.913
2018-01-25;135.193;0.432;-39.171;-33.644
2018-01-26;134.848;0.467;-37.559;-32.295
2018-01-29;134.314;0.522;-37.343;-32.21
2018-01-30;134.427;0.509;-37.393;-32.258
2018-01-31;134.263;0.525;-35.595;-30.72
2018-02-01;134.084;0.54;-35.954;-31.067
2018-02-02;133.725;0.577;-35.771;-30.977
2018-02-05;134.036;0.543;-37.132;-32.115
2018-02-06;134.334;0.51;-36.393;-31.416
2018-02-07;133.95;0.549;-35.846;-30.99
2018-02-08;133.867;0.555;-37.632;-32.554
2018-02-09;134.01;0.538;-39.062;-33.776
2018-02-12;133.869;0.552;-40.181;-34.783
2018-02-13;133.807;0.558;-38.923;-33.708
2018-02-14;133.717;0.566;-38.214;-33.123
2018-02-15;133.506;0.585;-36.691;-31.816
2018-02-16;133.993;0.532;-38.734;-33.502
2018-02-19;133.714;0.56;-37.508;-32.495
2018-02-20;133.663;0.565;-37.248;-32.273
2018-02-21;133.702;0.559;-36.191;-31.339
2018-02-22;133.829;0.542;-37.939;-32.817
2018-02-23;134.291;0.492;-40.008;-34.515
2018-02-26;134.266;0.493;-39.584;-34.154
2018-02-27;134.041;0.516;-38.091;-32.913
2018-02-28;134.224;0.495;-38.803;-33.506
2018-03-01;134.264;0.487;-38.982;-33.651
2018-03-02;134.194;0.493;-38.753;-33.474
2018-03-05;134.202;0.491;-38.315;-33.093
2018-03-06;133.996;0.512;-38.25;-33.071
2018-03-07;134.171;0.492;-38.761;-33.477
2018-03-08;134.419;0.462;-40.69;-35.094
2018-03-09;134.221;0.482;-39.503;-34.11
2018-03-12;134.356;0.466;-40.042;-34.553
2018-03-13;134.43;0.457;-39.85;-34.364
2018-03-14;134.651;0.432;-40.264;-34.68
2018-03-15;134.738;0.419;-39.616;-34.098
2018-03-16;134.813;0.41;-40.467;-34.822
2018-03-19;134.828;0.407;-41.284;-35.516
2018-03-20;134.704;0.419;-41.244;-35.505
2018-03-21;134.613;0.428;-41.309;-35.579
2018-03-22;135.038;0.379;-42.241;-36.309
2018-03-23;135.009;0.38;-42.384;-36.439
2018-03-26;135.014;0.379;-42.256;-36.313
2018-03-27;135.149;0.363;-41.621;-35.741
2018-03-28;135.045;0.368;-39.993;-34.364
2018-03-29;135.074;0.363;-40.153;-34.491
2018-03-30;135.074;0.363;-39.872;-34.241
2018-04-02;135.074;0.363;-39.861;-34.242
2018-04-03;134.894;0.381;-37.197;-31.967
2018-04-04;134.933;0.376;-37.345;-32.082
2018-04-05;134.742;0.393;-37.424;-32.206
2018-04-06;134.981;0.366;-38.464;-33.039
2018-04-09;134.919;0.371;-37.94;-32.612
2018-04-10;134.804;0.382;-36.718;-31.564
2018-04-11;134.929;0.367;-37.5;-32.204
2018-04-12;134.781;0.379;-37.012;-31.834
2018-04-13;134.816;0.374;-37.696;-32.402
2018-04-16;134.71;0.385;-37.586;-32.347
2018-04-17;134.889;0.364;-38.159;-32.802
2018-04-18;134.675;0.386;-36.892;-31.749
2018-04-19;134.026;0.452;-34.698;-29.977
2018-04-20;134.14;0.438;-35.902;-30.997
2018-04-23;133.747;0.48;-34.278;-29.66
2018-04-24;133.788;0.474;-34.751;-30.04
2018-04-25;133.732;0.479;-34.995;-30.271
2018-04-26;134.06;0.439;-36.231;-31.271
2018-04-27;134.218;0.42;-36.588;-31.562
2018-04-30;134.334;0.406;-37.01;-31.916
2018-05-01;134.334;0.406;-36.845;-31.751
2018-05-02;134.134;0.426;-36.077;-31.124
2018-05-03;134.481;0.385;-36.407;-31.374
2018-05-04;134.325;0.401;-35.231;-30.385
2018-05-07;134.447;0.386;-35.733;-30.769
2018-05-08;134.057;0.427;-34.124;-29.455
2018-05-09;134.086;0.423;-34.649;-29.91
2018-05-10;134.045;0.423;-34.789;-30.014
2018-05-11;134.055;0.421;-35.815;-30.904
2018-05-14;133.618;0.467;-34.883;-30.158
2018-05-15;133.377;0.492;-34.75;-30.097
2018-05-16;133.683;0.458;-36.88;-31.876
2018-05-17;133.356;0.49;-35.902;-31.112
2018-05-18;133.915;0.427;-38.899;-33.572
2018-05-21;134.192;0.396;-39.466;-34.016
2018-05-22;133.945;0.421;-38.552;-33.271
2018-05-23;134.15;0.398;-36.759;-31.663
2018-05-24;134.445;0.362;-37.956;-32.639
2018-05-25;134.864;0.315;-38.276;-32.793
2018-05-28;135.418;0.254;-42.249;-36.112
2018-05-29;135.692;0.223;-41.893;-35.672
2018-05-30;134.717;0.327;-37.234;-31.921
2018-05-31;135.169;0.274;-40.385;-34.546
2018-06-01;134.929;0.299;-40.238;-34.505
2018-06-04;134.718;0.32;-39.826;-34.219
2018-06-05;135.156;0.271;-42.446;-36.354
2018-06-06;134.288;0.364;-40.183;-34.572
2018-06-07;134.07;0.384;-40.227;-34.668
2018-06-08;134.244;0.364;-40.44;-34.791
2018-06-11;133.91;0.399;-37.726;-32.544
2018-06-12;133.957;0.393;-37.791;-32.58
2018-06-13;134.109;0.375;-38.682;-33.33
2018-06-14;134.752;0.301;-41.368;-35.566
2018-06-15;134.977;0.275;-40.33;-34.618
2018-06-18;135.07;0.263;-39.84;-34.162
2018-06-19;135.262;0.241;-39.816;-34.112
2018-06-20;135.247;0.241;-40.786;-34.931
2018-06-21;135.407;0.22;-41.662;-35.628
2018-06-22;135.349;0.225;-42.065;-35.982
2018-06-25;135.384;0.22;-42.397;-36.289
2018-06-26;135.228;0.235;-42.049;-36.018
2018-06-27;135.419;0.213;-43.36;-37.121
2018-06-28;135.354;0.216;-42.498;-36.399
2018-06-29;135.683;0.179;-46.076;-39.387
2018-07-02;135.658;0.18;-45.827;-39.189
2018-07-03;135.69;0.175;-45.741;-39.093
2018-07-04;135.602;0.183;-44.611;-38.139
2018-07-05;135.568;0.183;-45.097;-38.565
2018-07-06;135.627;0.175;-45.715;-39.073
2018-07-09;135.608;0.176;-45.304;-38.731
2018-07-10;135.4;0.197;-44.75;-38.316
2018-07-11;135.433;0.192;-45.094;-38.607
2018-07-12;135.496;0.181;-45.645;-39.054
2018-07-13;135.611;0.167;-46.565;-39.815
2018-07-16;135.391;0.19;-45.583;-39.018
2018-07-17;135.508;0.176;-45.691;-39.087
2018-07-18;135.526;0.172;-45.596;-38.997
2018-07-19;135.573;0.163;-46.372;-39.644
2018-07-20;135.16;0.207;-43.99;-37.713
2018-07-23;134.792;0.246;-41.915;-35.986
2018-07-24;134.889;0.234;-42.384;-36.359
2018-07-25;134.914;0.23;-42.564;-36.509
2018-07-26;134.791;0.24;-42.868;-36.79
2018-07-27;134.801;0.237;-43.371;-37.227
2018-07-30;134.497;0.269;-43.001;-36.965
2018-07-31;134.458;0.272;-42.493;-36.531
2018-08-01;134.173;0.303;-41.222;-35.493
2018-08-02;134.129;0.304;-40.202;-34.619
2018-08-03;134.517;0.259;-42.207;-36.258
2018-08-06;134.645;0.243;-42.544;-36.506
2018-08-07;134.468;0.262;-41.853;-35.939
2018-08-08;134.586;0.247;-42.845;-36.761
2018-08-09;134.707;0.23;-43.677;-37.434
2018-08-10;135.098;0.185;-44.653;-38.189
2018-08-13;135.058;0.188;-43.665;-37.347
2018-08-14;134.949;0.199;-42.839;-36.675
2018-08-15;135.108;0.18;-43.203;-36.987
2018-08-16;134.934;0.195;-42.63;-36.528
2018-08-17;135.045;0.181;-43.073;-36.891
2018-08-20;135.123;0.171;-43.934;-37.609
2018-08-21;134.868;0.198;-42.358;-36.308
2018-08-22;134.714;0.214;-40.706;-34.914
2018-08-23;134.703;0.211;-40.988;-35.155
2018-08-24;134.656;0.215;-40.976;-35.154
2018-08-27;134.329;0.25;-38.726;-33.25
2018-08-28;134.246;0.258;-37.483;-32.212
2018-08-29;134.027;0.281;-36.971;-31.819
2018-08-30;134.484;0.225;-40.045;-34.361
2018-08-31;134.602;0.211;-40.36;-34.615
2018-09-03;134.552;0.215;-39.962;-34.287
2018-09-04;134.411;0.229;-39.227;-33.676
2018-09-05;134.267;0.244;-39.657;-34.065
2018-09-06;134.442;0.22;-40.957;-35.162
2018-09-07;134.192;0.247;-39.93;-34.322
2018-09-10;134.147;0.251;-40.065;-34.449
2018-09-11;133.917;0.275;-39.349;-33.882
2018-09-12;134.029;0.261;-39.524;-34.006
2018-09-13;133.89;0.273;-38.759;-33.37
2018-09-14;133.679;0.295;-38.097;-32.845
2018-09-17;133.565;0.307;-37.509;-32.359
2018-09-18;133.37;0.328;-36.301;-31.342
2018-09-19;133.296;0.335;-36.83;-31.816
2018-09-20;133.382;0.321;-38.06;-32.863
2018-09-21;133.42;0.315;-37.752;-32.595
2018-09-24;132.956;0.367;-36.12;-31.249
2018-09-25;132.683;0.397;-35.878;-31.096
2018-09-26;132.781;0.384;-36.329;-31.461
2018-09-27;132.657;0.394;-35.936;-31.144
2018-09-28;133.121;0.34;-38.454;-33.223
2018-10-01;133.093;0.341;-39.009;-33.711
2018-10-02;133.437;0.301;-40.662;-35.078
2018-10-03;132.971;0.353;-38.021;-32.876
2018-10-04;132.568;0.395;-37.856;-32.834
2018-10-05;132.238;0.432;-37.005;-32.148
2018-10-08;132.613;0.387;-39.189;-33.958
2018-10-09;132.451;0.404;-38.215;-33.14
2018-10-10;132.426;0.406;-38.852;-33.721
2018-10-11;132.636;0.377;-40.198;-34.852
2018-10-12;132.819;0.355;-41.223;-35.697
2018-10-15;132.743;0.362;-40.345;-34.962
2018-10-16;132.813;0.353;-39.645;-34.35
2018-10-17;133.05;0.324;-39.848;-34.488
2018-10-18;133.388;0.281;-42.873;-37.036
2018-10-19;132.882;0.338;-39.872;-34.548
2018-10-22;132.934;0.331;-39.714;-34.393
2018-10-23;133.208;0.298;-40.453;-34.972
2018-10-24;133.345;0.28;-41.663;-36.0
2018-10-25;133.265;0.285;-41.525;-35.874
2018-10-26;133.589;0.247;-42.165;-36.365
2018-10-29;133.497;0.256;-42.131;-36.367
2018-10-30;133.57;0.246;-43.092;-37.166
2018-10-31;133.43;0.261;-42.487;-36.668
2018-11-01;133.355;0.265;-42.564;-36.773
2018-11-02;133.168;0.285;-40.587;-35.12
2018-11-05;133.135;0.288;-40.459;-35.011
2018-11-06;133.021;0.3;-39.571;-34.276
2018-11-07;132.881;0.314;-38.89;-33.694
2018-11-08;132.774;0.323;-38.869;-33.694
2018-11-09;133.125;0.28;-40.8;-35.291
2018-11-12;133.154;0.276;-40.022;-34.605
2018-11-13;132.995;0.293;-38.815;-33.597
2018-11-14;132.966;0.295;-37.369;-32.333
2018-11-15;133.211;0.262;-38.121;-32.938
2018-11-16;133.115;0.272;-37.38;-32.314
2018-11-19;132.976;0.286;-35.802;-30.991
2018-11-20;133.004;0.282;-34.504;-29.856
2018-11-21;132.776;0.307;-32.444;-28.1
2018-11-22;132.762;0.304;-32.083;-27.793
2018-11-23;133.003;0.275;-33.372;-28.85
2018-11-26;132.853;0.291;-32.678;-28.293
2018-11-27;132.943;0.279;-33.119;-28.655
2018-11-28;132.909;0.281;-32.865;-28.442
2018-11-29;133.166;0.247;-34.045;-29.422
2018-11-30;133.214;0.24;-34.262;-29.591
2018-12-03;133.228;0.237;-34.309;-29.646
2018-12-04;133.529;0.2;-35.746;-30.834
2018-12-05;133.396;0.214;-36.294;-31.32
2018-12-06;133.64;0.182;-38.16;-32.878
2018-12-07;133.489;0.198;-36.765;-31.701
2018-12-10;133.402;0.206;-35.711;-30.827
2018-12-11;133.472;0.197;-36.738;-31.68
2018-12-12;133.083;0.241;-34.597;-29.907
2018-12-13;133.117;0.232;-34.799;-30.06
2018-12-14;133.388;0.199;-36.334;-31.35
2018-12-17;133.323;0.205;-36.227;-31.27
2018-12-18;133.366;0.199;-35.094;-30.281
2018-12-19;133.436;0.189;-34.631;-29.863
2018-12-20;133.487;0.179;-34.228;-29.508
2018-12-21;133.339;0.192;-33.754;-29.144
2018-12-24;133.339;0.19;-33.615;-29.015
2018-12-25;133.339;0.19;-33.613;-29.015
2018-12-26;133.339;0.19;-33.633;-29.015
2018-12-27;133.497;0.167;-34.156;-29.45
2018-12-28;133.419;0.174;-32.503;-28.044
2018-12-31;133.419;0.172;-32.471;-27.988
2019-01-01;133.419;0.172;-32.468;-27.988
2019-01-02;133.841;0.121;-31.907;-27.432
2019-01-03;133.853;0.115;-32.167;-27.656
2019-01-04;133.431;0.163;-31.116;-26.801
2019-01-07;133.288;0.179;-30.269;-26.103
2019-01-08;133.194;0.188;-31.3;-27.001
2019-01-09;133.241;0.181;-32.783;-28.267
2019-01-10;133.383;0.16;-33.894;-29.215
2019-01-11;133.442;0.151;-33.915;-29.221
2019-01-14;133.523;0.14;-33.423;-28.8
2019-01-15;133.729;0.115;-34.321;-29.54
2019-01-16;133.577;0.131;-33.547;-28.893
2019-01-17;133.402;0.147;-32.643;-28.155
2019-01-18;133.277;0.16;-33.085;-28.557
2019-01-21;133.308;0.155;-33.298;-28.71
2019-01-22;133.445;0.138;-33.456;-28.821
2019-01-23;133.484;0.131;-32.251;-27.751
2019-01-24;133.768;0.093;-33.295;-28.623
2019-01-25;133.602;0.111;-32.485;-27.946
2019-01-28;133.526;0.119;-31.789;-27.343
2019-01-29;133.54;0.116;-30.661;-26.365
2019-01-30;133.571;0.11;-30.025;-25.803
2019-01-31;133.811;0.077;-29.598;-25.417
2019-02-01;133.711;0.088;-31.414;-27.003
2019-02-04;133.574;0.102;-30.675;-26.4
2019-02-05;133.574;0.101;-30.354;-26.106
2019-02-06;133.605;0.096;-29.986;-25.757
2019-02-07;133.937;0.052;-31.352;-26.881
2019-02-08;134.095;0.032;-31.131;-26.665
2019-02-11;133.859;0.058;-29.905;-25.643
2019-02-12;133.777;0.066;-30.058;-25.798
2019-02-13;133.809;0.061;-31.128;-26.692
2019-02-14;133.876;0.048;-31.884;-27.331
2019-02-15;133.872;0.047;-31.886;-27.335
2019-02-18;133.832;0.05;-31.802;-27.276
2019-02-19;133.834;0.048;-30.59;-26.239
2019-02-20;133.867;0.043;-30.241;-25.926
2019-02-21;133.611;0.069;-29.874;-25.649
2019-02-22;133.818;0.043;-30.459;-26.116
2019-02-25;133.663;0.059;-29.165;-25.022
2019-02-26;133.594;0.066;-28.599;-24.548
2019-02-27;133.359;0.093;-28.385;-24.403
2019-02-28;133.118;0.117;-28.303;-24.36
2019-03-01;133.13;0.114;-29.156;-25.087
2019-03-04;133.291;0.093;-29.536;-25.387
2019-03-05;133.186;0.104;-28.637;-24.632
2019-03-06;133.513;0.063;-28.982;-24.876
2019-03-07;133.969;0.004;-28.964;-24.802
2019-03-08;133.917;0.009;-28.034;-24.002
2019-03-11;133.95;0.003;-28.931;-24.768
2019-03-12;134.005;-0.005;-29.758;-25.47
2019-03-13;133.95;0.0;-29.654;-25.391
2019-03-14;133.777;0.016;-29.339;-25.138
2019-03-15;133.781;0.014;-29.234;-25.044
2019-03-18;133.878;0.001;-29.598;-25.353
2019-03-19;133.775;0.011;-29.292;-25.142
2019-03-20;133.847;0.001;-30.129;-25.855
2019-03-21;134.172;-0.043;-31.961;-27.369
2019-03-22;134.622;-0.098;-34.454;-29.42
2019-03-25;134.678;-0.106;-34.815;-29.717
2019-03-26;134.553;-0.093;-34.759;-29.677
2019-03-27;135.074;-0.157;-33.964;-28.916
2019-03-28;134.911;-0.142;-34.791;-29.64
2019-03-29;134.915;-0.144;-36.162;-30.805
2019-04-01;134.579;-0.106;-33.946;-28.991
2019-04-02;134.716;-0.124;-33.962;-28.952
2019-04-03;134.294;-0.075;-32.716;-27.969
2019-04-04;134.381;-0.09;-33.62;-28.733
2019-04-05;134.299;-0.082;-33.216;-28.382
2019-04-08;134.346;-0.089;-33.847;-28.929
2019-04-09;134.42;-0.1;-33.851;-28.918
2019-04-10;134.571;-0.12;-32.754;-27.97
2019-04-11;134.429;-0.107;-32.854;-28.062
2019-04-12;133.955;-0.052;-31.378;-26.847
2019-04-15;133.926;-0.05;-31.607;-27.056
2019-04-16;133.855;-0.043;-31.55;-27.011
2019-04-17;133.704;-0.033;-31.525;-27.034
2019-04-18;134.053;-0.077;-32.181;-27.518
2019-04-19;134.053;-0.077;-32.169;-27.514
2019-04-22;134.053;-0.077;-32.165;-27.515
2019-04-23;133.926;-0.063;-32.068;-27.45
2019-04-24;134.293;-0.109;-32.671;-27.908
2019-04-25;134.176;-0.1;-32.859;-28.077
2019-04-26;134.263;-0.112;-33.475;-28.606
2019-04-29;134.044;-0.089;-31.716;-27.115
2019-04-30;134.003;-0.086;-32.125;-27.479
2019-05-01;134.003;-0.086;-32.095;-27.455
2019-05-02;133.885;-0.076;-31.47;-26.928
2019-05-03;133.91;-0.081;-32.502;-27.813
2019-05-06;134.063;-0.101;-33.049;-28.274
2019-05-07;134.323;-0.134;-33.417;-28.527
2019-05-08;134.273;-0.13;-33.151;-28.302
2019-05-09;134.201;-0.126;-32.778;-27.99
2019-05-10;134.182;-0.126;-32.588;-27.822
2019-05-13;134.306;-0.142;-32.536;-27.775
2019-05-14;134.278;-0.141;-31.264;-26.695
2019-05-15;134.427;-0.16;-32.063;-27.341
2019-05-16;134.385;-0.16;-32.862;-28.045
2019-05-17;134.42;-0.166;-32.006;-27.306
2019-05-20;134.32;-0.156;-31.614;-26.985
2019-05-21;134.125;-0.134;-29.879;-25.511
2019-05-22;134.267;-0.153;-30.526;-26.057
2019-05-23;134.462;-0.182;-31.27;-26.661
2019-05-24;134.424;-0.179;-31.445;-26.813
2019-05-27;134.605;-0.202;-32.322;-27.546
2019-05-28;134.625;-0.207;-31.271;-26.646
2019-05-29;134.752;-0.224;-31.577;-26.863
2019-05-30;134.696;-0.222;-31.693;-26.958
2019-05-31;134.858;-0.244;-32.084;-27.271
2019-06-03;134.808;-0.239;-30.984;-26.304
2019-06-04;134.817;-0.242;-29.86;-25.361
2019-06-05;135.048;-0.272;-29.16;-24.793
2019-06-06;135.038;-0.276;-30.237;-25.603
2019-06-07;135.226;-0.301;-30.863;-26.168
2019-06-10;134.988;-0.273;-30.51;-25.876
2019-06-11;135.023;-0.279;-29.601;-25.084
2019-06-12;135.094;-0.29;-30.19;-25.613
2019-06-13;135.049;-0.289;-29.64;-25.151
2019-06-14;135.111;-0.299;-29.154;-24.75
2019-06-17;135.056;-0.294;-29.508;-25.01
2019-06-18;135.76;-0.381;-31.744;-26.954
2019-06-19;135.406;-0.34;-30.452;-25.747
2019-06-20;135.583;-0.367;-32.077;-27.124
2019-06-21;135.308;-0.335;-31.749;-26.815
2019-06-24;135.459;-0.355;-31.535;-26.636
2019-06-25;135.575;-0.371;-31.314;-26.414
2019-06-26;135.378;-0.349;-30.994;-26.193
2019-06-27;135.511;-0.371;-31.151;-26.325
2019-06-28;135.595;-0.383;-31.436;-26.577
2019-07-01;135.8;-0.409;-31.85;-26.954
2019-07-02;135.836;-0.416;-31.533;-26.641
2019-07-03;135.947;-0.431;-30.683;-25.848
2019-07-04;136.041;-0.448;-30.418;-25.598
2019-07-05;135.82;-0.423;-30.581;-25.71
2019-07-08;135.742;-0.415;-29.431;-24.788
2019-07-09;135.63;-0.403;-30.833;-26.007
2019-07-10;135.406;-0.378;-30.855;-26.087
2019-07-11;135.128;-0.349;-31.419;-26.576
2019-07-12;134.992;-0.334;-30.509;-25.864
2019-07-15;135.228;-0.365;-30.274;-25.646
2019-07-16;135.2;-0.363;-28.682;-24.254
2019-07-17;135.522;-0.404;-29.379;-24.823
2019-07-18;135.59;-0.418;-29.299;-24.763
2019-07-19;135.683;-0.431;-28.779;-24.386
2019-07-22;135.806;-0.448;-29.793;-25.125
2019-07-23;135.821;-0.452;-29.881;-25.201
2019-07-24;135.919;-0.466;-28.909;-24.386
2019-07-25;135.751;-0.451;-27.361;-23.041
2019-07-26;135.764;-0.454;-28.303;-23.862
2019-07-29;135.855;-0.467;-29.034;-24.557
2019-07-30;135.862;-0.47;-29.227;-24.701
2019-07-31;136.141;-0.506;-30.04;-25.324
2019-08-01;136.12;-0.509;-29.163;-24.556
2019-08-02;136.33;-0.537;-27.924;-23.544
2019-08-05;136.466;-0.555;-28.784;-24.227
2019-08-06;136.594;-0.573;-29.741;-25.02
2019-08-07;136.935;-0.617;-30.531;-25.657
2019-08-08;136.779;-0.603;-29.892;-25.146
2019-08-09;136.775;-0.605;-29.065;-24.455
2019-08-12;136.825;-0.613;-29.65;-24.902
2019-08-13;136.868;-0.62;-29.214;-24.473
2019-08-14;137.045;-0.644;-26.997;-22.603
2019-08-15;137.428;-0.696;-23.165;-19.517
2019-08-16;137.269;-0.679;-21.182;-17.693
2019-08-19;137.063;-0.655;-24.539;-20.5
2019-08-20;137.306;-0.687;-26.059;-21.785
2019-08-21;137.076;-0.661;-27.223;-22.69
2019-08-22;136.86;-0.64;-28.896;-24.131
2019-08-23;137.092;-0.671;-29.589;-24.797
2019-08-26;136.988;-0.66;-28.43;-23.794
2019-08-27;137.086;-0.674;-25.965;-21.719
2019-08-28;137.132;-0.681;-24.272;-20.301
2019-08-29;137.032;-0.675;-24.458;-20.478
2019-08-30;137.051;-0.679;-24.758;-20.727
2019-09-02;137.069;-0.683;-24.574;-20.574
2019-09-03;136.938;-0.669;-22.837;-19.095
2019-09-04;136.761;-0.649;-23.129;-19.375
2019-09-05;136.229;-0.589;-22.444;-18.855
2019-09-06;136.452;-0.619;-22.581;-18.952
2019-09-09;136.068;-0.573;-20.28;-17.061
2019-09-10;135.814;-0.543;-19.6;-16.509
2019-09-11;135.904;-0.556;-21.566;-18.162
2019-09-12;135.267;-0.482;-19.74;-16.673
2019-09-13;134.977;-0.448;-21.941;-18.768
2019-09-16;135.192;-0.476;-21.21;-18.222
2019-09-17;135.08;-0.464;-19.005;-16.336
2019-09-18;135.268;-0.49;-19.364;-16.6
2019-09-19;135.16;-0.482;-19.099;-16.388
2019-09-20;135.191;-0.488;-19.472;-16.762
2019-09-23;135.532;-0.533;-19.582;-16.787
2019-09-24;135.574;-0.54;-18.591;-15.887
2019-09-25;135.369;-0.516;-18.703;-16.008
2019-09-26;135.411;-0.527;-20.271;-17.314
2019-09-27;135.452;-0.534;-21.309;-18.191
2019-09-30;135.463;-0.537;-21.889;-18.616
2019-10-01;135.412;-0.533;-20.585;-17.508
2019-10-02;135.287;-0.519;-19.954;-17.036
2019-10-03;135.527;-0.555;-21.143;-17.996
2019-10-04;135.488;-0.552;-20.782;-17.694
2019-10-07;135.391;-0.542;-20.855;-17.755
2019-10-08;135.5;-0.558;-21.486;-18.307
2019-10-09;135.15;-0.515;-21.0;-17.937
2019-10-10;134.551;-0.445;-18.53;-15.942
2019-10-11;134.505;-0.441;-20.926;-18.088
2019-10-14;134.474;-0.439;-19.42;-16.86
2019-10-15;134.27;-0.414;-19.777;-17.093
2019-10-16;134.104;-0.395;-20.812;-18.023
2019-10-17;134.126;-0.403;-20.272;-17.563
2019-10-18;133.94;-0.381;-20.944;-18.129
2019-10-21;133.728;-0.356;-20.283;-17.58
2019-10-22;133.777;-0.364;-19.924;-17.278
2019-10-23;133.87;-0.378;-18.702;-16.205
2019-10-24;133.927;-0.391;-20.014;-17.346
2019-10-25;133.676;-0.361;-20.958;-18.143
2019-10-28;133.495;-0.339;-20.404;-17.704
2019-10-29;133.526;-0.345;-20.211;-17.562
2019-10-30;133.527;-0.347;-20.921;-18.186
2019-10-31;133.876;-0.398;-22.429;-19.47
2019-11-01;133.75;-0.383;-21.811;-18.886
2019-11-04;133.568;-0.362;-21.523;-18.671
2019-11-05;133.326;-0.332;-20.36;-17.694
2019-11-06;133.481;-0.354;-21.284;-18.467
2019-11-07;132.766;-0.266;-19.218;-16.777
2019-11-08;132.928;-0.289;-20.059;-17.534
2019-11-11;132.779;-0.272;-18.906;-16.518
2019-11-12;132.876;-0.286;-19.124;-16.719
2019-11-13;133.048;-0.311;-18.566;-16.165
2019-11-14;133.304;-0.35;-20.349;-17.687
2019-11-15;133.153;-0.332;-19.521;-16.961
2019-11-18;133.103;-0.327;-19.38;-16.813
2019-11-19;133.128;-0.333;-19.852;-17.233
2019-11-20;133.126;-0.334;-19.536;-16.967
2019-11-21;132.96;-0.318;-19.231;-16.687
2019-11-22;133.139;-0.344;-19.798;-17.173
2019-11-25;133.071;-0.337;-19.54;-16.943
2019-11-26;133.215;-0.357;-20.459;-17.704
2019-11-27;133.211;-0.359;-19.709;-17.038
2019-11-28;133.13;-0.354;-19.997;-17.276
2019-11-29;133.09;-0.351;-20.295;-17.534
2019-12-02;132.664;-0.296;-19.816;-17.148
2019-12-03;133.126;-0.359;-20.853;-18.086
2019-12-04;132.944;-0.337;-21.783;-18.878
2019-12-05;132.77;-0.32;-21.846;-18.945
2019-12-06;132.696;-0.312;-21.639;-18.802
2019-12-09;132.861;-0.336;-22.413;-19.442
2019-12-10;132.787;-0.328;-22.014;-19.094
2019-12-11;132.904;-0.345;-21.929;-18.986
2019-12-12;132.525;-0.301;-19.788;-17.151
2019-12-13;132.616;-0.315;-20.84;-17.993
2019-12-16;132.578;-0.312;-21.062;-18.21
2019-12-17;132.65;-0.323;-22.058;-19.016
2019-12-18;132.409;-0.293;-21.854;-18.856
2019-12-19;132.263;-0.279;-21.375;-18.48
2019-12-20;132.381;-0.297;-22.891;-19.832
2019-12-23;132.286;-0.29;-23.04;-19.879
2019-12-24;132.286;-0.296;-23.725;-20.496
2019-12-25;132.286;-0.296;-23.707;-20.481
2019-12-26;132.286;-0.296;-23.728;-20.496
2019-12-27;132.319;-0.302;-23.675;-20.49
2019-12-30;131.806;-0.237;-21.409;-18.616
2020-01-01;131.806;-0.239;-21.631;-18.802
2020-01-02;132.061;-0.279;-22.167;-19.248
2020-01-03;132.401;-0.327;-22.725;-19.686
2020-01-06;132.412;-0.33;-22.259;-19.278
2020-01-07;132.381;-0.328;-21.247;-18.442
2020-01-08;132.087;-0.29;-20.241;-17.551
2020-01-09;131.844;-0.263;-20.238;-17.561
2020-01-10;131.988;-0.284;-21.633;-18.714
2020-01-13;131.732;-0.252;-20.725;-18.013
2020-01-14;131.753;-0.256;-20.904;-18.132
2020-01-15;131.909;-0.279;-21.456;-18.577
2020-01-16;131.967;-0.293;-21.705;-18.8
2020-01-17;131.924;-0.289;-21.442;-18.568
2020-01-20;131.923;-0.291;-21.232;-18.35
2020-01-21;132.044;-0.309;-21.533;-18.588
2020-01-22;132.094;-0.318;-21.465;-18.535
2020-01-23;132.314;-0.354;-21.928;-18.956
2020-01-24;132.435;-0.372;-22.088;-19.078
2020-01-27;132.717;-0.413;-21.44;-18.474
2020-01-28;132.459;-0.38;-21.185;-18.275
2020-01-29;132.67;-0.41;-22.469;-19.381
2020-01-30;132.799;-0.434;-22.847;-19.693
2020-01-31;133.011;-0.464;-23.834;-20.519
2020-02-03;133.02;-0.468;-23.59;-20.293
2020-02-04;132.729;-0.43;-22.722;-19.53
2020-02-05;132.508;-0.402;-22.079;-18.978
2020-02-06;132.516;-0.409;-22.331;-19.195
2020-02-07;132.593;-0.422;-22.156;-19.067
2020-02-10;132.698;-0.438;-22.004;-18.874
2020-02-11;132.603;-0.427;-21.587;-18.543
2020-02-12;132.565;-0.424;-21.903;-18.793
2020-02-13;132.561;-0.43;-21.41;-18.367
2020-02-14;132.699;-0.45;-22.158;-18.991
2020-02-17;132.662;-0.447;-21.642;-18.563
2020-02-18;132.628;-0.445;-20.424;-17.475
2020-02-19;132.694;-0.456;-20.795;-17.808
2020-02-20;132.712;-0.465;-20.312;-17.37
2020-02-21;132.611;-0.453;-20.841;-17.829
2020-02-24;132.859;-0.489;-21.731;-18.599
2020-02-25;133.014;-0.512;-22.577;-19.32
2020-02-26;132.982;-0.51;-23.562;-20.137
2020-02-27;132.96;-0.513;-21.838;-18.664
2020-02-28;133.282;-0.559;-24.869;-21.221
2020-03-02;133.361;-0.572;-22.616;-19.337
2020-03-03;133.422;-0.582;-20.115;-17.186
2020-03-04;133.575;-0.605;-24.077;-20.535
2020-03-05;133.703;-0.629;-27.017;-22.94
2020-03-06;133.551;-0.61;-24.887;-21.145
2020-03-09;133.888;-0.658;-26.274;-22.303
2020-03-10;133.289;-0.579;-21.647;-18.422
2020-03-11;133.139;-0.56;-20.08;-17.115
2020-03-12;132.522;-0.482;-14.057;-12.0
2020-03-13;131.262;-0.309;-7.248;-6.582
2020-03-16;130.509;-0.205;2.628;1.747
2020-03-17;130.04;-0.141;8.671;6.991
2020-03-18;128.972;0.009;12.464;10.229
2020-03-19;128.822;0.025;8.355;6.609
2020-03-20;129.704;-0.103;0.852;-0.182
2020-03-23;129.586;-0.088;6.332;4.532
2020-03-24;129.355;-0.057;4.671;3.092
2020-03-25;128.975;-0.005;8.455;6.344
2020-03-26;130.319;-0.202;-6.691;-6.927
2020-03-27;131.38;-0.354;-16.453;-15.214
2020-03-30;131.15;-0.324;-12.341;-11.733
2020-03-31;130.911;-0.292;-9.357;-9.124
2020-04-01;130.505;-0.237;-2.555;-3.343
2020-04-02;130.318;-0.216;0.612;-0.634
2020-04-03;130.218;-0.204;2.143;0.76
2020-04-06;130.303;-0.218;-0.554;-1.679
2020-04-07;129.64;-0.125;2.027;0.412
2020-04-08;129.686;-0.142;0.459;-1.186
2020-04-09;130.055;-0.197;-0.225;-1.861
2020-04-10;130.055;-0.197;-0.522;-2.295
2020-04-13;130.055;-0.197;-0.571;-2.293
2020-04-14;130.17;-0.215;-0.676;-2.222
2020-04-15;130.495;-0.263;-2.379;-3.689
2020-04-16;130.498;-0.27;-2.584;-3.827
2020-04-17;130.531;-0.277;-3.4;-4.466
2020-04-20;130.163;-0.226;-1.301;-2.672
2020-04-21;130.237;-0.239;-3.193;-4.277
2020-04-22;129.851;-0.185;-2.939;-4.424
2020-04-23;130.089;-0.226;-4.152;-5.562
2020-04-24;130.506;-0.287;-5.936;-7.054
2020-04-27;130.428;-0.278;-6.161;-7.158
2020-04-28;130.565;-0.3;-5.648;-6.707
2020-04-29;130.78;-0.339;-8.934;-9.461
2020-04-30;131.397;-0.429;-11.713;-11.824
2020-05-01;131.397;-0.429;-11.178;-11.407
2020-05-04;131.168;-0.398;-9.369;-9.938
2020-05-05;131.246;-0.412;-9.869;-10.274
2020-05-06;130.794;-0.349;-6.458;-7.512
2020-05-07;130.989;-0.383;-9.694;-10.398
2020-05-08;131.075;-0.398;-11.377;-11.577
2020-05-11;130.878;-0.372;-9.149;-9.676
2020-05-12;130.87;-0.373;-8.447;-9.024
2020-05-13;131.029;-0.397;-10.385;-10.71
2020-05-14;130.975;-0.396;-9.923;-10.331
2020-05-15;130.867;-0.383;-9.791;-10.252
2020-05-18;130.632;-0.351;-9.087;-9.613
2020-05-19;130.587;-0.347;-8.314;-8.946
2020-05-20;130.676;-0.361;-10.374;-10.709
2020-05-21;130.786;-0.384;-10.738;-10.965
2020-05-22;130.657;-0.367;-9.398;-9.731
2020-05-25;130.694;-0.375;-10.255;-10.495
2020-05-26;130.345;-0.326;-7.701;-8.412
2020-05-27;130.398;-0.336;-8.746;-9.184
2020-05-28;130.553;-0.365;-11.119;-11.266
2020-05-29;130.727;-0.392;-12.117;-12.03
2020-06-01;130.524;-0.365;-11.278;-11.284
2020-06-02;130.616;-0.38;-12.683;-12.373
2020-06-03;130.274;-0.333;-10.498;-10.556
2020-06-04;130.391;-0.356;-13.87;-13.415
2020-06-05;130.185;-0.328;-11.659;-11.435
2020-06-08;130.428;-0.366;-13.416;-12.952
2020-06-09;130.257;-0.343;-12.541;-12.149
2020-06-10;130.244;-0.343;-12.461;-12.074
2020-06-11;130.656;-0.41;-15.013;-14.305
2020-06-12;130.867;-0.442;-17.1;-15.984
2020-06-15;130.807;-0.436;-15.568;-14.569
2020-06-16;130.802;-0.437;-16.593;-15.518
2020-06-17;130.805;-0.44;-16.076;-15.057
2020-06-18;130.817;-0.448;-15.561;-14.563
2020-06-19;130.889;-0.461;-16.496;-15.335
2020-06-22;131.065;-0.489;-17.421;-15.962
2020-06-23;130.863;-0.461;-16.014;-14.64
2020-06-24;130.975;-0.48;-17.072;-15.512
2020-06-25;131.044;-0.497;-18.298;-16.627
2020-06-26;131.068;-0.502;-17.422;-15.83
2020-06-29;131.023;-0.498;-17.433;-15.842
2020-06-30;130.949;-0.489;-16.643;-15.025
2020-07-01;130.55;-0.433;-12.821;-11.849
2020-07-02;130.83;-0.481;-16.456;-14.937
2020-07-03;130.849;-0.486;-17.079;-15.393
2020-07-06;130.853;-0.488;-17.414;-15.684
2020-07-07;130.782;-0.48;-17.404;-15.642
2020-07-08;130.781;-0.482;-17.566;-15.685
2020-07-09;130.875;-0.503;-18.319;-16.248
2020-07-10;130.996;-0.523;-20.096;-17.757
2020-07-13;130.682;-0.479;-18.522;-16.357
2020-07-14;130.858;-0.507;-20.361;-17.911
2020-07-15;130.875;-0.512;-19.947;-17.54
2020-07-16;130.956;-0.53;-20.819;-18.214
2020-07-17;130.896;-0.524;-20.915;-18.258
2020-07-20;131.053;-0.549;-22.671;-19.775
2020-07-21;131.078;-0.555;-22.265;-19.4
2020-07-22;131.284;-0.587;-24.625;-21.411
2020-07-23;131.167;-0.577;-24.212;-20.915
2020-07-24;130.981;-0.552;-23.797;-20.564
2020-07-27;131.217;-0.589;-25.714;-22.2
2020-07-28;131.277;-0.6;-25.748;-22.23
2020-07-29;131.194;-0.59;-25.845;-22.268
2020-07-30;131.362;-0.622;-26.341;-22.653
2020-07-31;131.213;-0.602;-25.659;-22.059
2020-08-03;131.135;-0.593;-24.067;-20.652
2020-08-04;131.301;-0.62;-25.407;-21.776
2020-08-05;131.054;-0.585;-24.614;-21.137
2020-08-06;131.178;-0.611;-25.92;-22.275
2020-08-07;131.097;-0.601;-26.427;-22.744
2020-08-10;131.21;-0.62;-26.973;-23.141
2020-08-11;130.993;-0.59;-26.428;-22.663
2020-08-12;130.911;-0.58;-26.929;-23.092
2020-08-13;130.632;-0.545;-25.464;-21.845
2020-08-14;130.654;-0.551;-25.049;-21.516
2020-08-17;130.854;-0.583;-26.438;-22.666
2020-08-18;130.88;-0.589;-26.433;-22.633
2020-08-19;130.943;-0.601;-26.606;-22.773
2020-08-20;130.971;-0.612;-26.499;-22.704
2020-08-21;131.005;-0.62;-26.245;-22.502
2020-08-24;130.885;-0.604;-25.395;-21.784
2020-08-25;130.576;-0.56;-23.556;-20.24
2020-08-26;130.518;-0.554;-23.896;-20.518
2020-08-27;130.452;-0.551;-24.098;-20.718
2020-08-28;130.522;-0.563;-24.232;-20.817
2020-08-31;130.37;-0.543;-22.993;-19.747
2020-09-01;130.557;-0.573;-24.173;-20.764
2020-09-02;130.884;-0.625;-26.54;-22.751
2020-09-03;130.894;-0.633;-26.668;-22.873
2020-09-04;130.751;-0.614;-25.198;-21.64
2020-09-07;130.728;-0.613;-24.793;-21.281
2020-09-08;130.801;-0.626;-24.749;-21.235
2020-09-09;130.588;-0.597;-23.732;-20.386
2020-09-10;130.366;-0.57;-23.074;-19.847
2020-09-11;130.623;-0.611;-24.248;-20.833
2020-09-14;130.627;-0.614;-24.596;-21.094
2020-09-15;130.566;-0.607;-23.866;-20.487
2020-09-16;130.527;-0.604;-23.033;-19.747
2020-09-17;130.562;-0.616;-23.712;-20.322
2020-09-18;130.543;-0.616;-23.838;-20.392
2020-09-21;130.808;-0.658;-26.061;-22.256
2020-09-22;130.653;-0.637;-25.614;-21.87
2020-09-23;130.617;-0.634;-25.147;-21.495
2020-09-24;130.529;-0.628;-25.385;-21.703
2020-09-25;130.629;-0.645;-26.005;-22.245
2020-09-28;130.606;-0.644;-26.167;-22.367
2020-09-29;130.653;-0.654;-26.196;-22.355
2020-09-30;130.521;-0.636;-25.627;-21.84
2020-10-01;130.544;-0.647;-25.821;-22.004
2020-10-02;130.547;-0.649;-25.851;-22.096
2020-10-05;130.408;-0.631;-24.941;-21.21
2020-10-06;130.383;-0.629;-25.058;-21.392
2020-10-07;130.316;-0.621;-24.474;-20.864
2020-10-08;130.452;-0.649;-25.948;-22.125
2020-10-09;130.486;-0.657;-26.707;-22.749
2020-10-12;130.557;-0.67;-27.18;-23.192
2020-10-13;130.594;-0.678;-26.983;-22.984
2020-10-14;130.682;-0.694;-27.252;-23.166
2020-10-15;130.742;-0.711;-28.246;-23.988
2020-10-16;130.783;-0.719;-28.755;-24.392
2020-10-19;130.812;-0.726;-28.706;-24.354
2020-10-20;130.654;-0.704;-28.527;-24.223
2020-10-21;130.533;-0.688;-27.356;-23.25
2020-10-22;130.358;-0.669;-26.07;-22.155
2020-10-23;130.324;-0.666;-25.881;-22.008
2020-10-26;130.326;-0.668;-25.875;-21.997
2020-10-27;130.5;-0.698;-26.796;-22.669
2020-10-28;130.551;-0.708;-27.661;-23.415
2020-10-29;130.643;-0.73;-29.072;-24.632
2020-10-30;130.534;-0.715;-28.055;-23.726
2020-11-02;130.584;-0.725;-28.886;-24.503
2020-11-03;130.479;-0.712;-28.574;-24.263
2020-11-04;130.533;-0.723;-28.832;-24.427
2020-11-05;130.477;-0.721;-28.345;-24.04
2020-11-06;130.421;-0.715;-27.894;-23.681
2020-11-09;129.992;-0.651;-26.092;-22.148
2020-11-10;129.811;-0.625;-25.168;-21.442
2020-11-11;129.896;-0.641;-25.809;-21.954
2020-11-12;129.973;-0.66;-26.602;-22.615
2020-11-13;130.028;-0.671;-26.93;-22.961
2020-11-16;129.981;-0.666;-26.741;-22.765
2020-11-17;130.02;-0.675;-26.869;-22.857
2020-11-18;129.979;-0.671;-26.604;-22.61
2020-11-19;129.996;-0.681;-26.943;-22.917
2020-11-20;130.074;-0.696;-27.723;-23.64
2020-11-23;130.055;-0.695;-28.164;-24.007
2020-11-24;129.937;-0.679;-27.6;-23.523
2020-11-25;129.959;-0.685;-27.996;-23.904
2020-11-26;129.971;-0.694;-27.964;-23.901
2020-11-27;129.953;-0.694;-27.791;-23.732
2020-11-30;129.832;-0.677;-26.116;-22.299
2020-12-01;129.599;-0.643;-23.926;-20.416
2020-12-02;129.553;-0.638;-23.621;-20.208
2020-12-03;129.714;-0.671;-25.658;-21.881
2020-12-04;129.707;-0.673;-25.5;-21.871
2020-12-07;129.87;-0.701;-26.989;-23.11
2020-12-08;129.982;-0.721;-27.906;-23.896
2020-12-09;129.945;-0.718;-27.734;-23.644
2020-12-10;129.876;-0.714;-26.818;-22.931
2020-12-11;130.002;-0.737;-28.049;-23.927
2020-12-14;129.908;-0.725;-27.322;-23.289
2020-12-15;129.837;-0.716;-26.626;-22.741
2020-12-16;129.598;-0.68;-25.632;-21.879
2020-12-17;129.562;-0.682;-25.464;-21.733
2020-12-18;129.527;-0.679;-26.095;-22.281
2020-12-21;129.599;-0.693;-27.867;-23.797
2020-12-22;129.633;-0.701;-28.584;-24.395
2020-12-23;129.363;-0.668;-26.98;-23.009
2020-12-24;129.363;-0.671;-27.579;-23.544
2020-12-25;129.363;-0.671;-27.585;-23.543
2020-12-28;129.456;-0.688;-28.258;-24.112
2020-12-29;129.528;-0.702;-29.162;-24.929
2020-12-30;129.442;-0.698;-28.349;-24.28
2020-12-31;129.442;-0.701;-28.466;-24.327
2021-01-01;129.442;-0.701;-28.472;-24.325
2021-01-04;129.491;-0.711;-26.689;-22.785
2021-01-05;129.363;-0.693;-25.733;-22.052
2021-01-06;129.199;-0.669;-24.312;-20.776
2021-01-07;129.19;-0.676;-25.73;-22.049
2021-01-08;129.168;-0.675;-26.337;-22.507
2021-01-11;129.07;-0.661;-25.885;-22.173
2021-01-12;128.843;-0.627;-24.892;-21.291
2021-01-13;129.066;-0.666;-26.124;-22.317
2021-01-14;129.189;-0.693;-27.449;-23.504
2021-01-15;129.115;-0.684;-26.518;-22.692
2021-01-18;128.988;-0.666;-25.346;-21.684
2021-01-19;128.959;-0.664;-25.59;-21.927
2021-01-20;128.957;-0.666;-25.973;-22.214
2021-01-21;128.767;-0.643;-25.262;-21.678
2021-01-22;128.788;-0.649;-25.132;-21.531
2021-01-25;128.951;-0.678;-26.28;-22.596
2021-01-26;128.866;-0.666;-26.146;-22.406
2021-01-27;128.945;-0.682;-26.458;-22.787
2021-01-28;128.91;-0.684;-26.674;-22.936
2021-01-29;128.821;-0.672;-26.934;-23.165
2021-02-01;128.757;-0.664;-25.953;-22.342
2021-02-02;128.628;-0.646;-24.981;-21.512
2021-02-03;128.52;-0.63;-25.041;-21.624
2021-02-04;128.432;-0.624;-25.002;-21.569
2021-02-05;128.435;-0.627;-25.951;-22.397
2021-02-08;128.427;-0.628;-26.25;-22.639
2021-02-09;128.43;-0.631;-25.906;-22.331
2021-02-10;128.405;-0.629;-26.189;-22.674
2021-02-11;128.458;-0.646;-26.891;-23.231
2021-02-12;128.279;-0.619;-25.504;-22.068
2021-02-15;128.047;-0.583;-23.904;-20.695
2021-02-16;127.957;-0.571;-24.41;-21.137
2021-02-17;127.967;-0.575;-23.461;-20.29
2021-02-18;127.754;-0.547;-21.97;-19.042
2021-02-19;127.627;-0.528;-22.251;-19.3
2021-02-22;127.738;-0.549;-22.556;-19.559
2021-02-23;127.596;-0.528;-21.26;-18.436
2021-02-24;127.529;-0.52;-20.661;-17.919
2021-02-25;127.073;-0.45;-18.872;-16.367
2021-02-26;127.21;-0.476;-20.375;-17.674
2021-03-01;127.638;-0.551;-22.861;-19.888
2021-03-02;127.767;-0.575;-24.058;-20.905
2021-03-03;127.468;-0.527;-22.429;-19.52
2021-03-04;127.537;-0.546;-23.154;-20.149
2021-03-05;127.491;-0.541;-23.708;-20.65
2021-03-08;127.356;-0.521;-23.92;-20.861
2021-03-09;127.426;-0.535;-24.454;-21.309
2021-03-10;127.456;-0.543;-24.503;-21.362
2021-03-11;127.531;-0.563;-25.304;-22.067
2021-03-12;127.481;-0.558;-26.132;-22.83
2021-03-15;127.615;-0.583;-26.613;-23.224
2021-03-16;127.607;-0.584;-26.104;-22.732
2021-03-17;127.428;-0.556;-25.864;-22.549
2021-03-18;127.36;-0.553;-26.222;-22.875
2021-03-19;127.488;-0.577;-26.911;-23.501
2021-03-22;127.538;-0.588;-27.497;-23.978
2021-03-23;127.624;-0.605;-28.288;-24.656
2021-03-24;127.658;-0.614;-28.45;-24.809
2021-03-25;127.677;-0.625;-27.849;-24.292
2021-03-26;127.542;-0.604;-27.207;-23.751
2021-03-29;127.41;-0.584;-26.636;-23.277
2021-03-30;127.215;-0.554;-24.958;-21.761
2021-03-31;127.167;-0.559;-25.921;-22.736
2021-04-01;127.358;-0.594;-27.326;-23.888
2021-04-02;127.358;-0.594;-27.773;-24.281
2021-04-05;127.358;-0.594;-27.751;-24.282
2021-04-06;127.257;-0.579;-26.346;-23.001
2021-04-07;127.307;-0.59;-26.431;-23.071
2021-04-08;127.348;-0.605;-27.269;-23.798
2021-04-09;127.116;-0.568;-25.128;-17.481
2021-04-12;127.089;-0.566;-25.63;-22.397
2021-04-13;127.07;-0.566;-25.913;-22.572
2021-04-14;126.884;-0.536;-24.934;-21.861
2021-04-15;126.987;-0.562;-25.59;-22.403
2021-04-16;126.873;-0.545;-25.319;-22.213
2021-04-19;126.736;-0.524;-24.794;-21.75
2021-04-20;126.852;-0.546;-25.966;-22.724
2021-04-21;126.836;-0.546;-25.782;-22.571
2021-04-22;126.733;-0.536;-25.315;-22.166
2021-04-23;126.767;-0.545;-26.052;-22.816
2021-04-26;126.697;-0.535;-25.897;-22.686
2021-04-27;126.67;-0.533;-26.114;-22.845
2021-04-28;126.564;-0.517;-25.74;-22.545
2021-04-29;126.411;-0.499;-25.576;-22.395
2021-04-30;126.457;-0.509;-25.512;-22.3
2021-05-03;126.484;-0.517;-26.515;-23.197
2021-05-04;126.598;-0.539;-26.418;-23.17
2021-05-05;126.559;-0.535;-26.592;-23.264
2021-05-06;126.502;-0.533;-26.298;-23.138
2021-05-07;126.375;-0.513;-25.207;-22.11
2021-05-10;126.372;-0.515;-24.917;-21.883
2021-05-11;126.105;-0.471;-22.528;-19.763
2021-05-12;125.934;-0.444;-21.404;-18.844
2021-05-13;125.818;-0.431;-20.084;-17.625
2021-05-14;125.814;-0.433;-19.48;-17.195
2021-05-17;125.715;-0.418;-18.847;-16.53
2021-05-18;125.643;-0.408;-18.48;-16.26
2021-05-19;125.63;-0.408;-18.854;-16.543
2021-05-20;125.629;-0.416;-19.958;-17.52
2021-05-21;125.732;-0.437;-20.092;-17.649
2021-05-24;125.755;-0.443;-20.065;-17.666
2021-05-25;125.892;-0.47;-21.595;-19.03
2021-05-26;126.023;-0.496;-22.527;-19.799
2021-05-27;125.856;-0.475;-22.371;-19.657
2021-05-28;125.917;-0.488;-22.707;-19.989
2021-05-31;125.882;-0.485;-22.27;-19.583
2021-06-01;125.852;-0.482;-22.057;-19.36
2021-06-02;125.935;-0.499;-22.538;-19.792
2021-06-03;125.899;-0.501;-23.783;-20.928
2021-06-04;125.986;-0.519;-24.808;-21.798
2021-06-07;125.861;-0.5;-23.367;-20.513
2021-06-08;125.967;-0.521;-24.737;-21.668
2021-06-09;126.027;-0.535;-24.575;-21.519
2021-06-10;126.055;-0.548;-25.605;-22.431
2021-06-11;126.058;-0.551;-25.307;-22.124
2021-06-14;125.938;-0.532;-24.454;-21.351
2021-06-15;125.872;-0.523;-24.631;-21.54
2021-06-16;125.933;-0.537;-25.144;-22.016
2021-06-17;125.686;-0.501;-22.654;-19.905
2021-06-18;125.597;-0.487;-22.08;-19.393
2021-06-21;125.479;-0.469;-22.177;-19.501
2021-06-22;125.48;-0.471;-22.362;-19.679
2021-06-23;125.567;-0.49;-23.488;-20.661
2021-06-24;125.538;-0.493;-23.931;-21.061
2021-06-25;125.373;-0.466;-22.483;-19.764
2021-06-28;125.445;-0.481;-22.963;-20.205
2021-06-29;125.406;-0.477;-23.586;-20.743
2021-06-30;125.523;-0.501;-24.252;-21.285
2021-07-01;125.477;-0.501;-24.085;-21.173
2021-07-02;125.595;-0.525;-24.834;-21.842
2021-07-05;125.496;-0.51;-24.685;-21.721
2021-07-06;125.719;-0.553;-26.449;-23.248
2021-07-07;125.831;-0.576;-27.528;-24.168
2021-07-08;125.757;-0.571;-26.666;-23.364
2021-07-09;125.705;-0.564;-26.617;-23.358
2021-07-12;125.658;-0.559;-26.189;-23.003
2021-07-13;125.697;-0.569;-27.802;-24.389
2021-07-14;125.791;-0.588;-28.859;-25.317
2021-07-15;125.76;-0.591;-28.887;-25.344
2021-07-16;125.751;-0.592;-28.479;-24.954
2021-07-19;125.83;-0.61;-29.138;-25.528
2021-07-20;125.936;-0.632;-30.545;-26.644
2021-07-21;125.889;-0.626;-30.767;-26.928
2021-07-22;125.992;-0.653;-31.669;-27.703
2021-07-23;126.003;-0.658;-31.973;-27.971
2021-07-26;125.936;-0.649;-31.367;-27.432
2021-07-27;126.017;-0.667;-32.495;-28.355
2021-07-28;126.053;-0.676;-33.743;-29.44
2021-07-29;126.034;-0.681;-34.272;-29.919
2021-07-30;126.045;-0.686;-33.916;-29.66
2021-08-02;126.132;-0.705;-34.239;-29.908
2021-08-03;126.068;-0.696;-33.053;-28.867
2021-08-04;126.164;-0.717;-34.844;-30.382
2021-08-05;126.095;-0.713;-35.026;-30.577
2021-08-06;126.017;-0.701;-35.89;-31.38
2021-08-09;125.927;-0.687;-33.675;-29.419
2021-08-10;125.97;-0.698;-35.015;-30.563
2021-08-11;125.915;-0.691;-33.559;-29.291
2021-08-12;125.85;-0.688;-33.423;-29.219
2021-08-13;125.899;-0.7;-34.317;-29.997
2021-08-16;125.816;-0.687;-33.023;-28.895
2021-08-17;125.84;-0.695;-34.249;-29.949
2021-08-18;125.857;-0.701;-34.079;-29.787
2021-08-19;125.831;-0.705;-34.123;-29.843
2021-08-20;125.829;-0.707;-34.147;-29.864
2021-08-23;125.786;-0.702;-33.973;-29.73
2021-08-24;125.746;-0.698;-33.501;-29.342
2021-08-25;125.661;-0.685;-34.157;-29.938
2021-08-26;125.571;-0.677;-34.166;-29.951
2021-08-27;125.545;-0.675;-33.269;-29.169
2021-08-30;125.623;-0.692;-34.81;-30.513
2021-08-31;125.423;-0.658;-33.29;-29.241
2021-09-01;125.483;-0.672;-35.323;-31.006
2021-09-02;125.463;-0.677;-35.193;-30.904
2021-09-03;125.383;-0.665;-35.065;-30.805
2021-09-06;125.422;-0.675;-36.544;-32.099
2021-09-07;125.262;-0.648;-36.285;-31.898
2021-09-08;125.28;-0.654;-37.037;-32.556
2021-09-09;125.366;-0.679;-37.97;-33.355
2021-09-10;125.24;-0.659;-37.632;-33.086
2021-09-13;125.223;-0.658;-37.725;-33.168
2021-09-14;125.241;-0.665;-37.7;-33.12
2021-09-15;125.184;-0.657;-38.787;-34.074
2021-09-16;125.108;-0.651;-38.73;-34.062
2021-09-17;125.059;-0.645;-39.861;-35.026
2021-09-20;125.126;-0.661;-40.675;-35.701
2021-09-21;125.093;-0.657;-40.091;-35.167
2021-09-22;125.065;-0.655;-39.743;-34.976
2021-09-23;124.828;-0.619;-40.047;-35.255
2021-09-24;124.77;-0.61;-40.214;-35.476
2021-09-27;124.696;-0.599;-39.76;-35.144
2021-09-28;124.635;-0.59;-39.92;-35.212
2021-09-29;124.66;-0.598;-39.715;-35.018
2021-09-30;124.569;-0.59;-38.993;-34.403
2021-10-01;124.698;-0.617;-40.649;-35.857
2021-10-04;124.611;-0.604;-39.301;-34.645
2021-10-05;124.519;-0.589;-39.19;-34.582
2021-10-06;124.487;-0.586;-39.602;-34.912
2021-10-07;124.501;-0.597;-40.947;-36.179
2021-10-08;124.318;-0.565;-40.732;-36.108
2021-10-11;124.172;-0.539;-41.557;-36.814
2021-10-12;123.979;-0.505;-41.057;-36.387
2021-10-13;124.038;-0.519;-40.98;-36.314
2021-10-14;124.258;-0.571;-41.095;-36.425
2021-10-15;124.114;-0.546;-40.269;-35.65
2021-10-18;123.852;-0.498;-41.672;-36.936
2021-10-19;123.748;-0.48;-41.288;-36.676
2021-10-20;123.884;-0.51;-40.801;-36.139
2021-10-21;123.644;-0.472;-41.053;-36.44
2021-10-22;123.581;-0.462;-42.53;-37.753
2021-10-25;123.701;-0.489;-43.318;-38.442
2021-10-26;123.637;-0.479;-43.092;-38.259
2021-10-27;123.688;-0.492;-43.376;-38.419
2021-10-28;123.531;-0.47;-45.046;-40.015
2021-10-29;123.227;-0.413;-45.429;-40.428
2021-11-01;123.253;-0.421;-44.841;-39.897
2021-11-02;123.575;-0.487;-43.186;-38.346
2021-11-03;123.539;-0.483;-43.009;-38.105
2021-11-04;123.902;-0.564;-42.19;-37.357
2021-11-05;124.023;-0.591;-43.605;-38.632
2021-11-08;123.901;-0.57;-44.116;-39.054
2021-11-09;124.051;-0.602;-46.25;-40.938
2021-11-10;123.796;-0.555;-48.97;-43.446
2021-11-11;123.697;-0.544;-52.453;-46.637
2021-11-12;123.897;-0.587;-52.289;-46.383
2021-11-15;123.623;-0.536;-47.494;-42.2
2021-11-16;123.833;-0.581;-51.518;-45.7
2021-11-17;123.796;-0.576;-49.639;-43.955
2021-11-18;123.95;-0.616;-52.714;-46.731
2021-11-19;124.035;-0.636;-50.458;-44.718
2021-11-22;123.756;-0.584;-46.791;-41.463
2021-11-23;123.574;-0.55;-48.197;-42.8
2021-11-24;123.653;-0.569;-49.526;-43.809
2021-11-25;123.614;-0.57;-48.709;-43.159
2021-11-26;123.844;-0.62;-46.988;-41.566
2021-11-29;123.726;-0.599;-47.248;-41.86
2021-11-30;123.72;-0.601;-48.227;-42.671
2021-12-01;123.642;-0.588;-48.062;-42.47
2021-12-02;123.732;-0.616;-48.706;-43.12
2021-12-03;123.683;-0.609;-47.535;-42.074
2021-12-06;123.639;-0.603;-47.276;-41.78
2021-12-07;123.574;-0.593;-47.662;-42.17
2021-12-08;123.428;-0.567;-48.178;-42.658
2021-12-09;123.529;-0.597;-47.534;-42.061
2021-12-10;123.453;-0.584;-46.225;-40.959
2021-12-13;123.495;-0.596;-46.296;-40.924
2021-12-14;123.429;-0.586;-45.991;-40.668
2021-12-15;123.418;-0.586;-48.556;-42.901
2021-12-16;123.361;-0.584;-47.406;-41.991
2021-12-17;123.415;-0.598;-46.553;-41.242
2021-12-20;123.428;-0.604;-48.148;-42.595
2021-12-21;123.276;-0.576;-48.878;-43.272
2021-12-22;123.229;-0.57;-50.804;-45.017
2021-12-23;123.044;-0.541;-50.537;-44.965
2021-12-24;123.044;-0.544;-51.022;-45.317
2021-12-27;122.916;-0.521;-50.285;-44.798
2021-12-28;122.868;-0.515;-50.57;-44.952
2021-12-29;122.789;-0.501;-51.234;-45.578
2021-12-30;122.737;-0.5;-50.531;-45.03
2021-12-31;122.737;-0.503;-50.887;-45.348
2022-01-03;122.499;-0.457;-48.728;-43.484
2022-01-04;122.508;-0.462;-48.912;-43.678
2022-01-05;122.546;-0.473;-48.891;-43.558
2022-01-06;122.374;-0.446;-48.676;-43.589
2022-01-07;122.246;-0.423;-47.501;-42.545
2022-01-10;122.208;-0.418;-48.051;-43.054
2022-01-11;122.117;-0.402;-48.445;-43.404
2022-01-12;122.203;-0.423;-45.832;-42.743
2022-01-13;122.234;-0.439;-48.248;-43.229
2022-01-14;122.092;-0.412;-48.904;-43.832
2022-01-17;121.956;-0.387;-48.265;-43.32
2022-01-18;121.947;-0.388;-47.949;-42.983
2022-01-19;121.875;-0.376;-46.808;-41.995
2022-01-20;121.862;-0.382;-47.446;-42.58
2022-01-21;122.026;-0.42;-49.797;-44.718
2022-01-24;122.15;-0.449;-51.7;-46.284
2022-01-25;122.071;-0.436;-51.652;-46.245
2022-01-26;122.003;-0.425;-50.9;-45.61
2022-01-27;121.76;-0.383;-50.655;-45.553
2022-01-28;121.692;-0.371;-51.628;-46.415
2022-01-31;121.42;-0.316;-53.51;-48.103
2022-02-01;121.288;-0.291;-52.788;-47.575
2022-02-02;121.248;-0.286;-54.657;-49.289
2022-02-03;120.591;-0.154;-55.18;-49.844
2022-02-04;120.024;-0.034;-52.615;-47.866
2022-02-07;120.033;-0.039;-55.516;-50.512
2022-02-08;119.794;0.01;-54.999;-50.155
2022-02-09;120.098;-0.059;-57.254;-52.192
2022-02-10;119.817;-0.007;-61.839;-56.309
2022-02-11;119.755;0.004;-64.681;-58.806
2022-02-14;119.851;-0.02;-67.372;-61.35
2022-02-15;119.84;-0.021;-63.034;-57.489
2022-02-16;119.934;-0.044;-61.878;-56.363
2022-02-17;120.218;-0.115;-64.934;-58.989
2022-02-18;120.439;-0.166;-68.171;-61.815
2022-02-21;120.239;-0.126;-65.86;-59.698
2022-02-22;120.048;-0.087;-66.248;-59.977
2022-02-23;120.01;-0.081;-68.6;-62.265
2022-02-24;120.169;-0.125;-66.962;-60.733
2022-02-25;119.961;-0.083;-66.779;-60.67
2022-02-28;120.59;-0.223;-69.413;-62.703
2022-03-01;121.683;-0.464;-74.766;-67.128
2022-03-02;120.969;-0.312;-71.107;-64.049
2022-03-03;120.955;-0.319;-70.378;-63.444
2022-03-04;121.227;-0.381;-74.114;-66.604
2022-03-07;121.171;-0.372;-75.54;-67.892
2022-03-08;120.692;-0.27;-70.997;-63.931
2022-03-09;120.443;-0.219;-71.704;-64.79
2022-03-10;119.757;-0.076;-69.356;-62.978
2022-03-11;119.733;-0.074;-72.509;-65.876
2022-03-14;119.318;0.015;-69.52;-63.34
2022-03-15;119.69;-0.071;-74.397;-67.677
2022-03-16;119.417;-0.013;-71.405;-65.222
2022-03-17;119.438;-0.026;-69.317;-63.173
2022-03-18;119.545;-0.053;-72.191;-65.844
2022-03-21;119.147;0.033;-70.423;-64.431
2022-03-22;118.831;0.101;-69.399;-63.56
2022-03-23;118.949;0.072;-69.459;-63.525
2022-03-24;118.699;0.119;-71.898;-65.834
2022-03-25;118.383;0.188;-72.114;-66.303
2022-03-28;118.339;0.195;-74.028;-68.016
2022-03-29;118.043;0.26;-74.441;-68.487
2022-03-30;117.787;0.316;-74.199;-68.402
2022-03-31;118.024;0.253;-70.503;-64.972
2022-04-01;117.965;0.263;-70.669;-65.115
2022-04-04;117.856;0.286;-66.924;-61.767
2022-04-05;117.369;0.395;-65.075;-60.011
2022-04-06;117.408;0.383;-67.166;-61.995
2022-04-07;117.322;0.395;-69.308;-64.27
2022-04-08;116.985;0.47;-68.482;-63.702
2022-04-11;116.683;0.538;-69.78;-64.965
2022-04-12;116.962;0.47;-71.756;-66.954
2022-04-13;117.004;0.447;-72.8;-67.767
2022-04-14;116.997;0.445;-75.027;-69.75
2022-04-15;116.997;0.445;-75.677;-70.618
2022-04-18;116.997;0.445;-75.717;-70.627
2022-04-19;116.908;0.463;-75.462;-70.157
2022-04-20;116.927;0.456;-73.124;-67.65
2022-04-21;116.465;0.557;-73.531;-68.832
2022-04-22;116.179;0.622;-74.904;-70.398
2022-04-25;116.85;0.46;-77.217;-72.502
2022-04-26;116.887;0.449;-77.447;-72.715
2022-04-27;117.061;0.405;-80.624;-74.926
2022-04-28;116.533;0.521;-79.667;-74.626
2022-04-29;116.291;0.576;-79.834;-74.753
2022-05-02;116.423;0.542;-83.986;-78.787
2022-05-03;116.122;0.611;-79.418;-74.817
2022-05-04;115.933;0.653;-75.869;-71.216
2022-05-05;115.68;0.706;-71.25;-67.113
2022-05-06;115.419;0.766;-75.905;-71.318
2022-05-09;115.663;0.705;-76.842;-72.506
2022-05-10;116.066;0.605;-79.086;-74.0
2022-05-11;116.219;0.566;-77.921;-72.361
2022-05-12;116.735;0.434;-74.577;-69.198
2022-05-13;116.494;0.489;-71.395;-66.725
2022-05-16;116.462;0.494;-71.685;-66.667
2022-05-17;115.929;0.619;-70.033;-65.192
2022-05-18;115.902;0.623;-70.196;-65.675
2022-05-19;116.009;0.589;-73.005;-68.698
2022-05-20;116.033;0.58;-68.595;-64.292
2022-05-23;115.782;0.638;-69.394;-65.169
2022-05-24;116.036;0.574;-70.409;-65.966
2022-05-25;116.141;0.546;-71.738;-67.426
2022-05-26;115.957;0.582;-69.906;-65.847
2022-05-27;116.092;0.547;-72.872;-68.161
2022-05-30;115.631;0.656;-69.144;-64.775
2022-05-31;115.315;0.73;-69.696;-65.547
2022-06-01;115.077;0.786;-70.338;-66.292
2022-06-02;114.812;0.843;-71.53;-67.713
2022-06-03;114.528;0.911;-70.668;-66.942
2022-06-06;114.387;0.944;-68.984;-65.236
2022-06-07;114.508;0.911;-68.834;-65.498
2022-06-08;114.309;0.958;-70.016;-66.141
2022-06-09;113.704;1.102;-67.692;-64.408
2022-06-10;113.058;1.262;-66.071;-62.73
2022-06-13;112.302;1.452;-68.33;-65.005
2022-06-14;111.948;1.54;-74.407;-70.804
2022-06-15;112.621;1.366;-73.21;-70.049
2022-06-16;112.088;1.496;-67.696;-65.521
2022-06-17;112.415;1.409;-69.183;-66.79
2022-06-20;112.078;1.494;-68.143;-65.624
2022-06-21;111.964;1.521;-64.856;-63.02
2022-06-22;112.475;1.387;-68.248;-65.931
2022-06-23;113.428;1.137;-66.483;-63.987
2022-06-24;113.396;1.142;-64.125;-61.334
2022-06-27;112.995;1.242;-65.95;-63.022
2022-06-28;112.697;1.316;-63.607;-60.881
2022-06-29;113.128;1.203;-64.06;-61.715
2022-06-30;113.858;1.01;-63.947;-61.472
2022-07-01;114.255;0.906;-62.249;-59.57
2022-07-04;113.853;1.006;-63.063;-60.077
2022-07-05;114.575;0.82;-69.124;-65.583
2022-07-06;114.781;0.766;-66.601;-62.911
2022-07-07;114.164;0.914;-68.184;-64.013
2022-07-08;114.288;0.879;-71.162;-67.312
2022-07-11;114.425;0.842;-66.051;-62.681
2022-07-12;114.923;0.713;-71.244;-67.568
2022-07-13;114.656;0.778;-70.902;-66.187
2022-07-14;114.474;0.816;-71.29;-66.842
2022-07-15;114.597;0.782;-72.849;-69.321
2022-07-18;114.408;0.827;-74.695;-70.556
2022-07-19;113.985;0.933;-74.988;-70.196
2022-07-20;114.093;0.903;-73.791;-70.298
2022-07-21;113.786;0.973;-69.193;-65.46
2022-07-22;114.725;0.73;-71.349;-68.655
2022-07-25;114.901;0.682;-72.061;-68.599
2022-07-26;115.221;0.598;-73.741;-69.837
2022-07-27;114.941;0.666;-74.889;-70.38
2022-07-28;115.679;0.47;-78.699;-74.606
2022-07-29;115.58;0.492;-77.752;-73.802
2022-08-01;115.655;0.47;-79.349;-75.307
2022-08-02;115.47;0.514;-80.371;-75.882
2022-08-03;115.152;0.592;-78.852;-74.666
2022-08-04;115.464;0.504;-83.149;-78.671
2022-08-05;114.919;0.64;-85.792;-80.873
2022-08-08;114.969;0.625;-84.158;-79.625
2022-08-09;114.879;0.645;-84.748;-80.1
2022-08-10;115.089;0.588;-88.25;-83.682
2022-08-11;114.864;0.637;-87.155;-82.443
2022-08-12;114.584;0.707;-84.994;-80.593
2022-08-15;114.97;0.604;-86.08;-81.343
2022-08-16;114.691;0.673;-83.904;-79.121
2022-08-17;114.109;0.822;-85.13;-80.002
2022-08-18;113.895;0.87;-82.957;-78.4
2022-08-19;113.565;0.954;-87.56;-82.948
2022-08-22;113.155;1.059;-90.469;-86.077
2022-08-23;113.09;1.074;-86.177;-82.205
2022-08-24;112.693;1.177;-84.267;-80.244
2022-08-25;112.926;1.107;-83.373;-79.473
2022-08-26;112.473;1.226;-82.406;-78.013
2022-08-29;111.921;1.372;-83.668;-79.33
2022-08-30;111.877;1.381;-85.178;-81.447
2022-08-31;111.601;1.454;-80.167;-76.61
2022-09-01;111.625;1.44;-79.874;-76.162
2022-09-02;111.911;1.36;-83.932;-80.007
2022-09-05;111.774;1.395;-87.891;-83.779
2022-09-06;111.979;1.336;-99.011;-94.28
2022-09-07;111.879;1.361;-88.952;-84.72
2022-09-08;111.209;1.537;-79.96;-76.1
2022-09-09;111.17;1.545;-78.255;-74.498
2022-09-12;111.301;1.507;-82.431;-78.346
2022-09-13;110.928;1.607;-83.372;-79.38
2022-09-14;110.874;1.62;-85.93;-81.931
2022-09-15;110.435;1.735;-80.31;-77.378
2022-09-16;110.399;1.743;-76.861;-74.947
2022-09-19;110.184;1.801;-75.765;-74.809
2022-09-20;109.751;1.92;-74.373;-73.644
2022-09-21;109.827;1.897;-82.606;-81.73
2022-09-22;109.255;2.052;-81.68;-80.687
2022-09-23;109.233;2.057;-90.016;-89.508
2022-09-26;108.857;2.162;-88.406;-88.021
2022-09-27;108.603;2.233;-88.376;-88.809
2022-09-28;109.164;2.07;-95.263;-95.012
2022-09-29;109.129;2.074;-88.703;-87.674
2022-09-30;109.244;2.039;-87.194;-86.299
2022-10-03;109.891;1.853;-89.04;-87.166
2022-10-04;110.08;1.797;-87.225;-84.937
2022-10-05;109.518;1.955;-85.813;-83.092
2022-10-06;109.16;2.051;-88.333;-87.062
2022-10-07;108.888;2.128;-92.313;-91.741
2022-10-10;108.641;2.197;-90.927;-91.203
2022-10-11;108.852;2.134;-91.964;-92.357
2022-10-12;108.893;2.12;-90.236;-90.74
2022-10-13;108.64;2.188;-87.755;-88.303
2022-10-14;108.528;2.218;-85.438;-86.24
2022-10-17;108.56;2.207;-83.724;-84.54
2022-10-18;108.538;2.212;-81.49;-82.14
2022-10-19;108.159;2.321;-77.266;-78.423
2022-10-20;108.068;2.342;-78.469;-79.619
2022-10-21;108.213;2.297;-72.719;-74.615
2022-10-24;108.349;2.255;-72.283;-74.532
2022-10-25;108.594;2.182;-68.829;-70.574
2022-10-26;108.72;2.143;-70.038;-71.515
2022-10-27;109.17;2.005;-65.49;-67.514
2022-10-28;108.772;2.12;-74.532;-74.703
2022-10-31;108.708;2.136;-75.076;-76.392
2022-11-01;108.762;2.118;-77.148;-78.674
2022-11-02;108.633;2.154;-74.687;-76.748
2022-11-03;108.218;2.271;-73.367;-75.535
2022-11-04;108.055;2.318;-72.204;-74.863
2022-11-07;107.895;2.364;-67.523;-70.487
2022-11-08;107.931;2.351;-63.853;-67.037
2022-11-09;108.257;2.252;-62.276;-65.701
2022-11-10;108.687;2.118;-63.593;-66.21
2022-11-11;108.159;2.273;-56.434;-58.599
2022-11-14;108.246;2.246;-56.556;-59.443
2022-11-15;108.279;2.234;-53.447;-55.863
2022-11-16;108.606;2.134;-58.585;-60.958
2022-11-17;108.517;2.155;-61.227;-62.756
2022-11-18;108.608;2.126;-63.812;-65.604
2022-11-21;108.606;2.124;-63.059;-64.86
2022-11-22;108.657;2.107;-62.621;-64.526
2022-11-23;108.645;2.108;-63.302;-65.339
2022-11-24;108.825;2.048;-64.548;-66.084
2022-11-25;108.426;2.166;-61.405;-62.878
2022-11-28;108.425;2.164;-61.719;-64.14
2022-11-29;108.724;2.072;-63.706;-66.275
2022-11-30;108.651;2.092;-62.991;-64.972
2022-12-01;109.047;1.967;-65.817;-67.131
2022-12-02;108.774;2.047;-64.357;-65.566
2022-12-05;108.764;2.047;-67.39;-68.917
2022-12-06;108.97;1.983;-68.503;-70.023
2022-12-07;109.105;1.94;-71.22;-72.37
2022-12-08;108.933;1.986;-68.45;-69.628
2022-12-09;108.593;2.087;-65.041;-66.336
2022-12-12;108.472;2.121;-65.691;-67.646
2022-12-13;108.649;2.065;-68.626;-70.013
2022-12-14;108.616;2.073;-64.146;-65.978
2022-12-15;107.838;2.305;-61.08;-61.427
2022-12-16;107.595;2.378;-61.517;-62.592
2022-12-19;107.536;2.394;-60.583;-61.859
2022-12-20;107.284;2.471;-60.492;-62.094
2022-12-21;107.165;2.506;-61.2;-62.998
2022-12-22;107.036;2.539;-61.832;-63.537
2022-12-23;106.876;2.587;-62.604;-64.051
2022-12-26;106.876;2.587;-62.567;-64.641
2022-12-27;106.594;2.674;-60.226;-61.708
2022-12-28;106.609;2.668;-56.403;-59.46
2022-12-29;106.542;2.684;-52.015;-54.227
2022-12-30;106.354;2.742;-53.301;-54.781
2023-01-02;106.715;2.626;-56.489;-58.558
2023-01-03;106.906;2.564;-57.173;-59.105
2023-01-04;107.237;2.458;-57.655;-59.754
2023-01-05;107.046;2.513;-59.214;-60.547
2023-01-06;107.347;2.416;-62.336;-63.915
2023-01-09;107.26;2.441;-59.129;-60.783
2023-01-10;106.973;2.53;-53.604;-55.159
2023-01-11;107.345;2.411;-56.517;-58.833
2023-01-12;107.456;2.37;-56.487;-57.44
2023-01-13;107.539;2.342;-62.387;-63.78
2023-01-16;107.618;2.315;-61.868;-63.027
2023-01-17;108.023;2.185;-64.229;-66.107
2023-01-18;108.095;2.16;-68.356;-69.186
2023-01-19;107.893;2.218;-68.056;-68.192
2023-01-20;107.731;2.267;-70.368;-70.841
2023-01-23;107.745;2.26;-75.472;-76.107
2023-01-24;107.765;2.252;-74.38;-75.102
2023-01-25;107.731;2.261;-72.336;-73.071
2023-01-26;107.544;2.314;-73.606;-73.49
2023-01-27;107.494;2.328;-72.057;-72.418
2023-01-30;106.822;2.542;-57.371;-58.376
2023-01-31;106.873;2.524;-55.828;-57.24
2023-02-01;106.837;2.534;-55.453;-56.865
2023-02-02;107.406;2.345;-55.537;-56.656
2023-02-03;107.155;2.424;-55.235;-55.944
2023-02-06;106.831;2.527;-55.211;-55.844
2023-02-07;106.728;2.558;-55.911;-56.465
2023-02-08;106.715;2.561;-55.115;-55.773
2023-02-09;106.875;2.503;-59.932;-60.29
2023-02-10;106.481;2.63;-53.814;-53.731
2023-02-13;106.576;2.597;-60.331;-60.472
2023-02-14;106.319;2.68;-61.118;-61.539
2023-02-15;106.121;2.743;-57.149;-57.914
2023-02-16;106.133;2.734;-59.448;-59.806
2023-02-17;106.197;2.711;-60.705;-61.171
2023-02-20;106.093;2.744;-58.947;-59.42
2023-02-21;105.876;2.814;-58.307;-59.082
2023-02-22;105.835;2.826;-55.41;-55.95
2023-02-23;105.852;2.816;-56.532;-56.475
2023-02-24;105.563;2.911;-56.483;-56.662
2023-02-27;105.413;2.96;-57.908;-58.356
2023-02-28;105.227;3.021;-58.594;-59.11
2023-03-01;104.933;3.119;-54.897;-55.416
2023-03-02;104.887;3.131;-54.357;-54.729
2023-03-03;104.839;3.146;-51.099;-51.264
2023-03-06;104.68;3.199;-49.478;-49.673
2023-03-07;104.726;3.182;-50.977;-51.003
2023-03-08;104.678;3.197;-50.688;-50.752
2023-03-09;104.733;3.174;-48.909;-48.706
2023-03-10;105.118;3.041;-51.537;-51.014
2023-03-13;106.155;2.687;-69.976;-68.603
2023-03-14;105.642;2.859;-63.912;-56.897
2023-03-15;106.837;2.454;-78.912;-72.857
2023-03-16;106.384;2.6;-72.464;-64.198
2023-03-17;106.833;2.447;-72.731;-65.425
2023-03-20;106.978;2.396;-70.894;-64.197
2023-03-21;106.292;2.626;-61.902;-55.124
2023-03-22;106.012;2.719;-59.415;-55.166
2023-03-23;106.526;2.538;-65.02;-61.523
2023-03-24;106.855;2.425;-66.789;-62.983
2023-03-27;106.53;2.533;-62.319;-58.022
2023-03-28;106.345;2.594;-60.242;-56.629
2023-03-29;106.152;2.658;-58.284;-55.077
2023-03-30;105.93;2.728;-60.691;-57.524
2023-03-31;106.121;2.661;-62.184;-59.335
2023-04-03;106.215;2.626;-62.188;-59.176
2023-04-04;106.322;2.588;-59.789;-57.305
2023-04-05;106.554;2.498;-61.135;-57.537
2023-04-06;106.525;2.506;-61.88;-58.182
2023-04-07;106.525;2.506;-61.332;-57.817
2023-04-10;106.525;2.506;-61.021;-57.839
2023-04-11;106.066;2.662;-58.738;-55.699
2023-04-12;105.85;2.735;-58.886;-56.804
2023-04-13;105.831;2.736;-55.548;-54.139
2023-04-14;105.603;2.814;-54.952;-53.772
2023-04-17;105.548;2.831;-54.439;-54.772
2023-04-18;105.568;2.822;-58.36;-58.373
2023-04-19;105.424;2.871;-59.703;-59.824
2023-04-20;105.696;2.77;-64.832;-64.759
2023-04-21;105.496;2.839;-58.874;-58.754
2023-04-24;105.273;2.915;-55.71;-56.451
2023-04-25;105.643;2.783;-58.15;-58.793
2023-04-26;105.838;2.713;-63.401;-64.1
2023-04-27;105.787;2.723;-65.627;-65.707
2023-04-28;106.155;2.591;-66.878;-66.619
2023-05-01;106.155;2.591;-67.52;-68.043
2023-05-02;106.315;2.533;-68.032;-67.95
2023-05-03;106.25;2.554;-67.513;-67.616
2023-05-04;106.584;2.43;-67.695;-67.573
2023-05-05;106.264;2.541;-63.636;-62.321
2023-05-08;106.207;2.559;-64.606;-64.146
2023-05-09;106.196;2.561;-66.72;-66.014
2023-05-10;106.236;2.544;-62.112;-61.822
2023-05-11;106.415;2.475;-65.666;-64.641
2023-05-12;106.135;2.572;-62.679;-61.774
2023-05-15;106.146;2.566;-62.578;-62.402
2023-05-16;106.044;2.6;-63.642;-63.237
2023-05-17;105.879;2.657;-62.364;-62.24
2023-05-18;105.643;2.736;-62.586;-62.203
2023-05-19;105.742;2.698;-68.18;-67.928
2023-05-22;105.566;2.76;-63.45;-63.76
2023-05-23;105.441;2.803;-60.632;-61.222
2023-05-24;105.302;2.851;-58.269;-59.124
2023-05-25;105.34;2.832;-67.336;-67.821
2023-05-26;105.131;2.906;-62.423;-62.719
2023-05-29;105.285;2.848;-61.571;-62.852
2023-05-30;105.568;2.743;-61.31;-62.516
2023-05-31;105.679;2.701;-59.406;-60.245
2023-06-01;105.688;2.692;-52.903;-52.874
2023-06-02;104.994;2.944;-39.841;-39.954
2023-06-05;105.089;2.907;-48.051;-48.628
2023-06-06;105.07;2.912;-46.703;-46.919
2023-06-07;105.205;2.861;-55.992;-56.151
2023-06-08;105.13;2.883;-50.543;-50.627
2023-06-09;104.822;2.995;-47.585;-47.685
2023-06-12;105.148;2.872;;
2023-06-13;104.945;2.946;-49.817;-51.013
2023-06-14;104.85;2.979;-51.173;-52.17
2023-06-15;104.524;3.096;-49.037;-49.287
2023-06-16;104.474;3.113;-47.766;-48.056
2023-06-19;104.556;3.08;-54.126;-55.002
2023-06-20;104.691;3.028;-54.27;-55.748
2023-06-21;104.5;3.098;-50.587;-51.711
2023-06-22;104.316;3.162;-51.688;-52.349
2023-06-23;104.613;3.049;-51.828;-53.249
2023-06-26;104.637;3.038;-50.719;-52.285
2023-06-27;104.61;3.046;-57.466;-58.907
2023-06-28;104.675;3.02;-55.392;-57.409
2023-06-29;104.423;3.11;-56.347;-57.076
2023-06-30;104.426;3.108;-55.877;-56.782
2023-07-03;104.297;3.155;-56.548;-57.964
2023-07-04;104.33;3.141;-54.968;-56.091
2023-07-05;104.333;3.138;-54.053;-55.329
2023-07-06;104.069;3.234;-55.138;-55.722
2023-07-07;104.238;3.168;-59.43;-60.556
2023-07-10;104.202;3.18;-59.267;-60.433
2023-07-11;104.08;3.225;-56.237;-57.544
2023-07-12;104.364;3.114;-57.238;-58.793
2023-07-13;104.508;3.054;-55.339;-56.17
2023-07-14;104.404;3.092;-56.722;-57.21
2023-07-17;104.37;3.104;-53.429;-54.811
2023-07-18;104.67;2.987;-53.822;-55.507
2023-07-19;104.526;3.04;-52.973;-53.924
2023-07-20;104.518;3.038;-59.56;-59.902
2023-07-21;104.442;3.066;-54.831;-55.576
2023-07-24;104.56;3.018;-53.029;-54.513
2023-07-25;104.524;3.03;-51.52;-53.041
2023-07-26;104.325;3.106;-50.466;-51.52
2023-07-27;104.4;3.071;-49.898;-50.915
2023-07-28;104.494;3.033;-50.353;-51.281
2023-07-31;104.419;3.061;-47.852;-48.463
2023-08-01;104.294;3.108;-43.478;-44.82
2023-08-02;104.437;3.05;-46.89;-48.05
2023-08-03;104.488;3.025;-52.221;-52.378
2023-08-04;104.476;3.028;-51.622;-51.669
2023-08-07;104.481;3.024;-52.782;-53.352
2023-08-08;104.597;2.976;-52.403;-52.436
2023-08-09;104.52;3.005;-51.121;-51.056
2023-08-10;104.45;3.027;-51.422;-50.735
2023-08-11;104.276;3.094;-52.317;-51.49
2023-08-14;104.209;3.119;-51.61;-51.548
2023-08-15;104.118;3.153;-50.958;-50.642
2023-08-16;104.185;3.125;-50.709;-50.634
2023-08-17;104.022;3.185;-49.269;-48.167
2023-08-18;104.212;3.107;-50.943;-50.052
2023-08-21;104.042;3.174;-49.097;-48.528
2023-08-22;104.13;3.137;-48.723;-48.366
2023-08-23;104.425;3.017;-49.424;-49.607
2023-08-24;104.445;3.003;-50.154;-49.652
2023-08-25;104.288;3.065;-51.425;-50.822
2023-08-28;104.203;3.097;-48.89;-48.583
2023-08-29;104.278;3.065;-48.373;-48.058
2023-08-30;104.194;3.097;-47.226;-47.033
2023-08-31;104.415;3.002;-48.454;-48.388
2023-09-01;104.328;3.036;-47.556;-47.109
2023-09-04;104.214;3.08;-45.079;-44.994
2023-09-05;104.168;3.097;-42.836;-42.735
2023-09-06;103.958;3.181;-39.284;-39.129
2023-09-07;104.01;3.154;-39.634;-39.323
2023-09-08;104.028;3.145;-40.687;-40.385
2023-09-11;103.967;3.168;-40.754;-40.515
2023-09-12;103.91;3.19;-41.032;-40.734
2023-09-13;103.871;3.204;-43.945;-43.547
2023-09-14;103.855;3.206;-38.699;-38.947
2023-09-15;103.731;3.255;-37.42;-38.048
2023-09-18;103.663;3.282;-39.735;-40.58
2023-09-19;103.596;3.308;-38.308;-39.324
2023-09-20;103.645;3.286;-37.867;-38.793
2023-09-21;103.544;3.323;-36.411;-37.106
2023-09-22;103.633;3.285;-39.637;-40.397
2023-09-25;103.667;3.269;-39.445;-41.236
2023-09-26;103.57;3.308;-37.102;-38.268
2023-09-27;103.543;3.317;-36.238;-38.371
2023-09-28;103.368;3.386;-35.798;-37.118
2023-09-29;103.59;3.291;-38.09;-39.227
2023-10-02;103.549;3.307;-39.841;-41.667
2023-10-03;103.524;3.316;-38.835;-40.559
2023-10-04;103.637;3.267;-40.919;-42.556
2023-10-05;103.703;3.234;-42.025;-42.861
2023-10-06;103.679;3.242;-38.812;-39.566
2023-10-09;103.927;3.136;-40.394;-40.808
2023-10-10;103.856;3.164;-39.188;-39.745
2023-10-11;103.797;3.187;-39.062;-38.825
2023-10-12;103.672;3.235;-40.19;-40.271
2023-10-13;103.723;3.212;-41.025;-41.859
2023-10-16;103.648;3.242;-38.286;-38.913
2023-10-17;103.482;3.311;-38.36;-39.526
2023-10-18;103.439;3.328;-38.579;-38.798
2023-10-19;103.373;3.352;-37.241;-37.648
2023-10-20;103.606;3.25;-40.899;-41.63
2023-10-23;103.555;3.27;-38.058;-38.706
2023-10-24;103.64;3.232;-37.922;-38.603
2023-10-25;103.558;3.265;-35.967;-36.481
2023-10-26;103.691;3.203;-36.976;-36.881
2023-10-27;103.797;3.155;-37.287;-37.24
2023-10-30;103.844;3.133;-36.505;-37.549
2023-10-31;103.884;3.114;-37.46;-38.232
2023-11-01;103.817;3.141;-28.926;-29.516
2023-11-02;103.884;3.107;-33.038;-32.462
2023-11-03;103.991;3.058;-34.101;-33.112
2023-11-06;103.846;3.12;-31.014;-31.018
2023-11-07;103.914;3.088;-32.548;-32.81
2023-11-08;103.896;3.094;-32.57;-32.684
2023-11-09;103.852;3.108;-33.349;-32.381
2023-11-10;103.759;3.146;-33.017;-32.175
2023-11-13;103.734;3.156;-33.181;-33.309
2023-11-14;103.983;3.044;-35.807;-36.383
2023-11-15;103.893;3.082;-33.742;-33.869
2023-11-16;104.056;3.005;-37.203;-36.446
2023-11-17;103.988;3.032;-36.624;-35.455
2023-11-20;103.911;3.064;-34.126;-33.73
2023-11-21;103.975;3.034;-34.424;-34.541
2023-11-22;103.888;3.071;-34.561;-34.454
2023-11-23;103.794;3.107;-35.888;-34.86
2023-11-24;103.728;3.134;-34.546;-33.735
2023-11-27;103.94;3.038;-35.034;-34.661
2023-11-28;104.061;2.982;-34.015;-33.318
2023-11-29;104.253;2.895;-35.171;-35.37
2023-11-30;104.23;2.899;-33.727;-32.954
2023-12-01;104.557;2.751;-31.614;-31.192
2023-12-04;104.488;2.779;-30.209;-29.382
2023-12-05;104.64;2.709;-29.543;-29.32
2023-12-06;104.722;2.671;-32.363;-31.872
2023-12-07;104.722;2.663;-33.233;-32.093
2023-12-08;104.44;2.787;-28.353;-26.695
2023-12-11;104.44;2.785;-28.587;-28.243
2023-12-12;104.421;2.791;-28.035;-27.826
2023-12-13;104.581;2.717;-29.478;-29.127
2023-12-14;104.793;2.614;-30.055;-29.263
2023-12-15;104.932;2.549;-29.634;-28.563
2023-12-18;104.816;2.599;-29.674;-28.251
2023-12-19;104.898;2.559;-30.414;-29.506
2023-12-20;105.004;2.509;-31.025;-30.501
2023-12-21;105.015;2.491;-32.318;-30.232
2023-12-22;105.138;2.433;-34.783;-32.532
2023-12-25;105.138;2.433;-33.759;-32.638
2023-12-27;105.111;2.442;-30.024;-29.326
2023-12-28;105.211;2.386;-34.304;-32.633
2023-12-29;105.127;2.421;-34.004;-31.682
2024-01-01;105.127;2.421;-32.867;-31.836
2024-01-02;104.986;2.482;-30.091;-29.349
2024-01-03;105.033;2.458;-29.31;-28.913
2024-01-04;104.768;2.572;-29.191;-27.459
2024-01-05;104.659;2.619;-28.091;-27.12
2024-01-08;104.697;2.599;-28.001;-28.19
2024-01-09;104.568;2.656;-27.605;-26.872
2024-01-10;104.476;2.696;-26.996;-25.952
2024-01-11;104.495;2.68;-26.973;-25.605
2024-01-12;104.709;2.578;-26.562;-25.458
2024-01-15;104.565;2.642;-24.758;-23.401
2024-01-16;104.531;2.656;-23.615;-21.97
2024-01-17;104.312;2.756;-23.089;-20.643
2024-01-18;104.318;2.745;-24.454;-22.519
2024-01-19;104.209;2.794;-25.482;-23.265
2024-01-22;104.31;2.744;-24.827;-23.656
2024-01-23;104.253;2.769;-25.026;-24.212
2024-01-24;104.263;2.762;-25.502;-24.379
2024-01-25;104.448;2.666;-26.481;-25.175
2024-01-26;104.422;2.676;-26.345;-24.346
2024-01-29;104.546;2.615;-25.965;-25.36
2024-01-30;104.453;2.656;-25.81;-24.208
2024-01-31;104.661;2.555;-29.253;-28.169
2024-02-01;104.586;2.582;-30.329;-28.098
2024-02-02;104.331;2.702;-27.889;-24.962
2024-02-05;104.23;2.748;-27.977;-26.888
2024-02-06;104.252;2.734;-27.462;-27.05
2024-02-07;104.19;2.762;-27.481;-26.543
2024-02-08;104.094;2.801;-27.072;-25.049
2024-02-09;103.97;2.859;-26.613;-24.453
2024-02-12;104.011;2.836;-24.125;-23.078
2024-02-13;103.852;2.911;-23.296;-21.426
2024-02-14;103.911;2.88;-22.767;-21.787
2024-02-15;103.857;2.9;-22.794;-21.408
2024-02-16;103.762;2.944;-24.325;-22.265
2024-02-19;103.774;2.936;-23.977;-22.788
2024-02-20;103.858;2.892;-24.096;-23.545
2024-02-21;103.685;2.975;-21.547;-20.619
2024-02-22;103.572;3.024;-22.285;-20.659
2024-02-23;103.694;2.961;-22.814;-21.579
2024-02-26;103.551;3.03;-22.297;-21.028
2024-02-27;103.604;3.002;-25.364;-24.501
2024-02-28;103.572;3.015;-23.213;-22.746
2024-02-29;103.577;3.006;-22.824;-22.074
2024-03-01;103.616;2.984;-24.325;-23.532
2024-03-04;103.583;2.999;-22.228;-21.902
2024-03-05;103.686;2.945;-23.768;-23.648
2024-03-06;103.68;2.945;-22.578;-22.396
2024-03-07;103.732;2.912;-24.094;-23.943
2024-03-08;103.873;2.838;-24.685;-24.545
2024-03-11;103.849;2.848;-27.002;-26.896
2024-03-12;103.753;2.894;-25.746;-25.623
2024-03-13;103.686;2.926;-25.245;-24.998
2024-03-14;103.643;2.94;-28.108;-28.006
2024-03-15;103.566;2.977;-27.356;-27.366
2024-03-18;103.518;2.999;-25.607;-25.946
2024-03-19;103.587;2.961;-27.356;-27.537
2024-03-20;103.629;2.937;-30.8;-30.813
2024-03-21;103.72;2.882;-32.588;-32.196
2024-03-22;103.753;2.862;-30.917;-29.859
2024-03-25;103.634;2.921;-29.003;-27.804
2024-03-26;103.681;2.894;-30.859;-29.811
2024-03-27;103.706;2.868;-30.935;-28.999
2024-03-28;103.67;2.884;-30.143;-28.0
2024-03-29;103.67;2.884;-30.417;-28.493
2024-04-02;103.675;2.878;-30.046;-28.762
2024-04-03;103.66;2.884;-31.271;-29.503
2024-04-04;103.617;2.898;-30.874;-28.772
2024-04-05;103.643;2.882;-34.712;-32.345
2024-04-08;103.515;2.946;-31.225;-30.038
2024-04-09;103.582;2.908;-32.307;-31.679
2024-04-10;103.411;2.996;-30.709;-29.172
2024-04-11;103.405;2.991;-34.277;-31.96
2024-04-12;103.597;2.887;-35.904;-34.234
2024-04-15;103.48;2.946;-33.384;-31.855
2024-04-16;103.417;2.977;-34.876;-33.782
2024-04-17;103.403;2.982;-33.913;-32.944
2024-04-18;103.339;3.008;-35.406;-33.095
2024-04-19;103.312;3.02;-35.125;-32.987
2024-04-22;103.344;3.0;-33.376;-32.554
2024-04-23;103.309;3.016;-32.418;-31.505
2024-04-24;103.206;3.069;-31.489;-30.347
2024-04-25;103.116;3.111;-32.485;-29.938
2024-04-26;103.165;3.081;-32.872;-30.672
2024-04-29;103.201;3.057;-31.775;-29.936
2024-04-30;103.058;3.132;-31.117;-28.666
2024-05-02;103.121;3.09;-32.249;-30.149
2024-05-03;103.231;3.027;-31.752;-29.354
2024-05-06;103.236;3.022;-30.254;-28.52
2024-05-07;103.265;3.003;-31.162;-29.883
2024-05-08;103.207;3.033;-30.59;-29.246
2024-05-09;103.187;3.036;-31.793;-29.457
2024-05-10;103.123;3.069;-31.294;-28.585
2024-05-13;103.151;3.05;-30.791;-29.429
2024-05-14;103.092;3.081;-30.197;-28.76
2024-05-15;103.239;2.996;-30.68;-29.573
2024-05-16;103.173;3.025;-31.124;-28.91
2024-05-17;103.034;3.1;-29.3;-26.81
2024-05-20;103.021;3.105;-29.414;-27.804
2024-05-21;103.062;3.079;-29.352;-27.816
2024-05-22;103.012;3.105;-30.216;-28.596
2024-05-23;102.879;3.172;-30.001;-27.216
2024-05-24;102.847;3.188;-30.873;-27.921
2024-05-27;102.924;3.142;-29.736;-27.911
2024-05-28;102.87;3.17;-28.428;-25.935
2024-05-29;102.808;3.203;-27.673;-25.686
2024-05-30;102.849;3.172;-28.849;-25.988
2024-05-31;102.797;3.199;-28.553;-25.152
2024-06-03;102.911;3.131;-27.965;-25.952
2024-06-04;102.951;3.106;-27.416;-25.72
2024-06-05;102.962;3.097;-26.972;-25.166
2024-06-06;102.874;3.14;-27.323;-24.332
2024-06-07;102.779;3.192;-27.377;-23.948
2024-06-10;102.758;3.202;-26.312;-24.119
2024-06-11;102.818;3.164;-27.902;-25.846
2024-06-12;102.963;3.077;-29.052;-27.557
2024-06-13;103.038;3.026;-32.661;-29.87
2024-06-14;103.168;2.947;-34.683;-31.966
2024-06-17;102.998;3.043;-26.623;-23.93
2024-06-18;102.961;3.062;-22.922;-19.999
2024-06-19;102.904;3.093;-21.047;-18.212
2024-06-20;102.869;3.106;-21.688;-17.94
2024-06-21;102.891;3.09;-20.494;-17.169
2024-06-24;102.857;3.107;-17.877;-14.78
2024-06-25;102.848;3.11;-17.138;-14.483
2024-06-26;102.803;3.134;-16.391;-14.06
2024-06-27;102.795;3.131;-17.277;-14.232
2024-06-28;102.752;3.154;-15.992;-12.977
2024-07-01;102.611;3.236;-10.954;-8.61
2024-07-02;102.639;3.216;-10.479;-8.378
2024-07-03;102.644;3.211;-10.822;-8.865
2024-07-04;102.623;3.216;-13.495;-10.503
2024-07-05;102.73;3.148;-15.631;-12.823
2024-07-08;102.743;3.138;-16.63;-14.893
2024-07-09;102.697;3.163;-15.115;-13.277
2024-07-10;102.782;3.109;-18.421;-17.149
2024-07-11;102.897;3.03;-19.696;-17.645
2024-07-12;102.852;3.055;-18.376;-16.094
2024-07-15;102.969;2.981;-21.775;-19.823
2024-07-16;102.962;2.982;-18.826;-17.19
2024-07-17;102.938;2.994;-18.622;-16.447
2024-07-18;102.911;3.001;-18.893;-15.545
2024-07-19;102.957;2.97;-22.839;-19.836
2024-07-22;102.867;3.023;-20.001;-18.015
2024-07-23;102.951;2.968;-21.091;-19.725
2024-07-24;103.001;2.934;-19.814;-19.066
2024-07-25;103.03;2.906;-20.898;-18.433
2024-07-26;103.083;2.87;-22.827;-19.907
2024-07-29;103.103;2.855;-22.436;-20.79
2024-07-30;103.155;2.819;-20.888;-19.654
2024-07-31;103.201;2.787;-22.216;-20.955
2024-08-01;103.265;2.737;-23.019;-2.971
2024-08-02;103.416;2.639;-22.671;-22.518
2024-08-05;103.396;2.648;-20.652;-19.66
2024-08-06;103.357;2.669;-20.088;-16.403
2024-08-07;103.297;2.703;-18.894;-16.63
2024-08-08;103.296;2.693;-19.668;-17.57
2024-08-09;103.307;2.683;-19.705;-16.427
2024-08-12;103.272;2.701;-16.688;-14.833
2024-08-13;103.361;2.641;-17.718;-16.573
2024-08-14;103.333;2.655;-16.458;-14.031
2024-08-15;103.182;2.741;-17.455;-13.014
2024-08-16;103.197;2.728;-16.546;-12.285
2024-08-19;103.2;2.722;-15.903;-13.949
2024-08-20;103.228;2.701;-14.805;-13.55
2024-08-21;103.28;2.664;-14.498;-13.518
2024-08-22;103.203;2.702;-14.345;-12.674
2024-08-23;103.247;2.67;-15.324;-13.401
2024-08-26;103.191;2.703;-13.06;-12.09
2024-08-27;103.169;2.714;-11.782;-11.167
2024-08-28;103.182;2.702;-12.229;-11.728
2024-08-29;103.217;2.668;-12.529;-11.968
2024-08-30;103.177;2.69;-12.803;-11.248
2024-09-02;103.114;2.728;-9.726;-8.503
2024-09-03;103.164;2.691;-11.973;-11.143
2024-09-04;103.291;2.604;-16.427;-16.347
2024-09-05;103.28;2.6;-13.041;-12.594
2024-09-06;103.366;2.539;-13.848;-13.5
2024-09-09;103.382;2.524;-11.54;-11.208
2024-09-10;103.426;2.491;-11.765;-11.519
2024-09-11;103.461;2.463;-12.328;-12.165
2024-09-12;103.362;2.517;98.008;-11.247
2024-09-13;103.434;2.465;-14.696;-15.164
2024-09-16;103.432;2.462;-12.662;-13.22
2024-09-17;103.418;2.467;-14.764;-15.303
2024-09-18;103.349;2.51;-14.972;-13.993
2024-09-19;103.384;2.473;-15.254;-13.522
2024-09-20;103.393;2.463;-16.297;-13.314
2024-09-23;103.498;2.388;-17.469;-15.773
2024-09-24;103.631;2.293;-23.195;-20.984
2024-09-25;103.566;2.333;-20.968;-17.714
2024-09-26;103.58;2.31;-22.585;-19.385
2024-09-27;103.64;2.264;-22.943;-19.35
2024-09-30;103.655;2.249;-23.495;-19.913
2024-10-01;103.712;2.205;-25.294;-20.969
2024-10-02;103.687;2.218;-25.597;-20.952
2024-10-03;103.605;2.26;-24.083;-19.011
2024-10-04;103.444;2.367;-24.19;-17.188
2024-10-07;103.391;2.4;-24.583;-19.444
2024-10-08;103.422;2.373;-25.07;-20.083
2024-10-09;103.349;2.42;-23.114;-17.74
2024-10-10;103.361;2.398;-24.762;-18.192
2024-10-11;103.368;2.389;-24.269;-17.891
2024-10-14;103.344;2.401;-22.342;-17.735
2024-10-15;103.404;2.354;-22.916;-17.849
2024-10-16;103.453;2.315;-23.789;-18.962
2024-10-17;103.483;2.279;-24.795;-19.305
2024-10-18;103.513;2.253;-23.951;-17.672
2024-10-21;103.429;2.308;-22.307;-15.48
2024-10-22;103.405;2.321;-21.812;-14.817
2024-10-23;103.497;2.25;-22.814;-18.131
2024-10-24;103.513;2.224;-24.624;-16.557
2024-10-25;103.472;2.249;-23.556;-14.791
2024-10-28;103.489;2.231;-22.769;-16.012
2024-10-29;103.386;2.301;-16.148;-9.955
2024-10-30;103.278;2.375;-17.73;-9.406
2024-10-31;103.089;2.499;-7.768;1.536
2024-11-01;103.137;2.459;-9.986;-2.25
2024-11-04;103.121;2.467;-9.839;-3.513
2024-11-05;103.083;2.49;-10.654;-4.811
2024-11-06;103.223;2.382;-10.484;-5.614
2024-11-07;103.182;2.398;-9.708;-1.945
2024-11-08;103.209;2.373;-9.438;-0.863
2024-11-11;103.252;2.337;-9.182;-2.516
2024-11-12;103.257;2.328;-9.433;-2.64
2024-11-13;103.261;2.32;-11.171;-3.033
2024-11-14;103.304;2.273;-10.943;-2.418
2024-11-15;103.288;2.28;-9.305;-2.009
2024-11-18;103.202;2.34;-4.591;2.789
2024-11-19;103.203;2.334;-11.335;-2.472
2024-11-20;103.197;2.334;-12.09;-3.727
2024-11-21;103.223;2.299;-13.858;-5.89
2024-11-22;103.399;2.159;-15.572;-9.401
2024-11-25;103.316;2.217;-14.065;-6.602
2024-11-26;103.31;2.216;-15.593;-6.763
2024-11-27;103.26;2.25;-13.894;-6.062
2024-11-28;103.302;2.201;-14.913;-7.328
2024-11-29;103.373;2.141;-17.133;-8.768
2024-12-02;103.419;2.1;-15.377;-9.681
2024-12-03;103.382;2.123;-15.347;-7.417
2024-12-04;103.342;2.149;-15.301;-6.732
2024-12-05;103.262;2.195;-13.793;-4.922
2024-12-06;103.259;2.192;-13.82;-5.406
2024-12-09;103.27;2.178;-13.991;-7.203
2024-12-10;103.291;2.155;-14.349;-7.959
2024-12-11;103.299;2.144;-14.704;-8.409
2024-12-12;103.219;2.19;-14.437;-6.946
2024-12-13;103.145;2.244;-13.8;-5.295
2024-12-16;103.174;2.215;-14.13;-8.433
2024-12-17;103.157;2.223;-13.688;-8.496
2024-12-18;103.169;2.208;-15.144;-8.835
2024-12-19;103.136;2.218;-14.659;-6.988
2024-12-20;103.147;2.204;-14.771;-6.989
2024-12-23;103.136;2.196;-16.566;-9.222
2024-12-24;103.136;2.179;-17.464;-9.269
2024-12-25;103.136;2.179;-17.749;-8.909
2024-12-27;103.093;2.208;-14.6;-6.835
2024-12-30;103.086;2.203;-13.875;-6.677
2024-12-31;103.086;2.197;-15.237;-7.958
2025-01-01;103.086;2.197;-14.481;-8.459
2025-01-02;103.026;2.23;-14.198;-6.154
2025-01-03;102.957;2.282;-13.847;-4.749
2025-01-06;102.903;2.322;-13.848;-6.159
2025-01-07;102.901;2.318;-13.741;-7.891
2025-01-08;102.888;2.324;-13.616;-8.077
2025-01-09;102.851;2.338;-14.017;-7.688
2025-01-10;102.786;2.388;-13.674;-6.31
2025-01-13;102.774;2.393;-13.688;-8.022
2025-01-14;102.757;2.402;-14.235;-9.639
2025-01-15;102.808;2.353;-14.339;-9.541
2025-01-16;102.821;2.325;-14.974;-10.211
2025-01-17;102.825;2.316;-15.567;-10.06
2025-01-20;102.824;2.311;-16.511;-11.187
2025-01-21;102.808;2.319;-14.531;-9.675
2025-01-22;102.805;2.316;-16.342;-9.935
2025-01-23;102.755;2.343;-14.35;-7.699
2025-01-24;102.695;2.39;-13.855;-5.918
2025-01-27;102.715;2.367;-13.448;-8.199
2025-01-28;102.687;2.386;-12.453;-6.902
2025-01-29;102.687;2.38;-13.384;-8.161
2025-01-30;102.741;2.314;-14.332;-9.685
2025-01-31;102.815;2.242;-14.505;-11.42
2025-02-03;102.881;2.176;-13.764;-11.519
2025-02-04;102.858;2.191;-14.504;-9.306
2025-02-05;102.852;2.19;-14.741;-9.437
2025-02-06;102.82;2.2;-13.636;-7.409
2025-02-07;102.822;2.192;-13.566;-7.61
2025-02-10;102.839;2.17;-13.626;-9.296
2025-02-11;102.78;2.218;-12.772;-8.639
2025-02-12;102.733;2.255;-12.804;-8.489
2025-02-13;102.754;2.217;-14.047;-10.796
2025-02-14;102.72;2.242;-13.327;-9.894
2025-02-17;102.699;2.255;-12.23;-8.962
2025-02-18;102.698;2.25;-12.215;-9.01
2025-02-19;102.657;2.282;-11.875;-7.991
2025-02-20;102.665;2.256;-12.55;-8.482
2025-02-21;102.683;2.232;-12.721;-8.973
2025-02-24;102.686;2.223;-10.082;-6.976
2025-02-25;102.707;2.196;-11.151;-8.048
2025-02-26;102.684;2.212;-9.09;-5.884
2025-02-27;102.697;2.179;-9.67;-7.286
2025-02-28;102.697;2.173;-8.783;-6.113
2025-03-03;102.651;2.21;-6.367;-3.415
2025-03-04;102.668;2.187;-7.313;-5.492
2025-03-05;102.557;2.289;-6.075;-3.505
2025-03-06;102.532;2.294;-5.904;-4.846
2025-03-07;102.532;2.287;-7.289;-6.704
2025-03-10;102.542;2.271;-6.746;-5.981
2025-03-11;102.56;2.246;-7.218;-6.728
2025-03-12;102.526;2.273;-4.647;-4.805
2025-03-13;102.538;2.241;-6.011;-7.045
2025-03-14;102.54;2.232;-8.367;-9.588
2025-03-17;102.532;2.233;-9.009;-10.741
2025-03-18;102.54;2.217;-9.603;-12.105
2025-03-19;102.524;2.226;-9.635;-11.955
2025-03-20;102.521;2.208;-10.588;-12.032
2025-03-21;102.53;2.191;-10.596;-11.665
2025-03-24;102.539;2.174;-11.708;-12.991
2025-03-25;102.525;2.181;-12.219;-12.877
2025-03-26;102.53;2.169;-12.214;-12.35
2025-03-27;102.542;2.134;-12.58;-12.415
2025-03-28;102.534;2.134;-11.12;-9.723
2025-03-31;102.496;2.166;-9.339;-7.727
2025-04-01;102.53;2.123;-11.971;-9.023
2025-04-02;102.503;2.144;-11.239;-8.938
2025-04-03;102.542;2.079;-13.595;-9.676
2025-04-04;102.591;2.019;-15.244;-9.262
2025-04-07;102.668;1.929;-22.946;-19.217
2025-04-08;102.622;1.97;-20.267;-12.266
2025-04-09;102.715;1.862;-25.62;-20.35
2025-04-10;102.621;1.937;-21.379;-12.437
2025-04-11;102.602;1.949;-20.733;-14.74
2025-04-14;102.621;1.92;-21.265;-15.135
2025-04-15;102.612;1.921;-20.323;-14.326
2025-04-16;102.608;1.882;-24.438;-15.267
2025-04-17;102.675;1.799;-27.7;-17.291
2025-04-18;102.675;1.799;-27.948;-17.826
2025-04-22;102.661;1.806;-24.828;-18.648
2025-04-23;102.616;1.847;-24.22;-13.845
2025-04-24;102.641;1.791;-27.735;-18.157
2025-04-25;102.634;1.79;-28.473;-19.345
2025-04-28;102.619;1.797;-28.158;-19.827
2025-04-29;102.597;1.804;-27.834;-19.071
2025-04-30;102.589;1.784;-27.307;-17.716
2025-05-02;102.544;1.827;-26.102;-17.589
2025-05-05;102.55;1.81;-27.532;-21.321
2025-05-06;102.554;1.796;-27.306;-21.453
2025-05-07;102.547;1.795;-26.703;-21.115
2025-05-08;102.516;1.802;-28.225;-20.085
2025-05-09;102.493;1.819;-27.05;-17.573
2025-05-12;102.418;1.898;-25.454;-16.492
2025-05-13;102.417;1.89;-27.299;-18.813
2025-05-14;102.387;1.916;-24.978;-17.762
2025-05-15;102.407;1.864;-27.567;-20.063
2025-05-16;102.406;1.855;-27.564;-20.14
2025-05-19;102.388;1.867;-26.513;-18.753
2025-05-20;102.389;1.856;-26.95;-19.626
2025-05-21;102.363;1.878;-25.815;-17.706
2025-05-22;102.357;1.856;-26.382;-17.57
2025-05-23;102.393;1.801;-28.548;-19.148
2025-05-26;102.376;1.812;-29.629;-20.162
2025-05-27;102.379;1.798;-30.578;-19.887
2025-05-28;102.363;1.808;-30.178;-18.333
2025-05-29;102.345;1.8;-29.447;-17.865
2025-05-30;102.337;1.799;-30.962;-20.153
2025-06-02;102.324;1.805;-30.015;-20.23
2025-06-03;102.321;1.799;-29.99;-21.176
2025-06-04;102.317;1.793;-30.659;-21.414
2025-06-05;102.255;1.841;-29.622;-16.902
2025-06-06;102.241;1.849;-28.96;-15.844
2025-06-09;102.238;1.842;-28.798;-18.137
2025-06-10;102.235;1.836;-28.649;-17.861
2025-06-11;102.227;1.836;-28.461;-18.335
2025-06-12;102.215;1.819;-29.184;-18.487
2025-06-13;102.191;1.84;-29.231;-17.994
2025-06-16;102.184;1.839;-28.991;-19.021
2025-06-17;102.163;1.856;-28.614;-19.272
2025-06-18;102.164;1.844;-29.533;-19.53
2025-06-19;102.139;1.845;-28.083;-16.618
2025-06-20;102.127;1.85;-28.178;-16.06
2025-06-23;102.113;1.858;-27.098;-16.349
2025-06-24;102.113;1.847;-27.319;-17.496
2025-06-25;102.11;1.84;-26.771;-17.426
2025-06-26;102.094;1.828;-26.619;-16.832
2025-06-27;102.068;1.853;-26.255;-15.358
2025-06-30;102.054;1.862;-24.97;-16.552
2025-07-01;102.05;1.856;-25.131;-17.265
2025-07-02;102.041;1.857;-25.0;-15.84
2025-07-03;102.026;1.844;-24.629;-15.039
2025-07-04;102.019;1.842;-24.372;-14.478
2025-07-07;102.011;1.842;-24.489;-15.699
2025-07-08;101.991;1.859;-23.875;-14.753
2025-07-09;101.985;1.856;-24.285;-17.383
2025-07-10;101.948;1.875;-23.479;-16.15
2025-07-11;101.936;1.881;-24.569;-16.327
2025-07-14;101.934;1.872;-23.658;-19.285
2025-07-15;101.939;1.853;-24.039;-19.621
2025-07-16;101.932;1.851;-24.539;-20.043
2025-07-17;101.911;1.846;-25.723;-19.139
2025-07-18;101.891;1.864;-23.182;-15.37
2025-07-21;101.892;1.851;-23.383;-17.961
2025-07-22;101.89;1.841;-23.095;-17.243
2025-07-23;101.871;1.858;-23.198;-17.202
2025-07-24;101.814;1.909;-22.595;-12.068
2025-07-25;101.798;1.922;-23.215;-13.109
2025-07-28;101.798;1.91;-22.815;-18.014
2025-07-29;101.784;1.919;-22.676;-16.088
2025-07-30;101.768;1.932;-22.146;-15.592
2025-07-31;101.734;1.949;-20.648;-12.17
2025-08-01;101.748;1.914;-22.358;-14.436
2025-08-04;101.747;1.902;-22.842;-17.613
2025-08-05;101.736;1.907;-22.53;-16.873
2025-08-06;101.722;1.917;-22.211;-17.02
2025-08-07;101.704;1.908;-22.729;-16.318
2025-08-08;101.684;1.928;-21.631;-14.584
2025-08-11;101.668;1.942;-20.861;-15.049
2025-08-12;101.664;1.935;-21.192;-16.514
2025-08-13;101.664;1.922;-21.973;-17.846
2025-08-14;101.637;1.928;-21.84;-17.325
2025-08-15;101.625;1.935;-22.023;-16.952
2025-08-18;101.629;1.914;-23.467;-20.279
2025-08-19;101.62;1.916;-23.488;-20.36
2025-08-20;101.621;1.901;-24.095;-20.494
2025-08-21;101.584;1.924;-22.65;-16.488
2025-08-22;101.574;1.928;-21.229;-14.531
2025-08-25;101.568;1.925;-22.086;-17.101
2025-08-26;101.56;1.925;-21.742;-16.623
2025-08-27;101.557;1.916;-21.742;-17.19
2025-08-28;101.531;1.92;-22.209;-17.439
2025-08-29;101.519;1.928;-21.374;-17.187
2025-09-01;101.512;1.926;-21.97;-18.994
2025-09-02;101.503;1.928;-21.52;-18.893
2025-09-03;101.491;1.936;-21.341;-19.187
2025-09-04;101.468;1.935;-21.674;-19.732
2025-09-05;101.471;1.915;-22.728;-21.106
2025-09-08;101.457;1.926;-22.379;-21.287
2025-09-09;101.444;1.936;-21.571;-20.595
2025-09-10;101.432;1.944;-22.114;-21.302
2025-09-11;101.402;1.957;-20.243;-20.353
2025-09-12;101.393;1.96;-20.247;-18.768
2025-09-15;101.383;1.964;-19.76;-17.558
2025-09-16;101.378;1.959;-19.852;-16.203
2025-09-17;101.369;1.961;-20.189;-16.052
2025-09-18;101.346;1.961;-20.058;-16.746
2025-09-19;101.338;1.961;-20.032;-17.552
2025-09-22;101.328;1.966;-19.789;-17.866
2025-09-23;101.32;1.966;-19.253;-16.047
2025-09-24;101.315;1.961;-19.857;-17.191
2025-09-25;101.291;1.962;-19.884;-16.894
2025-09-26;101.283;1.963;-19.868;-17.962
2025-09-29;101.277;1.959;-20.233;-17.883
2025-09-30;101.268;1.962;-19.893;-16.031
2025-10-01;101.26;1.962;-19.756;-13.881
2025-10-02;101.237;1.962;-19.767;-13.111
2025-10-03;101.226;1.969;-19.299;-13.931
2025-10-06;101.226;1.951;-20.69;-17.211
2025-10-07;101.215;1.959;-20.176;-16.938
2025-10-08;101.207;1.959;-19.869;-16.23
2025-10-09;101.187;1.952;-21.042;-15.843
2025-10-10;101.18;1.95;-20.723;-14.943
2025-10-13;101.165;1.967;-18.59;-15.238
2025-10-14;101.164;1.951;-20.947;-17.693
2025-10-15;101.153;1.958;-20.136;-16.414
2025-10-16;101.132;1.953;-20.39;-15.426
2025-10-17;101.127;1.946;-21.357;-17.041
2025-10-20;101.116;1.954;-20.823;-17.22
2025-10-21;101.109;1.952;-21.062;-18.678
2025-10-22;101.101;1.953;-20.69;-16.92
2025-10-23;101.074;1.962;-19.871;-13.495
2025-10-24;101.062;1.973;-18.484;-12.156
2025-10-27;101.053;1.976;-18.592;-17.076
2025-10-28;101.048;1.969;-19.038;-17.327
2025-10-29;101.03;1.997;-15.452;-13.686
2025-10-30;101.013;1.98;-17.799;-13.86
2025-10-31;101.001;1.992;-15.823;-13.433
2025-11-03;100.997;1.982;-18.065;-18.44
2025-11-04;100.992;1.975;-18.215;-17.563
2025-11-05;100.981;1.984;-17.529;-16.171
2025-11-06;100.957;1.987;-16.848;-12.959
2025-11-07;100.952;1.979;-15.534;-10.784
2025-11-10;100.943;1.983;-17.594;-15.404
2025-11-11;100.936;1.981;-17.807;-16.014
2025-11-12;100.93;1.976;-18.366;-17.991
2025-11-13;100.903;1.987;-17.051;-14.183
2025-11-14;100.896;1.985;-17.535;-13.883
2025-11-17;100.905;1.934;-22.556;-21.592
2025-11-18;100.881;1.984;-17.526;-19.088
2025-11-19;100.872;1.988;-16.44;-17.411
2025-11-20;100.852;1.979;-18.171;-14.045
2025-11-21;100.848;1.967;-19.653;-13.717
2025-11-24;100.838;1.974;-18.339;-15.356
2025-11-25;100.833;1.965;-19.592;-16.838
2025-11-26;100.814;2.003;-15.712;-11.833
2025-11-27;100.801;1.969;-18.688;-11.605
2025-11-28;100.784;2.001;-15.025;-7.387
2025-12-01;100.77;2.024;-15.048;-11.594
2025-12-02;100.756;2.046;-11.319;-8.448
2025-12-03;100.765;1.987;-8.856;-3.596
2025-12-04;100.727;2.043;-11.196;-5.321
2025-12-05;100.734;1.989;-17.156;-13.493
2025-12-08;100.721;2.009;-14.846;-14.238
2025-12-09;100.712;2.014;-16.383;-19.492
2025-12-10;100.702;2.023;-13.476;-16.075
2025-12-11;100.685;2.001;-11.213;-11.318
2025-12-12;100.681;1.986;-17.504;-16.466
2025-12-15;100.675;1.979;-17.915;-20.412
2025-12-16;100.663;1.997;-11.939;-15.034
2025-12-17;100.651;2.015;-13.254;-11.97
2025-12-18;100.625;2.029;-15.045;-7.553
2025-12-19;100.619;2.022;-13.018;-3.519
2025-12-22;100.62;1.985;-17.062;-12.669
2025-12-23;100.582;1.983;-16.865;-4.22
2025-12-24;100.582;1.947;-20.56;-7.401
2025-12-25;100.582;1.947;-20.537;-6.789
2025-12-29;100.553;2.049;-10.439;-5.511
2025-12-30;100.534;2.069;-8.294;-1.051
2025-12-31;100.534;1.954;-19.758;-5.508
2026-01-01;100.534;1.954;-19.793;-6.446
2026-01-02;100.494;2.123;-3.008;11.983
2026-01-05;100.494;2.084;-6.563;4.573
2026-01-06;100.483;2.104;-6.769;4.299
2026-01-07;100.473;2.118;-4.169;7.323
2026-01-08;100.448;2.137;-3.424;11.098
2026-01-09;100.458;2.036;-3.581;11.311
2026-01-12;100.434;2.134;-1.652;4.917
2026-01-13;100.428;2.126;0.559;4.153
2026-01-14;100.42;2.131;-2.078;0.912
2026-01-15;100.414;2.029;-12.164;-0.845
2026-01-16;100.388;2.151;-0.41;10.478
2026-01-19;100.383;2.136;-1.645;-1.353
2026-01-20;100.377;2.127;-3.167;-2.0
2026-01-21;100.367;2.146;-0.511;0.419
2026-01-22;100.349;2.12;-3.623;6.942
2026-01-23;100.352;2.042;-10.887;-2.124
2026-01-26;100.344;2.046;2.685;4.157
2026-01-27;100.312;2.24;3.371;3.681
2026-01-28;100.329;2.046;-4.925;-3.114
2026-01-29;100.297;2.129;-4.571;5.342
2026-01-30;100.302;2.02;-12.273;-5.67
2026-02-02;100.288;2.079;-5.467;-3.276
2026-02-03;100.279;2.094;-3.927;-3.271
2026-02-04;100.28;2.013;-14.179;-16.961
2026-02-05;100.247;2.121;-2.847;2.496
2026-02-06;100.236;2.161;3.755;16.341
2026-02-09;100.239;2.048;3.589;14.424
2026-02-10;100.221;2.169;2.562;20.212
