;px_last;yld_ytm_mid;asset_swap_spd_mid;z_sprd_mid
2000-01-18;100.2;6.234;;
2000-01-19;100.965;6.178;;
2000-01-20;101.247;6.157;;
2000-01-21;101.574;6.133;;
2000-01-24;101.792;6.117;;
2000-01-25;102.846;6.041;;
2000-01-26;102.979;6.032;;
2000-01-27;102.192;6.088;;
2000-01-28;102.231;6.085;;
2000-01-31;103.537;5.992;;
2000-02-01;104.273;5.94;;
2000-02-02;104.308;5.938;;
2000-02-03;106.021;5.819;;
2000-02-04;105.005;5.889;;
2000-02-07;104.458;5.927;;
2000-02-08;105.615;5.847;;
2000-02-09;105.879;5.829;;
2000-02-10;104.603;5.917;;
2000-02-11;104.431;5.929;;
2000-02-14;105.186;5.876;;
2000-02-15;104.872;5.898;;
2000-02-16;104.537;5.921;;
2000-02-17;104.836;5.9;;
2000-02-18;105.344;5.865;;
2000-02-21;106.067;5.816;;
2000-02-22;107.303;5.732;;
2000-02-23;106.74;5.77;;
2000-02-24;107.02;5.751;;
2000-02-25;106.056;5.816;;
2000-02-28;105.423;5.859;;
2000-02-29;105.381;5.862;;
2000-03-01;105.66;5.843;;
2000-03-02;105.407;5.86;;
2000-03-03;106.316;5.798;;
2000-03-06;106.118;5.812;;
2000-03-07;106.175;5.808;;
2000-03-08;105.867;5.829;;
2000-03-09;107.111;5.744;;
2000-03-10;106.657;5.775;;
2000-03-13;107.121;5.744;;
2000-03-14;107.014;5.751;;
2000-03-15;107.649;5.708;;
2000-03-16;108.815;5.631;;
2000-03-17;109.447;5.59;;
2000-03-20;109.615;5.579;;
2000-03-21;109.885;5.561;;
2000-03-22;109.273;5.601;;
2000-03-23;110.346;5.531;;
2000-03-24;109.682;5.574;;
2000-03-27;108.741;5.635;;
2000-03-28;109.028;5.617;;
2000-03-29;108.191;5.672;;
2000-03-30;108.8;5.631;;
2000-03-31;109.532;5.584;;
2000-04-03;109.764;5.569;;
2000-04-04;109.808;5.566;;
2000-04-05;110.033;5.551;;
2000-04-06;109.32;5.597;;
2000-04-07;109.922;5.558;;
2000-04-10;110.544;5.518;;
2000-04-11;110.553;5.517;;
2000-04-12;110.25;5.537;;
2000-04-13;110.278;5.535;;
2000-04-14;109.507;5.585;;
2000-04-17;109.521;5.584;;
2000-04-18;109.18;5.606;;
2000-04-19;108.774;5.632;;
2000-04-20;108.715;5.636;;
2000-04-21;108.542;5.648;;
2000-04-24;108.831;5.629;;
2000-04-25;108.173;5.672;;
2000-04-26;109.124;5.609;;
2000-04-27;108.904;5.624;;
2000-04-28;109.202;5.604;;
2000-05-01;109.261;5.6;;
2000-05-02;108.685;5.638;;
2000-05-03;107.46;5.719;;
2000-05-04;106.972;5.752;;
2000-05-05;107.648;5.706;;
2000-05-08;108.162;5.672;;
2000-05-09;109.011;5.616;;
2000-05-10;109.235;5.602;;
2000-05-11;107.81;5.696;;
2000-05-12;108.527;5.648;;
2000-05-15;108.938;5.621;;
2000-05-16;109.82;5.563;;
2000-05-17;109.022;5.615;;
2000-05-18;109.222;5.602;;
2000-05-19;109.704;5.571;;
2000-05-22;110.984;5.488;;
2000-05-23;110.15;5.542;;
2000-05-24;110.356;5.529;;
2000-05-25;111.338;5.466;;
2000-05-26;112.003;5.424;;
2000-05-29;111.261;5.471;;
2000-05-30;111.421;5.46;;
2000-05-31;112.716;5.379;;
2000-06-01;114.271;5.283;;
2000-06-02;113.569;5.326;;
2000-06-05;113.013;5.36;;
2000-06-06;112.279;5.406;;
2000-06-07;112.01;5.423;;
2000-06-08;112.252;5.408;;
2000-06-09;113.621;5.323;;
2000-06-12;113.576;5.325;;
2000-06-13;112.955;5.364;;
2000-06-14;111.83;5.434;;
2000-06-15;111.755;5.439;;
2000-06-16;112.702;5.379;;
2000-06-19;112.571;5.387;;
2000-06-20;112.952;5.364;;
2000-06-21;112.505;5.391;;
2000-06-22;111.903;5.429;;
2000-06-23;111.268;5.469;;
2000-06-26;111.823;5.434;;
2000-06-27;111.659;5.444;;
2000-06-28;111.812;5.435;;
2000-06-29;112.124;5.415;;
2000-06-30;111.745;5.439;;
2000-07-03;111.114;5.479;;
2000-07-04;111.207;5.473;;
2000-07-05;111.032;5.484;;
2000-07-06;110.088;5.545;;
2000-07-07;110.602;5.512;;
2000-07-10;110.175;5.539;;
2000-07-11;110.965;5.488;;
2000-07-12;110.808;5.498;;
2000-07-13;110.962;5.488;;
2000-07-14;110.451;5.521;;
2000-07-17;110.446;5.521;;
2000-07-18;110.53;5.516;;
2000-07-19;110.924;5.491;;
2000-07-20;111.521;5.453;;
2000-07-21;111.433;5.458;;
2000-07-24;111.634;5.445;;
2000-07-25;111.951;5.425;;
2000-07-26;112.698;5.378;;
2000-07-27;113.017;5.358;;
2000-07-28;112.57;5.386;;
2000-07-31;112.528;5.389;;
2000-08-01;113.237;5.345;;
2000-08-02;113.038;5.357;;
2000-08-03;112.69;5.379;;
2000-08-04;112.48;5.392;;
2000-08-07;112.59;5.385;;
2000-08-08;112.435;5.395;;
2000-08-09;113.243;5.344;;
2000-08-10;113.518;5.327;;
2000-08-11;114.524;5.265;;
2000-08-14;114.403;5.273;;
2000-08-15;113.359;5.337;;
2000-08-16;113.789;5.31;;
2000-08-17;113.443;5.331;;
2000-08-18;113.358;5.337;;
2000-08-21;112.827;5.37;;
2000-08-22;113.02;5.358;;
2000-08-23;113.37;5.336;;
2000-08-24;113.218;5.345;;
2000-08-25;113.122;5.351;;
2000-08-28;112.854;5.368;;
2000-08-29;112.092;5.416;;
2000-08-30;112.027;5.42;;
2000-08-31;111.918;5.426;;
2000-09-01;113.399;5.334;;
2000-09-04;113.05;5.355;;
2000-09-05;112.915;5.364;;
2000-09-06;112.735;5.375;;
2000-09-07;112.435;5.394;;
2000-09-08;111.912;5.427;;
2000-09-11;112.066;5.417;;
2000-09-12;111.456;5.456;;
2000-09-13;110.774;5.499;;
2000-09-14;110.375;5.525;;
2000-09-15;109.277;5.596;;
2000-09-18;108.411;5.653;;
2000-09-19;108.712;5.633;;
2000-09-20;109.042;5.612;;
2000-09-21;109.459;5.584;;
2000-09-22;109.672;5.57;;
2000-09-25;109.45;5.585;;
2000-09-26;109.875;5.557;;
2000-09-27;108.908;5.62;;
2000-09-28;109.474;5.583;;
2000-09-29;109.805;5.562;;
2000-10-02;109.203;5.601;;
2000-10-03;109.066;5.61;;
2000-10-04;108.776;5.629;;
2000-10-05;108.658;5.637;;
2000-10-06;108.984;5.615;;
2000-10-09;109.351;5.591;;
2000-10-10;109.465;5.584;;
2000-10-11;110.081;5.544;;
2000-10-12;110.207;5.535;;
2000-10-13;109.648;5.572;;
2000-10-16;109.442;5.585;;
2000-10-17;109.301;5.594;;
2000-10-18;109.18;5.602;;
2000-10-19;109.4;5.588;;
2000-10-20;109.643;5.572;;
2000-10-23;109.997;5.549;;
2000-10-24;110.029;5.547;;
2000-10-25;109.23;5.599;;
2000-10-26;109.497;5.581;;
2000-10-27;109.532;5.579;;
2000-10-30;109.364;5.59;;
2000-10-31;109.364;5.59;;
2000-11-01;109.389;5.589;;
2000-11-02;109.367;5.59;;
2000-11-03;109.468;5.583;;
2000-11-06;109.215;5.6;;
2000-11-07;108.954;5.617;;
2000-11-08;108.593;5.641;;
2000-11-09;108.77;5.629;;
2000-11-10;108.805;5.627;;
2000-11-13;109.02;5.613;;
2000-11-14;108.93;5.619;;
2000-11-15;108.859;5.623;;
2000-11-16;109.42;5.586;;
2000-11-17;109.272;5.596;;
2000-11-20;109.449;5.585;;
2000-11-21;109.29;5.595;;
2000-11-22;110.075;5.544;;
2000-11-23;110.285;5.53;;
2000-11-24;110.679;5.505;;
2000-11-27;110.661;5.506;;
2000-11-28;111.163;5.473;;
2000-11-29;111.034;5.482;;
2000-11-30;111.896;5.427;;
2000-12-01;111.864;5.429;;
2000-12-04;112.176;5.409;;
2000-12-05;111.791;5.433;;
2000-12-06;110.967;5.486;;
2000-12-07;111.018;5.483;;
2000-12-08;110.86;5.493;;
2000-12-11;110.823;5.495;;
2000-12-12;110.68;5.504;;
2000-12-13;111.395;5.459;;
2000-12-14;112.201;5.407;;
2000-12-15;112.789;5.37;;
2000-12-18;112.823;5.368;;
2000-12-19;111.81;5.432;;
2000-12-20;111.533;5.45;;
2000-12-21;111.623;5.444;;
2000-12-22;111.832;5.431;;
2000-12-25;111.994;5.42;;
2000-12-26;111.961;5.422;;
2000-12-27;112.125;5.412;;
2000-12-28;111.765;5.435;;
2000-12-29;112.715;5.375;;
2001-01-01;112.635;5.38;;
2001-01-02;114.084;5.29;;
2001-01-03;114.792;5.246;;
2001-01-04;113.957;5.297;;
2001-01-05;114.304;5.276;;
2001-01-08;114.209;5.281;;
2001-01-09;113.574;5.321;;
2001-01-10;112.892;5.363;;
2001-01-11;113.065;5.352;;
2001-01-12;112.214;5.406;;
2001-01-15;112.334;5.398;;
2001-01-16;111.635;5.442;;
2001-01-17;112.18;5.408;;
2001-01-18;112.008;5.418;;
2001-01-19;111.462;5.453;;
2001-01-22;111.393;5.457;;
2001-01-23;111.807;5.431;;
2001-01-24;111.683;5.439;;
2001-01-25;111.995;5.419;;
2001-01-26;112.193;5.406;;
2001-01-29;112.389;5.394;;
2001-01-30;112.756;5.371;;
2001-01-31;112.95;5.358;;
2001-02-01;112.991;5.356;;
2001-02-02;113.683;5.312;;
2001-02-05;114.065;5.289;;
2001-02-06;114.121;5.285;;
2001-02-07;114.297;5.274;;
2001-02-08;113.906;5.298;;
2001-02-09;114.3;5.274;;
2001-02-12;114.279;5.275;;
2001-02-13;114.058;5.289;;
2001-02-14;113.603;5.317;;
2001-02-15;113.012;5.354;;
2001-02-16;113.092;5.348;;
2001-02-19;113.191;5.342;;
2001-02-20;113.005;5.354;;
2001-02-21;112.476;5.387;;
2001-02-22;112.386;5.393;;
2001-02-23;112.589;5.38;;
2001-02-26;112.542;5.383;;
2001-02-27;113.223;5.34;;
2001-02-28;113.268;5.337;;
2001-03-01;113.356;5.331;;
2001-03-02;113.379;5.33;;
2001-03-05;113.076;5.349;;
2001-03-06;113.31;5.334;;
2001-03-07;113.094;5.347;;
2001-03-08;113.84;5.301;;
2001-03-09;113.985;5.292;;
2001-03-12;114.108;5.284;;
2001-03-13;113.548;5.319;;
2001-03-14;113.743;5.306;;
2001-03-15;113.409;5.327;;
2001-03-16;113.566;5.317;;
2001-03-19;113.317;5.333;;
2001-03-20;113.211;5.339;;
2001-03-21;113.72;5.308;;
2001-03-22;114.458;5.262;;
2001-03-23;114.362;5.268;;
2001-03-26;113.926;5.295;;
2001-03-27;113.582;5.316;;
2001-03-28;113.617;5.314;;
2001-03-29;113.045;5.349;;
2001-03-30;112.967;5.354;;
2001-04-02;112.465;5.386;;
2001-04-03;112.669;5.373;;
2001-04-04;111.827;5.426;;
2001-04-05;112.021;5.414;;
2001-04-06;112.574;5.379;;
2001-04-09;112.352;5.393;;
2001-04-10;111.925;5.419;;
2001-04-11;111.16;5.468;;
2001-04-12;111.395;5.453;;
2001-04-13;111.269;5.461;;
2001-04-16;111.231;5.464;;
2001-04-17;110.655;5.501;;
2001-04-18;110.074;5.539;;
2001-04-19;109.02;5.608;;
2001-04-20;109.645;5.567;;
2001-04-23;110.045;5.54;;
2001-04-24;109.877;5.551;;
2001-04-25;110.015;5.542;;
2001-04-26;110.745;5.495;;
2001-04-27;109.829;5.554;;
2001-04-30;109.047;5.606;;
2001-05-01;109.29;5.59;;
2001-05-02;109.193;5.596;;
2001-05-03;109.768;5.558;;
2001-05-04;110.064;5.539;;
2001-05-07;110.036;5.541;;
2001-05-08;110.023;5.541;;
2001-05-09;110.108;5.536;;
2001-05-10;109.647;5.566;;
2001-05-11;108.126;5.667;;
2001-05-14;107.243;5.727;;
2001-05-15;107.419;5.715;;
2001-05-16;107.534;5.707;;
2001-05-17;107.929;5.68;;
2001-05-18;108.333;5.653;;
2001-05-21;108.475;5.643;;
2001-05-22;107.87;5.684;;
2001-05-23;107.092;5.737;;
2001-05-24;106.657;5.766;;
2001-05-25;106.281;5.792;;
2001-05-28;106.433;5.782;;
2001-05-29;107.003;5.743;;
2001-05-30;107.138;5.733;;
2001-05-31;107.032;5.741;;
2001-06-01;108.077;5.67;;
2001-06-04;107.916;5.681;;
2001-06-05;108.664;5.63;;
2001-06-06;108.039;5.672;;
2001-06-07;107.588;5.703;;
2001-06-08;108.084;5.669;;
2001-06-11;108.226;5.659;;
2001-06-12;107.957;5.678;;
2001-06-13;108.062;5.67;;
2001-06-14;108.634;5.632;;
2001-06-15;108.428;5.646;;
2001-06-18;108.513;5.64;;
2001-06-19;108.237;5.659;;
2001-06-20;108.464;5.643;;
2001-06-21;109.134;5.599;;
2001-06-22;109.284;5.589;;
2001-06-25;109.107;5.6;;
2001-06-26;108.845;5.618;;
2001-06-27;109.098;5.601;;
2001-06-28;108.549;5.637;;
2001-06-29;107.419;5.714;;
2001-07-02;107.477;5.71;;
2001-07-03;107.272;5.724;;
2001-07-04;107.388;5.716;;
2001-07-05;107.549;5.705;;
2001-07-06;108.236;5.658;;
2001-07-09;107.989;5.675;;
2001-07-10;107.949;5.677;;
2001-07-11;108.26;5.656;;
2001-07-12;108.362;5.65;;
2001-07-13;108.231;5.658;;
2001-07-16;108.573;5.635;;
2001-07-17;109.041;5.604;;
2001-07-18;109.294;5.587;;
2001-07-19;109.684;5.561;;
2001-07-20;110.079;5.535;;
2001-07-23;109.825;5.552;;
2001-07-24;109.71;5.56;;
2001-07-25;109.344;5.584;;
2001-07-26;109.788;5.554;;
2001-07-27;110.408;5.514;;
2001-07-30;110.408;5.514;;
2001-07-31;110.851;5.485;;
2001-08-01;110.239;5.525;;
2001-08-02;110.025;5.539;;
2001-08-03;110.204;5.527;;
2001-08-06;110.235;5.525;;
2001-08-07;110.36;5.517;;
2001-08-08;110.224;5.526;;
2001-08-09;111.265;5.458;;
2001-08-10;111.808;5.423;;
2001-08-13;111.958;5.413;;
2001-08-14;111.396;5.449;;
2001-08-15;111.477;5.444;;
2001-08-16;111.607;5.436;;
2001-08-17;112.238;5.395;;
2001-08-20;111.93;5.415;;
2001-08-21;111.415;5.448;;
2001-08-22;111.173;5.463;;
2001-08-23;111.179;5.463;;
2001-08-24;110.727;5.492;;
2001-08-27;110.861;5.484;;
2001-08-28;111.617;5.435;;
2001-08-29;111.647;5.433;;
2001-08-30;111.921;5.415;;
2001-08-31;111.383;5.45;;
2001-09-03;111.427;5.447;;
2001-09-04;109.971;5.542;;
2001-09-05;109.877;5.548;;
2001-09-06;110.417;5.512;;
2001-09-07;110.972;5.476;;
2001-09-10;110.374;5.515;;
2001-09-11;110.989;5.475;;
2001-09-12;109.518;5.571;;
2001-09-13;109.062;5.602;;
2001-09-14;109.285;5.587;;
2001-09-17;108.961;5.608;;
2001-09-18;108.445;5.643;;
2001-09-19;107.747;5.69;;
2001-09-20;107.829;5.685;;
2001-09-21;107.038;5.739;;
2001-09-24;107.343;5.718;;
2001-09-25;108.376;5.648;;
2001-09-26;109.213;5.592;;
2001-09-27;109.941;5.543;;
2001-09-28;109.739;5.557;;
2001-10-01;110.076;5.534;;
2001-10-02;111.056;5.47;;
2001-10-03;111.493;5.442;;
2001-10-04;111.209;5.46;;
2001-10-05;111.544;5.439;;
2001-10-08;110.95;5.477;;
2001-10-09;110.636;5.498;;
2001-10-10;111.035;5.472;;
2001-10-11;111.122;5.466;;
2001-10-12;111.545;5.438;;
2001-10-15;112.164;5.399;;
2001-10-16;112.546;5.374;;
2001-10-17;112.493;5.378;;
2001-10-18;112.942;5.349;;
2001-10-19;112.641;5.368;;
2001-10-22;113.094;5.339;;
2001-10-23;112.976;5.347;;
2001-10-24;113.727;5.299;;
2001-10-25;114.609;5.244;;
2001-10-26;115.115;5.213;;
2001-10-29;116.0;5.159;;
2001-10-30;116.445;5.132;;
2001-10-31;117.826;5.049;;
2001-11-01;121.482;4.836;;
2001-11-02;119.611;4.944;;
2001-11-05;119.47;4.952;;
2001-11-06;119.032;4.978;;
2001-11-07;119.888;4.928;;
2001-11-08;119.792;4.933;;
2001-11-09;119.611;4.944;;
2001-11-12;119.811;4.932;;
2001-11-13;118.598;5.003;;
2001-11-14;117.398;5.074;;
2001-11-15;116.554;5.125;;
2001-11-16;116.202;5.146;;
2001-11-19;116.552;5.125;;
2001-11-20;116.343;5.138;;
2001-11-21;115.288;5.202;;
2001-11-22;115.049;5.217;;
2001-11-23;115.524;5.187;;
2001-11-26;116.021;5.157;;
2001-11-27;113.968;5.284;;
2001-11-28;114.444;5.254;;
2001-11-29;115.42;5.194;;
2001-11-30;116.02;5.157;;
2001-12-03;116.906;5.103;;
2001-12-04;117.51;5.067;;
2001-12-05;114.462;5.253;;
2001-12-06;114.908;5.225;;
2001-12-07;112.978;5.346;;
2001-12-10;113.713;5.3;;
2001-12-11;114.385;5.258;;
2001-12-12;115.683;5.177;;
2001-12-13;115.503;5.188;;
2001-12-14;115.901;5.164;;
2001-12-17;114.269;5.265;;
2001-12-18;114.549;5.247;;
2001-12-19;114.779;5.233;;
2001-12-20;114.324;5.261;;
2001-12-21;113.448;5.316;;
2001-12-24;113.513;5.312;;
2001-12-25;113.636;5.304;;
2001-12-26;113.636;5.304;;
2001-12-27;112.617;5.369;;
2001-12-28;111.861;5.417;;
2001-12-31;111.878;5.416;;
2002-01-01;111.883;5.416;;
2002-01-02;112.401;5.382;;
2002-01-03;112.98;5.345;;
2002-01-04;112.72;5.362;;
2002-01-07;114.439;5.254;;
2002-01-08;114.151;5.271;;
2002-01-09;113.875;5.289;;
2002-01-10;114.354;5.258;;
2002-01-11;114.929;5.223;;
2002-01-14;115.952;5.16;;
2002-01-15;115.878;5.164;;
2002-01-16;115.732;5.173;;
2002-01-17;115.069;5.214;;
2002-01-18;114.618;5.242;;
2002-01-21;115.145;5.209;;
2002-01-22;114.571;5.244;;
2002-01-23;115.157;5.208;;
2002-01-24;114.212;5.266;;
2002-01-25;112.975;5.344;;
2002-01-28;113.563;5.307;;
2002-01-29;113.768;5.294;;
2002-01-30;114.124;5.272;;
2002-01-31;114.807;5.229;;
2002-02-01;115.092;5.211;;
2002-02-04;115.609;5.179;;
2002-02-05;115.684;5.175;;
2002-02-06;115.06;5.213;;
2002-02-07;113.611;5.303;;
2002-02-08;113.715;5.297;;
2002-02-11;113.404;5.316;;
2002-02-12;112.801;5.355;;
2002-02-13;112.918;5.347;;
2002-02-14;113.373;5.318;;
2002-02-15;113.783;5.292;;
2002-02-18;113.76;5.293;;
2002-02-19;113.24;5.326;;
2002-02-20;113.047;5.338;;
2002-02-21;112.512;5.372;;
2002-02-22;113.225;5.327;;
2002-02-25;112.561;5.369;;
2002-02-26;112.561;5.369;;
2002-02-27;112.69;5.361;;
2002-02-28;112.874;5.349;;
2002-03-01;112.457;5.376;;
2002-03-04;112.16;5.395;;
2002-03-05;111.262;5.453;;
2002-03-06;110.3;5.516;;
2002-03-07;110.022;5.534;;
2002-03-08;110.118;5.528;;
2002-03-11;110.288;5.516;;
2002-03-12;110.149;5.525;;
2002-03-13;109.896;5.542;;
2002-03-14;109.378;5.576;;
2002-03-15;109.595;5.562;;
2002-03-18;109.833;5.546;;
2002-03-19;109.92;5.54;;
2002-03-20;109.601;5.561;;
2002-03-21;109.437;5.572;;
2002-03-22;109.172;5.59;;
2002-03-25;108.841;5.612;;
2002-03-26;109.389;5.575;;
2002-03-27;109.378;5.576;;
2002-03-28;108.98;5.603;;
2002-03-29;108.898;5.608;;
2002-04-01;108.948;5.605;;
2002-04-02;108.482;5.636;;
2002-04-03;109.262;5.583;;
2002-04-04;110.114;5.527;;
2002-04-05;110.173;5.523;;
2002-04-08;109.498;5.567;;
2002-04-09;109.382;5.575;;
2002-04-10;109.251;5.584;;
2002-04-11;109.889;5.541;;
2002-04-12;109.894;5.541;;
2002-04-15;110.275;5.516;;
2002-04-16;109.352;5.577;;
2002-04-17;109.023;5.599;;
2002-04-18;108.757;5.617;;
2002-04-19;108.876;5.609;;
2002-04-22;109.472;5.569;;
2002-04-23;108.974;5.602;;
2002-04-24;109.592;5.56;;
2002-04-25;110.118;5.525;;
2002-04-26;110.566;5.496;;
2002-04-29;109.891;5.54;;
2002-04-30;110.164;5.522;;
2002-05-01;110.096;5.527;;
2002-05-02;109.555;5.563;;
2002-05-03;110.667;5.489;;
2002-05-06;110.552;5.496;;
2002-05-07;110.667;5.489;;
2002-05-08;109.851;5.543;;
2002-05-09;109.441;5.57;;
2002-05-10;109.413;5.572;;
2002-05-13;109.458;5.569;;
2002-05-14;108.865;5.609;;
2002-05-15;109.05;5.596;;
2002-05-16;109.242;5.583;;
2002-05-17;108.945;5.603;;
2002-05-20;109.738;5.55;;
2002-05-21;109.91;5.538;;
2002-05-22;109.845;5.543;;
2002-05-23;110.543;5.496;;
2002-05-24;110.07;5.528;;
2002-05-27;109.722;5.551;;
2002-05-28;110.164;5.521;;
2002-05-29;110.206;5.518;;
2002-05-30;110.3;5.512;;
2002-05-31;109.947;5.535;;
2002-06-03;110.166;5.521;;
2002-06-04;110.427;5.504;;
2002-06-05;110.514;5.498;;
2002-06-06;110.414;5.504;;
2002-06-07;110.122;5.524;;
2002-06-10;110.519;5.497;;
2002-06-11;110.319;5.51;;
2002-06-12;110.881;5.473;;
2002-06-13;111.717;5.419;;
2002-06-14;112.259;5.383;;
2002-06-17;111.939;5.404;;
2002-06-18;112.585;5.362;;
2002-06-19;113.184;5.324;;
2002-06-20;112.991;5.336;;
2002-06-21;113.559;5.3;;
2002-06-24;114.129;5.264;;
2002-06-25;113.314;5.315;;
2002-06-26;114.797;5.222;;
2002-06-27;114.277;5.254;;
2002-06-28;113.575;5.299;;
2002-07-01;112.83;5.346;;
2002-07-02;113.527;5.302;;
2002-07-03;113.439;5.307;;
2002-07-04;112.847;5.345;;
2002-07-05;112.123;5.391;;
2002-07-08;112.303;5.38;;
2002-07-09;112.276;5.382;;
2002-07-10;113.34;5.313;;
2002-07-11;114.252;5.255;;
2002-07-12;114.553;5.236;;
2002-07-15;115.267;5.192;;
2002-07-16;114.298;5.252;;
2002-07-17;113.792;5.284;;
2002-07-18;113.955;5.274;;
2002-07-19;114.462;5.242;;
2002-07-22;115.09;5.203;;
2002-07-23;115.305;5.189;;
2002-07-24;116.258;5.13;;
2002-07-25;115.81;5.158;;
2002-07-26;115.798;5.158;;
2002-07-29;114.333;5.25;;
2002-07-30;114.241;5.255;;
2002-07-31;115.101;5.201;;
2002-08-01;115.975;5.147;;
2002-08-02;117.057;5.081;;
2002-08-05;117.676;5.043;;
2002-08-06;116.71;5.102;;
2002-08-07;117.78;5.037;;
2002-08-08;117.068;5.08;;
2002-08-09;117.767;5.038;;
2002-08-12;118.275;5.007;;
2002-08-13;118.768;4.978;;
2002-08-14;120.05;4.902;;
2002-08-15;117.904;5.029;;
2002-08-16;118.236;5.009;;
2002-08-19;117.565;5.049;;
2002-08-20;118.204;5.011;;
2002-08-21;116.569;5.11;;
2002-08-22;116.344;5.124;;
2002-08-23;116.861;5.092;;
2002-08-26;116.952;5.086;;
2002-08-27;116.821;5.094;;
2002-08-28;117.937;5.027;;
2002-08-29;118.029;5.021;;
2002-08-30;117.758;5.037;;
2002-09-02;118.723;4.979;;
2002-09-03;119.82;4.914;;
2002-09-04;119.709;4.921;;
2002-09-05;119.64;4.925;;
2002-09-06;119.565;4.929;;
2002-09-09;119.715;4.92;;
2002-09-10;119.04;4.96;;
2002-09-11;118.195;5.01;;
2002-09-12;119.064;4.959;;
2002-09-13;119.605;4.926;;
2002-09-16;120.619;4.867;;
2002-09-17;120.455;4.876;;
2002-09-18;120.909;4.85;;
2002-09-19;121.205;4.833;;
2002-09-20;120.139;4.895;;
2002-09-23;120.667;4.864;;
2002-09-24;120.858;4.853;;
2002-09-25;119.853;4.911;;
2002-09-26;119.535;4.93;;
2002-09-27;119.514;4.931;;
2002-09-30;119.881;4.909;;
2002-10-01;119.501;4.932;;
2002-10-02;118.438;4.995;;
2002-10-03;118.184;5.01;;
2002-10-04;118.996;4.962;;
2002-10-07;119.537;4.929;;
2002-10-08;120.051;4.899;;
2002-10-09;120.008;4.902;;
2002-10-10;119.107;4.955;;
2002-10-11;118.272;5.005;;
2002-10-14;117.571;5.047;;
2002-10-15;116.177;5.132;;
2002-10-16;116.018;5.142;;
2002-10-17;116.245;5.128;;
2002-10-18;115.842;5.153;;
2002-10-21;115.082;5.2;;
2002-10-22;115.01;5.204;;
2002-10-23;115.801;5.155;;
2002-10-24;114.968;5.207;;
2002-10-25;115.53;5.172;;
2002-10-28;116.033;5.141;;
2002-10-29;116.604;5.105;;
2002-10-30;115.725;5.16;;
2002-10-31;116.528;5.11;;
2002-11-01;115.595;5.168;;
2002-11-04;115.639;5.165;;
2002-11-05;114.941;5.208;;
2002-11-06;114.844;5.214;;
2002-11-07;115.906;5.148;;
2002-11-08;117.104;5.074;;
2002-11-11;117.096;5.075;;
2002-11-12;117.67;5.04;;
2002-11-13;117.438;5.054;;
2002-11-14;116.458;5.114;;
2002-11-15;116.866;5.089;;
2002-11-18;116.736;5.097;;
2002-11-19;117.113;5.074;;
2002-11-20;117.484;5.051;;
2002-11-21;116.263;5.126;;
2002-11-22;116.149;5.133;;
2002-11-25;116.052;5.139;;
2002-11-26;117.16;5.07;;
2002-11-27;116.335;5.121;;
2002-11-28;116.502;5.111;;
2002-11-29;117.076;5.075;;
2002-12-02;116.573;5.106;;
2002-12-03;117.094;5.074;;
2002-12-04;117.117;5.073;;
2002-12-05;117.846;5.028;;
2002-12-06;118.219;5.006;;
2002-12-09;118.39;4.996;;
2002-12-10;118.33;4.999;;
2002-12-11;118.692;4.977;;
2002-12-12;119.29;4.941;;
2002-12-13;119.2;4.947;;
2002-12-16;118.659;4.979;;
2002-12-17;118.924;4.963;;
2002-12-18;119.568;4.925;;
2002-12-19;119.431;4.933;;
2002-12-20;119.443;4.932;;
2002-12-23;119.676;4.918;;
2002-12-24;119.618;4.922;;
2002-12-25;119.652;4.92;;
2002-12-26;119.651;4.92;;
2002-12-27;121.031;4.838;;
2002-12-30;120.756;4.854;;
2002-12-31;120.838;4.849;;
2003-01-01;120.845;4.849;;
2003-01-02;119.022;4.957;;
2003-01-03;118.658;4.978;;
2003-01-06;118.596;4.982;;
2003-01-07;119.148;4.949;;
2003-01-08;120.09;4.893;;
2003-01-09;119.962;4.9;;
2003-01-10;120.304;4.88;;
2003-01-13;120.03;4.896;;
2003-01-14;120.609;4.862;;
2003-01-15;120.548;4.865;;
2003-01-16;120.262;4.882;;
2003-01-17;121.274;4.823;;
2003-01-20;121.835;4.79;;
2003-01-21;122.343;4.761;;
2003-01-22;122.501;4.751;;
2003-01-23;122.865;4.73;;
2003-01-24;124.15;4.657;;
2003-01-27;124.518;4.637;;
2003-01-28;123.822;4.676;;
2003-01-29;123.963;4.668;;
2003-01-30;123.099;4.716;;
2003-01-31;123.098;4.716;;
2003-02-03;122.931;4.726;;
2003-02-04;123.669;4.684;;
2003-02-05;123.425;4.697;;
2003-02-06;123.127;4.714;;
2003-02-07;123.343;4.702;;
2003-02-10;123.005;4.721;;
2003-02-11;123.044;4.719;;
2003-02-12;123.313;4.703;;
2003-02-13;123.481;4.693;;
2003-02-14;123.127;4.714;;
2003-02-17;123.163;4.711;;
2003-02-18;123.069;4.717;;
2003-02-19;124.033;4.662;;
2003-02-20;123.853;4.672;;
2003-02-21;123.553;4.689;;
2003-02-24;123.852;4.672;;
2003-02-25;123.328;4.701;;
2003-02-26;123.404;4.697;;
2003-02-27;122.429;4.752;;
2003-02-28;122.998;4.72;;
2003-03-03;123.274;4.704;;
2003-03-04;123.021;4.718;;
2003-03-05;123.537;4.689;;
2003-03-06;123.553;4.688;;
2003-03-07;124.595;4.629;;
2003-03-10;124.923;4.61;;
2003-03-11;124.721;4.622;;
2003-03-12;124.665;4.624;;
2003-03-13;122.431;4.751;;
2003-03-14;121.903;4.782;;
2003-03-17;119.743;4.908;;
2003-03-18;120.472;4.865;;
2003-03-19;118.968;4.954;;
2003-03-20;119.479;4.923;;
2003-03-21;118.461;4.984;;
2003-03-24;119.53;4.92;;
2003-03-25;118.973;4.954;;
2003-03-26;118.879;4.959;;
2003-03-27;119.371;4.929;;
2003-03-28;119.8;4.904;;
2003-03-31;121.109;4.827;;
2003-04-01;121.004;4.833;;
2003-04-02;119.978;4.893;;
2003-04-03;119.338;4.931;;
2003-04-04;119.51;4.921;;
2003-04-07;118.867;4.959;;
2003-04-08;119.208;4.938;;
2003-04-09;119.332;4.931;;
2003-04-10;120.304;4.873;;
2003-04-11;119.501;4.921;;
2003-04-14;119.405;4.926;;
2003-04-15;119.624;4.913;;
2003-04-16;120.599;4.855;;
2003-04-17;120.527;4.859;;
2003-04-18;119.912;4.896;;
2003-04-21;119.896;4.897;;
2003-04-22;120.502;4.861;;
2003-04-23;119.913;4.895;;
2003-04-24;120.421;4.865;;
2003-04-25;120.391;4.867;;
2003-04-28;119.925;4.894;;
2003-04-29;119.66;4.91;;
2003-04-30;120.511;4.859;;
2003-05-01;120.586;4.855;;
2003-05-02;119.813;4.901;;
2003-05-05;120.424;4.864;;
2003-05-06;120.315;4.871;;
2003-05-07;121.633;4.793;;
2003-05-08;122.025;4.77;;
2003-05-09;122.005;4.771;;
2003-05-12;121.773;4.785;;
2003-05-13;122.005;4.771;;
2003-05-14;122.059;4.768;;
2003-05-15;123.124;4.707;;
2003-05-16;124.049;4.654;;
2003-05-19;125.388;4.579;;
2003-05-20;125.58;4.568;;
2003-05-21;126.129;4.537;;
2003-05-22;126.095;4.539;;
2003-05-23;127.31;4.472;;
2003-05-26;127.797;4.446;;
2003-05-27;127.087;4.484;;
2003-05-28;124.879;4.606;;
2003-05-29;125.698;4.56;;
2003-05-30;125.137;4.591;;
2003-06-02;124.371;4.634;;
2003-06-03;125.868;4.551;;
2003-06-04;125.769;4.556;;
2003-06-05;126.433;4.519;;
2003-06-06;125.732;4.558;;
2003-06-09;126.645;4.507;;
2003-06-10;126.616;4.509;;
2003-06-11;126.968;4.489;;
2003-06-12;127.015;4.487;;
2003-06-13;128.583;4.401;;
2003-06-16;128.582;4.401;;
2003-06-17;126.38;4.521;;
2003-06-18;125.403;4.575;;
2003-06-19;125.656;4.561;;
2003-06-20;124.563;4.622;;
2003-06-23;125.029;4.596;;
2003-06-24;124.955;4.6;;
2003-06-25;125.777;4.554;;
2003-06-26;123.279;4.695;;
2003-06-27;122.318;4.75;;
2003-06-30;123.168;4.701;;
2003-07-01;122.798;4.722;;
2003-07-02;122.233;4.754;;
2003-07-03;121.252;4.811;;
2003-07-04;121.789;4.78;;
2003-07-07;121.147;4.818;;
2003-07-08;120.972;4.828;;
2003-07-09;121.156;4.817;;
2003-07-10;121.855;4.776;;
2003-07-11;121.919;4.772;;
2003-07-14;122.188;4.756;;
2003-07-15;120.371;4.863;;
2003-07-16;120.2;4.873;;
2003-07-17;120.098;4.879;;
2003-07-18;120.141;4.876;;
2003-07-21;119.502;4.914;;
2003-07-22;119.806;4.896;;
2003-07-23;120.674;4.844;;
2003-07-24;119.929;4.888;;
2003-07-25;121.028;4.823;;
2003-07-28;119.212;4.931;;
2003-07-29;119.629;4.906;;
2003-07-30;119.399;4.92;;
2003-07-31;118.514;4.973;;
2003-08-01;119.255;4.928;;
2003-08-04;120.325;4.864;;
2003-08-05;119.542;4.911;;
2003-08-06;120.072;4.879;;
2003-08-07;120.622;4.846;;
2003-08-08;121.913;4.771;;
2003-08-11;120.726;4.84;;
2003-08-12;121.138;4.816;;
2003-08-13;119.523;4.912;;
2003-08-14;119.332;4.923;;
2003-08-15;120.31;4.864;;
2003-08-18;120.357;4.862;;
2003-08-19;120.801;4.835;;
2003-08-20;120.207;4.87;;
2003-08-21;120.046;4.88;;
2003-08-22;120.59;4.847;;
2003-08-25;120.379;4.86;;
2003-08-26;120.567;4.849;;
2003-08-27;119.78;4.895;;
2003-08-28;120.416;4.857;;
2003-08-29;120.106;4.876;;
2003-09-01;119.754;4.897;;
2003-09-02;117.752;5.018;;
2003-09-03;117.858;5.011;;
2003-09-04;118.026;5.001;;
2003-09-05;118.398;4.978;;
2003-09-08;119.005;4.942;;
2003-09-09;118.242;4.988;;
2003-09-10;118.925;4.946;;
2003-09-11;118.462;4.974;;
2003-09-12;120.21;4.869;;
2003-09-15;119.751;4.896;;
2003-09-16;119.084;4.936;;
2003-09-17;119.172;4.931;;
2003-09-18;119.028;4.94;;
2003-09-19;119.748;4.896;;
2003-09-22;120.199;4.869;;
2003-09-23;120.414;4.856;;
2003-09-24;120.005;4.88;;
2003-09-25;120.05;4.878;;
2003-09-26;120.858;4.83;;
2003-09-29;120.76;4.835;;
2003-09-30;121.297;4.804;;
2003-10-01;121.11;4.814;;
2003-10-02;119.692;4.899;;
2003-10-03;118.824;4.951;;
2003-10-06;119.642;4.902;;
2003-10-07;118.974;4.942;;
2003-10-08;119.113;4.933;;
2003-10-09;118.371;4.978;;
2003-10-10;119.064;4.936;;
2003-10-13;118.216;4.988;;
2003-10-14;118.345;4.98;;
2003-10-15;117.636;5.023;;
2003-10-16;118.183;4.99;;
2003-10-17;118.309;4.982;;
2003-10-20;118.526;4.969;;
2003-10-21;118.88;4.947;;
2003-10-22;119.111;4.933;;
2003-10-23;118.206;4.988;;
2003-10-24;118.698;4.958;;
2003-10-27;118.463;4.972;;
2003-10-28;118.194;4.989;;
2003-10-29;117.873;5.008;;
2003-10-30;117.598;5.025;;
2003-10-31;118.354;4.979;;
2003-11-03;117.494;5.031;;
2003-11-04;118.162;4.99;;
2003-11-05;118.174;4.989;;
2003-11-06;117.056;5.058;;
2003-11-07;116.728;5.079;;
2003-11-10;116.791;5.075;;
2003-11-11;116.67;5.082;;
2003-11-12;116.648;5.084;;
2003-11-13;117.206;5.049;;
2003-11-14;117.96;5.002;;
2003-11-17;118.057;4.996;;
2003-11-18;118.339;4.979;;
2003-11-19;117.496;5.031;;
2003-11-20;117.669;5.02;;
2003-11-21;118.322;4.98;;
2003-11-24;117.223;5.047;;
2003-11-25;117.157;5.051;;
2003-11-26;117.427;5.035;;
2003-11-27;117.199;5.049;;
2003-11-28;117.251;5.045;;
2003-12-01;116.885;5.068;;
2003-12-02;116.965;5.063;;
2003-12-03;117.005;5.061;;
2003-12-04;116.91;5.066;;
2003-12-05;118.131;4.991;;
2003-12-08;117.953;5.002;;
2003-12-09;117.54;5.027;;
2003-12-10;117.966;5.001;;
2003-12-11;117.69;5.018;;
2003-12-12;118.507;4.968;;
2003-12-15;118.435;4.972;;
2003-12-16;118.845;4.947;;
2003-12-17;119.5;4.907;;
2003-12-18;119.583;4.902;;
2003-12-19;119.295;4.919;;
2003-12-22;119.658;4.897;;
2003-12-23;119.856;4.885;;
2003-12-24;119.856;4.885;;
2003-12-25;119.851;4.886;;
2003-12-26;119.85;4.886;;
2003-12-29;119.538;4.904;;
2003-12-30;119.085;4.932;;
2003-12-31;119.1;4.931;;
2004-01-01;119.096;4.931;;
2004-01-02;118.447;4.97;;
2004-01-05;118.506;4.967;;
2004-01-06;119.39;4.913;;
2004-01-07;119.31;4.917;;
2004-01-08;119.437;4.91;;
2004-01-09;120.297;4.858;;
2004-01-12;120.511;4.845;;
2004-01-13;120.28;4.859;;
2004-01-14;120.568;4.841;;
2004-01-15;120.161;4.865;;
2004-01-16;119.846;4.884;;
2004-01-19;119.714;4.892;;
2004-01-20;120.079;4.87;;
2004-01-21;119.897;4.881;;
2004-01-22;120.262;4.859;;
2004-01-23;120.782;4.827;;
2004-01-26;119.714;4.891;;
2004-01-27;119.877;4.882;;
2004-01-28;119.986;4.875;;
2004-01-29;118.414;4.97;;
2004-01-30;119.07;4.93;;
2004-02-02;119.096;4.928;;
2004-02-03;119.386;4.911;;
2004-02-04;119.494;4.904;;
2004-02-05;119.719;4.89;;
2004-02-06;120.209;4.861;;
2004-02-09;120.276;4.856;;
2004-02-10;120.176;4.862;;
2004-02-11;120.569;4.839;;
2004-02-12;120.336;4.852;;
2004-02-13;120.667;4.833;;
2004-02-16;120.537;4.84;;
2004-02-17;120.861;4.821;;
2004-02-18;120.461;4.844;;
2004-02-19;120.005;4.872;;
2004-02-20;119.764;4.886;;
2004-02-23;119.827;4.882;;
2004-02-24;120.357;4.85;;
2004-02-25;120.249;4.857;;
2004-02-26;120.255;4.856;;
2004-02-27;120.813;4.823;;
2004-03-01;120.851;4.82;;
2004-03-02;120.762;4.826;;
2004-03-03;120.264;4.855;;
2004-03-04;120.698;4.829;;
2004-03-05;121.939;4.755;;
2004-03-08;122.727;4.709;;
2004-03-09;123.241;4.679;;
2004-03-10;123.119;4.686;;
2004-03-11;123.302;4.675;;
2004-03-12;123.309;4.675;;
2004-03-15;123.398;4.669;;
2004-03-16;122.727;4.708;;
2004-03-17;123.095;4.687;;
2004-03-18;123.354;4.672;;
2004-03-19;123.221;4.679;;
2004-03-22;123.557;4.66;;
2004-03-23;123.314;4.674;;
2004-03-24;123.493;4.663;;
2004-03-25;123.425;4.667;;
2004-03-26;122.821;4.702;;
2004-03-29;121.784;4.763;;
2004-03-30;121.947;4.753;;
2004-03-31;122.134;4.742;;
2004-04-01;122.076;4.745;;
2004-04-02;120.89;4.815;;
2004-04-05;120.486;4.839;;
2004-04-06;120.614;4.831;;
2004-04-07;120.961;4.81;;
2004-04-08;120.821;4.819;;
2004-04-09;120.824;4.818;;
2004-04-12;120.825;4.818;;
2004-04-13;119.813;4.879;;
2004-04-14;119.623;4.891;;
2004-04-15;119.933;4.872;;
2004-04-16;120.594;4.832;;
2004-04-19;120.456;4.84;;
2004-04-20;120.036;4.865;;
2004-04-21;119.856;4.876;;
2004-04-22;119.844;4.877;;
2004-04-23;119.65;4.888;;
2004-04-26;119.771;4.881;;
2004-04-27;119.843;4.876;;
2004-04-28;119.655;4.888;;
2004-04-29;119.131;4.919;;
2004-04-30;119.761;4.881;;
2004-05-03;120.15;4.857;;
2004-05-04;119.896;4.873;;
2004-05-05;119.609;4.89;;
2004-05-06;118.921;4.932;;
2004-05-07;117.993;4.989;;
2004-05-10;118.302;4.97;;
2004-05-11;118.188;4.977;;
2004-05-12;117.71;5.006;;
2004-05-13;117.454;5.022;;
2004-05-14;118.134;4.98;;
2004-05-17;118.496;4.957;;
2004-05-18;118.152;4.978;;
2004-05-19;117.464;5.021;;
2004-05-20;117.746;5.003;;
2004-05-21;117.756;5.003;;
2004-05-24;117.7;5.006;;
2004-05-25;117.93;4.992;;
2004-05-26;118.334;4.966;;
2004-05-27;118.76;4.94;;
2004-05-28;118.15;4.978;;
2004-05-31;117.564;5.014;;
2004-06-01;117.707;5.005;;
2004-06-02;117.496;5.018;;
2004-06-03;117.625;5.01;;
2004-06-04;117.634;5.009;;
2004-06-07;117.903;4.992;;
2004-06-08;118.14;4.978;;
2004-06-09;117.68;5.006;;
2004-06-10;117.91;4.992;;
2004-06-11;117.699;5.005;;
2004-06-14;117.946;4.989;;
2004-06-15;119.279;4.907;;
2004-06-16;118.571;4.95;;
2004-06-17;118.587;4.949;;
2004-06-18;118.942;4.928;;
2004-06-21;119.123;4.916;;
2004-06-22;118.627;4.947;;
2004-06-23;118.539;4.952;;
2004-06-24;119.257;4.908;;
2004-06-25;118.991;4.924;;
2004-06-28;118.373;4.962;;
2004-06-29;118.593;4.948;;
2004-06-30;119.301;4.905;;
2004-07-01;119.226;4.909;;
2004-07-02;119.829;4.872;;
2004-07-05;119.854;4.871;;
2004-07-06;119.775;4.876;;
2004-07-07;120.035;4.86;;
2004-07-08;120.081;4.857;;
2004-07-09;120.072;4.857;;
2004-07-12;120.285;4.844;;
2004-07-13;119.64;4.883;;
2004-07-14;119.773;4.875;;
2004-07-15;119.732;4.877;;
2004-07-16;120.363;4.839;;
2004-07-19;120.302;4.843;;
2004-07-20;120.113;4.854;;
2004-07-21;119.401;4.897;;
2004-07-22;120.027;4.859;;
2004-07-23;120.321;4.841;;
2004-07-26;120.022;4.859;;
2004-07-27;119.79;4.873;;
2004-07-28;119.684;4.88;;
2004-07-29;119.943;4.864;;
2004-07-30;120.744;4.815;;
2004-08-02;120.905;4.806;;
2004-08-03;121.048;4.797;;
2004-08-04;121.304;4.781;;
2004-08-05;121.669;4.76;;
2004-08-06;122.608;4.704;;
2004-08-09;122.49;4.711;;
2004-08-10;122.617;4.703;;
2004-08-11;122.211;4.727;;
2004-08-12;122.523;4.708;;
2004-08-13;122.744;4.695;;
2004-08-16;122.133;4.731;;
2004-08-17;122.467;4.712;;
2004-08-18;122.189;4.728;;
2004-08-19;122.374;4.717;;
2004-08-20;122.498;4.709;;
2004-08-23;121.739;4.754;;
2004-08-24;121.891;4.745;;
2004-08-25;122.448;4.712;;
2004-08-26;122.682;4.698;;
2004-08-27;122.516;4.708;;
2004-08-30;122.673;4.698;;
2004-08-31;123.197;4.668;;
2004-09-01;122.835;4.689;;
2004-09-02;122.394;4.715;;
2004-09-03;121.522;4.766;;
2004-09-06;121.761;4.752;;
2004-09-07;121.877;4.745;;
2004-09-08;122.198;4.726;;
2004-09-09;122.979;4.68;;
2004-09-10;123.035;4.676;;
2004-09-13;122.943;4.682;;
2004-09-14;123.121;4.671;;
2004-09-15;123.057;4.675;;
2004-09-16;123.257;4.663;;
2004-09-17;123.527;4.647;;
2004-09-20;123.801;4.631;;
2004-09-21;123.735;4.635;;
2004-09-22;124.63;4.583;;
2004-09-23;124.961;4.564;;
2004-09-24;124.649;4.581;;
2004-09-27;125.084;4.556;;
2004-09-28;124.904;4.567;;
2004-09-29;124.148;4.61;;
2004-09-30;123.924;4.623;;
2004-10-01;123.456;4.65;;
2004-10-04;123.42;4.652;;
2004-10-05;124.005;4.618;;
2004-10-06;124.139;4.61;;
2004-10-07;123.755;4.632;;
2004-10-08;124.631;4.581;;
2004-10-11;124.303;4.6;;
2004-10-12;124.955;4.563;;
2004-10-13;125.029;4.558;;
2004-10-14;125.363;4.539;;
2004-10-15;125.172;4.55;;
2004-10-18;125.093;4.554;;
2004-10-19;124.708;4.576;;
2004-10-20;125.385;4.537;;
2004-10-21;125.43;4.535;;
2004-10-22;125.482;4.532;;
2004-10-25;125.838;4.511;;
2004-10-26;125.659;4.521;;
2004-10-27;125.732;4.517;;
2004-10-28;125.315;4.541;;
2004-10-29;125.394;4.536;;
2004-11-01;125.433;4.534;;
2004-11-02;124.976;4.56;;
2004-11-03;125.208;4.546;;
2004-11-04;126.003;4.501;;
2004-11-05;125.166;4.549;;
2004-11-08;125.462;4.532;;
2004-11-09;126.026;4.499;;
2004-11-10;126.042;4.498;;
2004-11-11;126.704;4.461;;
2004-11-12;127.511;4.415;;
2004-11-15;127.486;4.416;;
2004-11-16;127.993;4.388;;
2004-11-17;127.716;4.403;;
2004-11-18;126.913;4.448;;
2004-11-19;127.422;4.42;;
2004-11-22;127.74;4.402;;
2004-11-23;128.037;4.385;;
2004-11-24;127.965;4.389;;
2004-11-25;128.428;4.363;;
2004-11-26;128.625;4.352;;
2004-11-29;127.773;4.399;;
2004-11-30;128.12;4.38;;
2004-12-01;128.464;4.361;;
2004-12-02;127.662;4.405;;
2004-12-03;128.83;4.34;;
2004-12-06;129.469;4.305;;
2004-12-07;129.824;4.285;;
2004-12-08;130.477;4.25;;
2004-12-09;131.083;4.217;;
2004-12-10;131.505;4.194;;
2004-12-13;131.861;4.175;;
2004-12-14;131.881;4.174;;
2004-12-15;133.075;4.11;;
2004-12-16;132.668;4.131;;
2004-12-17;132.046;4.164;;
2004-12-20;132.327;4.149;;
2004-12-21;131.832;4.176;;
2004-12-22;131.688;4.183;;
2004-12-23;132.014;4.165;;
2004-12-24;131.942;4.169;;
2004-12-27;131.531;4.191;;
2004-12-28;130.452;4.249;;
2004-12-29;129.724;4.289;;
2004-12-30;130.377;4.253;;
2004-12-31;130.369;4.253;;
2005-01-03;131.153;4.211;;
2005-01-04;130.944;4.222;;
2005-01-05;131.112;4.213;;
2005-01-06;131.664;4.183;;
2005-01-07;132.175;4.155;;
2005-01-10;132.384;4.144;;
2005-01-11;132.307;4.148;;
2005-01-12;132.27;4.15;;
2005-01-13;133.018;4.11;;
2005-01-14;133.451;4.087;;
2005-01-17;133.886;4.064;;
2005-01-18;134.322;4.041;;
2005-01-19;135.122;3.999;;
2005-01-20;133.918;4.061;;
2005-01-21;133.655;4.075;;
2005-01-24;134.288;4.042;;
2005-01-25;134.365;4.038;;
2005-01-26;134.487;4.031;;
2005-01-27;134.113;4.05;;
2005-01-28;134.608;4.024;;
2005-01-31;134.876;4.01;;
2005-02-01;135.177;3.994;;
2005-02-02;135.354;3.985;;
2005-02-03;135.414;3.982;;
2005-02-04;136.959;3.902;;
2005-02-07;137.784;3.86;;
2005-02-08;138.274;3.836;;
2005-02-09;138.528;3.822;;
2005-02-10;138.167;3.84;;
2005-02-11;137.395;3.879;;
2005-02-14;136.769;3.911;;
2005-02-15;136.354;3.932;;
2005-02-16;135.63;3.969;;
2005-02-17;135.12;3.995;;
2005-02-18;133.137;4.099;;
2005-02-21;132.491;4.133;;
2005-02-22;132.568;4.129;;
2005-02-23;132.118;4.152;;
2005-02-24;131.772;4.171;;
2005-02-25;132.231;4.146;;
2005-02-28;132.36;4.139;;
2005-03-01;131.556;4.182;;
2005-03-02;130.545;4.237;;
2005-03-03;130.601;4.233;;
2005-03-04;131.992;4.158;;
2005-03-07;132.537;4.129;;
2005-03-08;131.548;4.182;;
2005-03-09;130.683;4.228;;
2005-03-10;130.284;4.25;;
2005-03-11;130.194;4.255;;
2005-03-14;130.266;4.251;;
2005-03-15;131.404;4.189;;
2005-03-16;132.532;4.128;;
2005-03-17;132.211;4.145;;
2005-03-18;131.807;4.166;;
2005-03-21;131.507;4.182;;
2005-03-22;132.329;4.138;;
2005-03-23;131.565;4.179;;
2005-03-24;131.94;4.158;;
2005-03-25;131.875;4.162;;
2005-03-28;131.844;4.163;;
2005-03-29;131.999;4.155;;
2005-03-30;132.41;4.133;;
2005-03-31;133.139;4.094;;
2005-04-01;132.974;4.102;;
2005-04-04;133.612;4.068;;
2005-04-05;133.304;4.084;;
2005-04-06;132.974;4.102;;
2005-04-07;133.338;4.082;;
2005-04-08;132.295;4.138;;
2005-04-11;132.988;4.101;;
2005-04-12;133.295;4.084;;
2005-04-13;133.711;4.062;;
2005-04-14;133.386;4.079;;
2005-04-15;133.879;4.053;;
2005-04-18;134.367;4.027;;
2005-04-19;134.955;3.996;;
2005-04-20;134.681;4.01;;
2005-04-21;133.876;4.052;;
2005-04-22;134.642;4.012;;
2005-04-25;135.08;3.989;;
2005-04-26;135.176;3.984;;
2005-04-27;135.897;3.946;;
2005-04-28;136.047;3.938;;
2005-04-29;136.212;3.929;;
2005-05-02;136.122;3.934;;
2005-05-03;136.421;3.918;;
2005-05-04;135.442;3.968;;
2005-05-05;135.562;3.962;;
2005-05-06;135.05;3.989;;
2005-05-09;135.827;3.948;;
2005-05-10;136.949;3.89;;
2005-05-11;137.787;3.847;;
2005-05-12;137.671;3.853;;
2005-05-13;138.172;3.828;;
2005-05-16;138.155;3.828;;
2005-05-17;138.173;3.827;;
2005-05-18;138.895;3.791;;
2005-05-19;138.623;3.804;;
2005-05-20;138.24;3.823;;
2005-05-23;139.054;3.782;;
2005-05-24;139.437;3.763;;
2005-05-25;138.161;3.827;;
2005-05-26;138.39;3.815;;
2005-05-27;137.667;3.851;;
2005-05-30;137.531;3.858;;
2005-05-31;138.923;3.788;;
2005-06-01;139.246;3.771;;
2005-06-02;140.126;3.727;;
2005-06-03;139.908;3.738;;
2005-06-06;140.645;3.701;;
2005-06-07;142.067;3.631;;
2005-06-08;142.752;3.598;;
2005-06-09;142.652;3.602;;
2005-06-10;142.447;3.612;;
2005-06-13;141.121;3.677;;
2005-06-14;140.797;3.692;;
2005-06-15;138.672;3.798;;
2005-06-16;138.923;3.785;;
2005-06-17;139.462;3.758;;
2005-06-20;139.073;3.777;;
2005-06-21;140.627;3.7;;
2005-06-22;142.318;3.617;;
2005-06-23;141.938;3.635;;
2005-06-24;142.412;3.612;;
2005-06-27;142.81;3.592;;
2005-06-28;141.484;3.657;;
2005-06-29;140.719;3.694;;
2005-06-30;142.084;3.627;;
2005-07-01;141.621;3.649;;
2005-07-04;141.459;3.657;;
2005-07-05;140.769;3.691;;
2005-07-06;140.575;3.7;;
2005-07-07;140.988;3.68;;
2005-07-08;141.253;3.666;;
2005-07-11;140.032;3.727;;
2005-07-12;140.264;3.715;;
2005-07-13;139.661;3.745;;
2005-07-14;138.815;3.787;;
2005-07-15;139.038;3.775;;
2005-07-18;139.573;3.749;;
2005-07-19;139.291;3.763;;
2005-07-20;138.933;3.78;;
2005-07-21;138.829;3.785;;
2005-07-22;140.168;3.718;;
2005-07-25;140.588;3.697;;
2005-07-26;140.207;3.716;;
2005-07-27;140.579;3.697;;
2005-07-28;140.415;3.705;;
2005-07-29;140.325;3.709;;
2005-08-01;139.317;3.759;;
2005-08-02;138.746;3.788;;
2005-08-03;138.972;3.776;;
2005-08-04;138.845;3.783;;
2005-08-05;138.1;3.82;;
2005-08-08;138.319;3.809;;
2005-08-09;138.303;3.81;;
2005-08-10;138.769;3.786;;
2005-08-11;138.933;3.777;;
2005-08-12;139.758;3.736;;
2005-08-15;139.971;3.725;;
2005-08-16;140.663;3.69;;
2005-08-17;140.677;3.689;;
2005-08-18;141.287;3.659;;
2005-08-19;141.293;3.659;;
2005-08-22;141.702;3.638;;
2005-08-23;141.858;3.631;;
2005-08-24;141.993;3.623;;
2005-08-25;142.412;3.603;;
2005-08-26;142.372;3.605;;
2005-08-29;142.309;3.608;;
2005-08-30;142.442;3.601;;
2005-08-31;143.309;3.559;;
2005-09-01;143.89;3.53;;
2005-09-02;143.915;3.529;;
2005-09-05;144.134;3.518;;
2005-09-06;143.647;3.542;;
2005-09-07;143.232;3.561;;
2005-09-08;143.835;3.532;;
2005-09-09;144.306;3.509;;
2005-09-12;142.482;3.597;;
2005-09-13;142.94;3.575;;
2005-09-14;143.111;3.566;;
2005-09-15;142.853;3.578;;
2005-09-16;142.145;3.613;;
2005-09-19;143.228;3.56;;
2005-09-20;143.398;3.552;;
2005-09-21;144.815;3.483;;
2005-09-22;144.724;3.487;;
2005-09-23;144.149;3.515;;
2005-09-26;142.731;3.583;;
2005-09-27;142.714;3.584;;
2005-09-28;143.119;3.564;;
2005-09-29;142.844;3.577;;
2005-09-30;142.932;3.572;;
2005-10-03;142.186;3.609;;
2005-10-04;142.412;3.598;;
2005-10-05;142.765;3.58;;
2005-10-06;142.36;3.6;;
2005-10-07;142.676;3.584;;
2005-10-10;142.998;3.568;;
2005-10-11;142.257;3.604;;
2005-10-12;141.72;3.63;;
2005-10-13;140.389;3.696;;
2005-10-14;140.176;3.706;;
2005-10-17;140.33;3.699;;
2005-10-18;140.399;3.695;;
2005-10-19;140.864;3.671;;
2005-10-20;140.354;3.697;;
2005-10-21;141.769;3.626;;
2005-10-24;141.477;3.641;;
2005-10-25;139.85;3.721;;
2005-10-26;138.961;3.766;;
2005-10-27;138.33;3.798;;
2005-10-28;138.493;3.789;;
2005-10-31;139.097;3.759;;
2005-11-01;138.63;3.782;;
2005-11-02;138.016;3.813;;
2005-11-03;137.812;3.823;;
2005-11-04;137.512;3.839;;
2005-11-07;137.44;3.842;;
2005-11-08;138.314;3.797;;
2005-11-09;137.31;3.848;;
2005-11-10;137.364;3.846;;
2005-11-11;137.616;3.832;;
2005-11-14;136.809;3.874;;
2005-11-15;137.647;3.831;;
2005-11-16;138.817;3.771;;
2005-11-17;138.455;3.789;;
2005-11-18;137.104;3.858;;
2005-11-21;137.909;3.816;;
2005-11-22;138.02;3.811;;
2005-11-23;138.188;3.802;;
2005-11-24;139.442;3.738;;
2005-11-25;139.196;3.75;;
2005-11-28;139.312;3.744;;
2005-11-29;138.183;3.801;;
2005-11-30;138.622;3.779;;
2005-12-01;139.262;3.746;;
2005-12-02;139.607;3.729;;
2005-12-05;139.149;3.752;;
2005-12-06;139.944;3.711;;
2005-12-07;139.332;3.742;;
2005-12-08;139.949;3.711;;
2005-12-09;138.96;3.76;;
2005-12-12;139.43;3.736;;
2005-12-13;139.862;3.715;;
2005-12-14;140.6;3.677;;
2005-12-15;140.3;3.692;;
2005-12-16;141.24;3.645;;
2005-12-19;141.42;3.636;;
2005-12-20;141.4;3.637;;
2005-12-21;140.57;3.678;;
2005-12-22;141.4;3.636;;
2005-12-23;141.92;3.61;;
2005-12-26;141.92;3.61;;
2005-12-27;141.85;3.614;;
2005-12-28;142.51;3.581;;
2005-12-29;142.07;3.602;;
2005-12-30;142.55;3.578;;
2006-01-02;142.15;3.598;;
2006-01-03;142.3;3.59;;
2006-01-04;142.68;3.571;;
2006-01-05;142.97;3.557;;
2006-01-06;143.39;3.536;;
2006-01-09;143.76;3.518;;
2006-01-10;143.33;3.539;;
2006-01-11;143.19;3.545;;
2006-01-12;143.52;3.529;;
2006-01-13;143.68;3.521;;
2006-01-16;143.32;3.538;;
2006-01-17;143.38;3.535;;
2006-01-18;143.18;3.544;;
2006-01-19;142.11;3.597;;
2006-01-20;141.37;3.633;;
2006-01-23;141.08;3.648;;
2006-01-24;141.35;3.634;;
2006-01-25;139.96;3.703;;
2006-01-26;138.48;3.778;;
2006-01-27;138.65;3.769;;
2006-01-30;139.06;3.748;;
2006-01-31;139.29;3.736;-22.613;-18.772
2006-02-01;138.42;3.78;-20.603;-17.15
2006-02-02;138.87;3.757;-23.359;-19.42
2006-02-03;139.1;3.745;-22.0;-18.28
2006-02-06;139.13;3.743;-21.612;-17.945
2006-02-07;138.46;3.778;-20.735;-17.278
2006-02-08;138.7;3.765;-22.986;-19.142
2006-02-09;139.24;3.737;-21.784;-18.077
2006-02-10;139.17;3.741;-23.672;-19.675
2006-02-13;138.88;3.755;-21.56;-17.932
2006-02-14;138.7;3.764;-21.333;-17.756
2006-02-15;138.37;3.781;-20.503;-17.103
2006-02-16;138.23;3.788;;
2006-02-17;139.41;3.727;-21.464;-17.823
2006-02-20;139.59;3.718;-20.881;-17.315
2006-02-21;139.45;3.725;-20.546;-17.045
2006-02-22;140.09;3.692;-21.634;-17.894
2006-02-23;139.02;3.746;-21.464;-17.827
2006-02-24;138.95;3.75;-22.222;-18.464
2006-02-27;138.33;3.781;-21.348;-17.788
2006-02-28;139.33;3.73;;-18.978
2006-03-01;138.82;3.755;-22.798;-18.948
2006-03-02;137.86;3.805;-21.918;-18.281
2006-03-03;137.8;3.807;-22.345;-18.62
2006-03-06;137.95;3.8;;
2006-03-07;137.61;3.817;-22.458;-18.724
2006-03-08;136.33;3.883;-20.821;-17.502
2006-03-09;135.98;3.901;-19.61;-16.524
2006-03-10;135.03;3.951;-19.575;-16.584
2006-03-13;134.6;3.974;;
2006-03-14;135.68;3.917;-21.011;-17.741
2006-03-15;135.2;3.942;-20.126;-17.019
2006-03-16;135.91;3.904;;-16.408
2006-03-17;135.31;3.936;-20.238;-17.097
2006-03-20;135.84;3.908;-20.658;-17.401
2006-03-21;135.92;3.903;-21.06;-17.731
2006-03-22;136.36;3.88;-21.228;-17.82
2006-03-23;135.66;3.916;-20.839;-17.569
2006-03-24;136.34;3.88;-21.423;-18.002
2006-03-27;136.15;3.89;-21.308;-17.93
2006-03-28;134.66;3.969;-23.126;-19.59
2006-03-29;134.09;3.999;-21.515;-18.276
2006-03-30;133.56;4.027;-22.362;-19.053
2006-03-31;133.88;4.01;;-21.336
2006-04-03;132.98;4.059;-24.272;-20.743
2006-04-04;132.52;4.084;;-22.489
2006-04-05;131.75;4.125;-22.572;-19.462
2006-04-06;130.29;4.206;-20.807;-18.116
2006-04-07;129.86;4.23;-21.906;-19.163
2006-04-10;130.28;4.207;-23.617;-20.585
2006-04-11;130.86;4.174;-21.97;-19.072
2006-04-12;130.88;4.172;-24.953;-21.653
2006-04-13;129.61;4.243;-25.323;-22.138
2006-04-14;129.56;4.246;-25.092;-21.938
2006-04-17;129.54;4.247;-24.946;-21.814
2006-04-18;129.57;4.245;-23.504;-20.561
2006-04-19;129.53;4.247;-23.829;-20.845
2006-04-20;130.06;4.217;-25.531;-22.258
2006-04-21;129.62;4.242;-22.551;-19.697
2006-04-24;129.79;4.232;-23.389;-20.405
2006-04-25;129.21;4.265;-24.265;-21.226
2006-04-26;129.16;4.267;-22.905;-20.024
2006-04-27;129.75;4.234;-23.749;-20.694
2006-04-28;130.18;4.21;-22.831;-19.823
2006-05-01;130.18;4.21;-22.629;-19.645
2006-05-02;129.58;4.243;-22.085;-19.239
2006-05-03;129.16;4.267;-21.44;-18.729
2006-05-04;128.73;4.291;-20.457;-17.905
2006-05-05;129.01;4.275;-20.919;-18.292
2006-05-08;128.72;4.291;-19.887;-17.421
2006-05-09;128.59;4.298;-20.738;-18.179
2006-05-10;129.24;4.261;;
2006-05-11;127.87;4.339;-21.637;-19.053
2006-05-12;127.39;4.367;-21.164;-18.703
2006-05-15;128.17;4.322;-21.237;-18.704
2006-05-16;128.84;4.283;-20.22;-17.748
2006-05-17;127.17;4.379;;
2006-05-18;127.67;4.35;;
2006-05-19;128.41;4.307;-22.434;-19.774
2006-05-22;129.57;4.241;;
2006-05-23;129.55;4.242;-21.946;-19.225
2006-05-24;130.3;4.2;-21.845;-19.037
2006-05-25;130.36;4.196;-23.604;-20.568
2006-05-26;130.29;4.2;-22.001;-19.175
2006-05-29;130.18;4.206;-21.386;-18.653
2006-05-30;129.36;4.252;-21.581;-18.913
2006-05-31;128.74;4.287;-23.488;-20.647
2006-06-01;128.53;4.299;-22.352;-19.663
2006-06-02;129.78;4.228;-22.768;-19.888
2006-06-05;129.16;4.263;-24.47;-21.438
2006-06-06;128.79;4.284;-24.114;-21.163
2006-06-07;128.51;4.299;-22.415;-19.702
2006-06-08;129.768;4.228;-25.248;-22.048
2006-06-09;129.654;4.234;-23.134;-20.218
2006-06-12;129.972;4.216;-23.032;-20.101
2006-06-13;130.82;4.168;-24.492;-21.275
2006-06-14;130.311;4.197;-24.736;-21.538
2006-06-15;129.473;4.244;-24.591;-21.5
2006-06-16;129.661;4.233;-24.848;-21.702
2006-06-19;129.14;4.262;-22.719;-19.84
2006-06-20;128.79;4.282;-23.232;-20.371
2006-06-21;128.44;4.302;-23.382;-20.539
2006-06-22;127.59;4.351;-23.172;-20.459
2006-06-23;127.3;4.367;-22.076;-19.512
2006-06-26;127.19;4.374;-21.927;-19.385
2006-06-27;127.35;4.364;-23.654;-20.885
2006-06-28;127.44;4.359;-25.172;-22.216
2006-06-29;127.89;4.333;-22.378;-19.693
2006-06-30;128.03;4.324;-23.911;-21.013
2006-07-03;127.76;4.34;-23.292;-20.491
2006-07-04;127.93;4.33;-24.477;-21.517
2006-07-05;126.956;4.386;-23.475;-20.744
2006-07-06;127.414;4.359;-24.451;-21.535
2006-07-07;128.208;4.313;-24.871;-21.813
2006-07-10;127.776;4.338;-23.83;-20.951
2006-07-11;128.23;4.312;-25.181;-22.101
2006-07-12;127.58;4.349;-23.504;-20.701
2006-07-13;128.104;4.319;-22.751;-20.002
2006-07-14;128.965;4.269;-24.662;-21.586
2006-07-17;128.664;4.286;-23.08;-20.232
2006-07-18;128.459;4.298;-23.744;-20.826
2006-07-19;129.009;4.266;-23.344;-20.409
2006-07-20;129.085;4.262;;-19.993
2006-07-21;129.566;4.234;;
2006-07-24;129.584;4.233;-25.479;-22.211
2006-07-25;129.429;4.242;-24.753;-21.597
2006-07-26;128.979;4.267;;
2006-07-27;129.45;4.24;-24.248;-21.169
2006-07-28;129.949;4.212;-24.427;-21.255
2006-07-31;130.048;4.206;-24.948;-21.696
2006-08-01;129.933;4.213;-24.082;-20.96
2006-08-02;129.938;4.212;-24.474;-21.292
2006-08-03;129.381;4.243;-25.27;-22.031
2006-08-04;130.648;4.172;;
2006-08-07;130.585;4.175;;-22.47
2006-08-08;130.619;4.173;-24.69;-21.384
2006-08-09;130.067;4.204;-23.906;-20.762
2006-08-10;130.1;4.202;-24.435;-21.22
2006-08-11;129.418;4.24;-25.222;-21.972
2006-08-14;129.063;4.26;-24.63;-21.491
2006-08-15;129.653;4.227;-24.46;-21.276
2006-08-16;130.305;4.19;-24.395;-21.143
2006-08-17;130.589;4.173;-24.547;-21.229
2006-08-18;131.009;4.15;-24.101;-20.793
2006-08-21;131.722;4.11;-23.856;-20.5
2006-08-22;132.522;4.066;-25.449;-21.797
2006-08-23;132.183;4.084;-23.148;-19.865
2006-08-24;132.532;4.065;-24.337;-20.84
2006-08-25;132.72;4.054;-24.169;-20.68
2006-08-28;132.665;4.057;-23.803;-20.376
2006-08-29;132.04;4.091;;
2006-08-30;132.472;4.067;-24.466;-20.953
2006-08-31;133.183;4.028;-24.061;-20.527
2006-09-01;133.597;4.005;-24.484;-20.837
2006-09-04;133.517;4.009;-24.045;-20.465
2006-09-05;132.859;4.045;-24.622;-21.021
2006-09-06;132.123;4.086;-22.816;-19.55
2006-09-07;132.531;4.063;-23.363;-19.968
2006-09-08;133.181;4.027;-24.465;-20.821
2006-09-11;133.077;4.033;-23.444;-19.943
2006-09-12;132.381;4.071;;
2006-09-13;133.301;4.02;-23.446;-19.918
2006-09-14;133.39;4.015;-23.463;-19.912
2006-09-15;133.73;3.996;;
2006-09-18;132.986;4.037;-22.063;-18.741
2006-09-19;133.884;3.988;-22.409;-18.947
2006-09-20;133.941;3.984;-24.234;-20.485
2006-09-21;134.066;3.977;;
2006-09-22;135.164;3.918;-23.289;-19.588
2006-09-25;135.525;3.898;-22.501;-18.903
2006-09-26;135.838;3.881;-23.437;-19.634
2006-09-27;135.663;3.89;-23.066;-19.331
2006-09-28;135.304;3.91;;
2006-09-29;134.989;3.926;-23.575;-19.822
2006-10-02;135.408;3.904;-24.45;-20.507
2006-10-03;134.512;3.952;-22.887;-19.291
2006-10-04;135.293;3.909;-22.904;-19.225
2006-10-05;134.99;3.925;-23.875;-20.074
2006-10-06;134.291;3.963;-24.464;-20.644
2006-10-09;134.383;3.958;-23.726;-20.002
2006-10-10;133.525;4.005;-23.775;-20.122
2006-10-11;133.697;3.995;;
2006-10-12;133.826;3.988;-24.46;-20.66
2006-10-13;133.339;4.014;-24.257;-20.542
2006-10-16;133.288;4.017;-23.44;-19.856
2006-10-17;133.918;3.982;-25.239;-21.309
2006-10-18;133.547;4.002;-24.352;-20.61
2006-10-19;133.061;4.029;-24.138;-20.484
2006-10-20;133.323;4.014;-25.357;-21.477
2006-10-23;132.687;4.049;-24.874;-21.127
2006-10-24;132.79;4.043;-25.146;-21.344
2006-10-25;132.719;4.047;-23.452;-19.912
2006-10-26;133.222;4.019;-24.427;-20.675
2006-10-27;134.332;3.958;-24.178;-20.331
2006-10-30;134.76;3.935;-23.276;-19.517
2006-10-31;135.815;3.878;-22.771;-18.986
2006-11-01;136.459;3.843;-21.852;-18.163
2006-11-02;135.525;3.893;-22.081;-18.45
2006-11-03;134.906;3.926;-22.606;-18.935
2006-11-06;134.615;3.942;;
2006-11-07;135.596;3.889;-21.035;-17.539
2006-11-08;135.295;3.905;;
2006-11-09;135.534;3.892;-21.223;-17.702
2006-11-10;135.824;3.876;-21.9;-18.257
2006-11-13;135.335;3.902;-21.976;-18.371
2006-11-14;135.855;3.874;-22.397;-18.674
2006-11-15;135.353;3.901;-21.776;-18.207
2006-11-16;135.254;3.906;;
2006-11-17;136.008;3.865;-22.334;-18.592
2006-11-20;136.09;3.861;-21.374;-17.795
2006-11-21;136.119;3.859;-21.783;-18.129
2006-11-22;135.88;3.872;-21.17;-17.653
2006-11-23;135.411;3.897;;
2006-11-24;135.961;3.867;-21.731;-18.12
2006-11-27;135.463;3.894;;
2006-11-28;135.801;3.875;-20.485;-17.104
2006-11-29;135.457;3.893;-22.261;-18.614
2006-11-30;135.901;3.869;-20.719;-17.291
2006-12-01;136.488;3.838;-21.488;-17.88
2006-12-04;136.21;3.853;-21.457;-17.892
2006-12-05;136.173;3.854;-21.602;-18.01
2006-12-06;136.07;3.86;;-19.508
2006-12-07;135.694;3.88;-22.72;-18.967
2006-12-08;135.458;3.892;;
2006-12-11;135.099;3.911;-22.964;-19.227
2006-12-12;135.292;3.901;-22.612;-18.908
2006-12-13;135.167;3.907;;
2006-12-14;134.658;3.935;-22.611;-18.943
2006-12-15;134.219;3.958;-22.473;-18.877
2006-12-18;133.73;3.985;-21.695;-18.266
2006-12-19;133.049;4.022;-21.999;-18.593
2006-12-20;133.072;4.021;-22.286;-18.831
2006-12-21;132.718;4.04;;
2006-12-22;132.452;4.055;-22.188;-18.816
2006-12-25;132.451;4.055;-21.269;-18.038
2006-12-26;132.451;4.055;-21.269;-18.038
2006-12-27;131.856;4.087;-22.372;-19.036
2006-12-28;131.35;4.116;;
2006-12-29;131.329;4.117;-22.16;-18.92
2007-01-01;131.809;4.09;;
2007-01-02;131.929;4.083;-22.738;-19.344
2007-01-03;131.659;4.098;-22.34;-19.055
2007-01-04;131.98;4.08;-22.856;-19.448
2007-01-05;131.106;4.129;-22.656;-19.382
2007-01-08;131.179;4.124;-22.607;-19.321
2007-01-09;130.513;4.162;-21.948;-18.823
2007-01-10;130.229;4.178;-21.624;-18.584
2007-01-11;130.174;4.18;-22.345;-19.2
2007-01-12;129.293;4.231;-22.313;-19.294
2007-01-15;129.479;4.22;-22.08;-19.063
2007-01-16;129.848;4.199;-21.545;-18.554
2007-01-17;129.81;4.2;-22.826;-19.662
2007-01-18;129.402;4.224;;
2007-01-19;129.87;4.197;-24.04;-20.703
2007-01-22;130.392;4.167;-22.564;-19.371
2007-01-23;130.582;4.156;-24.264;-20.796
2007-01-24;130.221;4.176;-23.661;-20.325
2007-01-25;129.569;4.213;-21.899;-18.839
2007-01-26;129.254;4.231;-24.765;-21.396
2007-01-29;128.591;4.269;-23.46;-20.334
2007-01-30;128.701;4.263;-24.705;-21.435
2007-01-31;128.921;4.25;-23.314;-20.177
2007-02-01;128.977;4.246;-24.595;-21.298
2007-02-02;129.331;4.226;;
2007-02-05;129.612;4.209;-23.146;-19.99
2007-02-06;129.76;4.201;-23.822;-20.574
2007-02-07;129.955;4.189;-23.513;-20.272
2007-02-08;129.837;4.196;-24.54;-21.154
2007-02-09;129.106;4.238;-21.634;-18.682
2007-02-12;128.671;4.263;-21.57;-18.685
2007-02-13;128.368;4.28;;
2007-02-14;128.89;4.25;-23.839;-20.678
2007-02-15;129.744;4.2;-24.813;-21.426
2007-02-16;129.627;4.207;-22.629;-19.514
2007-02-19;129.353;4.222;-22.054;-19.05
2007-02-20;129.571;4.21;-24.515;-21.194
2007-02-21;129.744;4.199;-22.76;-19.622
2007-02-22;129.165;4.233;-23.15;-20.005
2007-02-23;129.884;4.191;-24.615;-21.232
2007-02-26;130.683;4.145;-23.752;-20.39
2007-02-27;131.191;4.116;-22.195;-19.023
2007-02-28;131.123;4.12;-24.055;-20.609
2007-03-01;131.185;4.116;-24.587;-21.06
2007-03-02;131.186;4.116;-23.563;-20.206
2007-03-05;131.509;4.098;-22.845;-19.544
2007-03-06;131.486;4.099;-25.178;-21.547
2007-03-07;131.256;4.111;;
2007-03-08;131.035;4.124;-23.063;-19.796
2007-03-09;130.526;4.152;;
2007-03-12;130.975;4.127;-24.004;-20.609
2007-03-13;131.459;4.099;-24.585;-21.078
2007-03-14;131.681;4.086;;
2007-03-15;131.305;4.107;-24.52;-20.998
2007-03-16;131.475;4.098;-25.04;-21.408
2007-03-19;131.11;4.118;-24.611;-21.075
2007-03-20;131.437;4.099;-24.481;-20.928
2007-03-21;131.034;4.122;-22.312;
2007-03-22;130.297;4.164;-25.121;-21.634
2007-03-23;129.368;4.217;-24.438;-21.162
2007-03-26;129.296;4.221;-24.914;-21.585
2007-03-27;128.992;4.238;-23.531;-20.42
2007-03-28;128.802;4.249;-23.728;-20.593
2007-03-29;128.486;4.267;-23.482;-20.436
2007-03-30;128.537;4.264;-24.677;-21.455
2007-04-02;128.293;4.278;-22.523;-19.587
2007-04-03;127.646;4.316;-21.571;-18.845
2007-04-04;127.999;4.295;-21.931;-19.129
2007-04-05;127.583;4.319;-21.057;-18.397
2007-04-06;127.551;4.321;-21.151;-18.209
2007-04-09;127.564;4.32;-21.238;-18.283
2007-04-10;127.064;4.35;-21.967;-19.263
2007-04-11;126.781;4.366;-21.983;-19.29
2007-04-12;126.074;4.408;-20.285;-17.849
2007-04-13;125.201;4.461;-21.14;-18.712
2007-04-16;125.627;4.435;-22.98;-20.333
2007-04-17;126.089;4.407;-24.769;-21.885
2007-04-18;126.678;4.371;-23.18;-20.368
2007-04-19;126.04;4.409;-19.762;-17.367
2007-04-20;125.99;4.412;-22.846;-20.158
2007-04-23;126.587;4.376;-24.229;-21.307
2007-04-24;126.82;4.362;-23.03;-20.2
2007-04-25;126.437;4.385;-23.931;-21.03
2007-04-26;125.964;4.413;-23.999;-21.134
2007-04-27;126.053;4.407;-22.396;-19.713
2007-04-30;127.179;4.34;-21.55;-18.848
2007-05-01;127.246;4.336;-22.424;-19.284
2007-05-02;126.067;4.406;-22.773;-20.041
2007-05-03;125.698;4.428;-22.345;-19.711
2007-05-04;126.322;4.391;-22.347;-19.64
2007-05-07;126.054;4.407;-21.295;-18.737
2007-05-08;126.301;4.392;-22.534;-19.788
2007-05-09;126.094;4.404;-24.116;-21.219
2007-05-10;126.022;4.408;-21.423;-18.869
2007-05-11;125.837;4.419;-23.252;-20.49
2007-05-14;125.165;4.459;-22.696;-20.075
2007-05-15;124.74;4.485;-22.339;-19.797
2007-05-16;124.755;4.484;-22.526;-19.956
2007-05-17;124.723;4.486;-24.12;-21.363
2007-05-18;124.723;4.486;-24.53;-21.728
2007-05-21;124.481;4.5;-21.767;-19.311
2007-05-22;124.26;4.514;-24.232;-21.517
2007-05-23;123.817;4.541;-21.85;-19.441
2007-05-24;123.964;4.531;-21.969;-19.534
2007-05-25;123.696;4.548;-24.294;-21.623
2007-05-28;123.603;4.553;-23.678;-21.081
2007-05-29;123.552;4.557;-22.89;-20.385
2007-05-30;123.569;4.555;-23.412;-20.85
2007-05-31;123.28;4.573;-22.706;-20.245
2007-06-01;122.693;4.609;-24.008;-21.475
2007-06-04;122.757;4.605;-23.759;-21.241
2007-06-05;122.157;4.643;-22.44;-20.137
2007-06-06;122.523;4.619;-21.204;-18.997
2007-06-07;121.138;4.707;-22.474;-20.304
2007-06-08;120.576;4.743;-20.918;-18.966
2007-06-11;120.628;4.739;-22.932;-20.797
2007-06-12;119.868;4.788;-24.514;-22.328
2007-06-13;119.303;4.824;-22.6;-20.663
2007-06-14;119.161;4.833;-24.411;-22.344
2007-06-15;118.81;4.856;-22.193;-20.39
2007-06-18;118.572;4.872;-23.07;-21.238
2007-06-19;119.322;4.823;-19.938;-18.257
2007-06-20;119.245;4.827;-22.199;-20.309
2007-06-21;119.262;4.826;-24.279;-22.202
2007-06-22;119.139;4.834;-21.35;-19.563
2007-06-25;119.718;4.796;-23.316;-21.283
2007-06-26;120.033;4.776;-24.561;-22.382
2007-06-27;120.84;4.724;-28.032;-25.408
2007-06-28;120.795;4.727;-27.042;-24.484
2007-06-29;120.749;4.73;-25.958;-23.528
2007-07-02;121.677;4.67;-25.181;-22.677
2007-07-03;120.778;4.727;-26.903;-24.362
2007-07-04;120.245;4.761;-27.571;-25.035
2007-07-05;119.636;4.801;-27.894;-25.418
2007-07-06;119.344;4.82;-26.602;-24.252
2007-07-09;119.417;4.815;-26.156;-23.85
2007-07-10;120.601;4.738;-26.098;-23.635
2007-07-11;120.588;4.739;-28.939;-26.21
2007-07-12;119.977;4.778;-31.153;-28.318
2007-07-13;120.131;4.768;-28.316;-25.709
2007-07-16;120.627;4.736;-26.054;-23.588
2007-07-17;120.453;4.747;-29.024;-26.3
2007-07-18;121.26;4.695;-32.675;-29.459
2007-07-19;121.246;4.696;-30.003;-27.042
2007-07-20;122.905;4.591;-31.863;-28.451
2007-07-23;122.732;4.602;-31.502;-28.159
2007-07-24;122.836;4.595;-30.066;-26.879
2007-07-25;123.214;4.571;-33.729;-30.074
2007-07-26;124.314;4.503;;
2007-07-27;124.225;4.509;;
2007-07-30;124.479;4.493;;
2007-07-31;124.072;4.518;-32.62;-28.971
2007-08-01;123.944;4.525;-36.245;-32.177
2007-08-02;123.551;4.55;-32.44;-28.876
2007-08-03;124.368;4.499;-32.824;-29.083
2007-08-06;124.176;4.511;;
2007-08-07;123.885;4.529;-34.624;-30.746
2007-08-08;122.772;4.598;-31.442;-28.093
2007-08-09;123.129;4.575;-32.616;-29.118
2007-08-10;123.33;4.563;-35.046;-31.301
2007-08-13;123.018;4.582;-30.535;-27.306
2007-08-14;123.229;4.569;-33.846;-30.255
2007-08-15;123.436;4.555;-31.423;-28.071
2007-08-16;124.307;4.501;-37.286;-33.157
2007-08-17;123.478;4.553;-33.488;-29.974
2007-08-20;123.299;4.564;-31.219;-27.98
2007-08-21;123.822;4.531;-32.456;-29.033
2007-08-22;123.335;4.561;-32.016;-28.674
2007-08-23;123.554;4.547;-28.785;-25.721
2007-08-24;123.61;4.544;-30.137;-26.933
2007-08-27;123.852;4.529;-26.784;-23.907
2007-08-28;123.861;4.528;;
2007-08-29;123.431;4.554;-29.859;-26.751
2007-08-30;123.483;4.551;-24.847;-22.249
2007-08-31;123.504;4.55;-28.457;-25.447
2007-09-03;123.114;4.574;-27.631;-24.781
2007-09-04;122.784;4.595;-26.886;-24.169
2007-09-05;123.691;4.538;-27.911;-24.95
2007-09-06;123.577;4.545;-28.039;-25.093
2007-09-07;124.665;4.477;-26.589;-23.671
2007-09-10;125.424;4.431;-25.937;-22.972
2007-09-11;124.816;4.468;-23.506;-20.89
2007-09-12;124.476;4.488;-24.087;-21.464
2007-09-13;124.173;4.507;-25.229;-22.505
2007-09-14;124.381;4.494;-27.068;-24.136
2007-09-17;124.788;4.469;-25.839;-22.97
2007-09-18;123.85;4.527;-23.382;-20.916
2007-09-19;122.533;4.609;;
2007-09-20;121.766;4.657;-22.826;-20.661
2007-09-21;121.352;4.683;-22.047;-20.027
2007-09-24;121.244;4.69;-23.135;-21.025
2007-09-25;121.94;4.646;-26.057;-23.581
2007-09-26;121.19;4.693;-23.973;-21.791
2007-09-27;121.481;4.675;-23.354;-21.174
2007-09-28;122.307;4.622;;
2007-10-01;122.253;4.626;-25.437;-22.961
2007-10-02;122.444;4.613;-24.106;-21.724
2007-10-03;122.219;4.627;-24.974;-22.546
2007-10-04;122.997;4.578;-24.347;-21.879
2007-10-05;122.209;4.628;-24.475;-22.098
2007-10-08;122.222;4.627;-23.023;-20.781
2007-10-09;122.803;4.59;-26.007;-23.366
2007-10-10;122.344;4.619;-22.709;-20.458
2007-10-11;121.79;4.654;-23.729;-21.462
2007-10-12;121.399;4.679;-25.705;-23.272
2007-10-15;121.212;4.691;-23.044;-20.886
2007-10-16;120.716;4.722;-22.105;-20.12
2007-10-17;121.386;4.679;-22.353;-20.254
2007-10-18;122.347;4.618;-24.559;-22.137
2007-10-19;123.833;4.525;-23.571;-21.075
2007-10-22;124.235;4.5;-25.327;-22.586
2007-10-23;124.106;4.507;-24.86;-22.184
2007-10-24;124.917;4.457;-28.688;-25.5
2007-10-25;124.7;4.47;-27.14;-24.153
2007-10-26;124.64;4.474;-28.019;-24.939
2007-10-29;124.564;4.478;-27.369;-24.372
2007-10-30;124.316;4.494;-26.587;-23.705
2007-10-31;123.732;4.53;;
2007-11-01;124.132;4.505;-26.337;-23.502
2007-11-02;124.508;4.481;-30.424;-27.089
2007-11-05;124.569;4.478;-31.226;-27.789
2007-11-06;124.285;4.495;-30.155;-26.889
2007-11-07;124.446;4.485;-26.978;-24.079
2007-11-08;124.57;4.477;-27.099;-24.153
2007-11-09;124.849;4.46;-27.775;-24.741
2007-11-12;124.783;4.464;-28.665;-25.555
2007-11-13;124.508;4.481;-28.02;-25.012
2007-11-14;124.273;4.495;-27.843;-24.871
2007-11-15;124.395;4.487;-28.892;-25.827
2007-11-16;124.362;4.489;-29.995;-26.832
2007-11-19;124.947;4.453;-29.078;-25.951
2007-11-20;124.71;4.467;-29.436;-26.298
2007-11-21;124.864;4.458;-32.874;-29.39
2007-11-22;124.506;4.48;-29.611;-26.541
2007-11-23;124.351;4.489;-29.108;-26.1
2007-11-26;124.553;4.477;-30.335;-27.163
2007-11-27;124.226;4.497;-32.497;-29.156
2007-11-28;123.189;4.561;-31.274;-28.227
2007-11-29;123.825;4.521;-30.269;-27.219
2007-11-30;122.906;4.579;-30.392;-27.479
2007-12-03;123.864;4.519;-28.307;-25.445
2007-12-04;124.434;4.483;-32.223;-28.873
2007-12-05;124.352;4.488;-27.328;-24.5
2007-12-06;123.837;4.52;-26.273;-23.598
2007-12-07;122.437;4.608;-24.692;-22.339
2007-12-10;121.666;4.657;;
2007-12-11;122.069;4.631;-25.599;-23.177
2007-12-12;121.189;4.687;-23.534;-21.401
2007-12-13;121.656;4.657;-25.186;-22.825
2007-12-14;121.33;4.678;-25.464;-23.107
2007-12-17;121.771;4.65;-25.289;-22.88
2007-12-18;122.164;4.625;-25.729;-23.228
2007-12-19;122.264;4.618;-26.378;-23.826
2007-12-20;122.794;4.584;-28.166;-25.359
2007-12-21;121.752;4.65;-28.044;-25.422
2007-12-24;121.714;4.653;-28.568;-25.899
2007-12-25;121.726;4.652;-28.767;-26.089
2007-12-26;121.726;4.652;-28.767;-26.089
2007-12-27;121.224;4.684;-29.334;-26.677
2007-12-28;121.799;4.647;-28.725;-26.043
2007-12-31;121.825;4.645;-28.933;-26.237
2008-01-01;121.811;4.646;-28.83;-26.147
2008-01-02;123.33;4.549;-26.092;-23.48
2008-01-03;123.204;4.557;-23.382;-21.074
2008-01-04;123.74;4.523;-24.567;-22.097
2008-01-07;123.71;4.525;-24.896;-22.407
2008-01-08;123.198;4.557;-25.285;-22.825
2008-01-09;123.976;4.508;-27.944;-25.142
2008-01-10;123.813;4.518;-28.049;-25.261
2008-01-11;123.741;4.522;-26.787;-24.154
2008-01-14;124.062;4.502;-26.317;-23.717
2008-01-15;124.394;4.481;-26.162;-23.554
2008-01-16;124.807;4.455;-23.583;-21.206
2008-01-17;124.762;4.458;-22.447;-20.22
2008-01-18;124.709;4.461;-23.404;-21.09
2008-01-21;125.421;4.417;-25.741;-23.136
2008-01-22;123.958;4.508;-23.608;-21.413
2008-01-23;124.965;4.444;-24.262;-21.893
2008-01-24;123.807;4.516;-23.718;-21.495
2008-01-25;124.221;4.49;-22.471;-20.29
2008-01-28;124.555;4.469;-25.649;-23.123
2008-01-29;123.864;4.512;-22.534;-20.401
2008-01-30;123.46;4.537;-23.211;-21.07
2008-01-31;124.818;4.452;-24.099;-21.709
2008-02-01;125.261;4.425;-26.189;-23.536
2008-02-04;125.135;4.433;-25.271;-22.712
2008-02-05;126.281;4.362;-26.871;-24.016
2008-02-06;125.652;4.4;-24.965;-22.385
2008-02-07;125.51;4.409;-28.054;-25.214
2008-02-08;125.863;4.387;-25.942;-23.289
2008-02-11;125.795;4.391;;
2008-02-12;124.455;4.474;-24.704;-22.368
2008-02-13;124.141;4.493;-27.021;-24.503
2008-02-14;123.631;4.525;-23.991;-21.8
2008-02-15;124.128;4.493;-25.249;-22.888
2008-02-18;123.325;4.544;-24.28;-22.105
2008-02-19;123.693;4.52;-25.797;-23.385
2008-02-20;123.3;4.545;-23.353;-21.224
2008-02-21;123.662;4.522;-21.173;-19.201
2008-02-22;123.478;4.533;-21.752;-19.768
2008-02-25;122.777;4.578;-17.96;-16.389
2008-02-26;122.152;4.617;-15.495;-14.198
2008-02-27;121.838;4.637;-15.752;-14.388
2008-02-28;123.169;4.552;-15.443;-13.996
2008-02-29;124.542;4.466;-18.863;-16.988
2008-03-03;124.856;4.446;-20.506;-18.428
2008-03-04;124.842;4.447;-19.298;-17.354
2008-03-05;123.569;4.526;-15.633;-14.147
2008-03-06;124.401;4.474;-20.679;-18.62
2008-03-07;124.28;4.481;-21.527;-19.427
2008-03-10;124.775;4.45;-21.874;-19.696
2008-03-11;124.408;4.473;-18.892;-16.99
2008-03-12;124.791;4.449;-17.558;-15.74
2008-03-13;124.629;4.459;-20.418;-18.33
2008-03-14;124.858;4.444;-19.066;-17.079
2008-03-17;124.333;4.477;-13.432;-12.069
2008-03-18;123.652;4.519;-11.68;-10.508
2008-03-19;124.56;4.462;-12.773;-11.424
2008-03-20;125.425;4.408;-15.523;-13.782
2008-03-21;125.458;4.406;;
2008-03-24;125.547;4.401;-15.679;-13.877
2008-03-25;123.907;4.503;-14.624;-13.08
2008-03-26;123.153;4.55;-14.952;-13.46
2008-03-27;121.883;4.631;-11.045;-10.022
2008-03-28;122.33;4.602;-12.557;-11.365
2008-03-31;122.845;4.569;-13.418;-12.117
2008-04-01;122.52;4.59;-12.962;-11.711
2008-04-02;122.685;4.579;-13.987;-12.618
2008-04-03;122.439;4.594;-15.279;-13.823
2008-04-04;123.029;4.557;-16.659;-15.016
2008-04-07;122.468;4.592;-17.273;-15.621
2008-04-08;122.461;4.593;-16.476;-14.898
2008-04-09;122.455;4.593;-13.469;-12.182
2008-04-10;122.821;4.569;-19.345;-17.476
2008-04-11;123.973;4.496;-19.507;-17.51
2008-04-14;123.905;4.5;-22.115;-19.869
2008-04-15;123.057;4.554;-21.46;-19.355
2008-04-16;121.846;4.631;-20.282;-18.407
2008-04-17;121.171;4.674;;
2008-04-18;120.716;4.704;-18.228;-16.618
2008-04-21;120.889;4.692;-17.999;-16.401
2008-04-22;120.875;4.693;-19.592;-17.84
2008-04-23;120.67;4.706;-20.263;-18.482
2008-04-24;119.936;4.754;-19.253;-17.628
2008-04-25;119.939;4.754;-19.124;-17.515
2008-04-28;119.699;4.77;-17.713;-16.253
2008-04-29;120.739;4.701;-19.965;-18.228
2008-04-30;121.297;4.665;-20.141;-18.31
2008-05-01;121.407;4.658;-20.907;-19.005
2008-05-02;120.543;4.714;-18.432;-16.821
2008-05-05;121.206;4.67;-20.201;-18.357
2008-05-06;121.492;4.652;-19.75;-17.925
2008-05-07;121.031;4.681;-17.261;-15.719
2008-05-08;122.427;4.591;-19.423;-17.549
2008-05-09;123.18;4.543;-18.562;-16.683
2008-05-12;122.682;4.574;-15.713;-14.151
2008-05-13;121.429;4.655;-14.522;-13.168
2008-05-14;120.403;4.722;-15.094;-13.763
2008-05-15;119.941;4.752;;
2008-05-16;120.693;4.702;-13.028;-11.845
2008-05-19;120.178;4.736;;
2008-05-20;120.649;4.705;-13.914;-12.652
2008-05-21;119.689;4.768;-13.68;-12.501
2008-05-22;119.488;4.781;-14.364;-13.139
2008-05-23;120.047;4.744;-17.647;-16.088
2008-05-26;119.771;4.762;-18.587;-16.973
2008-05-27;119.521;4.779;-18.96;-17.345
2008-05-28;118.909;4.819;-19.676;-18.062
2008-05-29;117.776;4.895;-16.91;-15.616
2008-05-30;118.269;4.862;-17.736;-16.314
2008-06-02;118.984;4.814;-14.146;-12.95
2008-06-03;117.834;4.891;-10.414;-9.578
2008-06-04;118.304;4.859;-13.174;-12.096
2008-06-05;117.99;4.88;;
2008-06-06;119.812;4.758;-10.126;-9.09
2008-06-09;119.481;4.78;;
2008-06-10;118.788;4.826;-17.614;-15.901
2008-06-11;117.362;4.922;-17.517;-16.038
2008-06-12;117.083;4.941;-11.114;-10.15
2008-06-13;117.031;4.945;-11.33;-10.328
2008-06-16;117.944;4.882;-14.117;-12.767
2008-06-17;118.271;4.86;-11.67;-10.536
2008-06-18;118.609;4.837;-13.448;-12.121
2008-06-19;118.174;4.866;-14.354;-12.953
2008-06-20;118.632;4.835;-16.676;-15.034
2008-06-23;118.363;4.853;-17.458;-15.778
2008-06-24;117.93;4.883;-16.937;-15.392
2008-06-25;117.904;4.884;-18.074;-16.427
2008-06-26;118.589;4.838;-16.741;-15.176
2008-06-27;117.682;4.899;-17.368;-15.868
2008-06-30;116.869;4.954;-12.69;-11.591
2008-07-01;117.052;4.942;-12.96;-11.819
2008-07-02;116.912;4.951;-15.817;-14.424
2008-07-03;117.671;4.899;-15.5;-14.135
2008-07-04;117.82;4.889;-13.426;-12.222
2008-07-07;118.544;4.84;-12.486;-11.341
2008-07-08;118.706;4.829;-17.213;-15.631
2008-07-09;118.895;4.816;-16.628;-15.074
2008-07-10;118.939;4.813;-19.935;-18.08
2008-07-11;118.638;4.833;-21.403;-19.452
2008-07-14;118.613;4.835;-12.527;-11.374
2008-07-15;118.455;4.845;-13.564;-12.341
2008-07-16;118.6;4.835;-15.291;-13.891
2008-07-17;118.134;4.867;-17.251;-15.708
2008-07-18;116.783;4.959;-9.214;-8.415
2008-07-21;116.556;4.974;-11.506;-10.508
2008-07-22;116.476;4.98;-11.025;-10.067
2008-07-23;116.342;4.989;-10.113;-9.248
2008-07-24;117.201;4.929;-11.409;-10.415
2008-07-25;116.61;4.97;-13.715;-12.576
2008-07-28;117.472;4.911;-15.389;-14.07
2008-07-29;118.095;4.868;-14.431;-13.138
2008-07-30;119.088;4.801;-15.589;-14.12
2008-07-31;119.79;4.754;-17.379;-15.683
2008-08-01;119.529;4.772;-13.884;-12.545
2008-08-04;119.916;4.746;-18.991;-17.138
2008-08-05;120.076;4.735;-16.896;-15.229
2008-08-06;119.599;4.766;-15.617;-14.123
2008-08-07;119.916;4.745;-17.868;-16.245
2008-08-08;119.623;4.765;-18.159;-16.566
2008-08-11;119.641;4.763;-19.499;-17.766
2008-08-12;120.336;4.717;-19.545;-17.74
2008-08-13;120.387;4.714;-20.305;-18.443
2008-08-14;120.372;4.714;-15.845;-14.38
2008-08-15;120.625;4.698;-13.028;-11.801
2008-08-18;120.998;4.673;-14.304;-12.929
2008-08-19;120.412;4.711;-15.569;-14.128
2008-08-20;121.197;4.66;-16.095;-14.529
2008-08-21;120.53;4.703;-16.937;-15.337
2008-08-22;120.435;4.709;-16.438;-14.843
2008-08-25;121.359;4.649;-14.734;-13.237
2008-08-26;121.202;4.659;-14.479;-13.04
2008-08-27;120.674;4.693;-13.746;-12.392
2008-08-28;121.08;4.666;-11.431;-10.244
2008-08-29;121.383;4.647;-10.851;-9.697
2008-09-01;121.862;4.615;-10.904;-9.732
2008-09-02;121.616;4.631;-10.37;-9.271
2008-09-03;121.152;4.661;-9.766;-8.758
2008-09-04;121.813;4.618;-8.444;-7.544
2008-09-05;122.455;4.576;-16.705;-14.929
2008-09-08;121.512;4.637;-9.452;-8.469
2008-09-09;121.773;4.62;-12.607;-11.309
2008-09-10;121.423;4.643;-12.851;-11.548
2008-09-11;120.734;4.688;-10.233;-9.229
2008-09-12;119.324;4.781;-10.154;-9.24
2008-09-15;120.217;4.722;-16.018;-14.517
2008-09-16;121.428;4.642;-17.348;-15.563
2008-09-17;120.743;4.687;-17.964;-16.189
2008-09-18;119.545;4.766;-18.374;-16.666
2008-09-19;117.9;4.877;-16.349;-14.971
2008-09-22;116.89;4.946;-8.715;-8.015
2008-09-23;117.208;4.924;-11.435;-10.514
2008-09-24;118.668;4.825;-14.07;-12.814
2008-09-25;118.162;4.859;-10.599;-9.664
2008-09-26;118.832;4.813;-6.87;-6.226
2008-09-29;121.087;4.663;-3.581;-3.176
2008-09-30;120.846;4.679;0.502;0.486
2008-10-01;122.105;4.596;-5.087;-4.48
2008-10-02;123.217;4.524;;
2008-10-03;124.085;4.469;-5.513;-4.798
2008-10-06;126.669;4.307;-4.292;-3.67
2008-10-07;127.866;4.233;1.465;1.282
2008-10-08;127.514;4.254;-13.193;-11.26
2008-10-09;125.691;4.367;-7.531;-6.484
2008-10-10;121.895;4.609;-5.95;-5.264
2008-10-13;120.836;4.678;-0.105;-0.057
2008-10-14;120.013;4.733;2.381;2.182
2008-10-15;119.007;4.8;7.906;7.226
2008-10-16;119.099;4.794;6.606;6.063
2008-10-17;120.38;4.708;-1.967;-1.744
2008-10-20;120.32;4.712;0.098;0.125
2008-10-21;121.052;4.663;6.92;6.288
2008-10-22;122.684;4.557;6.211;5.599
2008-10-23;124.417;4.446;16.84;14.84
2008-10-24;124.464;4.442;10.653;9.407
2008-10-27;123.939;4.476;5.979;5.332
2008-10-28;124.392;4.447;12.103;10.701
2008-10-29;123.513;4.503;20.386;18.105
2008-10-30;124.113;4.464;15.682;13.892
2008-10-31;121.0;4.666;16.167;14.616
2008-11-03;122.261;4.583;17.362;15.575
2008-11-04;122.809;4.547;11.293;10.114
2008-11-05;122.226;4.585;14.995;13.495
2008-11-06;122.73;4.552;20.653;18.534
2008-11-07;123.847;4.48;20.791;18.532
2008-11-10;123.796;4.483;22.766;20.341
2008-11-11;123.373;4.51;22.214;19.947
2008-11-12;123.788;4.484;23.371;20.939
2008-11-13;122.977;4.536;19.92;17.971
2008-11-14;123.375;4.51;16.748;15.077
2008-11-17;123.694;4.489;17.729;15.931
2008-11-18;123.786;4.483;13.683;12.312
2008-11-19;125.642;4.365;3.933;3.527
2008-11-20;128.054;4.216;15.275;13.345
2008-11-21;127.9;4.225;17.079;14.905
2008-11-24;127.573;4.245;3.967;3.494
2008-11-25;129.324;4.139;9.076;7.864
2008-11-26;130.958;4.041;7.87;6.759
2008-11-27;130.867;4.046;8.113;6.972
2008-11-28;131.658;3.999;2.062;1.787
2008-12-01;133.058;3.917;10.885;9.213
2008-12-02;135.632;3.77;20.661;17.172
2008-12-04;136.335;3.729;17.438;14.442
2008-12-05;136.365;3.727;18.809;15.586
2008-12-08;133.776;3.875;16.342;13.694
2008-12-09;132.282;3.961;17.015;14.408
2008-12-10;131.346;4.016;6.685;5.738
2008-12-11;130.932;4.04;6.559;5.653
2008-12-12;129.383;4.133;6.61;5.755
2008-12-15;130.021;4.094;9.455;8.205
2008-12-16;131.184;4.025;4.611;3.991
2008-12-17;133.295;3.901;3.201;2.75
2008-12-18;134.895;3.809;-3.479;-2.901
2008-12-19;133.928;3.864;-4.636;-3.899
2008-12-22;134.547;3.828;3.239;2.765
2008-12-23;134.205;3.847;0.768;0.679
2008-12-24;134.117;3.852;1.046;0.912
2008-12-25;134.108;3.852;1.097;0.956
2008-12-26;134.108;3.852;1.097;0.956
2008-12-29;134.629;3.822;7.959;6.746
2008-12-30;134.02;3.857;4.034;3.441
2008-12-31;133.868;3.865;3.523;3.012
2009-01-01;133.86;3.866;3.565;3.048
2009-01-02;134.354;3.837;3.8;3.239
2009-01-05;133.486;3.887;4.134;3.541
2009-01-06;130.256;4.077;9.536;8.295
2009-01-07;128.784;4.165;14.636;12.859
2009-01-08;130.012;4.091;19.546;17.077
2009-01-09;131.395;4.008;16.534;14.377
2009-01-12;131.167;4.022;17.559;15.316
2009-01-13;130.571;4.057;22.136;19.412
2009-01-14;130.602;4.055;18.593;16.348
2009-01-15;131.165;4.021;15.107;13.247
2009-01-16;130.559;4.057;22.918;20.177
2009-01-19;130.176;4.08;19.06;16.814
2009-01-20;129.957;4.093;24.043;21.251
2009-01-21;130.239;4.075;17.438;15.431
2009-01-22;128.622;4.173;20.863;18.632
2009-01-23;125.637;4.358;28.724;26.088
2009-01-26;125.018;4.397;26.205;23.825
2009-01-27;126.931;4.276;27.115;24.333
2009-01-28;127.915;4.215;27.269;24.3
2009-01-29;129.56;4.115;22.631;19.865
2009-01-30;128.565;4.175;28.193;24.898
2009-02-02;128.41;4.184;30.133;26.627
2009-02-03;127.986;4.21;27.506;24.341
2009-02-04;127.798;4.221;32.128;28.477
2009-02-05;127.657;4.23;28.272;25.164
2009-02-06;127.688;4.228;24.209;21.555
2009-02-09;127.774;4.222;26.69;23.681
2009-02-10;128.41;4.183;33.189;29.369
2009-02-11;129.799;4.098;28.759;25.337
2009-02-12;131.263;4.01;24.817;21.751
2009-02-13;131.455;3.999;16.283;14.264
2009-02-16;132.399;3.943;15.839;13.794
2009-02-17;133.039;3.905;24.247;21.013
2009-02-18;132.211;3.953;21.229;18.53
2009-02-19;130.233;4.071;27.942;24.595
2009-02-20;131.107;4.018;27.321;24.003
2009-02-23;130.78;4.037;25.122;22.105
2009-02-24;131.122;4.017;31.132;27.305
2009-02-25;131.29;4.006;33.135;29.045
2009-02-26;129.36;4.122;36.39;32.21
2009-02-27;129.401;4.119;36.977;32.731
2009-03-02;130.243;4.068;39.056;34.438
2009-03-03;129.82;4.094;37.369;33.065
2009-03-04;127.99;4.205;41.597;37.211
2009-03-05;129.792;4.095;47.308;41.901
2009-03-06;131.023;4.021;42.13;37.111
2009-03-09;131.006;4.022;44.875;39.484
2009-03-10;130.004;4.082;43.729;38.682
2009-03-11;128.866;4.15;45.792;40.742
2009-03-12;129.231;4.128;42.372;37.685
2009-03-13;127.888;4.21;43.44;38.977
2009-03-16;126.408;4.302;51.671;46.745
2009-03-17;125.533;4.357;51.364;46.71
2009-03-18;125.718;4.344;;
2009-03-19;127.795;4.215;44.855;40.303
2009-03-20;128.668;4.161;40.751;36.511
2009-03-23;128.494;4.171;31.971;28.709
2009-03-24;126.235;4.311;41.331;37.526
2009-03-25;126.083;4.32;43.992;39.932
2009-03-26;126.869;4.271;44.908;40.551
2009-03-27;128.607;4.163;33.302;29.868
2009-03-30;129.147;4.13;39.565;35.326
2009-03-31;129.758;4.093;33.339;29.721
2009-04-01;129.352;4.117;35.957;32.15
2009-04-02;127.411;4.236;33.498;30.23
2009-04-03;126.516;4.292;28.947;26.257
2009-04-06;126.38;4.3;32.809;29.766
2009-04-07;126.136;4.315;35.744;32.499
2009-04-08;126.342;4.302;31.97;29.024
2009-04-09;125.875;4.331;36.246;32.989
2009-04-10;125.884;4.331;35.047;31.913
2009-04-13;125.871;4.331;35.146;32.006
2009-04-14;126.527;4.29;35.235;32.017
2009-04-15;126.9;4.266;34.064;30.946
2009-04-16;126.735;4.276;36.747;33.37
2009-04-17;125.903;4.328;36.397;33.202
2009-04-20;127.574;4.224;38.866;35.113
2009-04-21;127.691;4.216;36.248;32.745
2009-04-22;127.107;4.252;40.361;36.473
2009-04-23;127.522;4.226;37.609;33.893
2009-04-24;127.637;4.219;39.532;35.642
2009-04-27;127.772;4.21;40.532;36.554
2009-04-28;128.451;4.168;37.241;33.434
2009-04-29;129.227;4.12;40.632;36.289
2009-04-30;128.766;4.148;36.612;32.809
2009-05-01;128.706;4.152;36.972;33.144
2009-05-04;127.586;4.221;34.89;31.477
2009-05-05;128.031;4.193;39.475;35.481
2009-05-06;127.412;4.231;45.379;40.996
2009-05-07;125.172;4.372;41.716;38.195
2009-05-08;124.36;4.424;40.609;37.362
2009-05-11;125.24;4.367;46.593;42.69
2009-05-12;124.901;4.389;51.728;47.487
2009-05-13;125.104;4.375;51.257;47.089
2009-05-14;125.451;4.353;46.204;42.45
2009-05-15;125.192;4.37;46.204;42.403
2009-05-18;125.274;4.364;48.749;44.782
2009-05-19;124.584;4.408;49.015;45.172
2009-05-20;124.307;4.426;46.981;43.341
2009-05-21;124.009;4.445;44.058;40.836
2009-05-22;123.649;4.468;41.735;38.703
2009-05-25;122.866;4.519;46.881;43.571
2009-05-26;122.599;4.536;46.14;42.942
2009-05-27;123.002;4.509;46.978;43.523
2009-05-28;122.767;4.525;39.693;36.909
2009-05-29;123.597;4.47;41.839;38.66
2009-06-01;121.963;4.578;44.225;41.315
2009-06-02;122.0;4.575;45.009;42.05
2009-06-03;123.911;4.449;41.157;38.009
2009-06-04;123.075;4.504;37.102;34.347
2009-06-05;122.618;4.534;31.824;29.494
2009-06-08;123.766;4.458;34.819;31.937
2009-06-09;124.219;4.429;32.994;30.21
2009-06-10;123.573;4.47;30.422;28.007
2009-06-11;123.041;4.505;33.974;31.377
2009-06-12;123.519;4.474;30.697;28.306
2009-06-15;124.477;4.412;28.998;26.664
2009-06-16;124.081;4.437;31.914;29.434
2009-06-17;124.427;4.414;28.635;26.374
2009-06-18;123.719;4.46;27.391;25.309
2009-06-19;124.049;4.438;27.362;25.315
2009-06-22;124.739;4.394;24.583;22.663
2009-06-23;124.321;4.421;25.231;23.303
2009-06-24;124.281;4.423;28.383;26.25
2009-06-25;124.661;4.398;26.658;24.619
2009-06-26;125.216;4.362;25.891;23.827
2009-06-29;125.416;4.349;26.175;24.096
2009-06-30;125.763;4.327;28.124;25.783
2009-07-01;125.376;4.351;27.507;25.292
2009-07-02;126.527;4.278;24.147;22.105
2009-07-03;126.615;4.272;24.019;21.95
2009-07-06;127.274;4.231;21.816;19.87
2009-07-07;126.877;4.256;23.999;21.91
2009-07-08;127.12;4.24;25.464;23.222
2009-07-09;126.9;4.254;22.278;20.336
2009-07-10;127.608;4.209;19.877;18.062
2009-07-13;127.851;4.194;17.133;15.554
2009-07-14;127.704;4.203;16.887;15.331
2009-07-15;126.97;4.248;15.75;14.343
2009-07-16;127.167;4.236;19.98;18.176
2009-07-17;126.081;4.304;21.618;19.784
2009-07-20;125.735;4.326;27.067;24.813
2009-07-21;126.266;4.292;23.252;21.277
2009-07-22;126.021;4.307;22.469;20.599
2009-07-23;125.254;4.356;23.533;21.634
2009-07-24;125.306;4.353;20.854;19.177
2009-07-27;125.171;4.361;19.006;17.507
2009-07-28;126.299;4.289;15.887;14.544
2009-07-29;126.577;4.271;17.822;16.302
2009-07-30;127.041;4.242;20.369;18.57
2009-07-31;129.202;4.107;14.408;12.979
2009-08-03;128.519;4.149;13.976;12.622
2009-08-04;128.62;4.143;11.01;9.942
2009-08-05;129.276;4.102;9.012;8.102
2009-08-06;128.863;4.127;9.553;8.611
2009-08-07;127.128;4.235;14.127;12.818
2009-08-10;127.784;4.194;15.894;14.361
2009-08-11;127.839;4.19;14.748;13.331
2009-08-12;127.987;4.181;14.13;12.77
2009-08-13;128.161;4.17;15.163;13.701
2009-08-14;129.354;4.096;14.704;13.208
2009-08-17;129.717;4.073;10.838;9.723
2009-08-18;129.615;4.08;11.926;10.7
2009-08-19;130.465;4.027;9.164;8.186
2009-08-20;130.22;4.042;13.397;11.977
2009-08-21;129.631;4.078;12.386;11.098
2009-08-24;129.631;4.078;15.625;14.011
2009-08-25;129.918;4.06;16.723;14.97
2009-08-26;130.281;4.037;17.233;15.392
2009-08-27;130.034;4.052;14.707;13.173
2009-08-28;129.887;4.061;19.119;17.113
2009-08-31;129.91;4.059;17.921;16.056
2009-09-01;129.924;4.058;19.551;17.522
2009-09-02;129.719;4.071;21.057;18.889
2009-09-03;129.197;4.103;20.082;18.088
2009-09-04;129.473;4.085;15.849;14.261
2009-09-07;128.895;4.121;22.876;20.647
2009-09-08;128.261;4.16;21.675;19.658
2009-09-09;126.928;4.243;20.402;18.657
2009-09-10;127.876;4.183;20.694;18.836
2009-09-11;129.199;4.101;19.129;17.27
2009-09-14;128.995;4.114;21.034;18.983
2009-09-15;128.7;4.132;19.502;17.625
2009-09-16;128.27;4.158;18.677;16.923
2009-09-17;127.907;4.181;19.625;17.822
2009-09-18;127.496;4.206;18.381;16.731
2009-09-21;126.915;4.243;20.678;18.892
2009-09-22;127.009;4.237;21.625;19.73
2009-09-23;127.524;4.204;17.141;15.624
2009-09-24;128.403;4.149;16.531;14.997
2009-09-25;129.683;4.069;14.936;13.432
2009-09-28;129.753;4.065;14.511;13.043
2009-09-29;130.369;4.027;11.922;10.68
2009-09-30;130.298;4.031;;
2009-10-01;130.601;4.012;16.372;14.657
2009-10-02;131.235;3.974;15.076;13.434
2009-10-05;131.294;3.97;;
2009-10-06;130.753;4.003;13.499;12.068
2009-10-07;131.442;3.96;14.117;12.568
2009-10-08;131.492;3.957;13.331;11.845
2009-10-09;130.309;4.029;17.903;15.992
2009-10-12;130.366;4.025;18.965;16.958
2009-10-13;130.054;4.044;21.949;19.676
2009-10-14;129.133;4.1;20.251;18.238
2009-10-15;128.054;4.167;;
2009-10-16;128.344;4.149;19.849;17.943
2009-10-19;128.261;4.154;19.566;17.699
2009-10-20;129.096;4.102;18.501;16.676
2009-10-21;127.733;4.187;17.693;16.07
2009-10-22;128.058;4.166;14.97;13.588
2009-10-23;127.305;4.213;14.608;13.319
2009-10-26;127.232;4.218;;
2009-10-27;128.325;4.149;16.186;14.669
2009-10-28;128.675;4.127;;
2009-10-29;127.982;4.17;14.796;13.419
2009-10-30;129.358;4.084;15.3;13.777
2009-11-02;129.077;4.101;15.41;13.896
2009-11-03;128.572;4.133;;
2009-11-04;127.869;4.176;14.296;12.982
2009-11-05;127.563;4.195;15.665;14.24
2009-11-06;127.357;4.208;13.84;12.61
2009-11-09;127.966;4.17;13.579;12.338
2009-11-10;128.524;4.135;12.62;11.427
2009-11-11;128.572;4.131;16.624;15.039
2009-11-12;128.279;4.149;14.928;13.517
2009-11-13;128.02;4.165;13.164;11.959
2009-11-16;128.906;4.11;14.732;13.316
2009-11-17;129.75;4.058;11.998;10.789
2009-11-18;129.862;4.05;11.754;10.559
2009-11-19;130.183;4.03;11.087;9.936
2009-11-20;130.344;4.02;10.804;9.671
2009-11-23;129.793;4.054;10.283;9.242
2009-11-24;129.875;4.049;14.624;13.111
2009-11-25;129.477;4.073;15.075;13.546
2009-11-26;130.382;4.017;18.781;16.788
2009-11-27;130.401;4.016;17.222;15.397
2009-11-30;131.156;3.97;11.194;9.976
2009-12-01;130.866;3.987;19.287;17.185
2009-12-02;130.529;4.007;16.79;14.999
2009-12-03;130.26;4.024;19.255;17.203
2009-12-04;129.737;4.056;18.024;16.139
2009-12-07;130.399;4.015;18.357;16.385
2009-12-08;130.903;3.984;16.46;14.668
2009-12-09;130.761;3.992;15.302;13.671
2009-12-10;129.882;4.046;17.814;15.974
2009-12-11;129.614;4.062;19.64;17.625
2009-12-14;130.051;4.035;19.103;17.095
2009-12-15;129.588;4.064;15.768;14.166
2009-12-16;130.414;4.012;13.268;11.882
2009-12-17;131.436;3.95;14.638;13.007
2009-12-18;131.643;3.937;12.942;11.491
2009-12-21;130.626;3.999;15.352;13.699
2009-12-22;129.92;4.042;15.209;13.632
2009-12-23;128.754;4.114;14.702;13.269
2009-12-24;128.779;4.112;15.79;14.24
2009-12-25;128.845;4.108;14.879;13.417
2009-12-28;128.447;4.133;14.769;13.355
2009-12-29;128.269;4.143;15.32;13.845
2009-12-30;127.916;4.165;17.181;15.546
2009-12-31;127.955;4.163;16.879;15.266
2010-01-01;127.959;4.163;15.955;14.433
2010-01-04;128.424;4.133;14.569;13.143
2010-01-05;128.463;4.131;17.859;16.128
2010-01-06;128.013;4.158;19.231;17.402
2010-01-07;128.214;4.145;19.858;17.966
2010-01-08;128.302;4.14;18.16;16.427
2010-01-11;128.478;4.128;19.736;17.862
2010-01-12;128.949;4.099;17.953;16.211
2010-01-13;128.846;4.105;18.274;16.512
2010-01-14;129.05;4.092;15.697;14.166
2010-01-15;129.604;4.057;16.961;15.253
2010-01-18;129.825;4.043;17.76;15.944
2010-01-19;129.398;4.07;17.73;15.966
2010-01-20;129.858;4.04;17.031;15.309
2010-01-21;130.095;4.026;16.55;14.858
2010-01-22;130.205;4.019;16.455;14.757
2010-01-25;130.221;4.017;16.633;14.917
2010-01-26;130.524;3.999;14.85;13.297
2010-01-27;130.913;3.974;11.318;10.112
2010-01-28;131.022;3.967;12.065;10.767
2010-01-29;131.4;3.944;11.372;10.124
2010-02-01;131.582;3.933;11.025;9.801
2010-02-02;131.412;3.943;13.009;11.57
2010-02-03;130.862;3.976;14.792;13.193
2010-02-04;131.776;3.92;17.221;15.28
2010-02-05;132.818;3.857;;
2010-02-08;132.897;3.852;11.825;10.41
2010-02-09;132.381;3.883;;
2010-02-10;131.584;3.931;12.541;11.148
2010-02-11;131.22;3.953;12.732;11.34
2010-02-12;131.577;3.931;13.329;11.86
2010-02-15;131.306;3.947;13.477;12.007
2010-02-16;131.171;3.955;12.592;11.241
2010-02-17;131.321;3.945;13.358;11.914
2010-02-18;130.601;3.989;15.37;13.761
2010-02-19;130.323;4.006;12.078;10.827
2010-02-22;130.49;3.996;15.904;14.229
2010-02-23;132.119;3.896;12.139;10.775
2010-02-24;132.638;3.864;13.246;11.715
2010-02-25;132.795;3.854;9.424;8.33
2010-02-26;132.994;3.842;10.605;9.356
2010-03-01;132.629;3.864;11.095;9.82
2010-03-02;132.581;3.867;7.858;6.962
2010-03-03;132.121;3.894;9.512;8.446
2010-03-04;132.29;3.883;9.591;8.519
2010-03-05;131.89;3.907;12.88;11.451
2010-03-08;131.837;3.911;10.394;9.253
2010-03-09;132.266;3.884;9.75;8.664
2010-03-10;132.02;3.899;10.187;9.059
2010-03-11;131.773;3.913;9.202;8.189
2010-03-12;132.125;3.892;8.414;7.473
2010-03-15;132.237;3.885;7.44;6.609
2010-03-16;132.594;3.863;8.52;7.551
2010-03-17;132.769;3.852;10.744;9.518
2010-03-18;132.442;3.871;9.926;8.81
2010-03-19;132.56;3.864;12.057;10.682
2010-03-22;133.167;3.827;11.623;10.265
2010-03-23;133.511;3.807;10.911;9.62
2010-03-24;133.226;3.823;10.331;9.122
2010-03-25;132.478;3.868;9.894;8.767
2010-03-26;132.431;3.871;11.213;9.94
2010-03-29;132.934;3.84;6.955;6.153
2010-03-30;133.322;3.816;9.097;8.03
2010-03-31;133.86;3.783;6.55;5.766
2010-04-01;134.263;3.759;5.786;5.079
2010-04-02;134.379;3.752;3.672;3.221
2010-04-05;134.372;3.753;3.726;3.269
2010-04-06;133.521;3.803;5.121;4.508
2010-04-07;133.779;3.787;7.2;6.333
2010-04-08;134.194;3.762;2.77;2.431
2010-04-09;133.074;3.829;8.566;7.561
2010-04-12;132.869;3.841;9.332;8.249
2010-04-13;133.327;3.813;8.188;7.224
2010-04-14;133.367;3.81;8.707;7.686
2010-04-15;133.568;3.798;8.698;7.668
2010-04-16;134.063;3.768;7.446;6.552
2010-04-19;134.258;3.756;7.735;6.798
2010-04-20;133.967;3.774;5.445;4.791
2010-04-21;134.023;3.77;9.159;8.055
2010-04-22;134.651;3.732;5.901;5.168
2010-04-23;134.606;3.735;9.319;8.158
2010-04-26;134.934;3.715;7.082;6.185
2010-04-27;137.407;3.57;5.94;5.111
2010-04-28;136.268;3.636;9.27;8.023
2010-04-29;135.878;3.658;7.909;6.864
2010-04-30;136.373;3.629;5.299;4.591
2010-05-03;135.643;3.672;3.702;3.221
2010-05-04;137.351;3.572;1.256;1.079
2010-05-05;138.947;3.48;1.83;1.56
2010-05-06;139.646;3.44;-0.966;-0.827
2010-05-07;139.323;3.458;6.208;5.277
2010-05-10;136.281;3.633;4.312;3.742
2010-05-11;135.849;3.658;2.1;1.826
2010-05-12;135.963;3.651;3.699;3.219
2010-05-13;136.262;3.633;0.354;0.304
2010-05-14;137.913;3.537;0.047;0.035
2010-05-17;137.851;3.54;2.469;2.122
2010-05-18;138.259;3.516;;
2010-05-19;139.293;3.457;3.072;2.619
2010-05-20;140.906;3.365;2.709;2.288
2010-05-21;141.917;3.309;-0.166;-0.144
2010-05-24;142.036;3.302;-0.082;-0.073
2010-05-25;143.475;3.223;0.709;0.586
2010-05-26;142.336;3.285;3.558;2.976
2010-05-27;141.424;3.335;3.209;2.697
2010-05-28;141.847;3.311;4.518;3.792
2010-05-31;142.367;3.282;-1.414;-1.191
2010-06-01;142.432;3.278;-2.336;-1.962
2010-06-02;142.698;3.263;-1.524;-1.28
2010-06-03;141.94;3.305;-2.961;-2.494
2010-06-04;142.967;3.248;-5.762;-4.826
2010-06-07;143.154;3.237;;
2010-06-08;144.07;3.187;;
2010-06-09;143.371;3.224;-4.387;-3.671
2010-06-10;142.648;3.264;-5.242;-4.401
2010-06-11;143.387;3.223;-5.219;-4.37
2010-06-14;142.074;3.295;1.736;1.456
2010-06-15;141.451;3.329;1.196;1.005
2010-06-16;141.296;3.337;2.003;1.689
2010-06-17;141.373;3.333;1.336;1.125
2010-06-18;140.719;3.369;-0.275;-0.238
2010-06-21;140.009;3.409;2.838;2.411
2010-06-22;141.397;3.331;-1.141;-0.969
2010-06-23;141.902;3.302;-2.729;-2.307
2010-06-24;142.261;3.282;-2.201;-1.859
2010-06-25;142.216;3.284;-3.839;-3.238
2010-06-28;143.067;3.237;-9.817;-8.244
2010-06-29;143.517;3.212;-10.648;-8.924
2010-06-30;143.636;3.205;-11.081;-9.273
2010-07-01;144.178;3.175;-13.018;-10.866
2010-07-02;143.702;3.201;-11.034;-9.235
2010-07-05;144.321;3.166;-11.813;-9.858
2010-07-06;143.581;3.207;-8.501;-7.119
2010-07-07;143.495;3.211;-9.652;-8.085
2010-07-08;143.243;3.224;-8.92;-7.486
2010-07-09;143.356;3.218;-8.315;-6.971
2010-07-12;144.012;3.182;-5.927;-4.962
2010-07-13;143.227;3.224;-5.428;-4.558
2010-07-14;142.752;3.25;-6.735;-5.669
2010-07-15;142.879;3.243;-7.021;-5.903
2010-07-16;143.338;3.217;-5.87;-4.922
2010-07-19;142.579;3.259;-7.829;-6.593
2010-07-20;142.818;3.245;-7.605;-6.398
2010-07-21;142.82;3.244;-7.804;-6.568
2010-07-22;142.514;3.261;-9.988;-8.424
2010-07-23;142.057;3.286;-9.633;-8.134
2010-07-26;141.054;3.342;-10.691;-9.072
2010-07-27;140.894;3.351;-9.435;-8.01
2010-07-28;140.826;3.354;-8.572;-7.287
2010-07-29;140.944;3.347;-7.106;-6.038
2010-07-30;141.799;3.299;-9.086;-7.686
2010-08-02;141.303;3.327;-8.878;-7.526
2010-08-03;142.742;3.246;-9.253;-7.796
2010-08-04;143.166;3.222;-11.238;-9.446
2010-08-05;144.182;3.166;-11.951;-9.985
2010-08-06;144.789;3.133;-9.252;-7.706
2010-08-09;144.446;3.151;-9.491;-7.926
2010-08-10;143.867;3.182;-4.585;-3.84
2010-08-11;145.515;3.092;-3.682;-3.064
2010-08-12;145.611;3.087;-2.536;-2.109
2010-08-13;145.752;3.079;2.613;2.161
2010-08-16;147.58;2.981;;
2010-08-17;147.804;2.969;-0.315;-0.262
2010-08-18;148.395;2.937;-1.12;-0.919
2010-08-19;148.763;2.917;1.125;0.913
2010-08-20;150.114;2.846;-0.511;-0.417
2010-08-23;149.787;2.863;-0.714;-0.582
2010-08-24;152.149;2.741;-0.518;-0.418
2010-08-25;153.666;2.663;-3.248;-2.587
2010-08-26;154.11;2.641;-3.819;-3.031
2010-08-27;153.377;2.677;-3.51;-2.791
2010-08-30;154.284;2.631;-1.568;-1.245
2010-08-31;154.491;2.621;-0.795;-0.632
2010-09-01;151.884;2.752;4.307;3.44
2010-09-02;150.253;2.835;0.099;0.076
2010-09-03;148.506;2.926;-1.961;-1.599
2010-09-06;148.752;2.913;-0.389;-0.32
2010-09-07;150.716;2.811;-4.121;-3.322
2010-09-08;150.153;2.839;-1.975;-1.595
2010-09-09;149.703;2.862;-1.764;-1.428
2010-09-10;148.085;2.947;-3.081;-2.514
2010-09-13;147.253;2.991;-2.53;-2.075
2010-09-14;148.435;2.928;-4.757;-3.876
2010-09-15;147.359;2.984;-5.24;-4.293
2010-09-16;145.773;3.069;-5.639;-4.659
2010-09-17;147.058;3.0;-10.488;-8.611
2010-09-20;146.429;3.033;-8.777;-7.217
2010-09-21;147.02;3.001;-9.862;-8.085
2010-09-22;148.629;2.915;-11.015;-8.971
2010-09-23;149.572;2.865;-12.78;-10.366
2010-09-24;148.285;2.933;-8.572;-6.988
2010-09-27;149.681;2.859;-9.255;-7.497
2010-09-28;150.244;2.829;-9.359;-7.556
2010-09-29;150.272;2.827;-9.982;-8.057
2010-09-30;150.068;2.837;-8.772;-7.078
2010-10-01;150.256;2.827;-11.58;-9.336
2010-10-04;150.783;2.8;-9.281;-7.461
2010-10-05;150.146;2.832;-10.291;-8.301
2010-10-06;150.903;2.792;-11.004;-8.849
2010-10-07;149.997;2.839;-11.047;-8.925
2010-10-08;150.099;2.834;-9.857;-7.957
2010-10-11;149.737;2.852;-8.754;-7.085
2010-10-12;150.383;2.818;-7.838;-6.315
2010-10-13;149.373;2.87;-5.311;-4.305
2010-10-14;148.939;2.893;-5.453;-4.431
2010-10-15;147.729;2.957;-6.651;-5.435
2010-10-18;147.506;2.968;-8.579;-7.015
2010-10-19;147.022;2.994;-9.783;-8.016
2010-10-20;147.136;2.987;-10.77;-8.811
2010-10-21;146.613;3.015;-12.993;-10.645
2010-10-22;147.007;2.993;-10.215;-8.343
2010-10-25;147.398;2.972;-11.756;-9.586
2010-10-26;146.758;3.006;-11.392;-9.307
2010-10-27;145.531;3.072;-9.143;-7.517
2010-10-28;145.705;3.062;-9.707;-7.97
2010-10-29;146.292;3.03;-7.717;-6.32
2010-11-01;147.203;2.981;-6.905;-5.625
2010-11-02;147.666;2.956;-7.38;-5.996
2010-11-03;148.682;2.901;-9.099;-7.357
2010-11-04;147.666;2.955;-4.299;-3.498
2010-11-05;147.374;2.97;-5.974;-4.856
2010-11-08;147.361;2.97;-4.729;-3.844
2010-11-09;147.076;2.985;-6.408;-5.221
2010-11-10;146.808;2.999;-11.798;-9.628
2010-11-11;146.575;3.011;-11.171;-9.13
2010-11-12;145.451;3.072;-10.397;-8.534
2010-11-15;144.511;3.123;-8.576;-7.066
2010-11-16;143.289;3.191;-10.292;-8.545
2010-11-17;143.766;3.163;-11.947;-9.898
2010-11-18;142.082;3.257;-15.73;-13.164
2010-11-19;142.22;3.249;-12.823;-10.711
2010-11-22;142.92;3.21;-11.674;-9.719
2010-11-23;144.637;3.114;-12.515;-10.332
2010-11-24;142.702;3.221;-14.859;-12.394
2010-11-25;142.116;3.254;-18.819;-15.757
2010-11-26;142.077;3.256;-18.557;-15.533
2010-11-29;141.709;3.276;-19.793;-16.592
2010-11-30;143.603;3.17;-24.604;-20.449
2010-12-01;141.552;3.284;;
2010-12-02;141.159;3.306;;
2010-12-03;139.688;3.39;-20.094;-17.036
2010-12-06;140.007;3.372;-21.246;-18.007
2010-12-07;138.447;3.462;-19.657;-16.792
2010-12-08;137.551;3.513;-18.502;-15.841
2010-12-09;139.075;3.424;-21.074;-17.892
2010-12-10;139.069;3.424;-23.937;-20.323
2010-12-13;138.214;3.474;-19.565;-16.687
2010-12-14;136.956;3.548;-21.319;-18.309
2010-12-15;136.938;3.548;-20.742;-17.814
2010-12-16;136.431;3.578;-20.332;-17.512
2010-12-17;136.959;3.547;-21.613;-18.576
2010-12-20;138.299;3.467;-23.573;-20.131
2010-12-21;137.97;3.487;-20.876;-17.85
2010-12-22;138.502;3.455;-22.079;-18.851
2010-12-23;137.949;3.487;-21.957;-18.807
2010-12-24;137.992;3.484;-23.203;-19.872
2010-12-27;137.239;3.528;-22.422;-19.293
2010-12-28;138.125;3.476;-24.323;-20.813
2010-12-29;137.319;3.523;-22.433;-19.288
2010-12-30;138.186;3.472;-20.42;-17.463
2010-12-31;138.168;3.472;-19.955;-17.066
2011-01-03;139.018;3.422;-18.07;-15.41
2011-01-04;139.277;3.407;-17.04;-14.495
2011-01-05;138.139;3.473;-16.395;-14.009
2011-01-06;138.065;3.477;-10.296;-8.794
2011-01-07;138.788;3.434;-10.724;-9.125
2011-01-10;138.75;3.436;-11.149;-9.495
2011-01-11;138.086;3.475;-9.964;-8.509
2011-01-12;136.269;3.582;-12.195;-10.52
2011-01-13;136.852;3.547;-10.752;-9.221
2011-01-14;137.269;3.522;-15.612;-13.366
2011-01-17;137.149;3.529;-14.602;-12.507
2011-01-18;136.365;3.575;-11.577;-9.938
2011-01-19;136.3;3.578;-11.964;-10.284
2011-01-20;135.372;3.634;-12.623;-10.901
2011-01-21;135.433;3.63;-12.345;-10.647
2011-01-24;135.683;3.615;-13.927;-12.016
2011-01-25;135.446;3.629;-11.706;-10.114
2011-01-26;134.73;3.671;-11.662;-10.106
2011-01-27;134.45;3.688;-9.091;-7.875
2011-01-28;135.375;3.632;-13.884;-11.983
2011-01-31;135.218;3.641;-16.82;-14.527
2011-02-01;133.888;3.722;-12.309;-10.705
2011-02-02;133.448;3.748;-10.775;-9.38
2011-02-03;133.973;3.716;-11.529;-10.029
2011-02-04;133.305;3.757;-10.846;-9.452
2011-02-07;133.355;3.753;-10.062;-8.77
2011-02-08;133.075;3.77;-9.307;-8.12
2011-02-09;132.283;3.819;-8.006;-7.011
2011-02-10;132.333;3.816;-7.679;-6.723
2011-02-11;132.533;3.803;-8.26;-7.229
2011-02-14;132.38;3.812;-8.848;-7.756
2011-02-15;132.608;3.798;-8.586;-7.516
2011-02-16;133.368;3.75;-9.982;-8.705
2011-02-17;134.098;3.705;-8.244;-7.162
2011-02-18;133.228;3.758;-9.229;-8.053
2011-02-21;134.325;3.691;-11.871;-10.304
2011-02-22;135.108;3.643;-12.92;-11.161
2011-02-23;135.428;3.623;-11.839;-10.198
2011-02-24;135.515;3.617;-13.385;-11.535
2011-02-25;135.308;3.629;-13.116;-11.311
2011-02-28;134.955;3.651;-10.107;-8.726
2011-03-01;134.763;3.662;-10.103;-8.734
2011-03-02;134.445;3.681;-10.119;-8.763
2011-03-03;132.778;3.783;-10.308;-8.986
2011-03-04;133.448;3.742;-9.478;-8.229
2011-03-07;133.393;3.745;-9.676;-8.403
2011-03-08;132.63;3.792;-8.308;-7.244
2011-03-09;132.988;3.769;-9.326;-8.117
2011-03-10;133.67;3.727;-10.627;-9.221
2011-03-11;134.475;3.677;-14.6;-12.632
2011-03-14;134.285;3.688;-12.991;-11.249
2011-03-15;135.65;3.605;-13.375;-11.511
2011-03-16;136.135;3.575;-14.465;-12.436
2011-03-17;134.638;3.666;-13.365;-11.573
2011-03-18;134.268;3.688;-13.326;-11.553
2011-03-21;133.715;3.722;-14.363;-12.483
2011-03-22;133.373;3.743;-13.396;-11.663
2011-03-23;133.573;3.73;-11.658;-10.138
2011-03-24;133.215;3.752;-14.929;-13.023
2011-03-25;132.76;3.78;-14.72;-12.864
2011-03-28;132.675;3.785;-13.216;-11.548
2011-03-29;132.18;3.815;-15.528;-13.599
2011-03-30;132.23;3.812;-14.5;-12.696
2011-03-31;132.04;3.823;-15.414;-13.502
2011-04-01;131.71;3.844;-15.246;-13.381
2011-04-04;131.748;3.841;-14.584;-12.798
2011-04-05;131.345;3.867;-14.297;-12.573
2011-04-06;130.648;3.91;-14.448;-12.757
2011-04-07;130.615;3.912;-11.967;-10.564
2011-04-08;129.65;3.974;-11.933;-10.582
2011-04-11;129.618;3.976;-13.156;-11.673
2011-04-12;130.255;3.934;-13.656;-12.084
2011-04-13;130.463;3.921;-11.024;-9.736
2011-04-14;130.596;3.912;-15.054;-13.295
2011-04-15;131.333;3.865;-15.095;-13.274
2011-04-18;132.99;3.761;-15.372;-13.413
2011-04-19;132.786;3.772;-17.412;-15.192
2011-04-20;132.246;3.806;-15.099;-13.206
2011-04-21;132.686;3.778;-15.56;-13.592
2011-04-22;132.686;3.778;-15.092;-13.18
2011-04-25;132.686;3.778;-15.851;-13.848
2011-04-26;132.878;3.766;-14.764;-12.886
2011-04-27;132.306;3.801;-17.053;-14.926
2011-04-28;133.346;3.736;-20.072;-17.474
2011-04-29;133.758;3.71;-18.707;-16.247
2011-05-02;133.736;3.711;-19.852;-17.24
2011-05-03;133.118;3.749;-16.232;-14.128
2011-05-04;132.683;3.776;-15.672;-13.66
2011-05-05;133.508;3.724;-15.77;-13.71
2011-05-06;134.438;3.667;-12.474;-10.787
2011-05-09;135.375;3.609;-15.27;-13.144
2011-05-10;135.218;3.618;-16.708;-14.4
2011-05-11;135.026;3.629;-14.325;-12.366
2011-05-12;135.283;3.614;-21.09;-18.199
2011-05-13;135.713;3.587;-18.147;-15.622
2011-05-16;134.938;3.634;-15.036;-12.985
2011-05-17;135.381;3.607;-18.055;-15.565
2011-05-18;134.928;3.634;-16.477;-14.231
2011-05-19;135.035;3.627;-17.091;-14.758
2011-05-20;135.84;3.578;-17.352;-14.926
2011-05-23;136.526;3.536;-16.814;-14.421
2011-05-24;135.718;3.585;-15.214;-13.104
2011-05-25;135.978;3.568;-16.963;-14.594
2011-05-26;136.72;3.523;-16.806;-14.413
2011-05-27;137.015;3.505;-18.387;-15.754
2011-05-30;137.203;3.494;-18.189;-15.557
2011-05-31;136.438;3.539;-17.5;-15.031
2011-06-01;136.773;3.519;-17.529;-15.041
2011-06-02;136.825;3.515;-22.905;-19.652
2011-06-03;135.901;3.571;-16.507;-14.213
2011-06-06;136.393;3.541;-17.168;-14.745
2011-06-07;135.223;3.612;-14.918;-12.887
2011-06-08;135.676;3.583;-14.357;-12.377
2011-06-09;136.063;3.56;-15.091;-12.994
2011-06-10;136.921;3.508;-13.033;-11.18
2011-06-13;137.011;3.502;-14.582;-12.507
2011-06-14;135.911;3.568;-15.018;-12.958
2011-06-15;136.636;3.524;-15.446;-13.29
2011-06-16;136.873;3.509;-21.188;-18.231
2011-06-17;136.495;3.532;-20.18;-17.381
2011-06-20;135.965;3.563;-18.45;-15.938
2011-06-21;135.534;3.59;-18.657;-16.15
2011-06-22;135.933;3.565;-18.478;-15.973
2011-06-23;137.303;3.482;-21.407;-18.387
2011-06-24;137.683;3.459;-22.193;-19.027
2011-06-27;136.615;3.522;-22.832;-19.692
2011-06-28;135.98;3.561;-24.373;-21.082
2011-06-29;135.16;3.61;-22.462;-19.502
2011-06-30;134.615;3.643;-18.201;-15.837
2011-07-01;134.988;3.62;-19.234;-16.704
2011-07-04;135.402;3.595;-20.204;-17.47
2011-07-05;135.783;3.571;-20.068;-17.309
2011-07-06;136.953;3.499;-22.796;-19.55
2011-07-07;136.605;3.52;-26.431;-22.724
2011-07-08;138.693;3.395;-29.245;-24.885
2011-07-11;141.095;3.254;-26.782;-22.483
2011-07-12;140.413;3.293;-25.5;-21.468
2011-07-13;139.448;3.349;-22.17;-18.765
2011-07-14;139.47;3.348;-22.957;-19.442
2011-07-15;140.358;3.295;-21.835;-18.392
2011-07-18;141.275;3.242;-24.672;-20.662
2011-07-19;140.425;3.291;-23.082;-19.435
2011-07-20;138.735;3.39;-24.781;-21.075
2011-07-21;136.785;3.506;-21.06;-18.088
2011-07-22;137.435;3.467;-19.602;-16.771
2011-07-25;138.033;3.431;-18.602;-15.861
2011-07-26;138.71;3.39;-19.66;-16.712
2011-07-27;140.22;3.3;-25.16;-21.236
2011-07-28;140.17;3.303;-25.1;-21.194
2011-07-29;141.598;3.22;-30.92;-25.94
2011-08-01;142.508;3.167;-34.98;-29.228
2011-08-02;143.3;3.121;-33.28;-27.69
2011-08-03;143.745;3.095;-38.89;-32.274
2011-08-04;145.235;3.011;-39.18;-32.368
2011-08-05;144.895;3.03;-56.993;-47.141
2011-08-08;145.918;2.973;-36.645;-30.183
2011-08-09;144.21;3.068;-30.782;-25.567
2011-08-10;146.413;2.944;-22.716;-18.646
2011-08-11;144.38;3.057;-23.293;-19.332
2011-08-12;143.825;3.088;-20.82;-17.315
2011-08-15;143.505;3.106;-21.423;-17.848
2011-08-16;143.373;3.113;-15.42;-12.855
2011-08-17;145.415;2.997;-20.78;-17.155
2011-08-18;147.448;2.885;-21.203;-17.339
2011-08-19;148.13;2.847;-26.592;-21.66
2011-08-22;148.295;2.838;-30.109;-24.517
2011-08-23;147.683;2.871;-27.037;-22.061
2011-08-24;146.598;2.93;-29.562;-24.243
2011-08-25;146.62;2.928;-31.302;-25.717
2011-08-26;147.185;2.897;-32.909;-26.974
2011-08-29;145.92;2.966;-30.565;-25.187
2011-08-30;147.015;2.905;-30.712;-25.193
2011-08-31;145.593;2.984;-28.975;-23.932
2011-09-01;146.603;2.927;-25.429;-20.906
2011-09-02;148.41;2.827;-32.367;-26.451
2011-09-05;150.9;2.693;-41.205;-33.287
2011-09-06;150.832;2.696;-37.1;-29.93
2011-09-07;150.38;2.719;-36.254;-29.293
2011-09-08;151.278;2.671;-37.83;-30.477
2011-09-09;153.712;2.543;-41.465;-33.047
2011-09-12;154.67;2.493;-40.75;-32.29
2011-09-13;154.618;2.495;-44.091;-34.901
2011-09-14;152.89;2.584;-42.151;-33.625
2011-09-15;151.647;2.649;-36.98;-29.641
2011-09-16;153.42;2.556;-35.531;-28.233
2011-09-19;154.568;2.496;-35.107;-27.734
2011-09-20;154.765;2.485;-34.162;-26.938
2011-09-21;155.033;2.47;-33.688;-26.504
2011-09-22;157.443;2.347;-37.838;-29.436
2011-09-23;156.663;2.386;-35.853;-27.939
2011-09-26;155.195;2.461;-28.474;-22.331
2011-09-27;152.258;2.614;-23.73;-18.862
2011-09-28;151.248;2.667;-26.809;-21.422
2011-09-29;151.528;2.651;-27.563;-21.995
2011-09-30;153.5;2.547;-29.876;-23.631
2011-10-03;154.875;2.475;-28.255;-22.225
2011-10-04;156.068;2.413;-35.198;-27.534
2011-10-05;153.89;2.525;-35.831;-28.325
2011-10-06;151.805;2.634;-28.822;-22.976
2011-10-07;151.12;2.671;-21.963;-17.556
2011-10-10;150.078;2.726;-24.576;-19.734
2011-10-11;150.008;2.73;-22.791;-18.31
2011-10-12;147.863;2.846;-25.047;-20.33
2011-10-13;149.343;2.764;-24.615;-19.85
2011-10-14;147.785;2.849;-21.463;-17.425
2011-10-17;149.57;2.751;-17.799;-14.333
2011-10-18;150.775;2.686;-22.294;-17.863
2011-10-19;149.515;2.753;-20.582;-16.582
2011-10-20;150.685;2.69;-22.119;-17.726
2011-10-21;149.163;2.772;-13.133;-10.576
2011-10-24;148.585;2.803;-12.85;-10.378
2011-10-25;149.738;2.74;-13.497;-10.854
2011-10-26;150.113;2.719;-14.457;-11.62
2011-10-27;146.693;2.906;-9.688;-7.902
2011-10-28;146.725;2.904;-10.088;-8.238
2011-10-31;148.995;2.778;-7.711;-6.225
2011-11-01;152.903;2.569;-21.806;-17.326
2011-11-02;151.5;2.642;-18.268;-14.611
2011-11-03;150.103;2.717;-15.963;-12.861
2011-11-04;151.983;2.616;-25.168;-20.12
2011-11-07;153.025;2.56;-28.361;-22.563
2011-11-08;153.153;2.553;-33.501;-26.618
2011-11-09;155.418;2.434;-24.939;-19.561
2011-11-10;154.515;2.48;-28.423;-22.393
2011-11-11;153.02;2.558;-29.044;-23.051
2011-11-14;155.035;2.453;-30.321;-23.856
2011-11-15;155.093;2.449;-36.673;-28.836
2011-11-16;154.493;2.48;-39.659;-31.262
2011-11-17;152.68;2.575;-32.021;-25.416
2011-11-18;150.73;2.678;-27.918;-22.343
2011-11-21;151.763;2.623;-29.316;-23.354
2011-11-22;151.065;2.66;-23.101;-18.469
2011-11-23;148.388;2.804;-7.943;-6.407
2011-11-24;147.258;2.866;-5.208;-4.219
2011-11-25;146.48;2.909;-2.162;-1.746
2011-11-28;145.17;2.983;1.51;1.259
2011-11-29;144.295;3.032;4.717;3.915
2011-11-30;144.65;3.011;4.793;3.976
2011-12-01;146.835;2.888;-1.402;-1.126
2011-12-02;147.813;2.833;-10.222;-8.3
2011-12-05;147.315;2.86;-14.13;-11.494
2011-12-06;147.83;2.832;-12.662;-10.263
2011-12-07;149.678;2.729;-18.182;-14.617
2011-12-08;150.238;2.699;-8.502;-6.806
2011-12-09;148.43;2.797;-5.683;-4.585
2011-12-12;151.08;2.653;-11.72;-9.35
2011-12-13;150.88;2.663;-7.049;-5.615
2011-12-14;153.308;2.533;-14.443;-11.398
2011-12-15;152.75;2.562;-12.563;-9.943
2011-12-16;154.113;2.49;-11.14;-8.764
2011-12-19;153.902;2.5;-16.361;-12.897
2011-12-20;152.535;2.572;-18.413;-14.618
2011-12-21;152.55;2.57;-19.972;-15.862
2011-12-22;152.568;2.569;-19.305;-15.351
2011-12-23;152.313;2.582;-16.972;-13.507
2011-12-26;152.313;2.582;-17.392;-13.841
2011-12-27;153.283;2.53;-17.581;-13.937
2011-12-28;153.65;2.51;-16.517;-13.069
2011-12-29;154.35;2.473;-20.377;-16.085
2011-12-30;154.415;2.469;-19.478;-15.383
2012-01-02;152.94;2.546;-18.184;-14.449
2012-01-03;153.183;2.533;-13.376;-10.627
2012-01-04;152.87;2.549;-14.119;-11.235
2012-01-05;154.06;2.486;-20.305;-16.074
2012-01-06;154.08;2.484;-17.721;-14.016
2012-01-09;154.068;2.484;-15.198;-12.018
2012-01-10;153.633;2.507;-12.937;-10.248
2012-01-11;154.603;2.455;-11.228;-8.859
2012-01-12;154.383;2.466;-7.134;-5.633
2012-01-13;155.695;2.397;-8.138;-6.39
2012-01-16;155.508;2.407;-8.655;-6.802
2012-01-17;154.75;2.446;-10.205;-8.048
2012-01-18;154.66;2.449;-8.38;-6.609
2012-01-19;153.418;2.514;-6.465;-5.125
2012-01-20;152.073;2.586;-4.563;-3.638
2012-01-23;150.953;2.646;-3.379;-2.708
2012-01-24;150.183;2.687;-2.334;-1.872
2012-01-25;151.055;2.639;-2.208;-1.765
2012-01-26;151.92;2.592;-2.444;-1.948
2012-01-27;152.093;2.582;-5.404;-4.319
2012-01-30;153.378;2.513;-5.985;-4.757
2012-01-31;153.403;2.512;-0.847;-0.665
2012-02-01;153.205;2.521;-3.399;-2.701
2012-02-02;153.09;2.527;-1.388;-1.098
2012-02-03;151.897;2.59;-5.969;-4.784
2012-02-06;152.955;2.533;-5.871;-4.683
2012-02-07;151.503;2.611;-3.829;-3.069
2012-02-08;150.897;2.643;-5.152;-4.143
2012-02-09;150.005;2.691;-1.885;-1.515
2012-02-10;151.9;2.588;-2.562;-2.046
2012-02-13;151.402;2.614;-2.437;-1.95
2012-02-14;152.027;2.58;-0.153;-0.112
2012-02-15;152.76;2.54;-1.284;-1.017
2012-02-16;152.267;2.566;-4.021;-3.209
2012-02-17;152.023;2.579;-5.703;-4.562
2012-02-20;151.468;2.608;-4.329;-3.47
2012-02-21;151.082;2.629;-3.89;-3.123
2012-02-22;152.618;2.545;-6.726;-5.367
2012-02-23;152.878;2.531;-5.492;-4.375
2012-02-24;152.81;2.534;-4.558;-3.632
2012-02-27;153.543;2.495;-4.174;-3.315
2012-02-28;153.957;2.472;-6.458;-5.126
2012-02-29;153.6;2.49;-5.65;-4.488
2012-03-01;152.755;2.535;-3.061;-2.436
2012-03-02;153.86;2.476;-4.279;-3.394
2012-03-05;153.13;2.514;-0.588;-0.458
2012-03-06;153.735;2.482;-6.308;-5.013
2012-03-07;153.865;2.474;-5.892;-4.664
2012-03-08;153.38;2.499;-5.119;-4.075
2012-03-09;153.395;2.498;-5.471;-4.353
2012-03-12;153.59;2.487;-6.421;-5.099
2012-03-13;152.715;2.534;-3.705;-2.955
2012-03-14;150.3;2.663;-0.559;-0.44
2012-03-15;150.448;2.655;-1.219;-0.973
2012-03-16;148.91;2.739;0.981;0.811
2012-03-19;149.158;2.725;-1.358;-1.09
2012-03-20;149.578;2.701;-0.708;-0.562
2012-03-21;150.685;2.64;-3.11;-2.476
2012-03-22;151.748;2.582;-6.552;-5.241
2012-03-23;152.463;2.543;-7.969;-6.351
2012-03-26;151.03;2.62;-3.561;-2.858
2012-03-27;151.903;2.572;-6.391;-5.121
2012-03-28;152.585;2.535;-8.029;-6.418
2012-03-29;152.84;2.521;-7.001;-5.589
2012-03-30;153.272;2.497;-9.408;-7.501
2012-04-02;153.273;2.497;-10.049;-8.012
2012-04-03;153.085;2.505;-11.369;-9.074
2012-04-04;153.098;2.504;-9.96;-7.945
2012-04-05;153.855;2.463;-9.992;-7.952
2012-04-06;;;-9.868;-7.851
2012-04-09;153.855;2.463;-9.806;-7.801
2012-04-10;155.267;2.388;-14.132;-11.184
2012-04-11;154.528;2.426;-12.581;-9.982
2012-04-12;154.065;2.45;-8.621;-6.851
2012-04-13;154.763;2.413;-10.209;-8.092
2012-04-16;155.115;2.394;-12.386;-9.8
2012-04-17;154.498;2.426;-11.238;-8.916
2012-04-18;155.16;2.39;-11.087;-8.772
2012-04-19;155.625;2.366;-15.402;-12.163
2012-04-20;155.283;2.383;-17.586;-13.901
2012-04-23;155.995;2.345;-21.502;-16.933
2012-04-24;155.043;2.395;-16.994;-13.441
2012-04-25;153.965;2.451;-14.339;-11.396
2012-04-26;155.0;2.395;-17.108;-13.56
2012-04-27;154.765;2.407;-14.305;-11.353
2012-04-30;155.428;2.372;-19.393;-15.34
2012-05-01;155.47;2.37;-16.459;-13.046
2012-05-02;156.11;2.335;-14.244;-11.266
2012-05-03;156.025;2.339;-10.968;-8.651
2012-05-04;156.73;2.302;-10.792;-8.502
2012-05-07;156.71;2.303;-10.734;-8.463
2012-05-08;157.658;2.253;-15.863;-12.433
2012-05-09;158.078;2.231;-18.053;-14.123
2012-05-10;157.935;2.238;-13.189;-10.298
2012-05-11;158.565;2.205;-11.146;-8.676
2012-05-14;159.948;2.134;-19.868;-15.38
2012-05-15;159.6;2.151;-9.898;-7.65
2012-05-16;159.49;2.156;-12.149;-9.402
2012-05-17;160.883;2.085;-17.779;-13.694
2012-05-18;160.647;2.096;-14.309;-11.032
2012-05-21;160.808;2.088;-19.365;-14.925
2012-05-22;160.285;2.114;-12.225;-9.428
2012-05-23;162.295;2.012;-13.655;-10.429
2012-05-24;162.568;1.998;-11.274;-8.599
2012-05-25;162.803;1.986;-11.009;-8.388
2012-05-28;162.97;1.977;-12.117;-9.227
2012-05-29;163.34;1.958;-10.69;-8.114
2012-05-30;165.508;1.851;-9.475;-7.101
2012-05-31;167.015;1.777;-11.54;-8.619
2012-06-01;168.338;1.714;-12.645;-9.385
2012-06-04;167.678;1.745;-7.634;-5.667
2012-06-05;167.7;1.743;-7.797;-5.779
2012-06-06;164.463;1.899;-6.474;-4.897
2012-06-07;162.988;1.971;-9.758;-7.415
2012-06-08;163.878;1.927;-6.436;-4.857
2012-06-11;163.985;1.921;-10.954;-8.285
2012-06-12;161.29;2.055;-0.923;-0.676
2012-06-13;159.51;2.144;-2.339;-1.785
2012-06-14;159.483;2.145;-3.808;-2.924
2012-06-15;161.593;2.037;-1.183;-0.877
2012-06-18;161.868;2.023;-6.932;-5.286
2012-06-19;159.485;2.143;-3.364;-2.586
2012-06-20;158.325;2.202;-2.573;-1.994
2012-06-21;160.305;2.1;-5.124;-3.938
2012-06-22;159.1;2.161;-0.554;-0.403
2012-06-25;160.903;2.069;-9.99;-7.676
2012-06-26;159.558;2.137;-0.743;-0.551
2012-06-27;158.3;2.2;3.643;2.846
2012-06-28;158.675;2.181;0.471;0.387
2012-06-29;157.578;2.237;1.22;0.99
2012-07-02;158.283;2.2;-3.637;-2.821
2012-07-03;157.52;2.239;2.593;2.062
2012-07-04;159.25;2.149;-4.289;-3.313
2012-07-05;160.478;2.086;-6.109;-4.721
2012-07-06;162.115;2.003;-13.534;-10.425
2012-07-09;162.218;1.997;-14.243;-10.971
2012-07-10;162.483;1.984;-15.305;-11.753
2012-07-11;163.213;1.946;-15.746;-12.047
2012-07-12;163.938;1.91;-19.575;-14.966
2012-07-13;163.97;1.908;-22.977;-17.579
2012-07-16;164.203;1.896;-23.324;-17.829
2012-07-17;164.55;1.878;-23.931;-18.256
2012-07-18;165.355;1.837;-24.498;-18.619
2012-07-19;165.015;1.854;-24.662;-18.779
2012-07-20;165.745;1.818;-24.194;-18.382
2012-07-23;165.233;1.842;-21.228;-16.156
2012-07-24;163.68;1.918;-18.02;-13.812
2012-07-25;163.263;1.938;-17.358;-13.31
2012-07-26;162.425;1.979;-15.268;-11.748
2012-07-27;161.05;2.048;-13.425;-10.379
2012-07-30;161.425;2.029;-15.087;-11.665
2012-07-31;163.715;1.914;-21.394;-16.401
2012-08-01;162.123;1.992;-18.209;-14.066
2012-08-02;165.053;1.846;-22.815;-17.373
2012-08-03;161.425;2.026;-19.306;-14.948
2012-08-06;161.885;2.003;-19.876;-15.367
2012-08-07;160.095;2.093;-17.055;-13.294
2012-08-08;161.142;2.038;-16.993;-13.158
2012-08-09;160.81;2.055;-13.02;-10.093
2012-08-10;161.618;2.014;-13.085;-10.123
2012-08-13;161.32;2.028;-12.412;-9.607
2012-08-14;160.08;2.091;-11.309;-8.811
2012-08-15;158.345;2.179;-9.124;-7.154
2012-08-16;159.258;2.131;-10.585;-8.261
2012-08-17;160.027;2.092;-10.829;-8.437
2012-08-20;159.748;2.106;-8.445;-6.59
2012-08-21;158.798;2.154;-6.918;-5.405
2012-08-22;160.92;2.044;-15.539;-12.069
2012-08-23;162.27;1.975;-14.234;-10.989
2012-08-24;162.642;1.956;-13.537;-10.431
2012-08-27;162.652;1.955;-14.135;-10.895
2012-08-28;162.873;1.944;-12.715;-9.787
2012-08-29;162.08;1.982;-10.436;-8.062
2012-08-30;163.25;1.923;-11.806;-9.076
2012-08-31;162.995;1.936;-12.39;-9.537
2012-09-03;162.323;1.969;-12.451;-9.616
2012-09-04;162.053;1.982;-11.673;-9.033
2012-09-05;160.54;2.058;-7.476;-5.812
2012-09-06;158.545;2.16;-4.228;-3.305
2012-09-07;159.015;2.135;-6.068;-4.745
2012-09-10;158.025;2.186;0.177;0.159
2012-09-11;158.218;2.176;-1.086;-0.834
2012-09-12;156.733;2.253;-1.251;-0.966
2012-09-13;158.043;2.183;-4.053;-3.181
2012-09-14;155.253;2.33;1.089;0.899
2012-09-17;156.255;2.277;0.594;0.499
2012-09-18;156.957;2.239;-2.824;-2.215
2012-09-19;156.892;2.241;-0.258;-0.177
2012-09-20;157.902;2.188;2.075;1.662
2012-09-21;157.25;2.222;3.178;2.549
2012-09-24;157.725;2.197;4.279;3.406
2012-09-25;157.375;2.214;4.263;3.403
2012-09-26;159.915;2.081;-5.333;-4.162
2012-09-27;160.033;2.075;-4.218;-3.283
2012-09-28;160.36;2.058;-6.013;-4.68
2012-10-01;160.205;2.065;-8.788;-6.863
2012-10-02;159.79;2.086;-7.288;-5.708
2012-10-03;159.945;2.077;-7.235;-5.658
2012-10-04;159.9;2.079;-8.423;-6.596
2012-10-05;158.495;2.151;-5.156;-4.047
2012-10-08;159.498;2.099;-4.895;-3.84
2012-10-09;159.46;2.1;-4.473;-3.512
2012-10-10;159.43;2.101;-5.433;-4.269
2012-10-11;159.203;2.112;-4.214;-3.304
2012-10-12;160.423;2.049;-8.751;-6.833
2012-10-15;159.703;2.085;-8.615;-6.76
2012-10-16;158.425;2.151;-7.149;-5.628
2012-10-17;156.655;2.243;-3.948;-3.119
2012-10-18;156.7;2.24;-1.212;-0.935
2012-10-19;157.5;2.198;-2.51;-1.978
2012-10-22;156.985;2.225;-2.007;-1.572
2012-10-23;157.635;2.19;-3.46;-2.724
2012-10-24;157.82;2.179;-3.557;-2.794
2012-10-25;157.343;2.204;-4.44;-3.513
2012-10-26;158.1;2.164;-5.015;-3.938
2012-10-29;159.655;2.082;-12.82;-10.063
2012-10-30;159.24;2.103;-8.25;-6.49
2012-10-31;159.733;2.077;-10.181;-7.98
2012-11-01;159.953;2.065;-9.475;-7.413
2012-11-02;160.178;2.053;-10.278;-8.033
2012-11-05;160.478;2.037;-9.525;-7.434
2012-11-06;160.173;2.052;-9.019;-7.048
2012-11-07;161.175;2.0;-10.269;-8.015
2012-11-08;161.278;1.994;-11.592;-9.051
2012-11-09;161.46;1.984;-9.82;-7.651
2012-11-12;161.47;1.983;-9.987;-7.785
2012-11-13;161.603;1.976;-8.558;-6.653
2012-11-14;161.303;1.99;-7.154;-5.579
2012-11-15;161.103;2.0;-7.228;-5.648
2012-11-16;161.055;2.002;-6.397;-5.0
2012-11-19;160.803;2.015;-6.733;-5.261
2012-11-20;159.768;2.068;-5.926;-4.641
2012-11-21;159.408;2.085;-5.636;-4.424
2012-11-22;159.303;2.09;-5.131;-4.032
2012-11-23;159.038;2.103;-3.531;-2.777
2012-11-26;159.625;2.073;-6.019;-4.717
2012-11-27;159.365;2.086;-5.925;-4.653
2012-11-28;160.53;2.024;-5.832;-4.553
2012-11-29;160.528;2.024;-6.154;-4.809
2012-11-30;160.153;2.043;-4.086;-3.185
2012-12-03;159.698;2.066;-3.707;-2.895
2012-12-04;160.038;2.048;-3.725;-2.901
2012-12-05;160.803;2.007;-4.252;-3.32
2012-12-06;161.415;1.975;-2.852;-2.211
2012-12-07;161.155;1.988;-1.222;-0.943
2012-12-10;161.09;1.991;-0.623;-0.474
2012-12-11;160.9;2.0;1.344;1.062
2012-12-12;160.885;2.0;-0.736;-0.571
2012-12-13;160.698;2.009;-0.917;-0.705
2012-12-14;160.95;1.996;-2.088;-1.627
2012-12-17;160.573;2.015;-0.651;-0.494
2012-12-18;159.948;2.047;1.097;0.897
2012-12-19;159.48;2.07;1.782;1.431
2012-12-20;160.035;2.04;0.512;0.431
2012-12-21;160.633;2.008;-0.009;0.008
2012-12-24;;;-3.417;-2.676
2012-12-27;162.055;1.933;-4.914;-3.81
2012-12-28;162.18;1.927;-4.654;-3.607
2012-12-31;162.175;1.926;-5.11;-3.965
2013-01-01;162.175;1.926;-5.23;-4.059
2013-01-02;159.613;2.057;-0.628;-0.465
2013-01-03;158.755;2.102;-0.608;-0.468
2013-01-04;157.698;2.157;-0.548;-0.403
2013-01-07;158.238;2.128;0.765;0.636
2013-01-08;158.773;2.099;-2.589;-2.036
2013-01-09;158.885;2.092;0.645;0.528
2013-01-10;157.215;2.18;1.114;0.913
2013-01-11;156.898;2.197;-1.642;-1.293
2013-01-14;157.438;2.167;-1.475;-1.141
2013-01-15;158.138;2.13;-2.839;-2.219
2013-01-16;158.288;2.121;-0.388;-0.281
2013-01-17;157.76;2.148;-0.551;-0.404
2013-01-18;159.147;2.075;-6.067;-4.739
2013-01-21;158.493;2.109;-1.117;-0.861
2013-01-22;158.585;2.103;-1.543;-1.2
2013-01-23;158.855;2.088;-2.587;-2.017
2013-01-24;158.063;2.129;-1.205;-0.924
2013-01-25;157.2;2.175;-1.91;-1.486
2013-01-28;156.54;2.209;-2.938;-2.311
2013-01-29;156.683;2.201;-2.822;-2.223
2013-01-30;156.625;2.203;-5.903;-4.663
2013-01-31;157.23;2.171;-7.759;-6.105
2013-02-01;157.147;2.175;-8.2;-6.461
2013-02-04;158.175;2.119;-9.826;-7.721
2013-02-05;157.418;2.159;-8.98;-7.065
2013-02-06;157.485;2.154;-9.406;-7.403
2013-02-07;157.74;2.14;-7.642;-6.01
2013-02-08;157.675;2.143;-9.499;-7.485
2013-02-11;157.455;2.155;-9.472;-7.473
2013-02-12;157.17;2.17;-10.375;-8.204
2013-02-13;156.31;2.214;-10.258;-8.147
2013-02-14;156.608;2.198;-10.252;-8.157
2013-02-15;156.533;2.202;-11.014;-8.769
2013-02-18;156.897;2.182;-11.295;-8.969
2013-02-19;156.903;2.181;-10.569;-8.391
2013-02-20;156.238;2.215;-11.48;-9.145
2013-02-21;157.348;2.155;-11.505;-9.116
2013-02-22;157.3;2.158;-10.038;-7.957
2013-02-25;157.43;2.15;-10.865;-8.614
2013-02-26;158.875;2.073;-13.262;-10.461
2013-02-27;158.848;2.073;-12.141;-9.572
2013-02-28;158.803;2.075;-8.481;-6.685
2013-03-01;159.57;2.034;-9.159;-7.196
2013-03-04;159.37;2.045;-9.722;-7.646
2013-03-05;158.738;2.077;-9.059;-7.146
2013-03-06;158.533;2.087;-6.231;-4.918
2013-03-07;158.045;2.112;-7.286;-5.761
2013-03-08;157.598;2.136;-6.9;-5.456
2013-03-11;157.493;2.141;-5.7;-4.504
2013-03-12;158.175;2.104;-6.83;-5.406
2013-03-13;158.078;2.108;-5.96;-4.714
2013-03-14;158.163;2.103;-6.456;-5.11
2013-03-15;158.378;2.091;-5.892;-4.655
2013-03-18;159.258;2.044;-8.078;-6.353
2013-03-19;160.753;1.966;-12.517;-9.785
2013-03-20;159.823;2.013;-10.176;-7.984
2013-03-21;160.445;1.98;-11.205;-8.766
2013-03-22;160.138;1.996;-9.622;-7.54
2013-03-25;160.733;1.964;-9.593;-7.489
2013-03-26;160.205;1.989;-10.785;-8.456
2013-03-27;161.505;1.921;-15.075;-11.75
2013-03-28;161.05;1.944;-14.256;-11.122
2013-03-29;161.05;1.944;-14.293;-11.15
2013-04-01;161.05;1.944;-14.289;-11.147
2013-04-02;160.64;1.965;-10.65;-8.322
2013-04-03;160.81;1.955;-11.312;-8.838
2013-04-04;161.618;1.913;-10.559;-8.239
2013-04-05;163.228;1.829;-14.577;-11.282
2013-04-08;162.915;1.845;-14.603;-11.306
2013-04-09;162.403;1.871;-15.477;-12.018
2013-04-10;161.288;1.927;-12.787;-9.975
2013-04-11;161.025;1.94;-9.406;-7.336
2013-04-12;161.528;1.914;-9.21;-7.181
2013-04-15;161.788;1.9;-8.9;-6.942
2013-04-16;161.32;1.924;-8.106;-6.317
2013-04-17;161.88;1.893;-8.255;-6.434
2013-04-18;162.01;1.886;-6.536;-5.081
2013-04-19;161.543;1.91;-6.922;-5.396
2013-04-22;162.033;1.884;-5.692;-4.422
2013-04-23;161.593;1.906;-2.165;-1.678
2013-04-24;162.022;1.883;-3.517;-2.723
2013-04-25;162.04;1.881;-1.725;-1.324
2013-04-26;162.647;1.849;-2.856;-2.192
2013-04-29;162.813;1.84;-1.042;-0.782
2013-04-30;162.743;1.842;-2.211;-1.689
2013-05-01;162.888;1.835;-2.324;-1.779
2013-05-02;163.59;1.799;-3.434;-2.655
2013-05-03;161.855;1.887;-6.148;-4.787
2013-05-06;161.753;1.892;-7.364;-5.745
2013-05-07;160.783;1.942;-5.683;-4.431
2013-05-08;161.34;1.912;-6.966;-5.437
2013-05-09;161.298;1.914;-6.372;-4.972
2013-05-10;159.265;2.02;-4.484;-3.517
2013-05-13;159.598;2.002;-1.947;-1.523
2013-05-14;159.338;2.015;-1.272;-0.983
2013-05-15;159.103;2.026;-0.807;-0.613
2013-05-16;160.025;1.977;-2.138;-1.661
2013-05-17;160.053;1.975;-1.525;-1.176
2013-05-20;159.058;2.028;-0.906;-0.689
2013-05-21;158.75;2.043;-2.167;-1.685
2013-05-22;158.703;2.045;-0.618;-0.459
2013-05-23;158.63;2.048;-2.82;-2.2
2013-05-24;159.035;2.026;-3.881;-3.039
2013-05-27;158.425;2.058;-3.491;-2.734
2013-05-28;157.76;2.093;-1.005;-0.779
2013-05-29;157.303;2.117;-3.505;-2.763
2013-05-30;157.563;2.102;-3.948;-3.122
2013-05-31;157.705;2.094;-3.292;-2.596
2013-06-03;157.555;2.102;-5.993;-4.744
2013-06-04;157.205;2.12;-5.185;-4.101
2013-06-05;157.707;2.092;-7.974;-6.32
2013-06-06;157.603;2.097;-7.898;-6.239
2013-06-07;157.373;2.109;-6.362;-5.013
2013-06-10;156.4;2.161;-4.279;-3.358
2013-06-11;156.665;2.146;-12.597;-9.98
2013-06-12;156.873;2.134;-11.405;-9.042
2013-06-13;157.113;2.12;-10.799;-8.557
2013-06-14;157.883;2.079;-10.276;-8.126
2013-06-17;157.535;2.097;-8.221;-6.511
2013-06-18;156.788;2.137;-7.646;-6.04
2013-06-19;156.96;2.126;-9.033;-7.153
2013-06-20;155.44;2.209;-12.276;-9.762
2013-06-21;154.578;2.256;-12.233;-9.733
2013-06-24;153.453;2.318;-14.689;-11.752
2013-06-25;153.578;2.31;-11.442;-9.173
2013-06-26;153.94;2.289;-11.233;-8.995
2013-06-27;154.605;2.252;-11.379;-9.102
2013-06-28;154.563;2.254;-9.599;-7.647
2013-07-01;154.79;2.241;-12.392;-9.889
2013-07-02;154.945;2.232;-11.547;-9.214
2013-07-03;155.733;2.187;-13.48;-10.728
2013-07-04;155.688;2.189;-13.702;-10.927
2013-07-05;154.235;2.269;-10.708;-8.584
2013-07-08;154.29;2.266;-11.07;-8.882
2013-07-09;155.04;2.224;-12.679;-10.162
2013-07-10;154.933;2.228;-11.312;-9.049
2013-07-11;155.503;2.196;-12.905;-10.314
2013-07-12;156.525;2.14;-14.69;-11.679
2013-07-15;156.128;2.161;-13.447;-10.701
2013-07-16;156.533;2.139;-13.897;-11.05
2013-07-17;156.673;2.13;-13.475;-10.708
2013-07-18;156.883;2.118;-11.989;-9.524
2013-07-19;156.805;2.122;-12.081;-9.596
2013-07-22;157.015;2.11;-13.04;-10.354
2013-07-23;156.428;2.141;-12.717;-10.103
2013-07-24;154.988;2.219;-9.722;-7.759
2013-07-25;154.397;2.252;-11.059;-8.855
2013-07-26;154.36;2.253;-10.774;-8.631
2013-07-29;154.478;2.246;-11.128;-8.908
2013-07-30;154.34;2.254;-11.473;-9.191
2013-07-31;154.378;2.25;-12.237;-9.807
2013-08-01;154.478;2.244;-11.109;-8.886
2013-08-02;154.688;2.232;-14.585;-11.683
2013-08-05;153.953;2.273;-9.974;-7.994
2013-08-06;153.795;2.281;-11.587;-9.311
2013-08-07;154.035;2.266;-12.194;-9.781
2013-08-08;154.005;2.268;-11.489;-9.215
2013-08-09;154.105;2.262;-12.163;-9.757
2013-08-12;153.678;2.285;-9.365;-7.528
2013-08-13;151.935;2.383;-8.569;-6.937
2013-08-14;151.595;2.401;-8.976;-7.287
2013-08-15;150.58;2.459;-7.158;-5.817
2013-08-16;150.558;2.46;-8.84;-7.195
2013-08-19;150.245;2.478;-8.154;-6.646
2013-08-20;151.125;2.427;-9.177;-7.457
2013-08-21;150.555;2.458;-7.462;-6.07
2013-08-22;149.815;2.5;-9.317;-7.633
2013-08-23;149.83;2.499;-10.961;-8.977
2013-08-26;150.355;2.468;-10.788;-8.793
2013-08-27;151.115;2.424;-10.736;-8.725
2013-08-28;150.73;2.445;-9.467;-7.696
2013-08-29;150.99;2.43;-11.236;-9.137
2013-08-30;150.96;2.431;-11.311;-9.2
2013-09-02;150.212;2.474;-10.301;-8.404
2013-09-03;149.613;2.508;-8.2;-6.707
2013-09-04;149.58;2.509;-9.139;-7.477
2013-09-05;148.18;2.591;-7.637;-6.278
2013-09-06;149.5;2.513;-11.754;-9.617
2013-09-09;149.133;2.534;-9.067;-7.421
2013-09-10;148.003;2.6;-8.0;-6.566
2013-09-11;148.348;2.578;-9.33;-7.672
2013-09-12;148.935;2.544;-7.847;-6.428
2013-09-13;149.37;2.518;-8.591;-7.036
2013-09-16;149.74;2.496;-6.407;-5.244
2013-09-17;149.413;2.515;-6.009;-4.916
2013-09-18;148.868;2.545;-6.039;-4.942
2013-09-19;149.605;2.502;-4.696;-3.846
2013-09-20;149.253;2.522;-7.235;-5.933
2013-09-23;149.688;2.496;-8.245;-6.764
2013-09-24;150.77;2.433;-7.837;-7.315
2013-09-25;151.255;2.404;-9.119;-6.916
2013-09-26;151.24;2.404;-9.505;-6.566
2013-09-27;152.06;2.357;-10.272;-7.953
2013-09-30;152.082;2.355;-9.615;-6.251
2013-10-01;151.538;2.386;-7.238;-5.878
2013-10-02;151.245;2.402;-7.609;-6.197
2013-10-03;151.285;2.399;-8.439;-6.879
2013-10-04;150.373;2.451;-8.065;-6.577
2013-10-07;150.925;2.419;-9.344;-7.622
2013-10-08;150.798;2.426;-8.377;-6.826
2013-10-09;150.793;2.425;-8.779;-7.157
2013-10-10;149.848;2.479;-7.559;-6.188
2013-10-11;149.89;2.477;-6.483;-5.304
2013-10-14;149.968;2.472;-6.332;-5.177
2013-10-15;149.078;2.523;-5.543;-4.548
2013-10-16;148.833;2.536;-5.417;-4.443
2013-10-17;149.733;2.483;-5.453;-4.466
2013-10-18;150.263;2.452;-5.044;-4.112
2013-10-21;150.145;2.459;-5.498;-4.488
2013-10-22;150.995;2.409;-5.445;-4.441
2013-10-23;151.36;2.387;-5.013;-4.078
2013-10-24;151.273;2.391;-4.955;-4.033
2013-10-25;151.49;2.378;-5.049;-4.096
2013-10-28;151.533;2.375;-5.26;-4.267
2013-10-29;151.543;2.374;-3.716;-3.007
2013-10-30;152.34;2.328;-3.915;-3.159
2013-10-31;152.52;2.317;-3.613;-2.919
2013-11-01;152.118;2.339;-2.725;-2.193
2013-11-04;152.483;2.318;-3.653;-2.952
2013-11-05;151.457;2.377;-3.766;-3.055
2013-11-06;151.283;2.385;-3.837;-3.121
2013-11-07;152.003;2.344;-2.561;-2.064
2013-11-08;150.91;2.406;-3.467;-2.83
2013-11-11;150.875;2.408;-3.231;-2.636
2013-11-12;150.088;2.453;-2.183;-1.77
2013-11-13;150.99;2.4;-2.349;-1.918
2013-11-14;151.59;2.364;-2.11;-1.7
2013-11-15;151.533;2.367;-2.306;-1.861
2013-11-18;151.885;2.347;-2.334;-1.879
2013-11-19;151.323;2.379;-2.025;-1.636
2013-11-20;151.24;2.382;-1.039;-0.83
2013-11-21;150.755;2.41;2.437;2.019
2013-11-22;150.963;2.397;1.236;1.026
2013-11-25;151.415;2.371;0.679;0.582
2013-11-26;151.853;2.345;1.38;1.156
2013-11-27;151.278;2.377;1.023;0.862
2013-11-28;151.608;2.358;0.451;0.397
2013-11-29;151.735;2.35;0.026;0.05
2013-12-02;151.058;2.389;0.18;0.165
2013-12-03;151.33;2.373;1.405;1.175
2013-12-04;149.905;2.454;2.241;1.875
2013-12-05;149.305;2.489;2.752;2.29
2013-12-06;149.725;2.464;1.264;1.069
2013-12-09;149.758;2.462;-0.143;-0.091
2013-12-10;149.765;2.461;1.515;1.276
2013-12-11;150.133;2.438;1.142;0.966
2013-12-12;149.853;2.454;2.924;2.435
2013-12-13;150.03;2.443;4.05;3.36
2013-12-16;149.953;2.448;3.293;2.737
2013-12-17;150.023;2.443;4.311;3.574
2013-12-18;149.873;2.451;1.987;1.663
2013-12-19;149.403;2.478;1.915;1.602
2013-12-20;149.478;2.472;1.62;1.359
2013-12-23;149.358;2.478;-0.057;-0.026
2013-12-24;149.325;2.48;45.19;38.326
2013-12-25;149.325;2.48;0.539;0.465
2013-12-26;149.325;2.48;0.553;0.477
2013-12-27;148.168;2.548;1.106;0.945
2013-12-30;148.508;2.527;1.565;1.319
2013-12-31;148.415;2.531;2.202;1.855
2014-01-01;148.415;2.531;2.192;1.847
2014-01-02;148.323;2.536;0.82;0.712
2014-01-03;148.138;2.547;2.294;1.937
2014-01-06;148.71;2.513;1.714;1.442
2014-01-07;149.003;2.495;1.122;0.946
2014-01-08;148.655;2.514;-1.0;-0.803
2014-01-09;148.368;2.531;-1.38;-1.114
2014-01-10;149.263;2.477;-1.934;-1.57
2014-01-13;149.703;2.451;-2.665;-2.164
2014-01-14;149.84;2.442;-3.427;-2.791
2014-01-15;149.67;2.451;-3.656;-2.98
2014-01-16;150.263;2.416;-3.71;-3.027
2014-01-17;150.66;2.392;-2.913;-2.373
2014-01-20;150.923;2.376;-2.25;-1.818
2014-01-21;151.025;2.37;-2.47;-1.995
2014-01-22;150.65;2.39;-2.321;-1.884
2014-01-23;151.438;2.344;-2.611;-2.103
2014-01-24;152.295;2.294;-4.296;-3.48
2014-01-27;152.258;2.296;-4.449;-3.605
2014-01-28;152.142;2.302;-4.412;-3.58
2014-01-29;152.64;2.272;-5.34;-4.313
2014-01-30;152.903;2.256;-5.509;-4.443
2014-01-31;153.76;2.207;-6.298;-5.081
2014-02-03;153.965;2.194;-6.874;-5.542
2014-02-04;153.755;2.206;-5.003;-4.033
2014-02-05;153.9;2.196;-4.252;-3.424
2014-02-06;152.975;2.249;-3.919;-3.15
2014-02-07;153.475;2.22;-4.201;-3.38
2014-02-10;153.113;2.24;-3.986;-3.206
2014-02-11;153.017;2.245;-3.46;-2.78
2014-02-12;152.568;2.27;-2.689;-2.16
2014-02-13;153.255;2.23;-3.312;-2.66
2014-02-14;153.005;2.244;-2.756;-2.208
2014-02-17;152.803;2.255;-2.505;-2.006
2014-02-18;152.93;2.247;-1.869;-1.489
2014-02-19;153.058;2.238;-2.229;-1.781
2014-02-20;152.56;2.267;-2.577;-2.07
2014-02-21;152.948;2.244;-3.494;-2.81
2014-02-24;152.618;2.262;-3.111;-2.503
2014-02-25;153.335;2.221;-3.715;-2.99
2014-02-26;153.94;2.184;-4.35;-3.497
2014-02-27;154.835;2.133;-4.97;-3.977
2014-02-28;153.897;2.186;-4.258;-3.422
2014-03-03;155.15;2.114;-5.737;-4.592
2014-03-04;154.32;2.161;-4.277;-3.424
2014-03-05;154.142;2.17;-4.666;-3.743
2014-03-06;153.428;2.21;-4.086;-3.292
2014-03-07;153.363;2.214;-5.505;-4.44
2014-03-10;153.698;2.194;-4.519;-3.643
2014-03-11;153.245;2.219;-4.029;-3.247
2014-03-12;153.748;2.189;-3.168;-2.547
2014-03-13;154.628;2.138;-3.204;-2.556
2014-03-14;154.548;2.142;-3.741;-2.989
2014-03-17;154.18;2.163;-3.502;-2.801
2014-03-18;154.225;2.16;-3.884;-3.109
2014-03-19;153.725;2.187;-3.486;-2.802
2014-03-20;153.188;2.218;-3.816;-3.072
2014-03-21;153.45;2.202;-3.907;-3.151
2014-03-24;154.308;2.152;-4.393;-3.515
2014-03-25;154.308;2.152;-2.972;-2.369
2014-03-26;154.485;2.141;-2.936;-2.339
2014-03-27;154.85;2.119;-1.947;-1.546
2014-03-28;154.725;2.126;-2.17;-1.724
2014-03-31;154.438;2.142;-1.582;-1.247
2014-04-01;154.203;2.155;-0.037;
2014-04-02;153.47;2.196;-0.147;-0.104
2014-04-03;153.463;2.196;1.194;0.981
2014-04-04;154.178;2.154;2.357;1.934
2014-04-07;154.345;2.144;2.486;2.036
2014-04-08;154.188;2.152;0.516;0.446
2014-04-09;153.998;2.162;-0.663;-0.507
2014-04-10;154.91;2.109;-0.781;-0.612
2014-04-11;155.272;2.088;-1.299;-1.027
2014-04-14;154.892;2.109;-0.621;-0.483
2014-04-15;155.77;2.057;-1.127;-0.876
2014-04-16;155.63;2.065;-1.69;-1.33
2014-04-17;155.163;2.091;-1.348;-1.068
2014-04-18;155.163;2.091;-4.37;-3.497
2014-04-21;155.163;2.091;-4.202;-3.362
2014-04-22;154.783;2.112;-0.57;-0.442
2014-04-23;155.003;2.098;-1.631;-1.3
2014-04-24;154.993;2.098;-1.903;-1.519
2014-04-25;155.873;2.048;-2.59;-2.046
2014-04-28;155.615;2.061;-2.05;-1.615
2014-04-29;155.425;2.071;-1.662;-1.309
2014-04-30;155.86;2.045;-1.98;-1.559
2014-05-01;155.91;2.043;-1.947;-1.534
2014-05-02;156.168;2.027;-2.684;-2.124
2014-05-05;155.945;2.04;-2.883;-2.282
2014-05-06;155.95;2.039;-3.096;-2.452
2014-05-07;155.783;2.047;-2.73;-2.159
2014-05-08;156.055;2.031;-2.075;-1.637
2014-05-09;155.68;2.052;-1.815;-1.429
2014-05-12;155.508;2.061;-0.626;-0.476
2014-05-13;156.19;2.022;0.612;0.512
2014-05-14;157.12;1.968;0.575;0.484
2014-05-15;158.337;1.899;-0.267;-0.202
2014-05-16;157.868;1.925;-0.816;-0.626
2014-05-19;157.685;1.935;-1.321;-1.025
2014-05-20;157.47;1.946;-0.945;-0.726
2014-05-21;157.015;1.971;-0.508;-0.381
2014-05-22;157.365;1.95;-0.841;-0.643
2014-05-23;157.18;1.96;-0.93;-0.716
2014-05-26;157.058;1.967;-0.629;-0.477
2014-05-27;157.605;1.935;-0.543;-0.407
2014-05-28;158.498;1.884;-0.302;-0.222
2014-05-29;158.128;1.904;0.29;0.241
2014-05-30;157.892;1.917;-0.104;-0.064
2014-06-02;157.598;1.933;0.973;0.8
2014-06-03;156.968;1.968;1.515;1.234
2014-06-04;156.595;1.988;1.635;1.324
2014-06-05;156.95;1.967;2.187;1.774
2014-06-06;157.468;1.937;3.892;3.134
2014-06-09;157.2;1.952;3.671;2.96
2014-06-10;156.785;1.975;3.462;2.794
2014-06-11;156.865;1.969;1.984;1.613
2014-06-12;156.808;1.972;1.708;1.392
2014-06-13;157.337;1.941;1.26;1.034
2014-06-16;157.438;1.935;3.032;2.446
2014-06-17;156.685;1.977;4.295;3.46
2014-06-18;157.123;1.951;4.368;3.516
2014-06-19;157.92;1.906;4.675;3.734
2014-06-20;157.41;1.934;4.857;3.9
2014-06-23;157.74;1.915;4.754;3.806
2014-06-24;157.73;1.915;5.109;4.089
2014-06-25;158.773;1.855;4.256;3.401
2014-06-26;159.193;1.831;4.113;3.279
2014-06-27;159.068;1.837;3.19;2.549
2014-06-30;159.392;1.819;3.05;2.43
2014-07-01;159.258;1.826;2.859;2.284
2014-07-02;158.545;1.864;2.621;2.109
2014-07-03;158.385;1.873;2.168;1.748
2014-07-04;158.798;1.849;1.307;1.066
2014-07-07;158.855;1.845;1.927;1.557
2014-07-08;159.513;1.808;2.074;1.655
2014-07-09;159.345;1.816;1.769;1.42
2014-07-10;160.063;1.776;0.839;0.685
2014-07-11;160.015;1.778;0.87;0.709
2014-07-14;159.99;1.779;0.736;0.604
2014-07-15;160.193;1.767;0.731;0.603
2014-07-16;160.462;1.751;1.077;0.875
2014-07-17;161.09;1.715;1.66;1.321
2014-07-18;161.2;1.709;1.594;1.264
2014-07-21;161.37;1.699;1.484;1.171
2014-07-22;160.973;1.72;1.686;1.343
2014-07-23;161.308;1.7;0.539;0.432
2014-07-24;160.767;1.73;0.274;0.241
2014-07-25;161.348;1.697;0.559;0.45
2014-07-28;161.603;1.683;1.101;0.879
2014-07-29;162.365;1.641;-0.132;-0.076
2014-07-30;161.388;1.692;-1.78;-1.377
2014-07-31;161.578;1.681;-2.219;-1.713
2014-08-01;161.938;1.661;-2.902;-2.238
2014-08-04;161.978;1.658;-3.538;-2.733
2014-08-05;161.505;1.684;-4.41;-3.428
2014-08-06;162.813;1.611;-5.42;-4.195
2014-08-07;163.68;1.563;-6.424;-4.947
2014-08-08;163.94;1.549;-8.261;-6.357
2014-08-11;163.688;1.562;-7.885;-6.076
2014-08-12;163.54;1.569;-7.216;-5.565
2014-08-13;163.878;1.55;-6.331;-4.871
2014-08-14;164.158;1.534;-5.784;-4.442
2014-08-15;165.538;1.46;-5.507;-4.199
2014-08-18;164.358;1.522;-4.029;-3.086
2014-08-19;164.65;1.506;-2.771;-2.121
2014-08-20;165.075;1.482;-1.657;-1.254
2014-08-21;165.158;1.477;-2.592;-1.969
2014-08-22;165.493;1.458;-2.861;-2.168
2014-08-25;165.975;1.432;-5.513;-4.195
2014-08-26;166.147;1.422;-0.239;-0.162
2014-08-27;166.663;1.393;-0.089;-0.056
2014-08-28;167.36;1.356;-0.4;-0.279
2014-08-29;167.13;1.368;-0.974;-0.718
2014-09-01;167.05;1.371;-0.137;-0.083
2014-09-02;166.017;1.425;-0.956;-0.711
2014-09-03;165.34;1.46;0.27;0.233
2014-09-04;164.42;1.508;1.082;0.851
2014-09-05;165.335;1.459;0.53;0.434
2014-09-08;165.07;1.472;0.661;0.532
2014-09-09;164.225;1.517;-1.921;-1.467
2014-09-10;164.185;1.518;-3.163;-2.429
2014-09-11;164.433;1.504;-4.516;-3.482
2014-09-12;163.825;1.536;-6.892;-5.335
2014-09-15;164.08;1.522;-4.955;-3.829
2014-09-16;163.683;1.543;-4.077;-3.153
2014-09-17;163.823;1.533;-5.857;-4.534
2014-09-18;163.348;1.559;-7.316;-5.676
2014-09-19;164.058;1.52;-5.746;-4.442
2014-09-22;164.785;1.48;-6.709;-5.173
2014-09-23;164.923;1.472;-7.313;-5.634
2014-09-24;164.973;1.468;-7.597;-5.853
2014-09-25;165.355;1.447;-6.667;-5.125
2014-09-26;165.61;1.432;-8.626;-6.63
2014-09-29;165.772;1.423;-7.112;-5.459
2014-09-30;166.043;1.408;-8.587;-6.589
2014-10-01;166.928;1.359;-9.193;-7.027
2014-10-02;167.015;1.354;-11.579;-8.846
2014-10-03;166.858;1.362;-11.216;-8.57
2014-10-06;167.15;1.347;-13.481;-10.295
2014-10-07;167.01;1.353;-12.433;-9.503
2014-10-08;166.953;1.356;-14.868;-11.369
2014-10-09;166.962;1.354;-13.603;-10.399
2014-10-10;167.378;1.331;-14.699;-11.216
2014-10-13;167.113;1.344;-12.09;-9.23
2014-10-14;168.58;1.267;-15.114;-11.467
2014-10-15;170.505;1.166;-15.95;-11.996
2014-10-16;169.325;1.225;-22.464;-16.985
2014-10-17;168.505;1.268;-20.702;-15.712
2014-10-20;168.58;1.263;-19.563;-14.843
2014-10-21;168.163;1.284;-19.914;-15.136
2014-10-22;168.183;1.283;-18.714;-14.225
2014-10-23;167.358;1.325;-18.776;-14.323
2014-10-24;167.598;1.311;-18.812;-14.334
2014-10-27;168.245;1.277;-18.992;-14.426
2014-10-28;168.158;1.281;-19.202;-14.589
2014-10-29;167.698;1.304;-18.453;-14.047
2014-10-30;168.735;1.248;-17.965;-13.613
2014-10-31;168.595;1.255;-17.271;-13.103
2014-11-03;168.238;1.273;-15.325;-11.639
2014-11-04;169.173;1.223;-16.55;-12.522
2014-11-05;168.558;1.255;-14.763;-11.198
2014-11-06;168.443;1.259;-14.078;-10.686
2014-11-07;168.715;1.244;-13.86;-10.504
2014-11-10;168.478;1.256;-12.678;-9.615
2014-11-11;168.568;1.251;-13.032;-9.883
2014-11-12;168.895;1.233;-14.436;-10.931
2014-11-13;169.098;1.221;-11.218;-8.484
2014-11-14;169.485;1.2;-12.373;-9.342
2014-11-17;169.075;1.221;-12.146;-9.184
2014-11-18;169.095;1.219;-13.742;-10.39
2014-11-19;168.138;1.269;-12.741;-9.672
2014-11-20;169.015;1.221;-11.567;-8.748
2014-11-21;169.48;1.196;-10.96;-8.27
2014-11-24;169.288;1.205;-9.769;-7.376
2014-11-25;169.988;1.168;-11.922;-8.981
2014-11-26;170.46;1.143;-13.34;-10.027
2014-11-27;171.198;1.103;-12.903;-9.663
2014-11-28;171.288;1.098;-13.713;-10.264
2014-12-01;170.678;1.129;-16.843;-12.643
2014-12-02;170.483;1.138;-15.239;-11.452
2014-12-03;170.318;1.146;-17.542;-13.206
2014-12-04;170.008;1.161;-16.718;-12.594
2014-12-05;169.998;1.161;-19.216;-14.477
2014-12-08;171.195;1.098;-19.235;-14.416
2014-12-09;171.955;1.058;-22.268;-16.634
2014-12-10;172.118;1.049;-19.725;-14.715
2014-12-11;172.128;1.047;-20.1;-14.996
2014-12-12;173.615;0.97;-21.604;-16.002
2014-12-15;173.543;0.973;-22.225;-16.467
2014-12-16;174.392;0.929;-23.488;-17.333
2014-12-17;174.42;0.927;-22.349;-16.482
2014-12-18;173.683;0.963;-23.166;-17.15
2014-12-19;173.993;0.946;-25.169;-18.621
2014-12-22;173.743;0.958;-23.66;-17.522
2014-12-23;173.832;0.951;-25.521;-18.895
2014-12-24;173.928;0.945;-27.466;-20.343
2014-12-25;173.928;0.945;-26.231;-19.415
2014-12-26;173.928;0.945;-25.386;-18.788
2014-12-29;174.905;0.895;-25.02;-18.436
2014-12-30;175.065;0.886;-23.045;-16.955
2014-12-31;174.91;0.892;-25.141;-18.516
2015-01-01;174.91;0.892;-23.433;-17.259
2015-01-02;176.285;0.822;-24.175;-17.7
2015-01-05;176.43;0.814;-27.253;-19.943
2015-01-06;178.99;0.686;-31.891;-23.056
2015-01-07;178.013;0.734;-30.727;-22.314
2015-01-08;176.97;0.784;-29.1;-21.229
2015-01-09;177.288;0.767;-29.793;-21.707
2015-01-12;177.78;0.742;-26.856;-19.51
2015-01-13;177.628;0.749;-26.83;-19.506
2015-01-14;178.695;0.695;-31.326;-22.69
2015-01-15;178.658;0.695;-29.664;-21.5
2015-01-16;178.755;0.69;-31.544;-22.855
2015-01-19;178.89;0.682;-30.625;-22.173
2015-01-20;178.563;0.698;-30.298;-21.956
2015-01-21;176.913;0.779;-30.231;-22.06
2015-01-22;178.18;0.714;-34.87;-25.326
2015-01-23;180.233;0.613;-38.275;-27.582
2015-01-26;180.123;0.617;-44.799;-32.29
2015-01-27;180.393;0.603;-45.681;-32.905
2015-01-28;181.123;0.567;-46.202;-33.189
2015-01-29;180.933;0.574;-51.719;-37.18
2015-01-30;182.655;0.49;-52.869;-37.713
2015-02-02;182.643;0.49;-51.786;-36.927
2015-02-03;181.888;0.526;-53.222;-38.094
2015-02-04;181.443;0.547;-48.943;-35.075
2015-02-05;181.363;0.549;-47.503;-34.033
2015-02-06;181.215;0.555;-47.617;-34.136
2015-02-09;181.513;0.54;-47.885;-34.281
2015-02-10;181.148;0.557;-46.191;-33.115
2015-02-11;181.423;0.543;-45.615;-32.66
2015-02-12;182.158;0.505;-49.649;-35.46
2015-02-13;181.438;0.539;-47.748;-34.204
2015-02-16;181.415;0.54;-43.25;-30.973
2015-02-17;180.478;0.585;-45.157;-32.465
2015-02-18;179.825;0.616;-41.654;-30.035
2015-02-19;179.565;0.627;-42.199;-30.47
2015-02-20;179.598;0.624;-44.263;-31.96
2015-02-23;179.405;0.633;-38.512;-27.822
2015-02-24;179.275;0.639;-36.487;-26.373
2015-02-25;180.315;0.587;-38.157;-27.467
2015-02-26;181.08;0.548;-42.251;-30.332
2015-02-27;180.33;0.584;-42.163;-30.363
2015-03-02;179.86;0.606;-39.857;-28.745
2015-03-03;179.778;0.609;-37.944;-27.363
2015-03-04;179.518;0.621;-39.958;-28.845
2015-03-05;180.608;0.566;-42.94;-30.854
2015-03-06;179.708;0.609;-47.241;-34.084
2015-03-09;181.713;0.511;-52.459;-37.556
2015-03-10;183.843;0.407;-56.593;-40.166
2015-03-11;184.588;0.371;-53.099;-37.536
2015-03-12;183.75;0.409;-53.715;-38.1
2015-03-13;183.56;0.417;-50.662;-35.945
2015-03-16;183.428;0.423;-47.55;-33.717
2015-03-17;183.08;0.439;-45.268;-32.137
2015-03-18;184.49;0.37;-40.817;-28.803
2015-03-19;184.74;0.356;-44.239;-31.185
2015-03-20;184.76;0.355;-44.078;-31.069
2015-03-23;184.0;0.39;-44.07;-31.14
2015-03-24;183.758;0.401;-42.273;-29.893
2015-03-25;184.13;0.383;-46.028;-32.518
2015-03-26;184.075;0.383;-45.395;-32.083
2015-03-27;184.205;0.376;-46.18;-32.621
2015-03-30;184.405;0.366;-46.826;-33.027
2015-03-31;185.015;0.336;-46.469;-32.703
2015-04-01;185.105;0.328;-48.239;-33.939
2015-04-02;184.335;0.364;-47.694;-33.656
2015-04-03;184.335;0.364;-48.082;-33.933
2015-04-06;184.335;0.364;-48.404;-34.163
2015-04-07;184.215;0.369;-45.811;-32.361
2015-04-08;184.68;0.346;-45.135;-31.84
2015-04-09;184.69;0.343;-45.84;-32.328
2015-04-10;184.81;0.337;-46.818;-33.013
2015-04-13;185.1;0.322;-46.108;-32.478
2015-04-14;185.715;0.292;-48.959;-34.411
2015-04-15;186.63;0.248;-49.19;-34.442
2015-04-16;187.1;0.224;-50.217;-35.086
2015-04-17;187.365;0.211;-49.921;-34.84
2015-04-20;187.515;0.203;-51.517;-35.929
2015-04-21;186.82;0.235;-52.207;-36.508
2015-04-22;185.38;0.302;-47.142;-33.133
2015-04-23;185.105;0.313;-45.246;-31.848
2015-04-24;185.263;0.305;-45.862;-32.273
2015-04-27;185.07;0.313;-44.968;-31.664
2015-04-28;184.978;0.317;-45.572;-32.119
2015-04-29;182.303;0.443;-42.615;-30.352
2015-04-30;180.653;0.523;-38.92;-27.883
2015-05-01;180.383;0.537;-37.245;-26.702
2015-05-04;178.595;0.625;-40.882;-29.552
2015-05-05;177.248;0.692;-40.214;-29.237
2015-05-06;175.02;0.804;-36.789;-27.004
2015-05-07;175.155;0.795;-31.407;-23.021
2015-05-08;175.775;0.763;-31.74;-23.208
2015-05-11;174.253;0.84;-30.942;-22.776
2015-05-12;172.84;0.913;-29.918;-22.161
2015-05-13;171.533;0.981;-29.34;-21.865
2015-05-14;171.89;0.96;-28.08;-20.898
2015-05-15;173.693;0.865;-31.654;-23.376
2015-05-18;173.025;0.899;-31.715;-23.491
2015-05-19;174.305;0.832;-35.06;-25.829
2015-05-20;173.375;0.88;-32.814;-24.273
2015-05-21;173.118;0.891;-34.893;-25.852
2015-05-22;173.77;0.857;-37.533;-27.734
2015-05-25;173.75;0.857;-39.582;-29.25
2015-05-26;174.785;0.803;-37.809;-27.815
2015-05-27;174.24;0.83;-36.708;-27.075
2015-05-28;174.675;0.806;-36.02;-26.506
2015-05-29;175.565;0.759;-36.701;-26.91
2015-06-01;174.77;0.799;-39.637;-29.163
2015-06-02;171.41;0.974;-30.996;-23.123
2015-06-03;168.275;1.141;-30.337;-22.935
2015-06-04;168.86;1.107;-28.11;-21.203
2015-06-05;168.462;1.128;-30.552;-23.088
2015-06-08;167.6;1.174;-28.415;-21.549
2015-06-09;165.923;1.265;-27.65;-21.123
2015-06-10;165.295;1.299;-28.38;-21.757
2015-06-11;167.02;1.203;-26.415;-20.081
2015-06-12;167.843;1.157;-32.554;-24.667
2015-06-15;168.168;1.139;-32.309;-24.433
2015-06-16;168.433;1.124;-31.229;-23.593
2015-06-17;168.103;1.141;-30.014;-22.71
2015-06-18;168.203;1.134;-34.189;-25.874
2015-06-19;169.11;1.084;-33.812;-25.483
2015-06-22;166.44;1.229;-28.374;-21.634
2015-06-23;166.51;1.224;-29.846;-22.764
2015-06-24;167.02;1.196;-26.795;-20.395
2015-06-25;166.388;1.229;-26.682;-20.367
2015-06-26;165.248;1.291;-29.098;-22.328
2015-06-29;167.485;1.167;-28.156;-21.383
2015-06-30;168.013;1.138;-33.248;-25.219
2015-07-01;166.688;1.21;-32.352;-24.691
2015-07-02;166.075;1.241;-32.861;-25.169
2015-07-03;167.453;1.165;-35.849;-27.295
2015-07-06;168.038;1.133;-33.181;-25.186
2015-07-07;170.7;0.989;-43.665;-32.754
2015-07-08;170.4;1.004;-40.059;-30.073
2015-07-09;169.28;1.062;-40.778;-30.772
2015-07-10;165.998;1.241;-35.327;-27.042
2015-07-13;166.41;1.217;-32.783;-25.068
2015-07-14;166.945;1.187;-35.234;-26.893
2015-07-15;168.397;1.107;-34.495;-26.151
2015-07-16;168.443;1.103;-38.116;-28.899
2015-07-17;169.263;1.058;-35.986;-27.181
2015-07-20;170.003;1.017;-40.053;-30.159
2015-07-21;169.408;1.049;-37.494;-28.305
2015-07-22;170.168;1.007;-37.521;-28.224
2015-07-23;170.23;1.002;-37.467;-28.173
2015-07-24;171.37;0.94;-39.293;-29.4
2015-07-27;171.363;0.94;-37.998;-28.42
2015-07-28;171.493;0.932;-42.055;-31.448
2015-07-29;170.783;0.969;-39.917;-29.943
2015-07-30;172.288;0.887;-43.847;-32.683
2015-07-31;172.65;0.868;-45.313;-33.714
2015-08-03;172.837;0.857;-42.896;-31.894
2015-08-04;172.23;0.888;-43.861;-32.703
2015-08-05;169.858;1.014;-38.693;-29.147
2015-08-06;170.62;0.971;-39.017;-29.291
2015-08-07;171.438;0.927;-39.323;-29.418
2015-08-10;170.763;0.962;-40.591;-30.459
2015-08-11;172.308;0.88;-42.417;-31.613
2015-08-12;172.81;0.852;-43.961;-32.703
2015-08-13;172.168;0.884;-41.399;-30.868
2015-08-14;171.678;0.91;-40.318;-30.117
2015-08-17;172.24;0.879;-41.917;-31.239
2015-08-18;171.925;0.895;-41.485;-30.963
2015-08-19;172.383;0.87;-40.136;-29.898
2015-08-20;173.07;0.832;-42.255;-31.391
2015-08-21;173.558;0.805;-43.655;-32.353
2015-08-24;173.13;0.827;-44.38;-32.941
2015-08-25;170.363;0.974;-39.571;-29.714
2015-08-26;170.783;0.951;-42.22;-31.661
2015-08-27;169.968;0.992;-36.136;-27.191
2015-08-28;169.935;0.994;-36.535;-27.49
2015-08-31;168.853;1.052;-37.481;-28.336
2015-09-01;168.94;1.046;-40.36;-30.522
2015-09-02;169.498;1.015;-41.125;-31.037
2015-09-03;170.295;0.97;-40.846;-30.732
2015-09-04;171.443;0.908;-39.038;-29.205
2015-09-07;171.038;0.929;-39.398;-29.541
2015-09-08;170.94;0.933;-41.119;-30.853
2015-09-09;170.615;0.95;-38.775;-29.131
2015-09-10;170.568;0.951;-40.372;-30.346
2015-09-11;171.115;0.921;-39.878;-29.903
2015-09-14;171.165;0.917;-41.251;-30.932
2015-09-15;169.46;1.009;-42.613;-32.203
2015-09-16;169.023;1.032;-40.868;-30.935
2015-09-17;169.045;1.028;-37.824;-28.609
2015-09-18;171.39;0.901;-44.437;-33.292
2015-09-21;170.773;0.933;-45.349;-34.076
2015-09-22;172.475;0.842;-47.348;-35.327
2015-09-23;172.42;0.844;-47.589;-35.511
2015-09-24;172.345;0.846;-47.357;-35.33
2015-09-25;171.36;0.898;-45.174;-33.851
2015-09-28;172.513;0.836;-46.866;-34.945
2015-09-29;172.368;0.843;-45.351;-33.834
2015-09-30;172.178;0.852;-45.722;-34.149
2015-10-01;173.13;0.799;-47.6;-35.422
2015-10-02;173.788;0.764;-48.533;-36.003
2015-10-05;172.4;0.837;-45.302;-33.804
2015-10-06;171.79;0.869;-44.008;-32.916
2015-10-07;171.913;0.861;-45.396;-33.935
2015-10-08;171.988;0.855;-46.34;-34.628
2015-10-09;171.445;0.884;-44.38;-33.241
2015-10-12;172.225;0.841;-45.59;-34.041
2015-10-13;171.94;0.856;-44.613;-33.357
2015-10-14;172.698;0.814;-45.81;-34.15
2015-10-15;172.6;0.818;-47.883;-35.711
2015-10-16;172.688;0.812;-46.508;-34.669
2015-10-19;172.26;0.834;-45.097;-33.683
2015-10-20;171.138;0.894;-44.298;-33.238
2015-10-21;172.39;0.826;-45.207;-33.742
2015-10-22;173.7;0.754;-48.851;-36.301
2015-10-23;173.263;0.777;-48.909;-36.427
2015-10-26;173.63;0.756;-47.62;-35.412
2015-10-27;174.83;0.692;-48.86;-36.152
2015-10-28;174.82;0.692;-51.074;-37.79
2015-10-29;173.16;0.778;-48.727;-36.298
2015-10-30;173.425;0.763;-48.771;-36.287
2015-11-02;172.635;0.804;-47.713;-35.618
2015-11-03;171.945;0.841;-46.13;-34.551
2015-11-04;171.363;0.871;-43.771;-32.871
2015-11-05;170.975;0.89;-39.777;-29.913
2015-11-06;169.348;0.978;-36.209;-27.407
2015-11-09;169.418;0.974;-31.886;-24.143
2015-11-10;170.06;0.938;-34.859;-26.34
2015-11-11;170.363;0.921;-36.2;-27.321
2015-11-12;170.785;0.896;-39.255;-29.569
2015-11-13;171.665;0.847;-40.908;-30.707
2015-11-16;172.165;0.82;-43.905;-32.895
2015-11-17;172.175;0.819;-40.018;-29.981
2015-11-18;172.81;0.784;-43.042;-32.15
2015-11-19;173.413;0.749;-44.873;-33.433
2015-11-20;173.717;0.733;-44.914;-33.429
2015-11-23;172.698;0.786;-38.792;-28.996
2015-11-24;172.863;0.777;-41.055;-30.658
2015-11-25;173.453;0.744;-42.778;-31.888
2015-11-26;173.478;0.741;-44.822;-33.418
2015-11-27;173.578;0.735;-44.843;-33.416
2015-11-30;172.988;0.766;-43.516;-32.515
2015-12-01;172.712;0.78;-38.467;-28.776
2015-12-02;172.57;0.787;-39.244;-29.387
2015-12-03;169.258;0.965;-38.544;-29.196
2015-12-04;169.038;0.976;-33.435;-25.346
2015-12-07;170.62;0.889;-34.707;-26.133
2015-12-08;171.018;0.866;-34.885;-26.218
2015-12-09;170.402;0.899;-32.214;-24.274
2015-12-10;170.748;0.878;-36.45;-27.439
2015-12-11;171.485;0.837;-35.371;-26.54
2015-12-14;170.973;0.864;-38.115;-28.661
2015-12-15;169.973;0.918;-38.301;-28.917
2015-12-16;169.342;0.952;-39.669;-30.022
2015-12-17;170.723;0.875;-39.986;-30.089
2015-12-18;171.72;0.82;-41.048;-30.747
2015-12-21;171.473;0.832;-42.261;-31.687
2015-12-22;170.46;0.887;-41.846;-31.511
2015-12-23;169.67;0.927;-40.468;-30.567
2015-12-24;169.495;0.936;-39.339;-29.731
2015-12-25;169.495;0.936;-39.092;-29.542
2015-12-28;170.865;0.86;-41.424;-31.128
2015-12-29;169.405;0.94;-39.689;-30.021
2015-12-30;169.3;0.943;-37.69;-28.521
2015-12-31;169.3;0.942;;
2016-01-01;169.3;0.942;;
2016-01-04;170.515;0.875;-40.628;-30.591
2016-01-05;170.848;0.856;-38.243;-28.773
2016-01-06;171.385;0.826;-39.134;-29.385
2016-01-07;170.545;0.869;-34.994;-26.361
2016-01-08;171.095;0.839;-37.078;-27.866
2016-01-11;170.683;0.86;-34.286;-25.799
2016-01-12;171.048;0.84;-33.715;-25.318
2016-01-13;171.81;0.798;-36.713;-27.489
2016-01-14;171.455;0.815;-40.097;-30.075
2016-01-15;172.035;0.782;-39.476;-29.544
2016-01-18;172.108;0.778;-40.698;-30.455
2016-01-19;171.923;0.787;-39.269;-29.423
2016-01-20;173.325;0.711;-42.436;-31.602
2016-01-21;173.695;0.688;-40.66;-30.252
2016-01-22;172.953;0.728;-40.228;-30.029
2016-01-25;173.3;0.708;-41.081;-30.612
2016-01-26;173.925;0.674;-41.588;-30.911
2016-01-27;174.0;0.669;-41.913;-31.129
2016-01-28;174.655;0.632;-41.282;-30.573
2016-01-29;176.108;0.554;-44.176;-32.534
2016-02-01;175.645;0.578;-41.487;-30.6
2016-02-02;176.328;0.541;-43.575;-32.055
2016-02-03;177.113;0.499;-43.259;-31.708
2016-02-04;176.578;0.525;-42.987;-31.575
2016-02-05;177.033;0.5;-44.208;-32.41
2016-02-08;178.868;0.403;-49.464;-35.967
2016-02-09;178.608;0.416;-50.67;-36.888
2016-02-10;178.31;0.431;-49.215;-35.878
2016-02-11;179.543;0.365;-55.202;-40.028
2016-02-12;178.218;0.433;-54.701;-39.877
2016-02-15;178.508;0.417;-52.017;-37.872
2016-02-16;177.743;0.456;-49.673;-36.293
2016-02-17;177.573;0.464;-47.48;-34.703
2016-02-18;178.478;0.414;-46.044;-33.521
2016-02-19;178.683;0.403;-48.771;-35.478
2016-02-22;179.25;0.373;-49.187;-35.703
2016-02-23;179.205;0.374;-47.23;-34.267
2016-02-24;179.885;0.338;-51.16;-37.009
2016-02-25;179.983;0.331;-51.174;-37.028
2016-02-26;179.615;0.349;-50.722;-36.771
2016-02-29;180.115;0.322;-49.4;-35.762
2016-03-01;179.165;0.371;-48.073;-34.945
2016-03-02;177.818;0.44;-46.817;-34.234
2016-03-03;178.543;0.4;-46.219;-33.717
2016-03-04;177.528;0.452;-46.884;-34.322
2016-03-07;177.525;0.452;-46.816;-34.29
2016-03-08;178.398;0.405;-49.569;-36.181
2016-03-09;177.363;0.459;-49.781;-36.471
2016-03-10;176.145;0.521;-45.718;-33.625
2016-03-11;176.873;0.481;-47.041;-34.504
2016-03-14;176.86;0.481;-51.767;-37.972
2016-03-15;176.13;0.519;-47.096;-34.642
2016-03-16;176.225;0.513;-42.222;-31.032
2016-03-17;177.885;0.423;-46.844;-34.197
2016-03-18;178.32;0.4;-48.814;-35.569
2016-03-21;177.813;0.426;-48.016;-35.075
2016-03-22;178.248;0.402;-51.714;-37.707
2016-03-23;178.42;0.389;-49.058;-35.734
2016-03-24;178.805;0.368;-54.121;-39.362
2016-03-25;178.805;0.368;-53.184;-38.681
2016-03-28;178.805;0.368;-53.16;-38.659
2016-03-29;179.718;0.32;-52.285;-37.885
2016-03-30;179.308;0.34;-52.613;-38.178
2016-03-31;179.353;0.335;-53.321;-38.691
2016-04-01;179.957;0.303;-54.034;-39.098
2016-04-04;180.093;0.295;-55.137;-39.874
2016-04-05;180.832;0.256;-56.066;-40.425
2016-04-06;180.368;0.28;-57.461;-41.528
2016-04-07;181.048;0.242;-59.151;-42.639
2016-04-08;180.772;0.255;-58.18;-41.997
2016-04-11;180.225;0.283;-57.331;-41.491
2016-04-12;178.975;0.347;-56.296;-40.946
2016-04-13;179.905;0.298;-56.319;-40.795
2016-04-14;179.173;0.334;-57.329;-41.658
2016-04-15;179.92;0.294;-56.744;-41.099
2016-04-18;179.23;0.329;-55.026;-39.971
2016-04-19;178.93;0.344;-54.971;-39.991
2016-04-20;179.275;0.325;-57.47;-41.752
2016-04-21;177.56;0.413;-53.933;-39.44
2016-04-22;177.453;0.418;-53.432;-39.112
2016-04-25;176.865;0.448;-54.697;-40.138
2016-04-26;176.24;0.48;-54.64;-40.202
2016-04-27;176.068;0.489;-52.527;-38.674
2016-04-28;176.695;0.453;-52.094;-38.26
2016-04-29;176.517;0.462;-55.707;-40.932
2016-05-02;176.79;0.446;-55.337;-40.607
2016-05-03;178.263;0.368;-56.918;-41.526
2016-05-04;178.175;0.371;-57.9;-42.267
2016-05-05;179.013;0.325;-58.049;-42.22
2016-05-06;179.423;0.303;-61.185;-44.429
2016-05-09;179.84;0.28;-60.019;-43.512
2016-05-10;179.723;0.285;-57.544;-41.729
2016-05-11;179.745;0.283;-58.945;-42.744
2016-05-12;179.193;0.31;-61.878;-44.99
2016-05-13;179.748;0.28;-60.054;-43.55
2016-05-16;179.397;0.298;-60.475;-43.926
2016-05-17;179.608;0.286;-61.886;-44.907
2016-05-18;178.92;0.321;-61.14;-44.492
2016-05-19;178.918;0.319;-60.347;-43.901
2016-05-20;178.985;0.314;-60.875;-44.273
2016-05-23;178.655;0.331;-59.596;-43.422
2016-05-24;178.582;0.334;-59.336;-43.224
2016-05-25;179.178;0.302;-61.622;-44.79
2016-05-26;179.263;0.295;-58.578;-42.564
2016-05-27;179.355;0.289;-61.351;-44.567
2016-05-30;178.703;0.323;-61.028;-44.46
2016-05-31;179.293;0.291;-61.495;-44.685
2016-06-01;179.435;0.282;-63.008;-45.77
2016-06-02;179.85;0.258;-64.527;-46.785
2016-06-03;180.925;0.201;-66.063;-47.687
2016-06-06;180.645;0.215;-66.431;-48.015
2016-06-07;181.493;0.17;-68.517;-49.35
2016-06-08;181.62;0.163;-70.147;-50.487
2016-06-09;182.298;0.125;-73.324;-52.628
2016-06-10;182.75;0.101;-74.224;-53.162
2016-06-13;182.578;0.109;-74.608;-53.489
2016-06-14;183.428;0.065;-78.873;-56.376
2016-06-15;183.635;0.053;-79.412;-56.717
2016-06-16;184.105;0.027;-82.665;-58.925
2016-06-17;183.02;0.081;-77.724;-55.67
2016-06-20;182.185;0.123;-75.798;-54.48
2016-06-21;182.08;0.128;-76.394;-54.949
2016-06-22;181.908;0.136;-75.935;-54.646
2016-06-23;180.93;0.184;-75.16;-54.301
2016-06-24;184.198;0.015;-84.208;-60.032
2016-06-27;185.863;-0.07;-85.39;-60.442
2016-06-28;185.443;-0.05;-83.819;-59.458
2016-06-29;186.01;-0.079;-86.26;-61.06
2016-06-30;186.005;-0.082;-94.993;-67.305
2016-07-01;185.725;-0.068;-81.923;-58.049
2016-07-04;185.783;-0.072;-76.561;-54.235
2016-07-05;186.72;-0.12;-79.046;-55.806
2016-07-06;186.525;-0.111;-79.014;-55.814
2016-07-07;186.198;-0.098;-77.615;-54.9
2016-07-08;186.628;-0.12;-77.295;-54.585
2016-07-11;186.185;-0.099;-77.711;-54.97
2016-07-12;184.438;-0.011;-73.497;-52.338
2016-07-13;185.638;-0.073;-71.235;-50.44
2016-07-14;184.625;-0.024;-68.888;-48.96
2016-07-15;183.533;0.031;-66.239;-47.277
2016-07-18;183.83;0.015;-65.85;-46.944
2016-07-19;184.025;0.004;-67.465;-48.083
2016-07-20;183.615;0.024;-67.305;-48.034
2016-07-21;183.783;0.013;-69.307;-49.441
2016-07-22;184.239;-0.011;-72.312;-51.484
2016-07-25;184.528;-0.027;-72.894;-51.836
2016-07-26;184.352;-0.019;-72.337;-51.463
2016-07-27;185.483;-0.077;-73.748;-52.251
2016-07-28;185.747;-0.093;-74.785;-52.921
2016-07-29;186.293;-0.122;-75.24;-53.121
2016-08-01;185.89;-0.103;-73.558;-52.018
2016-08-02;184.502;-0.033;-71.759;-51.003
2016-08-03;184.507;-0.034;-70.694;-50.241
2016-08-04;185.541;-0.089;-71.834;-50.872
2016-08-05;184.828;-0.054;-70.534;-50.078
2016-08-08;184.656;-0.046;-69.62;-49.468
2016-08-09;184.865;-0.058;-68.536;-48.643
2016-08-10;185.63;-0.097;-69.792;-49.405
2016-08-11;185.127;-0.074;-69.122;-48.998
2016-08-12;185.315;-0.085;-68.903;-48.818
2016-08-15;184.704;-0.055;-69.013;-48.991
2016-08-16;183.777;-0.008;-67.37;-48.018
2016-08-17;184.205;-0.031;-68.151;-48.464
2016-08-18;184.873;-0.068;-69.203;-49.077
2016-08-19;183.805;-0.014;-67.364;-47.982
2016-08-22;184.971;-0.074;-68.83;-48.802
2016-08-23;185.041;-0.079;-68.224;-48.344
2016-08-24;184.837;-0.069;-67.152;-47.596
2016-08-25;184.317;-0.045;-65.246;-46.317
2016-08-26;184.229;-0.042;-65.015;-46.16
2016-08-29;184.433;-0.053;-66.076;-46.889
2016-08-30;184.658;-0.066;-64.895;-46.012
2016-08-31;184.072;-0.036;-64.504;-45.866
2016-09-01;183.865;-0.028;-63.552;-45.228
2016-09-02;183.19;0.006;-61.619;-43.987
2016-09-05;183.333;-0.003;-61.558;-43.921
2016-09-06;184.687;-0.073;-65.136;-46.241
2016-09-07;185.024;-0.092;-67.685;-47.997
2016-09-08;183.675;-0.025;-64.945;-46.29
2016-09-09;181.997;0.062;-61.418;-44.041
2016-09-12;181.578;0.083;-61.24;-43.989
2016-09-13;180.882;0.118;-59.236;-42.663
2016-09-14;181.75;0.072;-61.468;-44.14
2016-09-15;181.357;0.09;-60.873;-43.78
2016-09-16;181.832;0.064;-62.348;-44.779
2016-09-19;181.745;0.068;-62.443;-44.833
2016-09-20;182.591;0.023;-64.031;-45.826
2016-09-21;182.227;0.041;-64.643;-46.333
2016-09-22;184.192;-0.064;-67.441;-47.945
2016-09-23;183.91;-0.05;-66.451;-47.304
2016-09-26;184.538;-0.084;-68.409;-48.589
2016-09-27;184.955;-0.106;-71.102;-50.398
2016-09-28;185.08;-0.113;-71.297;-50.534
2016-09-29;184.465;-0.084;-69.515;-49.375
2016-09-30;184.542;-0.089;-70.998;-50.404
2016-10-03;183.946;-0.059;-69.908;-49.729
2016-10-04;183.188;-0.021;-68.904;-49.153
2016-10-05;182.221;0.029;-67.904;-48.612
2016-10-06;182.391;0.017;-68.293;-48.918
2016-10-07;181.597;0.058;-67.668;-48.564
2016-10-10;180.796;0.099;-67.741;-48.842
2016-10-11;181.515;0.061;-68.725;-49.402
2016-10-12;180.642;0.106;-66.268;-47.791
2016-10-13;181.101;0.079;-66.207;-47.643
2016-10-14;180.561;0.107;-65.469;-47.216
2016-10-17;180.488;0.11;-64.31;-46.389
2016-10-18;180.816;0.091;-63.806;-45.954
2016-10-19;180.943;0.084;-64.235;-46.25
2016-10-20;181.528;0.05;-65.793;-47.24
2016-10-21;180.968;0.079;-62.846;-45.184
2016-10-24;180.49;0.103;-61.704;-44.443
2016-10-25;180.382;0.108;-60.4;-43.534
2016-10-26;179.276;0.166;-58.85;-42.573
2016-10-27;177.495;0.26;-54.913;-39.995
2016-10-28;177.777;0.244;-55.924;-40.684
2016-10-31;177.89;0.237;-55.855;-40.636
2016-11-01;177.527;0.256;-56.625;-41.227
2016-11-02;178.37;0.209;-58.409;-42.394
2016-11-03;177.825;0.236;-58.807;-42.769
2016-11-04;178.308;0.209;-59.958;-43.528
2016-11-07;177.913;0.23;-59.19;-43.045
2016-11-08;177.225;0.266;-59.258;-43.201
2016-11-09;176.753;0.291;-58.977;-43.118
2016-11-10;175.163;0.376;-56.422;-41.476
2016-11-11;174.472;0.414;-54.389;-40.098
2016-11-14;174.276;0.424;-56.217;-41.481
2016-11-15;174.515;0.41;-57.262;-42.317
2016-11-16;174.551;0.407;-56.523;-41.554
2016-11-17;174.757;0.393;-56.618;-41.748
2016-11-18;174.693;0.396;-56.313;-41.512
2016-11-21;174.641;0.398;-55.361;-40.81
2016-11-22;175.378;0.356;-56.411;-41.359
2016-11-23;174.584;0.399;-52.797;-38.916
2016-11-24;174.44;0.405;-52.387;-38.673
2016-11-25;174.656;0.392;-54.481;-40.17
2016-11-28;175.281;0.356;-55.455;-40.659
2016-11-29;174.997;0.371;-53.683;-39.54
2016-11-30;173.778;0.438;-51.924;-38.528
2016-12-01;172.197;0.525;-51.744;-38.564
2016-12-02;173.833;0.432;-53.202;-39.379
2016-12-05;173.056;0.475;-52.155;-38.727
2016-12-06;172.212;0.522;-51.941;-38.705
2016-12-07;172.513;0.504;-51.173;-38.097
2016-12-08;171.376;0.566;-47.698;-35.698
2016-12-09;171.365;0.566;-47.824;-35.817
2016-12-12;170.776;0.599;-50.301;-37.789
2016-12-13;171.419;0.561;-49.071;-36.726
2016-12-14;172.562;0.495;-51.363;-38.278
2016-12-15;171.404;0.559;-51.804;-38.763
2016-12-16;172.499;0.495;-53.619;-39.952
2016-12-19;173.77;0.423;-56.059;-41.548
2016-12-20;173.335;0.446;-55.765;-41.403
2016-12-21;173.774;0.421;-56.93;-42.181
2016-12-22;173.502;0.433;-58.881;-43.686
2016-12-23;174.234;0.391;-60.38;-44.671
2016-12-26;174.234;0.391;-60.937;-45.082
2016-12-27;174.443;0.378;-61.461;-45.434
2016-12-28;174.546;0.371;-61.047;-45.125
2016-12-29;175.009;0.343;-60.434;-44.567
2016-12-30;174.271;0.384;-58.522;-43.308
2017-01-02;174.519;0.369;-59.407;-43.931
2017-01-03;173.286;0.437;-55.517;-41.247
2017-01-04;172.937;0.456;-53.736;-39.972
2017-01-05;173.713;0.41;-55.664;-41.256
2017-01-06;172.687;0.467;-55.234;-41.1
2017-01-09;173.046;0.446;-54.597;-40.566
2017-01-10;172.978;0.449;-54.658;-40.615
2017-01-11;173.52;0.417;-54.998;-40.781
2017-01-12;173.348;0.424;-52.92;-39.217
2017-01-13;172.639;0.464;-50.497;-37.569
2017-01-16;172.894;0.448;-51.656;-38.399
2017-01-17;172.907;0.447;-52.157;-38.793
2017-01-18;172.216;0.485;-51.216;-38.165
2017-01-19;171.657;0.515;-51.373;-38.372
2017-01-20;170.782;0.564;-50.088;-37.549
2017-01-23;171.767;0.507;-50.933;-38.063
2017-01-24;171.005;0.55;-50.561;-37.848
2017-01-25;169.992;0.608;-48.586;-36.53
2017-01-26;169.642;0.626;-48.995;-36.869
2017-01-27;170.101;0.598;-50.002;-37.557
2017-01-30;170.323;0.584;-51.2;-38.414
2017-01-31;170.597;0.568;-52.673;-39.479
2017-02-01;169.865;0.609;-51.061;-38.279
2017-02-02;170.568;0.566;-51.502;-38.741
2017-02-03;170.695;0.558;-51.998;-38.96
2017-02-06;171.317;0.521;-55.651;-41.522
2017-02-07;171.591;0.504;-56.368;-42.092
2017-02-08;172.608;0.445;-57.983;-43.084
2017-02-09;172.412;0.454;-57.963;-43.132
2017-02-10;172.041;0.474;-58.299;-43.469
2017-02-13;171.832;0.485;-59.38;-44.314
2017-02-14;171.157;0.523;-58.501;-43.789
2017-02-15;171.048;0.529;-56.846;-42.569
2017-02-16;171.549;0.497;-55.986;-41.834
2017-02-17;172.369;0.449;-59.179;-44.075
2017-02-20;172.311;0.452;-60.056;-44.732
2017-02-21;172.203;0.457;-60.671;-45.234
2017-02-22;172.642;0.431;-62.74;-46.643
2017-02-23;173.595;0.374;-65.104;-48.272
2017-02-24;174.502;0.322;-67.602;-49.866
2017-02-27;174.21;0.337;-64.772;-47.745
2017-02-28;173.908;0.354;-62.343;-46.142
2017-03-01;172.514;0.432;-56.892;-42.336
2017-03-02;171.771;0.473;-57.601;-42.998
2017-03-03;171.218;0.504;-58.995;-44.138
2017-03-06;171.393;0.493;-58.389;-43.62
2017-03-07;171.603;0.48;-59.712;-44.559
2017-03-08;170.907;0.519;-57.637;-43.136
2017-03-09;169.956;0.572;-58.944;-44.274
2017-03-10;169.338;0.608;-60.168;-45.291
2017-03-13;169.623;0.59;-59.388;-44.655
2017-03-14;170.236;0.553;-60.988;-45.73
2017-03-15;170.76;0.522;-62.162;-46.517
2017-03-16;170.175;0.553;-60.457;-45.364
2017-03-17;170.507;0.533;-59.921;-44.859
2017-03-20;170.347;0.542;-60.08;-44.997
2017-03-21;170.137;0.553;-59.676;-44.722
2017-03-22;170.984;0.503;-61.517;-45.929
2017-03-23;170.485;0.529;-59.402;-44.46
2017-03-24;170.885;0.505;-60.923;-45.531
2017-03-27;170.872;0.505;-58.428;-43.683
2017-03-28;170.913;0.502;-57.289;-42.832
2017-03-29;171.365;0.475;-58.217;-43.462
2017-03-30;171.419;0.469;-57.782;-43.13
2017-03-31;171.386;0.47;-58.184;-43.452
2017-04-03;172.079;0.429;-59.366;-44.381
2017-04-04;172.39;0.41;-62.137;-46.248
2017-04-05;172.367;0.41;-62.181;-46.284
2017-04-06;172.383;0.407;-63.004;-46.868
2017-04-07;173.01;0.37;-64.352;-47.81
2017-04-10;173.465;0.343;-66.683;-49.332
2017-04-11;173.572;0.336;-67.258;-49.81
2017-04-12;173.772;0.32;-68.71;-50.741
2017-04-13;174.009;0.305;-68.547;-50.658
2017-04-14;174.009;0.305;;
2017-04-17;174.009;0.305;-67.325;-49.785
2017-04-18;174.668;0.267;-67.53;-49.777
2017-04-19;173.885;0.311;-66.924;-49.44
2017-04-20;173.136;0.351;-66.727;-49.286
2017-04-21;172.963;0.36;-69.354;-51.448
2017-04-24;171.51;0.443;-62.034;-46.115
2017-04-25;170.631;0.494;-60.945;-45.636
2017-04-26;170.995;0.472;-62.748;-46.935
2017-04-27;171.7;0.427;-63.201;-47.169
2017-04-28;171.263;0.452;-63.322;-47.334
2017-05-01;171.263;0.452;-62.52;-46.829
2017-05-02;171.079;0.462;-62.76;-46.964
2017-05-03;171.116;0.459;-62.097;-46.452
2017-05-04;169.86;0.53;-59.018;-44.385
2017-05-05;169.488;0.551;-57.624;-43.359
2017-05-08;169.456;0.552;-56.894;-42.823
2017-05-09;169.001;0.578;-53.784;-40.574
2017-05-10;169.209;0.565;-53.129;-40.029
2017-05-11;168.941;0.578;-51.587;-38.914
2017-05-12;169.549;0.541;-52.346;-39.387
2017-05-15;168.847;0.582;-50.129;-37.833
2017-05-16;168.561;0.598;-48.77;-36.687
2017-05-17;169.468;0.544;-51.487;-38.754
2017-05-18;169.918;0.514;-52.556;-39.486
2017-05-19;169.45;0.541;-52.002;-39.138
2017-05-22;168.921;0.572;-51.515;-38.849
2017-05-23;168.742;0.582;-52.167;-39.233
2017-05-24;168.838;0.575;-52.754;-39.817
2017-05-25;169.453;0.536;-54.717;-41.186
2017-05-26;170.005;0.502;-55.174;-41.467
2017-05-29;170.51;0.471;-58.137;-43.595
2017-05-30;170.463;0.473;-57.204;-43.078
2017-05-31;170.235;0.486;-57.014;-42.824
2017-06-01;170.217;0.484;-58.244;-43.753
2017-06-02;170.716;0.454;-60.722;-45.68
2017-06-05;170.359;0.474;-59.212;-44.613
2017-06-06;170.902;0.441;-60.442;-45.276
2017-06-07;170.645;0.456;-58.845;-44.127
2017-06-08;170.887;0.439;-59.979;-44.929
2017-06-09;170.627;0.453;-58.312;-43.738
2017-06-12;170.892;0.437;-58.807;-44.064
2017-06-13;170.649;0.45;-59.566;-44.659
2017-06-14;171.316;0.41;-59.765;-44.699
2017-06-15;170.352;0.464;-56.572;-42.565
2017-06-16;170.328;0.465;-56.161;-42.257
2017-06-19;170.352;0.462;-56.289;-42.263
2017-06-20;170.692;0.441;-56.284;-42.196
2017-06-21;170.731;0.438;-55.508;-41.579
2017-06-22;170.85;0.428;-54.27;-40.631
2017-06-23;170.628;0.441;-54.706;-40.993
2017-06-26;170.786;0.43;-55.588;-41.622
2017-06-27;168.757;0.55;-52.023;-39.256
2017-06-28;168.76;0.549;-50.823;-38.359
2017-06-29;167.354;0.632;-49.061;-37.246
2017-06-30;167.055;0.649;-47.905;-36.411
2017-07-03;166.805;0.663;-47.855;-36.42
2017-07-04;166.622;0.674;-48.882;-37.244
2017-07-05;166.77;0.664;-49.914;-37.997
2017-07-06;165.417;0.744;-47.369;-36.24
2017-07-07;165.135;0.761;-46.732;-35.822
2017-07-10;165.659;0.728;-47.061;-35.981
2017-07-11;165.469;0.739;-45.955;-35.149
2017-07-12;166.026;0.703;-46.466;-35.389
2017-07-13;165.659;0.723;-46.373;-35.373
2017-07-14;165.8;0.714;-47.277;-36.111
2017-07-17;165.975;0.702;-47.699;-36.421
2017-07-18;166.356;0.678;-48.958;-37.316
2017-07-19;166.491;0.669;-47.5;-36.18
2017-07-20;166.54;0.663;-48.868;-37.225
2017-07-21;166.813;0.646;-48.897;-37.396
2017-07-24;166.84;0.643;-50.109;-38.149
2017-07-25;165.964;0.696;-48.181;-37.002
2017-07-26;166.014;0.692;-48.313;-36.923
2017-07-27;166.331;0.67;-50.341;-38.414
2017-07-28;166.216;0.676;-51.247;-39.198
2017-07-31;166.347;0.667;-52.555;-40.101
2017-08-01;167.246;0.611;-53.612;-40.758
2017-08-02;167.325;0.606;-53.868;-40.944
2017-08-03;167.868;0.57;-55.788;-42.275
2017-08-04;167.539;0.589;-53.928;-40.941
2017-08-07;167.714;0.578;-54.648;-41.446
2017-08-08;167.427;0.594;-53.333;-40.745
2017-08-09;168.218;0.545;-55.498;-42.002
2017-08-10;168.406;0.531;-55.859;-42.247
2017-08-11;168.999;0.494;-57.549;-43.444
2017-08-14;168.568;0.52;-57.331;-43.36
2017-08-15;168.24;0.539;-56.984;-43.138
2017-08-16;168.05;0.549;-57.048;-43.235
2017-08-17;168.358;0.528;-56.587;-42.819
2017-08-18;168.532;0.516;-56.879;-43.017
2017-08-21;168.723;0.504;-57.38;-43.374
2017-08-22;168.658;0.507;-56.765;-42.905
2017-08-23;169.054;0.482;-58.603;-44.241
2017-08-24;169.051;0.48;-59.575;-44.972
2017-08-25;168.937;0.486;-59.447;-44.901
2017-08-28;168.907;0.486;-59.525;-44.779
2017-08-29;169.57;0.445;-60.589;-45.635
2017-08-30;169.268;0.463;-59.055;-44.534
2017-08-31;169.19;0.465;-58.65;-44.245
2017-09-01;168.643;0.497;-56.391;-42.459
2017-09-04;168.765;0.489;-56.257;-42.352
2017-09-05;169.258;0.458;-56.868;-42.713
2017-09-06;169.125;0.465;-57.873;-43.451
2017-09-07;169.59;0.434;-60.133;-45.249
2017-09-08;169.465;0.441;-60.284;-45.431
2017-09-11;168.999;0.468;-58.701;-44.337
2017-09-12;167.895;0.535;-56.906;-43.178
2017-09-13;167.86;0.536;-55.386;-42.02
2017-09-14;167.613;0.548;-55.45;-42.107
2017-09-15;167.347;0.564;-56.146;-42.679
2017-09-18;166.938;0.588;-55.186;-42.025
2017-09-19;166.988;0.584;-54.341;-41.373
2017-09-20;167.193;0.571;-54.477;-41.425
2017-09-21;167.001;0.58;-55.109;-41.931
2017-09-22;167.078;0.574;-55.239;-41.978
2017-09-25;167.735;0.533;-56.849;-43.124
2017-09-26;167.587;0.541;-56.228;-42.673
2017-09-27;166.63;0.599;-54.64;-41.646
2017-09-28;166.407;0.61;-55.13;-42.073
2017-09-29;166.752;0.588;-56.547;-43.064
2017-10-02;166.93;0.576;-57.075;-43.441
2017-10-03;166.675;0.591;-56.866;-43.355
2017-10-04;166.821;0.581;-56.783;-43.236
2017-10-05;166.706;0.586;-55.501;-42.119
2017-10-06;166.621;0.59;-55.872;-42.578
2017-10-09;166.884;0.573;-55.639;-42.341
2017-10-10;166.91;0.57;-55.74;-42.428
2017-10-11;166.498;0.595;-55.301;-42.03
2017-10-12;166.668;0.582;-54.747;-41.711
2017-10-13;167.208;0.547;-56.365;-42.75
2017-10-16;167.746;0.513;-56.809;-43.1
2017-10-17;167.841;0.506;-56.953;-43.173
2017-10-18;167.362;0.535;-55.985;-42.514
2017-10-19;167.327;0.535;-55.908;-42.463
2017-10-20;166.335;0.595;-54.069;-41.249
2017-10-23;166.679;0.573;-53.986;-41.123
2017-10-24;165.986;0.615;-52.462;-40.073
2017-10-25;165.85;0.623;-53.065;-40.541
2017-10-26;166.707;0.567;-53.907;-41.072
2017-10-27;167.079;0.543;-56.118;-42.695
2017-10-30;167.455;0.518;-56.836;-43.161
2017-10-31;167.605;0.508;-57.199;-43.417
2017-11-01;167.402;0.52;-56.889;-43.216
2017-11-02;167.334;0.521;-56.252;-42.74
2017-11-03;167.478;0.512;-56.847;-43.167
2017-11-06;167.877;0.486;-57.197;-43.359
2017-11-07;168.005;0.477;-57.977;-43.929
2017-11-08;168.024;0.475;-58.06;-43.979
2017-11-09;167.097;0.53;-55.571;-42.265
2017-11-10;166.478;0.567;-54.255;-41.374
2017-11-13;166.375;0.573;-54.25;-41.394
2017-11-14;166.671;0.554;-54.139;-41.245
2017-11-15;167.01;0.532;-54.548;-41.493
2017-11-16;166.956;0.532;-54.236;-41.258
2017-11-17;167.252;0.513;-55.211;-41.956
2017-11-20;167.252;0.512;-55.715;-42.34
2017-11-21;167.517;0.495;-55.442;-42.077
2017-11-22;167.525;0.493;-55.019;-41.737
2017-11-23;167.521;0.491;-54.432;-41.291
2017-11-24;167.243;0.507;-53.828;-40.874
2017-11-27;167.515;0.489;-54.21;-41.108
2017-11-28;167.536;0.487;-54.951;-41.66
2017-11-29;166.863;0.528;-53.895;-40.96
2017-11-30;167.154;0.507;-54.53;-41.396
2017-12-01;168.207;0.441;-57.752;-43.653
2017-12-04;167.63;0.476;-55.778;-42.26
2017-12-05;168.058;0.448;-57.033;-43.126
2017-12-06;168.438;0.424;-58.236;-43.983
2017-12-07;168.305;0.429;-59.748;-45.149
2017-12-08;168.096;0.441;-59.977;-45.354
2017-12-11;168.335;0.425;-59.808;-45.18
2017-12-12;167.89;0.452;-58.907;-44.578
2017-12-13;167.815;0.456;-57.901;-43.825
2017-12-14;167.909;0.447;-57.297;-43.349
2017-12-15;168.151;0.431;-58.088;-43.897
2017-12-18;167.975;0.441;-57.947;-43.819
2017-12-19;166.796;0.514;-54.843;-41.678
2017-12-20;166.333;0.542;-54.474;-41.458
2017-12-21;166.146;0.549;-54.804;-41.74
2017-12-22;166.1;0.551;-55.254;-42.079
2017-12-25;166.1;0.551;-55.673;-42.402
2017-12-26;166.1;0.551;-55.65;-42.401
2017-12-27;166.647;0.516;-55.884;-42.452
2017-12-28;165.936;0.557;-53.255;-40.57
2017-12-29;165.782;0.566;-52.695;-40.165
2018-01-01;165.782;0.566;-52.826;-40.267
2018-01-02;165.139;0.606;-50.698;-38.778
2018-01-03;165.577;0.577;-51.792;-39.533
2018-01-04;165.61;0.572;-51.16;-39.03
2018-01-05;165.481;0.579;-50.805;-38.787
2018-01-08;165.55;0.574;-50.277;-38.372
2018-01-09;164.92;0.613;-48.74;-37.305
2018-01-10;164.76;0.623;-49.598;-37.994
2018-01-11;164.21;0.655;-49.664;-38.1
2018-01-12;164.17;0.657;-49.663;-38.088
2018-01-15;163.989;0.667;-49.642;-38.098
2018-01-16;164.443;0.637;-50.117;-38.383
2018-01-17;164.433;0.637;-49.772;-38.111
2018-01-18;164.196;0.65;-50.216;-38.496
2018-01-19;164.19;0.649;-51.264;-39.322
2018-01-22;164.214;0.647;-51.889;-39.79
2018-01-23;164.313;0.639;-52.094;-39.933
2018-01-24;163.912;0.664;-51.235;-39.331
2018-01-25;163.683;0.676;-51.065;-39.212
2018-01-26;163.39;0.694;-49.405;-37.953
2018-01-29;162.289;0.765;-48.295;-37.271
2018-01-30;162.374;0.759;-48.071;-37.104
2018-01-31;162.243;0.766;-46.788;-36.112
2018-02-01;161.838;0.79;-47.157;-36.496
2018-02-02;161.102;0.838;-45.827;-35.585
2018-02-05;161.52;0.809;-47.61;-36.917
2018-02-06;162.161;0.766;-47.805;-36.933
2018-02-07;161.473;0.811;-46.166;-35.771
2018-02-08;161.15;0.829;-45.808;-35.548
2018-02-09;161.377;0.813;-48.175;-37.355
2018-02-12;161.151;0.827;-50.078;-38.89
2018-02-13;161.169;0.825;-49.829;-38.706
2018-02-14;161.002;0.835;-49.214;-38.251
2018-02-15;160.928;0.838;-49.81;-38.71
2018-02-16;161.804;0.779;-52.33;-40.542
2018-02-19;161.308;0.811;-51.431;-39.937
2018-02-20;161.271;0.812;-51.545;-40.04
2018-02-21;161.51;0.796;-51.324;-39.822
2018-02-22;161.686;0.781;-52.875;-40.985
2018-02-23;162.509;0.726;-55.169;-42.593
2018-02-26;162.538;0.723;-54.989;-42.44
2018-02-27;162.143;0.748;-52.871;-40.871
2018-02-28;162.456;0.727;-53.654;-41.441
2018-03-01;162.564;0.717;-54.423;-42.014
2018-03-02;162.457;0.723;-54.045;-41.748
2018-03-05;162.509;0.719;-54.606;-42.156
2018-03-06;162.042;0.749;-52.916;-40.93
2018-03-07;162.348;0.728;-52.889;-40.842
2018-03-08;162.761;0.698;-54.609;-42.106
2018-03-09;162.443;0.718;-53.697;-41.468
2018-03-12;162.682;0.701;-54.609;-42.141
2018-03-13;162.862;0.688;-54.933;-42.35
2018-03-14;163.254;0.662;-55.732;-42.882
2018-03-15;163.476;0.645;-55.141;-42.378
2018-03-16;163.578;0.637;-56.075;-43.094
2018-03-19;163.623;0.633;-56.793;-43.622
2018-03-20;163.422;0.645;-56.653;-43.563
2018-03-21;163.33;0.65;-57.291;-44.068
2018-03-22;164.204;0.591;-59.441;-45.578
2018-03-23;164.267;0.586;-60.73;-46.546
2018-03-26;164.317;0.581;-60.942;-46.694
2018-03-27;164.621;0.561;-60.797;-46.507
2018-03-28;164.589;0.558;-60.405;-46.222
2018-03-29;164.625;0.555;-60.691;-46.444
2018-03-30;164.625;0.555;-60.322;-46.154
2018-04-02;164.625;0.555;-60.322;-46.154
2018-04-03;164.58;0.557;-59.02;-45.152
2018-04-04;164.587;0.555;-58.653;-44.872
2018-04-05;164.142;0.582;-57.946;-44.423
2018-04-06;164.521;0.556;-58.754;-44.962
2018-04-09;164.397;0.563;-57.975;-44.389
2018-04-10;164.235;0.573;-56.228;-43.061
2018-04-11;164.487;0.555;-57.133;-43.704
2018-04-12;164.161;0.574;-56.531;-43.326
2018-04-13;164.213;0.569;-57.1;-43.744
2018-04-16;163.999;0.582;-56.919;-43.661
2018-04-17;164.287;0.563;-57.184;-43.79
2018-04-18;163.947;0.584;-55.653;-42.685
2018-04-19;162.851;0.653;-53.406;-41.149
2018-04-20;162.951;0.645;-54.607;-42.065
2018-04-23;162.307;0.687;-52.722;-40.731
2018-04-24;162.407;0.68;-53.437;-41.254
2018-04-25;162.399;0.679;-53.934;-41.638
2018-04-26;162.957;0.639;-55.142;-42.455
2018-04-27;163.235;0.619;-55.802;-42.925
2018-04-30;163.374;0.609;-56.181;-43.203
2018-05-01;163.374;0.609;-55.871;-42.956
2018-05-02;163.05;0.63;-55.134;-42.449
2018-05-03;163.694;0.584;-56.085;-43.081
2018-05-04;163.476;0.598;-54.846;-42.162
2018-05-07;163.708;0.581;-55.552;-42.648
2018-05-08;163.186;0.615;-55.193;-42.472
2018-05-09;163.215;0.612;-55.515;-42.714
2018-05-10;163.215;0.609;-55.96;-43.046
2018-05-11;163.206;0.609;-56.86;-43.747
2018-05-14;162.43;0.659;-54.955;-42.401
2018-05-15;161.898;0.694;-54.498;-42.15
2018-05-16;162.402;0.659;-56.958;-43.96
2018-05-17;161.822;0.695;-56.049;-43.391
2018-05-18;162.702;0.636;-58.784;-45.315
2018-05-21;163.544;0.579;-62.514;-48.033
2018-05-22;162.956;0.617;-60.344;-46.483
2018-05-23;163.674;0.568;-62.224;-47.785
2018-05-24;164.203;0.531;-63.473;-48.643
2018-05-25;165.134;0.469;-66.267;-50.571
2018-05-28;166.094;0.405;-70.883;-53.905
2018-05-29;167.299;0.327;-77.944;-58.988
2018-05-30;165.638;0.433;-72.294;-55.082
2018-05-31;166.177;0.395;-72.804;-55.341
2018-06-01;165.452;0.441;-69.647;-53.091
2018-06-04;164.945;0.473;-68.082;-52.044
2018-06-05;165.573;0.431;-70.867;-54.025
2018-06-06;164.185;0.521;-67.836;-51.991
2018-06-07;163.881;0.538;-68.302;-52.418
2018-06-08;164.353;0.506;-70.305;-53.863
2018-06-11;163.663;0.551;-66.045;-50.721
2018-06-12;163.699;0.548;-65.134;-49.997
2018-06-13;163.805;0.54;-64.76;-49.688
2018-06-14;164.508;0.49;-65.885;-50.466
2018-06-15;164.709;0.476;-63.976;-48.97
2018-06-18;164.724;0.474;-62.957;-48.2
2018-06-19;165.11;0.448;-63.126;-48.24
2018-06-20;165.044;0.451;-64.05;-48.961
2018-06-21;165.608;0.411;-68.064;-51.928
2018-06-22;165.6;0.411;-68.954;-52.606
2018-06-25;165.774;0.398;-70.444;-53.72
2018-06-26;165.584;0.41;-70.668;-53.927
2018-06-27;165.916;0.387;-71.535;-54.503
2018-06-28;165.951;0.382;-71.548;-54.486
2018-06-29;166.325;0.356;-72.978;-55.477
2018-07-02;166.317;0.356;-73.907;-56.207
2018-07-03;166.524;0.342;-74.411;-56.528
2018-07-04;166.224;0.36;-71.881;-54.672
2018-07-05;166.26;0.355;-72.248;-54.925
2018-07-06;166.265;0.353;-72.245;-54.92
2018-07-09;166.102;0.363;-70.875;-53.912
2018-07-10;165.825;0.38;-70.828;-53.948
2018-07-11;165.941;0.371;-71.622;-54.517
2018-07-12;166.031;0.363;-72.455;-55.131
2018-07-13;166.237;0.348;-73.121;-55.601
2018-07-16;165.883;0.37;-72.292;-55.049
2018-07-17;166.108;0.355;-72.331;-55.027
2018-07-18;166.137;0.352;-72.317;-55.011
2018-07-19;166.244;0.342;-73.273;-55.703
2018-07-20;165.642;0.38;-71.722;-54.675
2018-07-23;165.11;0.414;-70.204;-53.633
2018-07-24;165.272;0.402;-70.231;-53.616
2018-07-25;165.324;0.398;-70.045;-53.451
2018-07-26;165.13;0.408;-70.616;-53.926
2018-07-27;165.081;0.41;-70.74;-54.044
2018-07-30;164.416;0.453;-68.829;-52.708
2018-07-31;164.464;0.449;-68.981;-52.804
2018-08-01;163.929;0.483;-67.144;-51.513
2018-08-02;164.133;0.467;-68.552;-52.55
2018-08-03;164.892;0.415;-71.26;-54.45
2018-08-06;165.142;0.398;-71.979;-54.945
2018-08-07;164.855;0.416;-71.504;-54.64
2018-08-08;164.976;0.407;-72.169;-55.138
2018-08-09;165.229;0.387;-73.455;-56.062
2018-08-10;166.076;0.33;-75.962;-57.759
2018-08-13;166.112;0.327;-75.978;-57.778
2018-08-14;165.892;0.34;-75.073;-57.145
2018-08-15;166.226;0.317;-75.884;-57.686
2018-08-16;165.974;0.331;-75.361;-57.351
2018-08-17;166.171;0.317;-75.897;-57.707
2018-08-20;166.212;0.313;-75.973;-57.771
2018-08-21;165.772;0.341;-74.371;-56.622
2018-08-22;165.568;0.353;-72.562;-55.299
2018-08-23;165.521;0.353;-72.516;-55.257
2018-08-24;165.436;0.358;-72.287;-55.108
2018-08-27;164.933;0.39;-70.316;-53.723
2018-08-28;164.84;0.395;-69.469;-53.092
2018-08-29;164.454;0.42;-68.556;-52.486
2018-08-30;165.269;0.363;-72.214;-55.057
2018-08-31;165.533;0.344;-72.891;-55.521
2018-09-03;165.424;0.351;-72.371;-55.15
2018-09-04;165.052;0.374;-70.373;-53.707
2018-09-05;164.706;0.396;-69.468;-53.094
2018-09-06;165.035;0.371;-71.177;-54.323
2018-09-07;164.51;0.405;-69.485;-53.16
2018-09-10;164.297;0.418;-68.803;-52.687
2018-09-11;163.886;0.445;-67.853;-52.054
2018-09-12;164.184;0.424;-68.747;-52.669
2018-09-13;163.99;0.434;-68.01;-52.146
2018-09-14;163.572;0.461;-66.182;-50.829
2018-09-17;163.482;0.466;-66.745;-51.278
2018-09-18;163.144;0.488;-65.392;-50.318
2018-09-19;162.989;0.497;-65.901;-50.749
2018-09-20;163.176;0.482;-67.169;-51.673
2018-09-21;163.298;0.472;-67.498;-51.908
2018-09-24;162.639;0.516;-65.784;-50.71
2018-09-25;162.14;0.549;-64.921;-50.133
2018-09-26;162.37;0.532;-65.691;-50.664
2018-09-27;162.332;0.532;-65.486;-50.508
2018-09-28;163.129;0.477;-68.981;-53.033
2018-10-01;163.065;0.48;-70.094;-53.913
2018-10-02;163.791;0.43;-73.309;-56.223
2018-10-03;163.046;0.479;-70.408;-54.162
2018-10-04;162.207;0.533;-68.599;-52.95
2018-10-05;161.539;0.578;-67.163;-52.004
2018-10-08;162.149;0.535;-69.296;-53.503
2018-10-09;161.851;0.555;-68.281;-52.79
2018-10-10;161.76;0.56;-68.338;-52.853
2018-10-11;162.181;0.528;-70.201;-54.201
2018-10-12;162.435;0.51;-71.193;-54.923
2018-10-15;162.358;0.514;-70.984;-54.798
2018-10-16;162.509;0.503;-70.402;-54.315
2018-10-17;162.889;0.476;-70.512;-54.314
2018-10-18;163.462;0.434;-74.03;-56.881
2018-10-19;162.908;0.471;-72.779;-56.057
2018-10-22;163.075;0.458;-73.036;-56.212
2018-10-23;163.615;0.42;-74.633;-57.3
2018-10-24;163.754;0.41;-75.161;-57.677
2018-10-25;163.678;0.412;-75.222;-57.739
2018-10-26;164.32;0.368;-76.535;-58.579
2018-10-29;163.916;0.394;-74.962;-57.488
2018-10-30;164.035;0.385;-75.164;-57.609
2018-10-31;163.813;0.399;-74.902;-57.464
2018-11-01;163.566;0.412;-73.724;-56.623
2018-11-02;163.145;0.44;-71.714;-55.176
2018-11-05;163.166;0.438;-71.463;-54.98
2018-11-06;163.046;0.445;-71.279;-54.871
2018-11-07;162.834;0.458;-70.603;-54.379
2018-11-08;162.642;0.468;-70.249;-54.15
2018-11-09;163.334;0.42;-72.697;-55.874
2018-11-12;163.416;0.413;-72.572;-55.765
2018-11-13;163.252;0.423;-72.115;-55.443
2018-11-14;163.391;0.413;-72.214;-55.492
2018-11-15;163.879;0.377;-73.92;-56.697
2018-11-16;163.771;0.383;-73.801;-56.632
2018-11-19;163.651;0.39;-72.883;-55.955
2018-11-20;163.989;0.366;-73.708;-56.499
2018-11-21;163.586;0.392;-71.494;-54.889
2018-11-22;163.622;0.387;-71.167;-54.634
2018-11-23;164.077;0.355;-72.772;-55.747
2018-11-26;163.726;0.378;-71.332;-54.735
2018-11-27;163.856;0.368;-71.851;-55.107
2018-11-28;163.828;0.369;-71.901;-55.153
2018-11-29;164.16;0.343;-72.235;-55.329
2018-11-30;164.261;0.335;-72.714;-55.677
2018-12-03;164.348;0.328;-73.458;-56.221
2018-12-04;165.041;0.28;-75.95;-57.956
2018-12-05;164.786;0.296;-76.238;-58.234
2018-12-06;165.346;0.255;-79.138;-60.307
2018-12-07;165.127;0.269;-78.268;-59.707
2018-12-10;165.204;0.262;-78.684;-60.001
2018-12-11;165.385;0.249;-81.054;-61.771
2018-12-12;164.722;0.293;-78.234;-59.778
2018-12-13;164.558;0.301;-77.142;-58.991
2018-12-14;164.958;0.273;-78.296;-59.784
2018-12-17;164.903;0.275;-78.583;-60.023
2018-12-18;165.098;0.261;-78.02;-59.533
2018-12-19;165.167;0.255;-76.951;-58.697
2018-12-20;165.306;0.243;-76.498;-58.315
2018-12-21;164.936;0.264;-75.867;-57.942
2018-12-24;164.936;0.263;-75.759;-57.871
2018-12-25;164.936;0.263;-75.775;-57.871
2018-12-26;164.936;0.263;-75.757;-57.871
2018-12-27;165.106;0.249;-75.5;-57.628
2018-12-28;164.892;0.261;-72.796;-55.611
2018-12-31;164.892;0.26;-72.963;-55.738
2019-01-01;164.892;0.26;-72.963;-55.738
2019-01-02;165.967;0.186;-74.995;-57.04
2019-01-03;166.038;0.178;-75.256;-57.218
2019-01-04;165.231;0.231;-74.099;-56.523
2019-01-07;165.027;0.244;-73.373;-56.009
2019-01-08;164.939;0.249;-74.859;-57.157
2019-01-09;164.998;0.244;-76.363;-58.297
2019-01-10;165.266;0.222;-78.056;-59.535
2019-01-11;165.427;0.21;-78.5;-59.837
2019-01-14;165.504;0.204;-77.729;-59.243
2019-01-15;165.806;0.182;-78.735;-59.948
2019-01-16;165.524;0.2;-77.145;-58.796
2019-01-17;165.209;0.219;-75.574;-57.654
2019-01-18;164.89;0.239;-74.748;-57.088
2019-01-21;164.965;0.233;-75.0;-57.239
2019-01-22;165.253;0.212;-75.345;-57.437
2019-01-23;165.403;0.201;-74.144;-56.477
2019-01-24;166.022;0.156;-75.628;-57.443
2019-01-25;165.837;0.167;-74.646;-56.717
2019-01-28;165.637;0.18;-73.754;-56.079
2019-01-29;165.69;0.175;-72.588;-55.187
2019-01-30;165.863;0.162;-72.166;-54.8
2019-01-31;166.349;0.126;-71.075;-53.864
2019-02-01;166.048;0.145;-73.132;-55.496
2019-02-04;165.87;0.156;-72.399;-54.987
2019-02-05;165.95;0.149;-72.712;-55.199
2019-02-06;166.067;0.14;-72.6;-55.069
2019-02-07;166.691;0.095;-74.596;-56.456
2019-02-08;167.099;0.066;-74.618;-56.357
2019-02-11;166.594;0.099;-73.122;-55.363
2019-02-12;166.416;0.11;-73.255;-55.514
2019-02-13;166.541;0.1;-74.721;-56.582
2019-02-14;166.779;0.081;-75.641;-57.21
2019-02-15;166.778;0.08;-75.829;-57.353
2019-02-18;166.626;0.089;-75.374;-57.062
2019-02-19;166.691;0.083;-74.387;-56.29
2019-02-20;166.802;0.075;-73.905;-55.885
2019-02-21;166.366;0.101;-73.308;-55.533
2019-02-22;166.804;0.07;-74.174;-56.073
2019-02-25;166.573;0.085;-73.216;-55.4
2019-02-26;166.401;0.095;-72.558;-54.963
2019-02-27;165.966;0.124;-72.374;-54.915
2019-02-28;165.371;0.161;-70.893;-53.921
2019-03-01;165.339;0.162;-71.094;-54.059
2019-03-04;165.686;0.137;-72.021;-54.676
2019-03-05;165.524;0.147;-70.917;-53.879
2019-03-06;166.08;0.108;-70.952;-53.799
2019-03-07;166.93;0.047;-70.422;-53.2
2019-03-08;166.92;0.046;-68.205;-51.47
2019-03-11;166.88;0.048;-69.182;-52.225
2019-03-12;167.065;0.034;-70.52;-53.206
2019-03-13;166.918;0.043;-70.266;-53.045
2019-03-14;166.58;0.062;-69.155;-52.281
2019-03-15;166.587;0.061;-69.248;-52.343
2019-03-18;166.604;0.058;-67.625;-51.114
2019-03-19;166.409;0.071;-68.109;-51.541
2019-03-20;166.608;0.056;-68.482;-51.76
2019-03-21;167.212;0.011;-70.244;-52.969
2019-03-22;168.057;-0.047;-71.796;-53.902
2019-03-25;168.244;-0.061;-71.846;-53.891
2019-03-26;168.047;-0.049;-71.819;-53.9
2019-03-27;168.884;-0.106;-71.289;-53.376
2019-03-28;168.715;-0.098;-73.197;-54.84
2019-03-29;168.68;-0.097;-75.154;-56.322
2019-04-01;168.011;-0.053;-72.743;-54.672
2019-04-02;168.334;-0.076;-73.3;-55.006
2019-04-03;167.474;-0.019;-71.733;-54.041
2019-04-04;167.656;-0.035;-72.208;-54.339
2019-04-05;167.478;-0.024;-71.647;-53.959
2019-04-08;167.435;-0.022;-71.063;-53.533
2019-04-09;167.663;-0.039;-71.863;-54.079
2019-04-10;167.861;-0.054;-70.39;-52.939
2019-04-11;167.59;-0.039;-69.825;-52.556
2019-04-12;166.641;0.025;-67.84;-51.264
2019-04-15;166.589;0.027;-68.003;-51.397
2019-04-16;166.427;0.037;-68.312;-51.671
2019-04-17;166.189;0.048;-68.078;-51.542
2019-04-18;166.967;-0.007;-68.908;-51.994
2019-04-19;166.967;-0.007;-68.851;-51.955
2019-04-22;166.967;-0.007;-68.854;-51.957
2019-04-23;166.726;0.008;-68.685;-51.876
2019-04-24;167.483;-0.044;-69.605;-52.386
2019-04-25;167.371;-0.04;-70.63;-53.177
2019-04-26;167.489;-0.05;-70.5;-53.055
2019-04-29;167.062;-0.023;-68.351;-51.521
2019-04-30;166.901;-0.013;-67.814;-51.159
2019-05-01;166.901;-0.013;-67.675;-51.048
2019-05-02;166.616;0.003;-66.482;-50.208
2019-05-03;166.664;-0.001;-67.601;-51.05
2019-05-06;166.92;-0.02;-67.847;-51.172
2019-05-07;167.541;-0.064;-69.103;-51.974
2019-05-08;167.621;-0.07;-70.207;-52.787
2019-05-09;167.606;-0.073;-70.837;-53.266
2019-05-10;167.536;-0.069;-70.494;-53.023
2019-05-13;167.89;-0.095;-70.638;-53.056
2019-05-14;167.873;-0.095;-69.606;-52.297
2019-05-15;168.294;-0.125;-71.391;-53.539
2019-05-16;168.185;-0.121;-71.996;-54.03
2019-05-17;168.293;-0.129;-71.46;-53.599
2019-05-20;168.032;-0.113;-70.888;-53.248
2019-05-21;167.642;-0.087;-68.88;-51.829
2019-05-22;167.945;-0.109;-69.803;-52.448
2019-05-23;168.394;-0.144;-70.626;-52.946
2019-05-24;168.347;-0.142;-70.738;-53.035
2019-05-27;168.729;-0.169;-71.277;-53.345
2019-05-28;168.947;-0.185;-71.56;-53.516
2019-05-29;169.174;-0.201;-71.503;-53.427
2019-05-30;169.062;-0.197;-71.713;-53.616
2019-05-31;169.478;-0.227;-72.724;-54.27
2019-06-03;169.456;-0.227;-71.356;-53.228
2019-06-04;169.491;-0.23;-69.478;-51.799
2019-06-05;169.772;-0.25;-68.285;-50.905
2019-06-06;169.93;-0.265;-69.086;-51.394
2019-06-07;170.171;-0.282;-69.185;-51.429
2019-06-10;169.569;-0.243;-68.979;-51.417
2019-06-11;169.74;-0.256;-68.593;-51.092
2019-06-12;169.816;-0.262;-68.886;-51.301
2019-06-13;169.817;-0.266;-68.354;-50.897
2019-06-14;170.058;-0.283;-68.256;-50.766
2019-06-17;169.856;-0.271;-67.836;-50.496
2019-06-18;170.953;-0.346;-69.67;-51.706
2019-06-19;170.418;-0.311;-68.285;-50.742
2019-06-20;170.836;-0.343;-70.587;-52.359
2019-06-21;170.322;-0.31;-70.075;-52.073
2019-06-24;170.64;-0.333;-69.476;-51.564
2019-06-25;170.979;-0.357;-69.767;-51.697
2019-06-26;170.524;-0.327;-68.517;-50.864
2019-06-27;170.732;-0.345;-67.924;-50.376
2019-06-28;170.796;-0.351;-67.641;-50.156
2019-07-01;171.187;-0.378;-68.849;-50.994
2019-07-02;171.28;-0.386;-68.894;-51.015
2019-07-03;171.566;-0.406;-66.664;-49.251
2019-07-04;171.678;-0.418;-64.159;-47.345
2019-07-05;171.13;-0.382;-63.627;-47.035
2019-07-08;171.12;-0.383;-62.928;-46.539
2019-07-09;170.925;-0.371;-65.216;-48.281
2019-07-10;170.225;-0.325;-63.68;-47.325
2019-07-11;169.535;-0.282;-63.637;-47.401
2019-07-12;169.314;-0.268;-63.866;-47.634
2019-07-15;169.912;-0.31;-63.863;-47.516
2019-07-16;169.815;-0.305;-61.686;-45.889
2019-07-17;170.441;-0.348;-62.177;-46.093
2019-07-18;170.658;-0.367;-62.662;-46.439
2019-07-19;170.798;-0.378;-62.539;-46.326
2019-07-22;171.094;-0.399;-63.641;-47.074
2019-07-23;171.171;-0.405;-63.671;-47.085
2019-07-24;171.466;-0.427;-62.369;-46.029
2019-07-25;171.151;-0.409;-60.794;-44.906
2019-07-26;171.351;-0.424;-62.014;-45.799
2019-07-29;171.547;-0.439;-62.67;-46.264
2019-07-30;171.666;-0.448;-63.528;-46.863
2019-07-31;172.226;-0.487;-63.698;-46.873
2019-08-01;172.323;-0.497;-62.113;-45.658
2019-08-02;173.022;-0.545;-61.731;-45.219
2019-08-05;173.277;-0.564;-62.373;-45.631
2019-08-06;173.568;-0.584;-64.06;-46.808
2019-08-07;174.232;-0.63;-64.065;-46.671
2019-08-08;173.784;-0.604;-64.355;-46.98
2019-08-09;174.02;-0.621;-64.862;-47.3
2019-08-12;174.248;-0.638;-65.816;-47.924
2019-08-13;174.459;-0.653;-65.228;-47.421
2019-08-14;175.065;-0.694;-62.299;-45.173
2019-08-15;175.885;-0.752;-56.743;-40.972
2019-08-16;175.441;-0.724;-52.073;-37.6
2019-08-19;174.827;-0.685;-56.405;-40.88
2019-08-20;175.377;-0.723;-58.977;-42.667
2019-08-21;175.087;-0.705;-61.976;-44.843
2019-08-22;174.579;-0.676;-62.526;-45.34
2019-08-23;174.997;-0.705;-63.583;-46.141
2019-08-26;174.901;-0.7;-63.229;-45.88
2019-08-27;175.276;-0.726;-60.1;-43.483
2019-08-28;175.573;-0.747;-58.677;-42.379
2019-08-29;175.161;-0.724;-58.575;-42.417
2019-08-30;175.304;-0.735;-60.123;-43.512
2019-09-02;175.299;-0.736;-60.415;-43.704
2019-09-03;175.375;-0.742;-60.761;-43.892
2019-09-04;174.875;-0.71;-60.132;-43.586
2019-09-05;173.541;-0.625;-60.016;-43.752
2019-09-06;174.229;-0.673;-60.125;-43.725
2019-09-09;173.431;-0.621;-59.163;-43.213
2019-09-10;172.888;-0.586;-57.715;-42.253
2019-09-11;173.1;-0.601;-59.931;-43.856
2019-09-12;172.389;-0.557;-60.504;-44.272
2019-09-13;171.316;-0.486;-61.891;-45.619
2019-09-16;171.772;-0.518;-60.102;-44.219
2019-09-17;171.67;-0.513;-57.124;-42.018
2019-09-18;172.225;-0.552;-57.631;-42.276
2019-09-19;172.111;-0.548;-56.989;-41.81
2019-09-20;172.294;-0.562;-57.334;-42.047
2019-09-23;173.141;-0.62;-57.39;-41.953
2019-09-24;173.352;-0.636;-57.023;-41.595
2019-09-25;172.921;-0.608;-57.28;-41.871
2019-09-26;173.005;-0.618;-58.703;-42.91
2019-09-27;172.882;-0.611;-59.787;-43.737
2019-09-30;172.805;-0.607;-58.823;-43.017
2019-10-01;172.693;-0.601;-58.373;-42.732
2019-10-02;172.396;-0.582;-57.041;-41.834
2019-10-03;172.933;-0.623;-58.221;-42.597
2019-10-04;172.854;-0.619;-58.059;-42.506
2019-10-07;172.636;-0.605;-57.748;-42.299
2019-10-08;172.875;-0.623;-59.088;-43.261
2019-10-09;172.189;-0.578;-58.41;-42.857
2019-10-10;171.027;-0.502;-55.955;-41.252
2019-10-11;170.6;-0.474;-56.903;-42.088
2019-10-14;170.852;-0.493;-57.146;-42.211
2019-10-15;170.218;-0.45;-56.141;-41.506
2019-10-16;169.772;-0.421;-56.11;-41.565
2019-10-17;170.038;-0.443;-55.562;-41.112
2019-10-18;169.585;-0.413;-56.048;-41.537
2019-10-21;169.056;-0.378;-55.407;-41.154
2019-10-22;169.376;-0.401;-55.261;-40.989
2019-10-23;169.744;-0.428;-54.345;-40.221
2019-10-24;169.823;-0.438;-55.117;-40.801
2019-10-25;169.106;-0.389;-55.856;-41.472
2019-10-28;168.685;-0.361;-54.643;-40.649
2019-10-29;168.888;-0.377;-54.856;-40.779
2019-10-30;168.949;-0.382;-56.154;-41.743
2019-10-31;169.625;-0.433;-57.454;-42.614
2019-11-01;169.226;-0.407;-55.368;-41.102
2019-11-04;168.788;-0.377;-55.721;-41.467
2019-11-05;168.189;-0.337;-53.504;-39.893
2019-11-06;168.536;-0.362;-54.088;-40.269
2019-11-07;167.089;-0.264;-50.96;-38.144
2019-11-08;167.497;-0.294;-52.657;-39.391
2019-11-11;167.216;-0.276;-52.229;-39.091
2019-11-12;167.242;-0.279;-50.34;-37.681
2019-11-13;167.869;-0.325;-51.816;-38.658
2019-11-14;168.482;-0.372;-53.598;-39.893
2019-11-15;168.235;-0.356;-52.821;-39.351
2019-11-18;168.251;-0.358;-53.712;-39.988
2019-11-19;168.249;-0.359;-53.45;-39.811
2019-11-20;168.331;-0.367;-53.531;-39.87
2019-11-21;167.989;-0.346;-52.897;-39.432
2019-11-22;168.459;-0.381;-53.774;-40.027
2019-11-25;168.272;-0.369;-53.466;-39.82
2019-11-26;168.543;-0.39;-54.557;-40.587
2019-11-27;168.536;-0.39;-52.75;-39.232
2019-11-28;168.358;-0.382;-52.965;-39.405
2019-11-29;168.262;-0.376;-52.937;-39.403
2019-12-02;167.162;-0.3;-50.959;-38.112
2019-12-03;168.126;-0.369;-51.881;-38.683
2019-12-04;167.568;-0.331;-52.035;-38.883
2019-12-05;167.259;-0.313;-50.885;-38.078
2019-12-06;167.169;-0.308;-51.026;-38.204
2019-12-09;167.444;-0.329;-51.96;-38.856
2019-12-10;167.283;-0.319;-51.627;-38.639
2019-12-11;167.618;-0.344;-51.597;-38.546
2019-12-12;166.833;-0.292;-49.206;-36.884
2019-12-13;167.104;-0.313;-49.429;-36.988
2019-12-16;166.887;-0.298;-49.513;-37.098
2019-12-17;167.127;-0.317;-50.926;-38.104
2019-12-18;166.505;-0.274;-50.132;-37.609
2019-12-19;166.244;-0.259;-49.652;-37.297
2019-12-20;166.436;-0.274;-50.188;-37.675
2019-12-23;166.255;-0.265;-51.408;-38.615
2019-12-24;166.255;-0.269;-51.429;-38.636
2019-12-25;166.255;-0.269;-51.415;-38.626
2019-12-26;166.255;-0.269;-51.429;-38.636
2019-12-27;166.376;-0.279;-51.504;-38.674
2019-12-30;165.392;-0.21;-49.538;-37.36
2020-01-01;165.392;-0.212;-49.863;-37.608
2020-01-02;165.774;-0.243;-48.564;-36.554
2020-01-03;166.563;-0.302;-50.253;-37.713
2020-01-06;166.592;-0.305;-49.622;-37.227
2020-01-07;166.516;-0.301;-48.616;-36.491
2020-01-08;165.942;-0.261;-47.475;-35.685
2020-01-09;165.505;-0.233;-47.117;-35.468
2020-01-10;165.757;-0.253;-47.85;-35.968
2020-01-13;165.185;-0.212;-46.936;-35.414
2020-01-14;165.328;-0.224;-47.879;-36.078
2020-01-15;165.715;-0.254;-49.344;-37.085
2020-01-16;165.908;-0.272;-49.411;-37.138
2020-01-17;165.834;-0.268;-48.691;-36.601
2020-01-20;165.868;-0.271;-48.737;-36.622
2020-01-21;166.252;-0.301;-49.201;-36.899
2020-01-22;166.395;-0.312;-49.504;-37.123
2020-01-23;166.948;-0.356;-50.403;-37.727
2020-01-24;167.263;-0.381;-49.965;-37.344
2020-01-27;167.954;-0.432;-49.693;-36.997
2020-01-28;167.292;-0.385;-50.141;-37.431
2020-01-29;167.764;-0.421;-50.687;-37.786
2020-01-30;168.121;-0.451;-51.777;-38.531
2020-01-31;168.46;-0.476;-51.754;-38.465
2020-02-03;168.539;-0.483;-51.453;-38.227
2020-02-04;167.894;-0.438;-50.049;-37.253
2020-02-05;167.354;-0.401;-49.425;-36.876
2020-02-06;167.443;-0.411;-49.803;-37.139
2020-02-07;167.623;-0.426;-49.325;-36.759
2020-02-10;167.945;-0.45;-48.99;-36.43
2020-02-11;167.67;-0.432;-48.414;-36.049
2020-02-12;167.435;-0.416;-47.163;-35.106
2020-02-13;167.504;-0.425;-46.548;-34.648
2020-02-14;167.685;-0.44;-46.52;-34.606
2020-02-17;167.65;-0.439;-46.264;-34.439
2020-02-18;167.718;-0.445;-45.709;-33.992
2020-02-19;167.829;-0.454;-45.119;-33.535
2020-02-20;168.126;-0.48;-45.312;-33.626
2020-02-21;167.911;-0.466;-45.241;-33.6
2020-02-24;168.509;-0.51;-46.21;-34.257
2020-02-25;168.939;-0.543;-49.032;-36.312
2020-02-26;168.818;-0.535;-50.465;-37.329
2020-02-27;169.287;-0.573;-53.252;-39.333
2020-02-28;170.16;-0.637;-56.981;-41.971
2020-03-02;170.361;-0.653;-56.274;-41.423
2020-03-03;170.358;-0.654;-55.661;-40.91
2020-03-04;170.536;-0.668;-55.209;-40.566
2020-03-05;171.14;-0.715;-61.975;-45.348
2020-03-06;171.492;-0.741;-62.902;-45.932
2020-03-09;173.551;-0.887;-75.154;-54.563
2020-03-10;172.626;-0.824;-72.922;-53.009
2020-03-11;171.909;-0.775;-68.018;-49.68
2020-03-12;171.808;-0.772;-69.751;-50.733
2020-03-13;169.007;-0.574;-60.05;-44.235
2020-03-16;167.887;-0.495;-53.373;-39.615
2020-03-17;167.509;-0.469;-50.276;-37.382
2020-03-18;164.789;-0.27;-43.825;-32.952
2020-03-19;164.153;-0.227;-44.748;-33.695
2020-03-20;165.88;-0.356;-50.815;-38.113
2020-03-23;166.546;-0.407;-53.77;-40.247
2020-03-24;165.805;-0.354;-53.515;-40.18
2020-03-25;164.947;-0.291;-50.151;-37.789
2020-03-26;166.215;-0.389;-56.473;-42.445
2020-03-27;167.734;-0.502;-59.308;-44.277
2020-03-30;167.897;-0.515;-61.654;-45.963
2020-03-31;167.56;-0.492;-57.907;-43.234
2020-04-01;167.396;-0.482;-53.422;-39.909
2020-04-02;166.991;-0.456;-50.476;-37.764
2020-04-03;167.106;-0.466;-51.279;-38.302
2020-04-06;166.81;-0.446;-51.074;-38.231
2020-04-07;165.21;-0.329;-46.016;-34.631
2020-04-08;165.024;-0.322;-43.447;-32.743
2020-04-09;165.537;-0.361;-42.067;-31.885
2020-04-10;165.537;-0.361;-42.357;-32.078
2020-04-13;165.537;-0.361;-42.358;-32.076
2020-04-14;165.933;-0.392;-44.006;-33.286
2020-04-15;167.037;-0.475;-48.481;-36.394
2020-04-16;167.045;-0.48;-48.322;-36.238
2020-04-17;167.019;-0.479;-49.063;-36.791
2020-04-20;166.67;-0.455;-49.016;-36.776
2020-04-21;167.036;-0.483;-52.925;-39.549
2020-04-22;166.068;-0.413;-51.79;-38.979
2020-04-23;166.262;-0.432;-50.335;-37.954
2020-04-24;166.896;-0.48;-49.932;-37.663
2020-04-27;166.61;-0.461;-48.728;-36.789
2020-04-28;166.778;-0.474;-48.124;-36.392
2020-04-29;167.053;-0.5;-49.611;-37.482
2020-04-30;168.286;-0.592;-52.771;-39.672
2020-05-01;168.286;-0.592;-52.977;-39.844
2020-05-04;167.949;-0.569;-52.404;-39.489
2020-05-05;168.099;-0.582;-52.109;-39.18
2020-05-06;167.114;-0.511;-47.887;-36.233
2020-05-07;167.573;-0.549;-50.46;-38.152
2020-05-08;167.41;-0.538;-50.537;-38.07
2020-05-11;167.128;-0.519;-48.101;-36.276
2020-05-12;167.025;-0.513;-45.182;-34.07
2020-05-13;167.376;-0.54;-46.404;-34.962
2020-05-14;167.454;-0.55;-47.133;-35.472
2020-05-15;167.308;-0.541;-47.676;-35.914
2020-05-18;166.398;-0.475;-42.855;-32.428
2020-05-19;166.362;-0.474;-42.044;-31.815
2020-05-20;166.394;-0.477;-41.997;-31.796
2020-05-21;166.687;-0.503;-44.104;-33.296
2020-05-22;166.565;-0.496;-43.143;-32.546
2020-05-25;166.683;-0.506;-44.361;-33.429
2020-05-26;165.772;-0.44;-39.487;-29.939
2020-05-27;165.522;-0.422;-37.587;-28.511
2020-05-28;165.546;-0.428;-37.209;-28.253
2020-05-29;165.882;-0.455;-38.289;-28.977
2020-06-01;165.262;-0.41;-36.275;-27.528
2020-06-02;165.438;-0.425;-37.465;-28.343
2020-06-03;164.596;-0.363;-34.427;-26.193
2020-06-04;164.125;-0.331;-32.383;-24.672
2020-06-05;163.557;-0.289;-29.376;-22.453
2020-06-08;164.087;-0.331;-31.507;-24.014
2020-06-09;163.933;-0.321;-31.896;-24.267
2020-06-10;164.203;-0.343;-33.793;-25.653
2020-06-11;165.229;-0.425;-36.802;-27.798
2020-06-12;165.609;-0.455;-38.988;-29.355
2020-06-15;165.692;-0.462;-38.45;-28.92
2020-06-16;165.453;-0.446;-37.389;-28.155
2020-06-17;165.486;-0.45;-37.908;-28.547
2020-06-18;165.656;-0.467;-37.497;-28.184
2020-06-19;165.769;-0.477;-38.315;-28.777
2020-06-22;166.008;-0.496;-38.251;-28.686
2020-06-23;165.604;-0.467;-37.171;-27.886
2020-06-24;166.027;-0.501;-39.51;-29.596
2020-06-25;166.35;-0.529;-42.32;-31.636
2020-06-26;166.504;-0.542;-41.897;-31.291
2020-06-29;166.322;-0.53;-40.495;-30.257
2020-06-30;166.072;-0.513;-39.683;-29.682
2020-07-01;165.284;-0.455;-35.011;-26.265
2020-07-02;165.701;-0.491;-37.512;-28.101
2020-07-03;165.728;-0.494;-38.55;-28.835
2020-07-06;165.694;-0.493;-38.137;-28.552
2020-07-07;165.701;-0.495;-38.972;-29.16
2020-07-08;165.888;-0.511;-40.052;-29.903
2020-07-09;166.219;-0.54;-41.738;-31.093
2020-07-10;166.204;-0.54;-41.418;-30.847
2020-07-13;165.499;-0.488;-39.276;-29.332
2020-07-14;165.88;-0.519;-39.829;-29.696
2020-07-15;165.844;-0.518;-39.353;-29.336
2020-07-16;166.079;-0.54;-40.565;-30.162
2020-07-17;165.812;-0.521;-40.612;-30.226
2020-07-20;165.968;-0.534;-39.523;-29.396
2020-07-21;165.948;-0.534;-38.756;-28.808
2020-07-22;166.409;-0.571;-40.949;-30.402
2020-07-23;166.253;-0.563;-41.162;-30.512
2020-07-24;165.807;-0.531;-39.757;-29.505
2020-07-27;166.347;-0.573;-41.766;-30.928
2020-07-28;166.541;-0.589;-42.36;-31.346
2020-07-29;166.414;-0.581;-43.262;-31.998
2020-07-30;166.913;-0.624;-44.852;-33.097
2020-07-31;166.64;-0.604;-44.776;-33.045
2020-08-03;166.616;-0.604;-44.459;-32.792
2020-08-04;166.962;-0.632;-44.98;-33.097
2020-08-05;166.37;-0.589;-43.692;-32.247
2020-08-06;166.64;-0.613;-44.844;-33.076
2020-08-07;166.312;-0.59;-43.434;-32.081
2020-08-10;166.54;-0.609;-43.914;-32.384
2020-08-11;165.891;-0.561;-42.53;-31.418
2020-08-12;165.481;-0.531;-40.678;-30.08
2020-08-13;164.924;-0.493;-39.095;-28.955
2020-08-14;165.027;-0.503;-39.506;-29.265
2020-08-17;165.427;-0.535;-40.43;-29.897
2020-08-18;165.536;-0.545;-40.828;-30.152
2020-08-19;165.654;-0.555;-41.129;-30.361
2020-08-20;165.92;-0.58;-41.97;-30.968
2020-08-21;166.059;-0.592;-42.811;-31.605
2020-08-24;165.828;-0.576;-41.945;-30.988
2020-08-25;165.052;-0.518;-39.233;-29.049
2020-08-26;164.801;-0.5;-38.238;-28.329
2020-08-27;164.574;-0.487;-38.682;-28.719
2020-08-28;164.632;-0.493;-38.217;-28.356
2020-08-31;164.509;-0.485;-38.015;-28.201
2020-09-01;164.716;-0.503;-38.362;-28.462
2020-09-02;165.35;-0.553;-39.726;-29.369
2020-09-03;165.51;-0.57;-40.765;-30.163
2020-09-04;165.275;-0.553;-40.19;-29.788
2020-09-07;165.163;-0.546;-38.872;-28.751
2020-09-08;165.547;-0.577;-40.257;-29.763
2020-09-09;165.068;-0.542;-39.754;-29.422
2020-09-10;164.637;-0.513;-38.174;-28.324
2020-09-11;165.237;-0.561;-39.767;-29.451
2020-09-14;165.235;-0.562;-39.754;-29.447
2020-09-15;165.193;-0.56;-39.36;-29.153
2020-09-16;165.241;-0.566;-39.212;-29.048
2020-09-17;165.248;-0.571;-38.849;-28.785
2020-09-18;165.142;-0.564;-38.804;-28.751
2020-09-21;165.698;-0.608;-40.807;-30.219
2020-09-22;165.363;-0.584;-40.651;-30.111
2020-09-23;165.344;-0.584;-40.601;-30.092
2020-09-24;165.248;-0.581;-40.87;-30.306
2020-09-25;165.546;-0.606;-41.766;-30.957
2020-09-28;165.539;-0.607;-42.466;-31.469
2020-09-29;165.717;-0.622;-42.883;-31.736
2020-09-30;165.367;-0.597;-41.566;-30.801
2020-10-01;165.491;-0.611;-42.469;-31.466
2020-10-02;165.49;-0.612;-42.391;-31.444
2020-10-05;165.135;-0.587;-41.454;-30.724
2020-10-06;165.108;-0.586;-40.499;-30.091
2020-10-07;164.897;-0.571;-40.5;-30.079
2020-10-08;165.215;-0.6;-42.063;-31.247
2020-10-09;165.241;-0.604;-42.617;-31.669
2020-10-12;165.424;-0.62;-43.085;-32.001
2020-10-13;165.581;-0.633;-43.115;-31.994
2020-10-14;165.874;-0.658;-43.585;-32.273
2020-10-15;166.213;-0.688;-46.238;-34.215
2020-10-16;166.31;-0.697;-46.436;-34.35
2020-10-19;166.4;-0.706;-47.254;-34.954
2020-10-20;166.143;-0.688;-47.865;-35.451
2020-10-21;165.853;-0.667;-46.887;-34.764
2020-10-22;165.551;-0.648;-45.96;-34.12
2020-10-23;165.626;-0.655;-46.765;-34.738
2020-10-26;165.639;-0.658;-46.789;-34.748
2020-10-27;166.051;-0.692;-47.16;-34.943
2020-10-28;166.227;-0.707;-49.17;-36.414
2020-10-29;166.29;-0.716;-50.079;-37.147
2020-10-30;166.159;-0.708;-49.575;-36.77
2020-11-02;166.317;-0.722;-51.607;-38.306
2020-11-03;166.019;-0.7;-51.054;-37.939
2020-11-04;166.315;-0.725;-52.667;-39.086
2020-11-05;166.147;-0.716;-50.481;-37.495
2020-11-06;165.972;-0.704;-49.253;-36.625
2020-11-09;164.547;-0.595;-43.637;-32.589
2020-11-10;164.202;-0.569;-42.848;-32.045
2020-11-11;164.45;-0.59;-44.005;-32.89
2020-11-12;164.8;-0.622;-45.28;-33.818
2020-11-13;164.92;-0.633;-45.331;-33.859
2020-11-16;164.867;-0.631;-45.368;-33.881
2020-11-17;165.051;-0.647;-46.353;-34.594
2020-11-18;164.928;-0.639;-45.921;-34.284
2020-11-19;165.066;-0.654;-45.726;-34.133
2020-11-20;165.19;-0.666;-45.977;-34.326
2020-11-23;165.131;-0.662;-46.658;-34.843
2020-11-24;164.848;-0.642;-45.385;-33.945
2020-11-25;164.897;-0.647;-45.347;-33.89
2020-11-26;165.104;-0.668;-45.914;-34.335
2020-11-27;165.074;-0.667;-45.88;-34.289
2020-11-30;164.839;-0.651;-44.053;-32.988
2020-12-01;164.283;-0.608;-41.103;-30.814
2020-12-02;164.164;-0.601;-40.931;-30.703
2020-12-03;164.564;-0.637;-43.294;-32.451
2020-12-04;164.431;-0.628;-42.577;-31.942
2020-12-07;164.865;-0.664;-45.311;-33.938
2020-12-08;165.123;-0.686;-45.597;-34.124
2020-12-09;165.099;-0.685;-45.877;-34.375
2020-12-10;165.024;-0.684;-44.397;-33.224
2020-12-11;165.454;-0.72;-46.316;-34.613
2020-12-14;165.207;-0.702;-45.312;-33.93
2020-12-15;165.093;-0.694;-44.882;-33.606
2020-12-16;164.521;-0.651;-42.905;-32.17
2020-12-17;164.533;-0.657;-43.167;-32.391
2020-12-18;164.56;-0.66;-43.935;-32.964
2020-12-21;164.64;-0.668;-45.44;-34.105
2020-12-22;164.821;-0.684;-46.892;-35.161
2020-12-23;164.109;-0.634;-43.131;-32.437
2020-12-24;164.109;-0.636;-43.658;-32.864
2020-12-25;164.109;-0.636;-43.672;-32.863
2020-12-28;164.363;-0.658;-44.767;-33.652
2020-12-29;164.49;-0.669;-45.7;-34.35
2020-12-30;164.315;-0.662;-44.198;-33.264
2020-12-31;164.315;-0.663;-44.257;-33.296
2021-01-01;164.315;-0.663;-44.272;-33.295
2021-01-04;164.678;-0.694;-44.291;-33.244
2021-01-05;164.351;-0.669;-43.69;-32.871
2021-01-06;164.021;-0.645;-42.408;-31.92
2021-01-07;164.031;-0.65;-45.427;-34.227
2021-01-08;163.933;-0.644;-44.944;-33.857
2021-01-11;163.618;-0.62;-43.822;-33.079
2021-01-12;163.254;-0.593;-44.135;-33.338
2021-01-13;163.877;-0.644;-45.367;-34.176
2021-01-14;164.155;-0.671;-47.289;-35.565
2021-01-15;164.062;-0.666;-47.009;-35.385
2021-01-18;163.802;-0.646;-45.879;-34.561
2021-01-19;163.755;-0.644;-45.788;-34.526
2021-01-20;163.779;-0.648;-46.431;-34.981
2021-01-21;163.367;-0.62;-46.28;-34.949
2021-01-22;163.535;-0.635;-46.761;-35.3
2021-01-25;164.012;-0.675;-49.043;-36.97
2021-01-26;163.794;-0.659;-49.009;-36.955
2021-01-27;163.944;-0.672;-49.941;-37.66
2021-01-28;163.785;-0.664;-49.836;-37.604
2021-01-29;163.508;-0.644;-49.104;-37.071
2021-02-01;163.447;-0.64;-48.287;-36.471
2021-02-02;163.091;-0.613;-46.238;-34.992
2021-02-03;162.747;-0.587;-46.155;-35.003
2021-02-04;162.581;-0.578;-46.432;-35.215
2021-02-05;162.503;-0.574;-47.418;-35.979
2021-02-08;162.463;-0.572;-47.078;-35.73
2021-02-09;162.494;-0.576;-47.033;-35.692
2021-02-10;162.356;-0.566;-46.737;-35.496
2021-02-11;162.566;-0.588;-47.688;-36.188
2021-02-12;162.176;-0.558;-47.326;-35.961
2021-02-15;161.603;-0.513;-45.482;-34.66
2021-02-16;161.208;-0.482;-45.501;-34.752
2021-02-17;161.473;-0.505;-46.404;-35.384
2021-02-18;161.142;-0.483;-45.946;-35.105
2021-02-19;160.615;-0.441;-45.63;-34.932
2021-02-22;161.031;-0.477;-46.322;-35.392
2021-02-23;160.707;-0.452;-44.291;-33.872
2021-02-24;160.58;-0.443;-43.932;-33.622
2021-02-25;159.648;-0.37;-42.343;-32.507
2021-02-26;159.946;-0.397;-42.649;-32.699
2021-03-01;160.806;-0.47;-43.875;-33.575
2021-03-02;161.026;-0.489;-44.508;-34.002
2021-03-03;160.18;-0.421;-42.662;-32.707
2021-03-04;160.433;-0.447;-44.342;-33.948
2021-03-05;160.283;-0.436;-44.215;-33.882
2021-03-08;160.003;-0.414;-44.627;-34.249
2021-03-09;160.246;-0.436;-44.987;-34.47
2021-03-10;160.375;-0.448;-45.111;-34.536
2021-03-11;160.519;-0.465;-45.849;-35.079
2021-03-12;160.176;-0.438;-45.77;-35.118
2021-03-15;160.538;-0.47;-46.76;-35.81
2021-03-16;160.568;-0.474;-46.57;-35.649
2021-03-17;159.997;-0.428;-46.121;-35.397
2021-03-18;159.709;-0.408;-45.296;-34.82
2021-03-19;160.043;-0.438;-46.97;-36.079
2021-03-22;160.216;-0.454;-48.162;-36.928
2021-03-23;160.562;-0.484;-49.74;-38.097
2021-03-24;160.702;-0.498;-49.824;-38.127
2021-03-25;160.998;-0.527;-50.711;-38.777
2021-03-26;160.531;-0.49;-49.234;-37.733
2021-03-29;160.187;-0.463;-48.526;-37.246
2021-03-30;159.75;-0.428;-46.417;-35.69
2021-03-31;159.783;-0.438;-48.112;-37.029
2021-04-01;160.183;-0.474;-48.753;-37.425
2021-04-02;160.183;-0.474;-49.188;-37.768
2021-04-05;160.183;-0.474;-49.17;-37.77
2021-04-06;160.055;-0.465;-48.077;-36.879
2021-04-07;160.127;-0.472;-47.716;-36.614
2021-04-08;160.203;-0.483;-46.15;-36.754
2021-04-09;159.832;-0.454;-47.544;-36.511
2021-04-12;159.707;-0.445;-47.548;-36.548
2021-04-13;159.651;-0.442;-46.961;-36.077
2021-04-14;159.246;-0.409;-46.796;-36.103
2021-04-15;159.596;-0.444;-47.71;-36.688
2021-04-16;159.243;-0.415;-46.239;-35.633
2021-04-19;158.886;-0.387;-45.027;-34.729
2021-04-20;159.206;-0.415;-45.952;-35.386
2021-04-21;159.173;-0.414;-46.185;-35.562
2021-04-22;159.02;-0.406;-45.878;-35.356
2021-04-23;159.068;-0.412;-46.131;-35.531
2021-04-26;159.006;-0.408;-46.636;-35.937
2021-04-27;158.942;-0.404;-47.058;-36.258
2021-04-28;158.711;-0.386;-46.22;-35.65
2021-04-29;158.223;-0.349;-45.46;-35.137
2021-04-30;158.401;-0.366;-46.277;-35.726
2021-05-03;158.382;-0.366;-46.406;-35.843
2021-05-04;158.781;-0.402;-46.763;-36.102
2021-05-05;158.657;-0.393;-46.776;-36.075
2021-05-06;158.57;-0.39;-46.333;-35.819
2021-05-07;158.436;-0.38;-45.726;-35.305
2021-05-10;158.404;-0.379;-45.78;-35.381
2021-05-11;157.79;-0.328;-43.276;-33.508
2021-05-12;157.32;-0.289;-40.895;-31.759
2021-05-13;157.255;-0.288;-39.784;-30.862
2021-05-14;157.347;-0.298;-40.137;-31.176
2021-05-17;157.18;-0.285;-39.81;-30.893
2021-05-18;157.032;-0.274;-40.286;-31.305
2021-05-19;157.132;-0.284;-41.448;-32.178
2021-05-20;157.065;-0.283;-41.27;-32.034
2021-05-21;157.291;-0.304;-41.682;-32.341
2021-05-24;157.38;-0.313;-41.655;-32.319
2021-05-25;157.677;-0.341;-43.082;-33.388
2021-05-26;158.126;-0.381;-43.745;-33.822
2021-05-27;157.701;-0.349;-43.978;-34.055
2021-05-28;157.783;-0.358;-43.415;-33.624
2021-05-31;157.812;-0.362;-43.519;-33.679
2021-06-01;157.685;-0.353;-42.325;-32.758
2021-06-02;157.892;-0.372;-43.563;-33.705
2021-06-03;157.657;-0.357;-43.998;-34.061
2021-06-04;157.946;-0.383;-44.847;-34.693
2021-06-07;157.741;-0.367;-44.064;-34.112
2021-06-08;158.043;-0.395;-45.293;-35.005
2021-06-09;158.235;-0.413;-44.831;-34.606
2021-06-10;158.334;-0.427;-46.352;-35.787
2021-06-11;158.52;-0.445;-47.026;-36.258
2021-06-14;158.234;-0.422;-46.922;-36.225
2021-06-15;158.009;-0.404;-46.692;-36.088
2021-06-16;158.241;-0.425;-47.835;-36.939
2021-06-17;158.13;-0.421;-47.604;-36.783
2021-06-18;158.164;-0.425;-47.852;-36.95
2021-06-21;157.779;-0.394;-47.293;-36.585
2021-06-22;157.657;-0.385;-46.312;-35.845
2021-06-23;157.8;-0.399;-46.892;-36.276
2021-06-24;157.846;-0.408;-47.777;-36.949
2021-06-25;157.453;-0.375;-46.948;-36.372
2021-06-28;157.83;-0.409;-48.7;-37.667
2021-06-29;157.577;-0.389;-48.607;-37.642
2021-06-30;158.01;-0.428;-49.999;-38.636
2021-07-01;157.888;-0.423;-49.799;-38.506
2021-07-02;158.25;-0.456;-50.706;-39.144
2021-07-05;157.94;-0.431;-49.902;-38.573
2021-07-06;158.559;-0.486;-51.223;-39.482
2021-07-07;158.883;-0.516;-52.018;-40.034
2021-07-08;158.906;-0.523;-52.16;-40.109
2021-07-09;158.729;-0.509;-52.115;-40.126
2021-07-12;158.731;-0.511;-52.718;-40.597
2021-07-13;158.717;-0.512;-53.1;-40.892
2021-07-14;158.981;-0.536;-54.239;-41.713
2021-07-15;159.073;-0.549;-54.387;-41.797
2021-07-16;159.269;-0.568;-55.596;-42.678
2021-07-19;159.6;-0.598;-56.588;-43.375
2021-07-20;159.817;-0.619;-57.232;-43.801
2021-07-21;159.602;-0.602;-57.742;-44.277
2021-07-22;159.897;-0.633;-57.947;-44.349
2021-07-23;159.809;-0.627;-57.95;-44.37
2021-07-26;159.738;-0.622;-57.928;-44.368
2021-07-27;159.981;-0.645;-59.725;-45.684
2021-07-28;160.074;-0.655;-61.62;-47.108
2021-07-29;160.026;-0.656;-60.725;-46.434
2021-07-30;160.123;-0.666;-60.829;-46.494
2021-08-02;160.396;-0.691;-60.601;-46.273
2021-08-03;160.289;-0.684;-60.043;-45.84
2021-08-04;160.498;-0.704;-61.758;-47.095
2021-08-05;160.353;-0.696;-60.716;-46.339
2021-08-06;159.837;-0.654;-59.131;-45.229
2021-08-09;159.829;-0.655;-58.199;-44.502
2021-08-10;159.75;-0.649;-57.342;-43.851
2021-08-11;159.81;-0.656;-56.971;-43.535
2021-08-12;159.691;-0.651;-56.837;-43.47
2021-08-13;159.746;-0.658;-56.088;-42.893
2021-08-16;159.743;-0.659;-56.948;-43.546
2021-08-17;159.741;-0.661;-57.287;-43.813
2021-08-18;159.847;-0.672;-58.495;-44.714
2021-08-19;159.863;-0.679;-57.771;-44.148
2021-08-20;159.9;-0.683;-58.024;-44.331
2021-08-23;159.702;-0.668;-56.807;-43.438
2021-08-24;159.631;-0.664;-56.814;-43.465
2021-08-25;158.984;-0.609;-53.992;-41.426
2021-08-26;158.76;-0.594;-53.737;-41.275
2021-08-27;158.931;-0.611;-54.962;-42.185
2021-08-30;159.092;-0.627;-55.481;-42.544
2021-08-31;158.461;-0.573;-53.415;-41.097
2021-09-01;158.336;-0.564;-53.18;-40.939
2021-09-02;158.396;-0.574;-53.937;-41.539
2021-09-03;158.136;-0.553;-53.432;-41.193
2021-09-06;158.146;-0.556;-53.628;-41.328
2021-09-07;157.67;-0.515;-52.501;-40.556
2021-09-08;157.67;-0.517;-52.639;-40.665
2021-09-09;158.028;-0.554;-53.643;-41.347
2021-09-10;157.66;-0.523;-53.056;-40.977
2021-09-13;157.667;-0.525;-53.393;-41.228
2021-09-14;157.745;-0.534;-53.496;-41.274
2021-09-15;157.362;-0.502;-52.785;-40.805
2021-09-16;157.305;-0.502;-54.212;-41.948
2021-09-17;157.035;-0.479;-54.05;-41.842
2021-09-20;157.449;-0.518;-55.611;-42.971
2021-09-21;157.396;-0.515;-55.946;-43.209
2021-09-22;157.443;-0.521;-55.326;-42.787
2021-09-23;156.676;-0.457;-54.207;-42.046
2021-09-24;156.326;-0.428;-53.052;-41.248
2021-09-27;156.248;-0.422;-53.28;-41.452
2021-09-28;155.96;-0.398;-52.844;-41.134
2021-09-29;156.124;-0.414;-53.64;-41.717
2021-09-30;155.943;-0.403;-52.901;-41.192
2021-10-01;156.205;-0.429;-53.561;-41.656
2021-10-04;156.102;-0.421;-53.529;-41.631
2021-10-05;155.8;-0.395;-53.538;-41.717
2021-10-06;155.712;-0.389;-53.843;-41.949
2021-10-07;155.699;-0.393;-54.932;-42.853
2021-10-08;155.348;-0.363;-55.646;-43.483
2021-10-11;154.988;-0.331;-56.102;-43.896
2021-10-12;154.588;-0.296;-55.739;-43.668
2021-10-13;154.985;-0.335;-56.148;-43.896
2021-10-14;155.595;-0.396;-55.696;-43.463
2021-10-15;155.297;-0.37;-56.256;-43.934
2021-10-18;155.034;-0.348;-58.079;-45.342
2021-10-19;154.55;-0.305;-55.926;-43.786
2021-10-20;154.787;-0.328;-55.386;-43.309
2021-10-21;154.446;-0.302;-55.678;-43.607
2021-10-22;154.444;-0.304;-57.177;-44.772
2021-10-25;154.537;-0.314;-57.446;-44.971
2021-10-26;154.558;-0.318;-57.644;-45.082
2021-10-27;155.126;-0.372;-58.36;-45.435
2021-10-28;154.609;-0.329;-58.158;-45.427
2021-10-29;154.14;-0.287;-58.236;-45.606
2021-11-01;154.152;-0.29;-57.032;-44.653
2021-11-02;154.911;-0.362;-57.269;-44.692
2021-11-03;155.005;-0.373;-58.745;-45.817
2021-11-04;155.721;-0.444;-59.03;-45.965
2021-11-05;156.236;-0.492;-60.466;-46.972
2021-11-08;155.819;-0.456;-60.38;-46.97
2021-11-09;156.375;-0.509;-62.568;-48.561
2021-11-10;155.825;-0.46;-65.343;-50.815
2021-11-11;155.56;-0.441;-66.994;-52.199
2021-11-12;155.916;-0.476;-68.046;-52.954
2021-11-15;155.544;-0.443;-65.866;-51.316
2021-11-16;155.736;-0.462;-68.525;-53.366
2021-11-17;155.759;-0.466;-67.424;-52.465
2021-11-18;156.006;-0.494;-69.147;-53.794
2021-11-19;156.733;-0.563;-70.725;-54.86
2021-11-22;156.286;-0.524;-68.961;-53.595
2021-11-23;155.425;-0.446;-67.754;-52.837
2021-11-24;155.5;-0.455;-68.711;-53.544
2021-11-25;155.612;-0.471;-69.405;-54.074
2021-11-26;156.495;-0.554;-70.314;-54.58
2021-11-29;156.294;-0.537;-71.891;-55.828
2021-11-30;156.539;-0.561;-72.242;-56.036
2021-12-01;156.39;-0.549;-71.747;-55.626
2021-12-02;156.573;-0.571;-71.861;-55.711
2021-12-03;156.706;-0.586;-71.485;-55.407
2021-12-06;156.652;-0.582;-72.085;-55.833
2021-12-07;156.449;-0.566;-70.831;-54.899
2021-12-08;155.789;-0.506;-68.963;-53.598
2021-12-09;156.18;-0.548;-69.184;-53.691
2021-12-10;156.12;-0.544;-69.156;-53.694
2021-12-13;156.401;-0.572;-69.55;-53.884
2021-12-14;156.278;-0.562;-69.501;-53.886
2021-12-15;156.119;-0.55;-69.757;-54.09
2021-12-16;155.938;-0.538;-68.638;-53.303
2021-12-17;156.21;-0.565;-69.378;-53.83
2021-12-20;156.122;-0.559;-71.247;-55.306
2021-12-21;155.486;-0.502;-69.634;-54.236
2021-12-22;155.309;-0.487;-70.395;-54.85
2021-12-23;154.858;-0.45;-71.106;-55.54
2021-12-24;154.858;-0.452;-71.011;-55.459
2021-12-27;154.669;-0.436;-70.079;-54.76
2021-12-28;154.588;-0.43;-70.139;-54.82
2021-12-29;154.122;-0.388;-69.758;-54.668
2021-12-30;153.992;-0.381;-68.263;-53.53
2021-12-31;153.992;-0.383;-68.472;-53.705
2022-01-03;153.329;-0.322;-64.785;-50.988
2022-01-04;153.374;-0.328;-65.246;-51.359
2022-01-05;153.446;-0.337;-65.611;-51.607
2022-01-06;153.12;-0.311;-66.269;-52.246
2022-01-07;152.91;-0.293;-65.067;-51.342
2022-01-10;152.762;-0.28;-65.623;-51.831
2022-01-11;152.604;-0.267;-65.84;-52.043
2022-01-12;152.92;-0.299;-60.684;-51.979
2022-01-13;153.16;-0.327;-66.69;-52.536
2022-01-14;152.711;-0.286;-66.931;-52.858
2022-01-17;152.501;-0.268;-66.534;-52.605
2022-01-18;152.463;-0.266;-66.2;-52.347
2022-01-19;152.373;-0.259;-66.565;-52.666
2022-01-20;152.406;-0.267;-66.549;-52.662
2022-01-21;152.785;-0.305;-68.836;-54.379
2022-01-24;153.257;-0.352;-72.621;-57.22
2022-01-25;152.96;-0.326;-72.182;-56.953
2022-01-26;152.925;-0.324;-71.919;-56.753
2022-01-27;152.593;-0.298;-70.837;-56.005
2022-01-28;152.416;-0.282;-72.245;-57.155
2022-01-31;151.722;-0.217;-70.617;-55.986
2022-02-01;151.447;-0.192;-70.023;-55.617
2022-02-02;151.325;-0.182;-71.123;-56.526
2022-02-03;150.122;-0.069;-68.689;-54.807
2022-02-04;149.379;0.002;-70.183;-56.308
2022-02-07;149.143;0.024;-73.514;-59.028
2022-02-08;148.72;0.064;-75.404;-60.662
2022-02-09;149.228;0.012;-76.159;-61.185
2022-02-10;148.467;0.083;-78.816;-63.468
2022-02-11;148.402;0.088;-83.585;-67.379
2022-02-14;148.582;0.068;-87.498;-70.479
2022-02-15;148.349;0.089;-82.427;-66.428
2022-02-16;148.642;0.059;-80.707;-64.969
2022-02-17;149.101;0.008;-83.644;-67.144
2022-02-18;149.525;-0.036;-86.801;-69.542
2022-02-21;149.295;-0.015;-86.067;-68.97
2022-02-22;148.924;0.02;-86.484;-69.416
2022-02-23;148.942;0.017;-88.577;-71.026
2022-02-24;149.489;-0.043;-90.479;-72.488
2022-02-25;148.79;0.025;-89.562;-72.021
2022-02-28;149.859;-0.083;-91.734;-73.433
2022-03-01;152.066;-0.302;-98.415;-78.023
2022-03-02;150.94;-0.193;-95.529;-75.974
2022-03-03;150.953;-0.2;-96.857;-77.097
2022-03-04;151.848;-0.289;-105.653;-83.834
2022-03-07;151.264;-0.234;-100.136;-79.584
2022-03-08;150.032;-0.114;-95.487;-76.351
2022-03-09;148.949;-0.008;-91.671;-73.774
2022-03-10;148.142;0.068;-90.94;-73.382
2022-03-11;148.239;0.057;-91.585;-73.861
2022-03-14;147.226;0.158;-90.2;-73.109
2022-03-15;147.635;0.114;-93.351;-75.5
2022-03-16;147.043;0.173;-88.381;-71.671
2022-03-17;146.972;0.175;-84.539;-68.543
2022-03-18;147.136;0.157;-86.827;-70.392
2022-03-21;146.204;0.25;-84.588;-68.894
2022-03-22;145.777;0.293;-83.978;-68.469
2022-03-23;146.093;0.258;-82.975;-67.469
2022-03-24;145.398;0.325;-82.84;-67.62
2022-03-25;144.76;0.39;-82.967;-67.916
2022-03-28;144.709;0.394;-83.459;-68.223
2022-03-29;144.088;0.457;-82.64;-67.756
2022-03-30;143.847;0.481;-83.004;-68.059
2022-03-31;144.693;0.387;-84.313;-68.994
2022-04-01;144.625;0.393;-85.193;-69.806
2022-04-04;145.007;0.351;-86.105;-70.393
2022-04-05;143.985;0.457;-86.943;-71.217
2022-04-06;143.772;0.477;-87.763;-72.13
2022-04-07;143.403;0.512;-87.11;-71.643
2022-04-08;143.12;0.54;-89.967;-73.955
2022-04-11;142.077;0.65;-87.306;-72.276
2022-04-12;142.389;0.615;-89.83;-74.37
2022-04-13;142.522;0.593;-90.487;-74.759
2022-04-14;141.914;0.656;-90.849;-75.39
2022-04-15;141.914;0.656;-91.398;-75.889
2022-04-18;141.914;0.656;-91.419;-75.889
2022-04-19;141.353;0.715;-89.222;-74.296
2022-04-20;141.793;0.666;-89.532;-74.236
2022-04-21;140.853;0.763;-87.698;-72.851
2022-04-22;140.484;0.802;-89.42;-74.445
2022-04-25;141.8;0.658;-92.964;-77.11
2022-04-26;141.916;0.644;-93.156;-77.184
2022-04-27;142.121;0.62;-96.26;-79.563
2022-04-28;141.141;0.721;-96.157;-79.872
2022-04-29;140.76;0.761;-96.756;-80.401
2022-05-02;140.566;0.781;-98.045;-81.912
2022-05-03;140.498;0.787;-98.959;-82.418
2022-05-04;140.401;0.796;-97.528;-81.288
2022-05-05;139.738;0.864;-94.676;-79.193
2022-05-06;138.892;0.956;-97.21;-81.417
2022-05-09;139.319;0.907;-102.192;-85.674
2022-05-10;140.097;0.82;-101.874;-85.082
2022-05-11;140.272;0.799;-99.579;-83.012
2022-05-12;141.543;0.656;-95.709;-79.358
2022-05-13;140.556;0.762;-89.682;-74.689
2022-05-16;140.58;0.758;-87.987;-73.095
2022-05-17;139.512;0.874;-84.314;-70.274
2022-05-18;139.574;0.865;-84.84;-70.708
2022-05-19;140.199;0.792;-90.423;-75.22
2022-05-20;140.337;0.775;-88.258;-73.487
2022-05-23;139.601;0.855;-84.823;-70.731
2022-05-24;140.075;0.801;-86.471;-71.982
2022-05-25;140.242;0.781;-88.956;-74.083
2022-05-26;139.853;0.819;-89.748;-74.93
2022-05-27;140.117;0.788;-88.37;-73.621
2022-05-30;139.236;0.884;-84.852;-70.845
2022-05-31;138.63;0.951;-85.149;-71.327
2022-06-01;138.045;1.015;-84.506;-70.91
2022-06-02;137.527;1.069;-85.229;-71.714
2022-06-03;137.173;1.108;-85.49;-71.942
2022-06-06;136.782;1.151;-83.278;-70.23
2022-06-07;136.974;1.127;-83.864;-70.782
2022-06-08;136.455;1.185;-83.231;-70.342
2022-06-09;135.607;1.278;-81.887;-69.54
2022-06-10;134.676;1.385;-83.324;-70.999
2022-06-13;133.461;1.526;-86.557;-74.05
2022-06-14;132.56;1.632;-94.732;-81.433
2022-06-15;133.593;1.508;-94.205;-80.726
2022-06-16;132.894;1.586;-92.383;-79.498
2022-06-17;133.44;1.52;-89.91;-77.257
2022-06-20;132.684;1.609;-90.954;-78.423
2022-06-21;132.554;1.623;-90.454;-78.098
2022-06-22;133.668;1.489;-92.523;-79.469
2022-06-23;135.569;1.263;-93.596;-79.674
2022-06-24;135.493;1.27;-92.581;-78.808
2022-06-27;134.476;1.388;-90.325;-77.256
2022-06-28;133.817;1.464;-89.36;-76.674
2022-06-29;134.805;1.346;-94.642;-80.866
2022-06-30;136.503;1.145;-94.788;-80.32
2022-07-01;137.492;1.03;-95.502;-80.408
2022-07-04;136.574;1.134;-97.872;-82.759
2022-07-05;137.989;0.97;-103.451;-86.884
2022-07-06;138.243;0.94;-100.331;-84.099
2022-07-07;137.079;1.068;-100.072;-84.327
2022-07-08;136.977;1.078;-100.111;-84.907
2022-07-11;137.855;0.976;-103.825;-87.883
2022-07-12;138.755;0.872;-104.882;-88.404
2022-07-13;138.484;0.901;-102.213;-86.049
2022-07-14;138.109;0.939;-102.975;-87.129
2022-07-15;138.52;0.891;-104.822;-89.068
2022-07-18;137.794;0.972;-101.897;-86.679
2022-07-19;137.077;1.053;-100.004;-85.372
2022-07-20;137.175;1.04;-96.975;-83.33
2022-07-21;137.234;1.029;-98.82;-84.738
2022-07-22;139.111;0.813;-102.244;-87.304
2022-07-25;139.243;0.797;-100.194;-85.071
2022-07-26;140.06;0.703;-101.564;-85.741
2022-07-27;139.776;0.733;-102.205;-86.29
2022-07-28;141.026;0.588;-106.479;-89.626
2022-07-29;141.022;0.587;-105.189;-88.478
2022-08-01;141.364;0.547;-108.7;-91.488
2022-08-02;140.98;0.588;-112.263;-94.122
2022-08-03;140.413;0.65;-106.127;-89.345
2022-08-04;141.031;0.576;-108.389;-91.107
2022-08-05;139.623;0.733;-109.494;-92.486
2022-08-08;140.075;0.68;-112.117;-94.636
2022-08-09;139.892;0.699;-112.249;-94.79
2022-08-10;140.174;0.666;-113.453;-95.856
2022-08-11;139.488;0.738;-111.61;-94.61
2022-08-12;139.233;0.766;-108.392;-91.992
2022-08-15;139.971;0.68;-108.358;-91.512
2022-08-16;139.361;0.748;-105.46;-89.288
2022-08-17;138.236;0.875;-105.127;-89.346
2022-08-18;137.98;0.9;-104.478;-89.224
2022-08-19;136.894;1.024;-105.596;-90.774
2022-08-22;136.166;1.108;-109.719;-94.675
2022-08-23;136.177;1.105;-111.232;-96.079
2022-08-24;135.685;1.161;-113.04;-97.744
2022-08-25;136.134;1.104;-112.314;-97.092
2022-08-26;135.416;1.187;-112.739;-97.507
2022-08-29;134.406;1.306;-114.761;-99.859
2022-08-30;134.246;1.324;-112.902;-98.917
2022-08-31;133.914;1.362;-109.106;-95.718
2022-09-01;133.829;1.368;-108.276;-95.07
2022-09-02;134.165;1.326;-111.113;-97.66
2022-09-05;133.784;1.37;-113.962;-100.266
2022-09-06;133.216;1.437;-111.334;-98.456
2022-09-07;133.626;1.386;-108.001;-95.439
2022-09-08;132.359;1.536;-100.533;-89.019
2022-09-09;132.506;1.517;-101.608;-90.417
2022-09-12;132.845;1.474;-100.687;-89.488
2022-09-13;132.128;1.56;-101.107;-90.244
2022-09-14;132.149;1.556;-103.459;-92.017
2022-09-15;131.584;1.622;-100.607;-89.775
2022-09-16;131.676;1.609;-98.469;-88.055
2022-09-19;131.202;1.666;-97.08;-87.279
2022-09-20;130.243;1.784;-96.291;-86.877
2022-09-21;130.322;1.773;-100.104;-90.151
2022-09-22;129.568;1.864;-104.573;-93.814
2022-09-23;128.988;1.936;-103.414;-93.521
2022-09-26;128.318;2.02;-109.306;-98.659
2022-09-27;127.51;2.122;-111.184;-101.127
2022-09-28;128.434;2.003;-114.556;-103.708
2022-09-29;128.059;2.047;-111.573;-101.209
2022-09-30;128.498;1.989;-112.796;-101.844
2022-10-03;129.994;1.798;-112.862;-101.219
2022-10-04;130.413;1.744;-111.397;-99.57
2022-10-05;129.076;1.912;-110.593;-99.01
2022-10-06;128.522;1.979;-115.067;-103.497
2022-10-07;127.719;2.081;-116.83;-105.685
2022-10-10;126.782;2.201;-114.53;-104.566
2022-10-11;127.165;2.15;-116.612;-106.432
2022-10-12;127.117;2.155;-113.577;-103.761
2022-10-13;127.167;2.145;-114.328;-103.941
2022-10-14;126.739;2.199;-111.407;-101.59
2022-10-17;127.202;2.138;-112.62;-102.388
2022-10-18;127.117;2.148;-109.444;-99.462
2022-10-19;126.337;2.248;-103.328;-94.37
2022-10-20;126.081;2.278;-103.017;-94.038
2022-10-21;126.086;2.276;-97.576;-89.608
2022-10-24;126.665;2.199;-97.671;-89.427
2022-10-25;127.723;2.06;-96.832;-88.021
2022-10-26;128.08;2.013;-99.606;-90.309
2022-10-27;129.273;1.855;-100.743;-90.868
2022-10-28;128.031;2.014;-100.963;-90.718
2022-10-31;127.82;2.04;-101.794;-91.926
2022-11-01;127.88;2.031;-102.492;-92.51
2022-11-02;127.801;2.04;-101.949;-92.086
2022-11-03;126.885;2.156;-100.117;-90.686
2022-11-04;126.482;2.207;-96.942;-88.296
2022-11-07;126.101;2.257;-91.275;-83.383
2022-11-08;126.471;2.206;-88.148;-80.399
2022-11-09;127.277;2.099;-87.197;-79.315
2022-11-10;128.504;1.936;-90.433;-81.359
2022-11-11;127.276;2.094;-82.794;-74.831
2022-11-14;127.344;2.084;-80.175;-72.666
2022-11-15;127.545;2.057;-77.634;-70.123
2022-11-16;128.382;1.946;-81.404;-73.163
2022-11-17;128.135;1.975;-82.818;-74.153
2022-11-18;128.157;1.97;-84.509;-75.864
2022-11-21;128.291;1.952;-85.424;-76.388
2022-11-22;128.365;1.941;-82.217;-73.581
2022-11-23;128.564;1.914;-82.971;-74.054
2022-11-24;129.122;1.837;-83.179;-73.68
2022-11-25;128.178;1.959;-79.821;-70.969
2022-11-28;128.131;1.963;-81.298;-72.586
2022-11-29;128.692;1.889;-82.995;-74.036
2022-11-30;128.594;1.901;-82.907;-73.722
2022-12-01;129.608;1.765;-85.135;-75.01
2022-12-02;129.179;1.819;-86.386;-76.066
2022-12-05;129.007;1.84;-85.723;-75.686
2022-12-06;129.606;1.761;-87.657;-77.153
2022-12-07;129.785;1.737;-88.713;-77.919
2022-12-08;129.394;1.783;-86.376;-75.795
2022-12-09;128.509;1.897;-81.189;-71.611
2022-12-12;128.339;1.918;-81.528;-72.096
2022-12-13;128.537;1.891;-85.063;-74.991
2022-12-14;128.51;1.893;-81.111;-71.646
2022-12-15;127.067;2.079;-76.116;-67.129
2022-12-16;126.528;2.149;-79.375;-70.392
2022-12-19;126.274;2.182;-77.223;-68.594
2022-12-20;125.557;2.277;-75.511;-67.372
2022-12-21;125.468;2.288;-79.457;-70.83
2022-12-22;125.139;2.328;-79.962;-71.264
2022-12-23;124.731;2.382;-79.012;-70.411
2022-12-26;124.731;2.382;-78.992;-70.501
2022-12-27;123.989;2.482;-78.513;-70.275
2022-12-28;124.105;2.465;-76.538;-68.499
2022-12-29;124.513;2.406;-76.788;-68.358
2022-12-30;123.631;2.526;-75.635;-67.636
2023-01-02;124.478;2.408;-75.33;-66.94
2023-01-03;124.821;2.36;-72.433;-64.227
2023-01-04;125.701;2.239;-72.102;-63.735
2023-01-05;125.3;2.29;-74.258;-65.715
2023-01-06;126.034;2.189;-75.182;-66.463
2023-01-09;125.893;2.207;-74.069;-65.545
2023-01-10;125.34;2.281;-72.394;-64.28
2023-01-11;126.277;2.152;-71.946;-63.784
2023-01-12;126.585;2.107;-70.351;-61.88
2023-01-13;126.483;2.119;-69.577;-61.582
2023-01-16;126.509;2.115;-69.953;-61.701
2023-01-17;127.238;2.015;-70.769;-62.378
2023-01-18;127.6;1.966;-74.196;-64.916
2023-01-19;127.186;2.017;-73.185;-64.151
2023-01-20;126.403;2.121;-72.209;-63.828
2023-01-23;126.165;2.152;-74.996;-66.49
2023-01-24;126.544;2.099;-76.79;-67.917
2023-01-25;126.591;2.092;-77.534;-68.623
2023-01-26;126.125;2.151;-76.206;-67.387
2023-01-27;125.94;2.174;-75.504;-66.946
2023-01-30;125.28;2.263;-73.856;-65.827
2023-01-31;125.534;2.227;-73.57;-65.654
2023-02-01;125.514;2.229;-72.725;-64.917
2023-02-02;127.072;2.013;-74.862;-66.306
2023-02-03;126.253;2.123;-73.258;-65.069
2023-02-06;125.471;2.228;-72.714;-65.049
2023-02-07;125.011;2.29;-71.194;-63.808
2023-02-08;124.953;2.297;-67.979;-61.068
2023-02-09;125.28;2.248;-68.78;-61.685
2023-02-10;124.776;2.316;-67.732;-60.813
2023-02-13;124.661;2.33;-68.164;-61.384
2023-02-14;124.11;2.406;-68.807;-62.274
2023-02-15;123.895;2.434;-68.609;-62.19
2023-02-16;123.817;2.442;-67.552;-61.314
2023-02-17;124.015;2.413;-69.099;-62.684
2023-02-20;123.838;2.436;-69.312;-62.939
2023-02-21;123.378;2.499;-69.666;-63.553
2023-02-22;123.47;2.485;-72.203;-65.653
2023-02-23;123.684;2.451;-73.863;-66.72
2023-02-24;123.172;2.522;-73.123;-66.355
2023-02-27;122.887;2.561;-73.654;-67.128
2023-02-28;122.342;2.637;-72.433;-66.36
2023-03-01;121.863;2.705;-70.465;-64.653
2023-03-02;121.614;2.737;-70.237;-64.707
2023-03-03;121.705;2.723;-68.685;-63.092
2023-03-06;121.343;2.774;-65.257;-60.138
2023-03-07;121.707;2.72;-66.055;-60.926
2023-03-08;121.878;2.694;-65.743;-60.641
2023-03-09;122.047;2.667;-66.362;-61.019
2023-03-10;123.066;2.52;-73.739;-67.287
2023-03-13;125.094;2.234;-87.621;-79.371
2023-03-14;123.883;2.402;-81.41;-71.826
2023-03-15;126.276;2.068;-97.058;-86.56
2023-03-16;125.012;2.239;-88.383;-78.083
2023-03-17;126.487;2.034;-96.042;-84.461
2023-03-20;126.428;2.04;-94.377;-83.486
2023-03-21;125.087;2.225;-85.636;-75.591
2023-03-22;124.694;2.278;-85.143;-75.895
2023-03-23;125.747;2.127;-90.526;-80.636
2023-03-24;126.365;2.041;-92.518;-82.341
2023-03-27;125.58;2.148;-87.765;-77.964
2023-03-28;125.119;2.211;-85.408;-76.42
2023-03-29;124.783;2.256;-82.533;-74.112
2023-03-30;124.3;2.32;-83.119;-74.487
2023-03-31;124.927;2.231;-85.259;-76.428
2023-04-03;125.132;2.201;-83.864;-75.004
2023-04-04;125.33;2.172;-83.419;-74.798
2023-04-05;125.748;2.107;-84.534;-75.081
2023-04-06;125.703;2.112;-84.992;-75.507
2023-04-07;125.703;2.112;-84.677;-75.257
2023-04-10;125.703;2.112;-84.38;-75.275
2023-04-11;124.737;2.246;-81.601;-72.831
2023-04-12;124.232;2.316;-80.075;-71.826
2023-04-13;124.226;2.313;-79.34;-71.413
2023-04-14;123.677;2.389;-75.823;-68.41
2023-04-17;123.463;2.419;-76.253;-69.428
2023-04-18;123.326;2.437;-76.86;-69.888
2023-04-19;123.007;2.481;-77.519;-70.531
2023-04-20;123.487;2.409;-80.832;-73.215
2023-04-21;123.256;2.441;-79.546;-72.018
2023-04-24;123.022;2.473;-79.698;-72.352
2023-04-25;123.989;2.333;-83.052;-75.125
2023-04-26;124.002;2.33;-84.346;-76.449
2023-04-27;123.516;2.394;-81.682;-73.619
2023-04-28;124.581;2.241;-84.549;-76.08
2023-05-01;124.581;2.241;-85.317;-77.061
2023-05-02;124.977;2.184;-86.438;-77.73
2023-05-03;124.98;2.182;-85.975;-77.182
2023-05-04;125.634;2.085;-87.91;-78.803
2023-05-05;124.896;2.188;-85.444;-76.332
2023-05-08;124.649;2.222;-84.363;-75.661
2023-05-09;124.457;2.248;-83.819;-75.225
2023-05-10;124.901;2.183;-84.824;-76.049
2023-05-11;125.297;2.123;-85.914;-76.548
2023-05-12;124.914;2.176;-85.381;-76.089
2023-05-15;124.724;2.202;-83.748;-74.988
2023-05-16;124.334;2.256;-83.261;-74.576
2023-05-17;124.274;2.263;-82.862;-74.183
2023-05-18;123.574;2.36;-83.208;-74.551
2023-05-19;123.673;2.344;-84.21;-75.457
2023-05-22;123.423;2.379;-82.64;-74.242
2023-05-23;123.367;2.386;-83.58;-75.173
2023-05-24;123.264;2.4;-83.67;-75.274
2023-05-25;122.841;2.457;-83.541;-75.116
2023-05-26;122.675;2.48;-82.601;-74.182
2023-05-29;123.363;2.379;-83.732;-75.271
2023-05-30;124.033;2.281;-84.822;-75.968
2023-05-31;124.514;2.21;-86.627;-77.285
2023-06-01;124.735;2.174;-85.882;-76.038
2023-06-02;124.15;2.257;-83.468;-74.025
2023-06-05;123.695;2.321;-80.787;-72.016
2023-06-06;123.786;2.307;-80.105;-71.348
2023-06-07;123.179;2.394;-78.924;-70.559
2023-06-08;123.524;2.34;-78.339;-69.824
2023-06-09;123.573;2.331;-78.097;-69.567
2023-06-12;123.544;2.334;;
2023-06-13;123.2;2.383;-77.345;-69.34
2023-06-14;122.946;2.419;-76.537;-68.581
2023-06-15;122.372;2.499;-75.994;-68.002
2023-06-16;122.518;2.476;-76.35;-68.237
2023-06-19;122.235;2.517;-76.267;-68.449
2023-06-20;122.944;2.411;-78.597;-70.3
2023-06-21;122.708;2.444;-78.928;-70.582
2023-06-22;122.173;2.52;-77.97;-69.783
2023-06-23;123.127;2.378;-80.183;-71.431
2023-06-26;123.425;2.333;-81.305;-72.309
2023-06-27;123.013;2.392;-81.669;-72.758
2023-06-28;123.328;2.344;-81.998;-72.914
2023-06-29;122.568;2.452;-80.339;-71.607
2023-06-30;122.689;2.433;-80.559;-71.671
2023-07-03;122.292;2.49;-80.282;-71.655
2023-07-04;122.3;2.488;-80.643;-71.787
2023-07-05;122.197;2.502;-79.871;-71.215
2023-07-06;121.203;2.647;-80.323;-72.062
2023-07-07;121.259;2.637;-80.5;-72.498
2023-07-10;121.169;2.649;-79.319;-71.362
2023-07-11;121.092;2.66;-78.527;-70.702
2023-07-12;121.804;2.552;-79.801;-71.681
2023-07-13;122.369;2.463;-80.599;-71.99
2023-07-14;122.085;2.505;-79.521;-71.08
2023-07-17;122.29;2.473;-79.358;-71.05
2023-07-18;122.935;2.375;-79.929;-71.304
2023-07-19;122.64;2.418;-80.747;-71.959
2023-07-20;122.254;2.472;-81.096;-72.377
2023-07-21;122.38;2.451;-81.53;-72.852
2023-07-24;122.728;2.398;-81.038;-72.357
2023-07-25;122.677;2.404;-80.482;-71.846
2023-07-26;122.203;2.474;-79.237;-70.78
2023-07-27;122.352;2.448;-79.342;-70.826
2023-07-28;122.27;2.459;-78.512;-70.038
2023-07-31;122.319;2.45;-77.919;-69.458
2023-08-01;121.941;2.505;-76.862;-68.803
2023-08-02;122.145;2.473;-78.256;-69.975
2023-08-03;121.754;2.528;-78.81;-70.319
2023-08-04;121.947;2.498;-78.356;-69.825
2023-08-07;121.84;2.513;-81.012;-72.607
2023-08-08;122.59;2.399;-83.226;-74.01
2023-08-09;122.385;2.428;-81.389;-72.503
2023-08-10;122.142;2.461;-80.89;-71.909
2023-08-11;121.542;2.55;-80.625;-71.899
2023-08-14;121.401;2.57;-79.753;-71.569
2023-08-15;121.152;2.607;-79.065;-70.984
2023-08-16;121.307;2.582;-79.07;-71.041
2023-08-17;120.956;2.632;-79.91;-71.532
2023-08-18;121.492;2.549;-81.17;-72.466
2023-08-21;120.969;2.627;-78.76;-70.704
2023-08-22;121.325;2.572;-78.197;-70.15
2023-08-23;122.18;2.441;-79.968;-71.478
2023-08-24;122.179;2.437;-80.612;-71.62
2023-08-25;121.747;2.501;-79.888;-71.177
2023-08-28;121.699;2.507;-78.53;-70.214
2023-08-29;122.041;2.454;-77.926;-69.508
2023-08-30;121.818;2.486;-77.189;-69.037
2023-08-31;122.39;2.395;-78.492;-70.088
2023-09-01;121.952;2.461;-78.241;-69.635
2023-09-04;121.693;2.499;-76.441;-68.488
2023-09-05;121.518;2.524;-74.822;-67.204
2023-09-06;121.107;2.586;-72.423;-64.894
2023-09-07;121.386;2.539;-74.24;-66.223
2023-09-08;121.386;2.538;-74.542;-66.618
2023-09-11;121.232;2.56;-73.921;-66.426
2023-09-12;121.124;2.575;-74.204;-66.635
2023-09-13;120.968;2.598;-74.326;-66.9
2023-09-14;121.346;2.536;-73.3;-65.73
2023-09-15;120.842;2.613;-71.069;-64.146
2023-09-18;120.585;2.651;-70.945;-64.115
2023-09-19;120.36;2.685;-69.554;-63.115
2023-09-20;120.586;2.648;-70.254;-63.627
2023-09-21;120.383;2.676;-71.158;-64.336
2023-09-22;120.4;2.672;-71.522;-64.692
2023-09-25;120.225;2.698;-71.448;-65.285
2023-09-26;120.159;2.707;-71.673;-65.263
2023-09-27;119.913;2.745;-70.579;-64.716
2023-09-28;119.368;2.827;-70.847;-64.693
2023-09-29;120.014;2.724;-72.489;-66.011
2023-10-02;119.607;2.787;-72.372;-66.442
2023-10-03;119.457;2.809;-73.062;-67.237
2023-10-04;119.663;2.775;-72.797;-66.856
2023-10-05;119.919;2.731;-73.296;-66.866
2023-10-06;119.947;2.726;-73.123;-66.728
2023-10-09;120.669;2.611;-75.406;-68.463
2023-10-10;120.554;2.628;-74.62;-67.753
2023-10-11;120.686;2.606;-74.364;-67.192
2023-10-12;120.274;2.667;-74.605;-67.629
2023-10-13;120.506;2.629;-75.251;-68.395
2023-10-16;120.267;2.665;-73.805;-67.09
2023-10-17;119.611;2.767;-71.586;-65.462
2023-10-18;119.405;2.799;-71.31;-64.977
2023-10-19;119.343;2.805;-72.244;-65.866
2023-10-20;119.682;2.75;-73.642;-67.23
2023-10-23;119.73;2.741;-72.57;-66.175
2023-10-24;120.054;2.689;-72.91;-66.41
2023-10-25;119.77;2.732;-71.871;-65.551
2023-10-26;119.993;2.693;-70.752;-64.326
2023-10-27;120.233;2.654;-70.969;-64.482
2023-10-30;120.285;2.644;-70.068;-64.054
2023-10-31;120.362;2.631;-69.812;-63.684
2023-11-01;120.623;2.588;-68.196;-61.991
2023-11-02;120.76;2.563;-67.462;-60.865
2023-11-03;121.15;2.5;-66.999;-60.199
2023-11-06;120.589;2.587;-63.68;-57.687
2023-11-07;120.952;2.529;-64.902;-58.703
2023-11-08;121.071;2.509;-65.356;-58.992
2023-11-09;120.936;2.526;-65.171;-58.511
2023-11-10;120.454;2.601;-63.163;-56.942
2023-11-13;120.413;2.606;-62.602;-56.69
2023-11-14;121.097;2.496;-63.286;-57.266
2023-11-15;120.882;2.529;-63.321;-57.214
2023-11-16;121.252;2.467;-64.695;-58.062
2023-11-17;121.197;2.474;-65.097;-58.336
2023-11-20;120.968;2.509;-62.003;-55.804
2023-11-21;121.274;2.459;-63.34;-57.061
2023-11-22;121.17;2.474;-63.767;-57.394
2023-11-23;120.81;2.527;-64.562;-57.869
2023-11-24;120.645;2.552;-63.384;-56.959
2023-11-27;121.278;2.45;-63.982;-57.484
2023-11-28;121.665;2.388;-65.321;-58.495
2023-11-29;122.152;2.31;-66.306;-59.592
2023-11-30;122.032;2.324;-65.377;-58.462
2023-12-01;122.679;2.222;-64.267;-57.404
2023-12-04;122.635;2.227;-63.461;-56.46
2023-12-05;123.2;2.137;-62.754;-55.862
2023-12-06;123.405;2.104;-64.444;-57.224
2023-12-07;123.528;2.08;-64.777;-57.231
2023-12-08;122.896;2.177;-62.081;-54.912
2023-12-11;122.896;2.176;-62.524;-55.607
2023-12-12;123.068;2.147;-61.798;-54.932
2023-12-13;123.357;2.101;-61.657;-54.829
2023-12-14;123.847;2.02;-61.573;-54.506
2023-12-15;124.36;1.939;-60.828;-53.64
2023-12-18;124.002;1.993;-60.863;-53.813
2023-12-19;124.337;1.94;-61.603;-54.436
2023-12-20;124.597;1.898;-61.335;-54.198
2023-12-21;124.678;1.877;-62.207;-54.834
2023-12-22;124.806;1.856;-63.028;-55.588
2023-12-25;124.806;1.856;-62.925;-55.578
2023-12-27;125.163;1.799;-63.176;-55.743
2023-12-28;124.824;1.845;-61.125;-54.045
2023-12-29;124.154;1.947;-55.495;-49.271
2024-01-01;124.154;1.947;-55.437;-49.218
2024-01-02;124.049;1.962;-57.088;-50.668
2024-01-03;124.344;1.915;-56.887;-50.569
2024-01-04;123.555;2.033;-55.571;-49.489
2024-01-05;123.353;2.063;-56.592;-50.743
2024-01-08;123.482;2.041;-56.268;-50.61
2024-01-09;123.033;2.11;-55.23;-49.543
2024-01-10;122.83;2.141;-54.5;-49.0
2024-01-11;122.868;2.13;-53.834;-48.413
2024-01-12;123.321;2.057;-53.914;-48.232
2024-01-15;122.934;2.116;-51.777;-46.368
2024-01-16;122.796;2.137;-51.287;-45.896
2024-01-17;122.268;2.219;-49.445;-44.282
2024-01-18;122.12;2.238;-49.751;-44.928
2024-01-19;122.004;2.255;-50.621;-45.565
2024-01-22;122.314;2.204;-50.664;-45.8
2024-01-23;122.006;2.252;-50.899;-46.217
2024-01-24;122.063;2.241;-50.426;-45.643
2024-01-25;122.426;2.178;-50.292;-45.278
2024-01-26;122.364;2.186;-50.125;-44.795
2024-01-29;122.783;2.118;-50.836;-45.568
2024-01-30;122.541;2.155;-50.711;-45.266
2024-01-31;123.215;2.046;-53.775;-47.921
2024-02-01;123.196;2.044;-53.847;-47.665
2024-02-02;122.5;2.154;-51.773;-45.888
2024-02-05;122.034;2.227;-50.326;-45.497
2024-02-06;122.185;2.201;-50.186;-45.475
2024-02-07;122.031;2.224;-50.608;-45.775
2024-02-08;121.723;2.269;-49.839;-44.712
2024-02-09;121.416;2.317;-48.634;-43.821
2024-02-12;121.548;2.295;-47.496;-43.055
2024-02-13;121.261;2.34;-47.536;-42.901
2024-02-14;121.565;2.289;-46.676;-42.251
2024-02-15;121.361;2.317;-46.189;-41.731
2024-02-16;121.025;2.371;-45.015;-40.482
2024-02-19;121.006;2.372;-44.332;-40.281
2024-02-20;121.246;2.331;-44.153;-40.272
2024-02-21;120.738;2.413;-42.354;-38.562
2024-02-22;120.597;2.432;-42.396;-38.195
2024-02-23;121.029;2.359;-42.433;-38.253
2024-02-26;120.557;2.435;-42.408;-38.396
2024-02-27;120.452;2.451;-41.837;-38.06
2024-02-28;120.447;2.45;-40.93;-37.236
2024-02-29;120.648;2.413;-40.902;-36.856
2024-03-01;120.646;2.412;-40.515;-36.468
2024-03-04;120.712;2.399;-38.712;-35.19
2024-03-05;121.091;2.335;-39.329;-35.771
2024-03-06;121.042;2.342;-39.58;-35.894
2024-03-07;121.122;2.324;-37.816;-34.079
2024-03-08;121.487;2.262;-37.841;-34.075
2024-03-11;121.226;2.304;-36.472;-33.116
2024-03-12;121.003;2.339;-34.766;-31.694
2024-03-13;120.779;2.374;-34.11;-31.053
2024-03-14;120.401;2.432;-35.138;-31.803
2024-03-15;120.29;2.449;-35.807;-32.422
2024-03-18;120.214;2.461;-35.385;-32.414
2024-03-19;120.332;2.439;-36.066;-33.011
2024-03-20;120.376;2.431;-37.069;-33.888
2024-03-21;120.575;2.393;-37.991;-34.443
2024-03-22;121.016;2.318;-39.533;-35.606
2024-03-25;120.674;2.373;-38.012;-34.417
2024-03-26;120.777;2.355;-38.093;-34.484
2024-03-27;121.087;2.295;-39.626;-35.461
2024-03-28;121.023;2.304;-38.311;-34.146
2024-03-29;121.023;2.304;-39.072;-34.889
2024-04-02;120.613;2.371;-37.376;-33.985
2024-04-03;120.614;2.369;-38.086;-34.469
2024-04-04;120.706;2.349;-38.286;-34.514
2024-04-05;120.529;2.378;-39.147;-35.232
2024-04-08;120.229;2.426;-37.962;-34.524
2024-04-09;120.559;2.369;-38.581;-35.213
2024-04-10;120.12;2.442;-38.252;-34.563
2024-04-11;119.975;2.461;-40.193;-36.241
2024-04-12;120.616;2.352;-42.709;-38.609
2024-04-15;120.16;2.427;-41.588;-37.696
2024-04-16;119.883;2.472;-43.178;-39.248
2024-04-17;119.94;2.461;-41.911;-38.133
2024-04-18;119.709;2.496;-42.064;-38.011
2024-04-19;119.622;2.509;-41.202;-37.226
2024-04-22;119.785;2.48;-42.137;-38.481
2024-04-23;119.681;2.496;-41.428;-37.738
2024-04-24;119.212;2.575;-40.681;-37.046
2024-04-25;118.923;2.62;-40.07;-36.118
2024-04-26;119.2;2.571;-39.557;-35.7
2024-04-29;119.42;2.53;-39.112;-35.45
2024-04-30;119.017;2.598;-38.579;-34.803
2024-05-02;119.25;2.553;-38.966;-35.234
2024-05-03;119.569;2.497;-39.004;-35.144
2024-05-06;119.685;2.476;-38.868;-35.185
2024-05-07;119.907;2.436;-38.769;-35.167
2024-05-08;119.646;2.479;-38.569;-34.947
2024-05-09;119.473;2.504;-38.233;-34.44
2024-05-10;119.308;2.531;-37.619;-33.754
2024-05-13;119.352;2.522;-36.91;-33.483
2024-05-14;119.124;2.56;-36.512;-33.126
2024-05-15;119.827;2.438;-37.714;-34.204
2024-05-16;119.551;2.48;-37.724;-33.911
2024-05-17;119.196;2.54;-36.93;-33.101
2024-05-20;119.116;2.552;-36.646;-33.117
2024-05-21;119.277;2.523;-36.474;-32.974
2024-05-22;119.038;2.563;-35.924;-32.389
2024-05-23;118.595;2.635;-34.528;-30.877
2024-05-24;118.636;2.627;-35.793;-31.942
2024-05-27;118.858;2.586;-35.719;-32.205
2024-05-28;118.651;2.621;-34.988;-31.365
2024-05-29;118.194;2.699;-33.831;-30.599
2024-05-30;118.345;2.668;-33.427;-30.064
2024-05-31;118.241;2.685;-33.478;-29.891
2024-06-03;118.727;2.599;-33.418;-30.197
2024-06-04;118.954;2.558;-33.448;-30.276
2024-06-05;119.034;2.542;-33.512;-30.298
2024-06-06;118.764;2.585;-33.603;-30.088
2024-06-07;118.32;2.661;-32.575;-29.103
2024-06-10;118.138;2.692;-33.999;-30.771
2024-06-11;118.464;2.633;-37.303;-33.804
2024-06-12;118.965;2.544;-36.815;-33.38
2024-06-13;119.372;2.468;-41.642;-37.53
2024-06-14;119.991;2.359;-48.086;-43.23
2024-06-17;119.684;2.411;-45.369;-40.877
2024-06-18;119.744;2.399;-43.65;-39.292
2024-06-19;119.701;2.404;-44.278;-39.899
2024-06-20;119.518;2.432;-44.501;-40.128
2024-06-21;119.703;2.398;-45.882;-41.405
2024-06-24;119.592;2.416;-43.652;-39.46
2024-06-25;119.617;2.41;-44.139;-39.976
2024-06-26;119.422;2.442;-44.495;-40.368
2024-06-27;119.453;2.432;-46.016;-41.769
2024-06-28;119.229;2.47;-44.303;-40.284
2024-07-01;118.608;2.577;-39.046;-35.639
2024-07-02;118.639;2.57;-37.272;-33.968
2024-07-03;118.75;2.549;-35.909;-32.707
2024-07-04;118.562;2.578;-35.554;-32.427
2024-07-05;118.883;2.52;-35.819;-32.56
2024-07-08;118.908;2.514;-35.892;-32.649
2024-07-09;118.695;2.55;-35.425;-32.182
2024-07-10;118.888;2.514;-35.068;-31.971
2024-07-11;119.349;2.428;-36.435;-32.971
2024-07-12;119.139;2.463;-36.089;-32.577
2024-07-15;119.303;2.433;-36.134;-32.482
2024-07-16;119.541;2.389;-35.912;-32.243
2024-07-17;119.515;2.392;-36.631;-32.777
2024-07-18;119.505;2.389;-37.409;-33.333
2024-07-19;119.328;2.419;-36.569;-32.699
2024-07-22;119.111;2.456;-35.524;-32.006
2024-07-23;119.461;2.392;-37.318;-33.579
2024-07-24;119.577;2.37;-38.206;-34.503
2024-07-25;119.7;2.343;-38.881;-34.57
2024-07-26;119.78;2.328;-39.748;-35.136
2024-07-29;120.001;2.287;-39.772;-35.384
2024-07-30;120.155;2.258;-39.896;-35.519
2024-07-31;120.315;2.228;-37.659;-19.119
2024-08-01;120.681;2.159;-42.365;-37.103
2024-08-02;121.146;2.076;-45.247;-39.763
2024-08-05;121.038;2.093;-45.37;-39.874
2024-08-06;120.901;2.115;-41.699;-37.444
2024-08-07;120.595;2.167;-39.041;-35.862
2024-08-08;120.614;2.159;-39.835;-36.464
2024-08-09;120.773;2.129;-41.981;-36.076
2024-08-12;120.743;2.133;-40.488;-35.149
2024-08-13;120.993;2.087;-38.615;-35.349
2024-08-14;120.97;2.089;-39.492;-34.053
2024-08-15;120.378;2.188;-36.206;-32.211
2024-08-16;120.463;2.172;-37.957;-32.066
2024-08-19;120.459;2.171;-35.346;-32.057
2024-08-20;120.618;2.141;-34.587;-31.516
2024-08-21;120.803;2.106;-36.867;-31.947
2024-08-22;120.474;2.159;-34.833;-31.477
2024-08-23;120.587;2.138;-34.68;-31.051
2024-08-26;120.432;2.163;-36.331;-31.373
2024-08-27;120.278;2.189;-35.594;-30.656
2024-08-28;120.389;2.167;-35.305;-30.526
2024-08-29;120.363;2.167;-35.291;-30.208
2024-08-30;120.189;2.196;-34.83;-29.591
2024-09-02;119.983;2.231;-31.774;-28.751
2024-09-03;120.277;2.177;-34.164;-29.434
2024-09-04;120.603;2.117;-34.002;-31.283
2024-09-05;120.663;2.101;-35.175;-30.157
2024-09-06;120.922;2.053;-36.339;-31.1
2024-09-09;120.969;2.043;-34.942;-29.838
2024-09-10;121.194;2.001;-35.722;-30.43
2024-09-11;121.311;1.979;-36.961;-31.435
2024-09-12;120.982;2.032;-35.323;-29.628
2024-09-13;121.0;2.027;-35.03;-29.524
2024-09-16;121.122;2.003;-34.023;-29.142
2024-09-17;120.917;2.038;-33.829;-28.85
2024-09-18;120.681;2.078;-34.592;-29.384
2024-09-19;120.744;2.062;-34.369;-28.971
2024-09-20;120.665;2.074;-33.445;-27.848
2024-09-23;121.018;2.009;-33.43;-28.591
2024-09-24;121.183;1.978;-34.345;-29.567
2024-09-25;121.002;2.008;-33.347;-28.428
2024-09-26;120.927;2.016;-31.017;-28.112
2024-09-27;121.199;1.966;-32.221;-27.364
2024-09-30;121.231;1.958;-32.028;-27.325
2024-10-01;121.623;1.886;-30.679;-28.164
2024-10-02;121.362;1.931;-30.096;-27.658
2024-10-03;121.025;1.986;-32.14;-27.242
2024-10-04;120.479;2.082;-31.828;-26.701
2024-10-07;120.189;2.133;-32.679;-27.619
2024-10-08;120.286;2.113;-29.678;-26.695
2024-10-09;120.147;2.137;-31.812;-26.741
2024-10-10;120.182;2.125;-29.875;-26.659
2024-10-11;120.133;2.132;-29.789;-24.901
2024-10-14;120.035;2.148;-25.46;-23.055
2024-10-15;120.323;2.094;-26.724;-22.479
2024-10-16;120.549;2.051;-27.447;-23.236
2024-10-17;120.47;2.06;-25.643;-21.545
2024-10-18;120.632;2.029;-25.38;-21.497
2024-10-21;120.113;2.121;-23.015;-19.164
2024-10-22;119.921;2.155;-19.955;-18.253
2024-10-23;120.075;2.125;-19.744;-18.745
2024-10-24;120.245;2.088;-20.493;-18.928
2024-10-25;120.033;2.125;-20.445;-16.726
2024-10-28;120.086;2.114;-19.497;-16.355
2024-10-29;119.77;2.17;-15.586;-12.651
2024-10-30;119.236;2.267;-14.488;-11.273
2024-10-31;119.177;2.272;-12.279;-10.704
2024-11-01;119.217;2.263;-13.456;-10.455
2024-11-04;119.196;2.265;-14.096;-11.301
2024-11-05;119.01;2.298;-15.342;-12.654
2024-11-06;119.422;2.22;-12.61;-10.515
2024-11-07;119.123;2.27;-6.78;-6.326
2024-11-08;119.439;2.21;-10.112;-7.377
2024-11-11;119.657;2.167;-8.153;-6.134
2024-11-12;119.545;2.186;-6.074;-5.94
2024-11-13;119.352;2.22;-5.392;-5.072
2024-11-14;119.585;2.172;-3.799;-3.78
2024-11-15;119.475;2.19;-0.94;-1.204
2024-11-18;119.321;2.217;-5.572;-3.256
2024-11-19;119.496;2.183;-9.981;-7.315
2024-11-20;119.449;2.19;-11.18;-8.685
2024-11-21;119.613;2.154;-13.16;-12.117
2024-11-22;120.059;2.069;-10.184;-10.916
2024-11-25;120.092;2.061;-13.142;-10.898
2024-11-26;120.181;2.043;-15.992;-13.113
2024-11-27;120.294;2.02;-15.355;-14.452
2024-11-28;120.447;1.986;-14.713;-14.229
2024-11-29;120.701;1.937;-16.7;-13.938
2024-12-02;121.013;1.877;-14.339;-14.301
2024-12-03;120.819;1.911;-11.738;-11.34
2024-12-04;120.736;1.925;-11.768;-11.144
2024-12-05;120.335;1.993;-9.82;-9.472
2024-12-06;120.415;1.976;-9.075;-9.065
2024-12-09;120.352;1.986;-9.513;-7.853
2024-12-10;120.451;1.966;-8.549;-8.946
2024-12-11;120.44;1.966;-10.6;-8.896
2024-12-12;119.993;2.044;-10.533;-8.753
2024-12-13;119.691;2.099;-10.553;-8.633
2024-12-16;119.776;2.081;-7.926;-8.427
2024-12-17;119.784;2.077;-10.57;-9.001
2024-12-18;119.755;2.081;-11.163;-9.58
2024-12-19;119.477;2.128;-11.012;-9.433
2024-12-20;119.595;2.103;-9.458;-10.042
2024-12-23;119.352;2.144;-10.159;-8.876
2024-12-24;119.352;2.138;-10.509;-9.339
2024-12-25;119.352;2.138;-10.495;-9.338
2024-12-27;118.998;2.204;-8.759;-7.825
2024-12-30;119.157;2.17;-8.065;-7.265
2024-12-31;119.157;2.168;-8.413;-7.608
2025-01-01;119.157;2.168;-8.406;-7.609
2025-01-02;119.051;2.182;-6.659;-7.856
2025-01-03;118.736;2.241;-5.633;-6.836
2025-01-06;118.552;2.274;-8.461;-7.968
2025-01-07;118.459;2.29;-7.33;-7.384
2025-01-08;118.336;2.312;-5.239;-7.393
2025-01-09;118.143;2.344;-6.871;-7.058
2025-01-10;117.875;2.394;-4.989;-6.991
2025-01-13;117.765;2.413;-6.549;-6.904
2025-01-14;117.58;2.448;-6.288;-6.956
2025-01-15;118.049;2.355;-5.861;-6.291
2025-01-16;118.122;2.335;-3.589;-6.061
2025-01-17;118.148;2.328;-3.842;-6.048
2025-01-20;118.181;2.32;-6.215;-6.276
2025-01-21;118.221;2.31;-6.314;-6.277
2025-01-22;118.121;2.327;-6.408;-6.168
2025-01-23;118.02;2.342;-6.056;-5.642
2025-01-24;117.837;2.375;-6.516;-5.99
2025-01-27;118.029;2.336;-6.023;-7.729
2025-01-28;117.883;2.363;-5.144;-6.818
2025-01-29;117.786;2.38;-5.097;-6.834
2025-01-30;118.092;2.314;-5.134;-6.755
2025-01-31;118.502;2.232;-5.055;-6.764
2025-02-03;118.913;2.151;-5.845;-7.351
2025-02-04;118.825;2.166;-5.769;-6.668
2025-02-05;118.888;2.151;-5.918;-6.806
2025-02-06;118.808;2.161;-7.444;-6.04
2025-02-07;118.858;2.149;-7.251;-5.877
2025-02-10;118.915;2.136;-4.868;-5.928
2025-02-11;118.557;2.204;-4.922;-6.008
2025-02-12;118.267;2.259;-5.153;-6.199
2025-02-13;118.528;2.202;-6.783;-7.784
2025-02-14;118.437;2.218;-8.077;-8.985
2025-02-17;118.225;2.258;-5.695;-6.877
2025-02-18;118.197;2.261;-4.787;-5.985
2025-02-19;117.883;2.321;-3.012;-4.122
2025-02-20;117.987;2.295;-3.983;-4.695
2025-02-21;118.288;2.234;-5.435;-5.979
2025-02-24;118.317;2.226;-4.479;-5.175
2025-02-25;118.411;2.205;-4.593;-5.218
2025-02-26;118.492;2.187;-4.94;-5.283
2025-02-27;118.629;2.155;-5.301;-5.538
2025-02-28;118.691;2.14;-5.609;-5.526
2025-03-03;118.372;2.201;-4.85;-3.023
2025-03-04;118.481;2.178;-5.81;-4.119
2025-03-05;117.018;2.467;-1.183;0.316
2025-03-06;116.852;2.495;-2.169;-0.742
2025-03-07;116.872;2.489;-3.186;-1.865
2025-03-10;116.975;2.466;-3.091;-1.87
2025-03-11;116.858;2.488;-0.993;-1.782
2025-03-12;116.824;2.493;-0.31;-0.821
2025-03-13;116.98;2.456;-3.542;-2.208
2025-03-14;116.892;2.472;-2.178;-3.006
2025-03-17;117.016;2.445;-4.526;-3.799
2025-03-18;117.072;2.432;-2.321;-3.732
2025-03-19;117.024;2.44;-2.07;-3.557
2025-03-20;117.136;2.411;-2.862;-3.752
2025-03-21;117.291;2.378;-3.956;-4.867
2025-03-24;117.286;2.377;-3.716;-4.901
2025-03-25;117.143;2.404;-3.798;-4.9
2025-03-26;117.202;2.39;-4.059;-5.071
2025-03-27;117.389;2.347;-5.236;-6.151
2025-03-28;117.639;2.294;-6.325;-7.119
2025-03-31;117.532;2.314;-5.439;-6.263
2025-04-01;117.697;2.279;-6.015;-6.547
2025-04-02;117.566;2.303;-4.882;-5.747
2025-04-03;118.01;2.208;-6.006;-6.494
2025-04-04;118.529;2.101;-12.105;-11.912
2025-04-07;118.63;2.079;-15.7;-16.02
2025-04-08;118.303;2.143;-12.572;-12.12
2025-04-09;118.68;2.065;-17.244;-17.304
2025-04-10;118.562;2.082;-13.681;-12.997
2025-04-11;118.478;2.097;-18.322;-17.859
2025-04-14;118.729;2.045;-13.791;-13.708
2025-04-15;118.654;2.058;-12.797;-12.839
2025-04-16;118.76;2.026;-15.65;-15.023
2025-04-17;118.955;1.984;-15.114;-14.605
2025-04-18;118.955;1.984;-16.259;-15.664
2025-04-22;119.138;1.946;-14.676;-15.071
2025-04-23;118.785;2.014;-12.12;-11.703
2025-04-24;119.06;1.953;-14.007;-13.856
2025-04-25;118.904;1.982;-12.731;-12.761
2025-04-28;118.7;2.021;-12.153;-12.326
2025-04-29;118.757;2.005;-12.665;-12.788
2025-04-30;119.026;1.944;-14.204;-14.117
2025-05-02;118.556;2.037;-11.736;-11.994
2025-05-05;118.641;2.018;-11.398;-11.977
2025-05-06;118.618;2.021;-10.918;-11.709
2025-05-07;118.852;1.971;-12.288;-13.024
2025-05-08;118.503;2.035;-11.507;-11.825
2025-05-09;118.397;2.055;-11.633;-11.665
2025-05-12;117.795;2.176;-8.694;-8.757
2025-05-13;117.692;2.195;-8.847;-9.028
2025-05-14;117.572;2.218;-8.516;-8.949
2025-05-15;117.915;2.141;-8.987;-9.532
2025-05-16;118.077;2.106;-10.017;-10.54
2025-05-19;118.111;2.097;-10.98;-11.332
2025-05-20;118.104;2.096;-11.08;-11.553
2025-05-21;117.896;2.137;-10.216;-10.584
2025-05-22;117.97;2.115;-11.763;-12.005
2025-05-23;118.315;2.042;-16.165;-14.114
2025-05-26;118.286;2.046;-15.523;-13.533
2025-05-27;118.295;2.042;-14.132;-12.007
2025-05-28;118.221;2.055;-14.247;-11.873
2025-05-29;118.384;2.015;-15.444;-13.174
2025-05-30;118.386;2.012;-15.667;-13.496
2025-06-02;118.28;2.032;-14.665;-12.725
2025-06-03;118.275;2.031;-13.929;-12.236
2025-06-04;118.217;2.04;-14.728;-12.91
2025-06-05;117.823;2.116;-13.369;-11.192
2025-06-06;117.78;2.123;-13.479;-11.228
2025-06-09;117.906;2.094;-14.285;-12.331
2025-06-10;118.018;2.069;-14.011;-12.091
2025-06-11;118.004;2.07;-14.196;-12.334
2025-06-12;118.189;2.025;-15.938;-13.972
2025-06-13;117.916;2.079;-15.399;-13.377
2025-06-16;117.986;2.063;-15.074;-13.267
2025-06-17;117.865;2.086;-14.16;-12.474
2025-06-18;118.036;2.048;-15.465;-13.704
2025-06-19;117.917;2.066;-15.626;-13.907
2025-06-20;117.922;2.063;-14.878;-13.234
2025-06-23;117.96;2.053;-14.497;-13.004
2025-06-24;117.855;2.073;-13.262;-11.959
2025-06-25;117.792;2.084;-12.601;-11.384
2025-06-26;117.813;2.073;-13.532;-12.324
2025-06-27;117.664;2.102;-12.425;-11.326
2025-06-30;117.624;2.108;-12.959;-11.867
2025-07-01;117.704;2.089;-12.881;-11.815
2025-07-02;117.553;2.119;-12.672;-11.45
2025-07-03;117.693;2.083;-13.501;-12.345
2025-07-04;117.768;2.065;-14.037;-12.776
2025-07-07;117.602;2.098;-13.237;-11.988
2025-07-08;117.41;2.136;-12.077;-10.953
2025-07-09;117.47;2.121;-12.061;-11.284
2025-07-10;117.281;2.155;-11.525;-10.931
2025-07-11;117.203;2.17;-11.72;-11.106
2025-07-14;117.243;2.159;-12.739;-12.312
2025-07-15;117.302;2.144;-13.006;-12.467
2025-07-16;117.442;2.112;-13.378;-12.698
2025-07-17;117.415;2.111;-14.291;-13.4
2025-07-18;117.351;2.123;-14.249;-13.157
2025-07-21;117.655;2.056;-15.457;-14.41
2025-07-22;117.725;2.039;-16.416;-15.108
2025-07-23;117.52;2.08;-16.093;-14.797
2025-07-24;117.075;2.169;-13.245;-12.034
2025-07-25;116.988;2.186;-12.905;-11.807
2025-07-28;117.118;2.156;-13.852;-13.383
2025-07-29;116.993;2.18;-13.419;-12.796
2025-07-30;116.959;2.186;-13.343;-12.713
2025-07-31;116.929;2.186;-13.758;-12.773
2025-08-01;117.08;2.151;-14.423;-13.364
2025-08-04;117.256;2.111;-14.546;-13.731
2025-08-05;117.252;2.109;-14.351;-13.555
2025-08-06;117.154;2.128;-13.917;-13.261
2025-08-07;117.154;2.122;-13.796;-12.892
2025-08-08;116.908;2.173;-12.847;-12.054
2025-08-11;116.857;2.182;-11.831;-11.24
2025-08-12;116.735;2.206;-10.674;-10.338
2025-08-13;116.988;2.149;-11.998;-11.573
2025-08-14;116.849;2.173;-12.094;-11.556
2025-08-15;116.594;2.226;-10.846;-10.386
2025-08-18;116.681;2.205;-10.573;-10.39
2025-08-19;116.714;2.196;-10.527;-10.266
2025-08-20;116.852;2.163;-11.337;-10.945
2025-08-21;116.633;2.205;-11.51;-10.654
2025-08-22;116.79;2.168;-11.476;-10.417
2025-08-25;116.616;2.204;-12.075;-11.267
2025-08-26;116.81;2.159;-12.509;-11.572
2025-08-27;116.935;2.129;-12.737;-11.82
2025-08-28;116.872;2.137;-12.699;-11.599
2025-08-29;116.786;2.153;-11.824;-10.83
2025-09-01;116.68;2.175;-10.602;-10.04
2025-09-02;116.524;2.207;-10.024;-9.538
2025-09-03;116.664;2.174;-10.477;-10.08
2025-09-04;116.684;2.163;-11.469;-10.791
2025-09-05;116.874;2.118;-12.433;-11.675
2025-09-08;116.91;2.108;-12.413;-11.907
2025-09-09;116.816;2.127;-12.069;-11.606
2025-09-10;116.792;2.13;-12.323;-11.858
2025-09-11;116.621;2.161;-11.399;-10.77
2025-09-12;116.401;2.208;-11.282;-10.554
2025-09-15;116.437;2.197;-11.17;-10.541
2025-09-16;116.481;2.185;-11.598;-10.794
2025-09-17;116.49;2.181;-12.063;-11.194
2025-09-18;116.36;2.204;-12.093;-11.167
2025-09-19;116.269;2.222;-11.456;-10.643
2025-09-22;116.29;2.215;-11.43;-10.868
2025-09-23;116.242;2.223;-11.649;-10.967
2025-09-24;116.236;2.222;-12.283;-11.567
2025-09-25;116.079;2.251;-12.49;-11.628
2025-09-26;116.168;2.229;-13.247;-12.42
2025-09-29;116.245;2.209;-13.124;-12.428
2025-09-30;116.239;2.209;-13.061;-12.212
2025-10-01;116.268;2.2;-12.672;-11.696
2025-10-02;116.25;2.197;-12.774;-11.583
2025-10-03;116.207;2.205;-12.691;-11.605
2025-10-06;116.199;2.204;-12.85;-12.028
2025-10-07;116.22;2.197;-13.289;-12.442
2025-10-08;116.315;2.173;-12.981;-12.162
2025-10-09;116.193;2.194;-12.826;-11.786
2025-10-10;116.421;2.14;-14.457;-13.302
2025-10-13;116.492;2.122;-14.223;-13.379
2025-10-14;116.543;2.108;-14.208;-13.392
2025-10-15;116.67;2.077;-14.823;-13.855
2025-10-16;116.691;2.065;-14.89;-13.787
2025-10-17;116.634;2.076;-14.482;-13.48
2025-10-20;116.624;2.076;-14.478;-13.531
2025-10-21;116.649;2.068;-14.037;-13.28
2025-10-22;116.624;2.071;-14.63;-13.65
2025-10-23;116.5;2.092;-14.272;-13.075
2025-10-24;116.278;2.141;-13.968;-12.73
2025-10-27;116.286;2.137;-13.614;-12.777
2025-10-28;116.25;2.143;-13.94;-13.136
2025-10-29;116.244;2.142;-13.877;-13.035
2025-10-30;116.122;2.163;-14.063;-13.009
2025-10-31;116.204;2.142;-14.314;-13.328
2025-11-03;116.043;2.176;-13.923;-13.179
2025-11-04;116.092;2.163;-14.33;-13.467
2025-11-05;116.03;2.175;-14.101;-13.198
2025-11-06;116.087;2.155;-14.618;-13.487
2025-11-07;116.046;2.162;-15.21;-13.969
2025-11-10;115.984;2.174;-14.471;-13.449
2025-11-11;116.004;2.167;-14.556;-13.537
2025-11-12;116.031;2.158;-15.404;-14.413
2025-11-13;115.823;2.2;-15.154;-14.008
2025-11-14;115.743;2.216;-15.888;-14.626
2025-11-17;115.736;2.215;-16.084;-14.959
2025-11-18;115.798;2.198;-16.592;-15.613
2025-11-19;115.79;2.198;-16.803;-15.754
2025-11-20;115.759;2.198;-16.16;-14.781
2025-11-21;115.785;2.19;-15.86;-14.459
2025-11-24;115.804;2.183;-15.74;-14.483
2025-11-25;115.816;2.178;-15.673;-14.364
2025-11-26;115.812;2.177;-15.448;-14.119
2025-11-27;115.723;2.191;-15.078;-13.61
2025-11-28;115.69;2.196;-15.233;-13.697
2025-12-01;115.475;2.244;-13.877;-12.709
2025-12-02;115.477;2.241;-13.281;-12.139
2025-12-03;115.475;2.24;-12.868;-11.69
2025-12-04;115.338;2.265;-12.386;-11.211
2025-12-05;115.205;2.294;-13.147;-12.094
2025-12-08;114.889;2.367;-14.145;-13.206
2025-12-09;114.922;2.357;-14.403;-13.583
2025-12-10;114.857;2.37;-14.319;-13.476
2025-12-11;114.89;2.356;-14.92;-13.907
2025-12-12;114.877;2.356;-15.097;-14.053
2025-12-15;114.864;2.357;-15.451;-14.502
2025-12-16;114.927;2.34;-15.743;-14.785
2025-12-17;114.877;2.35;-15.644;-14.591
2025-12-18;114.893;2.339;-15.396;-14.233
2025-12-19;114.752;2.371;-14.722;-13.589
2025-12-22;114.755;2.368;-15.123;-14.089
2025-12-23;114.782;2.35;-15.519;-14.419
2025-12-24;114.782;2.348;-16.116;-14.979
2025-12-25;114.782;2.348;-16.427;-15.278
2025-12-29;114.893;2.319;-15.938;-14.88
2025-12-30;114.816;2.333;-15.131;-14.142
2025-12-31;114.816;2.326;-15.783;-14.525
2026-01-01;114.816;2.326;-15.57;-14.521
2026-01-02;114.667;2.359;-13.965;-13.009
2026-01-05;114.741;2.339;-14.089;-13.109
2026-01-06;114.846;2.311;-14.356;-13.341
2026-01-07;114.929;2.289;-13.699;-12.699
2026-01-08;114.851;2.3;-14.238;-13.261
2026-01-09;114.808;2.308;-14.163;-13.209
2026-01-12;114.869;2.291;-14.059;-13.316
2026-01-13;114.868;2.289;-14.167;-13.553
2026-01-14;114.968;2.262;-15.368;-14.696
2026-01-15;114.851;2.283;-15.605;-14.738
2026-01-16;114.772;2.3;-15.85;-14.987
2026-01-19;114.854;2.278;-16.655;-15.985
2026-01-20;114.851;2.276;-16.191;-15.492
2026-01-21;114.752;2.298;-16.112;-15.465
2026-01-22;114.636;2.319;-15.653;-14.784
2026-01-23;114.543;2.339;-15.716;-14.943
2026-01-26;114.671;2.305;-15.92;-15.25
2026-01-27;114.663;2.305;-15.304;-14.639
2026-01-28;114.76;2.279;-15.157;-14.429
2026-01-29;114.814;2.258;-15.615;-14.63
2026-01-30;114.791;2.261;-15.69;-14.795
2026-02-02;114.662;2.29;-15.149;-14.423
2026-02-03;114.604;2.302;-15.069;-14.446
2026-02-04;114.715;2.272;-15.403;-14.835
2026-02-05;114.712;2.266;-16.058;-15.236
2026-02-06;114.737;2.257;-15.524;-14.499
2026-02-09;114.758;2.249;-14.851;-13.864
2026-02-10;114.762;2.246;-14.775;-13.58
