;px_last;yld_ytm_mid;asset_swap_spd_mid;z_sprd_mid
2014-04-03;99.998;0.5;14.321;7.724
2014-04-04;101.363;0.412;10.434;4.381
2014-04-07;101.729;0.388;6.379;0.843
2014-04-08;101.038;0.433;9.607;3.856
2014-04-09;100.868;0.444;9.507;3.562
2014-04-10;101.578;0.398;9.237;3.18
2014-04-11;101.535;0.401;11.586;5.336
2014-04-14;101.288;0.417;9.437;3.28
2014-04-15;101.86;0.38;11.795;5.477
2014-04-16;101.663;0.392;11.758;5.421
2014-04-17;101.072;0.43;8.691;2.642
2014-04-18;101.072;0.43;9.225;3.141
2014-04-21;101.072;0.43;9.621;3.516
2014-04-22;100.778;0.449;13.197;6.795
2014-04-23;101.012;0.434;11.943;5.694
2014-04-24;100.89;0.442;13.786;7.275
2014-04-25;101.333;0.414;14.526;7.977
2014-04-28;101.197;0.422;14.57;8.015
2014-04-29;101.253;0.419;12.646;6.135
2014-04-30;101.908;0.376;11.239;4.755
2014-05-01;101.935;0.375;11.516;5.035
2014-05-02;102.303;0.351;8.694;2.612
2014-05-05;102.203;0.358;6.237;0.365
2014-05-06;102.068;0.366;9.265;3.094
2014-05-07;101.588;0.397;10.814;4.449
2014-05-08;101.688;0.39;9.417;3.149
2014-05-09;101.395;0.409;8.644;2.4
2014-05-12;101.028;0.433;10.842;4.407
2014-05-13;101.675;0.391;11.553;5.039
2014-05-14;102.27;0.353;12.866;6.44
2014-05-15;103.348;0.284;11.659;5.273
2014-05-16;103.43;0.279;10.524;4.457
2014-05-19;103.355;0.284;9.351;3.398
2014-05-20;103.623;0.267;8.948;3.027
2014-05-21;103.14;0.297;6.152;0.45
2014-05-22;102.973;0.308;8.591;2.708
2014-05-23;102.683;0.326;6.894;3.318
2014-05-26;102.648;0.329;6.22;2.69
2014-05-27;102.85;0.316;10.324;6.41
2014-05-28;103.575;0.27;10.534;6.531
2014-05-29;103.47;0.276;6.342;2.728
2014-05-30;103.465;0.276;5.316;1.819
2014-06-02;103.188;0.294;6.08;2.559
2014-06-03;102.705;0.325;6.588;3.032
2014-06-04;102.955;0.309;5.668;2.244
2014-06-05;103.673;0.263;3.94;0.68
2014-06-06;103.885;0.25;6.459;2.958
2014-06-09;103.108;0.299;10.004;6.189
2014-06-10;102.387;0.345;9.507;5.768
2014-06-11;102.145;0.36;10.814;7.082
2014-06-12;102.01;0.369;14.72;10.657
2014-06-13;102.838;0.316;11.205;7.502
2014-06-16;102.915;0.311;9.765;6.15
2014-06-17;102.493;0.338;11.653;7.922
2014-06-18;102.852;0.315;13.117;9.183
2014-06-19;103.345;0.283;11.067;7.299
2014-06-20;102.88;0.313;13.296;9.428
2014-06-23;103.033;0.303;15.995;11.764
2014-06-24;103.015;0.304;16.185;11.938
2014-06-25;103.595;0.267;16.142;11.805
2014-06-26;103.643;0.264;17.831;13.319
2014-06-27;104.06;0.238;12.213;8.261
2014-06-30;104.663;0.2;12.98;8.847
2014-07-01;104.447;0.213;12.248;8.307
2014-07-02;103.947;0.245;10.78;6.967
2014-07-03;104.225;0.227;7.227;3.81
2014-07-04;104.485;0.211;7.254;3.83
2014-07-07;104.595;0.204;8.28;4.748
2014-07-08;105.103;0.172;9.182;5.49
2014-07-09;104.953;0.181;7.546;3.981
2014-07-10;105.325;0.157;8.24;4.57
2014-07-11;105.36;0.155;8.814;5.085
2014-07-14;105.393;0.153;9.106;5.343
2014-07-15;105.455;0.149;8.256;4.583
2014-07-16;105.643;0.137;10.855;6.957
2014-07-17;106.385;0.091;9.077;5.356
2014-07-18;106.583;0.079;8.41;4.755
2014-07-21;106.85;0.062;7.441;3.89
2014-07-22;106.868;0.061;7.145;3.633
2014-07-23;107.18;0.042;5.711;2.358
2014-07-24;107.093;0.047;2.648;-0.352
2014-07-25;107.275;0.036;5.506;2.177
2014-07-28;107.158;0.043;8.1;4.482
2014-07-29;107.455;0.024;10.787;6.839
2014-07-30;106.71;0.07;5.33;2.068
2014-07-31;107.05;0.049;4.39;1.225
2014-08-01;106.953;0.055;5.084;1.87
2014-08-04;106.745;0.068;5.03;1.789
2014-08-05;105.868;0.122;9.028;5.364
2014-08-06;106.723;0.069;7.89;4.338
2014-08-07;107.093;0.046;6.689;3.066
2014-08-08;107.05;0.048;4.908;1.444
2014-08-11;106.203;0.101;8.809;4.92
2014-08-12;106.058;0.11;8.276;4.396
2014-08-13;106.433;0.086;10.766;6.601
2014-08-14;106.323;0.093;12.078;7.66
2014-08-15;106.61;0.075;9.521;5.44
2014-08-18;106.388;0.089;12.155;7.431
2014-08-19;107.015;0.05;12.749;7.95
2014-08-20;107.233;0.036;13.291;8.43
2014-08-21;107.033;0.048;14.241;9.267
2014-08-22;107.418;0.025;14.994;9.909
2014-08-25;108.16;-0.021;13.617;8.665
2014-08-26;108.633;-0.05;14.516;9.432
2014-08-27;109.513;-0.104;12.443;7.993
2014-08-28;110.258;-0.149;14.707;9.595
2014-08-29;110.225;-0.147;14.992;10.355
2014-09-01;110.3;-0.151;14.873;10.389
2014-09-02;109.333;-0.093;15.483;10.962
2014-09-03;108.488;-0.042;17.771;12.972
2014-09-04;108.073;-0.017;15.345;11.019
2014-09-05;108.828;-0.063;15.532;11.116
2014-09-08;107.98;-0.011;15.81;11.427
2014-09-09;107.045;0.046;16.268;11.901
2014-09-10;106.82;0.06;15.506;11.262
2014-09-11;107.188;0.037;15.266;11.025
2014-09-12;106.503;0.08;14.767;10.614
2014-09-15;106.663;0.07;15.483;11.259
2014-09-16;106.358;0.089;14.742;10.502
2014-09-17;106.575;0.075;8.875;7.769
2014-09-18;106.24;0.096;9.955;6.155
2014-09-19;106.668;0.069;11.056;7.306
2014-09-22;107.563;0.013;9.271;5.554
2014-09-23;107.768;0.001;11.504;7.529
2014-09-24;107.835;-0.004;11.029;7.118
2014-09-25;108.008;-0.015;12.335;8.277
2014-09-26;108.21;-0.027;10.755;6.891
2014-09-29;108.405;-0.039;9.793;6.033
2014-09-30;109.173;-0.086;6.672;3.402
2014-10-01;109.223;-0.089;9.163;5.562
2014-10-02;108.995;-0.076;7.902;4.382
2014-10-03;108.373;-0.038;10.82;6.93
2014-10-06;108.27;-0.032;9.322;5.548
2014-10-07;108.053;-0.018;11.167;7.286
2014-10-08;108.205;-0.028;8.644;5.402
2014-10-09;107.805;-0.003;10.285;6.82
2014-10-10;107.373;0.023;10.671;7.216
2014-10-13;106.68;0.067;14.699;10.867
2014-10-14;107.045;0.044;14.255;10.456
2014-10-15;108.255;-0.031;15.015;11.049
2014-10-16;108.01;-0.017;3.402;0.383
2014-10-17;108.04;-0.019;6.194;3.111
2014-10-20;109.175;-0.088;2.572;-0.163
2014-10-21;109.645;-0.117;-2.224;-4.417
2014-10-22;109.23;-0.092;0.493;-2.008
2014-10-23;108.68;-0.059;-0.118;-2.571
2014-10-24;108.64;-0.056;1.309;-1.298
2014-10-27;108.868;-0.07;6.781;3.813
2014-10-28;109.0;-0.078;5.356;2.544
2014-10-29;109.258;-0.094;5.001;2.401
2014-10-30;109.945;-0.137;3.227;0.679
2014-10-31;109.59;-0.115;4.39;1.718
2014-11-03;109.155;-0.089;5.326;2.489
2014-11-04;109.92;-0.135;5.819;2.914
2014-11-05;109.19;-0.091;7.735;4.623
2014-11-06;109.073;-0.084;10.346;6.933
2014-11-07;109.56;-0.114;11.736;8.136
2014-11-10;109.538;-0.113;14.206;10.316
2014-11-11;109.723;-0.124;11.599;8.073
2014-11-12;109.822;-0.13;12.157;8.804
2014-11-13;109.615;-0.118;12.386;8.96
2014-11-14;109.65;-0.12;12.303;8.78
2014-11-17;108.845;-0.071;12.635;9.065
2014-11-18;108.925;-0.076;12.405;8.902
2014-11-19;108.275;-0.036;8.225;5.156
2014-11-20;108.665;-0.06;12.802;9.251
2014-11-21;109.143;-0.09;11.59;8.15
2014-11-24;109.2;-0.093;10.643;7.306
2014-11-25;110.09;-0.148;8.266;5.176
2014-11-26;110.447;-0.17;8.078;4.995
2014-11-27;110.568;-0.178;9.475;6.224
2014-11-28;110.043;-0.146;10.025;6.712
2014-12-01;109.028;-0.084;5.253;2.656
2014-12-02;109.318;-0.102;8.021;4.336
2014-12-03;109.293;-0.1;4.925;2.36
2014-12-04;109.158;-0.092;7.409;4.089
2014-12-05;109.602;-0.12;3.615;0.704
2014-12-08;110.23;-0.158;3.491;0.55
2014-12-09;110.583;-0.18;3.535;0.56
2014-12-10;109.825;-0.134;8.987;5.268
2014-12-11;108.977;-0.082;10.699;6.69
2014-12-12;109.07;-0.087;14.016;9.239
2014-12-15;109.298;-0.102;7.602;3.605
2014-12-16;109.055;-0.087;7.651;3.226
2014-12-17;109.255;-0.099;1.705;-2.283
2014-12-18;109.12;-0.091;7.435;3.263
2014-12-19;109.825;-0.135;3.534;-0.234
2014-12-22;110.645;-0.185;2.158;-1.107
2014-12-23;111.318;-0.226;-3.975;-6.474
2014-12-24;111.248;-0.222;-0.237;-3.164
2014-12-25;111.248;-0.222;0.988;-2.08
2014-12-26;111.248;-0.222;1.78;-1.382
2014-12-29;111.648;-0.247;3.037;-0.209
2014-12-30;111.278;-0.225;3.149;-0.409
2014-12-31;111.213;-0.221;1.931;-1.493
2015-01-01;111.213;-0.221;4.561;0.836
2015-01-02;112.038;-0.271;4.567;0.813
2015-01-05;110.795;-0.196;3.669;-0.386
2015-01-06;111.483;-0.238;5.509;0.154
2015-01-07;111.1;-0.215;4.489;-0.653
2015-01-08;110.695;-0.19;3.126;-1.878
2015-01-09;110.515;-0.179;2.266;-2.644
2015-01-12;110.495;-0.178;9.934;4.216
2015-01-13;110.688;-0.19;5.712;0.285
2015-01-14;111.65;-0.249;1.966;-3.006
2015-01-15;112.32;-0.29;-0.293;-4.882
2015-01-16;112.813;-0.319;-1.555;-5.826
2015-01-19;113.798;-0.378;0.367;-3.675
2015-01-20;113.705;-0.373;2.72;-1.593
2015-01-21;113.31;-0.35;-1.954;-5.29
2015-01-22;116.2;-0.52;-8.107;-10.211
2015-01-23;117.368;-0.588;-10.684;-12.369
2015-01-26;116.93;-0.563;-15.027;-16.389
2015-01-27;116.52;-0.539;-16.963;-18.338
2015-01-28;116.498;-0.538;-15.092;-16.602
2015-01-29;116.19;-0.521;-23.451;-24.483
2015-01-30;118.443;-0.651;-23.75;-24.022
2015-02-02;118.985;-0.682;-24.503;-24.274
2015-02-03;118.818;-0.673;-25.847;-25.298
2015-02-04;117.838;-0.617;-18.384;-19.05
2015-02-05;118.197;-0.638;-17.832;-18.403
2015-02-06;117.903;-0.621;-18.835;-19.426
2015-02-09;117.578;-0.603;-14.051;-15.413
2015-02-10;116.348;-0.532;-9.55;-11.904
2015-02-11;116.253;-0.527;-10.686;-12.917
2015-02-12;117.083;-0.575;-13.907;-15.612
2015-02-13;117.443;-0.596;-18.421;-19.352
2015-02-16;117.848;-0.62;-17.721;-18.756
2015-02-17;117.188;-0.582;-20.071;-20.857
2015-02-18;116.788;-0.559;-18.44;-19.454
2015-02-19;117.403;-0.595;-24.157;-24.303
2015-02-20;117.638;-0.609;-23.972;-24.039
2015-02-23;117.285;-0.589;-17.563;-18.558
2015-02-24;117.058;-0.576;-17.091;-18.33
2015-02-25;117.623;-0.609;-17.281;-18.479
2015-02-26;118.483;-0.658;-26.677;-26.749
2015-02-27;119.233;-0.701;-25.597;-25.283
2015-03-02;118.873;-0.681;-22.801;-22.814
2015-03-03;119.563;-0.721;-22.792;-22.524
2015-03-04;120.178;-0.756;-25.376;-24.251
2015-03-05;122.09;-0.863;-28.495;-26.451
2015-03-06;121.133;-0.81;-33.01;-30.513
2015-03-09;121.893;-0.853;-32.264;-29.865
2015-03-10;123.388;-0.935;-33.921;-31.101
2015-03-11;124.163;-0.978;-30.793;-28.393
2015-03-12;125.265;-1.039;-39.466;-35.251
2015-03-13;124.835;-1.016;-34.572;-31.343
2015-03-16;124.11;-0.977;-30.562;-28.4
2015-03-17;123.725;-0.956;-28.013;-26.342
2015-03-18;125.005;-1.026;-25.971;-24.526
2015-03-19;125.15;-1.034;-23.341;-22.25
2015-03-20;126.81;-1.124;-28.312;-25.857
2015-03-23;126.098;-1.086;-26.61;-24.518
2015-03-24;125.4;-1.049;-23.576;-22.072
2015-03-25;125.738;-1.067;-29.235;-26.739
2015-03-26;125.898;-1.077;-25.838;-23.933
2015-03-27;125.385;-1.049;-25.748;-24.048
2015-03-30;124.618;-1.008;-25.119;-23.83
2015-03-31;125.195;-1.039;-17.577;-17.524
2015-04-01;125.765;-1.072;-23.694;-22.349
2015-04-02;125.675;-1.067;-27.012;-25.082
2015-04-03;125.675;-1.067;-24.174;-22.558
2015-04-06;125.675;-1.067;-24.511;-22.855
2015-04-07;125.575;-1.062;-26.719;-24.917
2015-04-08;126.0;-1.085;-26.45;-24.651
2015-04-09;125.893;-1.08;-25.798;-24.108
2015-04-10;126.038;-1.088;-26.415;-24.699
2015-04-13;126.723;-1.125;-27.561;-25.54
2015-04-14;127.283;-1.156;-23.772;-22.541
2015-04-15;128.038;-1.196;-26.049;-24.353
2015-04-16;128.277;-1.21;-27.367;-25.362
2015-04-17;128.88;-1.242;-27.982;-25.585
2015-04-20;129.063;-1.252;-29.198;-26.811
2015-04-21;127.908;-1.191;-25.302;-23.817
2015-04-22;126.148;-1.097;-20.05;-19.773
2015-04-23;125.7;-1.074;-18.239;-18.28
2015-04-24;125.843;-1.082;-19.329;-19.073
2015-04-27;125.383;-1.057;-17.379;-17.613
2015-04-28;125.673;-1.073;-22.848;-22.142
2015-04-29;123.748;-0.969;-22.596;-21.832
2015-04-30;123.315;-0.945;-23.145;-22.103
2015-05-01;123.278;-0.943;-23.116;-22.085
2015-05-04;121.11;-0.822;-20.908;-20.434
2015-05-05;119.34;-0.721;-19.681;-19.758
2015-05-06;117.708;-0.627;-18.362;-18.699
2015-05-07;117.285;-0.603;-12.084;-13.515
2015-05-08;117.613;-0.622;-11.746;-13.217
2015-05-11;116.843;-0.577;-13.791;-15.206
2015-05-12;116.053;-0.531;-16.397;-17.439
2015-05-13;115.11;-0.475;-17.762;-18.635
2015-05-14;115.355;-0.49;-16.52;-17.576
2015-05-15;116.598;-0.564;-17.773;-18.631
2015-05-18;115.98;-0.528;-17.012;-18.018
2015-05-19;117.155;-0.597;-20.539;-20.9
2015-05-20;115.925;-0.525;-17.873;-18.816
2015-05-21;115.04;-0.473;-16.062;-17.299
2015-05-22;115.245;-0.485;-18.796;-19.755
2015-05-25;115.137;-0.479;-16.551;-17.787
2015-05-26;115.33;-0.49;-16.958;-18.308
2015-05-27;114.255;-0.426;-16.287;-18.008
2015-05-28;114.903;-0.465;-18.009;-19.397
2015-05-29;116.46;-0.559;-21.612;-22.2
2015-06-01;115.498;-0.502;-21.93;-22.524
2015-06-02;112.96;-0.348;-16.05;-17.559
2015-06-03;109.408;-0.127;-11.566;-13.955
2015-06-04;110.203;-0.177;-9.631;-12.084
2015-06-05;109.998;-0.165;-10.531;-12.778
2015-06-08;109.482;-0.132;-7.492;-9.975
2015-06-09;109.107;-0.108;-11.981;-13.897
2015-06-10;108.95;-0.098;-14.262;-15.846
2015-06-11;110.153;-0.175;-9.216;-11.311
2015-06-12;111.292;-0.247;-18.554;-19.501
2015-06-15;111.278;-0.246;-15.7;-16.941
2015-06-16;111.45;-0.257;-15.575;-16.875
2015-06-17;111.343;-0.25;-15.849;-16.804
2015-06-18;111.4;-0.254;-19.782;-20.544
2015-06-19;112.098;-0.298;-17.472;-18.471
2015-06-22;111.04;-0.232;-19.453;-20.156
2015-06-23;111.195;-0.242;-21.585;-21.99
2015-06-24;111.718;-0.275;-19.319;-19.982
2015-06-25;111.535;-0.264;-22.604;-22.85
2015-06-26;110.808;-0.218;-25.535;-25.505
2015-06-29;111.838;-0.283;-21.324;-21.839
2015-06-30;112.998;-0.355;-29.672;-28.832
2015-07-01;111.965;-0.291;-30.808;-30.033
2015-07-02;111.675;-0.273;-30.942;-30.129
2015-07-03;112.785;-0.342;-35.97;-34.497
2015-07-06;112.878;-0.348;-29.347;-28.694
2015-07-07;114.018;-0.418;-34.715;-33.514
2015-07-08;113.788;-0.404;-30.052;-29.355
2015-07-09;112.91;-0.351;-32.449;-31.853
2015-07-10;110.288;-0.187;-29.513;-29.599
2015-07-13;110.878;-0.224;-28.103;-28.196
2015-07-14;110.608;-0.208;-27.023;-27.344
2015-07-15;111.463;-0.261;-21.102;-21.902
2015-07-16;112.01;-0.296;-28.416;-28.323
2015-07-17;112.322;-0.316;-24.253;-24.633
2015-07-20;112.848;-0.348;-26.187;-26.264
2015-07-21;112.143;-0.305;-23.921;-24.407
2015-07-22;112.465;-0.325;-22.462;-23.072
2015-07-23;112.52;-0.329;-21.44;-22.255
2015-07-24;113.19;-0.37;-23.532;-24.149
2015-07-27;113.085;-0.364;-23.585;-24.323
2015-07-28;113.223;-0.373;-27.146;-27.342
2015-07-29;113.15;-0.368;-27.957;-27.999
2015-07-30;114.613;-0.459;-30.729;-30.004
2015-07-31;114.82;-0.471;-29.113;-28.479
2015-08-03;114.215;-0.435;-25.509;-25.608
2015-08-04;113.607;-0.398;-30.45;-30.197
2015-08-05;112.075;-0.303;-25.074;-25.39
2015-08-06;112.608;-0.336;-27.766;-27.915
2015-08-07;113.283;-0.378;-27.976;-28.111
2015-08-10;112.568;-0.334;-27.715;-27.962
2015-08-11;112.565;-0.334;-20.894;-22.137
2015-08-12;112.105;-0.306;-24.068;-25.44
2015-08-13;111.833;-0.289;-24.355;-25.679
2015-08-14;112.498;-0.331;-29.166;-29.734
2015-08-17;113.145;-0.371;-32.133;-32.272
2015-08-18;112.438;-0.327;-30.258;-30.87
2015-08-19;112.66;-0.341;-27.797;-28.685
2015-08-20;112.833;-0.352;-26.075;-27.13
2015-08-21;112.385;-0.325;-23.907;-25.438
2015-08-24;111.513;-0.27;-23.503;-25.551
2015-08-25;109.732;-0.157;-20.506;-22.758
2015-08-26;109.643;-0.151;-22.269;-24.599
2015-08-27;109.635;-0.151;-18.504;-20.909
2015-08-28;110.863;-0.23;-23.954;-25.282
2015-08-31;110.643;-0.216;-31.593;-32.064
2015-09-01;110.602;-0.213;-26.815;-27.548
2015-09-02;110.915;-0.233;-28.734;-29.243
2015-09-03;111.748;-0.287;-27.81;-28.279
2015-09-04;112.125;-0.31;-20.578;-21.825
2015-09-07;110.925;-0.235;-16.22;-18.237
2015-09-08;110.52;-0.209;-15.654;-17.718
2015-09-09;110.773;-0.225;-16.802;-18.676
2015-09-10;110.618;-0.216;-16.434;-18.362
2015-09-11;111.3;-0.259;-19.537;-21.227
2015-09-14;111.417;-0.267;-20.546;-22.191
2015-09-15;110.137;-0.185;-23.367;-24.701
2015-09-16;110.155;-0.187;-22.094;-23.092
2015-09-17;110.153;-0.187;-18.539;-19.774
2015-09-18;111.735;-0.288;-22.359;-23.144
2015-09-21;111.49;-0.273;-24.316;-24.85
2015-09-22;113.038;-0.37;-29.651;-29.335
2015-09-23;113.4;-0.393;-32.127;-31.537
2015-09-24;113.085;-0.374;-30.033;-29.778
2015-09-25;112.328;-0.326;-28.029;-28.114
2015-09-28;112.73;-0.352;-25.609;-25.995
2015-09-29;111.97;-0.304;-21.104;-22.24
2015-09-30;111.795;-0.293;-22.644;-23.605
2015-10-01;112.828;-0.359;-24.24;-24.858
2015-10-02;113.015;-0.37;-23.287;-24.071
2015-10-05;112.328;-0.327;-21.429;-22.308
2015-10-06;112.043;-0.31;-22.94;-23.752
2015-10-07;112.475;-0.337;-24.541;-24.991
2015-10-08;112.458;-0.336;-23.328;-23.871
2015-10-09;112.363;-0.331;-22.699;-22.963
2015-10-12;113.048;-0.374;-23.569;-23.729
2015-10-13;112.845;-0.361;-24.008;-24.172
2015-10-14;113.21;-0.384;-23.454;-23.68
2015-10-15;113.48;-0.402;-26.486;-26.242
2015-10-16;113.655;-0.413;-24.815;-24.715
2015-10-19;113.338;-0.393;-22.626;-22.913
2015-10-20;112.275;-0.326;-21.269;-21.698
2015-10-21;113.278;-0.39;-22.05;-22.325
2015-10-22;114.88;-0.49;-24.953;-24.563
2015-10-23;115.125;-0.505;-26.71;-26.008
2015-10-26;115.335;-0.518;-25.076;-24.496
2015-10-27;116.145;-0.568;-26.511;-25.74
2015-10-28;116.495;-0.589;-30.985;-29.359
2015-10-29;115.255;-0.514;-31.289;-29.897
2015-10-30;115.613;-0.536;-32.437;-31.162
2015-11-02;114.66;-0.478;-28.261;-27.604
2015-11-03;113.982;-0.436;-25.431;-25.091
2015-11-04;113.85;-0.428;-24.548;-24.327
2015-11-05;113.318;-0.395;-19.781;-20.275
2015-11-06;112.408;-0.338;-19.537;-20.109
2015-11-09;112.453;-0.341;-14.624;-15.528
2015-11-10;112.865;-0.367;-13.845;-14.798
2015-11-11;112.75;-0.36;-14.411;-15.506
2015-11-12;113.013;-0.377;-15.36;-16.301
2015-11-13;113.465;-0.405;-16.615;-17.534
2015-11-16;113.77;-0.425;-19.422;-19.977
2015-11-17;113.688;-0.42;-15.734;-16.588
2015-11-18;114.193;-0.452;-17.051;-17.702
2015-11-19;114.498;-0.471;-18.621;-19.133
2015-11-20;114.815;-0.491;-20.205;-20.632
2015-11-23;114.148;-0.45;-16.01;-17.227
2015-11-24;114.708;-0.485;-18.694;-19.423
2015-11-25;115.22;-0.517;-22.634;-22.66
2015-11-26;115.283;-0.521;-23.282;-23.047
2015-11-27;115.738;-0.549;-26.611;-26.211
2015-11-30;115.698;-0.547;-26.095;-25.578
2015-12-01;115.855;-0.557;-21.626;-21.487
2015-12-02;115.273;-0.521;-21.83;-21.883
2015-12-03;112.318;-0.336;-24.556;-24.831
2015-12-04;110.917;-0.246;-16.986;-18.571
2015-12-07;111.93;-0.312;-16.116;-17.84
2015-12-08;112.493;-0.348;-15.04;-16.825
2015-12-09;112.19;-0.329;-12.936;-14.871
2015-12-10;112.49;-0.348;-17.608;-19.05
2015-12-11;112.435;-0.345;-14.158;-16.158
2015-12-14;111.822;-0.306;-16.465;-18.377
2015-12-15;111.278;-0.271;-15.992;-17.736
2015-12-16;110.477;-0.219;-16.314;-18.143
2015-12-17;111.19;-0.266;-12.741;-15.019
2015-12-18;111.433;-0.282;-10.759;-13.345
2015-12-21;111.335;-0.275;-14.37;-16.621
2015-12-22;110.243;-0.205;-13.54;-16.027
2015-12-23;109.593;-0.163;-11.119;-13.889
2015-12-24;109.455;-0.154;-10.343;-13.132
2015-12-25;109.455;-0.154;-10.202;-13.002
2015-12-28;110.395;-0.215;-9.862;-12.714
2015-12-29;109.835;-0.179;-10.921;-13.561
2015-12-30;109.558;-0.161;-10.196;-12.877
2015-12-31;109.558;-0.161;;
2016-01-01;109.558;-0.161;;
2016-01-04;110.36;-0.214;-11.608;-14.202
2016-01-05;110.08;-0.196;-7.131;-10.292
2016-01-06;110.083;-0.196;-7.155;-10.409
2016-01-07;109.935;-0.187;-5.24;-8.499
2016-01-08;110.863;-0.248;-9.935;-12.772
2016-01-11;110.205;-0.205;-6.63;-9.669
2016-01-12;110.37;-0.216;-6.003;-9.155
2016-01-13;111.165;-0.268;-9.386;-12.289
2016-01-14;111.045;-0.26;-15.002;-17.297
2016-01-15;111.17;-0.269;-14.276;-16.783
2016-01-18;110.97;-0.256;-13.124;-15.726
2016-01-19;111.055;-0.261;-12.872;-15.389
2016-01-20;111.498;-0.29;-14.276;-16.753
2016-01-21;111.925;-0.318;-13.126;-15.334
2016-01-22;111.333;-0.28;-11.77;-14.093
2016-01-25;111.455;-0.288;-11.042;-13.483
2016-01-26;112.035;-0.326;-12.396;-14.668
2016-01-27;112.13;-0.332;-12.906;-15.116
2016-01-28;112.94;-0.385;-13.025;-15.019
2016-01-29;113.905;-0.446;-13.528;-15.462
2016-02-01;113.243;-0.404;-11.607;-13.94
2016-02-02;113.473;-0.419;-11.741;-13.946
2016-02-03;113.933;-0.449;-9.638;-11.956
2016-02-04;113.7;-0.434;-9.445;-11.783
2016-02-05;114.447;-0.482;-12.811;-14.63
2016-02-08;115.378;-0.541;-15.188;-16.697
2016-02-09;114.895;-0.511;-16.967;-18.195
2016-02-10;114.675;-0.497;-16.482;-17.79
2016-02-11;115.045;-0.521;-21.503;-22.659
2016-02-12;114.26;-0.471;-21.017;-22.147
2016-02-15;114.855;-0.509;-18.845;-19.958
2016-02-16;114.285;-0.473;-18.27;-19.577
2016-02-17;114.158;-0.465;-14.639;-16.249
2016-02-18;114.838;-0.509;-13.451;-15.239
2016-02-19;114.523;-0.489;-13.894;-15.769
2016-02-22;114.965;-0.517;-11.938;-13.915
2016-02-23;114.908;-0.514;-11.055;-13.199
2016-02-24;114.828;-0.509;-14.3;-16.246
2016-02-25;114.357;-0.48;-12.537;-15.012
2016-02-26;114.3;-0.476;-14.554;-16.826
2016-02-29;113.783;-0.444;-9.529;-12.597
2016-03-01;112.878;-0.386;-3.999;-7.519
2016-03-02;112.475;-0.36;-4.899;-7.977
2016-03-03;114.003;-0.459;-4.822;-7.501
2016-03-04;113.74;-0.442;-5.196;-7.768
2016-03-07;114.417;-0.485;-11.214;-13.083
2016-03-08;114.953;-0.519;-13.323;-15.029
2016-03-09;114.163;-0.47;-14.403;-16.088
2016-03-10;113.128;-0.404;-8.335;-10.634
2016-03-11;114.063;-0.464;-11.478;-13.419
2016-03-14;113.838;-0.45;-14.862;-16.458
2016-03-15;112.798;-0.383;-10.002;-12.15
2016-03-16;112.88;-0.388;-6.22;-8.788
2016-03-17;114.855;-0.515;-12.052;-13.906
2016-03-18;115.38;-0.549;-13.943;-15.46
2016-03-21;115.11;-0.532;-15.418;-16.861
2016-03-22;115.675;-0.568;-20.069;-20.811
2016-03-23;115.96;-0.587;-16.817;-17.928
2016-03-24;116.128;-0.597;-20.438;-21.225
2016-03-25;116.128;-0.597;;
2016-03-28;116.128;-0.597;-19.576;-20.463
2016-03-29;116.583;-0.626;-18.187;-19.333
2016-03-30;116.613;-0.628;-21.212;-22.033
2016-03-31;116.598;-0.628;-22.925;-23.635
2016-04-01;117.005;-0.654;-20.587;-21.329
2016-04-04;117.555;-0.688;-24.061;-24.247
2016-04-05;118.115;-0.723;-23.997;-24.002
2016-04-06;118.223;-0.73;-27.681;-27.175
2016-04-07;118.75;-0.763;-29.175;-28.532
2016-04-08;118.585;-0.753;-27.279;-26.77
2016-04-11;117.933;-0.713;-26.561;-26.173
2016-04-12;116.95;-0.652;-26.163;-25.951
2016-04-13;117.55;-0.69;-25.207;-25.026
2016-04-14;117.128;-0.664;-28.21;-27.534
2016-04-15;117.905;-0.713;-28.592;-27.783
2016-04-18;117.523;-0.689;-28.561;-27.809
2016-04-19;117.723;-0.702;-31.02;-29.907
2016-04-20;117.658;-0.698;-31.6;-30.503
2016-04-21;116.28;-0.612;-29.203;-28.562
2016-04-22;116.1;-0.601;-28.007;-27.485
2016-04-25;115.67;-0.574;-28.533;-27.954
2016-04-26;115.258;-0.548;-28.691;-28.102
2016-04-27;115.163;-0.542;-27.292;-26.853
2016-04-28;115.74;-0.58;-26.267;-25.939
2016-04-29;116.042;-0.599;-29.51;-28.634
2016-05-02;116.17;-0.607;-27.271;-26.836
2016-05-03;117.17;-0.67;-28.371;-27.475
2016-05-04;117.185;-0.672;-28.792;-27.78
2016-05-05;117.495;-0.692;-25.556;-24.827
2016-05-06;118.135;-0.732;-30.555;-29.13
2016-05-09;118.355;-0.746;-29.395;-28.125
2016-05-10;118.255;-0.74;-27.145;-26.133
2016-05-11;118.31;-0.743;-27.606;-26.487
2016-05-12;117.97;-0.723;-31.439;-29.966
2016-05-13;118.365;-0.748;-30.124;-28.573
2016-05-16;118.188;-0.737;-31.865;-30.362
2016-05-17;118.308;-0.745;-31.31;-29.791
2016-05-18;117.39;-0.688;-28.705;-27.627
2016-05-19;117.39;-0.688;-30.444;-29.083
2016-05-20;117.385;-0.688;-29.701;-28.375
2016-05-23;117.1;-0.67;-30.135;-28.86
2016-05-24;117.1;-0.671;-28.961;-27.766
2016-05-25;117.53;-0.698;-29.457;-28.052
2016-05-26;117.42;-0.692;-26.499;-25.467
2016-05-27;117.45;-0.694;-28.159;-26.921
2016-05-30;116.99;-0.665;-29.699;-28.299
2016-05-31;117.338;-0.687;-29.078;-27.622
2016-06-01;117.135;-0.675;-30.387;-28.931
2016-06-02;117.068;-0.671;-28.931;-27.668
2016-06-03;117.658;-0.708;-28.437;-27.201
2016-06-06;117.447;-0.695;-28.759;-27.492
2016-06-07;117.988;-0.73;-28.693;-27.354
2016-06-08;118.13;-0.739;-30.876;-29.269
2016-06-09;118.43;-0.758;-33.654;-31.781
2016-06-10;118.31;-0.751;-32.84;-31.243
2016-06-13;118.265;-0.748;-35.035;-33.231
2016-06-14;118.64;-0.772;-38.261;-35.928
2016-06-15;118.977;-0.793;-39.363;-36.697
2016-06-16;118.91;-0.79;-40.386;-37.766
2016-06-17;118.542;-0.767;-39.695;-37.189
2016-06-20;118.143;-0.742;-38.389;-35.99
2016-06-21;117.995;-0.733;-38.337;-35.887
2016-06-22;118.028;-0.736;-38.726;-36.207
2016-06-23;117.485;-0.702;-36.991;-34.705
2016-06-24;119.183;-0.809;-44.843;-41.802
2016-06-27;120.143;-0.868;-47.936;-44.671
2016-06-28;120.17;-0.87;-47.085;-43.647
2016-06-29;120.908;-0.916;-49.248;-45.29
2016-06-30;120.868;-0.914;-57.054;-52.117
2016-07-01;120.512;-0.892;-43.628;-40.337
2016-07-04;120.4;-0.886;-38.5;-36.031
2016-07-05;120.355;-0.883;-37.546;-35.415
2016-07-06;119.818;-0.85;-37.209;-35.388
2016-07-07;119.588;-0.837;-37.114;-35.358
2016-07-08;119.653;-0.841;-36.154;-34.581
2016-07-11;119.512;-0.833;-38.228;-36.435
2016-07-12;118.57;-0.774;-34.638;-33.155
2016-07-13;119.803;-0.851;-35.526;-33.72
2016-07-14;119.468;-0.831;-34.181;-32.433
2016-07-15;118.963;-0.8;-32.966;-31.304
2016-07-18;118.885;-0.796;-29.918;-28.641
2016-07-19;119.148;-0.812;-32.894;-31.145
2016-07-20;118.72;-0.786;-34.088;-32.326
2016-07-21;118.933;-0.8;-35.378;-33.412
2016-07-22;119.183;-0.816;-37.71;-35.489
2016-07-25;119.523;-0.837;-39.226;-36.735
2016-07-26;119.71;-0.849;-38.736;-36.086
2016-07-27;120.985;-0.928;-40.585;-37.36
2016-07-28;121.477;-0.959;-41.446;-37.78
2016-07-29;121.615;-0.968;-40.033;-36.559
2016-08-01;121.23;-0.944;-41.946;-38.432
2016-08-02;119.87;-0.861;-39.984;-37.039
2016-08-03;119.865;-0.861;-38.722;-35.951
2016-08-04;120.538;-0.903;-37.519;-34.792
2016-08-05;120.163;-0.88;-37.653;-34.916
2016-08-08;120.605;-0.908;-40.483;-37.241
2016-08-09;120.955;-0.93;-39.55;-36.359
2016-08-10;121.723;-0.977;-40.003;-36.548
2016-08-11;121.555;-0.968;-44.235;-40.262
2016-08-12;121.968;-0.993;-44.725;-40.673
2016-08-15;121.688;-0.976;-45.764;-41.618
2016-08-16;120.96;-0.932;-44.444;-40.59
2016-08-17;121.393;-0.959;-44.081;-40.233
2016-08-18;121.53;-0.968;-43.243;-39.467
2016-08-19;120.54;-0.907;-39.021;-35.967
2016-08-22;121.178;-0.947;-39.602;-36.356
2016-08-23;121.143;-0.945;-38.608;-35.24
2016-08-24;120.965;-0.934;-36.99;-33.926
2016-08-25;120.48;-0.905;-35.552;-32.8
2016-08-26;120.663;-0.917;-36.483;-33.448
2016-08-29;120.913;-0.933;-35.814;-32.786
2016-08-30;120.825;-0.927;-33.709;-30.936
2016-08-31;120.1;-0.883;-33.072;-30.773
2016-09-01;120.167;-0.888;-36.861;-34.169
2016-09-02;119.688;-0.858;-34.725;-32.466
2016-09-05;119.8;-0.865;-33.896;-31.756
2016-09-06;120.673;-0.92;-36.098;-33.477
2016-09-07;121.42;-0.966;-37.094;-33.929
2016-09-08;120.708;-0.923;-38.113;-35.057
2016-09-09;119.605;-0.855;-36.75;-34.016
2016-09-12;119.328;-0.837;-34.843;-32.243
2016-09-13;118.795;-0.804;-35.591;-33.043
2016-09-14;119.393;-0.842;-34.343;-31.875
2016-09-15;118.743;-0.802;-32.332;-30.208
2016-09-16;119.095;-0.824;-30.468;-28.533
2016-09-19;119.055;-0.822;-30.325;-28.41
2016-09-20;119.863;-0.873;-31.813;-29.585
2016-09-21;119.723;-0.865;-33.237;-30.654
2016-09-22;121.655;-0.986;-36.112;-32.901
2016-09-23;121.238;-0.96;-32.711;-30.121
2016-09-26;121.53;-0.979;-32.716;-30.098
2016-09-27;121.503;-0.977;-34.549;-31.753
2016-09-28;121.793;-0.995;-34.403;-31.537
2016-09-29;122.015;-1.01;-34.624;-31.57
2016-09-30;122.258;-1.025;-38.869;-35.1
2016-10-03;122.105;-1.016;-39.032;-35.322
2016-10-04;121.47;-0.977;-37.512;-34.074
2016-10-05;120.76;-0.933;-36.366;-33.201
2016-10-06;121.11;-0.956;-40.689;-36.706
2016-10-07;120.447;-0.915;-39.303;-35.608
2016-10-10;119.893;-0.88;-40.254;-36.632
2016-10-11;120.453;-0.916;-41.12;-37.267
2016-10-12;119.438;-0.852;-37.382;-34.261
2016-10-13;119.648;-0.866;-35.311;-32.427
2016-10-14;119.558;-0.861;-36.079;-32.986
2016-10-17;119.89;-0.882;-36.16;-32.969
2016-10-18;120.625;-0.929;-37.243;-33.692
2016-10-19;120.975;-0.951;-39.462;-35.484
2016-10-20;121.483;-0.983;-38.766;-34.753
2016-10-21;121.193;-0.965;-36.504;-32.807
2016-10-24;120.86;-0.945;-36.445;-32.81
2016-10-25;120.635;-0.931;-36.185;-32.625
2016-10-26;119.55;-0.863;-34.147;-31.057
2016-10-27;118.29;-0.784;-30.279;-27.824
2016-10-28;118.475;-0.796;-30.209;-27.731
2016-10-31;118.48;-0.796;-32.493;-29.712
2016-11-01;117.985;-0.765;-27.97;-25.874
2016-11-02;118.04;-0.769;-30.434;-28.142
2016-11-03;117.493;-0.734;-29.475;-27.323
2016-11-04;118.053;-0.77;-32.359;-29.755
2016-11-07;117.955;-0.764;-31.569;-29.019
2016-11-08;117.468;-0.733;-30.476;-28.12
2016-11-09;117.305;-0.723;-36.284;-33.169
2016-11-10;116.69;-0.684;-33.722;-30.767
2016-11-11;116.273;-0.657;-31.262;-28.503
2016-11-14;116.572;-0.676;-32.299;-29.278
2016-11-15;116.463;-0.669;-33.02;-29.97
2016-11-16;116.14;-0.648;-29.273;-26.722
2016-11-17;116.34;-0.662;-30.274;-27.56
2016-11-18;116.795;-0.692;-31.574;-28.586
2016-11-21;117.375;-0.73;-31.25;-28.091
2016-11-22;117.903;-0.765;-31.996;-28.673
2016-11-23;117.378;-0.731;-26.608;-24.027
2016-11-24;117.2;-0.72;-26.76;-24.067
2016-11-25;116.76;-0.692;-25.166;-22.904
2016-11-28;117.215;-0.722;-27.123;-24.58
2016-11-29;116.95;-0.705;-25.458;-23.178
2016-11-30;116.558;-0.679;-27.042;-24.516
2016-12-01;115.523;-0.612;-27.945;-25.376
2016-12-02;117.13;-0.717;-26.578;-23.912
2016-12-05;116.95;-0.706;-24.824;-22.322
2016-12-06;116.41;-0.671;-26.924;-24.264
2016-12-07;116.198;-0.657;-23.791;-21.597
2016-12-08;115.498;-0.611;-20.659;-18.928
2016-12-09;115.61;-0.619;-20.921;-19.231
2016-12-12;115.368;-0.603;-22.122;-20.324
2016-12-13;116.175;-0.657;-23.332;-21.321
2016-12-14;116.93;-0.707;-27.892;-24.894
2016-12-15;116.005;-0.647;-26.278;-24.054
2016-12-16;116.723;-0.694;-29.754;-26.789
2016-12-19;117.913;-0.772;-29.181;-26.073
2016-12-20;117.935;-0.774;-29.665;-26.641
2016-12-21;118.17;-0.789;-27.83;-24.998
2016-12-22;118.06;-0.783;-30.339;-27.183
2016-12-23;118.485;-0.811;-31.38;-28.004
2016-12-26;118.485;-0.811;-32.095;-28.482
2016-12-27;118.843;-0.834;-32.44;-28.852
2016-12-28;119.21;-0.858;-33.82;-29.952
2016-12-29;119.575;-0.883;-31.795;-28.091
2016-12-30;119.153;-0.856;-28.556;-25.379
2017-01-02;119.848;-0.901;-35.199;-30.947
2017-01-03;118.955;-0.843;-27.758;-24.654
2017-01-04;118.775;-0.832;-29.881;-26.538
2017-01-05;119.175;-0.859;-31.524;-27.913
2017-01-06;118.383;-0.808;-31.47;-27.973
2017-01-09;118.393;-0.809;-30.135;-26.866
2017-01-10;118.445;-0.812;-28.729;-25.619
2017-01-11;119.065;-0.853;-29.635;-26.312
2017-01-12;118.895;-0.843;-29.799;-26.39
2017-01-13;118.218;-0.799;-26.885;-24.082
2017-01-16;118.292;-0.804;-27.345;-24.454
2017-01-17;118.275;-0.803;-26.552;-23.783
2017-01-18;117.868;-0.777;-25.374;-22.769
2017-01-19;117.498;-0.753;-26.863;-24.113
2017-01-20;117.435;-0.749;-29.738;-26.447
2017-01-23;118.665;-0.83;-29.255;-25.889
2017-01-24;117.958;-0.784;-28.342;-25.197
2017-01-25;116.953;-0.718;-29.609;-26.482
2017-01-26;116.968;-0.72;-27.421;-24.529
2017-01-27;117.443;-0.752;-27.953;-24.899
2017-01-30;117.653;-0.766;-30.451;-27.01
2017-01-31;117.94;-0.785;-31.579;-27.914
2017-02-01;117.288;-0.742;-31.445;-27.71
2017-02-02;117.725;-0.772;-31.371;-27.782
2017-02-03;117.88;-0.782;-33.883;-29.823
2017-02-06;118.195;-0.803;-33.412;-29.236
2017-02-07;118.34;-0.813;-34.631;-30.238
2017-02-08;119.113;-0.863;-34.249;-30.071
2017-02-09;118.903;-0.851;-33.999;-29.869
2017-02-10;118.765;-0.842;-35.418;-31.09
2017-02-13;118.583;-0.83;-36.635;-32.128
2017-02-14;117.995;-0.792;-35.921;-31.615
2017-02-15;117.998;-0.793;-35.221;-31.004
2017-02-16;118.602;-0.833;-34.666;-30.402
2017-02-17;118.943;-0.855;-35.856;-31.379
2017-02-20;118.732;-0.842;-34.076;-29.874
2017-02-21;118.55;-0.83;-34.288;-30.098
2017-02-22;118.428;-0.823;-35.175;-30.859
2017-02-23;119.29;-0.88;-37.514;-32.782
2017-02-24;119.703;-0.907;-40.034;-34.914
2017-02-27;119.34;-0.883;-36.411;-31.824
2017-02-28;119.072;-0.866;-33.615;-29.377
2017-03-01;118.0;-0.796;-31.209;-27.658
2017-03-02;117.565;-0.768;-32.421;-28.771
2017-03-03;117.035;-0.733;-33.246;-29.567
2017-03-06;116.848;-0.721;-32.595;-29.083
2017-03-07;117.22;-0.746;-33.339;-29.661
2017-03-08;117.058;-0.736;-34.705;-30.572
2017-03-09;116.428;-0.694;-35.779;-31.539
2017-03-10;115.993;-0.665;-35.574;-31.447
2017-03-13;116.27;-0.684;-35.953;-31.731
2017-03-14;116.58;-0.705;-35.403;-31.248
2017-03-15;117.238;-0.749;-36.438;-32.024
2017-03-16;116.88;-0.726;-36.226;-32.003
2017-03-17;117.15;-0.745;-35.623;-31.365
2017-03-20;116.845;-0.725;-36.003;-31.805
2017-03-21;116.445;-0.698;-33.221;-29.467
2017-03-22;116.288;-0.688;-32.745;-29.211
2017-03-23;115.67;-0.647;-28.847;-25.943
2017-03-24;116.518;-0.704;-31.234;-27.835
2017-03-27;116.385;-0.695;-28.085;-25.143
2017-03-28;116.563;-0.708;-30.721;-27.444
2017-03-29;116.833;-0.726;-29.797;-26.646
2017-03-30;116.99;-0.737;-29.204;-26.098
2017-03-31;116.493;-0.704;-28.61;-25.662
2017-04-03;117.253;-0.755;-30.63;-27.338
2017-04-04;117.335;-0.761;-32.088;-28.552
2017-04-05;117.512;-0.773;-32.036;-28.453
2017-04-06;117.477;-0.771;-30.585;-27.165
2017-04-07;118.197;-0.82;-34.979;-30.857
2017-04-10;118.208;-0.821;-33.161;-29.298
2017-04-11;118.197;-0.82;-33.954;-30.002
2017-04-12;118.343;-0.831;-34.44;-30.386
2017-04-13;118.28;-0.827;-32.33;-28.589
2017-04-14;118.28;-0.827;-33.147;-29.278
2017-04-17;118.28;-0.827;-32.427;-28.639
2017-04-18;118.72;-0.857;-33.03;-29.096
2017-04-19;118.063;-0.813;-30.443;-26.946
2017-04-20;117.243;-0.759;-28.769;-25.62
2017-04-21;117.195;-0.756;-30.253;-26.866
2017-04-24;116.183;-0.689;-22.892;-20.561
2017-04-25;115.423;-0.637;-25.085;-22.579
2017-04-26;115.778;-0.662;-25.52;-22.831
2017-04-27;116.663;-0.722;-28.825;-25.576
2017-04-28;116.74;-0.728;-30.77;-27.22
2017-05-01;116.74;-0.728;-30.678;-27.238
2017-05-02;117.065;-0.75;-32.196;-28.357
2017-05-03;117.093;-0.752;-32.472;-28.587
2017-05-04;115.643;-0.655;-28.129;-25.037
2017-05-05;115.18;-0.623;-28.733;-25.676
2017-05-08;114.865;-0.602;-28.133;-25.231
2017-05-09;114.62;-0.585;-25.879;-23.293
2017-05-10;114.99;-0.611;-25.295;-22.659
2017-05-11;114.655;-0.589;-23.378;-21.049
2017-05-12;114.913;-0.607;-23.599;-21.237
2017-05-15;114.268;-0.562;-21.312;-19.295
2017-05-16;114.01;-0.545;-21.319;-19.157
2017-05-17;114.62;-0.587;-20.933;-18.928
2017-05-18;114.82;-0.601;-23.378;-21.077
2017-05-19;114.545;-0.583;-23.719;-21.382
2017-05-22;114.163;-0.556;-23.684;-21.368
2017-05-23;114.333;-0.568;-25.657;-23.048
2017-05-24;114.358;-0.57;-26.448;-23.655
2017-05-25;114.548;-0.584;-27.222;-24.655
2017-05-26;114.758;-0.599;-27.838;-24.985
2017-05-29;115.038;-0.619;-28.879;-25.849
2017-05-30;115.27;-0.635;-33.426;-29.803
2017-05-31;114.843;-0.606;-32.409;-29.055
2017-06-01;114.688;-0.596;-30.054;-26.963
2017-06-02;115.553;-0.655;-35.323;-31.409
2017-06-05;115.298;-0.638;-33.543;-29.905
2017-06-06;115.653;-0.663;-34.749;-31.036
2017-06-07;115.185;-0.631;-32.307;-28.872
2017-06-08;115.31;-0.64;-33.418;-29.831
2017-06-09;114.873;-0.61;-30.965;-27.762
2017-06-12;115.025;-0.621;-31.209;-27.953
2017-06-13;115.033;-0.622;-32.599;-29.132
2017-06-14;115.167;-0.631;-30.524;-27.564
2017-06-15;114.043;-0.554;-28.193;-25.517
2017-06-16;114.15;-0.561;-28.233;-25.349
2017-06-19;114.115;-0.559;-28.975;-26.207
2017-06-20;114.11;-0.559;-28.527;-25.844
2017-06-21;113.98;-0.55;-26.655;-24.225
2017-06-22;113.975;-0.551;-24.776;-22.584
2017-06-23;114.085;-0.558;-24.981;-22.804
2017-06-26;114.46;-0.585;-27.192;-24.545
2017-06-27;112.855;-0.472;-23.6;-21.477
2017-06-28;112.923;-0.477;-22.583;-20.573
2017-06-29;112.348;-0.437;-20.843;-19.027
2017-06-30;112.313;-0.435;-23.026;-20.909
2017-07-03;112.075;-0.418;-24.322;-22.146
2017-07-04;112.203;-0.427;-25.775;-23.364
2017-07-05;112.175;-0.426;-25.947;-23.537
2017-07-06;111.245;-0.359;-25.053;-22.806
2017-07-07;111.228;-0.358;-25.358;-23.121
2017-07-10;111.803;-0.4;-25.677;-23.307
2017-07-11;111.723;-0.394;-24.374;-22.023
2017-07-12;112.2;-0.429;-24.224;-21.83
2017-07-13;111.88;-0.406;-22.733;-20.821
2017-07-14;111.893;-0.407;-24.642;-22.382
2017-07-17;111.975;-0.413;-24.985;-22.565
2017-07-18;112.3;-0.437;-25.146;-22.675
2017-07-19;112.55;-0.455;-24.088;-21.898
2017-07-20;112.653;-0.463;-25.505;-22.943
2017-07-21;112.768;-0.471;-26.955;-24.422
2017-07-24;112.678;-0.465;-27.036;-24.361
2017-07-25;112.352;-0.442;-27.322;-24.878
2017-07-26;112.545;-0.456;-28.37;-25.544
2017-07-27;112.933;-0.484;-29.452;-26.396
2017-07-28;113.163;-0.501;-33.835;-30.245
2017-07-31;113.318;-0.512;-33.446;-29.85
2017-08-01;114.135;-0.57;-31.32;-27.769
2017-08-02;114.158;-0.572;-31.653;-28.354
2017-08-03;114.545;-0.6;-34.152;-30.249
2017-08-04;114.285;-0.582;-33.136;-29.398
2017-08-07;114.542;-0.6;-33.667;-30.07
2017-08-08;114.31;-0.584;-34.024;-30.184
2017-08-09;114.758;-0.616;-34.2;-30.34
2017-08-10;114.975;-0.632;-33.713;-29.813
2017-08-11;115.268;-0.652;-34.686;-30.64
2017-08-14;114.793;-0.619;-33.682;-29.853
2017-08-15;114.403;-0.592;-32.918;-29.255
2017-08-16;114.115;-0.572;-32.046;-28.55
2017-08-17;114.623;-0.609;-33.587;-29.845
2017-08-18;114.813;-0.622;-35.576;-31.55
2017-08-21;115.088;-0.642;-36.563;-32.356
2017-08-22;115.072;-0.641;-36.916;-32.67
2017-08-23;115.433;-0.666;-37.717;-33.17
2017-08-24;115.483;-0.671;-38.948;-34.271
2017-08-25;115.447;-0.668;-37.808;-33.371
2017-08-28;115.245;-0.654;-36.814;-32.552
2017-08-29;115.943;-0.703;-38.392;-33.796
2017-08-30;115.898;-0.701;-39.514;-34.778
2017-08-31;115.938;-0.704;-38.48;-33.868
2017-09-01;115.488;-0.673;-35.737;-31.247
2017-09-04;115.678;-0.686;-35.842;-31.628
2017-09-05;116.185;-0.722;-34.967;-30.771
2017-09-06;116.085;-0.715;-37.574;-33.044
2017-09-07;116.328;-0.733;-38.174;-33.563
2017-09-08;116.197;-0.724;-37.398;-32.889
2017-09-11;115.8;-0.697;-35.265;-31.121
2017-09-12;115.083;-0.647;-35.189;-30.924
2017-09-13;115.163;-0.652;-33.961;-30.076
2017-09-14;114.805;-0.628;-32.801;-29.116
2017-09-15;114.703;-0.621;-33.869;-30.093
2017-09-18;114.265;-0.59;-32.86;-29.293
2017-09-19;114.335;-0.595;-32.871;-29.298
2017-09-20;114.47;-0.605;-31.769;-28.296
2017-09-21;114.375;-0.599;-31.741;-28.293
2017-09-22;114.448;-0.605;-31.455;-28.023
2017-09-25;115.153;-0.655;-33.468;-29.681
2017-09-26;115.193;-0.658;-33.373;-29.573
2017-09-27;114.665;-0.621;-33.312;-29.6
2017-09-28;114.618;-0.618;-32.595;-28.946
2017-09-29;114.822;-0.633;-35.396;-31.395
2017-10-02;114.908;-0.639;-35.036;-31.05
2017-10-03;114.755;-0.628;-35.665;-31.642
2017-10-04;114.828;-0.634;-35.229;-31.238
2017-10-05;114.947;-0.643;-34.019;-30.136
2017-10-06;114.88;-0.639;-34.782;-30.806
2017-10-09;115.1;-0.654;-33.921;-30.011
2017-10-10;115.23;-0.664;-35.03;-30.954
2017-10-11;114.943;-0.644;-35.146;-31.104
2017-10-12;115.02;-0.65;-34.129;-30.213
2017-10-13;115.488;-0.683;-35.124;-31.004
2017-10-16;115.993;-0.719;-35.177;-30.943
2017-10-17;116.07;-0.725;-35.862;-31.543
2017-10-18;115.593;-0.691;-34.554;-30.48
2017-10-19;115.43;-0.681;-34.244;-30.25
2017-10-20;114.67;-0.627;-33.074;-29.343
2017-10-23;115.04;-0.654;-33.081;-29.272
2017-10-24;114.51;-0.616;-32.139;-28.527
2017-10-25;114.455;-0.612;-32.21;-28.575
2017-10-26;115.128;-0.661;-33.89;-29.957
2017-10-27;115.5;-0.688;-34.684;-30.569
2017-10-30;115.725;-0.704;-34.536;-30.375
2017-10-31;115.838;-0.712;-34.015;-29.894
2017-11-01;115.655;-0.699;-34.579;-30.426
2017-11-02;115.555;-0.693;-33.238;-29.269
2017-11-03;115.688;-0.703;-34.116;-30.014
2017-11-06;116.055;-0.729;-34.435;-30.221
2017-11-07;116.52;-0.762;-35.985;-31.448
2017-11-08;116.735;-0.777;-37.998;-33.139
2017-11-09;116.188;-0.74;-36.383;-31.819
2017-11-10;115.703;-0.706;-36.336;-31.867
2017-11-13;115.605;-0.699;-35.428;-31.076
2017-11-14;115.778;-0.711;-34.791;-30.496
2017-11-15;116.023;-0.729;-35.775;-31.312
2017-11-16;115.908;-0.722;-35.511;-31.108
2017-11-17;116.05;-0.732;-36.13;-31.636
2017-11-20;116.08;-0.734;-36.423;-31.856
2017-11-21;116.193;-0.743;-35.198;-30.797
2017-11-22;116.125;-0.738;-33.914;-29.686
2017-11-23;116.283;-0.75;-33.483;-29.26
2017-11-24;116.223;-0.746;-34.273;-29.93
2017-11-27;116.498;-0.766;-33.765;-29.421
2017-11-28;116.623;-0.775;-34.694;-30.172
2017-11-29;116.19;-0.745;-35.728;-31.127
2017-11-30;116.453;-0.764;-36.345;-31.601
2017-12-01;117.275;-0.822;-38.167;-33.035
2017-12-04;116.928;-0.798;-37.897;-32.874
2017-12-05;117.308;-0.825;-37.191;-32.18
2017-12-06;117.688;-0.852;-39.417;-34.01
2017-12-07;117.52;-0.841;-39.829;-34.406
2017-12-08;117.418;-0.834;-39.751;-34.347
2017-12-11;117.728;-0.856;-40.941;-35.297
2017-12-12;117.562;-0.845;-40.725;-35.125
2017-12-13;117.487;-0.84;-39.88;-34.409
2017-12-14;117.666;-0.853;-38.928;-33.642
2017-12-15;117.953;-0.874;-39.838;-34.29
2017-12-18;118.029;-0.879;-39.184;-33.651
2017-12-19;116.749;-0.79;-37.208;-32.19
2017-12-20;116.346;-0.761;-36.869;-31.997
2017-12-21;116.155;-0.749;-36.086;-31.359
2017-12-22;116.122;-0.747;-36.899;-32.058
2017-12-25;116.122;-0.747;-36.909;-32.047
2017-12-26;116.122;-0.747;-37.041;-32.149
2017-12-27;116.626;-0.783;-36.477;-31.614
2017-12-28;116.066;-0.744;-35.117;-30.474
2017-12-29;116.203;-0.754;-36.072;-31.28
2018-01-01;116.203;-0.754;-36.279;-31.42
2018-01-02;115.991;-0.739;-34.042;-29.513
2018-01-03;116.304;-0.762;-34.816;-30.146
2018-01-04;116.143;-0.751;-34.228;-29.686
2018-01-05;115.843;-0.73;-33.261;-28.909
2018-01-08;115.955;-0.738;-32.887;-28.581
2018-01-09;115.397;-0.699;-31.419;-27.391
2018-01-10;115.422;-0.701;-32.604;-28.38
2018-01-11;115.108;-0.679;-32.414;-28.269
2018-01-12;115.117;-0.68;-32.144;-27.976
2018-01-15;115.114;-0.68;-32.852;-28.607
2018-01-16;115.556;-0.712;-32.921;-28.56
2018-01-17;115.404;-0.701;-31.975;-27.797
2018-01-18;115.169;-0.685;-31.895;-27.765
2018-01-19;114.896;-0.666;-30.912;-26.97
2018-01-22;115.039;-0.676;-32.35;-28.179
2018-01-23;115.081;-0.679;-32.614;-28.408
2018-01-24;114.871;-0.664;-32.377;-28.226
2018-01-25;114.566;-0.643;-31.432;-27.453
2018-01-26;114.054;-0.606;-29.555;-25.896
2018-01-29;113.184;-0.542;-28.342;-24.972
2018-01-30;113.205;-0.544;-30.045;-26.434
2018-01-31;113.255;-0.548;-28.472;-25.031
2018-02-01;113.088;-0.536;-31.193;-27.436
2018-02-02;112.574;-0.498;-28.935;-25.551
2018-02-05;113.164;-0.542;-31.764;-27.938
2018-02-06;113.661;-0.579;-33.406;-29.239
2018-02-07;113.291;-0.552;-32.158;-28.173
2018-02-08;113.031;-0.534;-30.573;-26.827
2018-02-09;113.038;-0.534;-33.764;-29.664
2018-02-12;112.791;-0.516;-36.484;-32.068
2018-02-13;112.707;-0.51;-35.087;-30.875
2018-02-14;112.714;-0.511;-35.944;-31.59
2018-02-15;112.68;-0.509;-37.088;-32.608
2018-02-16;113.209;-0.549;-37.821;-33.159
2018-02-19;112.732;-0.513;-36.881;-32.428
2018-02-20;112.636;-0.506;-37.06;-32.633
2018-02-21;112.655;-0.508;-36.873;-32.469
2018-02-22;112.979;-0.533;-38.129;-33.455
2018-02-23;113.759;-0.591;-39.931;-34.835
2018-02-26;113.749;-0.59;-40.405;-35.24
2018-02-27;113.337;-0.56;-37.743;-32.984
2018-02-28;113.568;-0.577;-37.379;-32.638
2018-03-01;113.636;-0.583;-37.541;-32.814
2018-03-02;113.358;-0.563;-36.499;-31.992
2018-03-05;113.34;-0.562;-37.317;-32.703
2018-03-06;112.91;-0.53;-34.589;-30.405
2018-03-07;113.306;-0.56;;
2018-03-08;113.679;-0.588;-35.42;-31.018
2018-03-09;113.471;-0.573;-34.287;-30.076
2018-03-12;113.755;-0.594;-36.242;-31.732
2018-03-13;113.784;-0.597;-35.842;-31.405
2018-03-14;114.065;-0.618;-35.331;-30.959
2018-03-15;114.18;-0.627;-33.629;-29.452
2018-03-16;114.299;-0.636;-34.344;-30.033
2018-03-19;114.314;-0.637;-35.328;-30.965
2018-03-20;114.301;-0.637;-36.169;-31.629
2018-03-21;114.47;-0.649;-37.276;-32.626
2018-03-22;115.279;-0.71;-39.633;-34.486
2018-03-23;115.409;-0.719;-40.977;-35.634
2018-03-26;115.727;-0.743;-41.069;-35.693
2018-03-27;116.09;-0.77;-41.827;-36.218
2018-03-28;116.08;-0.77;-39.527;-34.21
2018-03-29;116.166;-0.777;-39.542;-34.215
2018-03-30;116.166;-0.777;-39.174;-33.967
2018-04-02;116.166;-0.777;-39.461;-34.219
2018-04-03;116.251;-0.783;-38.711;-33.465
2018-04-04;116.212;-0.781;-38.662;-33.438
2018-04-05;115.816;-0.753;-37.447;-32.452
2018-04-06;116.138;-0.776;-37.744;-32.653
2018-04-09;115.924;-0.761;-36.727;-31.819
2018-04-10;115.959;-0.764;-35.431;-30.746
2018-04-11;116.272;-0.787;-37.665;-32.545
2018-04-12;115.977;-0.766;-38.064;-33.016
2018-04-13;116.045;-0.772;-37.258;-32.222
2018-04-16;115.939;-0.764;-37.659;-32.66
2018-04-17;116.26;-0.788;-38.098;-32.976
2018-04-18;116.106;-0.777;-37.351;-32.342
2018-04-19;115.328;-0.721;-36.053;-31.278
2018-04-20;115.375;-0.724;-38.14;-33.148
2018-04-23;114.893;-0.689;-36.693;-31.921
2018-04-24;114.946;-0.693;-35.178;-30.652
2018-04-25;115.062;-0.702;-36.82;-32.032
2018-04-26;115.57;-0.74;-37.511;-32.469
2018-04-27;115.736;-0.753;-40.406;-34.97
2018-04-30;115.821;-0.76;-40.541;-35.135
2018-05-01;115.821;-0.76;-38.625;-33.38
2018-05-02;115.57;-0.741;-38.798;-33.583
2018-05-03;115.87;-0.764;-38.965;-33.683
2018-05-04;115.711;-0.753;-37.569;-32.481
2018-05-07;116.022;-0.776;-39.475;-34.055
2018-05-08;115.556;-0.742;-39.42;-34.108
2018-05-09;115.75;-0.757;-40.438;-34.923
2018-05-10;115.763;-0.758;-39.853;-34.35
2018-05-11;115.678;-0.752;-39.783;-34.343
2018-05-14;115.119;-0.711;-37.477;-32.358
2018-05-15;114.814;-0.689;-37.971;-32.869
2018-05-16;115.128;-0.713;-39.536;-34.16
2018-05-17;114.703;-0.682;-39.354;-34.072
2018-05-18;115.31;-0.727;-40.656;-35.102
2018-05-21;115.884;-0.77;-45.184;-38.861
2018-05-22;115.422;-0.736;-42.393;-36.566
2018-05-23;115.957;-0.776;-44.464;-38.219
2018-05-24;116.452;-0.813;-45.852;-39.289
2018-05-25;116.925;-0.848;-47.986;-41.034
2018-05-28;117.554;-0.894;-50.975;-43.449
2018-05-29;118.358;-0.953;-57.799;-49.101
2018-05-30;116.969;-0.852;-50.644;-43.271
2018-05-31;117.927;-0.923;-52.659;-44.678
2018-06-01;117.508;-0.893;-50.174;-42.645
2018-06-04;117.291;-0.877;-50.62;-43.094
2018-06-05;117.827;-0.917;-55.504;-47.124
2018-06-06;116.665;-0.832;-51.316;-43.789
2018-06-07;116.536;-0.823;-51.359;-43.801
2018-06-08;117.023;-0.859;-55.19;-47.008
2018-06-11;116.6;-0.829;-52.636;-44.917
2018-06-12;116.628;-0.831;-51.888;-44.274
2018-06-13;116.648;-0.833;-50.979;-43.502
2018-06-14;117.262;-0.879;-51.601;-43.934
2018-06-15;117.379;-0.888;-49.918;-42.501
2018-06-18;117.317;-0.883;-49.076;-41.799
2018-06-19;117.66;-0.909;-48.377;-41.125
2018-06-20;117.67;-0.91;-50.762;-43.129
2018-06-21;118.061;-0.939;-52.978;-44.906
2018-06-22;118.162;-0.947;-54.603;-46.258
2018-06-25;118.283;-0.956;-55.776;-47.22
2018-06-26;117.98;-0.934;-55.652;-47.225
2018-06-27;118.468;-0.97;-57.942;-49.014
2018-06-28;118.494;-0.973;-57.344;-48.488
2018-06-29;119.035;-1.013;-61.576;-51.898
2018-07-02;119.002;-1.011;-61.383;-51.729
2018-07-03;119.169;-1.023;-61.0;-51.328
2018-07-04;118.94;-1.007;-59.924;-50.469
2018-07-05;118.958;-1.009;-58.647;-49.371
2018-07-06;118.932;-1.008;-59.776;-50.355
2018-07-09;118.807;-0.999;-57.946;-48.824
2018-07-10;118.64;-0.987;-58.817;-49.631
2018-07-11;118.637;-0.987;-59.193;-49.973
2018-07-12;118.537;-0.981;-60.584;-51.201
2018-07-13;118.542;-0.982;-59.545;-50.314
2018-07-16;118.046;-0.946;-58.815;-49.878
2018-07-17;118.058;-0.947;-57.832;-49.051
2018-07-18;117.935;-0.938;-56.402;-47.856
2018-07-19;118.06;-0.948;-56.481;-47.867
2018-07-20;117.592;-0.914;-56.729;-48.195
2018-07-23;117.327;-0.895;-57.35;-48.811
2018-07-24;117.503;-0.908;-57.097;-48.521
2018-07-25;117.622;-0.918;-56.705;-48.12
2018-07-26;117.467;-0.907;-58.081;-49.326
2018-07-27;117.581;-0.916;-57.926;-49.116
2018-07-30;117.244;-0.891;-54.938;-46.579
2018-07-31;117.303;-0.896;-55.421;-46.962
2018-08-01;116.732;-0.854;-58.061;-49.447
2018-08-02;116.873;-0.865;-59.474;-50.621
2018-08-03;117.482;-0.911;-61.686;-52.317
2018-08-06;117.716;-0.928;-62.531;-52.983
2018-08-07;117.487;-0.912;-61.503;-52.169
2018-08-08;117.593;-0.92;-62.07;-52.633
2018-08-09;117.8;-0.936;-62.754;-53.139
2018-08-10;118.532;-0.99;-65.157;-54.945
2018-08-13;118.453;-0.985;-64.361;-54.322
2018-08-14;118.346;-0.977;-63.573;-53.68
2018-08-15;118.5;-0.989;-64.068;-54.102
2018-08-16;118.291;-0.975;-63.962;-54.073
2018-08-17;118.554;-0.994;;
2018-08-20;118.61;-0.999;-64.578;-54.466
2018-08-21;118.272;-0.974;-63.362;-53.534
2018-08-22;118.225;-0.971;-61.7;-52.124
2018-08-23;118.235;-0.973;-62.542;-52.848
2018-08-24;118.246;-0.974;-61.577;-51.993
2018-08-27;117.803;-0.942;-59.899;-50.688
2018-08-28;117.756;-0.938;-59.561;-50.425
2018-08-29;117.506;-0.92;-57.991;-49.142
2018-08-30;118.23;-0.975;-61.222;-51.643
2018-08-31;118.3;-0.98;-61.233;-51.66
2018-09-03;118.186;-0.972;-61.112;-51.633
2018-09-04;117.808;-0.945;-59.03;-49.978
2018-09-05;117.397;-0.914;-58.31;-49.49
2018-09-06;117.647;-0.934;-58.414;-49.542
2018-09-07;117.081;-0.892;-56.22;-47.844
2018-09-10;116.902;-0.879;-55.553;-47.319
2018-09-11;116.706;-0.865;-55.254;-47.12
2018-09-12;117.084;-0.893;-57.094;-48.57
2018-09-13;116.951;-0.884;-56.458;-48.084
2018-09-14;116.611;-0.859;-54.279;-46.307
2018-09-17;116.509;-0.852;-54.373;-46.433
2018-09-18;116.177;-0.827;-53.556;-45.831
2018-09-19;116.028;-0.816;-52.828;-45.226
2018-09-20;116.305;-0.838;-54.091;-46.249
2018-09-21;116.551;-0.857;-55.118;-47.055
2018-09-24;116.239;-0.833;-54.297;-46.369
2018-09-25;115.973;-0.814;-55.216;-47.216
2018-09-26;116.206;-0.832;-54.789;-46.768
2018-09-27;116.372;-0.845;-53.713;-45.768
2018-09-28;116.949;-0.889;-56.799;-48.256
2018-10-01;116.94;-0.888;-58.49;-49.718
2018-10-02;117.497;-0.931;-61.671;-52.298
2018-10-03;116.795;-0.878;-58.972;-50.181
2018-10-04;116.129;-0.829;-55.967;-47.779
2018-10-05;115.579;-0.787;-56.129;-48.066
2018-10-08;116.078;-0.825;-58.149;-49.662
2018-10-09;116.012;-0.821;-57.62;-49.223
2018-10-10;115.968;-0.818;-58.138;-49.687
2018-10-11;116.3;-0.844;-60.494;-51.604
2018-10-12;116.5;-0.859;-60.661;-51.708
2018-10-15;116.412;-0.853;-61.499;-52.473
2018-10-16;116.614;-0.869;-60.326;-51.392
2018-10-17;116.953;-0.895;-60.88;-51.786
2018-10-18;117.477;-0.935;-64.652;-54.864
2018-10-19;116.789;-0.883;-62.352;-53.135
2018-10-22;116.879;-0.891;-61.8;-52.635
2018-10-23;117.167;-0.913;-62.883;-53.498
2018-10-24;117.051;-0.904;-62.202;-52.964
2018-10-25;117.043;-0.905;-61.764;-52.599
2018-10-26;117.468;-0.937;-62.47;-53.063
2018-10-29;117.2;-0.917;-61.545;-52.345
2018-10-30;117.35;-0.929;-61.898;-52.603
2018-10-31;117.244;-0.921;-61.832;-52.531
2018-11-01;116.908;-0.897;-59.698;-50.834
2018-11-02;116.606;-0.874;-58.394;-49.801
2018-11-05;116.75;-0.885;-57.82;-49.23
2018-11-06;116.715;-0.883;-57.86;-49.278
2018-11-07;116.726;-0.884;-58.156;-49.467
2018-11-08;116.625;-0.877;-58.365;-49.682
2018-11-09;117.109;-0.914;-60.369;-51.24
2018-11-12;117.152;-0.918;-60.506;-51.355
2018-11-13;116.83;-0.894;-60.231;-51.237
2018-11-14;116.812;-0.893;-59.8;-50.88
2018-11-15;117.263;-0.928;-62.452;-53.007
2018-11-16;117.202;-0.924;-61.972;-52.632
2018-11-19;117.065;-0.914;-60.774;-51.653
2018-11-20;117.059;-0.914;-60.814;-51.709
2018-11-21;116.386;-0.863;-56.574;-48.318
2018-11-22;116.247;-0.853;-57.087;-48.824
2018-11-23;115.584;-0.802;-54.928;-47.286
2018-11-26;116.019;-0.836;-58.513;-50.194
2018-11-27;116.072;-0.84;-58.997;-50.615
2018-11-28;115.804;-0.82;-58.338;-50.148
2018-11-29;116.334;-0.862;-61.016;-52.279
2018-11-30;116.408;-0.868;-60.947;-52.19
2018-12-03;116.701;-0.891;-62.163;-53.129
2018-12-04;117.21;-0.93;-62.412;-53.156
2018-12-05;116.892;-0.906;-63.553;-54.244
2018-12-06;117.223;-0.932;-66.686;-56.861
2018-12-07;117.234;-0.933;-65.528;-55.82
2018-12-10;117.14;-0.926;-66.66;-56.86
2018-12-11;117.548;-0.958;-70.419;-59.911
2018-12-12;117.123;-0.926;-69.06;-58.863
2018-12-13;116.916;-0.911;-66.079;-56.389
2018-12-14;117.19;-0.932;-68.687;-58.586
2018-12-17;117.015;-0.919;-69.031;-58.961
2018-12-18;116.889;-0.91;-67.687;-57.908
2018-12-19;116.769;-0.901;-64.923;-55.576
2018-12-20;116.553;-0.885;-64.837;-55.648
2018-12-21;115.854;-0.832;-62.224;-53.689
2018-12-24;115.854;-0.833;-62.281;-53.75
2018-12-25;115.854;-0.833;-62.279;-53.751
2018-12-26;115.854;-0.833;-62.296;-53.75
2018-12-27;115.979;-0.843;-62.24;-53.683
2018-12-28;115.673;-0.82;-59.668;-51.58
2018-12-31;115.673;-0.82;-59.614;-51.522
2019-01-01;115.673;-0.82;-59.553;-51.472
2019-01-02;116.193;-0.861;-58.791;-50.709
2019-01-03;116.256;-0.867;-59.69;-51.495
2019-01-04;115.702;-0.824;-58.867;-50.926
2019-01-07;115.707;-0.825;-58.623;-50.682
2019-01-08;115.883;-0.839;-58.456;-50.401
2019-01-09;116.179;-0.862;-60.625;-52.135
2019-01-10;116.469;-0.886;-63.448;-54.511
2019-01-11;116.447;-0.884;-62.748;-53.937
2019-01-14;116.385;-0.88;-62.511;-53.803
2019-01-15;116.471;-0.887;-61.731;-53.148
2019-01-16;116.166;-0.864;-59.964;-51.718
2019-01-17;115.805;-0.836;-58.347;-50.456
2019-01-18;115.733;-0.831;-57.526;-49.712
2019-01-21;115.823;-0.838;-56.979;-49.209
2019-01-22;115.894;-0.844;-56.967;-49.216
2019-01-23;116.088;-0.86;-57.07;-49.239
2019-01-24;116.682;-0.907;-56.974;-49.003
2019-01-25;116.662;-0.906;-58.407;-50.208
2019-01-28;116.302;-0.878;-56.742;-48.934
2019-01-29;116.245;-0.874;-54.886;-47.345
2019-01-30;116.318;-0.88;-55.342;-47.759
2019-01-31;116.937;-0.929;-54.624;-46.959
2019-02-01;116.865;-0.924;-58.037;-49.892
2019-02-04;116.756;-0.916;-57.511;-49.455
2019-02-05;116.815;-0.921;-57.363;-49.322
2019-02-06;116.827;-0.922;-56.736;-48.795
2019-02-07;117.076;-0.942;-58.321;-50.152
2019-02-08;116.963;-0.934;-56.681;-48.852
2019-02-11;116.626;-0.908;-56.468;-48.756
2019-02-12;116.628;-0.908;-56.98;-49.208
2019-02-13;116.712;-0.915;-58.066;-50.089
2019-02-14;116.932;-0.933;-59.303;-51.088
2019-02-15;117.113;-0.948;-59.987;-51.605
2019-02-18;117.122;-0.949;-59.128;-50.839
2019-02-19;117.134;-0.95;-59.031;-50.759
2019-02-20;117.184;-0.954;-56.677;-48.74
2019-02-21;116.754;-0.922;-57.237;-49.367
2019-02-22;116.853;-0.93;-55.969;-48.255
2019-02-25;116.794;-0.926;-54.659;-47.086
2019-02-26;116.492;-0.902;-53.23;-46.0
2019-02-27;115.953;-0.86;-54.994;-47.703
2019-02-28;115.99;-0.864;-53.684;-46.533
2019-03-01;116.232;-0.884;-51.078;-44.109
2019-03-04;116.815;-0.93;-52.989;-45.588
2019-03-05;116.835;-0.932;-51.723;-44.496
2019-03-06;117.264;-0.965;-51.371;-44.128
2019-03-07;117.952;-1.02;-51.964;-44.575
2019-03-08;117.432;-0.98;-48.1;-41.469
2019-03-11;117.641;-0.996;-48.667;-41.869
2019-03-12;118.048;-1.028;-49.782;-42.681
2019-03-13;118.209;-1.041;-50.103;-42.882
2019-03-14;118.177;-1.04;-50.626;-43.384
2019-03-15;118.006;-1.027;-50.085;-43.021
2019-03-18;118.043;-1.03;-48.522;-41.712
2019-03-19;118.101;-1.035;-50.594;-43.443
2019-03-20;118.454;-1.063;-51.326;-43.987
2019-03-21;119.293;-1.128;-54.695;-46.69
2019-03-22;119.159;-1.118;-53.844;-46.184
2019-03-25;119.405;-1.138;-53.621;-45.946
2019-03-26;119.215;-1.124;-54.793;-47.017
2019-03-27;119.405;-1.138;-55.17;-47.529
2019-03-28;119.408;-1.14;-58.392;-50.324
2019-03-29;119.643;-1.158;-59.726;-51.295
2019-04-01;119.427;-1.142;-55.249;-47.396
2019-04-02;119.804;-1.171;-57.236;-48.976
2019-04-03;119.038;-1.113;-56.493;-48.585
2019-04-04;119.069;-1.117;-55.019;-47.28
2019-04-05;118.967;-1.109;-54.717;-47.044
2019-04-08;119.023;-1.114;-54.488;-46.678
2019-04-09;119.115;-1.121;-55.637;-47.797
2019-04-10;119.171;-1.126;-53.524;-45.934
2019-04-11;118.91;-1.107;-53.779;-46.145
2019-04-12;118.355;-1.064;-52.772;-45.489
2019-04-15;118.384;-1.067;-52.504;-45.158
2019-04-16;118.329;-1.063;-52.911;-45.537
2019-04-17;118.288;-1.062;-53.429;-45.92
2019-04-18;119.013;-1.118;-54.45;-46.61
2019-04-19;119.013;-1.118;-54.302;-46.5
2019-04-22;119.013;-1.118;-54.232;-46.5
2019-04-23;118.993;-1.117;-53.868;-46.075
2019-04-24;119.366;-1.147;-54.256;-46.367
2019-04-25;119.173;-1.133;-53.976;-46.152
2019-04-26;118.869;-1.11;-53.203;-45.719
2019-04-29;118.707;-1.098;-52.138;-44.697
2019-04-30;119.006;-1.121;-53.207;-45.531
2019-05-01;119.006;-1.121;-51.913;-44.334
2019-05-02;118.623;-1.093;-53.023;-45.481
2019-05-03;118.64;-1.095;-53.486;-45.797
2019-05-06;118.712;-1.101;-53.772;-46.129
2019-05-07;118.93;-1.118;-54.348;-46.59
2019-05-08;119.047;-1.127;-55.293;-47.346
2019-05-09;118.731;-1.104;-55.86;-47.955
2019-05-10;118.792;-1.109;-56.818;-48.635
2019-05-13;118.877;-1.116;-55.592;-47.689
2019-05-14;118.66;-1.1;-54.118;-46.414
2019-05-15;118.865;-1.116;-54.861;-47.116
2019-05-16;118.6;-1.096;-55.852;-47.913
2019-05-17;118.542;-1.092;-54.387;-46.675
2019-05-20;118.423;-1.083;-55.036;-47.248
2019-05-21;118.245;-1.07;-53.923;-46.414
2019-05-22;118.557;-1.095;-54.829;-47.001
2019-05-23;118.489;-1.09;-54.518;-46.906
2019-05-24;118.53;-1.094;-55.775;-47.943
2019-05-27;118.871;-1.121;-56.656;-48.6
2019-05-28;119.113;-1.14;-58.25;-49.763
2019-05-29;119.175;-1.146;-58.753;-50.213
2019-05-30;119.198;-1.149;-59.923;-51.287
2019-05-31;119.306;-1.157;-60.116;-51.464
2019-06-03;119.229;-1.152;-59.819;-51.232
2019-06-04;119.269;-1.155;-57.838;-49.478
2019-06-05;119.421;-1.168;-56.778;-48.461
2019-06-06;118.999;-1.136;-57.324;-49.081
2019-06-07;119.169;-1.15;-56.678;-48.662
2019-06-10;118.927;-1.131;-58.812;-50.372
2019-06-11;118.878;-1.128;-58.254;-50.107
2019-06-12;118.566;-1.103;-58.227;-50.173
2019-06-13;118.31;-1.084;-55.848;-48.204
2019-06-14;117.965;-1.058;-55.973;-48.508
2019-06-17;117.837;-1.048;-55.749;-48.422
2019-06-18;119.625;-1.189;-56.798;-48.515
2019-06-19;119.622;-1.189;-56.906;-48.576
2019-06-20;120.531;-1.261;-59.553;-50.258
2019-06-21;120.114;-1.229;-59.516;-50.427
2019-06-24;119.974;-1.219;-58.388;-49.473
2019-06-25;119.766;-1.203;-58.522;-49.774
2019-06-26;119.371;-1.172;-58.191;-49.596
2019-06-27;119.398;-1.176;-52.719;-44.983
2019-06-28;119.452;-1.18;-51.902;-44.101
2019-07-01;119.697;-1.2;-55.792;-47.642
2019-07-02;119.54;-1.188;-55.566;-47.564
2019-07-03;119.824;-1.211;-55.786;-47.479
2019-07-04;120.001;-1.226;-52.947;-44.985
2019-07-05;120.218;-1.243;-53.807;-45.474
2019-07-08;120.038;-1.229;-51.975;-44.195
2019-07-09;119.827;-1.213;-53.887;-45.853
2019-07-10;119.741;-1.207;-53.275;-45.331
2019-07-11;119.348;-1.177;-54.148;-46.042
2019-07-12;119.411;-1.183;-52.6;-44.477
2019-07-15;119.738;-1.209;-52.097;-44.039
2019-07-16;119.586;-1.197;-49.867;-42.333
2019-07-17;119.956;-1.227;-51.084;-43.2
2019-07-18;120.52;-1.272;-51.9;-43.829
2019-07-19;121.191;-1.325;-53.554;-44.858
2019-07-22;121.395;-1.341;-54.683;-45.733
2019-07-23;121.268;-1.332;-54.676;-45.792
2019-07-24;121.685;-1.364;-53.955;-45.08
2019-07-25;121.564;-1.356;-52.322;-43.854
2019-07-26;122.219;-1.407;-53.776;-44.689
2019-07-29;122.087;-1.398;-53.364;-44.616
2019-07-30;121.893;-1.383;-55.205;-46.077
2019-07-31;122.333;-1.418;-54.931;-45.725
2019-08-01;122.083;-1.4;-53.108;-44.325
2019-08-02;121.998;-1.394;-52.003;-43.613
2019-08-05;122.052;-1.398;-53.089;-44.569
2019-08-06;122.698;-1.449;-56.503;-47.237
2019-08-07;122.964;-1.469;-57.112;-47.817
2019-08-08;122.988;-1.473;-57.391;-47.84
2019-08-09;123.509;-1.513;-58.474;-48.553
2019-08-12;123.923;-1.545;-61.232;-50.804
2019-08-13;124.028;-1.554;-59.657;-49.428
2019-08-14;124.056;-1.556;-55.698;-46.265
2019-08-15;125.114;-1.638;-51.934;-42.879
2019-08-16;124.946;-1.626;-49.04;-40.502
2019-08-19;124.455;-1.589;-53.483;-44.221
2019-08-20;124.689;-1.607;-54.825;-45.264
2019-08-21;124.442;-1.589;-55.689;-46.003
2019-08-22;124.146;-1.568;-56.371;-46.596
2019-08-23;124.38;-1.586;-57.449;-47.468
2019-08-26;124.564;-1.601;-59.854;-49.461
2019-08-27;124.417;-1.59;-53.065;-43.886
2019-08-28;124.203;-1.575;-50.554;-42.011
2019-08-29;123.94;-1.556;-49.297;-40.942
2019-08-30;123.76;-1.543;-50.391;-42.026
2019-09-02;123.579;-1.529;-50.586;-42.191
2019-09-03;123.493;-1.523;-51.175;-42.632
2019-09-04;123.576;-1.53;-51.946;-43.233
2019-09-05;123.315;-1.512;-53.606;-44.549
2019-09-06;123.655;-1.538;-53.847;-44.73
2019-09-09;123.271;-1.509;-54.071;-45.013
2019-09-10;122.581;-1.456;-52.395;-43.821
2019-09-11;122.731;-1.469;-54.331;-45.447
2019-09-12;123.108;-1.499;-55.9;-46.221
2019-09-13;122.111;-1.422;-55.963;-46.63
2019-09-16;122.599;-1.461;-53.325;-44.308
2019-09-17;122.461;-1.451;-50.714;-42.223
2019-09-18;122.699;-1.47;-49.848;-41.403
2019-09-19;122.662;-1.468;-49.086;-40.797
2019-09-20;122.617;-1.465;-49.355;-41.17
2019-09-23;123.005;-1.496;-49.36;-41.175
2019-09-24;123.3;-1.519;-48.009;-39.973
2019-09-25;122.693;-1.472;-50.873;-42.52
2019-09-26;122.78;-1.481;-50.334;-42.106
2019-09-27;122.598;-1.467;-49.823;-41.757
2019-09-30;122.199;-1.436;-49.282;-41.443
2019-10-01;121.952;-1.418;-48.414;-40.792
2019-10-02;121.582;-1.389;-45.918;-38.797
2019-10-03;121.652;-1.396;-46.451;-39.297
2019-10-04;121.851;-1.412;-47.585;-40.176
2019-10-07;121.586;-1.392;-46.288;-39.134
2019-10-08;121.91;-1.418;-48.029;-40.525
2019-10-09;121.65;-1.398;-47.864;-40.292
2019-10-10;120.833;-1.334;-45.199;-38.294
2019-10-11;120.755;-1.329;-46.21;-39.108
2019-10-14;120.85;-1.337;-46.442;-39.31
2019-10-15;120.791;-1.333;-47.894;-40.453
2019-10-16;120.614;-1.319;-48.166;-40.712
2019-10-17;120.872;-1.341;-47.261;-39.884
2019-10-18;120.562;-1.317;-47.7;-40.308
2019-10-21;120.05;-1.276;-47.184;-39.912
2019-10-22;120.139;-1.284;-46.234;-39.192
2019-10-23;120.19;-1.288;-44.054;-37.367
2019-10-24;120.394;-1.306;-45.988;-38.953
2019-10-25;119.88;-1.265;-46.502;-39.472
2019-10-28;119.696;-1.251;-45.812;-38.813
2019-10-29;119.971;-1.273;-46.944;-39.822
2019-10-30;119.947;-1.272;-47.564;-40.37
2019-10-31;120.371;-1.307;-47.985;-40.671
2019-11-01;119.996;-1.278;-45.288;-38.335
2019-11-04;119.98;-1.277;-45.491;-38.537
2019-11-05;119.749;-1.259;-44.662;-37.858
2019-11-06;120.173;-1.293;-45.919;-38.736
2019-11-07;119.179;-1.214;-44.809;-38.033
2019-11-08;119.331;-1.227;-44.803;-37.993
2019-11-11;119.138;-1.212;-43.034;-36.563
2019-11-12;119.237;-1.22;-41.807;-35.512
2019-11-13;119.396;-1.234;-41.482;-35.232
2019-11-14;119.858;-1.272;-43.815;-37.118
2019-11-15;119.68;-1.258;-42.021;-35.621
2019-11-18;119.723;-1.262;-43.064;-36.486
2019-11-19;119.594;-1.252;-43.259;-36.704
2019-11-20;119.679;-1.26;-44.168;-37.452
2019-11-21;119.462;-1.243;-43.557;-36.955
2019-11-22;119.646;-1.259;-42.954;-36.442
2019-11-25;119.322;-1.233;-43.804;-37.268
2019-11-26;119.467;-1.245;-42.699;-36.276
2019-11-27;119.571;-1.254;-42.009;-35.645
2019-11-28;119.567;-1.255;-42.358;-35.914
2019-11-29;119.84;-1.278;-44.173;-37.355
2019-12-02;118.979;-1.208;-44.872;-38.109
2019-12-03;119.767;-1.273;-45.954;-38.923
2019-12-04;119.465;-1.249;-44.761;-37.947
2019-12-05;119.049;-1.216;-42.565;-36.072
2019-12-06;119.16;-1.225;-43.059;-36.553
2019-12-09;119.497;-1.253;-44.518;-37.69
2019-12-10;119.428;-1.248;-43.908;-37.127
2019-12-11;119.833;-1.282;-45.331;-38.207
2019-12-12;119.361;-1.245;-43.067;-36.362
2019-12-13;119.75;-1.277;-42.457;-35.727
2019-12-16;119.47;-1.254;-41.934;-35.345
2019-12-17;119.781;-1.28;-43.222;-36.312
2019-12-18;119.389;-1.249;-43.209;-36.34
2019-12-19;119.295;-1.242;-41.977;-35.342
2019-12-20;119.38;-1.25;-43.095;-36.292
2019-12-23;119.265;-1.242;-43.472;-36.6
2019-12-24;119.265;-1.243;-43.8;-36.894
2019-12-25;119.265;-1.243;-43.953;-37.032
2019-12-26;119.265;-1.243;-43.957;-37.032
2019-12-27;119.415;-1.256;-44.247;-37.262
2019-12-30;118.686;-1.197;-41.785;-35.353
2020-01-01;118.686;-1.197;-42.627;-36.062
2020-01-02;119.093;-1.232;-41.5;-35.059
2020-01-03;119.804;-1.291;-42.116;-35.432
2020-01-06;119.881;-1.298;-42.255;-35.536
2020-01-07;119.653;-1.279;-40.512;-34.138
2020-01-08;119.172;-1.24;-40.83;-34.452
2020-01-09;118.968;-1.225;-39.635;-33.5
2020-01-10;119.297;-1.252;-40.932;-34.506
2020-01-13;118.953;-1.224;-39.941;-33.76
2020-01-14;119.266;-1.251;-41.294;-34.782
2020-01-15;119.566;-1.276;-42.653;-35.88
2020-01-16;119.662;-1.285;-41.565;-34.98
2020-01-17;119.688;-1.288;-40.905;-34.407
2020-01-20;119.735;-1.292;-40.511;-34.046
2020-01-21;119.871;-1.304;-40.398;-33.946
2020-01-22;120.007;-1.315;-40.843;-34.305
2020-01-23;120.344;-1.344;-41.262;-34.668
2020-01-24;120.528;-1.36;-40.539;-34.044
2020-01-27;120.733;-1.377;-39.6;-33.267
2020-01-28;120.294;-1.342;-38.832;-32.685
2020-01-29;120.737;-1.378;-41.112;-34.532
2020-01-30;120.928;-1.395;-41.418;-34.793
2020-01-31;121.253;-1.422;-41.871;-35.105
2020-02-03;121.301;-1.427;-44.996;-37.74
2020-02-04;120.905;-1.395;-44.615;-37.464
2020-02-05;120.66;-1.376;-45.004;-37.775
2020-02-06;120.626;-1.374;-43.904;-36.86
2020-02-07;120.553;-1.369;-43.106;-36.263
2020-02-10;120.592;-1.372;-41.796;-35.17
2020-02-11;120.173;-1.338;-41.905;-35.375
2020-02-12;120.033;-1.327;-39.631;-33.439
2020-02-13;120.301;-1.351;-39.938;-33.642
2020-02-14;120.458;-1.364;-39.99;-33.648
2020-02-17;120.377;-1.358;-39.618;-33.376
2020-02-18;120.321;-1.354;-39.102;-32.952
2020-02-19;120.326;-1.355;-38.089;-32.127
2020-02-20;120.542;-1.374;-38.54;-32.427
2020-02-21;120.188;-1.345;-36.328;-30.647
2020-02-24;120.504;-1.372;-36.886;-31.124
2020-02-25;120.666;-1.386;-38.741;-32.712
2020-02-26;120.556;-1.377;-40.171;-33.87
2020-02-27;120.695;-1.39;-43.545;-36.738
2020-02-28;121.032;-1.418;-47.774;-40.376
2020-03-02;121.034;-1.419;-45.142;-38.27
2020-03-03;121.557;-1.462;-44.35;-37.381
2020-03-04;121.594;-1.466;-45.514;-38.375
2020-03-05;121.512;-1.461;-48.587;-40.877
2020-03-06;120.858;-1.408;-48.009;-40.793
2020-03-09;121.282;-1.443;-59.043;-50.617
2020-03-10;120.634;-1.39;-60.422;-51.82
2020-03-11;119.659;-1.31;-49.04;-42.639
2020-03-12;119.016;-1.257;-48.449;-41.99
2020-03-13;117.307;-1.113;-46.101;-40.412
2020-03-16;114.973;-0.912;-35.548;-32.174
2020-03-17;114.487;-0.87;-33.855;-30.794
2020-03-18;111.24;-0.581;-28.49;-27.297
2020-03-19;110.532;-0.517;-27.143;-26.461
2020-03-20;111.476;-0.603;-26.777;-25.89
2020-03-23;111.553;-0.61;-27.925;-27.033
2020-03-24;110.95;-0.556;-25.285;-24.58
2020-03-25;111.054;-0.566;-24.876;-23.983
2020-03-26;113.146;-0.755;-28.565;-26.614
2020-03-27;115.177;-0.935;-36.296;-32.909
2020-03-30;115.773;-0.987;-39.586;-35.694
2020-03-31;115.334;-0.949;-39.792;-36.047
2020-04-01;114.854;-0.907;-32.266;-29.425
2020-04-02;114.848;-0.908;-29.287;-26.676
2020-04-03;115.458;-0.962;-33.48;-30.14
2020-04-06;115.112;-0.932;-30.811;-27.776
2020-04-07;114.31;-0.862;-28.463;-25.703
2020-04-08;114.214;-0.855;-27.297;-24.618
2020-04-09;114.942;-0.92;-25.72;-22.916
2020-04-10;114.942;-0.92;-25.723;-22.918
2020-04-13;114.942;-0.92;-25.718;-22.918
2020-04-14;115.191;-0.942;-25.242;-22.604
2020-04-15;115.948;-1.009;-31.032;-27.626
2020-04-16;115.856;-1.002;-29.872;-26.718
2020-04-17;115.782;-0.996;-31.264;-27.938
2020-04-20;115.406;-0.963;-31.925;-28.583
2020-04-21;115.349;-0.959;-34.202;-30.739
2020-04-22;114.479;-0.882;-31.921;-29.106
2020-04-23;115.009;-0.93;-30.972;-27.926
2020-04-24;115.396;-0.965;-32.471;-29.196
2020-04-27;115.077;-0.937;-31.467;-28.35
2020-04-28;115.108;-0.94;-30.124;-27.141
2020-04-29;115.471;-0.974;-31.127;-27.845
2020-04-30;117.022;-1.109;-37.116;-32.762
2020-05-01;117.022;-1.109;-37.219;-32.849
2020-05-04;116.4;-1.056;-34.135;-30.303
2020-05-05;116.453;-1.061;-34.068;-30.265
2020-05-06;115.657;-0.991;-30.746;-27.569
2020-05-07;115.888;-1.013;-31.114;-28.006
2020-05-08;115.581;-0.986;-31.606;-28.362
2020-05-11;115.334;-0.965;-30.0;-27.023
2020-05-12;115.172;-0.951;-26.383;-23.897
2020-05-13;115.28;-0.961;-28.442;-25.737
2020-05-14;115.251;-0.96;-29.289;-26.554
2020-05-15;115.098;-0.946;-27.934;-25.39
2020-05-18;114.72;-0.913;-23.997;-21.88
2020-05-19;115.023;-0.941;-25.003;-22.621
2020-05-20;115.283;-0.964;-26.752;-24.11
2020-05-21;115.606;-0.994;-29.834;-26.739
2020-05-22;115.417;-0.977;-28.47;-25.51
2020-05-25;115.446;-0.98;-27.882;-25.018
2020-05-26;115.016;-0.943;-26.047;-23.51
2020-05-27;114.863;-0.929;-24.22;-21.866
2020-05-28;115.036;-0.946;-23.387;-21.051
2020-05-29;115.649;-1.001;-25.396;-22.64
2020-06-01;115.282;-0.969;-22.285;-19.925
2020-06-02;115.652;-1.002;-26.425;-23.442
2020-06-03;115.072;-0.951;-23.547;-20.955
2020-06-04;115.024;-0.948;-21.227;-18.893
2020-06-05;114.804;-0.928;-19.546;-17.406
2020-06-08;115.266;-0.97;-20.304;-18.038
2020-06-09;115.138;-0.959;-22.185;-19.669
2020-06-10;115.36;-0.979;-24.176;-21.323
2020-06-11;115.586;-1.0;-25.55;-22.705
2020-06-12;115.73;-1.014;-26.524;-23.48
2020-06-15;115.754;-1.016;-26.056;-23.058
2020-06-16;115.707;-1.012;-25.7;-22.754
2020-06-17;115.678;-1.01;-26.983;-23.88
2020-06-18;115.937;-1.034;-25.273;-22.31
2020-06-19;116.092;-1.049;-25.879;-22.791
2020-06-22;116.38;-1.075;-27.615;-24.18
2020-06-23;116.539;-1.089;-27.124;-23.671
2020-06-24;116.964;-1.127;-29.645;-25.914
2020-06-25;116.879;-1.121;-30.676;-26.916
2020-06-26;117.172;-1.147;-31.357;-27.391
2020-06-29;117.193;-1.149;-29.629;-25.873
2020-06-30;117.153;-1.146;-28.853;-25.11
2020-07-01;116.646;-1.102;-24.67;-21.608
2020-07-02;117.018;-1.136;-25.787;-22.566
2020-07-03;117.069;-1.141;-27.424;-23.955
2020-07-06;117.107;-1.145;-26.224;-22.874
2020-07-07;117.002;-1.136;-25.741;-22.467
2020-07-08;117.312;-1.164;-28.079;-24.406
2020-07-09;117.212;-1.156;-26.874;-23.452
2020-07-10;116.95;-1.134;-26.896;-23.569
2020-07-13;116.651;-1.108;-24.777;-21.721
2020-07-14;117.342;-1.169;-26.377;-22.948
2020-07-15;117.524;-1.186;-24.89;-21.588
2020-07-16;117.603;-1.194;-25.816;-22.319
2020-07-17;117.512;-1.186;-25.848;-22.367
2020-07-20;117.916;-1.222;-25.45;-21.937
2020-07-21;118.276;-1.254;-25.123;-21.551
2020-07-22;118.479;-1.273;-25.886;-22.196
2020-07-23;118.379;-1.265;-25.721;-21.957
2020-07-24;118.054;-1.237;-25.435;-21.765
2020-07-27;118.624;-1.288;-27.619;-23.548
2020-07-28;118.786;-1.302;-28.044;-23.919
2020-07-29;118.997;-1.321;-29.601;-25.117
2020-07-30;119.323;-1.351;-31.787;-26.947
2020-07-31;119.183;-1.339;-31.707;-26.858
2020-08-03;119.276;-1.348;-32.643;-27.623
2020-08-04;119.731;-1.388;-33.181;-27.992
2020-08-05;119.292;-1.35;-31.997;-27.03
2020-08-06;119.495;-1.37;-32.081;-27.082
2020-08-07;119.468;-1.368;-31.626;-26.622
2020-08-10;119.902;-1.406;-30.773;-25.821
2020-08-11;119.525;-1.374;-30.661;-25.76
2020-08-12;118.971;-1.326;-27.019;-22.783
2020-08-13;118.507;-1.287;-26.712;-22.57
2020-08-14;118.483;-1.285;-27.242;-23.028
2020-08-17;118.58;-1.294;-27.996;-23.688
2020-08-18;118.481;-1.286;-27.07;-22.933
2020-08-19;118.584;-1.296;-27.199;-23.047
2020-08-20;118.702;-1.307;-28.275;-23.992
2020-08-21;118.646;-1.303;-27.874;-23.713
2020-08-24;118.797;-1.317;-27.394;-23.234
2020-08-25;118.261;-1.27;-25.306;-21.526
2020-08-26;118.294;-1.273;-26.357;-22.375
2020-08-27;118.114;-1.259;-27.733;-23.579
2020-08-28;118.02;-1.251;-27.301;-23.271
2020-08-31;117.859;-1.237;-24.971;-21.346
2020-09-01;117.818;-1.234;-25.836;-22.096
2020-09-02;118.128;-1.262;-26.374;-22.562
2020-09-03;118.321;-1.281;-28.91;-24.731
2020-09-04;118.123;-1.264;-29.873;-25.646
2020-09-07;117.827;-1.238;-26.376;-22.711
2020-09-08;117.839;-1.239;-27.168;-23.509
2020-09-09;117.774;-1.234;-27.604;-23.776
2020-09-10;117.68;-1.227;-26.52;-22.851
2020-09-11;118.03;-1.259;-27.151;-23.43
2020-09-14;118.073;-1.263;-26.79;-23.089
2020-09-15;118.242;-1.279;-26.21;-22.55
2020-09-16;118.508;-1.303;-26.637;-22.854
2020-09-17;118.48;-1.302;-26.24;-22.575
2020-09-18;118.308;-1.287;-26.713;-23.032
2020-09-21;118.292;-1.286;-28.81;-24.987
2020-09-22;118.071;-1.267;-27.425;-23.822
2020-09-23;117.865;-1.249;-26.947;-23.464
2020-09-24;117.556;-1.223;-25.312;-22.081
2020-09-25;117.725;-1.238;-26.038;-22.716
2020-09-28;117.591;-1.227;-25.951;-22.748
2020-09-29;117.734;-1.24;-27.292;-23.827
2020-09-30;117.49;-1.219;-24.911;-21.779
2020-10-01;117.513;-1.222;-25.715;-22.548
2020-10-02;117.661;-1.236;-25.845;-22.653
2020-10-05;117.593;-1.23;-24.157;-21.169
2020-10-06;117.842;-1.253;-25.83;-22.56
2020-10-07;117.841;-1.254;-25.632;-22.394
2020-10-08;118.22;-1.289;-26.936;-23.449
2020-10-09;118.375;-1.303;-28.212;-24.524
2020-10-12;118.459;-1.311;-29.385;-25.496
2020-10-13;118.44;-1.31;-28.014;-24.412
2020-10-14;118.724;-1.336;-29.94;-25.993
2020-10-15;118.878;-1.351;-30.875;-26.793
2020-10-16;119.136;-1.375;-31.022;-26.837
2020-10-19;119.409;-1.4;-32.247;-27.803
2020-10-20;119.388;-1.398;-33.603;-28.908
2020-10-21;119.227;-1.385;-31.726;-27.319
2020-10-22;119.03;-1.369;-30.699;-26.545
2020-10-23;119.279;-1.391;-30.862;-26.614
2020-10-26;119.208;-1.385;-30.915;-26.692
2020-10-27;119.434;-1.406;-30.617;-26.395
2020-10-28;119.059;-1.373;-31.171;-27.06
2020-10-29;119.163;-1.384;-33.576;-29.062
2020-10-30;118.897;-1.361;-31.522;-27.387
2020-11-02;118.722;-1.346;-30.331;-26.451
2020-11-03;118.616;-1.337;-29.853;-26.041
2020-11-04;118.683;-1.343;-31.098;-27.143
2020-11-05;118.745;-1.35;-30.449;-26.568
2020-11-06;118.846;-1.36;-31.366;-27.307
2020-11-09;118.515;-1.331;-27.052;-23.438
2020-11-10;118.604;-1.339;-26.171;-22.654
2020-11-11;118.905;-1.367;-27.523;-23.742
2020-11-12;119.081;-1.384;-28.472;-24.555
2020-11-13;119.188;-1.394;-29.503;-25.458
2020-11-16;119.407;-1.414;-28.849;-24.788
2020-11-17;119.365;-1.411;-29.881;-25.71
2020-11-18;119.164;-1.394;-29.871;-25.732
2020-11-19;119.264;-1.404;-29.9;-25.771
2020-11-20;119.348;-1.412;-28.522;-24.592
2020-11-23;119.607;-1.436;-28.378;-24.36
2020-11-24;119.739;-1.449;-26.708;-22.807
2020-11-25;119.776;-1.452;-27.144;-23.184
2020-11-26;119.964;-1.471;-29.136;-24.867
2020-11-27;120.046;-1.479;-28.14;-23.977
2020-11-30;120.063;-1.481;-28.419;-24.184
2020-12-01;119.827;-1.46;-28.47;-24.268
2020-12-02;119.743;-1.453;-26.54;-22.649
2020-12-03;120.407;-1.514;-30.029;-25.48
2020-12-04;120.421;-1.516;-29.614;-25.111
2020-12-07;120.663;-1.538;-31.224;-26.446
2020-12-08;120.79;-1.55;-31.593;-26.75
2020-12-09;120.66;-1.539;-31.145;-26.392
2020-12-10;120.542;-1.53;-30.342;-25.76
2020-12-11;120.612;-1.537;-30.645;-26.091
2020-12-14;120.729;-1.548;-30.921;-26.279
2020-12-15;120.658;-1.542;-29.111;-24.757
2020-12-16;120.294;-1.51;-26.621;-22.71
2020-12-17;120.361;-1.518;-26.524;-22.634
2020-12-18;120.187;-1.503;-26.037;-22.235
2020-12-21;119.763;-1.466;-25.681;-22.085
2020-12-22;120.144;-1.5;-29.045;-24.829
2020-12-23;119.883;-1.479;-26.5;-22.653
2020-12-24;119.883;-1.48;-26.938;-23.009
2020-12-25;119.883;-1.48;-27.002;-23.059
2020-12-28;120.188;-1.508;-28.323;-24.139
2020-12-29;120.289;-1.518;-28.866;-24.563
2020-12-30;120.193;-1.511;-27.534;-23.507
2020-12-31;120.193;-1.512;-27.495;-23.45
2021-01-01;120.193;-1.512;-27.889;-23.762
2021-01-04;120.566;-1.546;-28.84;-24.519
2021-01-05;120.379;-1.53;-27.829;-23.717
2021-01-06;120.485;-1.54;-27.431;-23.26
2021-01-07;120.59;-1.551;-28.645;-24.28
2021-01-08;120.7;-1.561;-28.868;-24.419
2021-01-11;120.478;-1.542;-28.083;-23.815
2021-01-12;120.444;-1.54;-28.012;-23.694
2021-01-13;121.104;-1.599;-29.224;-24.623
2021-01-14;121.257;-1.615;-30.353;-25.575
2021-01-15;121.319;-1.621;-30.687;-25.797
2021-01-18;121.215;-1.612;-30.57;-25.691
2021-01-19;121.208;-1.612;-30.334;-25.525
2021-01-20;121.38;-1.628;-29.966;-25.14
2021-01-21;120.997;-1.596;-29.753;-25.034
2021-01-22;120.94;-1.591;-30.055;-25.34
2021-01-25;121.249;-1.62;-32.26;-27.178
2021-01-26;121.072;-1.604;-32.641;-27.492
2021-01-27;121.199;-1.616;-33.645;-28.382
2021-01-28;121.344;-1.631;-33.51;-28.212
2021-01-29;121.306;-1.628;-32.022;-26.919
2021-02-01;121.594;-1.655;-34.6;-29.009
2021-02-02;121.646;-1.66;-33.577;-28.087
2021-02-03;121.622;-1.659;-33.792;-28.259
2021-02-04;121.148;-1.618;-33.467;-28.079
2021-02-05;120.922;-1.598;-35.07;-29.471
2021-02-08;120.815;-1.589;-34.616;-29.121
2021-02-09;120.677;-1.577;-35.19;-29.596
2021-02-10;120.533;-1.565;-34.986;-29.467
2021-02-11;120.64;-1.576;-35.931;-30.253
2021-02-12;120.547;-1.568;-35.984;-30.269
2021-02-15;119.971;-1.517;-34.902;-29.508
2021-02-16;119.883;-1.509;-36.928;-31.199
2021-02-17;119.897;-1.511;-36.816;-31.126
2021-02-18;119.313;-1.459;-35.804;-30.417
2021-02-19;118.327;-1.369;-32.53;-27.879
2021-02-22;118.927;-1.425;-33.276;-28.381
2021-02-23;118.916;-1.424;-28.166;-23.952
2021-02-24;118.911;-1.424;-27.651;-23.466
2021-02-25;118.423;-1.381;-30.304;-25.692
2021-02-26;118.632;-1.401;-26.365;-22.357
2021-03-01;119.681;-1.498;-28.813;-24.348
2021-03-02;120.024;-1.53;-31.006;-26.096
2021-03-03;119.565;-1.489;-29.911;-25.211
2021-03-04;119.883;-1.52;-32.549;-27.34
2021-03-05;120.388;-1.567;-32.635;-27.308
2021-03-08;119.941;-1.526;-33.306;-27.946
2021-03-09;120.206;-1.551;-31.887;-26.649
2021-03-10;120.377;-1.567;-32.47;-27.101
2021-03-11;120.756;-1.604;-33.351;-27.785
2021-03-12;120.832;-1.611;-33.923;-28.239
2021-03-15;121.196;-1.645;-35.82;-29.767
2021-03-16;121.521;-1.675;-34.929;-28.931
2021-03-17;120.878;-1.617;-34.146;-28.392
2021-03-18;120.522;-1.587;-34.075;-28.403
2021-03-19;120.619;-1.596;-36.374;-30.367
2021-03-22;121.017;-1.633;-37.08;-30.835
2021-03-23;121.278;-1.658;-38.58;-32.045
2021-03-24;121.889;-1.714;-39.157;-32.376
2021-03-25;122.036;-1.729;-41.271;-34.107
2021-03-26;121.931;-1.72;-39.861;-32.924
2021-03-29;121.634;-1.694;-39.725;-32.873
2021-03-30;121.436;-1.677;-37.092;-30.723
2021-03-31;121.614;-1.696;-39.872;-33.023
2021-04-01;122.191;-1.749;-43.372;-35.695
2021-04-02;122.191;-1.749;-43.939;-36.169
2021-04-05;122.191;-1.749;-43.906;-36.146
2021-04-06;122.176;-1.748;-41.884;-34.454
2021-04-07;122.255;-1.756;-41.487;-34.104
2021-04-08;122.37;-1.769;-40.408;-33.182
2021-04-09;122.039;-1.739;-40.125;-33.003
2021-04-12;121.935;-1.731;-40.931;-33.696
2021-04-13;121.929;-1.731;-41.825;-34.328
2021-04-14;121.416;-1.684;-40.971;-33.904
2021-04-15;121.474;-1.692;-38.199;-31.605
2021-04-16;120.982;-1.647;-38.291;-31.79
2021-04-19;120.906;-1.641;-38.182;-31.68
2021-04-20;121.322;-1.68;-38.782;-32.071
2021-04-21;121.26;-1.675;-38.319;-31.71
2021-04-22;120.968;-1.65;-38.211;-31.682
2021-04-23;121.031;-1.656;-39.137;-32.431
2021-04-26;120.853;-1.64;-38.782;-32.16
2021-04-27;120.94;-1.649;-39.961;-33.103
2021-04-28;121.009;-1.656;-39.798;-32.92
2021-04-29;120.867;-1.645;-40.359;-33.348
2021-04-30;120.895;-1.648;-40.343;-33.338
2021-05-03;120.737;-1.634;-39.203;-32.419
2021-05-04;120.97;-1.656;-38.41;-31.752
2021-05-05;121.106;-1.669;-39.06;-32.221
2021-05-06;120.986;-1.66;-38.266;-31.633
2021-05-07;121.233;-1.684;-40.386;-33.239
2021-05-10;121.644;-1.722;-40.986;-33.61
2021-05-11;121.306;-1.692;-37.963;-31.131
2021-05-12;121.402;-1.701;-36.746;-30.082
2021-05-13;121.215;-1.686;-36.826;-30.163
2021-05-14;120.932;-1.66;-35.807;-29.41
2021-05-17;120.997;-1.667;-34.688;-28.406
2021-05-18;121.016;-1.669;-36.169;-29.64
2021-05-19;120.666;-1.638;-35.969;-29.519
2021-05-20;120.219;-1.598;-36.529;-30.072
2021-05-21;120.382;-1.614;-35.584;-29.276
2021-05-24;120.595;-1.634;-36.634;-30.107
2021-05-25;120.887;-1.662;-37.715;-30.936
2021-05-26;120.886;-1.662;-38.001;-31.217
2021-05-27;120.379;-1.617;-36.713;-30.184
2021-05-28;120.913;-1.668;-38.905;-31.87
2021-05-31;120.964;-1.673;-38.274;-31.301
2021-06-01;120.962;-1.673;-37.272;-30.452
2021-06-02;120.879;-1.666;-38.426;-31.454
2021-06-03;121.048;-1.684;-39.935;-32.59
2021-06-04;121.365;-1.714;-39.634;-32.283
2021-06-07;121.276;-1.707;-40.378;-32.901
2021-06-08;121.19;-1.699;-39.911;-32.524
2021-06-09;121.388;-1.718;-40.193;-32.703
2021-06-10;121.521;-1.733;-41.036;-33.363
2021-06-11;121.771;-1.757;-41.508;-33.687
2021-06-14;121.526;-1.735;-41.988;-34.111
2021-06-15;121.32;-1.716;-41.369;-33.62
2021-06-16;121.35;-1.72;-41.467;-33.697
2021-06-17;120.575;-1.649;-39.818;-32.58
2021-06-18;120.121;-1.607;-38.143;-31.3
2021-06-21;119.794;-1.576;-36.509;-30.018
2021-06-22;120.084;-1.604;-36.512;-29.947
2021-06-23;120.349;-1.63;-37.697;-30.856
2021-06-24;120.351;-1.632;-37.213;-30.436
2021-06-25;120.231;-1.622;-38.439;-31.433
2021-06-28;120.386;-1.637;-38.23;-31.246
2021-06-29;120.399;-1.639;-38.964;-31.813
2021-06-30;120.736;-1.671;-40.581;-33.062
2021-07-01;120.653;-1.665;-39.65;-32.296
2021-07-02;121.083;-1.707;-40.607;-33.009
2021-07-05;121.022;-1.701;-40.812;-33.181
2021-07-06;121.722;-1.768;-42.902;-34.729
2021-07-07;121.638;-1.761;-42.368;-34.336
2021-07-08;121.333;-1.734;-42.082;-34.15
2021-07-09;121.49;-1.75;-43.81;-35.521
2021-07-12;121.289;-1.731;-42.425;-34.425
2021-07-13;121.321;-1.735;-43.505;-35.291
2021-07-14;121.59;-1.761;-44.874;-36.338
2021-07-15;121.715;-1.775;-44.141;-35.695
2021-07-16;121.963;-1.799;-46.115;-37.233
2021-07-19;121.718;-1.776;-44.241;-35.809
2021-07-20;121.944;-1.798;-45.25;-36.545
2021-07-21;122.074;-1.811;-46.49;-37.523
2021-07-22;122.294;-1.834;-46.965;-37.838
2021-07-23;122.401;-1.845;-47.897;-38.565
2021-07-26;122.563;-1.861;-48.564;-39.036
2021-07-27;123.028;-1.905;-49.912;-39.969
2021-07-28;123.255;-1.926;-51.575;-41.224
2021-07-29;123.814;-1.981;-51.61;-41.071
2021-07-30;124.064;-2.004;-53.759;-42.74
2021-08-02;124.149;-2.013;-52.291;-41.521
2021-08-03;124.028;-2.003;-51.336;-40.799
2021-08-04;124.187;-2.018;-52.55;-41.709
2021-08-05;124.022;-2.005;-50.254;-39.91
2021-08-06;123.676;-1.974;-48.829;-38.852
2021-08-09;123.671;-1.974;-48.741;-38.755
2021-08-10;123.88;-1.994;-48.298;-38.329
2021-08-11;124.151;-2.02;-49.263;-39.005
2021-08-12;124.313;-2.037;-49.156;-38.872
2021-08-13;124.423;-2.048;-48.887;-38.632
2021-08-16;124.186;-2.027;-48.906;-38.7
2021-08-17;124.253;-2.034;-49.906;-39.492
2021-08-18;124.286;-2.038;-51.063;-40.395
2021-08-19;124.083;-2.022;-50.113;-39.697
2021-08-20;124.033;-2.018;-50.265;-39.844
2021-08-23;124.075;-2.022;-49.15;-38.928
2021-08-24;124.197;-2.034;-49.857;-39.463
2021-08-25;123.825;-2.001;-47.104;-37.327
2021-08-26;123.489;-1.971;-47.315;-37.57
2021-08-27;123.719;-1.994;-47.566;-37.713
2021-08-30;123.96;-2.017;-48.596;-38.465
2021-08-31;123.439;-1.969;-45.834;-36.414
2021-09-01;123.246;-1.952;-46.617;-37.065
2021-09-02;123.6;-1.987;-47.617;-37.786
2021-09-03;123.715;-1.999;-46.838;-37.099
2021-09-06;124.296;-2.054;-47.619;-37.521
2021-09-07;123.915;-2.019;-46.772;-36.917
2021-09-08;124.044;-2.032;-46.451;-36.611
2021-09-09;124.462;-2.073;-46.247;-36.34
2021-09-10;124.491;-2.077;-46.099;-36.194
2021-09-13;124.686;-2.096;-45.331;-35.536
2021-09-14;124.256;-2.056;-43.996;-34.59
2021-09-15;124.083;-2.041;-44.265;-34.83
2021-09-16;124.034;-2.039;-45.35;-35.722
2021-09-17;123.889;-2.026;-45.846;-36.11
2021-09-20;123.92;-2.03;-47.503;-37.444
2021-09-21;123.923;-2.031;-46.609;-36.725
2021-09-22;124.008;-2.039;-45.472;-35.84
2021-09-23;123.608;-2.004;-46.501;-36.701
2021-09-24;123.164;-1.963;-45.987;-36.411
2021-09-27;123.608;-2.006;-47.094;-37.174
2021-09-28;123.738;-2.019;-47.245;-37.212
2021-09-29;123.691;-2.015;-47.655;-37.564
2021-09-30;123.608;-2.01;-45.764;-36.08
2021-10-01;124.081;-2.055;-47.969;-37.701
2021-10-04;124.172;-2.064;-46.859;-36.773
2021-10-05;124.692;-2.114;-47.957;-37.455
2021-10-06;124.131;-2.062;-46.563;-36.502
2021-10-07;123.976;-2.05;-50.984;-40.053
2021-10-08;123.673;-2.022;-50.557;-39.766
2021-10-11;123.516;-2.008;-52.431;-41.26
2021-10-12;123.336;-1.992;-50.987;-40.116
2021-10-13;123.502;-2.008;-50.762;-39.916
2021-10-14;124.193;-2.076;-51.044;-39.987
2021-10-15;124.473;-2.103;-52.821;-41.246
2021-10-18;124.564;-2.113;-54.288;-42.271
2021-10-19;123.946;-2.055;-50.999;-39.876
2021-10-20;124.042;-2.065;-50.15;-39.198
2021-10-21;124.295;-2.091;-52.15;-40.599
2021-10-22;124.687;-2.129;-50.981;-39.532
2021-10-25;125.023;-2.161;-51.933;-40.194
2021-10-26;125.357;-2.194;-49.564;-38.216
2021-10-27;125.621;-2.219;-47.174;-36.263
2021-10-28;124.398;-2.107;-46.761;-36.267
2021-10-29;122.787;-1.954;-44.921;-35.26
2021-11-01;122.999;-1.975;-42.286;-33.109
2021-11-02;123.161;-1.991;-40.175;-31.466
2021-11-03;122.689;-1.947;-39.515;-31.052
2021-11-04;123.775;-2.053;-41.435;-32.347
2021-11-05;124.797;-2.151;-45.668;-35.432
2021-11-08;125.185;-2.188;-49.014;-37.861
2021-11-09;125.474;-2.217;-47.503;-36.631
2021-11-10;125.21;-2.193;-51.785;-39.979
2021-11-11;125.213;-2.195;-53.337;-41.147
2021-11-12;125.381;-2.212;-54.694;-42.172
2021-11-15;125.274;-2.203;-54.099;-41.731
2021-11-16;125.696;-2.243;-54.973;-42.254
2021-11-17;125.85;-2.259;-56.18;-43.12
2021-11-18;125.451;-2.224;-54.59;-42.088
2021-11-19;125.38;-2.218;-53.744;-41.508
2021-11-22;124.648;-2.149;-53.548;-41.522
2021-11-23;123.646;-2.055;-50.497;-39.384
2021-11-24;123.458;-2.037;-51.976;-40.556
2021-11-25;124.081;-2.099;-53.671;-41.686
2021-11-26;124.055;-2.098;-55.993;-43.665
2021-11-29;124.494;-2.141;-58.311;-45.274
2021-11-30;124.807;-2.171;-57.869;-44.804
2021-12-01;124.831;-2.174;-58.885;-45.521
2021-12-02;124.728;-2.167;-59.526;-46.117
2021-12-03;125.1;-2.203;-58.963;-45.521
2021-12-06;124.928;-2.188;-60.315;-46.567
2021-12-07;125.255;-2.22;-60.573;-46.63
2021-12-08;124.549;-2.153;-57.027;-44.041
2021-12-09;124.904;-2.19;-60.333;-46.541
2021-12-10;124.812;-2.182;-58.219;-44.914
2021-12-13;125.271;-2.227;-59.286;-45.531
2021-12-14;124.946;-2.196;-61.449;-47.191
2021-12-15;124.709;-2.175;-61.913;-47.779
2021-12-16;124.778;-2.184;-58.752;-45.246
2021-12-17;124.945;-2.201;-61.032;-46.968
2021-12-20;124.745;-2.182;-62.823;-48.387
2021-12-21;124.578;-2.167;-60.039;-46.164
2021-12-22;125.216;-2.229;-61.382;-46.96
2021-12-23;124.683;-2.181;-63.172;-48.542
2021-12-24;124.683;-2.182;-63.447;-48.719
2021-12-27;124.366;-2.152;-62.727;-48.296
2021-12-28;124.285;-2.145;-63.042;-48.475
2021-12-29;123.663;-2.086;-60.691;-46.811
2021-12-30;123.791;-2.101;-58.539;-45.089
2021-12-31;123.791;-2.101;-58.754;-45.273
2022-01-03;123.075;-2.032;-56.817;-43.936
2022-01-04;123.497;-2.074;-57.627;-44.443
2022-01-05;123.186;-2.045;-56.456;-43.621
2022-01-06;122.348;-1.965;-55.685;-43.303
2022-01-07;122.393;-1.97;-55.644;-43.272
2022-01-10;122.316;-1.964;-55.95;-43.508
2022-01-11;122.286;-1.961;-56.688;-44.069
2022-01-12;122.62;-1.995;-50.818;-44.285
2022-01-13;122.57;-1.993;-56.816;-44.077
2022-01-14;122.219;-1.959;-58.035;-45.188
2022-01-17;122.099;-1.948;-56.596;-44.016
2022-01-18;122.022;-1.941;-57.73;-44.955
2022-01-19;121.842;-1.924;-55.368;-43.128
2022-01-20;121.766;-1.918;-54.983;-42.856
2022-01-21;121.824;-1.925;-56.25;-43.885
2022-01-24;122.155;-1.959;-58.837;-45.722
2022-01-25;122.099;-1.954;-61.967;-48.132
2022-01-26;122.065;-1.951;-59.891;-46.51
2022-01-27;121.959;-1.943;-57.502;-44.634
2022-01-28;122.022;-1.95;-56.672;-43.925
2022-01-31;122.199;-1.969;-57.067;-44.023
2022-02-01;121.983;-1.948;-59.622;-46.091
2022-02-02;121.753;-1.926;-62.986;-48.805
2022-02-03;120.338;-1.786;-61.403;-47.896
2022-02-04;119.613;-1.713;-59.975;-46.972
2022-02-07;119.363;-1.688;-62.143;-48.747
2022-02-08;119.009;-1.652;-67.691;-53.233
2022-02-09;119.521;-1.706;-67.221;-52.736
2022-02-10;118.863;-1.64;-72.148;-56.606
2022-02-11;119.001;-1.655;-72.503;-56.871
2022-02-14;119.355;-1.692;-76.686;-60.058
2022-02-15;119.114;-1.668;-73.769;-57.896
2022-02-16;119.483;-1.707;-72.523;-56.764
2022-02-17;119.891;-1.751;-74.642;-58.224
2022-02-18;120.435;-1.807;-75.385;-58.623
2022-02-21;120.407;-1.805;-76.534;-59.465
2022-02-22;120.448;-1.81;-76.737;-59.465
2022-02-23;121.096;-1.876;-77.426;-59.606
2022-02-24;122.947;-2.064;-79.156;-60.223
2022-02-25;121.768;-1.947;-81.289;-62.317
2022-02-28;123.346;-2.106;-81.332;-61.793
2022-03-01;126.616;-2.427;-91.991;-68.532
2022-03-02;126.434;-2.41;-88.142;-65.433
2022-03-03;126.581;-2.427;-90.122;-66.801
2022-03-04;128.612;-2.622;-102.417;-74.965
2022-03-07;129.798;-2.735;-98.565;-71.207
2022-03-08;129.102;-2.671;-94.705;-68.408
2022-03-09;126.267;-2.4;-88.953;-65.773
2022-03-10;124.265;-2.207;-84.09;-62.926
2022-03-11;125.532;-2.333;-87.844;-65.126
2022-03-14;124.678;-2.25;-86.377;-64.258
2022-03-15;124.232;-2.207;-88.661;-66.282
2022-03-16;123.08;-2.093;-85.276;-64.223
2022-03-17;123.385;-2.126;-77.67;-58.336
2022-03-18;123.792;-2.167;-82.844;-62.103
2022-03-21;123.216;-2.111;-80.095;-60.135
2022-03-22;123.238;-2.114;-77.851;-58.308
2022-03-23;124.413;-2.232;-79.399;-59.011
2022-03-24;124.477;-2.241;-83.876;-62.168
2022-03-25;123.578;-2.152;-79.743;-59.355
2022-03-28;123.607;-2.156;-80.696;-60.0
2022-03-29;123.367;-2.133;-81.357;-60.451
2022-03-30;123.676;-2.165;-82.785;-61.302
2022-03-31;123.935;-2.193;-80.852;-59.865
2022-04-01;124.084;-2.209;-86.419;-63.969
2022-04-04;125.079;-2.309;-92.426;-67.967
2022-04-05;124.692;-2.271;-92.763;-68.171
2022-04-06;124.73;-2.276;-92.389;-67.839
2022-04-07;124.185;-2.224;-90.013;-66.209
2022-04-08;124.185;-2.225;-93.086;-68.329
2022-04-11;123.365;-2.144;-93.19;-68.678
2022-04-12;124.124;-2.221;-98.128;-72.04
2022-04-13;124.14;-2.227;-99.704;-73.124
2022-04-14;123.772;-2.191;-100.775;-74.109
2022-04-15;123.772;-2.191;-100.86;-74.165
2022-04-18;123.772;-2.191;-100.836;-74.13
2022-04-19;123.397;-2.154;-98.013;-72.072
2022-04-20;123.892;-2.205;-96.99;-71.016
2022-04-21;122.825;-2.1;-99.926;-73.712
2022-04-22;122.382;-2.056;-101.155;-74.906
2022-04-25;122.871;-2.106;-108.492;-80.552
2022-04-26;122.59;-2.079;-107.554;-79.997
2022-04-27;123.164;-2.138;-108.109;-79.963
2022-04-28;123.145;-2.138;-107.802;-79.416
2022-04-29;123.35;-2.16;-117.092;-86.121
2022-05-02;123.182;-2.144;-111.581;-81.989
2022-05-03;122.569;-2.082;-111.694;-82.423
2022-05-04;122.395;-2.066;-111.138;-82.009
2022-05-05;121.115;-1.936;-104.596;-77.643
2022-05-06;119.217;-1.739;-104.44;-78.531
2022-05-09;118.867;-1.702;-110.192;-83.185
2022-05-10;118.343;-1.647;-107.651;-81.737
2022-05-11;118.703;-1.686;-104.254;-78.748
2022-05-12;119.017;-1.722;-104.272;-78.846
2022-05-13;118.652;-1.684;-97.625;-73.8
2022-05-16;119.231;-1.746;-96.144;-72.259
2022-05-17;118.719;-1.692;-93.059;-69.896
2022-05-18;118.596;-1.68;-91.93;-69.309
2022-05-19;118.719;-1.695;-95.043;-71.564
2022-05-20;118.491;-1.672;-90.239;-68.151
2022-05-23;117.559;-1.573;-89.862;-68.024
2022-05-24;117.584;-1.576;-91.748;-69.512
2022-05-25;117.329;-1.549;-98.982;-75.373
2022-05-26;116.85;-1.499;-97.412;-74.182
2022-05-27;116.967;-1.513;-98.142;-74.589
2022-05-30;116.818;-1.497;-93.097;-70.538
2022-05-31;116.461;-1.459;-91.218;-69.231
2022-06-01;116.205;-1.432;-91.518;-69.455
2022-06-02;115.977;-1.409;-92.993;-70.608
2022-06-03;115.927;-1.404;-94.331;-71.565
2022-06-06;115.608;-1.369;-91.419;-69.456
2022-06-07;116.068;-1.42;-94.826;-71.903
2022-06-08;115.881;-1.401;-93.69;-70.68
2022-06-09;115.063;-1.312;-93.267;-70.881
2022-06-10;113.859;-1.178;-88.642;-67.708
2022-06-13;112.008;-0.968;-93.724;-72.458
2022-06-14;110.354;-0.777;-105.197;-82.639
2022-06-15;110.968;-0.849;-96.643;-75.908
2022-06-16;110.014;-0.739;-94.685;-75.002
2022-06-17;109.661;-0.698;-89.535;-71.125
2022-06-20;108.957;-0.615;-90.779;-72.262
2022-06-21;109.392;-0.667;-90.921;-71.995
2022-06-22;110.449;-0.792;-93.399;-73.429
2022-06-23;111.936;-0.966;-94.647;-74.085
2022-06-24;112.303;-1.009;-96.271;-74.877
2022-06-27;111.751;-0.946;-96.929;-75.469
2022-06-28;110.973;-0.856;-97.114;-75.957
2022-06-29;111.485;-0.916;-98.769;-77.279
2022-06-30;112.137;-0.993;-96.819;-75.744
2022-07-01;113.203;-1.115;-98.712;-76.35
2022-07-04;113.003;-1.093;-103.373;-79.926
2022-07-05;114.538;-1.268;-109.145;-83.795
2022-07-06;113.907;-1.197;-103.665;-80.031
2022-07-07;113.209;-1.119;-101.86;-78.308
2022-07-08;113.032;-1.1;-105.73;-81.784
2022-07-11;113.936;-1.203;-112.365;-86.707
2022-07-12;114.535;-1.272;-111.46;-85.687
2022-07-13;114.504;-1.269;-104.952;-80.476
2022-07-14;114.297;-1.247;-107.652;-82.464
2022-07-15;114.637;-1.286;-110.942;-85.242
2022-07-18;113.935;-1.207;-103.47;-79.526
2022-07-19;113.198;-1.124;-104.037;-79.927
2022-07-20;113.141;-1.118;-100.014;-77.136
2022-07-21;112.843;-1.085;-100.741;-77.739
2022-07-22;114.424;-1.266;-104.859;-81.097
2022-07-25;114.766;-1.306;-101.609;-78.018
2022-07-26;115.839;-1.427;-101.738;-77.395
2022-07-27;115.929;-1.438;-101.886;-77.09
2022-07-28;116.973;-1.556;-104.16;-78.871
2022-07-29;117.578;-1.624;-103.599;-77.903
2022-08-01;117.937;-1.664;-112.394;-84.195
2022-08-02;117.622;-1.63;-113.416;-84.937
2022-08-03;117.57;-1.625;-112.346;-84.002
2022-08-04;117.976;-1.672;-112.376;-83.972
2022-08-05;117.089;-1.575;-117.597;-87.869
2022-08-08;117.893;-1.665;-120.201;-89.505
2022-08-09;117.848;-1.66;-119.292;-88.613
2022-08-10;117.785;-1.654;-118.303;-88.155
2022-08-11;117.695;-1.647;-117.731;-87.573
2022-08-12;117.304;-1.604;-111.923;-83.38
2022-08-15;117.766;-1.656;-110.847;-82.304
2022-08-16;117.786;-1.659;-110.738;-81.946
2022-08-17;117.284;-1.604;-112.402;-82.975
2022-08-18;117.553;-1.636;-116.743;-86.03
2022-08-19;116.886;-1.562;-117.21;-86.667
2022-08-22;116.807;-1.554;-126.866;-93.719
2022-08-23;116.24;-1.491;-127.054;-94.347
2022-08-24;115.2;-1.374;-123.829;-92.362
2022-08-25;115.69;-1.432;-119.81;-89.198
2022-08-26;115.07;-1.362;-126.679;-94.108
2022-08-29;113.728;-1.208;-124.265;-92.795
2022-08-30;113.245;-1.153;-119.855;-90.345
2022-08-31;111.744;-0.978;-113.192;-86.219
2022-09-01;111.499;-0.95;-117.552;-89.707
2022-09-02;111.235;-0.919;-118.262;-90.947
2022-09-05;111.346;-0.933;-124.651;-95.334
2022-09-06;110.59;-0.843;-122.548;-94.452
2022-09-07;110.838;-0.873;-118.437;-91.224
2022-09-08;109.909;-0.763;-110.58;-84.836
2022-09-09;109.901;-0.763;-106.357;-81.876
2022-09-12;110.094;-0.786;-106.084;-81.616
2022-09-13;109.572;-0.724;-107.536;-82.799
2022-09-14;109.957;-0.771;-109.805;-84.111
2022-09-15;109.935;-0.769;-105.837;-80.749
2022-09-16;110.195;-0.801;-103.726;-79.322
2022-09-19;109.647;-0.735;-103.013;-79.147
2022-09-20;109.336;-0.698;-100.064;-76.78
2022-09-21;109.405;-0.707;-105.533;-80.848
2022-09-22;108.842;-0.639;-105.463;-80.659
2022-09-23;107.935;-0.528;-108.648;-83.64
2022-09-26;106.794;-0.386;-115.881;-89.821
2022-09-27;105.31;-0.198;-114.471;-89.963
2022-09-28;105.585;-0.233;-117.424;-92.349
2022-09-29;104.629;-0.112;-111.883;-88.552
2022-09-30;104.721;-0.124;-115.012;-91.057
2022-10-03;105.709;-0.25;-117.727;-92.919
2022-10-04;106.861;-0.397;-117.858;-92.116
2022-10-05;106.28;-0.324;-115.417;-90.123
2022-10-06;105.76;-0.258;-124.765;-97.657
2022-10-07;104.971;-0.158;-126.654;-99.607
2022-10-10;104.097;-0.045;-125.108;-98.927
2022-10-11;104.696;-0.123;-129.115;-101.695
2022-10-12;105.172;-0.184;-127.624;-100.002
2022-10-13;105.118;-0.178;-127.307;-99.643
2022-10-14;104.292;-0.071;-124.496;-98.15
2022-10-17;104.831;-0.141;-126.631;-99.391
2022-10-18;104.445;-0.092;-121.371;-95.572
2022-10-19;103.49;0.033;-109.744;-86.882
2022-10-20;103.732;0.001;-109.147;-86.116
2022-10-21;103.999;-0.034;-103.642;-81.783
2022-10-24;104.805;-0.14;-103.53;-81.299
2022-10-25;105.895;-0.28;-106.298;-82.664
2022-10-26;106.099;-0.307;-107.284;-83.334
2022-10-27;107.799;-0.523;-103.262;-79.152
2022-10-28;106.911;-0.411;-106.467;-81.596
2022-10-31;106.607;-0.373;-108.833;-83.992
2022-11-01;106.587;-0.371;-100.624;-77.634
2022-11-02;106.66;-0.38;-99.973;-77.219
2022-11-03;105.931;-0.288;-98.115;-76.072
2022-11-04;105.761;-0.266;-93.264;-72.372
2022-11-07;105.498;-0.233;-86.62;-67.354
2022-11-08;105.952;-0.292;-82.671;-64.151
2022-11-09;106.414;-0.351;-80.143;-62.163
2022-11-10;107.368;-0.474;-82.996;-64.036
2022-11-11;106.281;-0.335;-74.209;-57.437
2022-11-14;106.031;-0.303;-72.083;-56.041
2022-11-15;105.957;-0.294;-67.986;-52.514
2022-11-16;106.751;-0.396;-72.844;-56.251
2022-11-17;106.214;-0.328;-72.659;-55.987
2022-11-18;106.221;-0.33;-75.849;-58.748
2022-11-21;106.148;-0.321;-77.621;-60.053
2022-11-22;106.407;-0.354;-72.921;-56.282
2022-11-23;106.584;-0.377;-72.526;-55.931
2022-11-24;106.927;-0.422;-72.624;-55.721
2022-11-25;106.222;-0.332;-69.608;-53.616
2022-11-28;106.112;-0.318;-70.347;-54.479
2022-11-29;106.547;-0.374;-75.293;-58.299
2022-11-30;107.094;-0.445;-93.054;-71.327
2022-12-01;108.533;-0.629;-79.121;-59.857
2022-12-02;108.059;-0.57;-79.893;-60.481
2022-12-05;107.983;-0.56;-79.496;-60.298
2022-12-06;107.87;-0.546;-81.928;-62.299
2022-12-07;107.936;-0.555;-83.692;-63.502
2022-12-08;107.598;-0.513;-81.788;-62.111
2022-12-09;106.76;-0.406;-71.799;-54.833
2022-12-12;106.554;-0.38;-73.075;-56.218
2022-12-13;106.271;-0.343;-72.794;-56.162
2022-12-14;106.078;-0.318;-69.851;-54.097
2022-12-15;104.465;-0.107;-66.108;-50.992
2022-12-16;103.213;0.06;-65.432;-51.15
2022-12-19;102.907;0.101;-67.131;-52.724
2022-12-20;102.288;0.185;-62.51;-49.321
2022-12-21;102.206;0.196;-69.373;-54.765
2022-12-22;102.159;0.202;-74.564;-58.621
2022-12-23;102.021;0.22;-78.303;-61.673
2022-12-26;102.021;0.22;-78.108;-61.58
2022-12-27;101.352;0.312;-78.905;-62.348
2022-12-28;101.774;0.254;-77.73;-61.509
2022-12-29;102.33;0.178;-77.983;-60.972
2022-12-30;101.323;0.316;-74.682;-58.589
2023-01-02;102.35;0.175;-73.351;-57.544
2023-01-03;102.722;0.124;-69.567;-54.355
2023-01-04;103.057;0.078;-69.707;-54.616
2023-01-05;102.301;0.181;-68.231;-53.548
2023-01-06;102.907;0.098;-71.471;-55.927
2023-01-09;102.419;0.164;-68.852;-54.052
2023-01-10;101.818;0.247;-64.993;-51.206
2023-01-11;102.636;0.134;-66.627;-52.564
2023-01-12;103.241;0.052;-62.693;-49.032
2023-01-13;103.209;0.056;-64.842;-50.91
2023-01-16;102.947;0.091;-64.63;-50.78
2023-01-17;103.59;0.004;-64.726;-51.016
2023-01-18;103.935;-0.043;-70.84;-55.316
2023-01-19;103.294;0.043;-72.103;-56.261
2023-01-20;102.76;0.116;-68.273;-53.666
2023-01-23;103.008;0.082;-73.115;-57.389
2023-01-24;103.441;0.023;-78.513;-61.435
2023-01-25;103.309;0.041;-78.705;-61.731
2023-01-26;103.124;0.065;-76.221;-59.576
2023-01-27;103.051;0.075;-78.304;-61.25
2023-01-30;102.671;0.127;-75.358;-59.061
2023-01-31;102.765;0.114;-76.563;-60.192
2023-02-01;102.834;0.104;-73.074;-57.486
2023-02-02;104.363;-0.105;-73.958;-57.631
2023-02-03;103.792;-0.027;-73.772;-57.617
2023-02-06;103.156;0.059;-75.707;-59.236
2023-02-07;102.999;0.081;-71.555;-56.071
2023-02-08;103.164;0.058;-67.937;-53.235
2023-02-09;103.471;0.015;-72.683;-56.799
2023-02-10;103.098;0.066;-68.898;-53.732
2023-02-13;103.047;0.073;-70.392;-55.022
2023-02-14;102.801;0.107;-71.81;-56.329
2023-02-15;102.788;0.109;-69.996;-55.027
2023-02-16;103.056;0.071;-67.182;-52.414
2023-02-17;103.039;0.073;-71.825;-56.298
2023-02-20;102.953;0.085;-72.783;-56.992
2023-02-21;102.651;0.127;-72.929;-57.328
2023-02-22;102.792;0.107;-74.103;-58.033
2023-02-23;103.38;0.025;-74.519;-57.661
2023-02-24;103.217;0.048;-75.354;-58.393
2023-02-27;102.997;0.078;-76.746;-59.701
2023-02-28;102.926;0.088;-73.645;-57.29
2023-03-01;102.904;0.091;-70.0;-54.234
2023-03-02;103.301;0.035;-71.949;-55.507
2023-03-03;103.848;-0.041;-68.221;-52.281
2023-03-06;103.149;0.056;-68.005;-52.328
2023-03-07;102.416;0.158;-63.293;-48.985
2023-03-08;101.861;0.235;-60.963;-47.607
2023-03-09;102.225;0.184;-59.631;-46.386
2023-03-10;102.881;0.092;-60.325;-47.045
2023-03-13;104.358;-0.112;-80.035;-61.983
2023-03-14;103.685;-0.02;-72.861;-55.354
2023-03-15;104.954;-0.194;-96.312;-73.966
2023-03-16;103.866;-0.046;-83.743;-64.076
2023-03-17;104.545;-0.139;-92.584;-70.855
2023-03-20;104.498;-0.133;-89.945;-69.386
2023-03-21;103.798;-0.037;-78.786;-60.359
2023-03-22;103.905;-0.052;-79.355;-60.956
2023-03-23;104.968;-0.199;-87.167;-66.735
2023-03-24;105.103;-0.218;-89.035;-68.215
2023-03-27;104.475;-0.132;-84.726;-64.968
2023-03-28;104.308;-0.109;-80.23;-61.736
2023-03-29;104.187;-0.092;-76.457;-58.855
2023-03-30;104.093;-0.08;-73.793;-56.552
2023-03-31;104.569;-0.146;-90.651;-69.429
2023-04-03;105.074;-0.216;-82.877;-63.122
2023-04-04;105.248;-0.24;-85.207;-64.947
2023-04-05;105.249;-0.241;-84.198;-63.984
2023-04-06;105.11;-0.223;-85.436;-64.937
2023-04-07;105.11;-0.223;-85.443;-64.947
2023-04-10;105.11;-0.223;-85.42;-64.947
2023-04-11;104.281;-0.108;-80.816;-61.639
2023-04-12;103.965;-0.065;-78.711;-60.035
2023-04-13;104.037;-0.075;-78.41;-59.7
2023-04-14;103.63;-0.019;-73.577;-56.173
2023-04-17;103.69;-0.027;-76.86;-59.008
2023-04-18;103.396;0.014;-78.802;-60.514
2023-04-19;103.217;0.039;-79.761;-61.382
2023-04-20;103.482;0.001;-82.937;-63.814
2023-04-21;103.235;0.035;-80.188;-61.695
2023-04-24;103.095;0.055;-81.441;-62.844
2023-04-25;103.78;-0.042;-85.575;-65.766
2023-04-26;103.597;-0.016;-85.517;-65.856
2023-04-27;103.167;0.044;-82.561;-63.433
2023-04-28;104.093;-0.087;-89.203;-68.274
2023-05-01;104.093;-0.087;-81.283;-62.248
2023-05-02;104.167;-0.097;-89.084;-68.249
2023-05-03;103.685;-0.03;-85.769;-65.986
2023-05-04;103.999;-0.075;-88.368;-67.961
2023-05-05;103.682;-0.03;-84.655;-64.609
2023-05-08;103.746;-0.04;-86.821;-66.431
2023-05-09;103.684;-0.031;-85.944;-65.746
2023-05-10;104.114;-0.092;-88.859;-67.924
2023-05-11;104.112;-0.092;-85.843;-65.353
2023-05-12;103.652;-0.028;-89.038;-68.02
2023-05-15;103.471;-0.002;-84.335;-64.693
2023-05-16;103.132;0.046;-84.242;-64.691
2023-05-17;103.06;0.056;-82.833;-63.615
2023-05-18;102.782;0.095;-86.5;-66.414
2023-05-19;102.937;0.073;-90.603;-69.589
2023-05-22;102.709;0.105;-86.481;-66.609
2023-05-23;102.89;0.079;-87.635;-67.435
2023-05-24;103.212;0.033;-88.904;-68.128
2023-05-25;102.75;0.099;-86.948;-66.788
2023-05-26;102.663;0.111;-83.892;-64.31
2023-05-29;103.259;0.025;-86.326;-66.196
2023-05-30;103.407;0.004;-86.264;-66.144
2023-05-31;103.692;-0.037;-88.725;-67.833
2023-06-01;103.447;-0.002;-88.596;-67.611
2023-06-02;103.064;0.052;-82.944;-63.355
2023-06-05;102.974;0.065;-82.744;-63.347
2023-06-06;102.944;0.069;-83.406;-63.735
2023-06-07;102.447;0.141;-80.584;-61.73
2023-06-08;102.662;0.109;-83.518;-63.946
2023-06-09;102.53;0.128;-79.824;-61.157
2023-06-12;102.177;0.179;;
2023-06-13;101.878;0.223;-73.627;-57.288
2023-06-14;101.922;0.216;-75.275;-58.223
2023-06-15;101.769;0.238;-74.602;-57.452
2023-06-16;102.097;0.19;-77.717;-59.618
2023-06-19;101.896;0.219;-75.999;-58.613
2023-06-20;102.512;0.129;-76.498;-58.97
2023-06-21;102.352;0.153;-78.142;-60.047
2023-06-22;101.85;0.226;-76.784;-58.992
2023-06-23;102.764;0.092;-80.167;-61.481
2023-06-26;103.142;0.037;-81.983;-62.746
2023-06-27;102.767;0.091;-82.118;-63.045
2023-06-28;102.639;0.11;-81.104;-62.491
2023-06-29;102.126;0.184;-83.02;-63.609
2023-06-30;102.006;0.202;-81.032;-62.289
2023-07-03;101.95;0.21;-79.632;-61.239
2023-07-04;101.939;0.211;-79.504;-60.962
2023-07-05;101.809;0.231;-80.312;-61.828
2023-07-06;100.864;0.37;-79.745;-61.396
2023-07-07;100.808;0.379;-77.775;-60.261
2023-07-10;100.81;0.378;-77.957;-60.386
2023-07-11;100.687;0.397;-77.197;-59.852
2023-07-12;101.246;0.313;-79.335;-61.547
2023-07-13;101.607;0.259;-78.317;-60.29
2023-07-14;101.045;0.343;-76.946;-59.421
2023-07-17;101.279;0.308;-75.384;-58.389
2023-07-18;101.896;0.216;-77.203;-59.884
2023-07-19;101.564;0.265;-76.461;-59.044
2023-07-20;101.378;0.293;-74.786;-58.598
2023-07-21;101.638;0.254;-76.814;-59.066
2023-07-24;101.996;0.201;-79.46;-61.342
2023-07-25;102.157;0.177;-75.649;-58.351
2023-07-26;101.857;0.221;-75.435;-57.967
2023-07-27;102.262;0.161;-78.538;-60.353
2023-07-28;102.422;0.137;-76.65;-58.771
2023-07-31;102.815;0.079;-79.315;-59.93
2023-08-01;102.503;0.125;-76.859;-58.846
2023-08-02;102.702;0.095;-77.461;-59.26
2023-08-03;102.295;0.155;-76.879;-58.744
2023-08-04;102.737;0.089;-76.872;-58.423
2023-08-07;102.794;0.081;-79.547;-60.6
2023-08-08;103.148;0.028;-80.155;-60.78
2023-08-09;102.783;0.082;-77.605;-59.016
2023-08-10;102.545;0.117;-77.888;-59.13
2023-08-11;102.077;0.186;-77.533;-58.962
2023-08-14;102.074;0.187;-74.791;-57.098
2023-08-15;101.816;0.225;-77.364;-59.1
2023-08-16;101.8;0.227;-73.91;-56.579
2023-08-17;101.483;0.275;-74.221;-56.588
2023-08-18;101.962;0.203;-76.987;-58.581
2023-08-21;101.621;0.254;-73.946;-56.386
2023-08-22;102.06;0.188;-76.297;-58.123
2023-08-23;102.541;0.116;-75.817;-57.873
2023-08-24;102.31;0.15;-78.216;-59.487
2023-08-25;101.891;0.212;-75.642;-57.622
2023-08-28;102.02;0.193;-76.202;-58.073
2023-08-29;102.332;0.146;-75.847;-57.714
2023-08-30;102.167;0.171;-75.236;-57.258
2023-08-31;102.435;0.13;-73.357;-55.905
2023-09-01;102.075;0.184;-73.563;-56.03
2023-09-04;102.039;0.189;-72.909;-55.672
2023-09-05;101.995;0.196;-71.455;-54.529
2023-09-06;101.744;0.233;-67.757;-51.637
2023-09-07;102.074;0.183;-71.135;-53.85
2023-09-08;102.215;0.162;-72.379;-54.758
2023-09-11;102.15;0.171;-72.479;-55.081
2023-09-12;102.139;0.173;-71.915;-54.54
2023-09-13;102.109;0.177;-70.677;-53.539
2023-09-14;102.313;0.146;-70.113;-52.866
2023-09-15;101.939;0.203;-68.637;-51.853
2023-09-18;101.876;0.212;-69.079;-52.435
2023-09-19;101.619;0.251;-66.044;-50.279
2023-09-20;101.64;0.248;-66.066;-50.359
2023-09-21;101.505;0.268;-68.16;-51.826
2023-09-22;101.443;0.277;-68.455;-52.143
2023-09-25;101.155;0.321;-69.929;-53.675
2023-09-26;100.808;0.375;-68.043;-52.326
2023-09-27;100.696;0.392;-68.08;-52.518
2023-09-28;100.171;0.473;-67.99;-52.42
2023-09-29;100.499;0.422;-71.733;-55.23
2023-10-02;99.792;0.532;-69.777;-54.145
2023-10-03;99.665;0.552;-73.188;-56.838
2023-10-04;99.749;0.539;-73.878;-57.345
2023-10-05;99.811;0.53;-73.199;-56.697
2023-10-06;99.819;0.528;-73.167;-56.667
2023-10-09;100.989;0.346;-76.399;-58.6
2023-10-10;100.744;0.384;-75.365;-57.899
2023-10-11;100.645;0.399;-73.76;-56.671
2023-10-12;100.324;0.449;-73.775;-56.108
2023-10-13;100.942;0.353;-76.604;-58.229
2023-10-16;100.772;0.379;-77.276;-58.734
2023-10-17;100.551;0.414;-75.374;-57.482
2023-10-18;100.602;0.406;-73.872;-55.982
2023-10-19;100.361;0.443;-72.206;-54.792
2023-10-20;100.739;0.384;-77.363;-58.79
2023-10-23;100.576;0.41;-76.154;-57.947
2023-10-24;100.618;0.403;-75.812;-57.899
2023-10-25;100.195;0.469;-74.26;-56.832
2023-10-26;100.505;0.421;-71.661;-54.661
2023-10-27;100.55;0.413;-73.611;-56.145
2023-10-30;100.434;0.432;-72.66;-55.666
2023-10-31;100.495;0.422;-73.164;-55.947
2023-11-01;100.538;0.415;-66.65;-50.776
2023-11-02;100.565;0.411;-63.955;-48.506
2023-11-03;100.771;0.378;-61.117;-46.177
2023-11-06;100.319;0.45;-59.377;-45.104
2023-11-07;100.47;0.426;-63.078;-47.987
2023-11-08;100.387;0.439;-59.4;-45.128
2023-11-09;100.474;0.425;-62.655;-47.38
2023-11-10;100.151;0.476;-58.622;-44.396
2023-11-13;100.199;0.468;-59.313;-45.131
2023-11-14;100.683;0.392;-61.033;-46.5
2023-11-15;100.303;0.452;-60.154;-45.782
2023-11-16;100.31;0.451;-62.189;-47.152
2023-11-17;100.334;0.447;-60.402;-45.637
2023-11-20;100.408;0.435;-59.086;-44.811
2023-11-21;100.678;0.392;-63.51;-48.246
2023-11-22;100.522;0.417;-64.629;-49.1
2023-11-23;100.999;0.341;-76.462;-57.727
2023-11-24;100.442;0.43;-68.794;-52.102
2023-11-27;100.905;0.356;-71.183;-53.945
2023-11-28;101.068;0.33;-70.701;-53.421
2023-11-29;101.105;0.324;-69.382;-52.677
2023-11-30;101.336;0.288;-70.852;-53.393
2023-12-01;101.699;0.231;-71.687;-53.971
2023-12-04;101.336;0.288;-68.631;-51.667
2023-12-05;101.936;0.193;-68.27;-51.331
2023-12-06;102.004;0.182;-69.014;-51.889
2023-12-07;102.077;0.171;-67.057;-50.144
2023-12-08;101.589;0.247;-64.528;-48.157
2023-12-11;101.562;0.251;-65.605;-49.389
2023-12-12;101.64;0.239;-66.449;-50.074
2023-12-13;101.778;0.217;-65.319;-49.046
2023-12-14;102.465;0.109;-64.119;-47.993
2023-12-15;102.692;0.073;-65.363;-48.709
2023-12-18;102.447;0.111;-62.883;-46.925
2023-12-19;102.788;0.058;-64.246;-48.082
2023-12-20;103.277;-0.019;-66.08;-49.328
2023-12-21;103.243;-0.014;-67.056;-49.654
2023-12-22;103.261;-0.017;-66.322;-49.181
2023-12-25;103.261;-0.017;-65.888;-49.185
2023-12-27;103.608;-0.072;-66.572;-49.688
2023-12-28;103.289;-0.023;-65.971;-49.125
2023-12-29;102.786;0.056;-61.968;-46.137
2024-01-01;102.786;0.056;-69.18;-52.091
2024-01-02;102.635;0.079;-65.439;-49.249
2024-01-03;102.764;0.059;-64.34;-48.545
2024-01-04;102.018;0.176;-65.444;-49.464
2024-01-05;101.947;0.187;-61.851;-46.798
2024-01-08;102.153;0.154;-61.245;-46.673
2024-01-09;101.872;0.199;-60.55;-45.976
2024-01-10;101.523;0.254;-58.879;-44.791
2024-01-11;101.614;0.239;-57.12;-42.868
2024-01-12;102.072;0.166;-55.877;-42.203
2024-01-15;101.739;0.219;-53.127;-40.208
2024-01-16;101.613;0.239;-55.036;-41.659
2024-01-17;101.184;0.308;-51.612;-38.709
2024-01-18;101.157;0.312;-52.609;-39.894
2024-01-19;101.107;0.32;-51.314;-38.715
2024-01-22;101.337;0.283;-54.234;-41.288
2024-01-23;100.922;0.35;-51.196;-39.174
2024-01-24;101.049;0.329;-49.859;-38.055
2024-01-25;101.353;0.28;-49.795;-37.785
2024-01-26;101.317;0.286;-48.238;-36.421
2024-01-29;101.746;0.216;-50.315;-38.358
2024-01-30;101.533;0.251;-46.729;-35.415
2024-01-31;102.05;0.167;-48.804;-37.16
2024-02-01;102.223;0.139;-51.912;-38.958
2024-02-02;101.586;0.241;-48.798;-36.476
2024-02-05;101.238;0.298;-45.023;-34.265
2024-02-06;101.61;0.237;-47.399;-36.191
2024-02-07;101.476;0.259;-50.014;-38.036
2024-02-08;101.254;0.295;-47.877;-36.089
2024-02-09;100.978;0.34;-46.14;-34.826
2024-02-12;101.048;0.328;-44.929;-34.27
2024-02-13;100.973;0.34;-47.771;-36.137
2024-02-14;101.203;0.303;-46.261;-35.137
2024-02-15;100.786;0.371;-41.095;-31.178
2024-02-16;100.517;0.415;-42.325;-31.926
2024-02-19;100.491;0.419;-41.414;-31.536
2024-02-20;100.634;0.395;-43.486;-33.267
2024-02-21;100.063;0.49;-40.022;-30.525
2024-02-22;99.962;0.506;-37.269;-28.047
2024-02-23;100.278;0.454;-33.044;-24.905
2024-02-26;100.057;0.491;-34.9;-26.339
2024-02-27;99.99;0.502;-34.097;-25.871
2024-02-28;100.259;0.457;-35.438;-26.956
2024-02-29;100.622;0.397;-35.625;-26.76
2024-03-01;100.539;0.411;-27.346;-20.286
2024-03-04;100.568;0.406;-25.438;-19.095
2024-03-05;100.708;0.382;-20.922;-15.778
2024-03-06;100.781;0.37;-22.598;-16.919
2024-03-07;100.756;0.374;-21.136;-15.716
2024-03-08;101.036;0.328;-20.604;-15.322
2024-03-11;100.816;0.364;-20.004;-14.975
2024-03-12;100.678;0.387;-18.528;-13.988
2024-03-13;100.579;0.403;-17.585;-13.134
2024-03-14;100.598;0.4;-22.26;-16.566
2024-03-15;100.417;0.43;-21.007;-15.584
2024-03-18;100.442;0.426;-19.105;-14.395
2024-03-19;100.564;0.406;-22.348;-16.966
2024-03-20;100.442;0.426;-21.581;-16.397
2024-03-21;100.77;0.371;-22.504;-17.009
2024-03-22;101.153;0.307;-23.445;-17.661
2024-03-25;101.028;0.328;-21.805;-16.506
2024-03-26;101.175;0.304;-21.21;-16.129
2024-03-27;101.475;0.253;-21.112;-15.866
2024-03-28;101.515;0.247;-21.913;-16.468
2024-03-29;101.515;0.247;-21.449;-16.155
2024-04-02;101.273;0.287;-30.418;-23.295
2024-04-03;101.432;0.26;-30.132;-23.032
2024-04-04;101.399;0.265;-33.37;-25.52
2024-04-05;101.394;0.266;-34.528;-26.393
2024-04-08;101.1;0.315;-32.851;-25.216
2024-04-09;101.313;0.279;-34.198;-26.257
2024-04-10;101.044;0.324;-33.334;-25.591
2024-04-11;101.081;0.318;-36.434;-27.996
2024-04-12;101.844;0.19;-38.967;-29.8
2024-04-15;101.549;0.239;-37.304;-28.263
2024-04-16;101.581;0.234;-42.093;-32.054
2024-04-17;101.402;0.264;-38.634;-29.456
2024-04-18;100.926;0.343;-38.599;-29.47
2024-04-19;100.851;0.356;-37.493;-28.638
2024-04-22;100.922;0.344;-37.892;-29.047
2024-04-23;100.868;0.353;-37.47;-28.691
2024-04-24;100.522;0.411;-37.354;-28.58
2024-04-25;100.31;0.447;-37.392;-28.45
2024-04-26;100.458;0.422;-36.425;-27.731
2024-04-29;100.446;0.424;-34.163;-25.949
2024-04-30;100.272;0.454;-33.957;-25.67
2024-05-02;100.257;0.456;-34.959;-26.523
2024-05-03;100.48;0.418;-34.512;-26.016
2024-05-06;100.556;0.405;-34.967;-26.42
2024-05-07;100.637;0.391;-35.249;-26.772
2024-05-08;100.435;0.426;-34.487;-26.142
2024-05-09;100.451;0.423;-36.234;-27.278
2024-05-10;100.264;0.455;-35.85;-26.872
2024-05-13;100.309;0.447;-34.257;-26.001
2024-05-14;100.064;0.489;-32.891;-24.935
2024-05-15;100.647;0.389;-34.353;-26.003
2024-05-16;100.35;0.44;-34.256;-25.637
2024-05-17;100.11;0.481;-35.181;-26.335
2024-05-20;99.926;0.513;-31.318;-23.667
2024-05-21;100.094;0.484;-33.594;-25.433
2024-05-22;99.901;0.517;-32.703;-24.752
2024-05-23;99.432;0.598;-30.02;-22.39
2024-05-24;99.353;0.612;-30.383;-22.652
2024-05-27;99.593;0.571;-32.054;-24.195
2024-05-28;99.388;0.606;-30.846;-23.17
2024-05-29;99.17;0.644;-31.835;-24.016
2024-05-30;99.332;0.616;-32.0;-23.906
2024-05-31;99.223;0.635;-33.442;-24.76
2024-06-03;99.529;0.582;-36.247;-27.409
2024-06-04;99.589;0.572;-36.817;-27.895
2024-06-05;99.694;0.553;-36.544;-27.601
2024-06-06;99.503;0.587;-36.563;-27.336
2024-06-07;99.236;0.634;-33.778;-25.173
2024-06-10;99.17;0.645;-37.893;-28.634
2024-06-11;99.321;0.619;-41.347;-31.274
2024-06-12;99.782;0.538;-41.026;-31.262
2024-06-13;100.08;0.486;-46.77;-35.188
2024-06-14;100.554;0.404;-52.625;-39.501
2024-06-17;100.362;0.437;-49.399;-37.054
2024-06-18;100.558;0.403;-48.979;-36.642
2024-06-19;100.425;0.426;-51.125;-38.334
2024-06-20;100.256;0.455;-49.704;-37.045
2024-06-21;100.356;0.438;-50.883;-38.059
2024-06-24;100.209;0.463;-49.789;-37.264
2024-06-25;100.126;0.478;-50.186;-37.726
2024-06-26;99.912;0.515;-49.761;-37.611
2024-06-27;100.031;0.495;-52.099;-39.107
2024-06-28;99.78;0.539;-52.117;-39.139
2024-07-01;99.252;0.632;-40.071;-30.231
2024-07-02;99.343;0.616;-40.172;-30.29
2024-07-03;99.405;0.605;-37.066;-27.859
2024-07-04;99.333;0.618;-37.881;-28.362
2024-07-05;99.599;0.571;-37.724;-28.211
2024-07-08;99.62;0.567;-37.17;-28.034
2024-07-09;99.342;0.617;-35.13;-26.457
2024-07-10;99.521;0.585;-36.369;-27.466
2024-07-11;99.93;0.512;-38.612;-29.097
2024-07-12;99.742;0.546;-38.445;-28.954
2024-07-15;99.873;0.522;-38.343;-29.031
2024-07-16;100.068;0.488;-38.201;-28.7
2024-07-17;100.148;0.474;-38.334;-28.646
2024-07-18;100.15;0.473;-40.087;-29.766
2024-07-19;99.984;0.503;-39.879;-29.843
2024-07-22;99.664;0.56;-39.815;-30.123
2024-07-23;99.827;0.531;-42.617;-32.314
2024-07-24;100.042;0.492;-46.872;-35.714
2024-07-25;99.993;0.501;-48.312;-36.427
2024-07-26;99.908;0.516;-45.482;-34.203
2024-07-29;100.11;0.48;-46.513;-35.251
2024-07-30;100.253;0.455;-45.634;-34.662
2024-07-31;100.583;0.396;-47.241;-35.817
2024-08-01;100.95;0.331;-47.824;-35.874
2024-08-02;101.003;0.322;-50.376;-38.215
2024-08-05;100.825;0.353;-53.259;-40.377
2024-08-06;100.795;0.358;-48.047;-35.743
2024-08-07;100.618;0.39;-42.7;-32.028
2024-08-08;100.605;0.392;-44.629;-33.436
2024-08-09;100.605;0.392;-44.005;-32.771
2024-08-12;100.775;0.362;-43.306;-32.47
2024-08-13;100.893;0.341;-44.319;-33.439
2024-08-14;100.765;0.363;-42.371;-31.712
2024-08-15;100.434;0.422;-40.939;-30.009
2024-08-16;100.366;0.434;-40.776;-29.954
2024-08-19;100.28;0.45;-39.148;-29.259
2024-08-20;100.349;0.437;-37.338;-28.033
2024-08-21;100.435;0.422;-38.54;-28.967
2024-08-22;100.253;0.454;-38.636;-28.81
2024-08-23;100.506;0.409;-38.087;-28.191
2024-08-26;100.619;0.389;-38.879;-29.149
2024-08-27;100.31;0.444;-36.05;-26.973
2024-08-28;100.281;0.449;-35.15;-26.388
2024-08-29;100.191;0.465;-36.005;-26.895
2024-08-30;99.994;0.501;-36.931;-27.38
2024-09-02;99.935;0.512;-35.238;-26.217
2024-09-03;100.107;0.481;-36.195;-27.153
2024-09-04;100.227;0.459;-37.285;-28.079
2024-09-05;100.321;0.442;-36.774;-27.558
2024-09-06;100.446;0.419;-42.087;-31.491
2024-09-09;100.533;0.403;-38.148;-28.498
2024-09-10;100.583;0.394;-41.37;-30.941
2024-09-11;100.553;0.4;-40.076;-29.901
2024-09-12;100.401;0.427;-32.761;-27.985
2024-09-13;100.6;0.391;-33.4;-28.381
2024-09-16;100.804;0.354;-31.473;-27.074
2024-09-17;100.788;0.357;-32.325;-27.585
2024-09-18;100.591;0.392;-31.86;-27.107
2024-09-19;100.565;0.397;-32.112;-27.375
2024-09-20;100.519;0.405;-32.367;-27.342
2024-09-23;100.827;0.349;-33.102;-28.623
2024-09-24;101.048;0.309;-34.282;-29.711
2024-09-25;100.993;0.319;-34.971;-30.003
2024-09-26;100.861;0.343;-35.943;-30.878
2024-09-27;100.904;0.335;-35.0;-30.279
2024-09-30;101.094;0.3;-35.266;-30.455
2024-10-01;101.542;0.219;-35.842;-30.926
2024-10-02;101.595;0.21;-38.085;-32.655
2024-10-03;101.583;0.211;-38.001;-32.573
2024-10-04;101.244;0.273;-37.154;-31.796
2024-10-07;101.2;0.28;-39.236;-33.498
2024-10-08;101.158;0.288;-41.759;-35.473
2024-10-09;100.982;0.32;-40.007;-34.146
2024-10-10;101.401;0.243;-40.735;-34.735
2024-10-11;101.452;0.234;-8.605;-32.541
2024-10-14;101.272;0.267;-36.72;-31.732
2024-10-15;101.16;0.287;-34.478;-30.07
2024-10-16;101.258;0.269;-35.267;-30.656
2024-10-17;101.276;0.265;-33.693;-29.42
2024-10-18;101.341;0.253;-33.748;-29.554
2024-10-21;100.934;0.328;-29.365;-25.785
2024-10-22;101.061;0.304;-28.851;-25.258
2024-10-23;101.093;0.298;-30.516;-26.794
2024-10-24;101.024;0.311;-29.537;-25.611
2024-10-25;100.719;0.367;-26.304;-22.982
2024-10-28;100.62;0.385;-26.65;-23.56
2024-10-29;100.272;0.449;-22.551;-20.245
2024-10-30;100.006;0.499;-20.853;-18.736
2024-10-31;100.126;0.476;-19.992;-17.842
2024-11-01;100.327;0.439;-14.437;-13.846
2024-11-04;100.36;0.433;-17.004;-15.955
2024-11-05;100.405;0.424;-17.47;-16.354
2024-11-06;100.936;0.326;-15.642;-15.115
2024-11-07;100.563;0.395;-10.905;-10.756
2024-11-08;100.703;0.369;-12.965;-12.154
2024-11-11;100.738;0.362;-11.074;-11.081
2024-11-12;100.701;0.369;-13.231;-12.512
2024-11-13;100.474;0.411;-11.616;-11.096
2024-11-14;100.783;0.353;-10.148;-9.733
2024-11-15;100.67;0.374;-6.662;-7.101
2024-11-18;100.676;0.373;-5.314;-6.241
2024-11-19;100.796;0.351;-11.503;-10.858
2024-11-20;100.735;0.362;-11.94;-11.236
2024-11-21;100.895;0.332;-17.417;-15.492
2024-11-22;101.264;0.263;-16.802;-15.795
2024-11-25;101.246;0.266;-16.67;-15.511
2024-11-26;101.343;0.248;-19.609;-17.351
2024-11-27;101.391;0.239;-20.913;-18.516
2024-11-28;101.527;0.214;-19.735;-17.761
2024-11-29;101.848;0.154;-19.238;-17.423
2024-12-02;101.955;0.134;-22.779;-20.379
2024-12-03;101.752;0.171;-19.194;-17.091
2024-12-04;101.765;0.169;-20.122;-17.541
2024-12-05;101.416;0.233;-18.908;-16.487
2024-12-06;101.395;0.237;-17.589;-15.571
2024-12-09;101.322;0.251;-15.562;-14.389
2024-12-10;101.478;0.221;-15.969;-14.717
2024-12-11;101.512;0.215;-15.598;-14.626
2024-12-12;101.171;0.278;-16.777;-15.351
2024-12-13;101.027;0.305;-17.126;-15.354
2024-12-16;101.014;0.308;-17.083;-15.67
2024-12-17;100.814;0.345;-17.061;-15.764
2024-12-18;100.885;0.332;-17.558;-16.144
2024-12-19;100.681;0.37;-19.934;-17.775
2024-12-20;100.725;0.362;-19.648;-17.527
2024-12-23;100.506;0.403;-19.049;-16.965
2024-12-24;100.506;0.403;-24.684;-17.28
2024-12-25;100.506;0.403;-24.726;-17.334
2024-12-27;100.287;0.445;-18.369;-16.453
2024-12-30;100.363;0.43;-17.024;-15.404
2024-12-31;100.363;0.43;-21.493;-15.164
2025-01-01;100.363;0.43;-24.04;-17.262
2025-01-02;100.621;0.381;-21.923;-19.214
2025-01-03;100.461;0.411;-20.594;-17.914
2025-01-06;100.598;0.385;-22.271;-19.555
2025-01-07;100.599;0.385;-21.675;-19.465
2025-01-08;100.501;0.404;-22.689;-20.249
2025-01-09;100.321;0.438;-20.783;-18.683
2025-01-10;100.153;0.47;-20.409;-18.149
2025-01-13;100.237;0.454;-24.719;-18.155
2025-01-14;100.066;0.487;-25.494;-18.86
2025-01-15;100.442;0.415;-23.162;-16.987
2025-01-16;100.486;0.406;-19.288;-17.867
2025-01-17;100.546;0.394;-17.214;-16.198
2025-01-20;100.491;0.405;-17.248;-16.245
2025-01-21;100.375;0.427;-16.598;-15.737
2025-01-22;100.251;0.451;-14.781;-14.071
2025-01-23;100.363;0.429;-14.445;-13.631
2025-01-24;100.165;0.468;-12.296;-11.793
2025-01-27;100.234;0.454;-13.851;-13.439
2025-01-28;100.188;0.463;-12.056;-11.817
2025-01-29;100.196;0.462;-11.656;-11.693
2025-01-30;100.522;0.398;-11.706;-11.893
2025-01-31;100.759;0.352;-10.986;-11.572
2025-02-03;101.169;0.273;-9.109;-10.22
2025-02-04;100.934;0.318;-8.293;-8.965
2025-02-05;100.814;0.341;-8.21;-8.903
2025-02-06;100.835;0.337;-7.781;-8.471
2025-02-07;100.885;0.327;-7.233;-8.115
2025-02-10;101.011;0.303;-6.592;-7.88
2025-02-11;100.791;0.345;-8.022;-8.953
2025-02-12;100.431;0.415;-7.45;-8.421
2025-02-13;100.455;0.411;-9.274;-10.093
2025-02-14;100.312;0.439;-10.155;-10.742
2025-02-17;100.066;0.487;-6.913;-8.259
2025-02-18;100.128;0.475;-4.751;-6.555
2025-02-19;99.948;0.51;-3.601;-5.29
2025-02-20;100.034;0.493;-4.628;-6.024
2025-02-21;100.149;0.471;-6.684;-7.642
2025-02-24;100.139;0.472;-2.853;-4.769
2025-02-25;100.082;0.484;-2.009;-4.102
2025-02-26;100.263;0.448;-3.868;-5.377
2025-02-27;100.527;0.396;-3.697;-5.348
2025-02-28;100.445;0.412;-2.78;-4.369
2025-03-03;100.411;0.419;5.719;2.256
2025-03-04;100.392;0.422;5.877;2.037
2025-03-05;99.733;0.553;6.43;2.973
2025-03-06;99.569;0.586;3.802;0.64
2025-03-07;99.381;0.624;6.24;2.267
2025-03-10;99.461;0.608;7.433;3.11
2025-03-11;99.551;0.59;11.239;5.916
2025-03-12;99.577;0.585;9.428;4.787
2025-03-13;99.571;0.586;10.492;5.396
2025-03-14;99.572;0.586;9.344;4.278
2025-03-17;99.655;0.569;9.169;3.856
2025-03-18;99.688;0.563;5.262;4.616
2025-03-19;99.724;0.555;6.074;5.241
2025-03-20;99.875;0.525;8.162;2.986
2025-03-21;100.089;0.482;4.335;-0.138
2025-03-24;100.171;0.466;5.494;0.503
2025-03-25;100.014;0.497;2.878;-1.405
2025-03-26;100.068;0.486;4.133;-0.522
2025-03-27;100.218;0.456;3.438;-1.188
2025-03-28;100.393;0.421;2.838;-1.709
2025-03-31;100.47;0.406;2.707;-1.725
2025-04-01;100.555;0.388;-6.603;-8.827
2025-04-02;100.417;0.416;-4.27;-7.093
2025-04-03;100.581;0.383;-7.982;-10.015
2025-04-04;100.702;0.359;-14.666;-15.225
2025-04-07;100.652;0.369;-20.367;-19.887
2025-04-08;100.447;0.41;-14.891;-15.414
2025-04-09;100.413;0.417;-21.917;-21.098
2025-04-10;100.438;0.411;-15.756;-16.174
2025-04-11;100.129;0.474;-24.334;-23.366
2025-04-14;100.47;0.405;-17.115;-16.981
2025-04-15;100.239;0.451;-14.495;-14.969
2025-04-16;100.458;0.407;-14.988;-15.159
2025-04-17;100.743;0.349;-15.292;-15.087
2025-04-18;100.743;0.349;-16.517;-16.166
2025-04-22;100.988;0.3;-15.242;-15.429
2025-04-23;100.803;0.337;-12.497;-12.581
2025-04-24;101.171;0.262;-15.033;-14.795
2025-04-25;100.986;0.299;-11.906;-12.506
2025-04-28;100.711;0.355;-10.914;-11.708
2025-04-29;100.618;0.374;-11.739;-12.337
2025-04-30;101.013;0.293;-15.578;-15.229
2025-05-02;100.689;0.359;-14.91;-14.896
2025-05-05;100.729;0.351;-14.227;-14.549
2025-05-06;100.805;0.335;-14.448;-14.875
2025-05-07;100.899;0.316;-16.925;-16.804
2025-05-08;100.586;0.38;-14.509;-14.695
2025-05-09;100.598;0.377;-16.436;-15.926
2025-05-12;100.237;0.451;-12.775;-13.157
2025-05-13;100.16;0.467;-12.035;-12.671
2025-05-14;100.038;0.492;-11.783;-12.631
2025-05-15;100.229;0.453;-13.309;-13.772
2025-05-16;100.327;0.432;-12.671;-13.343
2025-05-19;100.375;0.423;-14.063;-14.415
2025-05-20;100.362;0.425;-14.175;-14.542
2025-05-21;100.246;0.449;-14.475;-14.616
2025-05-22;100.2;0.459;-16.471;-16.082
2025-05-23;100.363;0.425;-25.31;-18.601
2025-05-26;100.288;0.44;-22.961;-16.891
2025-05-27;100.159;0.467;-21.48;-15.552
2025-05-28;100.173;0.464;-20.073;-14.27
2025-05-29;100.233;0.451;-23.397;-16.837
2025-05-30;100.197;0.459;-21.904;-15.781
2025-06-02;100.126;0.474;-24.831;-18.189
2025-06-03;100.073;0.485;-23.622;-17.372
2025-06-04;99.985;0.503;-26.54;-19.623
2025-06-05;99.684;0.566;-23.219;-16.656
2025-06-06;99.776;0.547;-23.818;-17.044
2025-06-09;99.852;0.531;-22.489;-16.311
2025-06-10;99.942;0.512;-22.764;-16.468
2025-06-11;99.977;0.505;-21.988;-15.943
2025-06-12;100.19;0.46;-24.762;-17.954
2025-06-13;100.198;0.458;-26.219;-19.026
2025-06-16;100.199;0.458;-27.359;-20.067
2025-06-17;100.257;0.446;-26.66;-19.606
2025-06-18;100.499;0.395;-29.897;-21.985
2025-06-19;100.519;0.391;-29.663;-21.589
2025-06-20;100.45;0.405;-26.783;-19.274
2025-06-23;100.575;0.379;-28.598;-20.859
2025-06-24;100.079;0.483;-26.965;-19.812
2025-06-25;99.987;0.503;-24.578;-17.996
2025-06-26;100.092;0.48;-27.067;-19.829
2025-06-27;99.97;0.506;-24.514;-17.777
2025-06-30;99.86;0.53;-23.911;-17.655
2025-07-01;99.986;0.503;-20.702;-15.214
2025-07-02;99.932;0.514;-21.149;-15.408
2025-07-03;100.07;0.485;-22.722;-16.54
2025-07-04;100.013;0.497;-22.914;-16.705
2025-07-07;99.937;0.513;-22.051;-16.133
2025-07-08;99.804;0.542;-20.527;-14.917
2025-07-09;99.87;0.528;-20.49;-15.174
2025-07-10;99.74;0.556;-21.34;-15.858
2025-07-11;99.684;0.568;-19.887;-14.62
2025-07-14;99.778;0.547;-23.208;-17.569
2025-07-15;99.838;0.535;-21.636;-16.363
2025-07-16;99.947;0.511;-22.907;-17.302
2025-07-17;99.958;0.509;-23.042;-17.178
2025-07-18;99.936;0.514;-22.406;-16.531
2025-07-21;100.233;0.45;-23.978;-17.964
2025-07-22;100.31;0.434;-24.897;-18.595
2025-07-23;100.174;0.463;-25.431;-18.993
2025-07-24;99.896;0.522;-22.024;-15.962
2025-07-25;99.8;0.543;-21.228;-15.438
2025-07-28;99.889;0.524;-21.758;-16.421
2025-07-29;99.82;0.539;-21.92;-16.404
2025-07-30;99.858;0.531;-21.972;-16.376
2025-07-31;99.892;0.523;-23.547;-17.316
2025-08-01;99.878;0.526;-21.984;-16.183
2025-08-04;99.925;0.516;-21.164;-15.812
2025-08-05;99.95;0.511;-21.335;-15.922
2025-08-06;99.913;0.519;-19.313;-14.43
2025-08-07;99.895;0.523;-20.366;-15.077
2025-08-08;99.653;0.575;-18.339;-13.486
2025-08-11;99.627;0.581;-16.656;-12.271
2025-08-12;99.516;0.605;-15.822;-11.762
2025-08-13;99.676;0.57;-17.046;-12.747
2025-08-14;99.592;0.589;-17.761;-13.232
2025-08-15;99.369;0.638;-16.218;-12.005
2025-08-18;99.434;0.624;-15.606;-11.719
2025-08-19;99.455;0.619;-15.237;-11.428
2025-08-20;99.576;0.593;-15.48;-11.544
2025-08-21;99.351;0.642;-15.432;-11.15
2025-08-22;99.558;0.597;-16.645;-11.972
2025-08-25;99.484;0.613;-17.645;-12.911
2025-08-26;99.677;0.571;-19.883;-14.61
2025-08-27;99.9;0.522;-21.574;-15.925
2025-08-28;99.811;0.541;-21.893;-16.08
2025-08-29;99.711;0.564;-21.158;-15.559
2025-09-01;99.672;0.572;-18.442;-13.676
2025-09-02;99.576;0.593;-17.854;-13.25
2025-09-03;99.677;0.571;-19.229;-14.393
2025-09-04;99.684;0.57;-19.585;-14.535
2025-09-05;99.77;0.551;-21.257;-15.859
2025-09-08;99.826;0.538;-20.329;-15.305
2025-09-09;99.82;0.54;-20.158;-15.15
2025-09-10;99.838;0.536;-20.642;-15.496
2025-09-11;99.636;0.581;-19.29;-14.33
2025-09-12;99.498;0.611;-19.043;-14.082
2025-09-15;99.553;0.599;-16.986;-12.637
2025-09-16;99.636;0.581;-17.236;-12.801
2025-09-17;99.656;0.576;-18.916;-14.048
2025-09-18;99.593;0.591;-18.614;-13.805
2025-09-19;99.487;0.614;-17.429;-12.983
2025-09-22;99.513;0.609;-17.275;-12.986
2025-09-23;99.504;0.611;-16.578;-12.405
2025-09-24;99.556;0.599;-18.135;-13.623
2025-09-25;99.466;0.619;-18.353;-13.779
2025-09-26;99.631;0.583;-18.763;-14.135
2025-09-29;99.628;0.583;-18.824;-14.263
2025-09-30;99.529;0.606;-18.651;-14.126
2025-10-01;99.617;0.586;-17.493;-13.202
2025-10-02;99.598;0.59;-18.127;-13.707
2025-10-03;99.594;0.591;-16.701;-12.646
2025-10-06;99.645;0.58;-20.667;-15.777
2025-10-07;99.667;0.575;-21.414;-16.366
2025-10-08;99.77;0.552;-21.336;-16.309
2025-10-09;99.732;0.56;-20.633;-15.805
2025-10-10;99.895;0.524;-23.961;-18.383
2025-10-13;99.975;0.506;-21.735;-16.708
2025-10-14;99.965;0.508;-23.119;-17.759
2025-10-15;100.08;0.482;-24.9;-19.085
2025-10-16;100.085;0.481;-23.922;-18.362
2025-10-17;99.988;0.503;-23.329;-17.946
2025-10-20;99.974;0.506;-23.03;-17.626
2025-10-21;100.032;0.493;-22.545;-17.334
2025-10-22;100.082;0.481;-22.785;-17.398
2025-10-23;100.065;0.485;-23.106;-17.577
2025-10-24;99.862;0.531;-21.752;-16.583
2025-10-27;99.86;0.532;-21.361;-16.503
2025-10-28;99.803;0.545;-22.869;-17.689
2025-10-29;99.834;0.538;-22.68;-17.504
2025-10-30;99.825;0.54;-22.656;-17.419
2025-10-31;99.959;0.509;-22.571;-17.428
2025-11-03;99.837;0.537;-21.67;-16.84
2025-11-04;99.867;0.53;-22.563;-17.451
2025-11-05;99.818;0.542;-22.595;-17.447
2025-11-06;99.91;0.521;-24.62;-18.846
2025-11-07;99.895;0.524;-26.536;-20.266
2025-11-10;99.795;0.547;-24.734;-19.009
2025-11-11;99.83;0.539;-24.195;-18.596
2025-11-12;99.862;0.532;-25.813;-19.938
2025-11-13;99.699;0.569;-25.301;-19.442
2025-11-14;99.668;0.576;-24.643;-18.885
2025-11-17;99.708;0.567;-25.699;-19.842
2025-11-18;99.78;0.551;-26.242;-20.375
2025-11-19;99.743;0.559;-27.517;-21.31
2025-11-20;99.745;0.559;-27.791;-21.24
2025-11-21;99.693;0.571;-26.469;-20.153
2025-11-24;99.72;0.565;-26.064;-19.968
2025-11-25;99.715;0.566;-26.299;-20.147
2025-11-26;99.741;0.56;-25.326;-19.369
2025-11-27;99.72;0.565;-24.834;-18.825
2025-11-28;99.701;0.569;-25.459;-19.247
2025-12-01;99.485;0.62;-24.784;-18.997
2025-12-02;99.495;0.618;-24.653;-18.884
2025-12-03;99.489;0.619;-23.647;-18.032
2025-12-04;99.412;0.637;-21.902;-16.625
2025-12-05;99.338;0.655;-23.493;-18.005
2025-12-08;99.097;0.712;-25.3;-19.603
2025-12-09;99.097;0.712;-24.807;-19.398
2025-12-10;99.071;0.718;-25.353;-19.767
2025-12-11;99.109;0.71;-24.961;-19.329
2025-12-12;99.092;0.714;-26.352;-20.367
2025-12-15;99.094;0.713;-27.969;-21.805
2025-12-16;99.026;0.73;-27.615;-21.535
2025-12-17;98.929;0.753;-27.247;-21.068
2025-12-18;98.928;0.753;-27.164;-20.723
2025-12-19;98.798;0.785;-26.274;-19.997
2025-12-22;98.902;0.76;-28.39;-21.875
2025-12-23;98.879;0.766;-28.144;-21.323
2025-12-24;98.879;0.767;-28.857;-21.824
2025-12-25;98.879;0.767;-28.973;-21.959
2025-12-29;98.974;0.744;-28.304;-21.769
2025-12-30;98.874;0.768;-26.814;-20.539
2025-12-31;98.874;0.769;-24.735;-18.687
2026-01-01;98.874;0.769;-28.988;-22.065
2026-01-02;98.83;0.779;-27.191;-20.589
2026-01-05;98.936;0.754;-22.359;-16.984
2026-01-06;99.045;0.728;-23.442;-17.842
2026-01-07;99.078;0.72;-21.952;-16.693
2026-01-08;99.107;0.714;-22.447;-16.982
2026-01-09;99.179;0.697;-22.924;-17.331
2026-01-12;99.251;0.679;-21.761;-16.711
2026-01-13;99.376;0.649;-22.538;-17.439
2026-01-14;99.557;0.606;-22.738;-17.584
2026-01-15;99.544;0.609;-23.955;-18.254
2026-01-16;99.608;0.594;-24.855;-18.961
2026-01-19;99.701;0.572;-24.628;-19.062
2026-01-20;99.783;0.552;-25.301;-19.547
2026-01-21;99.697;0.573;-24.72;-19.15
2026-01-22;99.562;0.605;-23.629;-18.061
2026-01-23;99.527;0.614;-24.241;-18.555
2026-01-26;99.681;0.577;-23.437;-18.122
2026-01-27;99.772;0.555;-22.358;-17.3
2026-01-28;99.885;0.528;-23.442;-18.109
2026-01-29;100.04;0.49;-24.175;-18.447
2026-01-30;100.058;0.486;-23.882;-18.282
2026-02-02;99.809;0.546;-25.329;-19.539
2026-02-03;99.703;0.572;-23.595;-18.25
2026-02-04;99.799;0.549;-24.049;-18.658
2026-02-05;99.774;0.555;-23.543;-18.115
2026-02-06;99.803;0.548;-23.291;-17.756
2026-02-09;99.83;0.541;-23.363;-17.827
2026-02-10;99.831;0.541;-24.278;-18.389
