;px_last;yld_ytm_mid;asset_swap_spd_mid;z_sprd_mid
1998-10-06;99.743;4.765;;
1998-10-07;99.453;4.783;;
1998-10-08;95.963;5.013;;
1998-10-09;93.124;5.208;;
1998-10-12;92.908;5.223;;
1998-10-13;94.029;5.145;;
1998-10-14;94.702;5.098;;
1998-10-15;95.421;5.049;;
1998-10-16;94.105;5.14;;
1998-10-19;94.007;5.146;;
1998-10-20;93.964;5.149;;
1998-10-21;94.573;5.107;;
1998-10-22;93.68;5.169;;
1998-10-23;93.084;5.211;;
1998-10-26;92.354;5.263;;
1998-10-27;92.863;5.227;;
1998-10-28;93.067;5.212;;
1998-10-29;93.388;5.19;;
1998-10-30;93.491;5.183;;
1998-11-02;93.165;5.206;;
1998-11-03;93.561;5.178;;
1998-11-04;93.303;5.196;;
1998-11-05;93.136;5.208;;
1998-11-06;92.851;5.228;;
1998-11-09;92.795;5.232;;
1998-11-10;92.942;5.221;;
1998-11-11;93.072;5.212;;
1998-11-12;93.388;5.19;;
1998-11-13;93.611;5.174;;
1998-11-16;93.503;5.182;;
1998-11-17;93.593;5.176;;
1998-11-18;94.574;5.108;;
1998-11-19;95.595;5.038;;
1998-11-20;96.229;4.995;;
1998-11-23;96.662;4.966;;
1998-11-24;96.672;4.965;;
1998-11-25;96.974;4.945;;
1998-11-26;98.049;4.874;;
1998-11-27;98.446;4.848;;
1998-11-30;98.857;4.822;;
1998-12-01;98.792;4.826;;
1998-12-02;98.909;4.818;;
1998-12-03;98.918;4.818;;
1998-12-04;99.52;4.779;;
1998-12-07;99.54;4.778;;
1998-12-08;99.934;4.752;;
1998-12-09;101.647;4.645;;
1998-12-10;102.062;4.619;;
1998-12-11;101.781;4.636;;
1998-12-14;101.015;4.684;;
1998-12-15;100.556;4.713;;
1998-12-16;100.366;4.725;;
1998-12-17;100.397;4.723;;
1998-12-18;100.795;4.698;;
1998-12-21;100.09;4.743;;
1998-12-22;98.86;4.821;;
1998-12-23;99.012;4.812;;
1998-12-24;98.96;4.815;;
1998-12-25;98.916;4.818;;
1998-12-28;98.593;4.839;;
1998-12-29;99.288;4.794;;
1998-12-30;99.546;4.777;;
1998-12-31;99.614;4.773;;
1999-01-01;99.56;4.776;;
1999-01-04;101.41;4.659;;
1999-01-05;101.637;4.645;;
1999-01-06;102.095;4.617;;
1999-01-07;101.562;4.65;;
1999-01-08;101.677;4.643;;
1999-01-11;101.677;4.643;;
1999-01-12;101.599;4.648;;
1999-01-13;101.655;4.644;;
1999-01-14;101.665;4.643;;
1999-01-15;101.647;4.645;;
1999-01-18;101.525;4.652;;
1999-01-19;101.941;4.626;;
1999-01-20;101.567;4.65;;
1999-01-21;102.526;4.59;;
1999-01-22;103.053;4.558;;
1999-01-25;103.053;4.558;;
1999-01-26;103.019;4.56;;
1999-01-27;103.138;4.553;;
1999-01-28;102.752;4.576;;
1999-01-29;102.712;4.579;;
1999-02-01;102.155;4.613;;
1999-02-02;101.97;4.624;;
1999-02-03;101.252;4.669;;
1999-02-04;100.001;4.748;;
1999-02-05;100.577;4.712;;
1999-02-08;99.835;4.759;;
1999-02-09;100.447;4.72;;
1999-02-10;100.588;4.711;;
1999-02-11;100.864;4.694;;
1999-02-12;99.997;4.749;;
1999-02-15;98.3;4.858;;
1999-02-16;98.303;4.858;;
1999-02-17;98.578;4.84;;
1999-02-18;98.451;4.848;;
1999-02-19;98.888;4.82;;
1999-02-22;98.986;4.814;;
1999-02-23;99.399;4.787;;
1999-02-24;99.211;4.799;;
1999-02-25;97.959;4.881;;
1999-02-26;97.068;4.94;;
1999-03-01;95.449;5.049;;
1999-03-02;95.729;5.03;;
1999-03-03;94.833;5.091;;
1999-03-04;94.385;5.122;;
1999-03-05;96.61;4.97;;
1999-03-08;95.518;5.044;;
1999-03-09;94.949;5.083;;
1999-03-10;95.46;5.048;;
1999-03-11;95.723;5.031;;
1999-03-12;96.241;4.995;;
1999-03-15;96.106;5.005;;
1999-03-16;96.774;4.96;;
1999-03-17;97.513;4.91;;
1999-03-18;97.681;4.899;;
1999-03-19;97.403;4.918;;
1999-03-22;96.995;4.945;;
1999-03-23;96.746;4.962;;
1999-03-24;96.602;4.971;;
1999-03-25;96.718;4.964;;
1999-03-26;95.607;5.039;;
1999-03-29;95.572;5.041;;
1999-03-30;95.767;5.028;;
1999-03-31;96.636;4.969;;
1999-04-01;96.549;4.975;;
1999-04-02;96.528;4.976;;
1999-04-05;96.48;4.98;;
1999-04-06;97.839;4.889;;
1999-04-07;98.495;4.846;;
1999-04-08;98.446;4.849;;
1999-04-09;99.53;4.779;;
1999-04-12;100.031;4.747;;
1999-04-13;99.171;4.802;;
1999-04-14;99.282;4.795;;
1999-04-15;98.467;4.848;;
1999-04-16;98.17;4.867;;
1999-04-19;98.144;4.869;;
1999-04-20;98.891;4.82;;
1999-04-21;99.172;4.802;;
1999-04-22;99.071;4.809;;
1999-04-23;99.092;4.807;;
1999-04-26;98.432;4.85;;
1999-04-27;98.718;4.832;;
1999-04-28;98.415;4.852;;
1999-04-29;98.672;4.835;;
1999-04-30;98.235;4.863;;
1999-05-03;98.01;4.878;;
1999-05-04;97.357;4.922;;
1999-05-05;97.189;4.933;;
1999-05-06;96.442;4.983;;
1999-05-07;96.695;4.966;;
1999-05-10;95.984;5.014;;
1999-05-11;95.736;5.031;;
1999-05-12;95.838;5.024;;
1999-05-13;95.884;5.021;;
1999-05-14;94.428;5.121;;
1999-05-17;94.64;5.107;;
1999-05-18;95.046;5.079;;
1999-05-19;94.998;5.082;;
1999-05-20;95.565;5.043;;
1999-05-21;96.07;5.009;;
1999-05-24;96.08;5.008;;
1999-05-25;95.945;5.017;;
1999-05-26;96.02;5.012;;
1999-05-27;95.267;5.064;;
1999-05-28;94.952;5.085;;
1999-05-31;94.744;5.1;;
1999-06-01;93.398;5.194;;
1999-06-02;92.949;5.226;;
1999-06-03;93.009;5.222;;
1999-06-04;92.776;5.239;;
1999-06-07;93.357;5.197;;
1999-06-08;93.33;5.199;;
1999-06-09;92.761;5.24;;
1999-06-10;91.345;5.343;;
1999-06-11;91.653;5.32;;
1999-06-14;91.834;5.307;;
1999-06-15;92.378;5.268;;
1999-06-16;92.773;5.24;;
1999-06-17;93.602;5.181;;
1999-06-18;93.664;5.176;;
1999-06-21;92.569;5.254;;
1999-06-22;91.689;5.318;;
1999-06-23;90.85;5.38;;
1999-06-24;89.276;5.498;;
1999-06-25;89.999;5.443;;
1999-06-28;90.169;5.431;;
1999-06-29;90.702;5.391;;
1999-06-30;90.71;5.391;;
1999-07-01;90.089;5.437;;
1999-07-02;89.775;5.46;;
1999-07-05;89.672;5.468;;
1999-07-06;88.96;5.522;;
1999-07-07;88.489;5.558;;
1999-07-08;88.534;5.555;;
1999-07-09;88.953;5.523;;
1999-07-12;89.486;5.482;;
1999-07-13;90.264;5.424;;
1999-07-14;90.242;5.425;;
1999-07-15;88.997;5.519;;
1999-07-16;90.016;5.442;;
1999-07-19;89.783;5.46;;
1999-07-20;90.627;5.397;;
1999-07-21;90.949;5.373;;
1999-07-22;90.376;5.415;;
1999-07-23;90.087;5.437;;
1999-07-26;89.914;5.45;;
1999-07-27;89.921;5.45;;
1999-07-28;89.853;5.455;;
1999-07-29;88.922;5.525;;
1999-07-30;88.371;5.568;;
1999-08-02;87.694;5.62;;
1999-08-03;87.761;5.615;;
1999-08-04;87.954;5.6;;
1999-08-05;87.337;5.648;;
1999-08-06;87.177;5.661;;
1999-08-09;87.488;5.636;;
1999-08-10;87.428;5.641;;
1999-08-11;87.026;5.673;;
1999-08-12;87.46;5.639;;
1999-08-13;87.703;5.62;;
1999-08-16;87.4;5.643;;
1999-08-17;87.525;5.634;;
1999-08-18;87.621;5.626;;
1999-08-19;87.475;5.637;;
1999-08-20;87.669;5.622;;
1999-08-23;88.18;5.583;;
1999-08-24;88.203;5.581;;
1999-08-25;89.095;5.512;;
1999-08-26;88.793;5.536;;
1999-08-27;88.315;5.572;;
1999-08-30;87.292;5.652;;
1999-08-31;87.287;5.652;;
1999-09-01;87.082;5.669;;
1999-09-02;86.273;5.733;;
1999-09-03;86.901;5.683;;
1999-09-06;86.824;5.689;;
1999-09-07;85.404;5.803;;
1999-09-08;85.987;5.756;;
1999-09-09;85.718;5.778;;
1999-09-10;85.587;5.788;;
1999-09-13;84.781;5.854;;
1999-09-14;84.511;5.877;;
1999-09-15;84.256;5.898;;
1999-09-16;85.067;5.831;;
1999-09-17;85.487;5.797;;
1999-09-20;85.074;5.83;;
1999-09-21;85.319;5.81;;
1999-09-22;85.464;5.799;;
1999-09-23;85.851;5.767;;
1999-09-24;86.895;5.684;;
1999-09-27;86.089;5.748;;
1999-09-28;86.353;5.727;;
1999-09-29;85.628;5.786;;
1999-09-30;86.243;5.736;;
1999-10-01;85.426;5.802;;
1999-10-04;85.604;5.788;;
1999-10-05;85.612;5.787;;
1999-10-06;85.337;5.81;;
1999-10-07;84.865;5.848;;
1999-10-08;84.511;5.877;;
1999-10-11;84.259;5.898;;
1999-10-12;83.314;5.977;;
1999-10-13;83.455;5.966;;
1999-10-14;82.212;6.072;;
1999-10-15;82.772;6.024;;
1999-10-18;82.611;6.037;;
1999-10-19;83.007;6.004;;
1999-10-20;82.244;6.069;;
1999-10-21;83.079;5.998;;
1999-10-22;83.036;6.001;;
1999-10-25;82.487;6.048;;
1999-10-26;82.854;6.017;;
1999-10-27;84.141;5.909;;
1999-10-28;85.255;5.817;;
1999-10-29;86.155;5.744;;
1999-11-01;86.699;5.701;;
1999-11-02;87.318;5.652;;
1999-11-03;86.758;5.696;;
1999-11-04;88.101;5.59;;
1999-11-05;88.521;5.558;;
1999-11-08;88.857;5.532;;
1999-11-09;88.161;5.586;;
1999-11-10;87.642;5.626;;
1999-11-11;87.598;5.63;;
1999-11-12;88.593;5.553;;
1999-11-15;87.986;5.6;;
1999-11-16;88.759;5.54;;
1999-11-17;87.464;5.641;;
1999-11-18;87.19;5.662;;
1999-11-19;86.722;5.699;;
1999-11-22;86.792;5.694;;
1999-11-23;86.419;5.724;;
1999-11-24;85.441;5.803;;
1999-11-25;85.484;5.799;;
1999-11-26;84.925;5.845;;
1999-11-29;84.839;5.852;;
1999-11-30;86.104;5.749;;
1999-12-01;86.405;5.725;;
1999-12-02;85.411;5.806;;
1999-12-03;85.961;5.761;;
1999-12-06;86.866;5.689;;
1999-12-07;87.365;5.649;;
1999-12-08;86.895;5.686;;
1999-12-09;87.322;5.653;;
1999-12-10;88.072;5.594;;
1999-12-13;87.392;5.647;;
1999-12-14;86.319;5.732;;
1999-12-15;86.801;5.694;;
1999-12-16;84.959;5.843;;
1999-12-17;84.427;5.887;;
1999-12-20;84.242;5.903;;
1999-12-21;84.833;5.854;;
1999-12-22;84.507;5.881;;
1999-12-23;84.75;5.861;;
1999-12-24;84.749;5.861;;
1999-12-27;84.81;5.856;;
1999-12-28;84.231;5.904;;
1999-12-29;84.15;5.911;;
1999-12-30;83.582;5.958;;
1999-12-31;83.541;5.962;;
2000-01-03;82.416;6.058;;
2000-01-04;82.424;6.057;;
2000-01-05;82.345;6.064;;
2000-01-06;81.547;6.134;;
2000-01-07;82.588;6.043;;
2000-01-10;82.906;6.016;;
2000-01-11;81.738;6.117;;
2000-01-12;81.533;6.135;;
2000-01-13;81.763;6.115;;
2000-01-14;81.223;6.163;;
2000-01-17;81.052;6.178;;
2000-01-18;80.248;6.249;;
2000-01-19;80.893;6.192;;
2000-01-20;81.155;6.169;;
2000-01-21;81.493;6.139;;
2000-01-24;81.695;6.122;;
2000-01-25;82.468;6.055;;
2000-01-26;82.487;6.053;;
2000-01-27;81.78;6.115;;
2000-01-28;81.836;6.11;;
2000-01-31;82.932;6.015;;
2000-02-01;83.63;5.956;;
2000-02-02;83.667;5.953;;
2000-02-03;84.953;5.846;;
2000-02-04;84.104;5.917;;
2000-02-07;83.58;5.961;;
2000-02-08;84.52;5.882;;
2000-02-09;84.67;5.87;;
2000-02-10;83.704;5.95;;
2000-02-11;83.543;5.964;;
2000-02-14;84.162;5.912;;
2000-02-15;83.943;5.931;;
2000-02-16;83.61;5.959;;
2000-02-17;83.883;5.936;;
2000-02-18;84.237;5.906;;
2000-02-21;84.796;5.86;;
2000-02-22;85.82;5.776;;
2000-02-23;85.386;5.812;;
2000-02-24;85.623;5.792;;
2000-02-25;84.887;5.853;;
2000-02-28;84.363;5.896;;
2000-02-29;84.34;5.898;;
2000-03-01;84.611;5.876;;
2000-03-02;84.391;5.894;;
2000-03-03;85.13;5.833;;
2000-03-06;84.995;5.844;;
2000-03-07;85.034;5.841;;
2000-03-08;84.767;5.863;;
2000-03-09;85.827;5.776;;
2000-03-10;85.459;5.807;;
2000-03-13;85.819;5.777;;
2000-03-14;85.783;5.78;;
2000-03-15;86.326;5.736;;
2000-03-16;87.216;5.665;;
2000-03-17;87.701;5.627;;
2000-03-20;87.794;5.62;;
2000-03-21;88.011;5.603;;
2000-03-22;87.496;5.643;;
2000-03-23;88.366;5.575;;
2000-03-24;87.791;5.62;;
2000-03-27;87.055;5.679;;
2000-03-28;87.256;5.663;;
2000-03-29;86.625;5.713;;
2000-03-30;87.138;5.672;;
2000-03-31;87.763;5.623;;
2000-04-03;87.995;5.605;;
2000-04-04;88.046;5.601;;
2000-04-05;88.261;5.584;;
2000-04-06;87.574;5.638;;
2000-04-07;88.052;5.601;;
2000-04-10;88.534;5.563;;
2000-04-11;88.541;5.563;;
2000-04-12;88.301;5.581;;
2000-04-13;88.29;5.582;;
2000-04-14;87.662;5.632;;
2000-04-17;87.668;5.631;;
2000-04-18;87.426;5.651;;
2000-04-19;87.101;5.676;;
2000-04-20;87.046;5.681;;
2000-04-21;86.973;5.687;;
2000-04-24;87.092;5.677;;
2000-04-25;86.625;5.715;;
2000-04-26;87.389;5.654;;
2000-04-27;87.184;5.67;;
2000-04-28;87.514;5.644;;
2000-05-01;87.506;5.645;;
2000-05-02;87.088;5.678;;
2000-05-03;86.082;5.759;;
2000-05-04;85.652;5.794;;
2000-05-05;86.244;5.746;;
2000-05-08;86.636;5.715;;
2000-05-09;87.332;5.659;;
2000-05-10;87.549;5.642;;
2000-05-11;86.386;5.735;;
2000-05-12;87.0;5.686;;
2000-05-15;87.354;5.658;;
2000-05-16;88.088;5.6;;
2000-05-17;87.417;5.653;;
2000-05-18;87.546;5.643;;
2000-05-19;87.94;5.612;;
2000-05-22;88.999;5.529;;
2000-05-23;88.299;5.584;;
2000-05-24;88.477;5.57;;
2000-05-25;89.284;5.508;;
2000-05-26;89.804;5.468;;
2000-05-29;89.186;5.515;;
2000-05-30;89.301;5.506;;
2000-05-31;90.35;5.427;;
2000-06-01;91.647;5.33;;
2000-06-02;91.075;5.372;;
2000-06-05;90.579;5.409;;
2000-06-06;89.975;5.455;;
2000-06-07;89.735;5.474;;
2000-06-08;89.831;5.466;;
2000-06-09;90.887;5.387;;
2000-06-12;90.83;5.391;;
2000-06-13;90.381;5.425;;
2000-06-14;89.508;5.492;;
2000-06-15;89.441;5.497;;
2000-06-16;90.224;5.437;;
2000-06-19;90.136;5.444;;
2000-06-20;90.412;5.423;;
2000-06-21;89.842;5.466;;
2000-06-22;89.327;5.506;;
2000-06-23;88.83;5.544;;
2000-06-26;89.251;5.512;;
2000-06-27;89.172;5.518;;
2000-06-28;89.265;5.511;;
2000-06-29;89.554;5.489;;
2000-06-30;89.261;5.511;;
2000-07-03;88.771;5.549;;
2000-07-04;88.849;5.543;;
2000-07-05;88.834;5.545;;
2000-07-06;88.143;5.598;;
2000-07-07;88.608;5.562;;
2000-07-10;88.23;5.592;;
2000-07-11;88.883;5.541;;
2000-07-12;88.726;5.553;;
2000-07-13;88.858;5.543;;
2000-07-14;88.472;5.573;;
2000-07-17;88.431;5.576;;
2000-07-18;88.516;5.569;;
2000-07-19;88.842;5.544;;
2000-07-20;89.345;5.505;;
2000-07-21;89.315;5.507;;
2000-07-24;89.461;5.496;;
2000-07-25;89.711;5.477;;
2000-07-26;90.322;5.431;;
2000-07-27;90.596;5.41;;
2000-07-28;90.255;5.436;;
2000-07-31;90.178;5.441;;
2000-08-01;90.785;5.396;;
2000-08-02;90.579;5.411;;
2000-08-03;90.292;5.433;;
2000-08-04;90.168;5.442;;
2000-08-07;90.22;5.438;;
2000-08-08;90.084;5.449;;
2000-08-09;90.749;5.398;;
2000-08-10;90.988;5.38;;
2000-08-11;91.794;5.32;;
2000-08-14;91.586;5.336;;
2000-08-15;90.791;5.395;;
2000-08-16;91.121;5.371;;
2000-08-17;90.884;5.388;;
2000-08-18;90.863;5.39;;
2000-08-21;90.449;5.421;;
2000-08-22;90.621;5.408;;
2000-08-23;90.88;5.389;;
2000-08-24;90.739;5.399;;
2000-08-25;90.662;5.405;;
2000-08-28;90.429;5.423;;
2000-08-29;89.807;5.47;;
2000-08-30;89.783;5.472;;
2000-08-31;89.689;5.479;;
2000-09-01;90.899;5.387;;
2000-09-04;90.597;5.41;;
2000-09-05;90.469;5.42;;
2000-09-06;90.324;5.431;;
2000-09-07;90.099;5.448;;
2000-09-08;89.674;5.481;;
2000-09-11;89.805;5.471;;
2000-09-12;89.272;5.512;;
2000-09-13;88.701;5.556;;
2000-09-14;88.377;5.581;;
2000-09-15;87.482;5.652;;
2000-09-18;86.763;5.71;;
2000-09-19;87.026;5.689;;
2000-09-20;87.285;5.668;;
2000-09-21;87.609;5.642;;
2000-09-22;87.803;5.627;;
2000-09-25;87.613;5.642;;
2000-09-26;87.974;5.613;;
2000-09-27;87.424;5.657;;
2000-09-28;87.937;5.616;;
2000-09-29;88.255;5.591;;
2000-10-02;87.81;5.626;;
2000-10-03;87.686;5.636;;
2000-10-04;87.47;5.654;;
2000-10-05;87.4;5.659;;
2000-10-06;87.664;5.638;;
2000-10-09;87.958;5.615;;
2000-10-10;88.068;5.606;;
2000-10-11;88.571;5.567;;
2000-10-12;88.668;5.559;;
2000-10-13;88.255;5.592;;
2000-10-16;88.1;5.604;;
2000-10-17;87.99;5.613;;
2000-10-18;87.897;5.62;;
2000-10-19;88.083;5.605;;
2000-10-20;88.304;5.588;;
2000-10-23;88.574;5.567;;
2000-10-24;88.533;5.57;;
2000-10-25;87.805;5.628;;
2000-10-26;88.037;5.609;;
2000-10-27;88.085;5.605;;
2000-10-30;87.939;5.617;;
2000-10-31;87.928;5.618;;
2000-11-01;87.967;5.615;;
2000-11-02;87.971;5.615;;
2000-11-03;88.082;5.606;;
2000-11-06;87.872;5.623;;
2000-11-07;87.665;5.639;;
2000-11-08;87.382;5.662;;
2000-11-09;87.552;5.648;;
2000-11-10;87.601;5.644;;
2000-11-13;87.844;5.625;;
2000-11-14;87.801;5.628;;
2000-11-15;87.741;5.633;;
2000-11-16;88.138;5.602;;
2000-11-17;88.037;5.61;;
2000-11-20;88.183;5.598;;
2000-11-21;88.063;5.608;;
2000-11-22;88.707;5.557;;
2000-11-23;88.874;5.544;;
2000-11-24;89.205;5.519;;
2000-11-27;89.202;5.519;;
2000-11-28;89.622;5.486;;
2000-11-29;89.536;5.493;;
2000-11-30;90.327;5.432;;
2000-12-01;90.274;5.437;;
2000-12-04;90.551;5.415;;
2000-12-05;90.251;5.438;;
2000-12-06;89.61;5.488;;
2000-12-07;89.636;5.486;;
2000-12-08;89.51;5.495;;
2000-12-11;89.517;5.495;;
2000-12-12;89.395;5.504;;
2000-12-13;90.022;5.456;;
2000-12-14;90.714;5.403;;
2000-12-15;91.215;5.366;;
2000-12-18;91.259;5.362;;
2000-12-19;90.472;5.422;;
2000-12-20;90.286;5.436;;
2000-12-21;90.328;5.433;;
2000-12-22;90.503;5.42;;
2000-12-25;90.628;5.41;;
2000-12-26;90.63;5.41;;
2000-12-27;90.796;5.398;;
2000-12-28;90.478;5.422;;
2000-12-29;91.246;5.364;;
2001-01-01;91.27;5.362;;
2001-01-02;92.441;5.275;;
2001-01-03;92.912;5.24;;
2001-01-04;92.26;5.288;;
2001-01-05;92.509;5.27;;
2001-01-08;92.447;5.275;;
2001-01-09;91.898;5.315;;
2001-01-10;91.328;5.358;;
2001-01-11;91.443;5.349;;
2001-01-12;90.757;5.401;;
2001-01-15;90.841;5.395;;
2001-01-16;90.25;5.44;;
2001-01-17;90.694;5.406;;
2001-01-18;90.566;5.416;;
2001-01-19;90.092;5.452;;
2001-01-22;90.019;5.458;;
2001-01-23;90.352;5.432;;
2001-01-24;90.213;5.443;;
2001-01-25;90.458;5.424;;
2001-01-26;90.618;5.412;;
2001-01-29;90.785;5.399;;
2001-01-30;91.047;5.38;;
2001-01-31;91.212;5.367;;
2001-02-01;91.238;5.365;;
2001-02-02;91.804;5.323;;
2001-02-05;92.135;5.298;;
2001-02-06;92.176;5.295;;
2001-02-07;92.322;5.285;;
2001-02-08;92.024;5.307;;
2001-02-09;92.355;5.282;;
2001-02-12;92.33;5.284;;
2001-02-13;92.068;5.304;;
2001-02-14;91.792;5.324;;
2001-02-15;91.302;5.361;;
2001-02-16;91.386;5.355;;
2001-02-19;91.47;5.349;;
2001-02-20;91.339;5.358;;
2001-02-21;90.905;5.391;;
2001-02-22;90.839;5.396;;
2001-02-23;91.012;5.383;;
2001-02-26;90.973;5.386;;
2001-02-27;91.543;5.343;;
2001-02-28;91.583;5.341;;
2001-03-01;91.674;5.334;;
2001-03-02;91.695;5.332;;
2001-03-05;91.455;5.35;;
2001-03-06;91.652;5.335;;
2001-03-07;91.478;5.349;;
2001-03-08;92.086;5.303;;
2001-03-09;92.226;5.293;;
2001-03-12;92.359;5.283;;
2001-03-13;91.872;5.319;;
2001-03-14;92.052;5.306;;
2001-03-15;91.76;5.328;;
2001-03-16;91.917;5.316;;
2001-03-19;91.701;5.332;;
2001-03-20;91.617;5.339;;
2001-03-21;92.054;5.306;;
2001-03-22;92.678;5.26;;
2001-03-23;92.595;5.266;;
2001-03-26;92.245;5.292;;
2001-03-27;91.981;5.312;;
2001-03-28;91.985;5.312;;
2001-03-29;91.495;5.348;;
2001-03-30;91.428;5.353;;
2001-04-02;91.037;5.383;;
2001-04-03;91.17;5.373;;
2001-04-04;90.484;5.425;;
2001-04-05;90.652;5.412;;
2001-04-06;91.12;5.377;;
2001-04-09;90.926;5.392;;
2001-04-10;90.559;5.42;;
2001-04-11;89.91;5.47;;
2001-04-12;90.108;5.455;;
2001-04-13;90.041;5.46;;
2001-04-16;89.98;5.464;;
2001-04-17;89.527;5.5;;
2001-04-18;89.102;5.533;;
2001-04-19;88.152;5.608;;
2001-04-20;88.641;5.569;;
2001-04-23;89.002;5.541;;
2001-04-24;88.854;5.552;;
2001-04-25;88.974;5.543;;
2001-04-26;89.564;5.497;;
2001-04-27;88.819;5.556;;
2001-04-30;88.167;5.607;;
2001-05-01;88.304;5.596;;
2001-05-02;88.288;5.598;;
2001-05-03;88.782;5.559;;
2001-05-04;89.028;5.54;;
2001-05-07;89.007;5.541;;
2001-05-08;88.992;5.542;;
2001-05-09;89.066;5.537;;
2001-05-10;88.691;5.566;;
2001-05-11;87.41;5.669;;
2001-05-14;86.673;5.728;;
2001-05-15;86.807;5.718;;
2001-05-16;86.919;5.709;;
2001-05-17;87.25;5.682;;
2001-05-18;87.592;5.654;;
2001-05-21;87.706;5.645;;
2001-05-22;87.199;5.686;;
2001-05-23;86.538;5.74;;
2001-05-24;86.203;5.768;;
2001-05-25;85.888;5.794;;
2001-05-28;86.016;5.783;;
2001-05-29;86.491;5.744;;
2001-05-30;86.616;5.734;;
2001-05-31;86.506;5.743;;
2001-06-01;87.396;5.671;;
2001-06-04;87.258;5.682;;
2001-06-05;87.88;5.632;;
2001-06-06;87.372;5.673;;
2001-06-07;86.978;5.705;;
2001-06-08;87.393;5.672;;
2001-06-11;87.522;5.662;;
2001-06-12;87.307;5.679;;
2001-06-13;87.381;5.673;;
2001-06-14;87.867;5.634;;
2001-06-15;87.71;5.647;;
2001-06-18;87.771;5.642;;
2001-06-19;87.527;5.662;;
2001-06-20;87.756;5.643;;
2001-06-21;88.305;5.6;;
2001-06-22;88.436;5.589;;
2001-06-25;88.291;5.601;;
2001-06-26;88.066;5.619;;
2001-06-27;88.281;5.602;;
2001-06-28;87.787;5.642;;
2001-06-29;86.891;5.714;;
2001-07-02;86.936;5.71;;
2001-07-03;86.747;5.726;;
2001-07-04;86.853;5.717;;
2001-07-05;86.985;5.707;;
2001-07-06;87.555;5.66;;
2001-07-09;87.348;5.677;;
2001-07-10;87.321;5.679;;
2001-07-11;87.574;5.659;;
2001-07-12;87.716;5.648;;
2001-07-13;87.545;5.661;;
2001-07-16;87.842;5.637;;
2001-07-17;88.243;5.605;;
2001-07-18;88.475;5.587;;
2001-07-19;88.763;5.564;;
2001-07-20;89.106;5.537;;
2001-07-23;88.889;5.554;;
2001-07-24;88.799;5.561;;
2001-07-25;88.495;5.585;;
2001-07-26;88.854;5.557;;
2001-07-27;89.388;5.515;;
2001-07-30;89.382;5.516;;
2001-07-31;89.749;5.487;;
2001-08-01;89.258;5.525;;
2001-08-02;89.063;5.541;;
2001-08-03;89.203;5.53;;
2001-08-06;89.24;5.527;;
2001-08-07;89.35;5.518;;
2001-08-08;89.229;5.528;;
2001-08-09;90.081;5.461;;
2001-08-10;90.518;5.428;;
2001-08-13;90.662;5.417;;
2001-08-14;90.197;5.452;;
2001-08-15;90.271;5.447;;
2001-08-16;90.374;5.439;;
2001-08-17;90.885;5.4;;
2001-08-20;90.636;5.419;;
2001-08-21;90.196;5.453;;
2001-08-22;90.001;5.468;;
2001-08-23;90.006;5.467;;
2001-08-24;89.6;5.499;;
2001-08-27;89.7;5.491;;
2001-08-28;90.346;5.441;;
2001-08-29;90.389;5.438;;
2001-08-30;90.602;5.421;;
2001-08-31;90.155;5.456;;
2001-09-03;90.189;5.453;;
2001-09-04;88.959;5.549;;
2001-09-05;88.894;5.555;;
2001-09-06;89.355;5.518;;
2001-09-07;89.811;5.483;;
2001-09-10;89.305;5.522;;
2001-09-11;89.823;5.482;;
2001-09-12;88.612;5.577;;
2001-09-13;88.231;5.608;;
2001-09-14;88.418;5.593;;
2001-09-17;88.146;5.614;;
2001-09-18;87.676;5.652;;
2001-09-19;87.141;5.696;;
2001-09-20;87.23;5.689;;
2001-09-21;86.554;5.744;;
2001-09-24;86.844;5.72;;
2001-09-25;87.709;5.65;;
2001-09-26;88.403;5.594;;
2001-09-27;89.016;5.546;;
2001-09-28;88.869;5.557;;
2001-10-01;89.139;5.536;;
2001-10-02;89.966;5.471;;
2001-10-03;90.36;5.441;;
2001-10-04;90.109;5.46;;
2001-10-05;90.377;5.439;;
2001-10-08;89.89;5.477;;
2001-10-09;89.614;5.499;;
2001-10-10;89.956;5.472;;
2001-10-11;90.037;5.466;;
2001-10-12;90.419;5.436;;
2001-10-15;90.923;5.398;;
2001-10-16;91.252;5.372;;
2001-10-17;91.211;5.376;;
2001-10-18;91.599;5.346;;
2001-10-19;91.336;5.366;;
2001-10-22;91.731;5.336;;
2001-10-23;91.639;5.343;;
2001-10-24;92.266;5.296;;
2001-10-25;92.993;5.242;;
2001-10-26;93.407;5.211;;
2001-10-29;94.147;5.157;;
2001-10-30;94.522;5.13;;
2001-10-31;95.67;5.047;;
2001-11-01;98.339;4.861;;
2001-11-02;97.013;4.953;;
2001-11-05;96.9;4.96;;
2001-11-06;96.54;4.986;;
2001-11-07;97.252;4.936;;
2001-11-08;97.178;4.941;;
2001-11-09;97.032;4.951;;
2001-11-12;97.193;4.94;;
2001-11-13;96.193;5.01;;
2001-11-14;95.239;5.078;;
2001-11-15;94.509;5.131;;
2001-11-16;94.186;5.154;;
2001-11-19;94.462;5.134;;
2001-11-20;94.313;5.145;;
2001-11-21;93.446;5.209;;
2001-11-22;93.222;5.225;;
2001-11-23;93.618;5.196;;
2001-11-26;94.015;5.167;;
2001-11-27;92.348;5.29;;
2001-11-28;92.703;5.264;;
2001-11-29;93.52;5.203;;
2001-11-30;94.014;5.167;;
2001-12-03;94.752;5.113;;
2001-12-04;95.261;5.077;;
2001-12-05;92.749;5.261;;
2001-12-06;93.106;5.234;;
2001-12-07;91.5;5.355;;
2001-12-10;92.116;5.308;;
2001-12-11;92.672;5.267;;
2001-12-12;93.729;5.188;;
2001-12-13;93.613;5.197;;
2001-12-14;93.982;5.17;;
2001-12-17;92.666;5.267;;
2001-12-18;92.798;5.257;;
2001-12-19;93.005;5.242;;
2001-12-20;92.624;5.27;;
2001-12-21;91.907;5.324;;
2001-12-24;91.993;5.318;;
2001-12-25;92.101;5.31;;
2001-12-26;92.101;5.31;;
2001-12-27;91.219;5.377;;
2001-12-28;90.553;5.428;;
2001-12-31;90.59;5.425;;
2002-01-01;90.593;5.425;;
2002-01-02;91.028;5.392;;
2002-01-03;91.522;5.354;;
2002-01-04;91.298;5.371;;
2002-01-07;92.748;5.262;;
2002-01-08;92.516;5.279;;
2002-01-09;92.307;5.295;;
2002-01-10;92.685;5.266;;
2002-01-11;93.267;5.223;;
2002-01-14;93.987;5.17;;
2002-01-15;93.932;5.174;;
2002-01-16;93.825;5.182;;
2002-01-17;93.234;5.226;;
2002-01-18;92.904;5.25;;
2002-01-21;93.34;5.218;;
2002-01-22;92.87;5.253;;
2002-01-23;93.349;5.217;;
2002-01-24;92.589;5.274;;
2002-01-25;91.543;5.353;;
2002-01-28;92.047;5.315;;
2002-01-29;92.169;5.306;;
2002-01-30;92.529;5.279;;
2002-01-31;93.069;5.238;;
2002-02-01;93.287;5.222;;
2002-02-04;93.714;5.191;;
2002-02-05;93.799;5.184;;
2002-02-06;93.306;5.221;;
2002-02-07;92.072;5.313;;
2002-02-08;92.161;5.307;;
2002-02-11;91.905;5.326;;
2002-02-12;91.403;5.364;;
2002-02-13;91.509;5.356;;
2002-02-14;91.848;5.331;;
2002-02-15;92.207;5.303;;
2002-02-18;92.209;5.303;;
2002-02-19;91.78;5.336;;
2002-02-20;91.615;5.349;;
2002-02-21;91.179;5.382;;
2002-02-22;91.768;5.337;;
2002-02-25;91.228;5.378;;
2002-02-26;91.228;5.378;;
2002-02-27;91.334;5.37;;
2002-02-28;91.478;5.359;;
2002-03-01;91.147;5.385;;
2002-03-04;90.895;5.404;;
2002-03-05;90.155;5.462;;
2002-03-06;89.354;5.525;;
2002-03-07;89.158;5.54;;
2002-03-08;89.241;5.534;;
2002-03-11;89.358;5.525;;
2002-03-12;89.257;5.533;;
2002-03-13;89.039;5.55;;
2002-03-14;88.603;5.585;;
2002-03-15;88.783;5.571;;
2002-03-18;88.991;5.554;;
2002-03-19;89.056;5.549;;
2002-03-20;88.805;5.569;;
2002-03-21;88.757;5.573;;
2002-03-22;88.431;5.599;;
2002-03-25;88.167;5.621;;
2002-03-26;88.629;5.584;;
2002-03-27;88.618;5.585;;
2002-03-28;88.217;5.617;;
2002-03-29;88.227;5.616;;
2002-04-01;88.255;5.614;;
2002-04-02;87.895;5.643;;
2002-04-03;88.522;5.593;;
2002-04-04;89.236;5.536;;
2002-04-05;89.296;5.531;;
2002-04-08;88.719;5.577;;
2002-04-09;88.644;5.583;;
2002-04-10;88.54;5.592;;
2002-04-11;89.053;5.551;;
2002-04-12;89.083;5.548;;
2002-04-15;89.389;5.524;;
2002-04-16;88.62;5.585;;
2002-04-17;88.338;5.608;;
2002-04-18;88.179;5.621;;
2002-04-19;88.217;5.618;;
2002-04-22;88.723;5.578;;
2002-04-23;88.311;5.611;;
2002-04-24;88.831;5.569;;
2002-04-25;89.265;5.535;;
2002-04-26;89.63;5.506;;
2002-04-29;89.085;5.549;;
2002-04-30;89.294;5.533;;
2002-05-01;89.239;5.537;;
2002-05-02;88.784;5.573;;
2002-05-03;89.727;5.499;;
2002-05-06;89.624;5.507;;
2002-05-07;89.728;5.499;;
2002-05-08;89.054;5.552;;
2002-05-09;88.714;5.579;;
2002-05-10;88.679;5.582;;
2002-05-13;88.727;5.579;;
2002-05-14;88.239;5.618;;
2002-05-15;88.406;5.605;;
2002-05-16;88.564;5.592;;
2002-05-17;88.325;5.611;;
2002-05-20;88.971;5.56;;
2002-05-21;89.112;5.548;;
2002-05-22;89.048;5.554;;
2002-05-23;89.656;5.505;;
2002-05-24;89.246;5.538;;
2002-05-27;88.948;5.562;;
2002-05-28;89.312;5.533;;
2002-05-29;89.372;5.528;;
2002-05-30;89.439;5.523;;
2002-05-31;89.136;5.547;;
2002-06-03;89.327;5.532;;
2002-06-04;89.541;5.515;;
2002-06-05;89.602;5.51;;
2002-06-06;89.537;5.516;;
2002-06-07;89.287;5.536;;
2002-06-10;89.62;5.509;;
2002-06-11;89.463;5.522;;
2002-06-12;89.915;5.486;;
2002-06-13;90.629;5.43;;
2002-06-14;91.098;5.394;;
2002-06-17;90.804;5.417;;
2002-06-18;91.344;5.375;;
2002-06-19;91.864;5.335;;
2002-06-20;91.678;5.349;;
2002-06-21;92.165;5.312;;
2002-06-24;92.64;5.276;;
2002-06-25;91.961;5.328;;
2002-06-26;93.21;5.234;;
2002-06-27;92.767;5.267;;
2002-06-28;92.177;5.312;;
2002-07-01;91.538;5.361;;
2002-07-02;92.083;5.319;;
2002-07-03;92.03;5.323;;
2002-07-04;91.534;5.361;;
2002-07-05;90.935;5.407;;
2002-07-08;91.079;5.396;;
2002-07-09;91.063;5.397;;
2002-07-10;91.959;5.329;;
2002-07-11;92.725;5.27;;
2002-07-12;92.966;5.252;;
2002-07-15;93.533;5.21;;
2002-07-16;92.776;5.266;;
2002-07-17;92.325;5.301;;
2002-07-18;92.464;5.29;;
2002-07-19;92.902;5.257;;
2002-07-22;93.426;5.218;;
2002-07-23;93.624;5.203;;
2002-07-24;94.426;5.144;;
2002-07-25;94.036;5.172;;
2002-07-26;94.039;5.172;;
2002-07-29;92.822;5.263;;
2002-07-30;92.716;5.271;;
2002-07-31;93.454;5.216;;
2002-08-01;94.195;5.161;;
2002-08-02;94.693;5.124;;
2002-08-05;95.608;5.057;;
2002-08-06;94.827;5.114;;
2002-08-07;95.712;5.05;;
2002-08-08;95.147;5.091;;
2002-08-09;95.715;5.049;;
2002-08-12;96.149;5.018;;
2002-08-13;96.547;4.99;;
2002-08-14;97.616;4.914;;
2002-08-15;95.883;5.037;;
2002-08-16;96.165;5.017;;
2002-08-19;95.589;5.059;;
2002-08-20;96.094;5.022;;
2002-08-21;95.15;5.09;;
2002-08-22;94.544;5.135;;
2002-08-23;94.994;5.102;;
2002-08-26;95.051;5.098;;
2002-08-27;94.963;5.104;;
2002-08-28;95.861;5.039;;
2002-08-29;95.969;5.031;;
2002-08-30;95.742;5.047;;
2002-09-02;96.538;4.99;;
2002-09-03;97.426;4.927;;
2002-09-04;97.339;4.933;;
2002-09-05;97.32;4.935;;
2002-09-06;97.235;4.941;;
2002-09-09;97.346;4.933;;
2002-09-10;96.821;4.97;;
2002-09-11;96.113;5.021;;
2002-09-12;96.813;4.971;;
2002-09-13;97.276;4.938;;
2002-09-16;98.113;4.879;;
2002-09-17;97.983;4.888;;
2002-09-18;98.38;4.86;;
2002-09-19;98.617;4.844;;
2002-09-20;97.723;4.906;;
2002-09-23;98.184;4.874;;
2002-09-24;98.372;4.861;;
2002-09-25;97.531;4.92;;
2002-09-26;97.252;4.939;;
2002-09-27;97.258;4.939;;
2002-09-30;97.548;4.918;;
2002-10-01;97.26;4.939;;
2002-10-02;96.407;5.0;;
2002-10-03;96.164;5.017;;
2002-10-04;96.864;4.967;;
2002-10-07;97.26;4.939;;
2002-10-08;97.758;4.904;;
2002-10-09;97.675;4.91;;
2002-10-10;96.987;4.958;;
2002-10-11;96.301;5.007;;
2002-10-14;95.691;5.051;;
2002-10-15;94.557;5.134;;
2002-10-16;94.427;5.144;;
2002-10-17;94.594;5.132;;
2002-10-18;94.288;5.154;;
2002-10-21;93.65;5.202;;
2002-10-22;93.584;5.207;;
2002-10-23;94.231;5.159;;
2002-10-24;93.548;5.209;;
2002-10-25;94.01;5.175;;
2002-10-28;94.438;5.143;;
2002-10-29;94.927;5.107;;
2002-10-30;94.208;5.16;;
2002-10-31;94.927;5.107;;
2002-11-01;94.087;5.169;;
2002-11-04;94.159;5.164;;
2002-11-05;93.602;5.206;;
2002-11-06;93.508;5.213;;
2002-11-07;94.353;5.15;;
2002-11-08;95.431;5.07;;
2002-11-11;95.507;5.065;;
2002-11-12;95.918;5.035;;
2002-11-13;95.743;5.048;;
2002-11-14;94.894;5.11;;
2002-11-15;95.237;5.085;;
2002-11-18;95.131;5.092;;
2002-11-19;95.445;5.07;;
2002-11-20;95.764;5.046;;
2002-11-21;94.735;5.122;;
2002-11-22;94.64;5.129;;
2002-11-25;94.543;5.136;;
2002-11-26;95.482;5.067;;
2002-11-27;94.787;5.118;;
2002-11-28;94.905;5.109;;
2002-11-29;95.393;5.074;;
2002-12-02;94.96;5.105;;
2002-12-03;95.418;5.072;;
2002-12-04;95.408;5.072;;
2002-12-05;96.021;5.028;;
2002-12-06;96.359;5.004;;
2002-12-09;96.507;4.993;;
2002-12-10;96.462;4.996;;
2002-12-11;96.756;4.975;;
2002-12-12;97.256;4.939;;
2002-12-13;97.225;4.942;;
2002-12-16;96.742;4.976;;
2002-12-17;96.984;4.959;;
2002-12-18;97.498;4.922;;
2002-12-19;97.406;4.929;;
2002-12-20;97.399;4.929;;
2002-12-23;97.6;4.915;;
2002-12-24;97.557;4.918;;
2002-12-25;97.584;4.916;;
2002-12-26;97.582;4.916;;
2002-12-27;98.729;4.836;;
2002-12-30;98.497;4.852;;
2002-12-31;98.578;4.846;;
2003-01-01;98.589;4.846;;
2003-01-02;97.075;4.953;;
2003-01-03;96.756;4.975;;
2003-01-06;96.703;4.979;;
2003-01-07;97.143;4.948;;
2003-01-08;98.064;4.882;;
2003-01-09;97.846;4.898;;
2003-01-10;98.138;4.877;;
2003-01-13;97.889;4.895;;
2003-01-14;98.366;4.861;;
2003-01-15;98.312;4.865;;
2003-01-16;98.071;4.882;;
2003-01-17;98.927;4.822;;
2003-01-20;99.404;4.789;;
2003-01-21;99.828;4.76;;
2003-01-22;99.966;4.75;;
2003-01-23;100.257;4.731;;
2003-01-24;101.51;4.646;;
2003-01-27;101.654;4.636;;
2003-01-28;101.061;4.676;;
2003-01-29;101.158;4.669;;
2003-01-30;100.425;4.719;;
2003-01-31;100.42;4.719;;
2003-02-03;100.262;4.73;;
2003-02-04;100.902;4.687;;
2003-02-05;100.704;4.7;;
2003-02-06;100.469;4.716;;
2003-02-07;100.613;4.706;;
2003-02-10;100.347;4.724;;
2003-02-11;100.38;4.722;;
2003-02-12;100.627;4.705;;
2003-02-13;100.752;4.697;;
2003-02-14;100.441;4.718;;
2003-02-17;100.494;4.714;;
2003-02-18;100.415;4.72;;
2003-02-19;101.204;4.666;;
2003-02-20;101.067;4.676;;
2003-02-21;100.806;4.693;;
2003-02-24;101.069;4.675;;
2003-02-25;100.631;4.705;;
2003-02-26;100.654;4.704;;
2003-02-27;99.865;4.758;;
2003-02-28;100.397;4.721;;
2003-03-03;100.599;4.707;;
2003-03-04;100.425;4.719;;
2003-03-05;100.858;4.69;;
2003-03-06;100.879;4.688;;
2003-03-07;101.73;4.631;;
2003-03-10;102.019;4.612;;
2003-03-11;101.851;4.623;;
2003-03-12;101.815;4.625;;
2003-03-13;99.944;4.752;;
2003-03-14;99.557;4.779;;
2003-03-17;97.77;4.904;;
2003-03-18;98.417;4.858;;
2003-03-19;97.303;4.937;;
2003-03-20;97.591;4.917;;
2003-03-21;96.66;4.984;;
2003-03-24;97.621;4.915;;
2003-03-25;97.209;4.944;;
2003-03-26;97.092;4.953;;
2003-03-27;97.503;4.923;;
2003-03-28;97.884;4.896;;
2003-03-31;98.952;4.821;;
2003-04-01;98.871;4.827;;
2003-04-02;97.982;4.889;;
2003-04-03;97.509;4.923;;
2003-04-04;97.62;4.915;;
2003-04-07;97.104;4.952;;
2003-04-08;97.374;4.933;;
2003-04-09;97.868;4.898;;
2003-04-10;98.305;4.867;;
2003-04-11;97.622;4.915;;
2003-04-14;97.547;4.921;;
2003-04-15;97.75;4.906;;
2003-04-16;98.439;4.858;;
2003-04-17;98.499;4.853;;
2003-04-18;97.996;4.889;;
2003-04-21;97.98;4.89;;
2003-04-22;98.468;4.855;;
2003-04-23;97.967;4.891;;
2003-04-24;98.402;4.86;;
2003-04-25;98.389;4.861;;
2003-04-28;98.04;4.886;;
2003-04-29;97.79;4.904;;
2003-04-30;98.367;4.863;;
2003-05-01;98.584;4.848;;
2003-05-02;98.164;4.877;;
2003-05-05;98.456;4.857;;
2003-05-06;98.365;4.863;;
2003-05-07;99.483;4.785;;
2003-05-08;99.761;4.766;;
2003-05-09;99.802;4.763;;
2003-05-12;99.638;4.774;;
2003-05-13;99.802;4.763;;
2003-05-14;99.859;4.759;;
2003-05-15;100.748;4.698;;
2003-05-16;101.56;4.643;;
2003-05-19;102.707;4.566;;
2003-05-20;102.792;4.56;;
2003-05-21;103.281;4.528;;
2003-05-22;103.305;4.526;;
2003-05-23;104.317;4.46;;
2003-05-26;104.721;4.434;;
2003-05-27;104.194;4.468;;
2003-05-28;102.285;4.594;;
2003-05-29;102.975;4.548;;
2003-05-30;102.515;4.579;;
2003-06-02;101.867;4.622;;
2003-06-03;103.159;4.536;;
2003-06-04;103.078;4.541;;
2003-06-05;103.639;4.504;;
2003-06-06;103.013;4.546;;
2003-06-09;103.828;4.492;;
2003-06-10;103.789;4.495;;
2003-06-11;104.14;4.472;;
2003-06-12;104.154;4.471;;
2003-06-13;105.456;4.386;;
2003-06-16;105.426;4.388;;
2003-06-17;103.617;4.506;;
2003-06-18;102.785;4.561;;
2003-06-19;103.033;4.544;;
2003-06-20;102.092;4.607;;
2003-06-23;102.464;4.582;;
2003-06-24;102.306;4.593;;
2003-06-25;103.125;4.538;;
2003-06-26;100.992;4.682;;
2003-06-27;100.137;4.74;;
2003-06-30;100.866;4.69;;
2003-07-01;100.689;4.703;;
2003-07-02;100.103;4.743;;
2003-07-03;99.302;4.798;;
2003-07-04;99.709;4.77;;
2003-07-07;99.173;4.807;;
2003-07-08;99.025;4.818;;
2003-07-09;99.191;4.806;;
2003-07-10;99.785;4.765;;
2003-07-11;99.836;4.761;;
2003-07-14;100.12;4.741;;
2003-07-15;97.978;4.892;;
2003-07-16;98.342;4.866;;
2003-07-17;97.848;4.901;;
2003-07-18;98.322;4.867;;
2003-07-21;97.827;4.902;;
2003-07-22;98.045;4.887;;
2003-07-23;98.805;4.833;;
2003-07-24;98.193;4.876;;
2003-07-25;99.096;4.812;;
2003-07-28;97.564;4.921;;
2003-07-29;97.874;4.899;;
2003-07-30;97.69;4.912;;
2003-07-31;96.958;4.965;;
2003-08-01;97.601;4.918;;
2003-08-04;98.484;4.856;;
2003-08-05;97.837;4.902;;
2003-08-06;98.24;4.873;;
2003-08-07;98.724;4.839;;
2003-08-08;99.784;4.764;;
2003-08-11;98.825;4.831;;
2003-08-12;99.139;4.809;;
2003-08-13;97.805;4.904;;
2003-08-14;97.633;4.916;;
2003-08-15;98.458;4.857;;
2003-08-18;98.48;4.856;;
2003-08-19;98.831;4.831;;
2003-08-20;98.351;4.865;;
2003-08-21;98.463;4.857;;
2003-08-22;98.677;4.842;;
2003-08-25;98.514;4.853;;
2003-08-26;98.648;4.844;;
2003-08-27;98.01;4.889;;
2003-08-28;98.519;4.853;;
2003-08-29;98.254;4.872;;
2003-09-01;97.988;4.891;;
2003-09-02;96.313;5.012;;
2003-09-03;96.377;5.007;;
2003-09-04;96.522;4.996;;
2003-09-05;96.845;4.973;;
2003-09-08;97.243;4.944;;
2003-09-09;96.695;4.984;;
2003-09-10;97.295;4.94;;
2003-09-11;96.876;4.971;;
2003-09-12;98.277;4.87;;
2003-09-15;97.939;4.894;;
2003-09-16;97.408;4.932;;
2003-09-17;97.465;4.928;;
2003-09-18;97.413;4.932;;
2003-09-19;98.01;4.889;;
2003-09-22;98.384;4.862;;
2003-09-23;98.557;4.85;;
2003-09-24;98.214;4.874;;
2003-09-25;98.307;4.868;;
2003-09-26;98.936;4.823;;
2003-09-29;98.846;4.829;;
2003-09-30;99.311;4.797;;
2003-10-01;99.163;4.807;;
2003-10-02;97.983;4.891;;
2003-10-03;97.248;4.944;;
2003-10-06;97.921;4.895;;
2003-10-07;97.357;4.936;;
2003-10-08;97.471;4.928;;
2003-10-09;96.874;4.971;;
2003-10-10;97.44;4.93;;
2003-10-13;96.718;4.982;;
2003-10-14;96.845;4.973;;
2003-10-15;96.24;5.017;;
2003-10-16;96.711;4.983;;
2003-10-17;96.817;4.975;;
2003-10-20;96.993;4.962;;
2003-10-21;97.299;4.94;;
2003-10-22;97.484;4.927;;
2003-10-23;96.841;4.973;;
2003-10-24;97.139;4.952;;
2003-10-27;96.923;4.967;;
2003-10-28;96.743;4.98;;
2003-10-29;96.472;5.0;;
2003-10-30;96.238;5.017;;
2003-10-31;96.872;4.971;;
2003-11-03;96.186;5.021;;
2003-11-04;96.739;4.981;;
2003-11-05;96.736;4.981;;
2003-11-06;95.796;5.05;;
2003-11-07;95.524;5.07;;
2003-11-10;95.601;5.065;;
2003-11-11;95.478;5.074;;
2003-11-12;95.456;5.075;;
2003-11-13;95.936;5.04;;
2003-11-14;96.576;4.993;;
2003-11-17;96.723;4.982;;
2003-11-18;96.899;4.969;;
2003-11-19;96.186;5.021;;
2003-11-20;96.351;5.009;;
2003-11-21;96.872;4.971;;
2003-11-24;95.988;5.036;;
2003-11-25;95.92;5.041;;
2003-11-26;96.165;5.023;;
2003-11-27;95.961;5.038;;
2003-11-28;95.991;5.036;;
2003-12-01;95.678;5.059;;
2003-12-02;95.721;5.056;;
2003-12-03;95.76;5.053;;
2003-12-04;95.663;5.06;;
2003-12-05;96.844;4.973;;
2003-12-08;96.567;4.994;;
2003-12-09;96.309;5.013;;
2003-12-10;96.608;4.991;;
2003-12-11;96.365;5.008;;
2003-12-12;97.047;4.959;;
2003-12-15;96.971;4.964;;
2003-12-16;97.272;4.942;;
2003-12-17;97.873;4.899;;
2003-12-18;97.949;4.893;;
2003-12-19;97.79;4.905;;
2003-12-22;98.036;4.887;;
2003-12-23;98.196;4.876;;
2003-12-24;98.203;4.875;;
2003-12-25;98.195;4.876;;
2003-12-26;98.194;4.876;;
2003-12-29;97.952;4.893;;
2003-12-30;97.531;4.924;;
2003-12-31;97.57;4.921;;
2004-01-01;97.577;4.92;;
2004-01-02;97.023;4.961;;
2004-01-05;97.048;4.959;;
2004-01-06;97.813;4.903;;
2004-01-07;97.772;4.906;;
2004-01-08;97.862;4.9;;
2004-01-09;98.598;4.847;;
2004-01-12;98.76;4.836;;
2004-01-13;98.588;4.848;;
2004-01-14;98.799;4.833;;
2004-01-15;98.498;4.854;;
2004-01-16;98.263;4.871;;
2004-01-19;98.118;4.881;;
2004-01-20;98.42;4.86;;
2004-01-21;98.273;4.87;;
2004-01-22;98.55;4.851;;
2004-01-23;98.999;4.819;;
2004-01-26;98.112;4.882;;
2004-01-27;98.25;4.872;;
2004-01-28;98.301;4.869;;
2004-01-29;97.025;4.961;;
2004-01-30;97.549;4.923;;
2004-02-02;97.587;4.92;;
2004-02-03;97.801;4.905;;
2004-02-04;97.904;4.897;;
2004-02-05;98.095;4.883;;
2004-02-06;98.497;4.855;;
2004-02-09;98.564;4.85;;
2004-02-10;98.465;4.857;;
2004-02-11;98.793;4.833;;
2004-02-12;98.598;4.847;;
2004-02-13;98.883;4.827;;
2004-02-16;98.778;4.835;;
2004-02-17;99.042;4.816;;
2004-02-18;98.785;4.834;;
2004-02-19;98.311;4.868;;
2004-02-20;98.146;4.88;;
2004-02-23;98.229;4.874;;
2004-02-24;98.685;4.841;;
2004-02-25;98.605;4.847;;
2004-02-26;98.611;4.847;;
2004-02-27;99.066;4.814;;
2004-03-01;99.095;4.812;;
2004-03-02;99.05;4.815;;
2004-03-03;98.605;4.847;;
2004-03-04;98.957;4.822;;
2004-03-05;100.006;4.748;;
2004-03-08;100.679;4.701;;
2004-03-09;101.112;4.671;;
2004-03-10;100.985;4.68;;
2004-03-11;101.157;4.668;;
2004-03-12;101.154;4.668;;
2004-03-15;101.213;4.664;;
2004-03-16;100.686;4.7;;
2004-03-17;100.983;4.68;;
2004-03-18;101.162;4.667;;
2004-03-19;101.09;4.672;;
2004-03-22;101.388;4.652;;
2004-03-23;101.165;4.667;;
2004-03-24;101.323;4.656;;
2004-03-25;101.275;4.66;;
2004-03-26;100.812;4.692;;
2004-03-29;99.882;4.757;;
2004-03-30;100.031;4.746;;
2004-03-31;100.185;4.736;;
2004-04-01;100.148;4.738;;
2004-04-02;99.14;4.809;;
2004-04-05;98.817;4.832;;
2004-04-06;98.947;4.823;;
2004-04-07;99.237;4.803;;
2004-04-08;99.118;4.811;;
2004-04-09;99.124;4.811;;
2004-04-12;99.125;4.811;;
2004-04-13;98.266;4.872;;
2004-04-14;98.111;4.883;;
2004-04-15;98.361;4.865;;
2004-04-16;98.935;4.824;;
2004-04-19;98.823;4.832;;
2004-04-20;98.457;4.859;;
2004-04-21;98.331;4.868;;
2004-04-22;98.304;4.87;;
2004-04-23;98.147;4.881;;
2004-04-26;98.242;4.874;;
2004-04-27;98.298;4.87;;
2004-04-28;98.14;4.882;;
2004-04-29;97.78;4.908;;
2004-04-30;98.222;4.876;;
2004-05-03;98.559;4.851;;
2004-05-04;98.354;4.866;;
2004-05-05;98.144;4.882;;
2004-05-06;97.548;4.925;;
2004-05-07;96.79;4.98;;
2004-05-10;97.016;4.964;;
2004-05-11;96.915;4.971;;
2004-05-12;96.518;5.001;;
2004-05-13;96.313;5.016;;
2004-05-14;96.856;4.976;;
2004-05-17;97.178;4.952;;
2004-05-18;96.898;4.973;;
2004-05-19;96.316;5.016;;
2004-05-20;96.546;4.999;;
2004-05-21;96.624;4.993;;
2004-05-24;96.524;5.001;;
2004-05-25;96.723;4.986;;
2004-05-26;97.07;4.96;;
2004-05-27;97.412;4.935;;
2004-05-28;96.926;4.971;;
2004-05-31;96.419;5.009;;
2004-06-01;96.537;5.0;;
2004-06-02;96.376;5.012;;
2004-06-03;96.484;5.004;;
2004-06-04;96.496;5.003;;
2004-06-07;96.725;4.986;;
2004-06-08;96.914;4.972;;
2004-06-09;96.548;4.999;;
2004-06-10;96.715;4.987;;
2004-06-11;96.547;5.0;;
2004-06-14;96.751;4.984;;
2004-06-15;97.853;4.904;;
2004-06-16;97.284;4.945;;
2004-06-17;97.287;4.945;;
2004-06-18;97.607;4.922;;
2004-06-21;97.754;4.911;;
2004-06-22;97.363;4.94;;
2004-06-23;97.284;4.946;;
2004-06-24;97.891;4.901;;
2004-06-25;97.659;4.918;;
2004-06-28;97.157;4.955;;
2004-06-29;97.351;4.941;;
2004-06-30;97.953;4.897;;
2004-07-01;97.901;4.901;;
2004-07-02;98.401;4.864;;
2004-07-05;98.419;4.863;;
2004-07-06;98.356;4.868;;
2004-07-07;98.576;4.852;;
2004-07-08;98.617;4.849;;
2004-07-09;98.599;4.85;;
2004-07-12;98.784;4.837;;
2004-07-13;98.25;4.875;;
2004-07-14;98.365;4.867;;
2004-07-15;98.322;4.87;;
2004-07-16;98.865;4.831;;
2004-07-19;98.81;4.835;;
2004-07-20;98.655;4.846;;
2004-07-21;98.054;4.889;;
2004-07-22;98.599;4.85;;
2004-07-23;98.834;4.833;;
2004-07-26;98.583;4.851;;
2004-07-27;98.392;4.865;;
2004-07-28;98.301;4.871;;
2004-07-29;98.521;4.855;;
2004-07-30;99.196;4.807;;
2004-08-02;99.329;4.797;;
2004-08-03;99.455;4.788;;
2004-08-04;99.666;4.773;;
2004-08-05;99.983;4.75;;
2004-08-06;100.778;4.694;;
2004-08-09;100.687;4.701;;
2004-08-10;100.778;4.694;;
2004-08-11;100.462;4.717;;
2004-08-12;100.725;4.698;;
2004-08-13;100.915;4.685;;
2004-08-16;100.397;4.721;;
2004-08-17;100.677;4.701;;
2004-08-18;100.473;4.716;;
2004-08-19;100.606;4.706;;
2004-08-20;100.713;4.699;;
2004-08-23;100.087;4.743;;
2004-08-24;100.201;4.735;;
2004-08-25;100.657;4.703;;
2004-08-26;100.869;4.688;;
2004-08-27;100.75;4.696;;
2004-08-30;100.877;4.687;;
2004-08-31;101.305;4.657;;
2004-09-01;101.018;4.677;;
2004-09-02;100.652;4.703;;
2004-09-03;99.907;4.755;;
2004-09-06;100.089;4.743;;
2004-09-07;100.182;4.736;;
2004-09-08;100.474;4.715;;
2004-09-09;101.083;4.672;;
2004-09-10;101.155;4.667;;
2004-09-13;101.075;4.673;;
2004-09-14;101.216;4.663;;
2004-09-15;101.184;4.665;;
2004-09-16;101.341;4.654;;
2004-09-17;101.59;4.637;;
2004-09-20;101.816;4.621;;
2004-09-21;101.746;4.626;;
2004-09-22;102.53;4.572;;
2004-09-23;102.789;4.554;;
2004-09-24;102.514;4.573;;
2004-09-27;102.893;4.547;;
2004-09-28;102.758;4.556;;
2004-09-29;102.111;4.601;;
2004-09-30;101.924;4.614;;
2004-10-01;101.518;4.642;;
2004-10-04;101.486;4.644;;
2004-10-05;101.984;4.609;;
2004-10-06;102.091;4.602;;
2004-10-07;101.783;4.623;;
2004-10-08;102.524;4.572;;
2004-10-11;102.246;4.591;;
2004-10-12;102.814;4.552;;
2004-10-13;102.865;4.549;;
2004-10-14;103.141;4.53;;
2004-10-15;102.906;4.546;;
2004-10-18;102.932;4.544;;
2004-10-19;102.605;4.566;;
2004-10-20;103.177;4.527;;
2004-10-21;103.226;4.524;;
2004-10-22;103.261;4.521;;
2004-10-25;103.596;4.499;;
2004-10-26;103.463;4.508;;
2004-10-27;103.463;4.507;;
2004-10-28;103.099;4.532;;
2004-10-29;103.202;4.525;;
2004-11-01;103.257;4.521;;
2004-11-02;102.877;4.547;;
2004-11-03;103.056;4.535;;
2004-11-04;103.737;4.489;;
2004-11-05;103.047;4.536;;
2004-11-08;103.268;4.521;;
2004-11-09;103.752;4.488;;
2004-11-10;103.783;4.485;;
2004-11-11;104.336;4.448;;
2004-11-12;105.02;4.402;;
2004-11-15;105.002;4.403;;
2004-11-16;105.429;4.375;;
2004-11-17;105.195;4.391;;
2004-11-18;104.555;4.433;;
2004-11-19;104.971;4.405;;
2004-11-22;105.245;4.387;;
2004-11-23;105.493;4.371;;
2004-11-24;105.448;4.374;;
2004-11-25;105.834;4.348;;
2004-11-26;105.995;4.337;;
2004-11-29;105.3;4.383;;
2004-11-30;105.61;4.363;;
2004-12-01;105.884;4.345;;
2004-12-02;105.221;4.388;;
2004-12-03;106.199;4.324;;
2004-12-06;106.727;4.289;;
2004-12-07;107.027;4.27;;
2004-12-08;107.596;4.233;;
2004-12-09;108.085;4.201;;
2004-12-10;108.445;4.178;;
2004-12-13;108.742;4.159;;
2004-12-14;108.743;4.159;;
2004-12-15;109.763;4.094;;
2004-12-16;109.402;4.117;;
2004-12-17;108.877;4.15;;
2004-12-20;109.115;4.135;;
2004-12-21;108.696;4.162;;
2004-12-22;108.583;4.169;;
2004-12-23;108.846;4.152;;
2004-12-24;108.801;4.155;;
2004-12-27;108.463;4.176;;
2004-12-28;107.537;4.236;;
2004-12-29;106.96;4.273;;
2004-12-30;107.452;4.241;;
2004-12-31;107.472;4.24;;
2005-01-03;108.119;4.198;;
2005-01-04;107.946;4.209;;
2005-01-05;108.076;4.201;;
2005-01-06;108.53;4.172;;
2005-01-07;108.946;4.145;;
2005-01-10;109.121;4.134;;
2005-01-11;109.058;4.138;;
2005-01-12;109.039;4.139;;
2005-01-13;109.662;4.099;;
2005-01-14;110.029;4.076;;
2005-01-17;110.391;4.054;;
2005-01-18;110.702;4.034;;
2005-01-19;111.418;3.99;;
2005-01-20;110.402;4.053;;
2005-01-21;110.191;4.066;;
2005-01-24;110.719;4.033;;
2005-01-25;110.814;4.027;;
2005-01-26;110.881;4.023;;
2005-01-27;110.561;4.042;;
2005-01-28;110.988;4.016;;
2005-01-31;111.217;4.002;;
2005-02-01;111.457;3.987;;
2005-02-02;111.597;3.978;;
2005-02-03;111.614;3.977;;
2005-02-04;112.864;3.9;;
2005-02-07;113.577;3.857;;
2005-02-08;113.999;3.832;;
2005-02-09;114.211;3.819;;
2005-02-10;113.935;3.835;;
2005-02-11;113.257;3.876;;
2005-02-14;112.723;3.908;;
2005-02-15;112.38;3.929;;
2005-02-16;111.769;3.967;;
2005-02-17;111.349;3.993;;
2005-02-18;109.689;4.096;;
2005-02-21;109.158;4.13;;
2005-02-22;109.21;4.127;;
2005-02-23;108.874;4.148;;
2005-02-24;108.519;4.171;;
2005-02-25;108.921;4.145;;
2005-02-28;109.037;4.137;;
2005-03-01;108.399;4.178;;
2005-03-02;107.516;4.235;;
2005-03-03;107.579;4.231;;
2005-03-04;108.778;4.154;;
2005-03-07;109.214;4.126;;
2005-03-08;108.435;4.176;;
2005-03-09;107.642;4.227;;
2005-03-10;107.318;4.248;;
2005-03-11;107.214;4.255;;
2005-03-14;107.232;4.253;;
2005-03-15;108.193;4.191;;
2005-03-16;109.174;4.128;;
2005-03-17;108.896;4.146;;
2005-03-18;108.539;4.169;;
2005-03-21;108.299;4.184;;
2005-03-22;109.009;4.138;;
2005-03-23;108.378;4.179;;
2005-03-24;108.711;4.157;;
2005-03-25;108.649;4.161;;
2005-03-28;108.625;4.163;;
2005-03-29;108.736;4.156;;
2005-03-30;109.069;4.134;;
2005-03-31;109.681;4.095;;
2005-04-01;109.579;4.102;;
2005-04-04;110.06;4.071;;
2005-04-05;109.833;4.086;;
2005-04-06;109.555;4.103;;
2005-04-07;109.899;4.081;;
2005-04-08;109.035;4.136;;
2005-04-11;109.578;4.101;;
2005-04-12;109.826;4.086;;
2005-04-13;110.193;4.062;;
2005-04-14;109.923;4.079;;
2005-04-15;110.337;4.053;;
2005-04-18;110.767;4.026;;
2005-04-19;111.232;3.997;;
2005-04-20;111.003;4.011;;
2005-04-21;110.8;4.024;;
2005-04-22;110.985;4.012;;
2005-04-25;111.334;3.991;;
2005-04-26;111.425;3.985;;
2005-04-27;112.029;3.947;;
2005-04-28;112.137;3.941;;
2005-04-29;112.218;3.936;;
2005-05-02;112.178;3.938;;
2005-05-03;112.436;3.922;;
2005-05-04;111.624;3.972;;
2005-05-05;111.716;3.966;;
2005-05-06;111.306;3.992;;
2005-05-09;111.913;3.954;;
2005-05-10;112.884;3.894;;
2005-05-11;113.597;3.851;;
2005-05-12;113.485;3.858;;
2005-05-13;113.937;3.83;;
2005-05-16;113.909;3.832;;
2005-05-17;113.893;3.833;;
2005-05-18;114.52;3.795;;
2005-05-19;114.314;3.807;;
2005-05-20;113.974;3.828;;
2005-05-23;114.651;3.787;;
2005-05-24;114.963;3.768;;
2005-05-25;114.857;3.774;;
2005-05-26;114.108;3.819;;
2005-05-27;113.529;3.854;;
2005-05-30;113.408;3.861;;
2005-05-31;114.574;3.791;;
2005-06-01;114.838;3.775;;
2005-06-02;115.58;3.731;;
2005-06-03;115.431;3.74;;
2005-06-06;115.977;3.707;;
2005-06-07;117.162;3.638;;
2005-06-08;117.749;3.603;;
2005-06-09;117.656;3.609;;
2005-06-10;117.484;3.619;;
2005-06-13;116.402;3.682;;
2005-06-14;116.125;3.698;;
2005-06-15;114.321;3.805;;
2005-06-16;114.518;3.793;;
2005-06-17;114.949;3.768;;
2005-06-20;114.613;3.788;;
2005-06-21;115.951;3.708;;
2005-06-22;117.372;3.624;;
2005-06-23;117.064;3.642;;
2005-06-24;117.441;3.62;;
2005-06-27;117.791;3.6;;
2005-06-28;116.679;3.665;;
2005-06-29;116.078;3.7;;
2005-06-30;117.214;3.633;;
2005-07-01;116.83;3.655;;
2005-07-04;116.689;3.663;;
2005-07-05;116.122;3.697;;
2005-07-06;115.974;3.705;;
2005-07-07;116.317;3.685;;
2005-07-08;116.549;3.671;;
2005-07-11;115.498;3.733;;
2005-07-12;115.71;3.721;;
2005-07-13;115.224;3.749;;
2005-07-14;114.516;3.792;;
2005-07-15;114.683;3.782;;
2005-07-18;115.159;3.753;;
2005-07-19;114.902;3.768;;
2005-07-20;114.596;3.786;;
2005-07-21;114.562;3.788;;
2005-07-22;115.645;3.723;;
2005-07-25;115.976;3.704;;
2005-07-26;115.643;3.723;;
2005-07-27;115.975;3.703;;
2005-07-28;115.83;3.712;;
2005-07-29;115.754;3.716;;
2005-08-01;114.924;3.766;;
2005-08-02;114.435;3.795;;
2005-08-03;114.628;3.783;;
2005-08-04;114.544;3.788;;
2005-08-05;113.902;3.827;;
2005-08-08;114.086;3.816;;
2005-08-09;114.089;3.816;;
2005-08-10;114.499;3.791;;
2005-08-11;114.605;3.784;;
2005-08-12;115.283;3.743;;
2005-08-15;115.498;3.73;;
2005-08-16;116.059;3.697;;
2005-08-17;116.11;3.694;;
2005-08-18;116.599;3.665;;
2005-08-19;116.615;3.664;;
2005-08-22;116.923;3.645;;
2005-08-23;117.08;3.636;;
2005-08-24;117.22;3.628;;
2005-08-25;117.564;3.608;;
2005-08-26;117.534;3.609;;
2005-08-29;117.492;3.612;;
2005-08-30;117.564;3.607;;
2005-08-31;118.321;3.563;;
2005-09-01;118.82;3.534;;
2005-09-02;118.814;3.534;;
2005-09-05;119.02;3.522;;
2005-09-06;118.636;3.544;;
2005-09-07;118.305;3.563;;
2005-09-08;118.801;3.535;;
2005-09-09;119.182;3.513;;
2005-09-12;117.68;3.599;;
2005-09-13;118.065;3.577;;
2005-09-14;118.212;3.568;;
2005-09-15;117.96;3.583;;
2005-09-16;117.381;3.616;;
2005-09-19;118.279;3.564;;
2005-09-20;118.429;3.555;;
2005-09-21;119.611;3.487;;
2005-09-22;119.534;3.491;;
2005-09-23;119.067;3.518;;
2005-09-26;117.9;3.585;;
2005-09-27;117.885;3.586;;
2005-09-28;118.188;3.568;;
2005-09-29;117.986;3.58;;
2005-09-30;118.061;3.575;;
2005-10-03;117.444;3.611;;
2005-10-04;117.618;3.601;;
2005-10-05;117.911;3.584;;
2005-10-06;117.578;3.603;;
2005-10-07;117.832;3.588;;
2005-10-10;118.102;3.572;;
2005-10-11;117.518;3.606;;
2005-10-12;117.084;3.631;;
2005-10-13;115.954;3.698;;
2005-10-14;115.788;3.708;;
2005-10-17;115.881;3.702;;
2005-10-18;115.916;3.7;;
2005-10-19;116.304;3.677;;
2005-10-20;115.839;3.705;;
2005-10-21;117.014;3.635;;
2005-10-24;116.825;3.646;;
2005-10-25;115.545;3.722;;
2005-10-26;114.672;3.774;;
2005-10-27;114.117;3.808;;
2005-10-28;114.291;3.797;;
2005-10-31;114.718;3.771;;
2005-11-01;114.395;3.791;;
2005-11-02;113.879;3.822;;
2005-11-03;113.719;3.832;;
2005-11-04;113.459;3.848;;
2005-11-07;113.42;3.85;;
2005-11-08;114.152;3.805;;
2005-11-09;113.328;3.855;;
2005-11-10;113.376;3.852;;
2005-11-11;113.571;3.84;;
2005-11-14;112.942;3.879;;
2005-11-15;113.575;3.84;;
2005-11-16;114.649;3.774;;
2005-11-17;114.314;3.794;;
2005-11-18;113.149;3.866;;
2005-11-21;113.869;3.821;;
2005-11-22;113.995;3.814;;
2005-11-23;114.142;3.805;;
2005-11-24;115.198;3.74;;
2005-11-25;114.999;3.752;;
2005-11-28;115.089;3.747;;
2005-11-29;114.179;3.802;;
2005-11-30;114.479;3.783;;
2005-12-01;115.033;3.75;;
2005-12-02;115.323;3.732;;
2005-12-05;114.934;3.756;;
2005-12-06;115.605;3.715;;
2005-12-07;115.111;3.745;;
2005-12-08;115.601;3.715;;
2005-12-09;114.785;3.764;;
2005-12-12;115.146;3.742;;
2005-12-13;115.528;3.719;;
2005-12-14;116.15;3.682;;
2005-12-15;115.92;3.695;;
2005-12-16;116.72;3.648;;
2005-12-19;116.88;3.638;;
2005-12-20;116.84;3.64;;
2005-12-21;116.16;3.681;;
2005-12-22;116.84;3.64;;
2005-12-23;117.29;3.613;;
2005-12-26;117.27;3.614;;
2005-12-27;117.28;3.614;;
2005-12-28;117.8;3.583;;
2005-12-29;117.44;3.604;;
2005-12-30;117.78;3.584;;
2006-01-02;117.51;3.6;;
2006-01-03;117.63;3.593;;
2006-01-04;117.97;3.572;;
2006-01-05;118.26;3.555;;
2006-01-06;118.58;3.537;;
2006-01-09;118.86;3.52;;
2006-01-10;118.51;3.54;;
2006-01-11;118.45;3.544;;
2006-01-12;118.7;3.529;;
2006-01-13;118.85;3.52;;
2006-01-16;118.56;3.537;;
2006-01-17;118.6;3.535;;
2006-01-18;118.44;3.544;;
2006-01-19;117.49;3.599;;
2006-01-20;116.89;3.635;;
2006-01-23;116.66;3.648;;
2006-01-24;116.89;3.635;;
2006-01-25;115.7;3.706;;
2006-01-26;114.48;3.779;;
2006-01-27;114.64;3.77;;
2006-01-30;114.97;3.75;;
2006-01-31;115.15;3.739;-19.964;-19.018
2006-02-01;114.42;3.783;-18.024;-17.215
2006-02-02;114.82;3.758;-20.783;-19.827
2006-02-03;114.98;3.748;-19.338;-18.44
2006-02-06;115.03;3.745;-19.141;-18.237
2006-02-07;114.44;3.781;-18.171;-17.377
2006-02-08;114.76;3.762;-20.997;-20.056
2006-02-09;115.28;3.73;-20.211;-19.226
2006-02-10;115.18;3.736;-21.792;-20.775
2006-02-13;114.94;3.75;-19.847;-18.929
2006-02-14;114.79;3.759;-19.645;-18.749
2006-02-15;114.52;3.776;-18.906;-18.083
2006-02-16;114.42;3.782;-18.267;-17.482
2006-02-17;115.39;3.723;-19.697;-18.753
2006-02-20;115.52;3.715;-18.968;-18.034
2006-02-21;115.39;3.723;-18.582;-17.677
2006-02-22;115.93;3.69;-19.628;-18.618
2006-02-23;115.03;3.744;-19.343;-18.424
2006-02-24;114.95;3.749;-19.872;-18.935
2006-02-27;114.43;3.781;-19.064;-18.216
2006-02-28;115.22;3.732;-20.107;-19.118
2006-03-01;114.81;3.757;-20.079;-19.141
2006-03-02;113.99;3.807;-19.224;-18.395
2006-03-03;113.93;3.811;-19.588;-18.729
2006-03-06;114.07;3.802;-20.409;-19.493
2006-03-07;113.81;3.818;-19.899;-19.031
2006-03-08;112.74;3.885;-18.424;-17.764
2006-03-09;112.47;3.901;-17.527;-16.938
2006-03-10;111.7;3.95;-17.717;-17.213
2006-03-13;111.33;3.973;-16.699;-16.253
2006-03-14;112.23;3.916;-18.788;-18.193
2006-03-15;111.82;3.942;-17.902;-17.362
2006-03-16;112.41;3.905;-17.294;-16.702
2006-03-17;111.89;3.937;-17.816;-17.263
2006-03-20;112.36;3.908;-18.413;-17.79
2006-03-21;112.42;3.904;-18.719;-18.076
2006-03-22;112.82;3.879;-19.08;-18.369
2006-03-23;112.24;3.915;-18.755;-18.133
2006-03-24;112.83;3.878;-19.337;-18.631
2006-03-27;112.69;3.887;-19.385;-18.7
2006-03-28;111.41;3.967;-20.686;-20.093
2006-03-29;110.95;3.997;-19.444;-18.938
2006-03-30;110.52;4.024;-20.301;-19.833
2006-03-31;110.8;4.006;;-22.122
2006-04-03;110.06;4.054;-22.119;-21.672
2006-04-04;109.68;4.078;;-23.431
2006-04-05;109.03;4.121;-20.597;-20.361
2006-04-06;107.82;4.201;-19.288;-19.254
2006-04-07;107.47;4.224;-20.249;-20.307
2006-04-10;107.8;4.202;-21.627;-21.613
2006-04-11;108.28;4.17;-19.947;-19.852
2006-04-12;108.29;4.169;-22.567;-22.454
2006-04-13;107.23;4.24;-23.037;-23.098
2006-04-14;107.18;4.243;-22.691;-22.75
2006-04-17;107.2;4.242;-22.823;-22.882
2006-04-18;107.22;4.241;-21.564;-21.628
2006-04-19;107.19;4.242;-21.775;-21.838
2006-04-20;107.63;4.213;;-23.24
2006-04-21;107.27;4.237;-20.675;-20.703
2006-04-24;107.45;4.225;-21.627;-21.626
2006-04-25;106.93;4.26;-22.275;-22.343
2006-04-26;106.88;4.263;-20.919;-20.969
2006-04-27;107.37;4.23;-21.729;-21.713
2006-04-28;107.72;4.207;-20.737;-20.646
2006-05-01;107.79;4.202;-21.092;-20.988
2006-05-02;107.25;4.238;-20.349;-20.325
2006-05-03;106.91;4.261;-19.873;-19.904
2006-05-04;106.55;4.285;-19.011;-19.078
2006-05-05;106.8;4.268;-19.505;-19.551
2006-05-08;106.57;4.284;-18.648;-18.723
2006-05-09;106.47;4.291;-19.471;-19.564
2006-05-10;107.01;4.254;;
2006-05-11;105.87;4.332;-20.281;-20.472
2006-05-12;105.51;4.356;-20.193;-20.449
2006-05-15;106.15;4.312;-20.149;-20.337
2006-05-16;106.73;4.273;-19.375;-19.487
2006-05-17;105.36;4.366;-18.916;-19.243
2006-05-18;105.82;4.335;;-18.434
2006-05-19;106.43;4.293;-21.748;-21.958
2006-05-22;107.42;4.226;;-23.066
2006-05-23;107.38;4.229;-21.224;-21.297
2006-05-24;108.05;4.184;-21.345;-21.301
2006-05-25;108.11;4.18;-22.982;-22.931
2006-05-26;108.03;4.185;-21.348;-21.307
2006-05-29;107.93;4.192;-20.831;-20.81
2006-05-30;107.27;4.236;-21.111;-21.186
2006-05-31;106.74;4.272;-22.729;-22.882
2006-06-01;106.54;4.285;-21.559;-21.723
2006-06-02;107.59;4.215;-21.836;-21.845
2006-06-05;107.05;4.251;-23.227;-23.311
2006-06-06;106.77;4.27;-23.048;-23.165
2006-06-07;106.51;4.287;-21.364;-21.508
2006-06-08;107.502;4.22;-23.606;-23.627
2006-06-09;107.474;4.222;-22.004;-22.026
2006-06-12;107.72;4.206;-21.767;-21.76
2006-06-13;108.451;4.157;-23.219;-23.102
2006-06-14;108.039;4.184;-23.46;-23.395
2006-06-15;107.321;4.232;-23.264;-23.3
2006-06-16;107.467;4.223;-23.468;-23.482
2006-06-19;107.02;4.253;-21.226;-21.231
2006-06-20;106.76;4.27;-22.072;-22.166
2006-06-21;106.45;4.291;-22.027;-22.163
2006-06-22;105.75;4.339;-22.046;-22.297
2006-06-23;105.5;4.356;-21.114;-21.381
2006-06-26;105.39;4.364;-20.687;-20.952
2006-06-27;105.51;4.356;-22.198;-22.458
2006-06-28;105.56;4.352;-23.385;-23.656
2006-06-29;105.98;4.323;-21.072;-21.253
2006-06-30;106.08;4.316;-22.223;-22.384
2006-07-03;105.84;4.333;-21.6;-21.784
2006-07-04;105.99;4.322;-22.74;-22.916
2006-07-05;105.155;4.38;-21.707;-21.992
2006-07-06;105.537;4.353;-22.595;-22.817
2006-07-07;106.183;4.309;-22.738;-22.865
2006-07-10;105.869;4.33;-22.187;-22.358
2006-07-11;106.21;4.307;-23.033;-23.174
2006-07-12;105.701;4.342;-21.883;-22.091
2006-07-13;106.15;4.311;-21.138;-21.295
2006-07-14;106.871;4.262;-22.866;-22.934
2006-07-17;106.645;4.277;-21.601;-21.693
2006-07-18;106.482;4.288;-22.184;-22.289
2006-07-19;106.94;4.257;-21.873;-21.908
2006-07-20;106.998;4.253;-21.443;-21.463
2006-07-21;107.408;4.225;;
2006-07-24;107.433;4.223;-23.827;-23.794
2006-07-25;107.31;4.232;-23.235;-23.222
2006-07-26;106.928;4.257;;
2006-07-27;107.349;4.229;-22.858;-22.854
2006-07-28;107.776;4.2;-23.113;-23.031
2006-07-31;107.835;4.196;-23.369;-23.277
2006-08-01;107.732;4.203;-22.525;-22.455
2006-08-02;107.761;4.201;-23.099;-23.015
2006-08-03;107.316;4.231;-23.943;-23.903
2006-08-04;108.371;4.16;;
2006-08-07;108.338;4.162;-24.556;-24.35
2006-08-08;108.356;4.161;-23.39;-23.194
2006-08-09;107.91;4.19;-22.79;-22.659
2006-08-10;107.956;4.187;-23.359;-23.219
2006-08-11;107.393;4.225;-24.205;-24.138
2006-08-14;107.07;4.247;-23.368;-23.34
2006-08-15;107.576;4.212;-23.304;-23.202
2006-08-16;108.117;4.176;-23.172;-22.986
2006-08-17;108.366;4.159;-23.356;-23.118
2006-08-18;108.706;4.137;-22.851;-22.564
2006-08-21;109.324;4.095;-22.739;-22.36
2006-08-22;110.008;4.05;;-23.744
2006-08-23;109.73;4.069;-22.262;-21.86
2006-08-24;110.052;4.047;-23.466;-22.985
2006-08-25;110.183;4.039;-23.148;-22.659
2006-08-28;110.136;4.042;-22.787;-22.316
2006-08-29;109.657;4.073;;
2006-08-30;109.997;4.051;-23.553;-23.075
2006-08-31;110.599;4.011;-23.185;-22.626
2006-09-01;110.954;3.988;-23.57;-22.941
2006-09-04;110.875;3.993;-23.107;-22.494
2006-09-05;110.353;4.027;-23.858;-23.295
2006-09-06;109.706;4.069;-22.13;-21.693
2006-09-07;110.045;4.047;-22.487;-21.983
2006-09-08;110.575;4.012;-23.36;-22.743
2006-09-11;110.484;4.018;-22.438;-21.835
2006-09-12;109.905;4.056;;
2006-09-13;110.67;4.006;-22.377;-21.747
2006-09-14;110.741;4.001;-22.349;-21.697
2006-09-15;111.033;3.982;;
2006-09-18;110.392;4.024;-21.084;-20.49
2006-09-19;111.142;3.975;-21.379;-20.681
2006-09-20;111.191;3.971;-22.967;-22.211
2006-09-21;111.278;3.966;;
2006-09-22;112.207;3.906;-22.111;-21.278
2006-09-25;112.509;3.887;-21.38;-20.548
2006-09-26;112.784;3.869;-22.32;-21.391
2006-09-27;112.634;3.878;-21.915;-21.01
2006-09-28;112.348;3.897;;-20.155
2006-09-29;112.081;3.914;-22.44;-21.582
2006-10-02;112.443;3.89;-23.3;-22.354
2006-10-03;111.705;3.938;-21.986;-21.195
2006-10-04;112.341;3.897;-21.89;-21.018
2006-10-05;112.097;3.912;-22.776;-21.904
2006-10-06;111.517;3.949;-23.372;-22.559
2006-10-09;111.57;3.946;-22.51;-21.708
2006-10-10;110.904;3.989;-22.929;-22.191
2006-10-11;111.011;3.982;;
2006-10-12;111.12;3.975;-23.262;-22.474
2006-10-13;110.73;4.0;-23.25;-22.518
2006-10-16;110.676;4.003;-22.419;-21.72
2006-10-17;111.213;3.968;-24.031;-23.203
2006-10-18;110.917;3.987;-23.342;-22.59
2006-10-19;110.489;4.015;-23.006;-22.327
2006-10-20;110.714;4.001;-24.096;-23.338
2006-10-23;110.217;4.033;-23.881;-23.19
2006-10-24;110.308;4.027;-24.186;-23.471
2006-10-25;110.241;4.031;-22.61;-21.947
2006-10-26;110.675;4.003;-23.495;-22.733
2006-10-27;111.636;3.94;-23.461;-22.547
2006-10-30;111.994;3.917;-22.636;-21.691
2006-10-31;112.906;3.859;-22.353;-21.295
2006-11-01;113.449;3.824;-21.539;-20.454
2006-11-02;112.705;3.871;-22.071;-21.066
2006-11-03;112.207;3.903;-22.635;-21.653
2006-11-06;111.957;3.919;;
2006-11-07;112.766;3.867;-21.112;-20.107
2006-11-08;112.539;3.882;;
2006-11-09;112.721;3.87;-21.304;-20.296
2006-11-10;112.971;3.854;-21.901;-20.852
2006-11-13;112.582;3.879;-22.161;-21.155
2006-11-14;113.019;3.851;-22.495;-21.418
2006-11-15;112.586;3.878;-21.878;-20.89
2006-11-16;112.485;3.884;;
2006-11-17;113.109;3.845;-22.187;-21.096
2006-11-20;113.186;3.84;-21.358;-20.307
2006-11-21;113.208;3.838;-21.707;-20.632
2006-11-22;113.022;3.85;-21.253;-20.238
2006-11-23;112.602;3.876;;
2006-11-24;113.078;3.846;-21.673;-20.639
2006-11-27;112.629;3.875;;
2006-11-28;112.911;3.857;;
2006-11-29;112.648;3.873;-22.079;-21.086
2006-11-30;112.987;3.851;-20.494;-19.537
2006-12-01;113.484;3.82;-21.18;-20.13
2006-12-04;113.248;3.835;-21.188;-20.181
2006-12-05;113.212;3.837;-21.26;-20.247
2006-12-06;113.133;3.842;-22.836;-21.753
2006-12-07;112.863;3.859;-22.607;-21.552
2006-12-08;112.607;3.875;;
2006-12-11;112.345;3.892;-22.689;-21.697
2006-12-12;112.501;3.882;-22.35;-21.346
2006-12-13;112.415;3.887;;
2006-12-14;111.97;3.916;-22.246;-21.285
2006-12-15;111.608;3.939;-22.197;-21.294
2006-12-18;111.197;3.966;-21.439;-20.612
2006-12-19;110.594;4.005;-21.54;-20.795
2006-12-20;110.607;4.004;-21.749;-20.993
2006-12-21;110.321;4.022;;
2006-12-22;110.106;4.037;-21.845;-21.159
2006-12-25;110.122;4.036;-21.161;-20.497
2006-12-26;110.122;4.036;-21.161;-20.497
2006-12-27;109.605;4.07;-21.983;-21.361
2006-12-28;109.164;4.099;;
2006-12-29;109.185;4.097;-21.947;-21.387
2007-01-01;109.572;4.072;;
2007-01-02;109.662;4.066;-22.507;-21.866
2007-01-03;109.461;4.079;-21.604;-21.022
2007-01-04;109.725;4.061;-22.258;-21.613
2007-01-05;109.003;4.109;-21.901;-21.372
2007-01-08;109.068;4.105;-22.187;-21.639
2007-01-09;108.559;4.139;-22.318;-21.845
2007-01-10;108.291;4.157;-21.658;-21.243
2007-01-11;108.233;4.161;-22.78;-22.358
2007-01-12;107.491;4.211;-22.173;-21.886
2007-01-15;107.637;4.201;-21.749;-21.431
2007-01-16;107.944;4.18;-21.274;-20.912
2007-01-17;107.938;4.181;-22.514;-22.133
2007-01-18;107.582;4.205;-20.764;-20.485
2007-01-19;107.988;4.177;-23.673;-23.271
2007-01-22;108.399;4.149;-21.91;-21.465
2007-01-23;108.564;4.138;-23.596;-23.086
2007-01-24;108.27;4.158;-23.138;-22.688
2007-01-25;107.712;4.196;-21.438;-21.049
2007-01-26;107.425;4.215;-23.878;-23.555
2007-01-29;106.922;4.25;-23.048;-22.8
2007-01-30;107.004;4.244;-24.233;-24.003
2007-01-31;107.196;4.231;-22.873;-22.592
2007-02-01;107.259;4.226;-24.086;-23.804
2007-02-02;107.537;4.207;;
2007-02-05;107.782;4.19;-22.71;-22.384
2007-02-06;107.893;4.183;-23.351;-23.023
2007-02-07;108.085;4.17;-23.304;-22.933
2007-02-08;107.99;4.176;-24.165;-23.775
2007-02-09;107.393;4.217;-21.693;-21.377
2007-02-12;107.021;4.242;-21.655;-21.409
2007-02-13;106.761;4.26;;
2007-02-14;107.235;4.227;-23.642;-23.396
2007-02-15;107.917;4.181;-24.325;-23.973
2007-02-16;107.84;4.186;-22.51;-22.149
2007-02-19;107.588;4.203;-21.752;-21.439
2007-02-20;107.752;4.192;-23.857;-23.542
2007-02-21;107.89;4.182;-22.091;-21.735
2007-02-22;107.421;4.214;-22.682;-22.371
2007-02-23;108.031;4.173;-23.992;-23.618
2007-02-26;108.696;4.128;-23.068;-22.595
2007-02-27;109.111;4.1;-21.42;-20.941
2007-02-28;109.093;4.101;-23.712;-23.182
2007-03-01;109.148;4.097;-24.181;-23.634
2007-03-02;109.143;4.097;-23.155;-22.656
2007-03-05;109.431;4.078;-22.534;-21.99
2007-03-06;109.407;4.08;-24.606;-24.026
2007-03-07;109.204;4.093;;
2007-03-08;109.048;4.103;-22.717;-22.239
2007-03-09;108.636;4.131;;
2007-03-12;109.008;4.106;-23.771;-23.281
2007-03-13;109.401;4.08;-23.779;-23.247
2007-03-14;109.623;4.065;;
2007-03-15;109.31;4.086;-24.467;-23.901
2007-03-16;109.442;4.077;-24.526;-23.913
2007-03-19;109.149;4.096;-24.271;-23.701
2007-03-20;109.429;4.077;-24.165;-23.556
2007-03-21;109.097;4.1;-22.404;-21.903
2007-03-22;108.463;4.142;-24.614;-24.175
2007-03-23;107.682;4.196;-24.089;-23.791
2007-03-26;107.597;4.201;-24.339;-24.055
2007-03-27;107.342;4.219;-23.043;-22.807
2007-03-28;107.176;4.23;-23.075;-22.842
2007-03-29;106.91;4.249;-22.934;-22.768
2007-03-30;106.93;4.247;-23.897;-23.707
2007-04-02;106.769;4.258;-22.245;-22.064
2007-04-03;106.229;4.296;-21.48;-21.405
2007-04-04;106.524;4.275;-21.607;-21.494
2007-04-05;106.175;4.299;-21.022;-20.951
2007-04-06;106.129;4.303;-20.964;-20.59
2007-04-09;106.137;4.302;-21.021;-20.645
2007-04-10;105.726;4.331;-21.54;-21.544
2007-04-11;105.499;4.347;-21.796;-21.818
2007-04-12;104.883;4.39;-20.065;-20.141
2007-04-13;104.146;4.443;-20.84;-21.045
2007-04-16;104.496;4.418;-22.291;-22.503
2007-04-17;104.881;4.39;-23.841;-24.036
2007-04-18;105.367;4.356;-22.423;-22.485
2007-04-19;104.824;4.394;-19.408;-19.464
2007-04-20;104.773;4.398;-21.831;-21.979
2007-04-23;105.257;4.364;-22.853;-22.935
2007-04-24;105.459;4.349;-21.989;-22.013
2007-04-25;105.151;4.371;-22.821;-22.887
2007-04-26;104.756;4.399;-22.906;-23.022
2007-04-27;104.79;4.397;-21.201;-21.302
2007-04-30;105.718;4.331;-20.281;-20.251
2007-05-01;105.764;4.328;-20.829;-20.447
2007-05-02;104.812;4.395;-21.552;-21.651
2007-05-03;104.511;4.417;-21.281;-21.429
2007-05-04;105.029;4.38;-21.247;-21.316
2007-05-07;104.801;4.396;-20.238;-20.327
2007-05-08;105.014;4.381;-21.655;-21.714
2007-05-09;104.84;4.393;-22.69;-22.789
2007-05-10;104.785;4.397;-20.097;-20.198
2007-05-11;104.662;4.406;-22.203;-22.329
2007-05-14;104.057;4.449;-21.417;-21.625
2007-05-15;103.694;4.475;-21.15;-21.4
2007-05-16;103.7;4.475;-21.071;-21.311
2007-05-17;103.692;4.475;-22.682;-22.935
2007-05-18;103.683;4.476;-22.902;-23.159
2007-05-21;103.486;4.49;-20.622;-20.888
2007-05-22;103.306;4.503;-22.725;-23.036
2007-05-23;102.933;4.531;-20.623;-20.947
2007-05-24;103.037;4.523;-20.594;-20.908
2007-05-25;102.829;4.538;-22.839;-23.211
2007-05-28;102.756;4.543;-22.169;-22.533
2007-05-29;102.705;4.547;-21.488;-21.849
2007-05-30;102.734;4.545;-21.945;-22.31
2007-05-31;102.476;4.564;-21.331;-21.717
2007-06-01;101.993;4.6;-22.44;-22.917
2007-06-04;102.049;4.596;-22.292;-22.755
2007-06-05;101.532;4.634;-20.976;-21.491
2007-06-06;101.82;4.613;-19.756;-20.212
2007-06-07;100.696;4.697;-21.308;-21.982
2007-06-08;100.217;4.733;-19.758;-20.453
2007-06-11;100.28;4.728;-21.674;-22.441
2007-06-12;99.635;4.777;-23.053;-23.974
2007-06-13;99.154;4.814;-21.36;-22.3
2007-06-14;99.066;4.821;-23.182;-24.225
2007-06-15;98.74;4.847;-20.712;-21.722
2007-06-18;98.539;4.862;-21.631;-22.736
2007-06-19;99.151;4.815;;
2007-06-20;99.098;4.819;-20.73;-21.654
2007-06-21;99.122;4.817;-22.723;-23.726
2007-06-22;99.024;4.825;-20.027;-20.949
2007-06-25;99.507;4.788;-21.847;-22.77
2007-06-26;99.771;4.767;-22.497;-23.397
2007-06-27;100.43;4.717;-25.828;-26.739
2007-06-28;100.39;4.72;-24.918;-25.77
2007-06-29;100.352;4.723;-23.826;-24.677
2007-07-02;101.134;4.664;-23.178;-23.851
2007-07-03;100.378;4.721;-24.791;-25.656
2007-07-04;99.925;4.756;-25.306;-26.261
2007-07-05;99.414;4.795;-25.546;-26.602
2007-07-06;99.157;4.815;-24.024;-25.024
2007-07-09;99.224;4.809;-24.073;-25.089
2007-07-10;100.227;4.732;-23.995;-24.833
2007-07-11;100.256;4.73;-26.762;-27.69
2007-07-12;99.709;4.772;-28.505;-29.611
2007-07-13;99.852;4.761;-26.083;-27.06
2007-07-16;100.34;4.724;-24.663;-25.5
2007-07-17;100.115;4.741;-26.579;-27.519
2007-07-18;100.806;4.688;-29.915;-30.815
2007-07-19;100.774;4.691;-27.449;-28.273
2007-07-20;102.18;4.585;-29.058;-29.642
2007-07-23;102.023;4.597;-28.669;-29.282
2007-07-24;102.131;4.589;-27.061;-27.62
2007-07-25;102.446;4.566;-30.76;-31.333
2007-07-26;103.368;4.498;;
2007-07-27;103.29;4.503;;
2007-07-30;103.488;4.489;;
2007-07-31;103.13;4.515;-29.338;-29.768
2007-08-01;103.029;4.522;-32.554;-33.017
2007-08-02;102.708;4.546;-29.377;-29.874
2007-08-03;103.426;4.493;-30.006;-30.368
2007-08-06;103.264;4.505;;
2007-08-07;103.029;4.522;-31.601;-32.051
2007-08-08;102.096;4.591;-28.839;-29.429
2007-08-09;102.39;4.569;-29.81;-30.397
2007-08-10;102.491;4.562;-31.538;-32.19
2007-08-13;102.295;4.576;-28.025;-28.624
2007-08-14;102.505;4.561;-31.096;-31.738
2007-08-15;102.681;4.548;-29.019;-29.6
2007-08-16;103.424;4.493;-34.272;-34.797
2007-08-17;102.736;4.543;-31.141;-31.825
2007-08-20;102.575;4.555;-28.879;-29.549
2007-08-21;103.011;4.523;-30.067;-30.71
2007-08-22;102.557;4.556;-29.223;-29.889
2007-08-23;102.779;4.54;-26.56;-27.094
2007-08-24;102.851;4.535;-27.944;-28.505
2007-08-27;103.054;4.52;-24.931;-25.399
2007-08-28;103.049;4.52;-22.298;-22.733
2007-08-29;102.673;4.548;-27.413;-28.035
2007-08-30;102.69;4.546;-22.852;-23.364
2007-08-31;102.684;4.547;-25.742;-26.285
2007-09-03;102.376;4.57;-25.345;-25.957
2007-09-04;102.109;4.589;-24.686;-25.337
2007-09-05;102.893;4.531;-25.698;-26.222
2007-09-06;102.828;4.536;-26.053;-26.61
2007-09-07;103.751;4.468;-24.858;-25.255
2007-09-10;104.358;4.424;-23.956;-24.214
2007-09-11;103.885;4.458;-21.788;-22.085
2007-09-12;103.712;4.471;-23.476;-23.85
2007-09-13;103.448;4.49;-24.399;-24.816
2007-09-14;103.662;4.474;-26.299;-26.731
2007-09-17;103.97;4.452;-24.912;-25.248
2007-09-18;103.172;4.51;-22.753;-23.207
2007-09-19;102.089;4.59;-20.841;-21.407
2007-09-20;101.369;4.644;-21.866;-22.574
2007-09-21;101.11;4.664;-21.944;-22.722
2007-09-24;101.049;4.669;-23.045;-23.867
2007-09-25;101.601;4.627;-25.305;-26.102
2007-09-26;100.926;4.678;-23.214;-24.061
2007-09-27;101.153;4.661;-22.597;-23.367
2007-09-28;101.826;4.61;;
2007-10-01;101.796;4.612;-24.16;-24.867
2007-10-02;101.954;4.6;-23.38;-24.037
2007-10-03;101.791;4.612;-23.86;-24.556
2007-10-04;102.44;4.564;-23.424;-24.001
2007-10-05;101.758;4.615;-23.215;-23.898
2007-10-08;101.773;4.614;-21.86;-22.493
2007-10-09;102.269;4.577;-24.728;-25.331
2007-10-10;101.865;4.607;-21.562;-22.147
2007-10-11;101.382;4.643;-22.842;-23.572
2007-10-12;101.054;4.668;-24.234;-25.024
2007-10-15;100.895;4.68;-21.805;-22.537
2007-10-16;100.522;4.708;-21.204;-21.998
2007-10-17;101.069;4.667;-21.442;-22.151
2007-10-18;101.896;4.604;-23.48;-24.126
2007-10-19;103.147;4.511;-22.637;-23.071
2007-10-22;103.506;4.485;-24.194;-24.588
2007-10-23;103.404;4.492;-23.923;-24.329
2007-10-24;104.086;4.442;-27.29;-27.645
2007-10-25;103.914;4.455;-25.956;-26.323
2007-10-26;103.808;4.462;-26.322;-26.709
2007-10-29;103.779;4.465;-25.965;-26.349
2007-10-30;103.565;4.48;-25.216;-25.623
2007-10-31;103.063;4.517;;
2007-11-01;103.39;4.493;-24.859;-25.286
2007-11-02;103.688;4.471;-28.31;-28.736
2007-11-05;103.757;4.466;-29.102;
2007-11-06;103.489;4.486;-28.014;-28.48
2007-11-07;103.672;4.472;-25.019;-25.434
2007-11-08;103.809;4.462;-25.822;-26.221
2007-11-09;104.032;4.446;-26.301;-26.692
2007-11-12;103.981;4.449;-27.068;-27.49
2007-11-13;103.761;4.465;-26.64;-27.09
2007-11-14;103.558;4.48;-26.42;-26.884
2007-11-15;103.683;4.471;-27.613;-28.118
2007-11-16;103.635;4.475;-27.91;-28.426
2007-11-19;104.15;4.437;-27.199;-27.631
2007-11-20;103.96;4.451;-28.016;-28.503
2007-11-21;104.068;4.443;;
2007-11-22;103.8;4.462;-27.944;-28.511
2007-11-23;103.664;4.472;-27.407;-27.971
2007-11-26;103.829;4.46;-28.864;-29.435
2007-11-27;103.562;4.48;;
2007-11-28;102.656;4.547;-29.444;-30.268
2007-11-29;103.192;4.507;-28.392;-29.075
2007-11-30;102.426;4.564;-28.614;-29.461
2007-12-03;103.226;4.504;-26.77;-27.404
2007-12-04;103.701;4.469;;
2007-12-05;103.661;4.472;-25.719;-26.243
2007-12-06;103.208;4.506;-24.98;-25.549
2007-12-07;102.02;4.594;-23.222;-23.917
2007-12-10;101.367;4.643;;
2007-12-11;101.706;4.618;-24.013;-24.752
2007-12-12;101.03;4.669;-23.294;-24.122
2007-12-13;101.442;4.638;-24.737;-25.52
2007-12-14;101.188;4.657;-24.983;-25.8
2007-12-17;101.561;4.629;-24.681;-25.409
2007-12-18;101.886;4.604;-25.235;-25.929
2007-12-19;101.889;4.604;-25.069;-25.784
2007-12-20;102.448;4.562;-27.59;-28.265
2007-12-21;101.55;4.629;-27.093;-27.943
2007-12-24;101.536;4.63;-27.943;-28.826
2007-12-25;101.54;4.63;-28.081;-28.981
2007-12-26;101.54;4.63;-28.077;-28.977
2007-12-27;101.107;4.663;-28.268;-29.245
2007-12-28;101.609;4.625;-27.963;-28.842
2007-12-31;101.644;4.622;-28.229;-29.107
2008-01-01;101.629;4.623;-28.112;-28.99
2008-01-02;102.954;4.524;-25.843;-26.427
2008-01-03;102.865;4.53;-23.797;-24.373
2008-01-04;103.319;4.497;-24.645;-25.185
2008-01-07;103.308;4.497;-25.175;-25.746
2008-01-08;102.89;4.529;-25.66;-26.32
2008-01-09;103.567;4.478;-28.2;-28.831
2008-01-10;103.405;4.49;-28.126;-28.788
2008-01-11;103.366;4.493;-27.118;-27.783
2008-01-14;103.651;4.472;-26.986;-27.636
2008-01-15;103.949;4.45;-26.323;-26.904
2008-01-16;104.346;4.421;-24.71;-25.225
2008-01-17;104.357;4.42;-23.756;-24.275
2008-01-18;104.311;4.423;-24.924;-25.489
2008-01-21;104.937;4.378;-26.789;-27.312
2008-01-22;103.704;4.468;-25.159;-25.889
2008-01-23;104.596;4.402;-26.651;-27.298
2008-01-24;103.571;4.478;-25.331;-26.051
2008-01-25;103.889;4.454;-23.765;-24.349
2008-01-28;104.162;4.434;-26.609;-27.228
2008-01-29;103.584;4.477;-23.895;-24.552
2008-01-30;103.226;4.503;-24.214;-24.946
2008-01-31;104.386;4.418;-25.115;-25.675
2008-02-01;104.706;4.394;-26.746;-27.297
2008-02-04;104.624;4.4;-25.983;-26.511
2008-02-05;105.607;4.329;-27.449;-27.848
2008-02-06;105.05;4.369;-25.671;-26.136
2008-02-07;104.927;4.378;;
2008-02-08;105.227;4.356;-26.833;-27.364
2008-02-11;105.163;4.361;;
2008-02-12;104.031;4.443;-25.305;-26.015
2008-02-13;103.775;4.462;-27.43;-28.246
2008-02-14;103.355;4.493;-24.658;-25.434
2008-02-15;103.782;4.462;-26.097;-26.864
2008-02-18;103.111;4.511;-25.251;-26.102
2008-02-19;103.457;4.486;-27.909;-28.756
2008-02-20;103.117;4.511;-24.9;-25.699
2008-02-21;103.411;4.489;-22.259;-22.906
2008-02-22;103.238;4.502;-23.075;-23.812
2008-02-25;102.676;4.544;-19.896;-20.606
2008-02-26;102.187;4.581;;
2008-02-27;101.948;4.599;;
2008-02-28;103.037;4.517;;
2008-02-29;104.229;4.428;-21.299;-21.79
2008-03-03;104.505;4.408;-22.484;-22.94
2008-03-04;104.51;4.408;-21.553;-22.004
2008-03-05;103.474;4.484;-18.632;-19.142
2008-03-06;104.196;4.431;-23.157;-23.664
2008-03-07;104.12;4.436;-24.25;-24.837
2008-03-10;104.494;4.409;-23.975;-24.498
2008-03-11;104.21;4.43;-21.776;-22.23
2008-03-12;104.545;4.405;-20.407;-20.759
2008-03-13;104.321;4.421;-22.339;-22.77
2008-03-14;104.593;4.401;-21.865;-22.232
2008-03-17;104.134;4.435;-16.794;-17.137
2008-03-18;103.672;4.469;-16.319;-16.673
2008-03-19;104.417;4.414;-17.17;-17.442
2008-03-20;105.179;4.359;-19.774;-19.929
2008-03-21;105.164;4.36;;
2008-03-24;105.231;4.355;-19.326;-19.415
2008-03-25;103.817;4.458;-18.492;-18.789
2008-03-26;103.234;4.502;-19.219;-19.649
2008-03-27;102.115;4.586;-15.451;-15.935
2008-03-28;102.488;4.558;-16.55;-17.018
2008-03-31;102.952;4.523;-17.458;-17.905
2008-04-01;102.631;4.547;-16.57;-17.006
2008-04-02;102.77;4.536;-17.461;-17.892
2008-04-03;102.57;4.552;-18.718;-19.233
2008-04-04;103.098;4.512;-20.349;-20.832
2008-04-07;102.605;4.549;-20.519;-21.07
2008-04-08;102.557;4.552;-19.672;-20.209
2008-04-09;103.059;4.515;-20.59;-21.092
2008-04-10;102.857;4.53;-22.119;-22.699
2008-04-11;103.868;4.454;-22.1;-22.518
2008-04-14;103.813;4.459;-24.813;-25.317
2008-04-15;103.087;4.513;-24.071;-24.653
2008-04-16;102.07;4.589;-23.083;-23.792
2008-04-17;101.495;4.633;-25.519;-26.406
2008-04-18;101.098;4.664;-20.785;-21.517
2008-04-21;101.26;4.651;-21.235;-21.983
2008-04-22;101.238;4.653;-22.623;-23.407
2008-04-23;101.069;4.666;-23.196;-24.039
2008-04-24;100.477;4.712;-22.491;-23.394
2008-04-25;100.52;4.708;-22.457;-23.353
2008-04-28;100.299;4.725;-20.709;-21.568
2008-04-29;101.183;4.657;-23.321;-24.184
2008-04-30;101.639;4.622;-22.996;-23.738
2008-05-01;101.721;4.616;-23.658;-24.422
2008-05-02;100.977;4.673;-21.119;-21.885
2008-05-05;101.507;4.632;-22.712;-23.446
2008-05-06;101.74;4.614;-22.179;-22.867
2008-05-07;101.356;4.644;-19.874;-20.558
2008-05-08;102.53;4.554;-21.877;-22.455
2008-05-09;103.227;4.502;-21.751;-22.207
2008-05-12;102.812;4.533;-18.922;-19.351
2008-05-13;101.736;4.615;-17.677;-18.205
2008-05-14;100.887;4.68;-18.827;-19.51
2008-05-15;100.6;4.702;;
2008-05-16;101.108;4.663;;
2008-05-19;100.678;4.696;;
2008-05-20;101.09;4.664;-17.044;-17.6
2008-05-21;100.272;4.728;-17.072;-17.726
2008-05-22;100.126;4.739;-17.76;-18.454
2008-05-23;100.596;4.703;-20.446;-21.165
2008-05-26;100.367;4.721;-21.222;-22.0
2008-05-27;100.164;4.736;-22.155;-23.023
2008-05-28;99.656;4.776;-22.714;-23.68
2008-05-29;98.681;4.854;-20.036;-21.016
2008-05-30;99.157;4.816;-20.987;-21.911
2008-06-02;99.717;4.772;-17.6;-18.302
2008-06-03;98.747;4.848;-14.028;-14.659
2008-06-04;99.162;4.816;-16.7;-17.414
2008-06-05;98.857;4.84;;
2008-06-06;100.397;4.718;-13.734;-14.016
2008-06-09;100.111;4.741;-12.428;-12.636
2008-06-10;99.495;4.789;-20.237;-20.763
2008-06-11;98.232;4.89;-19.667;-20.472
2008-06-12;98.058;4.904;-14.52;-15.081
2008-06-13;97.938;4.914;-13.988;-14.505
2008-06-16;98.691;4.853;-16.21;-16.672
2008-06-17;98.915;4.835;-13.857;-14.24
2008-06-18;99.216;4.812;-15.623;-16.026
2008-06-19;98.822;4.843;-16.213;-16.652
2008-06-20;99.11;4.82;-17.412;-17.872
2008-06-23;98.969;4.831;-18.965;-19.509
2008-06-24;98.657;4.856;-18.714;-19.346
2008-06-25;98.627;4.859;-19.826;-20.508
2008-06-26;99.226;4.811;-18.829;-19.425
2008-06-27;98.534;4.866;-19.795;-20.568
2008-06-30;97.867;4.92;-16.06;-16.695
2008-07-01;97.988;4.91;-16.04;-16.657
2008-07-02;97.84;4.922;-18.324;-19.025
2008-07-03;98.532;4.866;-18.431;-19.128
2008-07-04;98.715;4.852;-16.878;-17.482
2008-07-07;99.286;4.806;-15.593;-16.116
2008-07-08;99.402;4.797;-19.599;-20.244
2008-07-09;99.575;4.783;-19.407;-20.015
2008-07-10;99.589;4.782;-21.848;-22.533
2008-07-11;99.307;4.804;-22.889;-23.658
2008-07-14;99.357;4.8;-15.727;-16.246
2008-07-15;99.231;4.81;-16.634;-17.213
2008-07-16;99.334;4.802;-17.979;-18.575
2008-07-17;98.865;4.84;-19.104;-19.79
2008-07-18;97.742;4.93;-12.107;-12.594
2008-07-21;97.544;4.946;-14.217;-14.785
2008-07-22;97.495;4.95;-13.877;-14.427
2008-07-23;97.411;4.957;-13.318;-13.868
2008-07-24;98.176;4.895;-14.408;-14.96
2008-07-25;97.693;4.934;-16.947;-17.674
2008-07-28;98.441;4.873;-18.444;-19.169
2008-07-29;99.014;4.828;-18.133;-18.764
2008-07-30;99.857;4.761;-19.047;-19.603
2008-07-31;100.524;4.708;-21.555;-22.098
2008-08-01;100.297;4.726;-18.051;-18.527
2008-08-04;100.599;4.702;-22.399;-22.957
2008-08-05;100.742;4.691;-20.576;-21.064
2008-08-06;100.279;4.727;-18.94;-19.462
2008-08-07;100.609;4.701;-21.343;-22.03
2008-08-08;100.409;4.717;-21.821;-22.59
2008-08-11;100.427;4.716;-23.056;-23.837
2008-08-12;101.013;4.67;-22.995;-23.679
2008-08-13;101.076;4.665;-23.781;-24.501
2008-08-14;101.067;4.666;-19.783;-20.369
2008-08-15;101.657;4.62;-20.283;-20.806
2008-08-18;101.633;4.622;-18.74;-19.217
2008-08-19;101.131;4.66;-19.791;-20.373
2008-08-20;101.789;4.61;-20.151;-20.633
2008-08-21;101.215;4.654;-20.831;-21.396
2008-08-22;101.102;4.663;-20.062;-20.553
2008-08-25;101.925;4.599;-19.33;-19.712
2008-08-26;101.799;4.609;-18.758;-19.164
2008-08-27;101.323;4.645;-18.031;-18.449
2008-08-28;101.593;4.624;-15.292;-15.566
2008-08-29;101.847;4.605;-14.794;-15.02
2008-09-01;102.299;4.57;-15.139;-15.344
2008-09-02;102.045;4.59;-14.271;-14.494
2008-09-03;101.693;4.617;-14.087;-14.351
2008-09-04;102.264;4.573;-12.956;-13.154
2008-09-05;102.411;4.561;-17.182;-17.46
2008-09-08;101.969;4.595;-13.537;-13.781
2008-09-09;102.165;4.58;-16.028;-16.324
2008-09-10;101.877;4.602;-16.263;-16.59
2008-09-11;101.331;4.644;-14.274;-14.62
2008-09-12;100.175;4.735;-14.558;-15.043
2008-09-15;100.948;4.674;-19.835;-20.386
2008-09-16;101.955;4.596;-21.062;-21.435
2008-09-17;101.371;4.641;-21.389;-21.862
2008-09-18;100.441;4.714;-22.46;-23.093
2008-09-19;98.866;4.839;-19.129;-19.882
2008-09-22;98.109;4.9;-13.263;-13.86
2008-09-23;98.444;4.873;-16.145;-16.846
2008-09-24;99.762;4.767;-19.109;-19.728
2008-09-25;99.275;4.806;-15.683;-16.23
2008-09-26;99.882;4.758;-13.102;-13.504
2008-09-29;101.827;4.606;-10.342;-10.48
2008-09-30;101.58;4.625;-6.558;-6.63
2008-10-01;102.447;4.558;-10.134;-10.183
2008-10-02;103.408;4.485;;
2008-10-03;104.046;4.437;-10.687;-10.62
2008-10-06;106.237;4.274;-10.243;-10.021
2008-10-07;107.262;4.2;-5.628;-5.437
2008-10-08;106.521;4.253;-15.557;-15.163
2008-10-09;105.308;4.342;-12.937;-12.72
2008-10-10;102.217;4.575;-12.177;-12.308
2008-10-13;101.24;4.651;-6.458;-6.557
2008-10-14;100.678;4.695;-5.1;-5.198
2008-10-15;99.804;4.764;0.025;0.043
2008-10-16;100.021;4.747;-2.53;-2.601
2008-10-17;101.018;4.668;-9.468;-9.718
2008-10-20;100.946;4.674;-7.506;-7.719
2008-10-21;101.738;4.612;-2.754;-2.805
2008-10-22;102.978;4.517;-2.145;-2.165
2008-10-23;104.25;4.421;8.401;8.412
2008-10-24;104.399;4.409;2.062;2.077
2008-10-27;104.037;4.436;-2.533;-2.532
2008-10-28;104.46;4.405;2.375;2.392
2008-10-29;103.678;4.463;9.937;10.016
2008-10-30;104.152;4.428;6.007;6.044
2008-10-31;101.708;4.614;5.145;5.279
2008-11-03;102.724;4.536;6.616;6.733
2008-11-04;103.186;4.501;1.309;1.342
2008-11-05;102.899;4.522;3.044;3.111
2008-11-06;103.354;4.488;8.007;8.137
2008-11-07;104.338;4.413;7.77;7.842
2008-11-10;104.331;4.414;9.248;9.352
2008-11-11;103.974;4.441;9.088;9.233
2008-11-12;104.42;4.407;9.414;9.536
2008-11-13;103.819;4.452;5.722;5.838
2008-11-14;104.146;4.428;2.969;3.03
2008-11-17;104.463;4.404;3.504;3.566
2008-11-18;104.538;4.398;-0.118;-0.104
2008-11-19;106.133;4.28;-8.907;-8.928
2008-11-20;107.977;4.146;1.978;1.966
2008-11-21;108.222;4.128;0.246;0.256
2008-11-24;107.804;4.158;-10.621;-10.474
2008-11-25;109.282;4.053;-6.361;-6.2
2008-11-26;110.698;3.954;-8.218;-7.944
2008-11-27;110.699;3.953;-8.622;-8.338
2008-11-28;111.283;3.913;-12.964;-12.494
2008-12-01;112.455;3.833;-5.225;-4.978
2008-12-02;114.734;3.679;2.539;2.397
2008-12-04;115.328;3.64;0.828;0.787
2008-12-05;115.498;3.628;0.619;0.591
2008-12-08;113.181;3.783;-0.821;-0.763
2008-12-09;111.994;3.863;-0.558;-0.52
2008-12-10;111.475;3.899;-11.421;-10.988
2008-12-11;111.179;3.919;-11.542;-11.14
2008-12-12;109.839;4.012;-11.197;-10.916
2008-12-15;110.35;3.977;-8.257;-8.032
2008-12-16;111.391;3.904;-13.155;-12.723
2008-12-17;113.223;3.779;-14.475;-13.851
2008-12-18;114.619;3.685;-20.897;-19.819
2008-12-19;113.56;3.756;-20.158;-19.267
2008-12-22;114.387;3.7;-15.339;-14.58
2008-12-23;114.032;3.724;-17.1;-16.29
2008-12-24;114.383;3.7;-19.787;-18.825
2008-12-25;113.989;3.727;-16.965;-16.174
2008-12-26;113.989;3.727;-16.966;-16.174
2008-12-29;114.752;3.676;-13.25;-12.562
2008-12-30;113.776;3.74;-13.244;-12.629
2008-12-31;113.714;3.745;-14.196;-13.55
2009-01-01;113.677;3.747;-13.909;-13.279
2009-01-02;114.25;3.708;-14.834;-14.114
2009-01-05;113.42;3.764;-13.992;-13.397
2009-01-06;110.567;3.96;-8.373;-8.17
2009-01-07;109.562;4.03;-5.674;-5.584
2009-01-08;110.515;3.963;-0.268;-0.248
2009-01-09;111.737;3.878;-3.154;-3.066
2009-01-12;111.597;3.888;-2.234;-2.174
2009-01-13;111.048;3.926;2.517;2.493
2009-01-14;111.062;3.925;-0.367;-0.347
2009-01-15;111.489;3.895;-2.808;-2.749
2009-01-16;110.992;3.929;4.348;4.31
2009-01-19;110.539;3.961;1.724;1.723
2009-01-20;110.302;3.977;6.582;6.551
2009-01-21;110.481;3.965;1.094;1.102
2009-01-22;109.156;4.058;3.82;3.847
2009-01-23;106.528;4.248;11.334;11.589
2009-01-26;106.041;4.284;8.531;8.735
2009-01-27;107.555;4.173;10.036;10.151
2009-01-28;108.291;4.12;10.823;10.877
2009-01-29;109.362;4.043;8.049;7.995
2009-01-30;108.53;4.102;13.024;13.006
2009-02-02;108.43;4.109;14.444;14.43
2009-02-03;108.008;4.14;12.06;12.08
2009-02-04;107.923;4.146;15.527;15.569
2009-02-05;107.864;4.15;12.054;12.13
2009-02-06;107.85;4.151;8.418;8.483
2009-02-09;107.911;4.147;10.602;10.646
2009-02-10;108.52;4.103;16.019;16.026
2009-02-11;109.665;4.021;12.771;12.721
2009-02-12;110.98;3.928;8.873;8.791
2009-02-13;111.094;3.92;1.627;1.623
2009-02-16;111.945;3.861;0.753;0.753
2009-02-17;112.517;3.822;7.913;7.754
2009-02-18;111.687;3.879;6.559;6.478
2009-02-19;110.262;3.978;10.493;10.43
2009-02-20;111.009;3.926;10.21;10.127
2009-02-23;110.783;3.942;7.726;7.677
2009-02-24;110.962;3.929;13.805;13.674
2009-02-25;111.129;3.917;15.485;15.321
2009-02-26;109.463;4.034;18.615;18.598
2009-02-27;109.455;4.035;19.526;19.513
2009-03-02;110.207;3.981;21.115;21.014
2009-03-03;109.812;4.009;19.795;19.776
2009-03-04;108.219;4.123;24.004;24.244
2009-03-05;109.956;3.999;28.038;27.989
2009-03-06;110.881;3.934;24.477;24.317
2009-03-09;110.932;3.93;26.536;26.319
2009-03-10;110.082;3.99;25.507;25.434
2009-03-11;109.109;4.059;27.573;27.648
2009-03-12;109.609;4.023;23.323;23.35
2009-03-13;108.257;4.12;26.399;26.677
2009-03-16;107.351;4.186;31.56;32.067
2009-03-17;106.623;4.239;31.053;31.717
2009-03-18;106.82;4.224;;
2009-03-19;108.668;4.09;24.665;24.872
2009-03-20;109.423;4.036;20.999;21.114
2009-03-23;109.28;4.046;13.06;13.165
2009-03-24;107.358;4.185;21.296;21.701
2009-03-25;107.383;4.183;22.538;22.938
2009-03-26;107.756;4.156;25.327;25.695
2009-03-27;109.225;4.05;14.745;14.867
2009-03-30;109.77;4.011;19.933;19.992
2009-03-31;110.275;3.975;14.623;14.645
2009-04-01;109.982;3.995;16.616;16.684
2009-04-02;108.336;4.113;14.414;14.607
2009-04-03;107.471;4.176;11.079;11.294
2009-04-06;107.334;4.186;14.61;14.897
2009-04-07;107.164;4.198;17.219;17.586
2009-04-08;107.305;4.188;13.925;14.208
2009-04-09;106.924;4.216;17.76;18.16
2009-04-10;106.912;4.217;16.955;17.345
2009-04-13;106.898;4.218;17.055;17.449
2009-04-14;107.494;4.174;17.016;17.365
2009-04-15;107.755;4.155;16.568;16.907
2009-04-16;107.582;4.167;19.326;19.714
2009-04-17;106.828;4.223;19.614;20.098
2009-04-20;108.275;4.117;21.708;22.026
2009-04-21;108.393;4.108;19.368;19.646
2009-04-22;107.792;4.152;23.721;24.084
2009-04-23;108.14;4.126;21.084;21.356
2009-04-24;108.238;4.119;22.772;23.075
2009-04-27;108.37;4.11;23.573;23.891
2009-04-28;109.064;4.059;20.102;20.263
2009-04-29;109.752;4.01;22.948;23.007
2009-04-30;109.399;4.035;18.916;19.028
2009-05-01;109.534;4.026;17.912;18.005
2009-05-04;108.398;4.107;17.288;17.51
2009-05-05;108.749;4.082;21.726;21.92
2009-05-06;108.397;4.107;25.856;26.188
2009-05-07;106.449;4.25;22.628;23.238
2009-05-08;105.809;4.298;21.133;21.803
2009-05-11;106.607;4.238;26.318;27.026
2009-05-12;106.318;4.26;31.286;32.174
2009-05-13;106.564;4.241;30.449;31.319
2009-05-14;106.776;4.226;26.643;27.421
2009-05-15;106.535;4.243;26.638;27.392
2009-05-18;106.637;4.236;28.635;29.469
2009-05-19;105.912;4.29;29.801;30.795
2009-05-20;105.71;4.305;27.861;28.811
2009-05-21;105.614;4.312;23.911;24.825
2009-05-22;105.008;4.358;24.102;25.082
2009-05-25;104.335;4.409;28.533;29.763
2009-05-26;104.102;4.427;27.776;29.019
2009-05-27;104.364;4.407;29.195;30.375
2009-05-28;104.111;4.426;22.987;24.02
2009-05-29;104.691;4.382;25.825;26.837
2009-06-01;103.387;4.482;27.231;28.595
2009-06-02;103.419;4.479;28.181;29.584
2009-06-03;104.99;4.359;25.174;26.137
2009-06-04;104.23;4.417;21.852;22.755
2009-06-05;103.792;4.45;17.464;18.215
2009-06-08;104.702;4.381;20.512;21.185
2009-06-09;105.149;4.347;18.398;18.962
2009-06-10;104.419;4.402;17.369;18.023
2009-06-11;104.165;4.422;19.109;19.865
2009-06-12;104.555;4.392;16.611;17.238
2009-06-15;105.478;4.322;14.429;14.92
2009-06-16;105.136;4.348;17.155;17.791
2009-06-17;105.435;4.325;14.509;15.021
2009-06-18;104.783;4.374;13.744;14.28
2009-06-19;105.085;4.351;13.745;14.294
2009-06-22;105.698;4.305;11.052;11.453
2009-06-23;105.369;4.33;11.532;11.969
2009-06-24;105.369;4.33;14.297;14.851
2009-06-25;105.709;4.304;12.599;13.068
2009-06-26;106.203;4.267;12.027;12.427
2009-06-29;106.366;4.255;12.479;12.896
2009-06-30;106.611;4.237;14.388;14.816
2009-07-01;106.245;4.264;14.206;14.664
2009-07-02;107.228;4.191;11.236;11.545
2009-07-03;107.263;4.188;11.359;11.655
2009-07-06;107.795;4.149;9.543;9.761
2009-07-07;107.465;4.173;11.476;11.765
2009-07-08;107.726;4.153;12.451;12.747
2009-07-09;107.474;4.172;10.016;10.268
2009-07-10;108.038;4.13;8.178;8.347
2009-07-13;108.211;4.118;6.039;6.157
2009-07-14;108.041;4.13;6.127;6.248
2009-07-15;107.405;4.177;5.072;5.189
2009-07-16;107.644;4.159;8.257;8.439
2009-07-17;106.699;4.229;9.885;10.165
2009-07-20;106.414;4.25;14.682;15.126
2009-07-21;106.914;4.213;11.013;11.32
2009-07-22;106.724;4.227;10.306;10.609
2009-07-23;106.11;4.272;10.765;11.112
2009-07-24;106.139;4.27;8.63;8.91
2009-07-27;106.005;4.28;7.159;7.404
2009-07-28;106.987;4.207;4.2;4.314
2009-07-29;107.245;4.187;6.099;6.259
2009-07-30;107.739;4.151;7.541;7.711
2009-07-31;109.566;4.018;2.354;2.375
2009-08-03;108.995;4.059;1.996;2.018
2009-08-04;109.071;4.053;-0.568;-0.58
2009-08-05;109.583;4.016;-1.842;-1.861
2009-08-06;109.265;4.039;-1.527;-1.548
2009-08-07;107.784;4.147;2.47;2.51
2009-08-10;108.352;4.105;3.946;3.996
2009-08-11;108.431;4.099;2.689;2.722
2009-08-12;108.536;4.091;2.181;2.207
2009-08-13;108.694;4.08;3.022;3.059
2009-08-14;109.702;4.007;2.846;2.863
2009-08-17;110.048;3.982;-0.837;-0.846
2009-08-18;109.927;3.99;0.332;0.33
2009-08-19;110.564;3.945;-1.46;-1.468
2009-08-20;110.481;3.95;1.518;1.517
2009-08-21;110.061;3.98;0.058;0.054
2009-08-24;110.085;3.979;2.83;2.839
2009-08-25;110.232;3.968;4.618;4.631
2009-08-26;110.482;3.95;5.457;5.463
2009-08-27;110.297;3.963;3.149;3.158
2009-08-28;110.2;3.97;6.894;6.914
2009-08-31;110.223;3.968;5.718;5.74
2009-09-01;110.232;3.967;7.23;7.261
2009-09-02;110.089;3.977;8.328;8.371
2009-09-03;109.594;4.013;8.002;8.076
2009-09-04;109.762;4.001;4.677;4.716
2009-09-07;109.36;4.03;10.395;10.513
2009-09-08;108.844;4.067;9.129;9.275
2009-09-09;107.846;4.14;7.019;7.182
2009-09-10;108.609;4.084;7.695;7.84
2009-09-11;109.675;4.006;6.786;6.859
2009-09-14;109.518;4.018;8.376;8.464
2009-09-15;109.307;4.033;6.69;6.767
2009-09-16;108.875;4.064;6.525;6.619
2009-09-17;108.542;4.088;7.718;7.847
2009-09-18;108.193;4.114;6.348;6.47
2009-09-21;107.659;4.153;8.69;8.894
2009-09-22;107.697;4.15;9.924;10.146
2009-09-23;108.103;4.12;6.283;6.416
2009-09-24;108.834;4.067;5.996;6.093
2009-09-25;109.945;3.986;4.26;4.29
2009-09-28;109.942;3.986;4.284;4.314
2009-09-29;110.396;3.953;;
2009-09-30;110.328;3.958;;
2009-10-01;110.578;3.94;6.851;6.876
2009-10-02;111.047;3.906;6.3;6.295
2009-10-05;111.056;3.906;3.136;3.134
2009-10-06;110.614;3.937;4.908;4.92
2009-10-07;111.144;3.899;5.879;5.871
2009-10-08;111.236;3.892;4.565;4.549
2009-10-09;110.153;3.97;9.203;9.231
2009-10-12;110.236;3.964;10.153;10.19
2009-10-13;110.006;3.98;12.665;12.741
2009-10-14;109.191;4.039;11.241;11.365
2009-10-15;108.335;4.102;12.645;12.848
2009-10-16;108.603;4.082;10.413;10.558
2009-10-19;108.537;4.087;10.037;10.185
2009-10-20;109.246;4.035;9.229;9.33
2009-10-21;108.105;4.118;8.346;8.501
2009-10-22;108.39;4.097;5.892;5.995
2009-10-23;107.777;4.142;5.539;5.659
2009-10-26;107.71;4.147;10.956;11.162
2009-10-27;108.73;4.072;6.275;6.37
2009-10-28;109.006;4.051;10.84;10.97
2009-10-29;108.348;4.1;5.583;5.674
2009-10-30;109.517;4.014;6.095;6.151
2009-11-02;109.256;4.033;6.462;6.532
2009-11-03;108.803;4.066;3.21;3.255
2009-11-04;108.188;4.111;5.485;5.585
2009-11-05;107.914;4.131;6.946;7.081
2009-11-06;107.669;4.149;5.919;6.048
2009-11-09;108.288;4.104;4.962;5.053
2009-11-10;108.767;4.068;4.125;4.185
2009-11-11;108.802;4.065;7.672;7.782
2009-11-12;108.575;4.082;5.799;5.886
2009-11-13;108.315;4.101;4.684;4.769
2009-11-16;108.981;4.052;6.842;6.938
2009-11-17;109.625;4.005;4.838;4.88
2009-11-18;109.635;4.004;5.155;5.199
2009-11-19;109.892;3.985;4.562;4.59
2009-11-20;110.043;3.974;4.237;4.257
2009-11-23;109.615;4.005;3.855;3.886
2009-11-24;109.717;3.998;7.07;7.116
2009-11-25;109.434;4.018;7.317;7.378
2009-11-26;110.283;3.957;9.888;9.918
2009-11-27;110.305;3.955;8.497;8.523
2009-11-30;110.826;3.917;3.924;3.922
2009-12-01;110.591;3.934;11.044;11.05
2009-12-02;110.325;3.953;8.566;8.592
2009-12-03;110.097;3.969;10.801;10.836
2009-12-04;109.635;4.003;9.865;9.919
2009-12-07;110.231;3.96;10.0;10.02
2009-12-08;110.676;3.927;8.184;8.185
2009-12-09;110.591;3.933;7.093;7.108
2009-12-10;109.85;3.987;9.308;9.363
2009-12-11;109.63;4.003;10.741;10.816
2009-12-14;109.998;3.976;10.249;10.292
2009-12-15;109.565;4.007;7.787;7.849
2009-12-16;110.313;3.953;5.238;5.259
2009-12-17;111.171;3.891;6.222;6.202
2009-12-18;111.286;3.883;5.287;5.266
2009-12-21;110.45;3.943;7.149;7.158
2009-12-22;109.819;3.988;7.434;7.477
2009-12-23;108.929;4.053;6.247;6.322
2009-12-24;108.942;4.052;7.236;7.32
2009-12-25;108.95;4.052;6.772;6.851
2009-12-28;108.616;4.076;6.864;6.961
2009-12-29;108.473;4.086;7.189;7.289
2009-12-30;108.262;4.102;8.239;8.361
2009-12-31;108.251;4.103;8.315;8.438
2010-01-01;108.266;4.102;7.37;7.479
2010-01-04;108.586;4.078;6.644;6.727
2010-01-05;108.579;4.078;10.119;10.258
2010-01-06;108.221;4.105;10.935;11.11
2010-01-07;108.455;4.087;11.246;11.416
2010-01-08;108.509;4.083;9.825;9.974
2010-01-11;108.697;4.069;11.065;11.235
2010-01-12;109.063;4.042;9.986;10.115
2010-01-13;108.973;4.049;10.326;10.468
2010-01-14;109.131;4.037;8.058;8.159
2010-01-15;109.629;4.0;8.971;9.051
2010-01-18;109.792;3.988;9.8;9.873
2010-01-19;109.444;4.014;9.916;10.016
2010-01-20;109.883;3.981;8.965;9.037
2010-01-21;110.135;3.963;8.244;8.297
2010-01-22;110.264;3.954;7.838;7.878
2010-01-25;110.294;3.951;7.965;8.005
2010-01-26;110.573;3.931;6.231;6.25
2010-01-27;110.907;3.907;2.98;2.98
2010-01-28;111.032;3.898;3.43;3.426
2010-01-29;111.331;3.876;2.992;2.981
2010-02-01;111.459;3.867;2.841;2.827
2010-02-02;111.3;3.878;4.73;4.713
2010-02-03;110.834;3.911;6.375;6.371
2010-02-04;111.617;3.855;8.227;8.184
2010-02-05;112.488;3.793;9.425;9.309
2010-02-08;112.552;3.788;3.251;3.207
2010-02-09;112.062;3.823;;
2010-02-10;111.39;3.871;4.511;4.496
2010-02-11;111.103;3.891;4.62;4.612
2010-02-12;111.414;3.869;5.116;5.102
2010-02-15;111.18;3.886;5.195;5.188
2010-02-16;111.036;3.896;4.696;4.7
2010-02-17;111.134;3.889;5.762;5.763
2010-02-18;110.539;3.932;7.359;7.389
2010-02-19;110.267;3.951;4.626;4.649
2010-02-22;110.438;3.939;7.71;7.738
2010-02-23;111.81;3.84;4.511;4.489
2010-02-24;112.245;3.809;5.532;5.484
2010-02-25;112.399;3.798;1.898;1.872
2010-02-26;112.631;3.781;2.32;2.286
2010-03-01;112.371;3.799;2.72;2.689
2010-03-02;112.377;3.799;-0.441;-0.452
2010-03-03;112.036;3.823;0.577;0.562
2010-03-04;112.304;3.804;0.17;0.155
2010-03-05;111.976;3.827;2.78;2.757
2010-03-08;111.94;3.83;0.695;0.68
2010-03-09;112.33;3.802;0.08;0.066
2010-03-10;112.149;3.814;0.16;0.145
2010-03-11;111.942;3.829;-0.819;-0.83
2010-03-12;112.19;3.811;-1.054;-1.063
2010-03-15;112.291;3.804;-1.805;-1.812
2010-03-16;112.569;3.784;-0.798;-0.806
2010-03-17;112.722;3.773;1.312;1.289
2010-03-18;112.394;3.796;1.076;1.057
2010-03-19;112.469;3.791;2.95;2.917
2010-03-22;113.024;3.751;2.224;2.189
2010-03-23;113.295;3.732;1.765;1.732
2010-03-24;113.042;3.75;1.417;1.39
2010-03-25;112.398;3.795;0.864;0.845
2010-03-26;112.31;3.801;2.414;2.388
2010-03-29;112.683;3.775;-0.791;-0.8
2010-03-30;113.006;3.751;1.251;1.226
2010-03-31;113.449;3.72;-0.998;-1.0
2010-04-01;113.72;3.701;-1.18;-1.177
2010-04-02;113.752;3.699;-2.493;-2.473
2010-04-05;113.725;3.701;-2.297;-2.28
2010-04-06;113.058;3.748;-1.631;-1.627
2010-04-07;113.292;3.731;-0.099;-0.111
2010-04-08;113.614;3.708;-3.478;-3.447
2010-04-09;112.688;3.773;1.268;1.245
2010-04-12;112.516;3.786;2.09;2.062
2010-04-13;112.924;3.756;1.168;1.144
2010-04-14;112.965;3.753;1.628;1.6
2010-04-15;113.071;3.746;1.996;1.964
2010-04-16;113.545;3.712;0.541;0.522
2010-04-19;113.675;3.703;1.139;1.111
2010-04-20;113.303;3.729;-0.167;-0.179
2010-04-21;113.321;3.727;3.417;3.366
2010-04-22;113.844;3.69;0.514;0.493
2010-04-23;113.739;3.698;4.034;3.959
2010-04-26;113.998;3.679;1.973;1.926
2010-04-27;116.071;3.536;0.898;0.858
2010-04-28;115.089;3.603;3.762;3.655
2010-04-29;114.76;3.626;2.743;2.668
2010-04-30;115.173;3.597;0.645;0.616
2010-05-03;114.599;3.637;-0.796;-0.793
2010-05-04;116.239;3.523;-4.71;-4.581
2010-05-05;117.427;3.442;-3.083;-2.979
2010-05-06;117.981;3.405;-5.721;-5.494
2010-05-07;117.75;3.42;0.077;0.061
2010-05-10;115.226;3.592;-1.524;-1.502
2010-05-11;114.968;3.61;-4.225;-4.154
2010-05-12;115.056;3.604;-2.511;-2.473
2010-05-13;115.338;3.584;-5.698;-5.591
2010-05-14;116.644;3.494;-5.554;-5.397
2010-05-17;116.66;3.493;-3.831;-3.723
2010-05-18;116.96;3.473;;
2010-05-19;117.824;3.414;-2.926;-2.822
2010-05-20;119.233;3.319;-3.644;-3.48
2010-05-21;120.036;3.266;-6.065;-5.748
2010-05-24;120.082;3.263;-5.725;-5.422
2010-05-25;121.267;3.185;-4.734;-4.45
2010-05-26;120.348;3.245;-2.299;-2.179
2010-05-27;119.559;3.297;-2.545;-2.424
2010-05-28;119.929;3.272;-1.215;-1.16
2010-05-31;120.375;3.243;-6.388;-6.042
2010-06-01;120.396;3.241;-7.038;-6.65
2010-06-02;120.582;3.229;-6.052;-5.712
2010-06-03;119.991;3.267;-7.56;-7.165
2010-06-04;120.794;3.215;-9.641;-9.094
2010-06-07;120.888;3.208;;
2010-06-08;121.659;3.158;;
2010-06-09;121.089;3.195;-8.009;-7.548
2010-06-10;120.456;3.236;-8.607;-8.142
2010-06-11;121.114;3.193;-8.621;-8.129
2010-06-14;120.009;3.265;-2.581;-2.456
2010-06-15;119.5;3.299;-3.034;-2.895
2010-06-16;119.414;3.304;-2.403;-2.297
2010-06-17;119.412;3.304;-2.36;-2.257
2010-06-18;118.833;3.342;-3.668;-3.513
2010-06-21;118.201;3.385;-0.587;-0.574
2010-06-22;119.344;3.308;-4.054;-3.87
2010-06-23;119.756;3.28;-5.145;-4.899
2010-06-24;120.115;3.256;-5.001;-4.753
2010-06-25;120.041;3.261;-6.195;-5.886
2010-06-28;120.76;3.214;-11.458;-10.838
2010-06-29;121.09;3.192;-11.678;-11.026
2010-06-30;121.21;3.184;-12.419;-11.72
2010-07-01;121.678;3.153;-14.031;-13.203
2010-07-02;121.314;3.176;-12.571;-11.86
2010-07-05;121.813;3.144;-13.036;-12.263
2010-07-06;121.221;3.182;-10.369;-9.788
2010-07-07;121.12;3.188;-11.227;-10.602
2010-07-08;120.948;3.199;-10.604;-10.029
2010-07-09;121.006;3.195;-10.051;-9.502
2010-07-12;121.499;3.163;-7.115;-6.719
2010-07-13;120.795;3.209;-6.496;-6.157
2010-07-14;120.514;3.227;-8.47;-8.037
2010-07-15;120.593;3.222;-8.627;-8.178
2010-07-16;120.978;3.196;-7.55;-7.141
2010-07-19;120.296;3.241;-8.924;-8.476
2010-07-20;120.501;3.227;-8.702;-8.257
2010-07-21;120.493;3.227;-8.855;-8.404
2010-07-22;120.214;3.245;-10.581;-10.064
2010-07-23;119.753;3.276;-9.665;-9.208
2010-07-26;119.022;3.324;-11.366;-10.872
2010-07-27;118.861;3.335;-9.982;-9.555
2010-07-28;118.85;3.335;-9.443;-9.049
2010-07-29;118.994;3.325;-8.602;-8.24
2010-07-30;119.605;3.284;-9.427;-8.993
2010-08-02;119.229;3.309;-9.976;-9.537
2010-08-03;120.495;3.225;-10.08;-9.569
2010-08-04;120.814;3.204;-11.741;-11.122
2010-08-05;121.673;3.147;-12.432;-11.705
2010-08-06;122.214;3.112;-10.303;-9.672
2010-08-09;121.978;3.127;-10.597;-9.967
2010-08-10;121.546;3.155;-6.742;-6.362
2010-08-11;122.902;3.067;-5.494;-5.153
2010-08-12;122.97;3.062;-4.594;-4.307
2010-08-13;123.15;3.05;-0.414;-0.405
2010-08-16;124.651;2.954;;
2010-08-17;124.765;2.947;-2.274;-2.113
2010-08-18;125.374;2.908;-3.747;-3.458
2010-08-19;125.73;2.886;-1.855;-1.717
2010-08-20;126.707;2.825;-2.152;-1.978
2010-08-23;126.46;2.84;-2.792;-2.564
2010-08-24;128.359;2.723;-1.749;-1.595
2010-08-25;129.579;2.648;-3.752;-3.376
2010-08-26;129.845;2.632;-3.81;-3.418
2010-08-27;129.08;2.678;-2.811;-2.534
2010-08-30;130.054;2.619;-2.232;-2.005
2010-08-31;130.254;2.607;-2.011;-1.806
2010-09-01;128.109;2.736;;2.003
2010-09-02;126.754;2.819;-1.6;-1.47
2010-09-03;125.352;2.906;-3.931;-3.616
2010-09-06;125.507;2.896;-2.294;-2.116
2010-09-07;127.075;2.798;-4.885;-4.447
2010-09-08;126.656;2.824;-3.607;-3.292
2010-09-09;126.213;2.851;-2.846;-2.607
2010-09-10;124.943;2.931;-4.477;-4.123
2010-09-13;124.222;2.976;-3.882;-3.595
2010-09-14;125.238;2.912;-5.915;-5.437
2010-09-15;124.33;2.969;-6.263;-5.788
2010-09-16;123.053;3.05;-6.863;-6.393
2010-09-17;124.045;2.987;-10.407;-9.63
2010-09-20;123.584;3.016;-9.749;-9.037
2010-09-21;124.029;2.987;-10.281;-9.503
2010-09-22;125.42;2.898;-11.414;-10.476
2010-09-23;126.209;2.849;-12.838;-11.731
2010-09-24;125.116;2.917;-9.224;-8.477
2010-09-27;126.305;2.842;-9.716;-8.87
2010-09-28;126.705;2.817;-9.297;-8.462
2010-09-29;126.75;2.814;-9.906;-9.013
2010-09-30;126.471;2.831;-8.037;-7.317
2010-10-01;126.681;2.818;-11.099;-10.089
2010-10-04;127.129;2.79;-9.336;-8.465
2010-10-05;126.624;2.821;-10.309;-9.376
2010-10-06;127.259;2.781;-10.954;-9.931
2010-10-07;126.491;2.828;-10.852;-9.885
2010-10-08;126.636;2.819;-10.395;-9.46
2010-10-11;126.323;2.838;-9.011;-8.221
2010-10-12;126.869;2.804;-9.61;-8.736
2010-10-13;126.033;2.856;-6.242;-5.707
2010-10-14;125.658;2.879;-6.251;-5.729
2010-10-15;124.505;2.952;-6.334;-5.844
2010-10-18;124.49;2.953;-9.227;-8.503
2010-10-19;124.044;2.981;-10.158;-9.382
2010-10-20;124.138;2.974;-11.07;-10.209
2010-10-21;123.563;3.011;-12.293;-11.361
2010-10-22;123.901;2.989;-10.033;-9.247
2010-10-25;124.238;2.967;-11.455;-10.539
2010-10-26;123.67;3.004;-11.147;-10.279
2010-10-27;122.689;3.067;-9.342;-8.667
2010-10-28;122.848;3.056;-10.064;-9.325
2010-10-29;123.313;3.026;-7.932;-7.333
2010-11-01;124.07;2.977;-7.3;-6.715
2010-11-02;124.411;2.955;-7.338;-6.733
2010-11-03;125.299;2.898;-9.023;-8.234
2010-11-04;124.481;2.95;-5.167;-4.75
2010-11-05;124.226;2.966;-6.6;-6.043
2010-11-08;124.155;2.97;-4.831;-4.422
2010-11-09;123.886;2.987;-6.025;-5.53
2010-11-10;123.702;2.998;-11.189;-10.285
2010-11-11;123.532;3.009;-10.818;-9.958
2010-11-12;122.574;3.071;-10.078;-9.318
2010-11-15;121.821;3.12;-8.874;-8.236
2010-11-16;120.803;3.188;-10.199;-9.534
2010-11-17;121.212;3.16;-11.745;-10.957
2010-11-18;119.834;3.252;-15.111;-14.234
2010-11-19;119.99;3.241;-12.996;-12.218
2010-11-22;120.552;3.203;-11.762;-11.023
2010-11-23;121.977;3.109;-12.322;-11.452
2010-11-24;120.376;3.214;-14.652;-13.757
2010-11-25;119.933;3.244;-18.535;-17.466
2010-11-26;119.793;3.253;-17.709;-16.695
2010-11-29;119.536;3.27;-19.242;-18.162
2010-11-30;121.098;3.166;;-21.914
2010-12-01;119.417;3.278;;
2010-12-02;119.029;3.304;;
2010-12-03;117.816;3.387;-19.523;-18.642
2010-12-06;118.107;3.366;-20.625;-19.686
2010-12-07;116.8;3.456;-19.153;-18.422
2010-12-08;116.045;3.509;-18.394;-17.736
2010-12-09;117.287;3.422;-20.249;-19.365
2010-12-10;117.229;3.426;-22.404;-21.434
2010-12-13;116.55;3.473;-18.816;-18.077
2010-12-14;115.531;3.545;-20.597;-19.92
2010-12-15;115.513;3.545;-19.925;-19.267
2010-12-16;115.181;3.569;-20.223;-19.601
2010-12-17;115.504;3.546;-20.335;-19.681
2010-12-20;116.61;3.468;-21.593;-20.76
2010-12-21;116.359;3.485;-19.663;-18.93
2010-12-22;116.796;3.454;-20.564;-19.769
2010-12-23;116.352;3.485;-20.468;-19.734
2010-12-24;116.366;3.484;-21.418;-20.652
2010-12-27;115.755;3.527;-20.708;-20.054
2010-12-28;116.472;3.477;-22.736;-21.912
2010-12-29;115.842;3.52;-21.255;-20.569
2010-12-30;116.626;3.465;-20.094;-19.34
2010-12-31;116.63;3.465;-19.472;-18.733
2011-01-03;116.673;3.462;-12.938;-12.462
2011-01-04;117.501;3.404;-16.316;-15.616
2011-01-05;116.572;3.468;-16.177;-15.553
2011-01-06;116.597;3.466;-11.119;-10.678
2011-01-07;117.116;3.43;-10.99;-10.522
2011-01-10;117.042;3.435;-10.794;-10.341
2011-01-11;116.498;3.473;-10.022;-9.63
2011-01-12;115.032;3.576;-12.163;-11.798
2011-01-13;115.471;3.545;-10.449;-10.077
2011-01-14;115.774;3.523;-14.027;-13.506
2011-01-17;115.708;3.528;-13.539;-13.041
2011-01-18;115.048;3.574;-11.36;-10.972
2011-01-19;114.992;3.578;-11.351;-10.974
2011-01-20;114.181;3.636;-11.591;-11.258
2011-01-21;114.245;3.631;-11.546;-11.2
2011-01-24;114.456;3.616;-12.759;-12.38
2011-01-25;114.256;3.63;-10.681;-10.377
2011-01-26;113.63;3.675;-10.267;-10.003
2011-01-27;113.43;3.69;-8.454;-8.232
2011-01-28;114.153;3.637;-12.22;-11.86
2011-01-31;114.04;3.645;-14.978;-14.548
2011-02-01;112.925;3.726;-10.799;-10.556
2011-02-02;112.563;3.752;-9.63;-9.424
2011-02-03;113.01;3.719;-10.48;-10.249
2011-02-04;112.475;3.759;-10.211;-10.005
2011-02-07;112.515;3.755;-9.437;-9.248
2011-02-08;112.275;3.773;-8.589;-8.423
2011-02-09;111.633;3.82;-7.572;-7.451
2011-02-10;111.673;3.817;-7.191;-7.074
2011-02-11;111.858;3.803;-7.803;-7.674
2011-02-14;111.738;3.812;-8.25;-8.125
2011-02-15;111.938;3.797;-8.002;-7.87
2011-02-16;112.608;3.748;-9.618;-9.425
2011-02-17;113.215;3.703;-7.818;-7.63
2011-02-18;112.445;3.759;-8.538;-8.372
2011-02-21;113.38;3.691;-10.954;-10.685
2011-02-22;114.035;3.643;-11.807;-11.463
2011-02-23;114.31;3.623;-10.965;-10.616
2011-02-24;114.353;3.62;-11.802;-11.436
2011-02-25;114.135;3.635;-11.505;-11.162
2011-02-28;113.858;3.655;-8.945;-8.685
2011-03-01;113.705;3.666;-8.822;-8.575
2011-03-02;113.428;3.686;-8.912;-8.68
2011-03-03;111.988;3.792;-8.755;-8.584
2011-03-04;112.555;3.75;-7.851;-7.665
2011-03-07;112.528;3.752;-8.194;-8.002
2011-03-08;111.905;3.798;-7.06;-6.92
2011-03-09;112.203;3.775;-8.011;-7.841
2011-03-10;112.765;3.734;-8.937;-8.72
2011-03-11;113.488;3.681;-12.834;-12.487
2011-03-14;113.29;3.695;-11.026;-10.737
2011-03-15;114.44;3.611;-11.293;-10.929
2011-03-16;115.018;3.57;-13.413;-12.957
2011-03-17;113.688;3.666;-12.091;-11.769
2011-03-18;113.448;3.683;-12.448;-12.124
2011-03-21;112.913;3.722;-12.874;-12.576
2011-03-22;112.59;3.746;-11.802;-11.551
2011-03-23;112.813;3.729;-10.521;-10.281
2011-03-24;112.468;3.754;-12.95;-12.696
2011-03-25;112.1;3.781;-13.045;-12.814
2011-03-28;111.998;3.789;-11.555;-11.351
2011-03-29;111.553;3.822;-13.411;-13.204
2011-03-30;111.543;3.823;-12.071;-11.885
2011-03-31;111.388;3.834;-12.849;-12.656
2011-04-01;111.1;3.856;-12.655;-12.49
2011-04-04;111.14;3.852;-12.364;-12.203
2011-04-05;110.825;3.876;-12.045;-11.909
2011-04-06;110.218;3.922;-12.031;-11.945
2011-04-07;110.21;3.922;-9.967;-9.891
2011-04-08;109.448;3.98;-10.206;-10.17
2011-04-11;109.405;3.984;-11.222;-11.191
2011-04-12;109.996;3.938;-12.06;-11.991
2011-04-13;110.136;3.927;-9.608;-9.539
2011-04-14;110.238;3.92;-12.906;-12.812
2011-04-15;110.856;3.873;-12.925;-12.777
2011-04-18;112.216;3.771;-12.877;-12.635
2011-04-19;112.045;3.783;-14.746;-14.47
2011-04-20;111.581;3.818;-12.459;-12.253
2011-04-21;111.981;3.788;-13.058;-12.825
2011-04-22;111.981;3.788;-12.632;-12.402
2011-04-25;111.981;3.788;-13.309;-13.073
2011-04-26;112.125;3.777;-12.162;-11.935
2011-04-27;111.691;3.809;-14.386;-14.153
2011-04-28;112.526;3.747;-16.983;-16.628
2011-04-29;112.876;3.721;-15.565;-15.2
2011-05-02;112.841;3.723;-16.598;-16.213
2011-05-03;112.368;3.758;-13.81;-13.514
2011-05-04;111.981;3.787;-13.359;-13.097
2011-05-05;112.728;3.731;-13.495;-13.188
2011-05-06;113.478;3.676;-10.218;-9.932
2011-05-09;114.246;3.619;-12.889;-12.481
2011-05-10;114.108;3.629;-13.831;-13.404
2011-05-11;113.901;3.644;-11.379;-11.048
2011-05-12;114.148;3.626;-17.542;-17.027
2011-05-13;114.556;3.596;-15.304;-14.816
2011-05-16;113.945;3.641;-12.799;-12.424
2011-05-17;114.296;3.615;-15.315;-14.846
2011-05-18;114.028;3.634;-14.906;-14.469
2011-05-19;114.096;3.629;-15.109;-14.663
2011-05-20;114.738;3.582;-14.984;-14.486
2011-05-23;115.353;3.538;-14.808;-14.274
2011-05-24;114.661;3.588;-13.331;-12.905
2011-05-25;114.886;3.571;-14.881;-14.39
2011-05-26;115.541;3.524;-14.836;-14.296
2011-05-27;115.781;3.506;-16.333;-15.724
2011-05-30;115.931;3.495;-16.168;-15.54
2011-05-31;115.254;3.544;-14.94;-14.418
2011-06-01;115.581;3.52;-15.498;-14.941
2011-06-02;115.649;3.515;-20.353;-19.62
2011-06-03;114.908;3.568;-14.946;-14.452
2011-06-06;115.304;3.54;-15.416;-14.872
2011-06-07;114.344;3.609;-13.496;-13.092
2011-06-08;114.719;3.582;-13.058;-12.643
2011-06-09;115.006;3.561;-13.391;-12.952
2011-06-10;115.699;3.511;-11.239;-10.831
2011-06-13;115.821;3.502;-12.974;-12.499
2011-06-14;114.931;3.566;-13.611;-13.188
2011-06-15;115.501;3.524;-13.653;-13.196
2011-06-16;115.694;3.51;-18.996;-18.37
2011-06-17;115.391;3.532;-18.141;-17.557
2011-06-20;114.949;3.564;-16.524;-16.036
2011-06-21;114.646;3.586;-17.227;-16.748
2011-06-22;114.986;3.561;-16.888;-16.394
2011-06-23;116.105;3.48;-19.22;-18.544
2011-06-24;116.385;3.46;-19.517;-18.799
2011-06-27;115.558;3.519;-20.665;-20.017
2011-06-28;114.975;3.561;-21.547;-20.936
2011-06-29;114.338;3.607;-20.037;-19.531
2011-06-30;113.848;3.643;-15.977;-15.608
2011-07-01;114.085;3.625;-16.284;-15.888
2011-07-04;114.383;3.603;-16.565;-16.088
2011-07-05;114.645;3.584;-16.324;-15.824
2011-07-06;115.675;3.509;-19.228;-18.534
2011-07-07;115.345;3.533;-22.017;-21.279
2011-07-08;117.148;3.403;-25.11;-24.023
2011-07-11;119.155;3.262;-23.587;-22.279
2011-07-12;118.655;3.297;-22.898;-21.68
2011-07-13;117.818;3.355;-19.653;-18.705
2011-07-14;117.925;3.347;-20.892;-19.886
2011-07-15;118.653;3.296;-19.962;-18.904
2011-07-18;119.408;3.243;-22.457;-21.15
2011-07-19;118.775;3.287;-21.608;-20.45
2011-07-20;117.373;3.385;-22.959;-21.938
2011-07-21;115.733;3.503;-19.62;-18.929
2011-07-22;116.288;3.462;-18.296;-17.582
2011-07-25;116.798;3.426;-17.67;-16.925
2011-07-26;117.322;3.388;-18.17;-17.348
2011-07-27;118.58;3.299;-23.01;-21.821
2011-07-28;118.535;3.302;-22.98;-21.811
2011-07-29;119.727;3.219;-28.64;-27.019
2011-08-01;120.603;3.159;-33.14;-31.127
2011-08-02;121.213;3.117;-30.87;-28.876
2011-08-03;121.425;3.102;-35.15;-32.835
2011-08-04;122.733;3.013;-35.45;-32.943
2011-08-05;122.43;3.033;-51.924;-48.374
2011-08-08;123.42;2.967;-34.354;-31.823
2011-08-09;121.963;3.065;-28.879;-26.974
2011-08-10;123.898;2.934;-22.806;-21.05
2011-08-11;122.115;3.054;-22.452;-20.955
2011-08-12;121.732;3.079;-20.755;-19.399
2011-08-15;121.583;3.089;-22.203;-20.778
2011-08-16;121.35;3.105;-15.614;-14.623
2011-08-17;123.163;2.982;-21.176;-19.635
2011-08-18;124.915;2.866;-21.785;-20.004
2011-08-19;125.443;2.831;-26.387;-24.145
2011-08-22;125.59;2.821;-29.13;-26.636
2011-08-23;125.063;2.855;-26.553;-24.335
2011-08-24;124.248;2.908;-29.302;-26.974
2011-08-25;124.253;2.908;-30.962;-28.564
2011-08-26;124.75;2.875;-32.199;-29.623
2011-08-29;123.67;2.946;-30.022;-27.763
2011-08-30;124.795;2.871;-31.365;-28.836
2011-08-31;123.618;2.949;-29.815;-27.592
2011-09-01;124.558;2.886;-27.416;-25.247
2011-09-02;126.308;2.771;-34.987;-31.988
2011-09-05;128.58;2.626;-44.015;-39.749
2011-09-06;128.788;2.612;-42.886;-38.643
2011-09-07;128.277;2.644;-40.877;-36.902
2011-09-08;129.113;2.591;-42.848;-38.558
2011-09-09;130.887;2.479;-44.038;-39.261
2011-09-12;131.653;2.432;-43.119;-38.228
2011-09-13;131.652;2.432;-46.471;-41.151
2011-09-14;130.21;2.52;-44.538;-39.731
2011-09-15;129.025;2.594;-39.196;-35.159
2011-09-16;130.368;2.51;-36.949;-32.885
2011-09-19;131.125;2.463;-35.13;-31.117
2011-09-20;131.28;2.453;-34.321;-30.348
2011-09-21;131.332;2.449;-32.952;-29.103
2011-09-22;133.198;2.334;-35.441;-30.974
2011-09-23;132.608;2.37;-34.917;-30.576
2011-09-26;131.455;2.44;-28.76;-25.33
2011-09-27;128.947;2.597;-23.889;-21.32
2011-09-28;128.098;2.65;-25.624;-22.969
2011-09-29;128.278;2.638;-26.894;-24.105
2011-09-30;130.025;2.528;-29.41;-26.114
2011-10-03;131.05;2.464;-27.079;-23.926
2011-10-04;132.095;2.399;-33.8;-29.704
2011-10-05;130.215;2.515;-33.781;-30.003
2011-10-06;128.383;2.63;-26.891;-24.089
2011-10-07;127.72;2.672;-20.166;-18.12
2011-10-10;126.928;2.723;-23.059;-20.805
2011-10-11;126.8;2.731;-21.033;-18.994
2011-10-12;125.102;2.841;-23.652;-21.566
2011-10-13;126.387;2.757;-23.629;-21.403
2011-10-14;125.095;2.841;-21.198;-19.331
2011-10-17;126.602;2.743;-17.739;-16.041
2011-10-18;127.655;2.674;-21.973;-19.767
2011-10-19;126.815;2.728;-21.999;-19.877
2011-10-20;127.82;2.663;-23.439;-21.064
2011-10-21;126.545;2.745;-15.507;-14.004
2011-10-24;126.133;2.772;-15.816;-14.319
2011-10-25;127.19;2.703;-17.067;-15.38
2011-10-26;127.438;2.686;-17.267;-15.555
2011-10-27;124.55;2.875;-12.733;-11.637
2011-10-28;124.668;2.867;-13.612;-12.447
2011-10-31;126.628;2.738;-12.028;-10.876
2011-11-01;130.043;2.519;-25.672;-22.831
2011-11-02;128.697;2.604;-21.178;-18.969
2011-11-03;127.493;2.681;-18.947;-17.099
2011-11-04;129.225;2.569;-28.215;-25.249
2011-11-07;130.133;2.512;-31.359;-27.926
2011-11-08;130.213;2.507;-35.918;-31.957
2011-11-09;132.07;2.39;-28.214;-24.79
2011-11-10;131.415;2.43;-32.152;-28.364
2011-11-11;130.083;2.513;-31.981;-28.427
2011-11-14;131.767;2.408;-33.079;-29.15
2011-11-15;131.79;2.406;-38.96;-34.333
2011-11-16;131.305;2.436;-41.699;-36.834
2011-11-17;129.653;2.539;-34.003;-30.26
2011-11-18;127.94;2.648;-29.681;-26.635
2011-11-21;128.85;2.59;-31.351;-28.004
2011-11-22;128.325;2.623;-26.082;-23.368
2011-11-23;125.98;2.774;-12.004;-10.862
2011-11-24;125.118;2.831;-10.081;-9.163
2011-11-25;124.375;2.88;-6.794;-6.193
2011-11-28;123.278;2.954;-3.505;-3.202
2011-11-29;122.465;3.009;-0.087;-0.053
2011-11-30;122.69;2.993;0.655;0.632
2011-12-01;124.548;2.867;-5.296;-4.829
2011-12-02;125.405;2.81;-13.442;-12.245
2011-12-05;124.99;2.838;-16.902;-15.423
2011-12-06;125.408;2.81;-15.66;-14.241
2011-12-07;126.948;2.708;-20.587;-18.572
2011-12-08;127.528;2.67;-12.61;-11.326
2011-12-09;125.965;2.772;-9.627;-8.719
2011-12-12;128.167;2.628;-15.178;-13.587
2011-12-13;128.25;2.623;-12.903;-11.53
2011-12-14;130.425;2.484;-20.286;-17.929
2011-12-15;129.715;2.528;-16.78;-14.889
2011-12-16;130.973;2.449;-16.121;-14.211
2011-12-19;130.725;2.464;-20.379;-18.005
2011-12-20;129.6;2.535;-22.186;-19.736
2011-12-21;129.75;2.524;-24.406;-21.704
2011-12-22;129.775;2.522;-23.659;-21.061
2011-12-23;129.642;2.531;-22.157;-19.732
2011-12-26;129.642;2.531;-22.332;-19.884
2011-12-27;130.318;2.487;-21.634;-19.203
2011-12-28;130.683;2.464;-21.051;-18.642
2011-12-29;131.277;2.426;-24.425;-21.575
2011-12-30;131.328;2.423;-23.575;-20.836
2012-01-02;130.113;2.499;-22.981;-20.437
2012-01-03;130.267;2.489;-18.008;-16.012
2012-01-04;130.028;2.503;-18.821;-16.761
2012-01-05;131.045;2.439;-24.61;-21.805
2012-01-06;131.04;2.439;-22.369;-19.807
2012-01-09;131.028;2.439;-20.108;-17.801
2012-01-10;130.605;2.466;-17.544;-15.563
2012-01-11;131.56;2.405;-17.009;-15.02
2012-01-12;131.34;2.418;-12.991;-11.483
2012-01-13;132.27;2.36;-12.608;-11.091
2012-01-16;132.158;2.367;-13.408;-11.803
2012-01-17;131.522;2.406;-14.775;-13.05
2012-01-18;131.483;2.408;-13.338;-11.779
2012-01-19;130.395;2.476;-11.309;-10.044
2012-01-20;129.233;2.55;-9.156;-8.184
2012-01-23;128.288;2.61;-8.03;-7.22
2012-01-24;127.673;2.65;-7.366;-6.642
2012-01-25;128.397;2.602;-7.29;-6.549
2012-01-26;129.395;2.538;-9.49;-8.492
2012-01-27;129.53;2.529;-11.704;-10.467
2012-01-30;130.615;2.46;-11.95;-10.622
2012-01-31;130.577;2.462;-7.028;-6.244
2012-02-01;130.27;2.481;-8.45;-7.53
2012-02-02;130.205;2.485;-6.75;-6.015
2012-02-03;129.108;2.554;-10.029;-9.0
2012-02-06;129.98;2.498;-9.888;-8.834
2012-02-07;128.845;2.571;-8.82;-7.922
2012-02-08;128.4;2.599;-10.679;-9.62
2012-02-09;127.678;2.645;-7.829;-7.074
2012-02-10;129.243;2.544;-8.714;-7.814
2012-02-13;128.858;2.568;-8.019;-7.202
2012-02-14;129.31;2.539;-5.03;-4.499
2012-02-15;129.957;2.497;-6.602;-5.891
2012-02-16;129.49;2.527;-8.962;-8.016
2012-02-17;129.23;2.543;-9.703;-8.693
2012-02-20;128.76;2.573;-7.998;-7.18
2012-02-21;128.408;2.596;-7.663;-6.895
2012-02-22;129.69;2.512;-10.511;-9.395
2012-02-23;129.895;2.499;-9.25;-8.256
2012-02-24;129.835;2.502;-8.064;-7.199
2012-02-27;130.533;2.458;-8.382;-7.46
2012-02-28;130.938;2.432;-10.944;-9.726
2012-02-29;130.64;2.45;-9.96;-8.86
2012-03-01;129.945;2.494;-7.723;-6.893
2012-03-02;130.943;2.43;-9.417;-8.367
2012-03-05;130.4;2.464;-6.737;-5.999
2012-03-06;130.86;2.435;-11.073;-9.847
2012-03-07;130.92;2.43;-10.449;-9.272
2012-03-08;130.45;2.46;-9.365;-8.329
2012-03-09;130.438;2.46;-9.481;-8.433
2012-03-12;130.655;2.446;-11.04;-9.815
2012-03-13;129.86;2.497;-7.207;-6.439
2012-03-14;127.858;2.625;-5.152;-4.648
2012-03-15;127.805;2.629;-4.017;-3.618
2012-03-16;126.703;2.701;-4.029;-3.65
2012-03-19;126.89;2.688;-5.96;-5.402
2012-03-20;127.183;2.669;-4.956;-4.481
2012-03-21;128.098;2.608;-6.855;-6.17
2012-03-22;129.055;2.546;-10.655;-9.547
2012-03-23;129.635;2.508;-11.453;-10.247
2012-03-26;128.443;2.585;-7.75;-6.975
2012-03-27;129.148;2.539;-9.84;-8.83
2012-03-28;129.642;2.506;-11.024;-9.871
2012-03-29;129.84;2.493;-9.92;-8.871
2012-03-30;130.223;2.469;-11.715;-10.456
2012-04-02;130.21;2.469;-12.495;-11.155
2012-04-03;130.163;2.471;-14.163;-12.649
2012-04-04;130.188;2.469;-13.655;-12.178
2012-04-05;130.8;2.43;-13.345;-11.89
2012-04-06;;;-13.08;-11.651
2012-04-09;130.8;2.43;-13.052;-11.625
2012-04-10;132.018;2.352;-17.098;-15.145
2012-04-11;131.398;2.391;-15.824;-14.054
2012-04-12;131.015;2.415;-12.545;-11.163
2012-04-13;131.633;2.375;-14.119;-12.528
2012-04-16;131.925;2.357;-16.213;-14.349
2012-04-17;131.413;2.389;-14.945;-13.273
2012-04-18;131.985;2.352;-14.788;-13.094
2012-04-19;132.38;2.327;-18.93;-16.733
2012-04-20;132.088;2.345;-19.106;-16.887
2012-04-23;132.735;2.304;-24.265;-21.408
2012-04-24;131.928;2.354;-20.431;-18.09
2012-04-25;131.053;2.409;-17.922;-15.957
2012-04-26;131.923;2.353;-21.149;-18.744
2012-04-27;131.76;2.363;-18.426;-16.344
2012-04-30;132.28;2.33;-22.646;-20.049
2012-05-01;132.37;2.325;-20.447;-18.131
2012-05-02;132.87;2.292;-17.845;-15.788
2012-05-03;132.788;2.297;-14.933;-13.205
2012-05-04;133.338;2.263;-14.388;-12.67
2012-05-07;133.348;2.262;-13.946;-12.286
2012-05-08;134.15;2.212;-19.018;-16.698
2012-05-09;134.508;2.189;-21.163;-18.54
2012-05-10;134.373;2.197;-16.872;-14.769
2012-05-11;134.788;2.171;-14.357;-12.506
2012-05-14;135.98;2.097;-22.847;-19.826
2012-05-15;135.685;2.115;-13.774;-11.942
2012-05-16;135.593;2.12;-15.531;-13.476
2012-05-17;136.743;2.05;-20.406;-17.595
2012-05-18;136.563;2.06;-17.553;-15.138
2012-05-21;136.638;2.055;-19.42;-16.751
2012-05-22;136.168;2.084;-16.104;-13.921
2012-05-23;137.758;1.987;-15.628;-13.382
2012-05-24;137.965;1.974;-13.674;-11.694
2012-05-25;138.183;1.961;-13.622;-11.632
2012-05-28;138.298;1.953;-14.17;-12.096
2012-05-29;138.605;1.935;-13.254;-11.287
2012-05-30;140.405;1.827;-11.544;-9.719
2012-05-31;141.638;1.755;-13.496;-11.3
2012-06-01;142.623;1.698;-15.412;-12.848
2012-06-04;142.093;1.728;-9.738;-8.123
2012-06-05;142.053;1.73;-9.735;-8.113
2012-06-06;139.403;1.884;-4.507;-3.811
2012-06-07;138.263;1.952;-11.201;-9.539
2012-06-08;139.125;1.9;-6.804;-5.772
2012-06-11;139.308;1.889;-14.039;-11.904
2012-06-12;137.095;2.021;-5.743;-4.918
2012-06-13;135.695;2.105;-7.062;-6.103
2012-06-14;135.673;2.106;-7.949;-6.874
2012-06-15;137.38;2.002;-6.622;-5.663
2012-06-18;137.633;1.986;-11.572;-9.899
2012-06-19;135.743;2.101;-9.103;-7.893
2012-06-20;134.72;2.163;-8.964;-7.78
2012-06-21;136.462;2.056;-11.565;-9.943
2012-06-22;135.428;2.119;-6.738;-5.828
2012-06-25;136.925;2.027;-17.474;-15.034
2012-06-26;135.83;2.093;-7.124;-6.162
2012-06-27;134.76;2.158;-4.388;-3.798
2012-06-28;135.063;2.139;-5.625;-4.869
2012-06-29;134.165;2.195;-9.031;-7.885
2012-07-02;134.783;2.156;-7.522;-6.521
2012-07-03;134.25;2.189;-4.511;-3.94
2012-07-04;135.72;2.097;-10.15;-8.826
2012-07-05;136.798;2.031;-12.53;-10.836
2012-07-06;138.143;1.949;-18.605;-16.007
2012-07-09;138.215;1.944;-19.275;-16.585
2012-07-10;138.52;1.926;-20.99;-18.021
2012-07-11;139.265;1.88;-22.275;-19.055
2012-07-12;139.86;1.845;-25.61;-21.865
2012-07-13;139.895;1.842;-28.652;-24.478
2012-07-16;140.18;1.825;-29.702;-25.35
2012-07-17;140.4;1.812;-30.044;-25.618
2012-07-18;141.09;1.77;-30.027;-25.503
2012-07-19;140.853;1.784;-30.562;-26.011
2012-07-20;141.485;1.746;-30.132;-25.561
2012-07-23;141.048;1.771;-26.92;-22.887
2012-07-24;139.648;1.854;-23.62;-20.217
2012-07-25;139.29;1.874;-22.834;-19.571
2012-07-26;138.618;1.914;-21.521;-18.507
2012-07-27;137.473;1.982;-19.793;-17.107
2012-07-30;137.795;1.963;-21.416;-18.496
2012-07-31;139.74;1.846;-27.185;-23.262
2012-08-01;138.495;1.919;-25.131;-21.664
2012-08-02;140.958;1.772;-29.678;-25.237
2012-08-03;137.928;1.952;-26.087;-22.538
2012-08-06;138.328;1.928;-26.767;-23.077
2012-08-07;136.813;2.02;-24.236;-21.074
2012-08-08;137.693;1.965;-23.918;-20.68
2012-08-09;137.392;1.983;-20.125;-17.43
2012-08-10;138.06;1.942;-20.187;-17.425
2012-08-13;137.76;1.96;-19.221;-16.62
2012-08-14;136.67;2.026;-17.677;-15.372
2012-08-15;135.243;2.113;-16.004;-14.024
2012-08-16;136.015;2.065;-17.307;-15.084
2012-08-17;136.675;2.024;-17.595;-15.299
2012-08-20;136.46;2.037;-15.632;-13.606
2012-08-21;135.673;2.085;-14.064;-12.3
2012-08-22;137.438;1.976;-21.592;-18.726
2012-08-23;138.6;1.905;-20.903;-18.029
2012-08-24;138.905;1.886;-20.557;-17.702
2012-08-27;138.928;1.885;-21.082;-18.156
2012-08-28;139.12;1.873;-19.614;-16.863
2012-08-29;138.465;1.911;-17.63;-15.207
2012-08-30;139.425;1.853;-18.487;-15.862
2012-08-31;139.118;1.871;-18.484;-15.895
2012-09-03;138.51;1.907;-18.231;-15.739
2012-09-04;138.272;1.921;-17.304;-14.952
2012-09-05;137.1;1.992;-11.814;-10.265
2012-09-06;135.42;2.095;-10.401;-9.123
2012-09-07;135.85;2.068;-12.492;-10.924
2012-09-10;135.138;2.112;-7.68;-6.738
2012-09-11;135.255;2.104;-8.597;-7.55
2012-09-12;133.963;2.184;-7.51;-6.635
2012-09-13;135.035;2.116;-9.873;-8.675
2012-09-14;132.623;2.268;-5.146;-4.564
2012-09-17;133.392;2.219;-5.825;-5.147
2012-09-18;134.118;2.173;-10.373;-9.147
2012-09-19;134.128;2.171;-6.08;-5.355
2012-09-20;134.955;2.119;-5.35;-4.695
2012-09-21;134.463;2.149;-4.367;-3.834
2012-09-24;134.993;2.116;-4.496;-3.946
2012-09-25;134.663;2.136;-4.408;-3.864
2012-09-26;136.715;2.008;-12.374;-10.794
2012-09-27;136.763;2.005;-10.918;-9.519
2012-09-28;137.01;1.989;-12.572;-10.952
2012-10-01;136.86;1.998;-14.559;-12.706
2012-10-02;136.585;2.015;-13.681;-11.953
2012-10-03;136.725;2.005;-13.54;-11.827
2012-10-04;136.715;2.005;-14.691;-12.838
2012-10-05;135.54;2.078;-11.88;-10.432
2012-10-08;136.375;2.026;-11.624;-10.157
2012-10-09;136.353;2.027;-11.263;-9.844
2012-10-10;136.325;2.027;-12.18;-10.653
2012-10-11;136.138;2.039;-10.988;-9.617
2012-10-12;137.128;1.977;-14.839;-12.933
2012-10-15;136.57;2.011;-14.916;-13.047
2012-10-16;135.52;2.076;-13.696;-12.036
2012-10-17;133.99;2.171;-10.625;-9.402
2012-10-18;134.018;2.169;-7.961;-7.029
2012-10-19;134.648;2.129;-9.234;-8.127
2012-10-22;134.258;2.153;-9.081;-8.009
2012-10-23;134.83;2.117;-10.685;-9.404
2012-10-24;135.04;2.103;-10.724;-9.442
2012-10-25;134.625;2.128;-10.353;-9.125
2012-10-26;135.275;2.087;-11.451;-10.065
2012-10-29;136.565;2.007;-16.747;-14.64
2012-10-30;136.22;2.028;-15.772;-13.8
2012-10-31;136.588;2.004;-16.362;-14.303
2012-11-01;136.79;1.991;-15.851;-13.836
2012-11-02;136.938;1.982;-16.32;-14.231
2012-11-05;137.228;1.963;-15.838;-13.782
2012-11-06;136.938;1.981;-15.17;-13.228
2012-11-07;137.808;1.927;-16.703;-14.505
2012-11-08;137.935;1.918;-17.858;-15.518
2012-11-09;138.07;1.91;-16.024;-13.915
2012-11-12;138.125;1.906;-16.484;-14.319
2012-11-13;138.243;1.899;-15.209;-13.204
2012-11-14;138.035;1.91;-14.211;-12.343
2012-11-15;137.923;1.917;-15.7;-13.642
2012-11-16;137.908;1.917;-14.34;-12.469
2012-11-19;137.638;1.933;-13.9;-12.09
2012-11-20;136.798;1.985;-13.338;-11.659
2012-11-21;136.5;2.002;-13.328;-11.669
2012-11-22;136.463;2.004;-12.864;-11.263
2012-11-23;136.275;2.016;-11.804;-10.337
2012-11-26;136.725;1.987;-13.686;-11.963
2012-11-27;136.485;2.002;-13.071;-11.447
2012-11-28;137.505;1.938;-13.543;-11.78
2012-11-29;137.515;1.937;-14.032;-12.213
2012-11-30;137.195;1.956;-12.011;-10.464
2012-12-03;136.785;1.981;-11.412;-9.971
2012-12-04;137.1;1.961;-11.546;-10.062
2012-12-05;137.725;1.922;-11.951;-10.389
2012-12-06;138.25;1.889;-10.447;-9.069
2012-12-07;138.085;1.899;-9.049;-7.875
2012-12-10;138.005;1.904;-8.639;-7.518
2012-12-11;137.828;1.914;-6.758;-5.874
2012-12-12;137.8;1.915;-8.63;-7.503
2012-12-13;137.648;1.924;-8.639;-7.512
2012-12-14;137.843;1.911;-9.481;-8.244
2012-12-17;137.49;1.933;-7.899;-6.868
2012-12-18;136.983;1.964;-6.486;-5.646
2012-12-19;136.573;1.988;-5.751;-5.023
2012-12-20;137.023;1.959;-6.865;-5.976
2012-12-21;137.5;1.929;-7.186;-6.245
2012-12-24;137.345;1.938;-6.54;-5.684
2012-12-25;137.345;1.938;-6.538;-5.682
2012-12-26;137.345;1.938;-6.538;-5.683
2012-12-27;138.695;1.854;-11.104;-9.6
2012-12-28;138.868;1.843;-11.372;-9.826
2012-12-31;138.81;1.846;-11.66;-10.08
2013-01-01;138.81;1.846;-11.651;-10.074
2013-01-02;136.71;1.975;-7.944;-6.934
2013-01-03;135.988;2.02;-7.784;-6.818
2013-01-04;135.075;2.077;-7.32;-6.435
2013-01-07;135.513;2.049;-6.008;-5.257
2013-01-08;135.955;2.021;-5.979;-5.227
2013-01-09;136.033;2.015;-5.977;-5.228
2013-01-10;134.628;2.103;-5.693;-5.025
2013-01-11;134.353;2.12;-7.903;-6.974
2013-01-14;134.823;2.09;-7.994;-7.037
2013-01-15;135.408;2.053;-9.173;-8.039
2013-01-16;135.53;2.044;-6.975;-6.099
2013-01-17;135.068;2.073;-7.034;-6.163
2013-01-18;136.265;1.997;-10.383;-9.052
2013-01-21;135.735;2.03;-8.066;-7.034
2013-01-22;135.888;2.02;-8.754;-7.636
2013-01-23;136.09;2.006;-9.523;-8.317
2013-01-24;135.438;2.047;-8.298;-7.257
2013-01-25;134.665;2.096;-8.693;-7.631
2013-01-28;134.038;2.135;-9.284;-8.153
2013-01-29;134.168;2.127;-9.234;-8.103
2013-01-30;134.07;2.132;-11.894;-10.446
2013-01-31;134.573;2.1;-13.659;-11.988
2013-02-01;134.53;2.102;-13.964;-12.266
2013-02-04;135.408;2.046;-15.763;-13.78
2013-02-05;134.78;2.085;-15.296;-13.417
2013-02-06;134.883;2.078;-15.511;-13.598
2013-02-07;135.115;2.063;-13.943;-12.218
2013-02-08;135.055;2.066;-15.295;-13.416
2013-02-11;134.9;2.076;-15.713;-13.805
2013-02-12;134.655;2.091;-16.29;-14.351
2013-02-13;133.957;2.135;-16.353;-14.442
2013-02-14;134.24;2.116;-16.548;-14.62
2013-02-15;134.173;2.12;-17.263;-15.256
2013-02-18;134.478;2.1;-17.409;-15.377
2013-02-19;134.473;2.1;-16.761;-14.804
2013-02-20;133.975;2.131;-17.724;-15.68
2013-02-21;134.923;2.07;-18.091;-15.938
2013-02-22;134.902;2.071;-16.743;-14.76
2013-02-25;135.015;2.064;-17.5;-15.424
2013-02-26;136.27;1.984;-20.279;-17.787
2013-02-27;136.223;1.986;-18.978;-16.644
2013-02-28;136.185;1.988;-15.554;-13.645
2013-03-01;136.805;1.949;-15.774;-13.788
2013-03-04;136.615;1.96;-16.032;-14.03
2013-03-05;136.08;1.994;-15.553;-13.657
2013-03-06;135.91;2.003;-13.058;-11.477
2013-03-07;135.46;2.031;-13.515;-11.884
2013-03-08;135.103;2.054;-13.575;-11.957
2013-03-11;135.085;2.055;-12.729;-11.212
2013-03-12;135.635;2.019;-13.4;-11.784
2013-03-13;135.535;2.025;-12.489;-10.982
2013-03-14;135.625;2.019;-13.212;-11.62
2013-03-15;135.813;2.006;-12.412;-10.912
2013-03-18;136.535;1.96;-14.371;-12.579
2013-03-19;137.748;1.884;-18.368;-15.978
2013-03-20;136.975;1.931;-16.089;-14.031
2013-03-21;137.453;1.901;-16.733;-14.573
2013-03-22;137.23;1.915;-15.721;-13.69
2013-03-25;137.79;1.879;-16.257;-14.128
2013-03-26;137.39;1.902;-17.163;-14.956
2013-03-27;138.508;1.832;-21.462;-18.59
2013-03-28;138.115;1.856;-20.525;-17.796
2013-03-29;138.115;1.856;-20.629;-17.884
2013-04-01;138.115;1.856;-20.626;-17.882
2013-04-02;137.803;1.876;-17.434;-15.142
2013-04-03;137.975;1.864;-18.293;-15.887
2013-04-04;138.675;1.82;-17.7;-15.337
2013-04-05;139.915;1.743;-20.503;-17.635
2013-04-08;139.625;1.761;-20.66;-17.785
2013-04-09;139.21;1.786;-21.303;-18.391
2013-04-10;138.305;1.841;-19.003;-16.472
2013-04-11;138.103;1.853;-16.076;-13.946
2013-04-12;138.573;1.823;-16.105;-13.949
2013-04-15;138.763;1.811;-15.483;-13.407
2013-04-16;138.365;1.835;-14.738;-12.77
2013-04-17;138.9;1.801;-15.432;-13.365
2013-04-18;139.01;1.794;-14.085;-12.185
2013-04-19;138.605;1.819;-14.149;-12.256
2013-04-22;139.005;1.794;-12.884;-11.144
2013-04-23;138.61;1.818;-8.898;-7.696
2013-04-24;138.98;1.794;-10.834;-9.368
2013-04-25;139.008;1.791;-9.559;-8.257
2013-04-26;139.51;1.76;-10.46;-9.001
2013-04-29;139.615;1.753;-8.583;-7.375
2013-04-30;139.555;1.755;-9.821;-8.445
2013-05-01;139.663;1.749;-9.621;-8.268
2013-05-02;140.295;1.71;-10.575;-9.083
2013-05-03;138.863;1.797;-12.695;-10.997
2013-05-06;138.788;1.802;-14.29;-12.393
2013-05-07;138.005;1.85;-12.765;-11.084
2013-05-08;138.462;1.821;-14.577;-12.648
2013-05-09;138.423;1.823;-13.23;-11.476
2013-05-10;136.753;1.927;-11.813;-10.325
2013-05-13;137.035;1.909;-9.663;-8.438
2013-05-14;136.795;1.924;-8.903;-7.774
2013-05-15;136.618;1.934;-8.144;-7.113
2013-05-16;137.408;1.884;-9.707;-8.469
2013-05-17;137.453;1.88;-9.28;-8.089
2013-05-20;136.628;1.932;-9.27;-8.107
2013-05-21;136.383;1.947;-10.846;-9.503
2013-05-22;136.325;1.95;-8.042;-7.034
2013-05-23;136.255;1.954;-10.861;-9.51
2013-05-24;136.563;1.934;-11.544;-10.093
2013-05-27;136.058;1.966;-11.157;-9.776
2013-05-28;135.513;2.0;-9.421;-8.283
2013-05-29;135.093;2.026;-10.93;-9.611
2013-05-30;135.313;2.012;-11.591;-10.192
2013-05-31;135.46;2.002;-11.37;-10.001
2013-06-03;135.323;2.011;-12.889;-11.337
2013-06-04;135.053;2.028;-12.573;-11.068
2013-06-05;135.483;1.999;-16.085;-14.172
2013-06-06;135.39;2.005;-14.418;-12.66
2013-06-07;135.195;2.017;-13.248;-11.605
2013-06-10;134.373;2.07;-10.283;-9.015
2013-06-11;134.578;2.056;-20.733;-18.271
2013-06-12;134.753;2.044;-19.109;-16.833
2013-06-13;135.035;2.025;-18.631;-16.389
2013-06-14;135.67;1.984;-17.965;-15.772
2013-06-17;135.433;1.999;-16.449;-14.459
2013-06-18;134.753;2.042;-16.499;-14.52
2013-06-19;134.913;2.031;-16.923;-14.891
2013-06-20;133.568;2.118;-20.209;-17.861
2013-06-21;132.84;2.166;-20.891;-18.503
2013-06-24;131.728;2.239;-20.953;-18.629
2013-06-25;131.875;2.229;-19.058;-16.974
2013-06-26;132.25;2.203;-19.823;-17.679
2013-06-27;132.84;2.164;-18.05;-16.031
2013-06-28;132.803;2.166;-18.28;-16.219
2013-07-01;133.005;2.152;-19.686;-17.452
2013-07-02;133.138;2.143;-19.327;-17.137
2013-07-03;133.783;2.1;-21.308;-18.849
2013-07-04;133.725;2.103;-21.026;-18.636
2013-07-05;132.53;2.181;-19.341;-17.262
2013-07-08;132.59;2.177;-19.281;-17.207
2013-07-09;133.28;2.131;-19.826;-17.637
2013-07-10;133.208;2.135;-21.144;-18.825
2013-07-11;133.66;2.105;-22.67;-20.133
2013-07-12;134.518;2.048;-22.076;-19.503
2013-07-15;134.188;2.069;-22.93;-20.3
2013-07-16;134.515;2.048;-23.015;-20.342
2013-07-17;134.633;2.039;-21.938;-19.375
2013-07-18;134.837;2.025;-21.631;-19.097
2013-07-19;134.77;2.029;-21.838;-19.277
2013-07-22;134.915;2.02;-22.852;-20.156
2013-07-23;134.413;2.052;-22.682;-20.039
2013-07-24;133.188;2.131;-23.671;-21.036
2013-07-25;132.703;2.163;-20.789;-18.525
2013-07-26;132.688;2.164;-19.564;-17.432
2013-07-29;132.765;2.158;-21.107;-18.793
2013-07-30;132.668;2.164;-20.931;-18.649
2013-07-31;132.683;2.162;-19.251;-17.147
2013-08-01;132.758;2.157;-22.523;-20.052
2013-08-02;132.945;2.144;-21.914;-19.498
2013-08-05;132.383;2.181;-21.361;-19.056
2013-08-06;132.217;2.192;-20.778;-18.551
2013-08-07;132.438;2.176;-21.214;-18.922
2013-08-08;132.415;2.177;-22.199;-19.806
2013-08-09;132.498;2.171;-20.375;-18.167
2013-08-12;132.138;2.195;-19.961;-17.831
2013-08-13;130.658;2.294;-20.998;-18.895
2013-08-14;130.398;2.311;-18.534;-16.703
2013-08-15;129.533;2.37;-17.748;-16.068
2013-08-16;129.535;2.369;-22.075;-19.997
2013-08-19;129.293;2.386;-19.013;-17.244
2013-08-20;130.038;2.334;-17.945;-16.207
2013-08-21;129.563;2.366;-17.848;-16.161
2013-08-22;128.918;2.41;-18.539;-16.842
2013-08-23;128.868;2.413;-19.846;-18.014
2013-08-26;129.37;2.378;-19.867;-17.99
2013-08-27;130.033;2.332;-17.185;-15.502
2013-08-28;129.705;2.354;-20.934;-18.921
2013-08-29;129.928;2.338;-18.758;-16.935
2013-08-30;129.885;2.341;-21.363;-19.297
2013-09-02;129.233;2.385;-20.148;-18.253
2013-09-03;128.718;2.421;-17.057;-15.497
2013-09-04;128.695;2.421;-19.481;-17.694
2013-09-05;127.46;2.507;-19.171;-17.501
2013-09-06;128.633;2.425;-19.192;-17.429
2013-09-09;128.348;2.445;-18.601;-16.923
2013-09-10;127.405;2.51;-17.125;-15.656
2013-09-11;127.71;2.488;-17.572;-16.046
2013-09-12;128.26;2.449;-17.206;-15.677
2013-09-13;128.598;2.425;-16.719;-15.193
2013-09-16;128.973;2.399;-17.337;-15.74
2013-09-17;128.655;2.421;-16.466;-14.969
2013-09-18;128.202;2.451;-9.422;-8.573
2013-09-19;128.908;2.402;-18.692;-16.998
2013-09-20;128.62;2.422;-16.961;-15.44
2013-09-23;128.99;2.396;-18.285;-16.626
2013-09-24;129.883;2.334;-16.134;-14.597
2013-09-25;130.295;2.304;-17.176;-15.493
2013-09-26;130.232;2.308;-17.232;-15.551
2013-09-27;130.98;2.257;-18.216;-16.375
2013-09-30;130.985;2.256;-17.698;-15.905
2013-10-01;130.548;2.286;-18.443;-16.616
2013-10-02;130.325;2.3;-18.433;-16.638
2013-10-03;130.385;2.296;-18.96;-17.108
2013-10-04;129.577;2.351;-18.278;-16.556
2013-10-07;130.072;2.316;-18.618;-16.824
2013-10-08;129.995;2.321;-17.42;-15.742
2013-10-09;129.97;2.322;-19.666;-17.778
2013-10-10;129.163;2.378;-16.183;-14.692
2013-10-11;129.218;2.373;-16.805;-15.26
2013-10-14;129.265;2.37;-17.93;-16.278
2013-10-15;128.52;2.421;-16.146;-14.714
2013-10-16;128.308;2.435;-13.174;-12.013
2013-10-17;129.105;2.379;-15.32;-13.926
2013-10-18;129.54;2.349;-14.309;-12.977
2013-10-21;129.42;2.357;-15.215;-13.804
2013-10-22;130.137;2.307;-14.234;-12.874
2013-10-23;130.468;2.283;-14.121;-12.744
2013-10-24;130.397;2.288;-15.094;-13.622
2013-10-25;130.572;2.275;-14.548;-13.112
2013-10-28;130.625;2.272;-14.619;-13.168
2013-10-29;130.66;2.269;-12.133;-10.928
2013-10-30;131.345;2.221;-17.487;-15.707
2013-10-31;131.503;2.21;-13.243;-11.891
2013-11-01;131.178;2.232;-12.673;-11.402
2013-11-04;131.475;2.211;-13.56;-12.18
2013-11-05;130.608;2.27;-13.523;-12.198
2013-11-06;130.468;2.279;-14.645;-13.226
2013-11-07;131.128;2.233;-12.589;-11.341
2013-11-08;130.163;2.299;-13.756;-12.46
2013-11-11;130.14;2.3;-13.589;-12.318
2013-11-12;129.498;2.344;-12.353;-11.233
2013-11-13;130.288;2.289;-11.054;-10.013
2013-11-14;130.783;2.254;-13.707;-12.379
2013-11-15;130.723;2.258;-12.621;-11.396
2013-11-18;131.0;2.239;-12.193;-10.995
2013-11-19;130.515;2.272;-12.134;-10.965
2013-11-20;130.452;2.275;-13.332;-12.063
2013-11-21;130.05;2.302;-7.79;-7.055
2013-11-22;130.185;2.293;-7.695;-6.961
2013-11-25;130.588;2.265;-8.945;-8.075
2013-11-26;130.952;2.239;-9.54;-8.594
2013-11-27;130.45;2.273;-9.989;-9.023
2013-11-28;130.713;2.254;-8.065;-7.271
2013-11-29;130.81;2.247;-9.736;-8.793
2013-12-02;130.212;2.288;-8.937;-8.085
2013-12-03;130.435;2.273;-8.316;-7.518
2013-12-04;129.205;2.357;-7.348;-6.682
2013-12-05;128.663;2.395;-5.744;-5.236
2013-12-06;129.028;2.369;-9.323;-8.486
2013-12-09;129.055;2.366;-8.787;-7.991
2013-12-10;129.09;2.364;-6.383;-5.8
2013-12-11;129.385;2.342;-7.667;-6.951
2013-12-12;129.11;2.361;-3.833;-3.477
2013-12-13;129.275;2.349;-4.252;-3.854
2013-12-16;129.185;2.355;-5.287;-4.796
2013-12-17;129.22;2.352;-3.667;-3.327
2013-12-18;129.035;2.364;-5.467;-4.963
2013-12-19;128.635;2.392;-5.434;-4.945
2013-12-20;128.702;2.386;-6.735;-6.128
2013-12-23;128.585;2.394;-6.676;-6.077
2013-12-24;128.59;2.393;-6.506;-5.919
2013-12-25;128.59;2.393;-6.502;-5.915
2013-12-26;128.59;2.393;-6.549;-5.957
2013-12-27;127.588;2.463;-7.107;-6.5
2013-12-30;127.873;2.443;-5.763;-5.26
2013-12-31;127.843;2.444;-5.072;-4.629
2014-01-01;127.843;2.444;-5.085;-4.638
2014-01-02;127.765;2.449;-6.372;-5.812
2014-01-03;127.625;2.459;-4.786;-4.365
2014-01-06;128.095;2.425;-5.119;-4.659
2014-01-07;128.352;2.407;-5.743;-5.221
2014-01-08;128.065;2.426;-8.579;-7.822
2014-01-09;127.858;2.44;-7.656;-6.989
2014-01-10;128.642;2.385;-8.154;-7.418
2014-01-13;129.033;2.357;-7.735;-7.022
2014-01-14;129.128;2.35;-11.102;-10.079
2014-01-15;128.995;2.358;-10.362;-9.408
2014-01-16;129.555;2.318;-10.708;-9.701
2014-01-17;129.91;2.293;-10.72;-9.696
2014-01-20;130.125;2.278;-10.005;-9.04
2014-01-21;130.208;2.272;-9.447;-8.528
2014-01-22;129.903;2.292;-9.722;-8.788
2014-01-23;130.55;2.247;-7.227;-6.503
2014-01-24;131.265;2.197;-12.175;-10.927
2014-01-27;131.245;2.198;-13.305;-11.946
2014-01-28;131.15;2.204;-11.276;-10.123
2014-01-29;131.595;2.172;-11.481;-10.284
2014-01-30;131.813;2.157;-12.625;-11.302
2014-01-31;132.553;2.106;-13.821;-12.331
2014-02-03;132.755;2.092;-12.373;-11.024
2014-02-04;132.587;2.103;-13.141;-11.722
2014-02-05;132.72;2.093;-12.455;-11.1
2014-02-06;131.943;2.146;-11.243;-10.054
2014-02-07;132.39;2.115;-12.641;-11.288
2014-02-10;132.105;2.134;-12.834;-11.48
2014-02-11;132.017;2.14;-11.293;-10.102
2014-02-12;131.62;2.166;-12.056;-10.81
2014-02-13;132.228;2.124;-10.501;-9.384
2014-02-14;132.023;2.137;-11.139;-9.965
2014-02-17;131.875;2.147;-11.524;-10.321
2014-02-18;132.008;2.138;-9.024;-8.075
2014-02-19;132.142;2.127;-11.127;-9.955
2014-02-20;131.715;2.156;-11.75;-10.535
2014-02-21;132.068;2.132;-11.836;-10.593
2014-02-24;131.778;2.151;-12.843;-11.512
2014-02-25;132.348;2.112;-11.669;-10.424
2014-02-26;132.853;2.076;-11.572;-10.312
2014-02-27;133.623;2.023;-13.771;-12.23
2014-02-28;132.8;2.079;-12.431;-11.073
2014-03-03;133.86;2.007;-14.671;-13.005
2014-03-04;133.168;2.053;-13.281;-11.816
2014-03-05;133.043;2.061;-12.044;-10.722
2014-03-06;132.438;2.102;-12.607;-11.256
2014-03-07;132.373;2.106;-13.513;-12.065
2014-03-10;132.675;2.085;-12.527;-11.171
2014-03-11;132.358;2.106;-11.306;-10.101
2014-03-12;132.825;2.073;-11.22;-10.001
2014-03-13;133.595;2.02;-10.129;-8.995
2014-03-14;133.538;2.024;-13.033;-11.576
2014-03-17;133.22;2.045;-13.279;-11.818
2014-03-18;133.253;2.042;-13.132;-11.678
2014-03-19;132.813;2.071;-16.59;-14.788
2014-03-20;132.315;2.105;-11.671;-10.421
2014-03-21;132.53;2.09;-11.539;-10.289
2014-03-24;133.265;2.039;-12.774;-11.351
2014-03-25;133.308;2.036;-11.241;-9.987
2014-03-26;133.462;2.024;-10.58;-9.392
2014-03-27;133.813;2.0;-12.323;-10.924
2014-03-28;133.68;2.009;-11.04;-9.785
2014-03-31;133.443;2.024;-11.065;-9.819
2014-04-01;133.278;2.035;-9.423;-8.363
2014-04-02;132.653;2.077;-8.531;-7.594
2014-04-03;132.685;2.074;-7.479;-6.658
2014-04-04;133.303;2.032;-6.877;-6.105
2014-04-07;133.457;2.021;-7.509;-6.662
2014-04-08;133.295;2.032;-7.821;-6.944
2014-04-09;133.148;2.04;-9.05;-8.04
2014-04-10;133.89;1.989;-9.534;-8.443
2014-04-11;134.195;1.968;-9.255;-8.181
2014-04-14;133.868;1.99;-10.121;-8.966
2014-04-15;134.62;1.937;-9.866;-8.706
2014-04-16;134.485;1.946;-9.935;-8.772
2014-04-17;134.085;1.973;-14.132;-12.503
2014-04-18;134.085;1.973;-14.337;-12.686
2014-04-21;134.085;1.973;-14.351;-12.706
2014-04-22;133.788;1.993;-9.41;-8.334
2014-04-23;133.97;1.979;-10.775;-9.53
2014-04-24;133.935;1.981;-9.451;-8.356
2014-04-25;134.665;1.931;-12.375;-10.901
2014-04-28;134.443;1.945;-9.816;-8.657
2014-04-29;134.318;1.953;-9.983;-8.814
2014-04-30;134.67;1.928;-9.699;-8.549
2014-05-01;134.675;1.928;-10.153;-8.951
2014-05-02;134.928;1.911;-10.744;-9.461
2014-05-05;134.755;1.922;-12.814;-11.297
2014-05-06;134.738;1.923;-11.156;-9.831
2014-05-07;134.573;1.933;-10.859;-9.575
2014-05-08;134.832;1.915;-11.56;-10.189
2014-05-09;134.548;1.934;-11.441;-10.105
2014-05-12;134.41;1.943;-9.252;-8.175
2014-05-13;135.003;1.902;-7.623;-6.713
2014-05-14;135.778;1.849;-8.226;-7.219
2014-05-15;136.78;1.781;-9.363;-8.172
2014-05-16;136.395;1.806;-9.064;-7.929
2014-05-19;136.24;1.816;-10.227;-8.953
2014-05-20;136.082;1.827;-8.421;-7.376
2014-05-21;135.725;1.849;-9.451;-8.294
2014-05-22;135.99;1.831;-10.23;-8.968
2014-05-23;135.863;1.839;-10.677;-9.369
2014-05-26;135.755;1.846;-10.64;-9.342
2014-05-27;136.22;1.814;-8.676;-7.597
2014-05-28;136.975;1.763;-9.123;-7.954
2014-05-29;136.685;1.782;-9.678;-8.453
2014-05-30;136.495;1.794;-9.278;-8.11
2014-06-02;136.243;1.81;-8.268;-7.237
2014-06-03;135.703;1.846;-7.633;-6.698
2014-06-04;135.385;1.867;-6.439;-5.659
2014-06-05;135.695;1.845;-5.457;-4.792
2014-06-06;136.215;1.81;-5.533;-4.846
2014-06-09;135.933;1.828;-5.456;-4.784
2014-06-10;135.605;1.85;-6.975;-6.132
2014-06-11;135.695;1.843;-7.95;-6.993
2014-06-12;135.665;1.844;-4.703;-4.136
2014-06-13;136.08;1.816;-6.703;-5.882
2014-06-16;136.19;1.808;-7.838;-6.874
2014-06-17;135.528;1.853;-4.618;-4.059
2014-06-18;135.875;1.828;-2.99;-2.619
2014-06-19;136.56;1.781;-5.569;-4.874
2014-06-20;136.147;1.809;-4.151;-3.631
2014-06-23;136.435;1.789;-3.654;-3.193
2014-06-24;136.44;1.788;-2.75;-2.402
2014-06-25;137.31;1.729;-5.43;-4.73
2014-06-26;137.638;1.706;-4.813;-4.181
2014-06-27;137.503;1.715;-5.851;-5.085
2014-06-30;137.77;1.697;-5.476;-4.757
2014-07-01;137.665;1.703;-5.754;-4.997
2014-07-02;137.087;1.741;-6.026;-5.25
2014-07-03;136.99;1.747;-7.409;-6.463
2014-07-04;137.33;1.723;-7.369;-6.415
2014-07-07;137.4;1.718;-6.746;-5.87
2014-07-08;137.955;1.681;-6.388;-5.543
2014-07-09;137.815;1.689;-6.944;-6.031
2014-07-10;138.365;1.652;-7.711;-6.678
2014-07-11;138.32;1.655;-7.056;-6.11
2014-07-14;138.248;1.659;-6.917;-5.99
2014-07-15;138.413;1.648;-7.816;-6.765
2014-07-16;138.63;1.632;-6.427;-5.551
2014-07-17;139.175;1.595;-6.662;-5.734
2014-07-18;139.235;1.591;-7.135;-6.142
2014-07-21;139.37;1.582;-7.449;-6.409
2014-07-22;139.07;1.601;-6.171;-5.313
2014-07-23;139.345;1.581;-7.415;-6.379
2014-07-24;138.908;1.61;-7.953;-6.858
2014-07-25;139.395;1.577;-7.506;-6.455
2014-07-28;139.575;1.565;-7.712;-6.623
2014-07-29;140.175;1.525;-8.232;-7.045
2014-07-30;139.41;1.574;-10.745;-9.237
2014-07-31;139.57;1.563;-11.594;-9.965
2014-08-01;139.89;1.542;-11.759;-10.09
2014-08-04;139.9;1.54;-11.938;-10.242
2014-08-05;139.5;1.566;-9.818;-8.437
2014-08-06;140.587;1.494;-12.289;-10.505
2014-08-07;141.29;1.448;-13.97;-11.897
2014-08-08;141.495;1.434;-16.692;-14.199
2014-08-11;141.233;1.45;-14.664;-12.495
2014-08-12;141.188;1.453;-15.909;-13.564
2014-08-13;141.465;1.433;-13.152;-11.194
2014-08-14;141.68;1.419;-12.889;-10.955
2014-08-15;142.725;1.351;-14.992;-12.672
2014-08-18;141.755;1.413;-11.89;-10.094
2014-08-19;141.978;1.398;-9.718;-8.235
2014-08-20;142.283;1.377;-8.595;-7.271
2014-08-21;142.348;1.372;-8.506;-7.189
2014-08-22;142.605;1.355;-8.603;-7.261
2014-08-25;143.033;1.328;-7.71;-6.499
2014-08-26;143.19;1.317;-7.768;-6.54
2014-08-27;143.598;1.289;-7.762;-6.519
2014-08-28;144.147;1.254;-7.909;-6.619
2014-08-29;143.993;1.263;-6.769;-5.671
2014-09-01;143.957;1.265;-7.255;-6.081
2014-09-02;143.128;1.317;-7.856;-6.615
2014-09-03;142.603;1.35;-6.704;-5.66
2014-09-04;141.98;1.389;-5.95;-5.049
2014-09-05;142.675;1.344;-7.174;-6.069
2014-09-08;142.418;1.36;-10.177;-8.628
2014-09-09;141.715;1.405;-8.209;-6.983
2014-09-10;141.655;1.407;-9.165;-7.801
2014-09-11;141.783;1.399;-8.373;-7.12
2014-09-12;141.225;1.434;-8.617;-7.333
2014-09-15;141.397;1.423;-11.426;-9.732
2014-09-16;141.168;1.437;-8.192;-6.973
2014-09-17;141.28;1.428;-8.835;-7.523
2014-09-18;140.795;1.46;-8.686;-7.408
2014-09-19;141.365;1.422;-8.965;-7.631
2014-09-22;141.967;1.382;-11.856;-10.072
2014-09-23;142.035;1.377;-9.104;-7.719
2014-09-24;142.108;1.371;-9.251;-7.84
2014-09-25;142.385;1.353;-8.635;-7.304
2014-09-26;142.548;1.342;-9.17;-7.751
2014-09-29;142.665;1.334;-9.881;-8.351
2014-09-30;142.89;1.319;-10.053;-8.496
2014-10-01;143.668;1.267;-10.867;-9.143
2014-10-02;143.675;1.266;-11.146;-9.375
2014-10-03;143.517;1.276;-12.745;-10.732
2014-10-06;143.723;1.263;-13.709;-11.531
2014-10-07;143.603;1.27;-12.915;-10.873
2014-10-08;143.57;1.271;-12.393;-10.433
2014-10-09;143.535;1.272;-12.612;-10.62
2014-10-10;143.863;1.251;-13.728;-11.537
2014-10-13;143.66;1.263;-11.024;-9.266
2014-10-14;144.758;1.193;-13.25;-11.09
2014-10-15;146.323;1.093;-15.468;-12.847
2014-10-16;145.368;1.152;-19.293;-16.086
2014-10-17;144.695;1.194;-17.979;-15.06
2014-10-20;144.785;1.188;-19.165;-16.041
2014-10-21;144.4;1.212;-18.611;-15.614
2014-10-22;144.41;1.211;-18.044;-15.137
2014-10-23;143.775;1.25;-16.937;-14.242
2014-10-24;143.945;1.238;-16.464;-13.829
2014-10-27;144.43;1.207;-20.478;-17.183
2014-10-28;144.37;1.21;-16.343;-13.702
2014-10-29;144.008;1.233;-15.703;-13.176
2014-10-30;144.865;1.176;-17.702;-14.791
2014-10-31;144.81;1.179;-15.934;-13.321
2014-11-03;144.55;1.195;-13.116;-10.984
2014-11-04;145.288;1.148;-14.718;-12.27
2014-11-05;144.828;1.177;-14.034;-11.733
2014-11-06;144.765;1.179;-13.382;-11.191
2014-11-07;144.985;1.164;-13.034;-10.882
2014-11-10;144.783;1.177;-11.905;-9.949
2014-11-11;144.888;1.17;-12.604;-10.525
2014-11-12;145.15;1.152;-12.214;-10.182
2014-11-13;145.303;1.141;-11.697;-9.743
2014-11-14;145.605;1.121;-11.538;-9.606
2014-11-17;145.27;1.142;-9.337;-7.768
2014-11-18;145.285;1.141;-12.269;-10.217
2014-11-19;144.48;1.191;-12.138;-10.159
2014-11-20;145.19;1.144;-11.136;-9.274
2014-11-21;145.58;1.119;-10.724;-8.919
2014-11-24;145.41;1.129;-9.391;-7.81
2014-11-25;145.993;1.092;-11.148;-9.259
2014-11-26;146.383;1.067;-12.717;-10.533
2014-11-27;146.998;1.026;-12.654;-10.444
2014-11-28;147.085;1.02;-13.948;-11.512
2014-12-01;146.59;1.051;-8.957;-7.395
2014-12-02;146.415;1.061;-14.541;-12.037
2014-12-03;146.308;1.068;-15.622;-12.951
2014-12-04;146.005;1.085;-16.556;-13.752
2014-12-05;146.008;1.084;-17.925;-14.891
2014-12-08;147.01;1.021;-24.818;-20.535
2014-12-09;147.608;0.983;-19.875;-16.374
2014-12-10;147.735;0.974;-19.253;-15.843
2014-12-11;147.758;0.971;-19.036;-15.66
2014-12-12;148.865;0.902;-19.732;-16.144
2014-12-15;148.81;0.905;-19.324;-15.812
2014-12-16;149.445;0.865;-21.611;-17.611
2014-12-17;149.44;0.865;-20.83;-16.973
2014-12-18;148.818;0.901;-21.012;-17.196
2014-12-19;149.1;0.883;-21.352;-17.446
2014-12-22;148.89;0.896;-19.716;-16.128
2014-12-23;148.99;0.886;-21.094;-17.245
2014-12-24;149.07;0.881;-22.716;-18.57
2014-12-25;149.07;0.881;-22.533;-18.416
2014-12-26;149.07;0.881;-21.989;-17.971
2014-12-29;149.808;0.835;-28.242;-23.014
2014-12-30;149.925;0.826;-20.481;-16.652
2014-12-31;149.875;0.828;-21.095;-17.154
2015-01-01;149.875;0.828;-21.799;-17.738
2015-01-02;150.97;0.76;-21.58;-17.45
2015-01-05;151.06;0.754;-22.815;-18.441
2015-01-06;152.965;0.638;-27.383;-21.908
2015-01-07;152.075;0.691;-26.995;-21.708
2015-01-08;151.205;0.742;-24.169;-19.509
2015-01-09;151.443;0.727;-23.447;-18.902
2015-01-12;151.795;0.705;-27.242;-21.945
2015-01-13;151.758;0.707;-23.477;-18.902
2015-01-14;152.585;0.656;-25.676;-20.583
2015-01-15;152.615;0.652;-26.272;-21.074
2015-01-16;152.725;0.645;-25.88;-20.751
2015-01-19;152.85;0.637;-28.112;-22.533
2015-01-20;152.573;0.653;-25.799;-20.694
2015-01-21;151.265;0.732;-26.852;-21.682
2015-01-22;152.383;0.662;-28.746;-23.094
2015-01-23;153.988;0.565;-33.608;-26.81
2015-01-26;153.712;0.581;-31.196;-24.918
2015-01-27;153.985;0.564;-38.434;-30.668
2015-01-28;154.578;0.528;-39.891;-31.751
2015-01-29;154.49;0.531;-43.192;-34.386
2015-01-30;155.783;0.454;-44.722;-35.363
2015-02-02;155.793;0.453;-44.444;-35.136
2015-02-03;155.198;0.487;-44.408;-35.227
2015-02-04;154.76;0.512;-42.73;-33.958
2015-02-05;154.67;0.516;-41.026;-32.6
2015-02-06;154.568;0.521;-40.677;-32.332
2015-02-09;154.805;0.507;-42.002;-33.361
2015-02-10;154.503;0.524;-39.862;-31.687
2015-02-11;154.705;0.511;-40.007;-31.777
2015-02-12;155.3;0.474;-41.178;-32.612
2015-02-13;154.783;0.504;-40.107;-31.857
2015-02-16;154.778;0.504;-41.531;-32.997
2015-02-17;154.06;0.546;-37.926;-30.209
2015-02-18;153.675;0.568;-37.752;-30.143
2015-02-19;153.475;0.579;-36.497;-29.174
2015-02-20;153.575;0.572;-36.938;-29.512
2015-02-23;153.42;0.581;-37.406;-29.904
2015-02-24;153.373;0.583;-33.483;-26.775
2015-02-25;154.188;0.533;-35.031;-27.907
2015-02-26;154.795;0.495;-37.088;-29.496
2015-02-27;154.195;0.53;-36.928;-29.445
2015-03-02;153.785;0.554;-33.534;-26.775
2015-03-03;153.725;0.557;-34.138;-27.26
2015-03-04;153.48;0.571;-35.272;-28.195
2015-03-05;154.263;0.522;-39.002;-31.066
2015-03-06;153.538;0.565;-42.143;-33.697
2015-03-09;155.17;0.467;-55.192;-43.852
2015-03-10;156.813;0.369;-56.782;-44.779
2015-03-11;157.365;0.336;-51.568;-40.504
2015-03-12;156.688;0.373;-46.56;-36.655
2015-03-13;156.535;0.382;-44.752;-35.25
2015-03-16;156.313;0.394;-42.756;-33.713
2015-03-17;156.065;0.408;-39.347;-31.023
2015-03-18;157.185;0.341;-37.875;-29.683
2015-03-19;157.313;0.332;-37.518;-29.379
2015-03-20;157.36;0.328;-38.844;-30.418
2015-03-23;156.773;0.362;-33.75;-26.485
2015-03-24;156.583;0.373;-36.513;-28.677
2015-03-25;156.868;0.355;-39.004;-30.607
2015-03-26;156.828;0.356;-39.047;-30.645
2015-03-27;156.953;0.348;-40.261;-31.582
2015-03-30;157.078;0.34;-41.334;-32.407
2015-03-31;157.585;0.309;-41.415;-32.398
2015-04-01;157.673;0.301;-42.049;-32.885
2015-04-02;157.118;0.332;-42.526;-33.335
2015-04-03;157.118;0.332;-41.461;-32.497
2015-04-06;157.118;0.332;-41.461;-32.497
2015-04-07;157.063;0.335;-41.12;-32.249
2015-04-08;157.43;0.313;-40.208;-31.5
2015-04-09;157.48;0.308;-39.61;-31.025
2015-04-10;157.578;0.301;-40.457;-31.681
2015-04-13;157.71;0.293;-42.215;-33.039
2015-04-14;158.18;0.265;-41.888;-32.704
2015-04-15;158.91;0.221;-43.126;-33.559
2015-04-16;159.3;0.196;-44.335;-34.445
2015-04-17;159.495;0.184;-44.597;-34.603
2015-04-20;159.58;0.179;-45.371;-35.191
2015-04-21;159.083;0.207;-44.395;-34.514
2015-04-22;157.948;0.273;-42.124;-32.897
2015-04-23;157.788;0.28;-40.233;-31.448
2015-04-24;157.928;0.271;-40.118;-31.337
2015-04-27;157.765;0.28;-38.668;-30.225
2015-04-28;157.703;0.283;-39.796;-31.136
2015-04-29;155.595;0.405;-37.365;-29.53
2015-04-30;154.245;0.486;-35.67;-28.35
2015-05-01;153.998;0.501;-31.23;-24.842
2015-05-04;152.635;0.584;-20.723;-16.563
2015-05-05;151.54;0.65;-35.603;-28.682
2015-05-06;149.878;0.753;-31.151;-25.298
2015-05-07;149.94;0.748;-29.745;-24.137
2015-05-08;150.563;0.708;-29.307;-23.724
2015-05-11;149.298;0.787;-19.385;-15.769
2015-05-12;148.212;0.855;-25.729;-21.065
2015-05-13;147.21;0.918;-24.046;-19.794
2015-05-14;147.483;0.899;-25.438;-20.931
2015-05-15;148.848;0.812;-29.42;-24.037
2015-05-18;148.33;0.844;-26.557;-21.738
2015-05-19;149.328;0.78;-30.169;-24.591
2015-05-20;148.59;0.826;-30.584;-25.027
2015-05-21;148.413;0.836;-32.021;-26.237
2015-05-22;148.965;0.8;-33.612;-27.481
2015-05-25;148.94;0.801;-34.098;-27.888
2015-05-26;149.733;0.75;-34.34;-27.955
2015-05-27;149.29;0.777;-32.606;-26.61
2015-05-28;149.648;0.753;-33.066;-26.918
2015-05-29;150.413;0.704;-34.137;-27.702
2015-06-01;149.72;0.747;-28.883;-23.489
2015-06-02;146.993;0.921;-28.242;-23.294
2015-06-03;144.473;1.084;-27.942;-23.345
2015-06-04;144.993;1.048;-27.928;-23.263
2015-06-05;144.723;1.066;-26.801;-22.355
2015-06-08;144.018;1.112;-21.69;-18.154
2015-06-09;142.598;1.206;-25.403;-21.434
2015-06-10;142.103;1.238;-24.483;-20.707
2015-06-11;143.587;1.137;-25.552;-21.438
2015-06-12;144.258;1.092;-27.597;-23.082
2015-06-15;144.53;1.074;-32.554;-27.202
2015-06-16;144.833;1.053;-30.749;-25.636
2015-06-17;144.585;1.069;-29.352;-24.507
2015-06-18;144.633;1.064;-30.071;-25.103
2015-06-19;145.35;1.016;-31.236;-25.989
2015-06-22;143.29;1.152;-14.242;-11.94
2015-06-23;143.358;1.147;-28.237;-23.745
2015-06-24;143.768;1.119;-28.674;-24.069
2015-06-25;143.35;1.145;-27.492;-23.124
2015-06-26;142.42;1.207;-27.018;-22.846
2015-06-29;144.263;1.083;-42.297;-35.486
2015-06-30;144.718;1.053;-32.15;-26.874
2015-07-01;143.715;1.119;-29.852;-25.094
2015-07-02;143.203;1.151;-31.748;-26.772
2015-07-03;144.258;1.08;-33.483;-28.09
2015-07-06;144.748;1.047;-38.065;-31.866
2015-07-07;146.928;0.904;-38.799;-32.106
2015-07-08;146.688;0.919;-37.582;-31.115
2015-07-09;145.798;0.975;-35.53;-29.549
2015-07-10;143.1;1.154;-32.831;-27.675
2015-07-13;143.495;1.127;-36.295;-30.548
2015-07-14;143.88;1.1;-34.136;-28.712
2015-07-15;145.025;1.024;-35.06;-29.302
2015-07-16;145.025;1.022;-36.566;-30.561
2015-07-17;145.72;0.976;-36.073;-30.036
2015-07-20;146.295;0.937;-37.805;-31.384
2015-07-21;145.888;0.963;-36.734;-30.56
2015-07-22;146.475;0.924;-36.155;-29.983
2015-07-23;146.525;0.919;-36.647;-30.385
2015-07-24;147.41;0.861;-37.653;-31.069
2015-07-27;147.44;0.858;-37.088;-30.587
2015-07-28;147.533;0.852;-38.995;-32.156
2015-07-29;146.968;0.888;-39.026;-32.284
2015-07-30;148.143;0.81;-41.896;-34.458
2015-07-31;148.315;0.798;-40.938;-33.628
2015-08-03;148.488;0.786;-41.564;-34.115
2015-08-04;148.058;0.813;-40.477;-33.298
2015-08-05;146.128;0.938;-37.638;-31.261
2015-08-06;146.778;0.894;-37.462;-31.015
2015-08-07;147.498;0.846;-37.909;-31.264
2015-08-10;146.885;0.886;-37.423;-30.966
2015-08-11;148.073;0.808;-38.19;-31.408
2015-08-12;148.522;0.778;-39.453;-32.374
2015-08-13;147.953;0.813;-37.921;-31.201
2015-08-14;147.595;0.836;-38.866;-32.025
2015-08-17;148.063;0.805;-39.496;-32.484
2015-08-18;147.808;0.821;-39.188;-32.265
2015-08-19;148.158;0.797;-39.286;-32.3
2015-08-20;148.733;0.758;-39.633;-32.479
2015-08-21;149.118;0.733;-40.047;-32.749
2015-08-24;148.793;0.753;-41.122;-33.678
2015-08-25;146.538;0.899;-37.897;-31.402
2015-08-26;146.913;0.874;-36.941;-30.538
2015-08-27;146.233;0.917;-35.238;-29.23
2015-08-28;146.228;0.917;-34.755;-28.82
2015-08-31;145.338;0.975;-34.194;-28.487
2015-09-01;145.385;0.971;-36.005;-29.996
2015-09-02;145.843;0.94;-37.462;-31.15
2015-09-03;146.528;0.893;-37.488;-31.086
2015-09-04;147.38;0.837;-38.141;-31.47
2015-09-07;147.118;0.853;-37.055;-30.618
2015-09-08;147.035;0.858;-37.152;-30.713
2015-09-09;146.773;0.875;-38.247;-31.676
2015-09-10;146.738;0.875;-37.153;-30.768
2015-09-11;147.123;0.849;-35.924;-29.684
2015-09-14;147.215;0.842;-37.411;-30.909
2015-09-15;145.835;0.933;-37.147;-30.914
2015-09-16;145.468;0.957;-36.98;-30.827
2015-09-17;145.448;0.956;-37.89;-31.578
2015-09-18;147.358;0.829;-41.366;-34.16
2015-09-21;146.903;0.859;-41.107;-34.03
2015-09-22;148.273;0.768;-42.8;-35.2
2015-09-23;148.288;0.767;-43.475;-35.75
2015-09-24;148.188;0.771;-42.544;-34.984
2015-09-25;147.413;0.821;-42.321;-34.952
2015-09-28;148.355;0.759;-43.611;-35.841
2015-09-29;148.355;0.759;-43.538;-35.779
2015-09-30;148.195;0.768;-42.781;-35.194
2015-10-01;148.993;0.715;-43.901;-35.987
2015-10-02;149.465;0.683;-43.721;-35.741
2015-10-05;148.405;0.751;-42.736;-35.116
2015-10-06;147.935;0.781;-42.441;-34.96
2015-10-07;148.017;0.775;-42.201;-34.736
2015-10-08;148.095;0.768;-42.62;-35.064
2015-10-09;147.638;0.798;-42.984;-35.47
2015-10-12;148.263;0.756;-43.109;-35.445
2015-10-13;148.053;0.769;-43.047;-35.441
2015-10-14;148.668;0.728;-43.498;-35.709
2015-10-15;148.618;0.73;-44.206;-36.295
2015-10-16;148.685;0.725;-44.812;-36.788
2015-10-19;148.34;0.747;-43.468;-35.745
2015-10-20;147.423;0.806;-41.34;-34.151
2015-10-21;148.445;0.738;-43.301;-35.582
2015-10-22;149.505;0.668;-47.132;-38.575
2015-10-23;149.173;0.688;-45.471;-37.295
2015-10-26;149.415;0.672;-45.037;-36.886
2015-10-27;150.323;0.613;-45.292;-36.936
2015-10-28;150.345;0.611;-44.309;-36.129
2015-10-29;148.957;0.699;-44.212;-36.283
2015-10-30;149.163;0.684;-45.034;-36.912
2015-11-02;148.538;0.725;-44.514;-36.595
2015-11-03;148.045;0.756;-42.379;-34.931
2015-11-04;147.62;0.783;-40.932;-33.821
2015-11-05;147.358;0.799;-38.142;-31.554
2015-11-06;145.983;0.889;-34.258;-28.517
2015-11-09;146.25;0.871;-31.411;-26.116
2015-11-10;146.788;0.835;-34.216;-28.395
2015-11-11;147.003;0.82;-35.399;-29.352
2015-11-12;147.205;0.804;-37.261;-30.871
2015-11-13;147.938;0.755;-39.112;-32.281
2015-11-16;148.28;0.732;-40.337;-33.244
2015-11-17;148.303;0.73;-39.476;-32.531
2015-11-18;148.758;0.7;-40.648;-33.431
2015-11-19;149.235;0.667;-41.341;-33.904
2015-11-20;149.42;0.654;-40.095;-32.857
2015-11-23;148.587;0.708;-36.733;-30.235
2015-11-24;148.76;0.696;-38.556;-31.703
2015-11-25;149.28;0.661;-39.827;-32.674
2015-11-26;149.29;0.658;-40.857;-33.522
2015-11-27;149.363;0.653;-40.698;-33.379
2015-11-30;148.837;0.687;-38.244;-31.45
2015-12-01;148.598;0.702;-34.919;-28.759
2015-12-02;148.475;0.709;-33.405;-27.527
2015-12-03;145.73;0.889;-29.683;-24.732
2015-12-04;145.548;0.901;-29.105;-24.274
2015-12-07;146.843;0.814;-30.116;-24.954
2015-12-08;147.148;0.793;-31.682;-26.216
2015-12-09;146.678;0.823;-31.115;-25.803
2015-12-10;146.985;0.801;-31.599;-26.178
2015-12-11;147.585;0.76;-32.861;-27.13
2015-12-14;147.138;0.789;-33.296;-27.56
2015-12-15;146.332;0.843;-33.535;-27.851
2015-12-16;145.823;0.876;-33.874;-28.206
2015-12-17;146.933;0.8;-35.043;-29.028
2015-12-18;147.698;0.748;-35.498;-29.271
2015-12-21;147.535;0.758;-36.985;-30.528
2015-12-22;146.743;0.811;-37.079;-30.729
2015-12-23;146.125;0.849;-35.572;-29.558
2015-12-24;145.95;0.861;-34.028;-28.292
2015-12-25;145.95;0.861;-34.026;-28.288
2015-12-28;147.05;0.786;-35.244;-29.144
2015-12-29;145.935;0.86;-34.164;-28.406
2015-12-30;145.878;0.862;-35.037;-29.148
2015-12-31;145.878;0.861;;
2016-01-01;145.878;0.861;;
2016-01-04;146.828;0.796;-35.392;-29.315
2016-01-05;147.153;0.774;-34.562;-28.587
2016-01-06;147.645;0.741;-34.671;-28.608
2016-01-07;147.03;0.78;-33.984;-28.129
2016-01-08;147.43;0.752;-33.965;-28.051
2016-01-11;147.095;0.774;-32.764;-27.101
2016-01-12;147.34;0.757;-32.223;-26.609
2016-01-13;147.93;0.717;-34.325;-28.273
2016-01-14;147.663;0.733;-34.682;-28.61
2016-01-15;148.158;0.699;-36.404;-29.979
2016-01-18;148.233;0.694;-37.177;-30.609
2016-01-19;148.08;0.703;-36.252;-29.876
2016-01-20;149.163;0.631;-37.702;-30.888
2016-01-21;149.465;0.609;-36.794;-30.125
2016-01-22;148.895;0.646;-35.883;-29.456
2016-01-25;149.138;0.629;-36.468;-29.9
2016-01-26;149.62;0.597;-37.548;-30.726
2016-01-27;149.673;0.592;-38.332;-31.348
2016-01-28;150.16;0.558;-38.32;-31.241
2016-01-29;151.338;0.481;-39.515;-32.052
2016-02-01;150.948;0.506;-37.865;-30.765
2016-02-02;151.493;0.47;-38.843;-31.474
2016-02-03;152.11;0.429;-38.775;-31.319
2016-02-04;151.685;0.454;-39.142;-31.678
2016-02-05;152.06;0.429;-41.403;-33.454
2016-02-08;153.528;0.334;-46.2;-37.053
2016-02-09;153.328;0.346;-46.77;-37.549
2016-02-10;153.133;0.358;-46.331;-37.234
2016-02-11;154.09;0.295;-50.334;-40.279
2016-02-12;153.0;0.364;-48.942;-39.345
2016-02-15;153.283;0.345;-47.663;-38.272
2016-02-16;152.698;0.382;-46.162;-37.177
2016-02-17;152.58;0.389;-44.435;-35.801
2016-02-18;153.305;0.34;-44.391;-35.624
2016-02-19;153.463;0.329;-44.942;-36.042
2016-02-22;153.957;0.297;-45.106;-36.097
2016-02-23;153.86;0.302;-44.788;-35.856
2016-02-24;154.38;0.268;-46.62;-37.209
2016-02-25;154.538;0.256;-48.178;-38.455
2016-02-26;154.27;0.272;-46.933;-37.525
2016-02-29;154.712;0.243;-46.0;-36.718
2016-03-01;153.993;0.288;-44.512;-35.667
2016-03-02;152.95;0.354;-43.766;-35.245
2016-03-03;153.545;0.314;-43.805;-35.206
2016-03-04;152.683;0.369;-43.387;-34.979
2016-03-07;152.728;0.365;-43.481;-35.068
2016-03-08;153.418;0.32;-45.175;-36.32
2016-03-09;152.538;0.376;-45.055;-36.365
2016-03-10;151.543;0.438;-43.035;-34.857
2016-03-11;152.135;0.399;-44.921;-36.31
2016-03-14;152.11;0.4;-45.545;-36.819
2016-03-15;151.508;0.438;-43.495;-35.24
2016-03-16;151.587;0.432;-42.824;-34.676
2016-03-17;152.9;0.345;-44.198;-35.56
2016-03-18;153.253;0.322;-45.713;-36.726
2016-03-21;152.878;0.345;-45.49;-36.617
2016-03-22;153.228;0.322;-46.597;-37.445
2016-03-23;153.41;0.306;-47.285;-37.97
2016-03-24;153.653;0.29;-48.183;-38.636
2016-03-25;153.653;0.29;-48.678;-39.036
2016-03-28;153.653;0.29;-48.02;-38.503
2016-03-29;154.358;0.244;-49.522;-39.565
2016-03-30;154.027;0.264;-48.912;-39.136
2016-03-31;154.06;0.26;-49.521;-39.614
2016-04-01;154.505;0.231;-51.163;-40.839
2016-04-04;154.6;0.224;-51.355;-40.974
2016-04-05;155.185;0.186;-52.39;-41.691
2016-04-06;154.815;0.209;-51.928;-41.409
2016-04-07;155.332;0.173;-53.632;-42.667
2016-04-08;155.142;0.185;-53.422;-42.553
2016-04-11;154.753;0.209;-51.886;-41.417
2016-04-12;153.798;0.269;-50.411;-40.412
2016-04-13;154.49;0.224;-51.718;-41.321
2016-04-14;153.897;0.26;-51.371;-41.151
2016-04-15;154.483;0.221;-51.612;-41.088
2016-04-18;153.93;0.256;-50.61;-40.39
2016-04-19;153.715;0.269;-50.322;-40.21
2016-04-20;153.983;0.251;-50.591;-40.365
2016-04-21;152.615;0.337;-49.275;-39.564
2016-04-22;152.563;0.34;-48.77;-39.185
2016-04-25;152.075;0.371;-48.498;-39.072
2016-04-26;151.575;0.403;-48.772;-39.41
2016-04-27;151.498;0.408;-47.078;-38.067
2016-04-28;152.005;0.372;-48.74;-39.331
2016-04-29;151.808;0.384;-48.68;-39.305
2016-05-02;151.943;0.375;-48.742;-39.324
2016-05-03;153.08;0.3;-50.399;-40.449
2016-05-04;153.003;0.304;-50.394;-40.451
2016-05-05;153.678;0.258;-51.566;-41.274
2016-05-06;153.993;0.237;-52.42;-41.893
2016-05-09;154.335;0.214;-52.853;-42.193
2016-05-10;154.253;0.218;-52.027;-41.544
2016-05-11;154.223;0.22;-52.742;-42.119
2016-05-12;153.825;0.243;-52.998;-42.407
2016-05-13;154.29;0.212;-53.064;-42.363
2016-05-16;154.013;0.229;-52.993;-42.359
2016-05-17;154.158;0.219;-53.552;-42.781
2016-05-18;153.638;0.252;-53.274;-42.651
2016-05-19;153.615;0.251;-53.268;-42.66
2016-05-20;153.628;0.25;-52.994;-42.453
2016-05-23;153.41;0.263;-53.531;-42.936
2016-05-24;153.378;0.264;-52.852;-42.394
2016-05-25;153.828;0.234;-53.223;-42.601
2016-05-26;153.91;0.227;-53.212;-42.596
2016-05-27;153.99;0.221;-53.763;-43.023
2016-05-30;153.473;0.253;-52.99;-42.493
2016-05-31;153.953;0.221;-53.448;-42.76
2016-06-01;154.065;0.213;-54.48;-43.572
2016-06-02;154.4;0.189;-56.372;-45.007
2016-06-03;155.235;0.135;-57.895;-46.043
2016-06-06;155.003;0.149;-59.623;-47.478
2016-06-07;155.658;0.106;-60.88;-48.345
2016-06-08;155.743;0.1;-62.518;-49.635
2016-06-09;156.173;0.07;-63.625;-50.405
2016-06-10;156.445;0.052;-64.334;-50.881
2016-06-13;156.34;0.058;-64.654;-51.174
2016-06-14;156.928;0.019;-67.858;-53.588
2016-06-15;157.073;0.009;-68.487;-54.074
2016-06-16;157.38;-0.013;-69.05;-54.443
2016-06-17;156.582;0.037;-65.839;-52.129
2016-06-20;155.975;0.075;-63.339;-50.274
2016-06-21;155.948;0.076;-64.627;-51.325
2016-06-22;155.793;0.085;-66.374;-52.772
2016-06-23;155.098;0.128;-64.746;-51.633
2016-06-24;157.595;-0.033;-71.65;-56.493
2016-06-27;158.83;-0.111;-74.033;-58.017
2016-06-28;158.583;-0.097;-72.816;-57.156
2016-06-29;158.953;-0.121;-74.154;-58.096
2016-06-30;158.968;-0.124;-72.399;-56.719
2016-07-01;158.798;-0.115;-69.717;-54.661
2016-07-04;158.858;-0.119;-65.635;-51.418
2016-07-05;159.628;-0.168;-68.051;-53.12
2016-07-06;159.485;-0.16;-67.906;-53.037
2016-07-07;159.265;-0.149;-67.008;-52.395
2016-07-08;159.58;-0.17;-66.908;-52.236
2016-07-11;159.235;-0.149;-65.973;-51.584
2016-07-12;157.908;-0.066;-63.216;-49.719
2016-07-13;158.78;-0.122;-63.427;-49.689
2016-07-14;158.033;-0.077;-61.363;-48.217
2016-07-15;157.165;-0.023;-58.956;-46.52
2016-07-18;157.465;-0.043;-59.256;-46.673
2016-07-19;157.605;-0.053;-60.607;-47.729
2016-07-20;157.288;-0.033;-60.417;-47.639
2016-07-21;157.38;-0.042;-61.549;-48.518
2016-07-22;157.626;-0.058;-63.603;-50.069
2016-07-25;157.887;-0.076;-64.305;-50.57
2016-07-26;157.731;-0.067;-63.751;-50.152
2016-07-27;158.616;-0.124;-64.862;-50.838
2016-07-28;158.77;-0.136;-65.516;-51.279
2016-07-29;159.212;-0.165;-65.97;-51.526
2016-08-01;158.864;-0.143;-64.236;-50.243
2016-08-02;157.765;-0.075;-62.682;-49.274
2016-08-03;157.709;-0.072;-61.207;-48.13
2016-08-04;158.5;-0.125;-61.89;-48.5
2016-08-05;157.979;-0.093;-61.063;-47.974
2016-08-08;157.848;-0.085;-60.027;-47.178
2016-08-09;158.022;-0.097;-59.362;-46.617
2016-08-10;158.544;-0.131;-59.646;-46.725
2016-08-11;158.198;-0.112;-59.63;-46.766
2016-08-12;158.355;-0.122;-59.381;-46.538
2016-08-15;157.842;-0.091;-59.127;-46.441
2016-08-16;157.125;-0.046;-58.059;-45.754
2016-08-17;157.447;-0.067;-58.531;-46.034
2016-08-18;157.914;-0.1;-59.102;-46.388
2016-08-19;157.105;-0.049;-57.838;-45.544
2016-08-22;158.019;-0.108;-58.98;-46.281
2016-08-23;158.059;-0.111;-58.359;-45.762
2016-08-24;157.914;-0.103;-57.602;-45.178
2016-08-25;157.537;-0.081;-56.115;-44.065
2016-08-26;157.496;-0.08;-56.105;-44.052
2016-08-29;157.662;-0.091;-57.064;-44.776
2016-08-30;157.75;-0.098;-55.447;-43.494
2016-08-31;157.281;-0.068;-54.837;-43.125
2016-09-01;157.16;-0.063;-54.115;-42.576
2016-09-02;156.648;-0.031;-52.683;-41.559
2016-09-05;156.724;-0.037;-52.134;-41.101
2016-09-06;157.737;-0.103;-54.643;-42.914
2016-09-07;157.935;-0.116;-56.467;-44.299
2016-09-08;156.92;-0.054;-54.19;-42.693
2016-09-09;155.638;0.028;-51.643;-40.914
2016-09-12;155.264;0.052;-50.9;-40.392
2016-09-13;154.734;0.086;-49.286;-39.206
2016-09-14;155.451;0.038;-51.458;-40.817
2016-09-15;155.136;0.056;-50.99;-40.498
2016-09-16;155.509;0.031;-52.225;-41.442
2016-09-19;155.402;0.037;-51.893;-41.165
2016-09-20;156.016;-0.004;-53.039;-41.974
2016-09-21;155.704;0.016;-53.225;-42.181
2016-09-22;157.235;-0.086;-55.634;-43.751
2016-09-23;157.015;-0.073;-54.825;-43.17
2016-09-26;157.537;-0.107;-56.713;-44.559
2016-09-27;157.907;-0.132;-59.613;-46.717
2016-09-28;158.016;-0.14;-59.799;-46.872
2016-09-29;157.559;-0.113;-58.334;-45.81
2016-09-30;157.628;-0.118;-59.626;-46.811
2016-10-03;157.146;-0.088;-58.756;-46.211
2016-10-04;156.555;-0.051;-57.958;-45.711
2016-10-05;155.82;-0.004;-57.106;-45.164
2016-10-06;155.943;-0.014;-56.765;-44.922
2016-10-07;155.34;0.024;-56.74;-44.964
2016-10-10;154.74;0.063;-57.003;-45.36
2016-10-11;155.273;0.027;-57.7;-45.843
2016-10-12;154.569;0.073;-55.431;-44.133
2016-10-13;154.968;0.044;-55.818;-44.353
2016-10-14;154.566;0.069;-55.286;-44.002
2016-10-17;154.509;0.072;-54.267;-43.206
2016-10-18;154.788;0.053;-53.999;-42.918
2016-10-19;154.825;0.05;-53.873;-42.833
2016-10-20;155.222;0.021;-54.793;-43.505
2016-10-21;154.978;0.036;-53.9;-42.762
2016-10-24;154.608;0.06;-52.954;-42.066
2016-10-25;154.433;0.071;-50.965;-40.537
2016-10-26;153.535;0.13;-49.394;-39.425
2016-10-27;152.155;0.22;-46.219;-37.111
2016-10-28;152.287;0.21;-46.421;-37.26
2016-10-31;152.343;0.205;-46.15;-37.056
2016-11-01;152.019;0.227;-46.406;-37.281
2016-11-02;152.678;0.181;-48.015;-38.448
2016-11-03;152.205;0.211;-48.067;-38.579
2016-11-04;152.539;0.187;-48.694;-39.018
2016-11-07;152.256;0.206;-48.258;-38.746
2016-11-08;151.705;0.242;-48.032;-38.634
2016-11-09;151.412;0.261;-47.905;-38.604
2016-11-10;150.218;0.341;-47.407;-38.386
2016-11-11;149.698;0.376;-45.673;-37.108
2016-11-14;149.541;0.386;-46.937;-38.165
2016-11-15;149.716;0.373;-47.858;-39.005
2016-11-16;149.779;0.368;-48.027;-38.856
2016-11-17;149.953;0.353;-47.99;-39.0
2016-11-18;149.924;0.354;-47.977;-38.959
2016-11-21;149.889;0.356;-46.838;-38.033
2016-11-22;150.515;0.312;-47.939;-38.706
2016-11-23;149.877;0.355;-44.111;-35.804
2016-11-24;149.825;0.356;-44.559;-36.212
2016-11-25;150.065;0.339;-47.102;-38.226
2016-11-28;150.562;0.304;-48.108;-38.825
2016-11-29;150.279;0.323;-45.79;-37.144
2016-11-30;149.333;0.387;-44.374;-36.279
2016-12-01;148.004;0.478;-43.641;-35.8
2016-12-02;149.305;0.386;-44.816;-36.536
2016-12-05;148.706;0.427;-44.169;-36.106
2016-12-06;148.047;0.473;-43.834;-35.95
2016-12-07;148.344;0.451;-43.876;-35.931
2016-12-08;147.599;0.501;-41.671;-34.296
2016-12-09;147.708;0.493;-42.577;-35.067
2016-12-12;147.199;0.528;-44.421;-36.652
2016-12-13;147.736;0.489;-43.534;-35.803
2016-12-14;148.61;0.427;-45.324;-37.121
2016-12-15;147.685;0.49;-46.138;-37.945
2016-12-16;148.491;0.432;-47.175;-38.645
2016-12-19;149.483;0.362;-49.017;-39.962
2016-12-20;149.138;0.385;-48.67;-39.74
2016-12-21;149.464;0.362;-49.911;-40.69
2016-12-22;149.233;0.374;-51.405;-41.974
2016-12-23;149.812;0.333;-52.73;-42.931
2016-12-26;149.812;0.333;-53.405;-43.484
2016-12-27;149.978;0.321;-53.743;-43.732
2016-12-28;150.108;0.311;-53.336;-43.396
2016-12-29;150.448;0.285;-52.671;-42.749
2016-12-30;149.931;0.32;-51.322;-41.764
2017-01-02;150.194;0.301;-52.488;-42.687
2017-01-03;149.092;0.377;-48.253;-39.426
2017-01-04;148.884;0.391;-47.028;-38.452
2017-01-05;149.426;0.35;-48.326;-39.387
2017-01-06;148.582;0.409;-47.614;-38.96
2017-01-09;148.91;0.385;-47.355;-38.685
2017-01-10;148.819;0.391;-47.032;-38.41
2017-01-11;149.247;0.36;-47.298;-38.558
2017-01-12;149.204;0.36;-45.986;-37.434
2017-01-13;148.722;0.393;-44.353;-36.271
2017-01-16;148.971;0.375;-45.932;-37.498
2017-01-17;148.956;0.375;-46.083;-37.615
2017-01-18;148.411;0.413;-45.147;-36.937
2017-01-19;147.995;0.44;-45.755;-37.602
2017-01-20;147.313;0.488;-44.42;-36.547
2017-01-23;148.152;0.427;-45.726;-37.501
2017-01-24;147.522;0.471;-45.454;-37.336
2017-01-25;146.713;0.528;-43.625;-35.972
2017-01-26;146.438;0.546;-44.184;-36.471
2017-01-27;146.795;0.519;-45.195;-37.224
2017-01-30;146.969;0.506;-46.055;-37.905
2017-01-31;147.163;0.491;-47.263;-38.869
2017-02-01;146.661;0.527;-46.268;-37.997
2017-02-02;147.216;0.485;-46.603;-38.484
2017-02-03;147.351;0.474;-47.301;-38.869
2017-02-06;147.904;0.434;-50.89;-41.61
2017-02-07;148.152;0.415;-51.788;-42.395
2017-02-08;148.939;0.359;-52.943;-43.149
2017-02-09;148.749;0.37;-52.783;-43.087
2017-02-10;148.566;0.382;-53.718;-43.917
2017-02-13;148.356;0.396;-54.493;-44.596
2017-02-14;147.916;0.427;-54.484;-44.691
2017-02-15;147.844;0.431;-52.961;-43.457
2017-02-16;148.221;0.402;-51.937;-42.533
2017-02-17;148.9;0.353;-55.101;-44.99
2017-02-20;148.888;0.353;-56.136;-45.828
2017-02-21;148.804;0.358;-56.582;-46.238
2017-02-22;149.135;0.333;-58.458;-47.639
2017-02-23;149.85;0.281;-60.397;-49.109
2017-02-24;150.583;0.228;-62.598;-50.683
2017-02-27;150.321;0.246;-59.629;-48.335
2017-02-28;150.15;0.257;-58.135;-47.219
2017-03-01;149.038;0.335;-53.082;-43.341
2017-03-02;148.464;0.373;-53.936;-44.151
2017-03-03;147.996;0.405;-55.065;-45.176
2017-03-06;148.17;0.392;-54.938;-44.993
2017-03-07;148.342;0.379;-55.951;-45.773
2017-03-08;147.711;0.423;-53.681;-44.059
2017-03-09;146.936;0.477;-54.696;-45.047
2017-03-10;146.276;0.524;-54.839;-45.286
2017-03-13;146.467;0.509;-53.742;-44.352
2017-03-14;146.861;0.48;-54.433;-44.835
2017-03-15;147.235;0.452;-55.134;-45.206
2017-03-16;146.709;0.488;-52.984;-43.689
2017-03-17;146.888;0.474;-51.957;-42.759
2017-03-20;146.825;0.478;-52.655;-43.339
2017-03-21;146.613;0.492;-52.009;-42.849
2017-03-22;147.313;0.441;-53.949;-44.305
2017-03-23;146.928;0.466;-52.398;-43.094
2017-03-24;147.243;0.443;-53.374;-43.839
2017-03-27;147.248;0.441;-50.911;-41.813
2017-03-28;147.305;0.437;-50.099;-41.145
2017-03-29;147.746;0.404;-51.454;-42.195
2017-03-30;147.833;0.395;-51.472;-42.198
2017-03-31;147.814;0.396;-51.637;-42.352
2017-04-03;148.414;0.352;-53.006;-43.55
2017-04-04;148.705;0.33;-55.712;-45.541
2017-04-05;148.669;0.332;-56.162;-45.746
2017-04-06;148.625;0.333;-56.349;-46.056
2017-04-07;149.124;0.296;-57.607;-47.174
2017-04-10;149.464;0.271;-59.46;-48.315
2017-04-11;149.507;0.267;-59.577;-48.511
2017-04-12;149.633;0.254;-60.78;-49.37
2017-04-13;149.814;0.24;-60.579;-49.218
2017-04-14;149.814;0.24;;
2017-04-17;149.814;0.24;-59.195;-48.128
2017-04-18;150.277;0.206;-59.284;-48.059
2017-04-19;149.622;0.252;-58.187;-47.266
2017-04-20;148.981;0.295;-57.672;-46.824
2017-04-21;148.859;0.303;-60.115;-49.06
2017-04-24;147.735;0.383;-53.31;-43.524
2017-04-25;147.029;0.434;-52.942;-43.529
2017-04-26;147.359;0.409;-53.996;-44.389
2017-04-27;148.022;0.358;-55.375;-45.409
2017-04-28;147.688;0.381;-55.461;-45.543
2017-05-01;147.688;0.381;-54.904;-45.202
2017-05-02;147.541;0.391;-55.042;-45.256
2017-05-03;147.565;0.388;-54.155;-44.504
2017-05-04;146.578;0.458;-52.432;-43.242
2017-05-05;146.277;0.479;-50.541;-41.755
2017-05-08;146.264;0.479;-49.986;-41.303
2017-05-09;146.017;0.496;-48.132;-39.843
2017-05-10;146.158;0.485;-47.535;-39.304
2017-05-11;145.927;0.5;-45.79;-37.911
2017-05-12;146.471;0.459;-46.853;-38.68
2017-05-15;145.933;0.498;-44.35;-36.729
2017-05-16;145.723;0.513;-44.177;-36.39
2017-05-17;146.466;0.457;-46.67;-38.529
2017-05-18;146.872;0.425;-48.019;-39.566
2017-05-19;146.521;0.45;-47.322;-39.047
2017-05-22;146.08;0.481;-46.947;-38.814
2017-05-23;145.921;0.492;-47.52;-39.151
2017-05-24;145.982;0.487;-48.122;-39.841
2017-05-25;146.483;0.448;-49.469;-40.832
2017-05-26;146.93;0.414;-50.171;-41.354
2017-05-29;147.347;0.382;-52.55;-43.211
2017-05-30;147.366;0.38;-52.15;-43.094
2017-05-31;147.199;0.392;-51.785;-42.641
2017-06-01;147.174;0.391;-53.138;-43.765
2017-06-02;147.579;0.36;-55.134;-45.509
2017-06-05;147.301;0.38;-53.512;-44.234
2017-06-06;147.769;0.345;-55.559;-45.62
2017-06-07;147.544;0.361;-53.89;-44.301
2017-06-08;147.716;0.345;-54.533;-44.779
2017-06-09;147.582;0.354;-53.583;-44.051
2017-06-12;147.779;0.339;-53.852;-44.232
2017-06-13;147.564;0.354;-54.329;-44.645
2017-06-14;148.091;0.315;-54.133;-44.383
2017-06-15;147.272;0.372;-51.522;-42.518
2017-06-16;147.304;0.369;-51.201;-42.25
2017-06-19;147.275;0.37;-51.0;-41.974
2017-06-20;147.562;0.348;-51.302;-42.169
2017-06-21;147.52;0.35;-50.3;-41.326
2017-06-22;147.636;0.339;-49.386;-40.553
2017-06-23;147.523;0.347;-49.936;-41.032
2017-06-26;147.63;0.338;-50.679;-41.607
2017-06-27;145.96;0.461;-47.134;-38.995
2017-06-28;145.963;0.46;-46.476;-38.454
2017-06-29;144.8;0.544;-44.622;-37.137
2017-06-30;144.582;0.56;-43.899;-36.566
2017-07-03;144.419;0.571;-44.076;-36.757
2017-07-04;144.397;0.572;-45.46;-37.924
2017-07-05;144.48;0.565;-46.073;-38.408
2017-07-06;143.315;0.651;-43.214;-36.208
2017-07-07;143.105;0.666;-42.996;-36.088
2017-07-10;143.529;0.633;-43.121;-36.099
2017-07-11;143.402;0.642;-42.49;-35.584
2017-07-12;143.945;0.6;-43.707;-36.419
2017-07-13;143.644;0.62;-43.775;-36.506
2017-07-14;143.752;0.611;-44.348;-37.078
2017-07-17;143.903;0.599;-45.005;-37.616
2017-07-18;144.243;0.572;-46.424;-38.725
2017-07-19;144.368;0.562;-45.038;-37.546
2017-07-20;144.469;0.552;-46.71;-39.127
2017-07-21;144.765;0.529;-47.328;-39.621
2017-07-24;144.737;0.53;-47.677;-39.718
2017-07-25;144.014;0.584;-45.915;-38.405
2017-07-26;144.075;0.579;-46.377;-38.76
2017-07-27;144.347;0.555;-48.599;-40.55
2017-07-28;144.258;0.561;-49.438;-41.288
2017-07-31;144.286;0.558;-49.731;-41.507
2017-08-01;144.983;0.505;-50.477;-41.998
2017-08-02;145.051;0.499;-50.895;-42.062
2017-08-03;145.474;0.464;-51.931;-43.071
2017-08-04;145.251;0.48;-50.74;-42.154
2017-08-07;145.366;0.471;-51.729;-42.93
2017-08-08;145.13;0.488;-49.782;-41.664
2017-08-09;145.772;0.439;-51.711;-42.849
2017-08-10;145.896;0.427;-51.739;-42.825
2017-08-11;146.351;0.392;-53.533;-44.239
2017-08-14;146.01;0.417;-53.343;-44.143
2017-08-15;145.666;0.442;-52.229;-43.286
2017-08-16;145.528;0.451;-52.276;-43.374
2017-08-17;145.801;0.428;-51.532;-42.69
2017-08-18;145.91;0.419;-52.216;-43.24
2017-08-21;146.077;0.406;-52.453;-43.409
2017-08-22;146.064;0.406;-52.232;-43.213
2017-08-23;146.36;0.383;-53.525;-44.243
2017-08-24;146.353;0.381;-54.223;-44.812
2017-08-25;146.28;0.385;-54.296;-44.888
2017-08-28;146.299;0.383;-54.945;-45.198
2017-08-29;146.814;0.343;-55.414;-45.679
2017-08-30;146.576;0.36;-54.38;-44.872
2017-08-31;146.516;0.362;-53.747;-44.367
2017-09-01;146.162;0.388;-52.635;-43.297
2017-09-04;146.244;0.381;-51.861;-42.875
2017-09-05;146.592;0.354;-52.326;-42.979
2017-09-06;146.426;0.366;-52.874;-43.391
2017-09-07;146.913;0.326;-55.664;-45.809
2017-09-08;146.8;0.334;-55.627;-45.855
2017-09-11;146.462;0.358;-54.42;-44.946
2017-09-12;145.582;0.424;-52.709;-43.723
2017-09-13;145.547;0.426;-51.247;-42.503
2017-09-14;145.32;0.44;-51.202;-42.506
2017-09-15;145.053;0.46;-51.489;-42.799
2017-09-18;144.708;0.485;-50.269;-41.853
2017-09-19;144.71;0.484;-49.337;-41.065
2017-09-20;144.851;0.473;-49.172;-40.896
2017-09-21;144.682;0.483;-49.627;-41.301
2017-09-22;144.748;0.477;-49.937;-41.497
2017-09-25;145.316;0.433;-51.546;-42.761
2017-09-26;145.212;0.44;-51.109;-42.416
2017-09-27;144.44;0.498;-49.444;-41.202
2017-09-28;144.284;0.508;-50.202;-41.881
2017-09-29;144.507;0.49;-51.061;-42.52
2017-10-02;144.663;0.477;-51.823;-43.136
2017-10-03;144.507;0.488;-51.564;-42.979
2017-10-04;144.616;0.479;-51.632;-42.979
2017-10-05;144.566;0.48;-50.966;-42.231
2017-10-06;144.525;0.482;-51.59;-42.955
2017-10-09;144.713;0.467;-51.138;-42.532
2017-10-10;144.749;0.464;-51.615;-42.937
2017-10-11;144.469;0.484;-51.436;-42.681
2017-10-12;144.63;0.469;-50.91;-42.366
2017-10-13;145.114;0.431;-52.798;-43.719
2017-10-16;145.544;0.398;-53.249;-44.144
2017-10-17;145.616;0.391;-53.545;-44.344
2017-10-18;145.182;0.423;-51.988;-43.145
2017-10-19;145.172;0.422;-52.302;-43.408
2017-10-20;144.394;0.481;-50.714;-42.258
2017-10-23;144.658;0.459;-50.774;-42.25
2017-10-24;144.072;0.504;-49.232;-41.083
2017-10-25;143.974;0.51;-49.812;-41.575
2017-10-26;144.768;0.447;-51.291;-42.657
2017-10-27;145.091;0.421;-53.209;-44.188
2017-10-30;145.337;0.401;-53.315;-44.21
2017-10-31;145.372;0.398;-52.968;-43.922
2017-11-01;145.176;0.412;-52.372;-43.462
2017-11-02;145.182;0.409;-52.282;-43.385
2017-11-03;145.272;0.401;-52.422;-43.481
2017-11-06;145.627;0.373;-53.355;-44.163
2017-11-07;145.758;0.362;-53.979;-44.673
2017-11-08;145.759;0.361;-54.088;-44.746
2017-11-09;145.034;0.414;-51.911;-43.106
2017-11-10;144.57;0.449;-50.889;-42.354
2017-11-13;144.466;0.456;-50.346;-41.928
2017-11-14;144.687;0.438;-50.82;-42.263
2017-11-15;144.98;0.415;-51.08;-42.421
2017-11-16;144.883;0.419;-50.317;-41.792
2017-11-17;145.05;0.406;-50.69;-42.077
2017-11-20;144.949;0.413;-50.077;-41.585
2017-11-21;145.001;0.408;-48.758;-40.466
2017-11-22;145.012;0.406;-48.448;-40.197
2017-11-23;144.996;0.405;-47.902;-39.75
2017-11-24;144.79;0.42;-47.386;-39.345
2017-11-27;144.993;0.403;-47.597;-39.478
2017-11-28;145.003;0.401;-48.174;-39.948
2017-11-29;144.425;0.445;-46.787;-38.881
2017-11-30;144.623;0.427;-47.262;-39.24
2017-12-01;145.456;0.362;-50.068;-41.391
2017-12-04;144.967;0.399;-48.056;-39.853
2017-12-05;145.284;0.374;-48.477;-40.139
2017-12-06;145.575;0.35;-50.583;-41.819
2017-12-07;145.548;0.35;-52.105;-43.088
2017-12-08;145.368;0.363;-51.754;-42.835
2017-12-11;145.502;0.351;-51.591;-42.661
2017-12-12;145.229;0.372;-51.442;-42.598
2017-12-13;145.186;0.374;-50.609;-41.911
2017-12-14;145.208;0.37;-49.648;-41.113
2017-12-15;145.361;0.357;-49.994;-41.356
2017-12-18;145.248;0.365;-50.05;-41.42
2017-12-19;144.311;0.437;-47.364;-39.366
2017-12-20;143.921;0.466;-46.956;-39.093
2017-12-21;143.742;0.476;-46.767;-38.973
2017-12-22;143.683;0.48;-47.507;-39.593
2017-12-25;143.683;0.48;-47.504;-39.592
2017-12-26;143.683;0.48;-47.499;-39.589
2017-12-27;144.141;0.443;-47.908;-39.819
2017-12-28;143.576;0.484;-45.706;-38.087
2017-12-29;143.517;0.488;-45.699;-38.093
2018-01-01;143.517;0.488;-45.856;-38.22
2018-01-02;142.953;0.531;-43.426;-36.304
2018-01-03;143.257;0.506;-43.608;-36.41
2018-01-04;143.284;0.502;-43.504;-36.31
2018-01-05;143.223;0.506;-43.397;-36.233
2018-01-08;143.27;0.501;-42.668;-35.617
2018-01-09;142.805;0.537;-41.77;-34.939
2018-01-10;142.703;0.544;-42.839;-35.857
2018-01-11;142.173;0.584;-42.382;-35.559
2018-01-12;142.158;0.584;-42.966;-36.039
2018-01-15;142.031;0.594;-42.75;-35.877
2018-01-16;142.351;0.567;-42.83;-35.875
2018-01-17;142.35;0.566;-42.83;-35.868
2018-01-18;142.176;0.578;-43.074;-36.12
2018-01-19;142.21;0.574;-44.395;-37.236
2018-01-22;142.236;0.571;-44.997;-37.727
2018-01-23;142.301;0.565;-45.153;-37.849
2018-01-24;141.99;0.589;-44.454;-37.313
2018-01-25;141.708;0.609;-43.823;-36.817
2018-01-26;141.512;0.624;-43.356;-36.425
2018-01-29;140.656;0.693;-42.533;-35.888
2018-01-30;140.769;0.683;-42.484;-35.842
2018-01-31;140.603;0.695;-40.85;-34.474
2018-02-01;140.284;0.719;-41.007;-34.684
2018-02-02;139.693;0.766;-40.044;-33.981
2018-02-05;140.052;0.736;-41.436;-35.098
2018-02-06;140.568;0.693;-41.748;-35.252
2018-02-07;139.968;0.741;-39.903;-33.779
2018-02-08;139.728;0.758;-39.521;-33.517
2018-02-09;139.906;0.743;-41.948;-35.54
2018-02-12;139.753;0.755;-43.755;-37.117
2018-02-13;139.781;0.752;-43.846;-37.208
2018-02-14;139.676;0.759;-43.023;-36.527
2018-02-15;139.606;0.763;-43.46;-36.893
2018-02-16;140.301;0.705;-45.573;-38.587
2018-02-19;139.932;0.734;-44.803;-37.996
2018-02-20;139.95;0.732;-45.29;-38.417
2018-02-21;140.106;0.718;-44.919;-38.069
2018-02-22;140.277;0.702;-46.674;-39.525
2018-02-23;140.948;0.646;-48.991;-41.325
2018-02-26;140.949;0.645;-48.602;-41.007
2018-02-27;140.663;0.668;-47.007;-39.727
2018-02-28;141.014;0.638;-48.902;-41.276
2018-03-01;141.111;0.628;-49.55;-41.804
2018-03-02;141.021;0.634;-49.374;-41.675
2018-03-05;141.115;0.626;-50.057;-42.216
2018-03-06;140.734;0.656;-48.517;-41.0
2018-03-07;140.966;0.636;-48.43;-40.867
2018-03-08;141.326;0.604;-50.462;-42.522
2018-03-09;141.066;0.624;-49.34;-41.642
2018-03-12;141.231;0.61;-49.873;-42.063
2018-03-13;141.389;0.596;-50.224;-42.323
2018-03-14;141.676;0.572;-50.585;-42.549
2018-03-15;141.846;0.556;-50.098;-42.095
2018-03-16;141.921;0.549;-50.949;-42.815
2018-03-19;141.941;0.546;-51.4;-43.169
2018-03-20;141.76;0.56;-51.32;-43.162
2018-03-21;141.628;0.57;-51.203;-43.089
2018-03-22;142.332;0.51;-53.055;-44.511
2018-03-23;142.358;0.507;-54.024;-45.317
2018-03-26;142.399;0.503;-54.095;-45.361
2018-03-27;142.654;0.481;-54.347;-45.502
2018-03-28;142.605;0.481;-53.675;-44.946
2018-03-29;142.682;0.474;-53.984;-45.192
2018-03-30;142.682;0.474;-53.772;-45.008
2018-04-02;142.682;0.474;-53.772;-45.008
2018-04-03;142.595;0.48;-52.08;-43.593
2018-04-04;142.592;0.479;-51.699;-43.28
2018-04-05;142.245;0.505;-50.94;-42.725
2018-04-06;142.562;0.478;-51.861;-43.418
2018-04-09;142.437;0.487;-50.853;-42.603
2018-04-10;142.327;0.495;-49.631;-41.586
2018-04-11;142.514;0.479;-50.462;-42.24
2018-04-12;142.277;0.496;-49.87;-41.816
2018-04-13;142.308;0.492;-50.346;-42.202
2018-04-16;142.14;0.505;-49.979;-41.944
2018-04-17;142.37;0.485;-50.48;-42.295
2018-04-18;142.084;0.508;-49.109;-41.213
2018-04-19;141.214;0.577;-47.226;-39.803
2018-04-20;141.321;0.567;-47.976;-40.417
2018-04-23;140.778;0.611;-46.299;-39.115
2018-04-24;140.853;0.604;-46.799;-39.517
2018-04-25;140.83;0.605;-47.167;-39.831
2018-04-26;141.302;0.563;-48.528;-40.865
2018-04-27;141.528;0.543;-49.056;-41.272
2018-04-30;141.653;0.532;-49.373;-41.514
2018-05-01;141.653;0.532;-49.113;-41.289
2018-05-02;141.396;0.552;-48.666;-40.975
2018-05-03;141.955;0.503;-49.758;-41.807
2018-05-04;141.785;0.516;-48.605;-40.854
2018-05-07;141.961;0.501;-49.263;-41.37
2018-05-08;141.554;0.533;-48.932;-41.168
2018-05-09;141.599;0.529;-49.443;-41.589
2018-05-10;141.603;0.526;-49.958;-42.011
2018-05-11;141.575;0.527;-50.583;-42.55
2018-05-14;140.967;0.577;-49.085;-41.395
2018-05-15;140.569;0.609;-48.936;-41.364
2018-05-16;141.003;0.572;-51.556;-43.491
2018-05-17;140.594;0.603;-50.859;-43.016
2018-05-18;141.315;0.542;-53.47;-45.035
2018-05-21;141.959;0.488;-56.594;-47.534
2018-05-22;141.512;0.524;-54.876;-46.188
2018-05-23;142.154;0.47;-57.259;-48.036
2018-05-24;142.536;0.436;-57.616;-48.257
2018-05-25;143.308;0.372;-60.103;-50.119
2018-05-28;144.062;0.31;-64.431;-53.57
2018-05-29;145.051;0.229;-70.729;-58.507
2018-05-30;143.679;0.339;-64.792;-53.956
2018-05-31;144.031;0.308;-65.161;-54.16
2018-06-01;143.445;0.355;-62.273;-51.905
2018-06-04;143.025;0.388;-60.674;-50.722
2018-06-05;143.582;0.342;-63.517;-52.931
2018-06-06;142.426;0.435;-60.68;-50.838
2018-06-07;142.156;0.455;-60.77;-50.992
2018-06-08;142.543;0.422;-62.91;-52.696
2018-06-11;141.993;0.466;-58.99;-49.53
2018-06-12;142.01;0.464;-58.017;-48.682
2018-06-13;142.122;0.454;-57.804;-48.48
2018-06-14;142.751;0.399;-59.149;-49.519
2018-06-15;142.958;0.381;-57.372;-47.979
2018-06-18;143.015;0.376;-56.795;-47.496
2018-06-19;143.329;0.349;-57.127;-47.694
2018-06-20;143.258;0.354;-57.73;-48.208
2018-06-21;143.735;0.312;-61.312;-51.1
2018-06-22;143.707;0.313;-61.985;-51.668
2018-06-25;143.824;0.303;-63.201;-52.67
2018-06-26;143.658;0.315;-63.221;-52.718
2018-06-27;143.904;0.294;-63.958;-53.272
2018-06-28;143.88;0.293;-63.693;-53.049
2018-06-29;144.1;0.274;-64.224;-53.415
2018-07-02;144.061;0.277;-64.652;-53.804
2018-07-03;144.187;0.265;-64.763;-53.842
2018-07-04;143.987;0.281;-62.807;-52.269
2018-07-05;144.038;0.274;-63.581;-52.886
2018-07-06;144.097;0.268;-64.014;-53.226
2018-07-09;143.973;0.277;-62.748;-52.2
2018-07-10;143.711;0.297;-62.337;-51.942
2018-07-11;143.829;0.287;-63.258;-52.666
2018-07-12;143.919;0.277;-63.98;-53.244
2018-07-13;144.095;0.261;-64.874;-53.95
2018-07-16;143.805;0.284;-64.32;-53.561
2018-07-17;143.953;0.271;-63.762;-53.057
2018-07-18;143.988;0.267;-63.956;-53.211
2018-07-19;144.079;0.257;-64.825;-53.897
2018-07-20;143.589;0.296;-63.288;-52.761
2018-07-23;143.162;0.33;-61.958;-51.753
2018-07-24;143.261;0.321;-61.698;-51.506
2018-07-25;143.305;0.316;-61.749;-51.538
2018-07-26;143.151;0.326;-62.073;-51.83
2018-07-27;143.126;0.327;-62.341;-52.06
2018-07-30;142.594;0.37;-60.765;-50.852
2018-07-31;142.613;0.368;-60.615;-50.721
2018-08-01;142.197;0.401;-59.093;-49.552
2018-08-02;142.357;0.385;-60.198;-50.438
2018-08-03;142.934;0.336;-62.517;-52.219
2018-08-06;143.114;0.32;-62.861;-52.454
2018-08-07;142.887;0.338;-62.409;-52.131
2018-08-08;143.002;0.328;-63.035;-52.636
2018-08-09;143.19;0.309;-63.964;-53.371
2018-08-10;143.852;0.253;-66.141;-54.994
2018-08-13;143.913;0.247;-66.424;-55.217
2018-08-14;143.705;0.264;-65.071;-54.162
2018-08-15;144.018;0.237;-66.455;-55.229
2018-08-16;143.8;0.252;-65.807;-54.755
2018-08-17;143.94;0.239;-66.127;-54.974
2018-08-20;143.972;0.236;-66.077;-54.94
2018-08-21;143.611;0.264;-64.679;-53.865
2018-08-22;143.432;0.278;-62.721;-52.27
2018-08-23;143.426;0.276;-62.982;-52.469
2018-08-24;143.352;0.281;-62.716;-52.272
2018-08-27;142.959;0.313;-60.875;-50.83
2018-08-28;142.895;0.317;-60.203;-50.276
2018-08-29;142.586;0.342;-59.341;-49.629
2018-08-30;143.252;0.283;-62.832;-52.333
2018-08-31;143.462;0.265;-63.486;-52.832
2018-09-03;143.391;0.27;-63.12;-52.546
2018-09-04;143.109;0.292;-61.47;-51.242
2018-09-05;142.85;0.313;-60.955;-50.864
2018-09-06;143.163;0.284;-62.926;-52.444
2018-09-07;142.81;0.312;-62.021;-51.785
2018-09-10;142.622;0.327;-60.895;-50.893
2018-09-11;142.289;0.354;-60.257;-50.449
2018-09-12;142.53;0.333;-61.018;-51.019
2018-09-13;142.346;0.345;-60.106;-50.303
2018-09-14;142.016;0.372;-59.025;-49.476
2018-09-17;141.926;0.379;-58.769;-49.285
2018-09-18;141.649;0.401;-57.507;-48.299
2018-09-19;141.524;0.411;-57.935;-48.684
2018-09-20;141.688;0.394;-59.234;-49.736
2018-09-21;141.775;0.386;-59.42;-49.881
2018-09-24;141.194;0.434;-57.491;-48.374
2018-09-25;140.788;0.468;-56.691;-47.786
2018-09-26;140.984;0.45;-57.245;-48.206
2018-09-27;140.913;0.453;-57.425;-48.357
2018-09-28;141.568;0.397;-60.598;-50.877
2018-10-01;141.546;0.397;-61.594;-51.728
2018-10-02;142.138;0.346;-64.678;-54.157
2018-10-03;141.509;0.399;-61.843;-51.953
2018-10-04;140.82;0.455;-60.093;-50.639
2018-10-05;140.307;0.498;-58.838;-49.732
2018-10-08;140.817;0.453;-60.935;-51.344
2018-10-09;140.585;0.472;-60.043;-50.661
2018-10-10;140.506;0.478;-60.056;-50.69
2018-10-11;140.861;0.444;-61.903;-52.158
2018-10-12;141.094;0.423;-63.033;-53.066
2018-10-15;141.023;0.428;-62.682;-52.803
2018-10-16;141.158;0.416;-62.047;-52.243
2018-10-17;141.486;0.387;-62.544;-52.576
2018-10-18;141.98;0.342;-65.961;-55.298
2018-10-19;141.482;0.383;-64.47;-54.19
2018-10-22;141.614;0.371;-64.631;-54.296
2018-10-23;142.038;0.334;-65.759;-55.097
2018-10-24;142.195;0.32;-66.87;-55.997
2018-10-25;142.128;0.322;-66.745;-55.905
2018-10-26;142.647;0.277;-67.721;-56.572
2018-10-29;142.347;0.302;-66.675;-55.781
2018-10-30;142.425;0.294;-67.029;-56.052
2018-10-31;142.236;0.309;-66.616;-55.752
2018-11-01;142.024;0.324;-65.374;-54.774
2018-11-02;141.714;0.35;-63.472;-53.266
2018-11-05;141.711;0.349;-63.539;-53.317
2018-11-06;141.616;0.356;-63.147;-53.029
2018-11-07;141.447;0.37;-62.353;-52.385
2018-11-08;141.293;0.38;-62.157;-52.257
2018-11-09;141.868;0.329;-64.561;-54.118
2018-11-12;141.938;0.322;-64.511;-54.061
2018-11-13;141.803;0.333;-64.023;-53.677
2018-11-14;141.94;0.32;-64.551;-54.081
2018-11-15;142.34;0.283;-65.717;-54.965
2018-11-16;142.267;0.288;-65.862;-55.111
2018-11-19;142.166;0.296;-64.935;-54.36
2018-11-20;142.419;0.273;-65.573;-54.822
2018-11-21;142.114;0.298;-63.641;-53.279
2018-11-22;142.147;0.292;-63.399;-53.067
2018-11-23;142.48;0.263;-64.572;-53.947
2018-11-26;142.212;0.285;-63.419;-53.065
2018-11-27;142.343;0.273;-63.974;-53.495
2018-11-28;142.324;0.273;-64.003;-53.526
2018-11-29;142.613;0.245;-64.557;-53.907
2018-11-30;142.692;0.238;-64.954;-54.221
2018-12-03;142.738;0.233;-65.257;-54.457
2018-12-04;143.266;0.187;-67.473;-56.161
2018-12-05;143.071;0.202;-67.847;-56.517
2018-12-06;143.474;0.165;-70.087;-58.271
2018-12-07;143.271;0.181;-68.817;-57.277
2018-12-10;143.293;0.178;-69.054;-57.468
2018-12-11;143.421;0.166;-71.049;-59.094
2018-12-12;142.871;0.212;-68.122;-56.795
2018-12-13;142.789;0.216;-67.273;-56.115
2018-12-14;143.127;0.186;-68.629;-57.17
2018-12-17;143.081;0.189;-68.952;-57.458
2018-12-18;143.216;0.176;-68.133;-56.728
2018-12-19;143.254;0.172;-67.11;-55.859
2018-12-20;143.349;0.161;-66.679;-55.472
2018-12-21;143.118;0.177;-66.443;-55.356
2018-12-24;143.118;0.176;-66.314;-55.255
2018-12-25;143.118;0.176;-66.324;-55.255
2018-12-26;143.118;0.176;-66.312;-55.255
2018-12-27;143.26;0.161;-66.07;-54.99
2018-12-28;143.108;0.172;-63.662;-53.019
2018-12-31;143.108;0.171;-63.756;-53.095
2019-01-01;143.108;0.171;-63.756;-53.095
2019-01-02;143.909;0.101;-65.228;-54.114
2019-01-03;144.043;0.087;-66.067;-54.771
2019-01-04;143.378;0.142;-64.732;-53.83
2019-01-07;143.209;0.156;-63.975;-53.241
2019-01-08;143.122;0.162;-65.18;-54.259
2019-01-09;143.177;0.156;-66.63;-55.457
2019-01-10;143.382;0.136;-67.963;-56.52
2019-01-11;143.516;0.123;-68.396;-56.843
2019-01-14;143.594;0.115;-67.825;-56.359
2019-01-15;143.84;0.093;-68.574;-56.931
2019-01-16;143.614;0.111;-67.184;-55.822
2019-01-17;143.36;0.13;-65.814;-54.728
2019-01-18;143.115;0.15;-65.33;-54.389
2019-01-21;143.21;0.141;-65.782;-54.718
2019-01-22;143.447;0.119;-66.422;-55.193
2019-01-23;143.577;0.107;-65.462;-54.357
2019-01-24;144.04;0.064;-66.7;-55.248
2019-01-25;143.859;0.079;-65.743;-54.484
2019-01-28;143.729;0.089;-64.979;-53.873
2019-01-29;143.771;0.084;-63.906;-52.964
2019-01-30;143.876;0.074;-63.305;-52.419
2019-01-31;144.262;0.038;-62.43;-51.59
2019-02-01;144.058;0.054;-64.298;-53.195
2019-02-04;143.903;0.066;-64.003;-52.999
2019-02-05;143.975;0.059;-64.247;-53.172
2019-02-06;144.061;0.05;-63.951;-52.887
2019-02-07;144.576;0.003;-65.842;-54.34
2019-02-08;144.876;-0.024;-66.013;-54.382
2019-02-11;144.477;0.009;-64.382;-53.149
2019-02-12;144.332;0.021;-64.428;-53.239
2019-02-13;144.417;0.012;-65.79;-54.332
2019-02-14;144.602;-0.007;-66.596;-54.945
2019-02-15;144.594;-0.007;-66.595;-54.945
2019-02-18;144.507;-0.001;-66.332;-54.767
2019-02-19;144.537;-0.005;-65.186;-53.803
2019-02-20;144.601;-0.011;-64.303;-53.03
2019-02-21;144.226;0.017;-63.855;-52.756
2019-02-22;144.584;-0.014;-64.968;-53.59
2019-02-25;144.406;0.0;-64.045;-52.864
2019-02-26;144.293;0.008;-63.302;-52.334
2019-02-27;143.909;0.04;-62.854;-52.059
2019-02-28;143.457;0.076;-61.729;-51.242
2019-03-01;143.445;0.076;-61.987;-51.44
2019-03-04;143.734;0.05;-63.238;-52.382
2019-03-05;143.606;0.06;-62.045;-51.428
2019-03-06;144.075;0.018;-62.386;-51.605
2019-03-07;144.751;-0.043;-61.954;-51.082
2019-03-08;144.704;-0.04;-60.058;-49.485
2019-03-11;144.685;-0.04;-61.027;-50.292
2019-03-12;144.816;-0.052;-61.92;-51.017
2019-03-13;144.705;-0.044;-61.766;-50.904
2019-03-14;144.405;-0.022;-60.445;-49.887
2019-03-15;144.411;-0.023;-60.387;-49.837
2019-03-18;144.413;-0.024;-58.844;-48.568
2019-03-19;144.235;-0.01;-59.226;-48.949
2019-03-20;144.368;-0.023;-59.281;-48.939
2019-03-21;144.811;-0.064;-60.646;-49.964
2019-03-22;145.45;-0.12;-62.179;-51.048
2019-03-25;145.568;-0.132;-62.436;-51.219
2019-03-26;145.411;-0.119;-62.305;-51.129
2019-03-27;146.12;-0.181;-62.022;-50.773
2019-03-28;145.948;-0.17;-63.408;-51.92
2019-03-29;145.941;-0.171;-64.771;-53.041
2019-04-01;145.421;-0.127;-62.693;-51.484
2019-04-02;145.672;-0.15;-63.164;-51.795
2019-04-03;145.011;-0.094;-61.679;-50.762
2019-04-04;145.129;-0.108;-62.026;-51.017
2019-04-05;145.0;-0.098;-61.703;-50.782
2019-04-08;144.979;-0.097;-61.243;-50.415
2019-04-09;145.144;-0.113;-61.74;-50.775
2019-04-10;145.328;-0.13;-60.696;-49.871
2019-04-11;145.101;-0.114;-59.985;-49.338
2019-04-12;144.365;-0.051;-58.368;-48.167
2019-04-15;144.343;-0.05;-58.6;-48.362
2019-04-16;144.221;-0.041;-58.486;-48.307
2019-04-17;144.021;-0.029;-58.367;-48.258
2019-04-18;144.648;-0.085;-59.588;-49.104
2019-04-19;144.648;-0.085;-59.657;-49.168
2019-04-22;144.648;-0.085;-59.655;-49.169
2019-04-23;144.434;-0.067;-59.136;-48.778
2019-04-24;145.026;-0.12;-60.025;-49.363
2019-04-25;144.945;-0.117;-61.071;-50.236
2019-04-26;145.07;-0.129;-61.449;-50.514
2019-04-29;144.76;-0.104;-59.614;-49.084
2019-04-30;144.63;-0.094;-59.261;-48.829
2019-05-01;144.63;-0.094;-59.162;-48.744
2019-05-02;144.411;-0.078;-58.19;-47.986
2019-05-03;144.458;-0.083;-59.166;-48.785
2019-05-06;144.654;-0.102;-59.08;-48.67
2019-05-07;145.156;-0.147;-60.641;-49.82
2019-05-08;145.204;-0.152;-61.552;-50.556
2019-05-09;145.218;-0.157;-62.346;-51.211
2019-05-10;145.15;-0.152;-61.818;-50.795
2019-05-13;145.413;-0.176;-62.111;-50.969
2019-05-14;145.399;-0.176;-60.872;-49.974
2019-05-15;145.716;-0.205;-62.709;-51.404
2019-05-16;145.662;-0.204;-63.477;-52.071
2019-05-17;145.75;-0.212;-62.908;-51.568
2019-05-20;145.534;-0.195;-62.211;-51.071
2019-05-21;145.243;-0.171;-60.351;-49.608
2019-05-22;145.476;-0.192;-61.182;-50.229
2019-05-23;145.835;-0.227;-62.157;-50.925
2019-05-24;145.77;-0.223;-62.032;-50.834
2019-05-27;146.077;-0.25;-62.794;-51.37
2019-05-28;146.25;-0.266;-63.055;-51.543
2019-05-29;146.428;-0.283;-63.17;-51.579
2019-05-30;146.337;-0.279;-63.216;-51.647
2019-05-31;146.655;-0.308;-64.214;-52.392
2019-06-03;146.617;-0.306;-63.026;-51.407
2019-06-04;146.62;-0.307;-60.96;-49.709
2019-06-05;146.839;-0.327;-59.968;-48.899
2019-06-06;146.94;-0.34;-60.842;-49.493
2019-06-07;147.13;-0.357;-60.949;-49.548
2019-06-10;146.687;-0.32;-60.616;-49.402
2019-06-11;146.81;-0.332;-60.069;-48.923
2019-06-12;146.855;-0.337;-60.107;-48.948
2019-06-13;146.816;-0.338;-59.287;-48.282
2019-06-14;146.936;-0.349;-58.724;-47.782
2019-06-17;146.812;-0.34;-58.618;-47.731
2019-06-18;147.661;-0.414;-59.967;-48.722
2019-06-19;147.245;-0.38;-58.937;-47.92
2019-06-20;147.553;-0.41;-60.891;-49.45
2019-06-21;147.148;-0.376;-60.329;-49.065
2019-06-24;147.39;-0.398;-60.138;-48.866
2019-06-25;147.639;-0.421;-60.277;-48.903
2019-06-26;147.281;-0.392;-58.985;-47.94
2019-06-27;147.45;-0.41;-58.693;-47.66
2019-06-28;147.521;-0.417;-58.574;-47.547
2019-07-01;147.839;-0.446;-59.743;-48.432
2019-07-02;147.928;-0.455;-59.663;-48.353
2019-07-03;148.112;-0.472;-57.591;-46.573
2019-07-04;148.199;-0.483;-55.869;-45.135
2019-07-05;147.793;-0.45;-55.514;-44.908
2019-07-08;147.79;-0.451;-54.984;-44.502
2019-07-09;147.69;-0.443;-57.469;-46.552
2019-07-10;147.184;-0.401;-56.381;-45.852
2019-07-11;146.679;-0.361;-56.358;-45.888
2019-07-12;146.502;-0.347;-56.154;-45.786
2019-07-15;146.957;-0.387;-56.309;-45.801
2019-07-16;146.877;-0.382;-54.581;-44.399
2019-07-17;147.368;-0.426;-55.194;-44.739
2019-07-18;147.549;-0.445;-55.521;-44.992
2019-07-19;147.682;-0.458;-55.365;-44.83
2019-07-22;147.922;-0.48;-56.457;-45.649
2019-07-23;147.984;-0.487;-56.642;-45.792
2019-07-24;148.25;-0.511;-56.374;-45.487
2019-07-25;147.998;-0.493;-54.662;-44.142
2019-07-26;148.12;-0.505;-55.89;-45.133
2019-07-29;148.278;-0.52;-56.75;-45.822
2019-07-30;148.367;-0.529;-57.181;-46.132
2019-07-31;148.794;-0.567;-57.917;-46.558
2019-08-01;148.836;-0.574;-56.563;-45.48
2019-08-02;149.32;-0.617;-55.969;-44.884
2019-08-05;149.503;-0.634;-56.542;-45.29
2019-08-06;149.69;-0.652;-57.623;-46.078
2019-08-07;150.101;-0.688;-56.755;-45.292
2019-08-08;149.795;-0.666;-56.98;-45.537
2019-08-09;149.964;-0.682;-57.358;-45.803
2019-08-12;150.139;-0.698;-58.373;-46.562
2019-08-13;150.278;-0.711;-58.303;-46.433
2019-08-14;150.685;-0.747;-55.359;-43.988
2019-08-15;151.338;-0.807;-50.94;-40.377
2019-08-16;151.026;-0.782;-47.405;-37.515
2019-08-19;150.558;-0.743;-50.774;-40.285
2019-08-20;150.991;-0.782;-53.119;-42.103
2019-08-21;150.739;-0.761;-54.761;-43.413
2019-08-22;150.346;-0.732;-56.216;-44.671
2019-08-23;150.688;-0.763;-56.602;-44.993
2019-08-26;150.572;-0.754;-56.217;-44.689
2019-08-27;150.884;-0.782;-53.922;-42.772
2019-08-28;151.091;-0.801;-53.056;-42.018
2019-08-29;150.78;-0.779;-52.17;-41.372
2019-08-30;150.883;-0.789;-53.901;-42.732
2019-09-02;150.9;-0.792;-53.962;-42.743
2019-09-03;150.9;-0.793;-53.829;-42.594
2019-09-04;150.542;-0.764;-53.125;-42.155
2019-09-05;149.585;-0.686;-52.342;-41.73
2019-09-06;150.098;-0.731;-53.343;-42.466
2019-09-09;149.493;-0.681;-51.377;-41.065
2019-09-10;149.087;-0.647;-50.591;-40.511
2019-09-11;149.257;-0.663;-52.694;-42.196
2019-09-12;148.663;-0.616;-52.904;-42.31
2019-09-13;147.857;-0.547;-53.651;-43.233
2019-09-16;148.201;-0.578;-52.411;-42.19
2019-09-17;148.114;-0.572;-49.997;-40.221
2019-09-18;148.456;-0.603;-49.808;-40.0
2019-09-19;148.355;-0.598;-49.152;-39.482
2019-09-20;148.477;-0.61;-49.859;-40.057
2019-09-23;149.101;-0.666;-49.956;-40.019
2019-09-24;149.264;-0.681;-49.704;-39.741
2019-09-25;148.886;-0.65;-50.5;-40.453
2019-09-26;148.946;-0.659;-50.867;-40.745
2019-09-27;148.808;-0.649;-51.09;-40.961
2019-09-30;148.765;-0.646;-50.17;-40.202
2019-10-01;148.697;-0.642;-49.677;-39.825
2019-10-02;148.487;-0.625;-48.756;-39.163
2019-10-03;148.93;-0.667;-50.265;-40.283
2019-10-04;148.886;-0.665;-50.121;-40.194
2019-10-07;148.74;-0.654;-50.113;-40.184
2019-10-08;148.937;-0.672;-51.379;-41.206
2019-10-09;148.401;-0.627;-50.545;-40.6
2019-10-10;147.472;-0.549;-48.026;-38.75
2019-10-11;147.151;-0.522;-48.409;-39.206
2019-10-14;147.31;-0.537;-48.379;-39.125
2019-10-15;146.861;-0.499;-47.676;-38.575
2019-10-16;146.536;-0.471;-47.962;-38.855
2019-10-17;146.739;-0.493;-47.866;-38.757
2019-10-18;146.423;-0.466;-48.642;-39.421
2019-10-21;145.984;-0.428;-47.152;-38.29
2019-10-22;146.255;-0.454;-48.048;-38.968
2019-10-23;146.497;-0.477;-46.79;-37.892
2019-10-24;146.568;-0.487;-48.152;-39.024
2019-10-25;146.097;-0.446;-48.651;-39.49
2019-10-28;145.75;-0.416;-47.685;-38.786
2019-10-29;145.944;-0.435;-48.611;-39.494
2019-10-30;145.957;-0.438;-48.996;-39.815
2019-10-31;146.484;-0.489;-50.431;-40.923
2019-11-01;146.182;-0.463;-48.69;-39.501
2019-11-04;145.84;-0.434;-48.5;-39.444
2019-11-05;145.389;-0.394;-46.248;-37.68
2019-11-06;145.654;-0.42;-47.248;-38.444
2019-11-07;144.513;-0.32;-43.64;-35.674
2019-11-08;144.829;-0.35;-46.031;-37.607
2019-11-11;144.608;-0.331;-44.907;-36.701
2019-11-12;144.729;-0.343;-44.223;-36.145
2019-11-13;145.218;-0.389;-45.967;-37.457
2019-11-14;145.719;-0.439;-48.334;-39.297
2019-11-15;145.513;-0.421;-47.698;-38.818
2019-11-18;145.504;-0.422;-48.04;-39.069
2019-11-19;145.529;-0.426;-48.233;-39.241
2019-11-20;145.6;-0.433;-48.228;-39.24
2019-11-21;145.327;-0.412;-47.557;-38.721
2019-11-22;145.676;-0.446;-48.559;-39.487
2019-11-25;145.551;-0.436;-48.281;-39.277
2019-11-26;145.771;-0.457;-48.688;-39.557
2019-11-27;145.767;-0.458;-47.989;-38.978
2019-11-28;145.598;-0.447;-47.729;-38.78
2019-11-29;145.557;-0.444;-47.998;-39.014
2019-12-02;144.689;-0.366;-45.762;-37.351
2019-12-03;145.437;-0.436;-47.191;-38.433
2019-12-04;145.028;-0.4;-46.463;-37.925
2019-12-05;144.773;-0.381;-45.93;-37.53
2019-12-06;144.685;-0.374;-45.772;-37.419
2019-12-09;144.896;-0.394;-46.55;-38.028
2019-12-10;144.746;-0.382;-45.833;-37.466
2019-12-11;144.995;-0.406;-45.929;-37.489
2019-12-12;144.39;-0.355;-43.416;-35.527
2019-12-13;144.54;-0.37;-43.237;-35.334
2019-12-16;144.36;-0.354;-43.148;-35.3
2019-12-17;144.558;-0.374;-44.761;-36.582
2019-12-18;144.089;-0.332;-43.906;-35.963
2019-12-19;143.888;-0.317;-43.217;-35.448
2019-12-20;144.036;-0.332;-43.981;-36.051
2019-12-23;143.898;-0.324;-44.864;-36.799
2019-12-24;143.898;-0.328;-45.074;-36.976
2019-12-25;143.898;-0.328;-45.061;-36.966
2019-12-26;143.898;-0.328;-45.074;-36.976
2019-12-27;143.978;-0.336;-45.03;-36.911
2019-12-30;143.132;-0.26;-42.004;-34.573
2020-01-01;143.132;-0.261;-42.247;-34.775
2020-01-02;143.516;-0.301;-42.297;-34.758
2020-01-03;144.127;-0.36;-43.798;-35.873
2020-01-06;144.152;-0.363;-43.232;-35.395
2020-01-07;144.128;-0.362;-42.531;-34.836
2020-01-08;143.719;-0.326;-41.982;-34.419
2020-01-09;143.348;-0.295;-41.036;-33.703
2020-01-10;143.544;-0.315;-42.265;-34.664
2020-01-13;143.13;-0.277;-41.621;-34.254
2020-01-14;143.225;-0.287;-42.084;-34.592
2020-01-15;143.504;-0.315;-43.291;-35.499
2020-01-16;143.648;-0.332;-43.321;-35.528
2020-01-17;143.599;-0.329;-43.2;-35.434
2020-01-20;143.617;-0.332;-42.924;-35.193
2020-01-21;143.904;-0.36;-43.792;-35.835
2020-01-22;143.993;-0.37;-43.723;-35.791
2020-01-23;144.413;-0.413;-44.616;-36.488
2020-01-24;144.674;-0.439;-44.755;-36.536
2020-01-27;145.176;-0.487;-44.548;-36.247
2020-01-28;144.709;-0.445;-43.913;-35.802
2020-01-29;145.066;-0.48;-45.39;-36.944
2020-01-30;145.307;-0.506;-46.204;-37.565
2020-01-31;145.606;-0.535;-46.601;-37.83
2020-02-03;145.674;-0.543;-46.444;-37.684
2020-02-04;145.2;-0.5;-45.388;-36.905
2020-02-05;144.798;-0.464;-44.78;-36.448
2020-02-06;144.873;-0.475;-45.108;-36.713
2020-02-07;145.002;-0.489;-44.939;-36.571
2020-02-10;145.233;-0.512;-44.585;-36.205
2020-02-11;145.029;-0.494;-43.978;-35.75
2020-02-12;144.878;-0.481;-43.017;-34.927
2020-02-13;144.923;-0.49;-42.558;-34.574
2020-02-14;145.063;-0.504;-42.663;-34.646
2020-02-17;145.04;-0.504;-42.349;-34.419
2020-02-18;145.075;-0.508;-41.789;-33.923
2020-02-19;145.155;-0.517;-41.257;-33.481
2020-02-20;145.346;-0.539;-41.549;-33.668
2020-02-21;145.144;-0.522;-41.31;-33.513
2020-02-24;145.607;-0.566;-42.553;-34.459
2020-02-25;145.928;-0.598;-44.84;-36.276
2020-02-26;145.867;-0.593;-45.931;-37.103
2020-02-27;146.251;-0.633;-49.761;-40.204
2020-02-28;146.851;-0.69;-52.072;-41.973
2020-03-02;147.007;-0.706;-51.409;-41.4
2020-03-03;147.032;-0.71;-51.254;-41.223
2020-03-04;147.2;-0.727;-51.007;-40.98
2020-03-05;147.633;-0.771;-56.661;-45.327
2020-03-06;147.882;-0.795;-58.827;-46.991
2020-03-09;149.361;-0.932;-69.359;-55.194
2020-03-10;148.69;-0.872;-67.811;-54.017
2020-03-11;148.179;-0.827;-63.634;-50.908
2020-03-12;148.021;-0.817;-65.531;-52.209
2020-03-13;145.911;-0.623;-55.978;-45.115
2020-03-16;145.078;-0.547;-50.115;-40.669
2020-03-17;144.725;-0.515;-48.337;-39.312
2020-03-18;142.767;-0.33;-41.645;-34.204
2020-03-19;142.235;-0.283;-42.545;-34.978
2020-03-20;143.529;-0.409;-47.904;-39.303
2020-03-23;144.03;-0.458;-50.79;-41.614
2020-03-24;143.475;-0.406;-48.174;-39.575
2020-03-25;142.845;-0.347;-47.133;-38.807
2020-03-26;143.802;-0.443;-49.903;-41.052
2020-03-27;144.965;-0.555;-54.562;-44.575
2020-03-30;145.129;-0.572;-56.258;-45.917
2020-03-31;144.88;-0.55;-53.42;-43.636
2020-04-01;144.715;-0.535;-49.863;-40.773
2020-04-02;144.429;-0.513;-46.834;-38.366
2020-04-03;144.512;-0.522;-47.549;-38.868
2020-04-06;144.338;-0.507;-47.707;-39.078
2020-04-07;143.189;-0.398;-44.473;-36.57
2020-04-08;143.057;-0.393;-42.388;-34.911
2020-04-09;143.44;-0.431;-40.417;-33.546
2020-04-10;143.44;-0.431;-41.058;-34.038
2020-04-13;143.44;-0.431;-41.08;-34.035
2020-04-14;143.717;-0.459;-42.252;-34.978
2020-04-15;144.451;-0.531;-46.141;-37.948
2020-04-16;144.363;-0.526;-44.475;-36.559
2020-04-17;144.378;-0.529;-45.233;-37.174
2020-04-20;144.08;-0.502;-45.247;-37.206
2020-04-21;144.313;-0.526;-48.519;-39.715
2020-04-22;143.64;-0.463;-48.473;-39.95
2020-04-23;143.746;-0.477;-46.088;-38.13
2020-04-24;144.219;-0.524;-45.664;-37.824
2020-04-27;143.979;-0.503;-44.002;-36.497
2020-04-28;144.094;-0.515;-42.931;-35.695
2020-04-29;144.317;-0.542;-44.716;-37.119
2020-04-30;145.246;-0.633;-46.953;-38.84
2020-05-01;145.246;-0.633;-47.527;-39.315
2020-05-04;145.021;-0.613;-47.02;-38.975
2020-05-05;145.166;-0.628;-47.356;-39.124
2020-05-06;144.434;-0.559;-43.517;-36.181
2020-05-07;144.785;-0.597;-46.329;-38.537
2020-05-08;144.706;-0.591;-46.663;-38.598
2020-05-11;144.442;-0.567;-43.938;-36.387
2020-05-12;144.367;-0.562;-41.555;-34.406
2020-05-13;144.614;-0.587;-43.049;-35.635
2020-05-14;144.702;-0.6;-44.026;-36.4
2020-05-15;144.547;-0.586;-43.998;-36.424
2020-05-18;143.866;-0.522;-39.7;-32.989
2020-05-19;143.793;-0.517;-38.49;-32.009
2020-05-20;143.799;-0.519;-38.574;-32.108
2020-05-21;144.044;-0.547;-40.537;-33.611
2020-05-22;143.948;-0.539;-39.627;-32.817
2020-05-25;143.967;-0.542;-39.992;-33.103
2020-05-26;143.297;-0.479;-35.827;-29.855
2020-05-27;143.116;-0.463;-33.945;-28.285
2020-05-28;143.139;-0.469;-33.7;-28.105
2020-05-29;143.399;-0.496;-34.756;-28.893
2020-06-01;142.981;-0.457;-33.193;-27.625
2020-06-02;143.099;-0.47;-33.682;-27.94
2020-06-03;142.485;-0.411;-31.358;-26.172
2020-06-04;142.184;-0.386;-29.835;-24.907
2020-06-05;141.815;-0.351;-27.736;-23.202
2020-06-08;142.216;-0.392;-29.414;-24.557
2020-06-09;142.125;-0.384;-30.12;-25.074
2020-06-10;142.311;-0.404;-32.228;-26.775
2020-06-11;143.094;-0.485;-35.386;-29.261
2020-06-12;143.397;-0.516;-37.008;-30.498
2020-06-15;143.432;-0.521;-36.481;-30.03
2020-06-16;143.25;-0.505;-35.576;-29.323
2020-06-17;143.253;-0.507;-35.272;-29.082
2020-06-18;143.352;-0.521;-35.085;-28.865
2020-06-19;143.45;-0.532;-35.773;-29.401
2020-06-22;143.644;-0.552;-36.061;-29.575
2020-06-23;143.361;-0.526;-35.197;-28.875
2020-06-24;143.65;-0.556;-37.008;-30.308
2020-06-25;143.871;-0.582;-39.377;-32.209
2020-06-26;144.001;-0.596;-39.238;-32.07
2020-06-29;143.866;-0.584;-38.045;-31.099
2020-06-30;143.725;-0.572;-37.386;-30.571
2020-07-01;143.113;-0.514;-33.219;-27.242
2020-07-02;143.415;-0.548;-35.199;-28.821
2020-07-03;143.456;-0.553;-36.391;-29.736
2020-07-06;143.43;-0.552;-35.872;-29.345
2020-07-07;143.413;-0.552;-36.671;-29.979
2020-07-08;143.546;-0.567;-37.874;-30.896
2020-07-09;143.805;-0.597;-39.528;-32.19
2020-07-10;143.806;-0.598;-39.283;-31.98
2020-07-13;143.279;-0.548;-37.543;-30.615
2020-07-14;143.528;-0.574;-37.754;-30.756
2020-07-15;143.517;-0.574;-37.263;-30.345
2020-07-16;143.67;-0.594;-38.108;-30.953
2020-07-17;143.458;-0.574;-37.708;-30.647
2020-07-20;143.586;-0.589;-37.209;-30.228
2020-07-21;143.545;-0.586;-36.112;-29.313
2020-07-22;143.843;-0.617;-37.809;-30.668
2020-07-23;143.684;-0.606;-37.479;-30.333
2020-07-24;143.358;-0.575;-36.403;-29.486
2020-07-27;143.759;-0.616;-38.2;-30.889
2020-07-28;143.94;-0.636;-39.304;-31.746
2020-07-29;143.854;-0.629;-40.082;-32.337
2020-07-30;144.229;-0.67;-41.604;-33.493
2020-07-31;144.049;-0.654;-41.655;-33.512
2020-08-03;144.022;-0.653;-40.809;-32.8
2020-08-04;144.222;-0.674;-41.384;-33.204
2020-08-05;143.766;-0.631;-39.76;-31.98
2020-08-06;143.993;-0.658;-41.509;-33.381
2020-08-07;143.753;-0.636;-39.985;-32.173
2020-08-10;143.924;-0.654;-40.666;-32.682
2020-08-11;143.452;-0.609;-39.136;-31.502
2020-08-12;143.114;-0.577;-37.025;-29.811
2020-08-13;142.731;-0.543;-35.884;-28.909
2020-08-14;142.807;-0.552;-36.188;-29.159
2020-08-17;143.073;-0.58;-37.018;-29.807
2020-08-18;143.151;-0.59;-37.037;-29.777
2020-08-19;143.247;-0.601;-37.361;-30.026
2020-08-20;143.407;-0.621;-37.832;-30.392
2020-08-21;143.519;-0.634;-38.404;-30.865
2020-08-24;143.375;-0.621;-38.074;-30.629
2020-08-25;142.833;-0.568;-35.907;-28.922
2020-08-26;142.666;-0.553;-35.224;-28.369
2020-08-27;142.578;-0.549;-36.754;-29.672
2020-08-28;142.687;-0.561;-37.015;-29.855
2020-08-31;142.515;-0.546;-35.534;-28.645
2020-09-01;142.746;-0.57;-36.342;-29.304
2020-09-02;143.265;-0.624;-38.699;-31.13
2020-09-03;143.333;-0.636;-38.947;-31.352
2020-09-04;143.159;-0.62;-38.367;-30.949
2020-09-07;143.046;-0.61;-36.672;-29.495
2020-09-08;143.304;-0.637;-37.844;-30.441
2020-09-09;142.976;-0.606;-37.627;-30.29
2020-09-10;142.651;-0.578;-36.224;-29.219
2020-09-11;143.107;-0.625;-37.77;-30.429
2020-09-14;143.079;-0.624;-37.327;-30.078
2020-09-15;143.051;-0.623;-37.143;-29.93
2020-09-16;143.031;-0.622;-36.498;-29.414
2020-09-17;143.066;-0.631;-36.548;-29.466
2020-09-18;143.005;-0.626;-36.827;-29.696
2020-09-21;143.412;-0.668;-38.803;-31.276
2020-09-22;143.195;-0.648;-38.513;-31.035
2020-09-23;143.161;-0.646;-38.22;-30.813
2020-09-24;143.068;-0.642;-38.467;-31.038
2020-09-25;143.286;-0.665;-39.257;-31.666
2020-09-28;143.245;-0.663;-39.642;-31.973
2020-09-29;143.365;-0.676;-39.979;-32.207
2020-09-30;143.13;-0.654;-38.894;-31.354
2020-10-01;143.223;-0.668;-39.524;-31.86
2020-10-02;143.262;-0.674;-40.064;-32.35
2020-10-05;142.998;-0.649;-39.273;-31.655
2020-10-06;142.981;-0.649;-38.241;-30.922
2020-10-07;142.827;-0.635;-38.097;-30.79
2020-10-08;143.079;-0.665;-39.94;-32.282
2020-10-09;143.033;-0.662;-39.389;-31.849
2020-10-12;143.184;-0.679;-39.902;-32.263
2020-10-13;143.325;-0.695;-40.476;-32.704
2020-10-14;143.509;-0.715;-40.508;-32.662
2020-10-15;143.763;-0.745;-42.958;-34.622
2020-10-16;143.887;-0.759;-44.051;-35.486
2020-10-19;143.949;-0.767;-44.48;-35.83
2020-10-20;143.751;-0.749;-44.981;-36.279
2020-10-21;143.551;-0.73;-44.376;-35.821
2020-10-22;143.328;-0.713;-43.584;-35.246
2020-10-23;143.399;-0.721;-44.356;-35.884
2020-10-26;143.353;-0.718;-43.558;-35.233
2020-10-27;143.663;-0.751;-44.359;-35.788
2020-10-28;143.752;-0.762;-45.748;-36.896
2020-10-29;143.833;-0.775;-46.777;-37.787
2020-10-30;143.729;-0.766;-45.905;-37.071
2020-11-02;143.804;-0.775;-47.024;-38.02
2020-11-03;143.594;-0.756;-46.596;-37.702
2020-11-04;143.753;-0.774;-47.075;-38.069
2020-11-05;143.68;-0.771;-46.254;-37.427
2020-11-06;143.526;-0.757;-44.787;-36.27
2020-11-09;142.532;-0.657;-40.117;-32.564
2020-11-10;142.269;-0.631;-39.231;-31.908
2020-11-11;142.432;-0.65;-40.112;-32.61
2020-11-12;142.633;-0.675;-40.805;-33.183
2020-11-13;142.732;-0.687;-40.937;-33.303
2020-11-16;142.672;-0.683;-40.827;-33.201
2020-11-17;142.825;-0.7;-41.956;-34.112
2020-11-18;142.725;-0.691;-41.512;-33.761
2020-11-19;142.839;-0.708;-41.643;-33.867
2020-11-20;142.97;-0.723;-42.431;-34.522
2020-11-23;142.938;-0.721;-42.942;-34.941
2020-11-24;142.764;-0.705;-42.537;-34.665
2020-11-25;142.785;-0.709;-42.407;-34.527
2020-11-26;142.932;-0.729;-42.986;-35.038
2020-11-27;142.969;-0.734;-43.658;-35.552
2020-11-30;142.749;-0.713;-41.129;-33.572
2020-12-01;142.348;-0.673;-38.94;-31.784
2020-12-02;142.286;-0.669;-38.819;-31.697
2020-12-03;142.585;-0.705;-41.276;-33.714
2020-12-04;142.469;-0.694;-37.143;-30.328
2020-12-07;142.734;-0.723;-41.766;-34.099
2020-12-08;142.933;-0.745;-42.406;-34.586
2020-12-09;142.944;-0.748;-42.731;-34.904
2020-12-10;142.981;-0.757;-43.083;-35.127
2020-12-11;143.257;-0.787;-44.614;-36.353
2020-12-14;143.081;-0.771;-43.596;-35.579
2020-12-15;142.971;-0.761;-42.848;-34.958
2020-12-16;142.538;-0.718;-40.841;-33.373
2020-12-17;142.527;-0.722;-41.085;-33.608
2020-12-18;142.531;-0.724;-41.701;-34.111
2020-12-21;142.587;-0.731;-42.891;-35.1
2020-12-22;142.704;-0.745;-44.189;-36.128
2020-12-23;142.215;-0.701;-41.551;-34.072
2020-12-24;142.215;-0.702;-41.656;-34.179
2020-12-25;142.215;-0.702;-41.656;-34.178
2020-12-28;142.363;-0.719;-42.197;-34.597
2020-12-29;142.453;-0.73;-43.033;-35.263
2020-12-30;142.352;-0.726;-42.268;-34.681
2020-12-31;142.352;-0.728;-42.205;-34.597
2021-01-01;142.352;-0.728;-42.205;-34.596
2021-01-04;142.615;-0.757;-42.234;-34.542
2021-01-05;142.332;-0.729;-40.522;-33.237
2021-01-06;142.091;-0.706;-39.634;-32.518
2021-01-07;142.064;-0.708;-41.677;-34.235
2021-01-08;141.873;-0.69;-39.858;-32.743
2021-01-11;141.722;-0.675;-39.462;-32.466
2021-01-12;141.481;-0.651;-40.427;-33.263
2021-01-13;141.857;-0.693;-40.568;-33.324
2021-01-14;142.081;-0.721;-42.4;-34.764
2021-01-15;142.002;-0.715;-42.033;-34.497
2021-01-18;141.867;-0.702;-41.712;-34.248
2021-01-19;141.777;-0.694;-41.036;-33.745
2021-01-20;141.816;-0.7;-41.98;-34.483
2021-01-21;141.499;-0.672;-41.441;-34.105
2021-01-22;141.655;-0.69;-42.257;-34.78
2021-01-25;141.964;-0.724;-43.806;-36.021
2021-01-26;141.826;-0.711;-43.936;-36.127
2021-01-27;141.942;-0.725;-44.659;-36.721
2021-01-28;141.854;-0.721;-44.798;-36.819
2021-01-29;141.658;-0.702;-43.983;-36.178
2021-02-01;141.585;-0.696;-43.18;-35.539
2021-02-02;141.353;-0.673;-41.989;-34.599
2021-02-03;141.122;-0.65;-41.73;-34.46
2021-02-04;141.024;-0.644;-42.358;-34.969
2021-02-05;140.981;-0.641;-42.476;-35.101
2021-02-08;140.95;-0.64;-43.091;-35.601
2021-02-09;140.967;-0.643;-42.902;-35.413
2021-02-10;140.908;-0.639;-42.801;-35.362
2021-02-11;141.022;-0.656;-43.495;-35.92
2021-02-12;140.799;-0.634;-43.683;-36.11
2021-02-15;140.406;-0.593;-42.025;-34.826
2021-02-16;140.081;-0.559;-41.057;-34.086
2021-02-17;140.228;-0.577;-41.564;-34.461
2021-02-18;139.971;-0.554;-40.53;-33.678
2021-02-19;139.598;-0.515;-40.075;-33.348
2021-02-22;139.944;-0.555;-41.44;-34.425
2021-02-23;139.752;-0.535;-40.127;-33.351
2021-02-24;139.686;-0.53;-40.383;-33.584
2021-02-25;139.015;-0.461;-39.684;-33.105
2021-02-26;139.211;-0.485;-39.734;-33.105
2021-03-01;139.964;-0.568;-42.404;-35.295
2021-03-02;140.255;-0.602;-44.81;-37.201
2021-03-03;139.635;-0.536;-42.654;-35.52
2021-03-04;139.824;-0.561;-43.619;-36.271
2021-03-05;139.707;-0.55;-44.025;-36.66
2021-03-08;139.458;-0.525;-43.785;-36.504
2021-03-09;139.629;-0.545;-44.408;-36.971
2021-03-10;139.703;-0.555;-44.238;-36.806
2021-03-11;139.745;-0.564;-44.085;-36.661
2021-03-12;139.462;-0.535;-43.343;-36.157
2021-03-15;139.56;-0.547;-41.857;-34.879
2021-03-16;139.643;-0.558;-42.034;-34.997
2021-03-17;139.269;-0.519;-42.152;-35.165
2021-03-18;139.11;-0.506;-41.981;-35.053
2021-03-19;139.424;-0.542;-44.214;-36.906
2021-03-22;139.56;-0.559;-45.242;-37.683
2021-03-23;139.681;-0.574;-45.235;-37.677
2021-03-24;139.826;-0.592;-46.118;-38.365
2021-03-25;140.069;-0.623;-47.566;-39.564
2021-03-26;139.848;-0.601;-47.439;-39.515
2021-03-29;139.607;-0.576;-46.757;-38.979
2021-03-30;139.312;-0.545;-45.066;-37.62
2021-03-31;139.207;-0.542;-45.273;-37.861
2021-04-01;139.398;-0.565;-44.447;-37.118
2021-04-02;139.398;-0.565;-44.876;-37.463
2021-04-05;139.398;-0.565;-44.853;-37.465
2021-04-06;139.332;-0.559;-44.147;-36.797
2021-04-07;139.365;-0.564;-43.692;-36.442
2021-04-08;139.45;-0.579;-44.358;-36.993
2021-04-09;139.159;-0.548;-43.805;-36.556
2021-04-12;139.065;-0.54;-43.473;-36.315
2021-04-13;139.034;-0.538;-43.311;-36.145
2021-04-14;138.748;-0.508;-43.154;-36.18
2021-04-15;138.93;-0.533;-43.027;-35.98
2021-04-16;138.682;-0.507;-42.351;-35.467
2021-04-19;138.429;-0.48;-41.027;-34.376
2021-04-20;138.668;-0.509;-42.196;-35.31
2021-04-21;138.63;-0.506;-41.898;-35.061
2021-04-22;138.517;-0.499;-41.757;-34.976
2021-04-23;138.565;-0.506;-42.364;-35.455
2021-04-26;138.507;-0.501;-42.746;-35.794
2021-04-27;138.471;-0.499;-43.29;-36.238
2021-04-28;138.324;-0.484;-42.547;-35.647
2021-04-29;138.025;-0.455;-42.716;-35.841
2021-04-30;138.102;-0.465;-42.261;-35.425
2021-05-03;138.142;-0.472;-43.455;-36.436
2021-05-04;138.353;-0.497;-42.619;-35.752
2021-05-05;138.254;-0.488;-42.569;-35.663
2021-05-06;138.182;-0.485;-42.224;-35.477
2021-05-07;138.065;-0.473;-42.01;-35.242
2021-05-10;138.065;-0.475;-41.647;-34.969
2021-05-11;137.621;-0.426;-39.532;-33.234
2021-05-12;137.298;-0.391;-37.947;-31.988
2021-05-13;137.204;-0.385;-36.625;-30.842
2021-05-14;137.263;-0.394;-36.514;-30.812
2021-05-17;137.175;-0.385;-36.952;-31.13
2021-05-18;137.217;-0.392;-39.165;-33.015
2021-05-19;137.286;-0.401;-40.483;-34.101
2021-05-20;137.17;-0.393;-39.653;-33.403
2021-05-21;137.33;-0.413;-39.613;-33.355
2021-05-24;137.409;-0.424;-39.892;-33.6
2021-05-25;137.601;-0.447;-40.66;-34.22
2021-05-26;137.896;-0.483;-41.043;-34.478
2021-05-27;137.58;-0.452;-41.273;-34.693
2021-05-28;137.664;-0.463;-41.072;-34.537
2021-05-31;137.662;-0.464;-40.697;-34.193
2021-06-01;137.551;-0.453;-39.448;-33.133
2021-06-02;137.7;-0.472;-40.307;-33.862
2021-06-03;137.556;-0.461;-40.813;-34.325
2021-06-04;137.674;-0.476;-40.729;-34.217
2021-06-07;137.565;-0.465;-40.552;-34.087
2021-06-08;137.787;-0.492;-41.903;-35.167
2021-06-09;137.976;-0.515;-42.448;-35.578
2021-06-10;138.023;-0.526;-42.755;-35.859
2021-06-11;138.11;-0.538;-43.396;-36.352
2021-06-14;137.93;-0.519;-43.515;-36.49
2021-06-15;137.743;-0.499;-42.888;-35.998
2021-06-16;137.895;-0.518;-43.574;-36.559
2021-06-17;137.642;-0.494;-41.681;-35.023
2021-06-18;137.754;-0.509;-43.636;-36.639
2021-06-21;137.52;-0.484;-44.081;-37.056
2021-06-22;137.421;-0.474;-42.648;-35.868
2021-06-23;137.524;-0.488;-43.069;-36.205
2021-06-24;137.538;-0.494;-43.704;-36.739
2021-06-25;137.348;-0.474;-43.917;-36.956
2021-06-28;137.574;-0.502;-45.057;-37.873
2021-06-29;137.388;-0.482;-44.7;-37.611
2021-06-30;137.685;-0.518;-45.881;-38.541
2021-07-01;137.578;-0.511;-45.293;-38.072
2021-07-02;137.772;-0.535;-45.428;-38.141
2021-07-05;137.58;-0.515;-45.278;-38.055
2021-07-06;137.967;-0.561;-45.739;-38.351
2021-07-07;138.151;-0.584;-45.806;-38.376
2021-07-08;138.199;-0.595;-46.172;-38.654
2021-07-09;138.11;-0.586;-47.067;-39.427
2021-07-12;138.14;-0.592;-47.984;-40.203
2021-07-13;137.979;-0.575;-46.578;-39.04
2021-07-14;138.19;-0.601;-47.624;-39.88
2021-07-15;138.204;-0.608;-47.317;-39.607
2021-07-16;138.224;-0.612;-47.05;-39.362
2021-07-19;138.42;-0.636;-47.796;-39.935
2021-07-20;138.673;-0.667;-49.758;-41.492
2021-07-21;138.55;-0.655;-49.985;-41.753
2021-07-22;138.677;-0.675;-49.612;-41.386
2021-07-23;138.727;-0.682;-50.607;-42.213
2021-07-26;138.722;-0.684;-51.387;-42.867
2021-07-27;138.938;-0.71;-53.323;-44.426
2021-07-28;138.948;-0.713;-54.272;-45.201
2021-07-29;138.844;-0.707;-52.641;-43.849
2021-07-30;138.921;-0.717;-52.797;-43.969
2021-08-02;139.088;-0.738;-52.822;-43.942
2021-08-03;139.071;-0.738;-52.8;-43.899
2021-08-04;139.204;-0.755;-54.165;-44.967
2021-08-05;139.094;-0.748;-53.446;-44.424
2021-08-06;138.738;-0.709;-52.015;-43.329
2021-08-09;138.713;-0.708;-51.091;-42.548
2021-08-10;138.683;-0.706;-50.735;-42.244
2021-08-11;138.706;-0.711;-50.332;-41.874
2021-08-12;138.619;-0.706;-50.078;-41.702
2021-08-13;138.652;-0.712;-49.693;-41.388
2021-08-16;138.652;-0.714;-50.263;-41.853
2021-08-17;138.641;-0.714;-50.722;-42.24
2021-08-18;138.703;-0.723;-51.253;-42.668
2021-08-19;138.694;-0.728;-50.738;-42.231
2021-08-20;138.722;-0.733;-50.902;-42.359
2021-08-23;138.609;-0.721;-50.229;-41.821
2021-08-24;138.573;-0.719;-50.197;-41.814
2021-08-25;138.173;-0.674;-48.241;-40.26
2021-08-26;138.04;-0.664;-48.778;-40.74
2021-08-27;138.15;-0.679;-49.656;-41.431
2021-08-30;138.229;-0.69;-49.763;-41.5
2021-08-31;137.822;-0.644;-47.788;-39.964
2021-09-01;137.794;-0.643;-48.607;-40.656
2021-09-02;137.782;-0.647;-48.539;-40.633
2021-09-03;137.584;-0.625;-47.857;-40.099
2021-09-06;137.587;-0.627;-48.17;-40.344
2021-09-07;137.202;-0.584;-46.138;-38.727
2021-09-08;137.21;-0.586;-46.879;-39.355
2021-09-09;137.433;-0.618;-47.572;-39.852
2021-09-10;137.204;-0.593;-47.154;-39.573
2021-09-13;137.214;-0.596;-48.051;-40.322
2021-09-14;137.234;-0.6;-47.395;-39.74
2021-09-15;137.003;-0.574;-47.202;-39.62
2021-09-16;136.92;-0.57;-47.64;-40.046
2021-09-17;136.784;-0.556;-48.501;-40.756
2021-09-20;137.032;-0.587;-50.291;-42.208
2021-09-21;136.962;-0.58;-49.191;-41.264
2021-09-22;136.966;-0.583;-48.833;-41.055
2021-09-23;136.42;-0.523;-48.025;-40.463
2021-09-24;136.211;-0.5;-47.14;-39.816
2021-09-27;136.139;-0.493;-47.176;-39.873
2021-09-28;135.962;-0.473;-47.086;-39.772
2021-09-29;136.04;-0.484;-47.022;-39.701
2021-09-30;135.9;-0.473;-46.114;-38.973
2021-10-01;136.11;-0.5;-47.412;-40.045
2021-10-04;135.996;-0.488;-47.27;-39.909
2021-10-05;135.813;-0.468;-46.653;-39.446
2021-10-06;135.74;-0.461;-46.995;-39.716
2021-10-07;135.745;-0.467;-47.997;-40.633
2021-10-08;135.557;-0.446;-49.208;-41.721
2021-10-11;135.446;-0.434;-52.253;-44.313
2021-10-12;135.104;-0.394;-51.612;-43.81
2021-10-13;135.276;-0.417;-51.169;-43.402
2021-10-14;135.697;-0.473;-50.045;-42.388
2021-10-15;135.472;-0.448;-50.718;-42.965
2021-10-18;135.138;-0.409;-51.2;-43.404
2021-10-19;134.882;-0.379;-50.268;-42.683
2021-10-20;135.068;-0.404;-49.574;-42.06
2021-10-21;134.76;-0.371;-49.786;-42.305
2021-10-22;134.717;-0.368;-51.448;-43.705
2021-10-25;134.879;-0.389;-52.411;-44.507
2021-10-26;134.833;-0.386;-51.77;-43.947
2021-10-27;135.154;-0.427;-51.65;-43.667
2021-10-28;134.812;-0.39;-52.682;-44.661
2021-10-29;134.456;-0.348;-53.047;-45.099
2021-11-01;134.509;-0.356;-52.591;-44.671
2021-11-02;135.091;-0.43;-52.8;-44.73
2021-11-03;135.122;-0.435;-53.396;-45.212
2021-11-04;135.712;-0.513;-53.556;-45.283
2021-11-05;136.084;-0.561;-55.922;-47.174
2021-11-08;135.825;-0.531;-55.727;-47.056
2021-11-09;136.182;-0.576;-57.641;-48.596
2021-11-10;135.786;-0.53;-60.989;-51.518
2021-11-11;135.602;-0.513;-62.937;-53.277
2021-11-12;135.946;-0.557;-64.443;-54.445
2021-11-15;135.719;-0.531;-63.228;-53.488
2021-11-16;135.914;-0.556;-65.689;-55.509
2021-11-17;135.825;-0.547;-62.99;-53.196
2021-11-18;135.957;-0.569;-63.924;-54.018
2021-11-19;136.443;-0.631;-65.167;-54.938
2021-11-22;136.11;-0.592;-63.329;-53.484
2021-11-23;135.573;-0.527;-62.858;-53.199
2021-11-24;135.62;-0.535;-63.474;-53.672
2021-11-25;135.718;-0.553;-64.581;-54.597
2021-11-26;136.329;-0.63;-65.167;-54.938
2021-11-29;136.144;-0.609;-65.714;-55.421
2021-11-30;136.221;-0.62;-65.9;-55.558
2021-12-01;136.11;-0.609;-65.362;-55.078
2021-12-02;136.239;-0.63;-65.594;-55.28
2021-12-03;136.243;-0.632;-64.812;-54.636
2021-12-06;136.219;-0.631;-64.649;-54.429
2021-12-07;136.082;-0.616;-63.957;-53.898
2021-12-08;135.563;-0.554;-61.562;-51.99
2021-12-09;135.877;-0.599;-62.206;-52.476
2021-12-10;135.823;-0.594;-62.102;-52.413
2021-12-13;136.007;-0.619;-62.598;-52.734
2021-12-14;135.913;-0.609;-62.304;-52.529
2021-12-15;135.857;-0.604;-63.915;-53.864
2021-12-16;135.808;-0.603;-63.812;-53.847
2021-12-17;136.045;-0.635;-65.287;-55.035
2021-12-20;136.01;-0.632;-66.443;-56.013
2021-12-21;135.562;-0.578;-65.502;-55.364
2021-12-22;135.391;-0.559;-65.553;-55.442
2021-12-23;135.073;-0.525;-66.197;-56.118
2021-12-24;135.073;-0.527;-66.396;-56.283
2021-12-27;134.917;-0.509;-65.639;-55.676
2021-12-28;134.861;-0.504;-65.808;-55.829
2021-12-29;134.578;-0.47;-65.628;-55.746
2021-12-30;134.489;-0.465;-64.445;-54.773
2021-12-31;134.489;-0.467;-64.677;-54.985
2022-01-03;133.997;-0.406;-61.385;-52.363
2022-01-04;133.991;-0.407;-60.974;-52.037
2022-01-05;134.007;-0.411;-60.526;-51.612
2022-01-06;133.73;-0.381;-60.347;-51.593
2022-01-07;133.565;-0.362;-59.944;-51.281
2022-01-10;133.474;-0.352;-60.131;-51.495
2022-01-11;133.34;-0.337;-60.172;-51.579
2022-01-12;133.52;-0.362;-56.252;-50.856
2022-01-13;133.669;-0.386;-60.196;-51.468
2022-01-14;133.352;-0.348;-60.059;-51.448
2022-01-17;133.153;-0.324;-59.579;-51.125
2022-01-18;133.159;-0.327;-59.924;-51.405
2022-01-19;133.063;-0.316;-59.41;-51.011
2022-01-20;133.106;-0.327;-59.829;-51.382
2022-01-21;133.427;-0.37;-62.582;-53.648
2022-01-24;133.843;-0.425;-67.116;-57.377
2022-01-25;133.621;-0.399;-66.703;-57.1
2022-01-26;133.57;-0.394;-66.136;-56.632
2022-01-27;133.271;-0.361;-65.146;-55.88
2022-01-28;133.087;-0.339;-65.449;-56.204
2022-01-31;132.515;-0.267;-64.039;-55.106
2022-02-01;132.303;-0.241;-63.715;-54.925
2022-02-02;132.194;-0.229;-64.365;-55.542
2022-02-03;131.197;-0.104;-62.503;-54.171
2022-02-04;130.5;-0.013;-63.224;-55.144
2022-02-07;130.394;-0.001;-66.033;-57.651
2022-02-08;130.111;0.035;-68.087;-59.511
2022-02-09;130.517;-0.021;-68.673;-59.971
2022-02-10;129.952;0.049;-71.627;-62.614
2022-02-11;129.923;0.052;-75.672;-66.239
2022-02-14;130.139;0.021;-79.628;-69.63
2022-02-15;130.003;0.037;-74.297;-64.912
2022-02-16;130.157;0.015;-72.693;-63.503
2022-02-17;130.539;-0.041;-75.705;-65.906
2022-02-18;130.912;-0.093;-78.786;-68.437
2022-02-21;130.733;-0.07;-78.203;-67.946
2022-02-22;130.407;-0.029;-78.49;-68.239
2022-02-23;130.365;-0.025;-79.779;-69.4
2022-02-24;130.788;-0.087;-81.523;-70.908
2022-02-25;130.118;0.001;-77.646;-67.834
2022-02-28;131.036;-0.123;-80.71;-70.107
2022-03-01;132.86;-0.366;-88.58;-76.244
2022-03-02;131.757;-0.223;-82.86;-71.597
2022-03-03;131.719;-0.223;-83.583;-72.321
2022-03-04;132.524;-0.331;-91.608;-79.017
2022-03-07;131.796;-0.237;-83.549;-72.253
2022-03-08;130.877;-0.116;-78.157;-67.75
2022-03-09;130.394;-0.053;-78.895;-68.9
2022-03-10;129.575;0.052;-76.282;-66.878
2022-03-11;129.696;0.034;-80.006;-70.137
2022-03-14;128.943;0.134;-77.691;-68.43
2022-03-15;129.392;0.071;-81.762;-71.794
2022-03-16;129.019;0.12;-78.493;-69.057
2022-03-17;128.743;0.153;-72.926;-64.14
2022-03-18;128.921;0.127;-75.207;-66.25
2022-03-21;128.325;0.207;-74.218;-65.57
2022-03-22;128.178;0.226;-76.75;-67.772
2022-03-23;128.428;0.189;-76.431;-67.338
2022-03-24;127.82;0.268;-75.523;-66.822
2022-03-25;127.16;0.358;-72.304;-64.208
2022-03-28;127.066;0.37;-72.987;-64.757
2022-03-29;126.505;0.447;-70.492;-62.719
2022-03-30;126.188;0.49;-69.766;-62.171
2022-03-31;126.924;0.382;-72.356;-64.298
2022-04-01;126.892;0.384;-73.368;-65.254
2022-04-04;127.265;0.331;-75.61;-67.111
2022-04-05;126.54;0.431;-77.45;-68.813
2022-04-06;126.395;0.45;-78.208;-69.656
2022-04-07;126.158;0.478;-78.516;-70.095
2022-04-08;125.797;0.528;-79.135;-70.503
2022-04-11;125.125;0.622;-77.483;-69.491
2022-04-12;125.512;0.565;-81.403;-72.92
2022-04-13;125.619;0.542;-82.525;-73.793
2022-04-14;125.305;0.585;-83.312;-74.776
2022-04-15;125.305;0.585;-83.929;-75.348
2022-04-18;125.305;0.585;-83.966;-75.344
2022-04-19;125.071;0.617;-84.306;-75.767
2022-04-20;125.212;0.596;-82.412;-73.828
2022-04-21;124.368;0.713;-79.303;-71.151
2022-04-22;124.018;0.762;-78.97;-71.062
2022-04-25;125.03;0.614;-82.409;-73.958
2022-04-26;125.113;0.6;-83.303;-74.699
2022-04-27;125.39;0.559;-86.788;-77.472
2022-04-28;124.641;0.662;-86.881;-77.964
2022-04-29;124.358;0.702;-88.477;-79.339
2022-05-02;124.23;0.719;-88.535;-79.956
2022-05-03;124.089;0.738;-88.336;-79.495
2022-05-04;124.036;0.744;-87.951;-79.098
2022-05-05;123.614;0.801;-85.581;-77.279
2022-05-06;122.994;0.891;-87.287;-78.809
2022-05-09;123.471;0.819;-94.017;-84.93
2022-05-10;123.999;0.74;-93.104;-83.755
2022-05-11;124.22;0.707;-91.797;-82.429
2022-05-12;125.209;0.558;-88.767;-79.386
2022-05-13;124.549;0.652;-83.55;-74.892
2022-05-16;124.513;0.656;-81.367;-72.865
2022-05-17;123.653;0.781;-78.203;-70.121
2022-05-18;123.655;0.779;-78.311;-70.245
2022-05-19;124.046;0.717;-83.263;-74.664
2022-05-20;124.268;0.682;-81.682;-73.354
2022-05-23;123.764;0.755;-80.948;-72.694
2022-05-24;124.116;0.702;-81.968;-73.489
2022-05-25;124.27;0.678;-83.832;-75.216
2022-05-26;124.001;0.712;-83.403;-75.078
2022-05-27;124.169;0.686;-83.036;-74.437
2022-05-30;123.474;0.787;-80.136;-71.957
2022-05-31;123.02;0.853;-80.117;-72.15
2022-06-01;122.567;0.919;-79.111;-71.39
2022-06-02;122.11;0.984;-80.022;-72.423
2022-06-03;121.867;1.019;-81.319;-73.652
2022-06-06;121.586;1.06;-78.57;-71.252
2022-06-07;121.622;1.053;-77.746;-70.6
2022-06-08;121.311;1.099;-78.462;-71.284
2022-06-09;120.585;1.205;-77.232;-70.546
2022-06-10;119.742;1.334;-77.132;-70.712
2022-06-13;118.785;1.482;-81.03;-74.567
2022-06-14;118.157;1.579;-88.014;-81.238
2022-06-15;119.007;1.444;-87.493;-80.784
2022-06-16;118.376;1.54;-84.473;-78.175
2022-06-17;118.873;1.46;-83.159;-76.864
2022-06-20;118.258;1.556;-85.245;-78.979
2022-06-21;118.219;1.561;-85.169;-79.02
2022-06-22;119.039;1.43;-85.941;-79.401
2022-06-23;120.576;1.188;-86.669;-79.386
2022-06-24;120.563;1.188;-85.812;-78.557
2022-06-27;119.725;1.317;-82.688;-76.03
2022-06-28;119.189;1.399;-82.781;-76.322
2022-06-29;120.063;1.262;-86.807;-79.676
2022-06-30;121.421;1.048;-88.055;-80.188
2022-07-01;122.213;0.925;-88.339;-79.884
2022-07-04;121.513;1.031;-90.544;-82.198
2022-07-05;122.613;0.861;-97.129;-87.576
2022-07-06;122.854;0.823;-93.571;-84.206
2022-07-07;121.843;0.973;-92.091;-83.358
2022-07-08;121.873;0.967;-93.525;-85.256
2022-07-11;122.518;0.867;-95.604;-87.1
2022-07-12;123.153;0.769;-97.313;-88.381
2022-07-13;122.782;0.823;-93.049;-84.443
2022-07-14;122.556;0.853;-93.296;-85.179
2022-07-15;122.773;0.819;-93.39;-85.918
2022-07-18;122.256;0.896;-92.739;-85.268
2022-07-19;121.592;0.996;-89.662;-82.808
2022-07-20;121.66;0.984;-87.07;-81.168
2022-07-21;121.557;0.996;-87.633;-81.586
2022-07-22;123.072;0.762;-90.478;-84.03
2022-07-25;123.159;0.747;-87.707;-80.868
2022-07-26;123.737;0.658;-88.37;-81.026
2022-07-27;123.448;0.7;-88.988;-81.662
2022-07-28;124.539;0.531;-92.843;-84.911
2022-07-29;124.487;0.537;-93.549;-85.439
2022-08-01;124.681;0.506;-94.951;-86.963
2022-08-02;124.437;0.541;-101.357;-92.216
2022-08-03;124.05;0.598;-96.323;-87.997
2022-08-04;124.449;0.532;-96.49;-88.135
2022-08-05;123.412;0.688;-98.401;-90.179
2022-08-08;123.675;0.646;-99.945;-91.669
2022-08-09;123.536;0.666;-99.925;-91.66
2022-08-10;123.711;0.637;-100.431;-92.279
2022-08-11;123.294;0.696;-98.865;-91.06
2022-08-12;123.016;0.737;-96.35;-88.862
2022-08-15;123.624;0.642;-97.564;-89.512
2022-08-16;123.114;0.719;-93.455;-85.938
2022-08-17;122.164;0.864;-92.21;-85.148
2022-08-18;121.963;0.89;-91.575;-85.104
2022-08-19;121.193;1.009;-93.579;-87.486
2022-08-22;120.625;1.096;-97.051;-91.145
2022-08-23;120.664;1.089;-97.828;-91.805
2022-08-24;120.304;1.144;-99.728;-93.674
2022-08-25;120.655;1.084;-98.561;-92.685
2022-08-26;120.047;1.179;-99.304;-93.324
2022-08-29;119.212;1.311;-100.338;-94.844
2022-08-30;119.078;1.331;-98.876;-94.389
2022-08-31;118.782;1.377;-94.638;-90.508
2022-09-01;118.788;1.372;-94.079;-89.961
2022-09-02;119.179;1.308;-98.603;-94.337
2022-09-05;118.821;1.364;-100.308;-96.005
2022-09-06;118.412;1.429;-98.944;-95.258
2022-09-07;118.713;1.379;-95.185;-91.724
2022-09-08;117.695;1.541;-87.759;-84.648
2022-09-09;117.789;1.524;-87.95;-85.451
2022-09-12;118.002;1.488;-87.475;-85.024
2022-09-13;117.296;1.602;-85.697;-83.768
2022-09-14;117.373;1.588;-90.888;-88.25
2022-09-15;116.891;1.664;-87.299;-85.211
2022-09-16;116.932;1.656;-84.244;-82.499
2022-09-19;116.6;1.71;-84.269;-83.04
2022-09-20;115.884;1.828;-83.27;-82.335
2022-09-21;115.837;1.835;-86.525;-85.412
2022-09-22;115.177;1.943;-86.845;-85.498
2022-09-23;114.747;2.014;-89.852;-88.85
2022-09-26;114.303;2.089;-95.43;-93.972
2022-09-27;113.794;2.175;-96.15;-95.351
2022-09-28;114.603;2.035;-103.295;-101.643
2022-09-29;114.524;2.046;-99.339;-97.809
2022-09-30;114.895;1.981;-102.279;-100.154
2022-10-03;115.95;1.801;-103.982;-101.248
2022-10-04;116.206;1.757;-98.657;-95.772
2022-10-05;115.374;1.896;-101.346;-98.143
2022-10-06;114.952;1.964;-104.959;-102.26
2022-10-07;114.414;2.055;-108.109;-105.705
2022-10-10;113.883;2.146;-108.189;-106.603
2022-10-11;114.227;2.085;-109.646;-108.006
2022-10-12;114.294;2.073;-108.334;-106.744
2022-10-13;114.171;2.09;-107.373;-105.381
2022-10-14;113.88;2.14;-105.392;-103.613
2022-10-17;114.129;2.095;-106.51;-104.434
2022-10-18;114.096;2.1;-103.451;-101.502
2022-10-19;113.214;2.252;-92.891;-91.911
2022-10-20;113.061;2.276;-92.693;-91.541
2022-10-21;113.21;2.249;-88.66;-88.228
2022-10-24;113.419;2.211;-86.141;-85.759
2022-10-25;114.092;2.093;-84.02;-83.151
2022-10-26;114.323;2.052;-86.268;-85.177
2022-10-27;115.333;1.874;-87.282;-85.7
2022-10-28;114.291;2.053;-87.739;-85.442
2022-10-31;114.126;2.08;-86.669;-85.047
2022-11-01;114.233;2.061;-88.346;-86.554
2022-11-02;114.184;2.068;-89.74;-87.953
2022-11-03;113.544;2.176;-88.816;-87.104
2022-11-04;113.226;2.231;-85.167;-84.041
2022-11-07;112.951;2.278;-81.599;-80.787
2022-11-08;113.184;2.236;-77.923;-77.128
2022-11-09;113.809;2.126;-77.237;-76.361
2022-11-10;114.718;1.964;-80.676;-78.63
2022-11-11;113.796;2.123;-72.969;-71.479
2022-11-14;113.845;2.114;-70.7;-69.56
2022-11-15;113.91;2.101;-66.921;-65.659
2022-11-16;114.463;2.003;-68.949;-67.456
2022-11-17;114.244;2.038;-70.301;-68.346
2022-11-18;114.371;2.015;-74.89;-72.943
2022-11-21;114.507;1.99;-76.091;-73.726
2022-11-22;114.513;1.988;-71.996;-69.907
2022-11-23;114.464;1.995;-69.997;-67.952
2022-11-24;114.913;1.913;-71.461;-68.661
2022-11-25;114.255;2.027;-69.497;-66.851
2022-11-28;114.213;2.033;-69.353;-67.151
2022-11-29;114.671;1.952;-72.38;-70.059
2022-11-30;114.577;1.967;-71.021;-68.467
2022-12-01;115.345;1.829;-73.626;-70.233
2022-12-02;114.96;1.895;-74.194;-70.653
2022-12-05;114.904;1.904;-75.892;-72.51
2022-12-06;115.395;1.817;-77.586;-73.914
2022-12-07;115.542;1.79;-79.177;-75.183
2022-12-08;115.334;1.822;-79.358;-75.138
2022-12-09;114.698;1.932;-74.624;-70.982
2022-12-12;114.502;1.966;-74.908;-71.497
2022-12-13;114.651;1.938;-77.256;-73.48
2022-12-14;114.762;1.918;-74.836;-71.282
2022-12-15;113.541;2.13;-70.151;-66.546
2022-12-16;113.152;2.199;-70.85;-67.633
2022-12-19;113.034;2.219;-71.227;-67.983
2022-12-20;112.407;2.331;-66.554;-64.064
2022-12-21;112.399;2.331;-73.122;-70.007
2022-12-22;112.207;2.362;-73.881;-70.614
2022-12-23;111.488;2.492;-64.384;-61.714
2022-12-26;111.488;2.492;-65.939;-63.316
2022-12-27;111.154;2.552;-68.345;-65.654
2022-12-28;111.348;2.516;-69.49;-66.656
2022-12-29;111.32;2.518;-63.946;-61.063
2022-12-30;111.139;2.55;-70.483;-67.323
2023-01-02;111.741;2.439;-70.17;-66.636
2023-01-03;111.989;2.392;-67.371;-63.875
2023-01-04;112.679;2.265;-67.903;-64.241
2023-01-05;112.43;2.308;-70.693;-66.915
2023-01-06;112.921;2.217;-70.835;-67.103
2023-01-09;112.854;2.228;-70.249;-66.583
2023-01-10;112.431;2.304;-67.984;-64.649
2023-01-11;113.113;2.179;-67.568;-64.285
2023-01-12;113.328;2.137;-66.258;-62.436
2023-01-13;113.245;2.151;-65.609;-62.335
2023-01-16;113.298;2.14;-65.725;-62.172
2023-01-17;113.874;2.035;-67.12;-63.493
2023-01-18;114.052;2.001;-69.445;-65.163
2023-01-19;113.694;2.062;-68.19;-64.115
2023-01-20;113.157;2.159;-67.723;-64.253
2023-01-23;112.965;2.193;-69.38;-66.063
2023-01-24;113.249;2.14;-71.169;-67.605
2023-01-25;113.329;2.124;-72.754;-69.129
2023-01-26;112.976;2.185;-70.723;-67.095
2023-01-27;112.847;2.207;-70.727;-67.24
2023-01-30;112.323;2.303;-68.649;-65.651
2023-01-31;112.653;2.241;-70.885;-67.865
2023-02-01;112.614;2.247;-69.698;-66.751
2023-02-02;113.961;1.997;-75.642;-71.824
2023-02-03;113.29;2.118;-72.061;-68.639
2023-02-06;112.696;2.226;-71.386;-68.488
2023-02-07;112.259;2.306;-64.966;-62.537
2023-02-08;112.213;2.313;-64.508;-62.202
2023-02-09;112.393;2.277;-64.927;-62.574
2023-02-10;112.006;2.347;-64.458;-62.138
2023-02-13;111.879;2.37;-64.204;-62.252
2023-02-14;111.482;2.443;-65.609;-63.93
2023-02-15;111.343;2.468;-65.626;-63.95
2023-02-16;111.244;2.484;-63.846;-62.358
2023-02-17;111.444;2.445;-67.02;-65.415
2023-02-20;111.27;2.477;-66.138;-64.643
2023-02-21;110.939;2.538;-66.622;-65.382
2023-02-22;111.037;2.519;-68.969;-67.418
2023-02-23;111.155;2.493;-69.815;-67.784
2023-02-24;110.72;2.575;-69.548;-67.838
2023-02-27;110.52;2.612;-69.416;-68.144
2023-02-28;110.116;2.688;-68.983;-68.066
2023-03-01;109.675;2.772;-65.726;-65.008
2023-03-02;109.587;2.786;-66.552;-66.074
2023-03-03;109.603;2.782;-64.331;-63.704
2023-03-06;109.304;2.839;-61.064;-60.663
2023-03-07;109.541;2.792;-62.842;-62.478
2023-03-08;109.597;2.781;-61.203;-61.043
2023-03-09;109.783;2.742;-62.051;-61.641
2023-03-10;110.592;2.586;-69.15;-68.154
2023-03-13;112.181;2.283;-83.116;-81.4
2023-03-14;111.221;2.464;-77.066;-72.677
2023-03-15;113.224;2.086;-94.318;-90.555
2023-03-16;112.137;2.286;-82.391;-78.008
2023-03-17;113.274;2.072;-90.13;-85.07
2023-03-20;113.338;2.059;-89.758;-85.213
2023-03-21;112.075;2.294;-76.974;-72.842
2023-03-22;111.738;2.357;-75.876;-72.748
2023-03-23;112.638;2.184;-82.939;-79.659
2023-03-24;113.208;2.076;-85.512;-81.819
2023-03-27;112.537;2.2;-78.541;-75.267
2023-03-28;112.262;2.251;-78.303;-75.42
2023-03-29;111.882;2.322;-73.25;-70.964
2023-03-30;111.597;2.373;-76.38;-73.526
2023-03-31;112.059;2.284;-78.122;-75.268
2023-04-03;112.134;2.269;-76.234;-73.448
2023-04-04;112.45;2.208;-77.483;-74.807
2023-04-05;112.732;2.148;-78.009;-74.448
2023-04-06;112.717;2.15;-79.065;-75.486
2023-04-07;112.717;2.15;-78.555;-75.032
2023-04-10;112.717;2.15;-78.189;-75.064
2023-04-11;111.99;2.287;-76.623;-73.451
2023-04-12;111.617;2.358;-75.043;-72.343
2023-04-13;111.625;2.353;-73.774;-71.473
2023-04-14;111.19;2.435;-70.874;-68.757
2023-04-17;111.09;2.454;-71.773;-70.419
2023-04-18;110.929;2.484;-72.005;-70.562
2023-04-19;110.709;2.526;-73.073;-71.602
2023-04-20;111.086;2.449;-76.492;-74.593
2023-04-21;110.914;2.482;-74.864;-72.892
2023-04-24;110.733;2.516;-74.879;-73.163
2023-04-25;111.498;2.366;-79.037;-77.017
2023-04-26;111.578;2.35;-80.123;-78.175
2023-04-27;111.218;2.415;-77.98;-75.742
2023-04-28;111.949;2.273;-79.702;-77.175
2023-05-01;111.949;2.273;-80.194;-78.076
2023-05-02;112.295;2.205;-81.948;-79.331
2023-05-03;112.327;2.197;-82.318;-79.504
2023-05-04;112.982;2.068;-85.492;-82.371
2023-05-05;112.385;2.182;-82.471;-78.987
2023-05-08;112.224;2.211;-82.533;-79.409
2023-05-09;112.052;2.244;-80.952;-77.959
2023-05-10;112.401;2.175;-82.022;-78.948
2023-05-11;112.657;2.122;-82.72;-79.075
2023-05-12;112.352;2.18;-82.086;-78.465
2023-05-15;112.219;2.204;-80.228;-77.118
2023-05-16;111.908;2.263;-79.334;-76.239
2023-05-17;111.756;2.292;-78.44;-75.404
2023-05-18;111.284;2.381;-79.004;-75.872
2023-05-19;111.39;2.359;-79.693;-76.579
2023-05-22;111.131;2.409;-78.162;-75.33
2023-05-23;111.117;2.41;-79.571;-76.774
2023-05-24;111.042;2.424;-80.338;-77.511
2023-05-25;110.736;2.481;-80.665;-77.713
2023-05-26;110.607;2.506;-79.736;-76.719
2023-05-29;111.06;2.415;-80.315;-77.478
2023-05-30;111.606;2.306;-82.028;-78.837
2023-05-31;111.978;2.232;-83.252;-79.672
2023-06-01;112.146;2.196;-82.834;-78.533
2023-06-02;111.667;2.289;-80.65;-76.578
2023-06-05;111.361;2.348;-79.105;-75.465
2023-06-06;111.435;2.332;-77.841;-74.277
2023-06-07;110.999;2.417;-76.91;-73.563
2023-06-08;111.232;2.368;-76.37;-72.84
2023-06-09;111.225;2.368;-75.704;-72.217
2023-06-12;111.232;2.366;;
2023-06-13;110.989;2.413;-76.155;-73.185
2023-06-14;110.731;2.463;-74.488;-71.535
2023-06-15;110.205;2.566;-73.049;-70.037
2023-06-16;110.295;2.546;-73.605;-70.486
2023-06-19;110.161;2.572;-74.796;-71.927
2023-06-20;110.632;2.477;-76.45;-73.35
2023-06-21;110.442;2.514;-76.866;-73.721
2023-06-22;110.067;2.586;-77.111;-73.959
2023-06-23;110.709;2.456;-78.024;-74.583
2023-06-26;110.941;2.408;-79.056;-75.467
2023-06-27;110.607;2.474;-79.315;-75.829
2023-06-28;110.838;2.427;-79.888;-76.252
2023-06-29;110.275;2.537;-78.084;-74.627
2023-06-30;110.366;2.518;-78.574;-74.946
2023-07-03;110.02;2.587;-77.658;-74.35
2023-07-04;110.083;2.573;-78.044;-74.399
2023-07-05;110.0;2.589;-76.579;-73.121
2023-07-06;109.31;2.727;-77.159;-74.042
2023-07-07;109.419;2.703;-77.868;-75.078
2023-07-10;109.351;2.716;-76.9;-74.048
2023-07-11;109.266;2.733;-75.678;-72.925
2023-07-12;109.816;2.619;-77.076;-74.165
2023-07-13;110.221;2.533;-77.609;-74.228
2023-07-14;109.983;2.58;-76.53;-73.237
2023-07-17;110.149;2.545;-76.825;-73.714
2023-07-18;110.595;2.453;-76.539;-73.245
2023-07-19;110.401;2.491;-77.366;-73.834
2023-07-20;110.137;2.542;-77.878;-74.385
2023-07-21;110.221;2.524;-78.161;-74.805
2023-07-24;110.477;2.47;-76.913;-73.572
2023-07-25;110.444;2.476;-76.195;-72.896
2023-07-26;110.07;2.551;-75.365;-72.072
2023-07-27;110.23;2.515;-75.719;-72.286
2023-07-28;110.22;2.516;-75.387;-71.85
2023-07-31;110.258;2.507;-74.446;-70.889
2023-08-01;110.003;2.559;-73.261;-69.996
2023-08-02;110.173;2.522;-74.745;-71.373
2023-08-03;109.937;2.568;-75.496;-71.913
2023-08-04;110.037;2.546;-75.517;-71.718
2023-08-07;110.04;2.544;-78.141;-74.71
2023-08-08;110.535;2.441;-80.337;-76.215
2023-08-09;110.372;2.474;-78.259;-74.386
2023-08-10;110.205;2.505;-78.23;-74.08
2023-08-11;109.796;2.588;-78.031;-74.078
2023-08-14;109.666;2.614;-76.814;-73.533
2023-08-15;109.475;2.653;-75.943;-72.685
2023-08-16;109.611;2.623;-76.04;-72.893
2023-08-17;109.413;2.662;-77.896;-74.192
2023-08-18;109.763;2.587;-78.208;-74.316
2023-08-21;109.383;2.666;-75.782;-72.463
2023-08-22;109.634;2.612;-75.563;-72.26
2023-08-23;110.258;2.481;-76.893;-73.325
2023-08-24;110.252;2.479;-77.306;-73.209
2023-08-25;109.914;2.548;-76.841;-72.909
2023-08-28;109.889;2.552;-75.724;-72.197
2023-08-29;110.128;2.501;-75.883;-72.215
2023-08-30;109.955;2.536;-74.707;-71.236
2023-08-31;110.435;2.432;-76.645;-72.965
2023-09-01;110.166;2.487;-76.758;-72.676
2023-09-04;109.94;2.534;-74.225;-70.857
2023-09-05;109.852;2.551;-72.91;-69.763
2023-09-06;109.523;2.619;-70.675;-67.354
2023-09-07;109.679;2.583;-71.613;-67.902
2023-09-08;109.754;2.566;-73.673;-70.033
2023-09-11;109.613;2.595;-71.984;-68.917
2023-09-12;109.544;2.608;-72.936;-69.739
2023-09-13;109.369;2.644;-72.191;-69.243
2023-09-14;109.636;2.584;-71.106;-67.946
2023-09-15;109.293;2.656;-69.17;-66.365
2023-09-18;109.063;2.704;-68.192;-65.903
2023-09-19;108.896;2.738;-66.928;-64.807
2023-09-20;109.06;2.702;-67.539;-65.284
2023-09-21;108.933;2.726;-68.506;-65.989
2023-09-22;108.962;2.719;-68.502;-66.012
2023-09-25;108.9;2.731;-68.492;-66.829
2023-09-26;108.862;2.738;-68.721;-66.703
2023-09-27;108.684;2.776;-67.38;-66.031
2023-09-28;108.297;2.856;-68.004;-66.112
2023-09-29;108.798;2.747;-69.825;-67.639
2023-10-02;108.565;2.796;-69.688;-68.175
2023-10-03;108.498;2.81;-70.44;-68.941
2023-10-04;108.628;2.78;-69.819;-68.315
2023-10-05;108.857;2.728;-71.227;-69.071
2023-10-06;108.875;2.723;-70.943;-68.814
2023-10-09;109.384;2.612;-72.518;-70.049
2023-10-10;109.291;2.631;-71.994;-69.558
2023-10-11;109.314;2.625;-72.039;-69.217
2023-10-12;109.024;2.684;-72.115;-69.53
2023-10-13;109.179;2.65;-73.182;-70.851
2023-10-16;109.006;2.686;-71.001;-68.726
2023-10-17;108.545;2.785;-69.477;-67.618
2023-10-18;108.415;2.812;-68.802;-66.6
2023-10-19;108.386;2.816;-70.188;-67.95
2023-10-20;108.65;2.757;-70.742;-68.666
2023-10-23;108.671;2.751;-69.772;-67.645
2023-10-24;108.921;2.696;-69.817;-67.643
2023-10-25;108.722;2.738;-68.675;-66.575
2023-10-26;108.902;2.696;-67.539;-65.217
2023-10-27;109.099;2.652;-67.722;-65.318
2023-10-30;109.144;2.641;-66.351;-64.524
2023-10-31;109.19;2.63;-66.011;-64.028
2023-11-01;109.381;2.587;-64.45;-62.26
2023-11-02;109.416;2.576;-63.337;-60.633
2023-11-03;109.645;2.525;-62.575;-59.659
2023-11-06;109.274;2.605;-59.641;-57.398
2023-11-07;109.489;2.557;-60.884;-58.573
2023-11-08;109.531;2.546;-61.252;-58.827
2023-11-09;109.475;2.555;-61.727;-58.782
2023-11-10;109.102;2.636;-59.165;-56.583
2023-11-13;109.056;2.644;-58.687;-56.483
2023-11-14;109.561;2.533;-59.713;-57.529
2023-11-15;109.421;2.562;-59.639;-57.295
2023-11-16;109.712;2.495;-61.489;-58.589
2023-11-17;109.645;2.509;-61.295;-58.289
2023-11-20;109.444;2.551;-58.127;-55.573
2023-11-21;109.669;2.501;-59.543;-57.066
2023-11-22;109.566;2.522;-60.153;-57.598
2023-11-23;109.319;2.573;-60.76;-57.752
2023-11-24;109.211;2.596;-59.877;-57.09
2023-11-27;109.654;2.497;-60.28;-57.545
2023-11-28;109.961;2.429;-61.522;-58.513
2023-11-29;110.344;2.344;-62.399;-59.725
2023-11-30;110.28;2.354;-61.647;-58.562
2023-12-01;110.804;2.238;-60.861;-57.806
2023-12-04;110.749;2.249;-59.219;-55.899
2023-12-05;111.129;2.165;-58.592;-55.483
2023-12-06;111.239;2.14;-60.097;-56.763
2023-12-07;111.336;2.115;-60.594;-56.874
2023-12-08;110.885;2.211;-58.406;-54.794
2023-12-11;110.858;2.216;-58.257;-55.122
2023-12-12;110.967;2.191;-58.066;-54.912
2023-12-13;111.19;2.141;-58.362;-55.255
2023-12-14;111.584;2.051;-58.247;-54.863
2023-12-15;111.938;1.973;-57.674;-54.128
2023-12-18;111.681;2.027;-57.776;-54.344
2023-12-19;111.908;1.977;-58.315;-54.882
2023-12-20;112.131;1.927;-58.369;-54.959
2023-12-21;112.203;1.904;-59.566;-55.903
2023-12-22;112.266;1.889;-59.048;-55.466
2023-12-25;112.266;1.889;-58.687;-55.241
2023-12-27;112.508;1.835;-59.632;-56.121
2023-12-28;112.376;1.857;-58.608;-55.165
2023-12-29;111.889;1.961;-52.342;-49.442
2024-01-01;111.889;1.961;-52.298;-49.396
2024-01-02;111.813;1.976;-53.891;-50.868
2024-01-03;112.069;1.919;-55.224;-52.274
2024-01-04;111.507;2.037;-54.42;-51.537
2024-01-05;111.331;2.074;-54.866;-52.425
2024-01-08;111.445;2.048;-54.879;-52.667
2024-01-09;111.163;2.109;-54.969;-52.476
2024-01-10;111.017;2.139;-54.195;-51.897
2024-01-11;111.062;2.125;-53.632;-51.375
2024-01-12;111.422;2.044;-53.639;-51.024
2024-01-15;111.131;2.107;-51.762;-49.288
2024-01-16;110.999;2.135;-50.047;-47.587
2024-01-17;110.611;2.22;-49.374;-46.959
2024-01-18;110.512;2.238;-48.929;-46.999
2024-01-19;110.357;2.271;-49.81;-47.682
2024-01-22;110.541;2.229;-48.178;-46.443
2024-01-23;110.328;2.275;-47.732;-46.268
2024-01-24;110.375;2.263;-47.775;-46.124
2024-01-25;110.676;2.191;-48.01;-46.022
2024-01-26;110.612;2.204;-47.397;-44.981
2024-01-29;110.919;2.134;-48.271;-46.013
2024-01-30;110.731;2.175;-47.595;-45.117
2024-01-31;111.226;2.063;-50.863;-48.189
2024-02-01;111.136;2.078;-50.536;-47.45
2024-02-02;110.669;2.182;-49.362;-46.335
2024-02-05;110.358;2.25;-48.316;-46.481
2024-02-06;110.444;2.23;-47.641;-46.05
2024-02-07;110.32;2.256;-47.944;-46.233
2024-02-08;110.049;2.314;-45.389;-43.183
2024-02-09;109.867;2.354;-46.513;-44.525
2024-02-12;109.97;2.329;-45.196;-43.656
2024-02-13;109.696;2.39;-44.315;-42.545
2024-02-14;109.914;2.339;-43.85;-42.317
2024-02-15;109.777;2.366;-43.59;-41.918
2024-02-16;109.495;2.43;-42.183;-40.316
2024-02-19;109.471;2.434;-40.77;-39.522
2024-02-20;109.657;2.39;-40.828;-39.822
2024-02-21;109.3;2.471;-39.358;-38.22
2024-02-22;109.174;2.496;-40.103;-38.355
2024-02-23;109.478;2.425;-39.999;-38.383
2024-02-26;109.142;2.501;-39.778;-38.317
2024-02-27;109.056;2.52;-38.878;-37.731
2024-02-28;109.061;2.517;-38.299;-37.176
2024-02-29;109.208;2.479;-39.27;-37.617
2024-03-01;109.223;2.475;-39.305;-37.792
2024-03-04;109.244;2.469;-37.239;-36.131
2024-03-05;109.536;2.399;-38.597;-37.57
2024-03-06;109.489;2.409;-37.289;-36.195
2024-03-07;109.566;2.387;-37.012;-35.576
2024-03-08;109.863;2.317;-37.279;-35.753
2024-03-11;109.682;2.358;-36.214;-35.115
2024-03-12;109.505;2.397;-34.671;-33.815
2024-03-13;109.34;2.435;-33.884;-32.969
2024-03-14;109.107;2.485;-35.689;-34.372
2024-03-15;109.014;2.506;-36.257;-34.97
2024-03-18;108.965;2.516;-35.54;-34.775
2024-03-19;109.077;2.488;-36.596;-35.748
2024-03-20;109.092;2.484;-37.504;-36.623
2024-03-21;109.251;2.442;-38.284;-36.971
2024-03-22;109.53;2.376;-39.444;-37.834
2024-03-25;109.28;2.433;-37.973;-36.656
2024-03-26;109.343;2.417;-37.991;-36.677
2024-03-27;109.542;2.363;-38.998;-37.088
2024-03-28;109.507;2.37;-38.485;-36.414
2024-03-29;109.507;2.37;-39.244;-37.215
2024-04-02;109.318;2.413;-37.987;-36.813
2024-04-03;109.286;2.42;-38.313;-36.909
2024-04-04;109.323;2.407;-38.438;-36.894
2024-04-05;109.225;2.429;-39.412;-37.697
2024-04-08;109.012;2.478;-38.537;-37.416
2024-04-09;109.221;2.427;-39.277;-38.302
2024-04-10;108.896;2.503;-39.207;-37.693
2024-04-11;108.826;2.516;-41.694;-39.751
2024-04-12;109.28;2.406;-43.324;-41.684
2024-04-15;108.988;2.475;-42.576;-40.991
2024-04-16;108.815;2.515;-44.48;-43.026
2024-04-17;108.829;2.51;-43.283;-41.953
2024-04-18;108.657;2.548;-43.256;-41.485
2024-04-19;108.594;2.562;-42.127;-40.498
2024-04-22;108.718;2.531;-42.88;-41.708
2024-04-23;108.615;2.554;-41.714;-40.455
2024-04-24;108.332;2.621;-41.292;-39.985
2024-04-25;108.125;2.668;-40.844;-38.987
2024-04-26;108.303;2.623;-40.723;-38.99
2024-04-29;108.439;2.588;-40.153;-38.687
2024-04-30;108.143;2.659;-39.913;-38.178
2024-05-02;108.305;2.616;-40.507;-38.913
2024-05-03;108.547;2.555;-39.865;-38.137
2024-05-06;108.623;2.536;-39.729;-38.254
2024-05-07;108.735;2.507;-39.196;-37.892
2024-05-08;108.564;2.547;-39.226;-37.852
2024-05-09;108.481;2.564;-39.343;-37.619
2024-05-10;108.354;2.594;-38.911;-37.012
2024-05-13;108.395;2.582;-38.195;-36.856
2024-05-14;108.251;2.616;-38.008;-36.656
2024-05-15;108.701;2.505;-38.361;-37.066
2024-05-16;108.518;2.546;-38.332;-36.575
2024-05-17;108.285;2.602;-38.735;-36.813
2024-05-20;108.239;2.612;-38.203;-36.676
2024-05-21;108.351;2.583;-38.237;-36.749
2024-05-22;108.185;2.623;-37.939;-36.302
2024-05-23;107.865;2.698;-37.126;-35.16
2024-05-24;107.864;2.697;-37.851;-35.745
2024-05-27;108.046;2.651;-37.902;-36.269
2024-05-28;107.928;2.679;-37.884;-35.982
2024-05-29;107.665;2.743;-37.121;-35.533
2024-05-30;107.762;2.715;-36.556;-34.8
2024-05-31;107.664;2.739;-36.374;-34.307
2024-06-03;107.992;2.656;-35.647;-34.159
2024-06-04;108.126;2.621;-34.908;-33.551
2024-06-05;108.191;2.604;-36.095;-34.65
2024-06-06;108.013;2.644;-35.927;-34.047
2024-06-07;107.705;2.72;-35.161;-33.191
2024-06-10;107.627;2.739;-36.689;-35.169
2024-06-11;107.868;2.677;-39.667;-38.132
2024-06-12;108.193;2.594;-38.721;-37.293
2024-06-13;108.499;2.514;-43.562;-41.678
2024-06-14;108.925;2.407;-48.951;-46.737
2024-06-17;108.713;2.458;-46.289;-44.271
2024-06-18;108.754;2.446;-44.353;-42.372
2024-06-19;108.735;2.45;-45.657;-43.681
2024-06-20;108.62;2.474;-45.795;-43.836
2024-06-21;108.767;2.436;-47.089;-45.118
2024-06-24;108.693;2.453;-44.823;-43.038
2024-06-25;108.703;2.45;-45.491;-43.793
2024-06-26;108.592;2.476;-45.639;-44.017
2024-06-27;108.626;2.463;-47.408;-45.744
2024-06-28;108.493;2.495;-45.981;-44.446
2024-07-01;108.094;2.595;-41.376;-40.104
2024-07-02;108.125;2.586;-39.694;-38.397
2024-07-03;108.155;2.577;-38.318;-37.074
2024-07-04;108.026;2.605;-38.197;-37.0
2024-07-05;108.244;2.549;-38.11;-36.779
2024-07-08;108.253;2.545;-38.333;-37.038
2024-07-09;108.102;2.582;-37.504;-36.175
2024-07-10;108.223;2.55;-36.928;-35.779
2024-07-11;108.577;2.456;-38.054;-36.547
2024-07-12;108.45;2.486;-38.233;-36.598
2024-07-15;108.542;2.462;-37.39;-35.592
2024-07-16;108.682;2.425;-36.871;-35.067
2024-07-17;108.653;2.43;-37.161;-35.172
2024-07-18;108.649;2.427;-37.418;-35.199
2024-07-19;108.566;2.447;-37.498;-35.476
2024-07-22;108.408;2.485;-36.551;-34.873
2024-07-23;108.653;2.421;-38.203;-36.423
2024-07-24;108.768;2.391;-38.768;-37.092
2024-07-25;108.866;2.361;-39.943;-37.486
2024-07-26;108.917;2.347;-40.585;-37.788
2024-07-29;109.064;2.308;-40.862;-38.384
2024-07-30;109.184;2.276;-40.241;-37.794
2024-07-31;109.276;2.251;-39.925;-37.424
2024-08-01;109.548;2.177;-42.077;-22.514
2024-08-02;109.898;2.086;-45.912;-42.542
2024-08-05;109.842;2.099;-46.064;-42.669
2024-08-06;109.732;2.125;-43.341;-39.878
2024-08-07;109.56;2.167;-42.495;-38.892
2024-08-08;109.587;2.155;-43.416;-39.511
2024-08-09;109.669;2.132;-42.391;-38.631
2024-08-12;109.647;2.136;-40.962;-38.056
2024-08-13;109.831;2.088;-42.022;-38.375
2024-08-14;109.795;2.095;-40.91;-36.864
2024-08-15;109.373;2.198;-39.889;-35.086
2024-08-16;109.431;2.181;-39.22;-34.925
2024-08-19;109.429;2.18;-38.297;-35.196
2024-08-20;109.541;2.15;-38.351;-34.712
2024-08-21;109.685;2.111;-38.408;-34.947
2024-08-22;109.471;2.161;-38.695;-34.637
2024-08-23;109.561;2.136;-38.95;-34.651
2024-08-26;109.462;2.16;-38.513;-34.816
2024-08-27;109.376;2.181;-37.576;-33.869
2024-08-28;109.45;2.16;-37.375;-33.831
2024-08-29;109.476;2.148;-37.27;-34.327
2024-08-30;109.359;2.177;-38.01;-33.558
2024-09-02;109.215;2.212;-35.965;-31.997
2024-09-03;109.399;2.163;-36.134;-33.528
2024-09-04;109.62;2.104;-37.892;-34.336
2024-09-05;109.675;2.084;-37.424;-33.472
2024-09-06;109.88;2.03;-38.488;-34.374
2024-09-09;109.926;2.016;-36.547;-33.598
2024-09-10;110.071;1.977;-37.808;-33.513
2024-09-11;110.155;1.953;-37.387;-34.15
2024-09-12;109.898;2.014;-36.902;-32.054
2024-09-13;109.926;2.005;-36.813;-32.18
2024-09-16;110.02;1.979;-34.789;-32.183
2024-09-17;109.866;2.017;-35.815;-31.805
2024-09-18;109.705;2.057;-36.082;-31.819
2024-09-19;109.785;2.031;-36.247;-31.661
2024-09-20;109.746;2.039;-35.944;-30.925
2024-09-23;110.008;1.969;-34.697;-32.007
2024-09-24;110.176;1.924;-36.805;-33.096
2024-09-25;110.085;1.945;-36.796;-32.74
2024-09-26;110.036;1.953;-36.568;-32.294
2024-09-27;110.225;1.901;-36.694;-32.621
2024-09-30;110.262;1.89;-36.433;-32.518
2024-10-01;110.489;1.829;-35.894;-33.361
2024-10-02;110.349;1.863;-35.419;-32.927
2024-10-03;110.136;1.913;-36.049;-32.988
2024-10-04;109.718;2.021;-37.101;-32.442
2024-10-07;109.542;2.066;-38.3;-33.784
2024-10-08;109.617;2.044;-37.455;-33.057
2024-10-09;109.494;2.075;-37.232;-32.641
2024-10-10;109.542;2.057;-36.613;-32.97
2024-10-11;109.515;2.062;-34.529;-31.013
2024-10-14;109.431;2.083;-33.132;-29.141
2024-10-15;109.613;2.033;-32.422;-28.534
2024-10-16;109.772;1.989;-32.713;-28.98
2024-10-17;109.761;1.986;-31.587;-27.806
2024-10-18;109.883;1.952;-30.028;-27.912
2024-10-21;109.557;2.037;-29.421;-25.704
2024-10-22;109.457;2.061;-29.023;-25.305
2024-10-23;109.618;2.017;-28.389;-26.705
2024-10-24;109.713;1.986;-29.214;-26.808
2024-10-25;109.567;2.023;-28.463;-24.597
2024-10-28;109.609;2.01;-26.166;-24.332
2024-10-29;109.417;2.059;-23.184;-21.192
2024-10-30;109.009;2.167;-22.621;-19.978
2024-10-31;108.946;2.179;-23.045;-19.928
2024-11-01;109.002;2.162;-22.919;-20.488
2024-11-04;108.981;2.166;-24.505;-21.424
2024-11-05;108.832;2.205;-24.848;-21.868
2024-11-06;109.197;2.104;-21.548;-20.421
2024-11-07;109.02;2.147;-20.268;-17.138
2024-11-08;109.181;2.101;-21.24;-17.729
2024-11-11;109.331;2.059;-18.958;-16.28
2024-11-12;109.301;2.065;-17.868;-16.189
2024-11-13;109.184;2.095;-16.835;-14.893
2024-11-14;109.329;2.05;-15.883;-14.134
2024-11-15;109.264;2.066;-13.707;-12.096
2024-11-18;109.13;2.1;-17.389;-14.026
2024-11-19;109.242;2.068;-20.208;-17.56
2024-11-20;109.233;2.069;-22.45;-19.354
2024-11-21;109.313;2.041;-23.858;-20.959
2024-11-22;109.649;1.948;-21.606;-21.218
2024-11-25;109.619;1.954;-22.852;-20.381
2024-11-26;109.651;1.943;-25.074;-21.945
2024-11-27;109.681;1.933;-26.033;-22.808
2024-11-28;109.792;1.897;-24.558;-22.948
2024-11-29;109.934;1.856;-24.13;-21.338
2024-12-02;110.124;1.802;-21.681;-20.806
2024-12-03;109.974;1.841;-19.741;-18.176
2024-12-04;109.917;1.855;-21.362;-18.263
2024-12-05;109.672;1.916;-19.449;-17.838
2024-12-06;109.718;1.901;-18.613;-17.349
2024-12-09;109.709;1.902;-18.476;-16.595
2024-12-10;109.805;1.873;-18.634;-17.886
2024-12-11;109.814;1.869;-19.719;-17.808
2024-12-12;109.535;1.94;-18.677;-17.873
2024-12-13;109.328;1.995;-19.691;-18.576
2024-12-16;109.405;1.972;-20.039;-18.194
2024-12-17;109.399;1.972;-21.408;-19.62
2024-12-18;109.423;1.963;-22.093;-20.334
2024-12-19;109.286;1.995;-22.832;-21.029
2024-12-20;109.352;1.975;-22.498;-20.789
2024-12-23;109.22;2.006;-21.937;-20.497
2024-12-24;109.22;2.0;-22.482;-21.224
2024-12-25;109.22;2.0;-22.43;-21.193
2024-12-27;109.005;2.058;-19.843;-18.795
2024-12-30;109.114;2.024;-19.748;-18.815
2024-12-31;109.114;2.022;-19.663;-18.765
2025-01-01;109.114;2.022;-19.647;-18.762
2025-01-02;109.025;2.041;-19.625;-18.793
2025-01-03;108.788;2.106;-18.722;-17.85
2025-01-06;108.664;2.14;-19.614;-19.211
2025-01-07;108.628;2.148;-18.459;-18.762
2025-01-08;108.563;2.165;-18.305;-18.746
2025-01-09;108.446;2.193;-18.098;-18.566
2025-01-10;108.246;2.248;-18.122;-18.469
2025-01-13;108.175;2.267;-17.881;-18.575
2025-01-14;108.065;2.297;-17.562;-18.713
2025-01-15;108.322;2.221;-16.477;-17.258
2025-01-16;108.385;2.197;-16.593;-17.326
2025-01-17;108.389;2.194;-16.601;-16.96
2025-01-20;108.414;2.185;-17.086;-17.337
2025-01-21;108.421;2.181;-16.796;-16.908
2025-01-22;108.345;2.201;-15.049;-16.008
2025-01-23;108.282;2.214;-16.712;-16.257
2025-01-24;108.139;2.254;-17.052;-16.47
2025-01-27;108.276;2.212;-18.285;-18.234
2025-01-28;108.196;2.234;-18.041;-17.918
2025-01-29;108.142;2.247;-17.812;-17.761
2025-01-30;108.358;2.179;-18.553;-18.149
2025-01-31;108.643;2.094;-18.706;-18.257
2025-02-03;108.924;2.011;-17.04;-17.654
2025-02-04;108.852;2.03;-16.696;-16.46
2025-02-05;108.863;2.025;-16.831;-16.585
2025-02-06;108.817;2.032;-18.617;-16.746
2025-02-07;108.843;2.023;-18.626;-16.796
2025-02-10;108.897;2.005;-18.346;-16.981
2025-02-11;108.674;2.068;-16.079;-16.039
2025-02-12;108.481;2.122;-16.327;-16.328
2025-02-13;108.64;2.07;-17.61;-17.543
2025-02-14;108.563;2.09;-18.233;-18.205
2025-02-17;108.442;2.124;-16.319;-16.484
2025-02-18;108.445;2.121;-15.891;-15.993
2025-02-19;108.257;2.175;-14.743;-14.61
2025-02-20;108.331;2.147;-15.889;-15.213
2025-02-21;108.501;2.095;-16.919;-16.104
2025-02-24;108.54;2.081;-16.674;-16.006
2025-02-25;108.611;2.059;-16.095;-15.328
2025-02-26;108.629;2.051;-15.815;-14.73
2025-02-27;108.724;2.017;-17.139;-15.867
2025-02-28;108.755;2.006;-17.066;-15.373
2025-03-03;108.565;2.06;-15.807;-13.072
2025-03-04;108.641;2.036;-16.101;-13.689
2025-03-05;107.786;2.288;-13.286;-11.66
2025-03-06;107.725;2.301;-14.19;-12.748
2025-03-07;107.723;2.3;-14.626;-12.572
2025-03-10;107.802;2.274;-14.773;-12.857
2025-03-11;107.791;2.276;-14.864;-13.219
2025-03-12;107.731;2.292;-13.192;-12.124
2025-03-13;107.843;2.253;-15.53;-13.481
2025-03-14;107.803;2.263;-14.861;-14.319
2025-03-17;107.822;2.255;-15.518;-14.491
2025-03-18;107.862;2.241;-13.906;-14.36
2025-03-19;107.811;2.255;-14.204;-14.227
2025-03-20;107.874;2.23;-14.612;-14.12
2025-03-21;107.992;2.192;-15.22;-14.722
2025-03-24;108.009;2.185;-15.479;-15.454
2025-03-25;107.934;2.206;-15.536;-15.492
2025-03-26;107.971;2.193;-15.604;-15.39
2025-03-27;108.111;2.144;-16.597;-16.114
2025-03-28;108.259;2.098;-16.795;-16.335
2025-03-31;108.172;2.122;-15.99;-15.501
2025-04-01;108.26;2.093;-16.232;-15.373
2025-04-02;108.187;2.113;-15.486;-15.025
2025-04-03;108.473;2.02;-16.135;-15.176
2025-04-04;108.827;1.91;-20.659;-19.278
2025-04-07;108.93;1.877;-24.984;-24.583
2025-04-08;108.727;1.936;-21.658;-19.901
2025-04-09;109.035;1.841;-26.092;-25.453
2025-04-10;108.889;1.878;-23.061;-21.028
2025-04-11;108.846;1.889;-26.91;-25.622
2025-04-14;108.973;1.848;-22.87;-21.748
2025-04-15;108.925;1.861;-21.153;-20.213
2025-04-16;108.972;1.835;-23.787;-22.043
2025-04-17;109.134;1.783;-23.432;-21.856
2025-04-18;109.134;1.783;-24.152;-22.546
2025-04-22;109.231;1.751;-22.459;-22.133
2025-04-23;108.971;1.829;-19.843;-18.239
2025-04-24;109.143;1.769;-21.458;-20.301
2025-04-25;109.024;1.803;-19.9;-19.029
2025-04-28;108.909;1.836;-19.235;-18.548
2025-04-29;108.935;1.824;-20.112;-19.282
2025-04-30;109.094;1.768;-21.472;-20.43
2025-05-02;108.814;1.852;-19.141;-18.438
2025-05-05;108.846;1.84;-18.568;-18.485
2025-05-06;108.854;1.835;-18.001;-18.013
2025-05-07;108.975;1.795;-19.337;-19.377
2025-05-08;108.747;1.859;-18.139;-17.479
2025-05-09;108.695;1.873;-18.51;-17.468
2025-05-12;108.297;1.996;-16.687;-15.463
2025-05-13;108.246;2.009;-16.813;-15.779
2025-05-14;108.193;2.024;-16.97;-16.239
2025-05-15;108.394;1.954;-17.54;-17.0
2025-05-16;108.473;1.927;-17.592;-17.082
2025-05-19;108.497;1.917;-18.611;-17.96
2025-05-20;108.492;1.917;-18.202;-17.756
2025-05-21;108.376;1.951;-17.7;-17.021
2025-05-22;108.458;1.918;-18.964;-18.301
2025-05-23;108.657;1.853;-21.919;-20.041
2025-05-26;108.628;1.86;-21.253;-19.44
2025-05-27;108.609;1.864;-19.746;-17.577
2025-05-28;108.566;1.875;-19.854;-17.439
2025-05-29;108.649;1.842;-19.978;-17.759
2025-05-30;108.63;1.845;-20.361;-18.31
2025-06-02;108.559;1.866;-18.394;-16.637
2025-06-03;108.571;1.859;-17.542;-16.097
2025-06-04;108.526;1.871;-17.983;-16.424
2025-06-05;108.258;1.95;-17.08;-14.841
2025-06-06;108.229;1.957;-17.076;-14.718
2025-06-09;108.273;1.941;-16.751;-14.973
2025-06-10;108.328;1.921;-16.498;-14.756
2025-06-11;108.32;1.921;-16.333;-14.723
2025-06-12;108.414;1.884;-17.574;-15.931
2025-06-13;108.264;1.93;-17.66;-15.893
2025-06-16;108.295;1.918;-16.576;-15.139
2025-06-17;108.214;1.942;-15.977;-14.628
2025-06-18;108.32;1.905;-17.217;-15.9
2025-06-19;108.27;1.914;-17.556;-16.282
2025-06-20;108.252;1.918;-16.927;-15.703
2025-06-23;108.272;1.909;-16.135;-15.126
2025-06-24;108.235;1.919;-15.381;-14.524
2025-06-25;108.213;1.924;-15.43;-14.623
2025-06-26;108.23;1.911;-15.385;-14.714
2025-06-27;108.121;1.944;-14.585;-13.957
2025-06-30;108.114;1.944;-15.67;-15.09
2025-07-01;108.169;1.924;-16.153;-15.591
2025-07-02;108.084;1.95;-15.282;-14.471
2025-07-03;108.163;1.916;-16.463;-15.828
2025-07-04;108.224;1.894;-17.233;-16.482
2025-07-07;108.113;1.928;-15.675;-14.878
2025-07-08;108.001;1.963;-14.941;-14.212
2025-07-09;108.038;1.948;-14.634;-14.448
2025-07-10;107.897;1.987;-13.826;-13.853
2025-07-11;107.883;1.99;-15.197;-15.195
2025-07-14;107.915;1.977;-15.646;-16.047
2025-07-15;107.96;1.959;-15.85;-16.106
2025-07-16;108.039;1.931;-15.953;-16.039
2025-07-17;108.014;1.932;-16.87;-16.703
2025-07-18;107.977;1.941;-16.92;-16.462
2025-07-21;108.128;1.889;-17.614;-17.329
2025-07-22;108.163;1.874;-18.156;-17.584
2025-07-23;108.057;1.907;-17.235;-16.677
2025-07-24;107.76;2.0;-15.781;-15.02
2025-07-25;107.702;2.017;-16.155;-15.516
2025-07-28;107.785;1.986;-16.345;-16.817
2025-07-29;107.707;2.01;-15.918;-16.04
2025-07-30;107.673;2.019;-15.98;-16.113
2025-07-31;107.64;2.023;-16.927;-16.557
2025-08-01;107.738;1.988;-17.206;-16.784
2025-08-04;107.831;1.954;-17.183;-17.174
2025-08-05;107.808;1.959;-16.649;-16.622
2025-08-06;107.764;1.972;-16.598;-16.762
2025-08-07;107.742;1.972;-16.749;-16.502
2025-08-08;107.608;2.015;-15.742;-15.601
2025-08-11;107.583;2.021;-15.231;-15.273
2025-08-12;107.539;2.034;-14.524;-14.809
2025-08-13;107.66;1.99;-15.037;-15.38
2025-08-14;107.598;2.004;-15.856;-15.986
2025-08-15;107.491;2.038;-15.36;-15.446
2025-08-18;107.522;2.025;-14.847;-15.37
2025-08-19;107.526;2.021;-14.641;-15.049
2025-08-20;107.602;1.993;-15.2;-15.495
2025-08-21;107.464;2.033;-15.601;-15.143
2025-08-22;107.542;2.003;-15.512;-14.77
2025-08-25;107.452;2.032;-15.492;-15.195
2025-08-26;107.556;1.994;-16.298;-15.839
2025-08-27;107.623;1.968;-16.012;-15.622
2025-08-28;107.548;1.986;-15.538;-14.858
2025-08-29;107.518;1.994;-15.144;-14.532
2025-09-01;107.461;2.012;-13.88;-13.913
2025-09-02;107.407;2.028;-14.582;-14.608
2025-09-03;107.467;2.005;-14.832;-15.003
2025-09-04;107.494;1.988;-17.095;-16.869
2025-09-05;107.627;1.939;-19.05;-18.749
2025-09-08;107.646;1.929;-18.85;-19.018
2025-09-09;107.551;1.96;-17.575;-17.755
2025-09-10;107.522;1.968;-17.76;-17.966
2025-09-11;107.395;2.005;-16.808;-16.666
2025-09-12;107.29;2.039;-17.197;-16.855
2025-09-15;107.28;2.041;-16.583;-16.417
2025-09-16;107.31;2.027;-16.838;-16.437
2025-09-17;107.329;2.018;-17.997;-17.517
2025-09-18;107.283;2.027;-18.431;-17.856
2025-09-19;107.232;2.043;-17.616;-17.175
2025-09-22;107.216;2.046;-16.535;-16.527
2025-09-23;107.203;2.048;-17.36;-17.117
2025-09-24;107.188;2.051;-17.438;-17.28
2025-09-25;107.115;2.069;-18.287;-17.758
2025-09-26;107.153;2.053;-19.09;-18.776
2025-09-29;107.167;2.046;-18.289;-18.185
2025-09-30;107.163;2.045;-18.222;-17.871
2025-10-01;107.174;2.038;-17.573;-16.998
2025-10-02;107.162;2.035;-18.171;-17.248
2025-10-03;107.135;2.042;-17.949;-17.187
2025-10-06;107.142;2.037;-18.016;-17.67
2025-10-07;107.155;2.03;-18.375;-18.115
2025-10-08;107.195;2.013;-17.565;-17.28
2025-10-09;107.134;2.027;-17.948;-17.313
2025-10-10;107.244;1.985;-18.893;-18.221
2025-10-13;107.294;1.964;-18.675;-18.454
2025-10-14;107.328;1.949;-18.924;-18.775
2025-10-15;107.368;1.932;-19.165;-18.904
2025-10-16;107.387;1.917;-19.629;-19.085
2025-10-17;107.391;1.913;-20.613;-20.153
2025-10-20;107.423;1.899;-22.047;-21.607
2025-10-21;107.394;1.907;-21.313;-21.149
2025-10-22;107.364;1.915;-20.446;-20.029
2025-10-23;107.288;1.935;-20.127;-19.323
2025-10-24;107.155;1.981;-20.107;-19.194
2025-10-27;107.143;1.982;-19.331;-19.018
2025-10-28;107.126;1.986;-19.804;-19.578
2025-10-29;107.123;1.985;-19.252;-18.953
2025-10-30;107.075;1.994;-20.567;-19.908
2025-10-31;107.121;1.975;-21.063;-20.535
2025-11-03;107.026;2.007;-20.327;-20.16
2025-11-04;107.046;1.997;-20.327;-20.019
2025-11-05;107.01;2.008;-19.784;-19.396
2025-11-06;107.038;1.99;-20.7;-19.983
2025-11-07;107.021;1.993;-21.126;-20.278
2025-11-10;106.971;2.009;-20.046;-19.501
2025-11-11;106.982;2.002;-20.273;-19.736
2025-11-12;106.989;1.997;-20.941;-20.549
2025-11-13;106.882;2.029;-21.212;-20.503
2025-11-14;106.829;2.047;-21.235;-20.417
2025-11-17;106.828;2.044;-21.669;-21.082
2025-11-18;106.876;2.024;-22.21;-21.903
2025-11-19;106.872;2.023;-21.94;-21.552
2025-11-20;106.838;2.027;-21.437;-20.459
2025-11-21;106.857;2.018;-21.202;-20.157
2025-11-24;106.855;2.016;-20.753;-19.941
2025-11-25;106.846;2.016;-20.77;-19.858
2025-11-26;106.831;2.019;-20.243;-19.3
2025-11-27;106.783;2.03;-20.172;-18.957
2025-11-28;106.773;2.031;-20.508;-19.193
2025-12-01;106.662;2.07;-19.229;-18.373
2025-12-02;106.674;2.063;-19.016;-18.136
2025-12-03;106.668;2.063;-18.717;-17.754
2025-12-04;106.595;2.083;-18.576;-17.534
2025-12-05;106.529;2.106;-19.475;-18.7
2025-12-08;106.356;2.17;-19.988;-19.464
2025-12-09;106.365;2.164;-20.076;-19.79
2025-12-10;106.306;2.184;-19.798;-19.473
2025-12-11;106.33;2.167;-20.705;-20.145
2025-12-12;106.326;2.166;-20.498;-19.905
2025-12-15;106.323;2.165;-20.613;-20.209
2025-12-16;106.347;2.153;-20.081;-19.71
2025-12-17;106.338;2.154;-20.452;-19.899
2025-12-18;106.325;2.151;-20.301;-19.552
2025-12-19;106.263;2.173;-19.802;-19.029
2025-12-22;106.268;2.168;-20.136;-19.558
2025-12-23;106.26;2.158;-20.209;-19.569
2025-12-24;106.26;2.155;-20.148;-19.509
2025-12-25;106.26;2.155;-20.519;-19.885
2025-12-29;106.322;2.128;-20.682;-20.127
2025-12-30;106.29;2.136;-20.123;-19.602
2025-12-31;106.29;2.128;-21.424;-20.499
2026-01-01;106.29;2.128;-21.012;-20.418
2026-01-02;106.203;2.16;-18.436;-17.88
2026-01-05;106.243;2.141;-19.366;-18.767
2026-01-06;106.301;2.115;-19.362;-18.739
2026-01-07;106.325;2.103;-18.547;-17.91
2026-01-08;106.29;2.109;-18.967;-18.41
2026-01-09;106.257;2.119;-19.15;-18.624
2026-01-12;106.28;2.107;-19.111;-18.92
2026-01-13;106.281;2.104;-19.151;-19.188
2026-01-14;106.325;2.084;-20.02;-20.079
2026-01-15;106.245;2.108;-20.083;-19.851
2026-01-16;106.207;2.12;-20.247;-20.029
2026-01-19;106.271;2.092;-21.008;-21.18
2026-01-20;106.283;2.084;-20.817;-20.88
2026-01-21;106.232;2.102;-20.625;-20.773
2026-01-22;106.146;2.129;-20.011;-19.757
2026-01-23;106.095;2.147;-19.911;-19.797
2026-01-26;106.161;2.117;-20.326;-20.415
2026-01-27;106.166;2.112;-19.692;-19.751
2026-01-28;106.211;2.091;-19.503;-19.472
2026-01-29;106.237;2.072;-20.268;-19.759
2026-01-30;106.215;2.078;-20.462;-20.153
2026-02-02;106.14;2.106;-19.473;-19.403
2026-02-03;106.121;2.111;-18.552;-18.624
2026-02-04;106.177;2.085;-20.321;-20.528
2026-02-05;106.162;2.083;-20.744;-20.574
2026-02-06;106.173;2.076;-20.133;-19.661
2026-02-09;106.18;2.07;-19.413;-18.892
2026-02-10;106.178;2.068;-19.329;-18.511
