;px_last;yld_ytm_mid;asset_swap_spd_mid;z_sprd_mid
2010-06-28;98.899;3.592;27.299;29.304
2010-06-29;99.301;3.558;26.807;28.701
2010-06-30;99.33;3.555;25.951;27.766
2010-07-01;100.116;3.49;21.566;22.951
2010-07-02;100.133;3.488;20.641;21.977
2010-07-05;100.896;3.425;17.652;18.699
2010-07-06;100.644;3.446;17.382;18.446
2010-07-07;100.517;3.456;17.406;18.48
2010-07-08;100.619;3.448;16.289;17.284
2010-07-09;100.783;3.434;15.843;16.801
2010-07-12;101.22;3.398;18.122;19.159
2010-07-13;100.775;3.435;18.046;19.132
2010-07-14;100.365;3.469;18.782;19.968
2010-07-15;100.479;3.459;16.992;18.051
2010-07-16;100.925;3.422;17.188;18.198
2010-07-19;100.168;3.485;17.793;18.944
2010-07-20;100.4;3.466;17.736;18.849
2010-07-21;100.376;3.468;16.957;18.047
2010-07-22;100.249;3.478;14.828;15.801
2010-07-23;100.373;3.468;12.218;12.995
2010-07-26;100.122;3.489;8.299;8.843
2010-07-27;100.168;3.485;7.956;8.471
2010-07-28;100.195;3.483;8.396;8.945
2010-07-29;100.353;3.47;8.731;9.296
2010-07-30;100.933;3.421;7.536;7.988
2010-08-02;100.665;3.444;5.479;5.823
2010-08-03;101.675;3.36;6.39;6.742
2010-08-04;102.009;3.333;4.667;4.913
2010-08-05;102.809;3.268;3.412;3.569
2010-08-06;103.353;3.224;4.222;4.4
2010-08-09;103.225;3.234;3.733;3.896
2010-08-10;102.77;3.271;8.224;8.607
2010-08-11;103.806;3.187;10.043;10.446
2010-08-12;103.827;3.185;11.116;11.555
2010-08-13;103.728;3.193;16.44;17.084
2010-08-16;104.537;3.129;22.595;23.298
2010-08-17;104.517;3.13;18.335;18.907
2010-08-18;105.123;3.082;16.371;16.818
2010-08-19;105.327;3.066;19.064;19.545
2010-08-20;105.955;3.016;20.254;20.673
2010-08-23;105.912;3.02;18.504;18.889
2010-08-24;106.979;2.937;23.031;23.327
2010-08-25;107.619;2.887;23.144;23.312
2010-08-26;107.643;2.885;25.377;25.531
2010-08-27;107.058;2.93;24.745;24.977
2010-08-30;107.62;2.887;;
2010-08-31;107.65;2.884;;
2010-09-01;106.256;2.992;;
2010-09-02;105.881;3.021;20.314;20.694
2010-09-03;105.113;3.082;15.646;16.033
2010-09-06;105.198;3.075;17.714;18.143
2010-09-07;106.064;3.007;18.335;18.673
2010-09-08;105.677;3.037;20.26;20.658
2010-09-09;105.513;3.05;16.484;16.83
2010-09-10;104.704;3.114;15.826;16.252
2010-09-13;104.289;3.147;14.743;15.192
2010-09-14;104.631;3.12;16.908;17.389
2010-09-15;103.833;3.183;16.418;16.975
2010-09-16;102.81;3.266;16.954;17.661
2010-09-17;103.551;3.206;14.65;15.184
2010-09-20;102.971;3.253;16.075;16.714
2010-09-21;103.294;3.227;15.236;15.807
2010-09-22;104.236;3.151;17.912;18.471
2010-09-23;104.795;3.106;16.105;16.552
2010-09-24;104.205;3.153;16.819;17.344
2010-09-27;105.094;3.082;18.097;18.54
2010-09-28;105.326;3.064;18.836;19.256
2010-09-29;105.346;3.062;18.612;19.018
2010-09-30;104.944;3.094;20.885;21.372
2010-10-01;104.885;3.098;19.868;20.348
2010-10-04;105.23;3.071;20.942;21.394
2010-10-05;104.92;3.095;19.124;19.591
2010-10-06;105.66;3.037;16.749;17.088
2010-10-07;105.12;3.079;16.657;17.058
2010-10-08;105.479;3.051;15.209;15.54
2010-10-11;105.291;3.066;16.913;17.296
2010-10-12;105.556;3.045;13.702;13.987
2010-10-13;105.081;3.082;17.997;18.439
2010-10-14;104.907;3.096;16.23;16.649
2010-10-15;104.189;3.153;15.902;16.395
2010-10-18;104.207;3.152;12.786;13.182
2010-10-19;103.817;3.183;12.722;13.148
2010-10-20;103.769;3.187;11.924;12.319
2010-10-21;103.162;3.236;12.806;13.268
2010-10-22;103.415;3.216;13.799;14.267
2010-10-25;103.935;3.173;10.473;10.796
2010-10-26;103.503;3.208;10.313;10.657
2010-10-27;102.851;3.261;10.824;11.234
2010-10-28;102.881;3.259;11.596;12.03
2010-10-29;103.215;3.232;13.387;13.854
2010-11-01;103.658;3.195;15.089;15.554
2010-11-02;103.742;3.189;16.893;17.39
2010-11-03;104.455;3.131;12.081;12.385
2010-11-04;104.004;3.167;16.952;17.449
2010-11-05;103.661;3.195;17.38;17.949
2010-11-08;103.667;3.194;16.761;17.311
2010-11-09;103.54;3.205;14.015;14.49
2010-11-10;103.45;3.212;12.447;12.88
2010-11-11;103.212;3.231;13.099;13.579
2010-11-12;102.465;3.293;11.976;12.475
2010-11-15;102.083;3.324;11.946;12.481
2010-11-16;101.309;3.388;11.115;11.681
2010-11-17;101.709;3.355;8.68;9.104
2010-11-18;100.549;3.452;5.783;6.129
2010-11-19;100.663;3.443;8.197;8.665
2010-11-22;100.966;3.417;10.066;10.617
2010-11-23;101.901;3.339;11.418;11.959
2010-11-24;100.648;3.444;9.121;9.648
2010-11-25;100.158;3.485;6.781;7.211
2010-11-26;100.053;3.494;7.351;7.82
2010-11-29;99.163;3.57;11.747;12.554
2010-11-30;99.837;3.513;12.338;13.13
2010-12-01;98.688;3.611;9.704;10.425
2010-12-02;98.686;3.612;6.003;6.462
2010-12-03;98.191;3.655;6.974;7.53
2010-12-06;98.237;3.651;7.525;8.127
2010-12-07;97.411;3.723;6.279;6.825
2010-12-08;97.012;3.758;7.68;8.351
2010-12-09;98.107;3.662;4.655;5.026
2010-12-10;98.292;3.646;0.031;0.053
2010-12-13;97.969;3.674;1.559;1.699
2010-12-14;97.503;3.715;;
2010-12-15;97.295;3.733;;
2010-12-16;96.86;3.772;0.608;0.679
2010-12-17;97.043;3.756;4.116;4.481
2010-12-20;97.88;3.682;0.679;0.75
2010-12-21;97.652;3.702;2.858;3.105
2010-12-22;97.923;3.678;3.349;3.631
2010-12-23;97.513;3.715;3.38;3.677
2010-12-24;97.489;3.717;3.036;3.306
2010-12-27;97.03;3.757;4.175;4.553
2010-12-28;97.561;3.71;-0.38;-0.396
2010-12-29;97.075;3.754;4.941;5.386
2010-12-30;97.493;3.717;5.107;5.543
2010-12-31;97.49;3.717;6.319;6.86
2011-01-03;97.962;3.675;7.998;8.65
2011-01-04;98.129;3.661;10.459;11.29
2011-01-05;97.395;3.725;9.106;9.878
2011-01-06;97.38;3.727;14.879;16.112
2011-01-07;97.405;3.725;18.245;19.747
2011-01-10;97.293;3.735;17.997;19.497
2011-01-11;97.022;3.759;17.685;19.204
2011-01-12;96.322;3.821;12.291;13.415
2011-01-13;96.812;3.777;12.726;13.801
2011-01-14;96.956;3.765;9.865;10.687
2011-01-17;96.813;3.778;11.683;12.669
2011-01-18;96.223;3.83;14.237;15.482
2011-01-19;96.414;3.813;11.703;12.725
2011-01-20;95.914;3.858;9.098;9.926
2011-01-21;96.256;3.828;8.399;9.135
2011-01-24;96.441;3.811;6.808;7.407
2011-01-25;96.278;3.826;10.756;11.707
2011-01-26;95.705;3.878;10.745;11.737
2011-01-27;95.323;3.912;13.636;14.907
2011-01-28;95.813;3.868;11.543;12.581
2011-01-31;95.705;3.878;8.436;9.203
2011-02-01;95.103;3.933;10.922;11.963
2011-02-02;94.78;3.962;11.303;12.402
2011-02-03;94.983;3.944;11.83;12.983
2011-02-04;94.68;3.972;11.274;12.39
2011-02-07;94.62;3.977;13.135;14.437
2011-02-08;94.34;4.003;13.082;14.405
2011-02-09;94.023;4.033;13.488;14.884
2011-02-10;94.07;4.029;13.604;15.006
2011-02-11;94.213;4.015;13.786;15.193
2011-02-14;94.158;4.021;12.618;13.928
2011-02-15;94.27;4.01;13.241;14.596
2011-02-16;94.768;3.965;14.012;15.386
2011-02-17;95.245;3.921;13.865;15.183
2011-02-18;94.68;3.973;13.297;14.614
2011-02-21;95.41;3.906;11.255;12.306
2011-02-22;95.908;3.861;11.379;12.382
2011-02-23;96.063;3.847;11.527;12.517
2011-02-24;96.038;3.849;11.587;12.592
2011-02-25;95.748;3.876;12.595;13.716
2011-02-28;95.498;3.898;14.782;16.122
2011-03-01;95.368;3.91;16.275;17.753
2011-03-02;95.105;3.935;15.724;17.189
2011-03-03;94.023;4.035;15.81;17.38
2011-03-04;94.688;3.973;15.508;16.952
2011-03-07;94.845;3.959;12.965;14.167
2011-03-08;94.305;4.009;14.343;15.738
2011-03-09;94.47;3.994;14.679;16.083
2011-03-10;94.905;3.954;13.733;15.005
2011-03-11;95.488;3.9;11.402;12.413
2011-03-14;95.478;3.901;11.185;12.176
2011-03-15;96.443;3.814;8.718;9.443
2011-03-16;96.905;3.772;9.951;10.743
2011-03-17;95.955;3.858;9.062;9.853
2011-03-18;95.665;3.885;9.17;9.984
2011-03-21;95.31;3.917;7.648;8.348
2011-03-22;95.015;3.944;8.822;9.652
2011-03-23;95.005;3.945;12.382;13.533
2011-03-24;94.663;3.977;9.808;10.759
2011-03-25;94.42;4.0;10.405;11.425
2011-03-28;94.313;4.01;11.398;12.524
2011-03-29;93.998;4.039;9.222;10.169
2011-03-30;94.078;4.032;9.819;10.807
2011-03-31;93.973;4.042;9.058;9.975
2011-04-01;93.723;4.065;9.314;10.269
2011-04-04;93.803;4.058;8.731;9.631
2011-04-05;93.573;4.08;9.257;10.223
2011-04-06;93.313;4.105;7.234;8.007
2011-04-07;93.463;4.09;7.762;8.588
2011-04-08;93.025;4.132;6.171;6.85
2011-04-11;93.048;4.13;4.676;5.19
2011-04-12;93.498;4.087;4.258;4.712
2011-04-13;93.476;4.09;7.3;8.075
2011-04-14;93.446;4.093;5.712;6.325
2011-04-15;93.951;4.045;5.635;6.212
2011-04-18;94.873;3.96;7.324;8.022
2011-04-19;94.921;3.955;3.925;4.281
2011-04-20;94.711;3.975;4.834;5.286
2011-04-21;94.881;3.959;5.7;6.254
2011-04-22;94.881;3.959;6.09;6.678
2011-04-25;94.881;3.959;5.473;6.005
2011-04-26;94.806;3.966;8.251;9.045
2011-04-27;94.458;3.999;6.535;7.184
2011-04-28;95.198;3.93;3.286;3.606
2011-04-29;95.421;3.91;5.486;5.99
2011-05-02;95.416;3.91;4.091;4.473
2011-05-03;94.838;3.964;8.087;8.851
2011-05-04;94.471;3.998;8.496;9.318
2011-05-05;95.133;3.936;8.65;9.45
2011-05-06;95.753;3.879;11.643;12.65
2011-05-09;96.116;3.846;10.818;11.731
2011-05-10;95.941;3.862;11.079;12.028
2011-05-11;95.878;3.868;12.363;13.433
2011-05-12;96.0;3.857;7.734;8.409
2011-05-13;96.336;3.826;9.627;10.434
2011-05-16;95.823;3.873;12.114;13.164
2011-05-17;96.198;3.839;9.099;9.872
2011-05-18;95.853;3.871;10.301;11.2
2011-05-19;95.898;3.867;10.537;11.448
2011-05-20;96.288;3.831;11.936;12.934
2011-05-23;96.693;3.794;12.85;13.888
2011-05-24;96.078;3.85;14.541;15.784
2011-05-25;96.336;3.827;12.618;13.679
2011-05-26;96.958;3.77;12.168;13.137
2011-05-27;97.158;3.752;10.511;11.348
2011-05-30;97.231;3.745;10.903;11.754
2011-05-31;96.736;3.79;12.196;13.187
2011-06-01;97.134;3.754;10.329;11.154
2011-06-02;97.306;3.739;5.203;5.624
2011-06-03;96.784;3.786;9.352;10.116
2011-06-06;97.008;3.766;9.684;10.459
2011-06-07;96.121;3.847;12.51;13.58
2011-06-08;96.386;3.823;13.053;14.152
2011-06-09;96.611;3.802;12.89;13.963
2011-06-10;97.291;3.74;13.989;15.084
2011-06-13;97.289;3.74;13.296;14.341
2011-06-14;96.643;3.799;12.159;13.182
2011-06-15;96.874;3.778;14.142;15.318
2011-06-16;96.747;3.79;11.371;12.352
2011-06-17;96.6;3.803;11.383;12.366
2011-06-20;96.351;3.826;12.108;13.176
2011-06-21;96.281;3.832;9.914;10.802
2011-06-22;96.578;3.805;10.385;11.292
2011-06-23;97.243;3.745;10.381;11.239
2011-06-24;97.365;3.734;11.152;12.059
2011-06-27;96.64;3.8;10.572;11.499
2011-06-28;96.403;3.822;8.067;8.795
2011-06-29;96.0;3.859;8.778;9.584
2011-06-30;95.838;3.874;10.444;11.398
2011-07-01;95.988;3.86;10.526;11.463
2011-07-04;96.123;3.848;11.462;12.457
2011-07-05;96.218;3.839;12.129;13.168
2011-07-06;96.54;3.809;13.664;14.803
2011-07-07;96.735;3.792;7.514;8.147
2011-07-08;97.72;3.702;8.377;9.021
2011-07-11;98.408;3.64;16.246;17.387
2011-07-12;97.765;3.698;19.0;20.402
2011-07-13;97.158;3.753;21.488;23.178
2011-07-14;97.25;3.745;20.578;22.196
2011-07-15;98.01;3.676;19.586;21.001
2011-07-18;98.41;3.64;18.893;20.18
2011-07-19;98.24;3.655;16.972;18.177
2011-07-20;97.648;3.709;11.861;12.782
2011-07-21;96.973;3.77;9.456;10.249
2011-07-22;97.54;3.719;9.774;10.541
2011-07-25;97.753;3.699;11.668;12.562
2011-07-26;98.075;3.67;12.25;13.147
2011-07-27;99.003;3.587;8.64;9.237
2011-07-28;98.735;3.611;10.61;11.36
2011-07-29;99.398;3.552;7.31;7.804
2011-08-01;99.843;3.513;5.41;5.767
2011-08-02;99.995;3.499;10.51;11.154
2011-08-03;99.825;3.514;8.88;9.456
2011-08-04;100.292;3.473;14.02;14.879
2011-08-05;100.343;3.469;-3.858;-4.065
2011-08-08;100.3;3.473;18.963;20.128
2011-08-09;98.915;3.595;25.867;27.698
2011-08-10;100.223;3.479;32.293;34.247
2011-08-11;100.06;3.494;22.964;24.429
2011-08-12;100.578;3.448;17.803;18.872
2011-08-15;100.7;3.437;14.568;15.446
2011-08-16;100.493;3.455;21.021;22.285
2011-08-17;101.975;3.327;15.73;16.519
2011-08-18;103.07;3.233;17.887;18.634
2011-08-19;103.233;3.219;15.699;16.335
2011-08-22;103.303;3.213;14.303;14.867
2011-08-23;102.743;3.261;17.401;18.14
2011-08-24;102.033;3.321;15.832;16.577
2011-08-25;101.885;3.334;15.505;16.291
2011-08-26;102.398;3.29;13.889;14.545
2011-08-29;101.65;3.354;14.871;15.638
2011-08-30;102.355;3.294;15.681;16.408
2011-08-31;101.415;3.375;17.301;18.213
2011-09-01;101.948;3.329;21.13;22.163
2011-09-02;102.908;3.246;18.577;19.398
2011-09-05;103.908;3.161;17.182;17.816
2011-09-06;103.723;3.177;20.276;21.026
2011-09-07;103.97;3.156;17.129;17.724
2011-09-08;104.9;3.078;13.345;13.75
2011-09-09;105.96;2.99;15.139;15.484
2011-09-12;105.668;3.014;23.118;23.62
2011-09-13;105.068;3.063;24.998;25.595
2011-09-14;104.088;3.145;25.916;26.696
2011-09-15;103.605;3.186;26.529;27.415
2011-09-16;104.805;3.085;27.055;27.723
2011-09-19;104.593;3.103;35.04;35.894
2011-09-20;104.463;3.114;37.588;38.5
2011-09-21;104.548;3.106;38.106;38.984
2011-09-22;105.748;3.006;37.904;38.431
2011-09-23;105.285;3.044;37.372;38.005
2011-09-26;104.855;3.08;39.102;39.868
2011-09-27;103.743;3.174;36.893;37.913
2011-09-28;103.08;3.23;36.443;37.572
2011-09-29;103.25;3.216;34.079;35.164
2011-09-30;104.458;3.113;33.542;34.318
2011-10-03;105.07;3.062;37.111;37.821
2011-10-04;105.072;3.062;37.547;38.259
2011-10-05;103.935;3.157;35.249;36.22
2011-10-06;102.833;3.251;38.618;39.931
2011-10-07;102.813;3.253;40.333;41.707
2011-10-10;101.758;3.344;41.357;43.051
2011-10-11;101.455;3.37;44.73;46.658
2011-10-12;100.305;3.472;41.205;43.337
2011-10-13;100.893;3.42;44.673;46.799
2011-10-14;99.355;3.556;50.673;53.634
2011-10-17;100.213;3.48;56.689;59.604
2011-10-18;99.315;3.56;67.142;70.987
2011-10-19;98.48;3.635;68.812;73.115
2011-10-20;99.04;3.585;69.472;73.493
2011-10-21;97.938;3.685;77.188;82.13
2011-10-24;96.993;3.772;82.044;87.859
2011-10-25;98.482;3.635;75.41;80.041
2011-10-26;100.005;3.498;64.655;68.024
2011-10-27;98.943;3.594;59.063;62.607
2011-10-28;98.043;3.675;66.741;71.2
2011-10-31;98.438;3.639;77.136;81.964
2011-11-01;99.84;3.513;75.291;79.255
2011-11-02;98.493;3.634;81.953;87.048
2011-11-03;97.813;3.697;81.796;87.429
2011-11-04;98.57;3.627;78.73;83.71
2011-11-07;98.133;3.667;85.084;90.661
2011-11-08;98.523;3.632;78.295;83.205
2011-11-09;97.785;3.699;101.859;108.34
2011-11-10;94.243;4.032;123.297;134.242
2011-11-11;94.633;3.995;112.446;122.301
2011-11-14;94.53;4.005;122.538;133.224
2011-11-15;91.75;4.276;139.97;155.053
2011-11-16;92.628;4.19;127.953;140.954
2011-11-17;93.425;4.112;117.854;129.12
2011-11-18;95.443;3.918;94.538;102.256
2011-11-21;95.667;3.897;96.783;104.52
2011-11-22;95.483;3.914;99.658;107.793
2011-11-23;94.268;4.031;106.774;116.336
2011-11-24;93.76;4.08;107.326;117.385
2011-11-25;93.97;4.06;103.666;113.291
2011-11-28;95.09;3.952;90.327;98.03
2011-11-29;96.03;3.863;80.263;86.674
2011-11-30;97.048;3.768;74.108;79.636
2011-12-01;99.102;3.58;63.684;67.548
2011-12-02;98.125;3.669;70.154;74.888
2011-12-05;98.822;3.605;58.83;62.523
2011-12-06;98.628;3.623;63.901;67.923
2011-12-07;98.818;3.606;67.773;71.901
2011-12-08;98.158;3.666;83.882;89.199
2011-12-09;99.223;3.569;67.942;71.87
2011-12-12;99.56;3.538;73.935;77.93
2011-12-13;99.828;3.514;74.098;77.902
2011-12-14;101.17;3.394;70.744;73.651
2011-12-15;101.898;3.33;63.557;65.933
2011-12-16;101.458;3.369;75.929;78.883
2011-12-19;100.693;3.437;76.762;80.212
2011-12-20;100.1;3.49;73.249;76.936
2011-12-21;100.15;3.485;72.247;75.864
2011-12-22;100.38;3.465;71.638;75.176
2011-12-23;100.88;3.42;68.052;71.194
2011-12-26;100.88;3.42;68.067;71.192
2011-12-27;101.415;3.373;68.412;71.325
2011-12-28;101.413;3.373;71.323;74.313
2011-12-29;100.63;3.442;78.628;82.313
2011-12-30;100.048;3.495;84.527;88.865
2012-01-02;98.8;3.608;87.207;92.45
2012-01-03;98.25;3.658;97.351;103.559
2012-01-04;97.578;3.72;100.704;107.624
2012-01-05;97.545;3.723;102.232;109.253
2012-01-06;97.498;3.728;104.215;111.355
2012-01-09;97.953;3.686;102.31;108.984
2012-01-10;98.605;3.626;96.803;102.7
2012-01-11;99.225;3.569;98.182;103.737
2012-01-12;100.653;3.44;88.853;93.067
2012-01-13;100.16;3.485;98.866;103.806
2012-01-16;100.572;3.448;94.194;98.673
2012-01-17;99.945;3.504;94.221;99.12
2012-01-18;99.313;3.561;100.479;106.078
2012-01-19;99.305;3.562;95.671;101.082
2012-01-20;99.87;3.511;85.756;90.414
2012-01-23;99.445;3.549;84.413;89.376
2012-01-24;99.07;3.583;84.226;89.394
2012-01-25;98.97;3.593;89.665;95.187
2012-01-26;99.205;3.571;92.198;97.763
2012-01-27;100.085;3.491;84.378;88.968
2012-01-30;100.16;3.485;90.503;95.255
2012-01-31;100.035;3.496;95.407;100.504
2012-02-01;100.238;3.478;90.682;95.545
2012-02-02;101.518;3.363;81.598;85.301
2012-02-03;101.383;3.375;73.136;76.623
2012-02-06;101.625;3.353;76.792;80.298
2012-02-07;101.375;3.376;72.491;75.94
2012-02-08;101.345;3.378;68.24;71.566
2012-02-09;101.673;3.349;63.591;66.556
2012-02-10;101.308;3.382;75.676;79.344
2012-02-13;101.493;3.365;72.672;76.066
2012-02-14;101.3;3.382;79.817;83.543
2012-02-15;100.95;3.414;85.27;89.435
2012-02-16;100.938;3.415;80.327;84.266
2012-02-17;100.888;3.419;78.687;82.58
2012-02-20;100.915;3.417;77.115;80.908
2012-02-21;100.838;3.424;75.854;79.683
2012-02-22;100.863;3.421;81.147;85.153
2012-02-23;101.053;3.404;81.99;85.894
2012-02-24;100.96;3.413;83.564;87.613
2012-02-27;100.813;3.426;88.94;93.308
2012-02-28;100.878;3.42;88.729;93.048
2012-02-29;101.423;3.371;83.437;87.185
2012-03-01;102.43;3.282;72.892;75.758
2012-03-02;102.438;3.281;77.546;80.584
2012-03-05;101.765;3.341;81.935;85.491
2012-03-06;101.178;3.393;86.093;90.141
2012-03-07;101.485;3.366;84.775;88.406
2012-03-08;102.235;3.299;76.578;79.712
2012-03-09;102.423;3.282;74.757;77.749
2012-03-12;102.238;3.299;76.369;79.528
2012-03-13;102.158;3.306;75.612;78.734
2012-03-14;101.623;3.353;69.012;72.202
2012-03-15;101.268;3.385;72.701;76.118
2012-03-16;100.825;3.425;69.2;72.725
2012-03-19;101.075;3.402;66.578;69.868
2012-03-20;100.955;3.413;70.274;73.776
2012-03-21;100.89;3.419;75.058;78.812
2012-03-22;100.973;3.411;77.337;81.16
2012-03-23;101.358;3.377;77.255;80.697
2012-03-26;101.538;3.361;71.237;74.527
2012-03-27;101.42;3.371;74.962;78.464
2012-03-28;101.385;3.374;77.478;81.123
2012-03-29;101.383;3.375;79.722;83.453
2012-03-30;101.97;3.322;75.884;79.114
2012-04-02;101.745;3.342;76.983;80.39
2012-04-03;101.51;3.363;77.343;80.87
2012-04-04;101.165;3.394;81.098;84.987
2012-04-05;100.49;3.455;90.38;95.144
2012-04-06;;;90.656;95.407
2012-04-09;100.49;3.455;90.656;95.408
2012-04-10;100.33;3.47;96.119;101.24
2012-04-11;100.833;3.424;89.334;93.802
2012-04-12;101.503;3.364;84.235;88.123
2012-04-13;100.898;3.418;91.819;96.373
2012-04-16;100.36;3.467;96.625;101.662
2012-04-17;100.333;3.47;94.37;99.383
2012-04-18;100.633;3.442;95.7;100.552
2012-04-19;100.018;3.498;99.631;105.078
2012-04-20;99.985;3.501;96.7;102.049
2012-04-23;99.968;3.503;99.891;105.361
2012-04-24;100.743;3.432;89.925;94.489
2012-04-25;101.11;3.399;83.69;87.813
2012-04-26;101.238;3.387;85.913;90.076
2012-04-27;101.09;3.401;87.904;92.267
2012-04-30;101.465;3.367;84.608;88.63
2012-05-01;101.428;3.37;87.329;91.572
2012-05-02;101.288;3.383;94.228;98.855
2012-05-03;101.678;3.347;93.087;97.389
2012-05-04;102.455;3.278;90.813;94.536
2012-05-07;102.863;3.242;88.672;92.097
2012-05-08;102.84;3.244;88.96;92.328
2012-05-09;102.28;3.293;93.698;97.467
2012-05-10;102.818;3.245;91.975;95.292
2012-05-11;103.018;3.228;94.779;97.891
2012-05-14;103.023;3.227;94.769;97.895
2012-05-15;102.265;3.294;106.775;110.613
2012-05-16;102.447;3.278;103.412;107.051
2012-05-17;102.48;3.275;106.012;109.629
2012-05-18;102.623;3.262;106.074;109.568
2012-05-21;102.663;3.259;105.663;109.126
2012-05-22;103.535;3.181;97.611;100.276
2012-05-23;103.97;3.143;103.486;105.863
2012-05-24;106.413;2.931;86.842;87.556
2012-05-25;106.458;2.928;88.029;88.754
2012-05-28;106.038;2.963;91.564;92.547
2012-05-29;106.178;2.951;93.149;93.996
2012-05-30;106.585;2.916;99.568;100.016
2012-05-31;107.977;2.798;96.664;96.222
2012-06-01;109.338;2.685;90.409;89.136
2012-06-04;108.917;2.72;94.471;93.401
2012-06-05;108.508;2.754;97.459;96.516
2012-06-06;107.635;2.827;95.681;95.362
2012-06-07;105.505;3.008;98.675;99.827
2012-06-08;106.163;2.951;98.475;99.007
2012-06-11;105.488;3.009;103.581;104.669
2012-06-12;103.74;3.162;109.861;112.369
2012-06-13;103.715;3.164;101.118;103.573
2012-06-14;104.19;3.122;96.35;98.457
2012-06-15;105.322;3.023;98.482;99.744
2012-06-18;104.753;3.073;97.077;98.819
2012-06-19;104.318;3.111;94.113;96.244
2012-06-20;104.233;3.118;88.774;90.857
2012-06-21;104.49;3.095;95.53;97.463
2012-06-22;104.815;3.067;90.643;92.438
2012-06-25;104.9;3.059;89.914;91.631
2012-06-26;104.28;3.114;97.226;99.488
2012-06-27;104.185;3.122;92.92;95.205
2012-06-28;103.845;3.152;97.266;99.856
2012-06-29;103.92;3.145;92.089;94.639
2012-07-02;104.908;3.058;84.08;85.89
2012-07-03;105.13;3.039;84.467;86.249
2012-07-04;105.218;3.031;88.14;89.967
2012-07-05;105.613;2.996;90.71;92.397
2012-07-06;107.375;2.845;78.647;79.337
2012-07-09;106.818;2.893;84.203;85.13
2012-07-10;107.278;2.853;79.69;80.377
2012-07-11;108.133;2.781;76.378;76.611
2012-07-12;108.945;2.712;70.883;70.835
2012-07-13;109.273;2.685;65.725;65.62
2012-07-16;110.42;2.59;57.438;56.979
2012-07-17;111.158;2.529;53.125;52.336
2012-07-18;110.947;2.546;58.609;57.883
2012-07-19;111.42;2.507;52.871;52.159
2012-07-20;111.468;2.503;57.221;56.395
2012-07-23;110.64;2.571;63.378;62.792
2012-07-24;109.2;2.69;69.962;69.905
2012-07-25;108.84;2.719;70.922;70.969
2012-07-26;109.613;2.655;61.707;61.529
2012-07-27;109.47;2.667;57.581;57.1
2012-07-30;110.03;2.62;53.474;53.298
2012-07-31;111.195;2.524;51.504;50.503
2012-08-01;110.845;2.552;48.049;47.592
2012-08-02;111.158;2.526;57.066;56.379
2012-08-03;110.768;2.558;43.876;43.599
2012-08-06;110.88;2.549;45.606;45.245
2012-08-07;110.323;2.595;42.901;42.756
2012-08-08;110.808;2.554;44.825;44.496
2012-08-09;110.852;2.55;45.88;45.545
2012-08-10;111.345;2.51;46.244;45.763
2012-08-13;111.1;2.53;47.181;46.776
2012-08-14;110.928;2.544;42.956;42.672
2012-08-15;110.308;2.594;45.329;45.165
2012-08-16;110.49;2.579;42.643;42.43
2012-08-17;110.583;2.571;46.105;45.862
2012-08-20;110.528;2.576;47.085;46.856
2012-08-21;110.17;2.605;46.525;46.361
2012-08-22;110.613;2.568;47.705;47.464
2012-08-23;111.435;2.5;48.871;48.335
2012-08-24;111.595;2.487;49.783;49.229
2012-08-27;111.425;2.501;50.808;50.277
2012-08-28;111.378;2.505;53.962;53.381
2012-08-29;110.558;2.572;57.938;57.604
2012-08-30;110.23;2.599;66.108;65.774
2012-08-31;109.805;2.634;67.697;67.576
2012-09-03;108.99;2.702;70.791;71.013
2012-09-04;108.828;2.715;71.853;72.046
2012-09-05;108.78;2.719;68.137;68.522
2012-09-06;108.54;2.739;62.355;62.877
2012-09-07;109.123;2.69;59.109;59.345
2012-09-10;108.603;2.734;63.179;63.66
2012-09-11;109.52;2.656;55.722;55.906
2012-09-12;109.013;2.699;53.954;52.759
2012-09-13;109.428;2.664;55.001;55.178
2012-09-14;108.48;2.743;50.585;51.086
2012-09-17;108.228;2.765;56.984;57.609
2012-09-18;108.605;2.733;54.347;54.828
2012-09-19;108.315;2.757;61.167;61.826
2012-09-20;108.278;2.76;67.413;68.132
2012-09-21;108.387;2.75;64.48;65.21
2012-09-24;108.563;2.735;66.49;67.141
2012-09-25;108.388;2.75;66.125;66.347
2012-09-26;109.38;2.666;63.572;63.758
2012-09-27;109.358;2.668;64.842;65.016
2012-09-28;109.6;2.647;63.951;64.063
2012-10-01;109.443;2.66;62.657;62.849
2012-10-02;109.393;2.664;60.938;61.173
2012-10-03;109.408;2.663;63.038;63.265
2012-10-04;109.645;2.643;59.896;60.057
2012-10-05;109.58;2.648;55.639;55.857
2012-10-08;109.667;2.64;60.666;60.65
2012-10-09;110.165;2.599;56.612;56.59
2012-10-10;110.553;2.566;52.646;52.539
2012-10-11;110.703;2.553;51.507;51.372
2012-10-12;111.088;2.521;51.499;51.007
2012-10-15;111.17;2.514;46.935;46.688
2012-10-16;110.403;2.578;47.71;47.641
2012-10-17;109.93;2.617;44.572;44.716
2012-10-18;110.01;2.61;46.316;46.37
2012-10-19;110.443;2.574;45.555;45.482
2012-10-22;110.15;2.598;45.379;45.384
2012-10-23;110.023;2.608;49.009;49.019
2012-10-24;109.845;2.623;52.155;51.918
2012-10-25;109.563;2.647;51.259;51.513
2012-10-26;109.655;2.639;53.766;53.888
2012-10-29;109.668;2.637;57.726;57.855
2012-10-30;109.718;2.633;56.915;57.04
2012-10-31;109.713;2.633;57.986;58.087
2012-11-01;109.977;2.611;57.416;57.414
2012-11-02;110.015;2.607;57.561;57.508
2012-11-05;110.198;2.592;58.25;58.162
2012-11-06;110.31;2.582;55.89;55.807
2012-11-07;110.61;2.557;58.256;58.048
2012-11-08;110.863;2.536;55.913;55.705
2012-11-09;111.258;2.503;55.401;55.023
2012-11-12;111.545;2.479;53.045;52.625
2012-11-13;111.878;2.451;52.795;51.844
2012-11-14;111.395;2.49;55.963;55.548
2012-11-15;111.253;2.502;57.051;56.672
2012-11-16;111.227;2.504;57.017;56.618
2012-11-19;111.248;2.502;55.217;54.855
2012-11-20;110.47;2.567;56.682;56.603
2012-11-21;110.008;2.605;58.785;58.829
2012-11-22;109.875;2.616;60.513;60.27
2012-11-23;109.973;2.608;59.145;59.081
2012-11-26;110.105;2.597;59.326;59.315
2012-11-27;110.618;2.553;53.924;53.79
2012-11-28;111.59;2.472;52.037;51.586
2012-11-29;111.828;2.452;50.393;49.911
2012-11-30;111.788;2.455;50.321;49.855
2012-12-03;111.738;2.459;48.609;48.192
2012-12-04;111.875;2.448;49.549;49.101
2012-12-05;112.188;2.421;50.712;50.058
2012-12-06;112.448;2.4;53.615;52.899
2012-12-07;112.643;2.384;52.452;51.799
2012-12-10;112.713;2.378;51.655;50.954
2012-12-11;112.663;2.382;52.452;51.738
2012-12-12;112.595;2.387;51.326;50.433
2012-12-13;112.47;2.397;51.371;50.491
2012-12-14;112.762;2.373;49.288;48.575
2012-12-17;112.328;2.408;52.166;51.518
2012-12-18;111.863;2.446;54.083;53.359
2012-12-19;112.245;2.414;48.963;48.224
2012-12-20;112.58;2.386;48.231;47.568
2012-12-21;112.675;2.378;51.059;50.317
2012-12-24;112.675;2.377;47.981;47.279
2012-12-25;112.675;2.377;;
2012-12-26;112.675;2.377;;
2012-12-27;112.947;2.355;52.201;51.317
2012-12-28;112.625;2.381;55.701;54.868
2012-12-31;112.643;2.379;55.23;54.044
2013-01-01;112.643;2.379;54.862;54.051
2013-01-02;111.355;2.486;55.495;55.145
2013-01-03;110.69;2.541;56.434;56.345
2013-01-04;110.322;2.572;54.089;54.072
2013-01-07;110.738;2.537;54.681;54.492
2013-01-08;110.755;2.536;57.786;57.348
2013-01-09;110.77;2.534;58.108;57.902
2013-01-10;110.203;2.582;54.011;54.066
2013-01-11;110.278;2.575;49.647;49.645
2013-01-14;110.338;2.57;52.137;52.055
2013-01-15;110.588;2.549;52.79;52.609
2013-01-16;110.443;2.56;56.708;56.491
2013-01-17;109.858;2.61;57.998;57.939
2013-01-18;110.833;2.527;54.663;54.192
2013-01-21;110.165;2.583;58.71;58.451
2013-01-22;110.41;2.563;56.86;56.629
2013-01-23;110.463;2.558;57.762;57.466
2013-01-24;109.988;2.598;59.965;58.542
2013-01-25;109.62;2.629;56.318;55.971
2013-01-28;109.278;2.658;53.843;53.839
2013-01-29;109.36;2.651;54.051;54.023
2013-01-30;109.26;2.659;51.776;51.406
2013-01-31;109.667;2.624;49.944;49.803
2013-02-01;109.66;2.625;49.377;49.314
2013-02-04;109.488;2.639;55.306;55.283
2013-02-05;109.01;2.68;55.809;55.938
2013-02-06;108.795;2.698;57.997;58.196
2013-02-07;109.053;2.676;58.856;59.033
2013-02-08;109.123;2.67;56.888;57.078
2013-02-11;108.982;2.682;57.376;57.624
2013-02-12;108.923;2.687;55.753;56.031
2013-02-13;108.645;2.711;53.689;54.054
2013-02-14;108.73;2.703;54.62;54.981
2013-02-15;108.663;2.709;54.286;54.696
2013-02-18;108.758;2.7;55.388;55.766
2013-02-19;108.88;2.69;55.256;55.438
2013-02-20;108.67;2.708;53.532;53.215
2013-02-21;109.163;2.665;54.962;55.055
2013-02-22;109.153;2.665;56.242;56.163
2013-02-25;109.023;2.677;57.353;57.719
2013-02-26;109.748;2.614;56.897;57.013
2013-02-27;109.688;2.619;58.611;58.392
2013-02-28;109.795;2.609;60.038;60.117
2013-03-01;110.322;2.564;59.557;59.474
2013-03-04;110.393;2.558;58.302;57.522
2013-03-05;109.98;2.593;58.168;58.179
2013-03-06;109.848;2.604;60.436;60.527
2013-03-07;109.955;2.595;56.342;56.378
2013-03-08;109.968;2.593;53.78;53.826
2013-03-11;109.885;2.6;55.116;55.195
2013-03-12;109.993;2.591;57.316;57.365
2013-03-13;110.048;2.586;57.078;57.101
2013-03-14;110.143;2.578;56.364;56.366
2013-03-15;110.343;2.56;56.748;56.68
2013-03-18;110.785;2.522;56.399;55.927
2013-03-19;111.263;2.482;56.272;55.816
2013-03-20;111.065;2.498;54.625;54.224
2013-03-21;111.485;2.462;53.682;53.161
2013-03-22;111.295;2.478;54.568;54.078
2013-03-25;111.14;2.491;59.888;59.205
2013-03-26;110.663;2.531;60.104;59.804
2013-03-27;111.158;2.489;59.023;58.576
2013-03-28;110.998;2.502;58.946;58.479
2013-03-29;110.998;2.502;58.143;57.704
2013-04-01;110.998;2.502;58.147;57.706
2013-04-02;111.102;2.493;59.373;58.974
2013-04-03;111.28;2.477;58.188;57.699
2013-04-04;112.56;2.369;53.011;52.202
2013-04-05;114.238;2.23;43.676;42.578
2013-04-08;114.733;2.189;37.567;36.52
2013-04-09;114.31;2.223;38.145;37.114
2013-04-10;113.355;2.302;42.569;41.713
2013-04-11;113.425;2.296;43.384;42.505
2013-04-12;113.593;2.282;45.081;44.126
2013-04-15;113.695;2.273;46.35;45.351
2013-04-16;113.443;2.294;47.256;45.26
2013-04-17;113.69;2.273;47.44;46.418
2013-04-18;113.718;2.27;48.814;47.779
2013-04-19;113.58;2.281;47.532;46.545
2013-04-22;114.103;2.238;46.783;45.679
2013-04-23;114.283;2.223;45.952;44.818
2013-04-24;114.283;2.222;47.117;45.936
2013-04-25;114.208;2.228;49.141;47.907
2013-04-26;114.305;2.219;50.571;49.253
2013-04-29;114.285;2.221;52.875;51.496
2013-04-30;114.733;2.183;48.028;46.654
2013-05-01;114.733;2.183;48.662;47.266
2013-05-02;115.308;2.136;47.317;45.841
2013-05-03;114.75;2.181;41.076;39.986
2013-05-06;114.905;2.168;38.196;37.172
2013-05-07;114.405;2.209;38.558;37.603
2013-05-08;114.7;2.184;37.896;36.905
2013-05-09;114.453;2.205;40.457;39.448
2013-05-10;113.11;2.316;42.49;41.757
2013-05-13;113.243;2.305;44.764;43.955
2013-05-14;113.255;2.304;44.044;43.247
2013-05-15;113.245;2.304;43.445;42.668
2013-05-16;113.963;2.244;41.254;40.384
2013-05-17;114.153;2.228;40.792;39.884
2013-05-20;113.933;2.246;37.157;36.404
2013-05-21;113.68;2.267;36.852;36.154
2013-05-22;113.72;2.263;37.507;36.775
2013-05-23;113.275;2.3;38.79;38.099
2013-05-24;113.258;2.301;39.975;39.238
2013-05-27;112.92;2.329;39.837;39.197
2013-05-28;112.423;2.371;42.412;41.844
2013-05-29;111.863;2.418;42.557;42.098
2013-05-30;111.352;2.461;47.749;47.377
2013-05-31;111.4;2.457;48.723;48.324
2013-06-03;111.22;2.472;46.829;46.529
2013-06-04;111.18;2.475;46.566;46.245
2013-06-05;111.448;2.452;45.542;45.154
2013-06-06;111.0;2.49;48.121;47.771
2013-06-07;110.75;2.512;48.396;48.063
2013-06-10;110.153;2.563;49.24;49.082
2013-06-11;109.863;2.588;46.92;46.857
2013-06-12;110.025;2.574;48.362;48.24
2013-06-13;110.26;2.553;48.089;47.914
2013-06-14;111.05;2.484;46.819;46.441
2013-06-17;110.96;2.492;47.459;47.11
2013-06-18;110.477;2.534;46.953;46.751
2013-06-19;110.665;2.517;46.142;45.875
2013-06-20;109.068;2.656;47.275;47.405
2013-06-21;108.553;2.702;45.725;45.947
2013-06-24;107.333;2.811;47.723;48.289
2013-06-25;107.233;2.819;51.628;52.264
2013-06-26;107.798;2.768;48.936;49.469
2013-06-27;108.4;2.714;49.446;49.767
2013-06-28;108.403;2.714;48.734;49.071
2013-07-01;108.593;2.697;47.406;47.659
2013-07-02;108.705;2.687;48.245;48.489
2013-07-03;109.088;2.653;47.242;47.373
2013-07-04;109.44;2.621;44.431;44.527
2013-07-05;108.87;2.672;42.882;43.207
2013-07-08;109.125;2.649;41.575;41.836
2013-07-09;109.235;2.639;45.04;45.296
2013-07-10;109.19;2.642;44.002;44.249
2013-07-11;109.42;2.622;44.587;44.737
2013-07-12;109.743;2.593;47.368;47.368
2013-07-15;109.55;2.61;46.95;47.027
2013-07-16;109.625;2.603;49.096;49.132
2013-07-17;109.613;2.604;50.295;50.34
2013-07-18;109.73;2.594;51.869;51.88
2013-07-19;109.47;2.616;53.322;53.422
2013-07-22;109.512;2.612;53.518;53.574
2013-07-23;109.428;2.62;50.678;50.757
2013-07-24;109.093;2.649;45.64;45.837
2013-07-25;109.1;2.648;42.869;43.061
2013-07-26;108.973;2.659;44.416;44.654
2013-07-29;108.993;2.657;44.598;44.815
2013-07-30;109.053;2.652;43.03;43.235
2013-07-31;109.52;2.61;39.212;39.281
2013-08-01;109.663;2.597;37.743;37.782
2013-08-02;109.898;2.576;36.481;36.461
2013-08-05;109.175;2.64;40.089;40.255
2013-08-06;109.098;2.647;39.356;39.541
2013-08-07;109.33;2.626;38.448;38.558
2013-08-08;109.398;2.62;37.819;37.926
2013-08-09;109.485;2.612;38.06;38.129
2013-08-12;109.26;2.631;39.139;39.29
2013-08-13;108.09;2.736;39.092;39.555
2013-08-14;108.107;2.734;37.753;38.175
2013-08-15;107.365;2.801;38.217;38.841
2013-08-16;107.563;2.783;36.675;37.225
2013-08-19;107.253;2.811;38.235;38.866
2013-08-20;107.598;2.779;40.629;41.186
2013-08-21;107.265;2.809;40.504;41.173
2013-08-22;106.903;2.842;38.519;39.256
2013-08-23;107.045;2.829;36.284;36.915
2013-08-26;107.31;2.805;37.266;37.831
2013-08-27;107.405;2.796;41.533;42.104
2013-08-28;107.068;2.826;41.712;42.424
2013-08-29;107.08;2.825;42.724;43.428
2013-08-30;106.845;2.846;44.402;45.215
2013-09-02;106.59;2.87;42.888;43.74
2013-09-03;106.265;2.9;43.248;44.169
2013-09-04;106.143;2.91;43.956;44.925
2013-09-05;105.248;2.993;42.602;43.796
2013-09-06;105.915;2.931;44.944;45.937
2013-09-09;105.565;2.964;46.472;47.669
2013-09-10;104.968;3.019;46.149;47.482
2013-09-11;105.275;2.99;45.7;46.95
2013-09-12;105.455;2.973;48.569;49.85
2013-09-13;105.678;2.953;49.02;50.22
2013-09-16;106.153;2.908;48.313;49.363
2013-09-17;106.23;2.901;45.411;46.414
2013-09-18;106.11;2.912;42.438;43.433
2013-09-19;106.885;2.84;40.746;41.567
2013-09-20;106.613;2.865;40.431;41.308
2013-09-23;106.818;2.846;41.441;42.281
2013-09-24;107.53;2.781;41.547;42.751
2013-09-25;107.693;2.766;41.833;43.738
2013-09-26;107.568;2.777;42.89;44.227
2013-09-27;107.795;2.756;44.983;46.48
2013-09-30;108.008;2.737;43.585;45.193
2013-10-01;107.945;2.742;42.096;42.616
2013-10-02;107.685;2.766;43.229;43.827
2013-10-03;107.595;2.774;43.893;44.525
2013-10-04;107.358;2.795;40.802;41.455
2013-10-07;107.653;2.768;41.856;42.452
2013-10-08;107.68;2.766;40.826;41.392
2013-10-09;107.72;2.762;40.228;40.773
2013-10-10;107.318;2.798;39.44;40.085
2013-10-11;107.37;2.793;40.338;40.995
2013-10-14;107.428;2.788;40.482;41.131
2013-10-15;106.948;2.832;40.128;40.911
2013-10-16;106.86;2.84;39.456;40.239
2013-10-17;107.378;2.792;40.59;41.266
2013-10-18;107.668;2.765;41.695;42.318
2013-10-21;107.558;2.775;41.673;42.323
2013-10-22;108.328;2.705;39.982;40.419
2013-10-23;108.65;2.675;39.975;40.329
2013-10-24;108.688;2.672;39.063;39.394
2013-10-25;108.743;2.666;39.713;40.015
2013-10-28;108.828;2.659;38.998;39.275
2013-10-29;109.005;2.642;38.991;39.233
2013-10-30;109.308;2.615;41.227;41.393
2013-10-31;109.653;2.584;39.557;39.672
2013-11-01;109.665;2.582;37.884;38.017
2013-11-04;109.693;2.58;39.17;39.29
2013-11-05;108.935;2.648;39.572;39.877
2013-11-06;108.825;2.657;39.875;40.226
2013-11-07;109.41;2.604;40.21;40.444
2013-11-08;108.778;2.661;38.46;38.856
2013-11-11;108.795;2.659;38.46;38.857
2013-11-12;108.283;2.706;39.663;40.21
2013-11-13;108.898;2.65;39.468;39.87
2013-11-14;109.3;2.613;39.62;39.899
2013-11-15;109.173;2.624;40.219;40.527
2013-11-18;109.343;2.609;40.833;41.091
2013-11-19;109.038;2.636;40.217;40.555
2013-11-20;108.99;2.64;41.192;41.574
2013-11-21;108.795;2.658;42.549;42.988
2013-11-22;109.0;2.639;40.997;41.351
2013-11-25;109.15;2.625;42.18;42.488
2013-11-26;109.355;2.607;43.513;43.752
2013-11-27;109.06;2.633;42.787;43.126
2013-11-28;109.208;2.619;42.64;42.929
2013-11-29;109.393;2.602;41.339;41.57
2013-12-02;109.123;2.627;39.777;40.084
2013-12-03;109.5;2.592;39.073;39.277
2013-12-04;108.77;2.658;37.969;38.36
2013-12-05;108.528;2.68;36.872;37.293
2013-12-06;108.598;2.673;37.244;37.644
2013-12-09;108.64;2.669;36.18;36.566
2013-12-10;108.725;2.662;36.812;37.18
2013-12-11;108.873;2.648;37.403;37.727
2013-12-12;108.572;2.675;39.904;40.299
2013-12-13;108.758;2.658;40.277;40.626
2013-12-16;108.63;2.669;40.243;40.619
2013-12-17;108.653;2.667;41.085;41.469
2013-12-18;108.528;2.678;39.362;39.755
2013-12-19;108.353;2.694;38.281;38.721
2013-12-20;108.408;2.689;37.932;38.332
2013-12-23;108.188;2.708;38.044;38.492
2013-12-24;108.218;2.705;38.564;39.002
2013-12-25;108.218;2.705;37.994;38.432
2013-12-26;108.218;2.705;37.463;37.886
2013-12-27;107.34;2.786;39.345;40.024
2013-12-30;107.46;2.775;40.724;41.392
2013-12-31;107.533;2.768;40.204;40.836
2014-01-01;107.533;2.768;39.585;40.19
2014-01-02;107.43;2.777;39.593;40.255
2014-01-03;107.43;2.777;39.658;40.333
2014-01-06;107.623;2.759;41.023;41.662
2014-01-07;107.925;2.731;39.563;40.102
2014-01-08;107.745;2.747;37.494;38.054
2014-01-09;107.068;2.81;41.885;42.681
2014-01-10;107.727;2.749;41.455;42.091
2014-01-13;107.953;2.728;41.684;42.267
2014-01-14;108.26;2.699;39.14;39.595
2014-01-15;108.15;2.709;38.757;39.226
2014-01-16;108.488;2.678;39.536;39.945
2014-01-17;108.885;2.641;39.21;39.528
2014-01-20;109.12;2.619;39.02;39.273
2014-01-21;108.938;2.636;41.301;41.609
2014-01-22;108.608;2.666;42.328;42.717
2014-01-23;108.828;2.645;44.25;44.564
2014-01-24;109.395;2.593;42.7;42.847
2014-01-27;109.57;2.577;40.818;40.916
2014-01-28;109.563;2.578;40.095;40.207
2014-01-29;109.768;2.558;40.618;40.682
2014-01-30;110.045;2.533;39.732;39.733
2014-01-31;110.793;2.465;37.775;37.618
2014-02-03;110.933;2.453;37.387;37.197
2014-02-04;110.753;2.469;39.139;38.978
2014-02-05;110.778;2.466;40.537;40.358
2014-02-06;110.262;2.512;40.005;39.936
2014-02-07;110.633;2.479;39.636;39.497
2014-02-10;110.21;2.517;41.593;41.546
2014-02-11;110.167;2.52;41.816;41.785
2014-02-12;109.925;2.542;41.945;41.985
2014-02-13;110.248;2.512;43.002;42.952
2014-02-14;110.16;2.52;42.824;42.795
2014-02-17;110.098;2.526;42.6;42.598
2014-02-18;110.385;2.499;41.371;41.299
2014-02-19;110.375;2.5;42.374;42.299
2014-02-20;109.98;2.536;42.441;42.477
2014-02-21;110.352;2.501;40.927;40.865
2014-02-24;110.178;2.517;40.948;40.93
2014-02-25;110.655;2.474;40.134;39.987
2014-02-26;111.03;2.439;39.738;39.5
2014-02-27;111.735;2.376;38.331;37.937
2014-02-28;110.968;2.444;39.947;39.693
2014-03-03;111.65;2.383;40.132;39.7
2014-03-04;111.26;2.418;40.045;39.726
2014-03-05;111.21;2.422;39.442;39.153
2014-03-06;110.745;2.464;39.809;39.618
2014-03-07;110.8;2.458;37.843;37.648
2014-03-10;110.895;2.45;39.979;39.748
2014-03-11;110.583;2.478;40.922;40.773
2014-03-12;110.905;2.448;41.859;41.626
2014-03-13;111.435;2.4;42.561;42.173
2014-03-14;111.583;2.386;40.321;39.919
2014-03-17;111.48;2.395;39.225;38.861
2014-03-18;111.6;2.384;38.206;37.83
2014-03-19;111.193;2.421;39.184;38.887
2014-03-20;110.982;2.439;37.28;37.033
2014-03-21;111.338;2.407;35.485;35.161
2014-03-24;111.758;2.369;36.457;36.039
2014-03-25;111.713;2.373;38.215;37.789
2014-03-26;111.828;2.362;38.39;37.943
2014-03-27;112.223;2.326;37.794;37.269
2014-03-28;112.283;2.321;36.628;36.097
2014-03-31;112.068;2.34;37.112;36.618
2014-04-01;111.808;2.363;39.48;38.999
2014-04-02;111.398;2.399;38.787;38.4
2014-04-03;111.643;2.377;37.904;37.497
2014-04-04;112.498;2.3;35.926;35.368
2014-04-07;112.352;2.313;38.583;38.009
2014-04-08;112.193;2.327;37.326;36.812
2014-04-09;111.995;2.344;36.8;36.33
2014-04-10;112.663;2.284;36.22;35.615
2014-04-11;112.813;2.27;36.509;35.861
2014-04-14;112.84;2.268;34.322;33.725
2014-04-15;113.488;2.209;33.606;32.888
2014-04-16;113.485;2.209;32.412;31.72
2014-04-17;113.143;2.239;32.884;32.246
2014-04-18;113.143;2.239;29.989;29.422
2014-04-21;113.143;2.239;30.348;29.775
2014-04-22;112.88;2.262;33.65;33.043
2014-04-23;112.955;2.255;33.534;32.913
2014-04-24;112.93;2.257;33.037;32.415
2014-04-25;113.305;2.223;34.026;33.292
2014-04-28;113.083;2.243;34.92;34.216
2014-04-29;113.048;2.245;34.93;34.251
2014-04-30;113.64;2.192;32.116;31.381
2014-05-01;113.64;2.192;31.9;31.169
2014-05-02;113.893;2.169;31.051;30.309
2014-05-05;113.74;2.183;31.113;30.394
2014-05-06;113.848;2.173;29.934;29.222
2014-05-07;113.683;2.187;30.738;30.022
2014-05-08;114.158;2.144;29.212;28.48
2014-05-09;114.033;2.155;28.831;28.143
2014-05-12;113.793;2.176;31.152;30.444
2014-05-13;114.178;2.142;32.959;32.138
2014-05-14;114.948;2.073;31.727;30.799
2014-05-15;115.428;2.031;33.696;32.599
2014-05-16;115.145;2.055;33.007;31.987
2014-05-19;114.878;2.078;33.782;32.78
2014-05-20;114.57;2.105;35.485;34.488
2014-05-21;114.473;2.113;34.109;33.178
2014-05-22;114.753;2.088;33.246;32.288
2014-05-23;114.778;2.086;32.125;31.201
2014-05-26;114.65;2.097;33.011;32.09
2014-05-27;115.013;2.064;33.049;32.067
2014-05-28;115.727;2.001;32.093;30.983
2014-05-29;115.52;2.019;32.379;31.305
2014-05-30;115.168;2.049;34.009;32.95
2014-06-02;115.063;2.058;34.35;33.308
2014-06-03;114.58;2.101;35.322;34.336
2014-06-04;114.25;2.129;36.124;35.198
2014-06-05;114.78;2.082;34.495;33.535
2014-06-06;115.698;2.001;31.682;30.642
2014-06-09;115.72;1.999;29.598;28.623
2014-06-10;115.115;2.051;32.274;31.334
2014-06-11;115.07;2.055;32.006;31.094
2014-06-12;114.935;2.066;33.137;32.224
2014-06-13;115.213;2.041;33.199;32.223
2014-06-16;115.253;2.038;34.681;33.638
2014-06-17;114.763;2.081;35.507;34.524
2014-06-18;115.093;2.051;35.223;34.18
2014-06-19;115.91;1.979;33.086;31.947
2014-06-20;115.653;2.001;32.602;31.521
2014-06-23;115.823;1.986;33.254;32.12
2014-06-24;116.063;1.964;31.204;30.108
2014-06-25;116.838;1.896;29.78;28.579
2014-06-26;117.075;1.875;29.601;28.371
2014-06-27;116.845;1.895;30.21;28.98
2014-06-30;116.988;1.882;30.455;29.197
2014-07-01;116.9;1.889;30.68;29.434
2014-07-02;116.375;1.934;30.86;29.706
2014-07-03;116.648;1.91;27.4;26.344
2014-07-04;116.888;1.889;27.12;26.034
2014-07-07;116.893;1.888;28.14;27.009
2014-07-08;117.37;1.846;27.692;26.508
2014-07-09;117.245;1.856;27.73;26.564
2014-07-10;117.455;1.838;29.305;28.02
2014-07-11;117.428;1.84;29.096;27.827
2014-07-14;117.375;1.844;29.265;27.992
2014-07-15;117.538;1.83;28.992;27.7
2014-07-16;117.778;1.808;28.378;27.059
2014-07-17;118.213;1.77;28.826;27.411
2014-07-18;118.245;1.767;28.711;27.288
2014-07-21;118.428;1.751;27.901;26.491
2014-07-22;118.338;1.758;26.699;25.366
2014-07-23;118.663;1.73;24.871;23.586
2014-07-24;118.328;1.758;24.475;23.261
2014-07-25;118.628;1.732;25.238;23.937
2014-07-28;118.763;1.72;25.474;24.127
2014-07-29;119.27;1.676;24.064;22.72
2014-07-30;118.727;1.722;22.252;21.088
2014-07-31;118.895;1.707;21.697;20.541
2014-08-01;119.008;1.697;22.445;21.229
2014-08-04;119.02;1.696;21.928;20.738
2014-08-05;118.503;1.74;22.997;21.829
2014-08-06;119.038;1.693;24.782;23.424
2014-08-07;119.463;1.656;24.866;23.443
2014-08-08;119.773;1.629;21.893;20.604
2014-08-11;119.625;1.642;22.535;21.231
2014-08-12;119.673;1.637;22.007;20.734
2014-08-13;120.025;1.606;21.652;20.351
2014-08-14;120.313;1.581;21.076;19.777
2014-08-15;121.068;1.517;21.805;20.354
2014-08-18;120.185;1.592;24.157;22.659
2014-08-19;120.483;1.566;23.944;22.427
2014-08-20;120.66;1.55;25.12;23.495
2014-08-21;120.593;1.555;25.474;23.832
2014-08-22;120.775;1.539;25.557;23.88
2014-08-25;121.443;1.483;20.211;18.819
2014-08-26;121.83;1.45;22.442;20.853
2014-08-27;122.063;1.43;23.55;21.84
2014-08-28;122.232;1.415;24.957;23.096
2014-08-29;122.012;1.433;25.497;23.64
2014-09-01;121.915;1.441;26.625;24.691
2014-09-02;121.203;1.5;27.313;25.448
2014-09-03;120.935;1.521;27.543;25.72
2014-09-04;121.128;1.505;22.722;21.243
2014-09-05;121.69;1.457;22.434;20.907
2014-09-08;121.36;1.484;23.637;22.065
2014-09-09;120.648;1.544;23.505;22.05
2014-09-10;120.49;1.556;23.686;22.241
2014-09-11;120.08;1.591;28.335;26.644
2014-09-12;119.718;1.621;27.343;25.775
2014-09-15;119.718;1.621;26.256;24.755
2014-09-16;119.54;1.636;29.655;27.98
2014-09-17;119.852;1.608;27.253;25.671
2014-09-18;119.453;1.642;27.452;25.918
2014-09-19;120.06;1.59;25.684;24.164
2014-09-22;120.542;1.548;22.853;21.454
2014-09-23;120.54;1.548;25.863;24.254
2014-09-24;120.623;1.54;25.338;23.752
2014-09-25;120.843;1.521;26.199;24.526
2014-09-26;121.008;1.506;25.241;23.598
2014-09-29;121.098;1.498;24.558;22.947
2014-09-30;121.275;1.483;24.446;22.832
2014-10-01;121.765;1.44;24.635;22.941
2014-10-02;121.653;1.45;25.463;23.714
2014-10-03;121.515;1.461;23.805;22.189
2014-10-06;121.625;1.451;23.379;21.78
2014-10-07;121.423;1.468;25.135;23.44
2014-10-08;121.495;1.462;24.817;23.135
2014-10-09;121.615;1.45;23.472;21.869
2014-10-10;121.645;1.447;24.272;22.599
2014-10-13;121.45;1.463;27.217;25.358
2014-10-14;122.288;1.393;24.97;23.135
2014-10-15;123.135;1.321;25.653;23.644
2014-10-16;121.663;1.443;28.502;26.481
2014-10-17;121.23;1.48;29.43;27.423
2014-10-20;121.013;1.498;31.178;29.076
2014-10-21;121.168;1.484;27.707;25.836
2014-10-22;121.283;1.474;27.291;25.433
2014-10-23;121.075;1.491;25.97;24.239
2014-10-24;121.072;1.49;27.593;25.741
2014-10-27;121.34;1.467;24.884;23.193
2014-10-28;121.455;1.457;26.794;24.94
2014-10-29;121.418;1.46;25.317;23.578
2014-10-30;121.993;1.41;20.474;19.008
2014-10-31;122.488;1.368;21.041;19.488
2014-11-03;122.083;1.402;25.657;23.791
2014-11-04;122.59;1.358;24.734;22.879
2014-11-05;122.283;1.384;25.282;23.427
2014-11-06;122.238;1.386;25.818;23.927
2014-11-07;122.31;1.38;27.078;25.077
2014-11-10;122.255;1.384;27.332;25.319
2014-11-11;122.468;1.366;25.105;23.234
2014-11-12;122.493;1.363;27.017;24.992
2014-11-13;122.595;1.353;27.75;25.654
2014-11-14;122.89;1.328;26.753;24.708
2014-11-17;122.803;1.335;27.624;25.496
2014-11-18;122.798;1.335;25.257;23.315
2014-11-19;122.225;1.383;24.958;23.111
2014-11-20;122.785;1.335;25.572;23.605
2014-11-21;123.155;1.303;25.459;23.437
2014-11-24;123.13;1.305;25.724;23.683
2014-11-25;123.697;1.257;23.269;21.368
2014-11-26;123.945;1.236;22.164;20.321
2014-11-27;124.608;1.179;19.972;18.235
2014-11-28;124.823;1.161;17.485;15.954
2014-12-01;124.55;1.183;20.873;19.055
2014-12-02;124.283;1.205;17.138;15.679
2014-12-03;124.195;1.212;16.417;15.043
2014-12-04;123.98;1.228;15.484;14.211
2014-12-05;124.04;1.223;13.785;12.649
2014-12-08;124.735;1.165;8.312;7.614
2014-12-09;124.895;1.151;14.756;13.466
2014-12-10;124.998;1.142;14.805;13.498
2014-12-11;125.203;1.124;13.485;12.282
2014-12-12;125.835;1.071;13.641;12.367
2014-12-15;125.835;1.071;13.91;12.611
2014-12-16;126.12;1.047;12.997;11.762
2014-12-17;126.102;1.048;13.44;12.162
2014-12-18;125.758;1.075;13.022;11.81
2014-12-19;125.735;1.076;15.094;13.685
2014-12-22;125.818;1.069;14.477;13.122
2014-12-23;125.903;1.059;13.072;11.849
2014-12-24;125.99;1.052;12.083;10.948
2014-12-25;125.99;1.052;12.147;11.009
2014-12-26;125.99;1.052;12.313;11.158
2014-12-29;126.352;1.022;8.769;7.935
2014-12-30;126.463;1.012;14.73;13.29
2014-12-31;126.395;1.016;14.482;13.075
2015-01-01;126.395;1.016;13.785;12.436
2015-01-02;127.038;0.963;15.533;13.967
2015-01-05;126.828;0.979;17.094;15.38
2015-01-06;127.905;0.891;13.927;12.441
2015-01-07;127.218;0.946;15.328;13.759
2015-01-08;127.048;0.959;13.878;12.478
2015-01-09;127.33;0.935;13.101;11.759
2015-01-12;127.645;0.909;10.417;9.331
2015-01-13;127.875;0.89;10.201;9.125
2015-01-14;129.015;0.798;3.586;3.192
2015-01-15;128.723;0.82;6.311;5.632
2015-01-16;129.153;0.785;3.375;3.012
2015-01-19;129.14;0.785;2.197;1.965
2015-01-20;128.98;0.797;3.71;3.306
2015-01-21;128.345;0.848;-0.469;-0.398
2015-01-22;129.368;0.764;-3.359;-2.964
2015-01-23;130.245;0.694;-4.948;-4.363
2015-01-26;129.89;0.721;-0.674;-0.578
2015-01-27;129.993;0.713;-6.856;-6.055
2015-01-28;130.098;0.704;-5.175;-4.567
2015-01-29;129.75;0.73;-5.381;-4.749
2015-01-30;130.548;0.666;-5.917;-5.194
2015-02-02;130.433;0.674;-4.518;-3.964
2015-02-03;130.017;0.707;-4.896;-4.318
2015-02-04;129.808;0.723;-4.403;-3.88
2015-02-05;129.958;0.709;-5.147;-4.54
2015-02-06;129.563;0.74;-2.205;-1.934
2015-02-09;129.618;0.735;-2.279;-1.999
2015-02-10;129.248;0.764;1.165;1.052
2015-02-11;129.51;0.743;-0.085;-0.056
2015-02-12;130.015;0.701;-1.724;-1.517
2015-02-13;129.98;0.703;-3.706;-3.268
2015-02-16;129.793;0.717;-3.389;-2.985
2015-02-17;129.375;0.75;-0.952;-0.824
2015-02-18;129.285;0.757;-2.194;-1.926
2015-02-19;129.02;0.777;0.372;0.347
2015-02-20;129.21;0.761;-0.918;-0.795
2015-02-23;129.452;0.741;-5.661;-5.01
2015-02-24;129.548;0.733;-2.436;-2.141
2015-02-25;130.08;0.689;-3.091;-2.72
2015-02-26;130.545;0.65;-5.114;-4.488
2015-02-27;130.142;0.682;-5.438;-4.792
2015-03-02;129.725;0.715;-1.092;-0.953
2015-03-03;129.34;0.745;1.026;0.93
2015-03-04;129.29;0.749;-1.538;-1.346
2015-03-05;129.668;0.717;-3.459;-3.049
2015-03-06;129.135;0.759;-6.077;-5.381
2015-03-09;130.225;0.671;-16.3;-14.395
2015-03-10;131.375;0.579;-19.441;-17.067
2015-03-11;131.98;0.53;-13.15;-11.487
2015-03-12;132.003;0.527;-15.927;-13.914
2015-03-13;131.925;0.532;-15.451;-13.499
2015-03-16;131.688;0.55;-12.216;-10.678
2015-03-17;131.32;0.579;-7.649;-6.691
2015-03-18;132.038;0.521;-5.815;-5.059
2015-03-19;132.26;0.502;-7.596;-6.614
2015-03-20;132.42;0.489;-9.021;-7.846
2015-03-23;131.805;0.537;-3.083;-2.677
2015-03-24;131.57;0.555;-6.408;-5.586
2015-03-25;131.72;0.542;-6.556;-5.711
2015-03-26;131.758;0.538;-7.038;-6.133
2015-03-27;131.67;0.544;-6.527;-5.689
2015-03-30;131.613;0.548;-6.109;-5.323
2015-03-31;131.94;0.521;-5.945;-5.174
2015-04-01;132.163;0.501;-7.916;-6.896
2015-04-02;131.733;0.534;-8.13;-7.088
2015-04-03;131.733;0.534;-7.119;-6.204
2015-04-06;131.733;0.534;-7.118;-6.203
2015-04-07;131.933;0.518;-8.506;-7.414
2015-04-08;132.12;0.502;-6.929;-6.039
2015-04-09;132.115;0.501;-5.884;-5.128
2015-04-10;132.415;0.476;-8.576;-7.456
2015-04-13;132.488;0.47;-9.827;-8.54
2015-04-14;132.78;0.446;-9.158;-7.943
2015-04-15;133.45;0.393;-11.688;-10.117
2015-04-16;133.47;0.389;-10.131;-8.761
2015-04-17;133.235;0.407;-7.588;-6.567
2015-04-20;133.38;0.395;-8.216;-7.102
2015-04-21;133.207;0.408;-9.643;-8.351
2015-04-22;132.635;0.453;-10.176;-8.833
2015-04-23;132.6;0.454;-9.102;-7.897
2015-04-24;132.517;0.46;-7.139;-6.192
2015-04-27;132.508;0.46;-6.587;-5.711
2015-04-28;132.488;0.461;-7.751;-6.729
2015-04-29;130.673;0.603;-2.403;-2.105
2015-04-30;129.767;0.676;-1.917;-1.677
2015-05-01;129.658;0.685;1.167;1.043
2015-05-04;128.697;0.763;9.965;8.861
2015-05-05;127.515;0.86;0.97;0.89
2015-05-06;126.438;0.95;3.787;3.435
2015-05-07;126.638;0.931;3.285;2.976
2015-05-08;127.268;0.878;2.406;2.175
2015-05-11;126.463;0.945;9.416;8.499
2015-05-12;125.63;1.015;5.376;4.884
2015-05-13;125.273;1.044;3.458;3.163
2015-05-14;125.495;1.024;2.12;1.942
2015-05-15;126.425;0.945;-0.385;-0.325
2015-05-18;125.983;0.982;2.624;2.389
2015-05-19;126.723;0.919;-0.745;-0.654
2015-05-20;126.17;0.965;-1.035;-0.914
2015-05-21;126.028;0.975;-1.993;-1.784
2015-05-22;126.348;0.948;-2.444;-2.184
2015-05-25;126.345;0.947;-3.004;-2.69
2015-05-26;126.803;0.908;-1.853;-1.656
2015-05-27;126.785;0.909;-2.879;-2.581
2015-05-28;126.965;0.892;-2.971;-2.661
2015-05-29;127.47;0.85;-3.138;-2.793
2015-06-01;126.743;0.91;3.419;3.09
2015-06-02;124.828;1.072;3.313;3.038
2015-06-03;123.128;1.219;1.252;1.172
2015-06-04;123.368;1.196;3.529;3.255
2015-06-05;123.03;1.225;5.963;5.51
2015-06-08;122.51;1.27;10.612;9.814
2015-06-09;121.69;1.342;4.71;4.397
2015-06-10;121.322;1.374;5.851;5.468
2015-06-11;122.417;1.276;5.145;4.775
2015-06-12;122.438;1.274;7.812;7.232
2015-06-15;121.74;1.335;12.172;11.312
2015-06-16;121.983;1.313;13.045;12.082
2015-06-17;122.12;1.301;11.447;10.595
2015-06-18;122.433;1.272;8.114;7.513
2015-06-19;122.925;1.228;7.589;7.006
2015-06-22;121.805;1.326;18.686;17.312
2015-06-23;121.855;1.321;7.015;6.527
2015-06-24;122.003;1.308;8.784;8.154
2015-06-25;121.785;1.326;8.674;8.069
2015-06-26;121.005;1.395;10.116;9.442
2015-06-29;121.65;1.337;3.426;3.206
2015-06-30;122.088;1.297;11.871;11.0
2015-07-01;121.5;1.349;12.745;11.871
2015-07-02;120.888;1.402;13.873;12.959
2015-07-03;121.648;1.334;12.751;11.865
2015-07-06;121.645;1.334;15.836;14.719
2015-07-07;122.977;1.216;13.973;12.875
2015-07-08;123.058;1.208;11.484;10.577
2015-07-09;122.667;1.241;11.071;10.235
2015-07-10;121.278;1.364;7.879;7.357
2015-07-13;121.493;1.344;5.284;4.938
2015-07-14;121.91;1.307;7.13;6.632
2015-07-15;122.87;1.221;5.208;4.826
2015-07-16;122.915;1.216;3.566;3.307
2015-07-17;123.667;1.149;1.554;1.452
2015-07-20;124.078;1.113;0.181;0.183
2015-07-21;123.608;1.153;2.93;2.715
2015-07-22;124.0;1.119;3.593;3.31
2015-07-23;124.2;1.1;1.794;1.651
2015-07-24;124.958;1.033;-0.345;-0.292
2015-07-27;124.863;1.041;1.13;1.052
2015-07-28;124.838;1.043;0.139;0.15
2015-07-29;124.445;1.076;0.088;0.1
2015-07-30;125.195;1.01;-1.337;-1.202
2015-07-31;125.225;1.006;0.12;0.122
2015-08-03;125.193;1.009;1.457;1.338
2015-08-04;124.903;1.033;2.246;2.067
2015-08-05;123.678;1.14;2.749;2.546
2015-08-06;124.27;1.086;2.079;1.917
2015-08-07;124.76;1.043;2.16;1.993
2015-08-10;124.233;1.089;3.126;2.874
2015-08-11;125.098;1.013;2.349;2.152
2015-08-12;125.148;1.008;4.144;3.779
2015-08-13;124.85;1.032;4.465;4.086
2015-08-14;124.535;1.059;3.803;3.491
2015-08-17;124.91;1.026;2.94;2.695
2015-08-18;124.553;1.056;4.983;4.568
2015-08-19;124.7;1.043;6.127;5.606
2015-08-20;124.905;1.024;7.946;7.249
2015-08-21;124.82;1.031;10.925;9.958
2015-08-24;124.478;1.06;10.421;9.52
2015-08-25;122.875;1.201;12.836;11.823
2015-08-26;123.325;1.16;12.486;11.485
2015-08-27;122.963;1.191;12.967;11.946
2015-08-28;123.033;1.184;12.713;11.708
2015-08-31;122.368;1.243;12.889;11.927
2015-09-01;122.288;1.25;12.872;11.919
2015-09-02;122.563;1.225;12.457;11.515
2015-09-03;123.335;1.154;10.379;9.561
2015-09-04;123.913;1.103;10.19;9.338
2015-09-07;123.553;1.134;13.052;11.993
2015-09-08;123.783;1.113;10.128;9.297
2015-09-09;123.822;1.109;7.243;6.653
2015-09-10;123.783;1.111;8.028;7.373
2015-09-11;124.188;1.075;8.311;7.618
2015-09-14;124.168;1.076;7.909;7.252
2015-09-15;123.293;1.153;6.975;6.438
2015-09-16;122.965;1.182;7.723;7.134
2015-09-17;122.965;1.18;6.549;6.051
2015-09-18;124.48;1.046;2.405;2.219
2015-09-21;124.143;1.075;2.81;2.591
2015-09-22;125.125;0.988;1.6;1.47
2015-09-23;125.048;0.994;2.047;1.876
2015-09-24;124.848;1.01;3.73;3.411
2015-09-25;124.273;1.06;4.025;3.703
2015-09-28;124.798;1.013;4.741;4.335
2015-09-29;124.878;1.006;4.275;3.905
2015-09-30;124.915;1.002;3.161;2.89
2015-10-01;125.5;0.949;2.643;2.422
2015-10-02;125.908;0.913;1.638;1.497
2015-10-05;125.275;0.968;1.548;1.428
2015-10-06;124.96;0.995;1.058;0.975
2015-10-07;125.065;0.985;0.774;0.721
2015-10-08;125.165;0.975;0.322;0.314
2015-10-09;124.86;1.001;-0.176;-0.15
2015-10-12;125.248;0.966;0.472;0.451
2015-10-13;125.198;0.97;-0.13;-0.097
2015-10-14;125.7;0.926;-1.005;-0.891
2015-10-15;125.56;0.936;-0.62;-0.541
2015-10-16;125.62;0.93;-1.23;-1.096
2015-10-19;125.423;0.947;-0.516;-0.446
2015-10-20;124.685;1.012;1.846;1.698
2015-10-21;125.44;0.944;-0.012;0.012
2015-10-22;126.438;0.856;-4.771;-4.288
2015-10-23;126.292;0.868;-4.38;-3.941
2015-10-26;126.355;0.862;-2.738;-2.453
2015-10-27;126.98;0.807;-2.453;-2.197
2015-10-28;127.1;0.796;-2.763;-2.475
2015-10-29;126.072;0.883;-2.868;-2.579
2015-10-30;126.135;0.877;-2.744;-2.464
2015-11-02;125.455;0.936;0.071;0.088
2015-11-03;125.285;0.951;0.513;0.492
2015-11-04;125.1;0.967;0.965;0.903
2015-11-05;125.118;0.963;1.495;1.387
2015-11-06;124.335;1.032;2.395;2.216
2015-11-09;124.648;1.004;4.309;3.952
2015-11-10;125.125;0.961;1.324;1.232
2015-11-11;125.29;0.946;0.511;0.492
2015-11-12;125.338;0.94;-0.612;-0.532
2015-11-13;125.928;0.888;-2.632;-2.371
2015-11-16;126.16;0.867;-3.13;-2.813
2015-11-17;126.18;0.864;-2.474;-2.218
2015-11-18;126.45;0.84;-3.375;-3.029
2015-11-19;126.633;0.822;-2.314;-2.07
2015-11-20;126.548;0.829;0.913;0.849
2015-11-23;125.958;0.88;3.787;3.457
2015-11-24;126.158;0.862;1.489;1.374
2015-11-25;126.645;0.819;-0.002;0.019
2015-11-26;126.63;0.818;-0.895;-0.789
2015-11-27;126.835;0.8;-2.177;-1.954
2015-11-30;126.655;0.815;-2.016;-1.804
2015-12-01;126.653;0.815;-0.269;-0.224
2015-12-02;126.693;0.811;-0.152;-0.12
2015-12-03;124.4;1.012;4.665;4.284
2015-12-04;124.283;1.022;4.915;4.52
2015-12-07;125.428;0.919;2.434;2.234
2015-12-08;125.66;0.898;0.885;0.817
2015-12-09;125.258;0.933;1.993;1.838
2015-12-10;125.6;0.901;0.482;0.45
2015-12-11;125.878;0.876;0.67;0.629
2015-12-14;125.205;0.935;3.89;3.565
2015-12-15;124.568;0.991;3.827;3.513
2015-12-16;124.167;1.027;3.431;3.165
2015-12-17;124.968;0.953;2.878;2.648
2015-12-18;125.463;0.909;3.127;2.856
2015-12-21;125.453;0.909;0.663;0.619
2015-12-22;124.758;0.971;1.619;1.5
2015-12-23;124.343;1.006;2.885;2.653
2015-12-24;124.195;1.018;4.146;3.811
2015-12-25;124.195;1.018;4.278;3.934
2015-12-28;125.058;0.94;2.571;2.364
2015-12-29;124.278;1.01;3.619;3.326
2015-12-30;124.292;1.006;2.414;2.223
2015-12-31;124.292;1.006;;
2016-01-01;124.292;1.006;;
2016-01-04;124.805;0.959;4.11;3.771
2016-01-05;125.115;0.931;4.527;4.144
2016-01-06;125.477;0.898;4.548;4.145
2016-01-07;124.977;0.941;5.61;5.135
2016-01-08;125.378;0.904;4.628;4.221
2016-01-11;124.915;0.945;7.567;6.919
2016-01-12;124.91;0.945;9.653;8.815
2016-01-13;125.357;0.904;7.561;6.882
2016-01-14;125.15;0.921;7.678;7.005
2016-01-15;125.415;0.897;7.284;6.629
2016-01-18;125.47;0.891;6.892;6.275
2016-01-19;125.493;0.889;6.242;5.686
2016-01-20;125.945;0.848;8.195;7.443
2016-01-21;126.51;0.796;5.804;5.256
2016-01-22;126.215;0.821;5.782;5.254
2016-01-25;126.408;0.804;4.845;4.394
2016-01-26;126.743;0.773;3.853;3.498
2016-01-27;126.675;0.779;4.063;3.686
2016-01-28;126.868;0.76;5.66;5.124
2016-01-29;127.95;0.664;2.024;1.837
2016-02-01;127.555;0.698;4.44;3.998
2016-02-02;127.852;0.671;4.422;3.985
2016-02-03;128.245;0.636;4.906;4.409
2016-02-04;127.975;0.658;4.093;3.689
2016-02-05;127.988;0.656;4.616;4.155
2016-02-08;128.415;0.618;6.003;5.373
2016-02-09;128.185;0.638;6.287;5.64
2016-02-10;128.115;0.643;6.156;5.526
2016-02-11;128.28;0.627;7.18;6.429
2016-02-12;127.595;0.686;7.74;6.952
2016-02-15;128.0;0.65;7.203;6.465
2016-02-16;127.57;0.687;8.676;7.794
2016-02-17;127.7;0.675;8.082;7.258
2016-02-18;128.408;0.611;6.131;5.484
2016-02-19;128.587;0.595;5.107;4.563
2016-02-22;129.022;0.556;4.158;3.719
2016-02-23;128.845;0.571;5.306;4.741
2016-02-24;129.058;0.551;4.946;4.417
2016-02-25;129.145;0.542;4.18;3.735
2016-02-26;129.243;0.533;2.963;2.653
2016-02-29;129.603;0.501;3.76;3.344
2016-03-01;129.173;0.537;4.582;4.095
2016-03-02;128.51;0.595;4.684;4.195
2016-03-03;128.85;0.563;6.168;5.52
2016-03-04;128.345;0.607;4.706;4.218
2016-03-07;128.623;0.582;3.096;2.782
2016-03-08;129.298;0.522;0.004;0.024
2016-03-09;128.688;0.575;-0.479;-0.407
2016-03-10;128.082;0.626;-0.033;-0.008
2016-03-11;128.795;0.563;-4.68;-4.148
2016-03-14;128.73;0.568;-4.715;-4.181
2016-03-15;128.21;0.613;-2.098;-1.859
2016-03-16;128.403;0.595;-2.992;-2.657
2016-03-17;129.315;0.513;-3.918;-3.463
2016-03-18;129.48;0.498;-4.331;-3.832
2016-03-21;129.315;0.512;-5.27;-4.667
2016-03-22;129.49;0.496;-5.502;-4.87
2016-03-23;129.538;0.488;-5.222;-4.616
2016-03-24;129.645;0.478;-5.643;-4.983
2016-03-25;129.645;0.478;-5.877;-5.189
2016-03-28;129.645;0.478;-5.541;-4.892
2016-03-29;130.293;0.421;-8.179;-7.206
2016-03-30;130.202;0.428;-9.299;-8.198
2016-03-31;130.175;0.428;-9.229;-8.137
2016-04-01;130.457;0.403;-10.345;-9.118
2016-04-04;130.43;0.405;-9.698;-8.546
2016-04-05;130.713;0.379;-9.406;-8.269
2016-04-06;130.468;0.4;-8.864;-7.81
2016-04-07;130.693;0.378;-8.796;-7.731
2016-04-08;130.73;0.374;-10.097;-8.878
2016-04-11;130.355;0.406;-7.591;-6.69
2016-04-12;129.69;0.464;-6.312;-5.572
2016-04-13;130.35;0.405;-9.033;-7.964
2016-04-14;129.79;0.452;-7.504;-6.623
2016-04-15;130.243;0.412;-7.758;-6.809
2016-04-18;129.89;0.442;-7.42;-6.523
2016-04-19;129.775;0.451;-7.194;-6.331
2016-04-20;129.955;0.435;-7.525;-6.623
2016-04-21;129.095;0.509;-7.49;-6.649
2016-04-22;129.11;0.506;-7.194;-6.388
2016-04-25;128.683;0.544;-6.119;-5.431
2016-04-26;128.305;0.577;-6.238;-5.558
2016-04-27;128.28;0.578;-4.602;-4.104
2016-04-28;128.633;0.545;-5.856;-5.209
2016-04-29;128.303;0.573;-4.076;-3.631
2016-05-02;128.488;0.556;-5.801;-5.168
2016-05-03;129.11;0.5;-4.879;-4.334
2016-05-04;129.045;0.505;-4.601;-4.086
2016-05-05;129.38;0.474;-4.137;-3.662
2016-05-06;129.508;0.462;-3.725;-3.291
2016-05-09;129.84;0.432;-5.111;-4.512
2016-05-10;129.855;0.429;-5.134;-4.532
2016-05-11;129.955;0.42;-6.832;-6.022
2016-05-12;129.61;0.448;-6.129;-5.413
2016-05-13;130.058;0.408;-7.536;-6.655
2016-05-16;129.86;0.425;-7.73;-6.826
2016-05-17;129.998;0.412;-8.415;-7.438
2016-05-18;129.583;0.448;-7.619;-6.731
2016-05-19;129.623;0.442;-8.218;-7.276
2016-05-20;129.655;0.439;-8.282;-7.335
2016-05-23;129.54;0.448;-8.809;-7.815
2016-05-24;129.59;0.443;-9.118;-8.065
2016-05-25;129.915;0.413;-9.363;-8.277
2016-05-26;129.838;0.418;-8.032;-7.095
2016-05-27;129.98;0.405;-9.079;-8.02
2016-05-30;129.588;0.439;-8.317;-7.347
2016-05-31;129.86;0.414;-7.668;-6.752
2016-06-01;129.895;0.41;-8.549;-7.528
2016-06-02;129.985;0.4;-8.469;-7.443
2016-06-03;130.595;0.345;-10.227;-8.948
2016-06-06;130.175;0.382;-9.256;-8.107
2016-06-07;130.658;0.338;-10.721;-9.371
2016-06-08;130.625;0.341;-11.223;-9.806
2016-06-09;130.853;0.318;-11.965;-10.465
2016-06-10;130.84;0.319;-10.785;-9.427
2016-06-13;130.618;0.338;-9.104;-7.927
2016-06-14;130.423;0.354;-6.127;-5.305
2016-06-15;130.663;0.332;-7.777;-6.772
2016-06-16;130.63;0.333;-6.028;-5.232
2016-06-17;130.348;0.357;-5.587;-4.886
2016-06-20;130.385;0.353;-7.741;-6.753
2016-06-21;130.435;0.348;-9.206;-8.036
2016-06-22;130.378;0.352;-11.05;-9.683
2016-06-23;129.965;0.387;-10.598;-9.301
2016-06-24;130.735;0.318;-7.683;-6.681
2016-06-27;131.75;0.227;-11.432;-9.914
2016-06-28;132.305;0.178;-17.461;-15.165
2016-06-29;132.58;0.153;-18.894;-16.366
2016-06-30;132.985;0.116;-21.237;-18.395
2016-07-01;133.22;0.095;-21.869;-18.94
2016-07-04;133.173;0.098;-17.342;-15.001
2016-07-05;133.522;0.067;-17.538;-15.145
2016-07-06;133.52;0.066;-18.45;-15.932
2016-07-07;133.425;0.072;-18.181;-15.713
2016-07-08;133.748;0.043;-19.2;-16.547
2016-07-11;133.53;0.061;-18.845;-16.26
2016-07-12;132.745;0.129;-17.783;-15.386
2016-07-13;133.243;0.085;-16.764;-14.502
2016-07-14;132.77;0.123;-15.862;-13.719
2016-07-15;132.23;0.17;-14.243;-12.338
2016-07-18;132.45;0.15;-14.424;-12.47
2016-07-19;132.56;0.139;-15.507;-13.433
2016-07-20;132.348;0.157;-15.38;-13.31
2016-07-21;132.378;0.152;-16.142;-13.981
2016-07-22;132.452;0.145;-17.321;-15.006
2016-07-25;132.613;0.13;-17.407;-15.07
2016-07-26;132.551;0.135;-17.468;-15.109
2016-07-27;133.17;0.08;-18.586;-16.051
2016-07-28;133.237;0.071;-18.834;-16.245
2016-07-29;133.575;0.041;-19.516;-16.816
2016-08-01;133.28;0.066;-17.89;-15.427
2016-08-02;132.569;0.127;-16.972;-14.693
2016-08-03;132.546;0.129;-15.904;-13.772
2016-08-04;133.184;0.07;-17.162;-14.85
2016-08-05;132.902;0.094;-16.996;-14.718
2016-08-08;132.91;0.093;-17.006;-14.725
2016-08-09;133.046;0.08;-16.865;-14.594
2016-08-10;133.463;0.043;-17.719;-15.316
2016-08-11;133.235;0.06;-17.603;-15.192
2016-08-12;133.338;0.05;-17.278;-14.908
2016-08-15;132.998;0.079;-17.573;-15.194
2016-08-16;132.4;0.131;-15.466;-13.407
2016-08-17;132.666;0.107;-16.372;-14.161
2016-08-18;133.011;0.074;-17.044;-14.707
2016-08-19;132.433;0.124;-16.025;-13.861
2016-08-22;133.014;0.072;-16.394;-14.195
2016-08-23;133.026;0.07;-15.906;-13.782
2016-08-24;132.929;0.078;-15.322;-13.208
2016-08-25;132.681;0.097;-14.392;-12.434
2016-08-26;132.606;0.103;-13.956;-12.027
2016-08-29;132.695;0.095;-14.27;-12.306
2016-08-30;132.85;0.08;-14.054;-12.112
2016-08-31;132.493;0.111;-13.089;-11.326
2016-09-01;132.475;0.11;-12.92;-11.177
2016-09-02;132.336;0.121;-13.715;-11.926
2016-09-05;132.457;0.11;-13.74;-11.919
2016-09-06;133.253;0.039;-16.669;-14.405
2016-09-07;133.375;0.027;-17.923;-15.492
2016-09-08;132.623;0.091;-15.258;-13.21
2016-09-09;131.751;0.168;-13.29;-11.504
2016-09-12;131.431;0.196;-12.046;-10.468
2016-09-13;131.042;0.23;-10.544;-9.167
2016-09-14;131.587;0.18;-12.584;-10.929
2016-09-15;131.407;0.194;-12.351;-10.743
2016-09-16;131.655;0.171;-13.36;-11.661
2016-09-19;131.515;0.182;-12.617;-10.981
2016-09-20;131.943;0.143;-13.856;-12.035
2016-09-21;131.709;0.163;-13.73;-11.95
2016-09-22;132.801;0.064;-15.806;-13.668
2016-09-23;132.617;0.079;-15.209;-13.181
2016-09-26;132.967;0.047;-16.479;-14.248
2016-09-27;133.131;0.032;-17.91;-15.461
2016-09-28;133.198;0.025;-18.034;-15.57
2016-09-29;132.878;0.051;-16.823;-14.543
2016-09-30;132.901;0.048;-17.674;-15.289
2016-10-03;132.418;0.09;-15.348;-13.3
2016-10-04;131.957;0.131;-13.663;-11.857
2016-10-05;131.313;0.188;-12.108;-10.555
2016-10-06;131.711;0.15;-14.957;-13.03
2016-10-07;131.362;0.18;-15.042;-13.131
2016-10-10;130.978;0.214;-15.668;-13.711
2016-10-11;131.254;0.188;-15.321;-13.417
2016-10-12;130.758;0.232;-13.544;-11.869
2016-10-13;131.098;0.199;-14.66;-12.834
2016-10-14;131.002;0.207;-16.071;-14.082
2016-10-17;130.94;0.212;-14.972;-13.118
2016-10-18;131.151;0.192;-15.098;-13.212
2016-10-19;131.247;0.182;-15.922;-13.934
2016-10-20;131.542;0.153;-17.031;-14.876
2016-10-21;131.458;0.16;-17.118;-14.955
2016-10-24;131.258;0.177;-16.478;-14.41
2016-10-25;131.187;0.183;-15.825;-13.841
2016-10-26;130.491;0.246;-13.669;-11.982
2016-10-27;129.522;0.332;-10.993;-9.688
2016-10-28;129.378;0.345;-9.16;-8.07
2016-10-31;129.35;0.346;-8.196;-7.228
2016-11-01;128.971;0.381;-6.98;-6.162
2016-11-02;129.521;0.329;-9.129;-8.029
2016-11-03;129.253;0.351;-9.904;-8.724
2016-11-04;129.332;0.343;-8.921;-7.846
2016-11-07;129.301;0.345;-10.269;-9.053
2016-11-08;128.923;0.38;-10.083;-8.901
2016-11-09;128.459;0.422;-6.848;-6.045
2016-11-10;126.983;0.559;0.382;0.384
2016-11-11;126.228;0.63;5.225;4.742
2016-11-14;125.719;0.677;8.494;7.699
2016-11-15;126.457;0.606;0.942;0.772
2016-11-16;126.344;0.616;3.314;3.023
2016-11-17;126.28;0.62;4.243;3.861
2016-11-18;126.098;0.637;6.72;6.106
2016-11-21;126.099;0.636;7.076;6.43
2016-11-22;126.611;0.587;5.564;5.072
2016-11-23;125.83;0.661;12.495;11.288
2016-11-24;125.735;0.668;13.002;11.781
2016-11-25;125.736;0.667;12.644;11.47
2016-11-28;125.941;0.646;13.331;12.099
2016-11-29;126.634;0.579;5.884;5.334
2016-11-30;126.076;0.632;6.253;5.588
2016-12-01;125.398;0.695;4.052;3.734
2016-12-02;126.354;0.603;2.551;2.348
2016-12-05;125.6;0.674;7.026;6.42
2016-12-06;125.43;0.69;4.23;3.889
2016-12-07;125.901;0.644;1.374;1.289
2016-12-08;125.387;0.691;3.768;3.44
2016-12-09;125.336;0.696;4.659;4.309
2016-12-12;124.789;0.748;5.45;4.842
2016-12-13;125.494;0.679;2.379;2.212
2016-12-14;126.149;0.615;0.449;0.444
2016-12-15;125.762;0.65;-2.787;-2.435
2016-12-16;125.884;0.638;0.888;0.688
2016-12-19;126.551;0.573;-1.287;-1.091
2016-12-20;126.419;0.585;-2.371;-1.986
2016-12-21;126.58;0.569;-2.445;-2.13
2016-12-22;126.25;0.597;-1.881;-1.621
2016-12-23;126.655;0.558;-3.051;-2.678
2016-12-26;126.655;0.558;-3.575;-3.089
2016-12-27;126.86;0.537;-4.869;-4.27
2016-12-28;126.773;0.545;-2.682;-2.315
2016-12-29;126.983;0.523;-1.497;-1.279
2016-12-30;126.666;0.552;-0.344;-0.228
2017-01-02;126.77;0.542;-0.194;-0.109
2017-01-03;125.713;0.643;6.488;5.917
2017-01-04;125.405;0.672;9.254;8.511
2017-01-05;125.545;0.656;10.514;9.564
2017-01-06;125.107;0.698;9.465;8.627
2017-01-09;125.47;0.662;8.534;7.792
2017-01-10;125.379;0.67;9.038;8.259
2017-01-11;125.701;0.638;8.671;7.889
2017-01-12;125.606;0.646;10.859;9.918
2017-01-13;125.328;0.672;11.754;10.612
2017-01-16;125.355;0.669;12.28;11.189
2017-01-17;125.471;0.657;10.692;9.676
2017-01-18;125.123;0.69;10.778;9.855
2017-01-19;124.753;0.724;11.313;10.175
2017-01-20;124.274;0.771;12.576;11.544
2017-01-23;124.79;0.719;12.376;11.25
2017-01-24;124.332;0.763;12.615;11.593
2017-01-25;123.636;0.832;15.395;14.153
2017-01-26;123.04;0.889;19.137;17.626
2017-01-27;123.002;0.892;21.264;19.571
2017-01-30;122.727;0.919;24.655;22.714
2017-01-31;122.914;0.9;23.12;21.405
2017-02-01;122.429;0.948;25.553;23.815
2017-02-02;122.843;0.905;25.441;23.159
2017-02-03;122.504;0.938;29.419;27.102
2017-02-06;121.977;0.991;36.718;33.793
2017-02-07;122.172;0.97;35.569;32.8
2017-02-08;123.234;0.863;28.516;26.498
2017-02-09;123.396;0.844;25.59;23.654
2017-02-10;122.723;0.911;31.173;28.661
2017-02-13;123.039;0.879;25.546;23.488
2017-02-14;122.784;0.904;25.245;23.265
2017-02-15;122.807;0.901;25.935;23.843
2017-02-16;123.144;0.865;25.784;23.655
2017-02-17;122.917;0.887;30.822;28.298
2017-02-20;122.679;0.911;32.445;29.851
2017-02-21;122.317;0.947;35.519;32.659
2017-02-22;122.985;0.878;28.659;26.556
2017-02-23;123.314;0.843;29.071;26.627
2017-02-24;123.869;0.787;26.118;24.068
2017-02-27;124.338;0.739;22.078;20.211
2017-02-28;124.22;0.75;23.718;21.617
2017-03-01;123.923;0.779;22.285;20.343
2017-03-02;123.772;0.792;19.428;17.8
2017-03-03;123.7;0.799;15.317;14.014
2017-03-06;123.494;0.819;19.27;17.673
2017-03-07;123.477;0.82;19.895;18.208
2017-03-08;122.858;0.882;23.76;21.814
2017-03-09;122.224;0.944;23.345;21.521
2017-03-10;121.878;0.979;21.367;19.717
2017-03-13;122.078;0.958;21.269;19.613
2017-03-14;122.088;0.956;23.353;21.521
2017-03-15;122.566;0.907;20.568;18.952
2017-03-16;122.024;0.96;24.455;22.499
2017-03-17;121.862;0.976;27.889;25.693
2017-03-20;121.766;0.986;28.026;25.854
2017-03-21;122.002;0.961;23.834;21.958
2017-03-22;122.526;0.906;21.946;20.132
2017-03-23;122.536;0.903;20.3;18.631
2017-03-24;123.088;0.847;15.817;14.476
2017-03-27;123.192;0.835;16.825;15.362
2017-03-28;123.288;0.825;16.984;15.539
2017-03-29;123.564;0.796;16.895;15.418
2017-03-30;123.426;0.808;19.488;17.803
2017-03-31;123.147;0.836;22.286;20.382
2017-04-03;123.327;0.817;24.088;21.828
2017-04-04;123.544;0.794;21.819;19.914
2017-04-05;123.578;0.79;21.161;19.312
2017-04-06;123.774;0.768;17.992;16.433
2017-04-07;123.852;0.759;20.212;18.294
2017-04-10;123.455;0.799;25.567;23.362
2017-04-11;123.093;0.835;29.477;26.939
2017-04-12;123.412;0.799;26.088;23.788
2017-04-13;123.51;0.788;26.636;24.272
2017-04-14;123.51;0.788;;
2017-04-17;123.51;0.788;27.492;25.006
2017-04-18;123.734;0.765;27.431;24.958
2017-04-19;123.814;0.756;23.106;21.001
2017-04-20;124.046;0.731;16.371;14.894
2017-04-21;123.913;0.743;14.783;13.462
2017-04-24;125.15;0.618;-1.844;-1.658
2017-04-25;124.528;0.68;0.479;0.45
2017-04-26;124.615;0.67;0.589;0.553
2017-04-27;125.256;0.603;-2.631;-2.368
2017-04-28;125.166;0.611;-3.625;-3.253
2017-05-01;125.166;0.611;-3.174;-2.91
2017-05-02;125.274;0.599;-5.515;-4.983
2017-05-03;125.343;0.592;-5.533;-4.864
2017-05-04;125.137;0.61;-9.005;-8.024
2017-05-05;124.975;0.626;-8.717;-7.857
2017-05-08;125.022;0.62;-8.516;-7.532
2017-05-09;124.781;0.644;-5.717;-5.15
2017-05-10;125.015;0.619;-6.86;-6.179
2017-05-11;124.652;0.654;-3.144;-2.814
2017-05-12;125.002;0.618;-3.694;-3.306
2017-05-15;124.633;0.654;-1.546;-1.354
2017-05-16;124.536;0.663;-1.498;-1.322
2017-05-17;125.084;0.607;-3.988;-3.58
2017-05-18;125.422;0.571;-5.478;-4.895
2017-05-19;125.385;0.574;-7.571;-6.789
2017-05-22;125.036;0.608;-6.583;-5.888
2017-05-23;125.045;0.606;-8.166;-7.341
2017-05-24;125.088;0.601;-8.818;-7.932
2017-05-25;125.498;0.558;-10.827;-9.714
2017-05-26;125.834;0.523;-11.559;-10.362
2017-05-29;126.012;0.504;-12.564;-11.265
2017-05-30;126.089;0.496;-12.653;-11.61
2017-05-31;126.051;0.499;-13.016;-11.664
2017-06-01;126.08;0.493;-14.492;-12.974
2017-06-02;126.329;0.468;-15.785;-14.265
2017-06-05;126.184;0.481;-14.899;-13.361
2017-06-06;126.721;0.427;-19.022;-16.986
2017-06-07;126.439;0.454;-15.852;-14.159
2017-06-08;126.891;0.407;-19.803;-17.668
2017-06-09;126.906;0.404;-20.602;-18.374
2017-06-12;127.369;0.357;-24.533;-21.831
2017-06-13;127.237;0.37;-24.847;-22.112
2017-06-14;127.476;0.345;-23.74;-20.858
2017-06-15;126.977;0.392;-21.777;-19.715
2017-06-16;126.922;0.397;-20.391;-18.537
2017-06-19;126.939;0.394;-21.422;-19.073
2017-06-20;127.176;0.37;-21.922;-19.491
2017-06-21;127.15;0.372;-22.039;-19.274
2017-06-22;127.156;0.369;-20.038;-17.78
2017-06-23;127.087;0.375;-20.882;-18.561
2017-06-26;127.172;0.365;-21.435;-19.042
2017-06-27;125.81;0.502;-16.605;-14.83
2017-06-28;125.975;0.484;-17.495;-15.665
2017-06-29;125.067;0.574;-15.085;-13.779
2017-06-30;124.936;0.587;-15.023;-13.476
2017-07-03;124.789;0.601;-14.552;-13.056
2017-07-04;124.833;0.596;-16.227;-14.599
2017-07-05;124.844;0.594;-16.35;-14.709
2017-07-06;123.839;0.695;-11.735;-10.515
2017-07-07;123.619;0.717;-10.77;-9.707
2017-07-10;123.911;0.686;-11.29;-10.149
2017-07-11;123.813;0.696;-10.372;-9.322
2017-07-12;124.315;0.643;-13.039;-11.644
2017-07-13;124.092;0.664;-12.72;-11.536
2017-07-14;124.281;0.643;-14.606;-13.179
2017-07-17;124.389;0.631;-14.933;-13.758
2017-07-18;124.661;0.603;-16.526;-14.865
2017-07-19;124.785;0.589;-15.865;-14.285
2017-07-20;124.992;0.565;-19.015;-17.169
2017-07-21;125.215;0.542;-18.664;-17.155
2017-07-24;125.225;0.54;-19.151;-17.315
2017-07-25;124.601;0.603;-16.359;-15.13
2017-07-26;124.605;0.602;-16.502;-14.899
2017-07-27;124.74;0.586;-16.679;-15.415
2017-07-28;124.778;0.581;-19.149;-17.25
2017-07-31;124.804;0.578;-20.213;-18.011
2017-08-01;125.344;0.521;-21.409;-19.249
2017-08-02;125.318;0.523;-20.666;-18.575
2017-08-03;125.566;0.495;-21.287;-19.077
2017-08-04;125.3;0.522;-19.117;-17.181
2017-08-07;125.386;0.512;-19.442;-17.459
2017-08-08;125.212;0.529;-17.937;-16.522
2017-08-09;125.607;0.488;-19.246;-17.285
2017-08-10;125.598;0.486;-18.084;-16.221
2017-08-11;125.912;0.453;-18.71;-17.138
2017-08-14;125.661;0.478;-18.648;-16.75
2017-08-15;125.414;0.503;-17.717;-15.939
2017-08-16;125.283;0.515;-17.755;-15.981
2017-08-17;125.438;0.497;-16.881;-15.165
2017-08-18;125.539;0.486;-17.186;-15.441
2017-08-21;125.648;0.474;-17.334;-15.57
2017-08-22;125.586;0.479;-16.567;-14.85
2017-08-23;125.756;0.461;-17.272;-15.473
2017-08-24;125.685;0.466;-16.896;-15.154
2017-08-25;125.613;0.472;-16.662;-14.958
2017-08-28;125.613;0.472;-16.291;-14.612
2017-08-29;126.003;0.431;-17.693;-15.85
2017-08-30;125.882;0.442;-17.162;-15.372
2017-08-31;126.01;0.427;-18.846;-16.899
2017-09-01;125.786;0.449;-17.425;-15.641
2017-09-04;125.859;0.44;-16.932;-15.207
2017-09-05;126.177;0.407;-17.976;-16.118
2017-09-06;126.037;0.42;-18.258;-16.362
2017-09-07;126.441;0.376;-21.512;-19.269
2017-09-08;126.393;0.38;-21.769;-19.48
2017-09-11;126.208;0.399;-21.318;-19.117
2017-09-12;125.588;0.462;-19.678;-17.693
2017-09-13;125.708;0.449;-20.545;-18.458
2017-09-14;125.574;0.46;-20.681;-18.597
2017-09-15;125.437;0.473;-21.793;-19.633
2017-09-18;125.299;0.487;-21.925;-19.77
2017-09-19;125.335;0.482;-21.21;-19.114
2017-09-20;125.319;0.483;-20.244;-18.237
2017-09-21;125.185;0.495;-20.618;-18.585
2017-09-22;125.229;0.489;-20.786;-18.726
2017-09-25;125.582;0.452;-21.41;-19.256
2017-09-26;125.544;0.455;-21.498;-19.332
2017-09-27;125.005;0.51;-20.166;-18.198
2017-09-28;124.93;0.516;-21.06;-19.027
2017-09-29;125.088;0.498;-21.994;-19.859
2017-10-02;125.153;0.491;-22.003;-19.854
2017-10-03;125.043;0.501;-22.038;-19.907
2017-10-04;125.024;0.503;-20.637;-18.627
2017-10-05;125.107;0.491;-21.379;-19.294
2017-10-06;125.105;0.491;-22.391;-20.214
2017-10-09;125.246;0.475;-22.181;-19.999
2017-10-10;125.254;0.473;-22.36;-20.163
2017-10-11;125.098;0.489;-22.69;-20.477
2017-10-12;125.296;0.466;-23.351;-21.054
2017-10-13;125.691;0.423;-25.277;-22.749
2017-10-16;125.966;0.394;-25.519;-22.936
2017-10-17;126.035;0.386;-25.933;-23.289
2017-10-18;125.786;0.411;-25.438;-22.881
2017-10-19;125.745;0.413;-25.407;-22.862
2017-10-20;125.296;0.459;-25.037;-22.586
2017-10-23;125.508;0.436;-25.285;-22.781
2017-10-24;125.112;0.477;-24.222;-21.873
2017-10-25;125.055;0.482;-24.781;-22.386
2017-10-26;125.612;0.421;-25.719;-23.165
2017-10-27;125.919;0.388;-28.12;-25.288
2017-10-30;126.126;0.365;-28.731;-25.792
2017-10-31;126.196;0.357;-29.299;-26.291
2017-11-01;126.152;0.361;-29.721;-26.679
2017-11-02;126.163;0.357;-29.633;-26.599
2017-11-03;126.206;0.352;-29.909;-26.839
2017-11-06;126.473;0.323;-30.598;-27.414
2017-11-07;126.802;0.288;-34.157;-30.569
2017-11-08;126.712;0.296;-33.318;-29.83
2017-11-09;126.269;0.34;-31.809;-28.544
2017-11-10;126.014;0.366;-31.544;-28.348
2017-11-13;126.015;0.365;-32.36;-29.087
2017-11-14;126.206;0.344;-32.812;-29.453
2017-11-15;126.478;0.314;-34.112;-30.578
2017-11-16;126.526;0.307;-34.913;-31.298
2017-11-17;126.647;0.293;-35.545;-31.84
2017-11-20;126.7;0.287;-36.459;-32.657
2017-11-21;126.892;0.266;-37.334;-33.39
2017-11-22;126.911;0.263;-37.682;-33.705
2017-11-23;126.749;0.277;-35.64;-31.913
2017-11-24;126.587;0.293;-34.994;-31.355
2017-11-27;126.812;0.269;-36.174;-32.363
2017-11-28;126.841;0.265;-37.004;-33.079
2017-11-29;126.472;0.302;-36.259;-32.488
2017-11-30;126.713;0.274;-38.056;-34.058
2017-12-01;127.372;0.205;-41.587;-37.096
2017-12-04;127.006;0.242;-39.368;-35.171
2017-12-05;127.252;0.215;-40.315;-35.998
2017-12-06;127.367;0.202;-40.82;-36.409
2017-12-07;127.409;0.195;-42.886;-38.267
2017-12-08;127.203;0.216;-42.176;-37.66
2017-12-11;127.236;0.211;-41.072;-36.661
2017-12-12;127.065;0.228;-41.079;-36.692
2017-12-13;126.92;0.243;-38.942;-34.788
2017-12-14;126.976;0.234;-38.779;-34.663
2017-12-15;127.072;0.223;-39.448;-35.234
2017-12-18;127.081;0.221;-40.344;-36.045
2017-12-19;126.438;0.288;-38.08;-34.109
2017-12-20;126.162;0.316;-37.829;-33.943
2017-12-21;126.068;0.322;-38.702;-34.77
2017-12-22;125.994;0.329;-39.11;-35.124
2017-12-25;125.994;0.329;-39.111;-35.125
2017-12-26;125.994;0.329;-39.129;-35.122
2017-12-27;126.164;0.31;-38.067;-34.163
2017-12-28;125.753;0.35;-35.918;-32.278
2017-12-29;125.658;0.359;-35.237;-31.689
2018-01-01;125.658;0.359;-35.389;-31.815
2018-01-02;125.266;0.4;-32.422;-29.239
2018-01-03;125.416;0.383;-32.029;-28.835
2018-01-04;125.405;0.382;-32.002;-28.802
2018-01-05;125.384;0.383;-31.98;-28.791
2018-01-08;125.432;0.377;-31.473;-28.33
2018-01-09;125.153;0.406;-30.954;-27.91
2018-01-10;125.159;0.405;-32.874;-29.677
2018-01-11;124.627;0.46;-31.118;-28.133
2018-01-12;124.664;0.455;-32.739;-29.543
2018-01-15;124.587;0.462;-33.019;-29.827
2018-01-16;124.75;0.444;-32.563;-29.431
2018-01-17;124.718;0.446;-32.204;-29.07
2018-01-18;124.629;0.453;-32.601;-29.485
2018-01-19;124.685;0.446;-33.915;-30.644
2018-01-22;124.678;0.446;-34.142;-30.871
2018-01-23;124.674;0.446;-33.87;-30.614
2018-01-24;124.475;0.467;-33.424;-30.253
2018-01-25;124.101;0.505;-31.889;-28.914
2018-01-26;123.828;0.534;-30.952;-28.094
2018-01-29;123.352;0.585;-31.326;-28.519
2018-01-30;123.391;0.58;-30.537;-27.768
2018-01-31;123.259;0.594;-29.169;-26.567
2018-02-01;123.132;0.605;-30.018;-27.329
2018-02-02;122.78;0.643;-29.743;-27.162
2018-02-05;123.018;0.616;-30.522;-27.868
2018-02-06;123.335;0.58;-29.942;-27.263
2018-02-07;123.08;0.608;-30.651;-27.936
2018-02-08;122.934;0.621;-31.262;-28.545
2018-02-09;122.995;0.614;-32.045;-29.242
2018-02-12;122.896;0.624;-33.417;-30.528
2018-02-13;122.843;0.629;-32.083;-29.3
2018-02-14;122.816;0.631;-32.357;-29.563
2018-02-15;122.706;0.641;-31.932;-29.215
2018-02-16;123.153;0.59;-33.402;-30.472
2018-02-19;122.843;0.624;-31.738;-28.998
2018-02-20;122.776;0.631;-31.228;-28.537
2018-02-21;122.872;0.619;-30.857;-28.167
2018-02-22;122.994;0.603;-32.451;-29.591
2018-02-23;123.364;0.561;-33.403;-30.385
2018-02-26;123.359;0.561;-33.025;-30.022
2018-02-27;123.218;0.576;-32.517;-29.615
2018-02-28;123.486;0.545;-34.288;-31.194
2018-03-01;123.528;0.538;-34.457;-31.337
2018-03-02;123.405;0.551;-33.547;-30.537
2018-03-05;123.494;0.54;-34.149;-31.059
2018-03-06;123.274;0.564;-33.761;-30.75
2018-03-07;123.493;0.538;-34.735;-31.592
2018-03-08;123.726;0.51;-36.355;-33.043
2018-03-09;123.481;0.536;-34.556;-31.455
2018-03-12;123.626;0.519;-35.197;-32.015
2018-03-13;123.691;0.511;-34.837;-31.65
2018-03-14;123.936;0.483;-35.653;-32.341
2018-03-15;124.079;0.465;-35.535;-32.229
2018-03-16;124.148;0.456;-36.336;-32.948
2018-03-19;124.125;0.458;-36.572;-33.144
2018-03-20;124.065;0.463;-37.33;-33.853
2018-03-21;124.01;0.469;-37.657;-34.163
2018-03-22;124.486;0.413;-39.164;-35.443
2018-03-23;124.535;0.407;-40.297;-36.472
2018-03-26;124.508;0.409;-39.772;-35.987
2018-03-27;124.688;0.388;-39.755;-35.93
2018-03-28;124.633;0.39;-38.753;-35.037
2018-03-29;124.747;0.376;-39.683;-35.859
2018-03-30;124.747;0.376;-39.428;-35.625
2018-04-02;124.747;0.376;-39.428;-35.625
2018-04-03;124.668;0.384;-38.029;-34.365
2018-04-04;124.762;0.373;-38.8;-35.037
2018-04-05;124.48;0.401;-37.713;-34.125
2018-04-06;124.664;0.38;-37.914;-34.265
2018-04-09;124.608;0.385;-37.498;-33.901
2018-04-10;124.398;0.408;-35.137;-31.78
2018-04-11;124.498;0.396;-35.366;-31.973
2018-04-12;124.409;0.403;-35.515;-32.136
2018-04-13;124.468;0.395;-36.394;-32.921
2018-04-16;124.381;0.404;-36.599;-33.13
2018-04-17;124.566;0.382;-37.125;-33.561
2018-04-18;124.387;0.401;-36.311;-32.863
2018-04-19;123.798;0.465;-34.756;-31.557
2018-04-20;123.895;0.453;-35.5;-32.217
2018-04-23;123.576;0.488;-34.809;-31.655
2018-04-24;123.565;0.488;-34.607;-31.472
2018-04-25;123.466;0.499;-34.004;-30.943
2018-04-26;123.728;0.466;-34.401;-31.249
2018-04-27;123.855;0.45;-34.454;-31.274
2018-04-30;123.911;0.443;-34.149;-30.99
2018-05-01;123.911;0.443;-33.939;-30.785
2018-05-02;123.775;0.457;-33.845;-30.735
2018-05-03;124.145;0.413;-34.438;-31.212
2018-05-04;123.991;0.429;-33.217;-30.126
2018-05-07;124.117;0.414;-33.783;-30.61
2018-05-08;123.788;0.45;-32.836;-29.813
2018-05-09;123.857;0.442;-33.857;-30.734
2018-05-10;123.821;0.443;-33.868;-30.707
2018-05-11;123.885;0.435;-35.569;-32.254
2018-05-14;123.456;0.483;-34.508;-31.364
2018-05-15;123.193;0.512;-34.216;-31.158
2018-05-16;123.364;0.491;-34.103;-31.025
2018-05-17;123.105;0.518;-34.125;-31.101
2018-05-18;123.456;0.477;-34.583;-31.435
2018-05-21;123.582;0.462;-33.15;-30.094
2018-05-22;123.446;0.477;-33.725;-30.651
2018-05-23;123.7;0.447;-32.624;-29.591
2018-05-24;124.075;0.401;-34.765;-31.494
2018-05-25;124.509;0.351;-35.335;-31.885
2018-05-28;124.653;0.334;-34.08;-30.721
2018-05-29;125.186;0.273;-36.103;-32.423
2018-05-30;124.737;0.323;-38.813;-34.98
2018-05-31;124.934;0.298;-38.811;-34.931
2018-06-01;124.581;0.337;-36.942;-33.33
2018-06-04;124.432;0.353;-37.279;-33.71
2018-06-05;124.694;0.322;-37.829;-34.102
2018-06-06;123.765;0.426;-34.358;-31.135
2018-06-07;123.561;0.447;-34.356;-31.19
2018-06-08;123.691;0.431;-33.915;-30.757
2018-06-11;123.348;0.469;-31.318;-28.458
2018-06-12;123.547;0.446;-33.206;-30.102
2018-06-13;123.809;0.415;-35.305;-31.995
2018-06-14;124.507;0.333;-38.852;-35.146
2018-06-15;124.752;0.304;-38.013;-34.339
2018-06-18;124.878;0.289;-38.07;-34.356
2018-06-19;125.091;0.264;-38.317;-34.536
2018-06-20;125.024;0.27;-38.695;-34.862
2018-06-21;125.093;0.26;-38.351;-34.515
2018-06-22;125.012;0.268;-38.188;-34.397
2018-06-25;124.962;0.272;-37.399;-33.711
2018-06-26;124.761;0.294;-36.639;-33.055
2018-06-27;124.97;0.27;-37.897;-34.145
2018-06-28;124.996;0.264;-38.338;-34.555
2018-06-29;125.307;0.227;-41.147;-37.007
2018-07-02;125.383;0.218;-42.323;-38.077
2018-07-03;125.498;0.204;-43.217;-38.846
2018-07-04;125.422;0.211;-42.176;-37.912
2018-07-05;125.411;0.21;-42.747;-38.437
2018-07-06;125.446;0.205;-43.009;-38.664
2018-07-09;125.415;0.207;-42.429;-38.148
2018-07-10;125.256;0.224;-42.392;-38.157
2018-07-11;125.294;0.219;-42.828;-38.542
2018-07-12;125.34;0.211;-43.045;-38.722
2018-07-13;125.505;0.191;-44.371;-39.89
2018-07-16;125.26;0.218;-43.237;-38.914
2018-07-17;125.427;0.198;-43.854;-39.439
2018-07-18;125.409;0.199;-43.226;-38.874
2018-07-19;125.399;0.197;-43.156;-38.799
2018-07-20;124.989;0.243;-40.82;-36.779
2018-07-23;124.666;0.279;-39.338;-35.509
2018-07-24;124.772;0.265;-39.761;-35.87
2018-07-25;124.794;0.262;-39.831;-35.925
2018-07-26;124.707;0.269;-40.436;-36.476
2018-07-27;124.661;0.273;-40.145;-36.238
2018-07-30;124.28;0.316;-38.7;-34.99
2018-07-31;124.345;0.308;-39.42;-35.654
2018-08-01;123.976;0.349;-36.93;-33.445
2018-08-02;123.935;0.351;-35.893;-32.499
2018-08-03;124.266;0.312;-37.277;-33.675
2018-08-06;124.449;0.29;-38.312;-34.566
2018-08-07;124.346;0.301;-38.468;-34.737
2018-08-08;124.386;0.295;-38.286;-34.564
2018-08-09;124.535;0.275;-39.249;-35.386
2018-08-10;124.888;0.233;-39.945;-35.928
2018-08-13;124.797;0.243;-38.255;-34.427
2018-08-14;124.762;0.246;-38.497;-34.673
2018-08-15;124.896;0.229;-38.483;-34.634
2018-08-16;124.768;0.241;-38.138;-34.367
2018-08-17;124.881;0.227;-38.856;-34.974
2018-08-20;124.951;0.218;-39.38;-35.458
2018-08-21;124.768;0.238;-38.705;-34.86
2018-08-22;124.622;0.254;-37.129;-33.481
2018-08-23;124.682;0.244;-38.271;-34.49
2018-08-24;124.597;0.253;-37.569;-33.873
2018-08-27;124.371;0.278;-36.575;-33.007
2018-08-28;124.312;0.284;-35.728;-32.269
2018-08-29;124.1;0.307;-35.136;-31.793
2018-08-30;124.461;0.262;-36.902;-33.252
2018-08-31;124.522;0.254;-36.339;-32.74
2018-09-03;124.412;0.266;-35.147;-31.699
2018-09-04;124.393;0.267;-36.029;-32.491
2018-09-05;124.155;0.294;-35.144;-31.723
2018-09-06;124.345;0.269;-36.381;-32.843
2018-09-07;124.129;0.293;-35.743;-32.287
2018-09-10;124.161;0.288;-36.825;-33.267
2018-09-11;123.968;0.31;-36.631;-33.146
2018-09-12;124.098;0.293;-36.889;-33.322
2018-09-13;123.938;0.309;-35.796;-32.384
2018-09-14;123.669;0.34;-34.282;-31.052
2018-09-17;123.594;0.348;-34.147;-30.955
2018-09-18;123.449;0.364;-33.525;-30.403
2018-09-19;123.35;0.374;-33.68;-30.543
2018-09-20;123.418;0.363;-34.25;-31.048
2018-09-21;123.478;0.355;-34.423;-31.216
2018-09-24;123.023;0.408;-32.681;-29.714
2018-09-25;122.801;0.434;-32.901;-29.945
2018-09-26;122.879;0.423;-33.322;-30.304
2018-09-27;122.786;0.432;-32.837;-29.879
2018-09-28;123.147;0.388;-34.115;-30.972
2018-10-01;123.004;0.404;-33.128;-30.091
2018-10-02;123.337;0.363;-34.641;-31.403
2018-10-03;123.03;0.399;-33.972;-30.864
2018-10-04;122.547;0.453;-32.445;-29.552
2018-10-05;122.307;0.481;-32.86;-29.993
2018-10-08;122.541;0.452;-32.972;-30.033
2018-10-09;122.388;0.469;-32.169;-29.328
2018-10-10;122.31;0.478;-32.0;-29.188
2018-10-11;122.424;0.461;-32.034;-29.201
2018-10-12;122.557;0.444;-32.341;-29.468
2018-10-15;122.524;0.447;-31.935;-29.103
2018-10-16;122.711;0.424;-32.91;-29.964
2018-10-17;122.94;0.396;-33.036;-30.046
2018-10-18;123.117;0.371;-33.72;-30.622
2018-10-19;122.69;0.422;-31.727;-28.886
2018-10-22;122.834;0.403;-32.66;-29.715
2018-10-23;123.089;0.372;-33.069;-30.03
2018-10-24;123.221;0.355;-34.227;-31.06
2018-10-25;123.181;0.357;-34.517;-31.329
2018-10-26;123.443;0.325;-33.906;-30.727
2018-10-29;123.423;0.326;-35.394;-32.085
2018-10-30;123.424;0.325;-34.88;-31.61
2018-10-31;123.37;0.33;-35.656;-32.326
2018-11-01;123.336;0.331;-36.115;-32.762
2018-11-02;123.154;0.352;-34.28;-31.126
2018-11-05;123.103;0.357;-33.557;-30.476
2018-11-06;123.001;0.368;-33.013;-30.002
2018-11-07;122.89;0.381;-32.721;-29.755
2018-11-08;122.798;0.389;-32.598;-29.662
2018-11-09;123.048;0.358;-33.081;-30.036
2018-11-12;123.092;0.351;-32.655;-29.631
2018-11-13;123.053;0.355;-32.925;-29.89
2018-11-14;123.114;0.347;-32.573;-29.549
2018-11-15;123.378;0.312;-33.513;-30.373
2018-11-16;123.283;0.322;-32.881;-29.806
2018-11-19;123.163;0.336;-31.473;-28.55
2018-11-20;123.308;0.317;-31.696;-28.733
2018-11-21;123.241;0.324;-32.059;-29.06
2018-11-22;123.3;0.314;-32.34;-29.32
2018-11-23;123.473;0.292;-32.625;-29.526
2018-11-26;123.342;0.307;-32.052;-29.056
2018-11-27;123.438;0.294;-32.67;-29.602
2018-11-28;123.463;0.29;-32.819;-29.72
2018-11-29;123.723;0.256;-34.304;-31.035
2018-11-30;123.763;0.25;-34.423;-31.149
2018-12-03;123.717;0.255;-33.51;-30.327
2018-12-04;123.902;0.231;-33.317;-30.106
2018-12-05;123.773;0.246;-33.873;-30.624
2018-12-06;123.914;0.226;-34.036;-30.77
2018-12-07;123.711;0.249;-32.038;-28.992
2018-12-10;123.554;0.267;-30.02;-27.192
2018-12-11;123.401;0.284;-28.209;-25.562
2018-12-12;123.293;0.296;-29.631;-26.884
2018-12-13;123.308;0.291;-29.384;-26.665
2018-12-14;123.477;0.27;-29.708;-26.942
2018-12-17;123.27;0.294;-27.404;-24.877
2018-12-18;123.398;0.277;-27.392;-24.842
2018-12-19;123.441;0.271;-26.553;-24.067
2018-12-20;123.559;0.254;-27.011;-24.481
2018-12-21;123.362;0.274;-25.614;-23.241
2018-12-24;123.362;0.273;-25.538;-23.174
2018-12-25;123.362;0.273;-25.522;-23.176
2018-12-26;123.362;0.273;-25.54;-23.174
2018-12-27;123.375;0.269;-24.017;-21.795
2018-12-28;123.246;0.282;-21.459;-19.485
2018-12-31;123.246;0.281;-21.514;-19.522
2019-01-01;123.246;0.281;-21.508;-19.522
2019-01-02;123.62;0.235;-20.592;-18.638
2019-01-03;123.685;0.223;-21.031;-19.019
2019-01-04;123.375;0.26;-21.616;-19.588
2019-01-07;123.14;0.288;-19.405;-17.622
2019-01-08;123.066;0.296;-20.513;-18.642
2019-01-09;123.17;0.282;-22.647;-20.556
2019-01-10;123.424;0.248;-25.165;-22.801
2019-01-11;123.483;0.239;-25.164;-22.787
2019-01-14;123.671;0.215;-26.17;-23.695
2019-01-15;123.845;0.193;-26.498;-23.987
2019-01-16;123.739;0.205;-26.412;-23.917
2019-01-17;123.655;0.212;-26.431;-23.944
2019-01-18;123.477;0.233;-26.251;-23.803
2019-01-21;123.519;0.226;-26.38;-23.885
2019-01-22;123.611;0.214;-25.926;-23.471
2019-01-23;123.661;0.207;-24.861;-22.464
2019-01-24;124.0;0.162;-26.71;-24.098
2019-01-25;123.892;0.174;-26.394;-23.83
2019-01-28;123.823;0.182;-25.84;-23.312
2019-01-29;123.798;0.184;-24.151;-21.805
2019-01-30;123.87;0.174;-24.077;-21.723
2019-01-31;124.146;0.136;-23.743;-21.39
2019-02-01;124.016;0.151;-25.256;-22.771
2019-02-04;123.903;0.164;-24.782;-22.357
2019-02-05;123.899;0.163;-24.393;-22.003
2019-02-06;123.897;0.163;-23.323;-21.018
2019-02-07;124.104;0.134;-23.015;-20.723
2019-02-08;124.156;0.126;-21.275;-19.149
2019-02-11;123.955;0.15;-20.5;-18.466
2019-02-12;123.925;0.152;-21.298;-19.205
2019-02-13;124.024;0.139;-23.183;-20.893
2019-02-14;124.147;0.121;-24.434;-22.003
2019-02-15;124.094;0.126;-23.802;-21.437
2019-02-18;124.046;0.131;-23.52;-21.194
2019-02-19;124.103;0.123;-23.181;-20.872
2019-02-20;124.151;0.116;-22.594;-20.382
2019-02-21;123.985;0.133;-23.574;-21.244
2019-02-22;124.171;0.109;-23.67;-21.307
2019-02-25;124.081;0.119;-23.42;-21.076
2019-02-26;124.056;0.121;-23.314;-21.006
2019-02-27;123.868;0.143;-23.846;-21.513
2019-02-28;123.703;0.16;-24.669;-22.269
2019-03-01;123.625;0.168;-24.057;-21.694
2019-03-04;123.753;0.151;-23.909;-21.546
2019-03-05;123.73;0.153;-23.875;-21.522
2019-03-06;124.098;0.106;-25.057;-22.564
2019-03-07;124.71;0.027;-27.128;-24.352
2019-03-08;124.746;0.022;-27.333;-24.509
2019-03-11;124.792;0.015;-28.777;-25.815
2019-03-12;124.738;0.02;-27.849;-24.967
2019-03-13;124.831;0.008;-29.674;-26.597
2019-03-14;124.706;0.02;-29.692;-26.631
2019-03-15;124.749;0.013;-29.985;-26.891
2019-03-18;124.721;0.015;-28.646;-25.689
2019-03-19;124.646;0.023;-28.741;-25.809
2019-03-20;124.657;0.021;-28.506;-25.589
2019-03-21;125.01;-0.026;-30.835;-27.64
2019-03-22;125.312;-0.065;-31.373;-28.051
2019-03-25;125.26;-0.059;-29.8;-26.642
2019-03-26;125.213;-0.055;-30.738;-27.463
2019-03-27;125.744;-0.121;-30.332;-27.05
2019-03-28;125.572;-0.104;-30.862;-27.532
2019-03-29;125.596;-0.108;-32.375;-28.87
2019-04-01;125.155;-0.055;-28.649;-25.61
2019-04-02;125.316;-0.076;-28.948;-25.849
2019-04-03;124.966;-0.034;-28.736;-25.716
2019-04-04;125.122;-0.057;-30.306;-27.098
2019-04-05;125.142;-0.061;-31.305;-27.99
2019-04-08;125.142;-0.062;-31.295;-27.979
2019-04-09;125.278;-0.08;-32.004;-28.59
2019-04-10;125.447;-0.102;-31.263;-27.907
2019-04-11;125.32;-0.09;-31.403;-28.049
2019-04-12;124.826;-0.03;-29.704;-26.599
2019-04-15;124.655;-0.01;-27.823;-24.938
2019-04-16;124.673;-0.013;-28.932;-25.93
2019-04-17;124.605;-0.011;-29.908;-26.813
2019-04-18;124.964;-0.057;-30.511;-27.285
2019-04-19;124.964;-0.057;-30.503;-27.278
2019-04-22;124.964;-0.057;-30.503;-27.278
2019-04-23;124.789;-0.036;-29.581;-26.48
2019-04-24;125.124;-0.079;-29.919;-26.724
2019-04-25;124.958;-0.062;-29.09;-26.005
2019-04-26;125.091;-0.08;-30.246;-27.034
2019-04-29;124.956;-0.066;-29.623;-26.48
2019-04-30;124.916;-0.062;-29.932;-26.766
2019-05-01;124.916;-0.062;-29.954;-26.783
2019-05-02;124.841;-0.056;-29.948;-26.782
2019-05-03;124.846;-0.058;-30.378;-27.178
2019-05-06;124.903;-0.066;-29.63;-26.506
2019-05-07;125.102;-0.092;-29.07;-25.971
2019-05-08;125.062;-0.089;-28.932;-25.851
2019-05-09;124.946;-0.078;-27.731;-24.781
2019-05-10;124.921;-0.076;-27.43;-24.51
2019-05-13;125.023;-0.09;-27.012;-24.129
2019-05-14;125.042;-0.094;-26.24;-23.431
2019-05-15;125.204;-0.115;-27.331;-24.388
2019-05-16;125.238;-0.123;-29.091;-25.935
2019-05-17;125.282;-0.13;-28.308;-25.221
2019-05-20;125.133;-0.112;-27.22;-24.271
2019-05-21;124.999;-0.097;-26.353;-23.5
2019-05-22;125.148;-0.117;-27.037;-24.11
2019-05-23;125.297;-0.139;-27.057;-24.091
2019-05-24;125.289;-0.14;-27.496;-24.48
2019-05-27;125.44;-0.16;-27.874;-24.812
2019-05-28;125.5;-0.169;-27.371;-24.356
2019-05-29;125.653;-0.189;-28.027;-24.893
2019-05-30;125.605;-0.187;-28.09;-24.947
2019-05-31;125.797;-0.212;-28.796;-25.54
2019-06-03;125.774;-0.211;-28.068;-24.863
2019-06-04;125.851;-0.222;-27.672;-24.509
2019-06-05;126.088;-0.253;-27.427;-24.288
2019-06-06;126.214;-0.272;-29.953;-26.444
2019-06-07;126.438;-0.302;-31.286;-27.648
2019-06-10;126.101;-0.261;-29.38;-25.976
2019-06-11;126.142;-0.267;-28.658;-25.287
2019-06-12;126.155;-0.27;-28.411;-25.114
2019-06-13;126.101;-0.267;-27.537;-24.347
2019-06-14;126.227;-0.285;-27.903;-24.661
2019-06-17;126.147;-0.276;-27.89;-24.616
2019-06-18;126.914;-0.373;-31.18;-27.493
2019-06-19;126.546;-0.329;-29.895;-26.257
2019-06-20;126.793;-0.364;-32.044;-28.139
2019-06-21;126.501;-0.328;-31.378;-27.519
2019-06-24;126.649;-0.348;-31.123;-27.295
2019-06-25;126.815;-0.37;-31.585;-27.656
2019-06-26;126.61;-0.346;-30.973;-27.182
2019-06-27;126.717;-0.364;-30.697;-26.938
2019-06-28;126.761;-0.37;-30.329;-26.636
2019-07-01;127.027;-0.405;-31.699;-27.828
2019-07-02;127.067;-0.412;-31.522;-27.614
2019-07-03;127.28;-0.44;-32.159;-28.087
2019-07-04;127.429;-0.462;-32.401;-28.267
2019-07-05;127.13;-0.426;-31.308;-27.295
2019-07-08;126.969;-0.408;-28.946;-25.276
2019-07-09;126.883;-0.398;-30.635;-26.775
2019-07-10;126.706;-0.377;-31.155;-27.396
2019-07-11;126.427;-0.346;-31.662;-27.794
2019-07-12;126.144;-0.312;-28.532;-25.06
2019-07-15;126.44;-0.35;-29.234;-25.681
2019-07-16;126.482;-0.357;-28.753;-25.199
2019-07-17;126.801;-0.399;-29.441;-25.781
2019-07-18;126.916;-0.417;-29.963;-26.227
2019-07-19;126.999;-0.429;-29.224;-25.563
2019-07-22;127.079;-0.441;-29.439;-25.71
2019-07-23;127.123;-0.448;-29.792;-26.053
2019-07-24;127.236;-0.463;-29.226;-25.53
2019-07-25;127.134;-0.455;-28.319;-24.71
2019-07-26;127.17;-0.461;-29.395;-25.705
2019-07-29;127.283;-0.476;-30.408;-26.657
2019-07-30;127.276;-0.477;-30.341;-26.578
2019-07-31;127.524;-0.51;-30.225;-26.484
2019-08-01;127.423;-0.501;-28.033;-24.49
2019-08-02;127.673;-0.534;-27.688;-24.173
2019-08-05;127.707;-0.54;-27.11;-23.652
2019-08-06;127.855;-0.56;-28.24;-24.608
2019-08-07;128.166;-0.6;-28.223;-24.551
2019-08-08;127.943;-0.577;-27.236;-23.721
2019-08-09;127.81;-0.562;-23.953;-20.849
2019-08-12;127.929;-0.578;-25.614;-22.254
2019-08-13;128.078;-0.598;-26.461;-22.953
2019-08-14;128.39;-0.639;-26.322;-22.769
2019-08-15;128.865;-0.703;-23.885;-20.705
2019-08-16;128.675;-0.681;-21.352;-18.359
2019-08-19;128.366;-0.643;-22.84;-19.699
2019-08-20;128.61;-0.675;-24.699;-21.348
2019-08-21;128.428;-0.654;-26.374;-22.733
2019-08-22;128.149;-0.623;-27.109;-23.423
2019-08-23;128.282;-0.642;-26.102;-22.615
2019-08-26;128.233;-0.637;-25.587;-22.188
2019-08-27;128.462;-0.667;-25.111;-21.738
2019-08-28;128.509;-0.675;-23.489;-20.321
2019-08-29;128.427;-0.669;-23.415;-20.303
2019-08-30;128.425;-0.67;-23.647;-20.582
2019-09-02;128.408;-0.67;-22.838;-19.822
2019-09-03;128.353;-0.664;-22.284;-19.282
2019-09-04;128.233;-0.65;-23.085;-20.023
2019-09-05;127.726;-0.591;-22.995;-19.952
2019-09-06;127.969;-0.623;-23.284;-20.243
2019-09-09;127.638;-0.582;-22.206;-19.401
2019-09-10;127.393;-0.552;-20.985;-18.333
2019-09-11;127.524;-0.571;-23.191;-20.33
2019-09-12;127.005;-0.509;-23.175;-19.978
2019-09-13;126.604;-0.458;-23.678;-20.633
2019-09-16;126.778;-0.482;-22.898;-20.021
2019-09-17;126.646;-0.467;-19.896;-17.351
2019-09-18;126.828;-0.492;-20.094;-17.511
2019-09-19;126.69;-0.478;-19.016;-16.566
2019-09-20;126.692;-0.48;-19.171;-16.738
2019-09-23;127.077;-0.531;-19.649;-17.146
2019-09-24;127.097;-0.535;-18.46;-16.088
2019-09-25;126.942;-0.517;-19.505;-17.029
2019-09-26;126.984;-0.526;-21.121;-18.474
2019-09-27;126.956;-0.524;-20.077;-17.578
2019-09-30;126.935;-0.523;-20.061;-17.527
2019-10-01;126.869;-0.516;-18.995;-16.628
2019-10-02;126.707;-0.496;-17.699;-15.55
2019-10-03;126.892;-0.525;-17.84;-15.633
2019-10-04;126.936;-0.532;-18.757;-16.436
2019-10-07;126.821;-0.519;-18.319;-16.049
2019-10-08;126.989;-0.542;-20.012;-17.55
2019-10-09;126.663;-0.501;-19.802;-17.393
2019-10-10;126.09;-0.431;-17.339;-15.271
2019-10-11;126.068;-0.429;-19.722;-17.402
2019-10-14;126.071;-0.431;-19.298;-17.017
2019-10-15;125.942;-0.416;-20.922;-18.455
2019-10-16;125.786;-0.396;-21.7;-19.172
2019-10-17;125.814;-0.404;-20.915;-18.492
2019-10-18;125.613;-0.379;-21.618;-19.135
2019-10-21;125.414;-0.355;-20.596;-18.256
2019-10-22;125.501;-0.367;-20.961;-18.576
2019-10-23;125.638;-0.387;-20.08;-17.79
2019-10-24;125.706;-0.4;-21.126;-18.735
2019-10-25;125.453;-0.368;-22.455;-19.924
2019-10-28;125.283;-0.347;-21.974;-19.539
2019-10-29;125.332;-0.355;-22.035;-19.612
2019-10-30;125.364;-0.361;-22.89;-20.396
2019-10-31;125.642;-0.402;-23.365;-20.812
2019-11-01;125.465;-0.38;-21.538;-19.128
2019-11-04;125.369;-0.369;-22.835;-20.328
2019-11-05;125.179;-0.345;-22.189;-19.773
2019-11-06;125.275;-0.359;-22.361;-19.929
2019-11-07;124.598;-0.273;-20.982;-18.812
2019-11-08;124.794;-0.3;-21.835;-19.621
2019-11-11;124.605;-0.276;-20.153;-18.069
2019-11-12;124.652;-0.284;-19.47;-17.488
2019-11-13;124.816;-0.308;-18.905;-16.913
2019-11-14;125.017;-0.339;-19.532;-17.486
2019-11-15;124.956;-0.332;-19.877;-17.773
2019-11-18;124.964;-0.335;-20.685;-18.457
2019-11-19;124.965;-0.336;-20.761;-18.526
2019-11-20;124.985;-0.34;-20.538;-18.335
2019-11-21;124.8;-0.32;-19.983;-17.835
2019-11-22;124.981;-0.346;-20.311;-18.14
2019-11-25;124.918;-0.339;-20.186;-18.029
2019-11-26;125.026;-0.355;-20.245;-18.048
2019-11-27;124.992;-0.351;-19.267;-17.145
2019-11-28;124.926;-0.347;-19.622;-17.461
2019-11-29;124.923;-0.348;-20.392;-18.151
2019-12-02;124.461;-0.287;-19.261;-17.18
2019-12-03;124.888;-0.346;-20.171;-18.04
2019-12-04;124.681;-0.32;-20.213;-18.098
2019-12-05;124.474;-0.296;-19.247;-17.232
2019-12-06;124.395;-0.287;-18.967;-17.024
2019-12-09;124.536;-0.307;-19.575;-17.55
2019-12-10;124.497;-0.303;-19.624;-17.596
2019-12-11;124.641;-0.324;-19.708;-17.62
2019-12-12;124.307;-0.283;-18.542;-16.572
2019-12-13;124.443;-0.303;-19.69;-17.593
2019-12-16;124.402;-0.299;-19.943;-17.804
2019-12-17;124.45;-0.307;-20.562;-18.341
2019-12-18;124.154;-0.268;-19.641;-17.506
2019-12-19;124.077;-0.262;-19.788;-17.684
2019-12-20;124.165;-0.275;-20.56;-18.431
2019-12-23;124.086;-0.269;-21.069;-18.815
2019-12-24;124.086;-0.273;-21.519;-19.256
2019-12-25;124.086;-0.273;-21.506;-19.246
2019-12-26;124.086;-0.273;-21.524;-19.256
2019-12-27;124.122;-0.28;-21.224;-19.034
2019-12-30;123.659;-0.219;-19.846;-17.875
2020-01-01;123.659;-0.22;-19.999;-18.011
2020-01-02;123.869;-0.253;-19.521;-17.573
2020-01-03;124.185;-0.298;-20.067;-18.032
2020-01-06;124.152;-0.295;-18.69;-16.802
2020-01-07;124.145;-0.296;-17.942;-16.161
2020-01-08;123.917;-0.266;-17.944;-16.109
2020-01-09;123.772;-0.25;-18.981;-17.045
2020-01-10;123.883;-0.267;-20.004;-17.918
2020-01-13;123.642;-0.235;-19.268;-17.357
2020-01-14;123.642;-0.236;-19.264;-17.308
2020-01-15;123.781;-0.257;-19.417;-17.414
2020-01-16;123.84;-0.27;-19.346;-17.367
2020-01-17;123.802;-0.266;-19.069;-17.11
2020-01-20;123.797;-0.267;-18.774;-16.82
2020-01-21;123.939;-0.288;-19.442;-17.386
2020-01-22;124.001;-0.298;-19.463;-17.459
2020-01-23;124.289;-0.342;-20.718;-18.583
2020-01-24;124.381;-0.356;-20.336;-18.231
2020-01-27;124.644;-0.394;-19.276;-17.231
2020-01-28;124.413;-0.364;-19.649;-17.554
2020-01-29;124.614;-0.393;-20.525;-18.374
2020-01-30;124.738;-0.415;-20.74;-18.543
2020-01-31;124.966;-0.448;-22.121;-19.753
2020-02-03;124.968;-0.45;-21.526;-19.216
2020-02-04;124.726;-0.418;-21.247;-18.979
2020-02-05;124.52;-0.391;-21.183;-18.888
2020-02-06;124.53;-0.397;-21.193;-18.913
2020-02-07;124.635;-0.413;-21.477;-19.182
2020-02-10;124.739;-0.429;-20.873;-18.583
2020-02-11;124.617;-0.414;-20.061;-17.882
2020-02-12;124.555;-0.406;-19.87;-17.655
2020-02-13;124.551;-0.41;-18.944;-16.867
2020-02-14;124.645;-0.425;-19.303;-17.172
2020-02-17;124.626;-0.424;-18.922;-16.865
2020-02-18;124.601;-0.422;-17.8;-15.842
2020-02-19;124.689;-0.436;-18.453;-16.422
2020-02-20;124.793;-0.455;-19.145;-16.989
2020-02-21;124.666;-0.439;-19.111;-16.992
2020-02-24;124.842;-0.465;-18.514;-16.492
2020-02-25;124.922;-0.478;-18.571;-16.585
2020-02-26;124.844;-0.468;-18.152;-16.166
2020-02-27;124.921;-0.484;-19.442;-17.294
2020-02-28;125.102;-0.511;-18.85;-16.788
2020-03-02;125.258;-0.534;-17.508;-15.729
2020-03-03;125.383;-0.553;-19.692;-17.553
2020-03-04;125.426;-0.561;-19.597;-17.456
2020-03-05;125.518;-0.578;-21.146;-18.538
2020-03-06;125.409;-0.565;-19.863;-17.436
2020-03-09;125.575;-0.589;-17.64;-15.657
2020-03-10;125.033;-0.515;-14.293;-12.535
2020-03-11;125.105;-0.527;-16.995;-15.188
2020-03-12;123.702;-0.334;2.352;2.642
2020-03-13;122.92;-0.224;1.648;1.77
2020-03-16;122.17;-0.117;10.33;9.331
2020-03-17;121.818;-0.067;15.83;14.318
2020-03-18;121.07;0.04;11.979;10.924
2020-03-19;121.306;0.001;3.019;2.924
2020-03-20;122.051;-0.108;-0.497;-0.448
2020-03-23;122.002;-0.103;2.135;1.884
2020-03-24;121.614;-0.048;5.467;4.914
2020-03-25;121.519;-0.035;2.488;2.264
2020-03-26;122.866;-0.235;-11.723;-10.656
2020-03-27;123.354;-0.307;-12.451;-11.256
2020-03-30;123.274;-0.297;-12.0;-10.833
2020-03-31;123.065;-0.268;-8.136;-7.368
2020-04-01;122.871;-0.242;-3.832;-3.491
2020-04-02;122.608;-0.208;-0.389;-0.408
2020-04-03;122.506;-0.195;1.872;1.692
2020-04-06;122.522;-0.199;-0.442;-0.418
2020-04-07;121.861;-0.104;1.713;1.647
2020-04-08;121.792;-0.101;2.707;2.524
2020-04-09;122.192;-0.161;1.233;1.025
2020-04-10;122.192;-0.161;0.772;0.636
2020-04-13;122.192;-0.161;0.78;0.637
2020-04-14;122.153;-0.157;3.714;3.259
2020-04-15;122.354;-0.188;3.821;3.394
2020-04-16;122.34;-0.19;4.209;3.757
2020-04-17;122.432;-0.205;2.112;1.885
2020-04-20;122.166;-0.168;3.246;2.925
2020-04-21;122.155;-0.168;2.504;2.268
2020-04-22;121.797;-0.116;1.503;1.359
2020-04-23;122.207;-0.181;-2.044;-1.839
2020-04-24;122.649;-0.247;-3.91;-3.355
2020-04-27;122.562;-0.236;-4.029;-3.39
2020-04-28;122.693;-0.257;-3.564;-2.866
2020-04-29;122.92;-0.296;-6.349;-5.364
2020-04-30;123.483;-0.38;-8.617;-7.379
2020-05-01;123.483;-0.38;-8.021;-6.862
2020-05-04;123.241;-0.346;-6.323;-5.452
2020-05-05;123.344;-0.363;-7.011;-6.016
2020-05-06;122.863;-0.294;-2.716;-2.4
2020-05-07;123.016;-0.321;-5.049;-4.65
2020-05-08;123.163;-0.344;-7.802;-6.855
2020-05-11;122.926;-0.311;-4.459;-3.896
2020-05-12;122.922;-0.312;-3.836;-3.333
2020-05-13;123.077;-0.336;-6.051;-5.335
2020-05-14;123.012;-0.332;-4.505;-4.012
2020-05-15;122.802;-0.302;-2.986;-2.712
2020-05-18;122.556;-0.268;-1.621;-1.441
2020-05-19;122.702;-0.291;-4.163;-3.731
2020-05-20;122.861;-0.316;-6.718;-6.004
2020-05-21;122.979;-0.338;-7.295;-6.508
2020-05-22;122.837;-0.318;-6.145;-5.409
2020-05-25;122.893;-0.328;-6.897;-6.139
2020-05-26;122.564;-0.281;-4.841;-4.428
2020-05-27;122.647;-0.295;-5.94;-5.277
2020-05-28;122.911;-0.339;-9.968;-8.964
2020-05-29;123.028;-0.358;-9.997;-8.925
2020-06-01;122.787;-0.324;-8.5;-7.538
2020-06-02;122.872;-0.338;-9.234;-8.035
2020-06-03;122.557;-0.293;-8.029;-7.044
2020-06-04;122.622;-0.307;-10.357;-9.138
2020-06-05;122.57;-0.301;-10.706;-9.363
2020-06-08;122.763;-0.331;-11.322;-9.913
2020-06-09;122.55;-0.301;-9.637;-8.393
2020-06-10;122.497;-0.295;-8.965;-7.82
2020-06-11;122.894;-0.359;-10.819;-9.553
2020-06-12;123.151;-0.398;-13.593;-11.894
2020-06-15;123.149;-0.4;-13.203;-11.529
2020-06-16;123.208;-0.41;-15.124;-13.258
2020-06-17;123.201;-0.411;-14.364;-12.564
2020-06-18;123.187;-0.414;-13.261;-11.543
2020-06-19;123.295;-0.431;-14.608;-12.702
2020-06-22;123.461;-0.457;-15.436;-13.273
2020-06-23;123.274;-0.431;-14.354;-12.241
2020-06-24;123.386;-0.45;-15.052;-12.848
2020-06-25;123.474;-0.468;-16.61;-14.302
2020-06-26;123.543;-0.48;-16.154;-13.842
2020-06-29;123.497;-0.474;-16.122;-13.812
2020-06-30;123.412;-0.463;-15.02;-12.7
2020-07-01;123.064;-0.413;-11.887;-10.02
2020-07-02;123.332;-0.458;-14.959;-12.764
2020-07-03;123.316;-0.457;-15.267;-12.978
2020-07-06;123.339;-0.463;-15.692;-13.377
2020-07-07;123.288;-0.457;-16.01;-13.633
2020-07-08;123.29;-0.459;-16.159;-13.692
2020-07-09;123.337;-0.471;-16.279;-13.788
2020-07-10;123.332;-0.472;-15.485;-13.074
2020-07-13;123.088;-0.437;-14.81;-12.452
2020-07-14;123.23;-0.46;-15.785;-13.328
2020-07-15;123.272;-0.468;-15.868;-13.403
2020-07-16;123.427;-0.496;-17.514;-14.805
2020-07-17;123.253;-0.471;-16.297;-13.686
2020-07-20;123.373;-0.491;-16.875;-14.253
2020-07-21;123.384;-0.495;-16.476;-13.826
2020-07-22;123.542;-0.52;-17.769;-15.029
2020-07-23;123.419;-0.507;-17.016;-14.211
2020-07-24;123.167;-0.47;-15.124;-12.551
2020-07-27;123.402;-0.507;-17.085;-14.292
2020-07-28;123.436;-0.514;-16.68;-13.929
2020-07-29;123.37;-0.506;-17.069;-14.252
2020-07-30;123.552;-0.539;-17.615;-14.706
2020-07-31;123.449;-0.525;-17.404;-14.502
2020-08-03;123.476;-0.531;-17.729;-14.727
2020-08-04;123.637;-0.557;-18.999;-15.852
2020-08-05;123.413;-0.525;-18.678;-15.631
2020-08-06;123.5;-0.543;-19.598;-16.47
2020-08-07;123.428;-0.534;-19.428;-16.322
2020-08-10;123.567;-0.556;-20.358;-17.145
2020-08-11;123.365;-0.528;-20.069;-16.884
2020-08-12;123.219;-0.507;-19.191;-16.132
2020-08-13;122.924;-0.467;-17.123;-14.305
2020-08-14;122.921;-0.469;-16.296;-13.61
2020-08-17;123.102;-0.498;-17.487;-14.666
2020-08-18;123.182;-0.512;-18.191;-15.24
2020-08-19;123.215;-0.519;-17.817;-14.909
2020-08-20;123.281;-0.534;-18.163;-15.289
2020-08-21;123.297;-0.538;-17.444;-14.676
2020-08-24;123.215;-0.527;-17.462;-14.73
2020-08-25;122.934;-0.486;-15.728;-13.2
2020-08-26;122.885;-0.48;-16.128;-13.548
2020-08-27;122.849;-0.48;-16.779;-14.186
2020-08-28;122.855;-0.483;-15.821;-13.331
2020-08-31;122.727;-0.465;-14.737;-12.335
2020-09-01;122.897;-0.492;-15.873;-13.409
2020-09-02;123.212;-0.543;-17.751;-15.043
2020-09-03;123.213;-0.548;-17.486;-14.883
2020-09-04;123.092;-0.531;-16.482;-14.064
2020-09-07;123.086;-0.532;-16.162;-13.691
2020-09-08;123.196;-0.551;-16.497;-14.019
2020-09-09;122.999;-0.522;-16.174;-13.7
2020-09-10;122.754;-0.49;-14.726;-12.452
2020-09-11;122.989;-0.528;-15.316;-13.068
2020-09-14;122.999;-0.531;-15.369;-13.099
2020-09-15;123.015;-0.535;-15.746;-13.483
2020-09-16;123.04;-0.541;-16.754;-14.388
2020-09-17;123.094;-0.554;-16.868;-14.556
2020-09-18;123.089;-0.555;-17.227;-14.876
2020-09-21;123.278;-0.586;-18.282;-15.847
2020-09-22;123.194;-0.575;-18.517;-16.027
2020-09-23;123.178;-0.575;-18.547;-16.097
2020-09-24;123.042;-0.559;-17.643;-15.319
2020-09-25;123.165;-0.58;-18.544;-16.158
2020-09-28;123.156;-0.58;-18.819;-16.419
2020-09-29;123.211;-0.59;-18.852;-16.445
2020-09-30;123.075;-0.571;-18.378;-16.008
2020-10-01;123.158;-0.589;-19.345;-16.901
2020-10-02;123.148;-0.59;-18.833;-16.539
2020-10-05;122.987;-0.566;-17.851;-15.61
2020-10-06;123.024;-0.574;-18.588;-16.337
2020-10-07;122.92;-0.56;-17.224;-15.127
2020-10-08;123.054;-0.586;-18.556;-16.364
2020-10-09;123.094;-0.594;-19.291;-17.031
2020-10-12;123.161;-0.606;-19.599;-17.319
2020-10-13;123.218;-0.617;-19.582;-17.312
2020-10-14;123.295;-0.631;-19.269;-17.027
2020-10-15;123.359;-0.646;-20.178;-17.873
2020-10-16;123.384;-0.652;-20.317;-18.007
2020-10-19;123.374;-0.652;-19.819;-17.588
2020-10-20;123.313;-0.645;-21.097;-18.751
2020-10-21;123.231;-0.634;-20.648;-18.377
2020-10-22;123.061;-0.612;-19.106;-17.06
2020-10-23;123.085;-0.618;-19.708;-17.611
2020-10-26;123.056;-0.615;-19.227;-17.181
2020-10-27;123.244;-0.647;-20.261;-17.991
2020-10-28;123.198;-0.641;-19.598;-17.413
2020-10-29;123.315;-0.665;-21.053;-18.647
2020-10-30;123.225;-0.653;-20.305;-17.935
2020-11-02;123.316;-0.669;-21.85;-19.369
2020-11-03;123.235;-0.658;-22.083;-19.592
2020-11-04;123.334;-0.676;-22.955;-20.335
2020-11-05;123.274;-0.672;-22.055;-19.561
2020-11-06;123.205;-0.663;-21.414;-18.998
2020-11-09;122.736;-0.591;-18.745;-16.673
2020-11-10;122.61;-0.572;-18.705;-16.691
2020-11-11;122.708;-0.59;-19.535;-17.41
2020-11-12;122.745;-0.601;-19.715;-17.59
2020-11-13;122.784;-0.609;-19.206;-17.141
2020-11-16;122.81;-0.615;-20.555;-18.311
2020-11-17;122.901;-0.632;-21.552;-19.173
2020-11-18;122.848;-0.625;-21.404;-19.013
2020-11-19;122.874;-0.635;-21.084;-18.724
2020-11-20;122.931;-0.646;-21.339;-18.994
2020-11-23;122.92;-0.646;-21.82;-19.429
2020-11-24;122.779;-0.625;-21.348;-19.027
2020-11-25;122.751;-0.623;-20.251;-18.036
2020-11-26;122.79;-0.635;-20.615;-18.376
2020-11-27;122.789;-0.636;-20.629;-18.37
2020-11-30;122.677;-0.62;-18.948;-16.889
2020-12-01;122.451;-0.586;-17.281;-15.395
2020-12-02;122.458;-0.589;-17.665;-15.776
2020-12-03;122.625;-0.621;-19.534;-17.4
2020-12-04;122.646;-0.627;-19.772;-17.606
2020-12-07;122.737;-0.643;-20.402;-18.168
2020-12-08;122.849;-0.663;-21.086;-18.774
2020-12-09;122.835;-0.663;-20.813;-18.471
2020-12-10;122.798;-0.662;-20.646;-18.316
2020-12-11;122.949;-0.689;-22.203;-19.735
2020-12-14;122.857;-0.676;-21.304;-18.917
2020-12-15;122.801;-0.669;-20.805;-18.471
2020-12-16;122.524;-0.626;-19.345;-17.137
2020-12-17;122.566;-0.638;-20.24;-17.992
2020-12-18;122.559;-0.639;-21.005;-18.66
2020-12-21;122.579;-0.644;-21.78;-19.362
2020-12-22;122.583;-0.647;-22.103;-19.606
2020-12-23;122.29;-0.607;-19.551;-17.315
2020-12-24;122.29;-0.609;-20.06;-17.786
2020-12-25;122.29;-0.609;-20.063;-17.786
2020-12-28;122.391;-0.627;-20.753;-18.457
2020-12-29;122.483;-0.644;-22.003;-19.545
2020-12-30;122.466;-0.649;-21.956;-19.562
2020-12-31;122.466;-0.651;-22.21;-19.758
2021-01-01;122.466;-0.651;-22.23;-19.757
2021-01-04;122.508;-0.66;-20.272;-17.978
2021-01-05;122.357;-0.637;-18.775;-16.735
2021-01-06;122.284;-0.627;-19.113;-16.944
2021-01-07;122.256;-0.628;-20.336;-18.151
2021-01-08;122.231;-0.626;-20.398;-18.093
2021-01-11;122.109;-0.608;-19.4;-17.266
2021-01-12;121.895;-0.574;-18.494;-16.365
2021-01-13;122.106;-0.611;-19.237;-17.109
2021-01-14;122.221;-0.636;-20.462;-18.128
2021-01-15;122.179;-0.631;-20.399;-18.145
2021-01-18;122.056;-0.613;-19.087;-16.92
2021-01-19;121.991;-0.604;-18.443;-16.45
2021-01-20;122.01;-0.609;-19.092;-16.995
2021-01-21;121.819;-0.583;-18.402;-16.39
2021-01-22;121.888;-0.596;-18.958;-16.906
2021-01-25;122.05;-0.625;-20.153;-18.014
2021-01-26;122.01;-0.62;-20.786;-18.522
2021-01-27;122.07;-0.632;-20.548;-18.345
2021-01-28;122.051;-0.635;-21.073;-18.8
2021-01-29;121.905;-0.613;-19.793;-17.664
2021-02-01;121.872;-0.609;-19.515;-17.43
2021-02-02;121.735;-0.588;-17.974;-16.076
2021-02-03;121.653;-0.577;-18.923;-16.97
2021-02-04;121.578;-0.57;-19.12;-17.102
2021-02-05;121.556;-0.568;-19.722;-17.618
2021-02-08;121.529;-0.565;-19.231;-17.225
2021-02-09;121.539;-0.569;-19.106;-17.071
2021-02-10;121.501;-0.565;-19.001;-16.995
2021-02-11;121.57;-0.582;-19.743;-17.658
2021-02-12;121.398;-0.555;-18.556;-16.607
2021-02-15;121.183;-0.521;-17.119;-15.335
2021-02-16;121.066;-0.503;-17.073;-15.295
2021-02-17;121.137;-0.517;-17.163;-15.354
2021-02-18;120.937;-0.489;-15.858;-14.198
2021-02-19;120.836;-0.474;-16.877;-15.136
2021-02-22;120.977;-0.499;-17.369;-15.593
2021-02-23;120.831;-0.476;-15.809;-14.158
2021-02-24;120.753;-0.465;-15.114;-13.527
2021-02-25;120.348;-0.402;-14.107;-12.525
2021-02-26;120.6;-0.447;-17.598;-15.729
2021-03-01;120.986;-0.514;-19.018;-17.074
2021-03-02;121.03;-0.524;-18.864;-16.943
2021-03-03;120.798;-0.486;-18.388;-16.501
2021-03-04;120.847;-0.5;-18.991;-17.045
2021-03-05;120.803;-0.495;-18.83;-16.937
2021-03-08;120.695;-0.478;-19.609;-17.651
2021-03-09;120.783;-0.495;-20.338;-18.202
2021-03-10;120.799;-0.5;-19.636;-17.652
2021-03-11;120.898;-0.523;-21.086;-18.895
2021-03-12;120.766;-0.502;-20.587;-18.569
2021-03-15;120.922;-0.531;-21.067;-18.962
2021-03-16;120.904;-0.529;-20.273;-18.231
2021-03-17;120.714;-0.499;-20.148;-18.119
2021-03-18;120.635;-0.491;-19.659;-17.7
2021-03-19;120.777;-0.517;-20.695;-18.706
2021-03-22;120.85;-0.532;-21.466;-19.351
2021-03-23;120.936;-0.549;-22.366;-20.158
2021-03-24;120.961;-0.555;-22.127;-19.959
2021-03-25;121.012;-0.57;-21.991;-19.842
2021-03-26;120.884;-0.55;-21.339;-19.258
2021-03-29;120.752;-0.529;-20.76;-18.762
2021-03-30;120.526;-0.492;-18.779;-16.98
2021-03-31;120.514;-0.499;-19.493;-17.671
2021-04-01;120.63;-0.521;-19.617;-17.739
2021-04-02;120.63;-0.521;-19.945;-18.049
2021-04-05;120.63;-0.521;-19.933;-18.05
2021-04-06;120.58;-0.515;-19.418;-17.549
2021-04-07;120.618;-0.523;-19.185;-17.339
2021-04-08;120.638;-0.533;-19.285;-17.429
2021-04-09;120.439;-0.5;-18.346;-16.591
2021-04-12;120.397;-0.495;-18.184;-16.456
2021-04-13;120.363;-0.491;-17.65;-15.962
2021-04-14;120.219;-0.467;-17.836;-16.168
2021-04-15;120.307;-0.489;-17.916;-16.22
2021-04-16;120.219;-0.475;-17.851;-16.171
2021-04-19;120.102;-0.457;-17.869;-16.198
2021-04-20;120.189;-0.474;-18.013;-16.317
2021-04-21;120.181;-0.475;-18.11;-16.407
2021-04-22;120.101;-0.466;-17.955;-16.28
2021-04-23;120.151;-0.477;-18.835;-17.076
2021-04-26;120.111;-0.472;-19.156;-17.376
2021-04-27;120.089;-0.47;-19.536;-17.688
2021-04-28;120.009;-0.458;-19.456;-17.626
2021-04-29;119.854;-0.436;-19.155;-17.363
2021-04-30;119.89;-0.445;-18.523;-16.753
2021-05-03;119.929;-0.454;-19.775;-17.911
2021-05-04;120.027;-0.473;-19.398;-17.602
2021-05-05;119.954;-0.462;-18.684;-16.941
2021-05-06;119.888;-0.456;-18.138;-16.525
2021-05-07;119.742;-0.432;-16.707;-15.181
2021-05-10;119.749;-0.435;-16.457;-14.984
2021-05-11;119.506;-0.394;-14.727;-13.396
2021-05-12;119.326;-0.364;-13.565;-12.375
2021-05-13;119.225;-0.351;-11.98;-10.882
2021-05-14;119.249;-0.358;-12.025;-10.954
2021-05-17;119.139;-0.34;-10.797;-9.783
2021-05-18;119.107;-0.336;-11.198;-10.208
2021-05-19;119.088;-0.334;-11.586;-10.512
2021-05-20;119.139;-0.349;-13.337;-12.106
2021-05-21;119.268;-0.375;-13.845;-12.599
2021-05-24;119.322;-0.386;-14.412;-13.159
2021-05-25;119.459;-0.413;-15.842;-14.458
2021-05-26;119.589;-0.438;-16.297;-14.842
2021-05-27;119.447;-0.419;-16.875;-15.362
2021-05-28;119.501;-0.43;-16.872;-15.366
2021-05-31;119.489;-0.43;-16.588;-15.059
2021-06-01;119.485;-0.431;-16.824;-15.237
2021-06-02;119.576;-0.45;-17.51;-15.897
2021-06-03;119.514;-0.445;-18.39;-16.66
2021-06-04;119.57;-0.457;-17.933;-16.283
2021-06-07;119.452;-0.437;-16.946;-15.393
2021-06-08;119.515;-0.451;-17.424;-15.771
2021-06-09;119.606;-0.469;-17.973;-16.255
2021-06-10;119.621;-0.478;-18.035;-16.348
2021-06-11;119.677;-0.49;-18.791;-16.987
2021-06-14;119.543;-0.468;-17.686;-15.956
2021-06-15;119.447;-0.453;-17.452;-15.77
2021-06-16;119.503;-0.465;-17.614;-15.95
2021-06-17;119.307;-0.435;-15.796;-14.345
2021-06-18;119.197;-0.417;-14.808;-13.479
2021-06-21;119.144;-0.409;-16.21;-14.761
2021-06-22;119.152;-0.413;-16.292;-14.849
2021-06-23;119.209;-0.425;-16.716;-15.21
2021-06-24;119.172;-0.425;-16.76;-15.272
2021-06-25;119.008;-0.396;-15.45;-14.062
2021-06-28;119.185;-0.431;-17.723;-16.139
2021-06-29;119.144;-0.425;-18.411;-16.774
2021-06-30;119.285;-0.453;-19.28;-17.482
2021-07-01;119.262;-0.455;-19.357;-17.593
2021-07-02;119.372;-0.478;-19.842;-18.054
2021-07-05;119.23;-0.453;-18.806;-17.123
2021-07-06;119.434;-0.493;-19.903;-18.097
2021-07-07;119.473;-0.502;-19.152;-17.437
2021-07-08;119.41;-0.497;-18.499;-16.774
2021-07-09;119.375;-0.493;-18.691;-16.981
2021-07-12;119.365;-0.493;-18.954;-17.217
2021-07-13;119.393;-0.5;-20.584;-18.701
2021-07-14;119.479;-0.518;-21.111;-19.19
2021-07-15;119.495;-0.527;-21.639;-19.617
2021-07-16;119.583;-0.546;-23.265;-21.083
2021-07-19;119.623;-0.555;-22.916;-20.775
2021-07-20;119.746;-0.58;-23.95;-21.644
2021-07-21;119.706;-0.575;-24.725;-22.393
2021-07-22;119.815;-0.601;-25.304;-22.901
2021-07-23;119.854;-0.61;-26.561;-24.0
2021-07-26;119.828;-0.608;-26.489;-23.943
2021-07-27;119.879;-0.619;-27.012;-24.364
2021-07-28;119.891;-0.624;-27.767;-25.032
2021-07-29;119.886;-0.629;-28.127;-25.389
2021-07-30;119.935;-0.641;-28.545;-25.782
2021-08-02;120.032;-0.661;-29.058;-26.212
2021-08-03;119.986;-0.654;-28.116;-25.374
2021-08-04;120.077;-0.673;-29.794;-26.824
2021-08-05;120.003;-0.666;-29.219;-26.338
2021-08-06;119.8;-0.631;-27.649;-24.973
2021-08-09;119.759;-0.625;-26.665;-24.053
2021-08-10;119.739;-0.624;-26.374;-23.78
2021-08-11;119.753;-0.629;-26.143;-23.544
2021-08-12;119.692;-0.624;-25.922;-23.413
2021-08-13;119.663;-0.62;-25.191;-22.747
2021-08-16;119.636;-0.618;-25.046;-22.613
2021-08-17;119.619;-0.617;-24.916;-22.493
2021-08-18;119.654;-0.625;-25.551;-23.044
2021-08-19;119.637;-0.629;-25.263;-22.803
2021-08-20;119.649;-0.633;-25.57;-23.071
2021-08-23;119.6;-0.626;-25.228;-22.776
2021-08-24;119.552;-0.619;-24.506;-22.146
2021-08-25;119.356;-0.584;-22.855;-20.684
2021-08-26;119.264;-0.574;-22.685;-20.514
2021-08-27;119.303;-0.583;-23.026;-20.824
2021-08-30;119.332;-0.591;-23.101;-20.901
2021-08-31;119.121;-0.553;-21.655;-19.677
2021-09-01;119.142;-0.559;-22.445;-20.369
2021-09-02;119.179;-0.573;-23.388;-21.263
2021-09-03;119.079;-0.556;-22.758;-20.69
2021-09-06;119.064;-0.555;-23.07;-20.965
2021-09-07;118.826;-0.512;-21.159;-19.25
2021-09-08;118.826;-0.514;-21.401;-19.481
2021-09-09;118.974;-0.549;-23.095;-20.948
2021-09-10;118.847;-0.527;-22.674;-20.618
2021-09-13;118.863;-0.532;-23.599;-21.456
2021-09-14;118.881;-0.538;-23.495;-21.321
2021-09-15;118.755;-0.516;-23.087;-20.974
2021-09-16;118.731;-0.518;-23.914;-21.783
2021-09-17;118.667;-0.507;-24.659;-22.387
2021-09-20;118.764;-0.528;-25.688;-23.304
2021-09-21;118.745;-0.527;-25.51;-23.143
2021-09-22;118.74;-0.528;-25.526;-23.282
2021-09-23;118.465;-0.481;-24.906;-22.737
2021-09-24;118.373;-0.466;-24.156;-22.072
2021-09-27;118.318;-0.457;-23.981;-21.995
2021-09-28;118.239;-0.444;-23.671;-21.63
2021-09-29;118.281;-0.454;-23.969;-21.895
2021-09-30;118.237;-0.452;-23.704;-21.67
2021-10-01;118.354;-0.477;-24.737;-22.633
2021-10-04;118.321;-0.473;-24.853;-22.7
2021-10-05;118.24;-0.459;-25.122;-22.973
2021-10-06;118.211;-0.456;-25.301;-23.103
2021-10-07;118.268;-0.473;-27.424;-25.085
2021-10-08;118.135;-0.45;-28.173;-25.828
2021-10-11;117.996;-0.424;-28.843;-26.443
2021-10-12;117.819;-0.392;-29.407;-26.962
2021-10-13;117.874;-0.405;-28.581;-26.198
2021-10-14;118.085;-0.453;-27.839;-25.491
2021-10-15;117.971;-0.432;-27.832;-25.496
2021-10-18;117.657;-0.373;-27.975;-25.659
2021-10-19;117.543;-0.352;-27.68;-25.41
2021-10-20;117.701;-0.386;-27.169;-24.919
2021-10-21;117.505;-0.353;-27.886;-25.606
2021-10-22;117.435;-0.341;-29.074;-26.692
2021-10-25;117.569;-0.37;-30.005;-27.586
2021-10-26;117.504;-0.359;-29.482;-27.069
2021-10-27;117.603;-0.381;-30.402;-27.857
2021-10-28;117.342;-0.336;-30.404;-27.958
2021-10-29;117.048;-0.279;-29.919;-27.612
2021-11-01;117.11;-0.293;-30.458;-28.085
2021-11-02;117.524;-0.378;-31.043;-28.495
2021-11-03;117.512;-0.378;-31.431;-28.799
2021-11-04;117.919;-0.466;-31.2;-28.56
2021-11-05;118.022;-0.489;-32.026;-29.314
2021-11-08;117.895;-0.466;-32.447;-29.696
2021-11-09;118.038;-0.496;-34.229;-31.307
2021-11-10;117.751;-0.441;-35.749;-32.781
2021-11-11;117.628;-0.423;-38.356;-35.3
2021-11-12;117.83;-0.466;-38.537;-35.348
2021-11-15;117.608;-0.424;-34.82;-32.026
2021-11-16;117.834;-0.471;-38.907;-35.686
2021-11-17;117.819;-0.471;-37.396;-34.232
2021-11-18;117.903;-0.494;-38.452;-35.347
2021-11-19;118.136;-0.543;-39.4;-36.108
2021-11-22;117.847;-0.487;-36.099;-33.104
2021-11-23;117.598;-0.439;-35.337;-32.469
2021-11-24;117.639;-0.45;-35.928;-32.888
2021-11-25;117.669;-0.463;-36.269;-33.257
2021-11-26;117.959;-0.524;-35.912;-32.876
2021-11-29;117.885;-0.511;-37.089;-34.019
2021-11-30;117.854;-0.507;-37.038;-33.905
2021-12-01;117.66;-0.47;-34.421;-31.423
2021-12-02;117.792;-0.503;-36.524;-33.468
2021-12-03;117.829;-0.513;-36.547;-33.459
2021-12-06;117.816;-0.513;-36.826;-33.603
2021-12-07;117.771;-0.506;-37.668;-34.432
2021-12-08;117.536;-0.461;-35.962;-32.893
2021-12-09;117.651;-0.491;-35.513;-32.499
2021-12-10;117.595;-0.482;-34.668;-31.769
2021-12-13;117.683;-0.502;-35.412;-32.333
2021-12-14;117.607;-0.489;-34.887;-31.866
2021-12-15;117.593;-0.488;-37.347;-34.088
2021-12-16;117.546;-0.485;-36.041;-32.982
2021-12-17;117.666;-0.512;-36.905;-33.725
2021-12-20;117.688;-0.519;-38.355;-34.998
2021-12-21;117.482;-0.479;-37.658;-34.395
2021-12-22;117.371;-0.459;-39.108;-35.797
2021-12-23;117.205;-0.431;-38.412;-35.359
2021-12-24;117.205;-0.433;-38.419;-35.312
2021-12-27;117.075;-0.409;-37.682;-34.771
2021-12-28;117.048;-0.405;-38.431;-35.26
2021-12-29;116.912;-0.38;-37.58;-34.539
2021-12-30;116.889;-0.381;-37.106;-34.157
2021-12-31;116.889;-0.384;-37.498;-34.592
2022-01-03;116.658;-0.338;-35.435;-32.696
2022-01-04;116.723;-0.354;-36.804;-33.945
2022-01-05;116.75;-0.362;-36.56;-33.609
2022-01-06;116.568;-0.33;-35.828;-33.147
2022-01-07;116.438;-0.305;-34.278;-31.726
2022-01-10;116.39;-0.297;-34.825;-32.249
2022-01-11;116.285;-0.277;-34.862;-32.317
2022-01-12;116.388;-0.301;-32.878;-31.76
2022-01-13;116.453;-0.322;-35.396;-32.717
2022-01-14;116.248;-0.281;-34.636;-32.064
2022-01-17;116.147;-0.261;-34.529;-32.047
2022-01-18;116.161;-0.267;-34.456;-32.024
2022-01-19;116.143;-0.265;-34.953;-32.485
2022-01-20;116.145;-0.272;-35.179;-32.747
2022-01-21;116.274;-0.302;-36.592;-34.082
2022-01-24;116.404;-0.332;-38.563;-35.718
2022-01-25;116.308;-0.313;-38.126;-35.251
2022-01-26;116.269;-0.307;-37.93;-35.197
2022-01-27;116.096;-0.277;-38.695;-36.004
2022-01-28;116.015;-0.262;-39.41;-36.693
2022-01-31;115.608;-0.177;-37.693;-35.083
2022-02-01;115.494;-0.155;-37.697;-35.193
2022-02-02;115.407;-0.138;-38.461;-35.911
2022-02-03;114.721;0.004;-36.296;-34.068
2022-02-04;114.283;0.097;-38.238;-36.072
2022-02-07;114.227;0.107;-39.27;-37.152
2022-02-08;114.12;0.129;-41.657;-39.345
2022-02-09;114.418;0.062;-43.843;-41.447
2022-02-10;114.1;0.125;-46.606;-43.931
2022-02-11;114.058;0.132;-50.169;-47.278
2022-02-14;114.185;0.102;-52.944;-49.956
2022-02-15;114.173;0.103;-49.277;-46.489
2022-02-16;114.261;0.082;-47.652;-44.968
2022-02-17;114.516;0.019;-50.198;-47.122
2022-02-18;114.685;-0.02;-51.288;-48.111
2022-02-21;114.502;0.018;-49.587;-46.455
2022-02-22;114.346;0.051;-51.436;-48.162
2022-02-23;114.254;0.069;-51.967;-48.676
2022-02-24;114.539;0.0;-52.82;-49.657
2022-02-25;114.285;0.054;-51.606;-48.46
2022-02-28;114.965;-0.099;-54.991;-51.274
2022-03-01;116.182;-0.367;-64.515;-59.777
2022-03-02;115.408;-0.2;-59.059;-54.861
2022-03-03;115.402;-0.206;-59.253;-55.109
2022-03-04;115.757;-0.286;-63.848;-58.945
2022-03-07;115.578;-0.249;-61.203;-56.44
2022-03-08;115.257;-0.181;-61.651;-56.617
2022-03-09;114.767;-0.074;-56.464;-52.66
2022-03-10;114.149;0.057;-54.699;-51.3
2022-03-11;114.167;0.051;-57.742;-54.296
2022-03-14;113.786;0.134;-56.43;-52.989
2022-03-15;114.057;0.071;-59.035;-55.402
2022-03-16;113.737;0.141;-54.595;-51.301
2022-03-17;113.748;0.132;-52.254;-49.227
2022-03-18;113.789;0.121;-53.767;-50.726
2022-03-21;113.421;0.202;-52.418;-49.484
2022-03-22;113.193;0.252;-53.066;-50.269
2022-03-23;113.312;0.223;-52.706;-49.806
2022-03-24;112.985;0.291;-53.163;-50.351
2022-03-25;112.691;0.357;-53.561;-50.775
2022-03-28;112.636;0.367;-55.345;-52.479
2022-03-29;112.334;0.435;-56.005;-53.16
2022-03-30;112.09;0.489;-55.56;-52.813
2022-03-31;112.453;0.4;-54.194;-51.499
2022-04-01;112.382;0.414;-54.239;-51.667
2022-04-04;112.369;0.415;-52.269;-49.879
2022-04-05;111.839;0.536;-49.994;-47.59
2022-04-06;111.855;0.531;-51.497;-49.115
2022-04-07;111.662;0.57;-51.417;-49.115
2022-04-08;111.385;0.634;-51.79;-49.446
2022-04-11;111.113;0.696;-52.741;-50.548
2022-04-12;111.298;0.651;-53.282;-51.052
2022-04-13;111.334;0.633;-53.044;-50.693
2022-04-14;111.288;0.642;-54.501;-52.189
2022-04-15;111.288;0.642;-55.392;-53.065
2022-04-18;111.288;0.642;-55.396;-53.065
2022-04-19;111.315;0.634;-57.69;-55.221
2022-04-20;111.351;0.624;-55.534;-53.088
2022-04-21;110.852;0.737;-55.275;-53.001
2022-04-22;110.597;0.796;-57.066;-55.312
2022-04-25;111.181;0.655;-56.414;-54.778
2022-04-26;111.192;0.651;-56.956;-55.202
2022-04-27;111.316;0.619;-58.292;-56.244
2022-04-28;110.873;0.719;-58.239;-56.476
2022-04-29;110.715;0.756;-60.893;-59.23
2022-05-02;110.674;0.764;-60.47;-59.065
2022-05-03;110.591;0.782;-60.941;-59.69
2022-05-04;110.524;0.796;-60.689;-59.262
2022-05-05;110.381;0.826;-59.308;-57.99
2022-05-06;110.081;0.897;-61.135;-59.687
2022-05-09;110.354;0.829;-63.753;-62.446
2022-05-10;110.673;0.75;-63.092;-61.326
2022-05-11;110.812;0.715;-61.045;-59.005
2022-05-12;111.361;0.577;-58.504;-56.34
2022-05-13;111.035;0.654;-54.304;-52.748
2022-05-16;110.976;0.666;-52.641;-51.0
2022-05-17;110.493;0.781;-51.623;-50.357
2022-05-18;110.429;0.795;-50.982;-50.332
2022-05-19;110.569;0.756;-53.987;-53.58
2022-05-20;110.661;0.731;-51.681;-50.955
2022-05-23;110.325;0.812;-50.064;-49.571
2022-05-24;110.516;0.763;-49.358;-48.902
2022-05-25;110.69;0.719;-52.34;-51.93
2022-05-26;110.617;0.731;-53.144;-52.787
2022-05-27;110.666;0.718;-53.773;-52.835
2022-05-30;110.26;0.815;-52.056;-51.386
2022-05-31;109.963;0.887;-52.371;-51.812
2022-06-01;109.719;0.945;-52.208;-51.895
2022-06-02;109.438;1.01;-53.1;-53.109
2022-06-03;109.258;1.053;-54.405;-54.458
2022-06-06;109.161;1.076;-53.96;-53.685
2022-06-07;109.203;1.064;-53.092;-53.315
2022-06-08;108.972;1.12;-52.042;-52.177
2022-06-09;108.42;1.254;-50.432;-51.019
2022-06-10;107.778;1.416;-48.536;-49.666
2022-06-13;106.995;1.615;-50.089;-50.955
2022-06-14;106.656;1.702;-55.314;-57.531
2022-06-15;107.293;1.536;-54.715;-56.447
2022-06-16;106.908;1.632;-52.112;-54.396
2022-06-17;107.222;1.549;-51.433;-53.755
2022-06-20;106.898;1.632;-52.053;-54.299
2022-06-21;106.863;1.639;-51.138;-53.327
2022-06-22;107.387;1.503;-53.202;-55.25
2022-06-23;108.271;1.271;-50.943;-52.822
2022-06-24;108.34;1.252;-51.168;-52.331
2022-06-27;107.928;1.356;-51.545;-52.429
2022-06-28;107.611;1.437;-49.823;-50.628
2022-06-29;108.093;1.311;-52.197;-53.59
2022-06-30;108.75;1.138;-49.138;-49.81
2022-07-01;109.295;0.998;-49.96;-50.69
2022-07-04;108.816;1.118;-50.32;-50.898
2022-07-05;109.433;0.959;-52.898;-53.119
2022-07-06;109.604;0.914;-51.518;-51.718
2022-07-07;109.046;1.051;-53.315;-53.141
2022-07-08;109.058;1.047;-52.33;-52.781
2022-07-11;109.456;0.943;-54.107;-54.722
2022-07-12;109.873;0.836;-56.699;-57.312
2022-07-13;109.665;0.887;-56.806;-56.794
2022-07-14;109.351;0.962;-54.234;-54.83
2022-07-15;109.509;0.919;-54.879;-56.32
2022-07-18;109.252;0.984;-54.864;-55.927
2022-07-19;108.906;1.071;-56.671;-57.239
2022-07-20;108.925;1.064;-54.142;-55.923
2022-07-21;108.774;1.098;-54.804;-55.869
2022-07-22;109.709;0.856;-54.977;-56.886
2022-07-25;109.809;0.828;-53.631;-54.98
2022-07-26;110.157;0.738;-55.641;-56.546
2022-07-27;109.911;0.799;-57.349;-57.885
2022-07-28;110.596;0.618;-61.548;-62.41
2022-07-29;110.586;0.619;-60.753;-61.496
2022-08-01;110.648;0.601;-61.844;-63.416
2022-08-02;110.345;0.676;-60.51;-60.93
2022-08-03;110.142;0.726;-61.437;-62.098
2022-08-04;110.378;0.66;-62.819;-63.554
2022-08-05;109.815;0.803;-65.573;-65.719
2022-08-08;109.915;0.775;-64.898;-65.535
2022-08-09;109.806;0.802;-65.125;-65.654
2022-08-10;109.903;0.775;-64.356;-65.556
2022-08-11;109.641;0.837;-62.709;-63.66
2022-08-12;109.44;0.888;-64.082;-64.992
2022-08-15;109.793;0.794;-63.008;-63.76
2022-08-16;109.594;0.844;-62.48;-62.738
2022-08-17;109.014;0.994;-62.93;-63.211
2022-08-18;108.913;1.015;-63.805;-64.639
2022-08-19;108.508;1.12;-65.944;-66.869
2022-08-22;108.218;1.196;-72.435;-73.459
2022-08-23;108.271;1.18;-72.88;-73.867
2022-08-24;108.022;1.245;-73.105;-73.987
2022-08-25;108.232;1.184;-71.499;-72.673
2022-08-26;107.834;1.289;-72.428;-72.702
2022-08-29;107.357;1.416;-75.211;-75.25
2022-08-30;107.246;1.444;-74.2;-75.744
2022-08-31;107.096;1.483;-73.087;-74.368
2022-09-01;107.104;1.477;-71.345;-72.347
2022-09-02;107.328;1.415;-73.651;-75.173
2022-09-05;107.201;1.448;-77.999;-79.201
2022-09-06;107.073;1.481;-78.745;-80.39
2022-09-07;107.228;1.438;-77.173;-78.935
2022-09-08;106.563;1.615;-69.133;-69.666
2022-09-09;106.527;1.624;-67.975;-69.001
2022-09-12;106.639;1.592;-67.906;-69.261
2022-09-13;106.351;1.67;-71.698;-72.935
2022-09-14;106.275;1.689;-74.509;-75.29
2022-09-15;105.925;1.783;-71.988;-72.735
2022-09-16;105.88;1.794;-67.823;-69.22
2022-09-19;105.675;1.85;-68.344;-70.067
2022-09-20;105.271;1.962;-67.855;-69.705
2022-09-21;105.175;1.988;-72.044;-74.038
2022-09-22;104.845;2.078;-76.406;-77.25
2022-09-23;104.533;2.166;-76.93;-78.359
2022-09-26;104.282;2.237;-81.406;-82.382
2022-09-27;104.026;2.309;-79.621;-81.415
2022-09-28;104.54;2.161;-83.466;-85.265
2022-09-29;104.556;2.154;-78.314;-79.366
2022-09-30;104.768;2.092;-81.119;-82.069
2022-10-03;105.402;1.911;-81.186;-81.979
2022-10-04;105.624;1.847;-78.972;-79.728
2022-10-05;105.135;1.984;-81.279;-81.37
2022-10-06;104.862;2.059;-87.769;-88.216
2022-10-07;104.536;2.152;-88.025;-88.822
2022-10-10;104.354;2.203;-90.78;-91.734
2022-10-11;104.497;2.161;-89.469;-90.455
2022-10-12;104.513;2.155;-87.073;-88.037
2022-10-13;104.305;2.213;-85.561;-85.986
2022-10-14;104.125;2.264;-81.453;-81.842
2022-10-17;104.189;2.244;-81.142;-81.383
2022-10-18;104.125;2.262;-78.009;-78.215
2022-10-19;103.722;2.379;-73.074;-73.391
2022-10-20;103.661;2.394;-74.384;-74.413
2022-10-21;103.816;2.348;-70.096;-69.954
2022-10-24;104.0;2.293;-71.296;-71.345
2022-10-25;104.285;2.209;-69.8;-69.223
2022-10-26;104.402;2.174;-69.653;-68.927
2022-10-27;104.996;1.998;-69.802;-69.028
2022-10-28;104.518;2.136;-75.564;-73.564
2022-10-31;104.452;2.154;-75.527;-74.907
2022-11-01;104.438;2.157;-74.428;-74.237
2022-11-02;104.306;2.195;-72.923;-73.168
2022-11-03;103.931;2.303;-71.818;-72.49
2022-11-04;103.753;2.355;-69.583;-70.998
2022-11-07;103.572;2.408;-64.789;-66.409
2022-11-08;103.659;2.381;-62.238;-63.907
2022-11-09;103.981;2.285;-60.728;-62.537
2022-11-10;104.447;2.144;-61.799;-62.974
2022-11-11;103.922;2.299;-54.689;-55.765
2022-11-14;103.958;2.287;-53.21;-54.779
2022-11-15;104.022;2.267;-51.767;-52.565
2022-11-16;104.325;2.176;-54.895;-55.746
2022-11-17;104.128;2.232;-53.712;-54.183
2022-11-18;104.27;2.188;-58.688;-59.891
2022-11-21;104.3;2.179;-58.832;-59.62
2022-11-22;104.339;2.166;-57.346;-58.027
2022-11-23;104.315;2.172;-57.578;-58.507
2022-11-24;104.457;2.127;-56.633;-57.339
2022-11-25;104.078;2.239;-53.865;-54.702
2022-11-28;104.02;2.256;-53.578;-55.369
2022-11-29;104.29;2.174;-55.291;-57.153
2022-11-30;104.232;2.19;-52.891;-54.322
2022-12-01;104.645;2.063;-55.764;-56.46
2022-12-02;104.447;2.121;-57.235;-57.998
2022-12-05;104.378;2.141;-57.072;-58.45
2022-12-06;104.547;2.089;-56.704;-57.954
2022-12-07;104.677;2.049;-59.298;-60.289
2022-12-08;104.506;2.097;-56.597;-57.739
2022-12-09;104.169;2.198;-53.174;-54.343
2022-12-12;104.069;2.227;-54.007;-56.099
2022-12-13;104.238;2.175;-57.672;-58.438
2022-12-14;104.299;2.156;-55.303;-57.349
2022-12-15;103.553;2.38;-52.078;-52.785
2022-12-16;103.313;2.453;-50.838;-52.682
2022-12-19;103.207;2.485;-49.882;-51.929
2022-12-20;102.913;2.575;-47.556;-50.164
2022-12-21;102.868;2.589;-50.915;-53.648
2022-12-22;102.752;2.622;-51.482;-54.035
2022-12-23;102.613;2.665;-53.458;-55.756
2022-12-26;102.613;2.665;-52.744;-55.956
2022-12-27;102.262;2.774;-48.778;-51.396
2022-12-28;102.305;2.76;-46.593;-49.652
2022-12-29;102.468;2.707;-48.205;-51.006
2022-12-30;102.114;2.818;-44.293;-46.559
2023-01-02;102.364;2.739;-43.484;-46.307
2023-01-03;102.461;2.708;-40.812;-43.478
2023-01-04;102.821;2.594;-41.291;-44.51
2023-01-05;102.66;2.642;-44.07;-46.638
2023-01-06;102.9;2.566;-44.811;-47.688
2023-01-09;102.852;2.58;-43.009;-45.732
2023-01-10;102.68;2.634;-41.227;-44.011
2023-01-11;102.996;2.534;-41.255;-44.766
2023-01-12;103.095;2.5;-39.492;-41.91
2023-01-13;102.996;2.531;-38.502;-41.478
2023-01-16;103.06;2.51;-39.128;-41.729
2023-01-17;103.417;2.396;-39.765;-43.092
2023-01-18;103.567;2.348;-45.936;-48.463
2023-01-19;103.386;2.403;-45.632;-47.761
2023-01-20;103.12;2.486;-44.944;-47.43
2023-01-23;103.018;2.518;-47.048;-49.72
2023-01-24;103.185;2.464;-48.746;-51.729
2023-01-25;103.186;2.463;-48.337;-51.151
2023-01-26;103.008;2.517;-47.54;-49.528
2023-01-27;102.963;2.531;-48.142;-50.536
2023-01-30;102.651;2.63;-45.299;-47.93
2023-01-31;102.746;2.599;-45.051;-48.109
2023-02-01;102.709;2.61;-44.552;-47.661
2023-02-02;103.34;2.405;-45.046;-48.064
2023-02-03;103.081;2.487;-44.819;-47.444
2023-02-06;102.817;2.572;-46.634;-49.526
2023-02-07;102.647;2.626;-43.169;-45.976
2023-02-08;102.638;2.628;-42.39;-45.366
2023-02-09;102.654;2.621;-43.431;-46.398
2023-02-10;102.442;2.689;-43.321;-45.817
2023-02-13;102.369;2.712;-44.206;-46.91
2023-02-14;102.12;2.793;-44.687;-48.03
2023-02-15;102.009;2.829;-43.534;-47.09
2023-02-16;101.947;2.848;-43.063;-46.392
2023-02-17;102.062;2.809;-45.749;-49.109
2023-02-20;101.953;2.845;-43.906;-47.345
2023-02-21;101.738;2.915;-42.793;-46.929
2023-02-22;101.795;2.896;-44.011;-47.423
2023-02-23;101.883;2.865;-46.808;-49.442
2023-02-24;101.59;2.962;-47.11;-49.9
2023-02-27;101.454;3.007;-47.805;-51.161
2023-02-28;101.259;3.072;-48.143;-52.072
2023-03-01;101.04;3.145;-46.939;-50.37
2023-03-02;100.975;3.166;-45.724;-49.259
2023-03-03;100.989;3.161;-44.372;-47.191
2023-03-06;100.739;3.246;-40.29;-42.886
2023-03-07;100.829;3.215;-42.374;-44.906
2023-03-08;100.803;3.224;-41.966;-45.067
2023-03-09;100.898;3.191;-41.063;-43.939
2023-03-10;101.338;3.041;-46.512;-49.353
2023-03-13;102.392;2.687;-61.195;-65.478
2023-03-14;101.862;2.864;-55.011;-54.098
2023-03-15;103.072;2.459;-67.05;-70.55
2023-03-16;102.581;2.621;-60.842;-59.87
2023-03-17;103.128;2.438;-64.511;-64.742
2023-03-20;103.215;2.408;-61.254;-61.942
2023-03-21;102.571;2.622;-54.251;-53.964
2023-03-22;102.272;2.722;-53.198;-53.195
2023-03-23;102.771;2.552;-57.701;-58.963
2023-03-24;103.089;2.445;-59.02;-60.223
2023-03-27;102.814;2.536;-55.549;-55.974
2023-03-28;102.624;2.599;-53.628;-54.966
2023-03-29;102.476;2.648;-52.054;-53.797
2023-03-30;102.226;2.731;-54.157;-55.187
2023-03-31;102.46;2.651;-57.819;-59.161
2023-04-03;102.521;2.63;-55.189;-56.647
2023-04-04;102.685;2.573;-53.901;-55.615
2023-04-05;102.922;2.489;-55.413;-56.117
2023-04-06;102.846;2.514;-54.972;-55.381
2023-04-07;102.846;2.514;-54.72;-55.206
2023-04-10;102.846;2.514;-54.441;-55.219
2023-04-11;102.397;2.666;-52.226;-52.871
2023-04-12;102.145;2.752;-51.489;-52.309
2023-04-13;102.164;2.744;-50.655;-51.398
2023-04-14;101.874;2.843;-48.176;-48.893
2023-04-17;101.855;2.849;-50.264;-51.237
2023-04-18;101.805;2.866;-51.092;-51.96
2023-04-19;101.642;2.922;-51.978;-52.82
2023-04-20;101.837;2.853;-54.184;-54.701
2023-04-21;101.742;2.886;-51.798;-52.237
2023-04-24;101.598;2.935;-51.65;-52.709
2023-04-25;101.995;2.796;-54.533;-55.366
2023-04-26;102.051;2.776;-54.724;-55.616
2023-04-27;101.883;2.832;-52.309;-52.65
2023-04-28;102.32;2.679;-55.016;-55.412
2023-05-01;102.32;2.679;-56.61;-57.145
2023-05-02;102.464;2.628;-56.824;-56.839
2023-05-03;102.427;2.64;-56.395;-56.733
2023-05-04;102.816;2.502;-57.165;-57.304
2023-05-05;102.536;2.599;-55.305;-54.206
2023-05-08;102.43;2.635;-55.089;-54.62
2023-05-09;102.381;2.651;-55.363;-54.848
2023-05-10;102.553;2.59;-55.232;-54.938
2023-05-11;102.657;2.551;-55.257;-54.605
2023-05-12;102.498;2.606;-55.66;-55.047
2023-05-15;102.473;2.614;-54.445;-54.521
2023-05-16;102.312;2.67;-54.084;-54.025
2023-05-17;102.197;2.71;-54.877;-55.114
2023-05-18;101.995;2.78;-55.677;-55.854
2023-05-19;102.018;2.771;-56.811;-57.213
2023-05-22;101.875;2.821;-54.669;-55.441
2023-05-23;101.857;2.827;-55.642;-56.749
2023-05-24;101.779;2.854;-55.677;-56.922
2023-05-25;101.635;2.904;-57.666;-58.838
2023-05-26;101.533;2.94;-56.186;-57.162
2023-05-29;101.748;2.862;-57.623;-59.365
2023-05-30;102.047;2.754;-57.481;-59.034
2023-05-31;102.24;2.684;-58.449;-59.483
2023-06-01;102.29;2.664;-57.238;-57.393
2023-06-02;102.031;2.756;-55.945;-56.157
2023-06-05;101.795;2.841;-51.774;-52.604
2023-06-06;101.873;2.812;-52.061;-52.556
2023-06-07;101.607;2.908;-50.153;-50.87
2023-06-08;101.719;2.865;-49.53;-50.039
2023-06-09;101.679;2.879;-48.759;-49.343
2023-06-12;101.692;2.874;;
2023-06-13;101.537;2.93;-48.448;-50.218
2023-06-14;101.449;2.961;-49.434;-50.964
2023-06-15;101.144;3.072;-48.408;-49.496
2023-06-16;101.226;3.041;-51.151;-52.321
2023-06-19;101.139;3.073;-51.33;-53.592
2023-06-20;101.294;3.015;-51.662;-54.392
2023-06-21;101.189;3.054;-51.814;-53.981
2023-06-22;100.953;3.14;-50.919;-52.79
2023-06-23;101.283;3.017;-51.161;-53.686
2023-06-26;101.345;2.994;-51.319;-54.038
2023-06-27;101.173;3.057;-52.24;-55.044
2023-06-28;101.315;3.004;-53.598;-56.549
2023-06-29;101.046;3.103;-53.631;-55.34
2023-06-30;101.052;3.1;-52.956;-54.858
2023-07-03;100.88;3.164;-52.031;-54.483
2023-07-04;100.928;3.146;-51.017;-53.049
2023-07-05;100.906;3.154;-49.088;-51.373
2023-07-06;100.628;3.258;-49.874;-51.544
2023-07-07;100.728;3.219;-50.549;-52.867
2023-07-10;100.658;3.246;-49.404;-51.809
2023-07-11;100.599;3.268;-48.559;-50.977
2023-07-12;100.844;3.175;-47.913;-50.695
2023-07-13;101.029;3.103;-48.017;-49.996
2023-07-14;100.911;3.148;-47.147;-48.811
2023-07-17;100.941;3.136;-46.416;-48.811
2023-07-18;101.201;3.037;-45.763;-48.324
2023-07-19;101.125;3.065;-46.529;-48.696
2023-07-20;100.988;3.116;-47.739;-49.468
2023-07-21;101.055;3.09;-47.945;-49.895
2023-07-24;101.195;3.036;-46.118;-48.778
2023-07-25;101.162;3.049;-45.972;-48.571
2023-07-26;100.985;3.116;-46.421;-48.759
2023-07-27;101.09;3.074;-45.595;-47.68
2023-07-28;101.133;3.057;-45.515;-47.615
2023-07-31;101.154;3.049;-44.921;-46.723
2023-08-01;101.076;3.078;-42.969;-45.183
2023-08-02;101.2;3.03;-45.057;-47.474
2023-08-03;101.128;3.057;-45.108;-46.784
2023-08-04;101.156;3.045;-47.026;-48.414
2023-08-07;101.218;3.021;-49.077;-51.155
2023-08-08;101.399;2.951;-51.012;-52.356
2023-08-09;101.309;2.985;-49.195;-50.736
2023-08-10;101.245;3.008;-49.587;-50.484
2023-08-11;101.068;3.076;-49.672;-50.429
2023-08-14;101.004;3.101;-49.058;-50.68
2023-08-15;100.912;3.136;-48.495;-49.867
2023-08-16;100.983;3.108;-48.537;-50.249
2023-08-17;100.876;3.149;-48.475;-49.105
2023-08-18;101.048;3.081;-48.918;-49.685
2023-08-21;100.864;3.153;-46.954;-47.91
2023-08-22;100.956;3.117;-46.661;-47.959
2023-08-23;101.278;2.99;-47.121;-49.089
2023-08-24;101.283;2.986;-47.874;-48.879
2023-08-25;101.105;3.056;-48.089;-49.028
2023-08-28;101.054;3.075;-46.886;-48.015
2023-08-29;101.117;3.05;-45.32;-46.698
2023-08-30;101.046;3.078;-44.82;-46.225
2023-08-31;101.285;2.982;-45.685;-47.394
2023-09-01;101.186;3.02;-44.957;-45.746
2023-09-04;101.1;3.054;-43.079;-44.676
2023-09-05;101.033;3.08;-40.447;-41.959
2023-09-06;100.856;3.15;-38.455;-39.383
2023-09-07;100.957;3.109;-41.065;-41.289
2023-09-08;100.972;3.103;-41.55;-41.995
2023-09-11;100.916;3.125;-40.685;-41.848
2023-09-12;100.853;3.149;-41.222;-42.106
2023-09-13;100.753;3.189;-41.358;-42.324
2023-09-14;100.854;3.148;-41.498;-41.729
2023-09-15;100.682;3.217;-38.36;-38.889
2023-09-18;100.596;3.251;-39.443;-40.461
2023-09-19;100.516;3.284;-37.866;-39.108
2023-09-20;100.61;3.245;-38.904;-40.147
2023-09-21;100.594;3.251;-41.342;-41.804
2023-09-22;100.618;3.241;-41.334;-41.962
2023-09-25;100.634;3.234;-40.255;-42.003
2023-09-26;100.629;3.236;-40.292;-41.701
2023-09-27;100.561;3.263;-38.73;-40.887
2023-09-28;100.434;3.315;-40.418;-41.59
2023-09-29;100.657;3.223;-42.809;-43.984
2023-10-02;100.596;3.248;-42.998;-44.812
2023-10-03;100.61;3.242;-43.994;-45.692
2023-10-04;100.687;3.21;-44.11;-45.729
2023-10-05;100.776;3.172;-44.764;-45.722
2023-10-06;100.795;3.164;-43.328;-44.311
2023-10-09;101.008;3.076;-43.511;-44.259
2023-10-10;100.935;3.105;-42.16;-42.97
2023-10-11;100.916;3.113;-43.318;-43.828
2023-10-12;100.783;3.167;-43.908;-44.518
2023-10-13;100.804;3.158;-43.874;-44.691
2023-10-16;100.768;3.172;-42.585;-43.35
2023-10-17;100.546;3.265;-40.688;-41.529
2023-10-18;100.476;3.294;-39.238;-39.905
2023-10-19;100.446;3.306;-39.524;-40.204
2023-10-20;100.63;3.228;-40.735;-41.385
2023-10-23;100.607;3.237;-39.677;-39.501
2023-10-24;100.688;3.203;-38.339;-38.976
2023-10-25;100.627;3.228;-37.358;-37.71
2023-10-26;100.772;3.166;-37.435;-37.887
2023-10-27;100.861;3.129;-36.956;-37.33
2023-10-30;100.928;3.1;-37.483;-38.098
2023-10-31;100.951;3.09;-37.476;-37.743
2023-11-01;101.036;3.054;-35.638;-35.589
2023-11-02;101.039;3.051;-35.655;-35.106
2023-11-03;101.135;3.01;-35.814;-35.005
2023-11-06;101.0;3.066;-33.907;-33.381
2023-11-07;101.072;3.035;-35.375;-34.972
2023-11-08;101.072;3.035;-35.965;-35.471
2023-11-09;101.071;3.034;-36.98;-35.843
2023-11-10;100.923;3.097;-34.952;-34.159
2023-11-13;100.886;3.112;-34.951;-34.643
2023-11-14;101.174;2.988;-38.211;-38.265
2023-11-15;101.108;3.016;-37.677;-37.281
2023-11-16;101.262;2.949;-40.18;-39.025
2023-11-17;101.215;2.968;-40.055;-38.754
2023-11-20;101.125;3.006;-37.412;-36.434
2023-11-21;101.221;2.964;-38.886;-38.278
2023-11-22;101.126;3.005;-38.497;-37.736
2023-11-23;101.043;3.039;-39.736;-38.192
2023-11-24;100.986;3.063;-38.821;-37.56
2023-11-27;101.218;2.962;-39.852;-38.73
2023-11-28;101.313;2.921;-38.096;-36.465
2023-11-29;101.497;2.841;-38.232;-37.376
2023-11-30;101.475;2.848;-36.5;-34.575
2023-12-01;101.78;2.715;-36.235;-34.056
2023-12-04;101.753;2.726;-34.168;-31.551
2023-12-05;101.95;2.64;-34.769;-32.621
2023-12-06;101.998;2.618;-36.908;-34.69
2023-12-07;102.034;2.6;-37.9;-34.938
2023-12-08;101.788;2.706;-34.799;-31.342
2023-12-11;101.761;2.717;-33.85;-31.603
2023-12-12;101.754;2.719;-32.515;-30.561
2023-12-13;101.869;2.668;-32.886;-30.86
2023-12-14;102.123;2.554;-35.083;-31.998
2023-12-15;102.276;2.486;-34.345;-30.87
2023-12-18;102.158;2.537;-34.769;-31.542
2023-12-19;102.252;2.495;-34.558;-32.207
2023-12-20;102.428;2.417;-37.27;-35.165
2023-12-21;102.476;2.39;-40.456;-36.496
2023-12-22;102.579;2.343;-41.562;-37.664
2023-12-25;102.579;2.343;-40.52;-37.771
2023-12-27;102.657;2.308;-40.88;-38.617
2023-12-28;102.644;2.308;-40.312;-36.618
2023-12-29;102.584;2.333;-40.784;-36.859
2024-01-01;102.584;2.333;-39.532;-36.967
2024-01-02;102.417;2.406;-35.156;-33.08
2024-01-03;102.49;2.372;-35.385;-33.662
2024-01-04;102.193;2.501;-33.911;-30.917
2024-01-05;102.073;2.553;-32.922;-30.524
2024-01-08;102.115;2.533;-32.051;-31.104
2024-01-09;101.997;2.585;-32.032;-30.547
2024-01-10;101.888;2.633;-30.562;-28.621
2024-01-11;101.928;2.612;-30.819;-28.941
2024-01-12;102.168;2.503;-31.546;-29.449
2024-01-15;102.014;2.571;-28.881;-27.152
2024-01-16;101.991;2.581;-28.576;-26.399
2024-01-17;101.778;2.676;-28.058;-25.254
2024-01-18;101.81;2.659;-29.771;-27.883
2024-01-19;101.681;2.717;-29.789;-27.425
2024-01-22;101.804;2.66;-30.042;-28.637
2024-01-23;101.742;2.687;-29.757;-29.029
2024-01-24;101.751;2.682;-30.004;-28.907
2024-01-25;101.944;2.591;-30.78;-29.596
2024-01-26;101.92;2.601;-30.403;-28.615
2024-01-29;102.054;2.538;-30.559;-29.846
2024-01-30;101.959;2.581;-29.915;-28.423
2024-01-31;102.167;2.484;-33.258;-31.954
2024-02-01;102.091;2.516;-32.937;-30.567
2024-02-02;101.845;2.628;-31.751;-28.821
2024-02-05;101.738;2.677;-31.536;-30.509
2024-02-06;101.764;2.664;-31.026;-30.504
2024-02-07;101.658;2.712;-29.061;-27.944
2024-02-08;101.6;2.737;-30.154;-28.023
2024-02-09;101.462;2.801;-28.472;-26.554
2024-02-12;101.521;2.772;-27.054;-26.159
2024-02-13;101.36;2.847;-26.356;-24.507
2024-02-14;101.441;2.808;-26.118;-24.86
2024-02-15;101.398;2.826;-26.97;-25.414
2024-02-16;101.268;2.887;-26.96;-24.619
2024-02-19;101.301;2.871;-26.894;-25.742
2024-02-20;101.401;2.823;-27.618;-26.931
2024-02-21;101.229;2.904;-25.93;-24.46
2024-02-22;101.13;2.949;-27.041;-24.396
2024-02-23;101.244;2.894;-26.258;-24.253
2024-02-26;101.101;2.962;-26.009;-24.026
2024-02-27;101.075;2.974;-25.341;-23.624
2024-02-28;101.114;2.955;-26.559;-25.161
2024-02-29;101.153;2.934;-27.762;-25.651
2024-03-01;101.149;2.935;-27.164;-24.676
2024-03-04;101.141;2.938;-25.245;-23.751
2024-03-05;101.242;2.889;-25.938;-25.101
2024-03-06;101.23;2.894;-25.158;-24.074
2024-03-07;101.286;2.864;-26.084;-24.342
2024-03-08;101.451;2.783;-27.415;-25.716
2024-03-11;101.345;2.834;-25.298;-23.967
2024-03-12;101.277;2.867;-25.028;-24.188
2024-03-13;101.205;2.901;-24.792;-23.583
2024-03-14;101.127;2.937;-25.875;-24.148
2024-03-15;101.062;2.969;-26.226;-24.337
2024-03-18;101.084;2.957;-27.077;-26.085
2024-03-19;101.158;2.92;-28.518;-27.701
2024-03-20;101.136;2.93;-28.639;-27.798
2024-03-21;101.231;2.881;-29.57;-28.31
2024-03-22;101.29;2.851;-28.525;-26.942
2024-03-25;101.154;2.918;-25.741;-24.559
2024-03-26;101.176;2.906;-25.554;-24.912
2024-03-27;101.244;2.869;-26.504;-24.716
2024-03-28;101.219;2.881;-25.952;-24.19
2024-03-29;101.219;2.881;-26.426;-24.829
2024-04-02;101.215;2.882;-24.835;-24.597
2024-04-03;101.189;2.894;-25.218;-24.691
2024-04-04;101.196;2.889;-26.356;-25.694
2024-04-05;101.158;2.907;-26.635;-25.841
2024-04-08;101.065;2.954;-25.748;-25.598
2024-04-09;101.129;2.92;-26.616;-26.738
2024-04-10;100.965;3.003;-25.246;-24.883
2024-04-11;100.969;3.0;-27.833;-27.53
2024-04-12;101.154;2.904;-28.995;-28.895
2024-04-15;101.048;2.958;-27.415;-27.379
2024-04-16;101.001;2.981;-29.853;-30.051
2024-04-17;100.98;2.992;-28.336;-28.58
2024-04-18;100.909;3.026;-28.05;-28.298
2024-04-19;100.872;3.045;-27.059;-27.368
2024-04-22;100.945;3.007;-28.305;-28.743
2024-04-23;100.905;3.027;-27.084;-27.445
2024-04-24;100.807;3.077;-26.527;-26.607
2024-04-25;100.714;3.124;-25.921;-25.675
2024-04-26;100.765;3.097;-26.438;-26.39
2024-04-29;100.81;3.072;-25.972;-25.491
2024-04-30;100.666;3.147;-25.436;-24.405
2024-05-02;100.755;3.098;-26.696;-26.302
2024-05-03;100.87;3.037;-26.332;-25.317
2024-05-06;100.881;3.03;-25.714;-24.749
2024-05-07;100.916;3.011;-26.315;-25.658
2024-05-08;100.858;3.041;-25.944;-25.176
2024-05-09;100.828;3.055;-25.797;-24.587
2024-05-10;100.769;3.086;-25.281;-23.693
2024-05-13;100.78;3.079;-23.998;-23.3
2024-05-14;100.741;3.099;-24.646;-23.895
2024-05-15;100.919;3.004;-26.207;-25.559
2024-05-16;100.858;3.034;-27.138;-25.478
2024-05-17;100.75;3.092;-26.106;-24.433
2024-05-20;100.75;3.091;-26.124;-25.148
2024-05-21;100.79;3.069;-26.268;-25.3
2024-05-22;100.709;3.112;-25.571;-24.511
2024-05-23;100.584;3.178;-26.132;-23.955
2024-05-24;100.572;3.184;-26.758;-24.502
2024-05-27;100.647;3.143;-26.129;-24.683
2024-05-28;100.596;3.17;-24.936;-22.912
2024-05-29;100.535;3.203;-24.781;-23.22
2024-05-30;100.58;3.177;-25.263;-22.562
2024-05-31;100.534;3.201;-25.18;-22.149
2024-06-03;100.656;3.134;-24.34;-22.585
2024-06-04;100.702;3.108;-23.779;-22.141
2024-06-05;100.716;3.099;-23.364;-21.595
2024-06-06;100.65;3.134;-24.627;-21.711
2024-06-07;100.537;3.196;-23.114;-19.93
2024-06-10;100.44;3.25;-19.073;-17.018
2024-06-11;100.497;3.218;-19.137;-17.237
2024-06-12;100.607;3.156;-17.907;-16.457
2024-06-13;100.695;3.105;-20.915;-18.14
2024-06-14;100.738;3.08;-18.974;-15.9
2024-06-17;100.661;3.123;-15.611;-12.804
2024-06-18;100.665;3.12;-13.763;-10.585
2024-06-19;100.651;3.127;-14.082;-11.076
2024-06-20;100.633;3.136;-15.52;-11.58
2024-06-21;100.675;3.111;-15.091;-11.546
2024-06-24;100.67;3.113;-14.193;-10.772
2024-06-25;100.696;3.098;-15.327;-12.279
2024-06-26;100.663;3.116;-14.852;-12.341
2024-06-27;100.66;3.116;-16.004;-12.632
2024-06-28;100.602;3.149;-13.616;-10.184
2024-07-01;100.539;3.184;-13.395;-10.714
2024-07-02;100.573;3.164;-12.748;-10.165
2024-07-03;100.582;3.158;-13.21;-11.003
2024-07-04;100.568;3.165;-15.515;-12.375
2024-07-05;100.714;3.08;-19.122;-16.175
2024-07-08;100.711;3.081;-18.671;-16.647
2024-07-09;100.649;3.116;-16.915;-14.697
2024-07-10;100.709;3.081;-17.665;-16.132
2024-07-11;100.858;2.992;-18.606;-16.39
2024-07-12;100.799;3.026;-17.173;-14.664
2024-07-15;100.859;2.99;-17.478;-15.458
2024-07-16;100.912;2.958;-17.448;-15.449
2024-07-17;100.883;2.974;-17.023;-14.559
2024-07-18;100.893;2.966;-17.952;-14.474
2024-07-19;100.885;2.97;-18.737;-15.98
2024-07-22;100.821;3.007;-17.625;-15.747
2024-07-23;100.893;2.963;-17.637;-16.03
2024-07-24;100.995;2.902;-18.828;-17.877
2024-07-25;101.024;2.882;-19.373;-17.143
2024-07-26;101.054;2.864;-19.704;-16.646
2024-07-29;101.085;2.844;-18.646;-17.024
2024-07-30;101.146;2.807;-17.801;-16.529
2024-07-31;101.18;2.786;-18.128;-16.765
2024-08-01;101.252;2.739;-18.467;-15.726
2024-08-02;101.401;2.649;-17.853;-17.035
2024-08-05;101.386;2.657;-16.96;-14.59
2024-08-06;101.351;2.677;-15.985;-11.531
2024-08-07;101.346;2.678;-17.653;-15.002
2024-08-08;101.356;2.668;-19.434;-16.055
2024-08-09;101.377;2.654;-19.477;-15.261
2024-08-12;101.373;2.655;-18.19;-15.384
2024-08-13;101.459;2.602;-18.384;-16.161
2024-08-14;101.445;2.609;-17.901;-14.623
2024-08-15;101.285;2.702;-18.636;-12.969
2024-08-16;101.311;2.685;-18.273;-12.645
2024-08-19;101.308;2.686;-17.852;-13.676
2024-08-20;101.351;2.658;-17.045;-13.393
2024-08-21;101.426;2.611;-17.027;-14.63
2024-08-22;101.358;2.648;-17.743;-13.979
2024-08-23;101.391;2.626;-17.764;-13.592
2024-08-26;101.358;2.645;-16.766;-13.959
2024-08-27;101.334;2.659;-15.413;-12.246
2024-08-28;101.351;2.647;-15.404;-12.524
2024-08-29;101.402;2.611;-16.565;-12.985
2024-08-30;101.337;2.65;-16.065;-11.344
2024-09-02;101.286;2.68;-14.588;-10.438
2024-09-03;101.315;2.661;-13.212;-9.928
2024-09-04;101.415;2.597;-15.18;-12.326
2024-09-05;101.457;2.566;-15.139;-11.62
2024-09-06;101.529;2.52;-15.014;-11.611
2024-09-09;101.565;2.495;-13.604;-9.541
2024-09-10;101.63;2.453;-15.605;-11.625
2024-09-11;101.668;2.427;-15.558;-11.139
2024-09-12;101.571;2.483;-16.585;-11.172
2024-09-13;101.611;2.456;-16.271;-11.638
2024-09-16;101.641;2.435;-15.701;-12.169
2024-09-17;101.589;2.467;-15.029;-11.211
2024-09-18;101.529;2.503;-14.712;-10.028
2024-09-19;101.581;2.465;-15.112;-10.47
2024-09-20;101.564;2.474;-13.763;-8.276
2024-09-23;101.67;2.404;-12.684;-10.489
2024-09-24;101.756;2.347;-13.806;-12.054
2024-09-25;101.72;2.368;-13.277;-10.167
2024-09-26;101.703;2.373;-12.218;-9.284
2024-09-27;101.782;2.32;-12.243;-10.027
2024-09-30;101.807;2.302;-12.309;-10.807
2024-10-01;101.876;2.255;-13.824;-12.282
2024-10-02;101.866;2.26;-14.281;-12.837
2024-10-03;101.804;2.294;-14.373;-12.118
2024-10-04;101.654;2.39;-14.983;-12.436
2024-10-07;101.595;2.427;-15.189;-12.995
2024-10-08;101.6;2.422;-13.726;-11.703
2024-10-09;101.556;2.449;-13.724;-11.589
2024-10-10;101.573;2.432;-13.438;-11.885
2024-10-11;101.575;2.429;-12.373;-10.936
2024-10-14;101.554;2.441;-11.177;-10.222
2024-10-15;101.614;2.399;-10.857;-10.01
2024-10-16;101.658;2.368;-10.695;-10.076
2024-10-17;101.691;2.34;-10.383;-10.021
2024-10-18;101.757;2.294;-10.819;-10.635
2024-10-21;101.646;2.366;-6.648;-6.822
2024-10-22;101.627;2.377;-6.123;-6.386
2024-10-23;101.733;2.303;-9.594;-9.553
2024-10-24;101.746;2.288;-9.63;-7.831
2024-10-25;101.695;2.321;-7.838;-5.215
2024-10-28;101.721;2.301;-8.088;-6.131
2024-10-29;101.685;2.323;-7.284;-4.764
2024-10-30;101.555;2.41;-7.147;-4.094
2024-10-31;101.524;2.426;-7.45;-3.925
2024-11-01;101.548;2.407;-7.82;-5.851
2024-11-04;101.516;2.427;-6.948;-5.611
2024-11-05;101.468;2.459;-7.311;-6.418
2024-11-06;101.601;2.365;-4.642;-4.276
2024-11-07;101.547;2.396;-3.543;-0.262
2024-11-08;101.585;2.367;-4.228;-0.176
2024-11-11;101.629;2.335;-3.358;-0.088
2024-11-12;101.623;2.337;-3.016;0.616
2024-11-13;101.616;2.339;-3.053;1.178
2024-11-14;101.696;2.277;-5.043;0.297
2024-11-15;101.683;2.284;-4.71;0.363
2024-11-18;101.604;2.337;-5.159;0.705
2024-11-19;101.62;2.324;-6.587;-1.059
2024-11-20;101.623;2.319;-7.166;-2.307
2024-11-21;101.625;2.311;-7.96;-2.93
2024-11-22;101.799;2.185;-10.562;-5.591
2024-11-25;101.735;2.228;-8.568;-3.007
2024-11-26;101.719;2.237;-8.709;-2.202
2024-11-27;101.66;2.277;-6.426;-0.354
2024-11-28;101.723;2.225;-9.77;-2.775
2024-11-29;101.789;2.175;-9.99;-3.17
2024-12-02;101.839;2.136;-7.85;-3.035
2024-12-03;101.802;2.16;-7.67;-1.143
2024-12-04;101.78;2.173;-8.956;-2.085
2024-12-05;101.736;2.198;-10.266;-2.879
2024-12-06;101.759;2.179;-11.566;-4.578
2024-12-09;101.766;2.171;-10.782;-5.049
2024-12-10;101.813;2.134;-12.562;-7.079
2024-12-11;101.813;2.131;-12.164;-6.895
2024-12-12;101.723;2.19;-11.476;-5.082
2024-12-13;101.653;2.24;-11.032;-3.801
2024-12-16;101.649;2.24;-8.972;-3.517
2024-12-17;101.639;2.245;-8.424;-4.079
2024-12-18;101.648;2.236;-7.889;-3.561
2024-12-19;101.617;2.252;-8.215;-2.205
2024-12-20;101.636;2.235;-8.495;-1.981
2024-12-23;101.616;2.243;-9.608;-2.711
2024-12-24;101.616;2.235;-10.259;-2.136
2024-12-25;101.616;2.235;-8.973;-1.346
2024-12-27;101.59;2.253;-7.14;-0.597
2024-12-30;101.603;2.238;-7.246;-0.916
2024-12-31;101.603;2.235;-8.339;-1.776
2025-01-01;101.603;2.235;-8.044;-2.179
2025-01-02;101.558;2.263;-7.423;-0.628
2025-01-03;101.483;2.318;-6.95;0.813
2025-01-06;101.444;2.347;-8.015;-1.769
2025-01-07;101.432;2.354;-6.599;-2.152
2025-01-08;101.421;2.36;-6.526;-2.28
2025-01-09;101.375;2.389;-5.36;-0.563
2025-01-10;101.312;2.437;-5.052;0.682
2025-01-13;101.306;2.44;-5.482;-1.488
2025-01-14;101.304;2.439;-6.906;-3.932
2025-01-15;101.385;2.372;-8.623;-5.222
2025-01-16;101.402;2.352;-8.4;-4.612
2025-01-17;101.39;2.359;-7.221;-2.924
2025-01-20;101.391;2.356;-8.123;-4.345
2025-01-21;101.402;2.344;-8.552;-4.495
2025-01-22;101.388;2.353;-8.672;-3.721
2025-01-23;101.369;2.362;-8.397;-2.684
2025-01-24;101.316;2.402;-8.923;-2.169
2025-01-27;101.349;2.373;-9.674;-5.56
2025-01-28;101.333;2.384;-9.596;-5.229
2025-01-29;101.321;2.391;-9.069;-4.761
2025-01-30;101.379;2.336;-8.435;-4.286
2025-01-31;101.464;2.263;-8.88;-5.631
2025-02-03;101.547;2.192;-9.253;-6.668
2025-02-04;101.535;2.199;-10.729;-5.706
2025-02-05;101.527;2.203;-10.927;-5.284
2025-02-06;101.522;2.199;-10.997;-4.527
2025-02-07;101.529;2.19;-11.318;-4.842
2025-02-10;101.547;2.172;-11.249;-6.309
2025-02-11;101.489;2.218;-10.366;-5.82
2025-02-12;101.437;2.259;-10.555;-5.695
2025-02-13;101.481;2.213;-11.791;-7.58
2025-02-14;101.466;2.223;-12.896;-8.298
2025-02-17;101.436;2.246;-11.905;-7.576
2025-02-18;101.467;2.217;-14.305;-9.897
2025-02-19;101.43;2.246;-14.683;-9.328
2025-02-20;101.445;2.224;-14.797;-8.913
2025-02-21;101.489;2.183;-16.341;-10.42
2025-02-24;101.491;2.179;-14.964;-9.223
2025-02-25;101.513;2.157;-15.358;-9.484
2025-02-26;101.496;2.168;-14.755;-8.06
2025-02-27;101.519;2.139;-14.879;-8.532
2025-02-28;101.521;2.134;-14.747;-7.156
2025-03-03;101.47;2.176;-13.107;-4.815
2025-03-04;101.5;2.146;-14.101;-7.143
2025-03-05;101.358;2.27;-13.257;-4.608
2025-03-06;101.361;2.258;-14.353;-6.681
2025-03-07;101.353;2.263;-14.401;-7.595
2025-03-10;101.377;2.238;-14.008;-8.052
2025-03-11;101.387;2.226;-13.239;-7.849
2025-03-12;101.372;2.237;-13.55;-7.18
2025-03-13;101.393;2.209;-13.548;-7.925
2025-03-14;101.383;2.215;-13.921;-9.458
2025-03-17;101.384;2.211;-14.772;-11.274
2025-03-18;101.386;2.206;-14.63;-11.6
2025-03-19;101.381;2.208;-15.309;-12.426
2025-03-20;101.398;2.183;-16.751;-13.23
2025-03-21;101.418;2.161;-17.563;-13.063
2025-03-24;101.421;2.155;-15.625;-13.599
2025-03-25;101.405;2.166;-15.386;-13.18
2025-03-26;101.425;2.145;-15.755;-13.541
2025-03-27;101.453;2.108;-15.905;-14.106
2025-03-28;101.472;2.087;-15.735;-13.736
2025-03-31;101.449;2.105;-15.408;-12.929
2025-04-01;101.473;2.079;-15.452;-12.466
2025-04-02;101.458;2.09;-15.379;-12.954
2025-04-03;101.496;2.043;-15.168;-12.529
2025-04-04;101.545;1.992;-13.657;-11.147
2025-04-07;101.578;1.957;-15.784;-14.945
2025-04-08;101.533;1.996;-10.666;-7.948
2025-04-09;101.615;1.913;-14.13;-13.573
2025-04-10;101.542;1.972;-10.646;-8.494
2025-04-11;101.546;1.964;-13.883;-12.97
2025-04-14;101.568;1.939;-12.619;-11.817
2025-04-15;101.566;1.937;-11.618;-11.045
2025-04-16;101.55;1.933;-10.488;-10.608
2025-04-17;101.619;1.86;-11.102;-11.57
2025-04-18;101.619;1.86;-11.527;-11.949
2025-04-22;101.633;1.841;-12.12;-12.839
2025-04-23;101.581;1.889;-11.375;-8.357
2025-04-24;101.625;1.831;-11.222;-13.077
2025-04-25;101.607;1.845;-11.197;-13.421
2025-04-28;101.595;1.853;-11.3;-12.997
2025-04-29;101.599;1.839;-12.53;-14.431
2025-04-30;101.587;1.838;-10.447;-11.851
2025-05-02;101.552;1.869;-10.471;-12.75
2025-05-05;101.565;1.851;-11.643;-15.261
2025-05-06;101.581;1.83;-12.148;-15.454
2025-05-07;101.583;1.823;-12.291;-15.675
2025-05-08;101.545;1.849;-12.617;-14.33
2025-05-09;101.542;1.847;-13.234;-13.781
2025-05-12;101.453;1.937;-11.034;-12.347
2025-05-13;101.446;1.939;-11.046;-12.707
2025-05-14;101.43;1.952;-10.002;-13.136
2025-05-15;101.456;1.911;-11.747;-14.106
2025-05-16;101.471;1.89;-13.327;-15.585
2025-05-19;101.47;1.886;-13.166;-14.72
2025-05-20;101.47;1.881;-13.512;-15.224
2025-05-21;101.457;1.891;-13.521;-14.638
2025-05-22;101.461;1.872;-13.89;-14.138
2025-05-23;101.491;1.834;-14.895;-14.265
2025-05-26;101.487;1.834;-15.596;-15.228
2025-05-27;101.481;1.835;-15.944;-14.434
2025-05-28;101.473;1.839;-15.913;-13.256
2025-05-29;101.477;1.82;-16.694;-13.806
2025-05-30;101.465;1.828;-17.088;-14.863
2025-06-02;101.441;1.85;-14.677;-13.327
2025-06-03;101.446;1.839;-15.259;-14.58
2025-06-04;101.447;1.833;-16.017;-15.078
2025-06-05;101.393;1.879;-15.645;-12.065
2025-06-06;101.387;1.881;-15.778;-11.582
2025-06-09;101.393;1.869;-15.778;-13.688
2025-06-10;101.393;1.864;-15.586;-13.193
2025-06-11;101.394;1.858;-16.291;-14.268
2025-06-12;101.385;1.852;-16.164;-13.45
2025-06-13;101.361;1.875;-15.939;-12.914
2025-06-16;101.359;1.873;-15.524;-13.636
2025-06-17;101.328;1.904;-14.154;-13.163
2025-06-18;101.337;1.888;-15.03;-13.319
2025-06-19;101.316;1.897;-13.889;-10.869
2025-06-20;101.307;1.903;-13.973;-10.068
2025-06-23;101.321;1.881;-15.105;-12.419
2025-06-24;101.328;1.867;-16.138;-14.121
2025-06-25;101.326;1.864;-15.382;-13.46
2025-06-26;101.326;1.848;-15.875;-13.156
2025-06-27;101.296;1.879;-14.504;-11.12
2025-06-30;101.286;1.886;-13.494;-12.362
2025-07-01;101.291;1.875;-14.06;-13.519
2025-07-02;101.28;1.883;-13.625;-11.793
2025-07-03;101.284;1.862;-14.485;-11.802
2025-07-04;101.279;1.862;-13.74;-10.858
2025-07-07;101.28;1.855;-14.71;-12.761
2025-07-08;101.259;1.876;-14.041;-11.827
2025-07-09;101.252;1.88;-13.705;-13.342
2025-07-10;101.232;1.888;-14.249;-13.731
2025-07-11;101.219;1.899;-14.728;-13.514
2025-07-14;101.231;1.878;-15.05;-16.885
2025-07-15;101.239;1.862;-15.644;-17.393
2025-07-16;101.227;1.872;-14.411;-15.65
2025-07-17;101.217;1.868;-14.886;-14.819
2025-07-18;101.212;1.869;-15.123;-13.673
2025-07-21;101.226;1.845;-16.222;-16.801
2025-07-22;101.217;1.85;-14.944;-14.964
2025-07-23;101.199;1.868;-15.125;-14.724
2025-07-24;101.139;1.931;-13.477;-9.799
2025-07-25;101.127;1.942;-12.898;-9.856
2025-07-28;101.135;1.925;-13.586;-15.373
2025-07-29;101.123;1.936;-13.422;-13.676
2025-07-30;101.11;1.948;-13.246;-13.085
2025-07-31;101.093;1.954;-13.493;-11.074
2025-08-01;101.104;1.933;-13.708;-11.842
2025-08-04;101.111;1.917;-13.955;-14.061
2025-08-05;101.101;1.925;-13.863;-13.86
2025-08-06;101.095;1.928;-14.213;-14.619
2025-08-07;101.084;1.925;-14.39;-13.229
2025-08-08;101.065;1.946;-14.46;-12.581
2025-08-11;101.056;1.953;-13.951;-13.06
2025-08-12;101.048;1.959;-13.553;-13.576
2025-08-13;101.051;1.948;-13.569;-14.031
2025-08-14;101.037;1.95;-13.564;-13.289
2025-08-15;101.027;1.959;-13.842;-12.923
2025-08-18;101.025;1.956;-14.012;-14.734
2025-08-19;101.025;1.95;-14.406;-15.003
2025-08-20;101.034;1.93;-15.304;-15.287
2025-08-21;100.996;1.968;-14.118;-10.655
2025-08-22;101.0;1.956;-14.183;-9.814
2025-08-25;100.987;1.969;-13.571;-10.675
2025-08-26;100.976;1.979;-11.938;-8.906
2025-08-27;100.961;1.996;-9.634;-6.883
2025-08-28;100.938;2.013;-9.543;-5.897
2025-08-29;100.934;2.013;-8.929;-5.225
2025-09-01;100.93;2.013;-10.062;-8.063
2025-09-02;100.929;2.008;-10.411;-8.674
2025-09-03;100.928;2.003;-10.751;-9.813
2025-09-04;100.923;1.992;-12.126;-9.817
2025-09-05;100.942;1.955;-14.675;-12.646
2025-09-08;100.944;1.945;-16.245;-15.712
2025-09-09;100.93;1.961;-15.393;-14.711
2025-09-10;100.923;1.966;-16.308;-15.313
2025-09-11;100.907;1.972;-16.965;-14.292
2025-09-12;100.898;1.98;-16.272;-12.9
2025-09-15;100.892;1.983;-15.849;-13.561
2025-09-16;100.88;1.996;-13.691;-10.907
2025-09-17;100.873;2.001;-13.399;-10.175
2025-09-18;100.855;2.011;-13.068;-8.96
2025-09-19;100.856;2.002;-13.895;-10.477
2025-09-22;100.85;2.006;-13.839;-11.794
2025-09-23;100.84;2.016;-12.944;-10.178
2025-09-24;100.834;2.019;-12.792;-10.089
2025-09-25;100.819;2.025;-12.657;-9.073
2025-09-26;100.816;2.023;-12.762;-10.145
2025-09-29;100.805;2.035;-11.546;-9.797
2025-09-30;100.802;2.034;-10.835;-8.587
2025-10-01;100.806;2.02;-10.942;-8.148
2025-10-02;100.798;2.012;-11.783;-8.391
2025-10-03;100.786;2.027;-11.619;-8.734
2025-10-06;100.782;2.027;-10.584;-9.176
2025-10-07;100.78;2.023;-11.944;-10.688
2025-10-08;100.776;2.023;-11.656;-10.548
2025-10-09;100.761;2.029;-11.666;-10.173
2025-10-10;100.758;2.027;-10.469;-9.313
2025-10-13;100.76;2.016;-11.448;-11.076
2025-10-14;100.754;2.02;-11.796;-11.491
2025-10-15;100.768;1.986;-14.055;-13.557
2025-10-16;100.742;2.012;-13.49;-13.151
2025-10-17;100.735;2.018;-12.928;-12.818
2025-10-20;100.727;2.026;-10.894;-10.889
2025-10-21;100.725;2.022;-12.269;-12.405
2025-10-22;100.713;2.038;-9.847;-9.998
2025-10-23;100.707;2.027;-11.274;-11.09
2025-10-24;100.685;2.063;-9.238;-9.439
2025-10-27;100.69;2.045;-9.467;-11.782
2025-10-28;100.683;2.052;-8.829;-11.34
2025-10-29;100.68;2.05;-8.791;-10.943
2025-10-30;100.669;2.048;-9.117;-11.007
2025-10-31;100.67;2.038;-10.172;-13.172
2025-11-03;100.656;2.059;-8.043;-11.816
2025-11-04;100.65;2.064;-7.343;-10.248
2025-11-05;100.644;2.069;-6.861;-9.229
2025-11-06;100.64;2.052;-8.459;-9.715
2025-11-07;100.634;2.057;-7.524;-8.053
2025-11-10;100.628;2.062;-7.729;-9.088
2025-11-11;100.623;2.064;-7.698;-9.315
2025-11-12;100.617;2.069;-7.016;-9.925
2025-11-13;100.596;2.091;-5.49;-7.565
2025-11-14;100.592;2.091;-4.73;-6.034
2025-11-17;100.589;2.089;-4.933;-7.545
2025-11-18;100.586;2.088;-5.377;-9.405
2025-11-19;100.587;2.076;-6.243;-9.574
2025-11-20;100.574;2.08;-5.767;-5.68
2025-11-21;100.574;2.071;-6.889;-5.694
2025-11-24;100.572;2.066;-6.874;-6.965
2025-11-25;100.569;2.064;-7.312;-7.254
2025-11-26;100.566;2.062;-7.259;-6.819
2025-11-27;100.55;2.074;-6.314;-3.614
2025-11-28;100.547;2.071;-6.491;-2.928
2025-12-01;100.536;2.09;-4.743;-4.467
2025-12-02;100.536;2.08;-6.212;-5.799
2025-12-03;100.535;2.073;-6.382;-4.667
2025-12-04;100.521;2.08;-5.679;-3.35
2025-12-05;100.509;2.101;-3.813;-3.633
2025-12-08;100.5;2.115;-1.925;-4.197
2025-12-09;100.495;2.119;-2.162;-6.814
2025-12-10;100.489;2.125;-1.784;-5.765
2025-12-11;100.481;2.117;-2.021;-4.339
2025-12-12;100.488;2.087;-4.714;-6.478
2025-12-15;100.472;2.121;-2.173;-6.813
2025-12-16;100.474;2.105;-3.206;-7.375
2025-12-17;100.471;2.103;-3.047;-4.138
2025-12-18;100.463;2.094;-4.144;-0.903
2025-12-19;100.449;2.124;-1.384;2.657
2025-12-22;100.453;2.101;-2.572;-2.536
2025-12-23;100.434;2.102;-3.181;3.142
2025-12-24;100.434;2.091;-4.305;3.563
2025-12-25;100.434;2.091;-4.34;2.077
2025-12-29;100.435;2.076;-5.974;-5.068
2025-12-30;100.426;2.08;-5.471;-2.728
2025-12-31;100.426;2.043;-8.929;-1.563
2026-01-01;100.426;2.043;-8.972;-3.341
2026-01-02;100.406;2.096;-3.713;3.738
2026-01-05;100.399;2.107;-3.697;0.656
2026-01-06;100.399;2.095;-3.949;0.019
2026-01-07;100.398;2.085;-5.232;-1.371
2026-01-08;100.387;2.084;-4.941;0.705
2026-01-09;100.383;2.085;-5.203;0.68
2026-01-12;100.384;2.068;-5.615;-5.394
2026-01-13;100.375;2.086;-4.129;-6.005
2026-01-14;100.383;2.043;-8.461;-11.206
2026-01-15;100.368;2.056;-8.16;-5.569
2026-01-16;100.364;2.057;-7.728;-5.679
2026-01-19;100.363;2.046;-8.588;-12.651
2026-01-20;100.358;2.05;-8.53;-12.555
2026-01-21;100.355;2.047;-8.889;-13.685
2026-01-22;100.336;2.077;-5.302;-4.39
2026-01-23;100.328;2.094;-4.414;-4.899
2026-01-26;100.328;2.078;-5.641;-9.602
2026-01-27;100.325;2.075;-5.565;-10.327
2026-01-28;100.321;2.076;-5.466;-10.212
2026-01-29;100.308;2.083;-5.487;-5.822
2026-01-30;100.306;2.075;-5.853;-7.146
2026-02-02;100.301;2.081;-5.359;-8.959
2026-02-03;100.299;2.073;-5.278;-10.27
2026-02-04;100.295;2.074;-5.685;-12.666
2026-02-05;100.285;2.067;-6.71;-9.863
2026-02-06;100.282;2.063;-7.004;-6.232
2026-02-09;100.277;2.069;-6.41;-5.393
2026-02-10;100.275;2.06;-7.219;-2.192
