;px_last;yld_ytm_mid;asset_swap_spd_mid;z_sprd_mid
1999-09-21;99.498;3.427;;
1999-09-22;99.62;3.42;;
2000-01-26;91.615;3.882;;
2000-01-27;91.24;3.905;;
2000-02-07;92.347;3.837;;
2000-02-08;92.534;3.826;;
2000-02-09;92.343;3.838;;
2000-02-10;91.13;3.912;;
2000-02-15;91.701;3.877;;
2000-02-16;91.565;3.885;;
2000-02-17;91.74;3.875;;
2000-02-18;91.756;3.874;;
2000-02-21;92.137;3.85;;
2000-02-22;93.51;3.768;;
2000-03-17;94.158;3.73;;
2000-03-20;93.99;3.74;;
2000-03-21;94.314;3.721;;
2000-03-22;94.335;3.72;;
2000-03-23;94.743;3.696;;
2000-03-24;94.63;3.703;;
2000-03-27;94.175;3.729;;
2000-03-28;94.322;3.721;;
2000-03-29;94.38;3.717;;
2000-03-30;94.5;3.71;;
2000-03-31;94.44;3.714;;
2000-04-03;94.451;3.713;;
2000-04-04;94.311;3.721;;
2000-04-05;94.461;3.713;;
2000-04-06;94.143;3.731;;
2000-04-07;94.288;3.723;;
2000-04-10;94.38;3.717;;
2000-04-18;94.88;3.688;;
2000-04-19;94.896;3.687;;
2000-04-20;94.88;3.688;;
2000-05-03;95.003;3.682;;
2000-05-04;94.386;3.718;;
2000-05-05;94.263;3.725;;
2000-05-08;94.13;3.733;;
2000-05-10;94.016;3.74;;
2000-05-11;93.24;3.786;;
2000-05-12;93.128;3.793;;
2000-05-15;92.94;3.804;;
2000-05-16;92.327;3.841;;
2000-05-17;92.119;3.854;;
2000-05-18;92.23;3.847;;
2000-05-19;92.39;3.838;;
2000-06-05;95.52;3.652;;
2000-06-06;95.525;3.652;;
2000-06-28;94.632;3.705;;
2000-06-29;94.926;3.687;;
2000-06-30;94.612;3.706;;
2000-07-03;94.069;3.738;;
2000-07-04;93.94;3.746;;
2000-07-06;93.636;3.764;;
2000-07-07;93.74;3.758;;
2000-07-11;93.783;3.755;;
2000-07-12;93.74;3.758;;
2000-07-17;93.536;3.77;;
2000-07-18;93.44;3.776;;
2000-07-19;93.63;3.765;;
2000-07-20;93.69;3.761;;
2000-07-25;94.61;3.706;;
2000-07-26;94.29;3.725;;
2000-08-01;94.68;3.702;;
2000-08-02;94.59;3.708;;
2000-08-03;94.59;3.708;;
2000-08-04;94.805;3.695;;
2000-08-07;95.525;3.653;;
2000-08-08;95.54;3.652;;
2000-08-09;95.545;3.652;;
2000-08-10;95.734;3.641;;
2000-08-11;95.726;3.641;;
2000-08-14;95.13;3.676;;
2000-08-15;95.45;3.657;;
2000-08-16;95.228;3.67;;
2000-08-17;95.433;3.658;;
2000-08-18;95.525;3.653;;
2000-08-21;95.381;3.661;;
2000-08-22;95.44;3.658;;
2000-08-23;95.455;3.657;;
2000-08-24;95.473;3.656;;
2000-08-25;95.438;3.658;;
2000-08-28;95.33;3.664;;
2000-08-29;94.937;3.687;;
2000-08-30;94.488;3.714;;
2000-08-31;94.505;3.713;;
2000-09-01;94.603;3.707;;
2000-09-04;94.573;3.709;;
2000-09-05;94.557;3.71;;
2000-09-06;94.547;3.711;;
2000-09-07;94.193;3.732;;
2000-09-08;94.27;3.727;;
2000-09-11;94.11;3.737;;
2000-09-12;94.43;3.718;;
2000-09-13;94.037;3.741;;
2000-09-14;94.005;3.743;;
2000-09-15;94.445;3.717;;
2000-09-18;93.74;3.759;;
2000-09-19;93.807;3.755;;
2000-09-20;93.857;3.752;;
2000-09-21;93.91;3.749;;
2000-09-22;94.587;3.708;;
2000-09-25;94.68;3.703;;
2000-09-26;94.688;3.702;;
2000-09-27;94.817;3.695;;
2000-09-28;94.79;3.696;;
2000-09-29;94.776;3.697;;
2000-10-02;94.679;3.703;;
2000-10-03;94.684;3.703;;
2000-10-04;94.579;3.709;;
2000-10-05;94.416;3.719;;
2000-10-06;94.485;3.715;;
2000-10-09;94.547;3.711;;
2000-10-10;94.634;3.706;;
2000-10-11;94.911;3.689;;
2000-10-12;95.245;3.67;;
2000-10-13;96.123;3.618;;
2000-10-16;96.093;3.62;;
2000-10-17;96.17;3.616;;
2000-10-18;96.604;3.591;;
2000-10-19;96.393;3.603;;
2000-10-20;96.575;3.592;;
2000-10-23;96.54;3.594;;
2000-10-24;95.633;3.647;;
2000-10-25;95.26;3.669;;
2000-10-26;95.123;3.677;;
2000-10-27;95.345;3.664;;
2000-10-30;95.314;3.666;;
2000-10-31;95.732;3.641;;
2000-11-01;95.855;3.634;;
2000-11-02;96.148;3.617;;
2000-11-03;96.229;3.613;;
2000-11-06;96.172;3.616;;
2000-11-07;96.187;3.615;;
2000-11-08;95.96;3.628;;
2000-11-09;96.003;3.626;;
2000-11-10;95.988;3.627;;
2000-11-13;96.086;3.621;;
2000-11-14;96.025;3.624;;
2000-11-15;95.973;3.627;;
2000-11-16;95.888;3.632;;
2000-11-17;95.759;3.64;;
2000-11-20;95.765;3.64;;
2000-11-21;95.683;3.644;;
2000-11-22;95.747;3.641;;
2000-11-23;96.216;3.613;;
2000-11-24;96.397;3.603;;
2000-11-27;96.306;3.608;;
2000-11-28;96.485;3.598;;
2000-11-29;96.512;3.596;;
2000-11-30;96.638;3.589;;
2000-12-01;96.66;3.588;;
2000-12-04;96.993;3.569;;
2000-12-05;96.906;3.574;;
2000-12-06;97.299;3.551;;
2000-12-07;97.111;3.562;;
2000-12-08;96.98;3.569;;
2000-12-11;96.894;3.574;;
2000-12-12;96.755;3.582;;
2000-12-13;96.833;3.578;;
2000-12-14;96.832;3.578;;
2000-12-15;96.958;3.571;;
2000-12-18;97.011;3.568;;
2000-12-19;96.78;3.581;;
2000-12-20;96.932;3.572;;
2000-12-21;97.006;3.568;;
2000-12-22;97.0;3.568;;
2000-12-25;96.87;3.576;;
2000-12-26;96.87;3.576;;
2000-12-27;96.918;3.573;;
2000-12-28;96.8;3.58;;
2000-12-29;96.865;3.576;;
2001-01-01;96.8;3.58;;
2001-01-02;97.025;3.567;;
2001-01-03;97.287;3.552;;
2001-01-04;96.969;3.57;;
2001-01-05;97.259;3.554;;
2001-01-08;97.254;3.554;;
2001-01-09;97.198;3.557;;
2001-01-10;96.982;3.57;;
2001-01-11;97.305;3.551;;
2001-01-12;96.692;3.586;;
2001-01-15;96.563;3.594;;
2001-01-16;96.573;3.593;;
2001-01-17;96.522;3.596;;
2001-01-18;96.521;3.596;;
2001-01-19;96.303;3.609;;
2001-01-22;96.177;3.616;;
2001-01-23;96.207;3.615;;
2001-01-24;95.489;3.657;;
2001-01-25;95.414;3.661;;
2001-01-26;95.723;3.643;;
2001-01-29;95.604;3.65;;
2001-01-30;95.653;3.647;;
2001-01-31;95.643;3.648;;
2001-02-01;95.873;3.634;;
2001-02-02;96.375;3.605;;
2001-02-05;96.614;3.591;;
2001-02-06;96.922;3.573;;
2001-02-07;96.966;3.571;;
2001-02-08;96.893;3.575;;
2001-02-09;97.026;3.567;;
2001-02-12;97.136;3.561;;
2001-02-13;97.102;3.563;;
2001-02-14;97.17;3.559;;
2001-02-15;97.087;3.564;;
2001-02-16;97.202;3.557;;
2001-02-19;97.252;3.554;;
2001-02-20;97.131;3.561;;
2001-02-21;96.997;3.569;;
2001-02-22;97.0;3.569;;
2001-02-23;96.309;3.609;;
2001-02-26;96.439;3.601;;
2001-02-27;96.62;3.591;;
2001-02-28;96.66;3.589;;
2001-03-01;96.748;3.584;;
2001-03-02;97.21;3.557;;
2001-03-05;97.222;3.556;;
2001-03-06;97.194;3.558;;
2001-03-07;96.805;3.58;;
2001-03-08;96.961;3.571;;
2001-03-09;97.164;3.56;;
2001-03-12;97.255;3.554;;
2001-03-13;96.976;3.571;;
2001-03-14;97.118;3.562;;
2001-03-15;97.201;3.558;;
2001-03-16;97.27;3.554;;
2001-03-19;97.259;3.554;;
2001-03-20;97.19;3.558;;
2001-03-21;97.292;3.552;;
2001-03-22;97.432;3.544;;
2001-03-23;97.337;3.55;;
2001-03-26;97.397;3.546;;
2001-03-27;97.425;3.545;;
2001-03-28;97.283;3.553;;
2001-03-29;97.396;3.547;;
2001-03-30;97.327;3.55;;
2001-04-02;97.443;3.544;;
2001-04-03;97.436;3.544;;
2001-04-04;97.377;3.548;;
2001-04-05;97.391;3.547;;
2001-04-06;97.426;3.545;;
2001-04-09;97.434;3.544;;
2001-04-10;97.355;3.549;;
2001-04-11;96.584;3.594;;
2001-04-12;96.388;3.605;;
2001-04-13;97.02;3.568;;
2001-04-16;97.29;3.553;;
2001-04-17;96.266;3.612;;
2001-04-18;95.692;3.646;;
2001-04-19;95.915;3.633;;
2001-04-20;95.766;3.642;;
2001-04-23;95.851;3.637;;
2001-04-24;95.565;3.654;;
2001-04-25;95.553;3.654;;
2001-04-26;95.834;3.638;;
2001-04-27;95.729;3.644;;
2001-04-30;95.695;3.646;;
2001-05-01;95.65;3.649;;
2001-05-02;95.631;3.65;;
2001-05-03;95.845;3.637;;
2001-05-04;96.024;3.627;;
2001-05-07;95.97;3.63;;
2001-05-08;96.112;3.622;;
2001-05-09;96.015;3.628;;
2001-05-10;96.438;3.603;;
2001-05-11;96.596;3.594;;
2001-05-14;96.15;3.62;;
2001-05-15;96.204;3.616;;
2001-05-16;96.281;3.612;;
2001-05-17;96.452;3.602;;
2001-05-18;96.401;3.605;;
2001-05-21;96.083;3.624;;
2001-05-22;95.966;3.631;;
2001-05-23;95.96;3.631;;
2001-05-24;95.37;3.666;;
2001-05-25;95.577;3.654;;
2001-05-28;96.16;3.619;;
2001-05-29;95.814;3.64;;
2001-05-30;95.646;3.65;;
2001-05-31;95.528;3.657;;
2001-06-01;95.632;3.651;;
2001-06-04;95.809;3.64;;
2001-06-05;95.77;3.642;;
2001-06-06;95.81;3.64;;
2001-06-07;95.688;3.647;;
2001-06-08;96.032;3.627;;
2001-06-11;96.137;3.621;;
2001-06-12;97.022;3.569;;
2001-06-13;97.373;3.549;;
2001-06-14;97.649;3.533;;
2001-06-15;97.591;3.536;;
2001-06-18;97.378;3.549;;
2001-06-19;97.261;3.555;;
2001-06-20;97.406;3.547;;
2001-06-21;97.557;3.538;;
2001-06-22;97.464;3.544;;
2001-06-25;97.48;3.543;;
2001-06-26;97.26;3.556;;
2001-06-27;97.257;3.556;;
2001-06-28;96.936;3.575;;
2001-06-29;96.19;3.618;;
2001-07-02;95.439;3.663;;
2001-07-03;94.62;3.712;;
2001-07-04;93.895;3.756;;
2001-07-05;94.126;3.742;;
2001-07-06;94.32;3.73;;
2001-07-09;94.17;3.739;;
2001-07-10;94.213;3.737;;
2001-07-11;94.321;3.73;;
2001-07-12;93.81;3.761;;
2001-07-13;93.778;3.763;;
2001-07-16;93.843;3.759;;
2001-07-17;93.968;3.752;;
2001-07-18;94.161;3.74;;
2001-07-19;94.14;3.741;;
2001-07-20;94.239;3.735;;
2001-07-23;94.271;3.733;;
2001-07-24;94.39;3.726;;
2001-07-25;94.219;3.736;;
2001-07-26;94.17;3.74;;
2001-07-27;94.63;3.712;;
2001-07-30;94.705;3.707;;
2001-07-31;94.824;3.7;;
2001-08-01;94.864;3.698;;
2001-08-02;94.827;3.7;;
2001-08-03;94.742;3.705;;
2001-08-06;94.78;3.703;;
2001-08-07;94.903;3.695;;
2001-08-08;95.172;3.679;;
2001-08-09;95.671;3.65;;
2001-08-10;95.929;3.634;;
2001-08-13;95.957;3.633;;
2001-08-14;95.93;3.634;;
2001-08-15;96.381;3.608;;
2001-08-16;96.6;3.595;;
2001-08-17;97.175;3.561;;
2001-08-20;97.17;3.561;;
2001-08-21;96.948;3.574;;
2001-08-22;96.831;3.581;;
2001-08-23;96.791;3.583;;
2001-08-24;96.3;3.612;;
2001-08-27;96.214;3.617;;
2001-08-28;96.484;3.602;;
2001-08-29;96.57;3.596;;
2001-08-30;97.024;3.57;;
2001-08-31;96.945;3.575;;
2001-09-03;96.9;3.577;;
2001-09-04;96.519;3.6;;
2001-09-05;95.791;3.643;;
2001-09-06;96.249;3.615;;
2001-09-07;96.729;3.587;;
2001-09-10;96.851;3.58;;
2001-09-11;97.717;3.53;;
2001-09-12;97.665;3.533;;
2001-09-13;97.223;3.558;;
2001-09-14;98.17;3.503;;
2001-09-17;97.467;3.544;;
2001-09-18;97.017;3.57;;
2001-09-19;96.442;3.604;;
2001-09-20;96.04;3.628;;
2001-09-21;96.136;3.622;;
2001-09-24;95.752;3.645;;
2001-09-25;95.97;3.632;;
2001-09-26;96.012;3.63;;
2001-09-27;96.572;3.596;;
2001-09-28;96.666;3.591;;
2001-10-01;96.608;3.594;;
2001-10-02;97.264;3.556;;
2001-10-03;97.824;3.523;;
2001-10-04;97.719;3.53;;
2001-10-05;98.174;3.503;;
2001-10-08;97.467;3.544;;
2001-10-09;96.943;3.575;;
2001-10-10;96.418;3.606;;
2001-10-11;96.509;3.6;;
2001-10-12;96.702;3.589;;
2001-10-15;96.963;3.574;;
2001-10-16;97.376;3.55;;
2001-10-17;97.538;3.54;;
2001-10-18;97.85;3.522;;
2001-10-19;98.02;3.512;;
2001-10-22;98.005;3.513;;
2001-10-23;97.659;3.533;;
2001-10-24;97.369;3.55;;
2001-10-25;97.637;3.534;;
2001-10-26;97.715;3.53;;
2001-10-29;97.884;3.52;;
2001-10-30;98.024;3.512;;
2001-10-31;98.63;3.477;;
2001-11-02;99.303;3.439;;
2001-11-05;99.514;3.427;;
2001-11-06;99.575;3.423;;
2001-11-07;100.242;3.386;;
2001-11-08;100.487;3.372;;
2001-11-09;100.561;3.368;;
2001-11-12;100.543;3.369;;
2001-11-13;100.147;3.391;;
2001-11-14;99.719;3.415;;
2001-11-15;99.367;3.435;;
2001-11-16;99.17;3.446;;
2001-11-19;99.152;3.447;;
2001-11-20;99.11;3.45;;
2001-11-21;98.923;3.46;;
2001-11-22;99.043;3.454;;
2001-11-23;99.098;3.45;;
2001-11-26;99.353;3.436;;
2001-11-27;98.775;3.469;;
2001-11-28;98.649;3.476;;
2001-11-29;98.741;3.471;;
2001-11-30;99.329;3.437;;
2001-12-03;99.307;3.438;;
2001-12-04;99.402;3.433;;
2001-12-05;98.802;3.467;;
2001-12-06;98.016;3.513;;
2001-12-07;97.757;3.528;;
2001-12-10;98.336;3.494;;
2001-12-11;98.423;3.489;;
2001-12-12;98.703;3.473;;
2001-12-13;98.766;3.469;;
2001-12-14;99.148;3.448;;
2001-12-17;98.705;3.473;;
2001-12-18;99.069;3.452;;
2001-12-19;98.893;3.462;;
2001-12-20;98.728;3.472;;
2001-12-21;98.567;3.481;;
2001-12-24;98.44;3.488;;
2001-12-27;98.274;3.498;;
2001-12-28;98.102;3.508;;
2001-12-31;98.043;3.511;;
2002-01-01;97.86;3.522;;
2002-01-02;97.938;3.517;;
2002-01-03;98.142;3.505;;
2002-01-04;97.141;3.564;;
2002-01-07;97.407;3.548;;
2002-01-08;96.951;3.575;;
2002-01-09;96.335;3.611;;
2002-01-10;96.831;3.582;;
2002-01-11;96.932;3.576;;
2002-01-14;97.357;3.551;;
2002-01-15;98.045;3.511;;
2002-01-16;98.496;3.485;;
2002-01-17;98.201;3.502;;
2002-01-18;98.032;3.512;;
2002-01-21;98.108;3.508;;
2002-01-22;98.284;3.497;;
2002-01-23;98.904;3.462;;
2002-01-24;98.374;3.492;;
2002-01-25;97.845;3.523;;
2002-01-28;97.45;3.546;;
2002-01-29;97.364;3.551;;
2002-01-30;97.306;3.554;;
2002-01-31;97.427;3.547;;
2002-02-01;98.0;3.514;;
2002-02-04;98.553;3.482;;
2002-02-05;98.782;3.469;;
2002-02-06;98.725;3.472;;
2002-02-07;98.134;3.506;;
2002-02-08;98.276;3.498;;
2002-02-11;98.187;3.503;;
2002-02-12;98.082;3.509;;
2002-02-13;97.758;3.528;;
2002-02-14;97.62;3.536;;
2002-02-15;97.687;3.532;;
2002-02-18;97.671;3.533;;
2002-02-19;97.488;3.544;;
2002-02-20;97.472;3.545;;
2002-02-21;97.847;3.523;;
2002-02-22;97.891;3.52;;
2002-02-25;97.789;3.526;;
2002-02-26;98.131;3.506;;
2002-02-27;98.058;3.511;;
2002-02-28;98.054;3.511;;
2002-03-01;97.761;3.528;;
2002-03-04;97.644;3.535;;
2002-03-05;97.489;3.544;;
2002-03-06;97.191;3.562;;
2002-03-07;96.759;3.587;;
2002-03-08;96.662;3.593;;
2002-03-11;96.787;3.585;;
2002-03-12;97.006;3.573;;
2002-03-13;96.946;3.576;;
2002-03-14;96.308;3.614;;
2002-03-15;96.225;3.619;;
2002-03-18;96.212;3.62;;
2002-03-19;96.308;3.614;;
2002-03-20;96.393;3.609;;
2002-03-21;96.41;3.608;;
2002-03-22;96.349;3.612;;
2002-03-25;96.433;3.607;;
2002-03-26;96.828;3.583;;
2002-03-27;96.925;3.578;;
2002-03-28;96.634;3.595;;
2002-03-29;96.57;3.599;;
2002-04-01;96.57;3.599;;
2002-04-02;96.877;3.58;;
2002-04-03;98.291;3.497;;
2002-04-04;98.607;3.479;;
2002-04-05;98.843;3.466;;
2002-04-08;98.871;3.464;;
2002-04-09;98.807;3.468;;
2002-04-10;98.728;3.472;;
2002-04-11;98.876;3.464;;
2002-04-12;99.006;3.456;;
2002-04-15;99.212;3.444;;
2002-04-16;98.753;3.471;;
2002-04-17;98.746;3.471;;
2002-04-18;98.792;3.469;;
2002-04-19;98.84;3.466;;
2002-04-22;99.132;3.449;;
2002-04-23;98.939;3.46;;
2002-04-24;98.775;3.47;;
2002-04-25;98.981;3.458;;
2002-04-26;98.755;3.471;;
2002-04-29;98.601;3.48;;
2002-04-30;98.661;3.476;;
2002-05-01;98.68;3.475;;
2002-05-02;98.378;3.493;;
2002-05-03;98.54;3.483;;
2002-05-06;98.615;3.479;;
2002-05-07;98.696;3.474;;
2002-05-08;98.548;3.483;;
2002-05-09;98.366;3.494;;
2002-05-10;98.429;3.49;;
2002-05-13;98.658;3.477;;
2002-05-14;98.394;3.492;;
2002-05-15;98.432;3.49;;
2002-05-16;98.687;3.475;;
2002-05-17;98.659;3.477;;
2002-05-20;99.001;3.457;;
2002-05-21;99.121;3.45;;
2002-05-22;99.14;3.449;;
2002-05-23;99.254;3.442;;
2002-05-24;99.197;3.446;;
2002-05-27;98.954;3.46;;
2002-05-28;98.914;3.462;;
2002-05-29;99.005;3.457;;
2002-05-30;99.19;3.446;;
2002-05-31;99.015;3.456;;
2002-06-03;99.017;3.456;;
2002-06-04;99.165;3.447;;
2002-06-05;99.078;3.453;;
2002-06-06;99.0;3.457;;
2002-06-07;99.21;3.445;;
2002-06-10;99.353;3.437;;
2002-06-11;99.409;3.434;;
2002-06-12;99.421;3.433;;
2002-06-13;99.883;3.406;;
2002-06-14;99.809;3.411;;
2002-06-17;99.458;3.431;;
2002-06-18;99.799;3.411;;
2002-06-19;100.134;3.392;;
2002-06-20;100.375;3.378;;
2002-06-21;100.419;3.376;;
2002-06-24;100.643;3.363;;
2002-06-25;100.438;3.375;;
2002-06-26;101.18;3.333;;
2002-06-27;101.017;3.342;;
2002-06-28;100.853;3.351;;
2002-07-01;100.65;3.363;;
2002-07-02;100.849;3.352;;
2002-07-03;100.693;3.36;;
2002-07-04;100.095;3.394;;
2002-07-05;99.513;3.428;;
2002-07-08;99.645;3.42;;
2002-07-09;99.691;3.418;;
2002-07-10;99.772;3.413;;
2002-07-11;100.206;3.388;;
2002-07-12;100.513;3.371;;
2002-07-15;101.163;3.334;;
2002-07-16;101.152;3.335;;
2002-07-17;101.039;3.341;;
2002-07-18;101.087;3.338;;
2002-07-19;101.264;3.328;;
2002-07-22;101.641;3.307;;
2002-07-23;101.5;3.315;;
2002-07-24;102.376;3.266;;
2002-07-25;102.365;3.267;;
2002-07-26;102.408;3.264;;
2002-07-29;101.784;3.299;;
2002-07-30;101.605;3.309;;
2002-07-31;102.103;3.281;;
2002-08-01;102.242;3.273;;
2002-08-02;102.475;3.261;;
2002-08-05;102.739;3.246;;
2002-08-06;102.261;3.272;;
2002-08-07;102.771;3.244;;
2002-08-08;102.456;3.261;;
2002-08-09;102.75;3.245;;
2002-08-12;102.981;3.232;;
2002-08-13;103.334;3.213;;
2002-08-14;103.932;3.18;;
2002-08-15;102.996;3.232;;
2002-08-16;103.061;3.228;;
2002-08-19;102.94;3.235;;
2002-08-20;103.267;3.217;;
2002-08-21;102.665;3.25;;
2002-08-22;102.293;3.27;;
2002-08-23;102.442;3.262;;
2002-08-26;102.489;3.259;;
2002-08-27;102.462;3.261;;
2002-08-28;103.045;3.229;;
2002-08-29;103.938;3.18;;
2002-08-30;104.152;3.168;;
2002-09-02;104.851;3.13;;
2002-09-03;105.541;3.093;;
2002-09-04;105.859;3.076;;
2002-09-05;106.155;3.06;;
2002-09-06;106.655;3.034;;
2002-09-09;106.566;3.039;;
2002-09-10;106.658;3.034;;
2002-09-11;105.999;3.068;;
2002-09-12;106.83;3.025;;
2002-09-13;107.637;2.982;;
2002-09-16;108.967;2.914;;
2002-09-17;108.701;2.927;;
2002-09-18;109.102;2.906;;
2002-09-19;108.974;2.913;;
2002-09-20;107.338;2.998;;
2002-09-23;107.646;2.982;;
2002-09-24;107.641;2.982;;
2002-09-25;106.935;3.019;;
2002-09-26;106.721;3.03;;
2002-09-27;106.503;3.041;;
2002-09-30;106.862;3.022;;
2002-10-01;106.102;3.063;;
2002-10-02;105.266;3.107;;
2002-10-03;105.174;3.112;;
2002-10-04;105.239;3.109;;
2002-10-07;105.783;3.079;;
2002-10-08;106.026;3.066;;
2002-10-09;106.021;3.067;;
2002-10-10;105.15;3.113;;
2002-10-11;104.373;3.155;;
2002-10-14;103.996;3.176;;
2002-10-15;103.019;3.229;;
2002-10-16;102.839;3.239;;
2002-10-17;103.062;3.227;;
2002-10-18;102.809;3.241;;
2002-10-21;102.765;3.243;;
2002-10-22;101.715;3.302;;
2002-10-23;102.193;3.275;;
2002-10-24;101.719;3.302;;
2002-10-25;102.245;3.272;;
2002-10-28;102.534;3.256;;
2002-10-29;102.969;3.232;;
2002-10-30;102.53;3.256;;
2002-10-31;102.726;3.245;;
2002-11-01;102.511;3.257;;
2002-11-04;102.359;3.266;;
2002-11-05;101.952;3.288;;
2002-11-06;101.862;3.293;;
2002-11-07;102.546;3.255;;
2002-11-08;103.11;3.224;;
2002-11-11;103.682;3.192;;
2002-11-12;104.378;3.154;;
2002-11-13;104.316;3.158;;
2002-11-14;103.643;3.194;;
2002-11-15;103.86;3.182;;
2002-11-18;103.662;3.193;;
2002-11-19;103.86;3.182;;
2002-11-20;104.128;3.168;;
2002-11-21;103.464;3.204;;
2002-11-22;103.409;3.207;;
2002-11-25;103.164;3.221;;
2002-11-26;103.756;3.188;;
2002-11-27;103.292;3.214;;
2002-11-28;103.545;3.2;;
2002-11-29;103.869;3.182;;
2002-12-02;103.624;3.195;;
2002-12-03;104.195;3.164;;
2002-12-04;104.452;3.15;;
2002-12-05;104.874;3.127;;
2002-12-06;105.32;3.103;;
2002-12-09;105.555;3.09;;
2002-12-10;105.478;3.094;;
2002-12-11;105.847;3.074;;
2002-12-12;106.26;3.052;;
2002-12-13;106.542;3.037;;
2002-12-16;106.641;3.032;;
2002-12-17;106.839;3.021;;
2002-12-18;107.612;2.981;;
2002-12-19;107.802;2.971;;
2002-12-20;108.105;2.955;;
2002-12-23;108.256;2.947;;
2002-12-24;108.229;2.948;;
2002-12-25;108.119;2.954;;
2002-12-26;108.198;2.95;;
2002-12-27;109.604;2.877;;
2002-12-30;109.554;2.88;;
2002-12-31;109.582;2.878;;
2003-01-01;109.544;2.88;;
2003-01-02;108.509;2.934;;
2003-01-03;108.283;2.945;;
2003-01-06;108.281;2.945;;
2003-01-07;108.739;2.921;;
2003-01-08;109.425;2.886;;
2003-01-09;110.103;2.851;;
2003-01-10;110.576;2.827;;
2003-01-13;110.695;2.821;;
2003-01-14;111.034;2.804;;
2003-01-15;111.321;2.789;;
2003-01-16;111.273;2.792;;
2003-01-17;112.608;2.725;;
2003-01-20;113.352;2.689;;
2003-01-21;113.215;2.695;;
2003-01-22;113.047;2.703;;
2003-01-23;113.089;2.701;;
2003-01-24;113.995;2.657;;
2003-01-27;113.68;2.672;;
2003-01-28;113.181;2.697;;
2003-01-29;113.373;2.687;;
2003-01-30;113.211;2.695;;
2003-01-31;113.402;2.685;;
2003-02-03;113.438;2.684;;
2003-02-04;114.805;2.617;;
2003-02-05;115.482;2.584;;
2003-02-06;115.455;2.585;;
2003-02-07;115.554;2.581;;
2003-02-10;115.645;2.576;;
2003-02-11;115.032;2.606;;
2003-02-12;116.145;2.552;;
2003-02-13;116.456;2.537;;
2003-02-14;115.797;2.569;;
2003-02-17;115.29;2.593;;
2003-02-18;114.573;2.628;;
2003-02-19;115.261;2.594;;
2003-02-20;115.641;2.576;;
2003-02-21;115.832;2.567;;
2003-02-24;116.453;2.537;;
2003-02-25;116.815;2.52;;
2003-02-26;115.991;2.559;;
2003-02-27;115.075;2.603;;
2003-02-28;115.7;2.573;;
2003-03-03;116.066;2.555;;
2003-03-04;116.22;2.548;;
2003-03-05;116.56;2.531;;
2003-03-06;116.812;2.519;;
2003-03-07;117.554;2.484;;
2003-03-10;118.041;2.461;;
2003-03-11;117.798;2.473;;
2003-03-12;117.365;2.493;;
2003-03-13;115.055;2.603;;
2003-03-14;114.222;2.643;;
2003-03-17;111.611;2.773;;
2003-03-18;111.436;2.781;;
2003-03-19;110.423;2.833;;
2003-03-20;111.012;2.803;;
2003-03-21;109.468;2.881;;
2003-03-24;110.571;2.825;;
2003-03-25;110.671;2.82;;
2003-03-26;110.448;2.831;;
2003-03-27;110.851;2.81;;
2003-03-28;112.039;2.751;;
2003-03-31;113.831;2.662;;
2003-04-01;114.137;2.647;;
2003-04-02;112.178;2.743;;
2003-04-03;111.023;2.801;;
2003-04-04;110.489;2.829;;
2003-04-07;109.348;2.887;;
2003-04-08;109.37;2.886;;
2003-04-09;109.447;2.882;;
2003-04-10;110.466;2.83;;
2003-04-11;109.677;2.87;;
2003-04-14;109.14;2.898;;
2003-04-15;109.291;2.89;;
2003-04-16;110.264;2.84;;
2003-04-17;110.174;2.844;;
2003-04-18;109.17;2.896;;
2003-04-21;110.58;2.823;;
2003-04-22;110.634;2.821;;
2003-04-23;109.557;2.876;;
2003-04-24;109.863;2.86;;
2003-04-25;110.029;2.851;;
2003-04-28;109.547;2.876;;
2003-04-29;109.09;2.9;;
2003-04-30;109.596;2.874;;
2003-05-01;109.625;2.872;;
2003-05-02;109.919;2.857;;
2003-05-05;110.105;2.847;;
2003-05-06;110.015;2.852;;
2003-05-07;111.394;2.781;;
2003-05-08;111.719;2.765;;
2003-05-09;111.006;2.801;;
2003-05-12;110.589;2.822;;
2003-05-13;110.407;2.832;;
2003-05-14;110.305;2.837;;
2003-05-15;111.58;2.772;;
2003-05-16;112.53;2.724;;
2003-05-19;113.761;2.663;;
2003-05-20;114.42;2.631;;
2003-05-21;115.487;2.579;;
2003-05-22;115.366;2.584;;
2003-05-23;116.278;2.54;;
2003-05-26;116.759;2.517;;
2003-05-27;115.711;2.568;;
2003-05-28;113.654;2.668;;
2003-05-29;114.804;2.611;;
2003-05-30;115.004;2.601;;
2003-06-02;114.677;2.617;;
2003-06-03;115.721;2.567;;
2003-06-04;115.564;2.574;;
2003-06-05;116.307;2.538;;
2003-06-06;114.984;2.602;;
2003-06-09;116.565;2.526;;
2003-06-10;116.679;2.52;;
2003-06-11;117.093;2.5;;
2003-06-12;117.12;2.499;;
2003-06-13;118.011;2.457;;
2003-06-16;117.143;2.498;;
2003-06-17;115.706;2.567;;
2003-06-18;113.538;2.672;;
2003-06-19;113.535;2.673;;
2003-06-20;113.728;2.663;;
2003-06-23;114.045;2.647;;
2003-06-24;113.273;2.685;;
2003-06-25;113.873;2.656;;
2003-06-26;111.739;2.762;;
2003-06-27;111.092;2.795;;
2003-06-30;112.116;2.743;;
2003-07-01;112.705;2.713;;
2003-07-02;112.022;2.748;;
2003-07-03;111.627;2.768;;
2003-07-04;112.788;2.709;;
2003-07-07;112.362;2.73;;
2003-07-08;112.072;2.745;;
2003-07-09;111.843;2.756;;
2003-07-10;112.946;2.701;;
2003-07-11;113.609;2.668;;
2003-07-14;114.196;2.639;;
2003-07-15;112.745;2.711;;
2003-07-16;112.308;2.733;;
2003-07-17;111.628;2.767;;
2003-07-18;111.937;2.751;;
2003-07-21;111.337;2.782;;
2003-07-22;111.288;2.784;;
2003-07-23;111.827;2.757;;
2003-07-24;111.47;2.775;;
2003-07-25;112.597;2.718;;
2003-07-28;111.481;2.774;;
2003-07-29;112.017;2.747;;
2003-07-30;111.426;2.777;;
2003-07-31;110.693;2.814;;
2003-08-01;111.063;2.795;;
2003-08-04;112.309;2.732;;
2003-08-05;111.735;2.761;;
2003-08-06;112.072;2.744;;
2003-08-07;112.49;2.722;;
2003-08-08;114.157;2.639;;
2003-08-11;113.143;2.69;;
2003-08-12;113.398;2.677;;
2003-08-13;111.908;2.752;;
2003-08-14;111.593;2.767;;
2003-08-15;112.627;2.715;;
2003-08-18;112.716;2.711;;
2003-08-19;113.177;2.688;;
2003-08-20;112.889;2.702;;
2003-08-21;112.677;2.712;;
2003-08-22;113.617;2.665;;
2003-08-25;113.396;2.676;;
2003-08-26;113.497;2.671;;
2003-08-27;112.934;2.699;;
2003-08-28;113.577;2.667;;
2003-08-29;113.368;2.677;;
2003-09-01;112.716;2.71;;
2003-09-02;110.913;2.801;;
2003-09-03;110.549;2.82;;
2003-09-04;111.314;2.781;;
2003-09-05;112.017;2.745;;
2003-09-08;112.317;2.73;;
2003-09-09;112.002;2.746;;
2003-09-10;112.603;2.715;;
2003-09-11;112.222;2.734;;
2003-09-12;114.349;2.628;;
2003-09-15;113.843;2.653;;
2003-09-16;113.325;2.679;;
2003-09-17;113.238;2.683;;
2003-09-18;113.04;2.693;;
2003-09-19;114.016;2.644;;
2003-09-22;114.651;2.613;;
2003-09-23;114.908;2.6;;
2003-09-24;114.404;2.625;;
2003-09-25;114.532;2.618;;
2003-09-26;115.188;2.586;;
2003-09-29;115.289;2.581;;
2003-09-30;116.345;2.53;;
2003-10-01;115.978;2.547;;
2003-10-02;114.106;2.639;;
2003-10-03;112.966;2.696;;
2003-10-06;113.71;2.658;;
2003-10-07;113.193;2.684;;
2003-10-08;113.717;2.658;;
2003-10-09;113.209;2.683;;
2003-10-10;115.585;2.566;;
2003-10-13;114.844;2.602;;
2003-10-14;115.027;2.593;;
2003-10-15;114.491;2.619;;
2003-10-16;114.758;2.606;;
2003-10-17;114.819;2.603;;
2003-10-20;114.786;2.604;;
2003-10-21;115.29;2.58;;
2003-10-22;115.72;2.558;;
2003-10-23;115.315;2.578;;
2003-10-24;115.332;2.577;;
2003-10-27;114.988;2.594;;
2003-10-28;114.705;2.608;;
2003-10-29;115.229;2.582;;
2003-10-30;115.178;2.584;;
2003-10-31;116.1;2.539;;
2003-11-03;115.089;2.589;;
2003-11-04;116.23;2.533;;
2003-11-05;116.195;2.534;;
2003-11-06;115.079;2.589;;
2003-11-07;114.586;2.613;;
2003-11-10;114.808;2.602;;
2003-11-11;115.094;2.588;;
2003-11-12;115.09;2.588;;
2003-11-13;115.577;2.564;;
2003-11-14;115.892;2.549;;
2003-11-17;116.251;2.531;;
2003-11-18;116.07;2.54;;
2003-11-19;115.46;2.569;;
2003-11-20;115.591;2.563;;
2003-11-21;115.741;2.556;;
2003-11-24;114.085;2.637;;
2003-11-25;114.159;2.633;;
2003-11-26;114.257;2.628;;
2003-11-27;114.14;2.634;;
2003-11-28;114.478;2.617;;
2003-12-01;114.044;2.639;;
2003-12-02;114.542;2.614;;
2003-12-03;114.696;2.606;;
2003-12-04;114.521;2.615;;
2003-12-05;115.526;2.565;;
2003-12-08;115.381;2.572;;
2003-12-09;114.786;2.601;;
2003-12-10;115.086;2.587;;
2003-12-11;114.701;2.605;;
2003-12-12;115.232;2.579;;
2003-12-15;115.112;2.585;;
2003-12-16;115.236;2.579;;
2003-12-17;116.022;2.54;;
2003-12-18;115.934;2.545;;
2003-12-19;115.556;2.563;;
2003-12-22;116.059;2.538;;
2003-12-23;116.152;2.533;;
2003-12-24;116.16;2.533;;
2003-12-25;116.176;2.532;;
2003-12-26;116.168;2.533;;
2003-12-29;115.878;2.547;;
2003-12-30;116.292;2.526;;
2003-12-31;116.316;2.525;;
2004-01-01;116.349;2.523;;
2004-01-02;115.312;2.574;;
2004-01-05;115.798;2.55;;
2004-01-06;116.651;2.509;;
2004-01-07;116.663;2.508;;
2004-01-08;116.626;2.51;;
2004-01-09;117.746;2.456;;
2004-01-12;117.724;2.457;;
2004-01-13;116.929;2.495;;
2004-01-14;116.263;2.527;;
2004-01-15;116.334;2.523;;
2004-01-16;116.201;2.53;;
2004-01-19;116.213;2.529;;
2004-01-20;116.905;2.495;;
2004-01-21;116.983;2.491;;
2004-01-22;117.868;2.449;;
2004-01-23;119.192;2.386;;
2004-01-26;117.542;2.464;;
2004-01-27;117.182;2.482;;
2004-01-28;117.05;2.488;;
2004-01-29;115.238;2.576;;
2004-01-30;116.179;2.53;;
2004-02-02;116.518;2.513;;
2004-02-03;116.858;2.497;;
2004-02-04;116.937;2.493;;
2004-02-05;117.358;2.472;;
2004-02-06;118.012;2.441;;
2004-02-09;117.954;2.444;;
2004-02-10;117.831;2.449;;
2004-02-11;118.496;2.417;;
2004-02-12;118.515;2.417;;
2004-02-13;118.776;2.404;;
2004-02-16;118.674;2.409;;
2004-02-17;118.932;2.397;;
2004-02-18;118.661;2.409;;
2004-02-19;117.973;2.442;;
2004-02-20;117.652;2.457;;
2004-02-23;117.87;2.447;;
2004-02-24;118.526;2.415;;
2004-02-25;118.528;2.415;;
2004-02-26;118.518;2.415;;
2004-02-27;119.155;2.385;;
2004-03-01;118.612;2.411;;
2004-03-02;118.536;2.414;;
2004-03-03;117.92;2.444;;
2004-03-04;118.877;2.398;;
2004-03-05;120.466;2.323;;
2004-03-08;121.58;2.271;;
2004-03-09;122.106;2.247;;
2004-03-10;121.791;2.261;;
2004-03-11;122.433;2.232;;
2004-03-12;122.707;2.219;;
2004-03-15;122.932;2.209;;
2004-03-16;122.217;2.241;;
2004-03-17;123.022;2.204;;
2004-03-18;123.359;2.189;;
2004-03-19;123.425;2.186;;
2004-03-22;123.746;2.171;;
2004-03-23;123.432;2.185;;
2004-03-24;123.84;2.166;;
2004-03-25;123.75;2.17;;
2004-03-26;123.143;2.198;;
2004-03-29;121.68;2.265;;
2004-03-30;121.393;2.278;;
2004-03-31;121.622;2.267;;
2004-04-01;121.53;2.271;;
2004-04-02;119.762;2.354;;
2004-04-05;118.974;2.391;;
2004-04-06;119.1;2.385;;
2004-04-07;119.431;2.369;;
2004-04-08;118.957;2.392;;
2004-04-09;118.992;2.39;;
2004-04-12;119.057;2.387;;
2004-04-13;117.59;2.457;;
2004-04-14;117.975;2.438;;
2004-04-15;118.748;2.401;;
2004-04-16;119.404;2.37;;
2004-04-19;119.268;2.376;;
2004-04-20;118.854;2.396;;
2004-04-21;118.328;2.421;;
2004-04-22;118.32;2.421;;
2004-04-23;118.251;2.424;;
2004-04-26;118.093;2.432;;
2004-04-27;118.231;2.425;;
2004-04-28;118.012;2.436;;
2004-04-29;118.413;2.416;;
2004-04-30;118.684;2.403;;
2004-05-03;119.044;2.386;;
2004-05-04;118.844;2.395;;
2004-05-05;118.736;2.4;;
2004-05-06;117.971;2.437;;
2004-05-07;116.816;2.493;;
2004-05-10;116.944;2.487;;
2004-05-11;117.051;2.481;;
2004-05-12;116.982;2.485;;
2004-05-13;116.986;2.484;;
2004-05-14;117.705;2.449;;
2004-05-17;118.374;2.417;;
2004-05-18;117.639;2.452;;
2004-05-19;116.933;2.487;;
2004-05-20;117.358;2.466;;
2004-05-21;117.625;2.453;;
2004-05-24;117.211;2.473;;
2004-05-25;117.596;2.454;;
2004-05-26;118.158;2.427;;
2004-05-27;118.848;2.394;;
2004-05-28;118.38;2.416;;
2004-05-31;118.577;2.406;;
2004-06-01;118.398;2.415;;
2004-06-02;118.437;2.413;;
2004-06-03;118.601;2.405;;
2004-06-04;118.079;2.43;;
2004-06-07;118.186;2.425;;
2004-06-08;118.532;2.408;;
2004-06-09;117.265;2.469;;
2004-06-10;117.574;2.454;;
2004-06-11;117.465;2.459;;
2004-06-14;117.794;2.443;;
2004-06-15;119.364;2.368;;
2004-06-16;118.795;2.395;;
2004-06-17;118.88;2.391;;
2004-06-18;119.173;2.376;;
2004-06-21;118.95;2.387;;
2004-06-22;118.001;2.433;;
2004-06-23;117.734;2.445;;
2004-06-24;118.508;2.408;;
2004-06-25;118.085;2.428;;
2004-06-28;117.207;2.471;;
2004-06-29;117.779;2.443;;
2004-06-30;118.843;2.391;;
2004-07-01;119.075;2.38;;
2004-07-02;120.206;2.326;;
2004-07-05;120.163;2.328;;
2004-07-06;120.041;2.334;;
2004-07-07;120.083;2.332;;
2004-07-08;119.871;2.342;;
2004-07-09;119.79;2.346;;
2004-07-12;120.017;2.335;;
2004-07-13;119.228;2.372;;
2004-07-14;119.258;2.371;;
2004-07-15;119.462;2.361;;
2004-07-16;120.209;2.325;;
2004-07-19;119.836;2.343;;
2004-07-20;119.286;2.369;;
2004-07-21;117.992;2.431;;
2004-07-22;118.818;2.391;;
2004-07-23;118.941;2.385;;
2004-07-26;118.858;2.389;;
2004-07-27;118.61;2.401;;
2004-07-28;118.268;2.417;;
2004-07-29;118.376;2.412;;
2004-07-30;119.287;2.368;;
2004-08-02;119.094;2.377;;
2004-08-03;119.212;2.371;;
2004-08-04;119.546;2.355;;
2004-08-05;120.014;2.333;;
2004-08-06;121.018;2.285;;
2004-08-09;120.799;2.296;;
2004-08-10;120.929;2.289;;
2004-08-11;120.409;2.314;;
2004-08-12;120.897;2.291;;
2004-08-13;121.431;2.265;;
2004-08-16;120.694;2.3;;
2004-08-17;120.985;2.286;;
2004-08-18;120.383;2.314;;
2004-08-19;121.048;2.283;;
2004-08-20;121.849;2.245;;
2004-08-23;120.955;2.287;;
2004-08-24;121.172;2.277;;
2004-08-25;121.6;2.257;;
2004-08-26;121.553;2.259;;
2004-08-27;120.926;2.288;;
2004-08-30;120.994;2.285;;
2004-08-31;121.596;2.256;;
2004-09-01;120.785;2.294;;
2004-09-02;120.598;2.303;;
2004-09-03;119.414;2.359;;
2004-09-06;119.762;2.342;;
2004-09-07;119.683;2.346;;
2004-09-08;120.002;2.331;;
2004-09-09;120.929;2.287;;
2004-09-10;121.226;2.273;;
2004-09-13;120.928;2.287;;
2004-09-14;121.22;2.273;;
2004-09-15;121.114;2.277;;
2004-09-16;121.179;2.274;;
2004-09-17;121.381;2.265;;
2004-09-20;121.632;2.253;;
2004-09-21;121.495;2.259;;
2004-09-22;122.312;2.221;;
2004-09-23;122.81;2.198;;
2004-09-24;122.44;2.215;;
2004-09-27;123.044;2.187;;
2004-09-28;122.979;2.19;;
2004-09-29;122.287;2.221;;
2004-09-30;122.282;2.221;;
2004-10-01;122.092;2.23;;
2004-10-04;121.628;2.252;;
2004-10-05;122.503;2.211;;
2004-10-06;122.586;2.207;;
2004-10-07;122.313;2.219;;
2004-10-08;123.74;2.153;;
2004-10-11;122.955;2.189;;
2004-10-12;122.854;2.194;;
2004-10-13;123.185;2.178;;
2004-10-14;123.6;2.159;;
2004-10-15;123.129;2.181;;
2004-10-18;123.345;2.171;;
2004-10-19;122.801;2.196;;
2004-10-20;123.543;2.161;;
2004-10-21;123.267;2.174;;
2004-10-22;123.669;2.155;;
2004-10-25;124.176;2.132;;
2004-10-26;124.145;2.133;;
2004-10-27;123.816;2.148;;
2004-10-28;123.794;2.149;;
2004-10-29;124.247;2.128;;
2004-11-01;124.285;2.126;;
2004-11-02;123.153;2.178;;
2004-11-03;123.597;2.158;;
2004-11-04;124.646;2.109;;
2004-11-05;123.462;2.164;;
2004-11-08;123.872;2.145;;
2004-11-09;124.446;2.118;;
2004-11-10;124.289;2.125;;
2004-11-11;125.127;2.087;;
2004-11-12;125.535;2.068;;
2004-11-15;125.174;2.085;;
2004-11-16;125.712;2.06;;
2004-11-17;125.893;2.052;;
2004-11-18;124.98;2.093;;
2004-11-19;125.33;2.077;;
2004-11-22;125.922;2.05;;
2004-11-23;126.278;2.034;;
2004-11-24;126.106;2.041;;
2004-11-25;126.669;2.016;;
2004-11-26;126.697;2.015;;
2004-11-29;125.735;2.058;;
2004-11-30;126.286;2.033;;
2004-12-01;126.7;2.014;;
2004-12-02;125.915;2.049;;
2004-12-03;127.387;1.983;;
2004-12-06;128.071;1.953;;
2004-12-07;128.355;1.94;;
2004-12-08;128.852;1.918;;
2004-12-09;129.234;1.901;;
2004-12-10;129.693;1.881;;
2004-12-13;130.104;1.863;;
2004-12-14;130.259;1.856;;
2004-12-15;131.442;1.805;;
2004-12-16;131.203;1.815;;
2004-12-17;130.668;1.838;;
2004-12-20;131.089;1.82;;
2004-12-21;130.705;1.836;;
2004-12-22;130.66;1.838;;
2004-12-23;131.489;1.802;;
2004-12-24;131.508;1.801;;
2004-12-27;130.934;1.826;;
2004-12-28;129.835;1.873;;
2004-12-29;129.309;1.896;;
2004-12-30;129.879;1.871;;
2004-12-31;129.895;1.87;;
2005-01-03;131.039;1.82;;
2005-01-04;130.865;1.828;;
2005-01-05;131.178;1.814;;
2005-01-06;131.777;1.788;;
2005-01-07;131.897;1.783;;
2005-01-10;132.165;1.771;;
2005-01-11;131.482;1.8;;
2005-01-12;131.052;1.819;;
2005-01-13;132.446;1.759;;
2005-01-14;132.756;1.746;;
2005-01-17;133.131;1.73;;
2005-01-18;133.354;1.72;;
2005-01-19;133.901;1.697;;
2005-01-20;132.437;1.758;;
2005-01-21;132.61;1.751;;
2005-01-24;133.261;1.723;;
2005-01-25;132.777;1.744;;
2005-01-26;132.939;1.736;;
2005-01-27;132.696;1.747;;
2005-01-28;133.494;1.713;;
2005-01-31;133.67;1.705;;
2005-02-01;133.892;1.696;;
2005-02-02;133.861;1.697;;
2005-02-03;134.422;1.673;;
2005-02-04;136.112;1.603;;
2005-02-07;137.004;1.566;;
2005-02-08;136.783;1.575;;
2005-02-09;137.185;1.558;;
2005-02-10;136.742;1.576;;
2005-02-11;136.22;1.598;;
2005-02-14;135.995;1.607;;
2005-02-15;135.61;1.622;;
2005-02-16;134.291;1.677;;
2005-02-17;133.697;1.702;;
2005-02-18;131.418;1.798;;
2005-02-21;130.418;1.841;;
2005-02-22;130.334;1.845;;
2005-02-23;130.152;1.853;;
2005-02-24;129.391;1.886;;
2005-02-25;129.477;1.882;;
2005-02-28;129.645;1.874;;
2005-03-01;129.295;1.89;;
2005-03-02;128.499;1.924;;
2005-03-03;128.435;1.927;;
2005-03-04;129.4;1.884;;
2005-03-07;130.158;1.851;;
2005-03-08;129.423;1.883;;
2005-03-09;128.145;1.939;;
2005-03-10;127.531;1.966;;
2005-03-11;127.159;1.983;;
2005-03-14;127.178;1.982;;
2005-03-15;128.919;1.905;;
2005-03-16;129.686;1.87;;
2005-03-17;129.256;1.889;;
2005-03-18;129.075;1.897;;
2005-03-21;128.631;1.917;;
2005-03-22;130.1;1.851;;
2005-03-23;129.536;1.876;;
2005-03-24;130.004;1.855;;
2005-03-25;129.918;1.859;;
2005-03-28;129.932;1.859;;
2005-03-29;130.074;1.852;;
2005-03-30;130.551;1.831;;
2005-03-31;131.72;1.78;;
2005-04-01;131.548;1.788;;
2005-04-04;132.394;1.751;;
2005-04-05;132.121;1.763;;
2005-04-06;131.697;1.781;;
2005-04-07;131.987;1.768;;
2005-04-08;130.651;1.826;;
2005-04-11;130.925;1.814;;
2005-04-12;131.213;1.801;;
2005-04-13;131.688;1.78;;
2005-04-14;130.938;1.813;;
2005-04-15;131.135;1.804;;
2005-04-18;131.277;1.798;;
2005-04-19;131.93;1.769;;
2005-04-20;131.523;1.787;;
2005-04-21;131.389;1.792;;
2005-04-22;131.531;1.786;;
2005-04-25;132.014;1.765;;
2005-04-26;132.152;1.759;;
2005-04-27;132.757;1.733;;
2005-04-28;132.75;1.733;;
2005-04-29;133.209;1.713;;
2005-05-02;133.079;1.719;;
2005-05-03;133.23;1.712;;
2005-05-04;131.911;1.768;;
2005-05-05;132.272;1.752;;
2005-05-06;131.606;1.781;;
2005-05-09;132.436;1.745;;
2005-05-10;133.53;1.698;;
2005-05-11;134.189;1.67;;
2005-05-12;134.11;1.673;;
2005-05-13;134.573;1.654;;
2005-05-16;134.383;1.662;;
2005-05-17;134.5;1.657;;
2005-05-18;134.985;1.636;;
2005-05-19;134.533;1.655;;
2005-05-20;134.077;1.674;;
2005-05-23;135.042;1.633;;
2005-05-24;135.786;1.602;;
2005-05-25;135.855;1.599;;
2005-05-26;134.396;1.66;;
2005-05-27;132.816;1.726;;
2005-05-30;132.595;1.736;;
2005-05-31;134.504;1.655;;
2005-06-01;133.952;1.677;;
2005-06-02;135.241;1.623;;
2005-06-03;135.292;1.621;;
2005-06-06;135.89;1.596;;
2005-06-07;137.655;1.523;;
2005-06-08;138.964;1.469;;
2005-06-09;138.224;1.499;;
2005-06-10;137.869;1.513;;
2005-06-13;136.514;1.569;;
2005-06-14;135.39;1.616;;
2005-06-15;132.713;1.728;;
2005-06-16;133.398;1.699;;
2005-06-17;133.965;1.675;;
2005-06-20;133.477;1.695;;
2005-06-21;135.26;1.62;;
2005-06-22;137.028;1.546;;
2005-06-23;136.579;1.565;;
2005-06-24;136.777;1.556;;
2005-06-27;136.799;1.555;;
2005-06-28;135.84;1.595;;
2005-06-29;135.431;1.612;;
2005-06-30;136.832;1.553;;
2005-07-01;136.217;1.579;;
2005-07-04;135.847;1.594;;
2005-07-05;135.506;1.608;;
2005-07-06;135.454;1.61;;
2005-07-07;135.584;1.604;;
2005-07-08;135.816;1.594;;
2005-07-11;134.741;1.639;;
2005-07-12;134.927;1.631;;
2005-07-13;134.458;1.651;;
2005-07-14;133.855;1.676;;
2005-07-15;133.906;1.674;;
2005-07-18;134.515;1.648;;
2005-07-19;134.379;1.653;;
2005-07-20;133.97;1.67;;
2005-07-21;134.121;1.664;;
2005-07-22;135.51;1.605;;
2005-07-25;136.114;1.58;;
2005-07-26;136.282;1.573;;
2005-07-27;136.59;1.559;;
2005-07-28;136.612;1.558;;
2005-07-29;137.045;1.54;;
2005-08-01;136.123;1.578;;
2005-08-02;135.645;1.598;;
2005-08-03;135.746;1.594;;
2005-08-04;135.552;1.602;;
2005-08-05;134.747;1.635;;
2005-08-08;134.924;1.628;;
2005-08-09;134.789;1.633;;
2005-08-10;135.595;1.599;;
2005-08-11;135.772;1.591;;
2005-08-12;136.127;1.576;;
2005-08-15;136.053;1.579;;
2005-08-16;136.715;1.552;;
2005-08-17;136.508;1.56;;
2005-08-18;137.072;1.536;;
2005-08-19;137.309;1.526;;
2005-08-22;137.856;1.504;;
2005-08-23;138.687;1.469;;
2005-08-24;138.807;1.464;;
2005-08-25;139.289;1.444;;
2005-08-26;139.216;1.447;;
2005-08-29;139.226;1.447;;
2005-08-30;139.516;1.435;;
2005-08-31;140.586;1.391;;
2005-09-01;141.119;1.37;;
2005-09-02;141.314;1.362;;
2005-09-05;141.703;1.346;;
2005-09-06;141.237;1.364;;
2005-09-07;140.953;1.375;;
2005-09-08;141.534;1.352;;
2005-09-09;141.823;1.34;;
2005-09-12;139.626;1.428;;
2005-09-13;140.379;1.398;;
2005-09-14;140.075;1.409;;
2005-09-15;139.68;1.425;;
2005-09-16;139.013;1.452;;
2005-09-19;139.968;1.413;;
2005-09-20;140.405;1.395;;
2005-09-21;141.944;1.333;;
2005-09-22;141.908;1.335;;
2005-09-23;141.434;1.353;;
2005-09-26;140.332;1.397;;
2005-09-27;140.329;1.397;;
2005-09-28;140.866;1.375;;
2005-09-29;140.879;1.375;;
2005-09-30;141.343;1.356;;
2005-10-03;140.623;1.385;;
2005-10-04;141.139;1.364;;
2005-10-05;141.093;1.365;;
2005-10-06;140.331;1.396;;
2005-10-07;140.837;1.375;;
2005-10-10;141.401;1.352;;
2005-10-11;140.563;1.386;;
2005-10-12;139.724;1.419;;
2005-10-13;138.355;1.475;;
2005-10-14;138.414;1.472;;
2005-10-17;138.469;1.47;;
2005-10-18;138.473;1.47;;
2005-10-19;138.91;1.451;;
2005-10-20;138.189;1.481;;
2005-10-21;139.282;1.436;;
2005-10-24;138.81;1.455;;
2005-10-25;137.643;1.503;;
2005-10-26;136.314;1.558;;
2005-10-27;135.455;1.594;;
2005-10-28;135.713;1.583;;
2005-10-31;136.838;1.535;;
2005-11-01;135.962;1.572;;
2005-11-02;135.684;1.583;;
2005-11-03;135.332;1.598;;
2005-11-04;134.805;1.62;;
2005-11-07;134.405;1.637;;
2005-11-08;135.426;1.593;;
2005-11-09;133.638;1.669;;
2005-11-10;133.634;1.669;;
2005-11-11;133.911;1.657;;
2005-11-14;133.733;1.665;;
2005-11-15;133.831;1.66;;
2005-11-16;134.874;1.615;;
2005-11-17;134.717;1.622;;
2005-11-18;132.89;1.7;;
2005-11-21;133.791;1.661;;
2005-11-22;133.803;1.661;;
2005-11-23;133.969;1.653;;
2005-11-24;135.569;1.585;;
2005-11-25;135.22;1.599;;
2005-11-28;135.477;1.588;;
2005-11-29;134.463;1.631;;
2005-11-30;135.064;1.605;;
2005-12-01;135.816;1.573;;
2005-12-02;136.1;1.561;;
2005-12-05;135.688;1.578;;
2005-12-06;136.894;1.528;;
2005-12-07;136.078;1.561;;
2005-12-08;136.745;1.533;;
2005-12-09;135.554;1.583;;
2005-12-12;136.317;1.551;;
2005-12-13;136.771;1.532;;
2005-12-14;137.465;1.502;;
2005-12-15;137.135;1.516;;
2005-12-16;137.925;1.483;;
2005-12-19;138.215;1.471;;
2005-12-20;138.155;1.473;;
2005-12-21;137.295;1.508;;
2005-12-22;138.195;1.471;;
2005-12-23;138.995;1.437;;
2005-12-26;138.915;1.441;;
2005-12-27;138.695;1.45;;
2005-12-28;139.605;1.412;;
2005-12-29;139.805;1.403;;
2005-12-30;140.595;1.371;;
2006-01-02;140.115;1.391;;
2006-01-03;140.785;1.363;;
2006-01-04;141.685;1.326;;
2006-01-05;141.665;1.327;;
2006-01-06;141.555;1.331;;
2006-01-09;141.695;1.326;;
2006-01-10;141.835;1.32;;
2006-01-11;141.715;1.324;;
2006-01-12;141.995;1.313;;
2006-01-13;141.775;1.321;;
2006-01-16;141.335;1.339;;
2006-01-17;141.475;1.333;;
2006-01-18;141.345;1.338;;
2006-01-19;139.895;1.396;;
2006-01-20;139.585;1.409;;
2006-01-23;139.225;1.424;;
2006-01-24;139.425;1.415;;
2006-01-25;138.175;1.466;;
2006-01-26;136.355;1.542;;
2006-01-27;136.445;1.538;;
2006-01-30;136.895;1.519;;
2006-01-31;138.055;1.471;-189.094;-155.444
2006-02-01;137.165;1.507;-186.873;-154.024
2006-02-02;137.435;1.496;-188.538;-155.362
2006-02-03;137.635;1.487;-186.964;-154.006
2006-02-06;137.475;1.494;-185.325;-152.689
2006-02-07;136.675;1.527;-183.6;-151.887
2006-02-08;136.725;1.525;-184.634;-152.809
2006-02-09;137.385;1.497;-184.114;-151.76
2006-02-10;137.335;1.499;-186.191;-153.718
2006-02-13;136.895;1.517;-183.067;-151.337
2006-02-14;136.965;1.514;-184.412;-152.365
2006-02-15;136.785;1.521;-184.458;-152.631
2006-02-16;136.425;1.536;-182.237;-151.073
2006-02-17;137.345;1.497;-182.32;-150.556
2006-02-20;137.585;1.487;-182.083;-150.108
2006-02-21;137.515;1.49;-182.165;-150.199
2006-02-22;138.445;1.451;-185.072;-151.954
2006-02-23;137.145;1.505;-183.372;-151.329
2006-02-24;137.225;1.501;-185.082;-152.591
2006-02-27;136.695;1.523;-184.122;-152.103
2006-02-28;137.775;1.478;-185.556;-152.42
2006-03-01;137.615;1.484;-185.785;-152.62
2006-03-02;136.525;1.53;-183.442;-151.256
2006-03-03;136.295;1.539;-182.161;-150.148
2006-03-06;136.775;1.519;-184.556;-151.706
2006-03-07;136.425;1.534;-183.029;-150.618
2006-03-08;134.785;1.603;-177.125;-147.054
2006-03-09;134.275;1.625;-174.225;-145.058
2006-03-10;133.035;1.679;-171.7;-143.874
2006-03-13;132.545;1.7;-169.656;-142.406
2006-03-14;133.465;1.66;-170.373;-142.387
2006-03-15;133.245;1.669;-169.193;-141.286
2006-03-16;134.015;1.635;-168.235;-139.831
2006-03-17;133.035;1.678;-165.873;-138.523
2006-03-20;133.615;1.652;-165.963;-138.15
2006-03-21;133.315;1.665;-163.242;-136.031
2006-03-22;133.845;1.642;-161.988;-134.431
2006-03-23;133.045;1.676;-160.273;-133.591
2006-03-24;133.895;1.639;-161.269;-133.843
2006-03-27;133.665;1.649;-160.235;-133.148
2006-03-28;131.865;1.728;-159.361;-133.458
2006-03-29;131.335;1.751;-158.071;-132.716
2006-03-30;130.745;1.777;-158.919;-133.895
2006-03-31;131.075;1.762;-162.08;-136.346
2006-04-03;129.975;1.811;-160.32;-135.667
2006-04-04;129.285;1.842;-161.147;-136.982
2006-04-05;128.105;1.896;-155.821;-133.558
2006-04-06;126.805;1.956;-155.531;-134.5
2006-04-07;126.045;1.991;-154.78;-134.746
2006-04-10;126.485;1.97;-157.0;-136.201
2006-04-11;127.275;1.933;-158.468;-136.896
2006-04-12;127.515;1.922;-163.312;-140.903
2006-04-13;125.815;2.001;-161.145;-140.413
2006-04-14;125.885;1.998;-161.684;-140.799
2006-04-17;125.815;2.001;-161.206;-140.446
2006-04-18;125.755;2.004;-159.538;-139.129
2006-04-19;125.815;2.0;-161.562;-140.893
2006-04-20;126.375;1.974;-163.837;-142.408
2006-04-21;126.035;1.99;-161.84;-140.88
2006-04-24;126.215;1.981;-163.091;-141.822
2006-04-25;125.445;2.017;-163.017;-142.319
2006-04-26;125.675;2.006;-164.995;-143.845
2006-04-27;126.345;1.975;-166.897;-145.02
2006-04-28;127.085;1.94;-168.5;-145.682
2006-05-01;127.145;1.937;-168.71;-145.801
2006-05-02;126.925;1.947;-171.166;-148.161
2006-05-03;126.815;1.952;-173.98;-150.864
2006-05-04;126.175;1.982;-172.011;-149.638
2006-05-05;126.575;1.963;-173.745;-150.946
2006-05-08;126.375;1.972;-173.743;-151.168
2006-05-09;126.125;1.984;-174.244;-151.852
2006-05-10;126.805;1.952;-179.519;-156.073
2006-05-11;125.665;2.005;-178.71;-156.365
2006-05-12;125.335;2.021;-179.719;-157.7
2006-05-15;126.015;1.988;-179.591;-157.19
2006-05-16;126.905;1.947;-180.519;-157.336
2006-05-17;124.795;2.046;-177.93;-157.294
2006-05-18;125.535;2.01;-179.06;-157.652
2006-05-19;126.035;1.987;-182.005;-159.854
2006-05-22;126.485;1.966;-178.941;-156.981
2006-05-23;126.495;1.965;-177.854;-155.904
2006-05-24;127.305;1.927;-179.52;-156.615
2006-05-25;127.305;1.927;-181.336;-158.271
2006-05-26;127.055;1.938;-178.921;-156.377
2006-05-29;126.765;1.952;-177.551;-155.482
2006-05-30;126.065;1.984;-178.085;-156.565
2006-05-31;125.675;2.002;-180.4;-158.815
2006-06-01;125.465;2.012;-178.883;-157.56
2006-06-02;126.925;1.944;-180.41;-157.607
2006-06-05;126.225;1.976;-181.174;-158.787
2006-06-06;126.085;1.983;-181.953;-159.521
2006-06-07;125.615;2.004;-177.833;-156.217
2006-06-08;126.361;1.969;-177.015;-154.928
2006-06-09;126.648;1.956;-177.163;-154.806
2006-06-12;127.057;1.936;-177.325;-154.642
2006-06-13;127.983;1.893;-178.992;-155.302
2006-06-14;127.472;1.917;-178.058;-154.783
2006-06-15;126.597;1.957;-177.245;-154.709
2006-06-16;127.022;1.937;-178.762;-155.653
2006-06-19;126.535;1.96;-176.309;-153.418
2006-06-20;126.015;1.984;-175.367;-153.336
2006-06-21;125.655;2.001;-174.288;-152.605
2006-06-22;124.645;2.049;-172.621;-152.01
2006-06-23;124.275;2.067;-170.597;-150.431
2006-06-26;124.385;2.061;-171.5;-151.049
2006-06-27;124.655;2.048;-173.654;-152.655
2006-06-28;124.765;2.043;-173.917;-152.733
2006-06-29;125.575;2.004;-173.012;-151.158
2006-06-30;126.105;1.979;-176.672;-153.797
2006-07-03;126.055;1.981;-177.034;-154.058
2006-07-04;126.215;1.973;-177.667;-154.476
2006-07-05;124.998;2.031;-173.41;-151.631
2006-07-06;125.546;2.005;-174.484;-151.985
2006-07-07;126.626;1.953;-176.309;-152.678
2006-07-10;126.097;1.978;-174.073;-151.138
2006-07-11;126.62;1.954;-175.371;-151.926
2006-07-12;125.709;1.996;-170.33;-148.164
2006-07-13;125.953;1.984;-167.061;-145.251
2006-07-14;126.981;1.936;-169.638;-146.698
2006-07-17;126.516;1.958;-166.374;-144.171
2006-07-18;126.235;1.971;-165.943;-143.91
2006-07-19;126.716;1.948;-163.467;-141.276
2006-07-20;126.713;1.948;-164.857;-142.088
2006-07-21;127.322;1.919;-168.981;-145.363
2006-07-24;127.201;1.925;-166.341;-143.016
2006-07-25;127.018;1.933;-164.884;-141.869
2006-07-26;126.444;1.96;-159.839;-137.808
2006-07-27;126.961;1.935;-161.628;-139.078
2006-07-28;127.671;1.902;-163.37;-139.983
2006-07-31;127.787;1.897;-164.122;-140.547
2006-08-01;127.699;1.901;-163.539;-140.146
2006-08-02;127.713;1.9;-164.396;-140.851
2006-08-03;127.071;1.929;-164.751;-141.519
2006-08-04;128.77;1.85;-169.048;-143.924
2006-08-07;128.829;1.848;-169.373;-144.166
2006-08-08;129.289;1.826;-171.101;-145.324
2006-08-09;129.025;1.838;-172.649;-146.84
2006-08-10;129.075;1.836;-173.438;-147.5
2006-08-11;127.972;1.886;-171.569;-146.69
2006-08-14;127.553;1.906;-170.62;-146.155
2006-08-15;127.903;1.889;-168.912;-144.447
2006-08-16;128.658;1.854;-169.877;-144.718
2006-08-17;128.747;1.85;-168.814;-143.67
2006-08-18;129.216;1.828;-168.78;-143.276
2006-08-21;130.111;1.787;-169.835;-143.495
2006-08-22;130.927;1.75;-171.687;-144.61
2006-08-23;130.304;1.778;-167.826;-141.853
2006-08-24;130.562;1.766;-168.533;-142.226
2006-08-25;130.972;1.747;-169.978;-143.185
2006-08-28;130.94;1.749;-169.877;-143.158
2006-08-29;130.21;1.782;-166.352;-140.651
2006-08-30;130.866;1.751;-171.375;-144.409
2006-08-31;131.475;1.724;-170.181;-142.945
2006-09-01;131.827;1.708;-170.129;-142.597
2006-09-04;131.46;1.724;-167.737;-140.811
2006-09-05;130.666;1.76;-167.404;-141.049
2006-09-06;129.769;1.8;-164.403;-139.127
2006-09-07;130.317;1.775;-165.799;-139.857
2006-09-08;131.242;1.733;-168.7;-141.522
2006-09-11;130.964;1.746;-166.449;-139.684
2006-09-12;130.245;1.778;-163.33;-137.629
2006-09-13;131.347;1.728;-167.328;-140.133
2006-09-14;131.788;1.708;-169.645;-141.676
2006-09-15;132.274;1.686;-173.387;-144.412
2006-09-18;131.332;1.728;-167.813;-140.299
2006-09-19;132.334;1.683;-168.791;-140.416
2006-09-20;131.864;1.703;-167.012;-139.272
2006-09-21;131.799;1.706;-159.737;-133.271
2006-09-22;132.894;1.657;-164.699;-136.808
2006-09-25;132.667;1.667;-159.969;-133.113
2006-09-26;133.41;1.634;-163.706;-135.565
2006-09-27;133.124;1.646;-162.635;-134.808
2006-09-28;132.763;1.662;-161.557;-134.155
2006-09-29;132.374;1.679;-162.923;-135.552
2006-10-02;133.591;1.625;-169.248;-139.935
2006-10-03;132.396;1.678;-165.831;-137.972
2006-10-04;132.989;1.651;-165.014;-136.907
2006-10-05;133.12;1.645;-169.017;-140.166
2006-10-06;132.505;1.672;-170.364;-141.73
2006-10-09;132.827;1.658;-171.25;-142.179
2006-10-10;131.885;1.7;-170.906;-142.496
2006-10-11;131.949;1.697;-173.331;-144.488
2006-10-12;131.814;1.703;-169.661;-141.494
2006-10-13;130.772;1.749;-165.904;-139.111
2006-10-16;130.395;1.767;-163.004;-136.95
2006-10-17;130.86;1.745;-163.859;-137.352
2006-10-18;130.285;1.771;-162.006;-136.292
2006-10-19;129.681;1.798;-161.127;-136.005
2006-10-20;129.917;1.788;-162.302;-136.765
2006-10-23;129.099;1.825;-160.678;-135.907
2006-10-24;129.376;1.812;-162.287;-137.074
2006-10-25;129.565;1.803;-162.724;-137.32
2006-10-26;130.527;1.759;-166.918;-140.112
2006-10-27;131.481;1.715;-165.759;-138.372
2006-10-30;131.82;1.7;-165.142;-137.587
2006-10-31;132.886;1.652;-165.615;-137.262
2006-11-01;133.857;1.609;-169.545;-140.028
2006-11-02;132.949;1.649;-170.853;-141.877
2006-11-03;132.63;1.663;-174.225;-144.86
2006-11-06;132.503;1.668;-173.29;-144.159
2006-11-07;133.89;1.606;-178.183;-147.187
2006-11-08;133.364;1.629;-177.852;-147.439
2006-11-09;133.885;1.606;-182.249;-150.792
2006-11-10;133.963;1.602;-182.404;-151.06
2006-11-13;133.082;1.641;-180.751;-150.443
2006-11-14;133.364;1.629;-180.453;-150.051
2006-11-15;132.998;1.645;-183.302;-152.904
2006-11-16;132.581;1.663;-184.259;-154.006
2006-11-17;133.405;1.626;-183.973;-153.108
2006-11-20;133.743;1.611;-185.547;-154.292
2006-11-21;133.692;1.613;-186.29;-154.976
2006-11-22;133.367;1.627;-187.619;-156.617
2006-11-23;132.806;1.652;-186.832;-156.378
2006-11-24;133.543;1.619;-190.507;-159.074
2006-11-27;133.266;1.631;-190.12;-159.12
2006-11-28;133.649;1.614;-192.698;-161.007
2006-11-29;132.964;1.644;-193.053;-161.885
2006-11-30;133.31;1.628;-191.2;-160.12
2006-12-01;133.444;1.622;-189.315;-158.456
2006-12-04;132.671;1.657;-186.302;-156.673
2006-12-05;132.184;1.678;-183.737;-154.867
2006-12-06;132.05;1.684;-186.148;-157.031
2006-12-07;131.833;1.694;-186.799;-157.637
2006-12-08;131.301;1.718;-186.995;-158.21
2006-12-11;130.58;1.75;;
2006-12-12;130.77;1.741;-183.113;-155.352
2006-12-13;131.268;1.718;-190.122;-160.855
2006-12-14;131.089;1.726;-190.5;-161.221
2006-12-15;130.424;1.757;-189.071;-160.638
2006-12-18;130.001;1.776;-188.958;-160.86
2006-12-19;129.559;1.796;-191.085;-163.116
2006-12-20;129.741;1.787;-193.887;-165.438
2006-12-21;129.302;1.807;-190.764;-163.193
2006-12-22;129.022;1.82;-193.629;-165.933
2006-12-25;129.109;1.816;-193.327;-165.615
2006-12-26;129.109;1.816;-193.327;-165.615
2006-12-27;128.146;1.86;-192.277;-165.578
2006-12-28;127.501;1.891;-189.188;-163.359
2006-12-29;127.987;1.868;-193.656;-166.88
2007-01-01;127.72;1.88;;
2007-01-02;128.086;1.863;-190.565;-164.06
2007-01-03;127.742;1.879;-188.146;-162.35
2007-01-04;127.746;1.878;-186.199;-160.542
2007-01-05;126.642;1.93;-183.795;-159.473
2007-01-08;126.801;1.923;-184.014;-159.421
2007-01-09;125.737;1.974;-180.222;-156.996
2007-01-10;125.447;1.987;-178.498;-155.746
2007-01-11;125.531;1.983;-179.911;-156.836
2007-01-12;124.693;2.023;-179.44;-157.335
2007-01-15;124.987;2.009;-179.507;-157.022
2007-01-16;125.66;1.976;-180.701;-157.39
2007-01-17;125.382;1.989;-179.011;-156.097
2007-01-18;125.036;2.006;-177.076;-154.865
2007-01-19;125.361;1.99;-178.837;-155.95
2007-01-22;126.211;1.949;-179.195;-155.445
2007-01-23;126.576;1.932;-181.713;-157.238
2007-01-24;126.238;1.947;-179.943;-155.95
2007-01-25;125.555;1.98;-177.448;-153.973
2007-01-26;125.363;1.989;-180.691;-157.366
2007-01-29;124.403;2.036;-176.807;-154.682
2007-01-30;124.364;2.038;-176.847;-155.009
2007-01-31;125.021;2.005;-177.752;-154.983
2007-02-01;125.064;2.003;-178.685;-155.909
2007-02-02;125.38;1.988;-180.095;-157.175
2007-02-05;125.769;1.969;-177.343;-154.239
2007-02-06;125.571;1.978;-175.451;-152.891
2007-02-07;125.702;1.971;-174.021;-151.39
2007-02-08;125.455;1.983;-173.856;-151.316
2007-02-09;124.471;2.031;-168.865;-147.385
2007-02-12;123.944;2.057;-167.891;-147.053
2007-02-13;123.542;2.076;-165.552;-145.36
2007-02-14;124.158;2.046;-169.108;-148.303
2007-02-15;125.093;2.0;-170.538;-148.821
2007-02-16;124.944;2.007;-167.87;-146.283
2007-02-19;124.672;2.02;-166.998;-145.745
2007-02-20;124.707;2.018;-167.998;-146.918
2007-02-21;124.821;2.012;-165.08;-143.952
2007-02-22;124.209;2.042;-164.945;-144.187
2007-02-23;124.954;2.006;-166.439;-145.211
2007-02-26;125.954;1.957;-166.801;-144.576
2007-02-27;126.566;1.928;-166.364;-143.878
2007-02-28;126.285;1.941;-167.836;-145.378
2007-03-01;126.553;1.928;-170.126;-147.194
2007-03-02;126.546;1.928;-169.372;-146.728
2007-03-05;126.726;1.919;-168.03;-145.338
2007-03-06;126.666;1.922;-170.429;-147.548
2007-03-07;126.187;1.945;-166.494;-144.506
2007-03-08;125.942;1.956;-167.669;-145.87
2007-03-09;125.327;1.986;-165.751;-144.375
2007-03-12;125.619;1.972;-167.503;-146.027
2007-03-13;126.171;1.945;-168.847;-146.954
2007-03-14;126.282;1.939;-171.748;-149.313
2007-03-15;125.988;1.953;-170.014;-147.933
2007-03-16;126.107;1.947;-170.431;-148.098
2007-03-19;125.802;1.962;-170.678;-148.532
2007-03-20;126.082;1.948;-166.912;-145.037
2007-03-21;125.816;1.961;-166.615;-145.139
2007-03-22;125.002;2.0;-168.967;-147.97
2007-03-23;124.308;2.034;-170.088;-149.601
2007-03-26;124.448;2.027;-172.316;-151.5
2007-03-27;123.915;2.053;-169.589;-149.53
2007-03-28;123.934;2.052;-172.015;-151.569
2007-03-29;123.337;2.081;-170.032;-150.5
2007-03-30;123.582;2.069;-172.838;-152.696
2007-04-02;123.375;2.079;-171.125;-151.186
2007-04-03;122.482;2.123;-169.566;-150.793
2007-04-04;123.198;2.087;-172.708;-153.052
2007-04-05;122.798;2.107;-172.163;-152.83
2007-04-06;122.755;2.109;-174.381;-152.558
2007-04-09;122.779;2.108;-174.55;-152.686
2007-04-10;122.222;2.136;-172.744;-153.981
2007-04-11;121.902;2.152;-173.199;-154.585
2007-04-12;121.265;2.184;-172.085;-153.926
2007-04-13;120.273;2.234;-172.161;-155.05
2007-04-16;120.893;2.202;-175.652;-158.027
2007-04-17;121.728;2.16;-180.39;-161.777
2007-04-18;122.045;2.144;-177.722;-158.78
2007-04-19;121.335;2.179;-173.945;-155.433
2007-04-20;121.305;2.181;-177.308;-159.138
2007-04-23;122.009;2.145;-179.756;-160.742
2007-04-24;122.224;2.134;-178.763;-159.458
2007-04-25;121.731;2.159;-179.486;-160.573
2007-04-26;121.247;2.183;-179.415;-160.859
2007-04-27;121.379;2.176;-177.969;-159.42
2007-04-30;122.771;2.106;-179.012;-159.095
2007-05-01;122.819;2.104;-182.028;-159.069
2007-05-02;121.409;2.174;-177.652;-159.06
2007-05-03;120.993;2.195;-176.636;-158.555
2007-05-04;121.68;2.16;-177.023;-158.254
2007-05-07;121.481;2.17;-176.189;-157.605
2007-05-08;121.622;2.163;-176.616;-157.778
2007-05-09;121.31;2.179;-176.69;-158.223
2007-05-10;121.137;2.187;-173.019;-155.134
2007-05-11;121.011;2.194;-175.086;-157.036
2007-05-14;119.933;2.249;-171.314;-154.564
2007-05-15;119.501;2.271;-170.65;-154.259
2007-05-16;119.552;2.268;-170.418;-153.933
2007-05-17;119.621;2.264;-172.528;-155.724
2007-05-18;119.73;2.259;-173.488;-156.494
2007-05-21;119.453;2.273;-170.302;-153.863
2007-05-22;119.36;2.278;-173.362;-156.668
2007-05-23;119.272;2.282;-172.861;-156.16
2007-05-24;119.44;2.273;-172.967;-156.126
2007-05-25;119.498;2.27;-177.374;-159.99
2007-05-28;119.441;2.273;-176.752;-159.424
2007-05-29;119.438;2.273;-176.131;-158.848
2007-05-30;119.493;2.27;-176.565;-159.201
2007-05-31;119.342;2.278;-176.744;-159.408
2007-06-01;118.571;2.318;-176.451;-159.832
2007-06-04;118.415;2.326;-174.538;-158.209
2007-06-05;117.642;2.366;-171.745;-156.389
2007-06-06;118.187;2.337;-171.591;-155.813
2007-06-07;116.897;2.406;-173.201;-158.527
2007-06-08;116.509;2.426;-172.682;-158.418
2007-06-11;116.548;2.424;-174.488;-160.156
2007-06-12;115.501;2.48;-173.715;-160.406
2007-06-13;115.138;2.5;-172.895;-160.034
2007-06-14;115.117;2.501;-175.44;-162.479
2007-06-15;114.513;2.534;-171.113;-159.266
2007-06-18;114.188;2.552;-171.256;-159.811
2007-06-19;114.741;2.521;-166.769;-154.927
2007-06-20;114.794;2.518;-169.55;-157.264
2007-06-21;114.66;2.525;-170.429;-158.169
2007-06-22;114.629;2.527;-168.027;-156.139
2007-06-25;115.19;2.496;-169.881;-157.299
2007-06-26;115.427;2.483;-170.347;-157.528
2007-06-27;116.07;2.448;-172.901;-159.244
2007-06-28;116.162;2.443;-173.116;-159.155
2007-06-29;116.149;2.444;-172.441;-158.689
2007-07-02;117.253;2.385;-173.38;-158.376
2007-07-03;116.176;2.442;-173.875;-159.91
2007-07-04;115.566;2.475;-174.516;-161.074
2007-07-05;115.231;2.493;-176.943;-163.65
2007-07-06;115.219;2.494;-177.799;-164.231
2007-07-09;115.563;2.475;-179.748;-165.842
2007-07-10;116.391;2.43;-177.487;-163.0
2007-07-11;116.053;2.448;-178.551;-164.392
2007-07-12;115.494;2.479;-181.23;-167.455
2007-07-13;115.562;2.475;-178.034;-164.392
2007-07-16;116.295;2.435;-177.894;-163.58
2007-07-17;115.784;2.463;-178.49;-164.633
2007-07-18;116.745;2.411;-184.085;-168.874
2007-07-19;116.742;2.411;-181.759;-166.69
2007-07-20;117.999;2.344;-184.679;-167.758
2007-07-23;117.888;2.349;-184.967;-168.165
2007-07-24;118.034;2.342;-183.94;-167.188
2007-07-25;118.411;2.321;-188.481;-170.973
2007-07-26;119.297;2.275;-191.309;-172.807
2007-07-27;119.01;2.29;-190.205;-172.064
2007-07-30;119.373;2.271;;
2007-07-31;119.244;2.277;-187.373;-169.335
2007-08-01;119.27;2.276;-191.457;-172.768
2007-08-02;118.795;2.3;-186.861;-169.132
2007-08-03;119.514;2.263;-186.526;-168.14
2007-08-06;118.92;2.294;-190.033;-172.033
2007-08-07;118.884;2.295;-186.723;-168.812
2007-08-08;117.82;2.351;-183.108;-166.459
2007-08-09;117.96;2.344;-182.557;-166.029
2007-08-10;118.234;2.329;-185.395;-168.616
2007-08-13;118.089;2.337;-181.885;-165.425
2007-08-14;118.278;2.327;-184.801;-168.044
2007-08-15;118.226;2.329;-179.989;-163.763
2007-08-16;118.919;2.292;-184.486;-167.253
2007-08-17;118.311;2.324;-182.065;-165.914
2007-08-20;118.006;2.34;-178.574;-163.035
2007-08-21;118.171;2.332;-177.175;-161.789
2007-08-22;117.823;2.35;-176.971;-161.625
2007-08-23;118.135;2.333;-174.236;-158.644
2007-08-24;118.169;2.331;-175.228;-159.595
2007-08-27;118.337;2.322;-171.21;-155.774
2007-08-28;118.32;2.323;-168.066;-153.017
2007-08-29;117.767;2.352;-172.9;-158.05
2007-08-30;117.91;2.344;-168.775;-154.094
2007-08-31;118.177;2.33;-174.157;-158.6
2007-09-03;117.642;2.358;-172.398;-157.608
2007-09-04;117.234;2.38;-171.117;-156.879
2007-09-05;118.207;2.328;-173.105;-157.777
2007-09-06;118.198;2.328;-174.095;-158.783
2007-09-07;119.192;2.276;-172.363;-156.464
2007-09-10;119.983;2.234;-172.195;-155.455
2007-09-11;119.401;2.265;-169.87;-153.833
2007-09-12;119.213;2.274;-171.921;-156.042
2007-09-13;119.127;2.279;-174.644;-158.506
2007-09-14;119.282;2.27;-176.229;-159.964
2007-09-17;119.566;2.255;-174.314;-157.838
2007-09-18;118.608;2.306;-171.679;-156.45
2007-09-19;117.16;2.383;-168.413;-154.685
2007-09-20;116.182;2.435;-168.617;-155.799
2007-09-21;116.301;2.429;-171.816;-158.844
2007-09-24;115.967;2.447;-171.286;-158.655
2007-09-25;116.638;2.41;-174.229;-160.751
2007-09-26;115.99;2.445;-173.118;-160.364
2007-09-27;116.718;2.406;-175.783;-162.001
2007-09-28;117.781;2.348;-182.764;-167.419
2007-10-01;117.748;2.35;-179.827;-164.766
2007-10-02;117.869;2.344;-178.205;-163.092
2007-10-03;118.093;2.331;-182.161;-166.576
2007-10-04;118.913;2.288;-182.051;-165.679
2007-10-05;118.082;2.332;-181.678;-166.148
2007-10-08;118.119;2.33;-180.394;-164.883
2007-10-09;118.643;2.302;-183.111;-166.695
2007-10-10;118.011;2.335;-178.494;-163.061
2007-10-11;117.49;2.363;-179.828;-164.954
2007-10-12;116.867;2.396;-179.886;-165.378
2007-10-15;116.706;2.405;-177.408;-163.22
2007-10-16;116.408;2.421;-177.819;-164.09
2007-10-17;117.258;2.375;-179.597;-164.833
2007-10-18;118.162;2.326;-181.542;-165.836
2007-10-19;119.929;2.233;-182.901;-165.473
2007-10-22;120.349;2.211;-184.793;-166.754
2007-10-23;120.084;2.225;-183.369;-165.705
2007-10-24;120.86;2.184;-187.093;-168.489
2007-10-25;120.736;2.19;-186.193;-167.784
2007-10-26;120.608;2.197;-186.571;-168.22
2007-10-29;120.637;2.195;-186.669;-168.285
2007-10-30;120.334;2.211;-184.966;-166.979
2007-10-31;120.028;2.227;-192.06;-173.443
2007-11-01;120.422;2.206;-184.802;-166.6
2007-11-02;121.207;2.165;-191.409;-171.789
2007-11-05;121.378;2.156;-192.525;-172.567
2007-11-06;121.612;2.144;-194.744;-174.359
2007-11-07;121.919;2.128;-191.037;-170.937
2007-11-08;121.994;2.124;-190.519;-170.255
2007-11-09;122.005;2.123;-188.796;-168.845
2007-11-12;121.959;2.125;-189.114;-169.258
2007-11-13;121.853;2.131;-190.99;-170.926
2007-11-14;121.618;2.143;-187.455;-167.774
2007-11-15;121.701;2.138;-186.604;-167.174
2007-11-16;121.465;2.15;-187.137;-167.902
2007-11-19;122.156;2.115;-186.085;-166.435
2007-11-20;121.465;2.15;-183.876;-165.06
2007-11-21;121.625;2.141;-184.624;-165.693
2007-11-22;121.128;2.167;-179.827;-161.878
2007-11-23;120.833;2.182;-178.379;-160.772
2007-11-26;121.149;2.166;-177.469;-159.726
2007-11-27;120.993;2.174;-182.437;-164.239
2007-11-28;119.462;2.253;-175.713;-159.433
2007-11-29;120.12;2.219;-173.768;-157.033
2007-11-30;119.315;2.261;-174.837;-158.712
2007-12-03;120.223;2.213;-172.222;-155.448
2007-12-04;120.596;2.193;-172.112;-154.93
2007-12-05;120.32;2.208;-165.215;-148.83
2007-12-06;119.958;2.226;-164.148;-148.006
2007-12-07;118.299;2.314;-160.177;-145.618
2007-12-10;117.481;2.358;-157.496;-143.568
2007-12-11;118.174;2.321;-161.137;-146.363
2007-12-12;117.449;2.359;-158.387;-144.244
2007-12-13;118.185;2.32;-159.298;-144.259
2007-12-14;117.968;2.331;-159.759;-144.753
2007-12-17;118.463;2.305;-159.69;-144.258
2007-12-18;118.829;2.285;-159.251;-143.463
2007-12-19;118.928;2.279;-156.955;-141.34
2007-12-20;119.487;2.25;-157.498;-141.235
2007-12-21;118.193;2.318;-154.474;-139.651
2007-12-24;118.182;2.319;-153.132;-138.319
2007-12-25;118.307;2.312;-154.154;-139.21
2007-12-26;118.307;2.312;-154.151;-139.206
2007-12-27;117.623;2.348;-152.234;-137.922
2007-12-28;118.186;2.318;-150.529;-135.914
2007-12-31;118.186;2.318;-149.845;-135.254
2008-01-01;118.237;2.315;-150.218;-135.552
2008-01-02;119.671;2.239;-144.998;-129.812
2008-01-03;119.859;2.229;-142.852;-127.785
2008-01-04;120.304;2.205;-143.492;-128.132
2008-01-07;120.032;2.219;-141.736;-126.846
2008-01-08;119.225;2.262;-139.015;-124.9
2008-01-09;119.744;2.234;-136.527;-122.336
2008-01-10;119.317;2.257;-135.357;-121.641
2008-01-11;119.55;2.244;-135.347;-121.487
2008-01-14;120.062;2.217;-135.0;-120.913
2008-01-15;120.637;2.187;-135.02;-120.597
2008-01-16;121.189;2.158;-131.948;-117.56
2008-01-17;120.904;2.172;-127.658;-113.968
2008-01-18;120.39;2.199;-125.138;-112.083
2008-01-21;120.504;2.193;-122.299;-109.564
2008-01-22;118.243;2.313;-113.361;-102.93
2008-01-23;119.519;2.245;-115.011;-103.688
2008-01-24;118.464;2.301;-113.333;-102.463
2008-01-25;119.156;2.264;-113.564;-102.142
2008-01-28;119.388;2.251;-114.807;-103.13
2008-01-29;118.88;2.278;-112.566;-101.417
2008-01-30;118.385;2.304;-111.742;-100.992
2008-01-31;120.181;2.209;-115.879;-103.661
2008-02-01;120.507;2.192;-116.857;-104.366
2008-02-04;119.848;2.226;-111.944;-100.266
2008-02-05;120.89;2.171;-111.792;-99.641
2008-02-06;120.061;2.214;-108.209;-96.841
2008-02-07;119.981;2.219;-113.539;-101.971
2008-02-08;120.303;2.202;-109.166;-97.78
2008-02-11;120.471;2.193;-114.555;-102.534
2008-02-12;118.84;2.279;-106.762;-96.437
2008-02-13;118.729;2.284;-109.89;-99.307
2008-02-14;118.566;2.293;-108.732;-98.197
2008-02-15;118.906;2.275;-108.754;-98.115
2008-02-18;118.093;2.318;-107.211;-97.126
2008-02-19;119.092;2.265;-113.187;-101.778
2008-02-20;118.951;2.272;-112.223;-100.953
2008-02-21;119.451;2.245;-111.786;-100.172
2008-02-22;119.136;2.262;-111.215;-100.022
2008-02-25;118.474;2.297;-107.357;-96.878
2008-02-26;117.979;2.324;-105.586;-95.494
2008-02-27;117.909;2.327;-105.717;-95.577
2008-02-28;119.266;2.254;-105.548;-94.697
2008-02-29;120.689;2.179;-109.033;-97.153
2008-03-03;121.253;2.149;-111.881;-99.297
2008-03-04;121.073;2.159;-109.122;-97.006
2008-03-05;119.66;2.233;-102.047;-91.337
2008-03-06;120.68;2.179;-109.315;-97.226
2008-03-07;120.469;2.19;-109.092;-97.267
2008-03-10;120.918;2.166;-108.969;-96.928
2008-03-11;120.624;2.181;-106.21;-94.34
2008-03-12;121.002;2.161;-102.948;-91.144
2008-03-13;120.537;2.186;-103.119;-91.538
2008-03-14;120.67;2.178;-100.816;-89.342
2008-03-17;119.667;2.231;-91.228;-81.366
2008-03-18;119.365;2.247;-92.324;-82.276
2008-03-19;120.359;2.194;-91.451;-80.928
2008-03-20;120.906;2.165;-91.438;-80.422
2008-03-21;120.897;2.166;;
2008-03-24;120.849;2.168;-90.392;-79.315
2008-03-25;119.019;2.265;-87.411;-77.616
2008-03-26;118.136;2.312;-85.609;-76.531
2008-03-27;116.671;2.392;-80.742;-72.914
2008-03-28;117.824;2.329;-86.362;-77.418
2008-03-31;118.734;2.28;-89.656;-79.984
2008-04-01;117.779;2.331;-84.536;-75.731
2008-04-02;117.673;2.337;-83.667;-74.946
2008-04-03;117.245;2.36;-83.42;-75.001
2008-04-04;117.7;2.335;-83.992;-75.285
2008-04-07;117.142;2.365;-84.486;-75.985
2008-04-08;116.909;2.378;-82.046;-73.891
2008-04-09;117.072;2.369;-80.431;-72.408
2008-04-10;117.63;2.338;-87.699;-78.713
2008-04-11;118.789;2.276;-87.341;-77.861
2008-04-14;118.676;2.282;-89.784;-80.102
2008-04-15;117.736;2.332;-85.184;-76.339
2008-04-16;116.209;2.416;-81.318;-73.49
2008-04-17;115.845;2.436;-86.99;-78.776
2008-04-18;116.204;2.416;-87.42;-78.868
2008-04-21;116.569;2.396;-89.192;-80.388
2008-04-22;116.543;2.397;-90.417;-81.402
2008-04-23;116.618;2.392;-92.462;-83.236
2008-04-24;115.949;2.429;-92.328;-83.412
2008-04-25;116.457;2.401;-95.614;-86.154
2008-04-28;115.836;2.435;-90.444;-81.814
2008-04-29;116.639;2.391;-89.546;-80.64
2008-04-30;117.772;2.329;-93.051;-83.151
2008-05-01;117.711;2.332;-92.767;-82.966
2008-05-02;117.213;2.359;-92.284;-82.685
2008-05-05;117.9;2.321;-93.705;-83.568
2008-05-06;118.672;2.28;-96.197;-85.439
2008-05-07;118.098;2.31;-90.976;-81.092
2008-05-08;119.59;2.23;-93.238;-82.375
2008-05-09;120.388;2.187;-92.086;-80.917
2008-05-12;119.69;2.224;-86.769;-76.478
2008-05-13;118.267;2.301;-83.84;-74.469
2008-05-14;117.086;2.365;-81.387;-72.72
2008-05-15;116.865;2.377;-76.975;-68.795
2008-05-16;117.954;2.317;-82.049;-72.84
2008-05-19;116.94;2.373;-76.027;-67.833
2008-05-20;117.552;2.339;-78.877;-70.13
2008-05-21;116.832;2.378;-78.947;-70.393
2008-05-22;116.72;2.384;-79.651;-71.051
2008-05-23;117.258;2.355;-82.098;-72.945
2008-05-26;116.865;2.376;-81.581;-72.625
2008-05-27;117.064;2.365;-84.548;-75.149
2008-05-28;116.99;2.369;-88.85;-79.037
2008-05-29;116.225;2.411;-88.508;-79.034
2008-05-30;117.186;2.358;-93.466;-82.93
2008-06-02;117.689;2.33;-88.554;-78.355
2008-06-03;115.934;2.427;-79.949;-71.38
2008-06-04;116.021;2.422;-80.902;-72.248
2008-06-05;116.174;2.413;-78.376;-69.497
2008-06-06;118.928;2.263;-87.873;-76.252
2008-06-09;119.356;2.239;-93.396;-80.423
2008-06-10;118.496;2.286;-101.057;-87.765
2008-06-11;116.393;2.401;-94.157;-83.196
2008-06-12;115.533;2.448;-84.736;-75.089
2008-06-13;115.516;2.449;-84.947;-75.123
2008-06-16;116.963;2.369;-91.844;-80.302
2008-06-17;116.846;2.375;-86.265;-75.545
2008-06-18;117.25;2.353;-89.051;-77.833
2008-06-19;116.746;2.38;-89.931;-78.718
2008-06-20;117.279;2.351;-93.048;-81.32
2008-06-23;117.416;2.343;-97.607;-85.352
2008-06-24;117.004;2.366;-96.925;-85.182
2008-06-25;117.092;2.361;-100.215;-88.054
2008-06-26;117.832;2.32;-98.283;-86.133
2008-06-27;117.492;2.339;-103.847;-91.393
2008-06-30;117.872;2.318;-107.8;-94.267
2008-07-01;118.425;2.288;-110.494;-96.26
2008-07-02;118.6;2.278;-114.086;-99.079
2008-07-03;118.637;2.276;-107.607;-93.819
2008-07-04;118.86;2.263;-105.317;-91.671
2008-07-07;118.906;2.261;-98.451;-85.828
2008-07-08;117.822;2.32;-94.0;-82.456
2008-07-09;118.737;2.27;-96.812;-84.381
2008-07-10;119.477;2.23;-104.689;-90.871
2008-07-11;119.58;2.224;-108.841;-94.423
2008-07-14;119.704;2.217;-99.866;-86.556
2008-07-15;118.073;2.305;-89.5;-78.35
2008-07-16;117.15;2.356;-81.16;-71.31
2008-07-17;117.284;2.348;-87.846;-77.075
2008-07-18;116.517;2.391;-83.482;-73.333
2008-07-21;116.555;2.388;-86.832;-76.091
2008-07-22;116.511;2.391;-90.244;-78.764
2008-07-23;116.374;2.398;-88.187;-77.076
2008-07-24;117.113;2.357;-88.363;-77.122
2008-07-25;115.643;2.439;-83.148;-73.173
2008-07-28;116.845;2.372;-86.374;-75.607
2008-07-29;116.702;2.379;-79.165;-69.323
2008-07-30;117.703;2.324;-78.8;-68.602
2008-07-31;118.804;2.264;-81.638;-70.602
2008-08-01;118.95;2.256;-82.015;-70.91
2008-08-04;119.525;2.224;-87.645;-75.535
2008-08-05;119.661;2.217;-85.405;-73.549
2008-08-06;119.19;2.242;-83.321;-71.97
2008-08-07;119.112;2.246;-81.655;-71.002
2008-08-08;118.4;2.285;-78.399;-68.54
2008-08-11;118.475;2.281;-80.3;-70.093
2008-08-12;118.859;2.26;-79.42;-69.196
2008-08-13;118.92;2.256;-79.571;-69.349
2008-08-14;118.908;2.256;-73.819;-64.28
2008-08-15;119.58;2.22;-73.333;-63.599
2008-08-18;119.869;2.204;-74.119;-64.163
2008-08-19;119.041;2.249;-72.161;-62.724
2008-08-20;119.725;2.212;-70.953;-61.39
2008-08-21;119.118;2.244;-71.353;-61.878
2008-08-22;118.99;2.251;-70.302;-60.808
2008-08-25;119.933;2.2;-68.567;-59.059
2008-08-26;119.367;2.231;-65.294;-56.462
2008-08-27;118.206;2.293;-57.366;-49.814
2008-08-28;119.062;2.247;-58.074;-50.024
2008-08-29;119.104;2.244;-55.144;-47.446
2008-09-01;118.963;2.252;-50.299;-43.368
2008-09-02;118.445;2.28;-48.356;-41.834
2008-09-03;118.352;2.285;-49.51;-42.875
2008-09-04;119.261;2.235;-49.991;-43.099
2008-09-05;119.577;2.218;-55.857;-48.151
2008-09-08;118.663;2.267;-48.879;-42.313
2008-09-09;118.635;2.269;-49.572;-42.977
2008-09-10;118.268;2.288;-49.151;-42.683
2008-09-11;117.466;2.333;-45.696;-39.888
2008-09-12;115.939;2.418;-46.946;-41.377
2008-09-15;115.809;2.425;-45.084;-39.74
2008-09-16;116.873;2.365;-42.518;-37.089
2008-09-17;116.365;2.393;-46.897;-41.098
2008-09-18;115.535;2.44;-50.09;-44.084
2008-09-19;114.14;2.519;-49.684;-44.091
2008-09-22;113.169;2.575;-43.227;-38.595
2008-09-23;113.941;2.53;-47.653;-42.382
2008-09-24;115.491;2.442;-50.868;-44.763
2008-09-25;115.092;2.464;-48.194;-42.473
2008-09-26;115.945;2.416;-45.713;-40.09
2008-09-29;117.758;2.315;-39.301;-34.011
2008-09-30;117.11;2.351;-32.061;-27.759
2008-10-01;116.98;2.357;-29.767;-25.765
2008-10-02;117.319;2.338;-11.883;-10.221
2008-10-03;117.784;2.313;-22.823;-19.655
2008-10-06;119.798;2.203;-18.026;-15.321
2008-10-07;120.84;2.146;-11.29;-9.484
2008-10-08;119.201;2.234;-19.161;-16.314
2008-10-09;118.226;2.288;-20.683;-17.728
2008-10-10;113.434;2.558;-12.528;-11.113
2008-10-13;113.872;2.533;-17.963;-15.894
2008-10-14;112.943;2.586;-18.76;-16.745
2008-10-15;111.755;2.656;-12.256;-11.035
2008-10-16;110.438;2.734;-4.136;-3.749
2008-10-17;110.972;2.702;-8.031;-7.289
2008-10-20;111.421;2.675;-10.68;-9.697
2008-10-21;112.67;2.602;-7.871;-7.089
2008-10-22;114.248;2.51;-10.787;-9.65
2008-10-23;115.346;2.447;4.813;4.276
2008-10-24;114.913;2.472;1.027;0.935
2008-10-27;114.113;2.517;-2.722;-2.41
2008-10-28;111.824;2.651;23.069;20.884
2008-10-29;110.403;2.735;35.03;32.0
2008-10-30;112.354;2.619;20.509;18.531
2008-10-31;108.873;2.828;22.622;20.946
2008-11-03;110.095;2.753;23.654;21.725
2008-11-04;110.225;2.746;20.24;18.587
2008-11-05;110.646;2.72;16.175;14.868
2008-11-06;110.821;2.71;22.951;21.087
2008-11-07;112.584;2.605;18.38;16.701
2008-11-10;111.994;2.64;23.574;21.538
2008-11-11;111.629;2.661;22.091;20.288
2008-11-12;111.155;2.689;29.696;27.348
2008-11-13;110.294;2.741;25.445;23.612
2008-11-14;111.013;2.698;18.655;17.242
2008-11-17;111.728;2.655;15.534;14.303
2008-11-18;111.715;2.656;12.394;11.436
2008-11-19;113.143;2.572;5.325;4.891
2008-11-20;114.813;2.475;19.91;17.928
2008-11-21;113.564;2.547;29.706;26.891
2008-11-24;110.399;2.734;37.052;34.189
2008-11-25;111.431;2.672;45.218;41.391
2008-11-26;110.905;2.703;56.55;51.92
2008-11-27;111.602;2.662;53.525;48.945
2008-11-28;112.264;2.622;46.987;42.806
2008-12-01;113.382;2.557;55.501;50.105
2008-12-02;117.514;2.322;52.774;46.356
2008-12-03;120.821;2.14;;
2008-12-04;119.08;2.235;42.668;37.173
2008-12-05;119.261;2.225;42.098;36.68
2008-12-08;118.214;2.282;30.663;26.826
2008-12-09;116.911;2.355;28.67;25.357
2008-12-10;116.94;2.353;10.768;9.601
2008-12-11;116.746;2.363;9.572;8.559
2008-12-12;116.92;2.354;-3.312;-2.935
2008-12-15;117.542;2.319;-0.01;0.014
2008-12-16;119.322;2.22;-13.028;-11.466
2008-12-17;121.313;2.112;-14.261;-12.44
2008-12-18;123.073;2.019;-26.937;-23.291
2008-12-19;121.07;2.125;-20.112;-17.599
2008-12-22;122.352;2.056;-19.786;-17.208
2008-12-23;121.726;2.089;-20.597;-17.974
2008-12-24;121.729;2.089;-21.278;-18.584
2008-12-25;121.749;2.088;-21.424;-18.709
2008-12-26;121.749;2.088;-21.424;-18.709
2008-12-29;122.718;2.036;-19.807;-17.201
2008-12-30;121.814;2.084;-26.766;-23.423
2008-12-31;121.861;2.081;-30.314;-26.558
2009-01-01;121.84;2.082;;
2009-01-02;121.854;2.081;-28.45;-24.936
2009-01-05;121.371;2.107;-32.357;-28.505
2009-01-06;117.774;2.304;-25.766;-23.218
2009-01-07;;;-26.009;-23.746
2009-01-08;120.032;2.179;-40.027;-35.904
2009-01-09;122.564;2.043;-52.456;-46.537
2009-01-12;122.736;2.033;-55.9;-49.675
2009-01-13;120.989;2.127;-44.797;-40.307
2009-01-14;120.356;2.16;-49.806;-45.178
2009-01-15;121.137;2.118;-55.755;-50.372
2009-01-16;119.503;2.207;-43.34;-39.58
2009-01-19;119.438;2.21;-50.786;-46.428
2009-01-20;119.623;2.2;-50.507;-46.189
2009-01-21;118.494;2.262;-50.299;-46.471
2009-01-22;118.038;2.287;-56.686;-52.603
2009-01-23;;;-48.641;-46.043
2009-01-26;;;-55.075;-52.124
2009-01-27;117.662;2.308;-64.311;-59.681
2009-01-28;119.763;2.191;-74.972;-68.755
2009-01-29;122.299;2.054;-87.115;-78.378
2009-01-30;122.0;2.07;-88.524;-79.837
2009-02-02;122.305;2.054;-90.622;-81.614
2009-02-03;121.134;2.116;-88.971;-80.608
2009-02-04;120.887;2.129;-87.011;-79.088
2009-02-05;120.794;2.134;-93.376;-85.231
2009-02-06;120.685;2.14;-96.039;-87.786
2009-02-09;120.99;2.123;-97.376;-88.665
2009-02-10;120.707;2.138;-85.164;-77.731
2009-02-11;121.571;2.091;-88.648;-80.851
2009-02-12;122.215;2.057;-89.043;-81.169
2009-02-13;122.099;2.063;-94.752;-86.439
2009-02-16;122.089;2.063;-89.834;-81.891
2009-02-17;121.785;2.079;-76.039;-69.354
2009-02-18;119.993;2.176;-76.043;-70.274
2009-02-19;119.908;2.181;-82.336;-76.117
2009-02-20;119.5;2.203;-77.246;-71.781
2009-02-23;119.095;2.225;-79.125;-73.707
2009-02-24;118.293;2.269;-66.857;-62.488
2009-02-25;118.663;2.249;-68.136;-63.671
2009-02-26;117.427;2.317;-70.073;-65.93
2009-02-27;119.349;2.21;-83.143;-77.425
2009-03-02;120.39;2.153;-83.388;-77.263
2009-03-03;120.159;2.166;-86.391;-80.314
2009-03-04;118.775;2.242;-85.762;-80.435
2009-03-05;120.443;2.15;-80.312;-74.621
2009-03-06;121.563;2.089;-85.505;-79.048
2009-03-09;122.128;2.059;-86.916;-80.019
2009-03-10;121.383;2.099;-89.986;-83.213
2009-03-11;121.01;2.118;-92.449;-85.682
2009-03-12;121.88;2.071;-99.703;-92.121
2009-03-13;120.865;2.126;-100.483;-93.498
2009-03-16;120.26;2.159;-98.001;-91.485
2009-03-17;119.885;2.179;-102.167;-95.674
2009-03-18;119.787;2.184;-85.707;-80.156
2009-03-19;122.315;2.047;-111.899;-103.477
2009-03-20;123.112;2.004;-115.733;-106.766
2009-03-23;122.384;2.043;-119.494;-110.757
2009-03-24;121.122;2.111;-118.972;-110.992
2009-03-25;121.097;2.112;-118.329;-110.345
2009-03-26;121.062;2.114;-111.108;-103.524
2009-03-27;121.977;2.064;-118.262;-109.938
2009-03-30;120.648;2.136;-99.316;-92.845
2009-03-31;121.692;2.079;-108.223;-100.768
2009-04-01;121.466;2.091;-106.048;-98.931
2009-04-02;121.298;2.1;-119.814;-111.722
2009-04-03;120.888;2.122;-127.023;-118.762
2009-04-06;121.298;2.1;-126.743;-118.184
2009-04-07;120.794;2.127;-120.783;-112.99
2009-04-08;120.958;2.117;-123.947;-115.759
2009-04-09;121.423;2.092;-125.912;-117.3
2009-04-10;120.98;2.116;;
2009-04-13;120.98;2.116;;
2009-04-14;121.864;2.068;-124.795;-116.183
2009-04-15;121.338;2.096;-118.976;-111.266
2009-04-16;121.416;2.092;-117.622;-109.806
2009-04-17;120.697;2.131;-118.172;-110.724
2009-04-20;122.277;2.045;-115.116;-106.866
2009-04-21;121.909;2.065;-114.292;-106.372
2009-04-22;121.216;2.102;-108.457;-101.049
2009-04-23;121.631;2.079;-111.247;-103.315
2009-04-24;122.316;2.042;-113.157;-104.811
2009-04-27;122.219;2.047;-110.417;-102.43
2009-04-28;122.429;2.036;-112.34;-104.013
2009-04-29;123.204;1.994;-109.969;-101.321
2009-04-30;122.987;2.006;-116.226;-107.356
2009-05-01;122.931;2.009;-115.763;-106.979
2009-05-04;122.846;2.013;-125.46;-116.085
2009-05-05;122.808;2.015;-118.145;-109.237
2009-05-06;122.836;2.013;-119.291;-110.556
2009-05-07;121.861;2.065;-131.526;-122.757
2009-05-08;120.344;2.148;-128.228;-120.691
2009-05-11;120.91;2.117;-121.104;-113.748
2009-05-12;120.639;2.131;-116.964;-110.042
2009-05-13;120.577;2.134;-117.216;-110.626
2009-05-14;121.638;2.076;-127.971;-120.356
2009-05-15;122.013;2.056;-132.852;-124.381
2009-05-18;123.814;1.959;-143.293;-133.116
2009-05-19;123.138;1.995;-143.608;-133.854
2009-05-20;122.637;2.022;-145.747;-136.229
2009-05-21;121.915;2.061;-146.58;-138.065
2009-05-22;121.952;2.058;-152.034;-142.93
2009-05-25;120.674;2.128;-144.121;-136.199
2009-05-26;121.601;2.077;-153.872;-144.772
2009-05-27;121.369;2.089;-150.122;-141.153
2009-05-28;121.688;2.072;-162.309;-152.727
2009-05-29;123.049;1.998;-163.974;-152.875
2009-06-01;120.212;2.152;-153.244;-145.41
2009-06-02;121.137;2.102;-158.59;-149.7
2009-06-03;122.338;2.036;-158.276;-148.374
2009-06-04;121.222;2.096;-160.39;-151.016
2009-06-05;121.144;2.101;-168.636;-158.574
2009-06-08;122.862;2.007;-170.181;-157.967
2009-06-09;122.933;2.003;-169.453;-157.344
2009-06-10;122.185;2.043;-171.966;-160.708
2009-06-11;120.678;2.125;-160.989;-151.706
2009-06-12;121.539;2.078;-167.1;-156.888
2009-06-15;121.856;2.061;-164.709;-154.81
2009-06-16;121.144;2.099;-159.751;-150.868
2009-06-17;121.73;2.067;-164.997;-155.402
2009-06-18;121.278;2.092;-168.062;-158.557
2009-06-19;122.605;2.02;-175.499;-164.95
2009-06-22;122.68;2.015;-174.629;-164.143
2009-06-23;122.407;2.03;-174.659;-164.325
2009-06-24;122.474;2.026;-172.838;-162.78
2009-06-25;123.093;1.993;-176.578;-165.979
2009-06-26;123.976;1.945;-179.724;-167.927
2009-06-29;123.747;1.957;-176.958;-165.774
2009-06-30;124.752;1.904;-180.229;-167.654
2009-07-01;124.83;1.899;-186.728;-174.019
2009-07-02;125.958;1.84;-189.094;-175.247
2009-07-03;126.067;1.834;-189.749;-175.64
2009-07-06;126.054;1.835;-187.937;-173.949
2009-07-07;125.679;1.854;-186.024;-172.662
2009-07-08;125.8;1.847;-185.225;-171.986
2009-07-09;126.552;1.808;-195.634;-180.911
2009-07-10;126.344;1.819;-192.103;-177.72
2009-07-13;126.237;1.824;-192.78;-178.515
2009-07-14;125.944;1.839;-192.396;-178.327
2009-07-15;125.35;1.87;-195.72;-181.925
2009-07-16;125.871;1.842;-194.317;-180.159
2009-07-17;124.26;1.927;-189.175;-176.938
2009-07-20;123.731;1.955;-182.903;-171.587
2009-07-21;123.043;1.992;-178.506;-168.249
2009-07-22;122.298;2.032;-180.445;-170.401
2009-07-23;121.656;2.067;-180.38;-170.779
2009-07-24;122.121;2.041;-186.413;-176.077
2009-07-27;122.347;2.029;-191.244;-180.698
2009-07-28;123.22;1.981;-193.056;-181.454
2009-07-29;123.404;1.971;-191.533;-180.083
2009-07-30;123.763;1.952;-188.703;-176.938
2009-07-31;126.763;1.794;-201.278;-185.693
2009-08-03;125.674;1.85;-198.869;-184.304
2009-08-04;125.96;1.835;-203.484;-188.407
2009-08-05;126.94;1.784;-208.6;-191.911
2009-08-06;126.274;1.818;-206.511;-190.836
2009-08-07;125.265;1.871;-207.058;-191.914
2009-08-10;126.17;1.823;-207.475;-191.294
2009-08-11;126.573;1.802;-211.306;-194.533
2009-08-12;126.764;1.792;-214.782;-197.743
2009-08-13;126.933;1.783;-213.9;-196.964
2009-08-14;128.093;1.723;-214.452;-196.326
2009-08-17;128.23;1.715;-217.052;-198.67
2009-08-18;127.965;1.729;-215.054;-197.005
2009-08-19;128.564;1.698;-216.881;-198.154
2009-08-20;128.437;1.704;-213.77;-195.41
2009-08-21;128.058;1.723;-216.424;-198.063
2009-08-24;128.531;1.699;-216.866;-198.197
2009-08-25;128.82;1.684;-216.083;-197.141
2009-08-26;129.389;1.654;-217.715;-198.12
2009-08-27;128.594;1.695;-215.309;-196.821
2009-08-28;128.801;1.684;-214.845;-196.093
2009-08-31;129.806;1.633;-223.295;-202.986
2009-09-01;129.286;1.659;-218.078;-198.886
2009-09-02;129.04;1.671;-216.433;-197.671
2009-09-03;128.535;1.697;-218.134;-200.007
2009-09-04;128.672;1.689;-221.689;-203.217
2009-09-07;128.086;1.719;-215.329;-198.147
2009-09-08;127.873;1.73;-219.004;-201.944
2009-09-09;126.945;1.778;-222.519;-206.316
2009-09-10;126.892;1.78;-217.46;-202.058
2009-09-11;127.821;1.732;-215.834;-199.189
2009-09-14;127.757;1.735;-214.865;-198.109
2009-09-15;127.9;1.727;-218.405;-201.22
2009-09-16;128.135;1.715;-223.983;-206.112
2009-09-17;126.455;1.802;-214.728;-199.409
2009-09-18;126.885;1.779;-221.142;-204.992
2009-09-21;125.912;1.83;-217.646;-203.136
2009-09-22;125.494;1.852;-212.001;-197.964
2009-09-23;125.859;1.832;-214.301;-199.894
2009-09-24;126.494;1.799;-215.336;-200.431
2009-09-25;127.529;1.745;-215.771;-199.338
2009-09-28;127.455;1.748;-215.453;-199.11
2009-09-29;128.757;1.681;-222.293;-203.958
2009-09-30;129.438;1.646;-228.021;-208.665
2009-10-01;129.723;1.631;-220.71;-201.535
2009-10-02;130.484;1.592;-222.479;-202.028
2009-10-05;130.752;1.579;-227.046;-205.992
2009-10-06;130.046;1.614;-223.258;-203.258
2009-10-07;130.409;1.595;-218.273;-198.054
2009-10-08;130.278;1.602;-217.496;-197.119
2009-10-09;129.187;1.657;-212.884;-193.87
2009-10-12;129.3;1.651;-211.683;-192.931
2009-10-13;128.323;1.701;-204.367;-187.304
2009-10-14;127.923;1.721;-207.5;-190.44
2009-10-15;126.557;1.792;-202.623;-187.163
2009-10-16;126.872;1.775;-204.625;-188.648
2009-10-19;127.226;1.757;-206.709;-190.211
2009-10-20;127.489;1.743;-203.897;-187.494
2009-10-21;126.352;1.802;-204.542;-189.199
2009-10-22;127.082;1.763;-209.207;-192.896
2009-10-23;125.852;1.828;-205.369;-190.603
2009-10-26;124.804;1.883;-191.542;-178.005
2009-10-27;126.095;1.815;-197.285;-182.704
2009-10-28;126.139;1.812;-189.184;-174.599
2009-10-29;125.888;1.825;-198.716;-183.942
2009-10-30;126.703;1.782;-194.763;-179.565
2009-11-02;126.527;1.791;-196.416;-181.402
2009-11-03;126.251;1.805;-200.903;-185.898
2009-11-04;125.92;1.822;-201.329;-186.513
2009-11-05;126.03;1.816;-203.029;-187.896
2009-11-06;126.012;1.817;-206.28;-191.136
2009-11-09;126.655;1.783;-207.107;-191.382
2009-11-10;127.261;1.751;-208.367;-191.847
2009-11-11;127.474;1.74;-206.475;-189.849
2009-11-12;126.906;1.769;-206.361;-190.138
2009-11-13;126.103;1.811;-203.866;-189.004
2009-11-16;126.614;1.784;-200.062;-184.969
2009-11-17;126.949;1.766;-199.563;-184.024
2009-11-18;126.93;1.767;-200.546;-185.06
2009-11-19;126.84;1.771;-198.364;-183.022
2009-11-20;127.265;1.749;-199.946;-183.846
2009-11-23;127.439;1.74;-203.818;-187.253
2009-11-24;127.283;1.748;-199.152;-183.098
2009-11-25;126.791;1.773;-196.804;-181.322
2009-11-26;127.493;1.736;-195.451;-179.413
2009-11-27;127.533;1.734;-196.122;-180.057
2009-11-30;128.621;1.677;-203.91;-186.073
2009-12-01;129.303;1.642;-202.63;-184.021
2009-12-02;129.348;1.639;-207.252;-188.507
2009-12-03;129.385;1.637;-206.412;-187.371
2009-12-04;129.253;1.644;-210.797;-191.395
2009-12-07;129.613;1.625;-208.196;-188.705
2009-12-08;129.168;1.648;-203.036;-184.593
2009-12-09;128.684;1.672;-200.973;-183.33
2009-12-10;128.222;1.696;-200.724;-183.538
2009-12-11;128.041;1.705;-200.21;-183.131
2009-12-14;128.285;1.692;-199.369;-181.928
2009-12-15;127.983;1.708;-202.173;-185.044
2009-12-16;129.203;1.644;-208.558;-189.952
2009-12-17;130.94;1.555;-211.974;-190.962
2009-12-18;132.334;1.485;-221.497;-198.073
2009-12-21;131.483;1.527;-219.866;-197.42
2009-12-22;130.953;1.553;-220.583;-198.635
2009-12-23;129.815;1.611;-220.807;-200.167
2009-12-24;129.781;1.613;-219.204;-198.631
2009-12-25;129.776;1.613;-219.612;-199.033
2009-12-28;128.926;1.656;-216.526;-197.116
2009-12-29;129.403;1.631;-218.287;-197.959
2009-12-30;129.433;1.629;-218.57;-198.082
2009-12-31;129.459;1.628;-218.218;-197.637
2010-01-01;129.46;1.628;-219.128;-198.503
2010-01-04;128.706;1.667;-212.125;-192.769
2010-01-05;128.315;1.687;-203.802;-185.73
2010-01-06;127.664;1.72;-199.874;-182.73
2010-01-07;127.966;1.704;-199.396;-182.072
2010-01-08;127.593;1.723;-196.884;-180.163
2010-01-11;127.807;1.712;-194.547;-177.995
2010-01-12;128.334;1.684;-196.331;-179.205
2010-01-13;127.497;1.728;-188.182;-172.427
2010-01-14;126.968;1.755;-182.791;-167.786
2010-01-15;127.179;1.744;-180.695;-165.636
2010-01-18;127.29;1.738;-179.381;-164.293
2010-01-19;127.153;1.745;-179.815;-164.824
2010-01-20;126.499;1.779;-170.194;-156.449
2010-01-21;126.702;1.768;-169.29;-155.418
2010-01-22;126.786;1.764;-169.795;-155.807
2010-01-25;126.624;1.772;-167.253;-153.627
2010-01-26;127.085;1.747;-169.703;-155.475
2010-01-27;126.949;1.754;-166.419;-152.365
2010-01-28;126.752;1.764;-164.045;-150.167
2010-01-29;127.339;1.733;-166.011;-151.476
2010-02-01;128.1;1.693;-169.237;-153.637
2010-02-02;128.574;1.668;-171.804;-155.633
2010-02-03;127.856;1.705;-166.397;-151.12
2010-02-04;128.555;1.669;-163.031;-147.55
2010-02-05;129.065;1.642;-156.88;-141.202
2010-02-08;128.195;1.687;-155.629;-140.616
2010-02-09;128.098;1.692;-162.517;-147.407
2010-02-10;127.146;1.741;-154.906;-140.852
2010-02-11;126.89;1.755;-154.353;-140.671
2010-02-12;127.093;1.744;-151.978;-138.511
2010-02-15;126.784;1.76;-151.582;-138.378
2010-02-16;126.722;1.763;-150.941;-137.936
2010-02-17;127.126;1.741;-150.184;-136.819
2010-02-18;126.518;1.773;-148.038;-135.268
2010-02-19;126.444;1.777;-152.431;-139.314
2010-02-22;126.457;1.776;-147.11;-134.271
2010-02-23;127.579;1.717;-146.607;-133.052
2010-02-24;128.464;1.67;-148.754;-134.347
2010-02-25;128.004;1.694;-146.166;-132.297
2010-02-26;128.539;1.666;-147.933;-133.457
2010-03-01;128.517;1.667;-149.478;-135.022
2010-03-02;128.935;1.645;-154.864;-139.656
2010-03-03;128.946;1.643;-157.078;-141.659
2010-03-04;128.687;1.657;-152.85;-138.083
2010-03-05;129.093;1.635;-155.179;-139.801
2010-03-08;128.855;1.648;-155.608;-140.495
2010-03-09;128.648;1.658;-150.901;-136.338
2010-03-10;128.633;1.659;-152.747;-138.073
2010-03-11;127.917;1.696;-148.595;-134.662
2010-03-12;128.532;1.663;-152.182;-137.516
2010-03-15;128.465;1.667;-151.104;-136.665
2010-03-16;128.863;1.646;-147.333;-132.926
2010-03-17;128.392;1.67;-141.471;-127.926
2010-03-18;128.034;1.688;-141.139;-127.86
2010-03-19;127.981;1.691;-137.799;-124.727
2010-03-22;128.606;1.658;-138.25;-124.732
2010-03-23;129.371;1.618;-142.083;-127.72
2010-03-24;129.595;1.606;-145.554;-130.695
2010-03-25;129.44;1.614;-148.843;-133.674
2010-03-26;130.198;1.574;-153.342;-137.17
2010-03-29;130.779;1.544;-157.201;-140.233
2010-03-30;131.167;1.524;-154.548;-137.572
2010-03-31;132.872;1.437;-164.377;-145.1
2010-04-01;132.998;1.431;-164.032;-144.609
2010-04-02;132.994;1.431;-164.975;-145.533
2010-04-05;132.974;1.432;-164.839;-145.427
2010-04-06;131.755;1.493;-161.113;-142.884
2010-04-07;131.396;1.511;-153.812;-136.664
2010-04-08;131.64;1.498;-156.051;-138.379
2010-04-09;131.101;1.525;-154.473;-137.324
2010-04-12;130.982;1.531;-154.585;-137.555
2010-04-13;131.369;1.511;-152.804;-135.747
2010-04-14;131.27;1.516;-149.207;-132.624
2010-04-15;131.534;1.502;-150.706;-133.74
2010-04-16;131.142;1.522;-145.377;-129.406
2010-04-19;131.18;1.52;-144.145;-128.229
2010-04-20;130.657;1.547;-143.263;-127.714
2010-04-21;130.855;1.536;-140.921;-125.445
2010-04-22;131.266;1.515;-142.233;-126.266
2010-04-23;131.955;1.479;-143.795;-127.085
2010-04-26;132.37;1.458;-145.994;-128.634
2010-04-27;133.511;1.4;-139.286;-121.773
2010-04-28;133.619;1.394;-143.634;-125.544
2010-04-29;133.932;1.378;-148.668;-129.803
2010-04-30;134.816;1.334;-153.322;-133.412
2010-05-03;134.286;1.36;-154.105;-134.447
2010-05-04;135.487;1.301;-153.14;-132.685
2010-05-05;136.364;1.257;-147.445;-127.052
2010-05-06;136.232;1.263;-143.026;-123.084
2010-05-07;134.929;1.327;-130.589;-112.912
2010-05-10;134.174;1.365;-145.073;-126.636
2010-05-11;133.885;1.379;-149.758;-131.069
2010-05-12;134.657;1.34;-151.837;-132.392
2010-05-13;134.638;1.34;-153.13;-133.635
2010-05-14;135.727;1.286;-147.839;-128.005
2010-05-17;135.471;1.299;-144.891;-125.479
2010-05-18;136.05;1.27;-137.317;-118.532
2010-05-19;136.326;1.256;-139.162;-119.791
2010-05-20;136.984;1.223;-131.386;-112.518
2010-05-21;137.877;1.18;-132.918;-113.146
2010-05-24;138.214;1.163;-133.924;-113.795
2010-05-25;138.766;1.137;-126.175;-106.686
2010-05-26;137.686;1.188;-123.088;-104.697
2010-05-27;137.012;1.221;-125.203;-106.881
2010-05-28;138.315;1.157;-128.785;-109.248
2010-05-31;139.045;1.122;-135.91;-114.965
2010-06-01;138.812;1.133;-136.163;-115.233
2010-06-02;138.301;1.157;-128.774;-109.213
2010-06-03;137.404;1.2;-127.479;-108.65
2010-06-04;137.882;1.176;-127.329;-108.325
2010-06-07;136.508;1.243;-119.033;-102.018
2010-06-08;135.952;1.27;-108.279;-93.001
2010-06-09;136.236;1.256;-111.058;-95.252
2010-06-10;137.473;1.195;-126.11;-107.591
2010-06-11;137.814;1.178;-122.312;-104.223
2010-06-14;136.828;1.226;-117.91;-100.943
2010-06-15;135.9;1.271;-115.819;-99.57
2010-06-16;136.174;1.257;-117.145;-100.669
2010-06-17;135.986;1.266;-115.582;-99.412
2010-06-18;135.634;1.283;-118.904;-102.473
2010-06-21;135.638;1.283;-121.773;-104.987
2010-06-22;136.314;1.249;-118.042;-101.377
2010-06-23;135.276;1.3;-110.744;-95.622
2010-06-24;134.482;1.339;-101.574;-88.037
2010-06-25;133.958;1.365;-99.717;-86.637
2010-06-28;134.327;1.346;-102.063;-88.488
2010-06-29;134.653;1.33;-101.462;-87.863
2010-06-30;135.432;1.291;-107.46;-92.656
2010-07-01;136.849;1.221;-115.269;-98.714
2010-07-02;136.522;1.236;-114.391;-98.195
2010-07-05;137.556;1.186;-118.115;-100.896
2010-07-06;137.283;1.199;-119.105;-101.892
2010-07-07;137.125;1.206;-119.856;-102.634
2010-07-08;137.276;1.198;-120.902;-103.422
2010-07-09;137.844;1.17;-123.213;-105.12
2010-07-12;138.752;1.126;-122.855;-104.4
2010-07-13;138.652;1.131;-126.542;-107.569
2010-07-14;138.084;1.157;-125.451;-106.914
2010-07-15;137.84;1.169;-125.762;-107.369
2010-07-16;137.819;1.17;-120.845;-103.116
2010-07-19;136.793;1.22;-120.764;-103.646
2010-07-20;136.778;1.22;-118.485;-101.664
2010-07-21;135.387;1.288;-115.693;-99.775
2010-07-22;134.59;1.328;-114.023;-98.742
2010-07-23;134.13;1.351;-113.049;-98.021
2010-07-26;133.977;1.358;-119.355;-103.595
2010-07-27;134.232;1.345;-121.237;-105.06
2010-07-28;134.35;1.338;-122.006;-105.799
2010-07-29;135.501;1.281;-127.741;-110.169
2010-07-30;136.889;1.212;-133.749;-114.557
2010-08-02;137.107;1.201;;
2010-08-03;137.821;1.166;-134.684;-114.879
2010-08-04;137.768;1.168;-133.737;-114.136
2010-08-05;138.147;1.149;-129.909;-110.52
2010-08-06;138.757;1.119;-127.995;-108.567
2010-08-09;138.128;1.149;-126.405;-107.636
2010-08-10;137.151;1.197;-118.692;-101.514
2010-08-11;137.785;1.165;-111.879;-95.488
2010-08-12;137.835;1.162;-110.474;-94.199
2010-08-13;137.827;1.163;-106.797;-91.008
2010-08-16;138.6;1.125;-96.424;-81.64
2010-08-17;138.596;1.125;-102.338;-86.668
2010-08-18;138.901;1.109;-101.982;-86.274
2010-08-19;138.931;1.108;-97.362;-82.318
2010-08-20;139.453;1.082;-93.928;-79.203
2010-08-23;138.952;1.106;-93.107;-78.67
2010-08-24;140.028;1.054;-85.013;-71.396
2010-08-25;140.796;1.017;-84.718;-70.809
2010-08-26;141.517;0.982;-86.203;-71.728
2010-08-27;141.553;0.98;-91.523;-76.059
2010-08-30;142.188;0.95;-87.456;-72.483
2010-08-31;142.302;0.944;-85.584;-70.853
2010-09-01;142.025;0.957;-95.613;-79.265
2010-09-02;141.748;0.969;-107.709;-89.549
2010-09-03;140.955;1.007;-115.096;-96.116
2010-09-06;141.184;0.996;-112.251;-93.59
2010-09-07;142.09;0.952;-109.397;-90.819
2010-09-08;142.8;0.918;-114.8;-94.891
2010-09-09;143.015;0.908;-122.042;-100.778
2010-09-10;142.292;0.942;;-104.55
2010-09-13;142.148;0.948;;
2010-09-14;141.581;0.975;-119.697;-99.679
2010-09-15;139.579;1.07;-113.878;-95.727
2010-09-16;138.168;1.138;-113.985;-96.59
2010-09-17;138.667;1.113;-113.103;-95.596
2010-09-20;138.491;1.121;-114.255;-96.511
2010-09-21;137.615;1.164;-106.122;-89.991
2010-09-22;139.196;1.086;-104.382;-87.881
2010-09-23;139.264;1.083;-101.152;-85.107
2010-09-24;138.434;1.123;-99.982;-84.417
2010-09-27;138.806;1.104;-93.088;-78.428
2010-09-28;138.582;1.115;-88.002;-74.153
2010-09-29;138.167;1.135;-86.688;-73.209
2010-09-30;138.481;1.119;-89.607;-75.476
2010-10-01;138.747;1.106;-93.512;-78.704
2010-10-04;139.86;1.052;-96.529;-80.801
2010-10-05;140.158;1.037;-104.206;-87.19
2010-10-06;141.22;0.986;-107.375;-89.413
2010-10-07;140.215;1.033;-106.861;-89.485
2010-10-08;140.125;1.037;-104.652;-87.647
2010-10-11;140.01;1.043;-104.781;-87.851
2010-10-12;139.741;1.055;-100.23;-83.842
2010-10-13;138.716;1.104;-98.751;-83.362
2010-10-14;138.399;1.12;-100.596;-85.054
2010-10-15;137.728;1.152;-103.853;-88.159
2010-10-18;138.179;1.13;-110.924;-93.977
2010-10-19;137.892;1.144;-112.851;-95.733
2010-10-20;138.186;1.128;-116.98;-99.043
2010-10-21;137.968;1.139;-119.847;-101.438
2010-10-22;138.45;1.115;-119.348;-100.72
2010-10-25;138.431;1.116;-118.678;-100.194
2010-10-26;138.083;1.133;-120.215;-101.583
2010-10-27;137.261;1.172;-121.596;-103.23
2010-10-28;137.528;1.159;-122.043;-103.456
2010-10-29;138.205;1.125;-121.097;-102.303
2010-11-01;138.897;1.091;-118.758;-99.857
2010-11-02;138.703;1.1;-114.235;-96.069
2010-11-03;139.843;1.044;-120.098;-100.447
2010-11-04;138.887;1.091;-111.845;-94.087
2010-11-05;138.936;1.088;-115.339;-97.0
2010-11-08;138.482;1.11;-112.549;-94.904
2010-11-09;138.478;1.11;-116.793;-98.468
2010-11-10;137.765;1.144;-113.841;-96.306
2010-11-11;137.131;1.175;-110.781;-94.002
2010-11-12;136.278;1.217;-112.241;-95.608
2010-11-15;135.13;1.275;-108.648;-93.084
2010-11-16;133.898;1.337;-108.76;-93.82
2010-11-17;134.089;1.327;-108.221;-93.248
2010-11-18;132.496;1.408;-112.652;-98.014
2010-11-19;132.372;1.414;-106.695;-92.754
2010-11-22;133.302;1.366;-107.295;-92.87
2010-11-23;133.807;1.34;-101.054;-87.246
2010-11-24;131.717;1.447;-100.07;-87.342
2010-11-25;131.047;1.482;-102.586;-89.907
2010-11-26;130.747;1.498;-100.029;-87.773
2010-11-29;129.818;1.546;-96.786;-85.285
2010-11-30;130.247;1.523;;
2010-12-01;128.455;1.618;;-83.56
2010-12-02;128.932;1.593;-100.722;-89.257
2010-12-03;128.104;1.637;-98.088;-87.368
2010-12-06;128.354;1.623;-100.044;-89.068
2010-12-07;127.793;1.653;-105.393;-94.101
2010-12-08;127.809;1.652;-107.151;-95.501
2010-12-09;129.281;1.573;-110.577;-97.698
2010-12-10;129.417;1.565;-115.333;-101.841
2010-12-13;128.978;1.588;-113.595;-100.578
2010-12-14;128.761;1.6;-122.004;-108.211
2010-12-15;128.867;1.594;-124.426;-110.339
2010-12-16;128.107;1.634;-120.163;-106.957
2010-12-17;129.142;1.578;-125.327;-111.031
2010-12-20;130.224;1.521;-125.183;-110.287
2010-12-21;129.918;1.537;-123.164;-108.654
2010-12-22;130.244;1.519;-122.62;-108.113
2010-12-23;129.27;1.57;-119.524;-105.939
2010-12-24;129.277;1.57;-120.405;-106.753
2010-12-27;128.608;1.606;-118.592;-105.505
2010-12-28;129.629;1.551;-124.406;-109.976
2010-12-29;129.144;1.576;-120.538;-107.029
2010-12-30;130.119;1.524;-122.143;-107.829
2010-12-31;130.048;1.527;-121.208;-106.972
2011-01-03;131.261;1.463;-122.465;-107.47
2011-01-04;131.231;1.464;-118.558;-104.112
2011-01-05;129.497;1.556;-115.123;-101.961
2011-01-06;129.921;1.533;-111.362;-98.335
2011-01-07;129.923;1.533;-106.803;-94.299
2011-01-10;129.312;1.565;-104.339;-92.453
2011-01-11;129.089;1.577;-105.254;-93.363
2011-01-12;127.894;1.641;-111.039;-99.157
2011-01-13;129.541;1.552;-116.264;-102.666
2011-01-14;130.162;1.518;-122.51;-107.835
2011-01-17;130.232;1.514;-122.546;-107.819
2011-01-18;129.754;1.54;-121.505;-107.042
2011-01-19;130.012;1.525;-124.21;-109.346
2011-01-20;129.419;1.557;-129.346;-114.244
2011-01-21;129.376;1.559;-125.365;-110.626
2011-01-24;129.87;1.532;-130.218;-114.813
2011-01-25;130.125;1.518;-129.271;-113.88
2011-01-26;129.375;1.558;-129.347;-114.294
2011-01-27;128.673;1.596;-125.138;-110.886
2011-01-28;129.68;1.541;-130.582;-115.144
2011-01-31;129.375;1.557;-132.119;-116.606
2011-02-01;128.637;1.597;-129.725;-114.938
2011-02-02;128.327;1.613;-129.986;-115.351
2011-02-03;128.48;1.605;-127.234;-112.908
2011-02-04;127.918;1.635;-127.001;-112.909
2011-02-07;127.563;1.654;-121.798;-108.462
2011-02-08;126.993;1.685;-118.996;-106.268
2011-02-09;125.913;1.744;-114.584;-102.895
2011-02-10;125.463;1.769;-110.817;-99.765
2011-02-11;125.173;1.785;-107.719;-97.181
2011-02-14;125.255;1.78;-108.459;-97.765
2011-02-15;126.283;1.723;-115.25;-103.394
2011-02-16;128.085;1.623;-120.732;-107.229
2011-02-17;129.42;1.551;-125.61;-110.825
2011-02-18;128.46;1.603;-124.847;-110.657
2011-02-21;129.408;1.551;-126.592;-111.624
2011-02-22;130.325;1.502;-127.288;-111.569
2011-02-23;129.528;1.544;-120.19;-105.662
2011-02-24;129.53;1.544;-121.062;-106.479
2011-02-25;129.58;1.541;-122.341;-107.577
2011-02-28;129.423;1.549;-121.46;-106.908
2011-03-01;129.378;1.551;-120.677;-106.186
2011-03-02;129.095;1.566;-122.089;-107.659
2011-03-03;127.288;1.664;-120.399;-106.957
2011-03-04;127.838;1.634;-118.767;-105.125
2011-03-07;127.943;1.628;-120.84;-106.968
2011-03-08;126.623;1.7;-114.469;-102.033
2011-03-09;127.028;1.677;-115.558;-102.81
2011-03-10;126.978;1.68;-111.745;-99.429
2011-03-11;127.415;1.656;-112.997;-100.379
2011-03-14;127.265;1.664;-111.709;-99.296
2011-03-15;128.195;1.613;-109.047;-96.524
2011-03-16;128.825;1.578;-109.058;-96.354
2011-03-17;127.793;1.634;-111.799;-99.282
2011-03-18;127.46;1.652;-111.246;-98.86
2011-03-21;127.323;1.659;-116.572;-103.726
2011-03-22;126.91;1.682;-114.98;-102.508
2011-03-23;127.13;1.669;-112.258;-99.969
2011-03-24;127.04;1.674;-118.914;-106.043
2011-03-25;126.57;1.7;-117.356;-104.85
2011-03-28;126.845;1.684;-118.941;-106.106
2011-03-29;126.898;1.681;-124.947;-111.406
2011-03-30;127.658;1.639;-129.158;-114.723
2011-03-31;128.292;1.604;-136.536;-120.854
2011-04-01;128.333;1.601;-138.597;-122.636
2011-04-04;129.07;1.561;-143.476;-126.515
2011-04-05;128.32;1.602;-141.141;-124.952
2011-04-06;127.385;1.652;-139.206;-123.895
2011-04-07;127.565;1.642;-137.79;-122.482
2011-04-08;127.605;1.64;-145.937;-129.731
2011-04-11;127.543;1.643;-146.96;-130.617
2011-04-12;127.521;1.644;-142.834;-127.079
2011-04-13;127.25;1.658;-133.95;-119.323
2011-04-14;127.203;1.661;-136.205;-121.38
2011-04-15;127.838;1.626;-136.803;-121.426
2011-04-18;128.615;1.583;-130.034;-115.03
2011-04-19;128.436;1.592;-132.219;-116.983
2011-04-20;127.638;1.635;-128.245;-113.924
2011-04-21;127.968;1.617;-127.982;-113.611
2011-04-22;127.968;1.617;-127.6;-113.219
2011-04-25;127.968;1.617;-128.336;-113.897
2011-04-26;127.493;1.643;-123.023;-109.51
2011-04-27;126.951;1.672;-123.526;-110.193
2011-04-28;128.298;1.598;-129.513;-114.71
2011-04-29;129.393;1.538;-132.623;-116.78
2011-05-02;129.308;1.542;-132.992;-117.103
2011-05-03;128.705;1.575;-128.728;-113.624
2011-05-04;128.153;1.605;-126.003;-111.397
2011-05-05;128.688;1.575;-123.726;-109.234
2011-05-06;129.828;1.513;-122.603;-107.549
2011-05-09;129.975;1.505;-118.407;-103.754
2011-05-10;130.056;1.5;-120.958;-106.007
2011-05-11;129.675;1.52;-115.684;-101.609
2011-05-12;129.883;1.509;-120.916;-106.121
2011-05-13;130.315;1.485;-116.633;-102.097
2011-05-16;129.996;1.502;-117.112;-102.652
2011-05-17;129.89;1.508;-115.655;-101.427
2011-05-18;129.733;1.516;-115.016;-100.926
2011-05-19;129.635;1.521;-113.566;-99.664
2011-05-20;130.103;1.495;-110.698;-96.902
2011-05-23;130.508;1.473;-107.95;-94.366
2011-05-24;130.015;1.5;-108.376;-94.99
2011-05-25;130.158;1.491;-107.414;-94.077
2011-05-26;130.835;1.455;-106.707;-93.139
2011-05-27;131.035;1.444;-106.526;-92.905
2011-05-30;131.118;1.439;-106.49;-92.789
2011-05-31;130.561;1.469;329.096;279.138
2011-06-01;131.163;1.436;326.201;275.911
2011-06-02;131.33;1.427;325.418;275.036
2011-06-03;130.581;1.467;-109.825;-95.969
2011-06-06;131.325;1.426;-110.46;-96.135
2011-06-07;129.626;1.518;-104.789;-91.988
2011-06-08;129.838;1.506;-101.225;-88.789
2011-06-09;129.449;1.527;-97.632;-85.849
2011-06-10;129.851;1.504;-92.68;-81.343
2011-06-13;129.601;1.518;-90.729;-79.767
2011-06-14;128.718;1.566;-92.643;-81.867
2011-06-15;129.044;1.547;-89.613;-79.129
2011-06-16;127.804;1.615;-84.875;-75.488
2011-06-17;126.81;1.67;-78.209;-69.839
2011-06-20;126.364;1.695;-77.727;-69.607
2011-06-21;126.511;1.687;-82.226;-73.604
2011-06-22;127.988;1.604;-88.729;-78.837
2011-06-23;128.66;1.567;-87.242;-77.254
2011-06-24;128.655;1.567;-85.2;-75.442
2011-06-27;128.227;1.59;-90.153;-80.069
2011-06-28;128.74;1.562;-99.07;-87.726
2011-06-29;130.15;1.484;-113.931;-100.194
2011-06-30;130.148;1.484;-113.735;-99.94
2011-07-01;130.108;1.486;-110.335;-96.817
2011-07-04;129.728;1.507;-107.115;-94.128
2011-07-05;129.82;1.501;-105.742;-92.865
2011-07-06;129.46;1.52;-97.017;-85.38
2011-07-07;129.678;1.508;-104.895;-92.263
2011-07-08;131.81;1.393;-108.642;-94.511
2011-07-11;132.455;1.358;-93.314;-80.756
2011-07-12;131.275;1.421;-87.748;-76.354
2011-07-13;130.875;1.442;-88.77;-77.479
2011-07-14;131.133;1.428;-92.234;-80.476
2011-07-15;132.31;1.365;-94.777;-82.087
2011-07-18;133.05;1.325;-95.706;-82.477
2011-07-19;133.515;1.3;-103.224;-88.922
2011-07-20;132.918;1.331;-117.305;-101.14
2011-07-21;133.04;1.325;-129.241;-111.464
2011-07-22;134.082;1.269;-130.694;-112.114
2011-07-25;133.975;1.275;-124.064;-106.413
2011-07-26;134.375;1.254;-123.978;-106.131
2011-07-27;134.748;1.233;-120.587;-103.046
2011-07-28;134.548;1.244;-120.193;-102.872
2011-07-29;136.245;1.155;-129.224;-109.679
2011-08-01;136.095;1.163;-125.37;-106.542
2011-08-02;136.513;1.141;-120.097;-101.781
2011-08-03;135.515;1.192;-114.82;-97.71
2011-08-04;135.215;1.207;-103.305;-88.22
2011-08-05;134.618;1.238;-115.217;-98.732
2011-08-08;132.488;1.35;-75.906;-65.689
2011-08-09;130.438;1.46;-66.966;-58.581
2011-08-10;133.223;1.31;-63.96;-55.103
2011-08-11;134.85;1.224;-89.611;-76.738
2011-08-12;136.348;1.146;-105.327;-89.548
2011-08-15;136.035;1.162;-104.873;-89.309
2011-08-16;135.638;1.183;-96.687;-82.503
2011-08-17;136.625;1.131;-94.666;-80.326
2011-08-18;137.31;1.096;-85.904;-72.627
2011-08-19;136.96;1.113;-83.226;-70.399
2011-08-22;136.878;1.117;-85.345;-72.237
2011-08-23;136.87;1.117;-86.322;-73.026
2011-08-24;136.51;1.135;-92.768;-78.623
2011-08-25;136.635;1.128;-95.514;-81.058
2011-08-26;136.305;1.145;-89.704;-76.236
2011-08-29;135.283;1.198;-89.324;-76.265
2011-08-30;135.858;1.168;-86.311;-73.521
2011-08-31;133.73;1.278;-79.556;-68.513
2011-09-01;134.897;1.217;-78.016;-66.817
2011-09-02;136.245;1.146;-81.791;-69.677
2011-09-05;135.595;1.18;-69.907;-59.742
2011-09-06;133.87;1.27;-54.695;-47.065
2011-09-07;134.073;1.258;-58.615;-50.38
2011-09-08;135.883;1.164;-67.305;-57.408
2011-09-09;136.948;1.108;-62.581;-53.081
2011-09-12;135.555;1.18;-46.276;-39.455
2011-09-13;135.457;1.185;-47.38;-40.363
2011-09-14;134.078;1.256;-47.402;-40.677
2011-09-15;133.925;1.264;-49.848;-42.786
2011-09-16;136.01;1.155;-51.898;-44.062
2011-09-19;136.158;1.147;-45.287;-38.385
2011-09-20;135.033;1.205;-35.569;-30.286
2011-09-21;134.98;1.207;-33.611;-28.603
2011-09-22;136.678;1.119;-34.222;-28.848
2011-09-23;135.463;1.181;-29.272;-24.796
2011-09-26;135.215;1.194;-30.098;-25.529
2011-09-27;133.948;1.261;-35.674;-30.479
2011-09-28;133.285;1.295;-39.345;-33.739
2011-09-29;134.568;1.227;-48.433;-41.283
2011-09-30;136.423;1.13;-48.182;-40.666
2011-10-03;136.638;1.118;-38.767;-32.687
2011-10-04;135.863;1.158;-32.933;-27.866
2011-10-05;134.5;1.229;-35.891;-30.579
2011-10-06;132.75;1.322;-29.817;-25.621
2011-10-07;132.67;1.326;-28.221;-24.254
2011-10-10;131.673;1.379;-28.067;-24.234
2011-10-11;131.587;1.383;-27.163;-23.47
2011-10-12;129.113;1.518;-25.098;-21.972
2011-10-13;129.522;1.495;-17.494;-15.286
2011-10-14;127.225;1.623;-7.812;-6.919
2011-10-17;128.755;1.537;-4.034;-3.556
2011-10-18;126.443;1.667;16.993;15.011
2011-10-19;125.62;1.714;17.35;15.391
2011-10-20;126.683;1.653;17.889;15.769
2011-10-21;125.91;1.697;19.328;17.096
2011-10-24;124.655;1.769;26.854;23.917
2011-10-25;127.78;1.59;10.805;9.466
2011-10-26;129.142;1.514;5.819;5.052
2011-10-27;128.705;1.538;-12.949;-11.363
2011-10-28;127.515;1.604;0.183;0.135
2011-10-31;126.982;1.634;18.333;16.15
2011-11-01;126.583;1.656;34.079;30.098
2011-11-02;125.475;1.719;36.357;32.305
2011-11-03;125.133;1.739;32.129;28.644
2011-11-04;125.748;1.703;28.879;25.67
2011-11-07;125.035;1.744;40.252;35.883
2011-11-08;125.07;1.742;36.37;32.381
2011-11-09;122.915;1.867;72.171;64.811
2011-11-10;118.493;2.134;93.703;86.176
2011-11-11;119.388;2.078;79.337;72.708
2011-11-14;117.095;2.22;105.078;97.403
2011-11-15;112.725;2.5;130.904;124.267
2011-11-16;114.56;2.381;112.124;105.396
2011-11-17;115.515;2.319;259.909;172.531
2011-11-18;117.608;2.187;230.918;151.646
2011-11-21;116.805;2.237;237.192;156.922
2011-11-22;115.74;2.305;244.953;163.353
2011-11-23;112.57;2.509;262.706;178.436
2011-11-24;112.868;2.49;255.81;173.402
2011-11-25;113.947;2.419;250.924;168.751
2011-11-28;115.098;2.345;229.241;153.618
2011-11-29;117.423;2.198;218.5;143.877
2011-11-30;119.363;2.077;208.0;135.707
2011-12-01;124.548;1.767;190.007;119.944
2011-12-02;124.02;1.798;195.995;123.86
2011-12-05;126.308;1.665;177.876;110.663
2011-12-06;125.258;1.725;186.145;116.628
2011-12-07;124.778;1.753;195.388;122.839
2011-12-08;123.938;1.801;215.099;135.829
2011-12-09;125.953;1.684;182.794;114.647
2011-12-12;126.063;1.678;195.477;122.338
2011-12-13;126.715;1.64;195.548;121.805
2011-12-14;127.555;1.592;208.754;128.958
2011-12-15;128.13;1.559;198.49;122.505
2011-12-16;127.34;1.604;215.637;133.714
2011-12-19;126.61;1.645;220.963;137.155
2011-12-20;126.188;1.669;215.955;134.219
2011-12-21;125.455;1.71;225.087;140.111
2011-12-22;126.198;1.667;216.471;134.602
2011-12-23;126.602;1.644;215.473;133.616
2011-12-26;126.602;1.644;216.034;133.868
2011-12-27;127.965;1.566;215.455;132.509
2011-12-28;128.322;1.546;213.854;131.355
2011-12-29;127.945;1.567;224.172;137.574
2011-12-30;127.043;1.618;232.844;143.705
2012-01-02;124.94;1.739;237.593;148.187
2012-01-03;124.413;1.769;246.622;154.511
2012-01-04;124.033;1.791;238.178;150.082
2012-01-05;124.738;1.749;230.409;144.93
2012-01-06;124.148;1.784;234.196;147.966
2012-01-09;125.193;1.722;228.995;143.882
2012-01-10;126.085;1.671;221.393;138.476
2012-01-11;126.735;1.633;229.471;142.83
2012-01-12;128.465;1.534;220.019;135.825
2012-01-13;127.505;1.588;243.264;150.405
2012-01-16;128.46;1.534;233.447;143.7
2012-01-17;128.463;1.534;233.256;143.126
2012-01-18;128.082;1.555;242.833;148.905
2012-01-19;129.983;1.448;224.956;136.415
2012-01-20;131.628;1.357;215.21;128.913
2012-01-23;131.17;1.382;213.171;127.968
2012-01-24;129.745;1.46;213.85;129.613
2012-01-25;129.423;1.478;224.799;136.268
2012-01-26;129.863;1.453;227.457;137.695
2012-01-27;130.762;1.403;221.64;133.473
2012-01-30;130.37;1.424;227.874;137.724
2012-01-31;130.195;1.434;236.879;143.192
2012-02-01;130.58;1.412;228.948;138.254
2012-02-02;132.333;1.315;213.985;128.295
2012-02-03;131.958;1.335;200.499;120.556
2012-02-06;132.075;1.329;209.019;125.51
2012-02-07;132.075;1.328;202.063;121.197
2012-02-08;131.975;1.333;198.151;118.749
2012-02-09;132.52;1.303;187.895;112.429
2012-02-10;132.21;1.32;204.981;122.796
2012-02-13;132.42;1.308;199.723;119.53
2012-02-14;131.895;1.337;200.931;121.039
2012-02-15;130.723;1.4;212.09;128.506
2012-02-16;130.43;1.416;198.002;120.571
2012-02-17;129.8;1.451;208.417;126.859
2012-02-20;130.105;1.434;206.722;125.473
2012-02-21;129.83;1.449;204.15;124.241
2012-02-22;129.8;1.45;215.721;130.942
2012-02-23;130.225;1.426;209.569;127.264
2012-02-24;130.43;1.415;206.78;125.586
2012-02-27;130.337;1.42;;
2012-02-28;130.218;1.426;212.694;129.474
2012-02-29;130.71;1.398;201.298;122.625
2012-03-01;131.923;1.331;184.462;111.945
2012-03-02;131.758;1.34;189.627;115.361
2012-03-05;130.495;1.409;200.38;122.543
2012-03-06;129.66;1.456;205.334;126.112
2012-03-07;129.825;1.446;28.279;24.454
2012-03-08;131.027;1.378;28.279;24.454
2012-03-09;131.418;1.357;28.279;24.454
2012-03-12;130.64;1.399;28.279;24.454
2012-03-13;130.602;1.401;188.097;115.498
2012-03-14;130.207;1.423;180.589;110.985
2012-03-15;129.195;1.479;191.308;117.931
2012-03-16;128.785;1.502;184.236;113.841
2012-03-19;129.183;1.479;180.318;111.207
2012-03-20;129.1;1.484;185.149;114.181
2012-03-21;129.105;1.483;183.801;114.028
2012-03-22;129.363;1.468;26.193;114.514
2012-03-23;129.683;1.45;63.34;117.363
2012-03-26;130.098;1.426;181.864;112.004
2012-03-27;130.36;1.411;183.561;112.948
2012-03-28;129.455;1.462;194.443;120.217
2012-03-29;129.17;1.477;200.576;124.087
2012-03-30;129.958;1.433;191.84;118.378
2012-04-02;129.15;1.478;194.038;120.332
2012-04-03;128.75;1.5;193.38;120.095
2012-04-04;128.42;1.518;118.073;127.542
2012-04-05;127.288;1.583;211.558;132.455
2012-04-06;;;214.181;133.946
2012-04-09;127.288;1.583;216.398;135.228
2012-04-10;127.27;1.584;217.462;136.201
2012-04-11;128.163;1.532;210.271;130.838
2012-04-12;129.218;1.471;207.161;128.005
2012-04-13;127.813;1.551;217.802;135.738
2012-04-16;126.703;1.615;232.952;145.472
2012-04-17;126.498;1.627;232.006;144.979
2012-04-18;126.718;1.613;231.464;144.726
2012-04-19;125.743;1.67;234.997;147.764
2012-04-20;126.555;1.622;223.333;139.93
2012-04-23;125.923;1.659;231.061;145.194
2012-04-24;126.893;1.602;213.537;133.736
2012-04-25;127.08;1.591;208.731;130.59
2012-04-26;127.565;1.562;203.94;127.615
2012-04-27;127.653;1.557;211.522;131.894
2012-04-30;128.12;1.53;213.323;132.789
2012-05-01;127.695;1.555;216.154;134.767
2012-05-02;128.107;1.53;220.32;137.078
2012-05-03;129.193;1.468;216.21;133.699
2012-05-04;130.443;1.397;211.031;129.728
2012-05-07;130.702;1.383;208.074;127.55
2012-05-08;130.368;1.401;213.188;130.897
2012-05-09;128.335;1.516;225.075;139.655
2012-05-10;129.435;1.453;223.202;137.5
2012-05-11;129.43;1.453;232.442;142.767
2012-05-14;128.59;1.5;248.377;152.977
2012-05-15;127.655;1.554;252.957;156.629
2012-05-16;129.415;1.453;232.861;143.084
2012-05-17;129.47;1.449;234.982;144.486
2012-05-18;129.475;1.449;233.444;143.476
2012-05-21;129.468;1.449;226.352;139.386
2012-05-22;130.887;1.369;218.532;133.605
2012-05-23;130.655;1.381;234.066;142.901
2012-05-24;133.332;1.232;216.162;130.346
2012-05-25;133.863;1.203;215.932;129.718
2012-05-28;133.29;1.234;225.908;135.919
2012-05-29;133.523;1.221;222.003;133.568
2012-05-30;133.283;1.234;249.02;149.241
2012-05-31;134.008;1.194;236.814;142.175
2012-06-01;133.435;1.225;237.401;143.438
2012-06-04;132.938;1.252;263.448;157.834
2012-06-05;132.93;1.252;246.752;148.92
2012-06-06;132.308;1.285;232.857;141.038
2012-06-07;130.365;1.394;238.71;145.851
2012-06-08;132.255;1.288;240.411;145.005
2012-06-11;130.625;1.379;255.009;155.108
2012-06-12;128.1;1.522;250.939;154.721
2012-06-13;128.568;1.494;239.778;147.751
2012-06-14;130.077;1.408;225.726;137.993
2012-06-15;132.008;1.3;231.255;139.783
2012-06-18;132.235;1.287;228.523;138.039
2012-06-19;132.86;1.252;208.81;125.686
2012-06-20;132.328;1.281;203.731;123.041
2012-06-21;131.978;1.3;219.63;132.892
2012-06-22;131.885;1.305;203.603;123.868
2012-06-25;131.473;1.328;201.055;123.369
2012-06-26;130.253;1.396;207.435;127.822
2012-06-27;131.115;1.347;193.17;118.728
2012-06-28;130.818;1.363;195.806;120.631
2012-06-29;131.008;1.352;186.907;115.071
2012-07-02;131.428;1.328;193.141;118.636
2012-07-03;132.885;1.247;183.618;111.914
2012-07-04;132.268;1.281;190.982;116.95
2012-07-05;130.695;1.368;205.282;127.069
2012-07-06;132.063;1.291;189.29;116.92
2012-07-09;132.595;1.262;194.742;119.342
2012-07-10;133.23;1.226;189.416;115.792
2012-07-11;134.583;1.151;192.304;116.368
2012-07-12;135.783;1.086;178.429;107.749
2012-07-13;137.897;0.973;155.524;93.188
2012-07-16;139.535;0.887;143.259;85.298
2012-07-17;141.17;0.802;132.224;78.098
2012-07-18;140.443;0.838;148.965;88.123
2012-07-19;141.655;0.776;134.044;78.945
2012-07-20;141.68;0.774;147.363;86.576
2012-07-23;141.363;0.79;147.174;86.66
2012-07-24;140.498;0.834;144.289;85.387
2012-07-25;140.553;0.83;140.674;83.25
2012-07-26;141.723;0.77;127.479;74.985
2012-07-27;142.29;0.74;119.265;69.8
2012-07-30;144.022;0.652;112.773;65.47
2012-07-31;145.648;0.571;114.043;65.61
2012-08-01;144.457;0.629;121.865;70.34
2012-08-02;145.207;0.591;134.504;77.213
2012-08-03;145.005;0.601;114.071;65.541
2012-08-06;145.23;0.59;118.139;67.783
2012-08-07;144.908;0.605;118.957;68.141
2012-08-08;145.582;0.571;122.881;70.147
2012-08-09;146.353;0.532;129.407;73.418
2012-08-10;146.168;0.541;127.777;72.777
2012-08-13;146.168;0.541;129.045;73.4
2012-08-14;146.693;0.514;120.872;68.481
2012-08-15;146.015;0.547;109.999;62.648
2012-08-16;145.978;0.548;115.652;65.804
2012-08-17;146.42;0.526;116.909;66.482
2012-08-20;146.625;0.515;118.1;67.082
2012-08-21;146.085;0.542;123.646;70.289
2012-08-22;146.505;0.52;117.342;66.805
2012-08-23;146.625;0.514;126.105;71.831
2012-08-24;146.98;0.496;126.452;71.86
2012-08-27;146.455;0.521;128.927;73.534
2012-08-28;145.935;0.547;133.986;76.61
2012-08-29;145.015;0.592;140.957;80.886
2012-08-30;145.015;0.591;154.099;88.251
2012-08-31;145.558;0.564;153.261;87.345
2012-09-03;144.745;0.604;158.343;90.553
2012-09-04;144.905;0.596;161.465;92.053
2012-09-05;145.022;0.589;153.221;87.445
2012-09-06;144.445;0.617;144.915;82.981
2012-09-07;145.658;0.556;144.886;82.337
2012-09-10;145.058;0.586;143.54;81.97
2012-09-11;145.935;0.542;136.913;77.946
2012-09-12;145.358;0.57;132.868;75.83
2012-09-13;146.34;0.52;127.909;72.692
2012-09-14;145.62;0.556;119.311;68.081
2012-09-17;145.575;0.558;137.482;78.042
2012-09-18;145.33;0.569;145.49;82.706
2012-09-19;144.678;0.601;148.983;85.126
2012-09-20;144.803;0.595;151.441;86.725
2012-09-21;145.363;0.566;146.888;83.971
2012-09-24;144.767;0.596;149.259;85.762
2012-09-25;144.635;0.602;152.474;87.495
2012-09-26;146.128;0.526;143.797;82.147
2012-09-27;145.785;0.543;146.745;83.875
2012-09-28;146.855;0.489;141.845;80.623
2012-10-01;146.385;0.512;146.639;83.477
2012-10-02;146.173;0.522;144.703;82.341
2012-10-03;146.11;0.524;148.577;84.423
2012-10-04;147.12;0.474;136.64;77.149
2012-10-05;147.49;0.455;131.236;73.863
2012-10-08;147.895;0.435;131.887;74.273
2012-10-09;148.638;0.398;127.236;71.397
2012-10-10;148.39;0.409;129.138;72.506
2012-10-11;148.185;0.419;135.774;76.113
2012-10-12;148.087;0.423;128.722;72.443
2012-10-15;147.56;0.449;122.153;68.979
2012-10-16;145.765;0.538;131.802;74.919
2012-10-17;145.63;0.543;120.087;68.278
2012-10-18;145.818;0.534;121.322;69.009
2012-10-19;146.225;0.513;126.576;71.777
2012-10-22;145.825;0.533;124.09;70.449
2012-10-23;145.15;0.566;128.455;73.242
2012-10-24;145.1;0.568;124.554;71.147
2012-10-25;145.18;0.563;124.938;71.193
2012-10-26;144.77;0.584;130.689;74.774
2012-10-29;144.593;0.592;135.694;77.707
2012-10-30;144.528;0.595;141.192;80.634
2012-10-31;144.513;0.595;141.116;80.733
2012-11-01;145.155;0.562;139.355;79.489
2012-11-02;145.453;0.547;134.152;76.483
2012-11-05;145.138;0.562;137.522;78.623
2012-11-06;146.06;0.515;132.146;75.04
2012-11-07;145.665;0.534;142.701;81.272
2012-11-08;145.62;0.536;143.527;81.875
2012-11-09;145.54;0.54;142.968;81.714
2012-11-12;145.243;0.554;149.315;85.353
2012-11-13;145.578;0.537;140.743;80.647
2012-11-14;145.325;0.549;142.717;81.791
2012-11-15;145.315;0.549;144.465;82.736
2012-11-16;145.425;0.543;142.514;81.671
2012-11-19;145.198;0.554;139.921;80.279
2012-11-20;144.668;0.581;150.727;86.249
2012-11-21;144.798;0.573;145.919;83.58
2012-11-22;145.118;0.556;143.197;81.965
2012-11-23;145.563;0.534;144.399;82.323
2012-11-26;144.888;0.567;143.989;82.598
2012-11-27;145.218;0.55;143.303;81.995
2012-11-28;146.215;0.499;132.961;76.097
2012-11-29;146.188;0.5;136.735;78.194
2012-11-30;147.213;0.448;132.208;75.129
2012-12-03;147.303;0.443;128.207;72.818
2012-12-04;147.603;0.428;123.486;70.296
2012-12-05;148.325;0.391;127.868;72.35
2012-12-06;148.753;0.37;128.166;72.676
2012-12-07;148.267;0.393;128.672;73.106
2012-12-10;147.595;0.426;132.145;75.426
2012-12-11;148.003;0.406;135.408;76.893
2012-12-12;147.92;0.409;129.187;73.382
2012-12-13;148.32;0.389;126.645;71.844
2012-12-14;148.59;0.375;119.83;67.962
2012-12-17;147.69;0.419;120.043;68.499
2012-12-18;147.383;0.434;124.456;70.93
2012-12-19;147.933;0.405;120.991;68.82
2012-12-20;149.008;0.351;121.255;68.454
2012-12-21;148.913;0.355;129.435;72.989
2012-12-24;148.903;0.355;125.449;70.858
2012-12-25;148.903;0.355;129.868;73.236
2012-12-26;148.903;0.355;129.887;73.248
2012-12-27;149.135;0.343;127.647;72.128
2012-12-28;148.918;0.353;132.1;74.617
2012-12-31;149.075;0.345;135.444;76.377
2013-01-01;149.075;0.345;137.214;77.311
2013-01-02;147.985;0.397;128.849;72.952
2013-01-03;146.62;0.465;137.957;78.487
2013-01-04;145.91;0.501;134.298;76.647
2013-01-07;146.51;0.47;133.927;76.289
2013-01-08;146.462;0.472;140.169;79.851
2013-01-09;146.045;0.492;139.708;79.926
2013-01-10;145.955;0.496;121.488;69.597
2013-01-11;145.815;0.503;123.245;70.585
2013-01-14;145.788;0.504;124.906;71.513
2013-01-15;146.08;0.489;123.816;70.881
2013-01-16;145.985;0.492;130.319;74.591
2013-01-17;145.69;0.507;125.457;71.756
2013-01-18;146.625;0.459;130.81;74.415
2013-01-21;145.695;0.506;136.567;77.965
2013-01-22;145.793;0.501;136.35;77.829
2013-01-23;146.183;0.48;128.021;73.209
2013-01-24;146.193;0.479;125.811;71.968
2013-01-25;146.205;0.478;118.749;67.684
2013-01-28;146.085;0.484;123.966;70.348
2013-01-29;146.355;0.47;115.123;65.466
2013-01-30;146.403;0.466;114.023;64.698
2013-01-31;147.088;0.431;107.873;61.044
2013-02-01;147.405;0.415;101.557;57.474
2013-02-04;147.648;0.402;121.182;68.208
2013-02-05;146.832;0.443;123.203;69.477
2013-02-06;146.61;0.453;125.89;71.1
2013-02-07;146.815;0.442;128.004;72.315
2013-02-08;146.863;0.44;120.976;68.472
2013-02-11;146.395;0.463;122.089;69.297
2013-02-12;146.323;0.466;116.762;66.278
2013-02-13;145.858;0.488;110.217;62.705
2013-02-14;145.933;0.484;113.852;64.893
2013-02-15;145.04;0.529;122.408;69.939
2013-02-18;145.108;0.526;123.514;70.604
2013-02-19;144.753;0.543;123.325;70.604
2013-02-20;144.795;0.54;115.883;66.3
2013-02-21;145.195;0.519;120.194;68.748
2013-02-22;144.475;0.556;125.113;71.836
2013-02-25;144.215;0.569;131.81;75.856
2013-02-26;144.535;0.552;126.636;72.933
2013-02-27;144.235;0.566;131.567;75.806
2013-02-28;145.0;0.527;132.269;75.891
2013-03-01;145.938;0.478;134.113;76.673
2013-03-04;146.345;0.457;123.885;70.773
2013-03-05;145.975;0.476;127.752;72.974
2013-03-06;145.925;0.477;132.591;75.803
2013-03-07;145.878;0.479;123.721;70.82
2013-03-08;145.868;0.479;125.471;71.786
2013-03-11;145.785;0.483;122.604;70.241
2013-03-12;145.75;0.485;126.479;72.507
2013-03-13;145.77;0.482;126.121;72.362
2013-03-14;146.063;0.467;119.965;68.788
2013-03-15;145.27;0.507;129.003;74.284
2013-03-18;145.273;0.507;132.521;76.386
2013-03-19;145.775;0.481;132.864;76.364
2013-03-20;145.213;0.508;134.75;77.619
2013-03-21;146.255;0.455;130.767;74.933
2013-03-22;145.848;0.475;138.77;79.501
2013-03-25;144.95;0.521;146.105;84.208
2013-03-26;145.155;0.508;140.654;81.135
2013-03-27;146.073;0.461;137.726;79.005
2013-03-28;146.21;0.454;136.504;78.171
2013-03-29;146.21;0.454;139.075;79.566
2013-04-01;146.21;0.454;139.079;79.582
2013-04-02;146.73;0.427;132.483;75.78
2013-04-03;147.365;0.393;135.476;77.153
2013-04-04;148.755;0.323;125.737;71.327
2013-04-05;151.16;0.204;111.561;62.606
2013-04-08;151.635;0.18;105.022;58.738
2013-04-09;150.83;0.219;103.662;58.28
2013-04-10;149.613;0.278;109.874;62.097
2013-04-11;149.058;0.305;114.05;64.592
2013-04-12;148.505;0.333;119.313;67.879
2013-04-15;148.385;0.338;120.755;68.793
2013-04-16;148.11;0.352;109.445;62.621
2013-04-17;148.26;0.343;116.484;66.557
2013-04-18;147.62;0.375;120.558;69.165
2013-04-19;147.85;0.363;112.568;64.562
2013-04-22;149.113;0.299;112.07;63.831
2013-04-23;150.055;0.252;109.365;61.955
2013-04-24;150.392;0.234;112.56;63.578
2013-04-25;150.405;0.233;119.411;67.266
2013-04-26;150.27;0.239;120.473;67.975
2013-04-29;149.707;0.266;118.322;67.108
2013-04-30;150.248;0.238;114.195;64.503
2013-05-01;150.228;0.239;122.647;69.071
2013-05-02;150.993;0.201;105.37;59.481
2013-05-03;150.953;0.202;89.384;50.453
2013-05-06;151.31;0.184;85.358;48.117
2013-05-07;150.04;0.247;91.77;51.928
2013-05-08;149.82;0.256;91.253;51.745
2013-05-09;148.578;0.318;101.38;57.883
2013-05-10;146.94;0.401;103.44;59.386
2013-05-13;147.07;0.394;107.219;61.566
2013-05-14;147.313;0.381;100.491;57.659
2013-05-15;146.78;0.407;100.21;57.697
2013-05-16;147.635;0.363;99.402;57.011
2013-05-17;147.8;0.354;93.575;53.676
2013-05-20;147.535;0.367;91.406;52.483
2013-05-21;147.945;0.346;82.251;47.101
2013-05-22;148.063;0.339;85.996;49.095
2013-05-23;147.52;0.366;82.028;47.031
2013-05-24;147.963;0.343;87.931;50.107
2013-05-27;147.6;0.361;83.358;47.618
2013-05-28;147.027;0.39;86.521;49.522
2013-05-29;146.423;0.42;88.511;50.726
2013-05-30;145.435;0.47;96.696;55.7
2013-05-31;145.073;0.488;98.184;56.708
2013-06-03;144.445;0.521;101.366;58.688
2013-06-04;144.29;0.528;102.244;59.185
2013-06-05;143.893;0.548;107.983;62.608
2013-06-06;143.1;0.589;107.474;62.622
2013-06-07;142.125;0.641;114.365;66.736
2013-06-10;140.635;0.72;111.26;65.575
2013-06-11;139.35;0.789;122.9;72.803
2013-06-12;139.568;0.777;122.596;72.581
2013-06-13;139.46;0.782;121.332;71.997
2013-06-14;140.855;0.706;116.954;68.959
2013-06-17;141.075;0.694;114.521;67.509
2013-06-18;140.97;0.699;112.143;66.052
2013-06-19;141.44;0.673;105.788;62.161
2013-06-20;138.81;0.815;112.113;66.517
2013-06-21;137.485;0.888;108.169;64.663
2013-06-24;134.515;1.055;125.159;75.927
2013-06-25;135.725;0.986;115.984;70.0
2013-06-26;137.235;0.9;109.729;65.826
2013-06-27;137.65;0.877;114.034;68.347
2013-06-28;138.09;0.852;110.86;66.258
2013-07-01;138.905;0.807;106.404;63.297
2013-07-02;139.845;0.755;109.21;64.483
2013-07-03;140.19;0.735;108.849;64.078
2013-07-04;141.017;0.69;106.264;62.371
2013-07-05;140.715;0.706;101.26;59.516
2013-07-08;140.53;0.716;102.77;60.503
2013-07-09;139.97;0.746;106.121;62.905
2013-07-10;139.505;0.77;104.664;62.189
2013-07-11;139.51;0.77;109.441;64.956
2013-07-12;139.655;0.761;116.62;69.161
2013-07-15;139.64;0.762;114.493;67.858
2013-07-16;140.61;0.709;111.154;65.577
2013-07-17;139.758;0.754;117.89;69.892
2013-07-18;139.57;0.764;125.8;74.57
2013-07-19;139.645;0.76;124.183;73.558
2013-07-22;140.358;0.72;113.381;67.05
2013-07-23;139.868;0.747;111.037;65.795
2013-07-24;139.663;0.757;97.794;57.983
2013-07-25;139.69;0.755;92.79;55.101
2013-07-26;139.748;0.752;94.578;56.142
2013-07-29;139.668;0.756;91.836;54.54
2013-07-30;139.343;0.773;93.947;55.878
2013-07-31;139.935;0.74;86.241;51.224
2013-08-01;140.718;0.697;79.094;46.962
2013-08-02;140.998;0.681;;
2013-08-05;140.573;0.704;83.928;49.55
2013-08-06;140.965;0.682;;
2013-08-07;140.943;0.682;;
2013-08-08;140.595;0.701;;
2013-08-09;140.62;0.699;;
2013-08-12;140.39;0.711;84.48;49.931
2013-08-13;139.065;0.783;82.965;49.219
2013-08-14;138.948;0.789;;
2013-08-15;137.9;0.847;;
2013-08-16;137.94;0.844;;
2013-08-19;137.265;0.881;89.538;53.555
2013-08-20;137.328;0.877;97.291;58.196
2013-08-21;137.198;0.884;100.859;60.211
2013-08-22;136.767;0.908;95.916;57.372
2013-08-23;137.42;0.871;82.479;49.199
2013-08-26;138.28;0.822;86.787;51.459
2013-08-27;137.7;0.854;102.17;60.8
2013-08-28;136.815;0.903;98.729;59.064
2013-08-29;136.453;0.923;;
2013-08-30;135.337;0.986;;
2013-09-02;135.087;1.0;;
2013-09-03;134.905;1.01;;
2013-09-04;135.4;0.981;;
2013-09-05;134.54;1.03;;
2013-09-06;135.457;0.977;;
2013-09-09;134.603;1.025;;
2013-09-10;134.105;1.054;;
2013-09-11;134.91;1.007;;
2013-09-12;135.087;0.996;;
2013-09-13;135.423;0.977;;
2013-09-16;136.272;0.928;;
2013-09-17;136.693;0.904;;
2013-09-18;136.628;0.906;;
2013-09-19;137.545;0.854;;
2013-09-20;136.885;0.891;;
2013-09-23;137.043;0.882;;
2013-09-24;137.798;0.839;97.174;58.292
2013-09-25;137.73;0.842;100.909;60.53
2013-09-26;137.485;0.855;102.487;61.556
2013-09-27;137.288;0.866;115.708;69.419
2013-09-30;137.73;0.841;105.361;63.224
2013-10-01;138.14;0.818;101.372;60.597
2013-10-02;137.778;0.837;96.224;57.784
2013-10-03;138.015;0.823;94.244;56.524
2013-10-04;137.26;0.865;92.662;55.755
2013-10-07;137.585;0.847;94.895;57.004
2013-10-08;137.453;0.854;102.246;61.305
2013-10-09;137.638;0.842;91.033;54.661
2013-10-10;137.09;0.873;91.93;55.344
2013-10-11;136.66;0.897;93.776;56.617
2013-10-14;136.478;0.907;93.042;56.234
2013-10-15;135.785;0.946;94.732;57.426
2013-10-16;135.823;0.943;96.264;58.313
2013-10-17;136.178;0.922;98.115;59.364
2013-10-18;136.565;0.9;104.898;63.223
2013-10-21;136.795;0.887;97.182;58.588
2013-10-22;137.895;0.824;95.647;57.394
2013-10-23;138.205;0.806;102.104;61.041
2013-10-24;138.605;0.783;91.529;54.689
2013-10-25;138.75;0.774;93.115;55.562
2013-10-28;138.74;0.775;91.472;54.622
2013-10-29;138.983;0.761;92.878;55.412
2013-10-30;139.585;0.726;85.457;50.917
2013-10-31;139.6;0.725;91.021;54.288
2013-11-01;138.57;0.782;89.225;53.637
2013-11-04;138.823;0.768;90.774;54.465
2013-11-05;137.903;0.819;90.465;54.503
2013-11-06;137.42;0.845;97.174;58.602
2013-11-07;137.87;0.819;93.972;56.81
2013-11-08;136.663;0.887;88.286;53.757
2013-11-11;136.508;0.896;87.572;53.427
2013-11-12;135.318;0.964;96.89;59.381
2013-11-13;136.673;0.885;93.72;57.129
2013-11-14;137.298;0.849;93.71;56.834
2013-11-15;137.245;0.852;89.078;54.144
2013-11-18;136.913;0.87;94.84;57.771
2013-11-19;136.618;0.887;94.815;57.778
2013-11-20;136.86;0.872;90.708;55.24
2013-11-21;136.898;0.869;89.147;54.375
2013-11-22;137.328;0.845;88.583;53.722
2013-11-25;137.448;0.837;90.156;54.604
2013-11-26;137.705;0.823;89.544;54.222
2013-11-27;137.508;0.833;89.328;54.107
2013-11-28;137.953;0.807;86.378;52.251
2013-11-29;138.058;0.801;83.811;50.687
2013-12-02;138.265;0.789;74.865;45.238
2013-12-03;138.818;0.757;75.129;45.246
2013-12-04;137.843;0.811;72.168;43.657
2013-12-05;136.803;0.87;79.553;48.319
2013-12-06;136.475;0.888;73.839;45.024
2013-12-09;136.388;0.893;75.549;46.093
2013-12-10;136.47;0.888;79.824;48.673
2013-12-11;136.88;0.864;78.987;48.055
2013-12-12;136.695;0.874;82.805;50.418
2013-12-13;136.195;0.902;85.908;52.493
2013-12-16;136.118;0.906;84.391;51.49
2013-12-17;135.712;0.929;92.88;56.771
2013-12-18;136.06;0.908;85.522;52.149
2013-12-19;136.142;0.903;75.491;46.065
2013-12-20;136.345;0.89;80.449;48.915
2013-12-23;136.038;0.907;82.755;50.363
2013-12-24;136.06;0.905;82.625;50.283
2013-12-25;136.06;0.905;82.884;50.443
2013-12-26;136.06;0.905;82.768;50.377
2013-12-27;134.908;0.971;80.23;49.121
2013-12-30;135.245;0.952;83.014;50.75
2013-12-31;135.233;0.951;81.415;49.787
2014-01-01;135.233;0.951;84.81;51.936
2014-01-02;134.74;0.98;78.912;48.555
2014-01-03;134.595;0.988;80.862;49.822
2014-01-06;134.628;0.985;91.534;56.297
2014-01-07;135.245;0.949;84.944;52.133
2014-01-08;135.575;0.929;82.848;50.625
2014-01-09;134.775;0.975;89.131;54.7
2014-01-10;135.535;0.931;90.868;55.589
2014-01-13;136.015;0.903;92.089;56.212
2014-01-14;136.045;0.9;88.227;53.816
2014-01-15;135.777;0.915;90.118;55.028
2014-01-16;135.985;0.903;89.718;54.836
2014-01-17;136.593;0.867;90.8;55.29
2014-01-20;136.793;0.855;89.462;54.537
2014-01-21;136.568;0.868;92.829;56.645
2014-01-22;135.955;0.902;95.391;58.363
2014-01-23;136.065;0.896;105.95;64.762
2014-01-24;136.638;0.862;99.054;60.403
2014-01-27;137.063;0.837;92.286;56.177
2014-01-28;137.42;0.817;91.157;55.397
2014-01-29;137.505;0.811;94.145;57.197
2014-01-30;137.128;0.832;95.073;57.933
2014-01-31;137.8;0.793;92.851;56.423
2014-02-03;138.388;0.759;87.313;52.953
2014-02-04;138.043;0.778;90.612;55.009
2014-02-05;138.055;0.777;91.686;55.653
2014-02-06;137.272;0.821;90.003;54.833
2014-02-07;138.01;0.779;85.598;51.976
2014-02-10;136.823;0.846;89.339;54.64
2014-02-11;136.243;0.879;93.032;57.069
2014-02-12;135.728;0.908;91.872;56.508
2014-02-13;136.185;0.881;98.018;60.135
2014-02-14;136.13;0.884;98.067;60.132
2014-02-17;135.653;0.912;101.477;62.35
2014-02-18;135.79;0.903;106.759;65.538
2014-02-19;135.75;0.904;105.095;64.534
2014-02-20;135.962;0.892;97.172;59.587
2014-02-21;136.255;0.874;97.005;59.413
2014-02-24;136.253;0.874;92.102;56.387
2014-02-25;137.075;0.826;91.476;55.796
2014-02-26;137.315;0.811;94.116;57.364
2014-02-27;138.328;0.753;85.294;51.821
2014-02-28;137.558;0.797;93.351;56.777
2014-03-03;138.515;0.742;94.457;57.199
2014-03-04;138.048;0.768;92.586;56.223
2014-03-05;138.553;0.738;86.219;52.288
2014-03-06;137.718;0.785;88.99;54.148
2014-03-07;138.258;0.754;78.6;47.727
2014-03-10;138.065;0.765;87.737;53.306
2014-03-11;137.12;0.819;88.137;53.952
2014-03-12;137.725;0.783;91.107;55.596
2014-03-13;137.698;0.784;98.56;60.138
2014-03-14;137.795;0.778;98.697;60.075
2014-03-17;137.705;0.783;95.844;58.367
2014-03-18;137.69;0.783;90.589;55.24
2014-03-19;137.325;0.803;90.744;55.323
2014-03-20;137.587;0.788;90.049;54.825
2014-03-21;138.017;0.763;88.445;53.737
2014-03-24;138.35;0.743;92.587;56.18
2014-03-25;138.253;0.749;96.903;58.866
2014-03-26;138.428;0.737;97.492;59.235
2014-03-27;138.925;0.709;94.121;57.108
2014-03-28;139.103;0.698;90.102;54.597
2014-03-31;139.145;0.696;87.959;53.328
2014-04-01;138.72;0.719;93.173;56.587
2014-04-02;138.022;0.758;94.296;57.415
2014-04-03;138.793;0.714;89.959;54.574
2014-04-04;140.073;0.641;86.108;51.948
2014-04-07;139.673;0.663;90.137;54.5
2014-04-08;139.17;0.691;92.059;55.782
2014-04-09;138.805;0.711;93.449;56.649
2014-04-10;139.425;0.675;93.713;56.66
2014-04-11;139.623;0.663;94.038;56.816
2014-04-14;139.61;0.664;88.529;53.499
2014-04-15;140.413;0.616;89.785;54.005
2014-04-16;140.245;0.626;90.363;54.356
2014-04-17;139.428;0.671;86.196;52.064
2014-04-18;139.428;0.671;85.75;51.765
2014-04-21;139.428;0.671;86.047;51.953
2014-04-22;139.123;0.688;92.865;56.128
2014-04-23;139.313;0.676;86.394;52.193
2014-04-24;139.142;0.686;88.812;53.696
2014-04-25;139.788;0.649;92.65;55.718
2014-04-28;139.663;0.655;93.663;56.383
2014-04-29;139.575;0.659;90.295;54.413
2014-04-30;140.635;0.598;85.606;51.318
2014-05-01;140.665;0.597;85.647;51.298
2014-05-02;141.022;0.576;77.807;46.617
2014-05-05;140.99;0.578;72.374;43.349
2014-05-06;140.97;0.578;79.598;47.614
2014-05-07;140.25;0.618;81.145;48.729
2014-05-08;140.74;0.59;78.807;47.24
2014-05-09;140.38;0.61;77.543;46.596
2014-05-12;139.863;0.639;81.52;49.142
2014-05-13;140.33;0.612;86.261;51.91
2014-05-14;141.345;0.553;83.589;50.054
2014-05-15;142.2;0.505;83.869;50.106
2014-05-16;142.11;0.51;82.857;49.499
2014-05-19;142.05;0.513;81.773;48.813
2014-05-20;141.843;0.524;84.288;50.36
2014-05-21;141.435;0.546;80.762;48.346
2014-05-22;141.478;0.543;80.684;48.305
2014-05-23;141.418;0.546;79.023;47.61
2014-05-26;141.58;0.536;71.555;43.153
2014-05-27;141.51;0.54;85.422;51.405
2014-05-28;142.488;0.484;84.461;50.579
2014-05-29;142.12;0.504;83.971;50.376
2014-05-30;141.908;0.515;79.94;48.093
2014-06-02;141.573;0.534;85.52;51.458
2014-06-03;140.848;0.574;87.306;52.698
2014-06-04;140.673;0.583;89.28;53.907
2014-06-05;141.835;0.517;85.136;51.154
2014-06-06;143.017;0.451;81.704;48.83
2014-06-09;142.395;0.485;83.151;49.859
2014-06-10;141.085;0.558;82.181;49.713
2014-06-11;140.498;0.59;91.748;55.548
2014-06-12;140.138;0.61;98.847;59.963
2014-06-13;140.943;0.564;95.608;57.738
2014-06-16;141.163;0.551;91.829;55.431
2014-06-17;140.763;0.573;100.655;60.662
2014-06-18;141.03;0.557;103.035;62.039
2014-06-19;142.198;0.491;95.272;57.093
2014-06-20;141.85;0.51;95.223;57.166
2014-06-23;142.0;0.501;99.421;59.593
2014-06-24;142.138;0.493;98.02;58.749
2014-06-25;142.85;0.452;97.17;58.046
2014-06-26;143.015;0.442;98.323;58.704
2014-06-27;143.12;0.436;95.983;57.245
2014-06-30;143.643;0.407;92.043;54.827
2014-07-01;143.703;0.403;89.428;53.286
2014-07-02;143.223;0.428;87.885;52.464
2014-07-03;143.735;0.399;81.635;48.618
2014-07-04;143.925;0.388;83.108;49.472
2014-07-07;144.13;0.377;80.769;48.067
2014-07-08;144.81;0.339;80.178;47.582
2014-07-09;144.573;0.35;82.342;48.873
2014-07-10;144.618;0.348;85.995;51.011
2014-07-11;144.578;0.349;83.919;49.84
2014-07-14;144.582;0.349;87.181;51.697
2014-07-15;144.91;0.33;83.668;49.553
2014-07-16;145.433;0.3;85.028;50.192
2014-07-17;146.058;0.266;78.32;46.22
2014-07-18;146.233;0.256;83.505;49.112
2014-07-21;146.295;0.252;82.865;48.717
2014-07-22;146.558;0.237;79.868;46.898
2014-07-23;147.16;0.203;74.75;43.78
2014-07-24;147.095;0.206;65.959;38.712
2014-07-25;147.207;0.2;70.032;41.082
2014-07-28;147.403;0.188;72.071;42.192
2014-07-29;147.848;0.164;72.001;42.073
2014-07-30;147.353;0.189;69.208;40.473
2014-07-31;147.533;0.179;62.456;36.59
2014-08-01;147.088;0.203;70.174;41.165
2014-08-04;146.793;0.218;71.217;41.846
2014-08-05;145.633;0.281;77.245;45.657
2014-08-06;146.212;0.248;76.282;45.035
2014-08-07;146.613;0.226;76.507;45.072
2014-08-08;146.755;0.218;70.771;41.696
2014-08-11;145.863;0.266;78.174;46.263
2014-08-12;145.78;0.27;76.545;45.322
2014-08-13;146.033;0.255;78.04;46.215
2014-08-14;146.155;0.248;74.745;44.286
2014-08-15;146.585;0.224;67.62;40.113
2014-08-18;145.718;0.271;76.793;45.615
2014-08-19;146.493;0.228;80.965;47.807
2014-08-20;146.695;0.215;78.113;46.181
2014-08-21;146.525;0.224;82.275;48.63
2014-08-22;146.94;0.201;79.931;47.199
2014-08-25;148.198;0.133;74.159;43.573
2014-08-26;148.975;0.09;75.749;44.259
2014-08-27;149.718;0.049;77.33;44.974
2014-08-28;150.128;0.027;80.33;46.599
2014-08-29;149.668;0.051;88.18;51.21
2014-09-01;149.945;0.036;85.478;49.602
2014-09-02;149.098;0.08;83.066;48.439
2014-09-03;148.495;0.111;82.086;48.083
2014-09-04;149.005;0.083;74.321;43.506
2014-09-05;149.95;0.032;76.038;44.263
2014-09-08;149.225;0.071;70.739;41.396
2014-09-09;147.363;0.171;81.312;48.008
2014-09-10;147.003;0.189;78.757;46.657
2014-09-11;146.483;0.217;92.934;55.014
2014-09-12;146.45;0.218;84.026;49.785
2014-09-15;146.125;0.235;85.87;51.075
2014-09-16;145.055;0.294;95.735;57.163
2014-09-17;145.373;0.275;87.399;52.242
2014-09-18;144.933;0.299;87.008;52.077
2014-09-19;145.475;0.269;87.874;52.507
2014-09-22;146.275;0.224;86.871;51.706
2014-09-23;146.55;0.208;88.014;52.26
2014-09-24;146.593;0.205;85.904;51.045
2014-09-25;146.82;0.192;90.756;53.841
2014-09-26;147.305;0.165;85.931;50.878
2014-09-29;147.74;0.141;83.42;49.312
2014-09-30;148.015;0.125;80.889;47.784
2014-10-01;148.215;0.113;81.989;48.42
2014-10-02;147.717;0.14;79.533;47.103
2014-10-03;147.41;0.156;81.974;48.57
2014-10-06;147.028;0.177;78.231;46.547
2014-10-07;146.603;0.2;85.577;50.949
2014-10-08;146.718;0.193;80.648;47.984
2014-10-09;146.755;0.189;75.344;44.911
2014-10-10;146.48;0.204;78.836;47.02
2014-10-13;145.48;0.259;83.785;50.244
2014-10-14;145.888;0.236;81.006;48.605
2014-10-15;146.603;0.196;88.729;52.983
2014-10-16;144.81;0.294;87.412;52.623
2014-10-17;144.703;0.299;91.267;54.863
2014-10-20;145.563;0.251;88.328;52.86
2014-10-21;146.608;0.193;83.056;49.35
2014-10-22;146.573;0.194;83.005;49.351
2014-10-23;146.448;0.2;75.644;45.026
2014-10-24;146.35;0.205;77.815;46.349
2014-10-27;146.84;0.177;82.658;49.017
2014-10-28;147.36;0.148;77.136;45.692
2014-10-29;147.828;0.122;78.597;46.336
2014-10-30;148.258;0.097;77.433;45.67
2014-10-31;148.455;0.086;72.469;42.794
2014-11-03;147.663;0.129;76.088;45.119
2014-11-04;148.545;0.08;77.186;45.555
2014-11-05;147.778;0.121;80.269;47.572
2014-11-06;148.05;0.105;84.539;49.936
2014-11-07;148.295;0.091;85.992;50.719
2014-11-10;148.267;0.092;89.379;52.644
2014-11-11;148.663;0.07;86.789;51.037
2014-11-12;148.415;0.083;90.61;53.352
2014-11-13;147.813;0.115;96.029;56.773
2014-11-14;148.093;0.099;89.193;52.794
2014-11-17;147.19;0.148;93.801;55.721
2014-11-18;147.278;0.143;91.176;54.157
2014-11-19;146.603;0.179;85.952;51.307
2014-11-20;147.652;0.12;88.073;52.296
2014-11-21;148.363;0.081;85.076;50.402
2014-11-24;148.658;0.064;85.366;50.461
2014-11-25;150.308;-0.025;76.03;44.616
2014-11-26;150.712;-0.048;71.789;42.095
2014-11-27;151.353;-0.083;70.119;41.024
2014-11-28;151.028;-0.066;67.841;39.806
2014-12-01;149.935;-0.008;60.763;35.91
2014-12-02;149.897;-0.007;68.074;40.158
2014-12-03;149.84;-0.004;68.636;40.479
2014-12-04;149.575;0.009;66.852;39.502
2014-12-05;150.028;-0.016;63.762;37.555
2014-12-08;150.995;-0.069;66.693;39.074
2014-12-09;151.138;-0.077;67.478;39.498
2014-12-10;150.563;-0.047;64.222;37.823
2014-12-11;149.085;0.032;74.875;44.38
2014-12-12;149.558;0.005;75.775;44.821
2014-12-15;148.988;0.036;74.421;44.209
2014-12-16;148.7;0.051;61.847;37.001
2014-12-17;148.51;0.061;67.407;40.307
2014-12-18;147.895;0.093;77.771;46.476
2014-12-19;147.995;0.087;77.882;46.541
2014-12-22;149.395;0.01;72.975;43.251
2014-12-23;150.275;-0.04;65.08;38.415
2014-12-24;150.39;-0.047;62.459;36.866
2014-12-25;150.39;-0.047;67.214;39.617
2014-12-26;150.39;-0.047;68.346;40.272
2014-12-29;150.87;-0.073;72.537;42.646
2014-12-30;150.433;-0.05;70.867;41.819
2014-12-31;150.34;-0.047;73.04;43.069
2015-01-01;150.34;-0.047;75.414;44.451
2015-01-02;150.98;-0.082;71.07;41.881
2015-01-05;149.49;-0.002;74.624;44.346
2015-01-06;149.913;-0.025;71.972;42.782
2015-01-07;149.19;0.013;73.068;43.59
2015-01-08;149.605;-0.011;65.633;39.091
2015-01-09;149.535;-0.007;64.76;38.613
2015-01-12;149.238;0.008;74.762;44.586
2015-01-13;149.305;0.004;72.82;43.414
2015-01-14;151.29;-0.104;58.974;34.862
2015-01-15;151.155;-0.098;66.437;39.288
2015-01-16;152.245;-0.157;64.372;37.789
2015-01-19;152.605;-0.177;74.237;43.375
2015-01-20;153.035;-0.2;71.563;41.69
2015-01-21;153.22;-0.21;66.226;38.46
2015-01-22;156.395;-0.378;55.173;31.515
2015-01-23;157.905;-0.456;52.479;29.814
2015-01-26;156.94;-0.407;48.533;27.702
2015-01-27;156.493;-0.385;48.741;27.925
2015-01-28;156.37;-0.379;51.969;29.818
2015-01-29;154.91;-0.305;50.227;29.05
2015-01-30;157.275;-0.428;48.336;27.592
2015-02-02;157.263;-0.428;49.179;28.085
2015-02-03;156.75;-0.402;51.47;29.43
2015-02-04;156.068;-0.367;54.667;31.385
2015-02-05;156.883;-0.411;57.088;32.554
2015-02-06;155.647;-0.348;59.814;34.361
2015-02-09;154.885;-0.308;67.873;39.111
2015-02-10;153.663;-0.245;72.227;41.906
2015-02-11;153.865;-0.256;70.797;41.06
2015-02-12;154.325;-0.282;68.084;39.409
2015-02-13;155.365;-0.337;53.044;30.606
2015-02-16;155.198;-0.329;57.868;33.479
2015-02-17;154.58;-0.297;52.607;30.535
2015-02-18;154.395;-0.288;48.272;28.104
2015-02-19;154.995;-0.321;39.211;22.781
2015-02-20;155.968;-0.372;31.647;18.288
2015-02-23;155.873;-0.368;43.352;25.018
2015-02-24;156.225;-0.387;33.866;19.565
2015-02-25;157.053;-0.43;35.723;20.544
2015-02-26;157.653;-0.463;27.778;15.958
2015-02-27;157.488;-0.455;31.987;18.36
2015-03-02;157.335;-0.448;34.031;19.537
2015-03-03;157.438;-0.454;40.498;23.209
2015-03-04;158.295;-0.498;34.505;19.678
2015-03-05;160.255;-0.6;34.198;19.295
2015-03-06;160.5;-0.613;10.985;6.198
2015-03-09;161.725;-0.675;11.356;6.375
2015-03-10;164.105;-0.794;-0.065;-0.068
2015-03-11;165.29;-0.852;3.814;2.088
2015-03-12;166.79;-0.927;-7.059;-3.925
2015-03-13;166.84;-0.93;-3.363;-1.885
2015-03-16;165.128;-0.848;10.354;5.713
2015-03-17;164.118;-0.799;11.531;6.41
2015-03-18;165.332;-0.859;22.98;12.716
2015-03-19;165.998;-0.893;21.88;12.063
2015-03-20;167.24;-0.954;19.947;10.923
2015-03-23;166.885;-0.937;12.887;7.067
2015-03-24;165.673;-0.879;25.761;14.211
2015-03-25;165.783;-0.885;21.683;11.965
2015-03-26;165.865;-0.891;25.047;13.827
2015-03-27;164.748;-0.837;36.976;20.502
2015-03-30;163.433;-0.773;43.402;24.226
2015-03-31;164.082;-0.806;41.111;22.9
2015-04-01;165.605;-0.884;29.98;16.556
2015-04-02;165.87;-0.897;19.694;10.865
2015-04-03;165.87;-0.897;22.37;12.334
2015-04-06;165.87;-0.897;23.972;13.213
2015-04-07;165.87;-0.898;23.544;12.987
2015-04-08;165.733;-0.892;26.925;14.88
2015-04-09;165.755;-0.895;24.652;13.614
2015-04-10;166.125;-0.914;23.573;12.983
2015-04-13;166.837;-0.949;22.441;12.317
2015-04-14;167.558;-0.985;21.19;11.573
2015-04-15;169.19;-1.064;14.555;7.874
2015-04-16;168.92;-1.053;19.031;10.312
2015-04-17;169.207;-1.067;19.297;10.441
2015-04-20;169.385;-1.076;20.243;10.937
2015-04-21;168.835;-1.051;17.023;9.211
2015-04-22;167.333;-0.979;22.963;12.518
2015-04-23;166.668;-0.949;28.002;15.316
2015-04-24;166.433;-0.938;32.567;17.826
2015-04-27;166.188;-0.927;31.795;17.423
2015-04-28;166.02;-0.919;28.007;15.374
2015-04-29;163.188;-0.782;35.255;19.574
2015-04-30;162.373;-0.742;39.481;21.944
2015-05-01;162.538;-0.75;35.623;19.798
2015-05-04;160.438;-0.645;30.784;17.282
2015-05-05;158.0;-0.52;41.256;23.411
2015-05-06;155.425;-0.386;51.191;29.366
2015-05-07;155.938;-0.415;51.357;29.386
2015-05-08;157.01;-0.472;44.112;25.142
2015-05-11;156.275;-0.434;40.49;23.138
2015-05-12;155.003;-0.367;41.424;23.8
2015-05-13;154.233;-0.327;37.184;21.454
2015-05-14;153.99;-0.315;44.354;25.6
2015-05-15;155.315;-0.386;38.755;22.252
2015-05-18;154.245;-0.33;44.027;25.388
2015-05-19;155.35;-0.389;39.114;22.444
2015-05-20;153.948;-0.315;45.511;26.292
2015-05-21;153.75;-0.306;39.381;22.78
2015-05-22;153.585;-0.298;39.425;22.842
2015-05-25;153.775;-0.309;37.04;21.422
2015-05-26;153.45;-0.292;44.454;25.789
2015-05-27;153.19;-0.279;37.237;21.663
2015-05-28;153.835;-0.315;37.379;21.656
2015-05-29;155.517;-0.405;34.788;19.975
2015-06-01;154.435;-0.348;34.471;19.887
2015-06-02;152.055;-0.22;39.315;22.929
2015-06-03;149.03;-0.054;37.887;22.417
2015-06-04;149.553;-0.085;46.937;27.666
2015-06-05;149.763;-0.097;43.089;25.339
2015-06-08;149.035;-0.057;48.38;28.515
2015-06-09;147.97;0.002;47.951;28.381
2015-06-10;147.403;0.034;46.338;27.521
2015-06-11;148.998;-0.058;47.075;27.754
2015-06-12;149.6;-0.092;44.241;25.981
2015-06-15;148.503;-0.031;57.242;33.761
2015-06-16;148.635;-0.039;58.262;34.361
2015-06-17;148.82;-0.05;57.501;33.866
2015-06-18;149.488;-0.089;44.808;26.344
2015-06-19;150.003;-0.118;47.484;27.845
2015-06-22;148.892;-0.056;44.574;26.258
2015-06-23;149.218;-0.075;41.069;24.168
2015-06-24;149.43;-0.088;46.414;27.294
2015-06-25;149.015;-0.066;47.093;27.734
2015-06-26;148.14;-0.017;40.681;24.07
2015-06-29;148.633;-0.046;51.596;30.488
2015-06-30;149.17;-0.076;50.803;29.91
2015-07-01;148.105;-0.017;47.962;28.414
2015-07-02;146.897;0.05;54.427;32.421
2015-07-03;148.133;-0.021;46.286;27.458
2015-07-06;147.85;-0.005;58.826;34.896
2015-07-07;149.288;-0.087;46.847;27.65
2015-07-08;149.173;-0.081;48.526;28.662
2015-07-09;148.138;-0.024;45.803;27.193
2015-07-10;146.113;0.091;42.406;25.43
2015-07-13;146.368;0.076;49.115;29.42
2015-07-14;146.588;0.063;46.22;27.686
2015-07-15;147.883;-0.012;52.038;30.925
2015-07-16;147.695;-0.003;47.885;28.493
2015-07-17;148.145;-0.029;52.473;31.16
2015-07-20;148.423;-0.045;52.318;31.01
2015-07-21;147.517;0.006;57.694;34.347
2015-07-22;148.275;-0.038;55.512;32.948
2015-07-23;148.53;-0.054;52.298;31.009
2015-07-24;149.478;-0.108;50.041;29.541
2015-07-27;148.695;-0.064;53.075;31.482
2015-07-28;148.54;-0.056;50.761;30.132
2015-07-29;148.853;-0.074;46.655;27.646
2015-07-30;150.86;-0.188;39.75;23.317
2015-07-31;151.415;-0.219;35.157;20.57
2015-08-03;149.978;-0.14;48.934;28.848
2015-08-04;149.527;-0.115;45.034;26.619
2015-08-05;148.09;-0.035;48.507;28.847
2015-08-06;148.268;-0.046;48.427;28.812
2015-08-07;148.413;-0.055;51.635;30.717
2015-08-10;147.69;-0.015;51.638;30.819
2015-08-11;148.328;-0.052;61.293;30.496
2015-08-12;147.423;-0.001;51.131;30.688
2015-08-13;146.815;0.033;55.049;33.119
2015-08-14;146.683;0.04;58.322;35.059
2015-08-17;147.64;-0.016;52.614;31.488
2015-08-18;146.338;0.059;57.344;34.581
2015-08-19;146.5;0.049;63.954;38.5
2015-08-20;146.323;0.057;67.13;40.465
2015-08-21;145.453;0.107;72.23;43.744
2015-08-24;144.408;0.168;71.07;43.321
2015-08-25;142.798;0.263;74.872;45.904
2015-08-26;143.495;0.221;62.807;38.477
2015-08-27;143.19;0.237;72.726;44.547
2015-08-28;144.517;0.158;64.239;39.056
2015-08-31;144.855;0.138;46.97;28.566
2015-09-01;144.423;0.163;60.665;36.852
2015-09-02;144.84;0.138;57.949;35.177
2015-09-03;146.12;0.062;55.648;33.589
2015-09-04;146.48;0.04;63.092;37.993
2015-09-07;145.653;0.088;63.326;38.35
2015-09-08;145.343;0.106;64.11;38.88
2015-09-09;145.948;0.07;59.015;35.7
2015-09-10;145.735;0.081;57.382;34.785
2015-09-11;146.25;0.05;58.847;35.579
2015-09-14;146.015;0.063;58.657;35.525
2015-09-15;144.587;0.146;59.393;36.193
2015-09-16;144.14;0.172;;
2015-09-17;144.388;0.156;65.164;39.752
2015-09-18;146.313;0.043;57.76;34.947
2015-09-21;146.083;0.056;52.762;31.986
2015-09-22;147.318;-0.016;51.73;31.211
2015-09-23;147.623;-0.034;48.353;29.128
2015-09-24;147.353;-0.021;51.004;30.767
2015-09-25;146.465;0.03;52.777;31.99
2015-09-28;147.448;-0.027;52.417;31.617
2015-09-29;147.508;-0.031;44.244;26.756
2015-09-30;147.695;-0.042;40.783;24.653
2015-10-01;148.9;-0.113;39.449;23.69
2015-10-02;149.625;-0.155;38.799;23.199
2015-10-05;148.935;-0.116;38.069;22.835
2015-10-06;148.33;-0.082;38.569;23.205
2015-10-07;148.928;-0.117;34.264;20.548
2015-10-08;149.195;-0.134;34.04;20.363
2015-10-09;148.493;-0.094;40.748;24.439
2015-10-12;148.82;-0.113;43.067;25.785
2015-10-13;148.903;-0.119;40.137;24.034
2015-10-14;149.36;-0.145;39.844;23.813
2015-10-15;149.233;-0.14;38.453;22.977
2015-10-16;149.628;-0.163;39.046;23.275
2015-10-19;149.503;-0.156;40.611;24.207
2015-10-20;148.388;-0.093;41.345;24.772
2015-10-21;149.498;-0.157;41.565;24.766
2015-10-22;150.973;-0.242;39.707;23.486
2015-10-23;151.345;-0.264;37.344;22.028
2015-10-26;151.475;-0.272;40.473;23.862
2015-10-27;152.453;-0.327;37.851;22.227
2015-10-28;152.768;-0.345;32.452;19.027
2015-10-29;151.303;-0.265;31.457;18.579
2015-10-30;151.445;-0.273;30.175;17.821
2015-11-02;150.165;-0.202;35.841;21.298
2015-11-03;149.858;-0.185;37.496;22.312
2015-11-04;150.255;-0.208;32.51;19.317
2015-11-05;150.47;-0.222;30.984;18.406
2015-11-06;149.155;-0.148;35.808;21.381
2015-11-09;149.523;-0.169;41.483;24.726
2015-11-10;151.183;-0.264;29.729;17.597
2015-11-11;150.795;-0.243;30.617;18.173
2015-11-12;149.963;-0.197;39.101;23.292
2015-11-13;150.538;-0.23;35.198;20.942
2015-11-16;150.21;-0.212;37.38;22.285
2015-11-17;150.215;-0.213;44.065;26.26
2015-11-18;150.505;-0.23;43.011;25.591
2015-11-19;151.31;-0.278;39.93;23.674
2015-11-20;151.348;-0.28;37.709;22.391
2015-11-23;150.73;-0.246;43.148;25.696
2015-11-24;150.99;-0.261;42.777;25.416
2015-11-25;151.763;-0.305;35.87;21.27
2015-11-26;152.315;-0.338;31.687;18.737
2015-11-27;152.78;-0.365;28.422;16.775
2015-11-30;152.96;-0.375;27.58;16.249
2015-12-01;153.065;-0.382;35.327;20.79
2015-12-02;153.07;-0.383;29.168;17.187
2015-12-03;149.443;-0.18;26.713;16.0
2015-12-04;147.665;-0.078;39.077;23.657
2015-12-07;148.945;-0.152;37.472;22.558
2015-12-08;149.56;-0.188;39.084;23.423
2015-12-09;149.308;-0.174;41.024;24.606
2015-12-10;149.715;-0.199;32.342;19.38
2015-12-11;149.063;-0.162;42.095;25.321
2015-12-14;148.115;-0.108;39.626;23.959
2015-12-15;148.1;-0.108;35.094;21.194
2015-12-16;147.735;-0.087;30.121;18.219
2015-12-17;148.18;-0.115;38.052;22.969
2015-12-18;148.613;-0.14;37.614;22.671
2015-12-21;148.298;-0.123;34.536;20.857
2015-12-22;147.003;-0.048;37.206;22.614
2015-12-23;146.123;0.002;41.792;25.492
2015-12-24;;;44.073;26.909
2015-12-25;;;44.262;27.027
2015-12-28;146.733;-0.035;46.737;28.403
2015-12-29;146.055;0.004;46.008;28.035
2015-12-30;146.103;-0.001;43.574;26.593
2015-12-31;146.103;-0.002;;
2016-01-01;146.103;-0.002;;
2016-01-04;146.885;-0.048;41.928;25.504
2016-01-05;146.392;-0.02;49.184;30.035
2016-01-06;146.585;-0.032;46.272;28.272
2016-01-07;145.865;0.009;55.583;34.024
2016-01-08;146.863;-0.05;48.055;29.289
2016-01-11;146.07;-0.004;51.414;31.477
2016-01-12;146.035;-0.002;54.491;33.36
2016-01-13;146.975;-0.059;48.57;29.615
2016-01-14;146.385;-0.025;44.016;26.945
2016-01-15;146.45;-0.03;46.765;28.646
2016-01-18;146.21;-0.016;48.914;29.994
2016-01-19;146.41;-0.029;50.287;30.805
2016-01-20;146.66;-0.044;48.231;29.583
2016-01-21;147.265;-0.081;49.048;30.021
2016-01-22;146.793;-0.054;49.295;30.232
2016-01-25;147.12;-0.074;48.193;29.506
2016-01-26;147.54;-0.099;47.428;29.011
2016-01-27;147.248;-0.082;50.197;30.734
2016-01-28;148.0;-0.128;49.237;30.052
2016-01-29;150.133;-0.253;37.537;22.705
2016-02-01;148.723;-0.172;49.68;30.225
2016-02-02;148.515;-0.16;52.324;31.881
2016-02-03;149.168;-0.199;54.196;32.9
2016-02-04;149.113;-0.197;52.907;32.096
2016-02-05;149.763;-0.235;48.774;29.516
2016-02-08;150.01;-0.25;51.424;31.078
2016-02-09;149.082;-0.197;52.725;32.032
2016-02-10;148.893;-0.187;53.774;32.699
2016-02-11;148.37;-0.158;52.082;31.806
2016-02-12;147.625;-0.115;53.486;32.732
2016-02-15;148.515;-0.168;55.035;33.501
2016-02-16;147.718;-0.122;58.748;35.901
2016-02-17;147.845;-0.13;61.379;37.458
2016-02-18;149.258;-0.214;55.751;33.812
2016-02-19;149.35;-0.22;49.203;29.864
2016-02-22;150.238;-0.272;48.836;29.493
2016-02-23;149.878;-0.252;51.97;31.436
2016-02-24;149.663;-0.24;47.844;29.02
2016-02-25;149.543;-0.235;47.563;28.896
2016-02-26;149.153;-0.212;50.036;30.45
2016-02-29;148.785;-0.192;54.765;33.45
2016-03-01;148.158;-0.155;56.191;34.428
2016-03-02;147.478;-0.116;59.659;36.623
2016-03-03;149.383;-0.229;59.232;36.0
2016-03-04;149.435;-0.233;55.708;33.793
2016-03-07;149.957;-0.264;50.635;30.681
2016-03-08;150.783;-0.312;45.891;27.724
2016-03-09;150.337;-0.287;39.888;24.163
2016-03-10;149.785;-0.257;42.196;25.612
2016-03-11;151.288;-0.344;33.787;20.381
2016-03-14;151.075;-0.333;27.267;16.482
2016-03-15;150.075;-0.276;31.834;19.358
2016-03-16;150.213;-0.284;36.058;21.922
2016-03-17;152.248;-0.403;28.751;17.324
2016-03-18;152.848;-0.438;25.901;15.566
2016-03-21;152.44;-0.415;25.024;15.082
2016-03-22;152.733;-0.433;21.42;12.898
2016-03-23;153.243;-0.465;23.837;14.332
2016-03-24;153.4;-0.474;18.303;11.003
2016-03-25;153.4;-0.474;;
2016-03-28;153.4;-0.474;21.682;13.026
2016-03-29;154.163;-0.518;18.195;10.916
2016-03-30;153.945;-0.506;14.093;8.468
2016-03-31;153.73;-0.496;14.299;8.601
2016-04-01;154.118;-0.519;19.669;11.796
2016-04-04;154.522;-0.542;17.153;10.264
2016-04-05;154.915;-0.565;18.915;11.297
2016-04-06;155.038;-0.572;13.982;8.346
2016-04-07;155.235;-0.585;15.439;9.207
2016-04-08;155.07;-0.577;18.364;10.954
2016-04-11;154.148;-0.526;22.005;13.188
2016-04-12;152.863;-0.453;24.535;14.787
2016-04-13;154.033;-0.52;20.375;12.217
2016-04-14;153.028;-0.465;21.506;12.958
2016-04-15;153.683;-0.503;22.334;13.413
2016-04-18;153.243;-0.479;22.609;13.607
2016-04-19;153.623;-0.501;18.918;11.364
2016-04-20;153.703;-0.506;16.406;9.856
2016-04-21;152.675;-0.45;15.959;9.628
2016-04-22;152.578;-0.445;16.747;10.112
2016-04-25;151.973;-0.411;17.644;10.676
2016-04-26;151.44;-0.381;18.606;11.281
2016-04-27;151.0;-0.356;24.121;14.651
2016-04-28;151.648;-0.395;25.624;15.501
2016-04-29;151.938;-0.412;21.939;13.233
2016-05-02;152.043;-0.419;24.621;14.826
2016-05-03;152.97;-0.473;25.101;15.062
2016-05-04;152.955;-0.473;24.898;14.933
2016-05-05;153.308;-0.495;29.577;17.687
2016-05-06;153.675;-0.516;25.573;15.268
2016-05-09;154.298;-0.552;23.958;14.266
2016-05-10;154.253;-0.55;27.444;16.331
2016-05-11;154.325;-0.555;26.559;15.79
2016-05-12;153.695;-0.521;24.0;14.304
2016-05-13;154.423;-0.563;23.593;14.013
2016-05-16;154.09;-0.545;22.016;13.1
2016-05-17;154.368;-0.562;19.726;11.716
2016-05-18;153.892;-0.535;18.522;11.029
2016-05-19;153.92;-0.539;15.302;9.107
2016-05-20;153.8;-0.533;17.34;10.325
2016-05-23;153.535;-0.518;16.474;9.827
2016-05-24;153.46;-0.515;18.542;11.051
2016-05-25;154.163;-0.555;15.471;9.19
2016-05-26;153.84;-0.539;23.664;14.062
2016-05-27;153.62;-0.527;21.78;12.958
2016-05-30;152.765;-0.479;23.24;13.884
2016-05-31;152.855;-0.484;26.863;16.041
2016-06-01;152.693;-0.476;24.66;14.751
2016-06-02;152.845;-0.487;23.581;14.098
2016-06-03;153.95;-0.55;19.075;11.352
2016-06-06;153.58;-0.53;17.73;10.577
2016-06-07;154.433;-0.579;16.497;9.797
2016-06-08;154.645;-0.592;12.517;7.429
2016-06-09;154.745;-0.6;10.177;6.044
2016-06-10;154.575;-0.591;10.75;6.392
2016-06-13;154.063;-0.562;11.595;6.915
2016-06-14;153.83;-0.55;13.843;8.27
2016-06-15;153.925;-0.556;16.405;9.791
2016-06-16;153.885;-0.555;13.301;7.945
2016-06-17;153.215;-0.518;17.657;10.582
2016-06-20;153.563;-0.538;12.358;7.395
2016-06-21;153.563;-0.539;11.412;6.829
2016-06-22;153.59;-0.541;11.173;6.682
2016-06-23;153.258;-0.524;11.345;6.788
2016-06-24;154.17;-0.577;5.943;3.546
2016-06-27;155.433;-0.65;0.754;0.443
2016-06-28;156.375;-0.703;-5.863;-3.477
2016-06-29;157.19;-0.75;-5.524;-3.259
2016-06-30;157.928;-0.793;-24.347;-14.335
2016-07-01;158.058;-0.801;-11.327;-6.656
2016-07-04;157.535;-0.773;1.301;0.764
2016-07-05;157.808;-0.788;-0.964;-0.569
2016-07-06;157.505;-0.772;-3.998;-2.362
2016-07-07;157.325;-0.764;-5.018;-2.965
2016-07-08;157.69;-0.785;-6.396;-3.774
2016-07-11;157.16;-0.757;-6.091;-3.603
2016-07-12;156.5;-0.72;-0.066;-0.04
2016-07-13;157.82;-0.795;-1.571;-0.926
2016-07-14;157.233;-0.764;1.529;0.897
2016-07-15;157.168;-0.761;-0.59;-0.35
2016-07-18;157.175;-0.762;2.463;1.445
2016-07-19;157.325;-0.771;-2.242;-1.318
2016-07-20;156.693;-0.737;-4.155;-2.451
2016-07-21;156.918;-0.751;-6.532;-3.845
2016-07-22;156.975;-0.755;-7.456;-4.394
2016-07-25;157.445;-0.782;-11.515;-6.77
2016-07-26;157.623;-0.793;-9.381;-5.504
2016-07-27;159.028;-0.872;-10.788;-6.283
2016-07-28;159.288;-0.889;-9.187;-5.336
2016-07-29;159.36;-0.893;-6.281;-3.648
2016-08-01;158.435;-0.843;-5.982;-3.492
2016-08-02;156.978;-0.762;-3.155;-1.855
2016-08-03;156.753;-0.75;1.502;0.88
2016-08-04;157.69;-0.805;0.843;0.491
2016-08-05;157.578;-0.799;-2.196;-1.288
2016-08-08;158.038;-0.826;-5.502;-3.216
2016-08-09;158.267;-0.839;-2.466;-1.441
2016-08-10;158.895;-0.875;-0.604;-0.354
2016-08-11;158.613;-0.861;-7.464;-4.349
2016-08-12;159.128;-0.891;-7.822;-4.549
2016-08-15;158.71;-0.868;-8.968;-5.225
2016-08-16;157.693;-0.812;-7.166;-4.196
2016-08-17;158.093;-0.835;-6.096;-3.562
2016-08-18;158.058;-0.835;-3.254;-1.903
2016-08-19;157.015;-0.778;2.11;1.235
2016-08-22;157.818;-0.823;1.435;0.836
2016-08-23;157.558;-0.81;4.687;2.738
2016-08-24;157.513;-0.808;4.761;2.781
2016-08-25;157.08;-0.786;6.124;3.585
2016-08-26;157.193;-0.793;5.42;3.169
2016-08-29;157.618;-0.817;5.54;3.233
2016-08-30;157.635;-0.819;6.414;3.744
2016-08-31;156.748;-0.77;6.33;3.714
2016-09-01;156.438;-0.754;6.0;3.53
2016-09-02;156.335;-0.749;5.028;2.96
2016-09-05;156.61;-0.765;4.681;2.753
2016-09-06;158.0;-0.845;-2.208;-1.294
2016-09-07;158.543;-0.876;-0.525;-0.307
2016-09-08;157.275;-0.807;2.307;1.352
2016-09-09;156.083;-0.74;4.39;2.587
2016-09-12;155.813;-0.725;6.922;4.08
2016-09-13;155.158;-0.688;6.098;3.607
2016-09-14;155.983;-0.736;4.264;2.516
2016-09-15;155.168;-0.691;7.516;4.453
2016-09-16;155.49;-0.711;10.165;6.011
2016-09-19;155.49;-0.711;9.94;5.878
2016-09-20;156.652;-0.779;4.269;2.511
2016-09-21;156.513;-0.771;2.283;1.343
2016-09-22;158.538;-0.888;-1.483;-0.867
2016-09-23;158.295;-0.875;1.189;0.694
2016-09-26;158.24;-0.873;4.073;2.383
2016-09-27;157.94;-0.857;4.149;2.433
2016-09-28;158.688;-0.899;0.109;0.068
2016-09-29;159.017;-0.92;-2.373;-1.379
2016-09-30;158.975;-0.919;-5.131;-2.984
2016-10-03;158.445;-0.89;-2.324;-1.353
2016-10-04;157.628;-0.844;1.042;0.614
2016-10-05;156.525;-0.782;6.375;3.754
2016-10-06;157.24;-0.825;-3.064;-1.792
2016-10-07;156.955;-0.81;-6.032;-3.538
2016-10-10;156.405;-0.779;-8.466;-4.981
2016-10-11;156.905;-0.808;-9.315;-5.471
2016-10-12;155.903;-0.752;-3.884;-2.287
2016-10-13;156.235;-0.773;-2.982;-1.751
2016-10-14;156.238;-0.774;-3.759;-2.206
2016-10-17;156.413;-0.784;-0.409;-0.235
2016-10-18;157.078;-0.823;-1.028;-0.596
2016-10-19;157.625;-0.855;-4.925;-2.868
2016-10-20;158.428;-0.903;-6.348;-3.682
2016-10-21;158.453;-0.905;-5.915;-3.426
2016-10-24;158.435;-0.905;-9.378;-5.437
2016-10-25;158.517;-0.91;-12.627;-7.321
2016-10-26;157.15;-0.833;-8.505;-4.958
2016-10-27;155.41;-0.735;0.081;0.053
2016-10-28;155.525;-0.743;-1.748;-1.02
2016-10-31;155.55;-0.745;-6.415;-3.769
2016-11-01;154.635;-0.693;3.668;2.17
2016-11-02;154.883;-0.708;-2.317;-1.364
2016-11-03;154.508;-0.688;-2.506;-1.477
2016-11-04;154.843;-0.708;-4.337;-2.556
2016-11-07;154.855;-0.71;-4.051;-2.385
2016-11-08;154.147;-0.669;0.044;0.033
2016-11-09;153.67;-0.642;-5.228;-3.098
2016-11-10;151.72;-0.529;12.778;7.635
2016-11-11;150.758;-0.472;21.619;12.953
2016-11-14;150.39;-0.45;28.085;16.822
2016-11-15;151.498;-0.517;14.148;8.45
2016-11-16;151.12;-0.495;21.316;12.741
2016-11-17;150.955;-0.488;24.0;14.351
2016-11-18;150.91;-0.486;27.098;16.204
2016-11-21;151.668;-0.532;28.327;16.84
2016-11-22;152.558;-0.585;25.347;15.014
2016-11-23;151.685;-0.534;37.504;22.264
2016-11-24;151.778;-0.542;35.441;21.049
2016-11-25;151.5;-0.526;35.455;21.095
2016-11-28;151.568;-0.531;38.252;22.757
2016-11-29;152.543;-0.589;30.568;18.12
2016-11-30;151.925;-0.553;32.658;19.381
2016-12-01;151.082;-0.505;29.557;17.592
2016-12-02;152.935;-0.616;28.595;16.863
2016-12-05;152.32;-0.58;36.132;21.329
2016-12-06;152.048;-0.565;30.299;17.905
2016-12-07;152.545;-0.595;27.062;15.967
2016-12-08;151.478;-0.533;34.885;20.676
2016-12-09;150.935;-0.501;40.257;23.909
2016-12-12;150.253;-0.461;41.526;24.738
2016-12-13;151.303;-0.525;38.045;22.562
2016-12-14;151.998;-0.567;33.167;19.634
2016-12-15;151.19;-0.521;32.253;19.179
2016-12-16;151.418;-0.535;33.223;19.725
2016-12-19;152.798;-0.619;33.281;19.615
2016-12-20;152.98;-0.63;31.51;18.537
2016-12-21;153.392;-0.655;32.407;19.015
2016-12-22;152.945;-0.632;32.043;18.842
2016-12-23;154.065;-0.699;23.846;13.954
2016-12-26;154.065;-0.699;22.308;13.063
2016-12-27;154.183;-0.707;32.145;18.767
2016-12-28;154.215;-0.709;27.284;15.944
2016-12-29;154.767;-0.744;;
2016-12-30;154.48;-0.728;27.961;16.331
2017-01-02;154.925;-0.755;20.569;12.009
2017-01-03;153.73;-0.685;36.367;21.275
2017-01-04;153.23;-0.656;36.364;21.335
2017-01-05;152.853;-0.636;38.336;22.551
2017-01-06;152.133;-0.593;35.662;21.055
2017-01-09;152.168;-0.596;36.583;21.608
2017-01-10;151.707;-0.569;44.905;26.541
2017-01-11;152.105;-0.594;45.572;26.891
2017-01-12;151.558;-0.563;49.657;29.396
2017-01-13;150.767;-0.516;53.493;31.772
2017-01-16;150.71;-0.513;55.144;32.763
2017-01-17;150.905;-0.525;54.572;32.382
2017-01-18;150.438;-0.498;56.215;33.398
2017-01-19;150.025;-0.474;53.67;31.973
2017-01-20;149.445;-0.44;55.117;32.897
2017-01-23;150.795;-0.523;53.372;31.641
2017-01-24;150.198;-0.487;53.354;31.707
2017-01-25;148.705;-0.396;54.154;32.451
2017-01-26;147.908;-0.348;64.148;38.515
2017-01-27;148.315;-0.374;63.687;38.138
2017-01-30;148.08;-0.36;65.226;39.115
2017-01-31;148.623;-0.395;63.886;38.183
2017-02-01;147.61;-0.333;68.594;41.199
2017-02-02;147.898;-0.353;69.388;41.62
2017-02-03;147.188;-0.309;77.153;46.391
2017-02-06;146.415;-0.261;93.16;56.139
2017-02-07;147.207;-0.311;85.009;51.046
2017-02-08;148.968;-0.422;76.737;45.711
2017-02-09;149.138;-0.434;73.16;43.532
2017-02-10;147.813;-0.353;83.369;49.88
2017-02-13;148.695;-0.408;71.313;42.51
2017-02-14;147.88;-0.358;74.937;44.835
2017-02-15;147.41;-0.329;81.389;48.761
2017-02-16;148.715;-0.413;75.096;44.71
2017-02-17;148.883;-0.424;77.771;46.245
2017-02-20;148.538;-0.403;81.685;48.616
2017-02-21;148.108;-0.377;85.673;51.074
2017-02-22;148.818;-0.422;76.526;45.516
2017-02-23;149.135;-0.444;79.159;47.006
2017-02-24;149.855;-0.489;71.205;42.198
2017-02-27;150.415;-0.524;62.713;37.121
2017-02-28;149.895;-0.493;69.6;41.281
2017-03-01;149.5;-0.469;68.728;40.846
2017-03-02;149.378;-0.464;64.495;38.342
2017-03-03;149.313;-0.46;56.515;33.625
2017-03-06;148.433;-0.406;63.07;37.701
2017-03-07;148.18;-0.391;67.734;40.533
2017-03-08;147.82;-0.369;66.346;39.806
2017-03-09;147.017;-0.321;64.638;39.03
2017-03-10;146.84;-0.31;59.791;35.994
2017-03-13;147.38;-0.345;56.646;34.037
2017-03-14;147.155;-0.331;62.689;37.702
2017-03-15;147.735;-0.369;63.641;38.173
2017-03-16;146.948;-0.321;65.163;39.153
2017-03-17;146.763;-0.31;70.396;42.387
2017-03-20;146.198;-0.275;71.837;43.413
2017-03-21;146.478;-0.293;67.956;41.003
2017-03-22;146.628;-0.303;64.21;38.818
2017-03-23;146.332;-0.287;64.426;39.024
2017-03-24;147.328;-0.35;61.142;36.801
2017-03-27;147.195;-0.343;64.699;38.98
2017-03-28;147.398;-0.356;60.085;36.222
2017-03-29;147.52;-0.365;63.949;38.524
2017-03-30;147.223;-0.348;70.462;42.462
2017-03-31;146.585;-0.308;72.495;43.917
2017-04-03;147.045;-0.338;72.821;44.001
2017-04-04;147.345;-0.358;70.546;42.581
2017-04-05;147.425;-0.363;70.433;42.531
2017-04-06;147.998;-0.402;66.69;40.098
2017-04-07;148.378;-0.426;66.549;39.905
2017-04-10;147.72;-0.386;75.548;45.442
2017-04-11;147.153;-0.35;81.356;49.042
2017-04-12;147.723;-0.39;77.541;46.698
2017-04-13;147.875;-0.4;78.018;46.891
2017-04-14;147.875;-0.4;80.524;48.518
2017-04-17;147.875;-0.4;77.395;46.581
2017-04-18;147.837;-0.398;84.699;50.968
2017-04-19;148.245;-0.425;78.387;46.977
2017-04-20;148.455;-0.44;69.316;41.515
2017-04-21;148.395;-0.437;64.612;38.732
2017-04-24;150.07;-0.543;39.988;23.826
2017-04-25;148.628;-0.453;42.788;25.697
2017-04-26;148.61;-0.453;45.956;27.578
2017-04-27;149.565;-0.516;36.252;21.706
2017-04-28;149.75;-0.528;32.14;19.213
2017-05-01;149.75;-0.528;31.31;18.794
2017-05-02;149.955;-0.541;35.728;21.282
2017-05-03;149.91;-0.539;34.453;20.545
2017-05-04;149.408;-0.51;28.082;16.813
2017-05-05;149.103;-0.492;20.969;12.592
2017-05-08;148.793;-0.473;19.139;11.541
2017-05-09;148.09;-0.429;25.62;15.466
2017-05-10;148.587;-0.461;26.124;15.721
2017-05-11;148.085;-0.432;31.75;19.129
2017-05-12;148.513;-0.459;30.484;18.341
2017-05-15;147.783;-0.414;34.357;20.739
2017-05-16;147.665;-0.407;33.07;20.112
2017-05-17;148.443;-0.457;31.78;19.138
2017-05-18;148.693;-0.475;27.765;16.7
2017-05-19;148.56;-0.467;25.19;15.173
2017-05-22;147.905;-0.427;27.766;16.775
2017-05-23;148.013;-0.434;24.793;14.974
2017-05-24;147.993;-0.434;25.166;15.182
2017-05-25;148.443;-0.464;20.647;12.289
2017-05-26;148.648;-0.478;19.935;12.011
2017-05-29;148.668;-0.48;21.5;12.952
2017-05-30;148.957;-0.499;17.169;10.339
2017-05-31;148.6;-0.477;15.933;9.624
2017-06-01;148.468;-0.471;16.973;10.237
2017-06-02;148.91;-0.5;15.136;9.119
2017-06-05;148.743;-0.49;16.377;9.779
2017-06-06;149.418;-0.533;12.094;7.13
2017-06-07;148.953;-0.505;15.578;9.4
2017-06-08;149.673;-0.552;8.166;4.918
2017-06-09;149.255;-0.527;10.932;6.599
2017-06-12;149.707;-0.556;6.834;4.128
2017-06-13;149.668;-0.554;5.384;3.262
2017-06-14;150.145;-0.585;4.655;2.647
2017-06-15;149.082;-0.52;3.961;2.239
2017-06-16;149.058;-0.519;5.627;3.424
2017-06-19;149.145;-0.525;3.446;2.099
2017-06-20;149.293;-0.535;0.92;0.579
2017-06-21;148.85;-0.508;6.948;4.221
2017-06-22;148.663;-0.498;12.607;7.628
2017-06-23;148.653;-0.499;13.889;8.252
2017-06-26;149.053;-0.525;10.426;6.294
2017-06-27;147.335;-0.416;16.101;9.805
2017-06-28;147.923;-0.454;12.155;7.359
2017-06-29;147.078;-0.402;14.734;8.937
2017-06-30;147.083;-0.403;11.797;7.163
2017-07-03;146.908;-0.392;10.96;6.644
2017-07-04;147.125;-0.407;10.278;6.237
2017-07-05;147.02;-0.401;10.792;6.558
2017-07-06;145.498;-0.304;17.434;10.688
2017-07-07;145.308;-0.292;18.821;11.494
2017-07-10;145.868;-0.33;18.654;11.357
2017-07-11;145.935;-0.335;18.769;11.423
2017-07-12;146.763;-0.389;15.414;9.345
2017-07-13;146.288;-0.361;18.953;11.461
2017-07-14;146.565;-0.379;13.444;8.158
2017-07-17;146.703;-0.389;12.126;7.358
2017-07-18;147.142;-0.418;11.53;6.98
2017-07-19;147.49;-0.441;12.182;7.341
2017-07-20;147.88;-0.469;6.817;4.119
2017-07-21;148.017;-0.478;3.053;1.851
2017-07-24;148.098;-0.484;1.802;1.093
2017-07-25;147.173;-0.425;7.344;4.427
2017-07-26;147.195;-0.427;9.409;5.694
2017-07-27;147.475;-0.448;9.367;5.663
2017-07-28;147.785;-0.468;2.445;1.484
2017-07-31;148.09;-0.489;1.173;0.713
2017-08-01;148.96;-0.545;3.434;2.068
2017-08-02;148.773;-0.534;3.501;2.109
2017-08-03;149.123;-0.559;0.567;0.348
2017-08-04;148.615;-0.527;3.909;2.358
2017-08-07;148.763;-0.537;4.529;2.628
2017-08-08;148.48;-0.52;4.607;2.876
2017-08-09;149.003;-0.554;4.218;2.512
2017-08-10;149.013;-0.557;5.94;3.569
2017-08-11;149.493;-0.588;2.75;1.655
2017-08-14;148.918;-0.552;4.681;2.817
2017-08-15;148.332;-0.515;7.05;4.25
2017-08-16;148.17;-0.506;6.744;4.074
2017-08-17;148.488;-0.528;6.946;4.188
2017-08-18;148.658;-0.54;4.184;2.526
2017-08-21;148.683;-0.542;5.984;3.613
2017-08-22;148.392;-0.524;8.478;5.123
2017-08-23;148.81;-0.552;6.973;4.199
2017-08-24;148.728;-0.549;6.819;4.138
2017-08-25;148.748;-0.551;8.807;5.299
2017-08-28;148.728;-0.55;8.678;5.257
2017-08-29;149.548;-0.604;5.138;3.079
2017-08-30;149.573;-0.606;2.855;1.723
2017-08-31;149.578;-0.609;4.557;2.74
2017-09-01;149.142;-0.581;10.842;6.581
2017-09-04;149.19;-0.585;11.932;7.158
2017-09-05;149.628;-0.614;14.356;8.681
2017-09-06;149.275;-0.592;13.281;7.967
2017-09-07;149.655;-0.619;10.516;6.311
2017-09-08;149.647;-0.619;10.003;6.006
2017-09-11;149.428;-0.606;10.448;6.268
2017-09-12;148.707;-0.56;10.042;6.176
2017-09-13;149.025;-0.581;7.519;4.526
2017-09-14;148.698;-0.563;6.119;3.696
2017-09-15;148.49;-0.55;4.621;2.798
2017-09-18;148.103;-0.526;4.444;2.687
2017-09-19;148.243;-0.535;3.498;2.124
2017-09-20;148.152;-0.53;6.475;3.929
2017-09-21;148.118;-0.53;6.132;3.713
2017-09-22;148.31;-0.543;6.355;3.84
2017-09-25;148.693;-0.569;7.43;4.5
2017-09-26;148.788;-0.576;6.707;4.055
2017-09-27;148.058;-0.529;7.819;4.736
2017-09-28;148.158;-0.538;3.817;2.317
2017-09-29;148.325;-0.55;0.009;0.018
2017-10-02;148.228;-0.544;2.637;1.611
2017-10-03;148.178;-0.542;0.209;0.133
2017-10-04;148.17;-0.542;0.515;0.334
2017-10-05;148.27;-0.551;2.021;1.234
2017-10-06;148.183;-0.546;0.646;0.401
2017-10-09;148.517;-0.568;0.841;0.523
2017-10-10;148.445;-0.564;0.878;0.546
2017-10-11;148.23;-0.551;-0.561;-0.314
2017-10-12;148.443;-0.567;-1.315;-0.784
2017-10-13;149.015;-0.605;-3.369;-2.008
2017-10-16;149.543;-0.64;-3.538;-2.095
2017-10-17;149.475;-0.636;-2.207;-1.302
2017-10-18;148.895;-0.6;0.11;0.091
2017-10-19;148.745;-0.592;-0.07;-0.021
2017-10-20;147.973;-0.543;-0.954;-0.551
2017-10-23;148.388;-0.57;-1.76;-1.041
2017-10-24;147.753;-0.53;-1.521;-0.901
2017-10-25;147.68;-0.526;-0.768;-0.436
2017-10-26;148.283;-0.567;-2.571;-1.532
2017-10-27;148.715;-0.596;-4.694;-2.798
2017-10-30;148.945;-0.612;-4.881;-2.784
2017-10-31;149.168;-0.627;-5.719;-3.411
2017-11-01;148.995;-0.617;-7.112;-4.246
2017-11-02;148.955;-0.617;-5.686;-3.304
2017-11-03;149.0;-0.62;-5.662;-3.379
2017-11-06;149.425;-0.649;-6.728;-4.009
2017-11-07;150.215;-0.701;-11.456;-6.821
2017-11-08;150.238;-0.703;-11.751;-6.991
2017-11-09;149.64;-0.667;-8.614;-5.135
2017-11-10;149.283;-0.644;-9.041;-5.399
2017-11-13;149.313;-0.647;-9.065;-5.412
2017-11-14;149.623;-0.668;-9.326;-5.561
2017-11-15;149.995;-0.693;-11.608;-6.912
2017-11-16;149.978;-0.694;-11.723;-6.985
2017-11-17;150.18;-0.708;-13.218;-7.874
2017-11-20;150.283;-0.715;-12.986;-7.726
2017-11-21;150.658;-0.74;-14.025;-8.336
2017-11-22;150.548;-0.734;-12.619;-7.5
2017-11-23;150.475;-0.732;-8.801;-5.233
2017-11-24;150.203;-0.715;-7.281;-4.327
2017-11-27;150.545;-0.738;-6.707;-3.973
2017-11-28;150.695;-0.748;-8.057;-4.769
2017-11-29;150.173;-0.715;-7.718;-4.578
2017-11-30;150.82;-0.76;-13.779;-8.134
2017-12-01;151.78;-0.822;-17.248;-10.186
2017-12-04;151.175;-0.784;-13.392;-7.923
2017-12-05;151.7;-0.819;-14.149;-8.35
2017-12-06;152.003;-0.839;-16.163;-9.525
2017-12-07;151.897;-0.835;-17.933;-10.589
2017-12-08;151.678;-0.821;-16.951;-10.012
2017-12-11;151.944;-0.839;-18.261;-10.769
2017-12-12;151.791;-0.83;-18.675;-11.02
2017-12-13;151.541;-0.815;-15.664;-9.24
2017-12-14;151.723;-0.829;-14.492;-8.555
2017-12-15;152.046;-0.851;-15.64;-9.211
2017-12-18;152.299;-0.868;-17.08;-10.042
2017-12-19;151.102;-0.792;-17.297;-10.221
2017-12-20;150.608;-0.76;-16.943;-10.036
2017-12-21;150.35;-0.748;-16.21;-9.622
2017-12-22;150.252;-0.742;-16.696;-9.904
2017-12-25;150.252;-0.742;-16.675;-9.892
2017-12-26;150.252;-0.742;-16.685;-9.901
2017-12-27;150.57;-0.764;-13.96;-8.262
2017-12-28;149.81;-0.717;-9.525;-5.657
2017-12-29;149.546;-0.701;-6.538;-3.883
2018-01-01;149.546;-0.701;-6.728;-3.998
2018-01-02;149.005;-0.666;-1.483;-0.873
2018-01-03;149.343;-0.689;-2.914;-1.726
2018-01-04;149.448;-0.698;-5.673;-3.368
2018-01-05;149.101;-0.676;-4.256;-2.531
2018-01-08;149.067;-0.675;-1.601;-0.944
2018-01-09;148.664;-0.649;-1.897;-1.121
2018-01-10;148.86;-0.663;-4.263;-2.532
2018-01-11;148.218;-0.623;-1.212;-0.714
2018-01-12;148.415;-0.637;-4.023;-2.396
2018-01-15;148.224;-0.625;-2.937;-1.745
2018-01-16;148.592;-0.65;-2.17;-1.285
2018-01-17;148.373;-0.636;0.07;0.053
2018-01-18;148.325;-0.635;-2.538;-1.506
2018-01-19;148.567;-0.652;-6.602;-3.932
2018-01-22;148.603;-0.655;-8.088;-4.816
2018-01-23;148.638;-0.659;-8.881;-5.29
2018-01-24;148.478;-0.649;-9.174;-5.464
2018-01-25;148.076;-0.624;-8.031;-4.789
2018-01-26;147.529;-0.589;-7.295;-4.359
2018-01-29;146.572;-0.525;-6.538;-3.923
2018-01-30;146.575;-0.526;-9.057;-5.449
2018-01-31;146.89;-0.548;-6.786;-4.062
2018-02-01;147.068;-0.562;-13.287;-7.972
2018-02-02;146.414;-0.519;-8.217;-4.936
2018-02-05;146.824;-0.548;-9.867;-5.921
2018-02-06;147.214;-0.575;-11.895;-7.119
2018-02-07;146.974;-0.559;-12.191;-7.303
2018-02-08;146.868;-0.554;-13.119;-7.864
2018-02-09;147.011;-0.565;-17.592;-10.554
2018-02-12;146.672;-0.543;-20.577;-12.373
2018-02-13;146.399;-0.525;-17.152;-10.323
2018-02-14;146.485;-0.532;-19.282;-11.622
2018-02-15;146.361;-0.526;-20.511;-12.347
2018-02-16;146.923;-0.564;-20.275;-12.18
2018-02-19;146.241;-0.519;-17.768;-10.705
2018-02-20;145.982;-0.502;-16.648;-10.048
2018-02-21;145.971;-0.502;-16.263;-9.817
2018-02-22;146.132;-0.515;-15.341;-9.243
2018-02-23;146.93;-0.57;-17.841;-10.709
2018-02-26;146.977;-0.574;-19.545;-11.744
2018-02-27;146.797;-0.563;-20.46;-12.3
2018-02-28;147.001;-0.578;-20.244;-12.17
2018-03-01;147.003;-0.58;-20.299;-12.194
2018-03-02;146.573;-0.552;-18.35;-11.06
2018-03-05;146.753;-0.565;-21.517;-12.955
2018-03-06;146.303;-0.535;-19.37;-11.693
2018-03-07;146.866;-0.574;-21.109;-12.702
2018-03-08;147.207;-0.599;-23.68;-14.235
2018-03-09;146.647;-0.562;-20.175;-12.17
2018-03-12;146.923;-0.582;-22.497;-13.555
2018-03-13;146.993;-0.587;-22.681;-13.658
2018-03-14;147.215;-0.603;-22.164;-13.335
2018-03-15;147.283;-0.61;-21.573;-12.979
2018-03-16;147.373;-0.617;-21.681;-13.041
2018-03-19;147.401;-0.62;-23.787;-14.299
2018-03-20;147.382;-0.619;-24.661;-14.825
2018-03-21;147.32;-0.616;-23.732;-14.27
2018-03-22;148.16;-0.675;-27.679;-16.595
2018-03-23;148.321;-0.687;-30.891;-18.524
2018-03-26;148.409;-0.693;-28.45;-17.027
2018-03-27;148.819;-0.722;-29.742;-17.764
2018-03-28;148.79;-0.724;-23.362;-13.947
2018-03-29;148.775;-0.724;-22.133;-13.216
2018-03-30;148.775;-0.724;-22.269;-13.299
2018-04-02;148.775;-0.724;-22.08;-13.187
2018-04-03;148.803;-0.727;-21.777;-12.994
2018-04-04;148.844;-0.73;-22.156;-13.227
2018-04-05;148.219;-0.69;-19.099;-11.428
2018-04-06;148.552;-0.714;-18.317;-10.945
2018-04-09;148.462;-0.709;-18.653;-11.158
2018-04-10;148.353;-0.702;-14.836;-8.864
2018-04-11;148.57;-0.717;-16.63;-9.938
2018-04-12;148.23;-0.697;-16.775;-10.045
2018-04-13;148.329;-0.705;-16.168;-9.677
2018-04-16;148.279;-0.702;-17.018;-10.19
2018-04-17;148.629;-0.726;-17.997;-10.744
2018-04-18;148.471;-0.717;-16.447;-9.825
2018-04-19;147.679;-0.665;-15.916;-9.545
2018-04-20;147.801;-0.675;-18.642;-11.169
2018-04-23;147.411;-0.649;-18.462;-11.088
2018-04-24;147.325;-0.644;-14.793;-8.883
2018-04-25;147.25;-0.639;-14.726;-8.848
2018-04-26;147.781;-0.678;-15.281;-9.154
2018-04-27;148.046;-0.698;-24.689;-14.797
2018-04-30;148.073;-0.7;-23.469;-14.069
2018-05-01;148.073;-0.7;-15.012;-8.984
2018-05-02;147.897;-0.689;-16.178;-9.685
2018-05-03;148.154;-0.709;-15.505;-9.275
2018-05-04;147.874;-0.691;-12.414;-7.429
2018-05-07;148.222;-0.716;-15.258;-9.11
2018-05-08;147.537;-0.67;-12.856;-7.701
2018-05-09;147.859;-0.693;-15.855;-9.482
2018-05-10;147.85;-0.694;-16.232;-9.688
2018-05-11;148.172;-0.717;-20.882;-12.441
2018-05-14;147.737;-0.688;-19.578;-11.666
2018-05-15;147.537;-0.675;-20.458;-12.199
2018-05-16;147.722;-0.689;-21.028;-12.534
2018-05-17;147.352;-0.666;-21.515;-12.843
2018-05-18;147.885;-0.703;-23.06;-13.724
2018-05-21;148.011;-0.713;-22.9;-13.626
2018-05-22;147.803;-0.7;-22.252;-13.246
2018-05-23;148.087;-0.72;-21.183;-12.589
2018-05-24;148.702;-0.764;-24.973;-14.808
2018-05-25;148.974;-0.783;-25.378;-14.994
2018-05-28;148.908;-0.78;-20.753;-12.286
2018-05-29;149.305;-0.808;-25.194;-14.864
2018-05-30;148.828;-0.776;-23.863;-14.127
2018-05-31;149.414;-0.818;-22.269;-13.124
2018-06-01;149.014;-0.792;-25.492;-15.077
2018-06-04;148.779;-0.777;-25.957;-15.387
2018-06-05;148.838;-0.782;-25.802;-15.275
2018-06-06;147.337;-0.68;-18.069;-10.759
2018-06-07;147.111;-0.667;-18.092;-10.758
2018-06-08;147.361;-0.685;-19.81;-11.791
2018-06-11;146.923;-0.656;-15.753;-9.392
2018-06-12;147.217;-0.677;-18.214;-10.845
2018-06-13;147.552;-0.701;-20.46;-12.171
2018-06-14;148.619;-0.776;-22.703;-13.461
2018-06-15;149.03;-0.805;-23.554;-13.939
2018-06-18;149.163;-0.815;-23.956;-14.176
2018-06-19;149.505;-0.839;-22.969;-13.563
2018-06-20;149.534;-0.842;-26.033;-15.362
2018-06-21;149.593;-0.849;-25.257;-14.889
2018-06-22;149.487;-0.842;-24.751;-14.6
2018-06-25;149.289;-0.83;-22.458;-13.265
2018-06-26;148.837;-0.8;-20.82;-12.328
2018-06-27;149.222;-0.827;-23.642;-13.978
2018-06-28;149.424;-0.843;-24.725;-14.606
2018-06-29;150.299;-0.904;-34.001;-20.01
2018-07-02;150.435;-0.914;-35.521;-20.886
2018-07-03;150.729;-0.934;-36.278;-21.29
2018-07-04;150.612;-0.927;-34.805;-20.421
2018-07-05;150.691;-0.935;-35.55;-20.849
2018-07-06;150.813;-0.945;-38.55;-22.608
2018-07-09;150.726;-0.94;-36.675;-21.505
2018-07-10;150.476;-0.924;-36.818;-21.608
2018-07-11;150.505;-0.926;-38.82;-22.79
2018-07-12;150.392;-0.921;-41.578;-24.437
2018-07-13;150.452;-0.926;-40.475;-23.777
2018-07-16;149.714;-0.877;-37.06;-21.846
2018-07-17;149.867;-0.889;-37.806;-22.272
2018-07-18;149.616;-0.872;-34.954;-20.613
2018-07-19;149.541;-0.87;-33.901;-19.991
2018-07-20;148.807;-0.82;-31.594;-18.692
2018-07-23;148.343;-0.789;-29.919;-17.733
2018-07-24;148.552;-0.805;-30.113;-17.826
2018-07-25;148.734;-0.818;-31.33;-18.528
2018-07-26;148.539;-0.807;-32.888;-19.462
2018-07-27;148.428;-0.8;-30.073;-17.791
2018-07-30;147.822;-0.759;-23.416;-13.875
2018-07-31;148.153;-0.783;-28.249;-16.715
2018-08-01;147.388;-0.731;-29.581;-17.586
2018-08-02;147.195;-0.72;-28.043;-16.69
2018-08-03;147.748;-0.759;-30.256;-17.965
2018-08-06;147.972;-0.776;-31.034;-18.41
2018-08-07;147.794;-0.764;-30.508;-18.108
2018-08-08;147.724;-0.76;-29.127;-17.294
2018-08-09;147.936;-0.778;-29.915;-17.749
2018-08-10;148.561;-0.822;-31.274;-18.498
2018-08-13;148.36;-0.809;-28.953;-17.151
2018-08-14;148.363;-0.81;-29.05;-17.203
2018-08-15;148.372;-0.811;-28.145;-16.679
2018-08-16;148.298;-0.809;-29.712;-17.611
2018-08-17;148.475;-0.822;-29.7;-17.582
2018-08-20;148.597;-0.831;-31.397;-18.577
2018-08-21;148.482;-0.824;-33.072;-19.599
2018-08-22;148.336;-0.815;-29.394;-17.411
2018-08-23;148.348;-0.819;-30.584;-18.123
2018-08-24;148.291;-0.815;-28.788;-17.051
2018-08-27;147.907;-0.79;-27.301;-16.196
2018-08-28;147.766;-0.781;-25.269;-14.995
2018-08-29;147.477;-0.761;-23.405;-13.913
2018-08-30;148.063;-0.805;-26.312;-15.58
2018-08-31;147.977;-0.8;-24.36;-14.433
2018-09-03;147.79;-0.788;-21.309;-12.629
2018-09-04;147.66;-0.779;-21.952;-13.017
2018-09-05;147.271;-0.753;-21.191;-12.586
2018-09-06;147.514;-0.773;-22.197;-13.171
2018-09-07;147.056;-0.741;-21.5;-12.797
2018-09-10;147.199;-0.752;-23.938;-14.241
2018-09-11;146.923;-0.734;-22.839;-13.609
2018-09-12;147.257;-0.758;-24.976;-14.851
2018-09-13;147.067;-0.747;-23.969;-14.273
2018-09-14;146.59;-0.714;-19.688;-11.742
2018-09-17;146.497;-0.709;-20.51;-12.242
2018-09-18;146.168;-0.686;-19.799;-11.833
2018-09-19;145.955;-0.672;-18.192;-10.877
2018-09-20;146.156;-0.689;-19.372;-11.581
2018-09-21;146.382;-0.706;-20.563;-12.288
2018-09-24;146.044;-0.683;-19.943;-11.918
2018-09-25;145.816;-0.667;-21.895;-13.096
2018-09-26;146.017;-0.682;-21.118;-12.608
2018-09-27;146.029;-0.686;-17.74;-10.586
2018-09-28;146.445;-0.716;-20.273;-12.081
2018-10-01;146.178;-0.698;-18.962;-11.307
2018-10-02;146.689;-0.735;-22.853;-13.614
2018-10-03;146.111;-0.695;-21.624;-12.917
2018-10-04;145.436;-0.65;-19.257;-11.525
2018-10-05;144.941;-0.615;-21.474;-12.895
2018-10-08;145.207;-0.635;-21.155;-12.673
2018-10-09;145.099;-0.628;-20.953;-12.564
2018-10-10;144.929;-0.616;-20.248;-12.143
2018-10-11;144.962;-0.621;-20.724;-12.437
2018-10-12;145.183;-0.638;-21.147;-12.683
2018-10-15;145.169;-0.638;-23.755;-14.253
2018-10-16;145.546;-0.666;-24.075;-14.427
2018-10-17;145.788;-0.684;-23.967;-14.336
2018-10-18;145.908;-0.695;-24.181;-14.434
2018-10-19;144.976;-0.629;-19.805;-11.9
2018-10-22;145.142;-0.642;-20.016;-12.011
2018-10-23;145.389;-0.661;-21.325;-12.777
2018-10-24;145.206;-0.648;-20.112;-12.061
2018-10-25;144.998;-0.636;-18.017;-10.805
2018-10-26;145.336;-0.661;-17.896;-10.718
2018-10-29;145.301;-0.66;-20.437;-12.249
2018-10-30;145.239;-0.656;-18.181;-10.899
2018-10-31;145.155;-0.651;-18.536;-11.114
2018-11-01;144.849;-0.631;-15.671;-9.411
2018-11-02;144.544;-0.61;-13.812;-8.311
2018-11-05;144.566;-0.612;-11.233;-6.764
2018-11-06;144.492;-0.608;-10.605;-6.394
2018-11-07;144.335;-0.597;-8.395;-5.044
2018-11-08;144.226;-0.592;-7.924;-4.779
2018-11-09;144.63;-0.622;-9.449;-5.677
2018-11-12;144.716;-0.629;-10.064;-6.045
2018-11-13;144.394;-0.607;-10.515;-6.332
2018-11-14;144.277;-0.599;-8.591;-5.164
2018-11-15;144.534;-0.62;-8.381;-5.036
2018-11-16;144.232;-0.599;-5.017;-3.013
2018-11-19;143.851;-0.572;-0.421;-0.241
2018-11-20;143.721;-0.563;0.953;0.584
2018-11-21;143.414;-0.542;1.805;1.108
2018-11-22;143.4;-0.543;0.547;0.333
2018-11-23;142.721;-0.494;2.238;1.372
2018-11-26;142.981;-0.514;0.772;0.472
2018-11-27;143.039;-0.519;0.038;0.027
2018-11-28;142.87;-0.507;-0.578;-0.351
2018-11-29;143.257;-0.539;-1.723;-1.045
2018-11-30;143.455;-0.554;-2.96;-1.793
2018-12-03;143.573;-0.564;-3.472;-2.107
2018-12-04;143.728;-0.576;-2.064;-1.239
2018-12-05;143.365;-0.55;-4.186;-2.528
2018-12-06;143.248;-0.544;-5.0;-3.037
2018-12-07;143.246;-0.545;-3.138;-1.902
2018-12-10;142.914;-0.521;-2.283;-1.384
2018-12-11;142.694;-0.505;0.517;0.332
2018-12-12;142.633;-0.502;-2.927;-1.767
2018-12-13;142.594;-0.501;-0.713;-0.415
2018-12-14;142.693;-0.509;-1.775;-1.073
2018-12-17;142.269;-0.479;1.559;0.966
2018-12-18;142.481;-0.495;-1.705;-1.035
2018-12-19;142.414;-0.491;0.872;0.546
2018-12-20;142.504;-0.5;-2.816;-1.715
2018-12-21;141.874;-0.456;-1.037;-0.632
2018-12-24;141.874;-0.457;-1.154;-0.695
2018-12-25;141.874;-0.457;-1.11;-0.671
2018-12-26;141.874;-0.457;-1.106;-0.67
2018-12-27;141.694;-0.446;2.985;1.843
2018-12-28;141.278;-0.416;6.833;4.211
2018-12-31;141.278;-0.417;6.587;4.068
2019-01-01;141.278;-0.417;6.564;4.055
2019-01-02;141.471;-0.432;12.072;7.445
2019-01-03;141.263;-0.419;14.162;8.743
2019-01-04;140.738;-0.38;14.862;9.195
2019-01-07;140.687;-0.377;16.073;9.942
2019-01-08;140.841;-0.389;16.777;10.359
2019-01-09;141.629;-0.45;8.935;5.499
2019-01-10;142.109;-0.489;4.697;2.888
2019-01-11;142.152;-0.493;5.252;3.227
2019-01-14;142.44;-0.515;0.857;0.529
2019-01-15;142.503;-0.521;2.068;1.273
2019-01-16;142.347;-0.51;2.514;1.55
2019-01-17;142.104;-0.494;4.409;2.716
2019-01-18;142.122;-0.496;4.692;2.887
2019-01-21;142.121;-0.497;7.043;4.33
2019-01-22;142.142;-0.499;5.524;3.402
2019-01-23;142.376;-0.518;3.914;2.411
2019-01-24;143.037;-0.57;1.386;0.853
2019-01-25;142.949;-0.564;0.736;0.46
2019-01-28;142.462;-0.529;3.565;2.2
2019-01-29;142.34;-0.52;6.408;3.948
2019-01-30;142.293;-0.518;5.608;3.454
2019-01-31;142.861;-0.563;7.605;4.665
2019-02-01;142.67;-0.55;7.522;4.612
2019-02-04;142.554;-0.542;7.889;4.843
2019-02-05;142.524;-0.54;8.28;5.08
2019-02-06;142.582;-0.546;7.969;4.891
2019-02-07;142.457;-0.539;9.554;5.875
2019-02-08;141.909;-0.498;12.823;7.917
2019-02-11;141.751;-0.487;10.416;6.429
2019-02-12;141.734;-0.487;9.584;5.917
2019-02-13;141.595;-0.477;11.05;6.837
2019-02-14;141.913;-0.504;7.116;4.401
2019-02-15;142.007;-0.512;6.92;4.277
2019-02-18;142.089;-0.519;6.586;4.06
2019-02-19;142.025;-0.515;6.206;3.833
2019-02-20;142.023;-0.515;8.896;5.495
2019-02-21;141.618;-0.487;8.927;5.526
2019-02-22;141.804;-0.502;9.728;6.018
2019-02-25;141.672;-0.493;11.183;6.92
2019-02-26;141.444;-0.476;12.65;7.816
2019-02-27;141.179;-0.457;10.598;6.554
2019-02-28;141.261;-0.466;10.083;6.239
2019-03-01;141.636;-0.495;11.908;7.343
2019-03-04;142.037;-0.527;11.531;7.095
2019-03-05;142.135;-0.535;13.235;8.14
2019-03-06;142.644;-0.575;12.683;7.774
2019-03-07;143.707;-0.658;6.69;4.087
2019-03-08;143.507;-0.643;6.249;3.83
2019-03-11;143.63;-0.654;6.547;3.999
2019-03-12;143.79;-0.666;8.583;5.249
2019-03-13;144.065;-0.688;7.159;4.368
2019-03-14;144.312;-0.709;1.817;1.105
2019-03-15;144.356;-0.713;0.656;0.399
2019-03-18;144.519;-0.727;1.422;0.862
2019-03-19;144.422;-0.72;1.024;0.626
2019-03-20;144.651;-0.738;1.831;1.129
2019-03-21;145.653;-0.816;-5.043;-3.068
2019-03-22;145.481;-0.804;-5.227;-3.186
2019-03-25;145.46;-0.803;-1.793;-1.095
2019-03-26;145.223;-0.787;-2.865;-1.746
2019-03-27;145.392;-0.8;-2.351;-1.449
2019-03-28;145.217;-0.79;-2.859;-1.766
2019-03-29;145.334;-0.8;-2.465;-1.518
2019-04-01;145.043;-0.779;2.309;1.393
2019-04-02;145.334;-0.801;0.735;0.44
2019-04-03;144.654;-0.751;2.539;1.537
2019-04-04;145.017;-0.781;0.023;-0.001
2019-04-05;145.128;-0.791;-2.245;-1.372
2019-04-08;145.248;-0.801;-1.155;-0.715
2019-04-09;145.489;-0.82;-3.072;-1.88
2019-04-10;145.623;-0.83;-0.833;-0.524
2019-04-11;145.501;-0.824;-1.737;-1.065
2019-04-12;145.059;-0.792;-0.924;-0.567
2019-04-15;144.948;-0.785;1.489;0.899
2019-04-16;144.892;-0.781;1.085;0.653
2019-04-17;144.875;-0.785;-0.573;-0.36
2019-04-18;145.69;-0.847;-2.864;-1.742
2019-04-19;145.69;-0.847;-2.855;-1.735
2019-04-22;145.69;-0.847;-2.857;-1.736
2019-04-23;145.529;-0.836;-0.169;-0.108
2019-04-24;145.953;-0.868;-0.958;-0.587
2019-04-25;145.599;-0.845;1.519;0.914
2019-04-26;145.445;-0.834;-0.006;
2019-04-29;145.455;-0.837;-3.665;-2.218
2019-04-30;145.841;-0.867;-5.875;-3.555
2019-05-01;145.841;-0.867;3.641;2.196
2019-05-02;145.505;-0.844;0.624;0.378
2019-05-03;145.503;-0.845;-1.552;-0.938
2019-05-06;145.486;-0.845;-1.073;-0.652
2019-05-07;145.674;-0.86;-3.757;-2.278
2019-05-08;145.617;-0.857;-2.88;-1.744
2019-05-09;145.034;-0.816;-0.738;-0.448
2019-05-10;144.934;-0.809;0.47;0.289
2019-05-13;145.068;-0.82;0.239;0.138
2019-05-14;144.96;-0.813;1.511;0.907
2019-05-15;144.966;-0.814;4.409;2.663
2019-05-16;144.715;-0.798;3.458;2.088
2019-05-17;144.591;-0.79;5.763;3.494
2019-05-20;144.288;-0.768;7.783;4.725
2019-05-21;144.064;-0.752;9.782;5.95
2019-05-22;144.325;-0.772;9.591;5.831
2019-05-23;144.195;-0.765;9.589;5.833
2019-05-24;144.107;-0.76;9.817;5.975
2019-05-27;144.32;-0.777;9.875;5.999
2019-05-28;144.453;-0.788;9.861;5.986
2019-05-29;144.456;-0.789;9.368;5.684
2019-05-30;144.331;-0.782;9.77;5.931
2019-05-31;144.632;-0.806;6.675;4.034
2019-06-03;144.598;-0.805;3.808;2.315
2019-06-04;144.71;-0.814;5.823;3.533
2019-06-05;145.08;-0.843;4.301;2.585
2019-06-06;145.115;-0.849;-3.627;-2.176
2019-06-07;145.261;-0.861;-2.905;-1.754
2019-06-10;144.782;-0.825;-2.773;-1.679
2019-06-11;144.771;-0.826;-3.422;-2.078
2019-06-12;144.337;-0.793;-2.194;-1.339
2019-06-13;144.14;-0.781;-0.365;-0.214
2019-06-14;143.531;-0.735;1.283;0.798
2019-06-17;143.307;-0.719;1.762;1.089
2019-06-18;145.484;-0.886;-3.465;-2.165
2019-06-19;145.336;-0.876;-2.532;-1.56
2019-06-20;146.436;-0.962;-6.786;-4.116
2019-06-21;146.016;-0.932;-6.852;-4.138
2019-06-24;145.929;-0.926;-5.888;-3.564
2019-06-25;145.885;-0.924;-7.726;-4.686
2019-06-26;145.605;-0.904;-6.189;-3.754
2019-06-27;145.729;-0.916;-3.918;-2.376
2019-06-28;146.19;-0.952;-6.263;-3.79
2019-07-01;146.624;-0.986;-11.629;-7.04
2019-07-02;146.521;-0.979;-11.711;-7.084
2019-07-03;147.108;-1.024;-17.111;-10.316
2019-07-04;147.481;-1.055;-15.889;-9.553
2019-07-05;147.859;-1.084;-17.508;-10.482
2019-07-08;147.378;-1.049;-11.995;-7.194
2019-07-09;147.118;-1.031;-14.09;-8.463
2019-07-10;146.984;-1.022;-12.408;-7.468
2019-07-11;146.689;-1.003;-15.428;-9.282
2019-07-12;146.353;-0.978;-7.693;-4.629
2019-07-15;146.873;-1.019;-10.218;-6.142
2019-07-16;146.723;-1.008;-7.871;-4.732
2019-07-17;147.091;-1.037;-9.796;-5.886
2019-07-18;147.56;-1.075;-10.107;-6.054
2019-07-19;148.248;-1.128;-11.395;-6.805
2019-07-22;148.205;-1.126;-9.608;-5.738
2019-07-23;148.043;-1.115;-9.43;-5.642
2019-07-24;148.45;-1.146;-8.56;-5.095
2019-07-25;148.434;-1.148;-7.514;-4.468
2019-07-26;148.99;-1.191;-8.541;-5.075
2019-07-29;148.945;-1.188;-9.787;-5.853
2019-07-30;148.757;-1.175;-14.594;-8.721
2019-07-31;149.251;-1.213;-15.25;-9.073
2019-08-01;148.861;-1.187;-13.666;-8.11
2019-08-02;148.837;-1.187;-14.264;-8.508
2019-08-05;148.595;-1.17;-12.539;-7.485
2019-08-06;149.204;-1.216;-16.65;-9.881
2019-08-07;149.293;-1.224;-15.638;-9.278
2019-08-08;149.089;-1.212;-14.587;-8.632
2019-08-09;149.157;-1.218;-10.401;-6.131
2019-08-12;149.52;-1.246;-13.65;-8.038
2019-08-13;149.793;-1.267;-14.808;-8.707
2019-08-14;149.991;-1.283;-13.442;-7.885
2019-08-15;151.016;-1.362;-8.754;-5.088
2019-08-16;150.662;-1.337;-3.188;-1.746
2019-08-19;150.231;-1.306;-9.032;-5.223
2019-08-20;150.467;-1.325;-11.491;-6.688
2019-08-21;150.38;-1.319;-14.621;-8.51
2019-08-22;149.965;-1.292;-14.942;-8.728
2019-08-23;150.009;-1.296;-13.564;-7.963
2019-08-26;149.988;-1.296;-14.742;-8.656
2019-08-27;150.26;-1.317;-12.324;-7.205
2019-08-28;149.892;-1.291;-7.648;-4.448
2019-08-29;149.646;-1.276;-4.291;-2.462
2019-08-30;149.233;-1.246;-3.499;-1.989
2019-09-02;148.957;-1.226;-3.93;-2.225
2019-09-03;148.759;-1.213;-6.721;-3.866
2019-09-04;148.836;-1.219;-7.791;-4.553
2019-09-05;148.49;-1.197;-8.725;-5.094
2019-09-06;149.004;-1.236;-12.059;-7.107
2019-09-09;148.35;-1.188;-6.697;-3.939
2019-09-10;147.777;-1.146;-6.479;-3.817
2019-09-11;148.018;-1.165;-9.9;-5.901
2019-09-12;148.411;-1.198;-12.719;-7.497
2019-09-13;147.317;-1.116;-11.221;-6.702
2019-09-16;147.876;-1.16;-8.598;-5.155
2019-09-17;147.733;-1.15;-5.975;-3.58
2019-09-18;148.191;-1.186;-8.936;-5.331
2019-09-19;148.03;-1.177;-7.195;-4.298
2019-09-20;147.848;-1.164;-6.607;-3.982
2019-09-23;148.394;-1.207;-8.989;-5.404
2019-09-24;148.409;-1.209;-3.969;-2.374
2019-09-25;147.798;-1.164;-7.963;-4.778
2019-09-26;147.921;-1.176;-8.87;-5.327
2019-09-27;147.75;-1.164;-7.713;-4.641
2019-09-30;147.404;-1.139;-7.969;-4.772
2019-10-01;147.13;-1.119;-4.467;-2.691
2019-10-02;146.873;-1.1;-3.252;-1.964
2019-10-03;146.887;-1.104;-4.675;-2.828
2019-10-04;147.028;-1.116;-4.444;-2.681
2019-10-07;146.831;-1.102;-3.973;-2.39
2019-10-08;147.31;-1.14;-8.225;-4.954
2019-10-09;147.094;-1.125;-7.621;-4.574
2019-10-10;146.281;-1.065;-3.317;-2.002
2019-10-11;145.996;-1.044;-2.968;-1.819
2019-10-14;145.981;-1.044;-2.081;-1.31
2019-10-15;145.938;-1.042;-3.783;-2.285
2019-10-16;145.891;-1.039;-5.017;-3.03
2019-10-17;146.3;-1.074;-7.726;-4.668
2019-10-18;145.732;-1.031;-4.551;-2.748
2019-10-21;145.373;-1.004;-6.915;-4.185
2019-10-22;145.452;-1.011;-6.343;-3.839
2019-10-23;145.544;-1.019;-4.56;-2.762
2019-10-24;145.883;-1.049;-8.554;-5.15
2019-10-25;145.439;-1.015;-9.878;-5.965
2019-10-28;145.361;-1.01;-10.22;-6.169
2019-10-29;145.738;-1.041;-10.317;-6.224
2019-10-30;145.79;-1.046;-12.054;-7.282
2019-10-31;146.201;-1.081;-10.939;-6.625
2019-11-01;145.959;-1.063;-5.502;-3.308
2019-11-04;146.04;-1.071;-5.831;-3.52
2019-11-05;146.113;-1.077;-7.086;-4.257
2019-11-06;146.47;-1.106;-8.249;-4.952
2019-11-07;145.348;-1.022;-5.453;-3.278
2019-11-08;145.565;-1.04;-6.326;-3.834
2019-11-11;145.339;-1.023;-3.356;-2.029
2019-11-12;145.555;-1.041;-2.937;-1.791
2019-11-13;145.716;-1.055;-2.936;-1.77
2019-11-14;146.015;-1.082;-5.058;-3.055
2019-11-15;145.968;-1.079;-4.103;-2.476
2019-11-18;146.044;-1.086;-6.565;-3.936
2019-11-19;145.882;-1.074;-6.236;-3.754
2019-11-20;145.964;-1.082;-6.781;-4.085
2019-11-21;145.779;-1.071;-6.171;-3.709
2019-11-22;145.986;-1.088;-5.184;-3.129
2019-11-25;145.746;-1.07;-7.17;-4.32
2019-11-26;145.915;-1.084;-5.464;-3.285
2019-11-27;145.974;-1.09;-2.629;-1.574
2019-11-28;145.943;-1.091;-2.286;-1.355
2019-11-29;146.171;-1.11;-3.776;-2.25
2019-12-02;145.329;-1.045;-8.245;-4.951
2019-12-03;146.254;-1.118;-11.58;-6.985
2019-12-04;145.852;-1.088;-8.166;-4.934
2019-12-05;145.398;-1.055;-5.04;-3.056
2019-12-06;145.426;-1.059;-4.965;-3.011
2019-12-09;145.641;-1.077;-6.839;-4.148
2019-12-10;145.557;-1.071;-5.821;-3.531
2019-12-11;145.88;-1.098;-6.002;-3.615
2019-12-12;145.438;-1.066;-4.674;-2.811
2019-12-13;145.95;-1.108;-5.609;-3.349
2019-12-16;145.778;-1.095;-6.166;-3.696
2019-12-17;145.928;-1.108;-5.873;-3.511
2019-12-18;145.408;-1.068;-3.534;-2.096
2019-12-19;145.392;-1.07;-2.687;-1.606
2019-12-20;145.461;-1.077;-2.715;-1.632
2019-12-23;145.3;-1.067;-2.242;-1.324
2019-12-24;145.3;-1.07;-2.881;-1.717
2019-12-25;145.3;-1.07;-4.344;-2.599
2019-12-26;145.3;-1.07;-4.579;-2.739
2019-12-27;145.401;-1.079;-3.267;-1.967
2019-12-30;144.667;-1.023;-0.068;-0.048
2020-01-01;144.667;-1.024;-3.337;-2.017
2020-01-02;145.235;-1.073;-3.25;-1.968
2020-01-03;146.044;-1.138;-3.383;-2.04
2020-01-06;146.205;-1.152;-4.228;-2.541
2020-01-07;146.144;-1.148;-4.386;-2.644
2020-01-08;145.682;-1.113;-5.652;-3.394
2020-01-09;145.467;-1.099;-4.99;-3.001
2020-01-10;145.797;-1.126;-7.354;-4.412
2020-01-13;145.397;-1.095;-7.299;-4.392
2020-01-14;145.568;-1.11;-6.851;-4.115
2020-01-15;145.887;-1.137;-10.129;-6.074
2020-01-16;145.854;-1.137;-6.174;-3.701
2020-01-17;145.919;-1.144;-6.786;-4.066
2020-01-20;146.004;-1.151;-8.054;-4.824
2020-01-21;146.081;-1.159;-8.53;-5.109
2020-01-22;146.161;-1.166;-8.862;-5.307
2020-01-23;146.476;-1.194;-10.58;-6.332
2020-01-24;146.621;-1.207;-9.648;-5.761
2020-01-27;146.855;-1.227;-9.981;-5.932
2020-01-28;146.371;-1.189;-8.218;-4.875
2020-01-29;146.736;-1.219;-10.854;-6.452
2020-01-30;146.696;-1.22;-8.822;-5.236
2020-01-31;146.785;-1.228;-8.132;-4.821
2020-02-03;146.673;-1.22;-8.901;-5.286
2020-02-04;146.271;-1.189;-8.385;-4.975
2020-02-05;145.972;-1.167;-11.853;-7.053
2020-02-06;145.99;-1.171;-9.034;-5.361
2020-02-07;146.021;-1.175;-8.588;-5.111
2020-02-10;146.256;-1.195;-9.534;-5.651
2020-02-11;145.76;-1.156;-10.012;-5.95
2020-02-12;145.765;-1.158;-9.219;-5.43
2020-02-13;145.841;-1.167;-8.057;-4.747
2020-02-14;145.97;-1.179;-9.197;-5.427
2020-02-17;145.968;-1.18;-9.788;-5.807
2020-02-18;145.836;-1.17;-8.828;-5.216
2020-02-19;146.004;-1.185;-9.226;-5.463
2020-02-20;146.215;-1.205;-10.174;-6.015
2020-02-21;145.882;-1.18;-9.223;-5.458
2020-02-24;145.841;-1.178;-6.809;-4.01
2020-02-25;145.832;-1.178;-7.245;-4.271
2020-02-26;145.606;-1.161;-7.285;-4.265
2020-02-27;145.466;-1.153;-9.366;-5.544
2020-02-28;145.291;-1.14;-9.815;-5.8
2020-03-02;145.219;-1.135;-2.607;-1.448
2020-03-03;145.982;-1.198;-4.717;-2.622
2020-03-04;145.807;-1.185;-5.011;-2.839
2020-03-05;145.236;-1.142;-5.205;-2.904
2020-03-06;144.015;-1.044;0.495;0.543
2020-03-09;142.933;-0.957;3.196;2.146
2020-03-10;141.853;-0.868;9.244;5.994
2020-03-11;141.792;-0.864;10.962;7.005
2020-03-12;138.484;-0.588;43.452;27.65
2020-03-13;137.544;-0.508;37.306;23.813
2020-03-16;134.759;-0.266;55.626;35.843
2020-03-17;133.727;-0.175;64.211;41.585
2020-03-18;131.445;0.03;55.731;36.712
2020-03-19;132.466;-0.065;36.893;24.217
2020-03-20;133.639;-0.171;33.134;21.503
2020-03-23;133.103;-0.124;41.601;27.039
2020-03-24;132.432;-0.064;48.731;31.792
2020-03-25;132.964;-0.113;43.122;28.023
2020-03-26;135.94;-0.381;28.176;17.905
2020-03-27;137.739;-0.539;24.194;15.218
2020-03-30;137.898;-0.553;24.31;15.259
2020-03-31;137.209;-0.495;25.203;15.917
2020-04-01;136.459;-0.43;34.24;21.717
2020-04-02;136.212;-0.411;42.102;26.717
2020-04-03;136.236;-0.414;40.753;25.902
2020-04-06;136.169;-0.409;38.279;24.299
2020-04-07;135.371;-0.34;44.408;28.266
2020-04-08;135.387;-0.346;44.113;28.037
2020-04-09;136.486;-0.444;43.128;27.048
2020-04-10;136.486;-0.444;42.011;26.347
2020-04-13;136.486;-0.444;42.439;26.632
2020-04-14;136.416;-0.439;47.106;29.6
2020-04-15;136.607;-0.457;43.808;27.56
2020-04-16;136.8;-0.476;41.475;26.064
2020-04-17;136.906;-0.487;37.278;23.423
2020-04-20;136.5;-0.452;36.787;23.168
2020-04-21;136.242;-0.43;35.848;22.663
2020-04-22;135.56;-0.371;36.297;22.889
2020-04-23;136.493;-0.456;32.038;19.977
2020-04-24;137.02;-0.504;29.015;17.983
2020-04-27;137.019;-0.504;26.876;16.64
2020-04-28;137.13;-0.515;28.2;17.454
2020-04-29;137.641;-0.564;26.146;16.103
2020-04-30;139.083;-0.69;22.816;13.819
2020-05-01;139.083;-0.69;21.258;12.849
2020-05-04;138.146;-0.61;36.885;22.7
2020-05-05;138.18;-0.614;38.024;23.47
2020-05-06;137.31;-0.539;42.003;26.042
2020-05-07;137.621;-0.569;37.316;22.996
2020-05-08;137.596;-0.568;33.105;20.478
2020-05-11;137.279;-0.541;36.724;22.824
2020-05-12;137.307;-0.545;39.849;24.805
2020-05-13;137.377;-0.552;37.349;23.205
2020-05-14;137.065;-0.527;39.805;24.824
2020-05-15;136.753;-0.501;40.602;25.353
2020-05-18;136.719;-0.499;43.378;27.104
2020-05-19;137.36;-0.556;37.294;23.17
2020-05-20;137.69;-0.586;34.93;21.615
2020-05-21;138.045;-0.62;32.509;20.075
2020-05-22;137.704;-0.592;36.608;22.741
2020-05-25;137.8;-0.601;36.563;22.687
2020-05-26;137.604;-0.585;35.832;22.206
2020-05-27;137.82;-0.605;33.0;20.426
2020-05-28;138.537;-0.671;27.809;17.052
2020-05-29;139.102;-0.721;27.297;16.683
2020-06-01;138.615;-0.68;29.682;18.245
2020-06-02;138.966;-0.711;24.651;15.123
2020-06-03;138.447;-0.667;28.134;17.327
2020-06-04;138.883;-0.708;25.346;15.527
2020-06-05;139.021;-0.721;24.57;15.05
2020-06-08;139.461;-0.761;24.184;14.805
2020-06-09;139.063;-0.727;25.228;15.495
2020-06-10;138.747;-0.7;28.159;17.357
2020-06-11;139.109;-0.735;23.649;14.502
2020-06-12;139.5;-0.77;19.854;12.171
2020-06-15;139.52;-0.773;20.562;12.613
2020-06-16;139.837;-0.802;16.45;10.002
2020-06-17;139.774;-0.797;14.969;9.092
2020-06-18;140.286;-0.845;15.056;9.126
2020-06-19;140.505;-0.865;13.659;8.267
2020-06-22;140.713;-0.884;11.691;7.088
2020-06-23;140.765;-0.89;13.985;8.565
2020-06-24;141.051;-0.915;12.034;7.347
2020-06-25;140.991;-0.913;9.257;5.608
2020-06-26;141.028;-0.918;11.949;7.282
2020-06-29;140.994;-0.916;15.883;9.725
2020-06-30;140.892;-0.908;17.157;10.555
2020-07-01;140.381;-0.865;20.74;12.778
2020-07-02;140.803;-0.905;16.903;10.386
2020-07-03;140.803;-0.906;15.117;9.309
2020-07-06;140.924;-0.918;13.955;8.582
2020-07-07;140.439;-0.877;16.601;10.264
2020-07-08;140.814;-0.91;15.37;9.493
2020-07-09;140.676;-0.902;16.757;10.385
2020-07-10;140.491;-0.887;15.819;9.82
2020-07-13;140.352;-0.876;15.869;9.86
2020-07-14;140.945;-0.928;15.737;9.743
2020-07-15;141.133;-0.946;17.866;11.046
2020-07-16;141.218;-0.957;16.353;10.115
2020-07-17;141.224;-0.958;14.248;8.814
2020-07-20;141.744;-1.004;13.114;8.086
2020-07-21;142.096;-1.036;13.533;8.325
2020-07-22;142.416;-1.064;10.788;6.627
2020-07-23;142.353;-1.062;10.025;6.159
2020-07-24;141.981;-1.032;10.732;6.606
2020-07-27;142.508;-1.078;7.881;4.844
2020-07-28;142.514;-1.08;8.776;5.405
2020-07-29;142.591;-1.087;8.879;5.499
2020-07-30;142.731;-1.103;7.209;4.502
2020-07-31;142.554;-1.089;8.875;5.557
2020-08-03;142.565;-1.091;7.136;4.52
2020-08-04;142.868;-1.118;5.378;3.453
2020-08-05;142.499;-1.088;6.843;4.344
2020-08-06;142.562;-1.097;7.532;4.76
2020-08-07;142.681;-1.108;6.412;4.074
2020-08-10;143.293;-1.162;4.97;3.185
2020-08-11;143.054;-1.142;4.192;2.728
2020-08-12;142.743;-1.117;5.466;3.522
2020-08-13;142.174;-1.071;7.571;4.831
2020-08-14;142.009;-1.058;8.667;5.509
2020-08-17;142.142;-1.071;7.288;4.666
2020-08-18;141.94;-1.055;9.718;6.187
2020-08-19;142.042;-1.065;8.136;5.221
2020-08-20;142.101;-1.073;6.969;4.504
2020-08-21;141.937;-1.06;8.975;5.733
2020-08-24;142.15;-1.08;9.084;5.786
2020-08-25;141.662;-1.039;11.421;7.24
2020-08-26;141.764;-1.049;8.946;5.718
2020-08-27;141.563;-1.035;7.804;5.012
2020-08-28;141.479;-1.028;7.185;4.633
2020-08-31;141.228;-1.008;10.743;6.854
2020-09-01;141.252;-1.011;9.809;6.267
2020-09-02;141.746;-1.055;3.916;2.636
2020-09-03;141.606;-1.047;3.072;2.113
2020-09-04;141.309;-1.022;1.434;1.084
2020-09-07;140.694;-0.969;8.517;5.518
2020-09-08;140.372;-0.942;11.627;7.461
2020-09-09;140.329;-0.939;11.035;7.11
2020-09-10;140.126;-0.925;12.693;8.122
2020-09-11;140.735;-0.98;8.033;5.203
2020-09-14;140.856;-0.991;7.155;4.644
2020-09-15;140.826;-0.99;10.226;6.538
2020-09-16;141.154;-1.02;6.929;4.494
2020-09-17;141.159;-1.024;5.604;3.682
2020-09-18;140.938;-1.006;5.143;3.403
2020-09-21;140.757;-0.991;3.549;2.413
2020-09-22;140.702;-0.987;4.213;2.846
2020-09-23;140.692;-0.987;1.422;1.105
2020-09-24;140.294;-0.956;3.761;2.552
2020-09-25;140.394;-0.966;4.166;2.786
2020-09-28;140.206;-0.95;4.8;3.205
2020-09-29;140.263;-0.956;4.781;3.193
2020-09-30;140.045;-0.938;6.446;4.26
2020-10-01;140.132;-0.949;5.32;3.544
2020-10-02;140.24;-0.96;6.742;4.397
2020-10-05;140.3;-0.967;8.2;5.361
2020-10-06;140.652;-0.999;5.376;3.522
2020-10-07;140.608;-0.996;5.983;3.938
2020-10-08;141.095;-1.043;3.716;2.515
2020-10-09;141.267;-1.059;0.208;0.341
2020-10-12;141.355;-1.068;-2.843;-1.555
2020-10-13;141.3;-1.065;-1.712;-0.851
2020-10-14;141.431;-1.077;-2.477;-1.311
2020-10-15;141.435;-1.081;-2.644;-1.397
2020-10-16;141.687;-1.105;-4.03;-2.254
2020-10-19;141.763;-1.113;-2.557;-1.335
2020-10-20;141.72;-1.11;-4.277;-2.392
2020-10-21;141.618;-1.102;-3.85;-2.136
2020-10-22;141.322;-1.08;-1.343;-0.613
2020-10-23;141.656;-1.11;-2.939;-1.597
2020-10-26;141.58;-1.105;-3.662;-2.054
2020-10-27;141.558;-1.104;0.218;0.376
2020-10-28;140.989;-1.055;1.505;1.191
2020-10-29;141.166;-1.074;-2.91;-1.561
2020-10-30;140.948;-1.056;-0.393;0.004
2020-11-02;140.71;-1.036;3.195;2.194
2020-11-03;140.765;-1.042;2.811;1.953
2020-11-04;140.845;-1.05;0.213;0.356
2020-11-05;140.981;-1.066;-0.578;-0.151
2020-11-06;141.025;-1.071;-1.051;-0.465
2020-11-09;140.981;-1.069;0.924;0.798
2020-11-10;141.185;-1.088;0.787;0.682
2020-11-11;141.614;-1.127;-3.125;-1.727
2020-11-12;141.771;-1.145;-2.971;-1.644
2020-11-13;141.786;-1.147;-7.091;-4.205
2020-11-16;141.993;-1.167;-4.811;-2.785
2020-11-17;141.871;-1.157;-5.065;-2.946
2020-11-18;141.677;-1.141;-4.071;-2.335
2020-11-19;141.713;-1.148;-3.051;-1.716
2020-11-20;141.858;-1.162;-2.145;-1.177
2020-11-23;142.068;-1.182;-0.36;-0.067
2020-11-24;142.295;-1.204;-1.913;-1.013
2020-11-25;142.286;-1.204;-2.613;-1.446
2020-11-26;142.396;-1.218;-4.557;-2.671
2020-11-27;142.426;-1.222;-1.646;-0.887
2020-11-30;142.406;-1.221;-2.279;-1.286
2020-12-01;142.487;-1.23;-8.401;-5.036
2020-12-02;142.722;-1.252;-3.973;-2.309
2020-12-03;143.219;-1.299;-5.599;-3.304
2020-12-04;143.161;-1.295;-3.877;-2.265
2020-12-07;143.532;-1.329;-6.804;-4.048
2020-12-08;143.745;-1.349;-9.846;-5.903
2020-12-09;143.569;-1.335;-11.829;-7.154
2020-12-10;143.23;-1.309;-7.282;-4.324
2020-12-11;143.214;-1.309;-7.032;-4.192
2020-12-14;143.194;-1.309;-7.708;-4.639
2020-12-15;143.282;-1.318;-6.758;-4.031
2020-12-16;142.868;-1.282;-2.957;-1.684
2020-12-17;142.933;-1.292;-1.812;-1.003
2020-12-18;142.776;-1.279;-1.871;-1.032
2020-12-21;142.38;-1.245;-3.304;-1.946
2020-12-22;142.685;-1.274;-6.702;-4.001
2020-12-23;142.597;-1.271;-5.362;-3.179
2020-12-24;142.597;-1.272;-6.086;-3.646
2020-12-25;142.597;-1.272;-5.249;-3.132
2020-12-28;142.966;-1.306;-8.633;-5.195
2020-12-29;143.158;-1.325;-10.807;-6.537
2020-12-30;143.054;-1.321;-10.794;-6.554
2020-12-31;143.054;-1.322;-10.912;-6.616
2021-01-01;143.054;-1.322;-13.451;-8.176
2021-01-04;143.194;-1.336;-8.325;-5.038
2021-01-05;142.861;-1.307;-3.231;-1.921
2021-01-06;142.915;-1.314;-0.773;-0.415
2021-01-07;143.066;-1.331;-4.348;-2.619
2021-01-08;143.148;-1.339;-2.984;-1.774
2021-01-11;142.973;-1.325;-3.338;-2.002
2021-01-12;142.835;-1.314;-2.945;-1.755
2021-01-13;143.311;-1.358;-3.999;-2.399
2021-01-14;143.365;-1.367;-3.556;-2.144
2021-01-15;143.554;-1.385;-5.696;-3.446
2021-01-18;143.396;-1.372;-4.832;-2.924
2021-01-19;143.362;-1.37;-4.368;-2.646
2021-01-20;143.456;-1.38;-2.93;-1.769
2021-01-21;142.959;-1.34;-2.595;-1.583
2021-01-22;142.855;-1.332;-2.808;-1.722
2021-01-25;142.992;-1.345;-4.388;-2.7
2021-01-26;142.813;-1.33;-4.954;-3.027
2021-01-27;142.814;-1.332;-5.453;-3.341
2021-01-28;142.928;-1.346;-7.001;-4.263
2021-01-29;142.916;-1.346;-3.242;-1.966
2021-02-01;143.176;-1.371;-4.386;-2.67
2021-02-02;143.236;-1.378;0.447;0.273
2021-02-03;143.299;-1.385;-1.187;-0.743
2021-02-04;143.041;-1.365;-4.254;-2.596
2021-02-05;142.703;-1.336;-4.287;-2.634
2021-02-08;142.679;-1.336;-4.693;-2.881
2021-02-09;142.548;-1.325;-5.692;-3.484
2021-02-10;142.407;-1.314;-5.717;-3.511
2021-02-11;142.509;-1.327;-7.56;-4.641
2021-02-12;142.308;-1.31;-5.537;-3.395
2021-02-15;141.762;-1.262;-4.411;-2.72
2021-02-16;141.7;-1.257;-8.228;-5.076
2021-02-17;141.588;-1.248;-7.086;-4.364
2021-02-18;140.734;-1.174;-0.325;-0.232
2021-02-19;139.983;-1.106;2.054;1.239
2021-02-22;140.586;-1.163;1.833;1.111
2021-02-23;140.54;-1.16;4.452;2.737
2021-02-24;140.467;-1.155;5.667;3.497
2021-02-25;139.904;-1.106;3.142;1.928
2021-02-26;140.194;-1.134;6.771;4.193
2021-03-01;141.271;-1.235;4.72;2.836
2021-03-02;141.649;-1.271;1.365;0.82
2021-03-03;141.333;-1.243;1.432;0.867
2021-03-04;141.436;-1.257;0.837;0.498
2021-03-05;141.882;-1.299;2.792;1.682
2021-03-08;141.573;-1.272;-0.928;-0.584
2021-03-09;141.829;-1.297;0.106;0.065
2021-03-10;141.876;-1.302;0.98;0.614
2021-03-11;142.26;-1.341;0.169;0.102
2021-03-12;142.21;-1.338;0.217;0.11
2021-03-15;142.433;-1.36;-1.545;-0.967
2021-03-16;142.639;-1.38;2.441;1.476
2021-03-17;142.182;-1.34;0.747;0.478
2021-03-18;142.001;-1.327;-2.113;-1.278
2021-03-19;142.062;-1.334;-5.021;-3.09
2021-03-22;142.391;-1.365;-4.712;-2.884
2021-03-23;142.564;-1.383;-6.236;-3.803
2021-03-24;143.102;-1.433;-6.759;-4.12
2021-03-25;143.178;-1.444;-9.197;-5.606
2021-03-26;143.266;-1.453;-9.912;-6.033
2021-03-29;142.974;-1.428;-8.483;-5.149
2021-03-30;142.861;-1.419;-6.443;-3.902
2021-03-31;142.959;-1.435;-8.495;-5.198
2021-04-01;143.537;-1.489;-14.884;-9.022
2021-04-02;143.537;-1.489;-14.842;-8.998
2021-04-05;143.537;-1.489;-14.837;-9.007
2021-04-06;143.525;-1.489;-12.41;-7.507
2021-04-07;143.588;-1.497;-9.859;-5.979
2021-04-08;143.793;-1.519;-9.507;-5.748
2021-04-09;143.464;-1.491;-8.059;-4.883
2021-04-12;143.443;-1.49;-10.752;-6.512
2021-04-13;143.476;-1.495;-12.672;-7.658
2021-04-14;143.099;-1.462;-13.185;-8.037
2021-04-15;143.144;-1.47;-9.725;-5.913
2021-04-16;142.703;-1.431;-9.581;-5.846
2021-04-19;142.933;-1.453;-12.455;-7.554
2021-04-20;143.222;-1.481;-12.791;-7.745
2021-04-21;143.312;-1.491;-8.794;-5.319
2021-04-22;143.0;-1.467;-8.79;-5.326
2021-04-23;143.157;-1.482;-12.14;-7.342
2021-04-26;142.994;-1.469;-11.063;-6.706
2021-04-27;143.019;-1.472;-11.11;-6.714
2021-04-28;143.097;-1.481;-11.681;-7.056
2021-04-29;142.972;-1.474;-12.272;-7.413
2021-04-30;142.961;-1.474;-10.259;-6.176
2021-05-03;142.824;-1.463;-2.036;-1.226
2021-05-04;143.035;-1.484;-0.569;-0.366
2021-05-05;143.079;-1.489;0.911;0.555
2021-05-06;143.1;-1.495;-0.507;-0.348
2021-05-07;143.041;-1.491;1.638;0.987
2021-05-10;143.421;-1.528;1.595;0.94
2021-05-11;142.909;-1.482;7.285;4.378
2021-05-12;142.765;-1.47;12.688;7.6
2021-05-13;142.434;-1.444;13.308;7.997
2021-05-14;142.039;-1.408;12.526;7.516
2021-05-17;142.17;-1.422;15.933;9.599
2021-05-18;142.282;-1.434;13.06;7.85
2021-05-19;141.848;-1.395;12.144;7.328
2021-05-20;141.42;-1.359;8.906;5.405
2021-05-21;141.409;-1.359;10.711;6.485
2021-05-24;141.591;-1.378;10.194;6.149
2021-05-25;142.029;-1.42;7.08;4.248
2021-05-26;142.045;-1.423;5.811;3.468
2021-05-27;141.568;-1.382;7.338;4.426
2021-05-28;142.155;-1.439;3.706;2.209
2021-05-31;142.303;-1.454;2.546;1.533
2021-06-01;142.223;-1.448;3.748;2.27
2021-06-02;141.984;-1.427;4.352;2.621
2021-06-03;142.141;-1.446;4.319;2.616
2021-06-04;142.444;-1.476;5.742;3.447
2021-06-07;142.441;-1.477;4.022;2.418
2021-06-08;142.457;-1.48;2.439;1.486
2021-06-09;142.695;-1.503;1.525;0.939
2021-06-10;142.926;-1.529;-0.986;-0.574
2021-06-11;143.178;-1.554;-3.367;-1.954
2021-06-14;142.892;-1.529;-2.629;-1.569
2021-06-15;142.612;-1.504;-0.647;-0.346
2021-06-16;142.581;-1.503;0.21;0.14
2021-06-17;141.804;-1.434;1.966;1.188
2021-06-18;141.286;-1.387;5.509;3.322
2021-06-21;141.135;-1.374;5.199;3.148
2021-06-22;141.498;-1.409;3.939;2.383
2021-06-23;141.598;-1.42;4.893;2.959
2021-06-24;141.618;-1.426;6.086;3.668
2021-06-25;141.25;-1.393;8.677;5.251
2021-06-28;141.59;-1.427;5.705;3.444
2021-06-29;141.592;-1.428;5.766;3.476
2021-06-30;142.008;-1.469;1.006;0.611
2021-07-01;142.123;-1.484;-1.076;-0.643
2021-07-02;142.537;-1.525;-2.889;-1.737
2021-07-05;142.389;-1.512;-1.677;-1.004
2021-07-06;142.933;-1.565;-4.93;-2.943
2021-07-07;142.719;-1.546;-4.209;-2.523
2021-07-08;142.198;-1.501;-0.274;-0.16
2021-07-09;142.368;-1.519;-2.238;-1.34
2021-07-12;142.188;-1.503;-0.887;-0.53
2021-07-13;142.328;-1.518;-4.504;-2.697
2021-07-14;142.501;-1.536;-6.352;-3.805
2021-07-15;142.634;-1.553;-6.388;-3.822
2021-07-16;142.843;-1.574;-8.57;-5.122
2021-07-19;142.611;-1.554;-7.594;-4.547
2021-07-20;142.759;-1.569;-7.527;-4.499
2021-07-21;142.892;-1.583;-9.458;-5.651
2021-07-22;143.135;-1.61;-10.4;-6.209
2021-07-23;143.276;-1.625;-11.386;-6.784
2021-07-26;143.306;-1.629;-10.202;-6.072
2021-07-27;143.651;-1.663;-9.403;-5.569
2021-07-28;143.769;-1.676;-10.13;-5.989
2021-07-29;144.277;-1.728;-13.585;-8.02
2021-07-30;144.515;-1.752;-13.506;-7.963
2021-08-02;144.884;-1.788;-15.793;-9.296
2021-08-03;144.753;-1.777;-13.759;-8.09
2021-08-04;144.799;-1.783;-14.73;-8.643
2021-08-05;144.603;-1.769;-11.098;-6.519
2021-08-06;144.259;-1.738;-11.09;-6.537
2021-08-09;144.158;-1.731;-10.099;-5.939
2021-08-10;144.361;-1.751;-8.981;-5.267
2021-08-11;144.433;-1.759;-5.234;-3.042
2021-08-12;144.507;-1.771;-5.754;-3.357
2021-08-13;144.476;-1.769;-3.111;-1.8
2021-08-16;144.344;-1.759;-5.666;-3.293
2021-08-17;144.363;-1.762;-6.23;-3.655
2021-08-18;144.408;-1.768;-8.02;-4.701
2021-08-19;144.184;-1.751;-7.866;-4.606
2021-08-20;144.13;-1.748;-8.043;-4.716
2021-08-23;144.11;-1.747;-5.451;-3.177
2021-08-24;144.253;-1.762;-6.247;-3.652
2021-08-25;143.842;-1.725;-1.624;-0.921
2021-08-26;143.527;-1.7;-4.025;-2.346
2021-08-27;143.715;-1.719;-4.742;-2.769
2021-08-30;143.9;-1.738;-5.051;-2.952
2021-08-31;143.319;-1.685;1.006;0.601
2021-09-01;143.229;-1.678;-2.456;-1.439
2021-09-02;143.496;-1.708;-1.362;-0.805
2021-09-03;143.599;-1.719;-1.123;-0.653
2021-09-06;144.265;-1.784;-3.714;-2.173
2021-09-07;143.709;-1.733;0.668;0.406
2021-09-08;143.844;-1.747;1.098;0.662
2021-09-09;144.359;-1.8;0.719;0.445
2021-09-10;144.403;-1.806;1.726;1.026
2021-09-13;144.63;-1.829;1.695;0.994
2021-09-14;144.327;-1.802;-2.093;-1.197
2021-09-15;143.91;-1.764;3.288;1.971
2021-09-16;143.942;-1.772;-0.882;-0.512
2021-09-17;143.945;-1.774;-3.628;-2.095
2021-09-20;143.907;-1.771;-4.731;-2.734
2021-09-21;144.048;-1.786;-5.55;-3.197
2021-09-22;144.134;-1.796;-4.765;-2.8
2021-09-23;143.576;-1.748;-4.552;-2.659
2021-09-24;143.105;-1.704;-4.328;-2.574
2021-09-27;143.465;-1.74;-6.976;-4.121
2021-09-28;143.473;-1.743;-10.094;-5.929
2021-09-29;143.249;-1.723;-9.222;-5.44
2021-09-30;142.913;-1.695;-5.954;-3.52
2021-10-01;143.346;-1.738;-10.912;-6.432
2021-10-04;143.399;-1.745;-7.82;-4.58
2021-10-05;144.172;-1.82;-10.094;-5.897
2021-10-06;143.615;-1.769;-11.16;-6.518
2021-10-07;143.345;-1.747;-15.217;-8.981
2021-10-08;143.105;-1.726;-17.378;-10.278
2021-10-11;142.945;-1.712;-18.984;-11.207
2021-10-12;142.722;-1.692;-16.475;-9.7
2021-10-13;142.872;-1.708;-17.697;-10.433
2021-10-14;143.173;-1.742;-13.643;-8.044
2021-10-15;143.255;-1.751;-13.61;-8.008
2021-10-18;143.259;-1.753;-15.92;-9.303
2021-10-19;142.802;-1.711;-12.009;-7.056
2021-10-20;142.888;-1.721;-14.244;-8.358
2021-10-21;143.131;-1.749;-19.054;-11.156
2021-10-22;143.473;-1.783;-14.464;-8.414
2021-10-25;143.856;-1.822;-17.475;-10.181
2021-10-26;144.122;-1.849;-13.869;-8.035
2021-10-27;144.375;-1.875;-14.169;-8.175
2021-10-28;143.21;-1.767;-17.093;-9.925
2021-10-29;141.315;-1.584;-6.703;-3.966
2021-11-01;141.55;-1.609;-5.199;-3.026
2021-11-02;142.093;-1.663;-7.05;-4.139
2021-11-03;141.651;-1.622;-7.134;-4.194
2021-11-04;142.531;-1.712;-4.15;-2.427
2021-11-05;143.317;-1.791;-6.838;-4.021
2021-11-08;143.475;-1.807;-5.184;-3.035
2021-11-09;143.779;-1.839;-6.461;-3.761
2021-11-10;143.203;-1.784;-6.09;-3.566
2021-11-11;143.081;-1.777;-6.303;-3.717
2021-11-12;143.128;-1.783;-4.849;-2.875
2021-11-15;142.869;-1.76;-0.423;-0.24
2021-11-16;143.519;-1.825;-4.651;-2.729
2021-11-17;143.611;-1.835;-6.069;-3.512
2021-11-18;143.56;-1.835;-10.621;-6.224
2021-11-19;143.668;-1.847;-12.754;-7.487
2021-11-22;142.972;-1.781;-13.045;-7.666
2021-11-23;141.919;-1.679;-6.07;-3.586
2021-11-24;141.756;-1.665;-7.331;-4.296
2021-11-25;142.284;-1.721;-6.661;-3.912
2021-11-26;142.224;-1.717;-9.46;-5.591
2021-11-29;142.49;-1.745;-8.991;-5.284
2021-11-30;142.795;-1.776;-9.957;-5.842
2021-12-01;142.608;-1.76;-9.918;-5.794
2021-12-02;142.645;-1.768;-8.547;-5.036
2021-12-03;143.017;-1.806;-8.454;-4.951
2021-12-06;142.898;-1.796;-11.161;-6.512
2021-12-07;143.132;-1.821;-9.251;-5.396
2021-12-08;142.522;-1.762;-6.963;-4.043
2021-12-09;143.065;-1.821;-12.591;-7.275
2021-12-10;143.11;-1.827;-12.238;-7.147
2021-12-13;143.547;-1.871;-14.236;-8.26
2021-12-14;143.287;-1.847;-16.825;-9.622
2021-12-15;143.226;-1.843;-16.579;-9.629
2021-12-16;143.309;-1.856;-12.437;-7.233
2021-12-17;143.593;-1.886;-17.504;-10.193
2021-12-20;143.517;-1.88;-19.974;-11.623
2021-12-21;143.307;-1.861;-14.987;-8.703
2021-12-22;143.773;-1.908;-13.865;-7.996
2021-12-23;143.394;-1.876;-18.788;-10.944
2021-12-24;143.394;-1.878;-19.173;-11.151
2021-12-27;143.097;-1.85;-19.345;-11.266
2021-12-28;143.084;-1.851;-21.281;-12.373
2021-12-29;142.604;-1.805;-17.127;-9.974
2021-12-30;142.831;-1.832;-15.047;-8.768
2021-12-31;142.831;-1.834;-16.597;-9.674
2022-01-03;142.348;-1.787;-15.902;-9.293
2022-01-04;142.878;-1.842;-19.181;-11.175
2022-01-05;142.645;-1.82;-18.749;-10.92
2022-01-06;141.842;-1.745;-18.016;-10.58
2022-01-07;141.816;-1.744;-18.124;-10.64
2022-01-10;141.693;-1.733;-17.695;-10.382
2022-01-11;141.556;-1.721;-18.156;-10.66
2022-01-12;141.719;-1.739;-2.171;-9.604
2022-01-13;141.729;-1.745;-15.047;-8.825
2022-01-14;141.279;-1.701;-14.869;-8.734
2022-01-17;141.091;-1.684;-13.167;-7.736
2022-01-18;141.184;-1.695;-17.473;-10.266
2022-01-19;141.04;-1.682;-15.133;-8.894
2022-01-20;141.016;-1.685;-15.64;-9.191
2022-01-21;141.133;-1.698;-17.638;-10.366
2022-01-24;141.407;-1.727;-18.198;-10.679
2022-01-25;141.445;-1.733;-17.99;-10.542
2022-01-26;141.71;-1.761;-13.288;-7.758
2022-01-27;141.835;-1.779;-13.64;-7.971
2022-01-28;141.968;-1.794;-13.851;-8.084
2022-01-31;142.099;-1.809;-11.681;-6.814
2022-02-01;141.705;-1.771;-11.327;-6.655
2022-02-02;141.623;-1.764;-19.412;-11.379
2022-02-03;139.972;-1.601;-13.253;-7.855
2022-02-04;139.176;-1.52;-9.712;-5.892
2022-02-07;138.914;-1.495;-11.767;-7.16
2022-02-08;138.56;-1.46;-19.813;-11.896
2022-02-09;138.997;-1.506;-18.838;-11.322
2022-02-10;138.172;-1.425;-21.867;-13.089
2022-02-11;138.116;-1.421;-19.669;-11.837
2022-02-14;138.443;-1.457;-24.082;-14.461
2022-02-15;138.208;-1.434;-21.893;-13.138
2022-02-16;138.572;-1.473;-19.99;-11.991
2022-02-17;138.968;-1.519;-24.617;-14.63
2022-02-18;139.372;-1.563;-20.133;-11.922
2022-02-21;139.112;-1.537;-17.519;-10.391
2022-02-22;139.216;-1.55;-17.617;-10.406
2022-02-23;139.63;-1.594;-18.681;-10.988
2022-02-24;141.429;-1.784;-22.934;-13.424
2022-02-25;140.123;-1.652;-25.105;-14.727
2022-02-28;141.809;-1.826;-23.405;-13.605
2022-03-01;145.43;-2.191;-44.043;-25.057
2022-03-02;145.125;-2.163;-40.938;-23.219
2022-03-03;145.054;-2.161;-39.635;-22.53
2022-03-04;146.109;-2.267;-46.142;-26.122
2022-03-07;147.626;-2.417;-58.63;-32.808
2022-03-08;147.18;-2.376;-56.342;-31.589
2022-03-09;144.509;-2.114;-49.209;-28.132
2022-03-10;142.491;-1.916;-45.3;-26.19
2022-03-11;143.242;-1.994;-39.358;-22.62
2022-03-14;142.374;-1.908;-37.784;-21.822
2022-03-15;142.194;-1.891;-42.323;-24.477
2022-03-16;141.231;-1.794;-43.765;-25.472
2022-03-17;141.735;-1.851;-34.632;-20.057
2022-03-18;142.17;-1.897;-36.532;-21.206
2022-03-21;141.585;-1.839;-29.959;-17.403
2022-03-22;141.938;-1.877;-30.446;-17.581
2022-03-23;142.801;-1.967;-24.858;-14.251
2022-03-24;142.746;-1.966;-28.081;-16.134
2022-03-25;142.151;-1.907;-26.758;-15.523
2022-03-28;142.183;-1.912;-28.777;-16.534
2022-03-29;141.847;-1.88;-29.078;-16.727
2022-03-30;142.085;-1.906;-26.7;-15.3
2022-03-31;142.272;-1.93;-25.191;-14.486
2022-04-01;142.065;-1.911;-28.277;-16.219
2022-04-04;142.539;-1.961;-26.936;-15.472
2022-04-05;141.822;-1.889;-18.246;-10.489
2022-04-06;142.035;-1.913;-22.157;-12.69
2022-04-07;141.526;-1.865;-18.36;-10.564
2022-04-08;141.258;-1.839;-20.732;-11.905
2022-04-11;140.825;-1.796;-28.935;-16.673
2022-04-12;141.254;-1.843;-27.052;-15.574
2022-04-13;141.36;-1.862;-32.92;-18.795
2022-04-14;141.178;-1.845;-34.48;-19.806
2022-04-15;141.178;-1.845;-30.998;-17.788
2022-04-18;141.178;-1.845;-31.362;-17.93
2022-04-19;141.096;-1.838;-31.807;-18.193
2022-04-20;141.388;-1.87;-30.239;-17.108
2022-04-21;140.428;-1.775;-36.337;-20.715
2022-04-22;140.109;-1.744;-41.352;-23.588
2022-04-25;140.633;-1.8;-45.754;-26.142
2022-04-26;140.331;-1.77;-43.812;-25.021
2022-04-27;140.801;-1.821;-44.63;-25.369
2022-04-28;140.943;-1.841;-43.408;-24.515
2022-04-29;141.397;-1.89;-49.103;-27.623
2022-05-02;141.199;-1.872;-41.895;-23.64
2022-05-03;141.078;-1.861;-40.874;-23.066
2022-05-04;141.159;-1.871;-40.892;-22.985
2022-05-05;140.828;-1.841;-45.343;-25.52
2022-05-06;139.749;-1.729;-46.382;-26.117
2022-05-09;139.729;-1.729;-53.049;-29.994
2022-05-10;139.66;-1.723;-58.615;-33.187
2022-05-11;140.087;-1.77;-43.426;-24.407
2022-05-12;140.663;-1.836;-57.784;-32.644
2022-05-13;139.908;-1.758;-45.171;-25.594
2022-05-16;140.463;-1.819;-40.602;-22.835
2022-05-17;139.999;-1.771;-34.685;-19.469
2022-05-18;139.409;-1.71;-37.573;-21.175
2022-05-19;139.081;-1.68;-37.738;-21.395
2022-05-20;138.859;-1.658;-33.985;-19.373
2022-05-23;137.9;-1.557;-27.254;-15.526
2022-05-24;138.065;-1.576;-25.299;-14.426
2022-05-25;137.978;-1.569;-36.627;-20.96
2022-05-26;137.552;-1.527;-30.115;-17.263
2022-05-27;137.698;-1.545;-30.363;-17.32
2022-05-30;137.289;-1.502;-17.567;-10.029
2022-05-31;136.973;-1.469;-27.295;-15.53
2022-06-01;136.41;-1.409;-25.99;-14.882
2022-06-02;136.065;-1.376;-26.382;-15.13
2022-06-03;135.885;-1.358;-26.526;-15.205
2022-06-06;135.772;-1.347;-26.632;-15.203
2022-06-07;136.163;-1.392;-28.922;-16.545
2022-06-08;135.945;-1.369;-24.078;-13.617
2022-06-09;134.87;-1.254;-21.907;-12.56
2022-06-10;133.38;-1.088;-11.827;-6.916
2022-06-13;131.191;-0.839;-13.043;-7.52
2022-06-14;129.57;-0.651;-28.825;-16.914
2022-06-15;130.657;-0.78;-23.499;-13.919
2022-06-16;129.738;-0.677;-23.845;-14.309
2022-06-17;129.718;-0.676;-25.424;-15.211
2022-06-20;128.552;-0.539;-18.124;-10.88
2022-06-21;129.023;-0.597;-13.768;-8.276
2022-06-22;130.154;-0.731;-16.587;-9.904
2022-06-23;131.678;-0.913;-20.849;-12.32
2022-06-24;132.079;-0.961;-20.009;-11.816
2022-06-27;131.513;-0.897;-24.469;-14.379
2022-06-28;130.404;-0.769;-14.385;-8.572
2022-06-29;131.19;-0.862;-22.982;-13.592
2022-06-30;131.605;-0.915;-16.034;-9.533
2022-07-01;132.508;-1.02;-10.825;-7.166
2022-07-04;131.767;-0.936;-2.008;-1.918
2022-07-05;133.199;-1.103;-12.959;-7.623
2022-07-06;132.758;-1.054;-6.975;-4.141
2022-07-07;132.327;-1.009;-10.984;-6.306
2022-07-08;132.236;-1.0;-13.226;-7.748
2022-07-11;133.125;-1.104;-22.7;-13.217
2022-07-12;134.008;-1.206;-30.422;-17.626
2022-07-13;134.098;-1.218;-28.222;-16.254
2022-07-14;133.699;-1.177;-23.375;-13.422
2022-07-15;133.902;-1.202;-33.006;-19.001
2022-07-18;133.269;-1.131;-26.801;-15.436
2022-07-19;132.798;-1.078;-33.769;-19.473
2022-07-20;132.782;-1.078;-28.265;-16.313
2022-07-21;132.411;-1.04;-31.412;-18.146
2022-07-22;134.158;-1.242;-37.172;-21.621
2022-07-25;134.425;-1.274;-28.629;-16.346
2022-07-26;135.767;-1.428;-32.875;-18.53
2022-07-27;135.704;-1.422;-33.639;-18.964
2022-07-28;137.195;-1.595;-42.974;-24.218
2022-07-29;136.889;-1.562;-25.19;-14.139
2022-08-01;137.022;-1.579;-33.883;-18.974
2022-08-02;136.229;-1.492;-32.678;-18.348
2022-08-03;135.474;-1.408;-27.974;-15.819
2022-08-04;135.87;-1.458;-27.623;-15.678
2022-08-05;134.965;-1.357;-32.276;-18.254
2022-08-08;135.546;-1.424;-31.534;-17.962
2022-08-09;135.926;-1.469;-35.366;-20.027
2022-08-10;135.836;-1.461;-32.064;-18.335
2022-08-11;135.583;-1.437;-28.375;-16.251
2022-08-12;135.477;-1.427;-30.377;-17.344
2022-08-15;135.728;-1.457;-23.903;-13.603
2022-08-16;135.56;-1.439;-28.425;-16.064
2022-08-17;134.581;-1.329;-25.333;-14.335
2022-08-18;134.481;-1.323;-30.262;-17.403
2022-08-19;133.7;-1.234;-32.431;-18.87
2022-08-22;133.171;-1.174;-36.819;-21.497
2022-08-23;132.722;-1.124;-37.914;-22.271
2022-08-24;131.819;-1.019;-44.589;-26.131
2022-08-25;132.248;-1.074;-37.276;-22.276
2022-08-26;131.551;-0.994;-43.017;-25.371
2022-08-29;130.413;-0.86;-43.78;-26.156
2022-08-30;130.184;-0.834;-44.316;-26.934
2022-08-31;129.178;-0.714;-45.98;-28.082
2022-09-01;128.757;-0.667;-48.771;-29.994
2022-09-02;128.594;-0.649;-48.373;-30.15
2022-09-05;128.945;-0.693;-59.969;-36.544
2022-09-06;128.457;-0.635;-57.313;-35.266
2022-09-07;128.769;-0.675;-51.741;-31.932
2022-09-08;127.973;-0.581;-35.355;-22.327
2022-09-09;127.939;-0.579;-31.169;-20.156
2022-09-12;127.99;-0.586;-27.522;-18.103
2022-09-13;127.451;-0.521;-28.902;-19.018
2022-09-14;128.022;-0.593;-25.2;-16.712
2022-09-15;127.879;-0.58;-20.363;-13.963
2022-09-16;128.011;-0.597;-14.473;-10.704
2022-09-19;127.419;-0.526;-13.913;-10.649
2022-09-20;127.122;-0.49;-11.071;-8.911
2022-09-21;127.301;-0.514;-22.343;-15.532
2022-09-22;127.431;-0.534;-32.632;-21.119
2022-09-23;126.457;-0.414;-36.265;-23.613
2022-09-26;125.206;-0.258;-41.935;-27.144
2022-09-27;123.933;-0.096;-46.01;-29.692
2022-09-28;124.56;-0.178;-57.649;-36.646
2022-09-29;123.345;-0.026;-40.502;-26.493
2022-09-30;123.185;-0.006;-44.349;-28.864
2022-10-03;124.487;-0.175;-58.333;-37.035
2022-10-04;125.38;-0.29;-51.14;-32.341
2022-10-05;124.483;-0.177;-44.522;-28.129
2022-10-06;124.009;-0.12;-56.325;-35.474
2022-10-07;123.119;-0.006;-58.171;-36.934
2022-10-10;122.366;0.091;-59.016;-37.783
2022-10-11;122.858;0.026;-61.938;-39.503
2022-10-12;122.916;0.017;-48.791;-31.48
2022-10-13;122.812;0.027;-45.958;-29.64
2022-10-14;122.376;0.083;-47.979;-30.904
2022-10-17;122.87;0.017;-51.193;-32.766
2022-10-18;122.706;0.037;-47.754;-30.736
2022-10-19;121.906;0.141;-36.078;-23.835
2022-10-20;121.949;0.132;-29.92;-20.052
2022-10-21;122.548;0.052;-26.278;-17.77
2022-10-24;123.299;-0.048;-26.748;-18.29
2022-10-25;124.47;-0.201;-29.844;-19.837
2022-10-26;124.851;-0.251;-32.614;-21.436
2022-10-27;126.618;-0.481;-24.193;-16.214
2022-10-28;126.116;-0.419;-37.774;-23.531
2022-10-31;125.868;-0.388;-39.903;-25.182
2022-11-01;126.162;-0.427;-34.06;-21.78
2022-11-02;126.02;-0.41;-31.421;-20.357
2022-11-03;125.177;-0.306;-29.318;-19.061
2022-11-04;125.059;-0.293;-23.534;-15.789
2022-11-07;124.893;-0.273;-13.415;-9.974
2022-11-08;125.51;-0.353;-10.773;-8.405
2022-11-09;126.084;-0.428;-9.428;-7.72
2022-11-10;127.31;-0.588;-15.71;-11.07
2022-11-11;126.59;-0.498;-9.09;-7.003
2022-11-14;126.451;-0.482;-8.489;-6.806
2022-11-15;126.425;-0.48;-1.814;-2.779
2022-11-16;127.32;-0.595;-8.349;-6.676
2022-11-17;126.859;-0.541;-10.21;-7.508
2022-11-18;127.076;-0.57;-19.804;-13.239
2022-11-21;127.226;-0.591;-23.025;-15.018
2022-11-22;127.577;-0.636;-15.702;-10.77
2022-11-23;128.0;-0.691;-21.507;-14.031
2022-11-24;128.558;-0.766;-22.274;-14.272
2022-11-25;127.696;-0.659;-11.579;-8.119
2022-11-28;127.568;-0.644;-11.23;-8.08
2022-11-29;128.051;-0.707;-15.932;-10.861
2022-11-30;128.709;-0.791;-16.11;-10.652
2022-12-01;130.085;-0.967;-16.093;-10.486
2022-12-02;129.777;-0.931;-20.997;-13.138
2022-12-05;129.82;-0.938;-24.216;-15.055
2022-12-06;129.882;-0.947;-31.801;-19.423
2022-12-07;129.933;-0.955;-33.053;-20.053
2022-12-08;129.547;-0.911;-31.868;-19.16
2022-12-09;128.711;-0.808;-20.052;-12.577
2022-12-12;128.538;-0.788;-24.709;-15.422
2022-12-13;128.36;-0.767;-31.553;-19.242
2022-12-14;128.204;-0.749;-33.28;-20.364
2022-12-15;126.162;-0.492;-19.517;-11.965
2022-12-16;125.272;-0.377;-26.988;-16.651
2022-12-19;124.896;-0.33;-22.706;-14.3
2022-12-20;123.984;-0.211;-10.592;-7.291
2022-12-21;123.896;-0.2;-19.092;-12.232
2022-12-22;123.804;-0.194;-23.84;-14.759
2022-12-23;123.434;-0.146;-24.72;-15.233
2022-12-26;123.434;-0.146;-22.594;-14.069
2022-12-27;122.697;-0.048;-17.709;-11.213
2022-12-28;122.986;-0.088;-11.473;-7.634
2022-12-29;123.504;-0.162;-9.538;-6.241
2022-12-30;122.505;-0.029;-7.147;-4.715
2023-01-02;123.547;-0.17;-7.382;-4.962
2023-01-03;123.908;-0.219;-3.726;-2.857
2023-01-04;124.239;-0.265;-15.929;-9.954
2023-01-05;122.977;-0.1;-15.356;-9.446
2023-01-06;123.598;-0.185;-20.936;-12.703
2023-01-09;123.224;-0.136;-18.956;-11.608
2023-01-10;122.64;-0.059;-12.934;-8.074
2023-01-11;123.343;-0.155;-16.872;-10.39
2023-01-12;123.542;-0.185;-4.312;-2.805
2023-01-13;123.221;-0.143;-6.57;-4.15
2023-01-16;122.946;-0.108;-9.605;-5.898
2023-01-17;123.511;-0.185;-13.244;-8.048
2023-01-18;123.95;-0.245;-25.627;-15.192
2023-01-19;123.411;-0.177;-33.276;-19.622
2023-01-20;122.498;-0.055;-20.492;-12.131
2023-01-23;122.516;-0.059;-21.323;-12.558
2023-01-24;122.786;-0.096;-29.822;-17.556
2023-01-25;122.447;-0.052;-22.839;-13.492
2023-01-26;122.137;-0.013;-15.433;-9.026
2023-01-27;121.953;0.011;-16.533;-9.782
2023-01-30;121.409;0.084;-9.861;-5.922
2023-01-31;121.52;0.067;-17.619;-10.654
2023-02-01;121.705;0.041;-12.587;-7.74
2023-02-02;123.431;-0.198;-17.278;-10.431
2023-02-03;122.825;-0.118;-20.279;-12.192
2023-02-06;122.054;-0.014;-20.359;-12.221
2023-02-07;121.782;0.023;-12.554;-7.718
2023-02-08;121.907;0.004;-5.252;-3.459
2023-02-09;122.157;-0.034;-12.772;-8.012
2023-02-10;122.222;-0.044;-11.031;-6.827
2023-02-13;122.117;-0.031;-12.99;-8.101
2023-02-14;121.645;0.033;-14.32;-9.005
2023-02-15;121.567;0.042;-11.609;-7.407
2023-02-16;121.889;-0.006;-10.615;-6.808
2023-02-17;121.829;0.001;-14.715;-9.472
2023-02-20;121.856;-0.004;-17.584;-11.145
2023-02-21;121.54;0.038;-15.603;-10.013
2023-02-22;121.737;0.01;-14.631;-9.248
2023-02-23;122.324;-0.075;-19.304;-11.689
2023-02-24;122.053;-0.039;-16.901;-10.387
2023-02-27;121.897;-0.019;-22.082;-13.738
2023-02-28;121.709;0.006;-17.009;-10.888
2023-03-01;121.454;0.04;-6.756;-4.83
2023-03-02;121.72;-0.001;-6.659;-4.848
2023-03-03;122.364;-0.091;-4.192;-3.23
2023-03-06;121.919;-0.031;-11.614;-7.721
2023-03-07;121.396;0.04;-11.349;-7.724
2023-03-08;120.995;0.095;-16.643;-10.995
2023-03-09;121.194;0.064;-2.857;-2.756
2023-03-10;121.628;0.002;-3.641;-3.152
2023-03-13;123.229;-0.222;-32.06;-19.638
2023-03-14;122.386;-0.107;-21.178;-11.782
2023-03-15;123.715;-0.291;-60.778;-36.146
2023-03-16;122.556;-0.136;-32.35;-18.456
2023-03-17;122.808;-0.172;-31.594;-18.202
2023-03-20;122.804;-0.173;-34.817;-20.421
2023-03-21;122.007;-0.063;-18.812;-10.776
2023-03-22;121.962;-0.058;-21.317;-12.307
2023-03-23;123.066;-0.216;-32.046;-18.997
2023-03-24;123.141;-0.228;-29.73;-18.082
2023-03-27;122.64;-0.159;-25.477;-15.351
2023-03-28;122.409;-0.129;-16.719;-10.237
2023-03-29;122.575;-0.153;-15.58;-9.67
2023-03-30;122.443;-0.139;-15.139;-9.2
2023-03-31;122.998;-0.217;-21.229;-12.884
2023-04-03;123.487;-0.287;-29.429;-17.759
2023-04-04;123.574;-0.3;-31.257;-18.949
2023-04-05;123.371;-0.279;-29.242;-17.443
2023-04-06;123.111;-0.244;-27.729;-16.477
2023-04-07;123.111;-0.244;-28.528;-17.01
2023-04-10;123.111;-0.244;-28.226;-16.999
2023-04-11;122.255;-0.126;-23.364;-13.987
2023-04-12;121.975;-0.088;-22.399;-13.566
2023-04-13;122.083;-0.108;-17.013;-10.564
2023-04-14;121.618;-0.043;-10.473;-6.793
2023-04-17;121.706;-0.057;-15.207;-9.952
2023-04-18;121.528;-0.033;-21.936;-13.611
2023-04-19;121.289;-0.001;-21.047;-13.177
2023-04-20;121.608;-0.05;-27.709;-17.093
2023-04-21;121.343;-0.014;-23.825;-14.629
2023-04-24;121.133;0.015;-23.955;-14.812
2023-04-25;122.005;-0.11;-29.34;-17.755
2023-04-26;122.011;-0.112;-35.289;-21.596
2023-04-27;121.493;-0.044;-30.471;-18.505
2023-04-28;122.514;-0.19;-36.689;-22.13
2023-05-01;122.514;-0.19;-16.587;-10.667
2023-05-02;122.698;-0.218;-34.263;-20.872
2023-05-03;122.316;-0.165;-37.236;-22.629
2023-05-04;122.622;-0.213;-39.907;-24.286
2023-05-05;122.033;-0.131;-26.279;-15.869
2023-05-08;121.937;-0.118;-25.954;-15.881
2023-05-09;121.844;-0.107;-23.313;-14.317
2023-05-10;122.312;-0.174;-28.288;-17.244
2023-05-11;122.209;-0.164;-25.841;-15.629
2023-05-12;121.639;-0.084;-30.2;-18.176
2023-05-15;121.296;-0.036;-20.958;-12.946
2023-05-16;120.834;0.029;-16.278;-10.196
2023-05-17;120.526;0.072;-11.836;-7.599
2023-05-18;120.165;0.12;-15.203;-9.471
2023-05-19;120.476;0.074;-25.6;-15.553
2023-05-22;120.106;0.126;-14.746;-9.281
2023-05-23;120.352;0.089;-19.207;-11.95
2023-05-24;120.655;0.044;-19.293;-11.983
2023-05-25;120.178;0.109;-18.907;-11.681
2023-05-26;120.143;0.113;-13.294;-8.32
2023-05-29;120.828;0.012;-20.844;-12.882
2023-05-30;121.172;-0.039;-26.38;-16.098
2023-05-31;121.185;-0.042;-29.562;-17.904
2023-06-01;121.09;-0.033;-33.773;-20.092
2023-06-02;120.59;0.039;-24.833;-14.873
2023-06-05;120.598;0.036;-25.321;-15.186
2023-06-06;120.243;0.087;-19.67;-11.889
2023-06-07;119.84;0.145;-19.234;-11.692
2023-06-08;120.119;0.1;-24.433;-14.597
2023-06-09;120.018;0.113;-22.684;-13.622
2023-06-12;119.723;0.155;;
2023-06-13;119.267;0.221;-23.276;-14.35
2023-06-14;119.076;0.249;-18.927;-11.64
2023-06-15;118.762;0.292;-15.852;-9.516
2023-06-16;119.195;0.226;-25.425;-15.091
2023-06-19;118.972;0.258;-23.444;-14.124
2023-06-20;119.647;0.156;-25.283;-15.268
2023-06-21;119.344;0.2;-22.768;-13.693
2023-06-22;118.684;0.295;-23.096;-13.709
2023-06-23;119.569;0.161;-27.876;-16.593
2023-06-26;119.851;0.118;-26.729;-15.966
2023-06-27;119.471;0.173;-26.524;-15.896
2023-06-28;119.536;0.162;-31.143;-18.685
2023-06-29;118.837;0.263;-31.677;-18.739
2023-06-30;118.232;0.353;-21.327;-12.768
2023-07-03;118.21;0.355;-21.584;-13.027
2023-07-04;118.091;0.371;-18.984;-11.452
2023-07-05;118.031;0.379;-20.93;-12.602
2023-07-06;117.067;0.523;-20.422;-12.212
2023-07-07;117.035;0.526;-23.342;-14.03
2023-07-10;117.315;0.482;-23.227;-13.936
2023-07-11;117.072;0.518;-17.543;-10.586
2023-07-12;117.697;0.422;-24.925;-14.957
2023-07-13;117.687;0.419;-21.446;-12.791
2023-07-14;116.765;0.56;-18.021;-10.818
2023-07-17;116.926;0.534;-16.808;-10.138
2023-07-18;117.731;0.409;-20.564;-12.309
2023-07-19;117.465;0.449;-18.533;-11.074
2023-07-20;117.31;0.469;-24.0;-14.285
2023-07-21;117.452;0.446;-21.561;-12.765
2023-07-24;117.731;0.402;-23.695;-14.006
2023-07-25;117.886;0.377;-19.227;-11.279
2023-07-26;117.485;0.437;-17.11;-9.961
2023-07-27;117.838;0.379;-17.559;-10.294
2023-07-28;117.921;0.365;-10.76;-6.177
2023-07-31;118.185;0.324;-12.032;-6.655
2023-08-01;117.765;0.387;-7.507;-4.196
2023-08-02;117.938;0.359;-11.267;-6.414
2023-08-03;117.611;0.405;-11.586;-6.519
2023-08-04;117.973;0.349;-9.862;-5.473
2023-08-07;118.201;0.312;-12.785;-7.28
2023-08-08;118.742;0.228;-15.055;-8.429
2023-08-09;118.614;0.247;-15.199;-8.562
2023-08-10;118.428;0.271;-17.993;-10.129
2023-08-11;118.033;0.331;-16.459;-9.193
2023-08-14;118.106;0.318;-14.144;-8.052
2023-08-15;117.871;0.353;-19.208;-10.982
2023-08-16;117.968;0.337;-16.547;-9.511
2023-08-17;117.603;0.389;-14.74;-8.197
2023-08-18;117.961;0.333;-15.465;-8.591
2023-08-21;117.599;0.388;-12.393;-6.864
2023-08-22;117.992;0.325;-13.807;-7.789
2023-08-23;118.633;0.225;-15.161;-8.713
2023-08-24;118.434;0.252;-19.758;-11.009
2023-08-25;117.96;0.324;-13.894;-7.599
2023-08-28;118.04;0.31;-14.427;-8.053
2023-08-29;118.32;0.266;-13.108;-7.339
2023-08-30;118.236;0.277;-13.447;-7.567
2023-08-31;118.508;0.231;-16.317;-8.986
2023-09-01;118.08;0.296;-14.579;-8.034
2023-09-04;117.987;0.31;-14.031;-7.94
2023-09-05;117.755;0.344;-7.26;-3.862
2023-09-06;117.497;0.383;-3.429;-1.579
2023-09-07;117.719;0.345;-5.303;-2.517
2023-09-08;117.806;0.33;-6.112;-3.079
2023-09-11;117.709;0.344;-5.963;-3.23
2023-09-12;117.723;0.34;-7.846;-4.313
2023-09-13;117.589;0.36;-7.322;-4.127
2023-09-14;117.823;0.32;-8.22;-4.636
2023-09-15;117.274;0.404;-4.851;-2.699
2023-09-18;117.142;0.424;-3.353;-1.969
2023-09-19;116.894;0.462;-2.127;-1.354
2023-09-20;116.863;0.466;-2.986;-1.937
2023-09-21;116.736;0.482;-4.934;-2.845
2023-09-22;116.761;0.477;-7.308;-4.3
2023-09-25;116.577;0.505;-9.705;-6.135
2023-09-26;116.238;0.558;-7.972;-4.944
2023-09-27;115.987;0.597;-4.434;-3.117
2023-09-28;115.407;0.686;-4.995;-3.11
2023-09-29;115.193;0.72;-2.703;-1.765
2023-10-02;114.477;0.835;-3.868;-2.766
2023-10-03;114.344;0.855;-6.122;-4.094
2023-10-04;114.361;0.852;-7.3;-4.804
2023-10-05;114.224;0.871;-2.927;-1.88
2023-10-06;114.112;0.888;0.375;-0.12
2023-10-09;115.129;0.721;0.251;-0.114
2023-10-10;114.949;0.749;-2.165;-1.472
2023-10-11;114.964;0.746;-6.73;-4.07
2023-10-12;114.552;0.809;-3.793;-2.244
2023-10-13;114.871;0.756;-4.32;-2.79
2023-10-16;114.685;0.785;-4.3;-2.683
2023-10-17;114.239;0.858;3.898;2.115
2023-10-18;114.215;0.86;5.518;3.346
2023-10-19;114.05;0.884;3.032;1.819
2023-10-20;114.463;0.815;-4.396;-2.818
2023-10-23;114.161;0.864;-0.108;-0.159
2023-10-24;114.223;0.853;-4.586;-2.937
2023-10-25;113.835;0.916;-1.318;-0.972
2023-10-26;114.194;0.853;1.347;0.823
2023-10-27;114.381;0.821;-3.17;-1.809
2023-10-30;114.393;0.818;-5.296;-3.519
2023-10-31;114.608;0.781;-5.32;-3.407
2023-11-01;114.782;0.751;1.74;0.935
2023-11-02;114.898;0.729;5.867;3.599
2023-11-03;115.176;0.682;6.218;3.883
2023-11-06;114.692;0.761;11.339;6.777
2023-11-07;114.752;0.75;7.939;4.697
2023-11-08;114.697;0.758;7.916;4.723
2023-11-09;114.879;0.724;7.386;4.685
2023-11-10;114.582;0.772;14.964;9.168
2023-11-13;114.738;0.745;12.123;7.267
2023-11-14;115.406;0.634;6.7;3.857
2023-11-15;115.203;0.666;4.461;2.641
2023-11-16;115.325;0.642;0.889;0.706
2023-11-17;115.326;0.641;6.405;4.092
2023-11-20;115.348;0.636;10.414;6.319
2023-11-21;115.554;0.601;2.876;1.731
2023-11-22;115.405;0.624;2.411;1.502
2023-11-23;115.394;0.622;1.827;1.352
2023-11-24;115.322;0.633;-1.356;-0.611
2023-11-27;115.813;0.551;-5.134;-2.961
2023-11-28;115.964;0.525;-3.812;-2.134
2023-11-29;116.102;0.501;-3.165;-1.97
2023-11-30;115.846;0.539;1.668;1.207
2023-12-01;116.337;0.457;1.595;1.04
2023-12-04;116.096;0.496;1.783;1.336
2023-12-05;116.583;0.414;1.89;1.271
2023-12-06;116.566;0.416;0.457;0.408
2023-12-07;116.564;0.412;2.512;1.857
2023-12-08;115.852;0.528;11.807;7.558
2023-12-11;115.767;0.541;10.249;6.381
2023-12-12;115.695;0.552;10.375;6.384
2023-12-13;115.898;0.517;10.224;6.312
2023-12-14;116.512;0.412;11.466;7.084
2023-12-15;116.715;0.377;6.429;4.221
2023-12-18;116.376;0.431;12.306;7.742
2023-12-19;116.818;0.357;8.171;5.14
2023-12-20;117.136;0.304;10.751;6.566
2023-12-21;117.213;0.284;5.425;3.737
2023-12-22;117.325;0.264;4.103;2.846
2023-12-25;117.325;0.264;4.437;2.843
2023-12-27;117.561;0.224;5.04;3.03
2023-12-28;117.262;0.268;5.558;3.528
2023-12-29;116.885;0.329;7.134;4.554
2024-01-01;116.885;0.329;3.51;2.18
2024-01-02;116.641;0.368;6.125;3.77
2024-01-03;116.735;0.351;13.214;7.875
2024-01-04;116.092;0.454;9.145;5.685
2024-01-05;116.324;0.414;7.547;4.618
2024-01-08;116.662;0.356;5.577;3.28
2024-01-09;116.403;0.398;5.452;3.314
2024-01-10;116.143;0.44;3.331;2.042
2024-01-11;116.225;0.422;2.925;1.843
2024-01-12;116.613;0.356;1.997;1.228
2024-01-15;116.193;0.425;7.487;4.539
2024-01-16;116.166;0.428;4.839;2.941
2024-01-17;115.551;0.53;11.884;7.223
2024-01-18;115.755;0.492;6.774;4.078
2024-01-19;115.717;0.497;6.298;3.792
2024-01-22;116.018;0.445;-0.571;-0.368
2024-01-23;115.554;0.522;3.878;2.342
2024-01-24;115.589;0.515;7.331;4.549
2024-01-25;115.898;0.459;7.43;4.704
2024-01-26;115.784;0.477;12.053;7.704
2024-01-29;116.309;0.387;5.561;3.756
2024-01-30;116.127;0.416;9.453;6.274
2024-01-31;116.629;0.33;3.951;2.907
2024-02-01;116.643;0.324;2.347;2.06
2024-02-02;115.993;0.432;5.074;3.743
2024-02-05;115.664;0.486;9.394;5.849
2024-02-06;115.805;0.461;11.945;7.258
2024-02-07;115.696;0.478;7.784;4.866
2024-02-08;115.682;0.477;7.84;5.11
2024-02-09;115.47;0.512;7.662;4.988
2024-02-12;115.571;0.493;8.137;5.12
2024-02-13;115.312;0.536;9.984;6.323
2024-02-14;115.619;0.482;9.27;5.766
2024-02-15;115.362;0.522;13.137;8.169
2024-02-16;115.179;0.552;9.344;6.045
2024-02-19;115.21;0.546;8.997;5.601
2024-02-20;115.336;0.523;6.042;3.737
2024-02-21;114.759;0.621;9.596;6.027
2024-02-22;114.652;0.636;6.146;4.253
2024-02-23;115.058;0.564;8.845;5.761
2024-02-26;114.614;0.64;10.986;7.036
2024-02-27;114.556;0.649;12.15;7.492
2024-02-28;114.695;0.623;12.476;7.714
2024-02-29;115.014;0.564;12.194;7.723
2024-03-01;114.97;0.57;19.318;12.137
2024-03-04;115.038;0.557;20.085;12.252
2024-03-05;115.31;0.509;22.959;13.916
2024-03-06;115.34;0.502;22.274;13.596
2024-03-07;115.377;0.492;21.401;13.208
2024-03-08;115.674;0.439;21.787;13.386
2024-03-11;115.41;0.484;23.004;14.056
2024-03-12;115.218;0.516;25.676;15.553
2024-03-13;115.155;0.525;25.467;15.46
2024-03-14;115.021;0.544;21.916;13.62
2024-03-15;114.926;0.56;22.814;14.129
2024-03-18;114.926;0.558;24.963;15.17
2024-03-19;115.059;0.534;20.151;12.231
2024-03-20;115.038;0.536;17.488;10.736
2024-03-21;115.182;0.507;20.275;12.526
2024-03-22;115.405;0.467;22.434;13.869
2024-03-25;115.108;0.517;29.346;17.978
2024-03-26;115.21;0.498;30.792;18.753
2024-03-27;115.376;0.462;32.288;20.024
2024-03-28;115.265;0.48;35.424;21.961
2024-03-29;115.265;0.48;35.625;22.009
2024-04-02;114.718;0.575;32.323;19.758
2024-04-03;114.592;0.596;34.402;21.165
2024-04-04;114.595;0.592;24.678;15.364
2024-04-05;114.514;0.605;26.228;16.31
2024-04-08;114.307;0.64;24.56;15.046
2024-04-09;114.573;0.592;21.77;13.161
2024-04-10;114.185;0.659;25.961;15.974
2024-04-11;114.216;0.65;20.271;12.77
2024-04-12;114.865;0.533;16.779;10.316
2024-04-15;114.429;0.609;20.767;12.76
2024-04-16;114.406;0.612;13.672;8.448
2024-04-17;114.201;0.647;17.443;10.689
2024-04-18;113.772;0.72;16.199;10.161
2024-04-19;113.617;0.747;17.146;10.752
2024-04-22;113.702;0.73;17.149;10.402
2024-04-23;113.661;0.737;19.023;11.542
2024-04-24;113.285;0.803;19.794;12.213
2024-04-25;113.039;0.844;16.723;10.645
2024-04-26;113.36;0.785;14.713;9.301
2024-04-29;113.442;0.767;13.776;8.646
2024-04-30;113.373;0.779;16.604;10.498
2024-05-02;113.532;0.746;12.107;7.675
2024-05-03;113.736;0.708;13.0;8.253
2024-05-06;113.796;0.696;13.134;8.172
2024-05-07;113.899;0.676;11.64;7.149
2024-05-08;113.618;0.725;16.398;10.132
2024-05-09;113.584;0.728;17.136;10.729
2024-05-10;113.371;0.765;17.678;11.217
2024-05-13;113.433;0.753;19.26;11.847
2024-05-14;113.274;0.78;18.857;11.676
2024-05-15;113.77;0.689;19.96;12.185
2024-05-16;113.664;0.704;16.039;10.065
2024-05-17;113.411;0.749;17.256;10.941
2024-05-20;113.341;0.761;17.555;10.934
2024-05-21;113.484;0.733;17.827;11.041
2024-05-22;113.334;0.759;18.25;11.376
2024-05-23;113.094;0.8;15.036;9.726
2024-05-24;113.012;0.814;14.163;9.217
2024-05-27;113.165;0.784;15.501;9.79
2024-05-28;113.047;0.805;15.509;9.925
2024-05-29;112.791;0.851;18.483;11.615
2024-05-30;112.98;0.812;15.406;9.879
2024-05-31;112.789;0.846;15.635;10.291
2024-06-03;112.927;0.819;14.395;9.103
2024-06-04;112.866;0.829;18.349;11.464
2024-06-05;112.933;0.816;20.21;12.586
2024-06-06;112.768;0.843;21.058;13.391
2024-06-07;112.517;0.888;23.817;15.194
2024-06-10;112.16;0.954;30.206;18.87
2024-06-11;111.913;0.999;30.932;19.303
2024-06-12;112.213;0.941;35.341;21.743
2024-06-13;112.12;0.955;40.162;24.969
2024-06-14;111.961;0.984;50.223;31.178
2024-06-17;111.942;0.986;50.896;31.552
2024-06-18;112.367;0.905;45.952;28.486
2024-06-19;112.088;0.957;47.287;29.315
2024-06-20;111.792;1.009;44.552;27.914
2024-06-21;111.615;1.041;48.558;30.302
2024-06-24;111.572;1.048;45.877;28.6
2024-06-25;111.351;1.089;45.8;28.448
2024-06-26;111.152;1.126;47.025;29.14
2024-06-27;111.11;1.131;49.967;31.094
2024-06-28;111.005;1.15;46.499;28.969
2024-07-01;110.965;1.156;46.734;28.965
2024-07-02;111.195;1.111;44.106;27.286
2024-07-03;111.519;1.048;40.145;24.769
2024-07-04;111.429;1.062;42.077;26.057
2024-07-05;112.038;0.945;33.227;20.51
2024-07-08;112.213;0.91;30.644;18.781
2024-07-09;111.723;1.002;37.723;23.182
2024-07-10;111.943;0.959;33.901;20.788
2024-07-11;112.26;0.895;32.183;19.713
2024-07-12;112.077;0.929;33.265;20.41
2024-07-15;112.184;0.907;33.238;20.345
2024-07-16;112.217;0.9;36.935;22.581
2024-07-17;112.091;0.922;42.441;25.955
2024-07-18;112.187;0.9;36.943;22.574
2024-07-19;112.001;0.935;38.071;23.258
2024-07-22;111.73;0.985;35.548;21.754
2024-07-23;111.758;0.979;35.537;21.793
2024-07-24;111.897;0.951;34.892;21.31
2024-07-25;111.866;0.953;33.308;20.598
2024-07-26;111.911;0.943;32.563;20.325
2024-07-29;112.008;0.923;33.555;20.887
2024-07-30;112.155;0.894;34.171;21.254
2024-07-31;112.184;0.887;34.945;21.751
2024-08-01;112.318;0.858;38.862;24.305
2024-08-02;112.14;0.891;36.483;22.985
2024-08-05;111.616;0.99;42.984;27.32
2024-08-06;111.797;0.954;42.949;27.825
2024-08-07;111.94;0.925;41.112;26.309
2024-08-08;111.882;0.933;40.897;26.118
2024-08-09;111.9;0.928;40.415;26.074
2024-08-12;111.968;0.914;42.909;27.437
2024-08-13;112.102;0.886;37.121;23.806
2024-08-14;112.014;0.902;38.934;25.172
2024-08-15;111.702;0.959;41.045;26.946
2024-08-16;111.828;0.933;37.341;24.7
2024-08-19;111.724;0.952;39.68;25.645
2024-08-20;111.744;0.947;42.199;27.137
2024-08-21;111.901;0.915;40.187;25.942
2024-08-22;111.777;0.936;40.278;26.201
2024-08-23;112.017;0.888;41.354;27.049
2024-08-26;112.077;0.875;42.666;27.373
2024-08-27;111.748;0.937;45.495;29.302
2024-08-28;111.725;0.941;45.951;29.474
2024-08-29;111.686;0.945;42.396;27.646
2024-08-30;111.416;0.996;42.893;28.255
2024-09-02;111.319;1.014;44.308;28.857
2024-09-03;111.525;0.972;40.411;26.136
2024-09-04;111.594;0.958;40.857;26.454
2024-09-05;111.708;0.931;40.457;26.302
2024-09-06;111.971;0.878;30.529;20.418
2024-09-09;111.823;0.906;40.177;26.254
2024-09-10;111.851;0.899;36.333;24.027
2024-09-11;111.797;0.909;48.15;25.269
2024-09-12;111.676;0.929;49.193;26.261
2024-09-13;111.66;0.931;52.853;28.287
2024-09-16;111.886;0.885;53.252;28.092
2024-09-17;111.832;0.894;52.873;28.169
2024-09-18;111.602;0.938;52.016;27.945
2024-09-19;111.574;0.94;51.071;27.54
2024-09-20;111.494;0.955;52.103;28.716
2024-09-23;111.714;0.91;52.133;27.743
2024-09-24;112.057;0.84;46.166;23.694
2024-09-25;111.834;0.883;49.144;26.004
2024-09-26;111.733;0.899;48.704;25.603
2024-09-27;111.764;0.892;41.173;20.895
2024-09-30;111.767;0.89;44.498;23.035
2024-10-01;112.039;0.835;42.658;21.522
2024-10-02;112.061;0.829;37.2;18.118
2024-10-03;111.81;0.875;43.316;22.263
2024-10-04;111.476;0.94;42.339;22.082
2024-10-07;111.364;0.961;39.611;20.301
2024-10-08;111.252;0.983;40.384;20.736
2024-10-09;111.256;0.981;42.047;21.839
2024-10-10;111.534;0.921;45.84;24.097
2024-10-11;111.854;0.855;46.399;24.239
2024-10-14;111.588;0.907;47.457;24.658
2024-10-15;111.516;0.921;45.397;23.313
2024-10-16;111.6;0.902;43.172;21.809
2024-10-17;111.588;0.901;47.028;24.028
2024-10-18;111.705;0.876;44.482;22.088
2024-10-21;111.28;0.96;51.611;26.922
2024-10-22;111.308;0.953;56.17;29.801
2024-10-23;111.437;0.926;49.031;24.799
2024-10-24;111.266;0.957;49.823;25.688
2024-10-25;110.894;1.031;56.137;29.871
2024-10-28;110.92;1.024;51.525;26.526
2024-10-29;110.625;1.083;54.794;28.745
2024-10-30;110.307;1.147;57.411;30.98
2024-10-31;110.39;1.127;61.815;33.978
2024-11-01;110.565;1.09;73.092;40.527
2024-11-04;110.661;1.069;69.132;37.867
2024-11-05;110.808;1.037;66.361;36.045
2024-11-06;111.209;0.954;74.499;40.597
2024-11-07;111.112;0.97;75.127;41.817
2024-11-08;111.213;0.948;74.219;41.391
2024-11-11;111.328;0.923;75.71;41.771
2024-11-12;111.189;0.95;76.709;42.706
2024-11-13;111.072;0.973;77.85;43.696
2024-11-14;111.451;0.891;79.963;44.764
2024-11-15;111.292;0.923;87.426;49.435
2024-11-18;111.286;0.922;88.982;50.367
2024-11-19;111.321;0.914;84.81;47.906
2024-11-20;111.17;0.944;86.393;48.911
2024-11-21;111.297;0.914;81.579;45.908
2024-11-22;111.643;0.841;86.162;47.05
2024-11-25;111.63;0.842;84.656;46.583
2024-11-26;111.624;0.842;85.285;47.564
2024-11-27;111.447;0.877;86.28;48.18
2024-11-28;111.766;0.808;81.152;44.599
2024-11-29;112.104;0.737;78.612;42.691
2024-12-02;111.727;0.813;90.744;50.249
2024-12-03;111.688;0.819;91.499;51.382
2024-12-04;111.792;0.797;86.192;48.556
2024-12-05;111.797;0.791;79.202;44.247
2024-12-06;111.801;0.789;79.157;44.085
2024-12-09;111.893;0.769;80.888;44.62
2024-12-10;112.149;0.715;80.625;44.404
2024-12-11;112.206;0.701;81.46;44.694
2024-12-12;112.022;0.735;77.971;42.659
2024-12-13;111.812;0.777;78.027;43.185
2024-12-16;111.695;0.8;81.014;44.706
2024-12-17;111.49;0.841;81.286;44.826
2024-12-18;111.598;0.817;79.235;43.475
2024-12-19;111.398;0.854;76.075;41.664
2024-12-20;111.436;0.845;75.864;41.53
2024-12-23;111.215;0.887;77.69;42.83
2024-12-24;111.215;0.883;66.467;42.222
2024-12-25;111.215;0.883;66.472;42.153
2024-12-27;110.945;0.938;80.478;44.427
2024-12-30;111.056;0.912;79.125;43.472
2024-12-31;111.056;0.911;69.683;44.186
2025-01-01;111.056;0.911;68.906;43.637
2025-01-02;110.902;0.939;82.48;45.542
2025-01-03;110.664;0.988;87.186;48.773
2025-01-06;111.0;0.916;75.963;41.51
2025-01-07;110.754;0.966;75.886;41.305
2025-01-08;110.696;0.977;74.22;40.277
2025-01-09;110.47;1.021;79.342;43.469
2025-01-10;110.358;1.044;77.731;42.694
2025-01-13;110.346;1.045;68.499;43.094
2025-01-14;110.276;1.059;63.325;39.839
2025-01-15;110.622;0.984;62.499;39.226
2025-01-16;110.652;0.973;69.032;36.661
2025-01-17;110.655;0.971;72.196;38.523
2025-01-20;110.643;0.973;70.641;37.608
2025-01-21;110.595;0.981;70.03;37.197
2025-01-22;110.627;0.973;65.648;34.635
2025-01-23;110.657;0.963;66.966;35.417
2025-01-24;110.642;0.965;63.307;33.25
2025-01-27;110.639;0.964;61.92;32.149
2025-01-28;110.619;0.967;61.818;32.198
2025-01-29;110.492;0.993;65.177;34.261
2025-01-30;110.711;0.942;68.653;36.254
2025-01-31;110.853;0.91;65.943;34.435
2025-02-03;111.254;0.822;60.15;31.055
2025-02-04;111.081;0.858;60.165;31.842
2025-02-05;110.919;0.891;60.282;32.003
2025-02-06;110.98;0.874;58.785;31.12
2025-02-07;110.954;0.878;62.864;33.589
2025-02-10;111.038;0.858;64.464;34.428
2025-02-11;110.8;0.908;62.73;33.35
2025-02-12;110.439;0.985;60.111;31.898
2025-02-13;110.546;0.958;56.284;29.226
2025-02-14;110.348;0.999;56.799;29.519
2025-02-17;110.235;1.023;58.639;30.754
2025-02-18;110.539;0.955;59.319;31.075
2025-02-19;110.426;0.978;58.54;30.93
2025-02-20;110.6;0.936;55.018;28.941
2025-02-21;110.667;0.92;54.927;28.945
2025-02-24;110.629;0.927;58.852;31.426
2025-02-25;110.634;0.925;58.085;31.021
2025-02-26;110.949;0.855;57.097;30.499
2025-02-27;111.262;0.782;54.185;28.642
2025-02-28;110.993;0.839;58.907;32.001
2025-03-03;110.919;0.854;69.73;38.934
2025-03-04;110.915;0.853;69.79;38.581
2025-03-05;110.431;0.958;64.003;35.371
2025-03-06;110.291;0.984;62.734;34.276
2025-03-07;110.141;1.016;65.413;35.712
2025-03-10;110.266;0.987;65.636;35.86
2025-03-11;110.582;0.916;63.984;34.581
2025-03-12;110.524;0.928;63.486;34.678
2025-03-13;110.454;0.939;65.175;35.698
2025-03-14;110.516;0.924;63.36;34.034
2025-03-17;110.673;0.887;59.801;31.341
2025-03-18;110.657;0.89;51.755;32.958
2025-03-19;110.716;0.875;54.026;34.331
2025-03-20;110.696;0.875;64.075;34.091
2025-03-21;110.797;0.851;62.335;32.745
2025-03-24;110.948;0.816;60.385;31.241
2025-03-25;110.801;0.847;59.043;30.55
2025-03-26;110.852;0.835;58.971;30.493
2025-03-27;110.914;0.816;59.487;30.72
2025-03-28;111.031;0.789;58.516;30.093
2025-03-31;110.99;0.797;62.551;32.715
2025-04-01;111.036;0.785;47.675;23.771
2025-04-02;110.744;0.848;53.688;27.449
2025-04-03;110.812;0.829;48.196;24.279
2025-04-04;110.936;0.8;45.254;22.462
2025-04-07;110.762;0.837;40.352;18.749
2025-04-08;110.637;0.863;47.888;24.582
2025-04-09;110.525;0.887;44.586;21.653
2025-04-10;110.657;0.853;51.257;26.864
2025-04-11;110.27;0.938;44.874;22.293
2025-04-14;110.725;0.834;48.994;24.878
2025-04-15;110.581;0.865;51.935;26.719
2025-04-16;110.737;0.823;55.05;28.975
2025-04-17;111.096;0.741;52.813;27.483
2025-04-18;111.096;0.741;51.043;26.382
2025-04-22;111.375;0.677;52.723;26.485
2025-04-23;111.339;0.683;51.594;26.843
2025-04-24;111.813;0.572;44.221;21.676
2025-04-25;111.628;0.612;44.642;21.831
2025-04-28;111.381;0.666;42.458;20.551
2025-04-29;111.071;0.732;44.203;21.729
2025-04-30;111.34;0.667;45.343;22.381
2025-05-02;111.144;0.709;43.242;20.903
2025-05-05;111.113;0.715;46.04;22.31
2025-05-06;111.195;0.694;45.899;22.106
2025-05-07;111.218;0.688;43.965;20.824
2025-05-08;110.952;0.743;47.653;23.465
2025-05-09;110.941;0.744;46.358;23.013
2025-05-12;110.719;0.793;45.576;22.739
2025-05-13;110.56;0.828;51.694;26.507
2025-05-14;110.581;0.821;48.314;24.196
2025-05-15;110.728;0.783;49.654;24.777
2025-05-16;110.846;0.754;49.963;24.784
2025-05-19;110.864;0.749;48.297;23.86
2025-05-20;110.944;0.729;46.615;22.698
2025-05-21;110.858;0.747;48.63;24.164
2025-05-22;110.845;0.745;49.209;24.43
2025-05-23;111.006;0.707;33.132;21.625
2025-05-26;110.953;0.717;35.69;23.231
2025-05-27;110.831;0.743;36.968;24.238
2025-05-28;110.864;0.734;37.621;24.742
2025-05-29;110.906;0.72;33.796;22.252
2025-05-30;110.82;0.738;37.152;24.292
2025-06-02;110.732;0.757;35.509;23.167
2025-06-03;110.685;0.766;36.717;23.788
2025-06-04;110.576;0.789;34.051;22.173
2025-06-05;110.423;0.82;34.281;22.725
2025-06-06;110.449;0.813;35.646;23.626
2025-06-09;110.571;0.783;34.995;22.941
2025-06-10;110.573;0.781;36.662;23.965
2025-06-11;110.586;0.776;38.871;25.266
2025-06-12;110.717;0.741;37.814;24.582
2025-06-13;110.666;0.751;38.352;25.029
2025-06-16;110.63;0.758;35.456;23.061
2025-06-17;110.675;0.746;36.638;23.74
2025-06-18;110.824;0.709;35.672;23.089
2025-06-19;110.688;0.736;43.084;27.79
2025-06-20;110.702;0.731;42.474;27.426
2025-06-23;110.799;0.707;38.402;24.678
2025-06-24;110.478;0.78;34.379;22.098
2025-06-25;110.457;0.783;36.408;23.326
2025-06-26;110.533;0.761;35.245;22.556
2025-06-27;110.53;0.76;32.934;21.206
2025-06-30;110.412;0.786;34.01;21.711
2025-07-01;110.419;0.783;30.657;19.563
2025-07-02;110.278;0.814;34.925;22.324
2025-07-03;110.377;0.786;34.237;21.837
2025-07-04;110.322;0.798;33.15;21.144
2025-07-07;110.251;0.813;34.751;22.099
2025-07-08;110.215;0.82;33.742;21.479
2025-07-09;110.27;0.805;33.86;21.447
2025-07-10;110.072;0.847;35.684;22.583
2025-07-11;110.069;0.846;37.703;23.86
2025-07-14;110.068;0.845;38.333;24.165
2025-07-15;110.13;0.829;39.501;24.818
2025-07-16;110.184;0.814;39.34;24.691
2025-07-17;110.085;0.833;40.46;25.391
2025-07-18;110.106;0.826;40.918;25.662
2025-07-21;110.397;0.755;37.885;23.674
2025-07-22;110.467;0.737;36.89;23.033
2025-07-23;110.428;0.744;36.943;23.03
2025-07-24;110.175;0.8;39.73;24.837
2025-07-25;110.118;0.812;39.222;24.422
2025-07-28;110.2;0.791;37.922;23.175
2025-07-29;110.197;0.79;36.186;22.241
2025-07-30;110.233;0.779;37.146;22.826
2025-07-31;110.187;0.785;34.373;21.24
2025-08-01;110.109;0.802;37.681;23.361
2025-08-04;110.202;0.778;36.83;22.704
2025-08-05;110.17;0.784;37.411;23.08
2025-08-06;110.249;0.764;35.619;21.847
2025-08-07;110.119;0.79;36.142;22.304
2025-08-08;109.903;0.841;38.398;23.762
2025-08-11;109.862;0.849;40.696;25.146
2025-08-12;109.757;0.873;42.3;26.057
2025-08-13;109.856;0.847;41.906;25.778
2025-08-14;109.776;0.862;40.571;24.993
2025-08-15;109.519;0.923;45.217;27.98
2025-08-18;109.584;0.906;44.673;27.489
2025-08-19;109.593;0.902;46.46;28.658
2025-08-20;109.677;0.88;47.162;29.147
2025-08-21;109.494;0.92;45.282;28.315
2025-08-22;109.65;0.88;44.571;27.972
2025-08-25;109.503;0.914;46.666;29.096
2025-08-26;109.602;0.888;50.252;31.407
2025-08-27;109.714;0.859;52.612;32.797
2025-08-28;109.649;0.87;48.982;30.617
2025-08-29;109.558;0.891;48.833;30.539
2025-09-01;109.523;0.898;47.015;29.192
2025-09-02;109.412;0.924;47.233;29.327
2025-09-03;109.46;0.91;45.175;27.952
2025-09-04;109.431;0.912;44.366;27.581
2025-09-05;109.484;0.898;41.365;25.702
2025-09-08;109.58;0.872;40.376;24.87
2025-09-09;109.584;0.869;39.025;24.013
2025-09-10;109.582;0.868;37.812;23.22
2025-09-11;109.39;0.911;37.192;23.029
2025-09-12;109.219;0.952;38.324;23.863
2025-09-15;109.273;0.937;38.81;24.081
2025-09-16;109.35;0.916;38.117;23.744
2025-09-17;109.291;0.929;38.959;24.321
2025-09-18;109.158;0.958;39.865;24.949
2025-09-19;109.107;0.969;39.279;24.523
2025-09-22;109.11;0.967;40.262;24.958
2025-09-23;109.042;0.982;42.377;26.417
2025-09-24;109.012;0.988;41.083;25.575
2025-09-25;108.855;1.023;41.682;26.071
2025-09-26;108.955;0.996;39.808;24.763
2025-09-29;108.897;1.009;39.78;24.723
2025-09-30;108.73;1.05;40.275;25.178
2025-10-01;108.771;1.038;49.363;30.98
2025-10-02;108.631;1.069;47.649;30.043
2025-10-03;108.63;1.068;46.665;29.337
2025-10-06;108.531;1.092;49.831;31.144
2025-10-07;108.478;1.104;47.693;29.774
2025-10-08;108.348;1.136;51.944;32.498
2025-10-09;108.272;1.151;53.95;33.923
2025-10-10;108.34;1.132;50.943;31.988
2025-10-13;108.459;1.099;51.256;31.933
2025-10-14;108.609;1.059;49.44;30.718
2025-10-15;108.69;1.037;45.664;28.39
2025-10-16;108.695;1.031;44.733;27.895
2025-10-17;108.532;1.071;45.717;28.517
2025-10-20;108.471;1.085;47.472;29.538
2025-10-21;108.491;1.079;46.978;29.072
2025-10-22;108.559;1.059;46.014;28.615
2025-10-23;108.453;1.082;47.392;29.692
2025-10-24;108.258;1.131;49.336;30.991
2025-10-27;108.274;1.126;47.28;29.398
2025-10-28;108.214;1.14;45.232;28.09
2025-10-29;108.238;1.132;45.839;28.487
2025-10-30;108.325;1.104;42.805;26.732
2025-10-31;108.395;1.085;43.898;27.329
2025-11-03;108.227;1.127;45.256;28.084
2025-11-04;108.206;1.131;47.417;29.489
2025-11-05;108.158;1.142;48.586;30.329
2025-11-06;108.262;1.11;49.843;31.258
2025-11-07;108.209;1.122;50.314;31.635
2025-11-10;108.213;1.12;50.104;31.405
2025-11-11;108.363;1.079;45.899;28.707
2025-11-12;108.428;1.06;43.986;27.417
2025-11-13;108.43;1.054;42.631;26.74
2025-11-14;108.44;1.05;43.446;27.32
2025-11-17;108.487;1.036;43.125;27.026
2025-11-18;108.516;1.027;44.521;27.745
2025-11-19;108.474;1.036;45.693;28.539
2025-11-20;108.515;1.021;46.707;29.461
2025-11-21;108.485;1.027;47.33;29.96
2025-11-24;108.495;1.023;50.176;31.66
2025-11-25;108.394;1.048;46.693;29.496
2025-11-26;108.506;1.016;46.865;29.629
2025-11-27;108.671;0.967;46.72;29.68
2025-11-28;108.651;0.971;44.143;28.114
2025-12-01;108.459;1.02;36.222;22.972
2025-12-02;108.412;1.031;38.047;24.139
2025-12-03;108.382;1.038;39.531;25.149
2025-12-04;108.312;1.051;44.224;28.164
2025-12-05;108.3;1.053;40.377;25.617
2025-12-08;108.125;1.098;36.877;23.319
2025-12-09;108.116;1.099;36.642;23.036
2025-12-10;108.058;1.113;37.729;23.765
2025-12-11;108.108;1.095;35.833;22.693
2025-12-12;108.089;1.098;35.871;22.755
2025-12-15;108.072;1.101;34.345;21.665
2025-12-16;108.047;1.106;32.886;20.735
2025-12-17;107.994;1.119;31.381;19.958
2025-12-18;107.957;1.124;31.978;20.571
2025-12-19;107.827;1.158;34.045;21.953
2025-12-22;107.884;1.141;33.512;21.408
2025-12-23;107.89;1.131;31.326;20.261
2025-12-24;107.89;1.129;31.26;20.325
2025-12-25;107.89;1.129;30.784;19.96
2025-12-29;107.968;1.107;31.108;19.84
2025-12-30;107.91;1.119;31.079;19.871
2025-12-31;107.91;1.114;33.037;21.318
2026-01-01;107.91;1.114;24.671;15.94
2026-01-02;107.798;1.143;33.134;21.365
2026-01-05;107.936;1.104;29.514;18.913
2026-01-06;107.936;1.102;29.514;18.897
2026-01-07;107.915;1.106;30.19;19.333
2026-01-08;107.955;1.09;28.0;17.958
2026-01-09;108.015;1.072;26.331;16.877
2026-01-12;108.025;1.068;27.242;17.342
2026-01-13;108.084;1.05;28.216;17.908
2026-01-14;108.276;0.995;26.378;16.708
2026-01-15;108.284;0.987;21.879;13.814
2026-01-16;108.247;0.996;25.18;15.994
2026-01-19;108.363;0.962;23.789;15.059
2026-01-20;108.435;0.94;24.545;15.53
2026-01-21;108.454;0.933;23.107;14.621
2026-01-22;108.368;0.952;18.975;12.122
2026-01-23;108.428;0.933;16.249;10.25
2026-01-26;108.554;0.897;16.341;10.302
2026-01-27;108.634;0.873;17.611;11.121
2026-01-28;108.703;0.852;16.828;10.671
2026-01-29;108.749;0.833;17.548;11.213
2026-01-30;108.772;0.825;17.657;11.172
2026-02-02;108.502;0.898;16.38;10.387
2026-02-03;108.443;0.913;16.353;10.321
2026-02-04;108.304;0.95;21.0;13.195
2026-02-05;108.276;0.952;19.162;12.102
2026-02-06;108.305;0.942;19.287;12.37
2026-02-09;108.325;0.935;19.548;12.653
2026-02-10;108.316;0.936;20.359;13.338
