;px_last;yld_ytm_mid;asset_swap_spd_mid;z_sprd_mid
2009-06-23;100.249;4.484;36.728;38.251
2009-06-24;100.063;4.495;38.16;39.945
2009-06-25;100.71;4.457;35.961;37.474
2009-06-26;101.377;4.418;32.6;33.878
2009-06-29;101.6;4.405;32.463;33.726
2009-06-30;102.214;4.369;35.174;36.223
2009-07-01;101.844;4.39;32.48;33.602
2009-07-02;103.035;4.322;29.715;30.552
2009-07-03;103.22;4.311;29.539;30.3
2009-07-06;104.015;4.266;27.102;27.639
2009-07-07;103.599;4.29;28.378;29.061
2009-07-08;103.843;4.276;31.389;32.037
2009-07-09;103.786;4.279;28.082;28.653
2009-07-10;104.624;4.232;25.72;26.075
2009-07-13;104.851;4.219;;
2009-07-14;104.685;4.228;;
2009-07-15;103.787;4.279;;24.785
2009-07-16;104.128;4.26;27.273;27.674
2009-07-17;102.533;4.35;31.227;32.027
2009-07-20;102.178;4.371;;
2009-07-21;102.749;4.338;31.303;32.125
2009-07-22;102.467;4.354;30.085;30.98
2009-07-23;101.741;4.396;31.679;32.712
2009-07-24;101.789;4.393;28.336;29.288
2009-07-27;101.742;4.396;27.956;28.863
2009-07-28;102.998;4.324;21.861;22.462
2009-07-29;103.389;4.301;24.375;24.944
2009-07-30;103.727;4.282;29.012;29.555
2009-07-31;106.172;4.146;22.375;22.433
2009-08-03;105.403;4.188;21.965;22.118
2009-08-04;105.552;4.18;21.095;21.178
2009-08-05;106.352;4.136;;18.374
2009-08-06;106.091;4.15;;
2009-08-07;103.9;4.272;24.974;25.272
2009-08-10;104.941;4.214;25.16;25.25
2009-08-11;104.802;4.221;24.823;24.958
2009-08-12;104.876;4.217;24.919;25.047
2009-08-13;105.037;4.208;27.036;27.138
2009-08-14;106.362;4.135;23.886;23.841
2009-08-17;106.75;4.114;20.973;20.877
2009-08-18;106.589;4.123;21.715;21.643
2009-08-19;107.436;4.077;;
2009-08-20;107.115;4.094;23.703;23.548
2009-08-21;106.387;4.134;23.032;22.987
2009-08-24;106.419;4.132;25.644;25.603
2009-08-25;106.575;4.123;26.948;26.892
2009-08-26;106.871;4.107;27.12;27.043
2009-08-27;106.6;4.122;24.882;24.898
2009-08-28;106.321;4.137;28.06;28.122
2009-08-31;106.372;4.134;28.062;28.096
2009-09-01;106.423;4.131;28.785;28.837
2009-09-02;105.909;4.16;;31.549
2009-09-03;105.306;4.193;29.466;29.832
2009-09-04;105.563;4.179;26.578;26.858
2009-09-07;104.864;4.217;;32.021
2009-09-08;104.145;4.258;31.085;31.795
2009-09-09;102.872;4.33;28.596;29.559
2009-09-10;104.092;4.261;26.841;27.519
2009-09-11;105.55;4.179;26.236;26.59
2009-09-14;105.272;4.195;28.548;28.96
2009-09-15;105.083;4.205;25.86;26.266
2009-09-16;104.586;4.233;26.648;27.121
2009-09-17;104.249;4.252;27.123;27.642
2009-09-18;103.738;4.281;25.161;25.818
2009-09-21;103.073;4.319;26.401;27.24
2009-09-22;103.175;4.313;28.314;29.152
2009-09-23;103.632;4.287;25.861;26.589
2009-09-24;104.284;4.25;25.289;25.903
2009-09-25;106.044;4.152;22.469;22.685
2009-09-28;106.122;4.147;;21.972
2009-09-29;106.97;4.101;;
2009-09-30;106.82;4.109;;
2009-10-01;106.436;4.13;27.739;27.918
2009-10-02;107.329;4.082;25.724;25.702
2009-10-05;107.426;4.076;23.319;23.275
2009-10-06;107.034;4.097;24.329;24.334
2009-10-07;107.87;4.052;25.073;24.912
2009-10-08;107.908;4.05;23.401;23.237
2009-10-09;106.654;4.118;29.532;29.467
2009-10-12;106.749;4.113;30.794;30.724
2009-10-13;106.264;4.139;;
2009-10-14;105.391;4.188;31.554;31.818
2009-10-15;104.232;4.252;;
2009-10-16;104.825;4.219;30.08;30.405
2009-10-19;104.839;4.218;29.23;29.567
2009-10-20;105.604;4.176;28.014;28.225
2009-10-21;103.956;4.268;28.259;28.792
2009-10-22;104.354;4.245;25.822;26.277
2009-10-23;103.518;4.293;25.719;26.323
2009-10-26;103.373;4.301;;
2009-10-27;104.534;4.235;27.191;27.631
2009-10-28;104.848;4.218;;
2009-10-29;104.123;4.258;27.406;27.861
2009-10-30;105.494;4.182;28.546;28.753
2009-11-02;105.097;4.204;27.664;27.983
2009-11-03;104.48;4.238;24.369;24.801
2009-11-04;103.465;4.296;28.703;29.372
2009-11-05;103.298;4.305;28.931;29.634
2009-11-06;102.802;4.334;28.016;28.857
2009-11-09;103.801;4.277;27.419;28.004
2009-11-10;104.486;4.238;26.817;27.24
2009-11-11;104.637;4.229;29.028;29.452
2009-11-12;104.302;4.248;26.132;26.603
2009-11-13;104.067;4.261;26.513;27.003
2009-11-16;105.005;4.209;28.315;28.646
2009-11-17;106.125;4.147;24.715;24.802
2009-11-18;106.239;4.14;25.505;25.529
2009-11-19;106.65;4.118;25.792;25.703
2009-11-20;106.661;4.117;27.799;27.647
2009-11-23;106.116;4.147;27.606;27.593
2009-11-24;106.028;4.152;31.01;31.014
2009-11-25;105.546;4.178;33.716;33.802
2009-11-26;106.444;4.129;33.971;33.875
2009-11-27;106.588;4.121;34.699;34.497
2009-11-30;107.463;4.073;30.42;30.019
2009-12-01;107.196;4.088;36.499;36.091
2009-12-02;106.918;4.103;34.165;33.875
2009-12-03;106.648;4.118;36.707;36.41
2009-12-04;106.274;4.138;34.599;34.372
2009-12-07;107.042;4.096;33.373;33.044
2009-12-08;107.549;4.069;32.561;32.137
2009-12-09;107.398;4.077;30.496;30.195
2009-12-10;106.408;4.131;34.038;33.882
2009-12-11;106.126;4.146;35.972;35.808
2009-12-14;106.581;4.121;33.862;33.652
2009-12-15;105.958;4.155;33.449;33.375
2009-12-16;106.972;4.1;29.397;29.17
2009-12-17;108.047;4.042;30.705;30.224
2009-12-18;108.214;4.033;30.025;29.519
2009-12-21;107.108;4.092;32.405;32.074
2009-12-22;106.314;4.136;32.502;32.344
2009-12-23;105.028;4.207;31.728;31.883
2009-12-24;105.074;4.204;32.827;32.957
2009-12-25;105.135;4.201;32.212;32.324
2009-12-28;104.577;4.232;32.212;32.464
2009-12-29;104.47;4.238;32.328;32.596
2009-12-30;104.097;4.259;33.81;34.174
2009-12-31;104.112;4.259;33.739;34.089
2010-01-01;104.115;4.258;32.923;33.27
2010-01-04;104.406;4.242;32.005;32.27
2010-01-05;104.324;4.247;35.014;35.428
2010-01-06;103.811;4.276;34.38;34.969
2010-01-07;104.043;4.263;33.172;33.767
2010-01-08;104.122;4.258;31.442;32.03
2010-01-11;104.273;4.249;32.693;33.323
2010-01-12;104.679;4.227;31.601;32.137
2010-01-13;104.369;4.244;32.296;32.937
2010-01-14;104.616;4.23;32.846;33.376
2010-01-15;105.224;4.196;33.195;33.554
2010-01-18;105.437;4.184;32.946;33.266
2010-01-19;105.008;4.208;32.648;33.107
2010-01-20;105.072;4.204;34.188;34.684
2010-01-21;105.281;4.193;34.256;34.711
2010-01-22;105.339;4.189;33.855;34.279
2010-01-25;105.328;4.19;35.262;35.694
2010-01-26;105.649;4.172;34.036;34.358
2010-01-27;106.014;4.152;32.266;32.477
2010-01-28;106.076;4.148;33.163;33.31
2010-01-29;106.472;4.127;32.336;32.391
2010-02-01;106.55;4.122;34.077;34.057
2010-02-02;106.36;4.133;37.163;37.107
2010-02-03;105.786;4.165;36.538;36.718
2010-02-04;106.722;4.113;39.618;39.507
2010-02-05;108.032;4.042;;
2010-02-08;108.153;4.035;41.965;41.024
2010-02-09;107.608;4.065;34.573;34.126
2010-02-10;106.895;4.103;35.362;35.114
2010-02-11;106.549;4.122;36.445;36.269
2010-02-12;106.738;4.112;37.202;37.054
2010-02-15;106.417;4.13;36.602;36.547
2010-02-16;106.115;4.146;37.319;37.389
2010-02-17;106.24;4.139;37.754;37.791
2010-02-18;105.506;4.18;39.391;39.619
2010-02-19;105.237;4.195;36.55;36.809
2010-02-22;105.421;4.185;39.507;39.716
2010-02-23;107.252;4.084;37.596;37.346
2010-02-24;107.75;4.057;38.013;37.574
2010-02-25;107.753;4.057;36.24;35.857
2010-02-26;108.094;4.038;36.037;35.565
2010-03-01;107.624;4.063;37.009;36.661
2010-03-02;107.641;4.063;33.318;33.054
2010-03-03;107.085;4.093;33.312;33.199
2010-03-04;107.198;4.087;35.396;35.231
2010-03-05;106.755;4.111;37.469;37.412
2010-03-08;106.554;4.122;35.94;35.989
2010-03-09;106.457;4.127;38.259;38.356
2010-03-10;106.23;4.14;37.757;37.903
2010-03-11;106.23;4.14;38.003;38.06
2010-03-12;106.69;4.114;35.137;35.134
2010-03-15;106.695;4.114;34.889;34.922
2010-03-16;107.026;4.096;36.858;36.8
2010-03-17;107.071;4.093;38.315;38.238
2010-03-18;106.67;4.115;38.067;38.109
2010-03-19;106.883;4.104;38.919;38.891
2010-03-22;107.646;4.062;39.415;39.126
2010-03-23;107.985;4.044;38.784;38.425
2010-03-24;107.762;4.056;37.553;37.271
2010-03-25;107.128;4.09;38.001;37.811
2010-03-26;106.932;4.101;38.634;38.53
2010-03-29;107.376;4.077;36.265;36.063
2010-03-30;107.405;4.075;39.876;39.647
2010-03-31;108.416;4.02;36.787;36.296
2010-04-01;109.093;3.984;33.394;32.819
2010-04-02;109.118;3.983;33.593;32.983
2010-04-05;109.097;3.984;33.705;33.097
2010-04-06;108.221;4.031;35.173;34.659
2010-04-07;108.393;4.022;36.753;36.237
2010-04-08;108.742;4.003;33.801;33.248
2010-04-09;107.478;4.071;38.261;37.958
2010-04-12;107.308;4.08;38.904;38.618
2010-04-13;107.776;4.055;38.204;37.822
2010-04-14;107.787;4.054;38.988;38.653
2010-04-15;107.876;4.049;38.348;38.002
2010-04-16;108.121;4.036;39.147;38.771
2010-04-19;108.315;4.026;39.288;38.837
2010-04-20;107.985;4.044;37.798;37.459
2010-04-21;107.992;4.043;39.881;39.543
2010-04-22;108.64;4.008;39.14;38.56
2010-04-23;108.61;4.01;42.835;42.128
2010-04-26;108.902;3.994;41.094;40.344
2010-04-27;110.589;3.905;48.199;46.57
2010-04-28;110.629;3.903;44.671;43.121
2010-04-29;110.357;3.917;42.831;41.463
2010-04-30;110.784;3.895;39.663;38.39
2010-05-03;109.918;3.94;40.907;39.761
2010-05-04;111.459;3.859;40.787;39.239
2010-05-05;112.643;3.799;44.318;42.277
2010-05-06;112.64;3.799;51.265;48.63
2010-05-07;111.9;3.836;58.712;55.85
2010-05-10;109.38;3.968;47.811;46.71
2010-05-11;108.56;4.012;45.672;44.917
2010-05-12;108.674;4.006;46.055;45.294
2010-05-13;108.999;3.988;41.786;41.078
2010-05-14;110.68;3.899;45.434;44.02
2010-05-17;110.498;3.909;47.449;45.982
2010-05-18;110.981;3.884;55.997;53.994
2010-05-19;111.92;3.835;50.892;48.709
2010-05-20;113.542;3.752;55.307;52.195
2010-05-21;114.838;3.687;51.538;48.259
2010-05-24;115.011;3.679;53.327;49.78
2010-05-25;116.638;3.599;55.832;51.491
2010-05-26;115.407;3.659;57.073;53.084
2010-05-27;114.42;3.708;53.118;49.861
2010-05-28;115.084;3.675;53.84;50.351
2010-05-31;115.524;3.653;51.189;47.676
2010-06-01;115.129;3.673;52.065;48.54
2010-06-02;114.676;3.695;57.091;53.401
2010-06-03;113.491;3.754;56.919;53.741
2010-06-04;113.816;3.738;59.147;55.7
2010-06-07;112.751;3.792;62.431;
2010-06-08;112.834;3.787;;
2010-06-09;112.738;3.792;;
2010-06-10;113.387;3.759;58.094;54.932
2010-06-11;114.28;3.714;57.597;54.255
2010-06-14;112.957;3.781;62.607;
2010-06-15;112.627;3.798;59.683;56.806
2010-06-16;112.71;3.793;58.08;55.363
2010-06-17;113.173;3.77;56.028;53.241
2010-06-18;113.271;3.765;50.605;48.062
2010-06-21;113.28;3.764;;44.838
2010-06-22;114.07;3.724;51.536;48.665
2010-06-23;113.474;3.754;52.101;49.509
2010-06-24;113.383;3.759;56.593;53.766
2010-06-25;112.883;3.784;56.58;53.976
2010-06-28;113.254;3.765;55.603;52.859
2010-06-29;113.976;3.729;55.541;52.528
2010-06-30;114.652;3.695;51.698;48.659
2010-07-01;115.471;3.654;48.363;45.323
2010-07-02;115.252;3.665;48.313;45.372
2010-07-05;116.631;3.597;44.313;41.269
2010-07-06;116.253;3.616;42.439;39.664
2010-07-07;116.225;3.617;41.126;38.449
2010-07-08;116.453;3.606;39.417;36.808
2010-07-09;116.9;3.584;37.821;35.259
2010-07-12;117.668;3.547;40.851;37.878
2010-07-13;117.066;3.576;39.254;36.55
2010-07-14;116.499;3.603;39.244;36.687
2010-07-15;116.679;3.594;37.254;34.773
2010-07-16;117.155;3.571;39.031;36.32
2010-07-19;116.134;3.621;38.104;35.698
2010-07-20;116.325;3.612;38.31;35.86
2010-07-21;115.976;3.629;39.193;36.787
2010-07-22;115.518;3.651;38.122;35.892
2010-07-23;115.531;3.65;35.931;33.806
2010-07-26;114.653;3.694;34.871;32.952
2010-07-27;114.556;3.699;34.303;32.46
2010-07-28;114.331;3.71;35.996;34.13
2010-07-29;114.395;3.707;36.935;35.033
2010-07-30;115.652;3.644;33.188;31.254
2010-08-02;115.187;3.667;32.174;30.378
2010-08-03;116.703;3.593;34.559;32.283
2010-08-04;117.557;3.551;31.174;28.985
2010-08-05;118.759;3.493;31.391;28.935
2010-08-06;119.616;3.453;32.262;29.605
2010-08-09;119.14;3.475;32.122;29.587
2010-08-10;118.427;3.509;36.834;34.063
2010-08-11;120.041;3.433;38.913;35.682
2010-08-12;120.093;3.43;40.546;37.15
2010-08-13;120.176;3.426;45.271;41.438
2010-08-16;122.091;3.338;;
2010-08-17;122.586;3.315;44.669;40.176
2010-08-18;123.369;3.28;43.314;38.792
2010-08-19;123.456;3.276;46.641;41.787
2010-08-20;125.198;3.198;44.795;39.738
2010-08-23;124.967;3.208;41.537;36.969
2010-08-24;127.277;3.107;47.744;41.827
2010-08-25;128.977;3.034;44.987;39.025
2010-08-26;129.812;2.999;44.953;38.779
2010-08-27;128.944;3.035;44.576;38.589
2010-08-30;129.379;3.017;50.577;43.661
2010-08-31;129.19;3.025;;
2010-09-01;126.23;3.152;;
2010-09-02;124.984;3.206;46.299;41.068
2010-09-03;123.295;3.282;41.638;37.332
2010-09-06;123.373;3.278;45.388;40.637
2010-09-07;125.488;3.184;45.262;39.988
2010-09-08;124.86;3.212;46.908;41.553
2010-09-09;125.007;3.205;41.518;36.725
2010-09-10;123.225;3.285;41.321;36.951
2010-09-13;122.299;3.327;39.958;35.975
2010-09-14;123.139;3.288;42.008;37.621
2010-09-15;121.501;3.363;42.383;38.319
2010-09-16;119.559;3.454;42.644;39.029
2010-09-17;121.018;3.385;40.184;36.425
2010-09-20;120.307;3.418;40.93;37.251
2010-09-21;120.913;3.39;40.752;36.903
2010-09-22;122.235;3.329;44.474;39.98
2010-09-23;122.983;3.295;43.333;38.829
2010-09-24;121.496;3.363;46.392;41.925
2010-09-27;122.895;3.299;49.026;43.892
2010-09-28;123.346;3.278;49.693;44.363
2010-09-29;123.528;3.27;49.432;44.047
2010-09-30;123.492;3.271;50.265;44.705
2010-10-01;123.789;3.258;47.604;42.262
2010-10-04;124.416;3.23;49.474;43.738
2010-10-05;123.719;3.261;48.396;42.946
2010-10-06;124.786;3.213;47.776;42.151
2010-10-07;123.792;3.258;47.667;42.289
2010-10-08;124.012;3.248;48.066;42.597
2010-10-11;123.666;3.263;49.23;43.724
2010-10-12;124.253;3.237;46.852;41.48
2010-10-13;123.194;3.284;;
2010-10-14;122.765;3.304;49.67;44.36
2010-10-15;121.463;3.363;49.562;44.603
2010-10-18;121.656;3.354;45.259;40.681
2010-10-19;121.345;3.369;43.723;39.357
2010-10-20;122.025;3.337;;
2010-10-21;121.234;3.374;42.357;37.979
2010-10-22;121.972;3.339;43.536;38.816
2010-10-25;122.404;3.32;41.971;37.347
2010-10-26;122.002;3.338;43.193;38.404
2010-10-27;120.617;3.402;43.52;39.058
2010-10-28;120.549;3.405;45.433;40.764
2010-10-29;121.116;3.379;47.547;42.521
2010-11-01;122.184;3.329;;
2010-11-02;122.919;3.296;47.422;41.945
2010-11-03;124.238;3.236;42.478;37.288
2010-11-04;122.834;3.299;46.172;41.074
2010-11-05;122.546;3.312;45.719;40.722
2010-11-08;122.402;3.319;44.938;40.086
2010-11-09;122.238;3.326;42.451;37.865
2010-11-10;122.028;3.336;41.408;36.966
2010-11-11;121.528;3.359;42.262;37.845
2010-11-12;120.099;3.425;42.171;38.044
2010-11-15;119.132;3.471;44.469;40.321
2010-11-16;117.761;3.537;42.586;38.972
2010-11-17;118.413;3.505;39.499;36.031
2010-11-18;116.408;3.602;;
2010-11-19;116.723;3.587;38.93;35.858
2010-11-22;117.33;3.557;40.301;37.009
2010-11-23;119.305;3.462;40.143;36.408
2010-11-24;117.07;3.57;38.256;35.171
2010-11-25;116.456;3.6;;
2010-11-26;116.302;3.607;37.275;34.374
2010-11-29;115.148;3.664;41.276;38.284
2010-11-30;116.597;3.593;43.958;40.28
2010-12-01;114.355;3.704;39.73;37.007
2010-12-02;114.185;3.712;38.976;36.303
2010-12-03;112.604;3.793;42.359;39.896
2010-12-06;112.656;3.79;42.876;40.387
2010-12-07;111.13;3.87;42.107;40.056
2010-12-08;110.755;3.889;43.446;41.323
2010-12-09;112.832;3.781;39.981;37.469
2010-12-10;112.9;3.778;35.073;32.891
2010-12-13;112.023;3.823;38.662;36.471
2010-12-14;110.66;3.894;35.716;34.047
2010-12-15;110.616;3.896;33.567;32.04
2010-12-16;110.0;3.929;35.023;33.591
2010-12-17;110.108;3.923;38.657;37.086
2010-12-20;111.357;3.857;35.727;34.009
2010-12-21;110.854;3.884;37.754;36.08
2010-12-22;111.366;3.857;37.391;35.638
2010-12-23;110.667;3.893;37.125;35.575
2010-12-24;110.688;3.892;37.036;35.472
2010-12-27;109.891;3.935;38.618;37.169
2010-12-28;110.966;3.878;32.655;31.25
2010-12-29;109.974;3.93;39.373;37.892
2010-12-30;110.991;3.876;39.929;38.128
2010-12-31;110.926;3.88;40.606;38.782
2011-01-03;111.798;3.834;41.973;39.904
2011-01-04;112.215;3.812;42.836;40.641
2011-01-05;110.93;3.879;40.823;39.068
2011-01-06;110.69;3.892;46.492;44.625
2011-01-07;111.035;3.874;48.673;46.635
2011-01-10;110.625;3.895;48.608;46.723
2011-01-11;110.123;3.922;47.878;46.227
2011-01-12;108.689;3.999;42.81;41.72
2011-01-13;110.022;3.927;40.448;39.007
2011-01-14;110.545;3.899;36.081;34.659
2011-01-17;110.37;3.909;37.88;36.429
2011-01-18;109.45;3.958;40.134;38.82
2011-01-19;109.545;3.953;38.663;37.394
2011-01-20;108.769;3.994;35.851;34.807
2011-01-21;109.229;3.97;36.393;35.187
2011-01-24;109.686;3.945;33.608;32.424
2011-01-25;109.22;3.97;37.841;36.651
2011-01-26;108.3;4.02;37.812;36.836
2011-01-27;107.803;4.047;40.691;39.696
2011-01-28;108.933;3.985;36.927;35.765
2011-01-31;108.68;3.999;32.855;31.909
2011-02-01;107.465;4.066;36.382;35.627
2011-02-02;107.148;4.083;35.474;34.794
2011-02-03;107.425;4.068;37.626;36.848
2011-02-04;106.908;4.096;37.171;36.493
2011-02-07;106.8;4.102;38.998;38.339
2011-02-08;106.383;4.126;37.909;37.395
2011-02-09;105.523;4.174;39.68;39.392
2011-02-10;105.608;4.169;39.168;38.884
2011-02-11;105.8;4.158;38.788;38.491
2011-02-14;105.565;4.172;38.997;38.764
2011-02-15;105.903;4.153;37.501;37.206
2011-02-16;106.63;4.112;39.46;38.94
2011-02-17;107.273;4.076;40.41;39.707
2011-02-18;106.383;4.126;39.653;39.18
2011-02-21;107.555;4.06;37.584;36.841
2011-02-22;108.365;4.016;38.456;37.448
2011-02-23;108.718;3.997;38.049;36.947
2011-02-24;108.605;4.003;38.549;37.463
2011-02-25;108.455;4.011;38.191;37.146
2011-02-28;108.118;4.029;39.755;38.773
2011-03-01;108.035;4.034;39.771;38.829
2011-03-02;107.653;4.055;39.534;38.673
2011-03-03;105.993;4.147;38.873;38.392
2011-03-04;106.885;4.097;38.889;38.187
2011-03-07;107.073;4.087;35.936;35.267
2011-03-08;106.07;4.143;38.384;37.93
2011-03-09;106.448;4.122;37.946;37.4
2011-03-10;107.21;4.079;36.206;35.529
2011-03-11;108.27;4.021;32.701;31.87
2011-03-14;108.015;4.035;33.56;32.775
2011-03-15;109.548;3.952;32.06;31.022
2011-03-16;110.1;3.922;31.779;30.702
2011-03-17;108.19;4.025;33.215;32.486
2011-03-18;107.61;4.057;34.191;33.55
2011-03-21;106.99;4.091;32.689;32.207
2011-03-22;106.555;4.116;34.201;33.78
2011-03-23;106.533;4.117;37.444;37.001
2011-03-24;106.108;4.141;33.44;33.169
2011-03-25;105.535;4.173;35.271;35.1
2011-03-28;105.348;4.184;36.26;36.142
2011-03-29;105.01;4.203;34.058;33.985
2011-03-30;105.29;4.187;33.442;33.311
2011-03-31;105.26;4.189;32.107;31.962
2011-04-01;104.825;4.214;33.35;33.271
2011-04-04;104.975;4.205;32.565;32.487
2011-04-05;104.53;4.231;32.473;32.507
2011-04-06;103.85;4.27;32.279;32.455
2011-04-07;103.795;4.273;34.545;34.749
2011-04-08;103.255;4.305;30.428;30.756
2011-04-11;103.205;4.308;30.042;30.356
2011-04-12;103.828;4.271;29.748;29.961
2011-04-13;104.068;4.257;31.574;31.748
2011-04-14;104.043;4.259;29.714;29.872
2011-04-15;104.801;4.215;30.479;30.457
2011-04-18;106.268;4.132;32.329;32.002
2011-04-19;106.258;4.132;29.561;29.23
2011-04-20;105.776;4.159;30.158;29.941
2011-04-21;106.081;4.142;31.188;30.923
2011-04-22;106.081;4.142;30.935;30.68
2011-04-25;106.081;4.142;30.929;30.662
2011-04-26;106.038;4.145;33.401;33.121
2011-04-27;105.488;4.176;31.025;30.877
2011-04-28;106.563;4.115;29.245;28.882
2011-04-29;107.176;4.081;29.474;28.991
2011-05-02;107.131;4.083;28.749;28.279
2011-05-03;106.293;4.13;33.095;32.703
2011-05-04;105.568;4.171;34.674;34.419
2011-05-05;106.378;4.125;35.572;35.144
2011-05-06;107.311;4.073;39.061;38.346
2011-05-09;107.948;4.038;38.575;37.721
2011-05-10;107.758;4.048;37.097;36.347
2011-05-11;107.448;4.065;40.087;39.357
2011-05-12;107.686;4.052;34.137;33.493
2011-05-13;108.218;4.023;36.538;35.713
2011-05-16;107.243;4.076;38.861;38.256
2011-05-17;107.801;4.046;36.881;36.144
2011-05-18;107.333;4.071;37.203;36.598
2011-05-19;107.505;4.062;37.086;36.418
2011-05-20;108.231;4.022;37.681;36.848
2011-05-23;108.913;3.984;38.035;37.061
2011-05-24;107.831;4.044;40.415;39.66
2011-05-25;108.203;4.023;38.424;37.625
2011-05-26;109.195;3.969;38.308;37.258
2011-05-27;109.638;3.945;36.125;35.06
2011-05-30;109.824;3.935;35.358;34.292
2011-05-31;109.016;3.979;36.557;35.618
2011-06-01;109.449;3.955;35.787;34.808
2011-06-02;109.42;3.957;31.378;30.533
2011-06-03;108.628;4.0;34.794;34.04
2011-06-06;109.173;3.97;35.425;34.493
2011-06-07;107.779;4.046;37.304;36.67
2011-06-08;108.206;4.023;37.916;37.195
2011-06-09;108.406;4.011;36.154;35.526
2011-06-10;109.359;3.96;39.148;38.203
2011-06-13;109.281;3.964;37.778;36.93
2011-06-14;107.993;4.034;37.936;37.401
2011-06-15;108.259;4.019;39.531;38.98
2011-06-16;108.104;4.028;37.064;36.597
2011-06-17;107.536;4.059;39.386;38.988
2011-06-20;106.958;4.091;40.179;39.964
2011-06-21;106.454;4.12;37.994;38.02
2011-06-22;106.658;4.108;38.293;38.339
2011-06-23;108.038;4.031;38.021;37.666
2011-06-24;108.14;4.026;38.817;38.441
2011-06-27;106.968;4.091;37.431;37.406
2011-06-28;106.288;4.129;34.748;34.94
2011-06-29;105.595;4.168;34.049;34.431
2011-06-30;105.21;4.19;36.446;36.934
2011-07-01;106.068;4.141;34.331;34.519
2011-07-04;106.513;4.116;34.345;34.383
2011-07-05;106.863;4.096;35.269;35.194
2011-07-06;107.668;4.051;36.875;36.554
2011-07-07;107.62;4.054;32.194;31.929
2011-07-08;109.465;3.953;33.009;32.331
2011-07-11;111.273;3.856;43.724;42.101
2011-07-12;110.048;3.921;48.616;47.095
2011-07-13;108.708;3.994;52.015;50.894
2011-07-14;108.4;4.011;51.959;51.034
2011-07-15;109.745;3.938;53.432;51.855
2011-07-18;110.678;3.887;53.868;51.798
2011-07-19;109.99;3.924;52.293;50.627
2011-07-20;108.758;3.991;45.397;44.441
2011-07-21;107.578;4.056;42.487;41.953
2011-07-22;108.648;3.997;42.164;41.318
2011-07-25;108.933;3.981;45.627;44.594
2011-07-26;110.185;3.914;41.46;40.223
2011-07-27;111.93;3.821;38.01;36.431
2011-07-28;111.553;3.841;40.0;38.429
2011-07-29;112.538;3.789;37.47;35.822
2011-08-01;112.643;3.783;40.27;38.418
2011-08-02;113.143;3.757;47.48;44.97
2011-08-03;113.137;3.758;47.57;44.938
2011-08-04;113.945;3.716;49.85;47.038
2011-08-05;114.227;3.702;32.782;30.826
2011-08-08;114.313;3.697;54.917;51.68
2011-08-09;111.968;3.818;59.809;57.246
2011-08-10;113.715;3.728;73.601;69.437
2011-08-11;113.46;3.741;60.31;57.168
2011-08-12;114.025;3.712;54.222;51.318
2011-08-15;113.485;3.739;54.555;51.821
2011-08-16;113.21;3.753;59.443;56.617
2011-08-17;115.13;3.655;56.971;53.629
2011-08-18;117.2;3.552;58.456;54.329
2011-08-19;117.803;3.522;54.925;50.835
2011-08-22;118.223;3.502;51.503;47.517
2011-08-23;117.458;3.539;54.908;50.84
2011-08-24;115.96;3.613;53.192;49.731
2011-08-25;115.93;3.615;49.277;46.262
2011-08-26;116.523;3.585;49.267;46.043
2011-08-29;115.013;3.661;50.496;47.653
2011-08-30;115.875;3.617;52.794;49.559
2011-08-31;113.885;3.718;56.39;53.541
2011-09-01;114.368;3.693;62.594;59.299
2011-09-02;115.545;3.634;59.522;56.17
2011-09-05;116.89;3.566;60.704;56.744
2011-09-06;116.685;3.577;67.035;62.548
2011-09-07;117.333;3.545;61.054;56.783
2011-09-08;118.655;3.48;56.758;52.493
2011-09-09;120.263;3.402;60.312;55.236
2011-09-12;120.463;3.393;66.353;60.595
2011-09-13;119.875;3.421;66.704;61.044
2011-09-14;117.873;3.518;68.176;63.141
2011-09-15;117.06;3.558;68.807;64.048
2011-09-16;119.64;3.432;69.186;63.318
2011-09-19;119.477;3.44;77.786;71.163
2011-09-20;119.133;3.456;81.684;74.823
2011-09-21;119.458;3.44;82.722;75.556
2011-09-22;122.058;3.317;79.991;71.996
2011-09-23;121.755;3.331;76.98;69.478
2011-09-26;120.803;3.376;81.43;73.768
2011-09-27;119.038;3.46;76.142;69.777
2011-09-28;117.753;3.523;73.235;67.668
2011-09-29;118.095;3.506;74.579;68.642
2011-09-30;120.102;3.409;75.154;68.309
2011-10-03;121.245;3.355;77.978;70.509
2011-10-04;121.368;3.349;80.064;72.202
2011-10-05;119.12;3.456;76.423;69.952
2011-10-06;117.193;3.55;80.191;74.156
2011-10-07;116.973;3.561;84.043;77.752
2011-10-10;115.63;3.628;83.157;77.472
2011-10-11;115.175;3.651;85.642;80.098
2011-10-12;112.868;3.769;82.502;78.315
2011-10-13;113.663;3.728;86.815;82.069
2011-10-14;110.903;3.873;95.397;91.612
2011-10-17;112.308;3.798;101.753;96.839
2011-10-18;111.055;3.864;110.575;106.114
2011-10-19;109.958;3.923;108.858;105.338
2011-10-20;111.063;3.864;109.532;105.157
2011-10-21;108.995;3.975;119.234;115.806
2011-10-24;107.335;4.067;124.258;122.025
2011-10-25;109.873;3.928;116.782;113.003
2011-10-26;112.37;3.795;105.437;100.542
2011-10-27;110.65;3.886;96.558;93.263
2011-10-28;110.078;3.916;99.66;96.64
2011-10-31;111.155;3.859;110.27;106.028
2011-11-01;113.84;3.718;105.723;100.246
2011-11-02;111.615;3.834;112.771;108.231
2011-11-03;110.018;3.92;113.349;110.146
2011-11-04;110.855;3.874;112.326;108.547
2011-11-07;109.865;3.928;121.276;117.769
2011-11-08;110.348;3.902;116.625;112.734
2011-11-09;109.445;3.95;143.982;139.18
2011-11-10;104.95;4.202;157.247;156.611
2011-11-11;105.383;4.178;145.629;144.908
2011-11-14;104.608;4.222;159.883;159.696
2011-11-15;100.575;4.463;177.064;181.24
2011-11-16;101.595;4.401;166.886;169.641
2011-11-17;102.675;4.336;159.851;160.936
2011-11-18;105.863;4.15;136.827;134.917
2011-11-21;106.64;4.106;138.276;135.525
2011-11-22;106.315;4.124;140.918;138.472
2011-11-23;104.493;4.229;150.493;149.063
2011-11-24;103.955;4.26;147.844;147.203
2011-11-25;103.917;4.262;146.41;145.808
2011-11-28;105.63;4.163;133.82;131.748
2011-11-29;107.288;4.069;123.172;120.031
2011-11-30;108.637;3.994;117.325;113.628
2011-12-01;111.128;3.859;113.807;108.358
2011-12-02;109.723;3.935;122.233;117.072
2011-12-05;111.072;3.862;106.997;101.816
2011-12-06;110.408;3.898;114.729;109.545
2011-12-07;111.505;3.839;116.442;110.286
2011-12-08;110.535;3.891;131.602;125.431
2011-12-09;112.765;3.772;111.517;105.039
2011-12-12;113.413;3.739;120.253;112.558
2011-12-13;114.618;3.677;119.358;110.656
2011-12-14;117.258;3.544;111.455;101.987
2011-12-15;118.715;3.472;100.937;91.816
2011-12-16;117.503;3.531;113.738;104.384
2011-12-19;116.473;3.583;115.099;106.077
2011-12-20;114.845;3.665;111.855;104.309
2011-12-21;115.115;3.651;108.589;101.203
2011-12-22;115.378;3.638;106.844;99.61
2011-12-23;116.055;3.603;104.042;96.616
2011-12-26;116.055;3.603;104.109;96.637
2011-12-27;117.218;3.545;103.399;95.381
2011-12-28;117.185;3.547;106.08;97.907
2011-12-29;116.22;3.595;111.828;103.762
2011-12-30;115.055;3.654;117.108;109.625
2012-01-02;113.01;3.759;120.625;114.196
2012-01-03;111.12;3.859;134.519;128.938
2012-01-04;109.795;3.93;139.379;134.61
2012-01-05;109.227;3.961;144.388;139.814
2012-01-06;109.003;3.973;149.281;144.463
2012-01-09;109.488;3.947;149.198;143.888
2012-01-10;110.505;3.892;143.324;137.448
2012-01-11;111.395;3.844;145.74;139.008
2012-01-12;113.835;3.716;135.337;127.362
2012-01-13;113.482;3.734;143.719;135.479
2012-01-16;114.048;3.705;138.991;130.69
2012-01-17;112.895;3.765;138.306;131.05
2012-01-18;111.538;3.836;145.828;139.299
2012-01-19;111.383;3.844;140.76;134.705
2012-01-20;112.345;3.793;129.447;123.333
2012-01-23;111.653;3.83;126.412;121.181
2012-01-24;110.883;3.871;126.981;122.272
2012-01-25;110.805;3.875;131.722;126.964
2012-01-26;110.838;3.873;136.778;131.783
2012-01-27;112.383;3.791;127.34;121.605
2012-01-30;112.45;3.788;133.769;127.632
2012-01-31;112.835;3.767;136.789;130.142
2012-02-01;113.263;3.745;131.601;124.987
2012-02-02;115.1;3.65;122.974;115.633
2012-02-03;115.095;3.65;111.613;105.109
2012-02-06;115.758;3.617;114.945;107.768
2012-02-07;114.933;3.659;112.767;106.183
2012-02-08;114.977;3.656;108.665;102.278
2012-02-09;115.645;3.622;102.659;96.273
2012-02-10;115.375;3.636;113.996;107.113
2012-02-13;115.69;3.62;109.488;102.696
2012-02-14;115.628;3.623;114.936;107.841
2012-02-15;115.093;3.65;121.13;113.968
2012-02-16;114.903;3.66;118.053;111.06
2012-02-17;114.908;3.659;113.662;107.134
2012-02-20;115.193;3.645;109.354;102.99
2012-02-21;114.788;3.666;109.921;103.764
2012-02-22;114.83;3.663;116.492;109.853
2012-02-23;115.025;3.653;118.243;111.33
2012-02-24;115.3;3.639;116.515;109.665
2012-02-27;114.77;3.666;123.661;116.734
2012-02-28;114.783;3.666;124.632;117.556
2012-02-29;115.42;3.633;119.975;112.775
2012-03-01;116.585;3.574;111.499;104.162
2012-03-02;116.335;3.587;117.86;110.273
2012-03-05;115.07;3.651;122.265;115.324
2012-03-06;113.803;3.716;126.081;119.938
2012-03-07;114.417;3.684;124.026;117.642
2012-03-08;115.495;3.629;116.986;110.25
2012-03-09;115.948;3.606;115.069;108.078
2012-03-12;115.53;3.627;117.644;110.765
2012-03-13;115.27;3.64;115.249;108.757
2012-03-14;114.14;3.698;110.315;104.77
2012-03-15;113.8;3.716;112.827;107.248
2012-03-16;113.105;3.752;110.157;105.077
2012-03-19;113.545;3.729;108.226;102.88
2012-03-20;113.443;3.734;111.881;106.392
2012-03-21;113.393;3.737;115.824;110.142
2012-03-22;113.523;3.73;118.505;112.743
2012-03-23;114.235;3.693;117.852;111.529
2012-03-26;114.588;3.675;113.173;106.822
2012-03-27;114.623;3.673;114.705;108.353
2012-03-28;114.413;3.684;118.539;112.108
2012-03-29;114.5;3.679;120.552;113.924
2012-03-30;115.498;3.628;115.436;108.521
2012-04-02;115.063;3.65;117.157;110.428
2012-04-03;114.452;3.681;116.266;110.192
2012-04-04;113.605;3.725;122.375;116.605
2012-04-05;112.308;3.793;131.892;126.691
2012-04-06;;;131.903;126.704
2012-04-09;112.308;3.793;131.905;126.71
2012-04-10;111.975;3.811;137.427;132.338
2012-04-11;112.73;3.771;131.921;126.336
2012-04-12;113.92;3.709;126.84;120.646
2012-04-13;113.003;3.757;133.709;127.885
2012-04-16;112.2;3.799;138.259;132.803
2012-04-17;112.155;3.801;136.478;131.048
2012-04-18;112.555;3.78;138.895;132.958
2012-04-19;111.428;3.84;143.53;138.309
2012-04-20;111.19;3.853;141.423;136.569
2012-04-23;111.005;3.863;143.594;138.662
2012-04-24;112.363;3.79;135.164;129.632
2012-04-25;113.038;3.754;127.109;121.511
2012-04-26;113.393;3.736;127.988;122.07
2012-04-27;113.398;3.735;129.868;123.909
2012-04-30;114.025;3.703;126.544;120.242
2012-05-01;113.97;3.705;128.722;122.493
2012-05-02;113.8;3.714;133.661;127.509
2012-05-03;114.675;3.669;130.741;124.117
2012-05-04;116.088;3.597;127.767;120.26
2012-05-07;116.67;3.567;125.783;118.076
2012-05-08;116.938;3.554;125.253;117.273
2012-05-09;116.008;3.601;131.88;123.888
2012-05-10;117.045;3.548;130.87;122.006
2012-05-11;117.578;3.522;135.57;125.606
2012-05-14;117.92;3.504;135.725;125.494
2012-05-15;116.648;3.568;147.911;137.763
2012-05-16;116.96;3.552;144.415;134.351
2012-05-17;116.973;3.551;145.795;135.485
2012-05-18;117.193;3.54;147.768;137.054
2012-05-21;117.34;3.533;147.552;136.744
2012-05-22;118.888;3.456;139.813;128.435
2012-05-23;119.775;3.413;145.124;132.285
2012-05-24;124.455;3.192;128.633;114.418
2012-05-25;124.107;3.208;131.739;117.448
2012-05-28;123.505;3.236;134.61;120.44
2012-05-29;123.668;3.228;136.477;122.038
2012-05-30;124.305;3.198;144.053;128.154
2012-05-31;126.738;3.087;140.08;123.286
2012-06-01;128.565;3.006;136.27;118.849
2012-06-04;127.988;3.032;141.439;123.774
2012-06-05;127.285;3.063;144.164;126.541
2012-06-06;125.598;3.139;141.105;125.142
2012-06-07;121.96;3.307;146.81;132.787
2012-06-08;123.035;3.257;141.104;126.973
2012-06-11;121.555;3.326;145.016;131.739
2012-06-12;118.363;3.481;154.474;143.094
2012-06-13;117.605;3.518;142.315;133.222
2012-06-14;118.138;3.492;135.786;126.775
2012-06-15;119.965;3.402;140.379;128.928
2012-06-18;118.775;3.46;146.241;135.43
2012-06-19;117.85;3.506;140.241;130.735
2012-06-20;117.758;3.51;133.412;124.469
2012-06-21;118.295;3.484;141.92;131.754
2012-06-22;118.865;3.456;136.902;126.797
2012-06-25;119.008;3.448;136.222;126.035
2012-06-26;117.87;3.505;144.021;134.119
2012-06-27;117.568;3.52;140.29;130.864
2012-06-28;117.038;3.546;144.017;134.794
2012-06-29;116.903;3.553;137.405;128.905
2012-07-02;118.728;3.462;127.902;118.793
2012-07-03;118.673;3.464;125.983;117.77
2012-07-04;118.743;3.461;128.621;120.337
2012-07-05;118.863;3.455;132.594;124.047
2012-07-06;121.34;3.335;123.804;114.314
2012-07-09;120.51;3.375;127.695;118.464
2012-07-10;120.993;3.351;127.154;117.444
2012-07-11;122.26;3.291;124.897;114.558
2012-07-12;123.475;3.234;119.245;108.801
2012-07-13;124.072;3.206;113.792;103.528
2012-07-16;125.893;3.122;106.649;96.065
2012-07-17;127.25;3.061;102.168;91.352
2012-07-18;126.783;3.082;108.412;97.162
2012-07-19;127.625;3.044;102.382;91.161
2012-07-20;128.165;3.02;103.007;91.821
2012-07-23;126.878;3.077;108.723;97.525
2012-07-24;124.735;3.175;110.488;100.534
2012-07-25;123.99;3.209;113.36;103.403
2012-07-26;125.503;3.139;104.639;94.607
2012-07-27;125.26;3.15;100.888;91.292
2012-07-30;125.783;3.126;97.807;88.342
2012-07-31;127.87;3.032;97.294;86.789
2012-08-01;127.263;3.059;94.244;84.338
2012-08-02;128.093;3.022;103.273;91.881
2012-08-03;127.25;3.06;88.959;79.637
2012-08-06;127.31;3.057;90.285;80.851
2012-08-07;126.13;3.11;86.906;78.401
2012-08-08;127.053;3.068;89.594;80.353
2012-08-09;127.165;3.063;90.88;81.461
2012-08-10;127.947;3.028;92.083;82.185
2012-08-13;127.598;3.043;91.915;82.248
2012-08-14;127.79;3.035;84.838;75.88
2012-08-15;126.625;3.087;82.437;74.033
2012-08-16;127.218;3.06;80.515;72.17
2012-08-17;127.55;3.045;85.21;76.295
2012-08-20;127.328;3.055;88.139;78.461
2012-08-21;126.963;3.071;84.323;75.837
2012-08-22;128.025;3.024;84.618;75.645
2012-08-23;129.525;2.957;87.245;77.317
2012-08-24;129.89;2.941;89.092;78.229
2012-08-27;129.505;2.958;90.122;79.552
2012-08-28;129.577;2.955;92.429;81.861
2012-08-29;127.87;3.03;97.794;87.36
2012-08-30;127.17;3.061;106.191;95.221
2012-08-31;126.833;3.076;105.265;94.65
2012-09-03;125.63;3.131;106.529;96.462
2012-09-04;125.275;3.147;106.167;96.432
2012-09-05;124.563;3.18;102.874;93.999
2012-09-06;123.83;3.213;97.592;89.582
2012-09-07;124.908;3.163;92.914;84.568
2012-09-10;123.583;3.225;97.86;90.094
2012-09-11;125.205;3.15;89.836;81.874
2012-09-12;124.27;3.193;85.017;78.129
2012-09-13;124.898;3.163;90.093;82.364
2012-09-14;123.443;3.231;82.865;76.498
2012-09-17;122.943;3.254;91.789;84.772
2012-09-18;123.455;3.23;91.924;84.73
2012-09-19;123.105;3.247;93.537;86.391
2012-09-20;123.093;3.247;100.571;92.992
2012-09-21;123.343;3.235;95.157;87.935
2012-09-24;123.348;3.235;97.86;90.62
2012-09-25;123.193;3.242;98.886;91.197
2012-09-26;124.977;3.159;97.811;89.409
2012-09-27;124.79;3.167;100.249;91.362
2012-09-28;124.795;3.167;100.498;91.958
2012-10-01;124.545;3.179;97.585;89.495
2012-10-02;124.283;3.191;97.639;89.726
2012-10-03;124.333;3.188;98.659;90.593
2012-10-04;124.99;3.158;94.589;86.563
2012-10-05;125.018;3.156;88.75;81.273
2012-10-08;125.14;3.151;94.643;86.532
2012-10-09;126.148;3.104;90.23;81.652
2012-10-10;126.93;3.069;85.488;77.315
2012-10-11;127.183;3.057;83.866;75.913
2012-10-12;127.9;3.025;83.984;75.67
2012-10-15;127.992;3.021;79.044;71.242
2012-10-16;126.675;3.08;79.092;71.813
2012-10-17;125.788;3.12;75.591;68.831
2012-10-18;125.85;3.117;78.409;71.447
2012-10-19;126.77;3.075;79.463;71.913
2012-10-22;126.188;3.102;79.785;72.4
2012-10-23;126.053;3.108;82.968;75.339
2012-10-24;125.753;3.121;84.416;76.894
2012-10-25;125.305;3.142;82.624;75.521
2012-10-26;125.393;3.138;87.097;79.48
2012-10-29;125.49;3.133;90.938;82.933
2012-10-30;125.415;3.136;90.017;82.122
2012-10-31;125.335;3.14;92.848;84.67
2012-11-01;125.88;3.115;93.287;84.723
2012-11-02;125.81;3.118;94.459;85.792
2012-11-05;125.98;3.11;96.847;87.804
2012-11-06;126.255;3.098;93.78;84.888
2012-11-07;126.758;3.075;95.44;86.298
2012-11-08;127.135;3.057;92.625;83.341
2012-11-09;127.84;3.026;91.875;82.688
2012-11-12;128.343;3.003;88.998;79.928
2012-11-13;128.758;2.985;88.538;79.399
2012-11-14;127.608;3.036;92.896;83.823
2012-11-15;127.143;3.057;94.69;85.703
2012-11-16;127.143;3.057;92.901;84.14
2012-11-19;127.107;3.058;92.056;83.387
2012-11-20;125.59;3.127;94.447;86.25
2012-11-21;124.57;3.174;97.255;89.246
2012-11-22;124.197;3.191;98.588;90.697
2012-11-23;123.788;3.21;100.104;92.3
2012-11-26;123.775;3.211;101.397;93.496
2012-11-27;124.703;3.167;95.588;87.591
2012-11-28;126.17;3.1;94.888;86.358
2012-11-29;126.755;3.073;92.152;83.694
2012-11-30;126.513;3.084;93.079;84.627
2012-12-03;125.988;3.108;92.821;84.666
2012-12-04;126.12;3.102;94.355;85.997
2012-12-05;126.83;3.069;94.762;86.048
2012-12-06;127.425;3.042;94.524;85.768
2012-12-07;127.363;3.045;93.407;84.978
2012-12-10;127.393;3.044;94.032;85.459
2012-12-11;127.572;3.035;94.327;85.593
2012-12-12;127.6;3.034;93.07;84.385
2012-12-13;127.558;3.036;92.077;83.495
2012-12-14;128.587;2.99;87.582;78.995
2012-12-17;127.768;3.026;90.417;81.461
2012-12-18;127.19;3.052;90.359;82.018
2012-12-19;127.888;3.021;85.164;77.148
2012-12-20;129.017;2.97;82.899;74.602
2012-12-21;129.038;2.969;85.188;76.668
2012-12-24;129.038;2.969;82.357;74.112
2012-12-25;129.038;2.969;;
2012-12-26;129.038;2.969;;
2012-12-27;129.653;2.942;86.943;77.973
2012-12-28;129.197;2.962;89.613;80.599
2012-12-31;129.195;2.962;89.198;80.233
2013-01-01;129.195;2.962;89.188;80.22
2013-01-02;126.84;3.067;89.094;81.184
2013-01-03;125.548;3.126;89.367;82.069
2013-01-04;124.823;3.159;86.83;80.039
2013-01-07;125.45;3.13;88.398;81.125
2013-01-08;125.275;3.138;92.714;84.917
2013-01-09;125.35;3.135;92.598;85.069
2013-01-10;124.31;3.183;88.111;81.461
2013-01-11;124.428;3.177;83.674;77.038
2013-01-14;124.608;3.169;86.254;79.508
2013-01-15;125.19;3.142;87.101;79.966
2013-01-16;125.08;3.147;91.341;83.834
2013-01-17;124.485;3.174;91.82;84.421
2013-01-18;126.76;3.069;85.788;77.101
2013-01-21;126.05;3.102;88.995;81.003
2013-01-22;126.298;3.09;87.699;79.67
2013-01-23;126.083;3.1;88.502;80.681
2013-01-24;125.227;3.139;88.499;81.117
2013-01-25;125.02;3.149;85.658;78.436
2013-01-28;124.665;3.165;84.489;77.305
2013-01-29;125.175;3.141;82.99;75.729
2013-01-30;124.995;3.15;82.51;75.242
2013-01-31;125.66;3.119;81.973;74.343
2013-02-01;125.475;3.127;80.97;73.704
2013-02-04;125.143;3.142;82.817;75.976
2013-02-05;124.165;3.188;90.329;81.947
2013-02-06;123.538;3.217;91.784;84.399
2013-02-07;123.785;3.205;91.406;84.21
2013-02-08;123.89;3.2;91.546;83.998
2013-02-11;123.58;3.215;90.823;83.596
2013-02-12;123.58;3.215;88.059;81.078
2013-02-13;122.953;3.245;87.181;80.061
2013-02-14;122.913;3.246;84.894;78.838
2013-02-15;122.733;3.255;87.965;81.432
2013-02-18;122.718;3.255;87.285;81.145
2013-02-19;122.93;3.245;87.438;81.058
2013-02-20;122.62;3.26;85.395;79.258
2013-02-21;123.533;3.216;84.399;78.203
2013-02-22;123.363;3.224;86.22;79.844
2013-02-25;123.338;3.226;87.407;80.677
2013-02-26;124.455;3.173;88.61;81.596
2013-02-27;124.335;3.179;89.268;82.327
2013-02-28;124.542;3.169;89.898;82.969
2013-03-01;125.74;3.113;87.989;80.633
2013-03-04;126.005;3.101;86.121;78.562
2013-03-05;125.06;3.144;88.059;80.844
2013-03-06;124.41;3.175;90.493;83.639
2013-03-07;124.308;3.179;89.003;82.134
2013-03-08;124.07;3.19;88.378;81.558
2013-03-11;123.648;3.21;90.875;84.007
2013-03-12;123.75;3.205;90.662;84.012
2013-03-13;123.753;3.205;91.403;84.492
2013-03-14;123.913;3.197;89.682;83.179
2013-03-15;124.153;3.186;89.695;83.151
2013-03-18;124.848;3.153;90.524;83.514
2013-03-19;126.065;3.097;89.093;81.706
2013-03-20;125.913;3.104;90.74;82.813
2013-03-21;126.958;3.056;85.545;77.763
2013-03-22;126.435;3.08;91.306;83.122
2013-03-25;125.508;3.122;93.651;86.112
2013-03-26;124.648;3.162;97.458;89.693
2013-03-27;125.54;3.12;95.579;87.706
2013-03-28;125.223;3.135;97.091;89.017
2013-03-29;125.223;3.135;96.475;88.521
2013-04-01;125.223;3.135;96.516;88.558
2013-04-02;125.363;3.129;96.319;88.415
2013-04-03;125.25;3.134;96.597;88.747
2013-04-04;126.788;3.063;91.149;83.173
2013-04-05;130.727;2.887;84.139;74.814
2013-04-08;131.845;2.838;79.037;69.889
2013-04-09;131.333;2.86;76.136;67.621
2013-04-10;129.54;2.939;79.741;71.518
2013-04-11;129.543;2.938;80.271;72.081
2013-04-12;129.628;2.934;81.726;73.238
2013-04-15;129.74;2.929;83.747;74.564
2013-04-16;129.455;2.942;84.347;75.077
2013-04-17;129.405;2.944;84.309;76.026
2013-04-18;129.38;2.945;87.519;78.423
2013-04-19;129.088;2.958;85.894;77.49
2013-04-22;130.345;2.902;81.882;73.564
2013-04-23;131.045;2.871;81.563;72.814
2013-04-24;131.048;2.871;81.695;73.053
2013-04-25;130.902;2.877;85.475;76.341
2013-04-26;131.15;2.866;86.771;77.419
2013-04-29;131.193;2.864;88.701;79.165
2013-04-30;132.245;2.819;85.542;75.677
2013-05-01;132.245;2.819;83.79;74.166
2013-05-02;133.415;2.768;80.966;71.476
2013-05-03;132.098;2.824;73.69;65.573
2013-05-06;132.392;2.812;71.695;63.626
2013-05-07;131.445;2.853;72.404;64.534
2013-05-08;131.988;2.829;70.479;62.755
2013-05-09;131.46;2.852;74.449;66.386
2013-05-10;128.978;2.961;78.651;70.786
2013-05-13;129.12;2.955;78.348;70.767
2013-05-14;129.105;2.955;77.565;70.086
2013-05-15;128.94;2.962;77.098;69.753
2013-05-16;130.283;2.903;73.626;66.235
2013-05-17;130.77;2.881;72.504;65.038
2013-05-20;130.292;2.902;69.986;62.84
2013-05-21;129.69;2.928;69.462;62.655
2013-05-22;129.79;2.924;69.472;62.644
2013-05-23;129.085;2.955;73.39;66.224
2013-05-24;129.083;2.955;74.897;67.582
2013-05-27;128.303;2.99;76.392;69.117
2013-05-28;127.558;3.024;78.323;71.132
2013-05-29;126.808;3.058;77.418;70.574
2013-05-30;125.868;3.101;83.395;76.316
2013-05-31;126.095;3.09;83.639;76.48
2013-06-03;125.875;3.1;83.384;76.169
2013-06-04;125.855;3.101;80.369;73.606
2013-06-05;126.223;3.084;79.537;72.767
2013-06-06;125.378;3.123;84.556;77.49
2013-06-07;125.138;3.134;86.068;78.696
2013-06-10;123.98;3.188;88.005;80.915
2013-06-11;123.675;3.203;85.517;78.84
2013-06-12;123.883;3.193;86.358;79.589
2013-06-13;124.185;3.178;88.079;80.895
2013-06-14;125.46;3.118;83.863;76.79
2013-06-17;125.15;3.133;84.809;77.801
2013-06-18;124.355;3.17;85.605;78.706
2013-06-19;124.553;3.16;85.158;78.262
2013-06-20;122.155;3.274;87.99;81.566
2013-06-21;121.565;3.303;87.144;80.846
2013-06-24;119.815;3.389;90.656;84.781
2013-06-25;119.76;3.391;94.809;88.511
2013-06-26;120.408;3.359;91.732;85.665
2013-06-27;121.528;3.304;90.427;83.821
2013-06-28;121.893;3.286;88.616;82.105
2013-07-01;122.41;3.261;85.922;79.376
2013-07-02;122.87;3.239;85.314;78.637
2013-07-03;123.488;3.21;86.011;78.962
2013-07-04;123.91;3.189;82.668;75.933
2013-07-05;122.77;3.244;82.12;75.784
2013-07-08;123.352;3.216;77.193;71.183
2013-07-09;123.56;3.206;77.358;71.437
2013-07-10;123.163;3.225;82.661;76.298
2013-07-11;123.56;3.206;82.146;75.638
2013-07-12;124.12;3.179;83.598;76.848
2013-07-15;123.643;3.201;85.199;78.401
2013-07-16;123.558;3.205;86.598;79.814
2013-07-17;123.29;3.218;88.054;81.383
2013-07-18;122.97;3.233;93.414;86.414
2013-07-19;122.46;3.258;95.578;88.606
2013-07-22;122.618;3.25;95.021;88.046
2013-07-23;122.633;3.249;94.659;87.397
2013-07-24;122.093;3.275;91.864;85.026
2013-07-25;122.17;3.271;87.023;80.541
2013-07-26;121.822;3.288;87.776;81.458
2013-07-29;121.988;3.28;86.798;80.492
2013-07-30;121.917;3.283;86.704;80.408
2013-07-31;122.925;3.235;80.994;74.737
2013-08-01;123.383;3.212;82.307;75.578
2013-08-02;123.88;3.189;75.82;69.625
2013-08-05;122.668;3.247;83.743;77.159
2013-08-06;122.53;3.253;81.3;75.086
2013-08-07;122.947;3.233;79.763;73.541
2013-08-08;123.167;3.222;80.154;73.717
2013-08-09;123.405;3.211;77.921;71.695
2013-08-12;123.018;3.229;80.646;74.207
2013-08-13;121.105;3.322;83.09;77.118
2013-08-14;121.175;3.318;76.474;71.221
2013-08-15;119.87;3.382;80.628;75.321
2013-08-16;120.158;3.368;75.509;70.718
2013-08-19;119.69;3.391;75.486;70.97
2013-08-20;120.473;3.352;76.174;71.288
2013-08-21;119.753;3.388;79.008;74.125
2013-08-22;119.093;3.421;75.516;71.207
2013-08-23;119.48;3.401;73.316;68.899
2013-08-26;119.94;3.378;73.941;69.31
2013-08-27;119.915;3.379;76.983;72.31
2013-08-28;119.22;3.414;82.499;77.478
2013-08-29;118.983;3.426;81.207;76.606
2013-08-30;118.558;3.447;83.92;79.311
2013-09-02;118.22;3.464;81.671;77.361
2013-09-03;117.688;3.491;83.965;79.608
2013-09-04;117.508;3.5;83.73;79.49
2013-09-05;116.59;3.547;83.949;79.861
2013-09-06;117.655;3.492;79.211;75.209
2013-09-09;116.673;3.543;86.25;82.209
2013-09-10;115.575;3.6;85.312;81.699
2013-09-11;116.128;3.571;82.513;79.056
2013-09-12;116.305;3.561;85.951;82.247
2013-09-13;116.868;3.532;84.549;80.775
2013-09-16;117.413;3.504;87.633;83.219
2013-09-17;117.518;3.499;85.265;81.022
2013-09-18;117.175;3.516;84.262;80.184
2013-09-19;117.64;3.492;87.091;82.712
2013-09-20;117.078;3.521;83.593;79.852
2013-09-23;117.542;3.497;80.938;77.283
2013-09-24;118.773;3.435;82.461;78.227
2013-09-25;119.258;3.41;82.145;77.777
2013-09-26;119.41;3.403;81.733;77.975
2013-09-27;119.778;3.384;83.788;78.306
2013-09-30;120.163;3.365;82.902;79.61
2013-10-01;120.183;3.364;82.259;77.181
2013-10-02;119.538;3.396;80.71;76.223
2013-10-03;119.21;3.412;81.853;77.41
2013-10-04;118.678;3.439;78.863;74.928
2013-10-07;119.09;3.418;80.401;76.038
2013-10-08;119.343;3.405;78.505;74.162
2013-10-09;119.62;3.392;76.876;72.535
2013-10-10;119.065;3.419;74.134;70.256
2013-10-11;119.193;3.413;74.669;70.739
2013-10-14;119.333;3.406;74.24;70.292
2013-10-15;118.585;3.443;72.975;69.428
2013-10-16;118.535;3.446;71.986;68.491
2013-10-17;119.213;3.411;73.353;69.581
2013-10-18;119.718;3.386;73.832;69.887
2013-10-21;119.68;3.388;72.882;68.993
2013-10-22;121.06;3.319;70.926;66.669
2013-10-23;121.538;3.296;71.468;66.944
2013-10-24;121.578;3.294;70.968;66.466
2013-10-25;121.768;3.284;71.875;67.201
2013-10-28;121.998;3.273;70.943;66.238
2013-10-29;122.268;3.26;70.459;65.73
2013-10-30;122.637;3.242;72.896;67.925
2013-10-31;123.15;3.217;70.943;65.982
2013-11-01;123.003;3.224;69.816;65.02
2013-11-04;123.113;3.219;70.773;65.869
2013-11-05;121.823;3.281;70.855;66.381
2013-11-06;121.353;3.304;71.739;67.434
2013-11-07;121.905;3.277;73.459;68.966
2013-11-08;120.91;3.326;71.576;67.526
2013-11-11;121.008;3.321;70.986;66.952
2013-11-12;119.958;3.373;71.595;68.002
2013-11-13;121.09;3.317;71.38;67.357
2013-11-14;121.913;3.276;71.135;66.814
2013-11-15;121.775;3.283;71.422;67.1
2013-11-18;122.008;3.271;72.71;68.222
2013-11-19;121.545;3.294;72.621;68.238
2013-11-20;121.42;3.3;73.438;69.086
2013-11-21;121.24;3.309;74.975;70.567
2013-11-22;121.833;3.279;72.875;68.313
2013-11-25;122.04;3.269;74.42;69.672
2013-11-26;122.44;3.25;75.703;70.714
2013-11-27;121.885;3.277;74.723;70.028
2013-11-28;122.07;3.267;76.139;71.219
2013-11-29;122.618;3.241;74.04;69.031
2013-12-02;122.37;3.253;72.064;67.233
2013-12-03;123.033;3.221;71.388;66.353
2013-12-04;121.84;3.278;69.399;64.933
2013-12-05;121.488;3.295;68.529;64.183
2013-12-06;121.81;3.28;68.531;64.06
2013-12-09;122.02;3.269;66.783;62.343
2013-12-10;122.21;3.26;67.298;62.756
2013-12-11;122.602;3.241;67.397;62.701
2013-12-12;122.345;3.253;68.987;64.234
2013-12-13;122.77;3.233;69.662;64.668
2013-12-16;122.608;3.24;69.266;64.355
2013-12-17;122.58;3.242;70.958;65.927
2013-12-18;122.483;3.246;69.181;64.275
2013-12-19;122.068;3.266;67.015;62.49
2013-12-20;122.12;3.264;67.112;62.541
2013-12-23;121.695;3.284;66.851;62.445
2013-12-24;121.625;3.287;96.434;93.008
2013-12-25;121.625;3.287;66.32;61.993
2013-12-26;121.625;3.287;67.202;62.763
2013-12-27;120.262;3.355;67.866;63.91
2013-12-30;120.388;3.348;69.846;65.718
2013-12-31;120.29;3.353;70.524;66.382
2014-01-01;120.29;3.353;68.541;64.567
2014-01-02;120.203;3.357;68.906;64.921
2014-01-03;119.88;3.373;70.439;66.507
2014-01-06;120.17;3.359;71.539;67.464
2014-01-07;120.743;3.33;70.027;65.818
2014-01-08;120.453;3.345;67.439;63.505
2014-01-09;119.265;3.404;70.285;66.683
2014-01-10;120.235;3.355;69.528;65.72
2014-01-13;120.578;3.338;69.343;65.451
2014-01-14;121.19;3.308;67.188;63.14
2014-01-15;121.055;3.314;67.156;63.116
2014-01-16;121.53;3.291;67.5;63.338
2014-01-17;122.295;3.253;66.736;62.4
2014-01-20;122.703;3.233;67.312;62.764
2014-01-21;122.608;3.238;68.115;63.553
2014-01-22;121.975;3.269;69.939;65.442
2014-01-23;122.477;3.244;72.434;67.541
2014-01-24;123.445;3.197;71.776;66.524
2014-01-27;123.91;3.175;69.348;64.101
2014-01-28;123.905;3.175;68.735;63.552
2014-01-29;124.18;3.162;69.674;64.335
2014-01-30;124.633;3.14;68.855;63.438
2014-01-31;126.01;3.075;66.259;60.633
2014-02-03;126.178;3.067;66.13;60.464
2014-02-04;125.665;3.091;69.127;63.359
2014-02-05;125.588;3.095;71.141;65.223
2014-02-06;124.495;3.146;71.31;65.763
2014-02-07;124.977;3.123;71.159;65.506
2014-02-10;124.063;3.167;73.374;67.9
2014-02-11;124.003;3.169;73.334;67.894
2014-02-12;123.61;3.188;73.549;68.211
2014-02-13;124.118;3.164;74.479;68.935
2014-02-14;123.98;3.17;73.915;68.463
2014-02-17;123.768;3.18;73.431;68.134
2014-02-18;124.143;3.162;72.405;67.099
2014-02-19;124.15;3.162;73.092;67.729
2014-02-20;123.463;3.195;73.26;68.113
2014-02-21;124.167;3.161;70.888;65.705
2014-02-24;123.843;3.176;70.49;65.454
2014-02-25;124.845;3.128;69.939;64.539
2014-02-26;125.697;3.088;70.032;64.274
2014-02-27;127.028;3.025;68.335;62.295
2014-02-28;125.843;3.081;69.604;63.79
2014-03-03;127.085;3.023;69.87;63.617
2014-03-04;126.405;3.054;69.312;63.364
2014-03-05;126.227;3.062;68.435;62.654
2014-03-06;125.325;3.105;69.077;63.508
2014-03-07;125.593;3.092;66.394;60.939
2014-03-10;125.538;3.094;69.046;63.434
2014-03-11;124.763;3.131;69.612;64.304
2014-03-12;125.158;3.112;71.238;65.684
2014-03-13;126.085;3.068;71.728;65.855
2014-03-14;126.525;3.048;68.87;63.065
2014-03-17;126.353;3.056;67.521;61.893
2014-03-18;126.585;3.045;66.617;60.969
2014-03-19;125.778;3.083;68.055;62.534
2014-03-20;125.678;3.087;65.738;60.358
2014-03-21;126.433;3.052;63.864;58.402
2014-03-24;127.19;3.016;65.012;59.206
2014-03-25;126.948;3.027;67.309;61.408
2014-03-26;127.095;3.02;67.659;61.693
2014-03-27;127.748;2.99;66.709;60.648
2014-03-28;127.785;2.988;66.259;60.204
2014-03-31;127.493;3.002;66.871;60.809
2014-04-01;126.99;3.025;68.867;62.814
2014-04-02;126.28;3.058;68.003;62.262
2014-04-03;126.6;3.043;66.441;60.802
2014-04-04;127.985;2.978;64.113;58.321
2014-04-07;127.705;2.991;66.107;60.252
2014-04-08;127.445;3.003;65.309;59.564
2014-04-09;127.175;3.016;65.353;59.639
2014-04-10;128.343;2.962;65.43;59.362
2014-04-11;128.78;2.941;65.581;59.331
2014-04-14;128.723;2.944;63.597;57.575
2014-04-15;130.033;2.884;62.729;56.392
2014-04-16;130.075;2.882;61.302;55.095
2014-04-17;129.493;2.908;61.755;55.633
2014-04-18;129.493;2.908;58.799;53.021
2014-04-21;129.493;2.908;56.963;51.361
2014-04-22;129.02;2.93;62.609;56.537
2014-04-23;129.262;2.919;62.464;56.313
2014-04-24;129.332;2.915;62.081;55.926
2014-04-25;130.188;2.876;63.597;56.98
2014-04-28;129.78;2.895;64.521;57.915
2014-04-29;129.625;2.902;64.143;57.663
2014-04-30;130.75;2.851;60.876;54.453
2014-05-01;130.75;2.851;61.434;54.949
2014-05-02;131.285;2.827;59.491;53.079
2014-05-05;130.957;2.841;59.34;53.045
2014-05-06;131.355;2.823;57.727;51.471
2014-05-07;131.063;2.836;58.787;52.476
2014-05-08;131.785;2.804;56.013;49.888
2014-05-09;131.462;2.818;54.604;48.773
2014-05-12;131.015;2.838;56.432;50.553
2014-05-13;131.715;2.807;57.909;51.697
2014-05-14;133.313;2.736;56.4;49.972
2014-05-15;134.345;2.691;59.749;52.591
2014-05-16;133.767;2.716;58.601;51.74
2014-05-19;133.263;2.738;60.042;53.124
2014-05-20;132.485;2.772;62.591;55.6
2014-05-21;132.4;2.775;61.251;54.414
2014-05-22;133.03;2.747;60.533;53.592
2014-05-23;132.94;2.751;58.883;52.201
2014-05-26;132.633;2.765;59.722;53.037
2014-05-27;133.293;2.736;59.935;53.06
2014-05-28;134.772;2.671;58.998;51.835
2014-05-29;134.31;2.691;58.975;51.931
2014-05-30;133.54;2.724;60.656;53.645
2014-06-02;133.285;2.735;60.478;53.586
2014-06-03;132.43;2.773;61.515;54.709
2014-06-04;131.798;2.801;62.676;55.894
2014-06-05;132.623;2.764;60.314;53.675
2014-06-06;133.863;2.709;56.494;50.076
2014-06-09;134.118;2.698;53.625;47.45
2014-06-10;132.988;2.747;56.44;50.235
2014-06-11;132.845;2.754;56.473;50.311
2014-06-12;132.108;2.786;58.425;52.286
2014-06-13;132.74;2.758;59.049;52.654
2014-06-16;132.905;2.75;60.838;54.185
2014-06-17;132.008;2.79;62.234;55.624
2014-06-18;132.588;2.764;62.242;55.479
2014-06-19;133.993;2.702;59.91;53.051
2014-06-20;133.457;2.726;58.996;52.414
2014-06-23;133.723;2.714;59.777;53.033
2014-06-24;134.118;2.697;58.216;51.532
2014-06-25;135.58;2.633;57.533;50.563
2014-06-26;136.14;2.609;57.65;50.495
2014-06-27;135.938;2.618;57.465;50.365
2014-06-30;136.235;2.605;58.353;51.045
2014-07-01;135.855;2.621;58.503;51.324
2014-07-02;134.72;2.67;59.127;52.165
2014-07-03;134.918;2.661;56.513;49.837
2014-07-04;135.397;2.64;55.903;49.19
2014-07-07;135.368;2.641;56.806;50.0
2014-07-08;136.423;2.596;56.272;49.248
2014-07-09;136.212;2.605;55.84;48.923
2014-07-10;136.823;2.579;57.809;50.469
2014-07-11;136.85;2.577;57.664;50.322
2014-07-14;136.798;2.579;57.933;50.551
2014-07-15;137.29;2.558;57.949;50.41
2014-07-16;138.073;2.525;57.297;49.605
2014-07-17;139.0;2.487;57.292;49.383
2014-07-18;139.23;2.477;57.321;49.329
2014-07-21;139.638;2.46;56.855;48.819
2014-07-22;139.555;2.463;54.82;47.105
2014-07-23;140.305;2.432;52.002;44.534
2014-07-24;139.668;2.458;51.386;44.15
2014-07-25;140.328;2.431;52.281;44.761
2014-07-28;140.613;2.419;54.138;46.234
2014-07-29;141.73;2.373;53.576;45.484
2014-07-30;140.42;2.427;51.029;43.627
2014-07-31;140.688;2.415;50.092;42.79
2014-08-01;140.8;2.411;51.359;43.85
2014-08-04;140.885;2.407;50.775;43.32
2014-08-05;139.933;2.446;51.741;44.352
2014-08-06;141.16;2.396;54.575;46.444
2014-08-07;142.195;2.353;55.212;46.751
2014-08-08;143.08;2.318;52.266;44.023
2014-08-11;142.595;2.337;52.69;44.517
2014-08-12;142.293;2.349;52.197;44.224
2014-08-13;142.718;2.332;53.164;44.965
2014-08-14;143.548;2.298;52.663;44.316
2014-08-15;145.375;2.226;54.452;45.398
2014-08-18;143.443;2.302;56.507;47.532
2014-08-19;144.07;2.277;56.523;47.437
2014-08-20;144.615;2.255;58.683;49.102
2014-08-21;144.533;2.258;58.745;49.162
2014-08-22;145.09;2.236;58.56;48.87
2014-08-25;146.228;2.191;54.376;45.128
2014-08-26;147.263;2.151;53.776;44.512
2014-08-27;147.763;2.132;54.173;44.775
2014-08-28;148.395;2.107;56.325;46.358
2014-08-29;147.598;2.138;57.481;47.522
2014-09-01;146.87;2.166;60.953;50.554
2014-09-02;144.915;2.242;60.11;50.414
2014-09-03;144.043;2.276;59.855;50.448
2014-09-04;143.685;2.29;52.136;44.197
2014-09-05;144.67;2.251;53.4;45.062
2014-09-08;144.198;2.269;53.729;45.443
2014-09-09;142.65;2.331;53.684;45.73
2014-09-10;142.39;2.341;54.331;46.312
2014-09-11;141.63;2.372;59.89;51.179
2014-09-12;141.008;2.397;58.027;49.715
2014-09-15;140.962;2.399;56.914;48.776
2014-09-16;139.99;2.438;61.205;52.776
2014-09-17;140.633;2.412;58.293;50.109
2014-09-18;139.805;2.446;59.389;51.231
2014-09-19;141.135;2.391;57.016;48.874
2014-09-22;142.267;2.345;53.451;45.594
2014-09-23;143.045;2.313;54.099;45.915
2014-09-24;143.23;2.306;53.849;45.663
2014-09-25;143.49;2.295;54.378;46.099
2014-09-26;144.443;2.257;51.871;43.768
2014-09-29;144.678;2.247;51.02;43.003
2014-09-30;144.875;2.24;51.394;43.289
2014-10-01;145.93;2.198;51.772;43.379
2014-10-02;145.72;2.206;53.267;44.645
2014-10-03;145.693;2.207;52.083;43.612
2014-10-06;145.79;2.203;52.271;43.746
2014-10-07;145.212;2.225;52.791;44.372
2014-10-08;145.36;2.219;52.525;44.114
2014-10-09;145.527;2.212;50.438;42.352
2014-10-10;145.723;2.205;51.667;43.318
2014-10-13;145.087;2.229;55.883;46.993
2014-10-14;147.165;2.148;54.13;45.06
2014-10-15;149.24;2.068;55.974;46.108
2014-10-16;146.153;2.187;59.47;49.609
2014-10-17;144.578;2.249;61.956;52.11
2014-10-20;143.918;2.275;64.818;54.669
2014-10-21;144.05;2.269;60.853;51.337
2014-10-22;144.22;2.263;60.227;50.785
2014-10-23;143.535;2.289;59.391;50.24
2014-10-24;143.57;2.288;61.727;52.186
2014-10-27;144.355;2.257;57.849;48.746
2014-10-28;144.755;2.241;60.734;51.027
2014-10-29;144.658;2.244;58.841;49.48
2014-10-30;146.068;2.188;53.738;44.875
2014-10-31;146.955;2.154;53.024;44.174
2014-11-03;145.968;2.192;58.919;49.277
2014-11-04;147.14;2.146;57.046;47.496
2014-11-05;146.207;2.182;57.821;48.364
2014-11-06;145.965;2.191;59.007;49.412
2014-11-07;146.295;2.178;60.336;50.425
2014-11-10;146.348;2.176;59.815;49.975
2014-11-11;146.828;2.157;58.357;48.633
2014-11-12;146.885;2.155;60.881;50.713
2014-11-13;147.113;2.146;61.61;51.269
2014-11-14;147.973;2.112;60.578;50.259
2014-11-17;147.875;2.116;61.194;50.706
2014-11-18;147.777;2.12;58.657;48.631
2014-11-19;146.635;2.164;57.619;48.022
2014-11-20;147.837;2.117;58.521;48.51
2014-11-21;148.553;2.089;59.212;48.918
2014-11-24;148.39;2.095;59.944;49.549
2014-11-25;149.707;2.045;56.482;46.459
2014-11-26;150.398;2.018;55.583;45.553
2014-11-27;152.038;1.957;54.251;44.119
2014-11-28;153.015;1.92;49.553;40.12
2014-12-01;152.405;1.943;53.56;43.481
2014-12-02;151.683;1.969;50.037;40.746
2014-12-03;151.265;1.985;48.933;39.94
2014-12-04;150.965;1.996;48.074;39.26
2014-12-05;151.15;1.989;46.188;37.681
2014-12-08;152.635;1.933;40.81;33.09
2014-12-09;153.438;1.903;49.173;39.643
2014-12-10;153.837;1.888;50.562;40.663
2014-12-11;154.43;1.866;48.646;39.041
2014-12-12;156.228;1.801;50.701;40.302
2014-12-15;156.175;1.803;51.775;41.147
2014-12-16;157.267;1.764;49.763;39.398
2014-12-17;157.198;1.766;50.625;40.095
2014-12-18;155.775;1.816;49.631;39.595
2014-12-19;155.305;1.833;52.086;41.682
2014-12-22;155.428;1.829;51.753;41.387
2014-12-23;155.468;1.826;51.022;40.791
2014-12-24;155.688;1.818;48.736;38.954
2014-12-25;155.688;1.818;49.932;39.881
2014-12-26;155.688;1.818;47.655;38.074
2014-12-29;156.603;1.785;44.645;35.558
2014-12-30;156.815;1.777;54.663;43.426
2014-12-31;156.758;1.779;54.175;43.047
2015-01-01;156.758;1.779;54.913;43.628
2015-01-02;158.068;1.732;57.053;45.076
2015-01-05;157.948;1.736;57.087;45.127
2015-01-06;161.96;1.596;56.621;43.833
2015-01-07;160.57;1.644;55.559;43.31
2015-01-08;159.795;1.67;52.377;41.017
2015-01-09;160.615;1.641;53.771;41.911
2015-01-12;161.618;1.607;48.245;37.424
2015-01-13;162.503;1.576;48.148;37.236
2015-01-14;165.46;1.476;40.202;30.736
2015-01-15;164.678;1.501;41.958;32.201
2015-01-16;165.99;1.457;37.38;28.571
2015-01-19;166.118;1.453;35.225;26.915
2015-01-20;166.11;1.453;36.66;27.985
2015-01-21;164.743;1.498;30.939;23.72
2015-01-22;167.313;1.412;26.306;19.988
2015-01-23;169.975;1.325;24.055;18.099
2015-01-26;169.328;1.346;27.176;20.5
2015-01-27;169.32;1.346;21.845;16.481
2015-01-28;169.863;1.328;24.305;18.271
2015-01-29;168.688;1.366;25.459;19.222
2015-01-30;171.425;1.277;25.529;19.04
2015-02-02;172.055;1.257;23.322;17.362
2015-02-03;170.923;1.293;22.932;17.125
2015-02-04;171.545;1.273;18.736;13.974
2015-02-05;171.767;1.265;20.427;15.212
2015-02-06;170.993;1.29;23.909;17.83
2015-02-09;170.777;1.296;25.322;18.894
2015-02-10;170.12;1.317;28.235;21.127
2015-02-11;170.83;1.294;27.416;20.441
2015-02-12;172.683;1.234;24.259;17.976
2015-02-13;172.175;1.25;21.794;16.201
2015-02-16;171.332;1.277;23.919;17.826
2015-02-17;170.378;1.308;24.847;18.582
2015-02-18;169.33;1.341;23.91;18.004
2015-02-19;168.14;1.38;27.806;21.029
2015-02-20;168.305;1.374;26.497;20.04
2015-02-23;168.598;1.364;21.963;16.606
2015-02-24;168.83;1.357;26.972;20.364
2015-02-25;170.088;1.315;27.105;20.349
2015-02-26;171.658;1.264;23.664;17.672
2015-02-27;170.488;1.302;23.618;17.695
2015-03-02;169.375;1.338;28.993;21.837
2015-03-03;168.593;1.363;32.661;24.641
2015-03-04;168.78;1.357;30.427;22.916
2015-03-05;170.595;1.297;27.728;20.691
2015-03-06;169.738;1.325;20.487;15.368
2015-03-09;172.595;1.233;7.82;5.825
2015-03-10;177.113;1.091;-0.979;-0.711
2015-03-11;180.028;1.002;0.311;0.23
2015-03-12;180.342;0.992;4.792;3.451
2015-03-13;180.51;0.987;5.399;3.888
2015-03-16;180.725;0.98;4.328;3.123
2015-03-17;179.02;1.031;15.674;11.312
2015-03-18;180.388;0.99;10.206;7.326
2015-03-19;181.2;0.965;19.984;14.296
2015-03-20;181.365;0.96;20.029;14.317
2015-03-23;179.718;1.009;27.526;19.761
2015-03-24;179.43;1.017;24.871;17.87
2015-03-25;180.08;0.997;24.513;17.537
2015-03-26;179.728;1.007;26.171;18.749
2015-03-27;179.245;1.022;28.422;20.395
2015-03-30;179.21;1.023;28.574;20.504
2015-03-31;180.255;0.991;32.004;22.832
2015-04-01;180.707;0.976;29.988;21.375
2015-04-02;179.267;1.019;29.599;21.213
2015-04-03;179.267;1.019;30.714;22.011
2015-04-06;179.267;1.019;30.715;22.012
2015-04-07;178.988;1.028;29.605;21.272
2015-04-08;179.145;1.023;31.82;22.864
2015-04-09;179.048;1.025;33.145;23.833
2015-04-10;179.993;0.996;28.899;20.7
2015-04-13;180.587;0.978;25.561;18.287
2015-04-14;181.665;0.945;25.686;18.317
2015-04-15;183.723;0.884;22.66;16.03
2015-04-16;184.13;0.871;23.604;16.68
2015-04-17;183.995;0.875;26.32;18.593
2015-04-20;184.773;0.852;23.747;16.735
2015-04-21;184.005;0.874;24.027;16.969
2015-04-22;182.315;0.924;23.783;16.894
2015-04-23;181.688;0.942;26.136;18.622
2015-04-24;181.005;0.962;29.59;21.133
2015-04-27;180.875;0.966;30.674;21.912
2015-04-28;180.445;0.979;28.4;20.341
2015-04-29;174.853;1.15;33.123;24.251
2015-04-30;172.703;1.218;33.707;24.845
2015-05-01;172.678;1.219;36.518;26.917
2015-05-04;169.27;1.329;50.854;37.954
2015-05-05;165.77;1.444;37.615;28.513
2015-05-06;161.813;1.579;44.929;34.59
2015-05-07;163.205;1.531;44.559;34.049
2015-05-08;164.767;1.477;42.307;32.152
2015-05-11;162.02;1.571;53.859;41.374
2015-05-12;159.46;1.661;46.466;36.136
2015-05-13;157.875;1.717;45.401;35.564
2015-05-14;158.165;1.706;44.568;34.867
2015-05-15;161.443;1.59;40.006;30.841
2015-05-18;159.983;1.641;42.259;32.81
2015-05-19;162.785;1.543;38.008;29.157
2015-05-20;161.488;1.588;35.56;27.431
2015-05-21;160.83;1.61;34.916;27.021
2015-05-22;161.715;1.579;33.598;25.922
2015-05-25;161.748;1.578;32.657;25.198
2015-05-26;162.755;1.543;35.24;27.079
2015-05-27;162.723;1.544;33.013;25.382
2015-05-28;163.212;1.527;34.218;26.238
2015-05-29;164.845;1.471;32.798;24.984
2015-06-01;163.203;1.527;39.734;30.454
2015-06-02;158.408;1.694;38.601;30.152
2015-06-03;153.85;1.86;38.141;30.37
2015-06-04;154.623;1.831;38.423;30.507
2015-06-05;153.403;1.876;42.336;33.803
2015-06-08;152.123;1.924;47.881;38.419
2015-06-09;149.945;2.006;40.61;32.906
2015-06-10;148.43;2.065;43.417;35.464
2015-06-11;151.225;1.957;43.062;34.727
2015-06-12;151.223;1.957;47.306;38.126
2015-06-15;149.823;2.01;52.427;42.426
2015-06-16;150.33;1.99;51.894;41.974
2015-06-17;150.568;1.981;50.813;41.063
2015-06-18;151.355;1.951;47.072;37.926
2015-06-19;152.575;1.905;46.678;37.381
2015-06-22;149.32;2.028;61.963;50.308
2015-06-23;149.248;2.031;44.671;36.403
2015-06-24;149.433;2.024;46.43;37.81
2015-06-25;148.685;2.052;46.757;38.237
2015-06-26;146.253;2.147;50.231;41.533
2015-06-29;147.538;2.096;44.009;36.158
2015-06-30;148.373;2.064;54.136;44.346
2015-07-01;146.4;2.141;55.215;45.696
2015-07-02;144.925;2.199;55.245;46.035
2015-07-03;146.9;2.121;53.326;44.047
2015-07-06;147.06;2.114;51.871;42.812
2015-07-07;150.84;1.968;55.713;45.113
2015-07-08;152.133;1.918;50.337;40.492
2015-07-09;150.565;1.977;50.417;40.894
2015-07-10;147.038;2.114;45.677;37.659
2015-07-13;146.505;2.135;48.217;39.843
2015-07-14;147.608;2.091;45.526;37.509
2015-07-15;150.32;1.986;41.719;33.965
2015-07-16;150.7;1.971;38.38;31.212
2015-07-17;152.768;1.893;35.862;28.879
2015-07-20;153.865;1.851;35.041;28.087
2015-07-21;152.235;1.912;39.277;31.699
2015-07-22;153.303;1.872;40.991;32.921
2015-07-23;153.84;1.852;38.742;31.047
2015-07-24;156.01;1.771;36.16;28.696
2015-07-27;155.89;1.776;38.531;30.572
2015-07-28;155.785;1.779;38.123;30.255
2015-07-29;154.603;1.823;38.479;30.704
2015-07-30;156.605;1.749;37.021;29.287
2015-07-31;157.24;1.725;38.506;30.339
2015-08-03;156.8;1.741;40.223;31.77
2015-08-04;155.575;1.786;42.596;33.824
2015-08-05;152.053;1.917;42.96;34.678
2015-08-06;153.515;1.861;42.359;33.98
2015-08-07;154.565;1.822;43.594;34.804
2015-08-10;153.765;1.852;42.788;34.29
2015-08-11;156.335;1.757;41.348;32.748
2015-08-12;156.718;1.743;42.099;33.293
2015-08-13;156.015;1.768;42.649;33.82
2015-08-14;155.395;1.79;42.212;33.531
2015-08-17;156.503;1.75;40.611;32.126
2015-08-18;155.603;1.782;42.366;33.639
2015-08-19;155.888;1.772;43.534;34.539
2015-08-20;156.703;1.741;44.997;35.57
2015-08-21;156.843;1.736;48.883;38.571
2015-08-24;156.178;1.76;49.049;38.798
2015-08-25;151.82;1.922;51.657;41.632
2015-08-26;153.158;1.872;49.768;39.883
2015-08-27;151.97;1.916;49.829;40.175
2015-08-28;152.265;1.905;49.119;39.533
2015-08-31;150.475;1.973;49.668;40.319
2015-09-01;150.288;1.98;49.5;40.212
2015-09-02;151.183;1.945;47.517;38.472
2015-09-03;152.423;1.898;46.541;37.486
2015-09-04;154.08;1.835;46.695;37.337
2015-09-07;152.485;1.895;51.741;41.665
2015-09-08;152.558;1.892;50.016;40.285
2015-09-09;152.573;1.891;46.159;37.19
2015-09-10;152.495;1.894;46.776;37.71
2015-09-11;152.93;1.877;48.059;38.718
2015-09-14;153.063;1.872;46.573;37.503
2015-09-15;151.008;1.95;43.951;35.738
2015-09-16;150.45;1.971;44.138;35.95
2015-09-17;150.728;1.96;43.3;35.202
2015-09-18;154.48;1.818;38.946;31.14
2015-09-21;153.453;1.856;39.679;31.889
2015-09-22;155.858;1.767;38.767;30.837
2015-09-23;155.6;1.776;40.462;32.203
2015-09-24;155.56;1.777;41.395;32.923
2015-09-25;153.825;1.841;41.858;33.576
2015-09-28;155.207;1.79;42.874;34.16
2015-09-29;155.713;1.771;40.881;32.506
2015-09-30;155.65;1.773;39.769;31.654
2015-10-01;156.94;1.725;39.429;31.221
2015-10-02;158.205;1.679;39.013;30.703
2015-10-05;156.035;1.758;40.269;32.003
2015-10-06;154.988;1.797;40.748;32.499
2015-10-07;155.335;1.784;40.983;32.642
2015-10-08;155.913;1.762;38.957;30.969
2015-10-09;155.06;1.793;37.61;30.0
2015-10-12;156.063;1.756;38.499;30.601
2015-10-13;155.758;1.767;37.04;29.496
2015-10-14;156.893;1.725;36.34;28.809
2015-10-15;156.573;1.736;36.783;29.203
2015-10-16;156.813;1.727;35.754;28.354
2015-10-19;156.16;1.751;36.449;29.005
2015-10-20;154.563;1.81;38.028;30.447
2015-10-21;156.598;1.735;36.257;28.784
2015-10-22;158.923;1.65;30.08;23.688
2015-10-23;158.5;1.665;28.657;22.64
2015-10-26;158.767;1.655;30.479;24.044
2015-10-27;160.578;1.59;30.302;23.708
2015-10-28;160.895;1.579;30.571;23.893
2015-10-29;158.653;1.658;28.973;22.859
2015-10-30;159.168;1.64;27.949;21.995
2015-11-02;157.228;1.709;31.476;24.959
2015-11-03;156.4;1.74;31.704;25.272
2015-11-04;155.513;1.772;32.388;25.933
2015-11-05;154.843;1.796;36.238;29.074
2015-11-06;152.728;1.876;37.5;30.379
2015-11-09;152.027;1.902;45.792;37.204
2015-11-10;153.15;1.859;40.339;32.687
2015-11-11;153.653;1.84;38.84;31.407
2015-11-12;154.33;1.814;36.432;29.345
2015-11-13;155.455;1.772;35.902;28.787
2015-11-16;156.13;1.747;34.142;27.314
2015-11-17;156.065;1.749;35.439;28.361
2015-11-18;157.075;1.712;35.101;27.927
2015-11-19;157.957;1.68;36.088;28.591
2015-11-20;158.598;1.656;36.797;29.073
2015-11-23;157.125;1.71;39.558;31.428
2015-11-24;157.332;1.702;37.989;30.153
2015-11-25;158.035;1.676;36.955;29.295
2015-11-26;158.055;1.675;35.717;28.311
2015-11-27;157.95;1.678;36.9;29.265
2015-11-30;157.078;1.71;37.944;30.206
2015-12-01;156.41;1.734;41.692;33.312
2015-12-02;156.443;1.733;42.301;33.794
2015-12-03;152.158;1.893;45.648;37.001
2015-12-04;151.96;1.9;44.42;36.06
2015-12-07;154.83;1.792;42.825;34.328
2015-12-08;156.073;1.745;39.047;31.142
2015-12-09;155.008;1.785;40.045;32.076
2015-12-10;155.653;1.76;38.29;30.622
2015-12-11;156.645;1.724;38.909;30.961
2015-12-14;154.915;1.787;42.983;34.433
2015-12-15;153.715;1.832;41.815;33.66
2015-12-16;152.725;1.869;42.296;34.173
2015-12-17;154.755;1.792;42.17;33.755
2015-12-18;156.183;1.739;42.818;34.063
2015-12-21;156.06;1.744;39.73;31.634
2015-12-22;154.125;1.815;41.286;33.133
2015-12-23;152.743;1.867;42.796;34.577
2015-12-24;152.313;1.883;45.098;36.494
2015-12-25;152.313;1.883;45.091;36.488
2015-12-28;154.875;1.786;42.752;34.193
2015-12-29;151.868;1.9;45.66;37.032
2015-12-30;152.013;1.894;44.059;35.718
2015-12-31;152.013;1.893;;
2016-01-01;152.013;1.893;;
2016-01-04;153.048;1.854;46.675;37.694
2016-01-05;153.293;1.844;48.427;39.098
2016-01-06;154.188;1.81;47.878;38.509
2016-01-07;153.025;1.854;47.849;38.712
2016-01-08;154.212;1.809;46.48;37.395
2016-01-11;153.445;1.838;49.566;39.988
2016-01-12;153.978;1.817;51.703;41.565
2016-01-13;155.28;1.768;48.689;38.935
2016-01-14;154.34;1.803;49.831;40.004
2016-01-15;155.068;1.776;48.992;39.232
2016-01-18;154.945;1.78;48.038;38.518
2016-01-19;154.848;1.784;48.154;38.624
2016-01-20;156.353;1.727;50.747;40.42
2016-01-21;157.413;1.688;48.827;38.742
2016-01-22;156.263;1.73;48.827;38.973
2016-01-25;156.913;1.706;48.324;38.428
2016-01-26;157.858;1.671;47.54;37.672
2016-01-27;157.97;1.667;47.821;37.85
2016-01-28;158.625;1.643;49.978;39.44
2016-01-29;161.718;1.532;46.225;36.017
2016-02-01;160.745;1.566;49.585;38.776
2016-02-02;161.423;1.542;50.153;39.132
2016-02-03;162.668;1.498;52.217;40.463
2016-02-04;161.985;1.521;50.746;39.448
2016-02-05;162.048;1.519;52.021;40.419
2016-02-08;163.775;1.458;56.501;43.508
2016-02-09;163.035;1.484;58.193;44.924
2016-02-10;162.358;1.507;58.257;45.112
2016-02-11;163.915;1.452;59.283;45.572
2016-02-12;162.168;1.513;58.215;45.04
2016-02-15;162.908;1.487;58.008;44.778
2016-02-16;161.548;1.535;59.559;46.263
2016-02-17;162.005;1.518;58.201;45.116
2016-02-18;164.235;1.44;56.062;43.063
2016-02-19;164.55;1.428;56.08;43.013
2016-02-22;166.02;1.378;54.65;41.655
2016-02-23;166.093;1.375;55.838;42.51
2016-02-24;166.758;1.352;57.733;43.792
2016-02-25;166.723;1.353;55.985;42.515
2016-02-26;166.363;1.365;54.499;41.495
2016-02-29;166.843;1.348;55.956;42.564
2016-03-01;164.905;1.414;57.608;44.191
2016-03-02;162.485;1.499;58.476;45.306
2016-03-03;163.525;1.462;58.53;45.206
2016-03-04;162.468;1.498;56.528;43.795
2016-03-07;162.653;1.492;54.543;42.273
2016-03-08;164.435;1.429;51.55;39.686
2016-03-09;163.18;1.473;50.381;38.952
2016-03-10;161.65;1.526;51.214;39.818
2016-03-11;163.973;1.444;44.066;33.957
2016-03-14;163.988;1.444;43.582;33.578
2016-03-15;162.733;1.487;46.206;35.752
2016-03-16;163.42;1.463;44.819;34.597
2016-03-17;166.35;1.361;43.627;33.275
2016-03-18;167.17;1.333;42.214;32.088
2016-03-21;166.59;1.352;40.166;30.627
2016-03-22;167.365;1.326;39.727;30.18
2016-03-23;167.332;1.326;41.331;31.397
2016-03-24;167.988;1.303;40.4;30.58
2016-03-25;167.988;1.303;40.007;30.278
2016-03-28;167.988;1.303;40.505;30.663
2016-03-29;169.94;1.238;37.407;28.126
2016-03-30;169.625;1.248;36.383;27.394
2016-03-31;169.648;1.247;36.848;27.731
2016-04-01;170.73;1.21;35.216;26.367
2016-04-04;171.015;1.201;35.217;26.324
2016-04-05;171.845;1.173;36.399;27.137
2016-04-06;170.588;1.214;37.56;28.145
2016-04-07;171.063;1.198;39.151;29.268
2016-04-08;170.323;1.222;39.406;29.582
2016-04-11;168.498;1.283;44.138;33.376
2016-04-12;165.93;1.371;47.502;36.299
2016-04-13;168.142;1.295;43.879;33.213
2016-04-14;166.968;1.334;44.082;33.537
2016-04-15;168.365;1.286;43.305;32.77
2016-04-18;167.45;1.317;42.724;32.454
2016-04-19;166.885;1.336;42.32;32.239
2016-04-20;167.498;1.315;42.401;32.212
2016-04-21;165.168;1.395;41.219;31.599
2016-04-22;164.468;1.419;42.912;33.026
2016-04-25;162.998;1.47;44.489;34.461
2016-04-26;162.245;1.496;43.276;33.596
2016-04-27;161.34;1.528;46.533;36.309
2016-04-28;162.41;1.49;44.348;34.452
2016-04-29;162.368;1.491;43.557;33.827
2016-05-02;163.415;1.454;40.544;31.372
2016-05-03;165.295;1.388;42.137;32.321
2016-05-04;165.125;1.394;42.104;32.316
2016-05-05;166.175;1.357;42.842;32.761
2016-05-06;166.423;1.348;44.083;33.671
2016-05-09;167.212;1.321;43.363;33.013
2016-05-10;167.08;1.325;44.18;33.655
2016-05-11;167.46;1.312;40.932;31.14
2016-05-12;166.26;1.352;41.792;31.968
2016-05-13;167.575;1.307;41.135;31.268
2016-05-16;167.003;1.327;41.478;31.609
2016-05-17;167.413;1.312;40.693;30.945
2016-05-18;166.153;1.355;41.348;31.625
2016-05-19;166.745;1.334;38.998;29.75
2016-05-20;166.815;1.332;38.995;29.741
2016-05-23;166.457;1.344;37.019;28.29
2016-05-24;166.59;1.339;36.877;28.173
2016-05-25;167.878;1.295;35.584;27.025
2016-05-26;167.71;1.3;36.839;27.996
2016-05-27;167.91;1.293;35.323;26.843
2016-05-30;166.765;1.332;36.29;27.725
2016-05-31;167.685;1.3;36.204;27.544
2016-06-01;167.87;1.294;35.312;26.852
2016-06-02;168.305;1.278;34.744;26.394
2016-06-03;170.633;1.2;32.704;24.581
2016-06-06;169.818;1.227;32.863;24.798
2016-06-07;171.538;1.169;30.539;22.894
2016-06-08;172.25;1.145;26.644;19.933
2016-06-09;174.033;1.086;24.185;17.937
2016-06-10;175.038;1.054;23.457;17.333
2016-06-13;173.623;1.099;26.699;19.821
2016-06-14;174.08;1.084;28.648;21.228
2016-06-15;174.865;1.058;25.392;18.772
2016-06-16;175.86;1.026;26.678;19.622
2016-06-17;174.203;1.079;27.181;20.127
2016-06-20;173.71;1.095;24.344;18.08
2016-06-21;173.758;1.093;22.425;16.654
2016-06-22;173.675;1.095;19.201;14.268
2016-06-23;171.783;1.157;21.241;15.931
2016-06-24;176.328;1.009;24.196;17.759
2016-06-27;180.978;0.862;16.938;12.24
2016-06-28;181.413;0.848;11.708;8.472
2016-06-29;182.38;0.818;9.922;7.157
2016-06-30;183.588;0.781;7.38;5.313
2016-07-01;183.625;0.779;6.294;4.535
2016-07-04;182.753;0.806;14.947;10.741
2016-07-05;184.165;0.762;14.143;10.131
2016-07-06;184.325;0.757;12.144;8.708
2016-07-07;183.955;0.768;11.732;8.419
2016-07-08;185.273;0.728;9.809;7.017
2016-07-11;184.468;0.752;10.94;7.85
2016-07-12;181.233;0.85;13.703;9.943
2016-07-13;183.315;0.786;14.653;10.515
2016-07-14;181.68;0.836;15.458;11.182
2016-07-15;179.855;0.892;17.597;12.794
2016-07-18;180.272;0.879;18.413;13.378
2016-07-19;180.798;0.862;15.817;11.477
2016-07-20;180.1;0.884;14.841;10.803
2016-07-21;180.445;0.872;13.449;9.784
2016-07-22;181.225;0.848;10.922;7.939
2016-07-25;182.01;0.823;10.198;7.379
2016-07-26;181.975;0.824;9.707;7.033
2016-07-27;183.826;0.767;9.737;7.004
2016-07-28;184.331;0.751;10.031;7.203
2016-07-29;185.601;0.712;8.466;6.04
2016-08-01;184.888;0.733;10.202;7.304
2016-08-02;182.402;0.809;11.385;8.199
2016-08-03;182.168;0.816;13.625;9.818
2016-08-04;183.656;0.77;14.757;10.571
2016-08-05;182.382;0.808;14.592;10.501
2016-08-08;182.06;0.818;15.399;11.104
2016-08-09;182.626;0.8;15.921;11.434
2016-08-10;183.949;0.76;15.74;11.267
2016-08-11;183.161;0.783;15.665;11.252
2016-08-12;183.068;0.786;17.528;12.588
2016-08-15;182.376;0.807;15.817;11.381
2016-08-16;180.784;0.856;17.102;12.394
2016-08-17;181.771;0.825;15.776;11.395
2016-08-18;183.25;0.778;14.206;10.208
2016-08-19;181.439;0.834;15.102;10.926
2016-08-22;183.332;0.775;15.594;11.179
2016-08-23;183.226;0.778;17.383;12.454
2016-08-24;182.574;0.798;19.675;14.133
2016-08-25;181.69;0.825;21.604;15.578
2016-08-26;181.117;0.842;23.879;17.267
2016-08-29;181.006;0.845;23.864;17.268
2016-08-30;181.675;0.824;25.134;18.121
2016-08-31;180.611;0.857;24.921;18.042
2016-09-01;180.161;0.87;25.744;18.671
2016-09-02;179.312;0.897;25.655;18.631
2016-09-05;179.396;0.894;25.798;18.749
2016-09-06;182.081;0.81;21.155;15.233
2016-09-07;183.016;0.781;17.208;12.365
2016-09-08;180.131;0.87;21.205;15.41
2016-09-09;176.805;0.975;25.271;18.597
2016-09-12;176.409;0.987;24.496;18.032
2016-09-13;175.153;1.028;26.708;19.759
2016-09-14;176.535;0.983;24.864;18.302
2016-09-15;175.342;1.021;27.073;20.019
2016-09-16;175.725;1.008;27.684;20.413
2016-09-19;175.253;1.023;29.163;21.562
2016-09-20;177.474;0.951;26.249;19.239
2016-09-21;177.037;0.965;24.531;18.016
2016-09-22;180.656;0.85;22.455;16.284
2016-09-23;180.265;0.862;23.346;16.936
2016-09-26;181.192;0.832;22.292;16.121
2016-09-27;181.541;0.821;21.246;15.348
2016-09-28;181.872;0.811;20.654;14.896
2016-09-29;180.951;0.839;21.861;15.831
2016-09-30;181.117;0.833;20.466;14.808
2016-10-03;179.721;0.877;23.52;17.095
2016-10-04;178.448;0.917;23.191;16.93
2016-10-05;176.017;0.994;26.108;19.227
2016-10-06;177.012;0.962;22.604;16.607
2016-10-07;176.183;0.988;20.379;15.01
2016-10-10;175.066;1.024;17.924;13.274
2016-10-11;176.153;0.989;18.787;13.835
2016-10-12;174.721;1.035;20.865;15.456
2016-10-13;176.264;0.984;18.635;13.714
2016-10-14;175.675;1.003;17.614;12.981
2016-10-17;175.249;1.016;20.422;15.083
2016-10-18;175.853;0.997;21.679;15.957
2016-10-19;176.274;0.983;20.973;15.418
2016-10-20;177.809;0.933;18.185;13.298
2016-10-21;177.374;0.946;18.582;13.626
2016-10-24;176.377;0.978;19.757;14.537
2016-10-25;176.289;0.981;21.354;15.708
2016-10-26;174.041;1.054;23.238;17.254
2016-10-27;170.674;1.165;27.631;20.767
2016-10-28;171.311;1.143;27.658;20.721
2016-10-31;171.482;1.137;28.319;21.194
2016-11-01;170.547;1.169;28.811;21.639
2016-11-02;172.187;1.113;26.339;19.658
2016-11-03;171.985;1.119;22.788;17.029
2016-11-04;172.802;1.092;22.304;16.604
2016-11-07;172.782;1.092;20.235;15.062
2016-11-08;171.298;1.142;21.221;15.905
2016-11-09;169.93;1.188;22.374;16.839
2016-11-10;165.524;1.339;32.39;24.836
2016-11-11;163.512;1.41;38.896;29.999
2016-11-14;162.148;1.458;41.411;32.133
2016-11-15;164.959;1.358;30.42;23.306
2016-11-16;164.834;1.362;32.159;24.723
2016-11-17;164.744;1.365;33.977;26.097
2016-11-18;164.091;1.388;36.675;28.23
2016-11-21;164.174;1.384;37.033;28.505
2016-11-22;164.936;1.357;37.987;29.177
2016-11-23;163.053;1.424;44.117;34.102
2016-11-24;162.448;1.445;44.747;34.719
2016-11-25;162.118;1.457;45.945;35.695
2016-11-28;162.693;1.436;48.065;37.248
2016-11-29;164.347;1.377;39.654;30.541
2016-11-30;162.258;1.451;40.109;31.135
2016-12-01;160.339;1.52;36.704;28.805
2016-12-02;163.13;1.419;36.488;28.245
2016-12-05;161.224;1.487;40.087;31.267
2016-12-06;160.793;1.503;35.579;27.797
2016-12-07;161.981;1.459;33.29;25.9
2016-12-08;159.079;1.565;38.423;30.29
2016-12-09;157.512;1.623;43.315;34.394
2016-12-12;155.701;1.691;44.37;35.456
2016-12-13;157.835;1.61;41.193;32.678
2016-12-14;160.001;1.53;38.514;30.28
2016-12-15;158.89;1.57;36.016;28.455
2016-12-16;159.999;1.529;37.793;29.62
2016-12-19;162.204;1.449;37.086;28.852
2016-12-20;161.976;1.457;35.17;27.393
2016-12-21;162.756;1.429;34.513;26.777
2016-12-22;161.795;1.462;34.648;27.0
2016-12-23;162.993;1.419;34.176;26.478
2016-12-26;162.993;1.419;33.62;26.071
2016-12-27;163.372;1.405;32.969;25.497
2016-12-28;162.876;1.423;35.759;27.696
2016-12-29;163.727;1.392;36.617;28.285
2016-12-30;161.46;1.473;41.843;32.69
2017-01-02;161.248;1.481;43.035;33.624
2017-01-03;158.326;1.588;50.833;40.168
2017-01-04;157.009;1.637;55.372;44.014
2017-01-05;158.111;1.595;55.775;44.084
2017-01-06;156.871;1.641;53.281;42.373
2017-01-09;157.497;1.618;53.232;42.23
2017-01-10;157.295;1.625;53.514;42.507
2017-01-11;158.248;1.589;53.442;42.26
2017-01-12;157.396;1.621;56.292;44.75
2017-01-13;155.98;1.674;58.538;46.859
2017-01-16;156.119;1.668;58.47;46.771
2017-01-17;156.488;1.654;57.02;45.505
2017-01-18;155.479;1.692;57.235;45.884
2017-01-19;154.319;1.736;58.068;46.805
2017-01-20;152.702;1.799;59.14;48.004
2017-01-23;154.36;1.734;58.709;47.291
2017-01-24;153.636;1.762;56.711;45.863
2017-01-25;151.701;1.837;60.284;49.135
2017-01-26;150.546;1.883;63.125;51.686
2017-01-27;151.106;1.86;64.283;52.47
2017-01-30;150.394;1.888;68.159;55.786
2017-01-31;151.249;1.854;65.072;53.183
2017-02-01;149.592;1.92;67.677;55.717
2017-02-02;150.716;1.875;67.839;55.39
2017-02-03;149.491;1.923;73.396;60.358
2017-02-06;147.441;2.006;84.244;69.849
2017-02-07;147.717;1.995;84.467;69.981
2017-02-08;150.657;1.876;77.289;63.345
2017-02-09;151.514;1.842;72.787;59.371
2017-02-10;149.39;1.926;77.988;64.177
2017-02-13;150.004;1.901;72.058;59.16
2017-02-14;149.022;1.941;71.653;59.142
2017-02-15;148.759;1.951;73.471;60.728
2017-02-16;150.245;1.891;71.705;58.826
2017-02-17;150.26;1.89;75.188;61.67
2017-02-20;149.58;1.917;76.967;63.346
2017-02-21;149.176;1.933;77.284;63.707
2017-02-22;151.193;1.852;70.097;57.372
2017-02-23;152.286;1.809;70.725;57.471
2017-02-24;154.255;1.732;67.214;54.239
2017-02-27;155.422;1.687;62.715;50.28
2017-02-28;155.033;1.702;63.604;51.084
2017-03-01;154.08;1.738;62.5;50.428
2017-03-02;153.498;1.76;57.996;46.957
2017-03-03;153.759;1.75;51.961;41.993
2017-03-06;152.998;1.779;57.225;46.396
2017-03-07;152.231;1.809;61.097;49.684
2017-03-08;150.917;1.861;63.632;51.962
2017-03-09;149.11;1.933;64.692;53.311
2017-03-10;148.908;1.941;61.575;50.724
2017-03-13;149.888;1.901;60.766;49.797
2017-03-14;150.17;1.89;63.596;52.029
2017-03-15;151.3;1.844;61.062;49.757
2017-03-16;149.775;1.905;65.01;53.29
2017-03-17;149.63;1.911;70.758;57.968
2017-03-20;149.19;1.928;71.065;58.363
2017-03-21;150.029;1.894;66.547;54.41
2017-03-22;151.447;1.837;65.226;52.996
2017-03-23;151.156;1.848;63.23;51.443
2017-03-24;152.717;1.787;58.905;47.623
2017-03-27;153.063;1.773;59.931;48.376
2017-03-28;153.194;1.767;60.362;48.717
2017-03-29;153.449;1.757;60.139;48.539
2017-03-30;152.813;1.782;63.567;51.455
2017-03-31;152.133;1.808;65.712;53.35
2017-04-03;152.39;1.798;68.462;55.456
2017-04-04;153.158;1.768;64.988;52.561
2017-04-05;153.192;1.766;64.46;52.109
2017-04-06;154.071;1.731;61.163;49.254
2017-04-07;154.171;1.727;64.266;51.667
2017-04-10;153.256;1.763;70.358;56.837
2017-04-11;152.575;1.789;74.379;60.195
2017-04-12;153.802;1.74;69.642;56.061
2017-04-13;154.314;1.72;69.982;56.189
2017-04-14;154.314;1.72;;
2017-04-17;154.314;1.72;70.364;56.518
2017-04-18;155.138;1.688;71.441;57.137
2017-04-19;155.673;1.667;65.08;51.932
2017-04-20;156.234;1.645;57.189;45.552
2017-04-21;155.784;1.662;55.58;44.363
2017-04-24;157.936;1.58;39.741;31.48
2017-04-25;155.922;1.657;42.117;33.652
2017-04-26;156.009;1.653;43.13;34.466
2017-04-27;157.246;1.605;42.196;33.543
2017-04-28;156.851;1.62;39.535;31.506
2017-05-01;156.851;1.62;40.185;31.986
2017-05-02;157.119;1.61;37.02;29.476
2017-05-03;157.159;1.608;38.164;30.417
2017-05-04;156.542;1.631;33.33;26.622
2017-05-05;156.227;1.642;33.923;27.122
2017-05-08;156.131;1.646;34.813;27.907
2017-05-09;155.134;1.684;38.124;30.621
2017-05-10;155.916;1.654;37.286;29.859
2017-05-11;154.892;1.693;41.752;33.557
2017-05-12;155.846;1.656;41.115;32.936
2017-05-15;154.575;1.704;43.255;34.846
2017-05-16;154.505;1.707;42.119;33.925
2017-05-17;156.186;1.642;39.055;31.263
2017-05-18;156.984;1.611;37.889;30.22
2017-05-19;156.844;1.616;35.117;28.045
2017-05-22;155.833;1.654;36.108;28.976
2017-05-23;155.909;1.651;33.391;26.79
2017-05-24;156.156;1.642;32.593;26.121
2017-05-25;157.234;1.6;30.92;24.645
2017-05-26;158.325;1.558;30.292;24.059
2017-05-29;158.774;1.541;28.92;22.933
2017-05-30;158.64;1.546;29.352;23.198
2017-05-31;158.505;1.551;27.973;22.26
2017-06-01;158.473;1.552;26.731;21.257
2017-06-02;159.003;1.532;25.288;20.067
2017-06-05;158.463;1.552;26.254;20.879
2017-06-06;159.798;1.501;23.156;18.303
2017-06-07;159.13;1.526;26.384;20.92
2017-06-08;160.55;1.473;21.788;17.194
2017-06-09;160.175;1.486;21.39;16.914
2017-06-12;161.666;1.431;15.823;12.463
2017-06-13;161.969;1.42;12.127;9.555
2017-06-14;163.222;1.374;12.158;9.618
2017-06-15;162.291;1.407;12.736;9.88
2017-06-16;161.867;1.422;14.321;11.151
2017-06-19;162.117;1.413;14.054;11.045
2017-06-20;163.033;1.379;13.211;10.348
2017-06-21;163.302;1.369;14.27;11.268
2017-06-22;163.264;1.37;17.587;13.736
2017-06-23;162.499;1.398;17.786;13.914
2017-06-26;162.867;1.384;16.521;12.919
2017-06-27;159.629;1.503;19.628;15.521
2017-06-28;160.401;1.474;17.469;13.813
2017-06-29;157.944;1.566;20.297;16.08
2017-06-30;157.505;1.582;20.632;16.462
2017-07-03;156.9;1.605;21.029;16.834
2017-07-04;156.612;1.616;18.386;14.75
2017-07-05;156.878;1.605;17.667;14.146
2017-07-06;154.802;1.685;21.294;17.194
2017-07-07;154.537;1.695;19.989;16.149
2017-07-10;155.348;1.663;20.549;16.554
2017-07-11;154.912;1.68;22.414;18.073
2017-07-12;156.122;1.633;20.306;16.345
2017-07-13;155.585;1.653;20.061;16.146
2017-07-14;156.253;1.627;17.759;14.249
2017-07-17;156.577;1.614;17.042;13.543
2017-07-18;157.394;1.583;15.024;12.016
2017-07-19;158.036;1.558;14.725;11.753
2017-07-20;158.364;1.545;10.811;8.752
2017-07-21;158.505;1.54;11.262;8.854
2017-07-24;158.577;1.537;10.803;8.624
2017-07-25;157.087;1.593;12.584;10.077
2017-07-26;157.074;1.594;12.851;10.292
2017-07-27;157.063;1.593;12.557;9.925
2017-07-28;157.162;1.589;10.134;8.143
2017-07-31;157.63;1.571;9.426;7.639
2017-08-01;159.301;1.508;8.663;6.889
2017-08-02;159.245;1.51;9.246;7.354
2017-08-03;160.086;1.478;8.568;6.815
2017-08-04;159.254;1.509;11.69;9.284
2017-08-07;159.458;1.501;11.121;8.818
2017-08-08;158.903;1.521;12.318;9.655
2017-08-09;160.086;1.477;11.397;8.989
2017-08-10;160.225;1.471;12.477;9.874
2017-08-11;161.199;1.435;11.023;8.693
2017-08-14;160.301;1.468;11.755;9.298
2017-08-15;159.557;1.495;13.129;10.393
2017-08-16;158.941;1.518;13.928;11.063
2017-08-17;159.323;1.503;14.831;11.756
2017-08-18;159.762;1.487;14.128;11.18
2017-08-21;159.926;1.48;14.264;11.286
2017-08-22;159.5;1.496;16.21;12.843
2017-08-23;160.008;1.477;15.47;12.247
2017-08-24;159.77;1.485;16.096;12.74
2017-08-25;159.501;1.495;16.273;12.885
2017-08-28;159.37;1.5;16.595;13.15
2017-08-29;160.58;1.454;15.301;12.09
2017-08-30;160.231;1.467;15.949;12.617
2017-08-31;160.417;1.459;14.858;11.744
2017-09-01;159.171;1.506;17.503;13.888
2017-09-04;159.138;1.507;18.7;14.834
2017-09-05;160.032;1.473;18.217;14.413
2017-09-06;159.866;1.479;17.844;14.125
2017-09-07;160.532;1.453;15.64;12.359
2017-09-08;160.219;1.465;15.553;12.316
2017-09-11;159.729;1.483;15.414;12.218
2017-09-12;157.807;1.555;17.03;13.615
2017-09-13;158.362;1.534;15.991;12.756
2017-09-14;158.1;1.543;15.56;12.428
2017-09-15;158.156;1.541;13.109;10.46
2017-09-18;157.479;1.567;13.676;10.945
2017-09-19;157.843;1.553;13.004;10.404
2017-09-20;157.972;1.547;14.605;11.663
2017-09-21;157.901;1.55;13.635;10.893
2017-09-22;158.163;1.539;12.994;10.371
2017-09-25;158.802;1.515;13.029;10.362
2017-09-26;158.644;1.521;13.244;10.544
2017-09-27;157.08;1.58;14.576;11.676
2017-09-28;156.871;1.587;13.263;10.628
2017-09-29;157.661;1.557;11.421;9.137
2017-10-02;157.798;1.552;11.635;9.304
2017-10-03;157.412;1.566;11.343;9.084
2017-10-04;157.539;1.561;11.994;9.605
2017-10-05;157.825;1.549;11.215;8.971
2017-10-06;157.9;1.546;9.726;7.779
2017-10-09;158.418;1.526;9.795;7.814
2017-10-10;158.423;1.526;9.829;7.841
2017-10-11;157.974;1.543;9.642;7.715
2017-10-12;158.332;1.529;9.621;7.684
2017-10-13;159.308;1.491;7.182;5.705
2017-10-16;160.02;1.464;8.07;6.405
2017-10-17;160.342;1.452;7.711;6.114
2017-10-18;159.558;1.481;9.269;7.353
2017-10-19;159.34;1.489;9.982;7.917
2017-10-20;157.804;1.547;10.744;8.594
2017-10-23;158.443;1.522;11.021;8.783
2017-10-24;157.546;1.556;10.963;8.776
2017-10-25;157.488;1.558;9.408;7.538
2017-10-26;158.679;1.512;8.605;6.857
2017-10-27;159.045;1.498;7.09;5.641
2017-10-30;159.99;1.462;5.848;4.66
2017-10-31;160.658;1.437;4.404;3.506
2017-11-01;160.37;1.448;4.141;3.305
2017-11-02;160.388;1.446;4.429;3.533
2017-11-03;160.515;1.441;4.849;3.86
2017-11-06;161.149;1.417;4.905;3.886
2017-11-07;162.084;1.383;0.725;0.592
2017-11-08;161.886;1.39;1.246;0.999
2017-11-09;160.349;1.446;3.003;2.408
2017-11-10;159.423;1.481;3.491;2.794
2017-11-13;159.349;1.484;3.214;2.572
2017-11-14;159.854;1.464;3.308;2.652
2017-11-15;160.641;1.434;2.156;1.735
2017-11-16;160.638;1.434;2.402;1.925
2017-11-17;161.184;1.413;1.679;1.341
2017-11-20;161.724;1.393;-0.829;-0.639
2017-11-21;162.942;1.348;-2.884;-2.221
2017-11-22;163.54;1.325;-3.935;-3.038
2017-11-23;163.216;1.337;-1.33;-1.014
2017-11-24;162.577;1.36;-0.009;0.02
2017-11-27;163.122;1.34;-0.756;-0.556
2017-11-28;163.054;1.342;-1.281;-0.963
2017-11-29;162.052;1.379;-0.8;-0.597
2017-11-30;162.837;1.349;-1.953;-1.49
2017-12-01;164.906;1.273;-4.967;-3.818
2017-12-04;163.505;1.324;-1.459;-1.111
2017-12-05;164.284;1.295;-1.676;-1.289
2017-12-06;164.835;1.275;-1.687;-1.279
2017-12-07;164.652;1.281;-4.194;-3.229
2017-12-08;164.1;1.301;-2.964;-2.294
2017-12-11;164.515;1.285;-2.511;-1.928
2017-12-12;163.904;1.308;-2.593;-1.998
2017-12-13;163.333;1.328;0.275;0.245
2017-12-14;163.959;1.305;0.069;0.057
2017-12-15;164.69;1.278;-0.887;-0.667
2017-12-18;164.745;1.275;-2.821;-2.164
2017-12-19;162.355;1.363;0.777;0.64
2017-12-20;161.579;1.392;1.242;0.985
2017-12-21;161.595;1.39;1.019;0.805
2017-12-22;161.492;1.393;0.168;0.145
2017-12-25;161.492;1.393;0.358;0.289
2017-12-26;161.492;1.393;0.347;0.29
2017-12-27;161.926;1.377;3.017;2.373
2017-12-28;160.553;1.427;6.254;4.931
2017-12-29;159.748;1.458;9.18;7.254
2018-01-01;159.748;1.458;9.238;7.302
2018-01-02;158.568;1.502;10.078;7.99
2018-01-03;159.572;1.464;8.932;7.07
2018-01-04;160.042;1.445;8.504;6.719
2018-01-05;159.755;1.456;8.526;6.746
2018-01-08;159.832;1.453;9.276;7.334
2018-01-09;158.85;1.49;8.741;6.938
2018-01-10;159.012;1.484;6.388;5.064
2018-01-11;158.437;1.505;7.078;5.604
2018-01-12;159.01;1.483;5.258;4.182
2018-01-15;158.589;1.499;6.082;4.819
2018-01-16;159.537;1.462;5.847;4.621
2018-01-17;159.59;1.46;6.082;4.839
2018-01-18;159.115;1.477;6.105;4.827
2018-01-19;158.999;1.482;4.059;3.227
2018-01-22;159.122;1.477;3.658;2.904
2018-01-23;159.223;1.473;4.013;3.187
2018-01-24;158.694;1.493;3.853;3.054
2018-01-25;158.851;1.486;4.633;3.667
2018-01-26;158.868;1.485;6.48;5.112
2018-01-29;157.504;1.537;5.423;4.332
2018-01-30;157.521;1.536;5.341;4.257
2018-01-31;157.949;1.52;5.303;4.208
2018-02-01;157.645;1.531;2.464;1.996
2018-02-02;156.914;1.559;0.7;0.595
2018-02-05;157.125;1.55;1.141;0.935
2018-02-06;158.069;1.514;1.964;1.579
2018-02-07;157.847;1.522;-0.567;-0.415
2018-02-08;157.889;1.52;-2.38;-1.852
2018-02-09;158.243;1.506;-5.043;-3.958
2018-02-12;158.001;1.515;-7.481;-5.874
2018-02-13;157.015;1.553;-4.072;-3.183
2018-02-14;156.866;1.559;-4.415;-3.464
2018-02-15;156.728;1.563;-4.75;-3.741
2018-02-16;157.694;1.526;-4.86;-3.815
2018-02-19;156.479;1.573;-2.948;-2.315
2018-02-20;156.034;1.59;-1.236;-0.963
2018-02-21;156.444;1.573;-0.217;-0.137
2018-02-22;156.755;1.561;-2.262;-1.757
2018-02-23;157.987;1.513;-2.785;-2.17
2018-02-26;158.274;1.501;-3.382;-2.643
2018-02-27;157.916;1.515;-2.949;-2.304
2018-02-28;158.782;1.482;-5.382;-4.211
2018-03-01;158.866;1.478;-5.21;-4.072
2018-03-02;158.393;1.496;-3.426;-2.689
2018-03-05;158.598;1.487;-4.465;-3.494
2018-03-06;158.149;1.505;-4.131;-3.246
2018-03-07;159.024;1.471;-5.062;-3.948
2018-03-08;159.801;1.44;-6.728;-5.243
2018-03-09;158.883;1.475;-4.117;-3.217
2018-03-12;159.376;1.456;-5.419;-4.222
2018-03-13;159.407;1.455;-4.888;-3.802
2018-03-14;159.952;1.434;-5.198;-4.037
2018-03-15;160.473;1.413;-4.807;-3.745
2018-03-16;160.694;1.405;-5.419;-4.227
2018-03-19;160.793;1.401;-5.505;-4.289
2018-03-20;160.923;1.396;-7.207;-5.61
2018-03-21;160.916;1.396;-8.223;-6.403
2018-03-22;162.395;1.339;-10.06;-7.772
2018-03-23;162.614;1.331;-11.722;-9.058
2018-03-26;162.564;1.333;-10.972;-8.476
2018-03-27;163.139;1.311;-10.977;-8.471
2018-03-28;163.013;1.315;-10.266;-7.927
2018-03-29;162.98;1.316;-11.332;-8.76
2018-03-30;162.98;1.316;-11.127;-8.601
2018-04-02;162.98;1.316;-11.127;-8.601
2018-04-03;162.644;1.328;-7.817;-6.034
2018-04-04;162.904;1.318;-8.538;-6.591
2018-04-05;161.877;1.356;-7.242;-5.605
2018-04-06;162.388;1.336;-7.3;-5.642
2018-04-09;162.402;1.335;-7.532;-5.822
2018-04-10;162.156;1.344;-5.223;-4.024
2018-04-11;162.55;1.329;-5.711;-4.403
2018-04-12;161.849;1.355;-5.415;-4.186
2018-04-13;162.176;1.342;-6.823;-5.274
2018-04-16;161.885;1.353;-6.938;-5.371
2018-04-17;162.507;1.33;-7.624;-5.893
2018-04-18;162.311;1.337;-7.339;-5.67
2018-04-19;160.627;1.399;-5.688;-4.436
2018-04-20;160.662;1.398;-6.936;-5.412
2018-04-23;159.81;1.43;-6.729;-5.247
2018-04-24;159.965;1.424;-7.197;-5.613
2018-04-25;159.767;1.431;-6.755;-5.268
2018-04-26;160.651;1.397;-6.96;-5.432
2018-04-27;161.062;1.381;-7.6;-5.911
2018-04-30;161.079;1.38;-7.315;-5.691
2018-05-01;161.079;1.38;-7.576;-5.891
2018-05-02;160.55;1.4;-6.963;-5.443
2018-05-03;161.245;1.373;-6.153;-4.778
2018-05-04;160.611;1.397;-3.596;-2.806
2018-05-07;161.109;1.377;-3.863;-2.992
2018-05-08;160.046;1.418;-3.028;-2.354
2018-05-09;160.383;1.405;-4.817;-3.767
2018-05-10;160.319;1.406;-4.606;-3.586
2018-05-11;160.674;1.393;-7.126;-5.555
2018-05-14;159.62;1.432;-5.841;-4.549
2018-05-15;158.899;1.46;-6.706;-5.246
2018-05-16;159.129;1.451;-6.878;-5.375
2018-05-17;158.275;1.483;-7.157;-5.632
2018-05-18;159.156;1.449;-6.764;-5.286
2018-05-21;159.289;1.444;-3.369;-2.61
2018-05-22;158.796;1.462;-4.116;-3.208
2018-05-23;158.703;1.466;-0.604;-0.434
2018-05-24;160.019;1.414;-2.679;-2.078
2018-05-25;160.765;1.386;-2.171;-1.664
2018-05-28;161.106;1.373;0.644;0.549
2018-05-29;161.747;1.348;-0.224;-0.112
2018-05-30;161.307;1.364;-5.263;-4.045
2018-05-31;162.466;1.32;-5.759;-4.433
2018-06-01;161.514;1.356;-4.258;-3.277
2018-06-04;161.155;1.369;-5.653;-4.39
2018-06-05;161.267;1.365;-4.852;-3.745
2018-06-06;159.231;1.442;-1.659;-1.26
2018-06-07;158.708;1.462;-1.655;-1.265
2018-06-08;158.945;1.452;-0.138;-0.064
2018-06-11;158.142;1.483;2.222;1.786
2018-06-12;158.505;1.469;1.697;1.389
2018-06-13;159.291;1.438;-1.2;-0.902
2018-06-14;160.364;1.396;-4.831;-3.793
2018-06-15;160.82;1.379;-4.83;-3.773
2018-06-18;160.553;1.389;-3.232;-2.529
2018-06-19;161.165;1.365;-1.579;-1.213
2018-06-20;160.802;1.379;-2.119;-1.636
2018-06-21;160.643;1.384;-0.91;-0.685
2018-06-22;160.259;1.398;0.515;0.416
2018-06-25;160.085;1.405;1.621;1.289
2018-06-26;159.479;1.428;3.207;2.564
2018-06-27;160.695;1.381;1.137;0.918
2018-06-28;161.207;1.361;0.293;0.258
2018-06-29;163.32;1.281;-7.952;-6.146
2018-07-02;163.86;1.261;-12.362;-9.55
2018-07-03;164.437;1.239;-13.866;-10.688
2018-07-04;164.111;1.251;-12.665;-9.773
2018-07-05;164.212;1.246;-11.755;-9.061
2018-07-06;163.887;1.258;-10.951;-8.453
2018-07-09;163.437;1.275;-8.942;-6.917
2018-07-10;163.043;1.289;-9.472;-7.354
2018-07-11;163.322;1.278;-10.531;-8.159
2018-07-12;163.574;1.268;-11.427;-8.841
2018-07-13;164.031;1.251;-13.103;-10.126
2018-07-16;163.219;1.281;-10.97;-8.507
2018-07-17;163.738;1.261;-11.924;-9.222
2018-07-18;163.469;1.271;-10.276;-7.956
2018-07-19;163.485;1.27;-9.861;-7.629
2018-07-20;162.224;1.317;-7.068;-5.495
2018-07-23;161.384;1.349;-5.977;-4.649
2018-07-24;161.862;1.33;-6.447;-5.012
2018-07-25;162.182;1.318;-6.742;-5.234
2018-07-26;161.964;1.325;-7.978;-6.201
2018-07-27;161.755;1.333;-7.438;-5.786
2018-07-30;160.69;1.373;-6.133;-4.784
2018-07-31;161.31;1.349;-8.251;-6.428
2018-08-01;160.142;1.394;-5.001;-3.918
2018-08-02;160.017;1.398;-3.811;-2.986
2018-08-03;160.977;1.361;-4.619;-3.578
2018-08-06;161.671;1.334;-6.383;-4.945
2018-08-07;161.539;1.339;-7.75;-6.016
2018-08-08;161.33;1.347;-7.351;-5.71
2018-08-09;161.545;1.338;-7.274;-5.644
2018-08-10;162.733;1.293;-7.683;-5.95
2018-08-13;162.322;1.308;-5.636;-4.368
2018-08-14;162.218;1.312;-6.141;-4.767
2018-08-15;162.447;1.303;-5.037;-3.911
2018-08-16;162.262;1.309;-5.257;-4.086
2018-08-17;162.502;1.3;-4.846;-3.762
2018-08-20;162.703;1.292;-5.874;-4.561
2018-08-21;162.346;1.305;-6.417;-4.989
2018-08-22;162.104;1.314;-4.822;-3.745
2018-08-23;162.209;1.309;-5.732;-4.455
2018-08-24;161.993;1.317;-5.06;-3.928
2018-08-27;161.299;1.343;-4.288;-3.319
2018-08-28;161.011;1.354;-2.979;-2.303
2018-08-29;160.559;1.371;-3.171;-2.468
2018-08-30;161.536;1.333;-3.986;-3.075
2018-08-31;161.818;1.322;-3.534;-2.728
2018-09-03;161.437;1.336;-2.638;-2.031
2018-09-04;161.59;1.33;-4.429;-3.428
2018-09-05;161.037;1.351;-3.504;-2.7
2018-09-06;161.514;1.332;-4.592;-3.564
2018-09-07;160.997;1.352;-4.898;-3.798
2018-09-10;161.077;1.348;-6.797;-5.289
2018-09-11;160.46;1.372;-6.588;-5.145
2018-09-12;160.909;1.354;-7.056;-5.489
2018-09-13;160.583;1.366;-6.11;-4.765
2018-09-14;159.711;1.399;-3.949;-3.1
2018-09-17;159.832;1.395;-4.239;-3.325
2018-09-18;159.445;1.409;-4.176;-3.273
2018-09-19;159.062;1.424;-4.326;-3.38
2018-09-20;159.293;1.414;-5.178;-4.057
2018-09-21;159.455;1.408;-4.839;-3.8
2018-09-24;158.7;1.437;-2.914;-2.269
2018-09-25;158.215;1.456;-4.212;-3.297
2018-09-26;158.538;1.443;-3.891;-3.03
2018-09-27;158.754;1.434;-3.608;-2.813
2018-09-28;159.464;1.406;-3.707;-2.899
2018-10-01;158.633;1.438;-2.375;-1.834
2018-10-02;159.543;1.402;-3.748;-2.932
2018-10-03;159.01;1.423;-3.774;-2.943
2018-10-04;158.201;1.453;-4.379;-3.423
2018-10-05;157.349;1.487;-5.14;-4.057
2018-10-08;157.719;1.472;-4.456;-3.498
2018-10-09;157.546;1.479;-4.924;-3.874
2018-10-10;157.371;1.485;-4.27;-3.361
2018-10-11;157.657;1.473;-3.482;-2.728
2018-10-12;157.865;1.465;-3.518;-2.754
2018-10-15;157.711;1.471;-3.691;-2.896
2018-10-16;158.315;1.447;-4.599;-3.602
2018-10-17;158.798;1.428;-3.97;-3.106
2018-10-18;159.008;1.419;-3.673;-2.873
2018-10-19;158.315;1.445;-2.468;-1.917
2018-10-22;158.854;1.424;-3.418;-2.668
2018-10-23;159.75;1.389;-3.863;-3.018
2018-10-24;159.836;1.385;-5.156;-4.032
2018-10-25;159.771;1.387;-5.466;-4.275
2018-10-26;160.455;1.361;-3.486;-2.7
2018-10-29;160.216;1.37;-5.319;-4.145
2018-10-30;160.36;1.364;-4.934;-3.838
2018-10-31;160.346;1.364;-5.951;-4.634
2018-11-01;160.021;1.376;-5.456;-4.26
2018-11-02;159.469;1.397;-3.968;-3.112
2018-11-05;159.354;1.401;-2.743;-2.152
2018-11-06;159.033;1.414;-2.021;-1.575
2018-11-07;158.762;1.424;-1.872;-1.452
2018-11-08;158.472;1.435;-1.443;-1.11
2018-11-09;159.105;1.41;-0.931;-0.716
2018-11-12;158.939;1.416;0.055;0.07
2018-11-13;158.725;1.424;0.609;0.511
2018-11-14;158.647;1.427;1.569;1.275
2018-11-15;158.932;1.415;2.254;1.802
2018-11-16;158.669;1.425;3.16;2.529
2018-11-19;158.159;1.445;5.318;4.249
2018-11-20;158.809;1.419;5.104;4.056
2018-11-21;158.752;1.421;3.984;3.177
2018-11-22;158.99;1.411;3.591;2.853
2018-11-23;159.719;1.382;2.881;2.298
2018-11-26;159.27;1.4;3.471;2.743
2018-11-27;159.214;1.401;3.561;2.818
2018-11-28;159.07;1.407;4.15;3.289
2018-11-29;159.513;1.389;4.546;3.599
2018-11-30;160.088;1.366;2.094;1.676
2018-12-03;159.786;1.378;4.077;3.227
2018-12-04;161.041;1.329;2.752;2.178
2018-12-05;160.646;1.344;1.873;1.497
2018-12-06;161.146;1.324;2.308;1.822
2018-12-07;160.506;1.348;4.717;3.722
2018-12-10;160.832;1.336;4.593;3.614
2018-12-11;160.257;1.358;6.406;5.053
2018-12-12;160.157;1.361;4.945;3.902
2018-12-13;159.767;1.376;5.5;4.34
2018-12-14;159.841;1.372;6.624;5.22
2018-12-17;159.311;1.393;8.484;6.688
2018-12-18;160.038;1.364;7.819;6.161
2018-12-19;160.092;1.362;9.272;7.304
2018-12-20;160.893;1.33;8.427;6.607
2018-12-21;160.323;1.352;7.598;5.982
2018-12-24;160.323;1.351;7.82;6.133
2018-12-25;160.323;1.351;7.797;6.132
2018-12-26;160.323;1.351;7.819;6.132
2018-12-27;160.305;1.351;9.539;7.508
2018-12-28;160.039;1.361;11.312;8.909
2018-12-31;160.039;1.361;11.344;8.941
2019-01-01;160.039;1.361;11.347;8.941
2019-01-02;161.049;1.321;14.175;11.115
2019-01-03;160.829;1.329;14.967;11.758
2019-01-04;159.899;1.365;13.415;10.58
2019-01-07;159.165;1.394;15.843;12.506
2019-01-08;159.079;1.397;14.827;11.699
2019-01-09;159.566;1.377;10.818;8.538
2019-01-10;160.295;1.348;7.66;6.042
2019-01-11;160.432;1.343;7.781;6.134
2019-01-14;160.866;1.326;6.479;5.095
2019-01-15;161.153;1.314;6.284;4.926
2019-01-16;160.823;1.327;7.267;5.712
2019-01-17;160.776;1.328;7.329;5.762
2019-01-18;160.306;1.346;7.536;5.936
2019-01-21;160.392;1.342;7.986;6.296
2019-01-22;160.842;1.325;8.35;6.561
2019-01-23;161.217;1.31;9.489;7.443
2019-01-24;162.238;1.27;9.247;7.231
2019-01-25;162.302;1.267;10.108;7.892
2019-01-28;161.824;1.285;10.761;8.419
2019-01-29;161.621;1.293;13.183;10.31
2019-01-30;162.027;1.277;13.821;10.803
2019-01-31;162.821;1.246;15.958;12.428
2019-02-01;162.2;1.269;13.353;10.434
2019-02-04;162.205;1.269;12.617;9.857
2019-02-05;162.224;1.268;13.321;10.405
2019-02-06;162.361;1.262;14.065;10.986
2019-02-07;162.659;1.25;16.005;12.487
2019-02-08;162.631;1.251;20.21;15.759
2019-02-11;162.07;1.272;19.686;15.384
2019-02-12;161.963;1.276;18.646;14.572
2019-02-13;162.203;1.267;17.568;13.721
2019-02-14;162.52;1.254;17.988;14.026
2019-02-15;162.359;1.26;18.306;14.287
2019-02-18;162.015;1.272;18.109;14.155
2019-02-19;162.494;1.254;17.177;13.411
2019-02-20;162.855;1.24;18.158;14.138
2019-02-21;162.558;1.25;16.354;12.759
2019-02-22;162.961;1.235;17.542;13.664
2019-02-25;162.717;1.244;16.954;13.227
2019-02-26;162.519;1.251;17.09;13.339
2019-02-27;162.135;1.266;15.342;11.989
2019-02-28;161.655;1.283;13.645;10.68
2019-03-01;161.396;1.293;14.175;11.107
2019-03-04;161.765;1.279;14.725;11.53
2019-03-05;161.784;1.278;14.473;11.334
2019-03-06;162.618;1.245;14.3;11.168
2019-03-07;163.904;1.195;16.484;12.786
2019-03-08;164.812;1.161;16.908;13.081
2019-03-11;164.414;1.176;17.057;13.213
2019-03-12;164.113;1.187;18.198;14.106
2019-03-13;164.055;1.189;17.215;13.355
2019-03-14;164.288;1.179;14.575;11.302
2019-03-15;164.657;1.165;12.638;9.796
2019-03-18;164.979;1.152;13.071;10.119
2019-03-19;165.089;1.148;10.503;8.126
2019-03-20;165.123;1.146;12.085;9.346
2019-03-21;166.79;1.083;9.488;7.274
2019-03-22;168.772;1.01;8.79;6.676
2019-03-25;169.0;1.001;10.802;8.191
2019-03-26;168.871;1.006;11.22;8.519
2019-03-27;170.041;0.963;12.234;9.27
2019-03-28;169.598;0.978;10.253;7.787
2019-03-29;168.998;1.0;9.133;6.94
2019-04-01;167.309;1.062;12.857;9.861
2019-04-02;167.872;1.04;12.421;9.511
2019-04-03;166.479;1.092;11.322;8.705
2019-04-04;167.71;1.045;9.002;6.901
2019-04-05;168.213;1.026;5.633;4.315
2019-04-08;168.247;1.025;6.013;4.603
2019-04-09;168.685;1.009;4.957;3.783
2019-04-10;168.791;1.004;7.119;5.424
2019-04-11;168.617;1.01;6.287;4.8
2019-04-12;166.885;1.074;7.295;5.617
2019-04-15;166.045;1.105;10.168;7.832
2019-04-16;165.721;1.117;9.989;7.715
2019-04-17;165.7;1.116;8.953;6.917
2019-04-18;166.981;1.068;9.577;7.37
2019-04-19;166.981;1.068;9.579;7.371
2019-04-22;166.981;1.068;9.579;7.371
2019-04-23;166.291;1.093;11.326;8.715
2019-04-24;167.671;1.042;11.586;8.886
2019-04-25;166.785;1.074;13.497;10.378
2019-04-26;167.442;1.049;11.991;9.2
2019-04-29;167.121;1.061;12.066;9.271
2019-04-30;167.401;1.05;10.162;7.804
2019-05-01;167.401;1.05;10.024;7.699
2019-05-02;167.029;1.063;10.114;7.78
2019-05-03;167.328;1.051;8.333;6.408
2019-05-06;167.565;1.042;9.63;7.39
2019-05-07;168.027;1.025;11.819;9.043
2019-05-08;168.093;1.022;12.033;9.201
2019-05-09;167.806;1.032;12.965;9.931
2019-05-10;167.634;1.038;12.994;9.965
2019-05-13;168.177;1.018;14.836;11.326
2019-05-14;168.34;1.011;15.295;11.671
2019-05-15;169.137;0.982;14.549;11.074
2019-05-16;169.295;0.975;11.729;8.936
2019-05-17;169.375;0.972;12.392;9.443
2019-05-20;168.601;1.0;13.841;10.557
2019-05-21;167.82;1.029;15.646;11.993
2019-05-22;168.248;1.013;15.314;11.707
2019-05-23;168.652;0.997;17.2;13.12
2019-05-24;168.859;0.989;15.686;11.966
2019-05-27;169.541;0.964;16.628;12.655
2019-05-28;169.708;0.957;17.733;13.485
2019-05-29;170.641;0.923;16.116;12.215
2019-05-30;170.312;0.934;16.304;12.379
2019-05-31;171.3;0.898;15.843;11.965
2019-06-03;171.91;0.875;15.383;11.612
2019-06-04;172.762;0.845;14.801;11.14
2019-06-05;173.491;0.818;13.909;10.431
2019-06-06;174.975;0.765;9.873;7.395
2019-06-07;176.549;0.709;5.769;4.294
2019-06-10;174.278;0.789;7.765;5.83
2019-06-11;175.018;0.762;6.736;5.073
2019-06-12;175.302;0.752;5.761;4.333
2019-06-13;175.391;0.748;6.882;5.161
2019-06-14;176.454;0.71;5.988;4.46
2019-06-17;175.738;0.735;7.241;5.428
2019-06-18;178.642;0.634;1.945;1.469
2019-06-19;177.637;0.668;3.997;3.025
2019-06-20;179.23;0.612;-0.235;-0.101
2019-06-21;177.998;0.654;0.8;0.69
2019-06-24;178.804;0.626;0.941;0.78
2019-06-25;179.706;0.595;0.112;0.159
2019-06-26;179.105;0.615;-0.074;0.023
2019-06-27;179.563;0.599;0.573;0.477
2019-06-28;179.399;0.604;1.279;0.99
2019-07-01;180.352;0.571;-1.402;-0.956
2019-07-02;180.3;0.573;-1.356;-0.91
2019-07-03;182.676;0.492;-4.776;-3.378
2019-07-04;183.707;0.457;-4.426;-3.094
2019-07-05;182.598;0.493;-4.17;-2.922
2019-07-08;181.742;0.522;1.658;1.294
2019-07-09;180.995;0.547;0.819;0.69
2019-07-10;179.728;0.59;1.482;1.146
2019-07-11;178.218;0.641;-0.939;-0.589
2019-07-12;176.67;0.694;4.093;3.107
2019-07-15;178.313;0.637;3.298;2.504
2019-07-16;178.626;0.626;3.545;2.695
2019-07-17;179.955;0.58;3.349;2.532
2019-07-18;180.531;0.559;1.422;1.127
2019-07-19;180.703;0.553;1.84;1.427
2019-07-22;180.923;0.545;3.057;2.32
2019-07-23;180.908;0.545;3.513;2.651
2019-07-24;181.838;0.513;5.121;3.79
2019-07-25;181.442;0.526;5.435;4.044
2019-07-26;182.151;0.502;5.017;3.687
2019-07-29;182.968;0.474;3.099;2.297
2019-07-30;183.244;0.464;2.492;1.862
2019-07-31;184.91;0.408;1.666;1.235
2019-08-01;185.517;0.387;3.532;2.587
2019-08-02;187.973;0.307;4.957;3.553
2019-08-05;187.851;0.31;7.146;5.113
2019-08-06;188.77;0.28;4.781;3.437
2019-08-07;190.827;0.214;2.973;2.146
2019-08-08;188.986;0.272;4.878;3.512
2019-08-09;188.523;0.286;9.497;6.781
2019-08-12;189.057;0.269;9.558;6.823
2019-08-13;190.757;0.214;6.684;4.754
2019-08-14;192.85;0.147;9.391;6.611
2019-08-15;195.502;0.064;16.593;11.48
2019-08-16;194.579;0.092;20.627;14.342
2019-08-19;191.85;0.177;18.647;13.11
2019-08-20;193.1;0.137;16.038;11.232
2019-08-21;192.907;0.143;11.798;8.305
2019-08-22;191.392;0.19;12.492;8.823
2019-08-23;191.6;0.183;13.483;9.477
2019-08-26;191.933;0.172;11.887;8.383
2019-08-27;193.75;0.114;15.249;10.63
2019-08-28;195.3;0.066;15.753;10.926
2019-08-29;194.231;0.098;15.296;10.629
2019-08-30;193.481;0.121;17.014;11.859
2019-09-02;192.814;0.142;17.949;12.557
2019-09-03;193.266;0.127;18.924;13.227
2019-09-04;192.456;0.152;15.8;11.078
2019-09-05;188.617;0.274;13.112;9.348
2019-09-06;190.841;0.202;14.036;9.881
2019-09-09;187.745;0.302;20.698;14.686
2019-09-10;186.146;0.354;21.497;15.381
2019-09-11;186.921;0.328;16.91;12.047
2019-09-12;186.82;0.33;12.087;8.715
2019-09-13;184.379;0.41;7.777;5.659
2019-09-16;185.612;0.369;9.364;6.751
2019-09-17;184.84;0.394;16.807;12.081
2019-09-18;186.932;0.325;14.136;10.103
2019-09-19;186.939;0.324;15.289;10.915
2019-09-20;187.27;0.313;16.679;11.86
2019-09-23;189.764;0.231;16.197;11.426
2019-09-24;190.538;0.206;19.139;13.422
2019-09-25;189.969;0.224;15.718;11.068
2019-09-26;190.915;0.193;11.691;8.199
2019-09-27;190.285;0.212;12.445;8.753
2019-09-30;189.764;0.229;12.774;9.022
2019-10-01;189.057;0.251;14.52;10.274
2019-10-02;188.322;0.275;15.557;11.014
2019-10-03;189.65;0.231;14.884;10.502
2019-10-04;189.187;0.245;16.071;11.355
2019-10-07;188.84;0.256;15.702;11.11
2019-10-08;189.382;0.238;14.438;10.196
2019-10-09;188.085;0.28;13.171;9.341
2019-10-10;185.954;0.349;12.852;9.178
2019-10-11;185.167;0.375;10.549;7.563
2019-10-14;185.813;0.353;10.308;7.378
2019-10-15;185.033;0.378;7.712;5.541
2019-10-16;184.329;0.402;6.271;4.506
2019-10-17;184.938;0.38;7.86;5.638
2019-10-18;183.778;0.419;7.696;5.543
2019-10-21;182.597;0.458;6.933;5.026
2019-10-22;183.412;0.43;9.604;6.918
2019-10-23;184.46;0.395;12.093;8.65
2019-10-24;184.572;0.39;10.71;7.659
2019-10-25;182.99;0.443;8.542;6.166
2019-10-28;181.936;0.478;9.75;7.047
2019-10-29;182.734;0.451;8.314;5.996
2019-10-30;182.827;0.447;6.64;4.783
2019-10-31;184.214;0.4;7.193;5.126
2019-11-01;182.817;0.446;10.399;7.505
2019-11-04;181.862;0.478;8.663;6.262
2019-11-05;181.312;0.497;7.452;5.384
2019-11-06;182.125;0.469;7.547;5.45
2019-11-07;179.437;0.56;6.951;5.058
2019-11-08;180.737;0.515;5.09;3.661
2019-11-11;179.649;0.552;7.955;5.79
2019-11-12;179.799;0.546;9.782;7.108
2019-11-13;180.958;0.506;10.677;7.719
2019-11-14;181.929;0.472;12.403;8.937
2019-11-15;181.709;0.479;11.21;8.087
2019-11-18;181.995;0.469;9.309;6.721
2019-11-19;181.907;0.472;10.051;7.251
2019-11-20;182.08;0.465;10.107;7.293
2019-11-21;181.422;0.487;10.95;7.915
2019-11-22;182.241;0.459;11.704;8.437
2019-11-25;182.021;0.466;10.23;7.383
2019-11-26;182.603;0.446;9.876;7.121
2019-11-27;182.782;0.439;11.224;8.09
2019-11-28;182.505;0.448;10.732;7.749
2019-11-29;182.745;0.439;9.41;6.788
2019-12-02;180.334;0.521;10.404;7.561
2019-12-03;182.459;0.448;10.482;7.545
2019-12-04;181.185;0.491;10.037;7.247
2019-12-05;180.476;0.515;12.398;8.983
2019-12-06;179.996;0.531;12.644;9.176
2019-12-09;180.416;0.516;12.681;9.186
2019-12-10;180.17;0.524;12.315;8.936
2019-12-11;180.784;0.503;12.817;9.275
2019-12-12;179.468;0.547;13.342;9.734
2019-12-13;180.591;0.508;12.34;8.941
2019-12-16;180.109;0.524;11.504;8.368
2019-12-17;180.592;0.507;11.303;8.199
2019-12-18;179.111;0.558;11.78;8.618
2019-12-19;178.698;0.572;11.957;8.746
2019-12-20;179.01;0.561;12.106;8.83
2019-12-23;178.588;0.574;11.199;8.196
2019-12-24;178.588;0.573;11.131;8.138
2019-12-25;178.588;0.573;11.134;8.141
2019-12-26;178.588;0.573;11.129;8.138
2019-12-27;178.76;0.567;11.354;8.289
2019-12-30;176.723;0.638;12.905;9.484
2020-01-01;176.723;0.638;12.487;9.177
2020-01-02;177.714;0.602;14.373;10.498
2020-01-03;179.083;0.553;14.914;10.864
2020-01-06;179.075;0.553;16.058;11.7
2020-01-07;178.976;0.556;16.602;12.097
2020-01-08;177.96;0.592;15.227;11.139
2020-01-09;177.601;0.603;14.203;10.395
2020-01-10;178.305;0.578;12.664;9.267
2020-01-13;176.614;0.638;14.103;10.374
2020-01-14;177.115;0.62;13.498;9.91
2020-01-15;178.081;0.585;11.624;8.506
2020-01-16;178.267;0.578;13.147;9.614
2020-01-17;178.174;0.581;13.599;9.95
2020-01-20;178.394;0.572;12.908;9.448
2020-01-21;179.433;0.536;12.478;9.105
2020-01-22;179.765;0.524;12.533;9.114
2020-01-23;181.251;0.471;11.302;8.173
2020-01-24;181.71;0.455;13.424;9.691
2020-01-27;183.433;0.396;13.969;10.02
2020-01-28;182.433;0.43;12.287;8.85
2020-01-29;183.683;0.387;10.092;7.225
2020-01-30;184.348;0.363;10.645;7.616
2020-01-31;185.192;0.335;11.518;8.209
2020-02-03;185.171;0.335;12.694;9.054
2020-02-04;183.929;0.376;12.485;8.943
2020-02-05;182.804;0.414;11.073;7.975
2020-02-06;183.021;0.406;11.275;8.105
2020-02-07;183.747;0.381;11.224;8.047
2020-02-10;184.685;0.349;11.64;8.337
2020-02-11;183.894;0.375;11.88;8.527
2020-02-12;183.98;0.372;10.297;7.409
2020-02-13;184.075;0.368;12.692;9.111
2020-02-14;184.441;0.355;13.058;9.367
2020-02-17;184.583;0.35;12.368;8.862
2020-02-18;184.645;0.347;13.962;10.006
2020-02-19;185.284;0.325;13.41;9.583
2020-02-20;186.66;0.278;14.029;9.97
2020-02-21;186.845;0.272;11.873;8.429
2020-02-24;187.686;0.244;14.585;10.312
2020-02-25;188.305;0.223;13.957;9.831
2020-02-26;187.537;0.248;13.229;9.375
2020-02-27;188.242;0.223;13.369;9.433
2020-02-28;189.875;0.169;13.967;9.79
2020-03-02;190.393;0.152;14.229;9.939
2020-03-03;191.092;0.129;11.108;7.754
2020-03-04;190.892;0.135;11.435;7.988
2020-03-05;191.549;0.113;10.852;7.608
2020-03-06;192.336;0.087;15.586;10.866
2020-03-09;194.827;0.007;23.42;16.088
2020-03-10;192.881;0.069;30.32;20.946
2020-03-11;193.706;0.042;25.816;17.715
2020-03-12;186.939;0.261;59.974;42.16
2020-03-13;182.844;0.399;55.554;39.519
2020-03-16;179.141;0.527;70.943;50.948
2020-03-17;178.119;0.563;76.249;54.957
2020-03-18;174.834;0.68;64.833;47.296
2020-03-19;177.666;0.578;42.588;30.821
2020-03-20;180.866;0.465;40.869;29.249
2020-03-23;179.7;0.505;49.635;35.648
2020-03-24;176.768;0.609;51.678;37.54
2020-03-25;174.666;0.684;53.166;38.968
2020-03-26;178.505;0.546;38.025;27.532
2020-03-27;181.366;0.445;38.608;27.686
2020-03-30;180.234;0.484;43.644;31.421
2020-03-31;179.049;0.526;47.262;34.19
2020-04-01;179.153;0.522;51.923;37.536
2020-04-02;178.982;0.527;55.285;39.929
2020-04-03;178.304;0.55;59.32;42.953
2020-04-06;178.01;0.56;55.991;40.591
2020-04-07;175.263;0.658;58.264;42.666
2020-04-08;175.562;0.646;58.717;42.941
2020-04-09;177.368;0.581;56.923;41.326
2020-04-10;177.368;0.581;56.545;41.061
2020-04-13;177.368;0.581;56.565;41.061
2020-04-14;177.393;0.579;58.638;42.585
2020-04-15;179.087;0.519;59.323;42.807
2020-04-16;179.587;0.5;59.138;42.58
2020-04-17;179.444;0.505;58.722;42.312
2020-04-20;178.084;0.553;60.535;43.843
2020-04-21;178.094;0.552;62.791;45.44
2020-04-22;176.597;0.605;60.832;44.212
2020-04-23;178.378;0.541;58.288;42.099
2020-04-24;180.012;0.483;56.916;40.931
2020-04-27;180.018;0.482;54.27;39.052
2020-04-28;180.081;0.48;54.93;39.573
2020-04-29;181.064;0.444;52.589;37.766
2020-04-30;182.801;0.383;54.75;39.092
2020-05-01;182.801;0.383;54.519;38.924
2020-05-04;180.744;0.454;59.778;42.983
2020-05-05;180.762;0.453;60.706;43.667
2020-05-06;178.554;0.531;65.019;47.07
2020-05-07;179.433;0.499;63.976;46.104
2020-05-08;179.588;0.493;61.738;44.536
2020-05-11;178.73;0.523;66.106;47.808
2020-05-12;179.677;0.489;66.438;47.85
2020-05-13;180.708;0.452;64.309;46.152
2020-05-14;180.413;0.462;66.306;47.623
2020-05-15;179.84;0.482;68.095;48.974
2020-05-18;178.65;0.523;67.889;49.055
2020-05-19;179.451;0.495;65.679;47.29
2020-05-20;180.082;0.472;62.363;44.837
2020-05-21;180.278;0.464;62.384;44.849
2020-05-22;179.495;0.491;65.246;47.03
2020-05-25;179.729;0.483;64.407;46.385
2020-05-26;178.578;0.523;65.328;47.21
2020-05-27;179.128;0.503;61.563;44.436
2020-05-28;180.334;0.46;55.709;40.071
2020-05-29;181.02;0.435;54.203;38.93
2020-06-01;179.071;0.503;57.309;41.457
2020-06-02;179.964;0.472;53.994;38.994
2020-06-03;178.529;0.522;53.907;39.108
2020-06-04;178.287;0.529;49.463;35.968
2020-06-05;177.504;0.557;48.828;35.643
2020-06-08;178.816;0.51;47.266;34.314
2020-06-09;178.444;0.523;47.806;34.747
2020-06-10;178.6;0.517;50.25;36.463
2020-06-11;180.673;0.443;49.777;35.83
2020-06-12;181.302;0.42;48.985;35.216
2020-06-15;181.138;0.426;51.471;37.052
2020-06-16;181.559;0.411;47.021;33.802
2020-06-17;181.495;0.413;47.041;33.836
2020-06-18;182.823;0.365;44.792;32.083
2020-06-19;183.332;0.347;41.553;29.742
2020-06-22;183.902;0.328;40.714;29.126
2020-06-23;182.559;0.373;42.466;30.551
2020-06-24;183.553;0.339;41.679;29.882
2020-06-25;184.356;0.31;40.768;29.097
2020-06-26;184.257;0.313;43.56;31.102
2020-06-29;184.032;0.321;43.809;31.311
2020-06-30;183.461;0.34;43.952;31.532
2020-07-01;181.87;0.394;47.291;34.058
2020-07-02;183.322;0.343;42.193;30.269
2020-07-03;183.242;0.345;41.257;29.638
2020-07-06;183.525;0.335;40.068;28.757
2020-07-07;184.047;0.317;38.388;27.487
2020-07-08;184.461;0.302;39.092;27.944
2020-07-09;185.175;0.277;38.341;27.356
2020-07-10;185.456;0.267;37.369;26.637
2020-07-13;184.031;0.315;37.781;27.07
2020-07-14;185.286;0.272;38.013;27.111
2020-07-15;185.246;0.273;37.993;27.107
2020-07-16;185.2;0.274;38.485;27.487
2020-07-17;184.703;0.29;38.329;27.417
2020-07-20;185.665;0.257;37.406;26.671
2020-07-21;185.509;0.262;38.751;27.656
2020-07-22;186.204;0.238;38.53;27.421
2020-07-23;186.26;0.235;37.7;26.854
2020-07-24;185.318;0.267;39.596;28.27
2020-07-27;186.591;0.223;38.004;27.019
2020-07-28;186.787;0.216;38.869;27.605
2020-07-29;186.135;0.238;38.893;27.704
2020-07-30;187.149;0.202;39.082;27.729
2020-07-31;186.378;0.228;38.098;27.136
2020-08-03;186.726;0.216;37.503;26.697
2020-08-04;188.083;0.17;34.858;24.72
2020-08-05;187.052;0.204;33.984;24.166
2020-08-06;187.986;0.171;31.616;22.436
2020-08-07;187.844;0.176;29.859;21.21
2020-08-10;188.403;0.157;29.511;20.942
2020-08-11;187.128;0.199;27.952;19.926
2020-08-12;186.274;0.228;28.815;20.611
2020-08-13;184.782;0.277;31.271;22.457
2020-08-14;184.908;0.273;32.357;23.217
2020-08-17;185.777;0.243;31.256;22.371
2020-08-18;186.022;0.234;31.407;22.46
2020-08-19;186.318;0.223;31.49;22.502
2020-08-20;186.922;0.202;31.475;22.404
2020-08-21;186.814;0.205;32.009;22.794
2020-08-24;186.645;0.21;30.623;21.83
2020-08-25;184.77;0.274;32.65;23.426
2020-08-26;184.537;0.282;32.046;23.02
2020-08-27;183.779;0.307;31.28;22.514
2020-08-28;183.537;0.315;32.328;23.308
2020-08-31;183.101;0.329;34.719;25.053
2020-09-01;183.92;0.301;32.152;23.128
2020-09-02;185.891;0.233;30.011;21.468
2020-09-03;186.359;0.216;30.185;21.533
2020-09-04;185.514;0.244;31.507;22.524
2020-09-07;185.137;0.257;32.488;23.283
2020-09-08;186.227;0.219;30.834;22.009
2020-09-09;185.335;0.249;29.233;20.958
2020-09-10;184.86;0.264;29.891;21.443
2020-09-11;186.194;0.218;29.131;20.779
2020-09-14;186.519;0.207;27.767;19.788
2020-09-15;186.772;0.198;27.131;19.309
2020-09-16;187.224;0.182;25.605;18.21
2020-09-17;187.441;0.174;25.874;18.375
2020-09-18;187.238;0.18;25.978;18.459
2020-09-21;188.63;0.133;24.555;17.368
2020-09-22;187.904;0.157;23.572;16.731
2020-09-23;187.885;0.157;24.306;17.237
2020-09-24;187.352;0.174;26.481;18.784
2020-09-25;188.463;0.136;25.623;18.104
2020-09-28;188.399;0.138;24.189;17.102
2020-09-29;188.928;0.12;24.033;16.954
2020-09-30;188.061;0.148;23.894;16.92
2020-10-01;188.468;0.133;22.337;15.799
2020-10-02;188.49;0.132;22.27;15.734
2020-10-05;187.861;0.153;21.716;15.393
2020-10-06;188.027;0.147;21.122;14.954
2020-10-07;187.39;0.168;22.136;15.7
2020-10-08;188.247;0.138;20.758;14.675
2020-10-09;188.478;0.13;18.396;13.002
2020-10-12;189.008;0.112;18.121;12.773
2020-10-13;189.397;0.098;18.928;13.309
2020-10-14;189.894;0.081;20.372;14.307
2020-10-15;190.676;0.054;20.048;14.038
2020-10-16;190.871;0.047;20.267;14.179
2020-10-19;190.629;0.055;20.791;14.555
2020-10-20;190.252;0.067;18.246;12.787
2020-10-21;189.772;0.083;18.257;12.805
2020-10-22;188.924;0.11;18.579;13.059
2020-10-23;189.348;0.095;17.165;12.041
2020-10-26;189.349;0.095;18.113;12.704
2020-10-27;190.111;0.069;20.119;14.106
2020-10-28;190.06;0.07;20.893;14.639
2020-10-29;190.748;0.046;17.046;11.947
2020-10-30;190.435;0.056;17.3;12.149
2020-11-02;190.779;0.044;14.961;10.494
2020-11-03;190.687;0.047;12.825;9.003
2020-11-04;191.225;0.029;11.879;8.327
2020-11-05;191.146;0.03;12.666;8.874
2020-11-06;190.705;0.044;12.905;9.064
2020-11-09;187.564;0.15;15.743;11.167
2020-11-10;187.226;0.161;13.706;9.728
2020-11-11;188.223;0.126;10.681;7.563
2020-11-12;189.087;0.096;10.717;7.543
2020-11-13;189.589;0.079;9.774;6.881
2020-11-16;189.774;0.072;8.703;6.134
2020-11-17;190.505;0.047;7.112;5.016
2020-11-18;190.142;0.059;8.273;5.839
2020-11-19;190.654;0.041;8.942;6.296
2020-11-20;190.735;0.038;9.54;6.704
2020-11-23;190.187;0.056;10.742;7.558
2020-11-24;189.817;0.068;10.377;7.306
2020-11-25;189.993;0.061;10.382;7.302
2020-11-26;190.547;0.042;10.774;7.564
2020-11-27;190.495;0.043;11.535;8.101
2020-11-30;189.777;0.067;14.814;10.414
2020-12-01;188.541;0.108;17.452;12.308
2020-12-02;188.323;0.115;16.821;11.865
2020-12-03;189.323;0.08;14.305;10.071
2020-12-04;188.849;0.095;14.662;10.331
2020-12-07;189.715;0.066;13.464;9.474
2020-12-08;190.436;0.041;13.695;9.619
2020-12-09;190.256;0.047;14.225;10.006
2020-12-10;190.214;0.047;15.952;11.214
2020-12-11;191.254;0.012;16.9;11.808
2020-12-14;190.735;0.029;17.149;12.015
2020-12-15;190.59;0.033;16.683;11.7
2020-12-16;189.312;0.076;18.524;13.045
2020-12-17;189.409;0.071;17.076;12.023
2020-12-18;189.421;0.07;16.918;11.912
2020-12-21;189.722;0.06;15.491;10.899
2020-12-22;190.075;0.048;15.231;10.712
2020-12-23;188.85;0.087;16.634;11.734
2020-12-24;188.85;0.087;16.344;11.52
2020-12-25;188.85;0.087;16.329;11.52
2020-12-28;189.27;0.072;15.629;11.01
2020-12-29;189.608;0.061;14.595;10.282
2020-12-30;189.544;0.061;15.035;10.582
2020-12-31;189.544;0.061;15.059;10.585
2021-01-01;189.544;0.061;15.025;10.586
2021-01-04;190.345;0.033;15.55;10.931
2021-01-05;189.626;0.057;15.233;10.73
2021-01-06;189.294;0.068;13.924;9.834
2021-01-07;189.338;0.065;10.449;7.374
2021-01-08;189.292;0.066;10.071;7.133
2021-01-11;188.383;0.097;11.236;7.947
2021-01-12;187.298;0.133;12.007;8.556
2021-01-13;188.822;0.081;12.121;8.567
2021-01-14;189.311;0.063;11.483;8.128
2021-01-15;188.88;0.077;12.233;8.649
2021-01-18;188.33;0.096;12.64;8.953
2021-01-19;188.379;0.094;12.325;8.711
2021-01-20;188.298;0.096;11.998;8.489
2021-01-21;187.131;0.135;12.423;8.84
2021-01-22;187.614;0.118;12.226;8.677
2021-01-25;188.753;0.079;10.511;7.427
2021-01-26;188.208;0.097;9.701;6.879
2021-01-27;188.137;0.099;10.044;7.107
2021-01-28;187.828;0.108;9.257;6.571
2021-01-29;187.094;0.133;9.777;6.972
2021-02-01;186.913;0.139;11.651;8.306
2021-02-02;186.054;0.168;12.901;9.211
2021-02-03;185.314;0.193;11.477;8.2
2021-02-04;185.299;0.192;8.717;6.245
2021-02-05;185.09;0.199;7.201;5.169
2021-02-08;184.739;0.211;8.714;6.256
2021-02-09;184.618;0.215;8.945;6.436
2021-02-10;184.146;0.231;9.149;6.604
2021-02-11;184.553;0.216;9.43;6.784
2021-02-12;183.24;0.261;8.705;6.308
2021-02-15;181.957;0.306;9.394;6.818
2021-02-16;180.816;0.347;9.108;6.661
2021-02-17;181.061;0.338;11.04;8.054
2021-02-18;179.771;0.383;15.612;11.403
2021-02-19;178.927;0.413;12.673;9.288
2021-02-22;180.103;0.37;12.581;9.188
2021-02-23;179.222;0.402;14.697;10.746
2021-02-24;178.661;0.422;15.706;11.526
2021-02-25;177.192;0.474;16.144;11.924
2021-02-26;178.771;0.416;13.74;10.07
2021-03-01;180.796;0.342;12.339;8.986
2021-03-02;180.842;0.34;13.285;9.673
2021-03-03;178.681;0.418;12.899;9.466
2021-03-04;179.014;0.405;13.346;9.778
2021-03-05;178.586;0.42;14.056;10.309
2021-03-08;178.203;0.434;11.915;8.762
2021-03-09;178.859;0.409;12.236;8.983
2021-03-10;179.099;0.4;13.879;10.146
2021-03-11;179.592;0.381;11.534;8.45
2021-03-12;178.64;0.416;9.719;7.132
2021-03-15;179.075;0.399;10.608;7.765
2021-03-16;179.021;0.401;11.824;8.659
2021-03-17;177.435;0.459;11.815;8.73
2021-03-18;176.718;0.484;11.749;8.696
2021-03-19;177.322;0.461;10.68;7.887
2021-03-22;177.482;0.455;10.882;8.04
2021-03-23;178.255;0.426;9.671;7.124
2021-03-24;178.796;0.406;9.045;6.634
2021-03-25;179.56;0.377;9.582;7.013
2021-03-26;178.551;0.414;9.899;7.266
2021-03-29;177.499;0.452;10.939;8.072
2021-03-30;176.998;0.47;11.173;8.257
2021-03-31;177.135;0.463;9.983;7.368
2021-04-01;177.912;0.434;10.706;7.885
2021-04-02;177.912;0.434;10.309;7.57
2021-04-05;177.912;0.434;10.312;7.57
2021-04-06;177.514;0.448;12.007;8.859
2021-04-07;177.819;0.437;11.986;8.831
2021-04-08;178.055;0.427;11.641;8.566
2021-04-09;177.255;0.456;12.871;9.501
2021-04-12;176.808;0.472;13.017;9.619
2021-04-13;176.806;0.472;13.249;9.793
2021-04-14;175.955;0.503;12.053;8.915
2021-04-15;176.829;0.47;12.221;9.031
2021-04-16;176.21;0.492;12.75;9.427
2021-04-19;175.805;0.507;12.723;9.417
2021-04-20;176.482;0.481;12.568;9.288
2021-04-21;176.515;0.48;12.644;9.343
2021-04-22;176.24;0.489;12.985;9.595
2021-04-23;176.135;0.492;14.152;10.457
2021-04-26;175.989;0.497;13.558;10.019
2021-04-27;175.795;0.504;13.201;9.768
2021-04-28;175.309;0.522;13.221;9.817
2021-04-29;173.876;0.575;14.531;10.85
2021-04-30;173.661;0.583;16.206;12.107
2021-05-03;173.689;0.581;16.228;12.12
2021-05-04;174.334;0.557;18.581;13.839
2021-05-05;173.786;0.577;19.612;14.628
2021-05-06;173.465;0.588;21.045;15.693
2021-05-07;172.733;0.616;24.807;18.551
2021-05-10;172.962;0.607;22.456;16.778
2021-05-11;171.552;0.66;25.152;18.91
2021-05-12;170.548;0.699;28.067;21.145
2021-05-13;170.392;0.704;31.402;23.665
2021-05-14;170.569;0.697;31.552;23.757
2021-05-17;169.86;0.724;32.995;24.936
2021-05-18;169.637;0.732;30.87;23.356
2021-05-19;170.026;0.717;30.146;22.766
2021-05-20;170.808;0.685;26.772;20.157
2021-05-21;171.344;0.664;26.358;19.81
2021-05-24;171.531;0.656;26.446;19.857
2021-05-25;172.444;0.621;23.419;17.52
2021-05-26;173.515;0.58;23.9;17.813
2021-05-27;172.462;0.619;23.899;17.888
2021-05-28;172.556;0.615;24.845;18.577
2021-05-31;172.838;0.604;24.104;18.008
2021-06-01;172.541;0.615;24.415;18.282
2021-06-02;172.983;0.597;23.872;17.83
2021-06-03;172.594;0.611;22.255;16.665
2021-06-04;173.021;0.595;23.758;17.75
2021-06-07;172.621;0.609;23.81;17.812
2021-06-08;173.414;0.579;23.213;17.33
2021-06-09;173.84;0.562;23.897;17.814
2021-06-10;173.676;0.567;25.013;18.659
2021-06-11;174.212;0.547;24.286;18.086
2021-06-14;173.415;0.577;24.363;18.196
2021-06-15;173.1;0.588;23.169;17.32
2021-06-16;173.365;0.578;23.601;17.625
2021-06-17;173.118;0.586;26.749;19.959
2021-06-18;173.242;0.581;30.02;22.357
2021-06-21;172.915;0.593;26.512;19.77
2021-06-22;172.788;0.598;26.273;19.6
2021-06-23;173.07;0.586;25.451;18.984
2021-06-24;173.152;0.582;25.366;18.912
2021-06-25;171.551;0.644;28.61;21.474
2021-06-28;172.543;0.605;27.19;20.32
2021-06-29;172.246;0.616;24.391;18.249
2021-06-30;173.438;0.57;23.22;17.323
2021-07-01;173.404;0.57;21.599;16.118
2021-07-02;174.187;0.54;21.423;15.935
2021-07-05;173.634;0.56;21.06;15.697
2021-07-06;175.382;0.494;20.267;14.99
2021-07-07;176.29;0.459;20.654;15.236
2021-07-08;176.051;0.467;23.531;17.376
2021-07-09;175.557;0.485;22.411;16.568
2021-07-12;175.533;0.486;22.335;16.512
2021-07-13;175.701;0.479;20.081;14.843
2021-07-14;176.397;0.453;19.925;14.7
2021-07-15;177.038;0.427;19.197;14.123
2021-07-16;177.516;0.409;18.559;13.622
2021-07-19;178.287;0.38;19.831;14.509
2021-07-20;178.722;0.364;21.272;15.55
2021-07-21;177.968;0.391;19.777;14.486
2021-07-22;178.986;0.352;19.555;14.293
2021-07-23;179.08;0.349;17.83;13.028
2021-07-26;178.738;0.361;18.098;13.243
2021-07-27;178.941;0.353;18.839;13.785
2021-07-28;178.532;0.368;19.223;14.089
2021-07-29;178.768;0.358;19.384;14.188
2021-07-30;179.111;0.345;19.6;14.321
2021-08-02;180.02;0.311;19.366;14.095
2021-08-03;180.029;0.31;19.806;14.409
2021-08-04;180.404;0.296;19.524;14.188
2021-08-05;180.743;0.282;19.019;13.802
2021-08-06;179.796;0.317;17.446;12.707
2021-08-09;180.021;0.308;18.008;13.101
2021-08-10;180.313;0.297;17.417;12.654
2021-08-11;180.076;0.305;19.612;14.268
2021-08-12;180.066;0.304;19.356;14.075
2021-08-13;180.145;0.301;20.571;14.944
2021-08-16;179.942;0.308;20.287;14.755
2021-08-17;179.945;0.308;20.252;14.735
2021-08-18;180.21;0.298;19.217;13.968
2021-08-19;180.608;0.282;19.013;13.805
2021-08-20;180.73;0.277;19.142;13.897
2021-08-23;180.308;0.292;19.568;14.217
2021-08-24;180.201;0.295;19.971;14.507
2021-08-25;178.109;0.372;23.029;16.868
2021-08-26;177.647;0.388;23.334;17.113
2021-08-27;177.929;0.378;22.28;16.336
2021-08-30;178.411;0.359;21.683;15.875
2021-08-31;176.936;0.414;23.254;17.092
2021-09-01;176.702;0.422;22.224;16.358
2021-09-02;176.852;0.415;21.271;15.64
2021-09-03;176.407;0.432;20.532;15.137
2021-09-06;176.69;0.421;18.722;13.783
2021-09-07;175.572;0.463;20.934;15.475
2021-09-08;175.771;0.455;20.051;14.808
2021-09-09;177.136;0.402;17.701;13.003
2021-09-10;176.302;0.433;17.716;13.062
2021-09-13;176.157;0.438;17.5;12.915
2021-09-14;176.616;0.42;16.552;12.196
2021-09-15;175.577;0.459;17.514;12.96
2021-09-16;175.488;0.462;16.332;12.08
2021-09-17;174.94;0.482;15.575;11.553
2021-09-20;175.624;0.456;16.761;12.409
2021-09-21;175.664;0.454;16.973;12.557
2021-09-22;175.914;0.444;17.518;12.918
2021-09-23;174.276;0.505;17.942;13.294
2021-09-24;173.26;0.544;18.734;13.95
2021-09-27;173.248;0.544;18.118;13.474
2021-09-28;172.75;0.563;18.333;13.673
2021-09-29;172.943;0.555;18.459;13.758
2021-09-30;172.285;0.579;20.375;15.217
2021-10-01;173.036;0.55;17.802;13.266
2021-10-04;172.64;0.565;18.184;13.576
2021-10-05;172.11;0.585;17.408;13.014
2021-10-06;171.851;0.595;17.136;12.823
2021-10-07;172.037;0.587;14.879;11.126
2021-10-08;171.382;0.612;13.843;10.371
2021-10-11;170.84;0.633;11.119;8.358
2021-10-12;170.311;0.653;11.15;8.399
2021-10-13;171.792;0.595;12.078;9.016
2021-10-14;173.327;0.534;13.291;9.88
2021-10-15;172.632;0.56;13.045;9.725
2021-10-18;172.803;0.553;12.838;9.544
2021-10-19;171.539;0.602;14.424;10.748
2021-10-20;172.005;0.584;14.107;10.517
2021-10-21;171.911;0.586;15.313;11.405
2021-10-22;172.117;0.578;15.677;11.658
2021-10-25;171.974;0.583;14.182;10.553
2021-10-26;172.017;0.581;17.117;12.734
2021-10-27;173.838;0.51;19.845;14.643
2021-10-28;172.916;0.544;19.105;14.12
2021-10-29;172.122;0.575;25.825;19.061
2021-11-01;172.022;0.579;25.195;18.626
2021-11-02;173.154;0.534;22.016;16.277
2021-11-03;173.584;0.517;20.878;15.404
2021-11-04;174.131;0.495;19.742;14.571
2021-11-05;175.953;0.425;20.105;14.733
2021-11-08;174.69;0.472;20.378;15.01
2021-11-09;176.593;0.4;21.4;15.6
2021-11-10;174.96;0.461;21.054;15.441
2021-11-11;174.832;0.465;18.998;13.915
2021-11-12;175.245;0.449;15.902;11.666
2021-11-15;174.615;0.473;16.858;12.39
2021-11-16;174.53;0.476;14.377;10.577
2021-11-17;174.359;0.482;16.951;12.49
2021-11-18;175.609;0.433;13.758;10.066
2021-11-19;176.923;0.382;13.978;10.187
2021-11-22;175.597;0.432;16.166;11.852
2021-11-23;173.353;0.518;17.784;13.132
2021-11-24;173.133;0.527;16.858;12.493
2021-11-25;173.849;0.498;14.742;10.876
2021-11-26;175.418;0.437;16.764;12.328
2021-11-29;175.324;0.44;14.304;10.504
2021-11-30;176.876;0.381;13.1;9.561
2021-12-01;176.632;0.389;15.646;11.433
2021-12-02;177.332;0.362;13.011;9.477
2021-12-03;177.877;0.341;13.75;10.001
2021-12-06;177.763;0.345;13.127;9.57
2021-12-07;177.85;0.341;13.262;9.656
2021-12-08;176.255;0.401;14.036;10.263
2021-12-09;177.196;0.364;12.508;9.136
2021-12-10;177.19;0.364;11.743;8.569
2021-12-13;178.316;0.321;10.637;7.749
2021-12-14;177.931;0.335;10.839;7.912
2021-12-15;177.755;0.341;8.749;6.404
2021-12-16;176.767;0.377;11.753;8.603
2021-12-17;177.584;0.346;11.07;8.091
2021-12-20;176.929;0.371;9.231;6.78
2021-12-21;174.743;0.454;11.775;8.715
2021-12-22;174.334;0.469;12.056;8.916
2021-12-23;173.132;0.515;11.218;8.301
2021-12-24;173.132;0.514;11.6;8.59
2021-12-27;173.007;0.519;12.124;8.961
2021-12-28;172.975;0.52;11.83;8.781
2021-12-29;171.13;0.592;13.511;10.087
2021-12-30;171.055;0.594;13.85;10.33
2021-12-31;171.055;0.593;13.466;10.025
2022-01-03;169.838;0.641;14.794;11.091
2022-01-04;170.078;0.631;13.268;9.938
2022-01-05;170.184;0.627;13.238;9.929
2022-01-06;169.586;0.65;14.866;11.137
2022-01-07;169.254;0.663;16.398;12.295
2022-01-10;169.368;0.658;12.913;9.68
2022-01-11;169.104;0.668;13.018;9.756
2022-01-12;169.837;0.638;20.51;10.654
2022-01-13;170.777;0.599;13.958;10.383
2022-01-14;169.623;0.645;13.423;10.032
2022-01-17;169.182;0.662;14.405;10.781
2022-01-18;168.876;0.674;15.225;11.397
2022-01-19;168.619;0.684;15.369;11.51
2022-01-20;169.069;0.665;15.093;11.279
2022-01-21;169.797;0.636;15.046;11.205
2022-01-24;170.257;0.617;14.318;10.67
2022-01-25;169.415;0.65;14.87;11.139
2022-01-26;169.003;0.666;17.059;12.77
2022-01-27;169.224;0.656;17.802;13.285
2022-01-28;168.587;0.682;17.842;13.329
2022-01-31;167.48;0.726;19.294;14.48
2022-02-01;166.862;0.751;18.619;14.002
2022-02-02;167.271;0.734;17.045;12.782
2022-02-03;165.572;0.803;20.011;15.037
2022-02-04;164.799;0.835;17.287;12.995
2022-02-07;164.064;0.865;13.786;10.368
2022-02-08;162.527;0.929;12.405;9.402
2022-02-09;163.602;0.884;12.068;9.082
2022-02-10;162.025;0.949;11.524;8.749
2022-02-11;161.491;0.972;8.22;6.248
2022-02-14;161.473;0.972;5.637;4.26
2022-02-15;160.724;1.004;8.943;6.814
2022-02-16;161.089;0.988;11.196;8.533
2022-02-17;162.021;0.947;8.146;6.21
2022-02-18;162.123;0.942;7.689;5.857
2022-02-21;161.591;0.965;9.027;6.916
2022-02-22;161.173;0.982;7.046;5.416
2022-02-23;161.454;0.97;6.529;5.021
2022-02-24;162.686;0.916;0.347;0.263
2022-02-25;161.636;0.961;-1.01;-0.782
2022-02-28;163.134;0.897;-2.011;-1.526
2022-03-01;167.207;0.727;-5.087;-3.818
2022-03-02;164.813;0.826;0.036;0.059
2022-03-03;164.909;0.82;-1.117;-0.834
2022-03-04;166.56;0.752;-5.585;-4.121
2022-03-07;166.503;0.754;-5.512;-4.045
2022-03-08;164.028;0.856;-6.387;-4.668
2022-03-09;161.544;0.961;-4.47;-3.391
2022-03-10;160.154;1.02;-1.878;-1.434
2022-03-11;161.029;0.982;-5.221;-4.007
2022-03-14;158.224;1.104;-4.964;-3.859
2022-03-15;158.159;1.106;-3.844;-2.971
2022-03-16;157.504;1.135;-0.849;-0.653
2022-03-17;157.688;1.126;3.427;2.631
2022-03-18;157.531;1.132;3.745;2.886
2022-03-21;155.109;1.24;6.499;5.098
2022-03-22;154.527;1.266;8.112;6.349
2022-03-23;155.159;1.237;11.877;9.291
2022-03-24;154.26;1.277;9.119;7.147
2022-03-25;153.737;1.301;7.546;5.913
2022-03-28;154.289;1.275;5.346;4.202
2022-03-29;153.484;1.311;3.889;3.074
2022-03-30;153.193;1.324;4.395;3.465
2022-03-31;154.784;1.251;2.309;1.8
2022-04-01;154.017;1.286;6.293;4.897
2022-04-04;154.189;1.277;8.886;6.924
2022-04-05;151.071;1.421;14.218;11.282
2022-04-06;150.132;1.465;12.332;9.818
2022-04-07;149.48;1.494;14.37;11.442
2022-04-08;149.416;1.497;9.769;7.797
2022-04-11;148.258;1.552;3.941;3.166
2022-04-12;147.89;1.569;4.311;3.453
2022-04-13;148.676;1.53;1.242;1.003
2022-04-14;146.669;1.627;-0.011;-0.016
2022-04-15;146.669;1.627;-0.045;-0.048
2022-04-18;146.669;1.627;-0.027;-0.049
2022-04-19;145.55;1.681;-0.692;-0.569
2022-04-20;146.847;1.617;-0.742;-0.597
2022-04-21;145.357;1.689;-0.506;-0.399
2022-04-22;145.239;1.695;-0.863;-0.797
2022-04-25;146.707;1.623;-1.762;-1.576
2022-04-26;146.752;1.62;-0.297;-0.376
2022-04-27;146.469;1.634;-1.733;-1.497
2022-04-28;144.717;1.719;-2.78;-2.391
2022-04-29;143.566;1.776;-0.1;-0.228
2022-05-02;142.618;1.823;-0.141;-0.319
2022-05-03;143.027;1.802;1.414;0.918
2022-05-04;143.055;1.8;3.542;2.702
2022-05-05;141.397;1.883;4.654;3.671
2022-05-06;140.135;1.948;0.557;0.317
2022-05-09;140.231;1.943;-4.241;-3.742
2022-05-10;141.975;1.853;-4.301;-3.689
2022-05-11;142.592;1.822;-5.117;-4.29
2022-05-12;144.641;1.719;2.282;1.761
2022-05-13;142.675;1.817;3.047;2.375
2022-05-16;143.008;1.8;4.945;3.941
2022-05-17;141.372;1.882;7.978;6.455
2022-05-18;141.841;1.858;8.001;6.348
2022-05-19;143.229;1.787;6.459;4.929
2022-05-20;142.246;1.836;12.487;10.03
2022-05-23;140.81;1.909;14.534;11.755
2022-05-24;141.199;1.889;14.379;11.63
2022-05-25;141.116;1.893;10.474;8.351
2022-05-26;139.945;1.952;9.375;7.479
2022-05-27;140.766;1.91;10.1;8.144
2022-05-30;139.392;1.981;12.803;10.452
2022-05-31;138.18;2.044;11.993;9.791
2022-06-01;136.654;2.124;15.792;13.051
2022-06-02;136.068;2.155;14.996;12.352
2022-06-03;135.313;2.195;16.913;14.053
2022-06-06;134.457;2.241;19.199;16.079
2022-06-07;135.378;2.191;15.197;12.515
2022-06-08;134.405;2.244;14.046;11.644
2022-06-09;133.427;2.296;16.117;13.368
2022-06-10;131.791;2.387;18.725;15.627
2022-06-13;129.784;2.5;20.217;17.099
2022-06-14;127.015;2.659;14.438;11.998
2022-06-15;129.208;2.532;11.258;9.222
2022-06-16;128.604;2.566;9.767;7.852
2022-06-17;128.89;2.55;14.501;11.939
2022-06-20;126.494;2.689;17.912;15.131
2022-06-21;125.95;2.721;17.224;14.607
2022-06-22;128.789;2.555;10.662;8.651
2022-06-23;131.594;2.395;11.067;8.891
2022-06-24;131.653;2.392;9.464;7.655
2022-06-27;130.187;2.474;10.74;8.896
2022-06-28;128.399;2.576;13.693;11.584
2022-06-29;129.99;2.485;8.813;7.131
2022-06-30;132.017;2.37;13.969;11.635
2022-07-01;133.395;2.293;10.24;8.324
2022-07-04;131.3;2.41;11.924;9.934
2022-07-05;133.455;2.29;9.015;7.267
2022-07-06;133.207;2.303;16.004;13.423
2022-07-07;131.966;2.371;14.827;12.531
2022-07-08;131.081;2.421;16.777;14.19
2022-07-11;132.339;2.35;14.463;12.033
2022-07-12;134.884;2.21;12.617;10.283
2022-07-13;135.133;2.196;14.984;12.419
2022-07-14;134.639;2.222;15.449;12.757
2022-07-15;134.998;2.203;14.661;11.796
2022-07-18;133.777;2.269;16.478;13.54
2022-07-19;133.552;2.281;14.762;12.164
2022-07-20;133.653;2.275;18.279;14.922
2022-07-21;134.229;2.243;19.201;15.8
2022-07-22;137.069;2.089;15.834;12.533
2022-07-25;137.186;2.083;18.945;15.303
2022-07-26;138.76;1.999;18.503;14.874
2022-07-27;138.575;2.009;18.491;14.943
2022-07-28;140.802;1.892;13.696;10.658
2022-07-29;141.986;1.831;12.603;9.727
2022-08-01;142.69;1.795;10.891;8.098
2022-08-02;141.912;1.834;13.115;10.222
2022-08-03;141.465;1.857;14.164;11.096
2022-08-04;142.791;1.789;11.228;8.589
2022-08-05;140.421;1.91;6.664;4.928
2022-08-08;141.399;1.859;4.361;2.971
2022-08-09;140.717;1.894;5.832;4.259
2022-08-10;140.948;1.882;5.399;3.719
2022-08-11;139.215;1.971;7.504;5.595
2022-08-12;139.097;1.977;10.806;8.342
2022-08-15;140.547;1.901;11.361;8.809
2022-08-16;139.059;1.978;14.135;11.243
2022-08-17;137.434;2.064;14.467;11.655
2022-08-18;137.362;2.067;15.342;12.277
2022-08-19;135.106;2.189;13.654;10.945
2022-08-22;133.735;2.264;12.326;9.86
2022-08-23;133.298;2.287;11.095;8.814
2022-08-24;132.481;2.333;8.98;7.086
2022-08-25;132.924;2.307;10.933;8.671
2022-08-26;131.844;2.368;11.294;9.235
2022-08-29;130.439;2.447;6.991;5.651
2022-08-30;130.433;2.447;8.348;6.541
2022-08-31;130.357;2.451;7.683;6.024
2022-09-01;129.474;2.501;8.347;6.623
2022-09-02;129.595;2.494;7.34;5.667
2022-09-05;128.721;2.544;5.38;4.057
2022-09-06;128.574;2.553;3.208;2.092
2022-09-07;129.836;2.479;8.327;6.441
2022-09-08;128.541;2.554;9.496;7.856
2022-09-09;127.717;2.602;11.585;9.649
2022-09-12;128.325;2.566;16.065;13.422
2022-09-13;127.61;2.607;12.921;10.706
2022-09-14;128.137;2.576;12.486;10.338
2022-09-15;128.006;2.584;14.215;11.929
2022-09-16;128.071;2.58;16.916;14.14
2022-09-19;127.322;2.623;16.797;14.037
2022-09-20;125.406;2.737;18.721;15.87
2022-09-21;126.434;2.675;16.205;13.522
2022-09-22;125.685;2.72;9.411;7.761
2022-09-23;125.163;2.751;12.892;10.842
2022-09-26;123.479;2.853;12.07;10.301
2022-09-27;121.133;2.998;13.191;11.292
2022-09-28;122.228;2.93;8.019;6.629
2022-09-29;119.394;3.108;17.522;15.486
2022-09-30;119.9;3.075;18.188;16.046
2022-10-03;123.183;2.87;14.209;12.178
2022-10-04;123.868;2.828;15.325;13.19
2022-10-05;121.369;2.982;17.177;15.173
2022-10-06;121.135;2.996;11.447;9.96
2022-10-07;119.443;3.104;9.393;8.19
2022-10-10;117.411;3.235;7.474;6.526
2022-10-11;117.6;3.223;8.382;7.338
2022-10-12;116.582;3.289;13.231;11.86
2022-10-13;117.262;3.244;14.617;13.192
2022-10-14;115.292;3.375;20.652;18.975
2022-10-17;116.479;3.296;21.933;20.007
2022-10-18;116.241;3.311;25.321;23.183
2022-10-19;115.468;3.363;28.368;26.099
2022-10-20;115.329;3.372;26.169;24.168
2022-10-21;114.907;3.4;29.181;27.092
2022-10-24;116.527;3.292;25.685;23.561
2022-10-25;119.187;3.118;24.554;22.297
2022-10-26;120.229;3.051;19.601;17.75
2022-10-27;122.627;2.9;12.868;11.494
2022-10-28;121.032;3.0;13.522;12.444
2022-10-31;119.859;3.074;16.016;14.513
2022-11-01;119.595;3.091;16.629;14.998
2022-11-02;120.219;3.051;14.984;13.382
2022-11-03;119.272;3.111;11.792;10.489
2022-11-04;118.372;3.169;14.562;12.935
2022-11-07;118.113;3.186;15.425;13.709
2022-11-08;119.391;3.103;15.401;13.557
2022-11-09;120.796;3.013;18.277;15.991
2022-11-10;123.33;2.854;12.135;10.457
2022-11-11;120.699;3.019;21.09;18.754
2022-11-14;120.818;3.011;23.093;20.4
2022-11-15;121.531;2.966;24.464;21.724
2022-11-16;123.584;2.838;21.211;18.533
2022-11-17;123.633;2.835;18.383;16.102
2022-11-18;123.911;2.817;16.831;14.589
2022-11-21;124.283;2.794;17.199;14.919
2022-11-22;124.628;2.773;19.213;16.692
2022-11-23;126.206;2.678;15.447;13.202
2022-11-24;127.69;2.589;15.248;12.944
2022-11-25;125.579;2.715;20.64;17.756
2022-11-28;125.148;2.741;21.162;18.12
2022-11-29;126.22;2.676;15.577;13.138
2022-11-30;126.116;2.682;17.076;14.535
2022-12-01;127.857;2.578;16.936;14.401
2022-12-02;127.393;2.605;19.128;16.282
2022-12-05;127.414;2.603;19.284;16.302
2022-12-06;128.286;2.552;20.766;17.53
2022-12-07;128.415;2.544;18.464;15.582
2022-12-08;128.162;2.558;21.513;18.236
2022-12-09;126.602;2.651;24.275;20.74
2022-12-12;127.169;2.617;23.219;19.556
2022-12-13;127.058;2.623;20.576;17.437
2022-12-14;125.908;2.692;28.101;24.001
2022-12-15;123.921;2.812;35.281;30.734
2022-12-16;122.506;2.9;34.631;30.181
2022-12-19;121.749;2.947;34.835;30.469
2022-12-20;119.84;3.068;37.059;32.692
2022-12-21;119.905;3.064;31.799;27.957
2022-12-22;119.227;3.107;30.986;27.384
2022-12-23;118.894;3.128;30.817;27.359
2022-12-26;118.894;3.128;29.192;25.699
2022-12-27;116.87;3.261;31.929;28.647
2022-12-28;116.854;3.262;35.96;32.191
2022-12-29;117.894;3.193;35.13;31.358
2022-12-30;115.52;3.351;38.011;34.523
2023-01-02;117.512;3.218;38.701;34.596
2023-01-03;118.619;3.145;36.953;32.872
2023-01-04;120.436;3.028;33.328;29.253
2023-01-05;119.333;3.098;33.231;29.473
2023-01-06;120.61;3.016;36.044;31.698
2023-01-09;120.136;3.046;36.288;32.047
2023-01-10;118.965;3.122;38.866;34.571
2023-01-11;121.032;2.989;37.661;32.949
2023-01-12;121.682;2.947;39.685;34.908
2023-01-13;121.09;2.985;43.116;37.962
2023-01-16;121.173;2.979;42.642;37.575
2023-01-17;122.66;2.885;40.624;35.396
2023-01-18;124.533;2.769;32.821;28.328
2023-01-19;124.168;2.791;32.593;28.221
2023-01-20;121.64;2.949;35.856;31.465
2023-01-23;120.984;2.99;34.631;30.441
2023-01-24;122.281;2.908;31.282;27.231
2023-01-25;121.967;2.928;30.308;26.415
2023-01-26;120.857;2.998;33.55;29.621
2023-01-27;120.558;3.017;33.064;29.197
2023-01-30;119.525;3.083;34.966;31.012
2023-01-31;119.937;3.056;34.165;30.126
2023-02-01;119.848;3.062;37.17;32.856
2023-02-02;122.899;2.868;33.228;28.868
2023-02-03;120.768;3.002;36.325;32.086
2023-02-06;119.598;3.077;35.018;31.042
2023-02-07;119.242;3.1;34.838;30.952
2023-02-08;118.975;3.117;37.392;33.278
2023-02-09;119.833;3.061;37.481;33.194
2023-02-10;118.785;3.129;38.854;34.708
2023-02-13;118.946;3.119;36.58;32.523
2023-02-14;117.885;3.188;37.545;33.498
2023-02-15;117.134;3.238;37.865;33.752
2023-02-16;117.162;3.236;37.752;33.864
2023-02-17;117.753;3.196;37.201;33.189
2023-02-20;117.423;3.218;36.925;33.022
2023-02-21;116.169;3.302;39.36;35.396
2023-02-22;116.01;3.312;36.915;33.296
2023-02-23;116.889;3.253;34.04;30.7
2023-02-24;115.981;3.314;34.685;31.376
2023-02-27;115.076;3.375;34.443;31.24
2023-02-28;114.132;3.44;35.902;32.684
2023-03-01;113.323;3.495;38.221;35.004
2023-03-02;112.841;3.529;38.052;34.952
2023-03-03;113.584;3.477;37.392;34.292
2023-03-06;113.244;3.5;40.308;37.107
2023-03-07;114.037;3.445;39.297;35.988
2023-03-08;114.858;3.389;38.391;34.842
2023-03-09;114.677;3.401;38.66;35.216
2023-03-10;116.289;3.291;34.043;30.705
2023-03-13;119.119;3.104;29.505;25.857
2023-03-14;117.005;3.243;34.236;31.563
2023-03-15;120.504;3.014;26.946;23.486
2023-03-16;118.075;3.172;31.458;28.846
2023-03-17;120.277;3.028;31.163;27.97
2023-03-20;120.133;3.037;30.443;27.259
2023-03-21;118.105;3.169;36.403;33.291
2023-03-22;117.967;3.178;33.095;30.076
2023-03-23;119.274;3.092;30.492;27.381
2023-03-24;120.137;3.036;29.712;26.532
2023-03-27;118.835;3.12;31.45;28.448
2023-03-28;117.878;3.183;31.988;28.982
2023-03-29;117.549;3.205;32.13;29.075
2023-03-30;117.105;3.234;31.171;28.398
2023-03-31;118.225;3.16;30.472;27.517
2023-04-03;118.908;3.115;30.847;27.736
2023-04-04;118.666;3.131;32.645;29.339
2023-04-05;119.608;3.068;32.28;29.097
2023-04-06;119.286;3.089;33.466;30.257
2023-04-07;119.286;3.089;33.783;30.53
2023-04-10;119.286;3.089;33.84;30.527
2023-04-11;117.632;3.198;34.655;31.574
2023-04-12;117.271;3.222;32.762;29.869
2023-04-13;117.019;3.239;33.886;30.978
2023-04-14;116.333;3.285;35.545;32.623
2023-04-17;116.036;3.305;32.837;30.122
2023-04-18;116.06;3.303;32.147;29.488
2023-04-19;115.727;3.325;30.812;28.325
2023-04-20;116.354;3.282;29.665;27.252
2023-04-21;115.745;3.324;30.742;28.37
2023-04-24;115.463;3.343;30.118;27.722
2023-04-25;116.992;3.239;29.808;27.229
2023-04-26;116.429;3.277;30.181;27.67
2023-04-27;115.59;3.333;32.445;30.036
2023-04-28;117.468;3.206;30.62;27.987
2023-05-01;117.468;3.206;29.895;27.306
2023-05-02;117.857;3.18;31.435;28.756
2023-05-03;118.091;3.165;31.697;28.89
2023-05-04;118.279;3.152;32.143;29.347
2023-05-05;116.995;3.237;32.878;30.503
2023-05-08;116.63;3.262;32.677;30.248
2023-05-09;116.053;3.301;33.972;31.55
2023-05-10;117.078;3.231;33.226;30.666
2023-05-11;118.177;3.157;31.013;28.492
2023-05-12;117.338;3.213;32.206;29.718
2023-05-15;116.911;3.242;32.733;30.174
2023-05-16;116.209;3.289;33.866;31.348
2023-05-17;116.561;3.265;34.149;31.468
2023-05-18;114.732;3.39;35.45;33.047
2023-05-19;115.383;3.345;32.793;30.405
2023-05-22;114.941;3.375;34.652;32.123
2023-05-23;114.77;3.387;34.274;31.736
2023-05-24;114.745;3.388;35.57;32.852
2023-05-25;114.133;3.43;35.927;33.347
2023-05-26;114.059;3.435;35.479;32.983
2023-05-29;115.631;3.327;34.516;31.623
2023-05-30;116.965;3.236;32.757;29.835
2023-05-31;117.608;3.193;30.895;28.126
2023-06-01;117.947;3.17;31.593;28.901
2023-06-02;117.386;3.207;32.213;29.531
2023-06-05;116.574;3.262;33.531;30.769
2023-06-06;116.473;3.268;33.916;31.226
2023-06-07;115.268;3.35;35.413;32.786
2023-06-08;116.108;3.293;35.188;32.446
2023-06-09;116.731;3.25;33.766;31.012
2023-06-12;116.542;3.263;;
2023-06-13;116.277;3.281;33.492;30.617
2023-06-14;115.798;3.313;35.066;32.199
2023-06-15;115.723;3.318;33.087;30.394
2023-06-16;116.694;3.252;30.489;27.837
2023-06-19;115.765;3.315;31.42;28.645
2023-06-20;117.289;3.211;31.946;28.769
2023-06-21;117.104;3.224;31.343;28.332
2023-06-22;116.332;3.275;32.551;29.603
2023-06-23;117.915;3.169;33.698;30.26
2023-06-26;118.424;3.134;32.862;29.393
2023-06-27;118.003;3.162;32.579;29.161
2023-06-28;118.51;3.128;32.627;29.114
2023-06-29;117.294;3.209;33.287;30.091
2023-06-30;117.633;3.186;34.156;30.792
2023-07-03;117.288;3.209;33.881;30.459
2023-07-04;116.803;3.242;32.907;29.788
2023-07-05;116.433;3.267;32.196;29.19
2023-07-06;114.547;3.396;32.144;29.505
2023-07-07;114.336;3.411;30.771;28.206
2023-07-10;114.06;3.43;33.09;30.381
2023-07-11;113.745;3.452;34.227;31.503
2023-07-12;115.043;3.361;32.506;29.64
2023-07-13;116.186;3.283;31.086;28.311
2023-07-14;115.893;3.302;31.069;28.365
2023-07-17;116.256;3.278;32.647;29.617
2023-07-18;117.581;3.188;32.652;29.374
2023-07-19;116.822;3.239;32.063;29.056
2023-07-20;116.176;3.282;30.686;27.977
2023-07-21;116.488;3.261;29.817;27.086
2023-07-24;116.939;3.23;29.942;27.031
2023-07-25;116.893;3.233;31.263;28.246
2023-07-26;115.982;3.295;32.579;29.63
2023-07-27;115.992;3.294;32.295;29.45
2023-07-28;115.405;3.334;33.799;30.955
2023-07-31;115.532;3.325;33.559;30.748
2023-08-01;114.473;3.399;34.363;31.646
2023-08-02;114.617;3.388;34.387;31.624
2023-08-03;113.959;3.434;31.074;28.837
2023-08-04;114.757;3.378;31.301;28.912
2023-08-07;113.995;3.431;30.283;28.013
2023-08-08;115.952;3.295;29.126;26.714
2023-08-09;115.441;3.33;30.819;28.352
2023-08-10;114.983;3.362;31.291;28.984
2023-08-11;113.683;3.452;31.298;29.221
2023-08-14;113.536;3.463;31.672;29.45
2023-08-15;112.977;3.502;32.611;30.438
2023-08-16;113.266;3.482;31.927;29.697
2023-08-17;112.469;3.538;30.901;29.092
2023-08-18;113.423;3.47;30.979;28.989
2023-08-21;112.402;3.542;31.655;29.777
2023-08-22;113.473;3.466;31.174;29.054
2023-08-23;115.087;3.353;30.311;27.89
2023-08-24;115.197;3.345;29.841;27.599
2023-08-25;114.582;3.388;30.111;27.943
2023-08-28;114.477;3.395;30.544;28.324
2023-08-29;115.201;3.345;31.943;29.475
2023-08-30;114.679;3.381;33.233;30.743
2023-08-31;115.719;3.308;31.971;29.358
2023-09-01;114.323;3.405;32.779;30.525
2023-09-04;114.039;3.425;33.44;31.05
2023-09-05;113.384;3.471;34.249;31.968
2023-09-06;113.076;3.493;35.963;33.683
2023-09-07;113.601;3.455;34.382;32.265
2023-09-08;113.617;3.454;35.044;32.831
2023-09-11;113.099;3.491;36.371;34.044
2023-09-12;113.014;3.496;36.721;34.416
2023-09-13;113.267;3.478;34.504;32.26
2023-09-14;113.905;3.433;35.051;32.812
2023-09-15;112.515;3.532;37.494;35.342
2023-09-18;112.133;3.559;37.388;35.224
2023-09-19;111.889;3.576;37.323;35.168
2023-09-20;112.485;3.533;35.356;33.211
2023-09-21;111.97;3.57;34.933;33.053
2023-09-22;111.649;3.593;35.776;33.898
2023-09-25;110.487;3.678;35.6;33.843
2023-09-26;110.127;3.704;38.195;36.432
2023-09-27;109.572;3.745;39.639;37.824
2023-09-28;108.59;3.818;40.169;38.69
2023-09-29;109.53;3.748;38.671;37.093
2023-10-02;108.419;3.831;37.676;36.311
2023-10-03;107.496;3.901;39.453;38.271
2023-10-04;108.296;3.84;38.745;37.388
2023-10-05;108.365;3.835;41.056;39.742
2023-10-06;108.26;3.842;41.548;40.267
2023-10-09;109.572;3.744;39.955;38.475
2023-10-10;109.937;3.717;37.968;36.447
2023-10-11;111.057;3.635;38.305;36.508
2023-10-12;110.039;3.709;38.238;36.663
2023-10-13;110.398;3.683;39.669;37.905
2023-10-16;109.766;3.729;39.823;38.242
2023-10-17;108.704;3.808;40.785;39.357
2023-10-18;107.976;3.863;42.239;40.996
2023-10-19;108.153;3.85;39.456;38.262
2023-10-20;108.327;3.836;38.797;37.636
2023-10-23;108.777;3.802;38.865;37.718
2023-10-24;109.054;3.782;39.905;38.538
2023-10-25;108.065;3.856;41.587;40.487
2023-10-26;108.334;3.835;42.201;41.022
2023-10-27;108.688;3.809;40.981;39.801
2023-10-30;108.956;3.788;40.034;38.784
2023-10-31;108.995;3.785;40.686;39.485
2023-11-01;109.44;3.752;41.708;40.447
2023-11-02;110.453;3.677;41.11;39.669
2023-11-03;111.685;3.587;40.824;39.118
2023-11-06;110.282;3.689;44.245;42.685
2023-11-07;111.629;3.59;43.556;41.605
2023-11-08;112.528;3.525;43.371;41.164
2023-11-09;111.858;3.573;43.274;41.407
2023-11-10;111.102;3.628;44.667;42.829
2023-11-13;111.401;3.606;43.04;41.105
2023-11-14;113.085;3.485;41.108;38.841
2023-11-15;112.34;3.538;40.688;38.724
2023-11-16;113.01;3.49;39.172;37.274
2023-11-17;113.149;3.48;39.866;37.891
2023-11-20;113.036;3.488;41.489;39.379
2023-11-21;113.634;3.445;40.905;38.632
2023-11-22;113.928;3.424;39.925;37.631
2023-11-23;113.129;3.48;39.725;37.745
2023-11-24;112.894;3.497;39.615;37.64
2023-11-27;113.975;3.42;38.477;36.367
2023-11-28;114.331;3.395;39.349;37.215
2023-11-29;115.093;3.341;39.591;37.168
2023-11-30;114.831;3.359;40.355;38.13
2023-12-01;116.012;3.276;40.112;37.715
2023-12-04;116.369;3.251;40.945;38.451
2023-12-05;118.491;3.106;39.708;36.721
2023-12-06;119.646;3.028;36.244;33.338
2023-12-07;119.607;3.03;36.59;33.797
2023-12-08;118.276;3.12;38.676;36.011
2023-12-11;118.298;3.118;38.738;35.86
2023-12-12;119.131;3.062;38.669;35.599
2023-12-13;120.036;3.001;37.511;34.363
2023-12-14;120.762;2.953;36.762;33.785
2023-12-15;122.345;2.849;37.381;34.074
2023-12-18;121.416;2.909;36.991;33.854
2023-12-19;122.842;2.816;33.88;30.665
2023-12-20;123.545;2.771;34.551;31.129
2023-12-21;123.546;2.77;33.028;30.049
2023-12-22;123.286;2.786;32.675;29.797
2023-12-25;123.286;2.786;32.226;29.24
2023-12-27;124.37;2.717;33.842;30.408
2023-12-28;123.296;2.785;35.444;32.239
2023-12-29;121.937;2.873;37.129;34.047
2024-01-01;121.937;2.873;36.648;33.432
2024-01-02;121.273;2.916;39.187;35.767
2024-01-03;121.63;2.893;41.098;37.376
2024-01-04;120.217;2.985;42.038;38.657
2024-01-05;119.707;3.019;42.064;38.678
2024-01-08;119.996;3.0;42.166;38.508
2024-01-09;119.289;3.047;41.173;37.836
2024-01-10;119.004;3.066;41.708;38.427
2024-01-11;119.048;3.063;42.322;39.03
2024-01-12;119.668;3.021;42.148;38.757
2024-01-15;118.962;3.068;43.563;40.196
2024-01-16;118.6;3.093;43.719;40.413
2024-01-17;118.128;3.125;45.242;41.982
2024-01-18;117.546;3.164;44.755;41.562
2024-01-19;117.93;3.137;43.89;40.707
2024-01-22;118.485;3.099;43.629;40.195
2024-01-23;117.436;3.171;43.906;40.609
2024-01-24;117.574;3.161;44.09;40.861
2024-01-25;118.247;3.115;43.292;40.001
2024-01-26;118.07;3.127;43.908;40.704
2024-01-29;118.896;3.071;43.832;40.318
2024-01-30;118.398;3.104;44.277;40.952
2024-01-31;119.679;3.017;43.537;39.947
2024-02-01;119.808;3.008;45.722;42.016
2024-02-02;118.732;3.081;45.477;42.097
2024-02-05;117.675;3.153;45.949;42.507
2024-02-06;117.786;3.145;47.605;43.928
2024-02-07;117.31;3.178;48.098;44.581
2024-02-08;116.821;3.211;48.833;45.512
2024-02-09;116.631;3.224;48.761;45.414
2024-02-12;117.075;3.193;47.897;44.375
2024-02-13;117.019;3.197;47.018;43.668
2024-02-14;117.921;3.135;46.0;42.451
2024-02-15;117.672;3.151;45.29;41.92
2024-02-16;117.413;3.169;44.886;41.668
2024-02-19;117.042;3.195;45.83;42.473
2024-02-20;117.627;3.154;45.246;41.765
2024-02-21;116.614;3.224;47.127;43.797
2024-02-22;117.215;3.182;45.118;41.919
2024-02-23;118.286;3.108;45.403;41.852
2024-02-26;117.111;3.189;45.308;42.032
2024-02-27;116.601;3.224;46.978;43.668
2024-02-28;116.818;3.209;47.434;43.965
2024-02-29;117.433;3.166;49.822;46.079
2024-03-01;117.092;3.189;51.912;48.143
2024-03-04;117.606;3.154;51.293;47.316
2024-03-05;118.687;3.079;51.403;47.017
2024-03-06;118.822;3.07;50.166;45.883
2024-03-07;119.237;3.042;48.811;44.682
2024-03-08;119.532;3.021;50.24;45.951
2024-03-11;119.09;3.051;50.972;46.67
2024-03-12;118.973;3.059;51.541;47.122
2024-03-13;118.527;3.089;50.389;46.226
2024-03-14;117.576;3.154;51.381;47.452
2024-03-15;117.626;3.151;49.304;45.543
2024-03-18;117.498;3.159;48.595;44.808
2024-03-19;117.41;3.165;49.225;45.418
2024-03-20;117.676;3.147;48.702;44.857
2024-03-21;117.902;3.131;48.212;44.424
2024-03-22;118.654;3.079;50.092;46.003
2024-03-25;118.032;3.121;51.207;47.105
2024-03-26;118.223;3.108;52.018;47.715
2024-03-27;118.801;3.068;52.759;48.417
2024-03-28;118.454;3.092;56.333;51.743
2024-03-29;118.454;3.092;55.39;50.868
2024-04-02;116.663;3.215;57.274;53.007
2024-04-03;116.914;3.198;56.06;51.819
2024-04-04;117.536;3.154;55.374;51.034
2024-04-05;116.864;3.201;55.736;51.567
2024-04-08;116.84;3.202;54.011;49.85
2024-04-09;117.785;3.136;53.952;49.501
2024-04-10;117.026;3.189;54.293;50.039
2024-04-11;116.562;3.221;53.543;49.494
2024-04-12;117.737;3.139;51.984;47.763
2024-04-15;116.413;3.231;53.787;49.768
2024-04-16;115.756;3.277;52.481;48.688
2024-04-17;116.209;3.245;53.426;49.412
2024-04-18;115.839;3.271;52.491;48.652
2024-04-19;115.804;3.273;53.977;49.996
2024-04-22;116.01;3.259;51.705;47.875
2024-04-23;115.715;3.279;51.96;48.213
2024-04-24;114.438;3.37;52.511;49.119
2024-04-25;114.02;3.4;52.795;49.508
2024-04-26;114.819;3.342;53.615;50.02
2024-04-29;115.711;3.279;51.984;48.312
2024-04-30;115.203;3.315;51.955;48.447
2024-05-02;115.738;3.276;52.313;48.552
2024-05-03;116.272;3.238;51.869;48.122
2024-05-06;116.534;3.22;51.953;48.129
2024-05-07;117.289;3.167;51.906;47.834
2024-05-08;116.7;3.208;52.011;48.086
2024-05-09;115.989;3.257;52.914;49.219
2024-05-10;115.715;3.277;53.156;49.549
2024-05-13;115.776;3.272;53.802;50.023
2024-05-14;115.285;3.307;53.654;50.015
2024-05-15;116.993;3.186;52.806;48.783
2024-05-16;116.533;3.218;52.482;48.705
2024-05-17;115.84;3.267;52.706;49.12
2024-05-20;115.72;3.275;52.574;48.935
2024-05-21;116.058;3.251;53.17;49.396
2024-05-22;115.588;3.284;54.334;50.583
2024-05-23;115.014;3.325;54.794;51.236
2024-05-24;115.188;3.312;54.209;50.668
2024-05-27;115.691;3.276;53.046;49.383
2024-05-28;114.982;3.327;54.603;51.095
2024-05-29;113.586;3.427;55.354;52.172
2024-05-30;114.044;3.394;56.565;53.295
2024-05-31;114.1;3.389;55.626;52.428
2024-06-03;115.213;3.309;55.377;51.72
2024-06-04;115.696;3.275;55.589;51.793
2024-06-05;116.069;3.248;54.277;50.478
2024-06-06;115.564;3.283;54.475;50.931
2024-06-07;114.773;3.34;54.906;51.557
2024-06-10;112.936;3.473;61.768;58.426
2024-06-11;112.783;3.484;65.259;61.753
2024-06-12;113.834;3.407;66.066;62.123
2024-06-13;113.399;3.439;71.256;67.337
2024-06-14;113.889;3.403;75.608;71.149
2024-06-17;113.565;3.426;73.377;69.202
2024-06-18;114.021;3.393;72.834;68.571
2024-06-19;113.562;3.426;75.29;71.036
2024-06-20;113.407;3.437;72.729;68.828
2024-06-21;113.126;3.458;74.289;70.411
2024-06-24;113.435;3.435;71.807;67.96
2024-06-25;113.792;3.409;70.048;66.095
2024-06-26;112.917;3.473;72.649;68.828
2024-06-27;112.53;3.501;73.764;70.132
2024-06-28;112.061;3.535;74.359;70.889
2024-07-01;111.335;3.589;73.192;70.008
2024-07-02;111.752;3.558;71.499;68.26
2024-07-03;112.73;3.485;70.194;66.564
2024-07-04;112.492;3.503;69.22;65.817
2024-07-05;113.36;3.439;67.495;63.892
2024-07-08;114.009;3.391;63.597;59.892
2024-07-09;112.941;3.469;67.957;64.415
2024-07-10;113.685;3.414;67.28;63.398
2024-07-11;114.275;3.371;67.649;63.688
2024-07-12;113.851;3.402;67.583;63.807
2024-07-15;114.402;3.362;65.305;61.442
2024-07-16;114.819;3.331;66.28;62.253
2024-07-17;114.884;3.327;66.378;62.321
2024-07-18;114.585;3.348;67.163;63.332
2024-07-19;113.962;3.393;68.033;64.3
2024-07-22;113.82;3.403;68.023;64.179
2024-07-23;114.045;3.386;70.522;66.418
2024-07-24;113.6;3.419;71.238;67.231
2024-07-25;113.905;3.396;71.261;67.312
2024-07-26;113.976;3.391;71.65;67.746
2024-07-29;114.635;3.343;71.539;67.243
2024-07-30;114.842;3.328;71.291;66.972
2024-07-31;115.556;3.276;70.399;65.818
2024-08-01;115.836;3.256;73.141;74.973
2024-08-02;116.039;3.241;75.031;69.979
2024-08-05;115.993;3.244;75.569;69.669
2024-08-06;116.421;3.214;73.146;68.377
2024-08-07;115.551;3.276;73.534;68.928
2024-08-08;115.397;3.286;74.293;69.728
2024-08-09;116.017;3.242;73.725;69.124
2024-08-12;115.994;3.243;75.868;70.236
2024-08-13;116.57;3.202;75.868;70.126
2024-08-14;116.557;3.203;77.166;71.376
2024-08-15;115.804;3.256;76.387;71.267
2024-08-16;115.983;3.243;76.532;71.405
2024-08-19;116.072;3.237;76.652;71.197
2024-08-20;116.407;3.212;78.229;72.399
2024-08-21;116.847;3.181;76.124;70.205
2024-08-22;116.09;3.234;76.442;71.01
2024-08-23;116.325;3.218;75.659;70.295
2024-08-26;116.081;3.235;74.922;70.051
2024-08-27;115.22;3.297;77.522;72.066
2024-08-28;115.601;3.269;77.996;72.27
2024-08-29;115.502;3.276;76.238;71.661
2024-08-30;115.105;3.304;77.197;72.821
2024-09-02;115.002;3.311;74.696;70.483
2024-09-03;115.551;3.272;77.026;72.299
2024-09-04;116.334;3.215;75.363;69.589
2024-09-05;116.71;3.188;74.842;69.037
2024-09-06;117.068;3.163;73.894;68.947
2024-09-09;116.977;3.169;75.434;70.468
2024-09-10;117.382;3.14;75.565;70.455
2024-09-11;117.47;3.134;74.455;69.471
2024-09-12;117.173;3.154;73.131;68.441
2024-09-13;117.231;3.15;73.081;68.323
2024-09-16;117.422;3.136;75.686;69.614
2024-09-17;117.171;3.154;74.728;69.724
2024-09-18;116.26;3.219;76.753;72.069
2024-09-19;115.693;3.259;78.133;73.684
2024-09-20;115.35;3.283;80.708;76.314
2024-09-23;115.488;3.273;83.889;78.98
2024-09-24;115.701;3.258;82.033;77.165
2024-09-25;115.14;3.298;85.702;80.901
2024-09-26;114.941;3.312;86.805;81.203
2024-09-27;115.777;3.252;85.015;79.958
2024-09-30;115.835;3.247;86.002;80.792
2024-10-01;117.294;3.143;84.932;79.119
2024-10-02;116.509;3.199;85.309;79.808
2024-10-03;115.491;3.271;88.195;82.185
2024-10-04;115.279;3.287;84.762;79.786
2024-10-07;114.834;3.319;83.426;77.89
2024-10-08;115.033;3.304;82.128;77.34
2024-10-09;114.859;3.317;82.099;77.38
2024-10-10;114.936;3.311;82.309;76.798
2024-10-11;114.76;3.323;84.602;79.009
2024-10-14;114.844;3.317;84.388;79.439
2024-10-15;115.729;3.253;83.538;78.305
2024-10-16;116.191;3.219;83.047;77.598
2024-10-17;115.63;3.259;84.539;79.298
2024-10-18;116.222;3.217;83.376;77.933
2024-10-21;114.623;3.332;87.551;82.568
2024-10-22;114.16;3.366;89.254;84.343
2024-10-23;114.375;3.35;88.96;84.002
2024-10-24;115.026;3.302;87.961;82.916
2024-10-25;114.389;3.349;92.435;87.487
2024-10-28;114.789;3.319;91.055;85.919
2024-10-29;114.075;3.371;96.574;90.724
2024-10-30;113.852;3.388;95.868;90.767
2024-10-31;114.054;3.372;98.299;92.151
2024-11-01;113.493;3.414;102.263;96.752
2024-11-04;114.059;3.372;99.366;93.551
2024-11-05;113.856;3.387;96.568;90.987
2024-11-06;113.274;3.43;104.536;99.026
2024-11-07;112.796;3.465;106.97;101.873
2024-11-08;114.101;3.368;104.207;98.587
2024-11-11;114.624;3.329;106.193;100.041
2024-11-12;114.167;3.363;108.402;101.768
2024-11-13;113.956;3.378;108.011;101.581
2024-11-14;114.674;3.325;107.504;100.871
2024-11-15;114.649;3.327;108.65;101.933
2024-11-18;114.464;3.34;106.517;100.641
2024-11-19;114.777;3.317;103.546;97.638
2024-11-20;114.489;3.338;102.934;97.171
2024-11-21;114.298;3.352;104.599;98.892
2024-11-22;114.78;3.316;107.483;101.398
2024-11-25;115.042;3.297;109.035;102.723
2024-11-26;114.62;3.328;110.932;104.828
2024-11-27;115.092;3.293;110.265;103.834
2024-11-28;116.042;3.224;105.868;99.323
2024-11-29;116.722;3.174;105.009;98.207
2024-12-02;116.365;3.2;113.615;105.324
2024-12-03;116.614;3.182;113.662;105.366
2024-12-04;116.677;3.177;112.267;104.121
2024-12-05;116.892;3.161;107.322;99.432
2024-12-06;117.01;3.153;107.798;99.779
2024-12-09;116.922;3.159;106.596;99.421
2024-12-10;116.717;3.173;107.05;100.009
2024-12-11;116.37;3.198;108.196;101.251
2024-12-12;115.082;3.291;109.861;103.57
2024-12-13;114.505;3.334;110.771;104.046
2024-12-16;114.45;3.338;113.345;106.354
2024-12-17;114.647;3.323;113.209;106.722
2024-12-18;114.427;3.339;112.049;105.801
2024-12-19;113.585;3.401;111.746;106.156
2024-12-20;114.046;3.367;110.094;103.712
2024-12-23;113.296;3.422;111.792;106.464
2024-12-24;113.296;3.422;111.816;106.587
2024-12-25;113.296;3.422;111.863;106.588
2024-12-27;112.322;3.495;112.338;107.025
2024-12-30;112.547;3.478;113.235;108.361
2024-12-31;112.547;3.478;113.139;108.239
2025-01-01;112.547;3.478;113.236;108.265
2025-01-02;111.911;3.525;115.202;110.705
2025-01-03;111.238;3.577;116.923;112.824
2025-01-06;111.703;3.541;110.743;106.408
2025-01-07;111.076;3.589;111.37;107.312
2025-01-08;110.25;3.653;113.453;109.837
2025-01-09;109.79;3.688;116.046;112.601
2025-01-10;109.48;3.712;116.481;113.185
2025-01-13;109.143;3.739;116.759;113.538
2025-01-14;108.94;3.754;114.218;111.126
2025-01-15;110.328;3.646;112.917;109.094
2025-01-16;110.499;3.632;113.43;109.544
2025-01-17;110.886;3.602;112.622;107.973
2025-01-20;110.917;3.6;112.848;108.114
2025-01-21;111.32;3.569;111.563;107.207
2025-01-22;111.416;3.561;108.928;104.707
2025-01-23;110.855;3.604;111.842;107.877
2025-01-24;110.948;3.597;109.866;105.935
2025-01-27;111.298;3.57;109.634;104.798
2025-01-28;110.948;3.597;109.517;104.915
2025-01-29;110.55;3.627;110.503;106.171
2025-01-30;111.147;3.581;111.552;106.783
2025-01-31;111.826;3.529;113.201;107.905
2025-02-03;113.096;3.432;110.701;104.725
2025-02-04;113.163;3.427;110.548;104.693
2025-02-05;113.747;3.383;109.965;103.708
2025-02-06;113.682;3.388;109.61;103.497
2025-02-07;113.58;3.395;110.84;104.753
2025-02-10;113.634;3.391;111.031;105.443
2025-02-11;112.585;3.47;111.626;106.05
2025-02-12;112.207;3.499;110.402;105.124
2025-02-13;113.316;3.414;105.223;99.472
2025-02-14;113.072;3.433;103.727;98.195
2025-02-17;112.441;3.48;105.294;100.061
2025-02-18;112.554;3.472;104.238;99.017
2025-02-19;111.47;3.554;107.349;102.748
2025-02-20;111.623;3.542;107.256;102.692
2025-02-21;112.228;3.496;108.06;103.007
2025-02-24;112.059;3.509;108.848;103.931
2025-02-25;112.436;3.48;109.106;103.924
2025-02-26;113.075;3.431;106.835;101.412
2025-02-27;113.084;3.43;107.381;101.978
2025-02-28;113.036;3.434;107.873;102.626
2025-03-03;112.015;3.511;107.727;103.895
2025-03-04;111.488;3.552;110.061;106.451
2025-03-05;108.889;3.755;107.318;105.391
2025-03-06;108.426;3.791;107.565;105.773
2025-03-07;108.0;3.825;107.681;105.767
2025-03-10;107.939;3.83;107.648;105.818
2025-03-11;107.449;3.869;104.889;103.884
2025-03-12;107.908;3.832;104.921;103.64
2025-03-13;107.676;3.851;106.726;105.177
2025-03-14;107.506;3.865;104.112;102.686
2025-03-17;108.6;3.777;101.476;99.642
2025-03-18;108.514;3.784;103.241;101.035
2025-03-19;108.709;3.768;104.03;101.52
2025-03-20;108.634;3.774;105.116;102.697
2025-03-21;108.667;3.771;104.123;101.845
2025-03-24;108.652;3.772;103.035;100.623
2025-03-25;108.332;3.798;102.556;100.386
2025-03-26;108.28;3.802;102.637;100.529
2025-03-27;108.4;3.792;102.946;100.78
2025-03-28;108.852;3.756;102.603;100.226
2025-03-31;108.725;3.766;104.113;101.769
2025-04-01;109.474;3.706;104.504;101.611
2025-04-02;109.065;3.739;104.73;102.082
2025-04-03;109.328;3.718;108.599;105.796
2025-04-04;109.887;3.673;105.608;102.672
2025-04-07;108.967;3.746;107.003;104.526
2025-04-08;109.106;3.735;107.553;105.091
2025-04-09;109.223;3.726;106.328;103.648
2025-04-10;109.813;3.679;107.228;104.207
2025-04-11;110.094;3.656;105.642;102.151
2025-04-14;110.83;3.599;105.718;101.913
2025-04-15;110.398;3.632;104.09;100.746
2025-04-16;110.513;3.623;103.378;99.971
2025-04-17;110.676;3.61;105.017;101.479
2025-04-18;110.676;3.61;104.459;100.933
2025-04-22;111.092;3.578;104.819;100.968
2025-04-23;110.771;3.603;105.884;102.481
2025-04-24;111.597;3.538;102.962;98.795
2025-04-25;111.34;3.558;104.17;100.052
2025-04-28;110.55;3.619;104.566;101.01
2025-04-29;110.753;3.603;105.748;101.986
2025-04-30;111.459;3.548;104.412;100.309
2025-05-02;110.385;3.631;105.915;102.362
2025-05-05;110.562;3.617;106.15;102.443
2025-05-06;110.233;3.643;106.598;103.115
2025-05-07;111.03;3.581;107.19;103.092
2025-05-08;110.38;3.631;105.895;102.378
2025-05-09;110.069;3.655;106.046;102.854
2025-05-12;109.488;3.701;105.291;102.289
2025-05-13;109.075;3.734;104.158;101.467
2025-05-14;108.783;3.757;104.088;101.538
2025-05-15;109.855;3.672;103.649;100.447
2025-05-16;110.274;3.638;102.213;98.788
2025-05-19;110.311;3.635;101.72;98.317
2025-05-20;110.041;3.657;99.506;96.448
2025-05-21;109.417;3.706;99.305;96.717
2025-05-22;109.176;3.725;99.563;97.27
2025-05-23;109.887;3.668;98.747;96.697
2025-05-26;110.338;3.632;97.33;94.976
2025-05-27;110.881;3.59;97.959;95.333
2025-05-28;110.61;3.611;96.673;94.322
2025-05-29;111.164;3.567;94.847;92.292
2025-05-30;111.396;3.549;93.743;91.07
2025-06-02;111.071;3.574;93.862;91.311
2025-06-03;110.989;3.58;94.249;91.739
2025-06-04;110.917;3.586;94.935;92.378
2025-06-05;110.524;3.616;93.429;91.261
2025-06-06;110.69;3.603;91.543;89.316
2025-06-09;110.655;3.606;92.025;89.73
2025-06-10;111.122;3.569;91.878;89.361
2025-06-11;110.639;3.607;93.614;91.309
2025-06-12;111.304;3.554;93.259;90.643
2025-06-13;110.383;3.627;96.131;93.885
2025-06-16;110.634;3.607;94.344;91.978
2025-06-17;110.511;3.616;94.73;92.355
2025-06-18;110.919;3.584;95.088;92.515
2025-06-19;110.177;3.642;97.568;95.439
2025-06-20;110.49;3.617;96.0;93.791
2025-06-23;110.674;3.603;95.828;93.436
2025-06-24;110.304;3.632;95.086;92.949
2025-06-25;110.2;3.64;93.936;91.915
2025-06-26;110.184;3.641;92.344;90.48
2025-06-27;110.133;3.645;91.976;90.122
2025-06-30;109.813;3.67;91.8;90.069
2025-07-01;110.31;3.63;92.297;90.194
2025-07-02;109.474;3.697;94.906;93.241
2025-07-03;110.037;3.652;93.647;91.799
2025-07-04;109.898;3.663;94.078;92.349
2025-07-07;109.393;3.703;95.626;94.096
2025-07-08;108.856;3.746;95.336;94.127
2025-07-09;108.835;3.747;96.952;95.618
2025-07-10;108.326;3.788;98.616;97.558
2025-07-11;108.119;3.805;97.571;96.7
2025-07-14;107.755;3.834;97.575;96.818
2025-07-15;108.109;3.806;96.486;95.498
2025-07-16;108.352;3.786;95.714;94.684
2025-07-17;108.378;3.783;97.388;96.4
2025-07-18;108.04;3.811;97.602;96.881
2025-07-21;109.333;3.706;95.403;93.839
2025-07-22;109.676;3.679;93.455;91.767
2025-07-23;109.17;3.719;92.309;90.936
2025-07-24;108.324;3.787;95.38;94.484
2025-07-25;108.299;3.789;95.305;94.41
2025-07-28;108.618;3.763;94.655;93.336
2025-07-29;108.489;3.773;94.157;92.969
2025-07-30;108.556;3.768;93.409;92.257
2025-07-31;108.781;3.749;93.477;92.218
2025-08-01;108.673;3.758;94.35;93.226
2025-08-04;109.534;3.688;93.308;91.581
2025-08-05;109.498;3.691;93.714;92.023
2025-08-06;109.078;3.725;94.618;93.102
2025-08-07;109.402;3.699;94.776;93.156
2025-08-08;108.769;3.749;94.336;93.086
2025-08-11;108.648;3.759;94.62;93.438
2025-08-12;107.87;3.822;96.155;95.41
2025-08-13;108.818;3.745;94.203;92.908
2025-08-14;108.3;3.787;95.099;94.146
2025-08-15;107.123;3.883;97.503;97.293
2025-08-18;107.364;3.863;98.489;98.032
2025-08-19;107.467;3.855;99.049;98.518
2025-08-20;107.729;3.833;99.836;99.165
2025-08-21;107.138;3.882;100.422;100.277
2025-08-22;107.54;3.848;100.739;100.406
2025-08-25;106.519;3.933;103.828;104.03
2025-08-26;106.456;3.938;107.066;107.426
2025-08-27;106.088;3.969;112.051;112.615
2025-08-28;106.624;3.924;108.869;109.069
2025-08-29;106.163;3.962;109.821;110.407
2025-09-01;105.775;3.995;110.971;111.738
2025-09-02;105.272;4.037;110.731;111.889
2025-09-03;105.786;3.994;111.464;112.183
2025-09-04;106.31;3.949;108.869;109.262
2025-09-05;106.674;3.919;109.396;109.545
2025-09-08;107.176;3.877;108.608;108.286
2025-09-09;107.34;3.864;105.492;105.094
2025-09-10;107.453;3.854;105.43;104.932
2025-09-11;107.881;3.819;103.737;102.984
2025-09-12;107.204;3.874;103.176;102.842
2025-09-15;107.479;3.852;103.758;103.193
2025-09-16;107.342;3.863;104.341;103.906
2025-09-17;107.548;3.846;106.032;105.359
2025-09-18;106.663;3.919;106.578;106.627
2025-09-19;106.494;3.933;106.576;106.723
2025-09-22;106.324;3.947;106.883;107.128
2025-09-23;106.366;3.944;106.377;106.589
2025-09-24;106.318;3.947;105.521;105.755
2025-09-25;106.072;3.968;106.438;106.794
2025-09-26;106.349;3.945;105.517;105.69
2025-09-29;106.879;3.9;106.19;105.893
2025-09-30;106.867;3.901;105.486;105.261
2025-10-01;106.831;3.904;105.303;105.183
2025-10-02;107.013;3.889;104.683;104.473
2025-10-03;107.142;3.878;103.461;103.162
2025-10-06;106.359;3.943;106.928;107.091
2025-10-07;106.276;3.95;107.979;108.165
2025-10-08;106.902;3.898;106.68;106.453
2025-10-09;106.818;3.904;105.122;104.944
2025-10-10;107.316;3.863;105.339;104.827
2025-10-13;107.358;3.859;105.737;105.217
2025-10-14;108.231;3.787;101.416;100.38
2025-10-15;108.904;3.732;99.179;97.798
2025-10-16;108.947;3.728;98.449;97.075
2025-10-17;108.602;3.756;99.903;98.726
2025-10-20;108.618;3.755;100.544;99.301
2025-10-21;108.879;3.734;101.589;100.121
2025-10-22;108.699;3.748;100.853;99.554
2025-10-23;108.371;3.775;101.715;100.61
2025-10-24;107.766;3.824;102.963;102.168
2025-10-27;108.0;3.805;103.537;102.442
2025-10-28;107.965;3.808;102.811;101.741
2025-10-29;108.153;3.792;101.446;100.295
2025-10-30;107.972;3.807;100.525;99.482
2025-10-31;107.72;3.828;101.545;100.711
2025-11-03;107.465;3.849;100.447;99.736
2025-11-04;107.541;3.842;100.914;100.203
2025-11-05;107.355;3.858;100.603;100.053
2025-11-06;107.56;3.84;100.902;100.234
2025-11-07;107.295;3.862;99.532;99.124
2025-11-10;107.643;3.833;97.761;97.096
2025-11-11;107.862;3.815;96.122;95.356
2025-11-12;108.465;3.765;92.26;91.143
2025-11-13;107.971;3.806;90.726;89.953
2025-11-14;107.442;3.85;91.246;90.801
2025-11-17;107.604;3.836;89.969;89.395
2025-11-18;107.442;3.849;90.7;90.219
2025-11-19;107.361;3.856;89.974;89.568
2025-11-20;106.905;3.894;92.984;92.999
2025-11-21;107.027;3.884;93.764;93.725
2025-11-24;107.385;3.854;91.927;91.642
2025-11-25;107.873;3.813;89.567;89.024
2025-11-26;107.97;3.805;88.111;87.57
2025-11-27;107.82;3.817;88.587;88.19
2025-11-28;107.844;3.815;86.762;86.405
2025-12-01;106.978;3.887;88.685;88.671
2025-12-02;106.957;3.889;89.76;89.775
2025-12-03;106.852;3.898;91.308;91.42
2025-12-04;106.517;3.926;92.229;92.534
2025-12-05;106.51;3.926;89.609;89.868
2025-12-08;106.043;3.966;87.794;88.094
2025-12-09;106.357;3.939;84.85;84.939
2025-12-10;106.193;3.953;87.147;87.319
2025-12-11;106.271;3.946;86.692;86.878
2025-12-12;105.89;3.978;86.606;87.074
2025-12-15;106.056;3.964;84.867;85.16
2025-12-16;106.199;3.952;83.731;83.989
2025-12-17;105.896;3.978;84.096;84.606
2025-12-18;105.94;3.974;85.19;85.82
2025-12-19;105.233;4.034;86.678;87.746
2025-12-22;105.294;4.029;86.129;87.049
2025-12-23;105.926;3.974;83.27;83.973
2025-12-24;105.926;3.974;83.181;83.916
2025-12-25;105.926;3.974;83.031;83.736
2025-12-29;106.299;3.943;82.177;82.575
2025-12-30;105.919;3.975;83.582;84.225
2025-12-31;105.919;3.975;84.413;85.154
2026-01-01;105.919;3.975;84.453;85.151
2026-01-02;105.23;4.034;85.591;86.779
2026-01-05;105.651;3.997;85.728;86.582
2026-01-06;105.812;3.984;86.806;87.583
2026-01-07;106.203;3.95;87.416;87.967
2026-01-08;106.106;3.958;86.907;87.541
2026-01-09;106.184;3.952;87.141;87.67
2026-01-12;106.524;3.923;88.637;88.81
2026-01-13;106.324;3.94;88.533;88.799
2026-01-14;106.648;3.912;88.416;88.466
2026-01-15;106.787;3.9;88.099;88.112
2026-01-16;106.517;3.923;88.79;88.927
2026-01-19;106.587;3.917;86.766;86.785
2026-01-20;106.321;3.939;87.236;87.45
2026-01-21;106.063;3.961;86.117;86.483
2026-01-22;106.471;3.926;82.413;82.655
2026-01-23;106.774;3.901;78.416;78.444
2026-01-26;107.429;3.845;76.45;76.129
2026-01-27;107.339;3.853;76.472;76.212
2026-01-28;107.312;3.855;78.017;77.786
2026-01-29;107.3;3.856;79.504;79.374
2026-01-30;107.214;3.863;80.24;80.137
2026-02-02;107.0;3.881;80.113;80.066
2026-02-03;106.786;3.899;79.665;79.717
2026-02-04;106.915;3.888;81.453;81.424
2026-02-05;106.968;3.883;82.06;82.044
2026-02-06;106.911;3.888;82.538;82.645
2026-02-09;106.89;3.89;83.001;83.149
2026-02-10;107.089;3.873;82.444;82.543
