;px_last;yld_ytm_mid;asset_swap_spd_mid;z_sprd_mid
2015-02-11;99.247;1.05;6.091;6.298
2015-02-12;99.983;1.001;4.565;4.643
2015-02-13;99.82;1.012;3.041;3.073
2015-02-16;99.555;1.03;3.566;3.635
2015-02-17;99.245;1.051;3.659;3.855
2015-02-18;98.947;1.071;2.589;2.739
2015-02-19;98.498;1.101;5.143;5.419
2015-02-20;98.678;1.089;3.967;4.185
2015-02-23;98.983;1.068;-0.369;-0.365
2015-02-24;99.138;1.058;2.868;3.033
2015-02-25;99.97;1.002;1.532;1.605
2015-02-26;100.792;0.947;-1.414;-1.441
2015-02-27;100.44;0.971;-2.85;-2.944
2015-03-02;100.188;0.988;-0.794;-0.812
2015-03-03;99.81;1.013;1.223;1.29
2015-03-04;99.858;1.01;-0.936;-0.964
2015-03-05;100.415;0.972;-1.931;-1.985
2015-03-06;99.965;1.002;-6.341;-6.606
2015-03-09;101.173;0.922;-14.2;-14.69
2015-03-10;102.855;0.812;-10.523;-10.761
2015-03-11;103.76;0.754;-8.226;-8.332
2015-03-12;103.775;0.753;-11.94;-12.108
2015-03-13;103.485;0.771;-9.134;-9.274
2015-03-16;103.34;0.781;-8.229;-8.363
2015-03-17;102.645;0.826;-1.065;-1.068
2015-03-18;103.345;0.78;2.366;2.418
2015-03-19;103.733;0.755;0.856;0.89
2015-03-20;103.808;0.75;0.6;0.631
2015-03-23;103.075;0.797;5.638;5.735
2015-03-24;102.873;0.811;2.615;2.671
2015-03-25;103.128;0.794;2.459;2.504
2015-03-26;103.118;0.795;2.551;2.598
2015-03-27;103.13;0.794;2.165;2.206
2015-03-30;102.963;0.804;3.172;3.23
2015-03-31;103.393;0.777;4.437;4.512
2015-04-01;103.605;0.763;3.28;3.34
2015-04-02;102.84;0.812;3.917;3.995
2015-04-03;102.84;0.812;4.924;5.018
2015-04-06;102.84;0.812;4.924;5.018
2015-04-07;102.71;0.821;5.045;5.154
2015-04-08;102.852;0.811;6.748;6.879
2015-04-09;102.86;0.811;7.673;7.818
2015-04-10;103.298;0.782;4.721;4.807
2015-04-13;103.48;0.771;3.042;3.105
2015-04-14;103.977;0.738;3.16;3.217
2015-04-15;104.805;0.685;1.727;1.748
2015-04-16;104.893;0.68;3.047;3.077
2015-04-17;104.628;0.696;6.016;6.056
2015-04-20;104.885;0.68;4.467;4.501
2015-04-21;104.635;0.696;4.057;4.086
2015-04-22;103.963;0.739;3.382;3.437
2015-04-23;103.815;0.748;4.442;4.513
2015-04-24;103.58;0.764;6.784;6.891
2015-04-27;103.572;0.764;6.875;6.983
2015-04-28;103.423;0.774;6.131;6.238
2015-04-29;101.015;0.932;9.481;9.791
2015-04-30;99.963;1.003;9.646;10.009
2015-05-01;99.8;1.014;12.697;13.187
2015-05-04;98.63;1.093;19.703;20.594
2015-05-05;97.137;1.196;9.854;10.432
2015-05-06;95.468;1.314;13.352;14.305
2015-05-07;95.89;1.284;13.363;14.265
2015-05-08;96.68;1.228;12.244;13.014
2015-05-11;95.525;1.31;16.887;18.071
2015-05-12;94.35;1.394;14.337;15.485
2015-05-13;93.723;1.44;13.239;14.387
2015-05-14;93.785;1.435;12.86;13.976
2015-05-15;95.073;1.342;11.027;11.874
2015-05-18;94.348;1.395;14.597;15.767
2015-05-19;95.447;1.316;11.163;11.979
2015-05-20;94.858;1.358;9.633;10.397
2015-05-21;94.695;1.37;8.108;8.768
2015-05-22;94.993;1.349;8.505;9.179
2015-05-25;94.938;1.353;8.37;9.039
2015-05-26;95.533;1.31;9.568;10.269
2015-05-27;95.498;1.313;8.22;8.831
2015-05-28;95.64;1.303;9.561;10.248
2015-05-29;96.295;1.256;9.341;9.985
2015-06-01;95.485;1.314;14.487;15.538
2015-06-02;93.32;1.47;12.498;13.626
2015-06-03;91.34;1.617;9.333;10.326
2015-06-04;91.667;1.593;10.2;11.252
2015-06-05;91.068;1.638;13.222;14.66
2015-06-08;90.4;1.688;17.307;19.251
2015-06-09;89.365;1.768;11.769;13.221
2015-06-10;88.727;1.817;13.179;14.875
2015-06-11;90.06;1.715;13.406;14.971
2015-06-12;90.1;1.712;16.543;18.449
2015-06-15;89.36;1.769;19.153;21.476
2015-06-16;89.61;1.75;20.8;23.266
2015-06-17;89.765;1.738;19.198;21.46
2015-06-18;90.143;1.709;16.891;18.841
2015-06-19;90.663;1.67;17.0;18.897
2015-06-22;89.278;1.776;26.102;29.253
2015-06-23;89.39;1.767;14.136;15.901
2015-06-24;89.483;1.76;15.483;17.401
2015-06-25;89.218;1.781;15.391;17.333
2015-06-26;88.088;1.869;17.211;19.547
2015-06-29;88.825;1.812;12.323;13.931
2015-06-30;89.3;1.775;19.922;22.403
2015-07-01;88.355;1.849;20.857;23.646
2015-07-02;87.558;1.912;21.171;24.152
2015-07-03;88.47;1.84;20.57;23.314
2015-07-06;88.413;1.845;20.398;23.131
2015-07-07;90.005;1.722;24.552;27.434
2015-07-08;90.38;1.693;21.805;24.294
2015-07-09;89.838;1.735;21.063;23.593
2015-07-10;88.203;1.862;16.632;18.89
2015-07-13;88.163;1.865;16.636;18.901
2015-07-14;88.6;1.831;16.766;19.011
2015-07-15;89.803;1.738;15.312;17.212
2015-07-16;90.085;1.717;12.509;14.033
2015-07-17;91.213;1.631;10.133;11.287
2015-07-20;91.855;1.583;8.431;9.347
2015-07-21;91.208;1.632;10.801;12.029
2015-07-22;91.718;1.593;11.862;13.139
2015-07-23;92.008;1.572;10.16;11.246
2015-07-24;93.028;1.496;8.599;9.439
2015-07-27;92.905;1.505;10.556;11.584
2015-07-28;92.903;1.505;9.699;10.648
2015-07-29;92.383;1.544;9.616;10.616
2015-07-30;93.358;1.472;8.693;9.528
2015-07-31;93.455;1.465;10.394;11.371
2015-08-03;93.243;1.481;12.123;13.271
2015-08-04;92.75;1.517;13.49;14.819
2015-08-05;91.118;1.64;13.555;15.086
2015-08-06;91.8;1.589;13.57;15.012
2015-08-07;92.175;1.561;15.302;16.886
2015-08-10;91.738;1.594;15.062;16.66
2015-08-11;92.805;1.514;15.289;16.775
2015-08-12;92.933;1.504;16.325;17.889
2015-08-13;92.633;1.527;16.149;17.745
2015-08-14;92.41;1.544;14.984;16.495
2015-08-17;92.875;1.509;14.524;15.925
2015-08-18;92.55;1.533;14.998;16.495
2015-08-19;92.755;1.518;15.746;17.285
2015-08-20;93.125;1.491;17.028;18.63
2015-08-21;93.205;1.485;19.099;20.868
2015-08-24;92.818;1.514;19.235;21.067
2015-08-25;90.865;1.661;19.998;22.229
2015-08-26;91.505;1.613;18.886;20.895
2015-08-27;91.05;1.648;18.535;20.6
2015-08-28;91.09;1.645;18.694;20.765
2015-08-31;90.263;1.708;19.175;21.419
2015-09-01;90.262;1.708;17.9;20.004
2015-09-02;90.697;1.675;16.524;18.427
2015-09-03;91.428;1.62;15.669;17.39
2015-09-04;92.153;1.565;16.334;18.026
2015-09-07;91.438;1.619;19.894;22.053
2015-09-08;91.548;1.611;18.38;20.365
2015-09-09;91.825;1.59;13.802;15.283
2015-09-10;92.025;1.575;13.069;14.462
2015-09-11;92.008;1.576;16.696;18.459
2015-09-14;91.983;1.578;16.135;17.846
2015-09-15;90.84;1.665;14.834;16.563
2015-09-16;90.455;1.695;15.151;16.948
2015-09-17;90.518;1.691;14.708;16.441
2015-09-18;92.325;1.553;12.018;13.279
2015-09-21;91.883;1.587;12.217;13.535
2015-09-22;93.06;1.498;11.978;13.151
2015-09-23;93.018;1.501;12.235;13.432
2015-09-24;93.048;1.499;12.331;13.527
2015-09-25;92.318;1.554;12.288;13.578
2015-09-28;92.923;1.509;13.498;14.829
2015-09-29;93.18;1.49;11.759;12.899
2015-09-30;93.145;1.492;11.286;12.39
2015-10-01;93.695;1.452;11.977;13.11
2015-10-02;94.273;1.409;11.747;12.789
2015-10-05;93.31;1.48;12.005;13.168
2015-10-06;92.76;1.522;12.883;14.186
2015-10-07;92.878;1.513;12.959;14.245
2015-10-08;93.013;1.503;12.747;13.992
2015-10-09;92.77;1.521;10.72;11.81
2015-10-12;93.298;1.482;11.211;12.299
2015-10-13;93.173;1.491;10.469;11.497
2015-10-14;93.718;1.451;10.305;11.289
2015-10-15;93.58;1.461;10.67;11.695
2015-10-16;93.843;1.442;8.986;9.841
2015-10-19;93.51;1.466;9.805;10.76
2015-10-20;92.725;1.525;10.835;11.949
2015-10-21;93.703;1.452;9.572;10.49
2015-10-22;94.873;1.366;5.392;5.881
2015-10-23;94.628;1.384;5.62;6.136
2015-10-26;94.705;1.378;7.181;7.83
2015-10-27;95.505;1.32;7.779;8.43
2015-10-28;95.727;1.304;7.373;7.97
2015-10-29;94.643;1.383;5.93;6.471
2015-10-30;94.755;1.375;5.932;6.47
2015-11-02;93.792;1.446;8.658;9.498
2015-11-03;93.508;1.468;8.717;9.586
2015-11-04;93.133;1.496;9.256;10.194
2015-11-05;92.825;1.519;12.061;13.311
2015-11-06;91.873;1.592;12.707;14.11
2015-11-09;91.875;1.592;16.138;17.919
2015-11-10;92.477;1.546;12.448;13.799
2015-11-11;92.683;1.53;11.954;13.232
2015-11-12;92.773;1.524;11.622;12.849
2015-11-13;93.393;1.477;10.805;11.897
2015-11-16;93.648;1.458;10.227;11.249
2015-11-17;93.55;1.466;11.762;12.939
2015-11-18;93.968;1.434;11.283;12.372
2015-11-19;94.33;1.408;12.153;13.27
2015-11-20;94.485;1.396;13.412;14.623
2015-11-23;93.895;1.44;14.35;15.733
2015-11-24;94.07;1.427;12.973;14.204
2015-11-25;94.498;1.396;12.115;13.225
2015-11-26;94.498;1.396;11.434;12.484
2015-11-27;94.71;1.38;10.486;11.446
2015-11-30;94.35;1.407;11.379;12.443
2015-12-01;94.18;1.42;13.132;14.385
2015-12-02;94.38;1.405;12.308;13.462
2015-12-03;91.975;1.587;15.558;17.261
2015-12-04;91.875;1.594;15.347;17.036
2015-12-07;93.352;1.482;13.067;14.366
2015-12-08;93.87;1.443;10.75;11.788
2015-12-09;93.278;1.488;11.989;13.188
2015-12-10;93.508;1.471;11.997;13.186
2015-12-11;93.818;1.447;13.143;14.409
2015-12-14;92.878;1.519;16.523;18.209
2015-12-15;92.23;1.568;15.82;17.516
2015-12-16;91.71;1.608;15.952;17.713
2015-12-17;92.608;1.539;16.146;17.832
2015-12-18;93.235;1.492;17.103;18.772
2015-12-21;93.203;1.494;14.842;16.302
2015-12-22;92.353;1.559;15.422;17.054
2015-12-23;91.795;1.602;16.46;18.256
2015-12-24;91.625;1.616;17.891;19.867
2015-12-25;91.625;1.616;17.855;19.827
2015-12-28;92.783;1.527;16.678;18.368
2015-12-29;91.425;1.631;18.581;20.675
2015-12-30;91.583;1.62;16.712;18.583
2015-12-31;91.583;1.62;;
2016-01-01;91.583;1.62;;
2016-01-04;92.163;1.575;18.633;20.625
2016-01-05;92.393;1.557;19.558;21.628
2016-01-06;92.823;1.525;19.559;21.563
2016-01-07;92.27;1.567;19.934;22.065
2016-01-08;92.775;1.529;19.18;21.157
2016-01-11;92.413;1.556;21.003;23.211
2016-01-12;92.633;1.54;22.132;24.403
2016-01-13;93.188;1.497;20.845;22.88
2016-01-14;92.843;1.524;20.852;22.966
2016-01-15;93.123;1.503;20.877;22.938
2016-01-18;93.15;1.501;20.137;22.131
2016-01-19;93.185;1.498;19.604;21.545
2016-01-20;93.815;1.451;21.922;23.981
2016-01-21;94.395;1.407;20.748;22.61
2016-01-22;93.918;1.443;20.325;22.251
2016-01-25;94.155;1.425;20.368;22.247
2016-01-26;94.705;1.384;19.068;20.747
2016-01-27;94.928;1.367;17.771;19.309
2016-01-28;95.203;1.347;19.776;21.434
2016-01-29;96.78;1.231;16.156;17.333
2016-02-01;96.485;1.253;17.566;18.874
2016-02-02;96.845;1.226;17.887;19.168
2016-02-03;97.605;1.171;17.416;18.56
2016-02-04;97.308;1.193;16.572;17.69
2016-02-05;97.243;1.197;17.964;19.17
2016-02-08;97.99;1.143;20.338;21.571
2016-02-09;97.47;1.181;22.376;23.799
2016-02-10;97.288;1.194;22.131;23.567
2016-02-11;97.695;1.165;24.064;25.534
2016-02-12;96.858;1.226;23.282;24.848
2016-02-15;97.183;1.202;23.745;25.282
2016-02-16;96.578;1.246;24.824;26.565
2016-02-17;96.778;1.232;24.03;25.678
2016-02-18;97.915;1.149;21.979;23.309
2016-02-19;98.19;1.129;20.887;22.11
2016-02-22;98.805;1.085;20.072;21.155
2016-02-23;98.815;1.084;20.023;21.098
2016-02-24;99.03;1.069;21.357;22.455
2016-02-25;99.072;1.066;20.502;21.569
2016-02-26;99.028;1.069;19.284;20.313
2016-02-29;99.265;1.052;20.904;21.995
2016-03-01;98.548;1.104;21.746;22.983
2016-03-02;97.52;1.178;21.771;23.197
2016-03-03;97.945;1.147;22.244;23.652
2016-03-04;97.385;1.188;20.921;22.309
2016-03-07;97.548;1.176;19.588;20.891
2016-03-08;98.395;1.115;17.204;18.248
2016-03-09;97.71;1.164;16.484;17.569
2016-03-10;97.008;1.216;17.185;18.375
2016-03-11;98.03;1.141;12.544;13.346
2016-03-14;98.068;1.138;11.858;12.614
2016-03-15;97.465;1.182;13.603;14.515
2016-03-16;97.763;1.161;12.732;13.566
2016-03-17;99.03;1.069;12.689;13.399
2016-03-18;99.37;1.045;11.602;12.228
2016-03-21;99.155;1.06;10.378;10.963
2016-03-22;99.478;1.037;10.184;10.73
2016-03-23;99.55;1.032;10.858;11.429
2016-03-24;99.775;1.016;10.5;11.027
2016-03-25;99.775;1.016;10.388;10.909
2016-03-28;99.775;1.016;10.628;11.162
2016-03-29;100.688;0.951;8.105;8.477
2016-03-30;100.655;0.954;6.608;6.919
2016-03-31;100.688;0.951;6.612;6.92
2016-04-01;101.03;0.927;6.412;6.69
2016-04-04;101.11;0.921;6.473;6.747
2016-04-05;101.345;0.905;8.252;8.569
2016-04-06;100.748;0.947;9.689;10.118
2016-04-07;100.998;0.929;10.495;10.935
2016-04-08;100.838;0.941;9.969;10.407
2016-04-11;100.16;0.989;12.656;13.255
2016-04-12;99.088;1.065;14.576;15.381
2016-04-13;99.98;1.001;12.591;13.195
2016-04-14;99.318;1.049;13.426;14.147
2016-04-15;99.985;1.001;12.918;13.672
2016-04-18;99.615;1.027;12.208;12.973
2016-04-19;99.44;1.04;11.858;12.625
2016-04-20;99.715;1.02;11.722;12.458
2016-04-21;98.708;1.093;10.68;11.438
2016-04-22;98.465;1.111;11.823;12.669
2016-04-25;97.76;1.162;13.41;14.419
2016-04-26;97.39;1.189;12.113;13.058
2016-04-27;97.102;1.21;14.812;15.944
2016-04-28;97.703;1.166;12.775;13.724
2016-04-29;97.635;1.171;12.346;13.275
2016-05-02;98.093;1.138;10.462;11.222
2016-05-03;99.063;1.067;10.395;11.082
2016-05-04;99.03;1.07;10.182;10.865
2016-05-05;99.45;1.039;11.359;12.053
2016-05-06;99.473;1.038;12.728;13.492
2016-05-09;99.733;1.019;12.797;13.525
2016-05-10;99.648;1.025;13.869;14.651
2016-05-11;99.908;1.007;11.095;11.727
2016-05-12;99.53;1.034;10.754;11.408
2016-05-13;100.29;0.979;8.969;9.477
2016-05-16;99.977;1.002;9.581;10.121
2016-05-17;100.133;0.99;9.165;9.677
2016-05-18;99.623;1.027;9.09;9.651
2016-05-19;99.87;1.009;7.856;8.315
2016-05-20;99.95;1.004;7.767;8.2
2016-05-23;99.805;1.014;6.161;6.543
2016-05-24;99.963;1.003;5.702;6.046
2016-05-25;100.468;0.966;5.274;5.588
2016-05-26;100.417;0.97;6.217;6.563
2016-05-27;100.563;0.96;5.113;5.404
2016-05-30;100.143;0.99;5.192;5.496
2016-05-31;100.608;0.956;4.908;5.2
2016-06-01;100.625;0.955;4.552;4.828
2016-06-02;100.735;0.947;5.212;5.504
2016-06-03;101.638;0.883;4.276;4.49
2016-06-06;101.213;0.913;4.269;4.497
2016-06-07;101.988;0.858;2.678;2.833
2016-06-08;102.178;0.845;0.971;1.06
2016-06-09;102.733;0.806;0.063;0.093
2016-06-10;103.04;0.785;0.132;0.17
2016-06-13;102.385;0.83;3.037;3.173
2016-06-14;102.258;0.839;5.937;6.166
2016-06-15;102.578;0.817;3.986;4.134
2016-06-16;102.855;0.797;4.83;4.976
2016-06-17;102.473;0.824;3.55;3.691
2016-06-20;102.7;0.808;-0.719;-0.727
2016-06-21;102.895;0.794;-3.143;-3.227
2016-06-22;102.875;0.796;-5.787;-5.952
2016-06-23;102.235;0.841;-4.825;-4.962
2016-06-24;103.85;0.728;-2.174;-2.154
2016-06-27;105.62;0.606;-6.386;-6.394
2016-06-28;105.99;0.581;-10.294;-10.327
2016-06-29;106.292;0.561;-10.82;-10.838
2016-06-30;106.693;0.534;-11.781;-11.774
2016-07-01;106.903;0.519;-12.738;-12.722
2016-07-04;106.595;0.54;-6.901;-6.852
2016-07-05;107.167;0.501;-7.24;-7.175
2016-07-06;107.395;0.486;-9.443;-9.363
2016-07-07;107.273;0.494;-9.495;-9.44
2016-07-08;107.738;0.463;-10.15;-10.046
2016-07-11;107.353;0.489;-9.054;-8.983
2016-07-12;106.118;0.572;-7.98;-7.953
2016-07-13;107.088;0.506;-7.752;-7.704
2016-07-14;106.508;0.545;-7.736;-7.689
2016-07-15;105.77;0.595;-6.686;-6.698
2016-07-18;105.893;0.586;-5.666;-5.633
2016-07-19;106.12;0.571;-7.492;-7.484
2016-07-20;105.883;0.587;-8.191;-8.191
2016-07-21;106.008;0.578;-9.029;-9.031
2016-07-22;106.269;0.56;-10.225;-10.21
2016-07-25;106.553;0.541;-10.762;-10.743
2016-07-26;106.669;0.533;-12.136;-12.11
2016-07-27;107.601;0.471;-12.867;-12.794
2016-07-28;107.82;0.456;-13.073;-12.976
2016-07-29;108.307;0.423;-13.555;-13.418
2016-08-01;107.987;0.444;-12.134;-12.024
2016-08-02;107.012;0.51;-12.074;-12.051
2016-08-03;106.905;0.517;-10.286;-10.264
2016-08-04;107.424;0.481;-8.732;-8.678
2016-08-05;106.932;0.515;-8.637;-8.604
2016-08-08;106.978;0.511;-9.225;-9.203
2016-08-09;107.23;0.494;-8.619;-8.574
2016-08-10;107.858;0.452;-9.38;-9.304
2016-08-11;107.598;0.469;-9.827;-9.742
2016-08-12;107.715;0.461;-9.171;-9.08
2016-08-15;107.435;0.48;-10.599;-10.528
2016-08-16;106.856;0.519;-10.931;-10.907
2016-08-17;107.39;0.483;-12.479;-12.407
2016-08-18;107.862;0.451;-12.619;-12.496
2016-08-19;107.029;0.507;-11.216;-11.182
2016-08-22;107.913;0.447;-11.486;-11.388
2016-08-23;107.842;0.452;-9.977;-9.873
2016-08-24;107.61;0.467;-8.705;-8.603
2016-08-25;107.294;0.488;-7.522;-7.44
2016-08-26;107.002;0.508;-5.617;-5.534
2016-08-29;107.048;0.505;-5.818;-5.737
2016-08-30;107.221;0.493;-4.434;-4.359
2016-08-31;106.754;0.525;-4.466;-4.411
2016-09-01;106.453;0.545;-2.787;-2.722
2016-09-02;106.096;0.569;-2.779;-2.74
2016-09-05;106.167;0.564;-2.558;-2.504
2016-09-06;107.364;0.483;-5.819;-5.764
2016-09-07;107.751;0.457;-8.365;-8.265
2016-09-08;106.489;0.542;-5.374;-5.319
2016-09-09;105.138;0.634;-3.051;-2.995
2016-09-12;104.769;0.66;-2.63;-2.56
2016-09-13;104.332;0.69;-2.033;-1.984
2016-09-14;105.077;0.639;-4.084;-4.041
2016-09-15;104.711;0.664;-2.937;-2.893
2016-09-16;105.002;0.643;-3.505;-3.503
2016-09-19;104.897;0.651;-3.406;-3.36
2016-09-20;105.7;0.595;-4.55;-4.529
2016-09-21;105.568;0.604;-6.182;-6.19
2016-09-22;107.125;0.497;-7.308;-7.241
2016-09-23;106.921;0.511;-6.747;-6.706
2016-09-26;107.294;0.486;-7.05;-6.983
2016-09-27;107.386;0.479;-7.736;-7.615
2016-09-28;107.517;0.47;-7.32;-7.227
2016-09-29;107.033;0.503;-5.94;-5.851
2016-09-30;106.954;0.508;-5.912;-5.841
2016-10-03;106.392;0.547;-4.038;-3.936
2016-10-04;105.818;0.586;-3.775;-3.683
2016-10-05;104.834;0.654;-2.517;-2.388
2016-10-06;105.368;0.617;-5.002;-4.974
2016-10-07;105.027;0.64;-7.052;-6.995
2016-10-10;104.621;0.669;-9.237;-9.306
2016-10-11;104.977;0.644;-7.941;-8.025
2016-10-12;104.262;0.694;-6.054;-6.114
2016-10-13;104.845;0.653;-6.889;-6.916
2016-10-14;104.717;0.662;-8.503;-8.569
2016-10-17;104.507;0.676;-6.389;-6.422
2016-10-18;104.839;0.653;-6.268;-6.278
2016-10-19;105.038;0.639;-6.959;-7.028
2016-10-20;105.607;0.599;-8.25;-8.33
2016-10-21;105.515;0.606;-8.557;-8.573
2016-10-24;105.284;0.622;-8.833;-8.832
2016-10-25;105.232;0.625;-7.829;-7.847
2016-10-26;104.369;0.685;-7.067;-7.096
2016-10-27;103.01;0.782;-5.017;-5.055
2016-10-28;103.202;0.768;-4.947;-4.968
2016-10-31;103.268;0.763;-4.336;-4.432
2016-11-01;102.75;0.8;-3.364;-3.479
2016-11-02;103.316;0.76;-3.802;-3.777
2016-11-03;102.953;0.785;-4.495;-4.507
2016-11-04;103.173;0.77;-3.834;-3.813
2016-11-07;103.15;0.771;-5.299;-5.344
2016-11-08;102.515;0.817;-4.294;-4.314
2016-11-09;101.991;0.854;-3.37;-3.312
2016-11-10;100.005;1.0;3.148;3.401
2016-11-11;98.964;1.077;8.126;8.663
2016-11-14;98.265;1.129;10.875;11.592
2016-11-15;99.391;1.045;3.648;3.805
2016-11-16;99.392;1.045;4.88;5.213
2016-11-17;99.345;1.049;5.901;6.275
2016-11-18;99.075;1.069;8.13;8.62
2016-11-21;99.54;1.034;5.265;5.601
2016-11-22;100.08;0.994;4.783;5.065
2016-11-23;99.358;1.048;8.399;8.902
2016-11-24;99.259;1.055;8.072;8.558
2016-11-25;99.345;1.049;7.25;7.697
2016-11-28;99.952;1.003;6.128;6.576
2016-11-29;100.684;0.949;0.482;0.567
2016-11-30;99.666;1.025;1.557;1.622
2016-12-01;98.584;1.106;0.248;0.313
2016-12-02;99.885;1.008;-0.184;-0.146
2016-12-05;99.069;1.069;1.819;1.975
2016-12-06;98.747;1.094;-0.218;-0.189
2016-12-07;99.016;1.073;;0.049
2016-12-08;98.119;1.141;1.882;2.043
2016-12-09;97.54;1.185;4.579;4.916
2016-12-12;96.831;1.24;5.239;5.696
2016-12-13;97.821;1.164;2.991;3.23
2016-12-14;98.599;1.105;2.534;2.711
2016-12-15;98.177;1.137;0.225;0.278
2016-12-16;98.843;1.087;-0.4;-0.393
2016-12-19;99.902;1.007;-1.621;-1.682
2016-12-20;99.838;1.012;-3.674;-3.839
2016-12-21;100.187;0.986;-4.011;-4.189
2016-12-22;99.709;1.022;-3.499;-3.658
2016-12-23;100.291;0.978;-4.163;-4.334
2016-12-26;100.291;0.978;-6.086;-6.361
2016-12-27;100.494;0.963;-5.531;-5.746
2016-12-28;100.299;0.978;-3.015;-3.116
2016-12-29;100.654;0.951;-2.062;-2.11
2016-12-30;100.092;0.993;-1.185;-1.194
2017-01-02;100.121;0.991;-0.909;-0.923
2017-01-03;98.637;1.102;5.409;5.751
2017-01-04;98.008;1.15;9.212;9.812
2017-01-05;98.308;1.127;11.046;11.683
2017-01-06;97.75;1.17;9.079;9.729
2017-01-09;98.069;1.146;9.408;10.059
2017-01-10;97.837;1.163;10.616;11.368
2017-01-11;98.321;1.127;10.872;11.591
2017-01-12;98.005;1.151;12.907;13.899
2017-01-13;97.468;1.192;14.43;15.403
2017-01-16;97.644;1.178;13.716;14.688
2017-01-17;98.014;1.15;10.948;11.722
2017-01-18;97.682;1.176;10.28;11.043
2017-01-19;97.264;1.208;9.95;10.718
2017-01-20;96.617;1.258;10.38;11.239
2017-01-23;97.45;1.194;9.5;10.16
2017-01-24;96.866;1.239;9.758;10.573
2017-01-25;95.689;1.331;14.034;15.258
2017-01-26;95.029;1.383;16.647;18.145
2017-01-27;95.195;1.37;17.944;19.578
2017-01-30;95.12;1.376;18.877;20.545
2017-01-31;95.598;1.338;15.928;17.309
2017-02-01;95.451;1.35;13.838;15.235
2017-02-02;96.048;1.303;13.562;14.518
2017-02-03;95.365;1.357;18.873;20.513
2017-02-06;94.751;1.406;24.27;26.553
2017-02-07;94.947;1.39;24.205;26.338
2017-02-08;96.635;1.257;16.865;18.31
2017-02-09;97.205;1.213;11.974;12.897
2017-02-10;96.723;1.251;12.774;13.811
2017-02-13;96.996;1.23;8.797;9.542
2017-02-14;96.587;1.261;8.295;9.032
2017-02-15;96.472;1.271;9.735;10.572
2017-02-16;97.031;1.227;9.768;10.572
2017-02-17;97.189;1.215;11.252;12.124
2017-02-20;96.993;1.23;11.648;12.587
2017-02-21;96.844;1.242;11.817;12.76
2017-02-22;97.953;1.156;5.138;5.59
2017-02-23;98.313;1.128;6.311;6.807
2017-02-24;98.988;1.077;5.959;6.464
2017-02-27;99.403;1.045;3.551;3.85
2017-02-28;99.423;1.044;2.834;3.093
2017-03-01;98.947;1.08;2.249;2.466
2017-03-02;98.434;1.119;0.72;0.865
2017-03-03;98.122;1.143;-0.609;-0.543
2017-03-06;97.914;1.159;2.148;2.413
2017-03-07;97.801;1.168;3.139;3.567
2017-03-08;97.195;1.215;5.194;5.654
2017-03-09;96.348;1.281;5.65;6.182
2017-03-10;95.98;1.311;4.486;4.936
2017-03-13;96.147;1.297;5.736;6.25
2017-03-14;96.371;1.28;6.788;7.373
2017-03-15;97.036;1.228;4.337;4.664
2017-03-16;96.462;1.273;6.398;6.954
2017-03-17;96.56;1.265;8.752;9.475
2017-03-20;96.241;1.29;10.123;10.962
2017-03-21;96.25;1.29;9.332;10.102
2017-03-22;96.807;1.246;8.931;9.631
2017-03-23;96.635;1.26;8.658;9.364
2017-03-24;97.205;1.215;6.079;6.564
2017-03-27;97.245;1.212;8.114;8.696
2017-03-28;97.409;1.199;7.656;8.208
2017-03-29;97.686;1.178;7.024;7.534
2017-03-30;97.297;1.208;10.63;11.396
2017-03-31;97.194;1.216;10.936;11.727
2017-04-03;97.5;1.192;11.665;12.417
2017-04-04;97.893;1.162;9.005;9.642
2017-04-05;97.962;1.156;8.14;8.8
2017-04-06;98.273;1.132;6.192;6.675
2017-04-07;98.345;1.127;8.284;8.645
2017-04-10;98.328;1.128;9.436;10.147
2017-04-11;98.377;1.124;9.472;10.089
2017-04-12;98.893;1.085;6.493;6.934
2017-04-13;99.044;1.073;7.229;7.704
2017-04-14;99.044;1.073;;
2017-04-17;99.044;1.073;8.479;8.846
2017-04-18;99.258;1.057;9.118;9.877
2017-04-19;99.466;1.041;4.981;5.138
2017-04-20;98.959;1.08;4.714;5.247
2017-04-21;98.758;1.095;3.3;3.572
2017-04-24;98.881;1.086;-1.068;-1.075
2017-04-25;97.915;1.161;1.426;1.609
2017-04-26;97.922;1.16;2.488;2.709
2017-04-27;98.61;1.107;1.248;1.351
2017-04-28;98.473;1.117;-0.234;-0.2
2017-05-01;98.473;1.117;0.085;-0.005
2017-05-02;98.748;1.096;-3.1;-3.259
2017-05-03;98.725;1.098;-1.929;-1.991
2017-05-04;98.481;1.117;-5.939;-6.084
2017-05-05;98.118;1.145;-3.655;-3.811
2017-05-08;97.906;1.162;-1.684;-1.725
2017-05-09;97.431;1.199;1.014;1.111
2017-05-10;97.653;1.181;1.419;1.56
2017-05-11;97.276;1.211;3.675;3.957
2017-05-12;97.937;1.159;2.086;2.262
2017-05-15;97.46;1.197;3.289;3.537
2017-05-16;97.219;1.216;3.868;4.176
2017-05-17;97.951;1.158;2.375;2.573
2017-05-18;98.345;1.128;1.369;1.503
2017-05-19;98.308;1.131;-0.569;-0.549
2017-05-22;97.993;1.155;-1.106;-1.1
2017-05-23;98.211;1.138;-4.067;-4.066
2017-05-24;98.292;1.132;-4.599;-4.827
2017-05-25;98.864;1.088;-6.01;-6.307
2017-05-26;99.423;1.044;-7.205;-7.545
2017-05-29;99.637;1.028;-7.944;-8.307
2017-05-30;99.736;1.02;-8.3;-8.822
2017-05-31;99.678;1.025;-9.012;-9.442
2017-06-01;99.603;1.03;-9.627;-10.095
2017-06-02;99.765;1.018;-9.597;-10.17
2017-06-05;99.451;1.042;-8.11;-8.614
2017-06-06;100.054;0.996;-10.504;-10.998
2017-06-07;99.802;1.015;-8.958;-9.385
2017-06-08;100.225;0.983;-10.674;-11.16
2017-06-09;99.854;1.011;-8.604;-9.018
2017-06-12;100.242;0.981;-10.194;-10.591
2017-06-13;100.263;0.98;-12.176;-12.735
2017-06-14;100.872;0.933;-12.467;-12.945
2017-06-15;100.34;0.974;-11.758;-12.301
2017-06-16;100.238;0.982;-10.786;-11.308
2017-06-19;100.399;0.969;-11.557;-12.084
2017-06-20;100.742;0.943;-12.055;-12.578
2017-06-21;100.73;0.944;-10.412;-10.848
2017-06-22;100.709;0.946;-8.277;-8.616
2017-06-23;100.402;0.969;-7.66;-7.982
2017-06-26;100.388;0.97;-7.379;-7.689
2017-06-27;98.886;1.086;-5.501;-5.773
2017-06-28;99.232;1.059;-6.986;-7.339
2017-06-29;98.196;1.14;-5.957;-6.292
2017-06-30;97.964;1.159;-5.713;-6.03
2017-07-03;97.828;1.169;-6.647;-7.03
2017-07-04;97.629;1.185;-6.926;-7.35
2017-07-05;97.667;1.182;-6.908;-7.316
2017-07-06;96.575;1.269;-4.488;-4.596
2017-07-07;96.439;1.28;-5.095;-5.44
2017-07-10;96.729;1.257;-3.717;-3.938
2017-07-11;96.531;1.273;-2.515;-2.649
2017-07-12;97.125;1.226;-4.209;-4.245
2017-07-13;96.811;1.251;-3.484;-3.683
2017-07-14;97.029;1.233;-4.746;-5.032
2017-07-17;97.184;1.221;-5.182;-5.503
2017-07-18;97.479;1.198;-5.737;-6.098
2017-07-19;97.682;1.182;-5.348;-5.659
2017-07-20;97.821;1.171;-7.266;-7.695
2017-07-21;97.965;1.159;-6.733;-7.406
2017-07-24;98.111;1.148;-8.276;-8.714
2017-07-25;97.566;1.191;-8.06;-8.858
2017-07-26;97.647;1.185;-8.874;-9.45
2017-07-27;97.683;1.182;-8.387;-8.893
2017-07-28;97.605;1.188;-8.983;-9.68
2017-07-31;97.678;1.182;-9.627;-10.229
2017-08-01;98.428;1.123;-9.98;-10.537
2017-08-02;98.414;1.124;-9.345;-10.019
2017-08-03;98.862;1.089;-10.518;-11.083
2017-08-04;98.551;1.113;-9.1;-9.611
2017-08-07;98.66;1.105;-9.291;-9.813
2017-08-08;98.379;1.127;-7.711;-8.451
2017-08-09;98.933;1.083;-8.761;-9.212
2017-08-10;98.981;1.08;-7.648;-8.047
2017-08-11;99.439;1.044;-8.472;-8.896
2017-08-14;99.081;1.072;-8.521;-8.965
2017-08-15;98.73;1.099;-7.311;-7.728
2017-08-16;98.495;1.118;-6.95;-7.357
2017-08-17;98.695;1.102;-6.208;-6.567
2017-08-18;98.869;1.088;-6.321;-6.679
2017-08-21;98.951;1.082;-6.203;-6.537
2017-08-22;98.891;1.087;-5.6;-5.892
2017-08-23;99.253;1.058;-7.172;-7.547
2017-08-24;99.281;1.056;-7.711;-8.109
2017-08-25;99.182;1.064;-7.62;-8.019
2017-08-28;99.176;1.064;-7.922;-8.129
2017-08-29;99.691;1.024;-7.926;-8.311
2017-08-30;99.423;1.045;-6.887;-7.23
2017-08-31;99.471;1.041;-7.116;-7.466
2017-09-01;99.017;1.077;-5.695;-5.873
2017-09-04;99.078;1.072;-5.257;-5.419
2017-09-05;99.506;1.039;-5.626;-5.8
2017-09-06;99.354;1.051;-5.819;-5.832
2017-09-07;99.768;1.018;-7.801;-7.998
2017-09-08;99.602;1.031;-7.357;-7.703
2017-09-11;99.379;1.049;-7.341;-7.711
2017-09-12;98.602;1.11;-6.897;-7.298
2017-09-13;98.926;1.084;-8.377;-8.85
2017-09-14;98.877;1.088;-9.265;-9.789
2017-09-15;98.81;1.094;-10.595;-11.214
2017-09-18;98.563;1.113;-10.607;-11.227
2017-09-19;98.766;1.097;-11.264;-11.909
2017-09-20;98.678;1.104;-9.048;-9.569
2017-09-21;98.586;1.111;-9.476;-10.019
2017-09-22;98.696;1.103;-9.883;-10.402
2017-09-25;98.999;1.079;-9.533;-10.042
2017-09-26;98.933;1.084;-9.229;-9.726
2017-09-27;98.27;1.137;-8.889;-9.399
2017-09-28;98.239;1.139;-10.251;-10.864
2017-09-29;98.682;1.104;-12.259;-12.954
2017-10-02;98.788;1.096;-12.36;-13.063
2017-10-03;98.576;1.112;-12.129;-12.839
2017-10-04;98.511;1.118;-10.755;-11.369
2017-10-05;98.569;1.113;-10.561;-11.091
2017-10-06;98.53;1.116;-10.874;-11.475
2017-10-09;98.738;1.1;-10.403;-10.987
2017-10-10;98.747;1.099;-10.514;-11.116
2017-10-11;98.489;1.12;-10.503;-11.043
2017-10-12;98.675;1.105;-10.313;-10.905
2017-10-13;99.08;1.073;-11.165;-11.748
2017-10-16;99.459;1.043;-10.813;-11.367
2017-10-17;99.701;1.023;-11.714;-12.284
2017-10-18;99.317;1.054;-10.969;-11.518
2017-10-19;99.253;1.059;-10.617;-11.163
2017-10-20;98.625;1.109;-10.702;-11.312
2017-10-23;99.01;1.078;-11.39;-12.018
2017-10-24;98.617;1.11;-11.529;-12.19
2017-10-25;98.636;1.108;-13.043;-13.786
2017-10-26;99.273;1.057;-13.15;-13.849
2017-10-27;99.494;1.04;-14.198;-14.94
2017-10-30;99.878;1.01;-14.764;-15.508
2017-10-31;100.087;0.993;-15.404;-16.156
2017-11-01;99.968;1.002;-15.661;-16.44
2017-11-02;99.983;1.001;-15.382;-16.143
2017-11-03;100.029;0.998;-14.96;-15.697
2017-11-06;100.304;0.976;-14.826;-15.516
2017-11-07;100.776;0.939;-17.969;-18.764
2017-11-08;100.536;0.958;-16.07;-16.793
2017-11-09;99.821;1.014;-14.843;-15.594
2017-11-10;99.505;1.039;-15.161;-15.962
2017-11-13;99.597;1.032;-16.324;-17.193
2017-11-14;99.88;1.009;-16.446;-17.286
2017-11-15;100.232;0.982;-17.253;-18.088
2017-11-16;100.25;0.98;-17.008;-17.818
2017-11-17;100.425;0.966;-17.307;-18.109
2017-11-20;100.56;0.956;-18.3;-19.139
2017-11-21;100.846;0.933;-18.36;-19.16
2017-11-22;101.052;0.917;-18.854;-19.648
2017-11-23;100.891;0.93;-16.805;-17.525
2017-11-24;100.619;0.951;-15.994;-16.698
2017-11-27;100.893;0.93;-16.683;-17.383
2017-11-28;100.858;0.932;-16.668;-17.366
2017-11-29;100.416;0.967;-16.573;-17.311
2017-11-30;100.803;0.937;-17.89;-18.642
2017-12-01;101.835;0.856;-20.945;-21.7
2017-12-04;101.27;0.9;-18.882;-19.642
2017-12-05;101.625;0.872;-19.151;-19.854
2017-12-06;101.854;0.854;-19.83;-20.529
2017-12-07;101.838;0.855;-21.554;-22.331
2017-12-08;101.649;0.87;-21.088;-21.876
2017-12-11;101.887;0.852;-21.196;-21.945
2017-12-12;101.571;0.876;-20.934;-21.723
2017-12-13;101.321;0.896;-18.709;-19.447
2017-12-14;101.551;0.878;-19.043;-19.757
2017-12-15;101.861;0.853;-19.979;-20.675
2017-12-18;101.912;0.849;-21.341;-22.086
2017-12-19;100.895;0.929;-19.089;-19.883
2017-12-20;100.566;0.955;-19.058;-19.881
2017-12-21;100.613;0.951;-20.025;-20.879
2017-12-22;100.524;0.958;-20.182;-21.052
2017-12-25;100.524;0.958;-20.179;-21.048
2017-12-26;100.524;0.958;-20.169;-21.05
2017-12-27;100.819;0.935;-18.844;-19.603
2017-12-28;100.24;0.981;-16.581;-17.319
2017-12-29;100.024;0.998;-15.338;-16.049
2018-01-01;100.024;0.998;-15.414;-16.125
2018-01-02;99.395;1.048;-13.668;-14.344
2018-01-03;99.828;1.014;-14.449;-15.135
2018-01-04;99.935;1.005;-14.323;-14.991
2018-01-05;99.787;1.017;-13.731;-14.382
2018-01-08;99.786;1.017;-12.798;-13.404
2018-01-09;99.272;1.058;-11.964;-12.557
2018-01-10;99.226;1.062;-13.365;-14.051
2018-01-11;98.878;1.09;-12.756;-13.445
2018-01-12;99.029;1.078;-14.347;-15.097
2018-01-15;98.85;1.092;-13.748;-14.48
2018-01-16;99.213;1.063;-13.648;-14.327
2018-01-17;99.258;1.059;-13.705;-14.371
2018-01-18;99.093;1.073;-13.998;-14.713
2018-01-19;99.09;1.073;-15.193;-15.981
2018-01-22;99.061;1.075;-15.016;-15.784
2018-01-23;99.11;1.072;-14.827;-15.585
2018-01-24;98.889;1.089;-15.22;-16.014
2018-01-25;98.769;1.099;-14.465;-15.228
2018-01-26;98.628;1.111;-13.153;-13.83
2018-01-29;97.959;1.165;-14.051;-14.834
2018-01-30;98.02;1.16;-14.29;-15.098
2018-01-31;98.032;1.159;-13.613;-14.357
2018-02-01;97.81;1.178;-15.287;-16.175
2018-02-02;97.456;1.207;-16.233;-17.236
2018-02-05;97.612;1.194;-16.006;-16.982
2018-02-06;98.005;1.162;-14.945;-15.794
2018-02-07;97.804;1.178;-16.395;-17.341
2018-02-08;97.649;1.191;-17.12;-18.147
2018-02-09;97.777;1.181;-18.232;-19.301
2018-02-12;97.616;1.194;-19.864;-21.096
2018-02-13;97.322;1.218;-17.614;-18.737
2018-02-14;97.352;1.216;-18.405;-19.581
2018-02-15;97.263;1.224;-18.369;-19.533
2018-02-16;97.768;1.182;-18.503;-19.627
2018-02-19;97.239;1.226;-17.013;-18.112
2018-02-20;97.049;1.241;-15.743;-16.782
2018-02-21;97.169;1.232;-14.693;-15.636
2018-02-22;97.364;1.215;-15.94;-16.941
2018-02-23;98.038;1.16;-17.349;-18.319
2018-02-26;98.125;1.153;-17.539;-18.52
2018-02-27;97.923;1.169;-16.693;-17.646
2018-02-28;98.244;1.143;-17.926;-18.941
2018-03-01;98.306;1.138;-17.693;-18.682
2018-03-02;98.068;1.158;-16.458;-17.391
2018-03-05;98.189;1.148;-17.288;-18.246
2018-03-06;97.953;1.167;-17.102;-18.102
2018-03-07;98.243;1.143;-17.152;-18.056
2018-03-08;98.616;1.113;-18.138;-19.125
2018-03-09;98.239;1.144;-16.575;-17.523
2018-03-12;98.451;1.126;-17.3;-18.274
2018-03-13;98.492;1.123;-16.734;-17.669
2018-03-14;98.899;1.089;-17.88;-18.827
2018-03-15;99.153;1.069;-17.788;-18.686
2018-03-16;99.206;1.064;-18.133;-19.054
2018-03-19;99.23;1.063;-18.252;-19.16
2018-03-20;99.227;1.063;-19.195;-20.171
2018-03-21;99.18;1.067;-19.741;-20.746
2018-03-22;99.839;1.013;-20.556;-21.528
2018-03-23;99.869;1.011;-21.343;-22.345
2018-03-26;99.905;1.008;-21.149;-22.134
2018-03-27;100.238;0.981;-21.725;-22.672
2018-03-28;100.26;0.979;-21.484;-22.43
2018-03-29;100.254;0.979;-21.683;-22.649
2018-03-30;100.254;0.979;-21.361;-22.304
2018-04-02;100.254;0.979;-21.361;-22.304
2018-04-03;100.128;0.99;-19.367;-20.228
2018-04-04;100.17;0.986;-19.29;-20.141
2018-04-05;99.715;1.023;-17.988;-18.843
2018-04-06;99.988;1.001;-18.176;-19.015
2018-04-09;99.872;1.01;-17.343;-18.146
2018-04-10;99.702;1.024;-15.37;-16.079
2018-04-11;99.913;1.007;-16.051;-16.776
2018-04-12;99.755;1.02;-16.566;-17.352
2018-04-13;99.879;1.01;-17.382;-18.192
2018-04-16;99.831;1.014;-18.089;-18.946
2018-04-17;100.104;0.991;-18.617;-19.454
2018-04-18;99.95;1.004;-18.205;-19.044
2018-04-19;99.195;1.066;-17.388;-18.275
2018-04-20;99.28;1.059;-18.368;-19.296
2018-04-23;98.902;1.09;-18.341;-19.329
2018-04-24;99.015;1.081;-19.055;-20.053
2018-04-25;98.902;1.09;-18.507;-19.489
2018-04-26;99.282;1.059;-18.23;-19.136
2018-04-27;99.555;1.036;-18.945;-19.861
2018-04-30;99.611;1.032;-18.894;-19.801
2018-05-01;99.611;1.032;-18.733;-19.637
2018-05-02;99.276;1.059;-17.768;-18.655
2018-05-03;99.621;1.031;-16.55;-17.352
2018-05-04;99.358;1.053;-14.652;-15.382
2018-05-07;99.541;1.038;-14.917;-15.633
2018-05-08;99.065;1.077;-14.429;-15.169
2018-05-09;99.191;1.066;-15.407;-16.18
2018-05-10;99.171;1.068;-15.221;-15.983
2018-05-11;99.314;1.056;-16.912;-17.758
2018-05-14;98.752;1.103;-16.134;-17.008
2018-05-15;98.379;1.134;-16.298;-17.201
2018-05-16;98.563;1.119;-16.171;-17.052
2018-05-17;98.175;1.151;-16.212;-17.148
2018-05-18;98.557;1.119;-15.441;-16.282
2018-05-21;98.694;1.108;-13.646;-14.385
2018-05-22;98.321;1.139;-13.128;-13.85
2018-05-23;98.462;1.127;-11.205;-11.792
2018-05-24;99.114;1.073;-13.215;-13.867
2018-05-25;99.636;1.03;-13.234;-13.818
2018-05-28;99.759;1.02;-11.148;-11.632
2018-05-29;100.222;0.982;-12.811;-13.312
2018-05-30;99.759;1.02;-14.525;-15.158
2018-05-31;100.076;0.994;-13.823;-14.42
2018-06-01;99.738;1.022;-13.36;-13.963
2018-06-04;99.604;1.033;-14.777;-15.485
2018-06-05;99.899;1.008;-15.203;-15.902
2018-06-06;98.759;1.103;-12.389;-13.045
2018-06-07;98.473;1.127;-12.097;-12.751
2018-06-08;98.217;1.148;-8.509;-8.967
2018-06-11;97.886;1.176;-7.057;-7.454
2018-06-12;98.242;1.146;-8.824;-9.298
2018-06-13;98.758;1.103;-11.916;-12.547
2018-06-14;99.468;1.044;-14.178;-14.871
2018-06-15;99.919;1.007;-15.298;-16.025
2018-06-18;99.97;1.002;-14.882;-15.59
2018-06-19;100.085;0.993;-13.09;-13.693
2018-06-20;99.966;1.003;-13.419;-14.049
2018-06-21;100.071;0.994;-13.374;-13.992
2018-06-22;99.892;1.009;-12.503;-13.092
2018-06-25;99.839;1.013;-11.934;-12.493
2018-06-26;99.613;1.032;-11.209;-11.737
2018-06-27;100.053;0.996;-12.937;-13.524
2018-06-28;100.143;0.988;-12.782;-13.355
2018-06-29;100.764;0.937;-16.334;-16.993
2018-07-02;100.903;0.926;-18.228;-18.971
2018-07-03;101.087;0.911;-18.466;-19.197
2018-07-04;100.94;0.923;-17.343;-18.046
2018-07-05;100.928;0.924;-16.63;-17.297
2018-07-06;100.862;0.929;-16.211;-16.86
2018-07-09;100.617;0.949;-14.181;-14.754
2018-07-10;100.457;0.962;-14.8;-15.429
2018-07-11;100.564;0.953;-15.183;-15.814
2018-07-12;101.014;0.916;-18.271;-19.001
2018-07-13;101.302;0.893;-20.05;-20.82
2018-07-16;100.922;0.924;-18.685;-19.427
2018-07-17;101.19;0.902;-19.282;-20.041
2018-07-18;101.088;0.91;-17.978;-18.697
2018-07-19;101.1;0.909;-17.739;-18.432
2018-07-20;100.55;0.954;-16.086;-16.761
2018-07-23;100.279;0.977;-16.162;-16.88
2018-07-24;100.521;0.957;-16.889;-17.606
2018-07-25;100.548;0.955;-16.529;-17.218
2018-07-26;100.539;0.955;-17.79;-18.536
2018-07-27;100.488;0.96;-17.829;-18.594
2018-07-30;99.92;1.007;-16.278;-17.034
2018-07-31;100.122;0.99;-17.36;-18.148
2018-08-01;99.611;1.032;-15.403;-16.141
2018-08-02;99.43;1.048;-13.355;-14.006
2018-08-03;99.793;1.017;-13.099;-13.707
2018-08-06;100.083;0.993;-14.101;-14.727
2018-08-07;100.028;0.998;-15.252;-15.931
2018-08-08;100.07;0.994;-15.426;-16.114
2018-08-09;100.141;0.988;-15.021;-15.676
2018-08-10;100.638;0.947;-14.944;-15.527
2018-08-13;100.43;0.964;-13.055;-13.586
2018-08-14;100.363;0.97;-13.158;-13.712
2018-08-15;100.505;0.958;-12.695;-13.202
2018-08-16;100.446;0.963;-13.146;-13.688
2018-08-17;100.579;0.952;-13.088;-13.608
2018-08-20;100.697;0.942;-13.799;-14.356
2018-08-21;100.492;0.959;-13.634;-14.194
2018-08-22;100.35;0.971;-12.431;-12.955
2018-08-23;100.448;0.963;-13.289;-13.828
2018-08-24;100.37;0.969;-13.038;-13.579
2018-08-27;100.075;0.994;-12.36;-12.908
2018-08-28;100.003;1.0;-11.844;-12.371
2018-08-29;99.861;1.012;-12.502;-13.084
2018-08-30;100.34;0.972;-13.304;-13.828
2018-08-31;100.409;0.966;-12.5;-12.992
2018-09-03;100.274;0.977;-11.717;-12.19
2018-09-04;100.316;0.974;-13.088;-13.625
2018-09-05;100.101;0.991;-12.686;-13.222
2018-09-06;100.368;0.969;-13.605;-14.157
2018-09-07;100.085;0.993;-13.612;-14.196
2018-09-10;100.118;0.99;-14.667;-15.298
2018-09-11;99.818;1.015;-14.463;-15.13
2018-09-12;100.022;0.998;-14.525;-15.183
2018-09-13;99.905;1.008;-14.092;-14.733
2018-09-14;99.545;1.038;-12.905;-13.504
2018-09-17;99.609;1.033;-13.704;-14.344
2018-09-18;99.414;1.049;-13.451;-14.099
2018-09-19;99.266;1.062;-13.64;-14.312
2018-09-20;99.384;1.052;-14.142;-14.823
2018-09-21;99.435;1.048;-13.772;-14.434
2018-09-24;98.911;1.092;-12.107;-12.738
2018-09-25;98.629;1.116;-12.39;-13.05
2018-09-26;98.784;1.103;-12.815;-13.487
2018-09-27;98.757;1.105;-11.844;-12.463
2018-09-28;99.161;1.071;-12.19;-12.779
2018-10-01;98.872;1.095;-11.294;-11.864
2018-10-02;99.339;1.056;-12.452;-13.032
2018-10-03;98.999;1.085;-12.251;-12.862
2018-10-04;98.508;1.127;-12.222;-12.871
2018-10-05;98.177;1.155;-13.343;-14.086
2018-10-08;98.471;1.13;-13.087;-13.777
2018-10-09;98.306;1.144;-12.911;-13.602
2018-10-10;98.217;1.152;-12.635;-13.322
2018-10-11;98.348;1.141;-11.96;-12.606
2018-10-12;98.5;1.127;-12.037;-12.681
2018-10-15;98.397;1.136;-11.744;-12.392
2018-10-16;98.649;1.115;-12.174;-12.839
2018-10-17;98.768;1.105;-10.621;-11.193
2018-10-18;98.733;1.108;-8.632;-9.075
2018-10-19;98.188;1.155;-6.845;-7.226
2018-10-22;98.434;1.133;-7.729;-8.149
2018-10-23;98.9;1.093;-8.655;-9.099
2018-10-24;99.057;1.08;-9.895;-10.375
2018-10-25;99.078;1.078;-10.363;-10.867
2018-10-26;99.47;1.045;-9.321;-9.739
2018-10-29;99.443;1.047;-11.157;-11.68
2018-10-30;99.499;1.042;-10.438;-10.938
2018-10-31;99.476;1.044;-11.541;-12.065
2018-11-01;99.419;1.049;-12.038;-12.611
2018-11-02;99.155;1.072;-10.855;-11.409
2018-11-05;99.086;1.078;-10.124;-10.663
2018-11-06;98.954;1.089;-9.512;-10.023
2018-11-07;98.794;1.103;-8.861;-9.339
2018-11-08;98.679;1.113;-8.855;-9.321
2018-11-09;99.023;1.083;-8.345;-8.771
2018-11-12;98.86;1.097;-6.692;-7.044
2018-11-13;98.767;1.105;-6.541;-6.883
2018-11-14;98.801;1.102;-5.954;-6.252
2018-11-15;99.078;1.079;-6.008;-6.299
2018-11-16;98.918;1.092;-5.193;-5.458
2018-11-19;98.664;1.114;-3.271;-3.435
2018-11-20;98.869;1.097;-2.876;-3.026
2018-11-21;98.764;1.106;-3.068;-3.215
2018-11-22;98.732;1.109;-2.08;-2.18
2018-11-23;99.02;1.084;-2.288;-2.387
2018-11-26;98.839;1.099;-2.027;-2.129
2018-11-27;98.995;1.086;-2.889;-3.025
2018-11-28;98.964;1.089;-2.771;-2.903
2018-11-29;99.284;1.061;-3.144;-3.277
2018-11-30;99.447;1.047;-4.148;-4.325
2018-12-03;99.322;1.058;-2.78;-2.893
2018-12-04;99.705;1.025;-2.785;-2.89
2018-12-05;99.572;1.036;-3.627;-3.769
2018-12-06;99.815;1.016;-3.492;-3.632
2018-12-07;99.717;1.024;-3.476;-3.617
2018-12-10;99.889;1.009;-4.491;-4.682
2018-12-11;99.7;1.026;-3.406;-3.541
2018-12-12;99.657;1.029;-5.252;-5.474
2018-12-13;99.493;1.043;-4.22;-4.398
2018-12-14;99.645;1.03;-3.587;-3.736
2018-12-17;99.412;1.05;-2.139;-2.221
2018-12-18;99.69;1.026;-2.372;-2.466
2018-12-19;99.326;1.058;2.125;2.253
2018-12-20;99.514;1.042;2.112;2.242
2018-12-21;99.277;1.062;2.164;2.3
2018-12-24;99.277;1.062;2.346;2.474
2018-12-25;99.277;1.062;2.34;2.476
2018-12-26;99.277;1.062;2.347;2.474
2018-12-27;99.274;1.062;3.832;4.045
2018-12-28;99.208;1.068;4.988;5.257
2018-12-31;99.208;1.068;5.052;5.318
2019-01-01;99.208;1.068;5.042;5.319
2019-01-02;99.839;1.014;5.859;6.144
2019-01-03;99.797;1.017;6.687;7.014
2019-01-04;99.335;1.057;5.787;6.095
2019-01-07;99.044;1.082;7.335;7.721
2019-01-08;99.088;1.079;5.746;6.056
2019-01-09;99.392;1.052;2.37;2.506
2019-01-10;99.783;1.019;0.012;0.027
2019-01-11;99.851;1.013;0.198;0.219
2019-01-14;100.076;0.993;-0.508;-0.52
2019-01-15;100.253;0.978;-0.807;-0.829
2019-01-16;100.083;0.993;0.025;0.032
2019-01-17;100.033;0.997;0.427;0.456
2019-01-18;99.903;1.008;-0.494;-0.517
2019-01-21;99.964;1.003;-0.289;-0.282
2019-01-22;100.199;0.983;-0.201;-0.187
2019-01-23;100.417;0.964;-0.003;0.031
2019-01-24;100.997;0.914;-0.985;-0.998
2019-01-25;100.92;0.921;-0.293;-0.284
2019-01-28;100.738;0.937;0.393;0.437
2019-01-29;100.649;0.944;2.413;2.54
2019-01-30;100.768;0.934;3.211;3.374
2019-01-31;101.227;0.895;3.961;4.111
2019-02-01;101.043;0.91;1.927;2.017
2019-02-04;101.039;0.911;1.253;1.306
2019-02-05;101.078;0.907;1.444;1.505
2019-02-06;101.247;0.893;1.269;1.335
2019-02-07;101.479;0.873;2.329;2.436
2019-02-08;101.586;0.864;4.563;4.735
2019-02-11;101.392;0.88;3.837;3.988
2019-02-12;101.299;0.888;3.308;3.427
2019-02-13;101.398;0.88;2.407;2.511
2019-02-14;101.565;0.866;2.6;2.698
2019-02-15;101.565;0.866;2.347;2.439
2019-02-18;101.56;0.866;1.604;1.665
2019-02-19;101.76;0.849;1.286;1.339
2019-02-20;101.999;0.829;0.752;0.787
2019-02-21;101.812;0.844;0.155;0.179
2019-02-22;102.063;0.823;0.548;0.573
2019-02-25;101.965;0.831;0.309;0.344
2019-02-26;101.929;0.834;0.198;0.211
2019-02-27;101.732;0.851;-1.016;-1.043
2019-02-28;101.562;0.866;-2.605;-2.686
2019-03-01;101.452;0.875;-1.98;-2.031
2019-03-04;101.587;0.863;-1.164;-1.174
2019-03-05;101.509;0.87;-0.688;-0.684
2019-03-06;101.995;0.829;-0.929;-0.94
2019-03-07;102.845;0.756;-1.548;-1.577
2019-03-08;103.092;0.736;-0.493;-0.474
2019-03-11;103.005;0.743;-0.46;-0.463
2019-03-12;102.877;0.754;0.445;0.467
2019-03-13;103.031;0.741;-1.493;-1.504
2019-03-14;103.018;0.742;-2.791;-2.83
2019-03-15;103.178;0.728;-4.037;-4.103
2019-03-18;103.312;0.717;-3.627;-3.692
2019-03-19;103.247;0.722;-4.432;-4.536
2019-03-20;103.287;0.719;-3.731;-3.81
2019-03-21;103.911;0.666;-4.882;-4.973
2019-03-22;104.534;0.614;-4.298;-4.353
2019-03-25;104.495;0.617;-2.567;-2.603
2019-03-26;104.393;0.626;-2.835;-2.867
2019-03-27;105.035;0.573;-2.168;-2.19
2019-03-28;104.928;0.581;-3.981;-4.023
2019-03-29;104.78;0.593;-4.695;-4.742
2019-04-01;104.09;0.651;-2.022;-2.051
2019-04-02;104.351;0.629;-2.062;-2.09
2019-04-03;103.786;0.676;-2.626;-2.677
2019-04-04;104.099;0.65;-3.667;-3.725
2019-04-05;104.156;0.645;-4.843;-4.914
2019-04-08;103.976;0.66;-3.043;-3.096
2019-04-09;104.177;0.643;-3.712;-3.766
2019-04-10;104.389;0.625;-3.065;-3.114
2019-04-11;104.3;0.632;-3.253;-3.299
2019-04-12;103.599;0.691;-2.826;-2.881
2019-04-15;103.31;0.715;-0.995;-1.01
2019-04-16;103.282;0.718;-1.981;-2.021
2019-04-17;103.283;0.717;-3.015;-3.08
2019-04-18;103.902;0.665;-2.975;-3.015
2019-04-19;103.902;0.665;-2.887;-2.93
2019-04-22;103.902;0.665;-2.891;-2.93
2019-04-23;103.59;0.691;-1.688;-1.72
2019-04-24;104.161;0.643;-1.304;-1.313
2019-04-25;103.834;0.67;0.044;0.06
2019-04-26;104.122;0.646;-1.193;-1.204
2019-04-29;104.006;0.656;-1.394;-1.403
2019-04-30;104.143;0.644;-3.246;-3.284
2019-05-01;104.143;0.644;-3.02;-3.065
2019-05-02;103.978;0.658;-2.634;-2.66
2019-05-03;104.059;0.651;-3.769;-3.817
2019-05-06;104.194;0.639;-2.956;-2.993
2019-05-07;104.532;0.611;-2.117;-2.142
2019-05-08;104.486;0.615;-1.805;-1.82
2019-05-09;104.298;0.63;-0.454;-0.449
2019-05-10;104.263;0.633;-0.624;-0.622
2019-05-13;104.367;0.624;1.561;1.586
2019-05-14;104.419;0.62;1.933;1.949
2019-05-15;104.737;0.593;1.213;1.216
2019-05-16;104.833;0.585;-0.566;-0.594
2019-05-17;104.966;0.574;-0.587;-0.597
2019-05-20;104.685;0.597;0.28;0.261
2019-05-21;104.488;0.613;0.667;0.663
2019-05-22;104.717;0.594;0.2;0.188
2019-05-23;105.008;0.57;0.938;0.947
2019-05-24;105.005;0.57;0.652;0.661
2019-05-27;105.196;0.554;1.891;1.909
2019-05-28;105.418;0.535;1.527;1.539
2019-05-29;105.832;0.5;0.046;0.033
2019-05-30;105.772;0.505;-0.207;-0.219
2019-05-31;106.188;0.471;-1.027;-1.033
2019-06-03;106.571;0.439;-2.956;-2.946
2019-06-04;106.877;0.413;-3.212;-3.202
2019-06-05;107.145;0.391;-2.872;-2.884
2019-06-06;107.574;0.356;-5.244;-5.184
2019-06-07;107.957;0.325;-6.229;-6.159
2019-06-10;107.276;0.38;-5.712;-5.669
2019-06-11;107.535;0.359;-6.039;-5.984
2019-06-12;107.643;0.35;-6.44;-6.379
2019-06-13;107.636;0.35;-5.529;-5.473
2019-06-14;107.964;0.323;-6.104;-6.035
2019-06-17;107.75;0.34;-5.468;-5.408
2019-06-18;108.851;0.251;-8.282;-8.162
2019-06-19;108.381;0.289;-6.737;-6.654
2019-06-20;109.003;0.238;-9.908;-9.747
2019-06-21;108.562;0.273;-9.242;-9.097
2019-06-24;108.854;0.249;-9.133;-8.97
2019-06-25;109.222;0.22;-9.638;-9.441
2019-06-26;108.929;0.243;-9.363;-9.189
2019-06-27;109.121;0.227;-8.701;-8.53
2019-06-28;109.145;0.225;-8.196;-8.041
2019-07-01;109.604;0.188;-10.196;-9.991
2019-07-02;109.664;0.183;-10.207;-9.947
2019-07-03;110.469;0.118;-12.068;-11.68
2019-07-04;110.831;0.089;-11.684;-11.278
2019-07-05;110.317;0.13;-10.904;-10.515
2019-07-08;110.026;0.153;-7.596;-7.319
2019-07-09;109.756;0.174;-8.564;-8.306
2019-07-10;109.269;0.213;-8.453;-8.256
2019-07-11;108.778;0.253;-10.185;-9.933
2019-07-12;108.168;0.302;-7.01;-6.857
2019-07-15;108.805;0.25;-7.526;-7.313
2019-07-16;108.95;0.238;-7.562;-7.338
2019-07-17;109.569;0.188;-7.988;-7.699
2019-07-18;109.809;0.168;-8.638;-8.349
2019-07-19;109.983;0.154;-9.079;-8.776
2019-07-22;110.193;0.137;-9.17;-8.826
2019-07-23;110.187;0.137;-8.566;-8.24
2019-07-24;110.524;0.11;-7.686;-7.361
2019-07-25;110.402;0.119;-7.582;-7.247
2019-07-26;110.613;0.102;-7.862;-7.565
2019-07-29;110.927;0.077;-9.351;-9.016
2019-07-30;110.982;0.072;-9.256;-8.908
2019-07-31;111.545;0.027;-9.671;-9.251
2019-08-01;111.633;0.02;-7.879;-7.511
2019-08-02;112.36;-0.038;-6.755;-6.384
2019-08-05;112.36;-0.038;-5.471;-5.146
2019-08-06;112.696;-0.065;-7.16;-6.727
2019-08-07;113.681;-0.142;-10.284;-9.667
2019-08-08;113.112;-0.099;-8.587;-8.096
2019-08-09;112.869;-0.08;-5.55;-5.167
2019-08-12;113.116;-0.099;-6.525;-6.089
2019-08-13;113.532;-0.132;-7.005;-6.521
2019-08-14;114.283;-0.191;-5.621;-5.18
2019-08-15;115.175;-0.26;-1.155;-0.982
2019-08-16;114.847;-0.235;2.015;2.131
2019-08-19;114.06;-0.175;-0.795;-0.527
2019-08-20;114.544;-0.212;-2.298;-1.992
2019-08-21;114.353;-0.198;-3.831;-3.414
2019-08-22;113.795;-0.155;-4.152;-3.712
2019-08-23;114.016;-0.173;-3.943;-3.594
2019-08-26;114.051;-0.176;-4.435;-4.052
2019-08-27;114.593;-0.218;-2.566;-2.235
2019-08-28;114.944;-0.245;-1.182;-0.914
2019-08-29;114.583;-0.218;-1.515;-1.268
2019-08-30;114.532;-0.215;-1.794;-1.502
2019-09-02;114.435;-0.207;-1.535;-1.24
2019-09-03;114.558;-0.217;-1.405;-1.099
2019-09-04;114.347;-0.201;-3.704;-3.301
2019-09-05;113.153;-0.108;-4.226;-3.829
2019-09-06;113.827;-0.162;-4.003;-3.631
2019-09-09;112.869;-0.087;-1.005;-0.83
2019-09-10;112.32;-0.043;-0.584;-0.405
2019-09-11;112.609;-0.066;-2.956;-2.701
2019-09-12;112.364;-0.048;-5.735;-5.243
2019-09-13;111.517;0.02;-8.362;-7.958
2019-09-16;111.898;-0.011;-6.292;-5.97
2019-09-17;111.643;0.009;-2.196;-2.037
2019-09-18;112.312;-0.044;-3.415;-3.159
2019-09-19;112.275;-0.042;-2.615;-2.393
2019-09-20;112.396;-0.052;-2.164;-1.99
2019-09-23;113.384;-0.131;-3.577;-3.343
2019-09-24;113.572;-0.146;-1.878;-1.681
2019-09-25;113.313;-0.125;-3.427;-3.164
2019-09-26;113.681;-0.155;-6.457;-6.069
2019-09-27;113.624;-0.151;-7.929;-7.478
2019-09-30;113.566;-0.147;-8.135;-7.646
2019-10-01;113.277;-0.124;-5.723;-5.365
2019-10-02;112.831;-0.089;-3.199;-2.995
2019-10-03;113.344;-0.13;-4.361;-4.096
2019-10-04;113.205;-0.12;-3.397;-3.169
2019-10-07;113.114;-0.113;-3.965;-3.702
2019-10-08;113.414;-0.137;-5.26;-4.962
2019-10-09;112.935;-0.099;-6.245;-5.909
2019-10-10;112.024;-0.027;-4.693;-4.432
2019-10-11;111.866;-0.014;-8.387;-8.069
2019-10-14;112.087;-0.032;-7.826;-7.5
2019-10-15;111.706;-0.002;-8.603;-8.214
2019-10-16;111.406;0.022;-9.725;-9.311
2019-10-17;111.591;0.006;-8.238;-7.887
2019-10-18;111.143;0.042;-7.836;-7.49
2019-10-21;110.617;0.085;-7.721;-7.397
2019-10-22;110.93;0.059;-6.952;-6.634
2019-10-23;111.344;0.025;-6.055;-5.752
2019-10-24;111.619;0.003;-8.897;-8.529
2019-10-25;111.03;0.05;-9.613;-9.224
2019-10-28;110.533;0.09;-7.978;-7.676
2019-10-29;110.776;0.07;-8.282;-7.967
2019-10-30;110.768;0.071;-8.565;-8.256
2019-10-31;111.325;0.025;-8.505;-8.201
2019-11-01;110.91;0.058;-6.961;-6.679
2019-11-04;110.575;0.085;-7.919;-7.643
2019-11-05;110.252;0.112;-8.164;-7.873
2019-11-06;110.583;0.084;-7.877;-7.589
2019-11-07;109.381;0.183;-6.978;-6.736
2019-11-08;109.792;0.149;-8.09;-7.838
2019-11-11;109.463;0.176;-6.879;-6.648
2019-11-12;109.55;0.168;-6.099;-5.894
2019-11-13;109.974;0.133;-4.985;-4.769
2019-11-14;110.404;0.097;-4.823;-4.63
2019-11-15;110.423;0.095;-6.495;-6.254
2019-11-18;110.651;0.076;-8.528;-8.197
2019-11-19;110.586;0.082;-7.675;-7.395
2019-11-20;110.675;0.074;-7.706;-7.43
2019-11-21;110.398;0.096;-6.969;-6.719
2019-11-22;110.695;0.072;-6.54;-6.299
2019-11-25;110.612;0.078;-6.965;-6.713
2019-11-26;110.831;0.06;-7.085;-6.819
2019-11-27;110.863;0.057;-6.122;-5.873
2019-11-28;110.753;0.066;-6.385;-6.127
2019-11-29;110.758;0.065;-6.767;-6.506
2019-12-02;109.867;0.138;-6.228;-6.016
2019-12-03;110.69;0.07;-6.198;-5.99
2019-12-04;110.295;0.102;-7.076;-6.867
2019-12-05;109.949;0.13;-5.739;-5.569
2019-12-06;109.861;0.138;-5.653;-5.489
2019-12-09;110.135;0.115;-6.361;-6.18
2019-12-10;110.005;0.125;-6.12;-5.946
2019-12-11;110.303;0.1;-6.19;-6.01
2019-12-12;109.749;0.146;-5.22;-5.07
2019-12-13;110.154;0.112;-6.267;-6.083
2019-12-16;110.002;0.124;-6.605;-6.417
2019-12-17;110.189;0.109;-7.293;-7.085
2019-12-18;109.637;0.154;-6.917;-6.733
2019-12-19;109.494;0.166;-7.026;-6.849
2019-12-20;109.632;0.154;-7.549;-7.404
2019-12-23;109.489;0.165;-7.744;-7.561
2019-12-24;109.489;0.165;-7.627;-7.493
2019-12-25;109.489;0.165;-7.64;-7.491
2019-12-26;109.489;0.165;-7.628;-7.493
2019-12-27;109.617;0.154;-7.785;-7.651
2019-12-30;108.825;0.22;-6.782;-6.708
2020-01-01;108.825;0.22;-6.893;-6.823
2020-01-02;109.288;0.18;-6.384;-6.312
2020-01-03;109.874;0.131;-6.143;-6.048
2020-01-06;109.84;0.134;-5.109;-5.036
2020-01-07;109.841;0.133;-4.859;-4.803
2020-01-08;109.466;0.165;-5.407;-5.309
2020-01-09;109.273;0.18;-6.427;-6.325
2020-01-10;109.571;0.155;-7.325;-7.164
2020-01-13;109.032;0.2;-6.76;-6.692
2020-01-14;109.155;0.19;-6.881;-6.782
2020-01-15;109.479;0.162;-7.341;-7.163
2020-01-16;109.562;0.155;-6.305;-6.186
2020-01-17;109.485;0.161;-5.961;-5.85
2020-01-20;109.535;0.157;-5.82;-5.699
2020-01-21;109.902;0.126;-5.766;-5.62
2020-01-22;110.039;0.114;-6.041;-5.918
2020-01-23;110.669;0.061;-7.221;-7.062
2020-01-24;110.888;0.042;-6.412;-6.265
2020-01-27;111.497;-0.008;-5.308;-5.152
2020-01-28;111.03;0.03;-6.352;-6.165
2020-01-29;111.51;-0.01;-7.447;-7.232
2020-01-30;111.751;-0.03;-7.158;-6.932
2020-01-31;112.058;-0.056;-6.686;-6.462
2020-02-03;112.077;-0.058;-6.109;-5.903
2020-02-04;111.597;-0.018;-5.96;-5.766
2020-02-05;111.199;0.014;-6.654;-6.424
2020-02-06;111.34;0.002;-6.806;-6.582
2020-02-07;111.571;-0.017;-6.701;-6.481
2020-02-10;111.911;-0.046;-6.557;-6.3
2020-02-11;111.653;-0.025;-6.157;-5.923
2020-02-12;111.655;-0.025;-7.003;-6.69
2020-02-13;111.711;-0.03;-5.831;-5.576
2020-02-14;111.857;-0.043;-5.755;-5.506
2020-02-17;111.878;-0.045;-5.593;-5.369
2020-02-18;111.924;-0.049;-4.757;-4.539
2020-02-19;112.133;-0.066;-5.029;-4.804
2020-02-20;112.5;-0.097;-4.614;-4.395
2020-02-21;112.35;-0.085;-4.829;-4.604
2020-02-24;112.711;-0.115;-4.193;-3.994
2020-02-25;112.896;-0.13;-3.889;-3.729
2020-02-26;112.697;-0.114;-4.754;-4.481
2020-02-27;112.992;-0.139;-4.059;-3.837
2020-02-28;113.413;-0.174;-4.18;-3.959
2020-03-02;113.517;-0.183;-3.263;-3.089
2020-03-03;113.756;-0.202;-4.98;-4.648
2020-03-04;113.816;-0.208;-5.741;-5.36
2020-03-05;114.173;-0.237;-6.319;-5.795
2020-03-06;114.256;-0.244;-3.925;-3.527
2020-03-09;114.853;-0.293;-1.759;-1.56
2020-03-10;113.816;-0.209;3.53;3.576
2020-03-11;113.988;-0.224;-1.069;-0.915
2020-03-12;111.438;-0.014;21.006;20.518
2020-03-13;109.887;0.116;19.249;18.889
2020-03-16;108.136;0.266;30.956;30.348
2020-03-17;107.53;0.318;35.098;34.505
2020-03-18;106.128;0.441;31.154;30.919
2020-03-19;107.316;0.336;14.706;14.572
2020-03-20;108.624;0.223;13.383;13.039
2020-03-23;108.514;0.232;16.965;16.506
2020-03-24;107.685;0.304;17.939;17.553
2020-03-25;107.204;0.345;18.184;17.878
2020-03-26;109.294;0.164;5.743;5.444
2020-03-27;110.357;0.073;5.507;5.192
2020-03-30;110.033;0.101;8.777;8.371
2020-03-31;109.759;0.124;10.134;9.735
2020-04-01;109.53;0.143;13.708;13.202
2020-04-02;109.17;0.173;18.323;17.702
2020-04-03;108.854;0.2;21.203;20.608
2020-04-06;108.859;0.2;18.902;18.327
2020-04-07;107.639;0.305;20.974;20.572
2020-04-08;107.738;0.296;21.622;21.166
2020-04-09;108.495;0.23;20.233;19.43
2020-04-10;108.495;0.23;19.902;19.144
2020-04-13;108.495;0.23;19.897;19.144
2020-04-14;108.52;0.228;21.82;20.963
2020-04-15;109.1;0.177;22.11;21.245
2020-04-16;109.306;0.159;21.572;20.746
2020-04-17;109.33;0.157;20.804;19.998
2020-04-20;108.681;0.212;23.395;22.62
2020-04-21;108.628;0.217;24.815;24.09
2020-04-22;107.863;0.283;24.717;23.988
2020-04-23;108.475;0.229;22.817;21.921
2020-04-24;109.239;0.163;21.135;20.079
2020-04-27;109.338;0.154;18.543;17.593
2020-04-28;109.501;0.14;18.885;17.79
2020-04-29;109.977;0.099;16.285;15.209
2020-04-30;110.756;0.032;17.144;15.935
2020-05-01;110.756;0.032;16.812;15.614
2020-05-04;110.152;0.083;20.034;18.755
2020-05-05;110.219;0.077;20.809;19.593
2020-05-06;109.388;0.148;23.529;22.294
2020-05-07;109.818;0.111;22.118;20.766
2020-05-08;109.887;0.105;20.2;19.109
2020-05-11;109.516;0.136;23.399;22.273
2020-05-12;109.713;0.119;23.916;22.778
2020-05-13;109.967;0.097;23.475;22.258
2020-05-14;109.873;0.105;25.011;23.778
2020-05-15;109.641;0.124;26.265;25.011
2020-05-18;109.481;0.138;23.628;22.51
2020-05-19;109.787;0.111;21.715;20.604
2020-05-20;110.031;0.09;19.754;18.678
2020-05-21;110.223;0.073;19.225;18.233
2020-05-22;109.898;0.101;21.928;20.915
2020-05-25;110.002;0.092;21.026;20.051
2020-05-26;109.468;0.137;22.338;21.363
2020-05-27;109.659;0.121;20.453;19.545
2020-05-28;110.261;0.068;15.932;15.118
2020-05-29;110.499;0.048;15.711;14.924
2020-06-01;109.838;0.104;17.193;16.405
2020-06-02;110.111;0.08;15.483;14.843
2020-06-03;109.48;0.135;16.742;16.08
2020-06-04;109.558;0.127;13.276;12.757
2020-06-05;109.328;0.147;12.813;12.344
2020-06-08;109.803;0.106;12.047;11.552
2020-06-09;109.525;0.13;12.629;12.186
2020-06-10;109.526;0.129;14.0;13.52
2020-06-11;110.376;0.055;13.198;12.696
2020-06-12;110.776;0.021;11.459;11.008
2020-06-15;110.707;0.026;13.295;12.797
2020-06-16;110.838;0.015;11.171;10.746
2020-06-17;110.797;0.018;11.256;10.843
2020-06-18;111.099;-0.008;10.833;10.441
2020-06-19;111.354;-0.031;8.532;8.246
2020-06-22;111.718;-0.062;7.612;7.453
2020-06-23;111.413;-0.036;7.958;7.834
2020-06-24;111.679;-0.059;7.096;7.03
2020-06-25;111.921;-0.08;6.034;5.948
2020-06-26;111.983;-0.086;7.252;7.165
2020-06-29;111.914;-0.08;7.535;7.447
2020-06-30;111.709;-0.063;8.178;8.169
2020-07-01;111.078;-0.009;10.512;10.378
2020-07-02;111.649;-0.059;7.303;7.292
2020-07-03;111.645;-0.059;6.681;6.742
2020-07-06;111.752;-0.068;5.852;5.913
2020-07-07;111.768;-0.07;5.695;5.779
2020-07-08;111.86;-0.078;6.026;6.128
2020-07-09;112.001;-0.091;6.629;6.712
2020-07-10;112.054;-0.096;6.665;6.748
2020-07-13;111.615;-0.058;5.928;6.089
2020-07-14;112.0;-0.091;5.8;5.926
2020-07-15;112.053;-0.096;5.701;5.842
2020-07-16;112.173;-0.107;5.548;5.734
2020-07-17;111.962;-0.09;6.034;6.231
2020-07-20;112.259;-0.115;5.112;5.327
2020-07-21;112.162;-0.107;6.621;6.785
2020-07-22;112.465;-0.133;5.938;6.1
2020-07-23;112.439;-0.132;5.44;5.707
2020-07-24;112.107;-0.104;5.945;6.198
2020-07-27;112.59;-0.145;4.953;5.248
2020-07-28;112.682;-0.153;5.305;5.588
2020-07-29;112.521;-0.14;5.085;5.42
2020-07-30;112.912;-0.174;4.779;5.137
2020-07-31;112.621;-0.15;4.949;5.349
2020-08-03;112.749;-0.161;4.59;5.019
2020-08-04;113.192;-0.199;2.785;3.3
2020-08-05;112.745;-0.161;3.092;3.591
2020-08-06;113.074;-0.19;2.24;2.734
2020-08-07;112.986;-0.183;1.049;1.593
2020-08-10;113.22;-0.203;0.701;1.284
2020-08-11;112.789;-0.166;0.018;0.668
2020-08-12;112.453;-0.138;1.064;1.668
2020-08-13;111.823;-0.085;3.421;3.94
2020-08-14;111.816;-0.084;4.216;4.692
2020-08-17;112.168;-0.115;3.941;4.412
2020-08-18;112.274;-0.124;3.905;4.419
2020-08-19;112.469;-0.141;2.75;3.297
2020-08-20;112.679;-0.16;3.013;3.534
2020-08-21;112.738;-0.165;2.998;3.488
2020-08-24;112.601;-0.154;3.112;3.606
2020-08-25;111.957;-0.099;4.078;4.535
2020-08-26;111.869;-0.091;3.672;4.155
2020-08-27;111.709;-0.078;3.183;3.658
2020-08-28;111.791;-0.086;2.432;2.954
2020-08-31;111.614;-0.071;3.702;4.201
2020-09-01;111.791;-0.086;3.998;4.425
2020-09-02;112.51;-0.148;2.138;2.675
2020-09-03;112.628;-0.159;2.223;2.703
2020-09-04;112.39;-0.139;2.688;3.128
2020-09-07;112.349;-0.136;3.08;3.579
2020-09-08;112.716;-0.168;2.069;2.579
2020-09-09;112.375;-0.139;1.485;2.043
2020-09-10;112.057;-0.112;2.603;3.063
2020-09-11;112.58;-0.158;2.041;2.526
2020-09-14;112.718;-0.17;0.963;1.483
2020-09-15;112.792;-0.176;0.332;0.874
2020-09-16;112.985;-0.193;-0.51;0.03
2020-09-17;113.107;-0.205;-0.985;-0.429
2020-09-18;113.053;-0.2;-1.22;-0.64
2020-09-21;113.467;-0.236;-1.662;-1.081
2020-09-22;113.25;-0.218;-2.427;-1.784
2020-09-23;113.286;-0.221;-2.568;-1.917
2020-09-24;113.084;-0.205;-1.347;-0.778
2020-09-25;113.405;-0.232;-1.887;-1.31
2020-09-28;113.462;-0.238;-3.055;-2.404
2020-09-29;113.654;-0.254;-3.632;-2.931
2020-09-30;113.356;-0.229;-2.89;-2.232
2020-10-01;113.491;-0.242;-3.3;-2.63
2020-10-02;113.517;-0.244;-3.656;-3.023
2020-10-05;113.284;-0.224;-3.418;-2.732
2020-10-06;113.333;-0.229;-4.13;-3.487
2020-10-07;113.145;-0.213;-3.461;-2.83
2020-10-08;113.466;-0.242;-4.656;-3.978
2020-10-09;113.544;-0.249;-5.83;-5.109
2020-10-12;113.754;-0.267;-5.992;-5.27
2020-10-13;113.864;-0.277;-5.375;-4.675
2020-10-14;113.985;-0.287;-4.131;-3.478
2020-10-15;114.186;-0.305;-4.037;-3.395
2020-10-16;114.301;-0.316;-4.697;-4.001
2020-10-19;114.222;-0.309;-3.644;-3.022
2020-10-20;114.076;-0.297;-5.452;-4.739
2020-10-21;113.892;-0.282;-5.173;-4.484
2020-10-22;113.609;-0.258;-4.627;-3.991
2020-10-23;113.765;-0.272;-5.554;-4.885
2020-10-26;113.863;-0.281;-6.063;-5.37
2020-10-27;114.176;-0.308;-5.388;-4.699
2020-10-28;114.201;-0.31;-5.488;-4.785
2020-10-29;114.507;-0.337;-8.142;-7.348
2020-10-30;114.323;-0.322;-7.462;-6.693
2020-11-02;114.421;-0.331;-8.614;-7.827
2020-11-03;114.284;-0.319;-9.146;-8.337
2020-11-04;114.55;-0.342;-9.559;-8.712
2020-11-05;114.562;-0.344;-9.385;-8.567
2020-11-06;114.413;-0.332;-9.075;-8.302
2020-11-09;113.332;-0.239;-7.001;-6.337
2020-11-10;113.129;-0.222;-7.871;-7.215
2020-11-11;113.394;-0.245;-8.435;-7.741
2020-11-12;113.717;-0.274;-8.83;-8.116
2020-11-13;113.886;-0.289;-9.099;-8.415
2020-11-16;113.903;-0.291;-9.506;-8.791
2020-11-17;114.164;-0.313;-10.643;-9.864
2020-11-18;114.044;-0.303;-9.833;-9.105
2020-11-19;114.201;-0.318;-10.025;-9.293
2020-11-20;114.31;-0.328;-9.904;-9.199
2020-11-23;114.272;-0.325;-10.058;-9.345
2020-11-24;114.09;-0.309;-10.149;-9.461
2020-11-25;114.143;-0.314;-9.906;-9.216
2020-11-26;114.332;-0.331;-9.876;-9.22
2020-11-27;114.293;-0.328;-9.363;-8.724
2020-11-30;114.076;-0.31;-7.761;-7.244
2020-12-01;113.615;-0.27;-5.904;-5.472
2020-12-02;113.58;-0.268;-6.309;-5.864
2020-12-03;113.929;-0.299;-7.655;-7.171
2020-12-04;113.835;-0.291;-7.875;-7.387
2020-12-07;114.174;-0.321;-8.611;-8.073
2020-12-08;114.451;-0.345;-9.144;-8.565
2020-12-09;114.436;-0.344;-9.081;-8.53
2020-12-10;114.423;-0.344;-8.11;-7.602
2020-12-11;114.714;-0.369;-7.95;-7.449
2020-12-14;114.613;-0.361;-8.315;-7.813
2020-12-15;114.536;-0.355;-7.937;-7.457
2020-12-16;114.051;-0.313;-6.755;-6.366
2020-12-17;114.097;-0.318;-7.062;-6.678
2020-12-18;114.112;-0.32;-7.503;-7.102
2020-12-21;114.184;-0.326;-8.475;-8.027
2020-12-22;114.327;-0.339;-8.869;-8.371
2020-12-23;113.858;-0.299;-7.55;-7.155
2020-12-24;113.858;-0.3;-7.697;-7.302
2020-12-25;113.858;-0.3;-7.697;-7.301
2020-12-28;114.089;-0.32;-8.46;-8.013
2020-12-29;114.238;-0.333;-9.32;-8.801
2020-12-30;114.18;-0.33;-8.76;-8.289
2020-12-31;114.18;-0.33;-8.534;-8.065
2021-01-01;114.18;-0.33;-8.55;-8.065
2021-01-04;114.427;-0.352;-7.505;-7.038
2021-01-05;114.089;-0.323;-6.801;-6.43
2021-01-06;113.892;-0.306;-7.266;-6.853
2021-01-07;113.914;-0.309;-8.708;-8.245
2021-01-08;113.876;-0.306;-9.283;-8.769
2021-01-11;113.633;-0.285;-8.877;-8.412
2021-01-12;113.253;-0.252;-8.939;-8.455
2021-01-13;113.794;-0.3;-8.768;-8.273
2021-01-14;113.999;-0.319;-9.392;-8.834
2021-01-15;113.824;-0.304;-8.263;-7.797
2021-01-18;113.646;-0.288;-7.731;-7.289
2021-01-19;113.612;-0.286;-7.763;-7.354
2021-01-20;113.618;-0.286;-8.139;-7.675
2021-01-21;113.232;-0.253;-7.721;-7.31
2021-01-22;113.401;-0.269;-8.1;-7.671
2021-01-25;113.786;-0.303;-8.814;-8.373
2021-01-26;113.65;-0.291;-9.569;-9.074
2021-01-27;113.713;-0.297;-9.917;-9.42
2021-01-28;113.664;-0.294;-10.248;-9.725
2021-01-29;113.395;-0.27;-9.863;-9.355
2021-02-01;113.378;-0.269;-9.381;-8.905
2021-02-02;113.081;-0.243;-8.636;-8.209
2021-02-03;112.899;-0.227;-9.588;-9.164
2021-02-04;112.869;-0.225;-10.566;-10.076
2021-02-05;112.735;-0.214;-10.277;-9.824
2021-02-08;112.696;-0.211;-10.337;-9.873
2021-02-09;112.664;-0.208;-10.061;-9.602
2021-02-10;112.493;-0.193;-9.718;-9.3
2021-02-11;112.696;-0.212;-10.012;-9.569
2021-02-12;112.275;-0.175;-9.39;-8.977
2021-02-15;111.777;-0.13;-8.594;-8.243
2021-02-16;111.334;-0.091;-8.426;-8.124
2021-02-17;111.462;-0.102;-7.67;-7.367
2021-02-18;110.979;-0.059;-5.183;-4.983
2021-02-19;110.664;-0.031;-6.723;-6.485
2021-02-22;111.097;-0.071;-6.648;-6.399
2021-02-23;110.753;-0.04;-5.093;-4.893
2021-02-24;110.554;-0.022;-4.224;-4.061
2021-02-25;109.79;0.048;-2.673;-2.53
2021-02-26;110.245;0.006;-5.02;-4.817
2021-03-01;111.218;-0.084;-6.879;-6.663
2021-03-02;111.409;-0.101;-7.234;-6.971
2021-03-03;110.699;-0.037;-7.392;-7.13
2021-03-04;110.894;-0.055;-7.223;-6.941
2021-03-05;110.745;-0.042;-7.62;-7.36
2021-03-08;110.576;-0.027;-8.504;-8.232
2021-03-09;110.859;-0.053;-9.218;-8.904
2021-03-10;110.886;-0.056;-8.165;-7.871
2021-03-11;111.158;-0.081;-9.259;-8.893
2021-03-12;110.81;-0.05;-9.474;-9.182
2021-03-15;111.074;-0.074;-9.488;-9.16
2021-03-16;111.053;-0.073;-8.547;-8.241
2021-03-17;110.523;-0.024;-8.707;-8.419
2021-03-18;110.365;-0.01;-9.698;-9.397
2021-03-19;110.631;-0.035;-9.928;-9.635
2021-03-22;110.721;-0.044;-10.033;-9.684
2021-03-23;111.053;-0.074;-11.002;-10.629
2021-03-24;111.252;-0.093;-11.729;-11.314
2021-03-25;111.551;-0.121;-11.246;-10.86
2021-03-26;111.209;-0.09;-11.553;-11.181
2021-03-29;110.91;-0.063;-11.475;-11.127
2021-03-30;110.644;-0.039;-11.0;-10.673
2021-03-31;110.695;-0.045;-11.849;-11.535
2021-04-01;111.021;-0.075;-11.473;-11.12
2021-04-02;111.021;-0.075;-11.815;-11.462
2021-04-05;111.021;-0.075;-11.8;-11.463
2021-04-06;110.816;-0.056;-10.264;-9.922
2021-04-07;110.876;-0.062;-9.364;-9.065
2021-04-08;110.961;-0.071;-9.48;-9.181
2021-04-09;110.582;-0.036;-8.388;-8.116
2021-04-12;110.448;-0.024;-8.54;-8.287
2021-04-13;110.447;-0.024;-8.768;-8.474
2021-04-14;110.118;0.006;-8.665;-8.458
2021-04-15;110.477;-0.028;-8.918;-8.658
2021-04-16;110.183;-0.001;-8.289;-8.074
2021-04-19;109.912;0.024;-7.724;-7.511
2021-04-20;110.158;0.001;-7.659;-7.429
2021-04-21;110.201;-0.003;-7.948;-7.713
2021-04-22;110.093;0.006;-7.865;-7.642
2021-04-23;110.147;0.001;-8.007;-7.767
2021-04-26;110.165;-0.001;-9.319;-9.052
2021-04-27;110.097;0.005;-9.179;-8.904
2021-04-28;109.83;0.029;-8.281;-8.04
2021-04-29;109.346;0.074;-7.405;-7.203
2021-04-30;109.305;0.078;-6.012;-5.828
2021-05-03;109.36;0.072;-6.998;-6.798
2021-05-04;109.684;0.042;-5.99;-5.833
2021-05-05;109.523;0.057;-5.332;-5.148
2021-05-06;109.47;0.061;-4.774;-4.691
2021-05-07;109.242;0.082;-3.079;-2.983
2021-05-10;109.288;0.078;-3.68;-3.6
2021-05-11;108.741;0.129;-2.222;-2.144
2021-05-12;108.332;0.168;-0.587;-0.561
2021-05-13;108.208;0.179;1.537;1.55
2021-05-14;108.291;0.171;2.137;2.09
2021-05-17;108.043;0.194;3.112;3.093
2021-05-18;107.972;0.201;1.468;1.464
2021-05-19;108.048;0.194;1.386;1.392
2021-05-20;108.276;0.171;-0.867;-0.809
2021-05-21;108.485;0.151;-0.904;-0.855
2021-05-24;108.58;0.142;-0.659;-0.632
2021-05-25;108.965;0.105;-2.853;-2.797
2021-05-26;109.397;0.063;-3.441;-3.344
2021-05-27;109.082;0.093;-3.352;-3.266
2021-05-28;109.212;0.08;-3.628;-3.546
2021-05-31;109.288;0.073;-4.084;-3.971
2021-06-01;109.203;0.08;-3.759;-3.643
2021-06-02;109.416;0.06;-4.187;-4.059
2021-06-03;109.25;0.075;-4.851;-4.731
2021-06-04;109.554;0.046;-5.425;-5.273
2021-06-07;109.298;0.07;-4.452;-4.331
2021-06-08;109.646;0.037;-5.564;-5.396
2021-06-09;109.838;0.018;-5.123;-4.963
2021-06-10;109.917;0.01;-5.666;-5.502
2021-06-11;110.106;-0.008;-6.356;-6.163
2021-06-14;109.822;0.018;-5.886;-5.712
2021-06-15;109.596;0.04;-5.866;-5.696
2021-06-16;109.725;0.027;-5.43;-5.273
2021-06-17;109.477;0.05;-3.45;-3.343
2021-06-18;109.371;0.06;-1.085;-1.037
2021-06-21;109.293;0.067;-3.462;-3.369
2021-06-22;109.248;0.071;-3.334;-3.26
2021-06-23;109.432;0.053;-4.035;-3.932
2021-06-24;109.545;0.042;-4.984;-4.859
2021-06-25;109.054;0.088;-3.413;-3.317
2021-06-28;109.457;0.05;-4.567;-4.43
2021-06-29;109.282;0.066;-5.603;-5.45
2021-06-30;109.731;0.023;-6.482;-6.281
2021-07-01;109.741;0.021;-7.362;-7.148
2021-07-02;110.108;-0.014;-8.037;-7.8
2021-07-05;109.796;0.016;-7.347;-7.137
2021-07-06;110.425;-0.045;-8.171;-7.911
2021-07-07;110.725;-0.073;-8.049;-7.779
2021-07-08;110.694;-0.071;-6.75;-6.501
2021-07-09;110.558;-0.059;-7.657;-7.396
2021-07-12;110.569;-0.06;-7.981;-7.714
2021-07-13;110.616;-0.065;-8.988;-8.685
2021-07-14;110.843;-0.086;-9.054;-8.741
2021-07-15;111.027;-0.105;-9.65;-9.311
2021-07-16;111.194;-0.121;-9.908;-9.533
2021-07-19;111.336;-0.134;-8.739;-8.39
2021-07-20;111.515;-0.151;-8.724;-8.337
2021-07-21;111.35;-0.136;-9.334;-8.974
2021-07-22;111.772;-0.177;-10.609;-10.162
2021-07-23;111.796;-0.179;-11.09;-10.63
2021-07-26;111.651;-0.166;-10.725;-10.279
2021-07-27;111.767;-0.177;-10.532;-10.065
2021-07-28;111.727;-0.174;-10.863;-10.381
2021-07-29;111.794;-0.181;-10.713;-10.244
2021-07-30;111.846;-0.186;-10.324;-9.87
2021-08-02;112.179;-0.218;-10.257;-9.784
2021-08-03;112.118;-0.212;-9.858;-9.397
2021-08-04;112.284;-0.228;-10.36;-9.835
2021-08-05;112.325;-0.233;-11.443;-10.893
2021-08-06;111.914;-0.195;-10.771;-10.294
2021-08-09;111.999;-0.203;-10.693;-10.2
2021-08-10;112.04;-0.207;-10.905;-10.39
2021-08-11;112.01;-0.205;-9.3;-8.844
2021-08-12;112.008;-0.206;-9.66;-9.202
2021-08-13;112.001;-0.205;-8.383;-7.991
2021-08-16;111.944;-0.2;-8.559;-8.157
2021-08-17;111.985;-0.204;-9.332;-8.889
2021-08-18;112.099;-0.215;-9.458;-9.01
2021-08-19;112.208;-0.227;-9.814;-9.336
2021-08-20;112.278;-0.234;-9.886;-9.396
2021-08-23;112.133;-0.22;-9.425;-8.964
2021-08-24;112.114;-0.219;-9.244;-8.801
2021-08-25;111.438;-0.155;-7.4;-7.053
2021-08-26;111.228;-0.136;-6.733;-6.418
2021-08-27;111.394;-0.152;-7.251;-6.909
2021-08-30;111.597;-0.172;-8.513;-8.115
2021-08-31;111.036;-0.119;-6.98;-6.694
2021-09-01;111.014;-0.117;-8.116;-7.795
2021-09-02;111.143;-0.13;-9.158;-8.817
2021-09-03;110.985;-0.115;-9.749;-9.393
2021-09-06;111.063;-0.123;-10.271;-9.88
2021-09-07;110.541;-0.073;-8.701;-8.39
2021-09-08;110.582;-0.077;-9.186;-8.87
2021-09-09;111.08;-0.126;-10.841;-10.416
2021-09-10;110.718;-0.092;-10.373;-9.991
2021-09-13;110.705;-0.091;-10.246;-9.876
2021-09-14;110.844;-0.104;-10.448;-10.049
2021-09-15;110.423;-0.064;-9.41;-9.057
2021-09-16;110.426;-0.065;-10.603;-10.244
2021-09-17;110.229;-0.046;-11.226;-10.825
2021-09-20;110.494;-0.072;-11.208;-10.795
2021-09-21;110.541;-0.077;-11.579;-11.125
2021-09-22;110.633;-0.086;-11.184;-10.813
2021-09-23;109.936;-0.02;-10.289;-9.953
2021-09-24;109.578;0.015;-9.716;-9.456
2021-09-27;109.508;0.022;-9.629;-9.389
2021-09-28;109.227;0.049;-9.494;-9.222
2021-09-29;109.359;0.036;-9.481;-9.202
2021-09-30;109.226;0.048;-9.291;-9.035
2021-10-01;109.569;0.014;-10.812;-10.521
2021-10-04;109.434;0.027;-10.686;-10.377
2021-10-05;109.171;0.053;-10.291;-10.019
2021-10-06;109.033;0.066;-10.155;-9.865
2021-10-07;109.139;0.055;-11.596;-11.322
2021-10-08;108.79;0.089;-12.042;-11.809
2021-10-11;108.539;0.113;-13.339;-13.089
2021-10-12;108.254;0.142;-13.32;-13.054
2021-10-13;108.666;0.1;-13.074;-12.785
2021-10-14;109.308;0.036;-13.125;-12.82
2021-10-15;109.013;0.065;-12.859;-12.535
2021-10-18;108.79;0.087;-13.464;-13.105
2021-10-19;108.42;0.123;-12.658;-12.362
2021-10-20;108.688;0.097;-13.18;-12.862
2021-10-21;108.429;0.122;-12.999;-12.692
2021-10-22;108.378;0.126;-13.266;-12.94
2021-10-25;108.512;0.113;-14.229;-13.908
2021-10-26;108.475;0.116;-13.308;-12.985
2021-10-27;109.06;0.058;-12.603;-12.178
2021-10-28;108.582;0.105;-12.331;-11.992
2021-10-29;107.982;0.164;-9.946;-9.721
2021-11-01;108.07;0.155;-10.509;-10.248
2021-11-02;108.903;0.072;-11.395;-11.1
2021-11-03;108.999;0.062;-12.702;-12.355
2021-11-04;109.624;0.0;-12.783;-12.453
2021-11-05;110.135;-0.051;-13.06;-12.674
2021-11-08;109.766;-0.015;-13.284;-12.903
2021-11-09;110.292;-0.067;-14.233;-13.791
2021-11-10;109.643;-0.003;-15.033;-14.608
2021-11-11;109.497;0.01;-16.687;-16.28
2021-11-12;109.783;-0.018;-17.854;-17.372
2021-11-15;109.528;0.007;-17.274;-16.83
2021-11-16;109.666;-0.007;-18.434;-17.936
2021-11-17;109.57;0.002;-16.71;-16.231
2021-11-18;109.921;-0.034;-18.167;-17.658
2021-11-19;110.445;-0.086;-17.484;-16.96
2021-11-22;109.988;-0.041;-16.247;-15.787
2021-11-23;109.112;0.046;-15.106;-14.724
2021-11-24;109.128;0.044;-15.406;-15.001
2021-11-25;109.356;0.02;-16.779;-16.337
2021-11-26;110.093;-0.053;-15.941;-15.456
2021-11-29;109.952;-0.039;-17.164;-16.638
2021-11-30;110.319;-0.076;-18.484;-17.878
2021-12-01;110.239;-0.068;-17.624;-17.028
2021-12-02;110.473;-0.092;-17.807;-17.211
2021-12-03;110.743;-0.119;-19.368;-18.678
2021-12-06;110.735;-0.119;-19.612;-18.898
2021-12-07;110.639;-0.109;-18.833;-18.162
2021-12-08;109.971;-0.044;-16.662;-16.115
2021-12-09;110.435;-0.091;-18.138;-17.514
2021-12-10;110.413;-0.089;-18.113;-17.497
2021-12-13;110.746;-0.122;-18.154;-17.48
2021-12-14;110.56;-0.104;-17.335;-16.721
2021-12-15;110.528;-0.101;-18.996;-18.323
2021-12-16;110.28;-0.077;-17.231;-16.648
2021-12-17;110.614;-0.111;-18.288;-17.649
2021-12-20;110.496;-0.099;-19.486;-18.838
2021-12-21;109.755;-0.026;-17.98;-17.467
2021-12-22;109.588;-0.009;-17.883;-17.422
2021-12-23;109.129;0.036;-17.69;-17.323
2021-12-24;109.129;0.035;-18.027;-17.613
2021-12-27;109.047;0.043;-17.18;-16.805
2021-12-28;109.046;0.043;-18.085;-17.652
2021-12-29;108.399;0.108;-16.4;-16.108
2021-12-30;108.358;0.112;-15.898;-15.62
2021-12-31;108.358;0.112;-15.679;-15.419
2022-01-03;107.927;0.155;-15.227;-15.019
2022-01-04;107.95;0.153;-14.514;-14.327
2022-01-05;108.044;0.143;-15.273;-15.029
2022-01-06;107.715;0.176;-14.785;-14.652
2022-01-07;107.47;0.201;-13.7;-13.603
2022-01-10;107.455;0.202;-14.907;-14.807
2022-01-11;107.322;0.215;-14.776;-14.688
2022-01-12;107.619;0.185;-14.032;-14.502
2022-01-13;107.925;0.153;-15.172;-14.991
2022-01-14;107.491;0.197;-15.385;-15.262
2022-01-17;107.256;0.221;-14.542;-14.456
2022-01-18;107.172;0.229;-14.279;-14.195
2022-01-19;107.076;0.239;-13.765;-13.706
2022-01-20;107.262;0.219;-14.993;-14.931
2022-01-21;107.527;0.192;-15.156;-15.074
2022-01-24;107.773;0.166;-15.977;-15.818
2022-01-25;107.507;0.193;-16.002;-15.872
2022-01-26;107.463;0.198;-15.371;-15.264
2022-01-27;107.385;0.205;-15.792;-15.732
2022-01-28;107.208;0.223;-16.092;-16.039
2022-01-31;106.663;0.28;-15.358;-15.316
2022-02-01;106.427;0.304;-15.344;-15.358
2022-02-02;106.451;0.301;-16.638;-16.643
2022-02-03;105.227;0.43;-12.133;-12.171
2022-02-04;104.539;0.503;-12.515;-12.782
2022-02-07;104.29;0.529;-14.805;-15.086
2022-02-08;103.82;0.58;-16.488;-16.819
2022-02-09;104.327;0.525;-17.217;-17.57
2022-02-10;103.517;0.612;-17.781;-18.13
2022-02-11;103.309;0.634;-20.062;-20.455
2022-02-14;103.351;0.63;-22.458;-22.916
2022-02-15;103.126;0.654;-18.286;-18.693
2022-02-16;103.396;0.624;-17.062;-17.461
2022-02-17;103.873;0.573;-19.709;-19.983
2022-02-18;104.053;0.553;-20.256;-20.525
2022-02-21;103.8;0.58;-19.109;-19.352
2022-02-22;103.636;0.598;-21.01;-21.273
2022-02-23;103.645;0.597;-21.308;-21.542
2022-02-24;104.269;0.529;-25.307;-25.514
2022-02-25;103.868;0.572;-27.18;-27.536
2022-02-28;104.762;0.476;-29.925;-30.07
2022-03-01;106.971;0.241;-36.259;-36.0
2022-03-02;105.703;0.375;-29.825;-29.766
2022-03-03;105.593;0.386;-29.342;-29.366
2022-03-04;106.075;0.335;-33.643;-33.736
2022-03-07;105.785;0.365;-32.882;-32.86
2022-03-08;105.017;0.447;-33.054;-33.01
2022-03-09;104.081;0.548;-30.798;-31.174
2022-03-10;103.284;0.634;-27.704;-28.139
2022-03-11;103.478;0.613;-28.897;-29.375
2022-03-14;102.475;0.723;-28.037;-28.686
2022-03-15;102.739;0.694;-29.069;-29.704
2022-03-16;102.408;0.73;-27.933;-28.551
2022-03-17;102.545;0.715;-25.168;-25.652
2022-03-18;102.672;0.701;-26.612;-27.167
2022-03-21;101.883;0.788;-25.961;-26.604
2022-03-22;101.642;0.815;-26.739;-27.44
2022-03-23;101.858;0.791;-24.405;-24.979
2022-03-24;101.423;0.839;-26.364;-27.076
2022-03-25;101.029;0.883;-26.969;-27.75
2022-03-28;101.074;0.878;-28.181;-28.899
2022-03-29;100.542;0.938;-27.67;-28.443
2022-03-30;100.234;0.973;-26.123;-26.908
2022-03-31;101.082;0.877;-28.188;-29.012
2022-04-01;100.8;0.909;-25.528;-26.389
2022-04-04;101.083;0.877;-25.405;-26.221
2022-04-05;99.814;1.021;-21.753;-22.498
2022-04-06;99.566;1.05;-23.769;-24.697
2022-04-07;99.197;1.092;-22.1;-23.105
2022-04-08;99.036;1.111;-24.678;-25.612
2022-04-11;98.455;1.178;-27.574;-28.759
2022-04-12;98.564;1.166;-28.572;-29.925
2022-04-13;98.854;1.132;-30.214;-31.454
2022-04-14;98.285;1.198;-32.322;-33.918
2022-04-15;98.285;1.198;-32.138;-33.754
2022-04-18;98.285;1.198;-32.148;-33.753
2022-04-19;97.871;1.247;-32.373;-34.049
2022-04-20;98.229;1.205;-30.618;-31.982
2022-04-21;97.581;1.282;-30.846;-32.168
2022-04-22;97.362;1.307;-32.396;-33.854
2022-04-25;98.318;1.195;-32.991;-34.537
2022-04-26;98.333;1.193;-31.599;-33.038
2022-04-27;98.401;1.185;-33.015;-34.344
2022-04-28;97.558;1.285;-33.754;-35.348
2022-04-29;97.057;1.344;-32.737;-34.28
2022-05-02;96.727;1.384;-31.828;-33.724
2022-05-03;96.786;1.377;-32.985;-34.718
2022-05-04;96.644;1.394;-31.019;-32.654
2022-05-05;96.052;1.466;-30.538;-32.32
2022-05-06;95.358;1.55;-32.926;-34.795
2022-05-09;95.58;1.523;-36.35;-38.582
2022-05-10;96.372;1.427;-37.489;-39.476
2022-05-11;96.697;1.388;-36.992;-38.822
2022-05-12;97.857;1.251;-32.399;-33.795
2022-05-13;97.01;1.351;-29.387;-30.786
2022-05-16;97.078;1.343;-27.398;-28.602
2022-05-17;96.214;1.447;-25.684;-26.729
2022-05-18;96.368;1.429;-26.196;-27.299
2022-05-19;96.969;1.357;-27.993;-29.198
2022-05-20;96.86;1.37;-25.347;-26.599
2022-05-23;96.274;1.441;-23.447;-24.536
2022-05-24;96.621;1.399;-23.99;-25.117
2022-05-25;96.749;1.384;-25.782;-27.048
2022-05-26;96.48;1.417;-27.642;-29.076
2022-05-27;96.78;1.38;-26.827;-28.122
2022-05-30;96.066;1.467;-24.26;-25.461
2022-05-31;95.492;1.537;-25.011;-26.368
2022-06-01;94.935;1.606;-23.41;-24.756
2022-06-02;94.485;1.662;-22.938;-24.338
2022-06-03;94.167;1.701;-23.0;-24.41
2022-06-06;93.802;1.747;-21.079;-22.437
2022-06-07;94.092;1.711;-23.0;-24.49
2022-06-08;93.553;1.779;-22.436;-23.947
2022-06-09;92.805;1.874;-19.542;-21.011
2022-06-10;91.831;1.999;-17.265;-18.634
2022-06-13;90.554;2.164;-17.037;-18.495
2022-06-14;89.49;2.304;-23.244;-25.468
2022-06-15;90.741;2.14;-26.217;-28.533
2022-06-16;90.438;2.181;-26.983;-29.446
2022-06-17;90.883;2.123;-25.903;-28.188
2022-06-20;90.04;2.234;-23.837;-26.083
2022-06-21;89.956;2.245;-24.231;-26.619
2022-06-22;91.15;2.089;-28.1;-30.563
2022-06-23;92.734;1.887;-27.504;-29.528
2022-06-24;92.755;1.884;-27.954;-29.683
2022-06-27;91.907;1.993;-28.113;-29.972
2022-06-28;91.171;2.089;-26.176;-27.995
2022-06-29;91.985;1.984;-29.074;-31.308
2022-06-30;93.189;1.83;-26.282;-27.884
2022-07-01;94.151;1.709;-26.543;-27.908
2022-07-04;93.166;1.834;-26.395;-27.855
2022-07-05;94.268;1.695;-28.743;-30.1
2022-07-06;94.451;1.672;-26.01;-27.178
2022-07-07;93.662;1.772;-28.009;-29.516
2022-07-08;93.509;1.792;-28.194;-30.177
2022-07-11;94.307;1.691;-30.378;-32.475
2022-07-12;95.317;1.565;-32.227;-34.31
2022-07-13;95.224;1.577;-30.258;-31.971
2022-07-14;94.898;1.618;-29.977;-31.953
2022-07-15;95.203;1.58;-30.519;-33.195
2022-07-18;94.627;1.652;-29.57;-32.013
2022-07-19;94.338;1.689;-31.308;-33.916
2022-07-20;94.429;1.678;-28.33;-31.31
2022-07-21;94.524;1.666;-28.297;-31.191
2022-07-22;96.132;1.466;-30.831;-33.984
2022-07-25;96.238;1.453;-28.569;-31.141
2022-07-26;96.996;1.361;-29.439;-31.754
2022-07-27;96.856;1.378;-30.218;-32.512
2022-07-28;97.968;1.243;-32.582;-35.125
2022-07-29;98.132;1.223;-34.555;-37.045
2022-08-01;98.392;1.192;-35.02;-37.466
2022-08-02;97.922;1.249;-34.409;-36.769
2022-08-03;97.64;1.283;-33.3;-35.73
2022-08-04;98.341;1.198;-35.96;-38.5
2022-08-05;97.196;1.337;-39.724;-42.516
2022-08-08;97.611;1.287;-40.155;-43.062
2022-08-09;97.361;1.317;-39.313;-42.184
2022-08-10;97.521;1.298;-38.597;-41.604
2022-08-11;96.878;1.377;-37.198;-40.267
2022-08-12;96.805;1.386;-35.782;-38.792
2022-08-15;97.488;1.302;-35.171;-37.889
2022-08-16;96.882;1.377;-33.473;-36.136
2022-08-17;95.91;1.497;-32.323;-34.995
2022-08-18;95.793;1.512;-32.049;-35.035
2022-08-19;94.756;1.643;-33.674;-37.124
2022-08-22;94.109;1.725;-35.37;-39.301
2022-08-23;93.991;1.74;-36.506;-40.544
2022-08-24;93.522;1.801;-37.788;-41.964
2022-08-25;93.968;1.744;-36.743;-40.917
2022-08-26;93.287;1.832;-37.017;-41.018
2022-08-29;92.462;1.939;-39.633;-44.181
2022-08-30;92.405;1.947;-37.375;-42.428
2022-08-31;92.267;1.965;-36.616;-41.55
2022-09-01;92.111;1.986;-36.238;-41.216
2022-09-02;92.373;1.952;-37.292;-42.584
2022-09-05;91.94;2.009;-39.098;-44.626
2022-09-06;91.667;2.046;-40.572;-46.451
2022-09-07;92.268;1.967;-39.174;-44.814
2022-09-08;91.321;2.093;-32.951;-37.749
2022-09-09;91.057;2.128;-29.505;-34.516
2022-09-12;91.353;2.089;-28.778;-33.717
2022-09-13;90.959;2.142;-31.349;-36.698
2022-09-14;91.102;2.123;-34.677;-39.821
2022-09-15;90.768;2.169;-31.241;-36.409
2022-09-16;90.917;2.149;-31.76;-36.953
2022-09-19;90.56;2.197;-30.691;-36.002
2022-09-20;89.659;2.319;-29.708;-35.141
2022-09-21;89.864;2.292;-32.312;-37.914
2022-09-22;89.283;2.372;-36.038;-41.792
2022-09-23;88.711;2.451;-35.336;-41.315
2022-09-26;87.901;2.564;-36.147;-42.194
2022-09-27;87.107;2.675;-38.173;-45.132
2022-09-28;87.942;2.559;-44.083;-51.527
2022-09-29;87.422;2.633;-40.651;-47.517
2022-09-30;87.98;2.556;-42.948;-49.932
2022-10-03;89.426;2.356;-43.736;-50.566
2022-10-04;89.808;2.305;-42.228;-48.624
2022-10-05;88.556;2.477;-41.546;-47.811
2022-10-06;88.203;2.527;-44.847;-51.779
2022-10-07;87.393;2.641;-46.652;-54.252
2022-10-10;86.605;2.753;-47.8;-56.163
2022-10-11;86.831;2.722;-47.406;-55.86
2022-10-12;86.622;2.752;-45.816;-54.063
2022-10-13;86.808;2.727;-43.438;-50.947
2022-10-14;86.357;2.792;-41.625;-49.018
2022-10-17;86.879;2.718;-42.188;-49.293
2022-10-18;86.836;2.725;-39.408;-46.17
2022-10-19;86.155;2.822;-34.329;-40.591
2022-10-20;86.096;2.833;-35.871;-42.209
2022-10-21;86.119;2.83;-33.836;-40.334
2022-10-24;86.884;2.721;-35.758;-42.363
2022-10-25;87.868;2.582;-33.433;-39.33
2022-10-26;88.174;2.54;-35.328;-41.307
2022-10-27;89.536;2.352;-39.302;-45.461
2022-10-28;88.496;2.497;-40.571;-46.19
2022-10-31;88.154;2.545;-39.317;-45.332
2022-11-01;88.202;2.539;-39.464;-45.534
2022-11-02;88.174;2.543;-38.927;-44.989
2022-11-03;87.483;2.642;-39.18;-45.201
2022-11-04;87.167;2.687;-37.499;-43.628
2022-11-07;87.005;2.711;-35.378;-41.316
2022-11-08;87.409;2.654;-32.516;-37.967
2022-11-09;88.104;2.556;-30.674;-35.868
2022-11-10;89.364;2.382;-34.404;-39.3
2022-11-11;88.224;2.541;-28.745;-32.984
2022-11-14;88.279;2.534;-26.233;-30.432
2022-11-15;88.643;2.483;-25.953;-29.823
2022-11-16;89.489;2.366;-28.316;-32.297
2022-11-17;89.346;2.387;-31.156;-34.949
2022-11-18;89.423;2.377;-31.315;-35.376
2022-11-21;89.492;2.368;-29.878;-33.642
2022-11-22;89.536;2.362;-28.057;-31.691
2022-11-23;89.902;2.312;-28.923;-32.435
2022-11-24;90.451;2.237;-29.297;-32.439
2022-11-25;89.444;2.377;-25.698;-28.592
2022-11-28;89.267;2.402;-24.051;-27.14
2022-11-29;89.809;2.327;-27.226;-30.672
2022-11-30;89.797;2.329;-26.967;-30.207
2022-12-01;90.771;2.196;-29.58;-32.644
2022-12-02;90.399;2.247;-28.355;-31.228
2022-12-05;90.126;2.286;-27.18;-30.156
2022-12-06;90.333;2.257;-23.519;-26.154
2022-12-07;90.631;2.217;-27.414;-30.176
2022-12-08;90.371;2.254;-25.498;-27.96
2022-12-09;89.395;2.39;-19.273;-21.348
2022-12-12;89.307;2.402;-19.261;-21.376
2022-12-13;89.446;2.383;-21.17;-23.351
2022-12-14;89.344;2.398;-17.154;-19.004
2022-12-15;88.14;2.569;-12.779;-14.082
2022-12-16;87.462;2.667;-13.521;-14.977
2022-12-19;87.178;2.708;-11.879;-13.158
2022-12-20;86.396;2.822;-10.1;-11.19
2022-12-21;86.374;2.826;-13.406;-14.975
2022-12-22;86.02;2.88;-12.445;-14.19
2022-12-23;85.786;2.915;-12.149;-13.888
2022-12-26;85.786;2.915;-12.46;-14.276
2022-12-27;84.988;3.034;-11.557;-13.251
2022-12-28;85.122;3.015;-9.774;-11.63
2022-12-29;85.632;2.941;-11.236;-12.857
2022-12-30;84.683;3.083;-9.287;-10.517
2023-01-02;85.544;2.955;-8.742;-10.093
2023-01-03;85.911;2.902;-7.187;-8.306
2023-01-04;86.816;2.769;-7.975;-9.293
2023-01-05;86.538;2.812;-10.519;-12.015
2023-01-06;87.255;2.708;-10.237;-11.862
2023-01-09;87.197;2.717;-10.898;-12.596
2023-01-10;86.779;2.778;-10.578;-12.242
2023-01-11;87.834;2.626;-12.371;-14.404
2023-01-12;88.287;2.562;-13.706;-15.402
2023-01-13;88.1;2.589;-10.273;-12.033
2023-01-16;88.055;2.596;-9.456;-11.006
2023-01-17;88.761;2.496;-10.187;-11.876
2023-01-18;89.348;2.413;-14.936;-16.666
2023-01-19;89.095;2.45;-15.342;-17.075
2023-01-20;88.172;2.583;-13.109;-15.018
2023-01-23;87.859;2.628;-13.477;-15.598
2023-01-24;88.255;2.572;-15.28;-17.559
2023-01-25;88.191;2.581;-14.659;-16.945
2023-01-26;87.674;2.658;-12.201;-14.028
2023-01-27;87.448;2.691;-10.941;-12.791
2023-01-30;86.82;2.783;-8.986;-10.815
2023-01-31;87.125;2.739;-9.562;-11.617
2023-02-01;87.139;2.738;-8.887;-10.921
2023-02-02;88.834;2.494;-12.795;-15.118
2023-02-03;87.949;2.622;-10.384;-12.388
2023-02-06;87.218;2.729;-10.263;-12.397
2023-02-07;86.87;2.781;-9.246;-11.318
2023-02-08;86.781;2.794;-6.864;-8.761
2023-02-09;87.196;2.735;-7.637;-9.665
2023-02-10;86.734;2.803;-6.564;-8.333
2023-02-13;86.715;2.807;-7.348;-9.436
2023-02-14;86.239;2.878;-8.056;-10.344
2023-02-15;85.921;2.926;-6.452;-8.687
2023-02-16;85.854;2.938;-5.138;-7.148
2023-02-17;86.057;2.908;-5.91;-8.078
2023-02-20;85.869;2.937;-5.427;-7.518
2023-02-21;85.302;3.023;-3.941;-6.044
2023-02-22;85.368;3.013;-6.053;-8.304
2023-02-23;85.663;2.971;-7.912;-9.969
2023-02-24;85.224;3.038;-7.0;-9.09
2023-02-27;84.985;3.075;-7.731;-10.108
2023-02-28;84.542;3.143;-7.714;-10.256
2023-03-01;84.133;3.206;-5.938;-8.205
2023-03-02;83.904;3.244;-5.341;-7.716
2023-03-03;84.103;3.214;-5.236;-7.298
2023-03-06;83.838;3.255;-2.822;-4.627
2023-03-07;84.156;3.207;-2.474;-4.356
2023-03-08;84.416;3.168;-2.169;-4.2
2023-03-09;84.507;3.156;-2.393;-4.244
2023-03-10;85.332;3.031;-6.359;-8.703
2023-03-13;86.83;2.806;-12.107;-15.603
2023-03-14;85.833;2.956;-9.813;-10.428
2023-03-15;87.68;2.681;-18.044;-21.285
2023-03-16;86.667;2.833;-13.372;-15.107
2023-03-17;87.839;2.66;-16.936;-18.837
2023-03-20;87.981;2.64;-18.47;-20.949
2023-03-21;86.774;2.819;-11.692;-12.924
2023-03-22;86.504;2.86;-11.326;-13.131
2023-03-23;87.43;2.724;-15.598;-18.224
2023-03-24;87.933;2.65;-16.569;-19.411
2023-03-27;87.361;2.735;-14.456;-16.555
2023-03-28;86.896;2.805;-12.41;-14.807
2023-03-29;86.703;2.834;-10.689;-13.078
2023-03-30;86.3;2.897;-11.18;-13.284
2023-03-31;86.891;2.808;-12.059;-14.564
2023-04-03;87.15;2.77;-11.455;-13.703
2023-04-04;87.169;2.768;-9.665;-12.075
2023-04-05;87.659;2.698;-11.065;-13.084
2023-04-06;87.578;2.711;-10.515;-12.387
2023-04-07;87.578;2.711;-10.193;-12.039
2023-04-10;87.578;2.711;-9.973;-12.044
2023-04-11;86.684;2.845;-7.759;-9.276
2023-04-12;86.358;2.895;-8.071;-9.824
2023-04-13;86.34;2.899;-6.777;-8.589
2023-04-14;85.919;2.964;-4.895;-6.411
2023-04-17;85.774;2.987;-6.089;-8.32
2023-04-18;85.729;2.994;-7.032;-9.25
2023-04-19;85.439;3.039;-7.48;-9.622
2023-04-20;85.86;2.977;-9.014;-11.273
2023-04-21;85.632;3.012;-8.153;-10.135
2023-04-24;85.438;3.043;-8.015;-10.15
2023-04-25;86.298;2.912;-9.964;-12.462
2023-04-26;86.231;2.923;-10.157;-12.82
2023-04-27;85.807;2.99;-8.128;-10.03
2023-04-28;86.8;2.839;-10.535;-12.881
2023-05-01;86.8;2.839;-10.761;-13.436
2023-05-02;87.11;2.793;-11.073;-13.613
2023-05-03;87.25;2.773;-11.807;-14.22
2023-05-04;87.645;2.715;-11.908;-14.479
2023-05-05;87.052;2.805;-10.982;-12.841
2023-05-08;86.837;2.838;-9.863;-11.849
2023-05-09;86.625;2.871;-9.188;-11.058
2023-05-10;87.099;2.8;-10.538;-12.605
2023-05-11;87.526;2.737;-11.405;-13.177
2023-05-12;87.152;2.794;-10.525;-12.138
2023-05-15;86.968;2.822;-8.913;-10.619
2023-05-16;86.599;2.879;-7.897;-9.357
2023-05-17;86.666;2.87;-8.534;-10.006
2023-05-18;85.979;2.977;-8.931;-10.2
2023-05-19;86.126;2.955;-8.922;-10.242
2023-05-22;85.874;2.994;-7.399;-8.683
2023-05-23;85.802;3.006;-8.094;-9.513
2023-05-24;85.72;3.019;-7.419;-8.792
2023-05-25;85.427;3.067;-8.776;-10.108
2023-05-26;85.374;3.076;-8.382;-9.588
2023-05-29;86.031;2.975;-8.776;-10.34
2023-05-30;86.676;2.876;-9.676;-11.267
2023-05-31;87.077;2.815;-10.658;-12.249
2023-06-01;87.324;2.78;-10.094;-11.303
2023-06-02;86.983;2.832;-10.129;-11.284
2023-06-05;86.586;2.894;-8.259;-9.4
2023-06-06;86.754;2.868;-9.274;-10.488
2023-06-07;86.173;2.958;-8.104;-9.215
2023-06-08;86.541;2.904;-7.897;-8.904
2023-06-09;86.681;2.883;-7.591;-8.544
2023-06-12;86.737;2.875;;
2023-06-13;86.468;2.917;-8.281;-9.398
2023-06-14;86.258;2.95;-7.511;-8.499
2023-06-15;85.866;3.013;-7.704;-8.617
2023-06-16;86.235;2.956;-10.366;-11.515
2023-06-19;85.917;3.006;-9.908;-11.02
2023-06-20;86.541;2.91;-9.975;-10.977
2023-06-21;86.287;2.95;-9.712;-10.562
2023-06-22;85.835;3.022;-8.675;-9.568
2023-06-23;86.774;2.877;-9.984;-11.147
2023-06-26;87.056;2.834;-10.99;-12.063
2023-06-27;86.761;2.88;-11.83;-13.045
2023-06-28;87.029;2.84;-11.821;-13.124
2023-06-29;86.36;2.945;-10.548;-11.339
2023-06-30;86.494;2.925;-10.206;-10.979
2023-07-03;86.162;2.977;-10.053;-10.986
2023-07-04;86.085;2.99;-9.642;-10.355
2023-07-05;86.008;3.002;-10.229;-11.051
2023-07-06;84.978;3.167;-9.67;-10.394
2023-07-07;85.066;3.153;-10.778;-11.907
2023-07-10;85.008;3.163;-9.868;-10.858
2023-07-11;84.92;3.178;-8.914;-9.844
2023-07-12;85.605;3.07;-9.809;-10.936
2023-07-13;86.177;2.983;-10.288;-11.163
2023-07-14;85.915;3.024;-9.186;-9.91
2023-07-17;86.091;2.997;-8.204;-9.104
2023-07-18;86.738;2.897;-8.633;-9.584
2023-07-19;86.416;2.948;-9.709;-10.536
2023-07-20;86.104;2.999;-10.226;-11.007
2023-07-21;86.235;2.979;-10.707;-11.7
2023-07-24;86.565;2.928;-10.154;-11.318
2023-07-25;86.53;2.934;-9.576;-10.597
2023-07-26;86.134;2.997;-9.086;-9.959
2023-07-27;86.304;2.972;-9.656;-10.502
2023-07-28;86.165;2.994;-8.432;-9.09
2023-07-31;86.234;2.984;-8.687;-9.414
2023-08-01;85.852;3.045;-7.932;-8.723
2023-08-02;85.989;3.024;-8.12;-8.947
2023-08-03;85.664;3.078;-9.689;-10.463
2023-08-04;85.884;3.043;-9.239;-9.833
2023-08-07;85.716;3.071;-10.798;-11.943
2023-08-08;86.475;2.952;-11.837;-12.796
2023-08-09;86.325;2.976;-11.098;-12.04
2023-08-10;86.1;3.013;-10.271;-10.831
2023-08-11;85.543;3.102;-10.638;-11.213
2023-08-14;85.427;3.122;-9.496;-10.414
2023-08-15;85.166;3.164;-8.921;-9.731
2023-08-16;85.306;3.142;-8.527;-9.394
2023-08-17;85.004;3.193;-9.786;-10.362
2023-08-18;85.536;3.108;-10.617;-11.254
2023-08-21;85.065;3.185;-8.959;-9.672
2023-08-22;85.443;3.125;-8.855;-9.642
2023-08-23;86.282;2.992;-9.842;-10.77
2023-08-24;86.255;2.998;-9.392;-9.899
2023-08-25;85.941;3.049;-9.625;-10.16
2023-08-28;85.943;3.049;-9.172;-9.892
2023-08-29;86.227;3.005;-7.807;-8.397
2023-08-30;86.028;3.037;-7.072;-7.616
2023-08-31;86.614;2.946;-8.351;-9.155
2023-09-01;86.157;3.019;-8.687;-9.161
2023-09-04;86.016;3.042;-8.288;-9.059
2023-09-05;85.797;3.078;-7.065;-7.61
2023-09-06;85.428;3.138;-4.303;-4.429
2023-09-07;85.708;3.095;-5.655;-5.662
2023-09-08;85.706;3.096;-5.439;-5.567
2023-09-11;85.484;3.133;-4.011;-4.327
2023-09-12;85.395;3.148;-3.485;-3.906
2023-09-13;85.293;3.165;-3.83;-4.145
2023-09-14;85.693;3.103;-2.732;-2.822
2023-09-15;85.196;3.183;-1.491;-1.626
2023-09-18;85.013;3.214;-1.819;-1.943
2023-09-19;84.846;3.242;-1.247;-1.493
2023-09-20;85.1;3.201;-1.83;-2.163
2023-09-21;84.908;3.235;-2.697;-2.925
2023-09-22;84.891;3.238;-2.72;-2.903
2023-09-25;84.63;3.282;-2.539;-3.409
2023-09-26;84.541;3.297;-2.243;-2.794
2023-09-27;84.268;3.343;-0.644;-1.31
2023-09-28;83.753;3.43;-0.893;-1.146
2023-09-29;84.381;3.327;-2.533;-3.067
2023-10-02;83.959;3.398;-2.753;-3.741
2023-10-03;83.711;3.44;-2.795;-3.758
2023-10-04;83.907;3.408;-1.88;-2.771
2023-10-05;84.086;3.381;-0.76;-1.113
2023-10-06;84.029;3.391;0.219;-0.052
2023-10-09;84.689;3.283;-0.949;-1.301
2023-10-10;84.805;3.265;-2.717;-3.278
2023-10-11;85.087;3.219;-2.956;-3.271
2023-10-12;84.654;3.293;-2.481;-2.803
2023-10-13;84.848;3.262;-1.439;-1.924
2023-10-16;84.637;3.297;-1.339;-1.713
2023-10-17;84.051;3.395;-0.13;-0.443
2023-10-18;83.803;3.437;0.082;0.148
2023-10-19;83.83;3.435;-1.174;-1.3
2023-10-20;84.154;3.382;-2.764;-3.3
2023-10-23;84.311;3.357;-3.027;-3.519
2023-10-24;84.541;3.319;-1.962;-2.363
2023-10-25;84.157;3.384;-0.308;-0.457
2023-10-26;84.392;3.347;0.486;0.529
2023-10-27;84.647;3.306;-0.241;-0.319
2023-10-30;84.78;3.285;-1.051;-1.609
2023-10-31;84.819;3.279;-0.114;-0.449
2023-11-01;85.092;3.235;1.007;0.936
2023-11-02;85.396;3.187;0.857;1.16
2023-11-03;85.863;3.111;0.685;1.042
2023-11-06;85.302;3.204;3.284;3.678
2023-11-07;85.711;3.137;2.919;3.187
2023-11-08;85.929;3.103;2.366;2.609
2023-11-09;85.858;3.116;1.21;1.736
2023-11-10;85.489;3.178;1.724;2.235
2023-11-13;85.538;3.17;1.795;2.057
2023-11-14;86.324;3.043;0.204;0.058
2023-11-15;86.063;3.086;0.189;0.225
2023-11-16;86.398;3.033;-0.627;-0.392
2023-11-17;86.377;3.037;-0.502;-0.153
2023-11-20;86.22;3.064;1.588;1.971
2023-11-21;86.52;3.016;1.0;1.123
2023-11-22;86.483;3.022;0.633;0.773
2023-11-23;86.113;3.085;0.618;1.052
2023-11-24;86.03;3.099;0.446;0.76
2023-11-27;86.616;3.004;0.199;0.325
2023-11-28;86.937;2.953;-0.11;0.044
2023-11-29;87.388;2.88;-0.729;-0.949
2023-11-30;87.303;2.896;-0.446;-0.371
2023-12-01;87.971;2.789;-0.723;-0.835
2023-12-04;87.957;2.792;0.659;0.831
2023-12-05;88.664;2.68;-0.57;-0.63
2023-12-06;89.039;2.621;-3.27;-3.549
2023-12-07;89.129;2.608;-2.646;-2.781
2023-12-08;88.464;2.715;-0.073;0.07
2023-12-11;88.455;2.717;0.306;0.343
2023-12-12;88.712;2.676;0.55;0.593
2023-12-13;89.065;2.621;0.063;0.02
2023-12-14;89.611;2.536;-0.892;-1.025
2023-12-15;90.177;2.448;-0.339;-0.422
2023-12-18;89.824;2.504;-0.683;-0.795
2023-12-19;90.322;2.426;-3.011;-3.289
2023-12-20;90.587;2.385;-2.526;-2.714
2023-12-21;90.678;2.373;-3.39;-3.375
2023-12-22;90.699;2.371;-3.476;-3.435
2023-12-25;90.699;2.371;-3.378;-3.4
2023-12-27;91.141;2.302;-3.933;-3.963
2023-12-28;90.825;2.353;-2.765;-2.524
2023-12-29;90.334;2.431;-1.525;-1.056
2024-01-01;90.334;2.431;-1.427;-1.09
2024-01-02;90.061;2.474;0.286;0.686
2024-01-03;90.292;2.438;1.602;1.96
2024-01-04;89.643;2.542;1.672;2.301
2024-01-05;89.418;2.579;1.469;1.802
2024-01-08;89.614;2.548;0.848;0.854
2024-01-09;89.252;2.606;0.641;0.834
2024-01-10;89.072;2.636;1.625;1.883
2024-01-11;89.18;2.62;1.723;2.076
2024-01-12;89.57;2.558;1.529;1.957
2024-01-15;89.221;2.615;3.3;3.852
2024-01-16;89.094;2.636;3.357;4.01
2024-01-17;88.614;2.714;5.687;6.66
2024-01-18;88.485;2.736;4.552;5.231
2024-01-19;88.53;2.73;3.167;3.837
2024-01-22;88.838;2.68;3.424;3.708
2024-01-23;88.497;2.736;2.9;3.087
2024-01-24;88.555;2.727;3.655;3.954
2024-01-25;88.985;2.66;2.188;2.658
2024-01-26;88.947;2.666;2.768;3.516
2024-01-29;89.422;2.591;1.681;1.977
2024-01-30;89.168;2.632;2.393;3.004
2024-01-31;89.782;2.534;0.894;1.262
2024-02-01;89.774;2.537;2.072;2.858
2024-02-02;89.187;2.632;2.94;3.952
2024-02-05;88.783;2.698;2.969;3.241
2024-02-06;88.88;2.683;4.224;4.418
2024-02-07;88.682;2.716;4.804;5.188
2024-02-08;88.482;2.75;4.433;5.251
2024-02-09;88.289;2.782;4.688;5.401
2024-02-12;88.501;2.748;4.33;4.722
2024-02-13;88.287;2.784;4.147;4.766
2024-02-14;88.781;2.704;2.319;2.508
2024-02-15;88.663;2.725;2.247;2.587
2024-02-16;88.43;2.764;2.079;2.655
2024-02-19;88.476;2.757;1.609;1.716
2024-02-20;88.768;2.71;1.107;0.97
2024-02-21;88.289;2.789;2.477;2.663
2024-02-22;88.3;2.789;1.819;2.41
2024-02-23;88.791;2.709;1.604;2.002
2024-02-26;88.237;2.8;2.493;2.925
2024-02-27;88.09;2.825;3.852;4.241
2024-02-28;88.137;2.818;4.121;4.572
2024-02-29;88.364;2.783;5.444;6.263
2024-03-01;88.285;2.796;6.578;7.496
2024-03-04;88.458;2.769;6.863;7.478
2024-03-05;88.895;2.697;6.608;7.058
2024-03-06;88.959;2.688;6.181;6.695
2024-03-07;89.098;2.667;6.051;6.751
2024-03-08;89.385;2.62;6.789;7.437
2024-03-11;89.12;2.664;8.042;8.634
2024-03-12;89.0;2.685;8.463;9.047
2024-03-13;88.849;2.71;7.928;8.544
2024-03-14;88.489;2.771;7.237;8.019
2024-03-15;88.411;2.785;6.68;7.461
2024-03-18;88.477;2.775;4.764;5.032
2024-03-19;88.556;2.762;5.157;5.5
2024-03-20;88.575;2.76;5.134;5.439
2024-03-21;88.736;2.735;4.948;5.441
2024-03-22;89.046;2.684;6.189;6.908
2024-03-25;88.734;2.737;7.437;8.181
2024-03-26;88.828;2.722;7.815;8.584
2024-03-27;89.124;2.676;7.992;9.05
2024-03-28;89.052;2.688;9.63;10.944
2024-03-29;89.052;2.688;8.991;10.22
2024-04-02;88.556;2.771;9.926;10.793
2024-04-03;88.654;2.756;8.521;9.402
2024-04-04;88.891;2.718;7.479;8.377
2024-04-05;88.637;2.761;7.753;8.78
2024-04-08;88.443;2.794;7.671;8.357
2024-04-09;88.861;2.725;6.918;7.304
2024-04-10;88.488;2.788;6.371;7.175
2024-04-11;88.361;2.811;4.209;4.99
2024-04-12;88.988;2.707;3.103;3.481
2024-04-15;88.464;2.795;4.505;5.125
2024-04-16;88.149;2.849;3.726;4.143
2024-04-17;88.271;2.829;4.745;5.19
2024-04-18;88.097;2.86;4.441;5.211
2024-04-19;88.04;2.87;5.203;6.014
2024-04-22;88.24;2.837;3.644;3.922
2024-04-23;88.16;2.852;3.802;4.224
2024-04-24;87.668;2.935;4.215;4.772
2024-04-25;87.441;2.976;4.371;5.386
2024-04-26;87.773;2.921;4.922;5.823
2024-04-29;88.108;2.865;4.208;4.826
2024-04-30;87.757;2.925;4.575;5.483
2024-05-02;88.004;2.886;4.619;5.354
2024-05-03;88.291;2.838;4.901;5.746
2024-05-06;88.42;2.817;5.189;5.845
2024-05-07;88.694;2.771;5.376;5.898
2024-05-08;88.444;2.814;5.493;6.14
2024-05-09;88.26;2.847;5.893;6.811
2024-05-10;88.118;2.872;6.381;7.507
2024-05-13;88.163;2.865;7.266;8.08
2024-05-14;87.932;2.905;7.577;8.471
2024-05-15;88.694;2.777;6.398;7.033
2024-05-16;88.467;2.817;6.379;7.365
2024-05-17;88.142;2.873;6.784;7.954
2024-05-20;88.102;2.88;6.524;7.416
2024-05-21;88.244;2.857;7.129;8.026
2024-05-22;88.055;2.89;7.182;8.202
2024-05-23;87.712;2.951;7.798;9.167
2024-05-24;87.753;2.944;7.227;8.619
2024-05-27;87.998;2.903;7.038;7.998
2024-05-28;87.744;2.947;7.837;9.069
2024-05-29;87.231;3.036;8.826;10.054
2024-05-30;87.425;3.005;9.796;11.144
2024-05-31;87.318;3.025;10.293;11.874
2024-06-03;87.821;2.939;10.203;11.383
2024-06-04;88.002;2.908;11.175;12.357
2024-06-05;88.111;2.89;10.792;11.931
2024-06-06;87.888;2.931;10.899;12.224
2024-06-07;87.474;3.003;11.062;12.489
2024-06-10;87.026;3.081;13.655;15.229
2024-06-11;87.33;3.029;11.638;12.933
2024-06-12;87.873;2.936;11.879;13.083
2024-06-13;87.967;2.922;13.29;14.633
2024-06-14;88.272;2.871;13.284;14.578
2024-06-17;88.188;2.886;11.468;12.586
2024-06-18;88.326;2.863;12.401;13.581
2024-06-19;88.193;2.886;13.399;14.702
2024-06-20;88.158;2.894;11.397;12.522
2024-06-21;88.222;2.884;11.601;12.757
2024-06-24;88.353;2.862;9.449;10.598
2024-06-25;88.441;2.848;8.87;9.875
2024-06-26;88.104;2.907;10.407;11.552
2024-06-27;88.013;2.925;11.279;12.593
2024-06-28;88.011;2.926;9.272;10.373
2024-07-01;87.595;2.999;10.186;11.349
2024-07-02;87.785;2.966;9.124;10.184
2024-07-03;88.023;2.926;9.431;10.457
2024-07-04;87.836;2.96;10.044;11.281
2024-07-05;88.131;2.91;10.287;11.548
2024-07-08;88.31;2.88;8.435;9.334
2024-07-09;87.878;2.955;12.24;13.627
2024-07-10;88.212;2.898;11.002;12.085
2024-07-11;88.665;2.822;9.963;11.212
2024-07-12;88.447;2.86;10.561;11.974
2024-07-15;88.664;2.823;9.595;10.874
2024-07-16;88.876;2.788;10.457;11.763
2024-07-17;88.907;2.783;9.636;10.979
2024-07-18;88.908;2.785;9.389;10.988
2024-07-19;88.713;2.819;9.838;11.401
2024-07-22;88.602;2.839;9.728;10.968
2024-07-23;88.922;2.784;8.507;9.612
2024-07-24;88.928;2.784;8.762;9.772
2024-07-25;89.118;2.753;8.014;9.509
2024-07-26;89.107;2.756;8.73;10.412
2024-07-29;89.342;2.716;9.233;10.521
2024-07-30;89.477;2.694;9.255;10.561
2024-07-31;89.724;2.652;8.741;10.003
2024-08-01;89.979;2.61;8.711;10.376
2024-08-02;90.261;2.562;9.357;10.873
2024-08-05;90.116;2.588;9.83;11.389
2024-08-06;90.169;2.579;9.047;11.355
2024-08-07;89.938;2.62;8.91;10.747
2024-08-08;89.971;2.616;8.777;10.659
2024-08-09;90.19;2.579;8.604;10.807
2024-08-12;90.173;2.582;9.82;11.717
2024-08-13;90.458;2.534;9.398;11.105
2024-08-14;90.47;2.533;9.863;11.916
2024-08-15;90.02;2.612;9.816;12.497
2024-08-16;90.102;2.598;10.102;12.794
2024-08-19;90.125;2.595;9.685;12.498
2024-08-20;90.281;2.569;10.949;13.934
2024-08-21;90.503;2.531;10.911;12.72
2024-08-22;90.213;2.583;10.576;12.798
2024-08-23;90.388;2.553;9.816;12.103
2024-08-26;90.248;2.578;9.688;11.608
2024-08-27;89.974;2.626;10.963;14.151
2024-08-28;90.133;2.599;11.952;13.978
2024-08-29;90.158;2.597;10.329;13.617
2024-08-30;89.999;2.625;11.471;14.052
2024-09-02;89.844;2.652;11.624;14.017
2024-09-03;90.081;2.612;12.743;14.946
2024-09-04;90.377;2.561;12.115;14.105
2024-09-05;90.471;2.547;11.795;14.676
2024-09-06;90.702;2.508;12.249;14.448
2024-09-09;90.726;2.504;13.385;15.684
2024-09-10;90.973;2.463;11.834;15.111
2024-09-11;91.145;2.434;10.351;13.056
2024-09-12;90.917;2.474;10.362;13.624
2024-09-13;90.978;2.465;10.038;13.047
2024-09-16;91.1;2.444;11.258;13.821
2024-09-17;90.908;2.478;12.309;14.408
2024-09-18;90.608;2.53;12.243;15.295
2024-09-19;90.626;2.529;13.172;15.817
2024-09-20;90.533;2.545;14.325;17.339
2024-09-23;90.781;2.503;15.85;18.176
2024-09-24;90.962;2.472;14.333;16.352
2024-09-25;90.765;2.507;15.416;18.665
2024-09-26;90.68;2.524;16.982;19.697
2024-09-27;91.075;2.456;15.125;18.286
2024-09-30;91.093;2.453;15.939;19.134
2024-10-01;91.634;2.361;14.128;16.999
2024-10-02;91.392;2.403;14.164;17.095
2024-10-03;90.981;2.476;15.389;18.87
2024-10-04;90.602;2.542;14.456;17.485
2024-10-07;90.343;2.588;13.839;16.712
2024-10-08;90.393;2.58;14.446;18.055
2024-10-09;90.236;2.608;14.913;18.736
2024-10-10;90.338;2.592;15.019;18.132
2024-10-11;90.316;2.596;15.68;19.597
2024-10-14;90.256;2.607;17.394;21.174
2024-10-15;90.617;2.545;18.016;20.884
2024-10-16;90.857;2.504;17.243;19.847
2024-10-17;90.798;2.516;18.247;21.018
2024-10-18;91.053;2.472;17.493;19.93
2024-10-21;90.479;2.573;19.737;22.694
2024-10-22;90.261;2.612;20.972;24.053
2024-10-23;90.446;2.58;20.24;22.755
2024-10-24;90.654;2.545;20.317;23.188
2024-10-25;90.32;2.604;24.043;27.506
2024-10-28;90.441;2.584;24.24;27.248
2024-10-29;90.085;2.647;27.431;31.836
2024-10-30;89.667;2.722;28.373;32.42
2024-10-31;89.659;2.725;28.298;33.52
2024-11-01;89.596;2.737;31.275;35.45
2024-11-04;89.649;2.729;29.982;33.726
2024-11-05;89.493;2.757;28.692;32.299
2024-11-06;89.708;2.719;32.744;37.183
2024-11-07;89.518;2.755;34.328;39.559
2024-11-08;89.885;2.691;33.57;38.756
2024-11-11;90.13;2.648;36.025;39.945
2024-11-12;89.886;2.692;36.075;41.114
2024-11-13;89.717;2.723;36.955;42.264
2024-11-14;90.121;2.653;37.116;42.175
2024-11-15;90.0;2.675;39.625;44.909
2024-11-18;89.8;2.711;39.221;43.951
2024-11-19;90.157;2.648;33.571;37.681
2024-11-20;90.066;2.665;33.181;37.061
2024-11-21;90.225;2.639;32.146;35.705
2024-11-22;90.659;2.562;31.782;35.548
2024-11-25;90.731;2.55;32.905;36.138
2024-11-26;90.669;2.562;32.214;36.55
2024-11-27;90.903;2.521;31.083;34.473
2024-11-28;91.195;2.471;29.073;32.83
2024-11-29;91.546;2.41;28.852;31.605
2024-12-02;91.655;2.391;31.444;34.976
2024-12-03;91.644;2.394;31.893;35.678
2024-12-04;91.679;2.388;30.59;34.24
2024-12-05;91.604;2.403;27.435;30.726
2024-12-06;91.661;2.394;28.695;31.948
2024-12-09;91.67;2.393;29.197;31.605
2024-12-10;91.738;2.381;28.592;30.947
2024-12-11;91.642;2.399;29.82;32.245
2024-12-12;91.06;2.504;31.477;34.956
2024-12-13;90.748;2.56;31.827;35.426
2024-12-16;90.801;2.551;33.932;36.764
2024-12-17;90.839;2.545;33.619;36.361
2024-12-18;90.858;2.542;31.132;34.497
2024-12-19;90.598;2.591;30.372;33.878
2024-12-20;90.75;2.564;30.453;33.027
2024-12-23;90.473;2.616;32.369;35.28
2024-12-24;90.473;2.618;32.289;35.351
2024-12-25;90.473;2.618;32.305;35.354
2024-12-27;90.143;2.678;31.661;35.792
2024-12-30;90.3;2.651;32.557;36.742
2024-12-31;90.3;2.652;33.386;36.727
2025-01-01;90.3;2.652;33.463;36.727
2025-01-02;90.116;2.687;34.422;38.871
2025-01-03;89.777;2.75;35.811;40.626
2025-01-06;89.868;2.734;32.072;35.218
2025-01-07;89.689;2.767;33.571;36.477
2025-01-08;89.571;2.789;33.141;35.966
2025-01-09;89.321;2.838;35.18;38.319
2025-01-10;89.106;2.878;35.042;38.368
2025-01-13;88.971;2.904;35.448;38.562
2025-01-14;88.85;2.927;34.595;37.387
2025-01-15;89.421;2.822;34.219;37.048
2025-01-16;89.546;2.801;33.311;37.115
2025-01-17;89.633;2.786;32.614;36.57
2025-01-20;89.684;2.778;33.49;36.46
2025-01-21;89.853;2.747;31.639;34.462
2025-01-22;89.822;2.754;30.566;33.488
2025-01-23;89.633;2.791;32.635;36.029
2025-01-24;89.542;2.808;31.422;34.828
2025-01-27;89.679;2.784;31.009;34.857
2025-01-28;89.579;2.803;30.649;34.53
2025-01-29;89.453;2.827;31.403;35.336
2025-01-30;89.805;2.764;31.475;35.498
2025-01-31;90.227;2.687;31.579;35.452
2025-02-03;90.739;2.594;29.656;33.219
2025-02-04;90.733;2.596;29.075;33.145
2025-02-05;90.818;2.581;30.316;33.492
2025-02-06;90.804;2.586;30.483;33.94
2025-02-07;90.864;2.575;30.709;34.135
2025-02-10;90.934;2.563;30.718;33.834
2025-02-11;90.546;2.635;29.933;33.901
2025-02-12;90.334;2.675;28.782;32.713
2025-02-13;90.777;2.595;25.131;28.654
2025-02-14;90.651;2.619;24.591;28.078
2025-02-17;90.437;2.659;26.223;29.878
2025-02-18;90.455;2.657;26.325;30.004
2025-02-19;90.086;2.725;28.489;32.603
2025-02-20;90.218;2.703;28.048;32.341
2025-02-21;90.469;2.658;28.531;32.811
2025-02-24;90.465;2.659;29.543;33.831
2025-02-25;90.642;2.627;28.77;32.949
2025-02-26;90.794;2.6;28.115;32.38
2025-02-27;90.925;2.578;28.804;32.375
2025-02-28;90.939;2.576;29.538;33.382
2025-03-03;90.634;2.633;29.785;34.614
2025-03-04;90.645;2.631;30.63;35.319
2025-03-05;89.323;2.879;30.654;35.093
2025-03-06;89.066;2.93;30.391;35.758
2025-03-07;89.064;2.931;30.793;35.011
2025-03-10;89.156;2.914;30.625;34.698
2025-03-11;89.033;2.938;28.892;33.713
2025-03-12;89.118;2.923;29.517;33.555
2025-03-13;89.199;2.91;29.932;33.973
2025-03-14;89.145;2.921;28.487;32.093
2025-03-17;89.383;2.877;27.947;31.117
2025-03-18;89.392;2.876;28.082;32.268
2025-03-19;89.396;2.876;28.243;32.384
2025-03-20;89.489;2.861;28.534;33.099
2025-03-21;89.633;2.835;27.331;31.799
2025-03-24;89.653;2.832;27.066;31.244
2025-03-25;89.558;2.85;25.987;30.121
2025-03-26;89.595;2.844;26.185;30.438
2025-03-27;89.796;2.808;25.342;29.58
2025-03-28;90.027;2.766;25.177;29.367
2025-03-31;89.919;2.787;26.664;30.994
2025-04-01;90.149;2.744;26.13;30.5
2025-04-02;90.032;2.767;26.63;30.899
2025-04-03;90.444;2.692;27.081;31.536
2025-04-04;90.838;2.618;23.448;27.63
2025-04-07;90.731;2.639;23.281;26.98
2025-04-08;90.551;2.674;24.467;29.027
2025-04-09;90.73;2.641;22.802;26.539
2025-04-10;90.795;2.631;24.941;29.555
2025-04-11;90.717;2.646;21.673;25.591
2025-04-14;91.076;2.579;24.285;28.246
2025-04-15;90.985;2.597;24.418;28.338
2025-04-16;91.142;2.571;22.655;26.767
2025-04-17;91.368;2.53;22.652;26.619
2025-04-18;91.368;2.53;21.784;25.65
2025-04-22;91.534;2.499;23.276;26.604
2025-04-23;91.308;2.542;24.26;28.389
2025-04-24;91.719;2.467;21.438;24.914
2025-04-25;91.534;2.503;23.36;27.004
2025-04-28;91.314;2.544;23.361;26.929
2025-04-29;91.396;2.53;23.735;27.381
2025-04-30;91.703;2.475;22.932;26.486
2025-05-02;91.233;2.564;24.536;28.266
2025-05-05;91.327;2.547;25.192;28.669
2025-05-06;91.27;2.558;25.829;29.257
2025-05-07;91.512;2.513;26.006;29.332
2025-05-08;91.256;2.564;24.874;28.64
2025-05-09;91.177;2.579;24.196;28.114
2025-05-12;90.717;2.667;24.469;28.587
2025-05-13;90.576;2.695;24.675;28.749
2025-05-14;90.528;2.705;23.58;27.437
2025-05-15;90.95;2.626;23.537;27.173
2025-05-16;91.135;2.592;22.884;26.395
2025-05-19;91.177;2.585;22.16;25.626
2025-05-20;91.183;2.584;21.395;24.705
2025-05-21;90.948;2.63;22.488;26.035
2025-05-22;90.994;2.623;21.482;24.952
2025-05-23;91.333;2.559;22.071;24.434
2025-05-26;91.391;2.549;21.731;24.02
2025-05-27;91.488;2.531;22.419;24.935
2025-05-28;91.429;2.543;21.769;24.394
2025-05-29;91.67;2.499;20.727;23.039
2025-05-30;91.712;2.492;20.218;22.406
2025-06-02;91.57;2.52;21.353;23.545
2025-06-03;91.569;2.521;22.167;24.319
2025-06-04;91.496;2.535;22.018;24.187
2025-06-05;91.156;2.602;22.902;25.403
2025-06-06;91.157;2.603;22.077;24.505
2025-06-09;91.245;2.587;22.237;24.476
2025-06-10;91.411;2.556;22.356;24.546
2025-06-11;91.338;2.57;23.366;25.605
2025-06-12;91.542;2.533;22.958;25.049
2025-06-13;91.176;2.604;25.225;27.563
2025-06-16;91.249;2.591;25.239;27.481
2025-06-17;91.14;2.613;26.041;28.328
2025-06-18;91.337;2.575;25.401;27.557
2025-06-19;91.177;2.608;26.116;28.396
2025-06-20;91.281;2.589;25.139;27.359
2025-06-23;91.357;2.575;25.202;27.404
2025-06-24;91.302;2.586;24.925;27.065
2025-06-25;91.272;2.593;24.614;26.783
2025-06-26;91.358;2.578;23.102;25.159
2025-06-27;91.172;2.615;25.112;27.393
2025-06-30;91.139;2.622;24.531;26.582
2025-07-01;91.251;2.601;24.954;26.992
2025-07-02;91.011;2.648;26.148;28.517
2025-07-03;91.251;2.604;24.862;27.168
2025-07-04;91.295;2.596;24.917;27.279
2025-07-07;91.08;2.639;26.157;28.648
2025-07-08;90.917;2.671;26.227;28.76
2025-07-09;90.941;2.667;27.262;29.565
2025-07-10;90.78;2.701;27.964;30.288
2025-07-11;90.725;2.712;27.372;29.709
2025-07-14;90.706;2.717;27.387;29.4
2025-07-15;90.81;2.697;26.773;28.777
2025-07-16;90.985;2.664;25.647;27.626
2025-07-17;90.975;2.668;26.143;28.365
2025-07-18;90.913;2.681;25.991;28.388
2025-07-21;91.332;2.6;24.568;26.554
2025-07-22;91.441;2.579;23.457;25.456
2025-07-23;91.256;2.616;23.25;25.265
2025-07-24;90.803;2.707;25.771;28.346
2025-07-25;90.773;2.714;25.464;27.93
2025-07-28;90.961;2.677;24.42;26.065
2025-07-29;90.883;2.694;23.772;25.601
2025-07-30;90.875;2.696;23.939;25.788
2025-07-31;90.914;2.691;23.45;25.546
2025-08-01;91.022;2.67;23.93;26.028
2025-08-04;91.307;2.615;23.058;24.753
2025-08-05;91.316;2.614;23.167;24.891
2025-08-06;91.238;2.63;22.979;24.61
2025-08-07;91.306;2.619;23.467;25.333
2025-08-08;91.051;2.67;23.604;25.54
2025-08-11;91.039;2.673;24.091;25.961
2025-08-12;90.894;2.702;24.752;26.598
2025-08-13;91.248;2.633;23.129;24.71
2025-08-14;91.09;2.666;23.476;25.218
2025-08-15;90.729;2.739;25.442;27.478
2025-08-18;90.866;2.712;25.613;27.394
2025-08-19;90.914;2.704;26.036;27.893
2025-08-20;91.052;2.677;26.014;27.908
2025-08-21;90.826;2.724;26.101;28.458
2025-08-22;91.077;2.675;25.185;27.578
2025-08-25;90.706;2.75;27.236;29.626
2025-08-26;90.941;2.704;27.559;29.978
2025-08-27;91.046;2.684;28.039;30.45
2025-08-28;91.117;2.672;27.025;29.466
2025-08-29;90.986;2.699;28.259;30.845
2025-09-01;90.884;2.72;29.097;31.432
2025-09-02;90.714;2.755;29.469;31.901
2025-09-03;90.902;2.718;29.35;31.616
2025-09-04;91.043;2.692;27.569;29.843
2025-09-05;91.264;2.649;27.068;29.23
2025-09-08;91.39;2.624;26.363;28.189
2025-09-09;91.343;2.634;25.67;27.472
2025-09-10;91.36;2.632;25.436;27.201
2025-09-11;91.316;2.643;24.961;26.901
2025-09-12;91.014;2.704;25.641;27.846
2025-09-15;91.114;2.685;25.041;27.081
2025-09-16;91.159;2.676;25.112;27.246
2025-09-17;91.191;2.671;24.948;27.077
2025-09-18;91.037;2.704;25.306;27.573
2025-09-19;90.993;2.714;24.752;26.92
2025-09-22;90.997;2.714;25.251;27.256
2025-09-23;90.962;2.722;24.905;26.974
2025-09-24;90.954;2.724;24.592;26.654
2025-09-25;90.796;2.758;24.584;26.825
2025-09-26;90.926;2.733;24.056;26.133
2025-09-29;91.061;2.706;24.455;26.418
2025-09-30;91.068;2.706;24.245;26.333
2025-10-01;91.135;2.693;24.0;26.207
2025-10-02;91.164;2.69;23.855;26.201
2025-10-03;91.179;2.687;23.283;25.502
2025-10-06;91.045;2.715;25.0;27.177
2025-10-07;91.015;2.722;26.076;28.314
2025-10-08;91.215;2.682;25.073;27.192
2025-10-09;91.144;2.699;24.354;26.614
2025-10-10;91.34;2.66;24.528;26.748
2025-10-13;91.426;2.644;25.023;27.045
2025-10-14;91.616;2.606;23.215;25.007
2025-10-15;91.799;2.57;22.645;24.452
2025-10-16;91.867;2.558;22.356;24.23
2025-10-17;91.781;2.576;23.204;25.077
2025-10-20;91.762;2.581;24.086;25.995
2025-10-21;91.825;2.569;24.044;25.799
2025-10-22;91.828;2.569;23.391;25.244
2025-10-23;91.739;2.589;23.262;25.341
2025-10-24;91.499;2.639;23.779;26.02
2025-10-27;91.566;2.626;23.814;25.698
2025-10-28;91.565;2.627;23.029;24.811
2025-10-29;91.621;2.616;22.093;23.812
2025-10-30;91.576;2.628;20.748;22.552
2025-10-31;91.627;2.618;21.351;23.114
2025-11-03;91.465;2.652;21.676;23.314
2025-11-04;91.503;2.645;22.016;23.739
2025-11-05;91.409;2.665;22.447;24.29
2025-11-06;91.494;2.65;22.497;24.504
2025-11-07;91.444;2.661;21.834;23.851
2025-11-10;91.449;2.661;21.734;23.599
2025-11-11;91.503;2.651;21.457;23.267
2025-11-12;91.608;2.63;19.831;21.427
2025-11-13;91.429;2.669;19.116;20.872
2025-11-14;91.301;2.696;19.118;20.945
2025-11-17;91.328;2.691;18.716;20.353
2025-11-18;91.349;2.688;19.281;20.825
2025-11-19;91.354;2.688;18.795;20.348
2025-11-20;91.282;2.705;20.626;22.696
2025-11-21;91.341;2.694;20.965;23.035
2025-11-24;91.457;2.67;19.592;21.397
2025-11-25;91.563;2.649;18.585;20.29
2025-11-26;91.628;2.637;17.829;19.48
2025-11-27;91.569;2.651;18.272;20.069
2025-11-28;91.594;2.647;16.921;18.636
2025-12-01;91.314;2.706;18.356;20.028
2025-12-02;91.323;2.705;18.999;20.737
2025-12-03;91.323;2.705;19.692;21.497
2025-12-04;91.202;2.733;20.396;22.29
2025-12-05;91.128;2.749;18.787;20.484
2025-12-08;90.786;2.822;17.245;18.787
2025-12-09;90.898;2.799;16.035;17.397
2025-12-10;90.826;2.815;17.073;18.544
2025-12-11;90.916;2.799;16.265;17.706
2025-12-12;90.869;2.81;16.399;17.866
2025-12-15;90.887;2.807;15.538;16.893
2025-12-16;90.982;2.788;14.84;16.125
2025-12-17;90.89;2.808;15.361;16.725
2025-12-18;90.997;2.788;15.205;16.615
2025-12-19;90.788;2.833;16.33;17.858
2025-12-22;90.796;2.832;16.338;17.785
2025-12-23;90.955;2.803;14.903;16.339
2025-12-24;90.955;2.804;14.473;16.016
2025-12-25;90.955;2.804;14.554;16.083
2025-12-29;91.127;2.768;14.279;15.645
2025-12-30;90.963;2.805;16.576;18.201
2025-12-31;90.963;2.808;16.895;18.786
2026-01-01;90.963;2.808;16.862;18.734
2026-01-02;90.844;2.834;17.098;19.039
2026-01-05;90.994;2.803;16.688;18.528
2026-01-06;91.114;2.778;16.877;18.719
2026-01-07;91.255;2.749;17.127;18.977
2026-01-08;91.259;2.751;15.727;17.464
2026-01-09;91.258;2.752;15.364;17.058
2026-01-12;91.347;2.734;16.067;17.576
2026-01-13;91.335;2.737;16.18;17.593
2026-01-14;91.476;2.708;15.431;16.726
2026-01-15;91.426;2.722;14.812;16.278
2026-01-16;91.322;2.745;15.051;16.555
2026-01-19;91.437;2.721;13.672;14.76
2026-01-20;91.386;2.733;14.628;15.848
2026-01-21;91.298;2.752;14.048;15.201
2026-01-22;91.307;2.753;12.77;14.114
2026-01-23;91.311;2.753;10.875;11.983
2026-01-26;91.498;2.714;10.709;11.579
2026-01-27;91.507;2.713;10.931;11.819
2026-01-28;91.595;2.695;11.68;12.66
2026-01-29;91.679;2.68;11.837;13.078
2026-01-30;91.662;2.684;12.314;13.463
2026-02-02;91.549;2.709;12.363;13.38
2026-02-03;91.51;2.718;12.079;13.028
2026-02-04;91.627;2.694;12.667;13.534
2026-02-05;91.632;2.696;12.941;14.018
2026-02-06;91.688;2.685;12.894;14.159
2026-02-09;91.751;2.672;12.877;14.139
2026-02-10;91.794;2.664;12.694;14.08
