;px_last;yld_ytm_mid;asset_swap_spd_mid;z_sprd_mid
2004-05-12;98.703;5.085;;
2004-05-13;98.489;5.099;;
2004-05-14;99.052;5.062;;
2004-05-17;99.471;5.035;;
2004-05-18;99.092;5.06;;
2004-05-19;98.463;5.101;;
2004-05-20;98.709;5.085;;
2004-05-21;98.835;5.076;;
2004-05-24;98.677;5.087;;
2004-05-25;98.938;5.07;;
2004-05-26;99.321;5.045;;
2004-05-27;99.678;5.021;;
2004-05-28;99.128;5.057;;
2004-05-31;98.479;5.1;;
2004-06-01;98.702;5.085;;
2004-06-02;98.535;5.096;;
2004-06-03;98.678;5.086;;
2004-06-04;98.677;5.086;;
2004-06-07;98.947;5.069;;
2004-06-08;99.164;5.055;;
2004-06-09;98.737;5.082;;
2004-06-10;98.992;5.066;;
2004-06-11;98.781;5.08;;
2004-06-14;99.012;5.064;;
2004-06-15;100.11;4.993;;
2004-06-16;99.603;5.026;;
2004-06-17;99.649;5.023;;
2004-06-18;99.97;5.002;;
2004-06-21;100.158;4.99;;
2004-06-22;99.644;5.023;;
2004-06-23;99.578;5.027;;
2004-06-24;100.275;4.982;;
2004-06-25;100.021;4.999;;
2004-06-28;99.415;5.038;;
2004-06-29;99.622;5.024;;
2004-06-30;100.31;4.98;;
2004-07-01;100.226;4.986;;
2004-07-02;100.812;4.948;;
2004-07-05;100.846;4.946;;
2004-07-06;100.77;4.951;;
2004-07-07;101.018;4.935;;
2004-07-08;101.048;4.933;;
2004-07-09;101.03;4.934;;
2004-07-12;101.238;4.921;;
2004-07-13;100.625;4.96;;
2004-07-14;100.764;4.951;;
2004-07-15;100.722;4.954;;
2004-07-16;101.324;4.915;;
2004-07-19;101.258;4.92;;
2004-07-20;101.069;4.931;;
2004-07-21;100.409;4.973;;
2004-07-22;101.014;4.935;;
2004-07-23;101.305;4.916;;
2004-07-26;101.015;4.935;;
2004-07-27;100.764;4.951;;
2004-07-28;100.7;4.955;;
2004-07-29;100.959;4.938;;
2004-07-30;101.708;4.891;;
2004-08-02;101.85;4.882;;
2004-08-03;101.979;4.874;;
2004-08-04;102.235;4.858;;
2004-08-05;102.59;4.836;;
2004-08-06;103.491;4.78;;
2004-08-09;103.351;4.789;;
2004-08-10;103.455;4.782;;
2004-08-11;103.11;4.804;;
2004-08-12;103.4;4.786;;
2004-08-13;103.618;4.772;;
2004-08-16;102.979;4.812;;
2004-08-17;103.339;4.789;;
2004-08-18;103.044;4.807;;
2004-08-19;103.239;4.795;;
2004-08-20;103.381;4.787;;
2004-08-23;102.626;4.833;;
2004-08-24;102.8;4.822;;
2004-08-25;103.339;4.789;;
2004-08-26;103.561;4.776;;
2004-08-27;103.409;4.785;;
2004-08-30;103.568;4.775;;
2004-08-31;104.068;4.745;;
2004-09-01;103.719;4.766;;
2004-09-02;103.305;4.791;;
2004-09-03;102.45;4.844;;
2004-09-06;102.69;4.829;;
2004-09-07;102.787;4.823;;
2004-09-08;103.159;4.8;;
2004-09-09;103.839;4.758;;
2004-09-10;103.909;4.754;;
2004-09-13;103.821;4.759;;
2004-09-14;104.008;4.748;;
2004-09-15;103.92;4.753;;
2004-09-16;104.094;4.743;;
2004-09-17;104.381;4.725;;
2004-09-20;104.657;4.709;;
2004-09-21;104.607;4.712;;
2004-09-22;105.446;4.661;;
2004-09-23;105.795;4.64;;
2004-09-24;105.507;4.657;;
2004-09-27;105.942;4.632;;
2004-09-28;105.783;4.641;;
2004-09-29;105.022;4.686;;
2004-09-30;104.813;4.699;;
2004-10-01;104.331;4.728;;
2004-10-04;104.298;4.73;;
2004-10-05;104.901;4.694;;
2004-10-06;105.027;4.686;;
2004-10-07;104.655;4.708;;
2004-10-08;105.476;4.659;;
2004-10-11;105.157;4.678;;
2004-10-12;105.794;4.64;;
2004-10-13;105.85;4.637;;
2004-10-14;106.154;4.619;;
2004-10-15;105.971;4.629;;
2004-10-18;105.884;4.635;;
2004-10-19;105.501;4.657;;
2004-10-20;106.167;4.618;;
2004-10-21;106.18;4.617;;
2004-10-22;106.241;4.613;;
2004-10-25;106.562;4.594;;
2004-10-26;106.385;4.605;;
2004-10-27;106.458;4.6;;
2004-10-28;106.034;4.626;;
2004-10-29;106.111;4.621;;
2004-11-01;106.184;4.617;;
2004-11-02;105.763;4.642;;
2004-11-03;105.975;4.629;;
2004-11-04;106.81;4.58;;
2004-11-05;106.033;4.625;;
2004-11-08;106.312;4.609;;
2004-11-09;106.852;4.577;;
2004-11-10;106.949;4.571;;
2004-11-11;107.547;4.536;;
2004-11-12;108.347;4.49;;
2004-11-15;108.349;4.49;;
2004-11-16;108.823;4.463;;
2004-11-17;108.542;4.479;;
2004-11-18;107.766;4.524;;
2004-11-19;108.245;4.496;;
2004-11-22;108.577;4.477;;
2004-11-23;108.827;4.463;;
2004-11-24;108.77;4.466;;
2004-11-25;109.216;4.44;;
2004-11-26;109.426;4.428;;
2004-11-29;108.665;4.472;;
2004-11-30;108.986;4.453;;
2004-12-01;109.248;4.438;;
2004-12-02;108.541;4.479;;
2004-12-03;109.643;4.416;;
2004-12-06;110.303;4.379;;
2004-12-07;110.623;4.361;;
2004-12-08;111.266;4.325;;
2004-12-09;111.877;4.291;;
2004-12-10;112.291;4.269;;
2004-12-13;112.65;4.249;;
2004-12-14;112.616;4.251;;
2004-12-15;113.806;4.186;;
2004-12-16;113.482;4.204;;
2004-12-17;112.844;4.238;;
2004-12-20;113.122;4.223;;
2004-12-21;112.622;4.25;;
2004-12-22;112.506;4.256;;
2004-12-23;112.788;4.241;;
2004-12-24;112.737;4.244;;
2004-12-27;112.358;4.264;;
2004-12-28;111.351;4.32;;
2004-12-29;110.597;4.362;;
2004-12-30;111.231;4.326;;
2004-12-31;111.229;4.326;;
2005-01-03;111.986;4.285;;
2005-01-04;111.792;4.295;;
2005-01-05;111.952;4.286;;
2005-01-06;112.564;4.253;;
2005-01-07;113.055;4.226;;
2005-01-10;113.231;4.217;;
2005-01-11;113.168;4.22;;
2005-01-12;113.136;4.222;;
2005-01-13;113.827;4.184;;
2005-01-14;114.301;4.159;;
2005-01-17;114.747;4.135;;
2005-01-18;115.165;4.113;;
2005-01-19;115.988;4.07;;
2005-01-20;114.735;4.136;;
2005-01-21;114.511;4.148;;
2005-01-24;115.151;4.114;;
2005-01-25;115.28;4.107;;
2005-01-26;115.365;4.102;;
2005-01-27;115.041;4.119;;
2005-01-28;115.505;4.095;;
2005-01-31;115.827;4.078;;
2005-02-01;116.12;4.063;;
2005-02-02;116.305;4.053;;
2005-02-03;116.379;4.049;;
2005-02-04;117.933;3.969;;
2005-02-07;118.797;3.925;;
2005-02-08;119.264;3.901;;
2005-02-09;119.543;3.887;;
2005-02-10;119.222;3.903;;
2005-02-11;118.368;3.946;;
2005-02-14;117.749;3.978;;
2005-02-15;117.383;3.997;;
2005-02-16;116.632;4.035;;
2005-02-17;116.192;4.058;;
2005-02-18;114.214;4.163;;
2005-02-21;113.626;4.194;;
2005-02-22;113.671;4.192;;
2005-02-23;113.322;4.21;;
2005-02-24;112.885;4.234;;
2005-02-25;113.324;4.21;;
2005-02-28;113.493;4.201;;
2005-03-01;112.672;4.246;;
2005-03-02;111.628;4.303;;
2005-03-03;111.725;4.298;;
2005-03-04;113.096;4.223;;
2005-03-07;113.619;4.194;;
2005-03-08;112.654;4.247;;
2005-03-09;111.777;4.295;;
2005-03-10;111.379;4.317;;
2005-03-11;111.294;4.321;;
2005-03-14;111.375;4.317;;
2005-03-15;112.528;4.253;;
2005-03-16;113.647;4.192;;
2005-03-17;113.316;4.21;;
2005-03-18;112.891;4.233;;
2005-03-21;112.625;4.248;;
2005-03-22;113.43;4.204;;
2005-03-23;112.711;4.243;;
2005-03-24;113.066;4.224;;
2005-03-25;112.974;4.229;;
2005-03-28;112.942;4.23;;
2005-03-29;113.109;4.221;;
2005-03-30;113.502;4.2;;
2005-03-31;114.237;4.16;;
2005-04-01;114.082;4.168;;
2005-04-04;114.726;4.134;;
2005-04-05;114.401;4.151;;
2005-04-06;114.031;4.171;;
2005-04-07;114.379;4.152;;
2005-04-08;113.307;4.21;;
2005-04-11;113.947;4.175;;
2005-04-12;114.282;4.157;;
2005-04-13;114.64;4.138;;
2005-04-14;114.321;4.155;;
2005-04-15;114.766;4.131;;
2005-04-18;115.18;4.109;;
2005-04-19;115.815;4.076;;
2005-04-20;115.573;4.088;;
2005-04-21;115.392;4.098;;
2005-04-22;115.521;4.091;;
2005-04-25;115.977;4.067;;
2005-04-26;116.09;4.061;;
2005-04-27;116.796;4.024;;
2005-04-28;116.905;4.018;;
2005-04-29;117.129;4.006;;
2005-05-02;117.013;4.012;;
2005-05-03;117.322;3.996;;
2005-05-04;116.336;4.047;;
2005-05-05;116.467;4.04;;
2005-05-06;115.921;4.069;;
2005-05-09;116.735;4.026;;
2005-05-10;117.84;3.969;;
2005-05-11;118.71;3.925;;
2005-05-12;118.612;3.93;;
2005-05-13;119.156;3.902;;
2005-05-16;119.095;3.905;;
2005-05-17;119.125;3.903;;
2005-05-18;119.904;3.864;;
2005-05-19;119.722;3.873;;
2005-05-20;119.337;3.892;;
2005-05-23;120.194;3.849;;
2005-05-24;120.475;3.835;;
2005-05-25;120.249;3.846;;
2005-05-26;119.328;3.893;;
2005-05-27;118.606;3.929;;
2005-05-30;118.298;3.945;;
2005-05-31;119.761;3.871;;
2005-06-01;120.134;3.852;;
2005-06-02;120.969;3.81;;
2005-06-03;120.822;3.817;;
2005-06-06;121.509;3.783;;
2005-06-07;122.923;3.714;;
2005-06-08;123.665;3.678;;
2005-06-09;123.547;3.684;;
2005-06-10;123.333;3.694;;
2005-06-13;121.953;3.761;;
2005-06-14;121.6;3.778;;
2005-06-15;119.551;3.88;;
2005-06-16;119.742;3.871;;
2005-06-17;120.364;3.839;;
2005-06-20;119.918;3.862;;
2005-06-21;121.494;3.783;;
2005-06-22;123.23;3.698;;
2005-06-23;122.811;3.719;;
2005-06-24;123.331;3.693;;
2005-06-27;123.798;3.671;;
2005-06-28;122.454;3.736;;
2005-06-29;121.663;3.774;;
2005-06-30;123.052;3.707;;
2005-07-01;122.638;3.727;;
2005-07-04;122.468;3.735;;
2005-07-05;121.775;3.769;;
2005-07-06;121.581;3.778;;
2005-07-07;121.988;3.758;;
2005-07-08;122.268;3.744;;
2005-07-11;121.053;3.804;;
2005-07-12;121.275;3.793;;
2005-07-13;120.662;3.823;;
2005-07-14;119.859;3.863;;
2005-07-15;120.057;3.853;;
2005-07-18;120.644;3.824;;
2005-07-19;120.306;3.841;;
2005-07-20;120.0;3.856;;
2005-07-21;119.917;3.86;;
2005-07-22;121.253;3.793;;
2005-07-25;121.667;3.773;;
2005-07-26;121.272;3.792;;
2005-07-27;121.676;3.772;;
2005-07-28;121.538;3.779;;
2005-07-29;121.465;3.782;;
2005-08-01;120.423;3.834;;
2005-08-02;119.882;3.861;;
2005-08-03;120.12;3.849;;
2005-08-04;120.056;3.852;;
2005-08-05;119.311;3.89;;
2005-08-08;119.561;3.877;;
2005-08-09;119.542;3.878;;
2005-08-10;120.049;3.852;;
2005-08-11;120.188;3.845;;
2005-08-12;120.904;3.809;;
2005-08-15;121.234;3.793;;
2005-08-16;121.885;3.761;;
2005-08-17;121.911;3.759;;
2005-08-18;122.533;3.729;;
2005-08-19;122.54;3.728;;
2005-08-22;122.845;3.713;;
2005-08-23;123.145;3.699;;
2005-08-24;123.308;3.691;;
2005-08-25;123.708;3.671;;
2005-08-26;123.659;3.674;;
2005-08-29;123.657;3.674;;
2005-08-30;123.791;3.667;;
2005-08-31;124.653;3.626;;
2005-09-01;125.232;3.598;;
2005-09-02;125.23;3.598;;
2005-09-05;125.491;3.586;;
2005-09-06;125.006;3.609;;
2005-09-07;124.596;3.628;;
2005-09-08;125.243;3.597;;
2005-09-09;125.724;3.574;;
2005-09-12;123.825;3.665;;
2005-09-13;124.308;3.642;;
2005-09-14;124.519;3.631;;
2005-09-15;124.251;3.644;;
2005-09-16;123.537;3.678;;
2005-09-19;124.567;3.629;;
2005-09-20;124.785;3.618;;
2005-09-21;126.248;3.549;;
2005-09-22;126.172;3.553;;
2005-09-23;125.629;3.578;;
2005-09-26;124.243;3.644;;
2005-09-27;124.209;3.645;;
2005-09-28;124.605;3.626;;
2005-09-29;124.49;3.632;;
2005-09-30;124.538;3.629;;
2005-10-03;123.731;3.668;;
2005-10-04;124.007;3.655;;
2005-10-05;124.36;3.638;;
2005-10-06;123.915;3.659;;
2005-10-07;124.197;3.645;;
2005-10-10;124.515;3.63;;
2005-10-11;123.768;3.666;;
2005-10-12;123.238;3.691;;
2005-10-13;121.915;3.756;;
2005-10-14;121.696;3.767;;
2005-10-17;121.812;3.761;;
2005-10-18;121.859;3.758;;
2005-10-19;122.343;3.735;;
2005-10-20;121.805;3.761;;
2005-10-21;123.242;3.691;;
2005-10-24;123.051;3.7;;
2005-10-25;121.752;3.763;;
2005-10-26;120.477;3.827;;
2005-10-27;119.8;3.861;;
2005-10-28;120.018;3.85;;
2005-10-31;120.695;3.816;;
2005-11-01;120.154;3.843;;
2005-11-02;119.597;3.871;;
2005-11-03;119.377;3.882;;
2005-11-04;119.028;3.899;;
2005-11-07;118.989;3.901;;
2005-11-08;119.91;3.855;;
2005-11-09;118.933;3.904;;
2005-11-10;119.014;3.9;;
2005-11-11;119.29;3.886;;
2005-11-14;119.124;3.894;;
2005-11-15;119.3;3.885;;
2005-11-16;120.496;3.825;;
2005-11-17;120.103;3.844;;
2005-11-18;118.68;3.917;;
2005-11-21;119.741;3.863;;
2005-11-22;119.729;3.863;;
2005-11-23;119.891;3.855;;
2005-11-24;121.166;3.791;;
2005-11-25;120.88;3.805;;
2005-11-28;120.99;3.799;;
2005-11-29;119.965;3.851;;
2005-11-30;120.38;3.83;;
2005-12-01;120.993;3.799;;
2005-12-02;121.326;3.782;;
2005-12-05;120.862;3.805;;
2005-12-06;121.677;3.765;;
2005-12-07;121.085;3.794;;
2005-12-08;121.666;3.765;;
2005-12-09;120.71;3.813;;
2005-12-12;121.231;3.787;;
2005-12-13;121.661;3.765;;
2005-12-14;122.4;3.729;;
2005-12-15;122.16;3.74;;
2005-12-16;123.11;3.694;;
2005-12-19;123.3;3.685;;
2005-12-20;123.31;3.684;;
2005-12-21;122.47;3.725;;
2005-12-22;123.31;3.684;;
2005-12-23;123.91;3.655;;
2005-12-26;123.83;3.658;;
2005-12-27;123.85;3.657;;
2005-12-28;124.47;3.627;;
2005-12-29;124.09;3.646;;
2005-12-30;124.59;3.622;;
2006-01-02;124.17;3.642;;
2006-01-03;124.29;3.636;;
2006-01-04;124.64;3.619;;
2006-01-05;124.93;3.605;;
2006-01-06;125.41;3.582;;
2006-01-09;125.8;3.563;;
2006-01-10;125.43;3.581;;
2006-01-11;125.3;3.587;;
2006-01-12;125.64;3.571;;
2006-01-13;125.81;3.563;;
2006-01-16;125.47;3.579;;
2006-01-17;125.55;3.575;;
2006-01-18;125.4;3.582;;
2006-01-19;124.26;3.636;;
2006-01-20;123.56;3.67;;
2006-01-23;123.24;3.686;;
2006-01-24;123.54;3.671;;
2006-01-25;122.14;3.739;;
2006-01-26;120.63;3.815;;
2006-01-27;120.78;3.807;;
2006-01-30;121.22;3.785;;
2006-01-31;121.45;3.773;-19.507;-17.773
2006-02-01;120.61;3.815;-17.629;-16.114
2006-02-02;121.06;3.793;-19.97;-18.219
2006-02-03;121.26;3.783;-17.927;-16.328
2006-02-06;121.29;3.781;-18.291;-16.666
2006-02-07;120.61;3.815;-17.601;-16.107
2006-02-08;120.87;3.802;-19.797;-18.102
2006-02-09;121.41;3.775;-18.579;-16.92
2006-02-10;121.38;3.776;-20.511;-18.704
2006-02-13;121.1;3.79;-18.656;-17.029
2006-02-14;120.9;3.8;-18.404;-16.817
2006-02-15;120.57;3.817;-17.75;-16.261
2006-02-16;120.39;3.826;;
2006-02-17;121.61;3.765;-18.699;-17.039
2006-02-20;121.74;3.758;-17.845;-16.241
2006-02-21;121.6;3.765;-17.521;-15.956
2006-02-22;122.27;3.732;-18.45;-16.736
2006-02-23;121.22;3.784;-18.327;-16.708
2006-02-24;121.16;3.787;-18.989;-17.335
2006-02-27;120.54;3.818;-18.233;-16.702
2006-02-28;121.6;3.765;-19.749;-17.972
2006-03-01;121.07;3.791;-19.7;-17.989
2006-03-02;120.09;3.84;-18.5;-16.967
2006-03-03;120.06;3.842;-18.676;-17.106
2006-03-06;120.25;3.832;;
2006-03-07;119.92;3.849;-18.941;-17.354
2006-03-08;118.53;3.92;-17.325;-16.039
2006-03-09;118.13;3.941;-16.284;-15.127
2006-03-10;117.18;3.99;-16.319;-15.255
2006-03-13;116.74;4.013;;
2006-03-14;117.84;3.956;-17.595;-16.381
2006-03-15;117.46;3.975;-17.269;-16.1
2006-03-16;118.21;3.936;-16.794;-15.577
2006-03-17;117.6;3.968;-17.653;-16.442
2006-03-20;118.09;3.942;-17.53;-16.271
2006-03-21;118.14;3.94;-17.585;-16.312
2006-03-22;118.57;3.917;-17.592;-16.268
2006-03-23;117.91;3.952;-17.611;-16.35
2006-03-24;118.48;3.922;-17.704;-16.388
2006-03-27;118.26;3.933;-17.266;-16.005
2006-03-28;116.76;4.012;-18.796;-17.568
2006-03-29;116.22;4.04;-17.447;-16.357
2006-03-30;115.72;4.067;-18.421;-17.328
2006-03-31;116.045;4.049;;
2006-04-03;115.135;4.098;-20.054;-18.932
2006-04-04;114.66;4.124;;
2006-04-05;113.69;4.176;-17.893;-17.096
2006-04-06;112.23;4.257;;-16.117
2006-04-07;111.75;4.284;-17.874;-17.378
2006-04-10;112.19;4.259;-19.325;-18.709
2006-04-11;112.85;4.222;-18.132;-17.46
2006-04-12;112.86;4.222;-20.489;-19.717
2006-04-13;111.58;4.293;-20.884;
2006-04-14;111.52;4.297;-20.497;-19.907
2006-04-17;111.52;4.297;-20.495;-19.906
2006-04-18;111.52;4.296;-19.361;-18.821
2006-04-19;111.45;4.3;-19.065;-18.528
2006-04-20;112.0;4.269;;
2006-04-21;111.55;4.295;-17.926;-17.393
2006-04-24;111.74;4.284;-18.691;-18.107
2006-04-25;111.23;4.313;-19.655;-19.092
2006-04-26;111.18;4.315;-18.27;-17.735
2006-04-27;111.82;4.279;-19.134;-18.49
2006-04-28;112.25;4.255;-18.15;-17.467
2006-05-01;112.34;4.25;-18.354;-17.647
2006-05-02;111.675;4.287;-17.605;-17.007
2006-05-03;111.25;4.311;-16.995;-16.47
2006-05-04;110.82;4.335;-16.047;-15.589
2006-05-05;111.07;4.321;-16.537;-16.051
2006-05-08;110.85;4.334;-15.908;-15.463
2006-05-09;110.77;4.338;-17.023;-16.558
2006-05-10;111.32;4.307;;
2006-05-11;110.04;4.38;-17.781;-17.39
2006-05-12;109.51;4.41;-17.292;-16.989
2006-05-15;110.28;4.366;-17.567;-17.19
2006-05-16;110.93;4.329;-16.566;-16.145
2006-05-17;109.26;4.425;-15.827;-15.63
2006-05-18;109.8;4.393;-15.652;-15.405
2006-05-19;110.55;4.35;-19.163;-18.761
2006-05-22;111.66;4.287;;
2006-05-23;111.67;4.286;-18.619;-18.095
2006-05-24;112.42;4.244;-18.32;-17.696
2006-05-25;112.49;4.24;-19.935;-19.25
2006-05-26;112.34;4.249;-18.041;-17.435
2006-05-29;112.26;4.253;-17.702;-17.12
2006-05-30;111.46;4.298;-17.947;-17.452
2006-05-31;110.82;4.334;-19.531;-19.069
2006-06-01;110.58;4.348;-18.483;-18.072
2006-06-02;111.82;4.278;-18.639;-18.068
2006-06-05;111.2;4.313;-20.079;-19.535
2006-06-06;110.88;4.331;-19.909;-19.402
2006-06-07;110.63;4.345;-18.514;-18.071
2006-06-08;111.746;4.281;-20.063;-19.442
2006-06-09;111.742;4.282;-19.017;-18.435
2006-06-12;112.035;4.265;-18.813;-18.208
2006-06-13;112.901;4.217;-20.204;-19.444
2006-06-14;112.404;4.244;-20.723;-20.009
2006-06-15;111.538;4.293;-20.028;-19.43
2006-06-16;111.753;4.281;-20.364;-19.726
2006-06-19;111.26;4.309;-18.358;-17.789
2006-06-20;110.92;4.328;-18.981;-18.469
2006-06-21;110.55;4.349;-19.078;-18.611
2006-06-22;109.75;4.395;-18.958;-18.593
2006-06-23;109.44;4.413;-17.838;-17.524
2006-06-26;109.32;4.42;-17.796;-17.495
2006-06-27;109.53;4.408;-19.303;-18.934
2006-06-28;109.61;4.403;-20.444;-20.042
2006-06-29;110.06;4.377;-18.021;-17.607
2006-06-30;110.21;4.368;-19.358;-18.883
2006-07-03;109.95;4.383;-18.739;-18.302
2006-07-04;110.13;4.373;-19.792;-19.308
2006-07-05;109.203;4.426;-19.173;-18.819
2006-07-06;109.656;4.4;-19.84;-19.397
2006-07-07;110.459;4.354;-20.443;-19.887
2006-07-10;110.031;4.378;-19.507;-19.031
2006-07-11;110.44;4.355;-20.584;-20.044
2006-07-12;109.816;4.39;-19.192;-18.764
2006-07-13;110.334;4.36;-18.755;-18.296
2006-07-14;111.174;4.312;-20.466;-19.863
2006-07-17;110.88;4.329;-19.134;-18.606
2006-07-18;110.713;4.339;-19.85;-19.312
2006-07-19;111.258;4.307;-19.315;-18.717
2006-07-20;111.357;4.302;-19.38;-18.773
2006-07-21;111.834;4.275;-21.969;-21.218
2006-07-24;111.848;4.274;-21.304;-20.57
2006-07-25;111.697;4.282;-20.663;-19.97
2006-07-26;111.249;4.308;;
2006-07-27;111.749;4.279;-20.693;-20.013
2006-07-28;112.274;4.25;-20.788;-20.021
2006-07-31;112.389;4.243;-21.269;-20.466
2006-08-01;112.253;4.251;-20.446;-19.697
2006-08-02;112.255;4.251;-20.657;-19.891
2006-08-03;111.732;4.28;-21.416;-20.673
2006-08-04;112.997;4.209;;-21.381
2006-08-07;112.94;4.212;-22.024;-21.091
2006-08-08;112.956;4.211;-20.78;-19.901
2006-08-09;112.398;4.242;-19.935;-19.154
2006-08-10;112.421;4.241;-20.396;-19.597
2006-08-11;111.755;4.278;-21.043;-20.294
2006-08-14;111.373;4.3;-20.387;-19.706
2006-08-15;111.943;4.268;-20.071;-19.328
2006-08-16;112.627;4.229;-20.233;-19.397
2006-08-17;112.929;4.212;-20.367;-19.475
2006-08-18;113.351;4.189;-19.906;-18.978
2006-08-21;114.07;4.149;-19.67;-18.665
2006-08-22;114.881;4.105;-20.586;-19.435
2006-08-23;114.589;4.12;-19.56;-18.523
2006-08-24;114.945;4.101;-20.555;-19.413
2006-08-25;115.109;4.092;-20.254;-19.112
2006-08-28;115.049;4.095;-19.94;-18.827
2006-08-29;114.444;4.128;;
2006-08-30;114.9;4.103;-20.74;-19.591
2006-08-31;115.622;4.064;-20.404;-19.185
2006-09-01;116.069;4.04;-20.854;-19.545
2006-09-04;115.998;4.044;-20.294;-19.019
2006-09-05;115.327;4.08;-20.693;-19.467
2006-09-06;114.602;4.119;-19.194;-18.137
2006-09-07;115.024;4.096;-19.549;-18.412
2006-09-08;115.72;4.058;-20.542;-19.245
2006-09-11;115.639;4.063;-19.684;-18.433
2006-09-12;114.936;4.101;;-16.163
2006-09-13;115.839;4.052;-19.487;-18.223
2006-09-14;115.964;4.045;-19.561;-18.266
2006-09-15;116.35;4.024;;
2006-09-18;115.57;4.066;-17.918;-16.746
2006-09-19;116.451;4.019;-17.92;-16.655
2006-09-20;116.543;4.014;-19.763;-18.358
2006-09-21;116.647;4.008;;
2006-09-22;117.775;3.948;-18.821;-17.37
2006-09-25;118.099;3.931;-18.203;-16.784
2006-09-26;118.385;3.916;-18.464;-16.97
2006-09-27;118.261;3.923;-18.404;-16.92
2006-09-28;117.883;3.942;-17.175;-15.823
2006-09-29;117.574;3.959;-18.805;-17.356
2006-10-02;117.991;3.937;-19.474;-17.924
2006-10-03;117.066;3.985;-17.897;-16.567
2006-10-04;117.857;3.944;-17.705;-16.305
2006-10-05;117.532;3.961;-18.544;-17.115
2006-10-06;116.839;3.997;-19.215;-17.811
2006-10-09;116.915;3.993;-18.25;-16.897
2006-10-10;116.086;4.037;-18.392;-17.105
2006-10-11;116.248;4.029;;
2006-10-12;116.356;4.023;-18.679;-17.335
2006-10-13;115.867;4.049;-18.455;-17.178
2006-10-16;115.801;4.053;-17.688;-16.472
2006-10-17;116.447;4.018;-19.343;-17.941
2006-10-18;116.099;4.036;-18.678;-17.368
2006-10-19;115.568;4.065;-18.393;-17.164
2006-10-20;115.816;4.051;-19.307;-17.98
2006-10-23;115.232;4.083;-19.192;-17.93
2006-10-24;115.318;4.078;-19.196;-17.919
2006-10-25;115.219;4.084;-17.412;-16.26
2006-10-26;115.721;4.056;-18.212;-16.948
2006-10-27;116.887;3.994;-17.995;-16.611
2006-10-30;117.341;3.97;-17.089;-15.718
2006-10-31;118.428;3.912;-16.572;-15.138
2006-11-01;119.128;3.876;-15.952;-14.512
2006-11-02;118.2;3.924;-16.425;-15.034
2006-11-03;117.666;3.952;-17.439;-16.003
2006-11-06;117.31;3.971;;
2006-11-07;118.29;3.919;;-13.864
2006-11-08;118.029;3.933;;
2006-11-09;118.223;3.923;-15.214;-13.895
2006-11-10;118.538;3.906;-16.265;-14.845
2006-11-13;118.08;3.93;-16.528;-15.128
2006-11-14;118.584;3.904;-16.859;-15.388
2006-11-15;118.123;3.928;-16.476;-15.081
2006-11-16;118.13;3.927;;
2006-11-17;118.784;3.893;-16.715;-15.222
2006-11-20;118.921;3.886;-16.159;-14.71
2006-11-21;118.932;3.885;-16.369;-14.897
2006-11-22;118.653;3.899;-15.723;-14.343
2006-11-23;118.192;3.924;;-13.667
2006-11-24;118.751;3.894;-16.441;-14.997
2006-11-27;118.134;3.927;;
2006-11-28;118.547;3.905;;-13.72
2006-11-29;118.201;3.923;-16.591;-15.186
2006-11-30;118.63;3.9;-15.084;-13.774
2006-12-01;119.279;3.866;-16.121;-14.665
2006-12-04;118.964;3.883;-15.884;-14.485
2006-12-05;118.937;3.884;-15.987;-14.576
2006-12-06;118.855;3.888;-17.708;-16.149
2006-12-07;118.549;3.904;-17.22;-15.715
2006-12-08;118.395;3.912;;
2006-12-11;117.915;3.937;-17.169;-15.725
2006-12-12;118.125;3.926;-16.853;-15.411
2006-12-13;118.054;3.93;;
2006-12-14;117.514;3.958;-16.867;-15.46
2006-12-15;117.061;3.982;-16.55;-15.213
2006-12-18;116.585;4.008;-16.219;-14.953
2006-12-19;115.846;4.048;-15.544;-14.386
2006-12-20;115.833;4.048;-16.316;-15.117
2006-12-21;115.516;4.065;;
2006-12-22;115.273;4.078;-16.448;-15.292
2006-12-25;115.423;4.07;-16.478;-15.306
2006-12-26;115.423;4.07;-16.479;-15.306
2006-12-27;114.635;4.113;-16.414;-15.322
2006-12-28;114.089;4.143;;
2006-12-29;114.544;4.118;;
2007-01-01;114.461;4.123;;
2007-01-02;114.706;4.109;-16.621;-15.507
2007-01-03;114.432;4.124;-16.252;-15.2
2007-01-04;114.721;4.108;-16.73;-15.617
2007-01-05;113.846;4.156;-16.292;-15.292
2007-01-08;113.889;4.154;-16.373;-15.366
2007-01-09;113.213;4.192;-15.796;-14.889
2007-01-10;112.92;4.208;-15.263;-14.416
2007-01-11;112.838;4.212;-16.258;-15.372
2007-01-12;111.941;4.263;-16.039;-15.267
2007-01-15;112.143;4.252;-15.851;-15.06
2007-01-16;112.528;4.23;-15.284;-14.476
2007-01-17;112.501;4.231;-16.625;-15.754
2007-01-18;112.062;4.256;-15.101;-14.372
2007-01-19;112.571;4.227;-17.373;-16.449
2007-01-22;113.095;4.198;-16.384;-15.463
2007-01-23;113.306;4.186;-17.642;-16.614
2007-01-24;112.957;4.205;-17.561;-16.588
2007-01-25;112.297;4.243;-15.469;-14.638
2007-01-26;111.924;4.264;-18.248;-17.36
2007-01-29;111.274;4.301;-16.946;-16.179
2007-01-30;111.353;4.296;-18.166;-17.366
2007-01-31;111.584;4.283;-17.035;-16.244
2007-02-01;111.606;4.282;-17.752;-16.934
2007-02-02;111.926;4.263;;
2007-02-05;112.239;4.246;-16.771;-15.951
2007-02-06;112.384;4.237;-17.148;-16.302
2007-02-07;112.61;4.225;-16.87;-16.002
2007-02-08;112.542;4.228;-18.081;-17.148
2007-02-09;111.795;4.271;-15.191;-14.445
2007-02-12;111.308;4.299;;
2007-02-13;111.006;4.316;;
2007-02-14;111.538;4.285;-16.397;-15.65
2007-02-15;112.36;4.239;-18.307;
2007-02-16;112.28;4.243;-16.021;-15.211
2007-02-19;112.002;4.259;-15.611;-14.853
2007-02-20;112.168;4.249;-16.522;-15.71
2007-02-21;112.398;4.236;-15.956;-15.141
2007-02-22;111.836;4.268;-16.506;-15.712
2007-02-23;112.588;4.225;-18.238;-17.312
2007-02-26;113.343;4.183;-17.161;-16.229
2007-02-27;113.836;4.155;;
2007-02-28;113.803;4.157;-17.523;-16.53
2007-03-01;113.863;4.154;-17.602;-16.591
2007-03-02;113.837;4.155;-17.196;-16.241
2007-03-05;114.18;4.136;-16.364;-15.409
2007-03-06;114.17;4.137;-18.388;-17.314
2007-03-07;113.905;4.151;-15.819;-14.929
2007-03-08;113.718;4.162;-16.768;-15.849
2007-03-09;113.23;4.189;;
2007-03-12;113.679;4.164;-17.851;-16.879
2007-03-13;114.139;4.138;-16.941;-15.959
2007-03-14;114.323;4.128;;
2007-03-15;113.952;4.149;-17.433;-16.437
2007-03-16;114.137;4.138;-18.24;-17.171
2007-03-19;113.786;4.158;-17.854;-16.839
2007-03-20;114.111;4.14;-17.852;-16.806
2007-03-21;113.71;4.162;-15.705;-14.831
2007-03-22;112.908;4.207;-18.382;-17.466
2007-03-23;111.965;4.26;-17.745;-16.958
2007-03-26;111.882;4.265;-18.072;-17.281
2007-03-27;111.574;4.282;-16.8;-16.095
2007-03-28;111.392;4.293;-17.573;-16.855
2007-03-29;111.079;4.311;-16.807;-16.155
2007-03-30;111.102;4.309;-17.406;-16.713
2007-04-02;110.966;4.317;-16.181;-15.537
2007-04-03;110.295;4.356;-15.197;-14.67
2007-04-04;110.633;4.336;-15.695;-15.126
2007-04-05;110.258;4.358;-15.545;-15.019
2007-04-06;110.238;4.359;-15.449;-14.708
2007-04-09;110.23;4.36;-15.398;-14.66
2007-04-10;109.712;4.39;-15.393;-14.918
2007-04-11;109.438;4.406;-16.154;-15.688
2007-04-12;108.745;4.447;-15.621;-15.244
2007-04-13;107.838;4.501;-15.669;-15.388
2007-04-16;108.296;4.474;-16.247;-15.904
2007-04-17;108.72;4.448;-16.253;-15.851
2007-04-18;109.334;4.412;-16.256;-15.788
2007-04-19;108.742;4.447;-15.658;-15.27
2007-04-20;108.719;4.448;-16.213;-15.809
2007-04-23;109.267;4.416;-16.582;-16.098
2007-04-24;109.557;4.398;-16.912;-16.394
2007-04-25;109.215;4.418;-17.598;-17.086
2007-04-26;108.744;4.446;-17.887;-17.418
2007-04-27;108.775;4.444;-16.019;-15.595
2007-04-30;109.909;4.377;-15.3;-14.784
2007-05-01;110.007;4.372;-16.456;-15.641
2007-05-02;108.819;4.442;-16.526;-16.083
2007-05-03;108.403;4.466;-15.872;-15.494
2007-05-04;109.034;4.429;-15.731;-15.285
2007-05-07;108.757;4.445;-14.749;-14.354
2007-05-08;109.016;4.43;-16.019;-15.558
2007-05-09;108.817;4.442;-17.499;-17.028
2007-05-10;108.721;4.447;-14.874;-14.489
2007-05-11;108.732;4.447;-17.776;-17.308
2007-05-14;107.897;4.497;-16.248;-15.909
2007-05-15;107.472;4.522;-15.696;-15.403
2007-05-16;107.505;4.52;-16.079;-15.774
2007-05-17;107.452;4.523;-17.227;-16.897
2007-05-18;107.478;4.522;-17.845;-17.503
2007-05-21;107.196;4.539;-14.986;-14.728
2007-05-22;107.024;4.549;-17.59;-17.303
2007-05-23;106.608;4.574;-15.34;-15.121
2007-05-24;106.72;4.568;-15.331;-15.106
2007-05-25;106.504;4.581;-17.39;-17.144
2007-05-28;106.439;4.585;-17.319;-17.085
2007-05-29;106.365;4.589;-16.25;-16.034
2007-05-30;106.412;4.586;-16.986;-16.758
2007-05-31;106.147;4.603;-16.195;-15.993
2007-06-01;105.545;4.64;-17.44;-17.298
2007-06-04;105.618;4.635;-17.096;-16.942
2007-06-05;105.04;4.671;-16.023;-15.945
2007-06-06;105.377;4.65;-14.851;-14.753
2007-06-07;104.006;4.737;-15.968;-16.019
2007-06-08;103.37;4.777;-14.317;-14.436
2007-06-11;103.442;4.773;-16.227;-16.36
2007-06-12;102.649;4.824;-17.597;-17.845
2007-06-13;102.09;4.86;-15.735;-16.024
2007-06-14;101.917;4.871;-17.375;-17.727
2007-06-15;101.536;4.896;-15.461;-15.845
2007-06-18;101.264;4.914;-15.688;-16.111
2007-06-19;102.004;4.865;;
2007-06-20;101.988;4.866;-15.88;-16.206
2007-06-21;102.043;4.863;-17.543;-17.879
2007-06-22;101.871;4.874;-14.304;-14.606
2007-06-25;102.467;4.835;-16.397;-16.671
2007-06-26;102.804;4.813;-17.698;-17.951
2007-06-27;103.53;4.766;;
2007-06-28;103.425;4.773;-18.764;-18.914
2007-06-29;103.273;4.783;-17.305;-17.479
2007-07-02;104.113;4.729;-15.767;-15.811
2007-07-03;103.202;4.787;-17.055;-17.214
2007-07-04;102.703;4.82;-18.136;-18.374
2007-07-05;102.105;4.859;-18.13;-18.437
2007-07-06;101.811;4.878;-17.23;-17.547
2007-07-09;101.89;4.873;-16.164;-16.446
2007-07-10;103.019;4.799;-16.001;-16.154
2007-07-11;102.765;4.816;-16.925;-17.119
2007-07-12;102.308;4.845;-19.904;-20.199
2007-07-13;102.309;4.845;-16.406;-16.648
2007-07-16;102.827;4.811;-14.378;
2007-07-17;102.618;4.825;-16.965;-17.176
2007-07-18;103.306;4.78;-18.982;-19.104
2007-07-19;103.401;4.774;-17.415;-17.514
2007-07-20;105.032;4.671;-19.135;-19.03
2007-07-23;104.886;4.68;-18.904;-18.82
2007-07-24;104.975;4.674;-17.695;-17.617
2007-07-25;105.368;4.65;-20.936;-20.777
2007-07-26;106.372;4.587;;
2007-07-27;106.283;4.593;;
2007-07-30;106.434;4.583;;
2007-07-31;106.164;4.6;-19.789;-19.553
2007-08-01;106.003;4.61;-22.868;-22.601
2007-08-02;105.766;4.625;-20.021;-19.815
2007-08-03;106.62;4.572;-20.534;-20.202
2007-08-06;106.44;4.583;;
2007-08-07;106.206;4.597;-22.601;-22.29
2007-08-08;105.117;4.665;-19.769;-19.638
2007-08-09;105.473;4.643;-21.088;-20.926
2007-08-10;105.683;4.63;;
2007-08-13;105.368;4.649;-19.433;-19.319
2007-08-14;105.597;4.635;-22.481;-22.326
2007-08-15;105.753;4.625;-20.282;-20.139
2007-08-16;106.554;4.575;-25.77;-25.48
2007-08-17;105.759;4.625;-22.039;-21.928
2007-08-20;105.51;4.64;-20.652;-20.62
2007-08-21;106.025;4.608;-20.866;-20.753
2007-08-22;105.636;4.632;-20.655;-20.559
2007-08-23;105.86;4.618;-18.123;-18.003
2007-08-24;106.006;4.609;-20.059;-19.919
2007-08-27;106.14;4.601;-16.41;-16.283
2007-08-28;106.18;4.598;-14.404;-14.305
2007-08-29;105.745;4.625;-19.773;-19.707
2007-08-30;105.722;4.627;-14.613;-14.563
2007-08-31;105.808;4.621;-18.252;-18.157
2007-09-03;105.418;4.646;-17.107;-17.066
2007-09-04;105.118;4.664;-16.889;-16.896
2007-09-05;106.036;4.607;-17.844;-17.73
2007-09-06;105.953;4.612;-18.127;-18.029
2007-09-07;107.012;4.547;-16.748;-16.552
2007-09-10;107.567;4.513;-15.008;-14.769
2007-09-11;106.871;4.555;-13.178;-13.046
2007-09-12;106.455;4.581;-12.278;-12.185
2007-09-13;106.262;4.593;-13.841;-13.743
2007-09-14;106.411;4.584;-14.995;-14.88
2007-09-17;106.761;4.562;-13.593;-13.45
2007-09-18;105.782;4.623;-10.897;-10.863
2007-09-19;104.542;4.701;;
2007-09-20;103.804;4.748;-12.164;-12.312
2007-09-21;103.341;4.777;-10.325;-10.486
2007-09-24;103.29;4.781;-11.857;-12.045
2007-09-25;103.986;4.736;-14.58;-14.735
2007-09-26;103.241;4.784;-12.38;-12.575
2007-09-27;103.591;4.761;-13.178;-13.361
2007-09-28;104.378;4.711;-16.68;-16.791
2007-10-01;104.365;4.712;-14.037;-14.131
2007-10-02;104.544;4.7;-12.466;-12.526
2007-10-03;104.45;4.706;-14.313;-14.399
2007-10-04;105.177;4.66;-13.414;-13.424
2007-10-05;104.426;4.708;-13.841;-13.928
2007-10-08;104.479;4.704;-12.504;-12.57
2007-10-09;105.127;4.663;-15.555;-15.548
2007-10-10;104.674;4.692;-12.794;-12.833
2007-10-11;104.179;4.723;-13.155;-13.234
2007-10-12;103.787;4.748;-15.373;-15.501
2007-10-15;103.579;4.762;-13.123;-13.257
2007-10-16;103.072;4.794;-12.631;-12.827
2007-10-17;103.699;4.754;-12.154;-12.274
2007-10-18;104.592;4.697;-13.88;-13.937
2007-10-19;106.046;4.606;-12.803;-12.73
2007-10-22;106.47;4.579;-14.683;-14.555
2007-10-23;106.335;4.588;-14.068;-13.956
2007-10-24;107.139;4.538;-17.456;-17.23
2007-10-25;106.897;4.553;-15.924;-15.745
2007-10-26;106.467;4.579;-14.26;-14.139
2007-10-29;106.738;4.563;-15.959;-15.794
2007-10-30;106.495;4.578;-15.216;-15.082
2007-10-31;105.94;4.612;;
2007-11-01;106.312;4.589;-14.803;-14.685
2007-11-02;106.677;4.566;-18.407;-18.212
2007-11-05;106.699;4.565;-19.1;-18.898
2007-11-06;106.37;4.585;-17.654;-17.508
2007-11-07;106.501;4.577;-15.711;-15.612
2007-11-08;106.448;4.58;-13.999;-13.898
2007-11-09;106.633;4.569;-14.675;-14.576
2007-11-12;106.604;4.571;-14.656;-14.561
2007-11-13;106.372;4.585;-16.306;-16.213
2007-11-14;106.167;4.598;-14.759;-14.693
2007-11-15;106.172;4.597;-14.203;-14.163
2007-11-16;106.003;4.608;-16.333;-16.323
2007-11-19;106.464;4.579;-13.713;-13.662
2007-11-20;106.139;4.599;-14.637;-14.619
2007-11-21;106.06;4.604;-15.262;-15.27
2007-11-22;105.433;4.643;-10.731;-10.795
2007-11-23;105.234;4.656;-11.227;-11.316
2007-11-26;105.448;4.642;-9.621;-9.682
2007-11-27;105.145;4.662;-13.717;-13.826
2007-11-28;104.138;4.726;-12.432;-12.614
2007-11-29;104.672;4.691;-10.287;-10.398
2007-11-30;104.013;4.734;-13.04;-13.244
2007-12-03;104.395;4.709;-7.384;-7.48
2007-12-04;104.822;4.682;-9.438;-9.54
2007-12-05;104.94;4.674;-5.997;-6.049
2007-12-06;104.569;4.698;-6.214;-6.285
2007-12-07;103.403;4.773;-6.741;-6.869
2007-12-10;102.749;4.815;-4.85;-4.956
2007-12-11;103.368;4.775;-8.613;-8.755
2007-12-12;102.639;4.822;-7.065;-7.21
2007-12-13;103.159;4.789;-8.825;-8.961
2007-12-14;102.946;4.802;-9.908;-10.069
2007-12-17;103.388;4.774;-9.561;-9.68
2007-12-18;103.85;4.744;-10.149;-10.234
2007-12-19;103.768;4.749;-9.577;-9.682
2007-12-20;104.663;4.692;-14.034;-14.086
2007-12-21;103.59;4.761;-14.038;-14.22
2007-12-24;103.576;4.762;-14.243;-14.419
2007-12-25;103.689;4.754;-15.075;-15.254
2007-12-26;103.689;4.754;-15.073;-15.252
2007-12-27;103.102;4.792;-15.422;-15.671
2007-12-28;103.632;4.758;-14.284;-14.463
2007-12-31;103.676;4.755;-14.594;-14.771
2008-01-01;103.706;4.753;-14.813;-14.991
2008-01-02;104.818;4.682;-10.21;-10.269
2008-01-03;104.939;4.674;-8.852;-8.906
2008-01-04;105.402;4.645;-10.466;-10.506
2008-01-07;105.088;4.665;-9.079;-9.141
2008-01-08;104.588;4.697;-9.545;-9.645
2008-01-09;105.12;4.663;-9.466;-9.54
2008-01-10;104.785;4.684;-9.312;-9.408
2008-01-11;104.555;4.699;-7.189;-7.285
2008-01-14;104.829;4.681;-6.655;-6.743
2008-01-15;105.191;4.658;-6.958;-7.037
2008-01-16;105.466;4.641;-4.538;-4.594
2008-01-17;105.349;4.648;-2.344;-2.385
2008-01-18;105.602;4.632;-5.816;-5.885
2008-01-21;106.089;4.602;-6.42;-6.48
2008-01-22;104.644;4.693;-5.025;-5.136
2008-01-23;105.505;4.638;-4.636;-4.71
2008-01-24;104.343;4.712;-4.023;-4.116
2008-01-25;104.849;4.68;-3.391;-3.456
2008-01-28;105.173;4.659;-5.223;-5.299
2008-01-29;104.495;4.702;-3.311;-3.385
2008-01-30;104.073;4.73;-4.333;-4.443
2008-01-31;105.48;4.64;-5.406;-5.483
2008-02-01;105.975;4.609;-7.165;-7.233
2008-02-04;105.857;4.616;-6.48;-6.544
2008-02-05;107.122;4.538;-8.487;-8.504
2008-02-06;106.502;4.576;-6.711;-6.75
2008-02-07;106.13;4.599;-10.482;-10.599
2008-02-08;106.352;4.585;-5.33;-5.381
2008-02-11;106.582;4.571;;
2008-02-12;104.972;4.672;-4.998;-5.101
2008-02-13;104.779;4.684;-7.776;-7.938
2008-02-14;104.235;4.719;-4.644;-4.76
2008-02-15;104.645;4.693;-4.955;-5.064
2008-02-18;103.961;4.737;-4.692;-4.819
2008-02-19;104.319;4.714;-3.766;-3.845
2008-02-20;104.019;4.733;-3.532;-3.619
2008-02-21;104.322;4.714;-2.793;-2.864
2008-02-22;104.132;4.726;-1.545;-1.594
2008-02-25;103.295;4.78;2.322;2.362
2008-02-26;102.792;4.813;3.559;3.607
2008-02-27;102.497;4.832;3.471;3.602
2008-02-28;103.777;4.749;2.997;3.088
2008-02-29;105.007;4.67;2.327;2.378
2008-03-03;105.116;4.663;1.431;1.469
2008-03-04;104.772;4.685;4.466;4.56
2008-03-05;103.574;4.762;7.561;7.777
2008-03-06;104.344;4.712;3.156;3.234
2008-03-07;104.01;4.734;3.91;4.017
2008-03-10;104.301;4.715;4.305;4.414
2008-03-11;104.084;4.729;6.537;6.681
2008-03-12;104.539;4.7;7.705;7.841
2008-03-13;104.541;4.7;4.268;4.353
2008-03-14;104.687;4.69;6.533;6.636
2008-03-17;103.992;4.735;12.536;12.79
2008-03-18;103.51;4.766;13.52;13.789
2008-03-19;104.617;4.695;12.345;12.474
2008-03-20;105.574;4.634;10.115;10.122
2008-03-21;105.561;4.635;;
2008-03-24;105.797;4.62;9.494;9.465
2008-03-25;104.345;4.712;9.233;9.333
2008-03-26;103.514;4.766;8.796;8.969
2008-03-27;102.125;4.857;11.928;12.296
2008-03-28;102.642;4.823;10.797;11.087
2008-03-31;103.177;4.788;9.983;10.22
2008-04-01;103.441;4.77;6.721;6.873
2008-04-02;103.827;4.745;4.47;4.566
2008-04-03;103.54;4.764;3.514;3.61
2008-04-04;104.206;4.721;2.133;2.193
2008-04-07;103.958;4.737;-0.392;-0.36
2008-04-08;103.672;4.755;2.162;2.231
2008-04-09;103.656;4.756;4.247;4.351
2008-04-10;103.866;4.743;0.357;0.399
2008-04-11;104.979;4.671;-0.293;-0.259
2008-04-14;104.894;4.676;-1.972;-1.95
2008-04-15;103.985;4.735;-0.632;-0.603
2008-04-16;102.614;4.824;1.476;1.547
2008-04-17;101.922;4.87;-0.847;-0.832
2008-04-18;101.486;4.899;3.427;3.565
2008-04-21;101.705;4.884;3.235;3.363
2008-04-22;101.765;4.88;2.132;2.224
2008-04-23;101.591;4.892;1.42;1.497
2008-04-24;100.873;4.94;1.94;2.042
2008-04-25;100.934;4.936;1.758;1.854
2008-04-28;100.724;4.95;2.377;2.5
2008-04-29;101.845;4.875;-0.015;0.023
2008-04-30;102.632;4.823;-1.478;-1.471
2008-05-01;102.729;4.816;-2.154;-2.16
2008-05-02;101.928;4.869;-0.684;-0.664
2008-05-05;102.62;4.823;-1.976;-1.977
2008-05-06;102.885;4.806;-1.487;-1.476
2008-05-07;102.379;4.839;0.67;0.723
2008-05-08;103.501;4.765;0.543;0.589
2008-05-09;103.908;4.739;4.066;4.145
2008-05-12;103.529;4.764;5.262;5.37
2008-05-13;102.362;4.84;6.096;6.265
2008-05-14;101.514;4.896;5.065;5.238
2008-05-15;100.968;4.933;;
2008-05-16;101.885;4.872;6.055;6.235
2008-05-19;101.37;4.906;6.537;6.759
2008-05-20;101.791;4.878;5.175;5.341
2008-05-21;100.878;4.939;5.821;6.032
2008-05-22;100.696;4.951;4.882;5.073
2008-05-23;101.18;4.919;2.542;2.65
2008-05-26;100.959;4.934;;
2008-05-27;100.611;4.957;2.125;2.229
2008-05-28;100.054;4.995;;
2008-05-29;98.91;5.074;3.93;4.141
2008-05-30;99.551;5.03;2.073;2.191
2008-06-02;100.135;4.989;5.837;6.069
2008-06-03;99.043;5.065;9.169;9.58
2008-06-04;99.512;5.032;6.604;6.887
2008-06-05;99.321;5.045;12.766;13.193
2008-06-06;100.978;4.932;12.888;13.064
2008-06-09;100.556;4.961;;
2008-06-10;99.919;5.004;7.75;7.906
2008-06-11;98.53;5.1;6.984;7.25
2008-06-12;98.359;5.112;11.265;11.653
2008-06-13;98.225;5.122;;
2008-06-16;99.404;5.04;9.231;9.42
2008-06-17;99.591;5.027;12.2;12.431
2008-06-18;100.13;4.99;9.899;10.048
2008-06-19;99.779;5.014;9.209;9.351
2008-06-20;100.185;4.986;6.822;6.931
2008-06-23;99.856;5.008;6.045;6.168
2008-06-24;99.418;5.039;6.721;6.895
2008-06-25;99.324;5.045;5.705;5.862
2008-06-26;99.982;5.0;6.246;6.404
2008-06-27;98.996;5.068;6.156;6.367
2008-06-30;98.349;5.113;10.453;10.78
2008-07-01;98.431;5.107;11.12;11.447
2008-07-02;98.333;5.114;9.087;9.35
2008-07-03;98.992;5.068;8.451;8.704
2008-07-04;99.118;5.059;10.654;10.948
2008-07-07;99.842;5.009;10.533;10.797
2008-07-08;99.9;5.005;6.662;6.842
2008-07-09;100.197;4.985;6.967;7.132
2008-07-10;100.253;4.981;3.877;3.987
2008-07-11;99.874;5.007;2.998;3.102
2008-07-14;100.029;4.996;9.716;9.952
2008-07-15;99.764;5.014;9.358;9.615
2008-07-16;99.96;5.001;8.069;8.274
2008-07-17;99.624;5.024;5.27;5.427
2008-07-18;98.277;5.118;13.232;13.653
2008-07-21;98.107;5.13;12.211;12.582
2008-07-22;98.063;5.133;12.333;12.703
2008-07-23;97.932;5.142;12.572;12.976
2008-07-24;98.755;5.084;10.168;10.481
2008-07-25;98.074;5.132;9.563;9.906
2008-07-28;98.976;5.069;7.257;7.495
2008-07-29;99.642;5.023;8.092;8.308
2008-07-30;100.68;4.952;6.329;6.461
2008-07-31;101.392;4.903;5.87;5.963
2008-08-01;101.108;4.923;7.741;7.873
2008-08-04;101.494;4.897;3.82;3.894
2008-08-05;101.628;4.888;5.175;5.259
2008-08-06;101.231;4.914;5.275;5.38
2008-08-07;101.387;4.904;2.783;2.876
2008-08-08;100.956;4.933;2.62;2.724
2008-08-11;101.034;4.928;1.057;1.12
2008-08-12;101.737;4.88;1.265;1.327
2008-08-13;101.712;4.882;0.125;0.166
2008-08-14;101.72;4.881;4.457;4.581
2008-08-15;102.004;4.862;6.91;7.066
2008-08-18;102.289;4.843;5.88;6.004
2008-08-19;101.629;4.887;5.945;6.1
2008-08-20;102.329;4.84;5.615;5.732
2008-08-21;101.756;4.879;6.493;6.63
2008-08-22;101.732;4.88;5.38;5.493
2008-08-25;102.537;4.827;6.969;7.071
2008-08-26;102.379;4.837;6.98;7.096
2008-08-27;101.891;4.87;8.601;8.748
2008-08-28;102.436;4.833;10.454;10.543
2008-08-29;102.78;4.81;11.174;11.227
2008-09-01;103.214;4.782;11.066;11.104
2008-09-02;102.983;4.797;10.674;10.737
2008-09-03;102.475;4.831;12.073;12.189
2008-09-04;103.023;4.794;13.471;13.555
2008-09-05;103.256;4.779;8.353;8.423
2008-09-08;102.571;4.824;13.205;13.343
2008-09-09;102.7;4.816;11.03;11.161
2008-09-10;102.356;4.838;11.02;11.175
2008-09-11;101.693;4.883;13.216;13.464
2008-09-12;100.322;4.976;12.775;13.155
2008-09-15;101.021;4.928;8.916;9.144
2008-09-16;102.15;4.852;12.177;12.298
2008-09-17;101.774;4.877;6.421;6.537
2008-09-18;100.177;4.986;8.791;9.036
2008-09-19;99.022;5.066;7.547;7.831
2008-09-22;97.717;5.158;15.549;16.252
2008-09-23;98.105;5.13;14.047;14.652
2008-09-24;99.627;5.024;11.262;11.602
2008-09-25;99.224;5.052;14.199;14.638
2008-09-26;99.769;5.014;19.153;19.629
2008-09-29;101.456;4.899;26.276;26.495
2008-09-30;101.316;4.908;31.272;31.409
2008-10-01;102.405;4.835;28.084;27.917
2008-10-02;103.806;4.743;39.787;38.938
2008-10-03;104.929;4.67;27.608;26.847
2008-10-06;107.563;4.503;31.152;29.635
2008-10-07;108.585;4.44;40.777;38.229
2008-10-08;108.117;4.469;29.114;27.411
2008-10-09;107.127;4.53;27.773;26.352
2008-10-10;103.272;4.778;26.454;26.002
2008-10-13;102.283;4.843;31.557;31.198
2008-10-14;101.564;4.891;30.598;30.511
2008-10-15;100.576;4.958;35.596;35.837
2008-10-16;101.109;4.922;31.658;31.836
2008-10-17;102.093;4.856;26.043;26.023
2008-10-20;101.905;4.868;28.381;28.44
2008-10-21;102.659;4.818;34.464;34.36
2008-10-22;104.283;4.711;33.497;33.043
2008-10-23;106.034;4.599;47.158;45.44
2008-10-24;105.955;4.604;41.852;40.393
2008-10-27;105.386;4.64;35.782;34.858
2008-10-28;105.97;4.603;42.751;41.297
2008-10-29;104.432;4.702;54.951;53.652
2008-10-30;104.993;4.665;50.774;49.416
2008-10-31;101.934;4.866;48.707;48.585
2008-11-03;102.857;4.805;52.481;51.959
2008-11-04;103.245;4.779;47.624;47.064
2008-11-05;102.65;4.819;50.657;50.411
2008-11-06;103.067;4.791;55.003;54.661
2008-11-07;104.222;4.715;55.331;54.512
2008-11-10;104.372;4.705;55.381;54.62
2008-11-11;103.811;4.742;53.641;53.344
2008-11-12;104.197;4.717;55.739;55.286
2008-11-13;103.091;4.789;54.688;54.766
2008-11-14;103.419;4.768;51.34;51.293
2008-11-17;103.79;4.743;51.338;51.15
2008-11-18;103.841;4.74;48.167;48.044
2008-11-19;105.643;4.623;40.608;40.03
2008-11-20;108.018;4.474;54.257;52.135
2008-11-21;108.036;4.473;58.34;55.785
2008-11-24;107.81;4.487;46.779;44.772
2008-11-25;109.605;4.377;53.283;50.18
2008-11-26;111.547;4.26;52.503;48.686
2008-11-27;111.729;4.25;52.633;48.804
2008-11-28;112.462;4.207;46.92;43.297
2008-12-01;113.898;4.123;55.269;50.412
2008-12-02;116.74;3.963;65.425;58.376
2008-12-04;;;58.109;51.825
2008-12-05;117.506;3.92;61.52;54.836
2008-12-08;114.791;4.072;60.488;54.655
2008-12-09;113.246;4.161;59.081;54.068
2008-12-10;112.415;4.209;46.407;43.016
2008-12-11;111.766;4.247;46.043;43.013
2008-12-12;109.886;4.359;46.291;43.867
2008-12-15;110.194;4.341;51.702;48.955
2008-12-16;111.482;4.264;47.396;44.48
2008-12-17;113.556;4.142;48.196;44.69
2008-12-18;114.946;4.063;40.343;37.072
2008-12-19;113.485;4.146;43.039;39.936
2008-12-22;114.386;4.094;48.868;45.067
2008-12-23;113.733;4.132;48.698;45.068
2008-12-24;113.868;4.124;47.293;43.776
2008-12-25;114.327;4.098;44.569;41.139
2008-12-26;114.327;4.098;44.569;41.139
2008-12-29;114.318;4.098;55.177;50.842
2008-12-30;113.817;4.127;50.098;46.344
2008-12-31;113.61;4.139;49.74;46.104
2009-01-01;113.611;4.139;49.734;46.096
2009-01-02;114.289;4.099;49.147;45.353
2009-01-05;113.297;4.157;50.133;46.593
2009-01-06;109.835;4.362;54.761;52.13
2009-01-07;108.215;4.461;60.04;57.919
2009-01-08;109.055;4.409;65.333;62.858
2009-01-09;110.257;4.336;63.319;60.618
2009-01-12;109.32;4.393;65.903;63.739
2009-01-13;107.485;4.506;75.328;74.04
2009-01-14;107.512;4.505;71.824;70.814
2009-01-15;107.671;4.495;69.751;68.829
2009-01-16;106.078;4.595;80.71;80.655
2009-01-19;105.518;4.631;78.631;78.846
2009-01-20;105.294;4.645;82.578;82.996
2009-01-21;103.594;4.756;89.755;91.439
2009-01-22;101.84;4.873;92.99;95.996
2009-01-23;;;98.789;
2009-01-26;;;89.372;93.399
2009-01-27;103.371;4.771;81.464;82.69
2009-01-28;105.066;4.66;79.591;79.636
2009-01-29;107.315;4.517;79.151;77.054
2009-01-30;105.959;4.603;82.85;81.585
2009-02-02;105.784;4.614;85.53;84.238
2009-02-03;105.146;4.655;86.77;85.543
2009-02-04;105.383;4.639;88.943;87.519
2009-02-05;105.219;4.65;82.661;81.808
2009-02-06;105.262;4.647;81.023;80.12
2009-02-09;105.59;4.626;81.867;80.5
2009-02-10;105.901;4.606;89.216;87.659
2009-02-11;106.52;4.567;88.151;86.66
2009-02-12;107.213;4.523;88.102;86.437
2009-02-13;107.208;4.523;83.323;81.711
2009-02-16;107.343;4.515;88.895;86.913
2009-02-17;106.969;4.538;103.777;101.453
2009-02-18;106.058;4.596;99.807;98.406
2009-02-19;104.542;4.694;103.467;102.983
2009-02-20;105.194;4.652;103.276;102.694
2009-02-23;104.877;4.672;102.284;101.858
2009-02-24;105.016;4.663;108.891;108.164
2009-02-25;105.371;4.64;110.575;109.593
2009-02-26;103.863;4.738;110.106;110.23
2009-02-27;104.137;4.72;108.563;108.547
2009-03-02;104.955;4.667;110.28;109.717
2009-03-03;104.342;4.707;110.274;110.3
2009-03-04;102.887;4.803;111.382;112.637
2009-03-05;104.966;4.666;113.686;113.467
2009-03-06;105.512;4.631;112.713;112.201
2009-03-09;105.764;4.615;114.002;113.151
2009-03-10;105.004;4.664;111.531;111.267
2009-03-11;104.528;4.695;110.037;110.209
2009-03-12;104.943;4.668;104.288;104.433
2009-03-13;103.703;4.749;100.619;102.232
2009-03-16;103.076;4.791;101.125;103.424
2009-03-17;102.339;4.84;100.101;102.94
2009-03-18;102.847;4.806;112.831;115.328
2009-03-19;104.86;4.673;91.384;92.528
2009-03-20;105.748;4.616;87.26;88.023
2009-03-23;105.515;4.631;80.44;81.381
2009-03-24;103.634;4.754;85.306;87.309
2009-03-25;104.212;4.715;83.829;85.349
2009-03-26;104.771;4.679;87.882;88.975
2009-03-27;106.204;4.586;78.924;79.327
2009-03-30;106.464;4.57;86.43;86.568
2009-03-31;106.614;4.56;83.155;83.372
2009-04-01;106.297;4.58;84.546;85.047
2009-04-02;104.73;4.681;81.003;82.17
2009-04-03;105.189;4.651;68.348;69.202
2009-04-06;105.501;4.631;69.022;69.724
2009-04-07;105.185;4.651;71.909;72.851
2009-04-08;105.356;4.64;68.444;69.263
2009-04-09;105.086;4.658;71.062;72.041
2009-04-10;105.139;4.654;69.44;70.425
2009-04-13;105.152;4.654;69.364;70.344
2009-04-14;106.272;4.581;66.08;66.632
2009-04-15;106.471;4.569;64.883;65.539
2009-04-16;106.405;4.573;66.07;66.752
2009-04-17;105.683;4.619;63.901;64.961
2009-04-20;107.347;4.513;66.786;67.082
2009-04-21;107.204;4.522;65.703;66.099
2009-04-22;106.599;4.56;70.371;70.872
2009-04-23;107.342;4.513;67.009;67.017
2009-04-24;107.453;4.506;68.784;68.796
2009-04-27;107.355;4.512;71.249;71.349
2009-04-28;107.917;4.477;67.089;67.024
2009-04-29;108.597;4.434;71.095;70.625
2009-04-30;108.395;4.447;66.317;65.993
2009-05-01;108.386;4.448;66.509;66.19
2009-05-04;107.171;4.524;66.004;66.165
2009-05-05;107.831;4.482;67.716;67.631
2009-05-06;107.369;4.511;71.916;72.104
2009-05-07;105.282;4.644;68.206;69.403
2009-05-08;104.487;4.696;66.402;67.98
2009-05-11;105.479;4.631;71.137;72.372
2009-05-12;104.972;4.664;75.094;76.808
2009-05-13;105.201;4.649;73.703;75.466
2009-05-14;104.985;4.663;73.022;74.955
2009-05-15;104.807;4.675;72.028;73.92
2009-05-18;104.786;4.676;75.274;77.301
2009-05-19;104.261;4.711;75.113;77.328
2009-05-20;104.107;4.721;71.376;73.648
2009-05-21;104.225;4.713;68.399;70.52
2009-05-22;103.403;4.767;67.646;70.171
2009-05-25;102.651;4.817;73.305;76.18
2009-05-26;102.671;4.816;72.253;74.983
2009-05-27;103.345;4.771;70.487;72.774
2009-05-28;103.065;4.789;65.903;68.111
2009-05-29;103.769;4.743;67.982;69.887
2009-06-01;102.188;4.848;70.97;73.748
2009-06-02;102.219;4.846;69.037;71.976
2009-06-03;104.066;4.723;66.969;68.833
2009-06-04;103.008;4.793;66.333;68.443
2009-06-05;102.784;4.808;60.458;62.358
2009-06-08;103.95;4.73;64.346;65.538
2009-06-09;104.417;4.7;62.005;63.042
2009-06-10;103.768;4.742;61.3;62.577
2009-06-11;103.303;4.773;64.684;66.231
2009-06-12;103.691;4.747;59.146;60.65
2009-06-15;104.641;4.685;57.868;59.067
2009-06-16;104.195;4.714;60.579;62.069
2009-06-17;104.542;4.691;54.887;56.329
2009-06-18;103.853;4.737;53.43;55.073
2009-06-19;104.089;4.721;54.111;55.82
2009-06-22;104.792;4.675;51.619;52.988
2009-06-23;104.475;4.695;51.146;52.643
2009-06-24;104.394;4.701;53.204;54.91
2009-06-25;104.906;4.667;51.474;52.954
2009-06-26;105.453;4.632;48.8;50.104
2009-06-29;105.603;4.622;49.36;50.67
2009-06-30;105.986;4.597;52.195;53.278
2009-07-01;105.715;4.614;48.914;50.136
2009-07-02;106.755;4.548;47.346;48.242
2009-07-03;106.86;4.541;47.364;48.186
2009-07-06;107.612;4.493;44.683;45.227
2009-07-07;107.254;4.516;45.871;46.603
2009-07-08;107.471;4.502;48.739;49.373
2009-07-09;107.23;4.517;46.478;47.124
2009-07-10;107.85;4.478;44.943;45.353
2009-07-13;108.058;4.465;42.322;42.682
2009-07-14;107.893;4.475;42.515;42.881
2009-07-15;107.221;4.518;42.444;42.903
2009-07-16;107.432;4.504;45.818;46.267
2009-07-17;106.381;4.571;47.001;47.794
2009-07-20;106.054;4.592;51.79;52.771
2009-07-21;106.604;4.557;47.311;48.125
2009-07-22;106.435;4.568;45.856;46.742
2009-07-23;105.91;4.601;45.785;46.772
2009-07-24;106.011;4.595;42.351;43.275
2009-07-27;105.918;4.601;41.518;42.436
2009-07-28;107.222;4.517;36.08;36.622
2009-07-29;107.55;4.496;37.846;38.341
2009-07-30;108.099;4.462;41.283;41.561
2009-07-31;110.26;4.328;35.066;34.847
2009-08-03;109.601;4.369;33.958;33.877
2009-08-04;109.756;4.359;32.565;32.403
2009-08-05;110.45;4.316;29.818;29.535
2009-08-06;110.043;4.341;31.078;30.849
2009-08-07;108.457;4.439;34.799;34.8
2009-08-10;109.114;4.398;36.234;36.074
2009-08-11;109.163;4.395;34.821;34.691
2009-08-12;109.082;4.4;35.829;35.722
2009-08-13;109.155;4.396;38.553;38.401
2009-08-14;110.4;4.319;35.765;35.441
2009-08-17;110.728;4.299;33.064;32.688
2009-08-18;110.604;4.307;33.796;33.437
2009-08-19;111.189;4.271;32.338;31.908
2009-08-20;111.004;4.282;36.653;36.163
2009-08-21;110.391;4.319;35.968;35.592
2009-08-24;110.194;4.331;39.919;39.582
2009-08-25;110.342;4.322;41.683;41.287
2009-08-26;110.415;4.318;43.297;42.905
2009-08-27;109.91;4.349;42.914;42.717
2009-08-28;109.659;4.364;45.915;45.779
2009-08-31;109.779;4.357;45.465;45.262
2009-09-01;109.718;4.36;46.808;46.671
2009-09-02;109.251;4.389;49.378;49.423
2009-09-03;108.765;4.419;48.101;48.332
2009-09-04;109.039;4.402;45.231;45.337
2009-09-07;108.427;4.44;49.858;50.274
2009-09-08;107.84;4.477;49.517;50.129
2009-09-09;106.857;4.539;45.523;46.496
2009-09-10;107.757;4.482;44.854;45.58
2009-09-11;109.147;4.395;43.658;43.913
2009-09-14;108.91;4.41;46.016;46.293
2009-09-15;108.845;4.414;42.877;43.131
2009-09-16;108.651;4.426;41.445;41.724
2009-09-17;108.153;4.457;42.105;42.548
2009-09-18;107.516;4.497;42.791;43.455
2009-09-21;107.015;4.529;43.631;44.48
2009-09-22;107.124;4.522;44.868;45.683
2009-09-23;107.665;4.487;42.58;43.217
2009-09-24;108.449;4.438;40.56;41.017
2009-09-25;109.777;4.356;38.752;38.797
2009-09-28;109.964;4.344;;
2009-09-29;110.588;4.306;;
2009-09-30;110.396;4.318;;
2009-10-01;109.986;4.343;44.682;44.673
2009-10-02;110.222;4.328;45.95;45.816
2009-10-05;110.436;4.315;43.016;42.794
2009-10-06;110.066;4.338;43.893;43.761
2009-10-07;110.626;4.303;45.307;44.997
2009-10-08;110.648;4.302;43.283;42.992
2009-10-09;109.603;4.366;47.924;47.807
2009-10-12;109.617;4.365;49.945;49.827
2009-10-13;109.102;4.397;;
2009-10-14;108.327;4.445;52.09;52.39
2009-10-15;107.269;4.512;;
2009-10-16;107.631;4.489;50.528;51.066
2009-10-19;107.589;4.492;50.077;50.664
2009-10-20;108.535;4.432;47.453;47.776
2009-10-21;107.237;4.514;46.277;46.996
2009-10-22;107.692;4.485;44.767;45.286
2009-10-23;107.219;4.515;42.462;43.114
2009-10-26;107.16;4.519;48.183;48.781
2009-10-27;108.324;4.445;42.338;42.716
2009-10-28;108.617;4.427;48.653;48.809
2009-10-29;107.925;4.47;42.084;42.496
2009-10-30;109.281;4.385;42.575;42.63
2009-11-02;108.945;4.406;42.231;42.399
2009-11-03;108.452;4.437;39.002;39.326
2009-11-04;107.613;4.49;42.111;42.673
2009-11-05;107.316;4.508;43.384;44.025
2009-11-06;107.132;4.52;41.598;42.303
2009-11-09;107.655;4.487;42.815;43.363
2009-11-10;108.221;4.451;42.621;42.969
2009-11-11;108.242;4.45;45.026;45.426
2009-11-12;107.978;4.466;41.827;42.321
2009-11-13;107.754;4.48;41.888;42.416
2009-11-16;108.281;4.447;46.089;46.468
2009-11-17;109.446;4.374;41.302;41.326
2009-11-18;109.493;4.371;42.283;42.22
2009-11-19;109.638;4.362;43.469;43.319
2009-11-20;109.4;4.377;46.176;46.049
2009-11-23;108.768;4.416;47.485;47.564
2009-11-24;108.777;4.416;49.784;49.914
2009-11-25;108.356;4.442;52.757;52.957
2009-11-26;108.812;4.414;55.285;55.362
2009-11-27;108.798;4.414;56.271;56.281
2009-11-30;109.698;4.358;50.049;49.786
2009-12-01;109.562;4.367;56.447;56.127
2009-12-02;109.282;4.384;54.37;54.204
2009-12-03;109.278;4.384;55.475;55.219
2009-12-04;108.783;4.415;54.26;54.124
2009-12-07;109.497;4.371;53.392;53.081
2009-12-08;109.871;4.348;52.835;52.435
2009-12-09;109.528;4.369;52.413;52.224
2009-12-10;108.814;4.413;54.338;54.362
2009-12-11;108.782;4.415;54.398;54.368
2009-12-14;109.355;4.379;51.77;51.59
2009-12-15;108.872;4.409;50.741;50.724
2009-12-16;109.827;4.35;46.802;46.54
2009-12-17;110.795;4.29;47.961;47.365
2009-12-18;110.922;4.283;47.842;47.168
2009-12-21;109.933;4.343;49.92;49.515
2009-12-22;109.41;4.376;48.889;48.654
2009-12-23;108.437;4.436;46.818;46.95
2009-12-24;108.536;4.43;47.707;47.766
2009-12-25;108.622;4.425;46.777;46.815
2009-12-28;108.069;4.46;47.171;47.398
2009-12-29;107.95;4.467;47.397;47.646
2009-12-30;107.597;4.489;49.219;49.563
2009-12-31;107.623;4.488;49.053;49.374
2010-01-01;107.642;4.487;48.113;48.432
2010-01-04;108.188;4.452;45.188;45.338
2010-01-05;108.277;4.446;48.354;48.558
2010-01-06;108.008;4.463;46.62;46.978
2010-01-07;108.619;4.425;43.625;43.858
2010-01-08;108.92;4.406;;
2010-01-11;108.982;4.402;43.076;43.284
2010-01-12;109.322;4.381;42.444;
2010-01-13;109.016;4.4;43.461;43.687
2010-01-14;108.977;4.402;44.746;44.959
2010-01-15;109.194;4.388;47.293;47.381
2010-01-18;109.155;4.391;48.474;48.595
2010-01-19;108.857;4.41;48.202;48.44
2010-01-20;108.59;4.426;51.708;52.109
2010-01-21;108.604;4.425;52.679;53.11
2010-01-22;108.507;4.431;53.044;53.501
2010-01-25;108.919;4.405;52.212;52.478
2010-01-26;109.538;4.367;48.566;48.623
2010-01-27;109.325;4.38;49.805;49.927
2010-01-28;109.079;4.395;52.28;52.412
2010-01-29;109.581;4.364;50.393;50.372
2010-02-01;109.987;4.339;49.484;49.288
2010-02-02;109.84;4.348;51.455;51.259
2010-02-03;109.416;4.374;51.258;51.261
2010-02-04;109.994;4.338;55.653;55.396
2010-02-05;110.746;4.292;;
2010-02-08;111.03;4.275;55.861;54.917
2010-02-09;110.62;4.3;49.727;49.213
2010-02-10;110.106;4.331;50.11;49.792
2010-02-11;109.972;4.339;50.352;50.049
2010-02-12;110.264;4.321;50.915;50.595
2010-02-15;109.926;4.342;50.466;50.286
2010-02-16;109.774;4.352;50.972;50.874
2010-02-17;109.953;4.341;50.731;50.597
2010-02-18;109.409;4.374;51.507;51.551
2010-02-19;109.221;4.386;48.333;48.398
2010-02-22;109.315;4.38;51.703;51.717
2010-02-23;110.985;4.277;49.883;49.376
2010-02-24;111.416;4.251;49.785;49.089
2010-02-25;111.476;4.247;47.77;47.129
2010-02-26;111.79;4.228;47.634;46.877
2010-03-01;111.635;4.237;47.103;46.427
2010-03-02;111.708;4.233;43.051;42.488
2010-03-03;111.418;4.25;42.039;41.583
2010-03-04;111.556;4.242;44.01;43.466
2010-03-05;111.06;4.272;46.724;46.297
2010-03-08;110.989;4.276;45.116;44.755
2010-03-09;110.972;4.277;46.743;46.426
2010-03-10;110.893;4.282;45.493;45.193
2010-03-11;110.917;4.281;44.67;44.317
2010-03-12;111.213;4.262;43.493;43.07
2010-03-15;111.168;4.265;43.787;43.409
2010-03-16;111.529;4.243;45.389;44.884
2010-03-17;111.57;4.241;46.702;46.176
2010-03-18;111.173;4.265;46.855;46.449
2010-03-19;111.365;4.253;47.489;47.019
2010-03-22;111.923;4.219;48.215;47.534
2010-03-23;112.389;4.191;47.093;46.274
2010-03-24;112.209;4.202;45.704;44.987
2010-03-25;111.676;4.234;45.354;44.746
2010-03-26;111.611;4.238;45.487;44.933
2010-03-29;112.071;4.21;42.622;41.994
2010-03-30;112.303;4.195;45.208;44.466
2010-03-31;112.84;4.163;43.386;42.552
2010-04-01;113.503;4.124;40.155;39.212
2010-04-02;113.501;4.124;40.524;39.535
2010-04-05;113.481;4.125;40.647;39.66
2010-04-06;112.614;4.177;41.251;40.447
2010-04-07;112.828;4.164;43.464;42.576
2010-04-08;113.194;4.142;40.013;39.114
2010-04-09;112.114;4.206;44.354;43.642
2010-04-12;111.53;4.242;47.507;46.89
2010-04-13;112.272;4.197;44.678;43.933
2010-04-14;112.222;4.2;46.38;45.657
2010-04-15;112.476;4.184;44.756;43.992
2010-04-16;112.641;4.174;46.598;45.757
2010-04-19;112.953;4.155;45.292;44.405
2010-04-20;112.749;4.168;43.15;42.378
2010-04-21;112.275;4.196;48.809;48.059
2010-04-22;111.983;4.214;52.878;52.064
2010-04-23;111.984;4.213;55.584;54.683
2010-04-26;111.859;4.221;56.327;55.446
2010-04-27;112.325;4.193;68.469;66.927
2010-04-28;112.651;4.173;62.604;61.089
2010-04-29;112.658;4.172;60.004;58.559
2010-04-30;113.339;4.132;55.375;53.948
2010-05-03;112.538;4.179;55.623;54.478
2010-05-04;113.638;4.114;57.786;56.122
2010-05-05;114.788;4.046;60.702;58.476
2010-05-06;114.051;4.089;70.276;67.728
2010-05-07;113.178;4.141;78.858;76.251
2010-05-10;112.158;4.202;62.857;61.733
2010-05-11;111.729;4.228;59.003;58.179
2010-05-12;112.276;4.195;57.495;56.48
2010-05-13;112.883;4.158;51.723;50.687
2010-05-14;114.897;4.039;51.466;49.688
2010-05-17;114.975;4.034;52.064;50.185
2010-05-18;115.655;3.994;58.471;56.08
2010-05-19;116.783;3.929;51.435;48.931
2010-05-20;117.665;3.879;57.594;54.388
2010-05-21;118.665;3.822;55.482;52.029
2010-05-24;118.755;3.817;57.087;53.422
2010-05-25;119.388;3.782;63.485;59.092
2010-05-26;118.047;3.857;66.984;62.839
2010-05-27;117.239;3.902;63.861;60.307
2010-05-28;117.758;3.873;65.036;61.245
2010-05-31;118.052;3.856;62.167;58.415
2010-06-01;117.268;3.9;64.516;60.899
2010-06-02;116.067;3.969;74.917;71.17
2010-06-03;114.64;4.052;77.09;74.033
2010-06-04;114.02;4.089;84.564;81.447
2010-06-07;112.548;4.177;;
2010-06-08;112.878;4.157;;
2010-06-09;113.05;4.146;;
2010-06-10;114.405;4.066;78.789;75.883
2010-06-11;115.944;3.976;74.525;71.193
2010-06-14;114.305;4.071;82.553;79.571
2010-06-15;114.326;4.07;77.693;74.939
2010-06-16;114.279;4.073;77.299;74.693
2010-06-17;114.674;4.049;75.213;72.498
2010-06-18;114.619;4.053;70.944;68.379
2010-06-21;114.979;4.031;65.59;63.143
2010-06-22;115.608;3.995;69.438;66.549
2010-06-23;114.73;4.046;72.559;70.061
2010-06-24;114.457;4.062;78.199;75.553
2010-06-25;113.4;4.124;82.341;80.082
2010-06-28;114.271;4.073;77.741;75.166
2010-06-29;114.838;4.039;78.093;75.18
2010-06-30;115.183;4.019;75.34;72.365
2010-07-01;115.949;3.974;71.676;68.593
2010-07-02;116.564;3.938;67.623;64.473
2010-07-05;117.777;3.869;63.489;60.111
2010-07-06;117.456;3.887;61.673;58.581
2010-07-07;117.191;3.902;62.128;59.08
2010-07-08;117.317;3.895;60.623;57.642
2010-07-09;117.698;3.873;59.754;56.699
2010-07-12;118.159;3.847;63.67;60.214
2010-07-13;117.686;3.874;61.873;58.712
2010-07-14;116.925;3.917;63.939;60.933
2010-07-15;117.055;3.909;61.732;58.791
2010-07-16;117.32;3.894;64.524;61.32
2010-07-19;116.386;3.948;64.169;61.336
2010-07-20;116.43;3.945;64.573;61.776
2010-07-21;116.327;3.951;64.554;61.816
2010-07-22;115.973;3.971;63.344;60.795
2010-07-23;115.896;3.976;61.477;59.01
2010-07-26;115.266;4.012;59.157;56.975
2010-07-27;115.694;3.987;55.896;53.72
2010-07-28;115.358;4.007;58.703;56.542
2010-07-29;115.645;3.99;58.095;55.927
2010-07-30;116.652;3.931;55.363;52.974
2010-08-02;116.332;3.95;53.96;51.707
2010-08-03;117.698;3.871;55.165;52.423
2010-08-04;118.404;3.831;52.652;49.803
2010-08-05;119.569;3.766;51.489;48.343
2010-08-06;120.556;3.711;51.54;48.104
2010-08-09;120.245;3.728;51.275;47.961
2010-08-10;119.638;3.762;55.685;52.267
2010-08-11;120.868;3.693;58.899;54.943
2010-08-12;120.914;3.691;60.72;56.573
2010-08-13;120.566;3.71;67.717;63.181
2010-08-16;122.062;3.628;74.293;
2010-08-17;122.365;3.611;67.851;62.461
2010-08-18;123.054;3.574;66.096;60.655
2010-08-19;123.41;3.555;68.735;62.924
2010-08-20;124.608;3.491;68.28;62.103
2010-08-23;124.44;3.5;65.818;59.983
2010-08-24;126.366;3.399;71.411;64.219
2010-08-25;128.254;3.302;65.981;58.715
2010-08-26;128.939;3.268;66.246;58.64
2010-08-27;128.271;3.301;64.941;57.664
2010-08-30;128.706;3.279;69.716;61.789
2010-08-31;128.71;3.279;72.873;64.5
2010-09-01;126.49;3.392;72.613;65.09
2010-09-02;125.79;3.428;62.749;56.573
2010-09-03;124.143;3.515;59.389;54.102
2010-09-06;123.431;3.552;66.43;60.775
2010-09-07;124.34;3.504;71.64;65.046
2010-09-08;124.439;3.498;69.215;62.804
2010-09-09;124.377;3.502;65.141;59.067
2010-09-10;122.527;3.6;66.582;61.085
2010-09-13;121.404;3.661;67.409;62.322
2010-09-14;121.783;3.641;71.368;65.787
2010-09-15;120.702;3.7;69.919;64.866
2010-09-16;118.783;3.807;71.335;67.023
2010-09-17;119.807;3.749;69.91;65.236
2010-09-20;118.878;3.801;73.186;68.571
2010-09-21;119.447;3.769;71.513;66.792
2010-09-22;120.583;3.706;74.09;68.875
2010-09-23;120.67;3.701;77.253;71.726
2010-09-24;119.761;3.751;78.932;73.59
2010-09-27;121.431;3.659;78.053;72.044
2010-09-28;121.946;3.631;77.881;71.658
2010-09-29;122.049;3.625;77.943;71.595
2010-09-30;122.454;3.603;75.384;69.018
2010-10-01;122.662;3.591;72.975;66.731
2010-10-04;122.426;3.604;78.785;72.102
2010-10-05;122.167;3.618;75.523;69.253
2010-10-06;122.583;3.595;77.777;71.142
2010-10-07;121.496;3.654;79.042;72.746
2010-10-08;121.894;3.632;78.316;71.922
2010-10-11;121.831;3.636;78.194;71.853
2010-10-12;122.122;3.62;77.2;70.817
2010-10-13;120.802;3.692;84.195;77.787
2010-10-14;120.499;3.709;81.978;75.919
2010-10-15;119.879;3.743;79.63;73.978
2010-10-18;119.928;3.74;75.893;70.499
2010-10-19;119.542;3.762;74.978;69.791
2010-10-20;119.702;3.752;72.926;67.785
2010-10-21;119.105;3.786;73.928;68.795
2010-10-22;119.794;3.747;74.271;68.766
2010-10-25;120.792;3.692;69.298;63.8
2010-10-26;121.01;3.68;66.373;60.918
2010-10-27;119.712;3.751;68.139;63.035
2010-10-28;119.888;3.741;68.389;63.181
2010-10-29;120.55;3.705;69.535;63.984
2010-11-01;121.534;3.65;70.666;64.566
2010-11-02;122.012;3.624;70.024;63.817
2010-11-03;123.103;3.565;65.475;59.282
2010-11-04;121.883;3.631;71.268;65.195
2010-11-05;121.326;3.661;72.115;66.172
2010-11-08;121.12;3.672;72.012;66.19
2010-11-09;120.931;3.683;69.368;63.799
2010-11-10;120.052;3.731;72.289;66.793
2010-11-11;119.524;3.761;73.419;68.095
2010-11-12;118.633;3.811;71.272;66.404
2010-11-15;117.967;3.849;72.353;67.657
2010-11-16;116.835;3.914;70.513;66.445
2010-11-17;117.372;3.883;67.584;63.535
2010-11-18;115.881;3.969;;58.631
2010-11-19;116.083;3.957;65.872;62.396
2010-11-22;116.532;3.931;67.986;64.237
2010-11-23;117.127;3.897;73.607;69.291
2010-11-24;114.93;4.025;73.456;70.096
2010-11-25;114.086;4.075;71.826;68.942
2010-11-26;113.666;4.1;75.394;72.442
2010-11-29;111.669;4.222;84.724;82.331
2010-11-30;111.124;4.255;;
2010-12-01;110.176;4.314;86.9;85.349
2010-12-02;111.308;4.244;78.669;76.65
2010-12-03;109.997;4.326;82.278;80.888
2010-12-06;109.679;4.346;84.806;83.598
2010-12-07;108.517;4.42;83.341;82.779
2010-12-08;108.455;4.424;82.503;81.813
2010-12-09;110.295;4.307;78.19;76.546
2010-12-10;109.7;4.344;77.756;76.451
2010-12-13;108.937;4.393;81.88;80.865
2010-12-14;107.487;4.486;81.141;81.016
2010-12-15;107.389;4.492;79.991;79.936
2010-12-16;108.394;4.427;72.301;71.836
2010-12-17;108.794;4.402;74.465;73.819
2010-12-20;109.715;4.343;72.556;71.518
2010-12-21;109.662;4.346;72.402;71.434
2010-12-22;109.99;4.325;72.745;71.669
2010-12-23;109.804;4.337;70.104;69.21
2010-12-24;109.825;4.336;70.033;69.096
2010-12-27;109.289;4.37;70.501;69.8
2010-12-28;110.23;4.31;;
2010-12-29;109.305;4.369;71.642;70.949
2010-12-30;109.906;4.33;73.63;72.56
2010-12-31;109.896;4.331;73.88;72.795
2011-01-03;109.964;4.327;79.672;78.517
2011-01-04;110.887;4.269;77.317;75.781
2011-01-05;109.673;4.345;76.322;75.388
2011-01-06;108.581;4.415;87.942;87.506
2011-01-07;107.917;4.458;96.256;96.154
2011-01-10;106.785;4.531;100.895;101.592
2011-01-11;105.808;4.596;103.92;105.385
2011-01-12;105.954;4.586;90.468;91.675
2011-01-13;107.59;4.479;85.193;85.266
2011-01-14;107.288;4.498;85.455;85.635
2011-01-17;106.863;4.526;88.831;89.273
2011-01-18;105.618;4.609;94.016;95.212
2011-01-19;106.47;4.552;87.983;88.647
2011-01-20;105.915;4.589;84.011;84.916
2011-01-21;106.735;4.535;81.686;82.053
2011-01-24;107.218;4.503;78.336;78.521
2011-01-25;106.593;4.544;84.0;84.606
2011-01-26;105.385;4.624;86.65;87.932
2011-01-27;104.91;4.656;89.171;90.669
2011-01-28;105.875;4.591;85.835;86.691
2011-01-31;105.853;4.593;81.274;82.124
2011-02-01;105.653;4.606;79.352;80.336
2011-02-02;106.268;4.565;72.734;73.325
2011-02-03;106.375;4.558;75.657;76.25
2011-02-04;106.173;4.572;73.537;74.147
2011-02-07;105.765;4.599;77.504;78.391
2011-02-08;105.32;4.628;77.298;78.418
2011-02-09;104.765;4.666;78.084;79.531
2011-02-10;104.905;4.656;77.309;78.703
2011-02-11;104.965;4.652;77.636;79.081
2011-02-14;104.72;4.669;78.118;79.705
2011-02-15;105.275;4.631;74.952;76.234
2011-02-16;105.893;4.59;76.959;77.918
2011-02-17;106.205;4.569;79.47;80.282
2011-02-18;105.725;4.601;76.654;77.686
2011-02-21;106.255;4.566;77.8;78.53
2011-02-22;106.738;4.534;79.774;80.184
2011-02-23;106.783;4.531;80.953;81.291
2011-02-24;106.663;4.539;81.808;82.189
2011-02-25;106.483;4.551;81.5;82.001
2011-02-28;106.258;4.566;82.872;83.521
2011-03-01;106.265;4.565;82.612;83.278
2011-03-02;105.805;4.596;82.921;83.82
2011-03-03;104.51;4.683;81.331;82.792
2011-03-04;105.24;4.634;81.825;82.879
2011-03-07;105.458;4.619;78.73;79.667
2011-03-08;104.468;4.686;81.894;83.437
2011-03-09;104.45;4.687;83.645;85.215
2011-03-10;105.103;4.643;82.097;83.326
2011-03-11;106.33;4.561;76.703;77.233
2011-03-14;107.57;4.479;68.623;68.572
2011-03-15;108.86;4.395;67.717;67.134
2011-03-16;109.545;4.351;66.458;65.721
2011-03-17;108.06;4.447;66.809;66.685
2011-03-18;107.668;4.473;67.068;67.072
2011-03-21;107.075;4.511;65.808;66.071
2011-03-22;106.445;4.553;68.675;69.218
2011-03-23;106.475;4.551;71.733;72.301
2011-03-24;106.3;4.563;66.577;67.241
2011-03-25;106.188;4.57;65.915;66.571
2011-03-28;105.99;4.583;67.182;67.98
2011-03-29;105.845;4.593;63.607;64.365
2011-03-30;106.015;4.581;63.385;64.102
2011-03-31;105.53;4.614;64.704;65.604
2011-04-01;105.118;4.642;66.065;67.119
2011-04-04;105.39;4.623;64.702;65.658
2011-04-05;104.998;4.65;64.622;65.774
2011-04-06;104.955;4.652;60.857;61.948
2011-04-07;104.943;4.653;62.852;63.986
2011-04-08;104.27;4.699;60.255;61.662
2011-04-11;104.175;4.705;60.016;61.432
2011-04-12;104.716;4.668;60.589;61.786
2011-04-13;104.81;4.662;62.853;64.087
2011-04-14;104.171;4.705;64.777;66.31
2011-04-15;104.056;4.713;70.432;72.087
2011-04-18;104.176;4.705;79.61;81.436
2011-04-19;104.373;4.691;75.699;77.25
2011-04-20;104.201;4.703;74.807;76.482
2011-04-21;104.421;4.688;76.037;77.66
2011-04-22;104.421;4.688;75.487;77.162
2011-04-25;104.421;4.688;75.792;77.393
2011-04-26;104.231;4.701;79.135;80.915
2011-04-27;103.576;4.746;77.841;79.945
2011-04-28;104.106;4.709;78.695;80.475
2011-04-29;104.643;4.673;78.912;80.404
2011-05-02;104.716;4.668;77.561;78.956
2011-05-03;104.141;4.707;80.722;82.424
2011-05-04;103.943;4.72;79.708;81.452
2011-05-05;104.63;4.673;80.493;81.967
2011-05-06;105.233;4.632;85.249;86.435
2011-05-09;105.246;4.631;88.321;89.534
2011-05-10;105.111;4.641;86.755;88.089
2011-05-11;105.106;4.641;88.042;89.4
2011-05-12;105.263;4.63;82.666;83.919
2011-05-13;105.776;4.595;84.658;85.625
2011-05-16;105.466;4.616;83.859;85.037
2011-05-17;105.718;4.599;83.12;84.095
2011-05-18;105.453;4.617;82.789;83.951
2011-05-19;105.846;4.591;81.044;81.925
2011-05-20;106.121;4.572;83.879;84.676
2011-05-23;106.168;4.569;87.673;88.547
2011-05-24;105.658;4.603;87.334;88.521
2011-05-25;105.89;4.587;85.974;87.03
2011-05-26;106.898;4.52;84.751;85.219
2011-05-27;107.018;4.512;84.427;84.862
2011-05-30;106.536;4.544;87.961;88.698
2011-05-31;106.274;4.561;86.112;86.97
2011-06-01;106.828;4.524;84.617;85.205
2011-06-02;106.994;4.513;79.195;79.673
2011-06-03;106.611;4.539;80.849;81.553
2011-06-06;106.456;4.549;85.06;85.794
2011-06-07;105.536;4.611;85.359;86.635
2011-06-08;105.683;4.601;87.658;88.905
2011-06-09;105.756;4.596;87.193;88.607
2011-06-10;106.471;4.548;90.671;91.641
2011-06-13;106.501;4.546;89.216;90.209
2011-06-14;105.804;4.592;86.831;88.216
2011-06-15;106.043;4.576;88.991;90.364
2011-06-16;105.669;4.601;87.782;89.435
2011-06-17;105.431;4.617;88.416;90.107
2011-06-20;104.801;4.66;90.392;92.546
2011-06-21;104.733;4.665;87.076;89.303
2011-06-22;105.081;4.641;87.118;89.211
2011-06-23;105.81;4.592;89.088;90.731
2011-06-24;105.52;4.611;92.284;94.184
2011-06-27;104.86;4.656;89.079;91.403
2011-06-28;104.727;4.665;84.264;86.599
2011-06-29;104.54;4.678;81.221;83.642
2011-06-30;104.743;4.664;80.41;82.633
2011-07-01;104.97;4.648;81.128;83.108
2011-07-04;105.333;4.624;80.921;82.615
2011-07-05;105.653;4.602;81.56;83.042
2011-07-06;106.018;4.577;84.866;86.121
2011-07-07;105.84;4.589;80.762;82.109
2011-07-08;106.453;4.548;87.877;88.893
2011-07-11;105.118;4.638;113.88;115.788
2011-07-12;104.915;4.652;113.196;115.092
2011-07-13;104.23;4.699;114.147;116.707
2011-07-14;104.05;4.711;114.235;117.055
2011-07-15;104.645;4.67;118.004;120.167
2011-07-18;104.685;4.667;122.102;123.986
2011-07-19;104.745;4.663;117.263;119.272
2011-07-20;104.243;4.697;107.895;110.419
2011-07-21;104.148;4.704;99.708;102.18
2011-07-22;103.988;4.715;105.893;108.57
2011-07-25;103.723;4.733;112.282;115.219
2011-07-26;104.495;4.68;110.14;112.508
2011-07-27;105.45;4.615;109.6;111.161
2011-07-28;104.84;4.656;113.25;115.323
2011-07-29;104.485;4.681;118.37;120.896
2011-08-01;103.553;4.745;126.55;129.976
2011-08-02;102.947;4.787;137.91;141.855
2011-08-03;102.953;4.787;137.15;140.841
2011-08-04;103.185;4.77;142.56;146.589
2011-08-05;103.445;4.752;126.018;129.267
2011-08-08;105.538;4.609;134.986;136.632
2011-08-09;104.785;4.66;133.483;136.0
2011-08-10;106.56;4.54;143.954;144.498
2011-08-11;106.175;4.565;132.965;134.18
2011-08-12;106.768;4.526;127.304;128.093
2011-08-15;106.688;4.531;125.605;126.466
2011-08-16;106.38;4.552;131.04;132.281
2011-08-17;108.125;4.436;128.003;127.72
2011-08-18;108.908;4.385;134.653;133.635
2011-08-19;109.003;4.379;133.696;132.49
2011-08-22;109.435;4.351;129.441;127.929
2011-08-23;109.065;4.374;131.025;129.694
2011-08-24;108.205;4.43;127.581;127.036
2011-08-25;108.3;4.424;123.999;123.812
2011-08-26;108.44;4.415;125.589;125.204
2011-08-29;107.393;4.484;125.83;126.357
2011-08-30;107.87;4.452;129.235;129.386
2011-08-31;106.755;4.526;128.453;129.673
2011-09-01;106.658;4.532;137.993;139.316
2011-09-02;107.102;4.503;138.93;140.183
2011-09-05;107.435;4.481;143.983;144.818
2011-09-06;106.513;4.542;153.79;155.164
2011-09-07;107.205;4.496;147.423;148.15
2011-09-08;108.25;4.427;143.932;143.958
2011-09-09;109.065;4.374;149.999;149.13
2011-09-12;108.548;4.407;159.424;158.675
2011-09-13;108.488;4.411;157.46;156.56
2011-09-14;107.34;4.487;156.329;156.604
2011-09-15;107.92;4.448;150.017;149.756
2011-09-16;111.423;4.223;142.062;138.514
2011-09-19;110.67;4.27;153.625;150.236
2011-09-20;110.568;4.277;156.393;152.886
2011-09-21;110.428;4.285;159.843;156.16
2011-09-22;111.87;4.194;161.58;156.283
2011-09-23;111.21;4.236;162.133;157.422
2011-09-26;110.602;4.274;164.948;160.543
2011-09-27;110.688;4.269;151.617;147.742
2011-09-28;110.248;4.297;145.032;141.93
2011-09-29;111.135;4.24;142.224;138.263
2011-09-30;112.725;4.141;142.826;137.388
2011-10-03;113.193;4.111;148.748;142.748
2011-10-04;111.265;4.232;161.363;156.439
2011-10-05;109.083;4.371;160.518;158.028
2011-10-06;108.102;4.436;160.239;158.699
2011-10-07;108.898;4.383;158.101;155.703
2011-10-10;107.553;4.472;158.112;157.022
2011-10-11;106.755;4.525;163.624;163.349
2011-10-12;105.04;4.641;159.94;161.566
2011-10-13;104.413;4.684;171.719;174.201
2011-10-14;102.93;4.787;174.822;179.007
2011-10-17;103.378;4.756;184.569;188.399
2011-10-18;102.73;4.801;191.055;195.843
2011-10-19;102.813;4.795;184.334;189.078
2011-10-20;103.393;4.755;186.587;190.501
2011-10-21;102.49;4.818;191.12;196.043
2011-10-24;101.565;4.884;193.626;199.874
2011-10-25;103.14;4.772;189.816;194.081
2011-10-26;104.508;4.677;182.591;185.298
2011-10-27;104.488;4.678;166.766;169.562
2011-10-28;104.215;4.697;168.48;171.695
2011-10-31;103.063;4.778;190.044;194.777
2011-11-01;103.008;4.782;200.659;205.513
2011-11-02;103.083;4.776;194.81;199.724
2011-11-03;102.993;4.783;189.226;194.459
2011-11-04;103.078;4.777;191.404;196.586
2011-11-07;103.078;4.777;194.985;200.067
2011-11-08;103.61;4.739;189.329;193.383
2011-11-09;102.447;4.821;216.789;221.968
2011-11-10;101.445;4.893;214.831;221.611
2011-11-11;101.185;4.912;207.221;214.556
2011-11-14;100.005;4.998;223.782;233.275
2011-11-15;96.523;5.26;240.32;256.18
2011-11-16;97.56;5.18;229.165;242.624
2011-11-17;98.235;5.129;222.672;234.37
2011-11-18;100.24;4.98;204.197;212.045
2011-11-21;99.108;5.064;215.119;225.047
2011-11-22;96.563;5.257;230.731;245.743
2011-11-23;93.075;5.533;250.119;272.386
2011-11-24;90.805;5.721;258.784;286.9
2011-11-25;90.083;5.783;261.447;291.442
2011-11-28;91.49;5.664;249.358;275.129
2011-11-29;93.813;5.474;233.548;253.579
2011-11-30;97.308;5.2;214.497;227.668
2011-12-01;100.65;4.95;202.986;210.34
2011-12-02;102.403;4.824;193.442;197.737
2011-12-05;105.993;4.575;164.704;164.871
2011-12-06;106.322;4.553;167.381;166.971
2011-12-07;104.977;4.644;181.782;182.649
2011-12-08;103.808;4.725;198.975;201.296
2011-12-09;105.268;4.624;182.219;182.949
2011-12-12;105.028;4.641;194.585;195.159
2011-12-13;105.947;4.578;193.588;192.587
2011-12-14;107.208;4.493;192.074;189.78
2011-12-15;109.105;4.368;179.031;175.095
2011-12-16;108.358;4.416;190.787;187.569
2011-12-19;107.048;4.503;193.562;191.819
2011-12-20;107.328;4.485;181.967;180.401
2011-12-21;107.665;4.462;178.449;176.683
2011-12-22;109.225;4.359;169.577;166.546
2011-12-23;110.243;4.293;164.311;160.374
2011-12-26;110.243;4.293;164.097;160.144
2011-12-27;110.745;4.261;166.15;161.71
2011-12-28;111.808;4.194;162.897;157.526
2011-12-29;111.31;4.225;166.367;161.399
2011-12-30;110.543;4.274;171.173;167.022
2012-01-02;109.098;4.367;173.073;170.224
2012-01-03;108.695;4.394;179.988;177.647
2012-01-04;107.375;4.481;185.461;184.549
2012-01-05;105.86;4.583;195.998;196.747
2012-01-06;104.93;4.647;204.346;206.026
2012-01-09;105.173;4.63;205.007;206.316
2012-01-10;106.102;4.567;199.135;199.286
2012-01-11;107.05;4.503;200.077;199.103
2012-01-12;108.863;4.382;191.754;188.785
2012-01-13;108.098;4.433;202.296;200.035
2012-01-16;109.113;4.366;195.218;191.879
2012-01-17;108.273;4.421;194.276;192.048
2012-01-18;107.59;4.467;199.137;197.654
2012-01-19;107.828;4.451;192.417;190.846
2012-01-20;108.383;4.414;182.885;181.062
2012-01-23;108.383;4.414;177.006;175.565
2012-01-24;108.27;4.421;174.54;173.194
2012-01-25;108.588;4.4;177.349;175.664
2012-01-26;109.463;4.343;177.411;174.763
2012-01-27;110.98;4.245;166.77;162.914
2012-01-30;110.655;4.266;175.106;171.317
2012-01-31;111.238;4.228;176.142;171.747
2012-02-01;112.04;4.177;168.814;163.911
2012-02-02;112.953;4.12;164.138;158.619
2012-02-03;112.865;4.126;153.833;148.928
2012-02-06;113.555;4.083;156.163;150.506
2012-02-07;112.973;4.119;153.154;148.089
2012-02-08;112.738;4.133;150.797;145.954
2012-02-09;113.197;4.105;145.444;140.454
2012-02-10;112.88;4.124;157.74;152.509
2012-02-13;113.675;4.075;149.774;144.265
2012-02-14;113.933;4.059;153.26;147.414
2012-02-15;113.345;4.095;160.238;154.56
2012-02-16;113.285;4.099;156.328;150.698
2012-02-17;112.785;4.13;155.716;150.699
2012-02-20;112.993;4.117;151.654;146.751
2012-02-21;112.798;4.129;151.342;146.616
2012-02-22;112.678;4.136;158.852;153.811
2012-02-23;112.378;4.155;163.027;158.089
2012-02-24;112.263;4.162;163.738;159.002
2012-02-27;112.34;4.158;167.718;162.777
2012-02-28;112.778;4.13;165.857;160.523
2012-02-29;113.143;4.107;162.389;156.846
2012-03-01;114.27;4.037;153.368;147.239
2012-03-02;114.775;4.006;155.621;148.978
2012-03-05;114.24;4.039;157.58;151.322
2012-03-06;113.66;4.075;158.681;153.061
2012-03-07;114.3;4.035;155.463;149.529
2012-03-08;115.265;3.976;149.357;142.698
2012-03-09;115.445;3.965;147.808;141.111
2012-03-12;115.125;3.984;151.444;144.806
2012-03-13;114.995;3.992;147.143;140.998
2012-03-14;114.292;4.035;140.752;135.401
2012-03-15;115.16;3.982;136.166;130.242
2012-03-16;115.695;3.949;126.867;120.91
2012-03-19;116.323;3.911;123.055;116.818
2012-03-20;115.822;3.941;129.103;122.87
2012-03-21;115.653;3.952;132.224;126.272
2012-03-22;115.563;3.957;136.845;130.67
2012-03-23;115.808;3.942;137.626;131.305
2012-03-26;116.658;3.891;130.721;123.821
2012-03-27;116.278;3.914;134.911;128.155
2012-03-28;116.065;3.926;139.143;132.28
2012-03-29;115.865;3.938;142.508;135.632
2012-03-30;117.08;3.865;135.429;128.086
2012-04-02;116.96;3.872;136.069;128.722
2012-04-03;116.8;3.881;134.013;127.011
2012-04-04;116.395;3.905;137.262;130.455
2012-04-05;115.275;3.973;148.406;141.891
2012-04-06;;;148.431;141.91
2012-04-09;115.275;3.973;148.472;141.949
2012-04-10;115.048;3.987;153.891;147.36
2012-04-11;115.435;3.963;149.465;142.7
2012-04-12;116.545;3.896;144.225;136.8
2012-04-13;116.385;3.905;147.625;140.165
2012-04-16;115.853;3.937;150.824;143.647
2012-04-17;115.96;3.931;147.915;140.742
2012-04-18;116.308;3.91;149.943;142.355
2012-04-19;115.423;3.963;154.269;147.145
2012-04-20;115.137;3.981;153.571;146.548
2012-04-23;114.885;3.996;153.628;147.081
2012-04-24;115.852;3.937;149.23;141.788
2012-04-25;116.125;3.92;142.402;135.363
2012-04-26;116.555;3.894;140.297;133.466
2012-04-27;116.678;3.886;141.292;134.269
2012-04-30;117.26;3.852;138.505;131.075
2012-05-01;117.292;3.85;140.994;133.499
2012-05-02;116.99;3.867;147.333;139.887
2012-05-03;117.863;3.815;143.198;135.439
2012-05-04;118.58;3.773;142.62;134.479
2012-05-07;119.313;3.73;140.297;131.554
2012-05-08;119.435;3.723;139.144;130.497
2012-05-09;118.06;3.803;149.023;140.495
2012-05-10;118.735;3.763;147.859;138.872
2012-05-11;119.26;3.732;149.989;140.321
2012-05-14;119.038;3.745;155.651;145.192
2012-05-15;118.07;3.802;168.542;157.725
2012-05-16;118.268;3.79;165.557;154.751
2012-05-17;117.59;3.83;168.624;158.722
2012-05-18;117.47;3.837;172.801;162.387
2012-05-21;117.748;3.821;172.234;161.477
2012-05-22;118.773;3.76;164.678;153.646
2012-05-23;119.025;3.745;169.726;158.61
2012-05-24;121.995;3.574;161.971;148.211
2012-05-25;121.833;3.583;164.758;150.84
2012-05-28;121.24;3.616;168.562;154.745
2012-05-29;121.6;3.596;169.892;155.577
2012-05-30;122.003;3.573;173.242;158.722
2012-05-31;124.227;3.448;171.226;154.433
2012-06-01;126.955;3.299;162.867;145.008
2012-06-04;127.04;3.294;168.025;149.029
2012-06-05;127.088;3.292;166.966;148.091
2012-06-06;126.417;3.327;162.147;143.916
2012-06-07;122.805;3.526;171.901;155.928
2012-06-08;123.387;3.494;164.191;149.264
2012-06-11;121.948;3.575;169.077;154.973
2012-06-12;119.063;3.741;186.195;171.916
2012-06-13;118.74;3.76;174.756;162.174
2012-06-14;118.965;3.746;167.223;155.719
2012-06-15;120.218;3.673;165.21;153.507
2012-06-18;119.09;3.739;177.227;164.732
2012-06-19;117.96;3.805;173.047;162.17
2012-06-20;118.098;3.797;165.618;155.117
2012-06-21;118.305;3.785;170.675;159.654
2012-06-22;118.488;3.774;171.141;159.847
2012-06-25;118.458;3.775;170.832;159.614
2012-06-26;117.833;3.812;176.727;165.767
2012-06-27;117.858;3.811;171.225;160.596
2012-06-28;117.5;3.832;173.49;163.215
2012-06-29;117.848;3.811;166.543;156.584
2012-07-02;120.005;3.684;154.658;143.646
2012-07-03;120.768;3.64;148.94;138.342
2012-07-04;120.55;3.652;153.899;143.025
2012-07-05;120.368;3.663;157.577;147.093
2012-07-06;122.623;3.534;149.891;138.078
2012-07-09;121.723;3.585;154.943;143.403
2012-07-10;122.265;3.554;153.075;141.092
2012-07-11;123.235;3.499;151.413;138.854
2012-07-12;123.745;3.47;149.003;136.316
2012-07-13;124.175;3.446;143.862;131.48
2012-07-16;125.653;3.364;136.909;124.173
2012-07-17;127.163;3.282;131.409;117.14
2012-07-18;126.805;3.301;136.384;122.874
2012-07-19;127.623;3.257;129.906;116.628
2012-07-20;127.895;3.242;131.993;118.431
2012-07-23;126.238;3.332;140.605;127.257
2012-07-24;123.275;3.495;149.747;137.834
2012-07-25;122.678;3.528;152.086;140.31
2012-07-26;123.898;3.46;143.082;131.086
2012-07-27;123.778;3.466;139.768;127.913
2012-07-30;124.253;3.44;135.327;123.954
2012-07-31;125.572;3.367;136.78;124.206
2012-08-01;125.113;3.392;132.679;120.904
2012-08-02;125.697;3.36;142.4;129.119
2012-08-03;125.863;3.351;123.53;112.137
2012-08-06;125.89;3.349;125.418;113.765
2012-08-07;125.395;3.376;119.658;109.073
2012-08-08;125.903;3.348;123.348;112.031
2012-08-09;125.943;3.345;124.755;113.274
2012-08-10;126.395;3.321;126.911;114.956
2012-08-13;125.313;3.38;132.293;119.756
2012-08-14;125.25;3.383;125.681;114.636
2012-08-15;124.693;3.413;126.132;115.261
2012-08-16;125.273;3.381;120.332;109.758
2012-08-17;125.49;3.369;124.518;113.226
2012-08-20;125.768;3.354;123.332;112.088
2012-08-21;125.67;3.359;119.027;108.512
2012-08-22;126.475;3.315;119.688;108.603
2012-08-23;127.683;3.25;118.844;107.413
2012-08-24;128.205;3.221;122.142;109.726
2012-08-27;127.76;3.245;124.374;111.993
2012-08-28;127.482;3.26;128.631;115.957
2012-08-29;126.435;3.316;132.053;119.374
2012-08-30;126.085;3.335;139.026;126.249
2012-08-31;125.538;3.365;139.645;127.262
2012-09-03;124.78;3.407;139.864;127.978
2012-09-04;124.42;3.427;140.205;128.698
2012-09-05;123.833;3.459;137.463;126.819
2012-09-06;123.447;3.481;130.907;121.125
2012-09-07;124.495;3.422;125.629;115.606
2012-09-10;123.44;3.481;130.828;121.112
2012-09-11;124.905;3.399;122.256;112.421
2012-09-12;124.805;3.404;113.765;104.945
2012-09-13;125.22;3.381;119.076;109.244
2012-09-14;123.783;3.461;113.405;104.962
2012-09-17;123.357;3.485;121.758;112.84
2012-09-18;124.352;3.429;119.189;109.811
2012-09-19;124.215;3.436;120.422;111.174
2012-09-20;124.225;3.435;127.354;117.601
2012-09-21;124.588;3.415;121.302;112.037
2012-09-24;124.925;3.396;122.995;113.402
2012-09-25;125.185;3.382;120.268;110.587
2012-09-26;126.61;3.303;119.773;109.15
2012-09-27;126.573;3.305;121.427;110.582
2012-09-28;127.0;3.282;119.018;108.286
2012-10-01;126.718;3.297;117.263;106.904
2012-10-02;126.565;3.305;116.517;106.405
2012-10-03;127.008;3.281;115.106;104.859
2012-10-04;127.345;3.263;112.165;102.033
2012-10-05;128.018;3.226;102.761;93.228
2012-10-08;128.125;3.22;108.596;98.341
2012-10-09;128.738;3.187;105.331;95.152
2012-10-10;128.82;3.183;103.823;93.77
2012-10-11;128.908;3.178;103.112;93.103
2012-10-12;129.628;3.14;102.734;92.365
2012-10-15;130.087;3.115;95.601;85.832
2012-10-16;129.205;3.162;94.312;85.082
2012-10-17;128.438;3.202;90.584;82.09
2012-10-18;128.435;3.202;93.857;84.936
2012-10-19;128.64;3.191;96.989;87.583
2012-10-22;127.645;3.244;99.948;90.776
2012-10-23;127.202;3.268;105.126;95.608
2012-10-24;126.873;3.286;107.252;97.812
2012-10-25;126.58;3.302;106.518;97.249
2012-10-26;126.605;3.3;109.926;100.352
2012-10-29;127.01;3.278;112.103;102.084
2012-10-30;127.08;3.274;109.591;99.827
2012-10-31;126.963;3.28;112.913;102.851
2012-11-01;127.428;3.255;112.655;102.359
2012-11-02;127.6;3.245;112.528;102.091
2012-11-05;127.727;3.238;114.859;104.073
2012-11-06;128.18;3.214;110.717;100.129
2012-11-07;128.903;3.175;111.278;100.298
2012-11-08;129.45;3.146;107.04;96.336
2012-11-09;129.973;3.118;107.104;96.101
2012-11-12;130.43;3.094;104.075;93.274
2012-11-13;130.818;3.073;103.735;92.758
2012-11-14;130.038;3.114;107.448;96.474
2012-11-15;129.48;3.143;110.873;99.626
2012-11-16;129.348;3.15;109.928;99.121
2012-11-19;129.585;3.137;106.932;96.306
2012-11-20;128.36;3.202;108.432;98.273
2012-11-21;127.76;3.234;110.004;99.982
2012-11-22;127.667;3.239;110.414;100.43
2012-11-23;127.778;3.233;109.356;99.427
2012-11-26;127.868;3.228;110.158;100.097
2012-11-27;128.827;3.176;103.809;93.869
2012-11-28;129.762;3.126;105.105;94.583
2012-11-29;130.175;3.104;100.548;90.311
2012-11-30;130.498;3.087;100.212;89.887
2012-12-03;130.395;3.093;98.255;88.212
2012-12-04;130.575;3.083;99.346;89.147
2012-12-05;131.012;3.06;101.092;90.46
2012-12-06;131.418;3.038;102.01;91.271
2012-12-07;131.135;3.053;103.002;92.428
2012-12-10;130.603;3.081;106.237;95.527
2012-12-11;130.793;3.071;106.256;95.433
2012-12-12;130.738;3.073;105.124;94.359
2012-12-13;130.943;3.062;102.747;92.135
2012-12-14;131.623;3.027;99.432;88.864
2012-12-17;131.035;3.057;101.424;90.929
2012-12-18;130.97;3.06;99.579;89.319
2012-12-19;132.272;2.992;90.48;80.615
2012-12-20;133.593;2.924;85.898;76.014
2012-12-21;133.625;2.922;88.194;78.126
2012-12-24;;;85.108;75.343
2012-12-27;133.89;2.908;91.491;80.815
2012-12-28;133.613;2.922;93.574;82.803
2012-12-31;133.545;2.925;93.737;82.959
2013-01-01;133.545;2.925;93.536;82.801
2013-01-02;131.595;3.025;92.952;83.145
2013-01-03;130.183;3.099;95.284;85.877
2013-01-04;129.193;3.152;95.209;86.214
2013-01-07;129.378;3.142;98.081;88.732
2013-01-08;129.375;3.142;101.316;91.645
2013-01-09;129.753;3.121;99.749;90.078
2013-01-10;129.555;3.132;91.354;82.661
2013-01-11;129.785;3.119;86.007;77.561
2013-01-14;129.947;3.111;88.594;79.867
2013-01-15;130.488;3.082;88.971;79.942
2013-01-16;130.1;3.102;94.577;85.074
2013-01-17;129.475;3.135;95.21;85.844
2013-01-18;131.058;3.051;92.212;82.329
2013-01-21;130.165;3.098;95.839;85.924
2013-01-22;130.418;3.085;94.455;84.618
2013-01-23;130.605;3.075;93.596;83.87
2013-01-24;130.4;3.085;90.912;81.615
2013-01-25;129.98;3.107;88.625;79.57
2013-01-28;129.745;3.12;86.179;77.311
2013-01-29;130.09;3.101;85.241;76.328
2013-01-30;129.73;3.12;85.205;76.415
2013-01-31;129.9;3.111;86.812;77.676
2013-02-01;129.943;3.108;84.979;76.132
2013-02-04;129.553;3.129;92.017;82.677
2013-02-05;128.99;3.159;91.334;82.326
2013-02-06;128.435;3.188;94.719;85.519
2013-02-07;128.688;3.175;95.869;86.554
2013-02-08;128.88;3.164;92.981;83.296
2013-02-11;128.553;3.182;92.192;83.449
2013-02-12;128.665;3.176;89.092;80.574
2013-02-13;128.308;3.194;86.099;78.055
2013-02-14;128.28;3.196;87.424;79.366
2013-02-15;128.18;3.201;86.978;78.993
2013-02-18;128.35;3.192;87.71;79.612
2013-02-19;128.635;3.176;87.364;78.604
2013-02-20;128.54;3.181;82.54;75.037
2013-02-21;129.27;3.142;85.013;76.849
2013-02-22;129.26;3.142;85.641;77.485
2013-02-25;129.233;3.143;85.802;77.775
2013-02-26;130.125;3.096;87.181;78.536
2013-02-27;130.153;3.094;88.299;79.498
2013-02-28;130.292;3.086;90.277;81.258
2013-03-01;131.332;3.031;88.274;79.079
2013-03-04;131.605;3.017;84.852;75.96
2013-03-05;130.923;3.053;85.332;76.641
2013-03-06;130.4;3.08;89.637;80.71
2013-03-07;130.32;3.084;86.941;77.975
2013-03-08;130.028;3.099;85.748;77.316
2013-03-11;129.678;3.118;87.902;79.459
2013-03-12;129.895;3.106;89.524;80.835
2013-03-13;130.022;3.099;89.047;80.364
2013-03-14;130.18;3.09;87.802;79.21
2013-03-15;130.355;3.081;88.622;79.698
2013-03-18;130.868;3.054;88.835;79.91
2013-03-19;131.69;3.01;90.898;81.23
2013-03-20;131.363;3.027;89.718;79.996
2013-03-21;132.098;2.989;87.899;78.422
2013-03-22;131.798;3.004;89.604;79.93
2013-03-25;131.155;3.038;95.892;85.912
2013-03-26;130.61;3.066;94.854;85.246
2013-03-27;131.22;3.033;96.103;86.014
2013-03-28;131.113;3.039;94.76;84.848
2013-03-29;131.113;3.039;94.791;84.863
2013-04-01;131.113;3.039;94.835;84.9
2013-04-02;131.228;3.033;94.919;85.046
2013-04-03;131.22;3.033;94.492;84.693
2013-04-04;132.75;2.952;90.998;81.0
2013-04-05;136.095;2.782;79.686;69.648
2013-04-08;137.275;2.723;72.35;62.827
2013-04-09;136.37;2.767;73.049;63.761
2013-04-10;134.638;2.854;77.669;68.423
2013-04-11;134.645;2.854;79.019;69.624
2013-04-12;134.645;2.854;82.078;72.341
2013-04-15;134.735;2.849;83.765;73.789
2013-04-16;134.55;2.858;82.497;72.74
2013-04-17;134.533;2.859;85.61;75.526
2013-04-18;134.553;2.857;87.76;77.404
2013-04-19;134.293;2.871;85.742;75.75
2013-04-22;135.22;2.823;84.446;74.271
2013-04-23;135.578;2.805;83.114;72.976
2013-04-24;135.735;2.796;84.121;73.756
2013-04-25;135.707;2.798;86.26;75.598
2013-04-26;135.998;2.783;87.641;76.684
2013-04-29;136.165;2.774;89.43;78.167
2013-04-30;136.845;2.74;84.478;73.589
2013-05-01;136.783;2.743;85.938;74.857
2013-05-02;137.903;2.687;81.884;71.048
2013-05-03;136.903;2.736;73.655;64.345
2013-05-06;137.175;2.723;70.46;61.479
2013-05-07;136.433;2.759;70.829;61.987
2013-05-08;136.925;2.734;70.163;61.263
2013-05-09;136.425;2.759;72.916;63.841
2013-05-10;134.255;2.869;74.628;66.016
2013-05-13;134.315;2.866;78.057;69.064
2013-05-14;134.215;2.871;77.726;68.811
2013-05-15;134.045;2.879;77.562;68.741
2013-05-16;135.16;2.822;75.895;66.913
2013-05-17;135.668;2.796;73.281;64.471
2013-05-20;135.275;2.816;68.974;60.849
2013-05-21;134.33;2.864;72.145;63.839
2013-05-22;134.298;2.865;72.99;64.675
2013-05-23;133.795;2.89;74.878;66.391
2013-05-24;133.743;2.893;77.507;68.664
2013-05-27;133.03;2.93;78.102;69.383
2013-05-28;132.318;2.967;80.112;71.505
2013-05-29;131.61;3.003;79.961;71.544
2013-05-30;130.628;3.055;86.424;77.691
2013-05-31;130.93;3.039;85.981;77.211
2013-06-03;130.508;3.061;85.83;77.205
2013-06-04;130.415;3.066;84.616;76.166
2013-06-05;130.56;3.058;85.714;77.049
2013-06-06;129.65;3.106;89.912;81.139
2013-06-07;129.35;3.122;89.735;81.029
2013-06-10;128.54;3.166;90.002;81.657
2013-06-11;128.2;3.185;91.632;82.98
2013-06-12;128.375;3.175;92.184;83.437
2013-06-13;128.468;3.169;92.998;84.195
2013-06-14;129.587;3.109;90.802;81.836
2013-06-17;129.308;3.124;91.426;82.587
2013-06-18;128.69;3.157;91.65;82.967
2013-06-19;128.605;3.161;92.116;83.435
2013-06-20;126.195;3.294;97.29;88.862
2013-06-21;125.453;3.335;96.471;88.334
2013-06-24;122.605;3.497;105.125;97.521
2013-06-25;122.678;3.493;109.089;101.149
2013-06-26;123.765;3.43;102.645;94.868
2013-06-27;125.012;3.359;98.39;90.51
2013-06-28;125.473;3.333;99.531;91.13
2013-07-01;126.13;3.296;94.156;85.958
2013-07-02;126.335;3.284;94.743;86.437
2013-07-03;126.498;3.275;97.07;88.442
2013-07-04;126.477;3.276;95.739;87.426
2013-07-05;125.79;3.314;94.796;86.851
2013-07-08;126.345;3.283;89.208;81.69
2013-07-09;126.49;3.275;91.448;83.772
2013-07-10;125.993;3.302;96.608;88.482
2013-07-11;126.0;3.302;97.955;89.747
2013-07-12;126.51;3.273;96.933;88.729
2013-07-15;126.275;3.286;99.082;90.657
2013-07-16;126.16;3.292;100.137;91.82
2013-07-17;125.993;3.301;103.07;94.549
2013-07-18;125.943;3.304;106.089;97.362
2013-07-19;125.623;3.322;107.736;99.002
2013-07-22;125.56;3.325;108.77;99.933
2013-07-23;125.808;3.311;105.25;96.443
2013-07-24;125.813;3.311;99.96;91.426
2013-07-25;125.9;3.306;95.221;87.142
2013-07-26;125.503;3.328;94.491;86.856
2013-07-29;125.74;3.314;94.916;87.041
2013-07-30;125.368;3.335;96.717;88.827
2013-07-31;126.133;3.292;91.671;83.884
2013-08-01;126.425;3.275;93.182;84.97
2013-08-02;126.915;3.248;85.676;78.169
2013-08-05;125.21;3.343;98.362;90.257
2013-08-06;124.945;3.358;95.816;88.179
2013-08-07;125.438;3.33;93.211;85.593
2013-08-08;125.673;3.316;93.369;85.56
2013-08-09;125.763;3.311;91.932;84.294
2013-08-12;125.268;3.339;95.747;87.95
2013-08-13;123.688;3.429;98.059;90.624
2013-08-14;123.753;3.425;92.153;85.346
2013-08-15;122.653;3.488;95.975;89.23
2013-08-16;122.863;3.476;90.732;84.499
2013-08-19;122.245;3.512;91.572;85.622
2013-08-20;122.683;3.486;93.522;87.286
2013-08-21;122.145;3.517;96.288;89.992
2013-08-22;121.3;3.567;94.958;89.219
2013-08-23;121.71;3.543;90.811;85.103
2013-08-26;122.128;3.518;91.771;85.787
2013-08-27;122.145;3.517;94.897;88.827
2013-08-28;121.708;3.542;99.461;93.057
2013-08-29;121.488;3.555;98.507;92.483
2013-08-30;121.623;3.547;98.027;91.928
2013-09-02;121.348;3.563;96.245;90.349
2013-09-03;120.898;3.59;97.956;92.046
2013-09-04;120.813;3.594;96.953;91.208
2013-09-05;120.042;3.64;97.59;91.824
2013-09-06;120.958;3.586;90.924;85.654
2013-09-09;119.985;3.643;99.543;94.067
2013-09-10;119.053;3.7;101.521;96.285
2013-09-11;119.658;3.663;94.324;89.502
2013-09-12;119.498;3.672;99.284;94.371
2013-09-13;119.958;3.644;98.833;93.701
2013-09-16;120.403;3.618;100.809;95.294
2013-09-17;120.718;3.599;98.805;93.107
2013-09-18;120.518;3.61;98.274;92.567
2013-09-19;121.033;3.58;101.19;95.111
2013-09-20;120.535;3.609;97.239;91.882
2013-09-23;121.13;3.574;93.809;88.519
2013-09-24;122.27;3.506;95.174;85.792
2013-09-25;122.825;3.474;93.903;87.367
2013-09-26;122.725;3.479;94.574;89.254
2013-09-27;123.133;3.456;96.172;88.946
2013-09-30;123.388;3.441;95.944;90.912
2013-10-01;123.49;3.435;95.386;88.603
2013-10-02;123.028;3.461;94.587;88.206
2013-10-03;122.73;3.478;94.498;88.366
2013-10-04;122.348;3.5;92.866;86.907
2013-10-07;122.77;3.476;89.965;84.243
2013-10-08;122.97;3.464;90.497;84.506
2013-10-09;123.143;3.454;88.849;82.911
2013-10-10;122.543;3.488;87.186;81.673
2013-10-11;122.598;3.485;88.088;82.523
2013-10-14;122.705;3.479;87.949;82.362
2013-10-15;122.025;3.518;86.994;81.792
2013-10-16;121.803;3.531;87.083;81.953
2013-10-17;122.42;3.495;88.542;83.1
2013-10-18;122.79;3.473;89.624;83.994
2013-10-21;122.53;3.488;90.055;84.508
2013-10-22;123.793;3.415;87.874;81.941
2013-10-23;124.15;3.394;88.493;82.318
2013-10-24;124.235;3.389;87.551;81.393
2013-10-25;124.448;3.376;88.08;81.739
2013-10-28;124.72;3.361;86.824;80.447
2013-10-29;124.975;3.346;86.337;79.923
2013-10-30;125.505;3.315;88.076;81.332
2013-10-31;126.06;3.284;85.683;78.975
2013-11-01;126.18;3.277;83.049;76.545
2013-11-04;126.165;3.278;84.594;77.966
2013-11-05;124.903;3.349;85.541;79.349
2013-11-06;124.553;3.369;86.173;80.141
2013-11-07;125.22;3.331;87.039;80.766
2013-11-08;124.54;3.369;83.887;78.106
2013-11-11;124.64;3.363;83.275;77.517
2013-11-12;123.68;3.419;84.476;79.106
2013-11-13;124.628;3.364;84.424;78.663
2013-11-14;125.26;3.327;84.697;78.635
2013-11-15;125.148;3.334;84.897;78.842
2013-11-18;126.015;3.284;82.298;76.062
2013-11-19;125.79;3.297;80.599;74.542
2013-11-20;125.685;3.303;81.599;75.556
2013-11-21;125.663;3.304;81.864;75.789
2013-11-22;126.213;3.272;79.293;73.158
2013-11-25;126.41;3.261;80.808;74.464
2013-11-26;126.755;3.242;82.301;75.696
2013-11-27;126.285;3.268;80.668;74.4
2013-11-28;126.563;3.252;81.216;74.761
2013-11-29;126.965;3.229;79.44;72.961
2013-12-02;126.883;3.234;76.096;69.915
2013-12-03;127.528;3.197;75.006;68.669
2013-12-04;126.52;3.254;72.693;66.932
2013-12-05;126.48;3.256;69.874;64.317
2013-12-06;126.63;3.247;70.498;64.818
2013-12-09;126.745;3.24;69.038;63.431
2013-12-10;126.96;3.228;69.455;63.732
2013-12-11;127.328;3.207;69.228;63.37
2013-12-12;127.158;3.217;70.44;64.512
2013-12-13;127.477;3.199;71.046;64.925
2013-12-16;127.308;3.208;70.918;64.866
2013-12-17;127.258;3.211;72.691;66.502
2013-12-18;127.138;3.217;70.709;64.707
2013-12-19;126.852;3.233;68.705;63.029
2013-12-20;126.755;3.238;69.887;64.108
2013-12-23;126.35;3.26;69.885;64.249
2013-12-24;126.227;3.267;71.738;65.976
2013-12-25;126.227;3.267;70.89;65.212
2013-12-26;126.227;3.267;71.163;65.447
2013-12-27;125.053;3.334;71.105;65.822
2013-12-30;125.225;3.324;72.772;67.283
2013-12-31;125.178;3.326;73.046;67.561
2014-01-01;125.178;3.326;73.14;67.634
2014-01-02;125.133;3.329;71.343;66.019
2014-01-03;124.968;3.338;72.359;67.035
2014-01-06;125.123;3.329;74.369;68.848
2014-01-07;125.648;3.299;72.708;67.099
2014-01-08;125.458;3.309;69.72;64.421
2014-01-09;124.368;3.372;73.406;68.288
2014-01-10;125.175;3.325;73.299;67.957
2014-01-13;125.535;3.305;73.086;67.65
2014-01-14;126.148;3.27;70.004;64.573
2014-01-15;126.06;3.274;69.583;64.174
2014-01-16;126.698;3.238;69.031;63.508
2014-01-17;127.43;3.197;68.111;62.413
2014-01-20;127.838;3.174;68.016;62.197
2014-01-21;127.795;3.176;68.817;62.94
2014-01-22;127.262;3.205;70.306;64.437
2014-01-23;127.693;3.181;72.595;66.35
2014-01-24;128.517;3.135;71.96;65.474
2014-01-27;128.808;3.119;70.199;63.75
2014-01-28;128.78;3.12;69.659;63.279
2014-01-29;129.092;3.103;70.105;63.576
2014-01-30;129.42;3.085;69.736;63.158
2014-01-31;130.572;3.022;67.492;60.801
2014-02-03;130.793;3.009;66.953;60.239
2014-02-04;130.262;3.038;70.614;63.718
2014-02-05;130.293;3.036;72.024;64.966
2014-02-06;129.337;3.088;72.131;65.354
2014-02-07;129.835;3.061;71.888;65.022
2014-02-10;128.995;3.107;74.466;67.638
2014-02-11;128.925;3.11;74.7;67.885
2014-02-12;128.705;3.122;73.936;67.269
2014-02-13;129.15;3.097;75.187;68.264
2014-02-14;129.063;3.102;74.354;67.534
2014-02-17;128.968;3.107;73.65;66.967
2014-02-18;129.278;3.09;72.947;66.251
2014-02-19;129.202;3.094;73.957;67.199
2014-02-20;128.488;3.133;74.586;68.028
2014-02-21;129.123;3.098;72.372;65.795
2014-02-24;128.79;3.116;72.459;66.0
2014-02-25;129.56;3.073;72.193;65.461
2014-02-26;130.233;3.036;72.208;65.219
2014-02-27;131.44;2.971;70.367;63.176
2014-02-28;130.57;3.018;70.454;63.471
2014-03-03;131.813;2.95;69.662;62.379
2014-03-04;131.335;2.976;68.649;61.637
2014-03-05;131.3;2.977;67.177;60.354
2014-03-06;130.385;3.027;68.493;61.802
2014-03-07;130.293;3.032;67.597;61.011
2014-03-10;130.09;3.043;71.345;64.49
2014-03-11;129.668;3.066;70.953;64.327
2014-03-12;130.0;3.047;72.807;65.912
2014-03-13;130.868;2.999;73.24;66.004
2014-03-14;131.18;2.982;70.405;63.353
2014-03-17;131.045;2.99;69.135;62.253
2014-03-18;131.255;2.978;68.03;61.191
2014-03-19;130.568;3.015;69.404;62.627
2014-03-20;130.452;3.021;66.662;60.143
2014-03-21;131.158;2.982;64.365;57.845
2014-03-24;131.883;2.943;65.257;58.447
2014-03-25;131.568;2.96;68.287;61.27
2014-03-26;131.683;2.953;68.746;61.661
2014-03-27;132.03;2.934;69.268;62.047
2014-03-28;132.135;2.929;68.32;61.14
2014-03-31;131.798;2.947;69.152;61.967
2014-04-01;131.338;2.971;71.474;64.191
2014-04-02;130.785;3.001;70.296;63.29
2014-04-03;131.16;2.98;68.489;61.616
2014-04-04;132.365;2.915;66.551;59.568
2014-04-07;132.078;2.93;69.029;61.899
2014-04-08;131.73;2.949;68.58;61.581
2014-04-09;131.32;2.971;69.465;62.455
2014-04-10;132.258;2.92;69.785;62.445
2014-04-11;132.52;2.906;70.427;62.899
2014-04-14;132.353;2.914;69.365;62.023
2014-04-15;133.46;2.854;68.607;61.025
2014-04-16;133.483;2.853;66.966;59.551
2014-04-17;133.1;2.873;66.671;59.374
2014-04-18;133.1;2.873;65.372;58.165
2014-04-21;133.1;2.873;65.475;58.265
2014-04-22;132.828;2.887;66.693;59.456
2014-04-23;132.918;2.882;67.034;59.712
2014-04-24;132.955;2.88;66.483;59.184
2014-04-25;133.625;2.844;68.319;60.571
2014-04-28;133.243;2.864;69.246;61.513
2014-04-29;133.033;2.875;69.667;61.992
2014-04-30;134.088;2.819;65.781;58.24
2014-05-01;134.088;2.819;65.158;57.69
2014-05-02;134.578;2.793;64.308;56.805
2014-05-05;134.393;2.802;63.653;56.281
2014-05-06;134.615;2.79;62.359;55.065
2014-05-07;134.418;2.8;63.141;55.779
2014-05-08;135.088;2.765;60.543;53.409
2014-05-09;134.633;2.788;60.569;53.584
2014-05-12;134.288;2.806;62.297;55.22
2014-05-13;134.753;2.782;64.876;57.406
2014-05-14;136.105;2.711;63.182;55.538
2014-05-15;136.983;2.665;66.068;57.791
2014-05-16;136.448;2.692;65.417;57.353
2014-05-19;136.073;2.712;66.245;58.164
2014-05-20;135.378;2.748;69.155;60.941
2014-05-21;135.213;2.756;67.996;59.957
2014-05-22;135.753;2.727;67.246;59.121
2014-05-23;135.728;2.728;65.583;57.702
2014-05-26;135.495;2.74;66.35;58.463
2014-05-27;136.188;2.704;65.898;57.857
2014-05-28;137.423;2.64;64.835;56.586
2014-05-29;137.088;2.657;64.58;56.47
2014-05-30;136.523;2.686;65.923;57.795
2014-06-02;136.358;2.694;65.793;57.744
2014-06-03;135.608;2.733;66.816;58.857
2014-06-04;135.213;2.753;66.967;59.11
2014-06-05;136.038;2.71;64.267;56.558
2014-06-06;137.278;2.646;60.517;53.053
2014-06-09;137.398;2.639;57.918;50.735
2014-06-10;136.493;2.686;60.589;53.287
2014-06-11;136.273;2.696;60.94;53.662
2014-06-12;135.675;2.727;63.238;55.908
2014-06-13;136.195;2.7;63.692;56.115
2014-06-16;136.293;2.695;65.677;57.813
2014-06-17;135.508;2.736;66.748;58.966
2014-06-18;136.015;2.709;66.921;58.952
2014-06-19;137.233;2.645;64.817;56.802
2014-06-20;136.658;2.675;64.902;57.042
2014-06-23;136.943;2.66;65.187;57.222
2014-06-24;137.335;2.639;63.225;55.393
2014-06-25;138.528;2.578;62.795;54.667
2014-06-26;139.033;2.552;62.557;54.313
2014-06-27;138.835;2.562;62.411;54.217
2014-06-30;139.095;2.548;63.161;54.792
2014-07-01;138.81;2.563;63.367;55.091
2014-07-02;137.95;2.606;63.212;55.161
2014-07-03;138.253;2.59;60.196;52.476
2014-07-04;138.675;2.569;59.616;51.879
2014-07-07;138.735;2.565;60.003;52.211
2014-07-08;139.688;2.517;58.916;51.016
2014-07-09;139.498;2.526;58.816;50.984
2014-07-10;139.962;2.502;60.662;52.41
2014-07-11;139.98;2.501;60.768;52.486
2014-07-14;139.868;2.507;61.0;52.708
2014-07-15;140.295;2.485;60.521;52.167
2014-07-16;141.017;2.448;59.09;50.736
2014-07-17;141.892;2.405;58.785;50.247
2014-07-18;142.087;2.395;58.491;49.924
2014-07-21;142.488;2.375;57.523;49.007
2014-07-22;142.365;2.381;55.705;47.488
2014-07-23;143.013;2.348;53.125;45.173
2014-07-24;142.425;2.377;52.656;44.894
2014-07-25;142.955;2.351;53.768;45.725
2014-07-28;143.243;2.336;55.127;46.771
2014-07-29;144.215;2.289;53.938;45.518
2014-07-30;143.108;2.342;51.717;43.914
2014-07-31;143.18;2.338;51.864;44.039
2014-08-01;143.248;2.335;53.222;45.177
2014-08-04;143.37;2.329;52.287;44.355
2014-08-05;142.545;2.369;53.383;45.45
2014-08-06;143.565;2.318;55.864;47.29
2014-08-07;144.41;2.277;56.31;47.459
2014-08-08;145.155;2.241;52.773;44.306
2014-08-11;144.723;2.261;53.731;45.219
2014-08-12;144.538;2.27;53.471;45.074
2014-08-13;144.89;2.252;54.382;45.781
2014-08-14;145.63;2.217;53.272;44.657
2014-08-15;147.18;2.143;54.752;45.531
2014-08-18;145.53;2.221;57.314;48.021
2014-08-19;146.11;2.193;57.482;48.013
2014-08-20;146.665;2.166;58.677;48.859
2014-08-21;146.718;2.163;58.658;48.824
2014-08-22;147.215;2.139;57.881;48.062
2014-08-25;148.158;2.095;53.443;44.175
2014-08-26;148.998;2.055;53.792;44.363
2014-08-27;149.403;2.036;54.788;45.105
2014-08-28;149.868;2.014;57.301;47.006
2014-08-29;149.428;2.034;57.348;47.169
2014-09-01;148.978;2.055;60.178;49.588
2014-09-02;147.517;2.123;59.396;49.355
2014-09-03;146.915;2.151;58.753;49.004
2014-09-04;146.863;2.153;51.39;43.028
2014-09-05;147.873;2.105;51.672;43.037
2014-09-08;147.373;2.128;52.36;43.728
2014-09-09;146.035;2.192;52.22;43.877
2014-09-10;145.758;2.204;52.882;44.475
2014-09-11;145.13;2.234;57.813;48.751
2014-09-12;144.52;2.263;56.122;47.475
2014-09-15;144.39;2.27;55.936;47.335
2014-09-16;143.538;2.311;60.653;51.576
2014-09-17;144.105;2.282;57.648;48.913
2014-09-18;143.478;2.313;57.797;49.154
2014-09-19;144.653;2.255;55.191;46.711
2014-09-22;145.573;2.211;51.819;43.661
2014-09-23;146.098;2.185;52.697;44.27
2014-09-24;146.38;2.171;51.523;43.235
2014-09-25;146.685;2.156;52.082;43.671
2014-09-26;147.765;2.105;47.587;39.676
2014-09-29;147.96;2.096;46.814;38.992
2014-09-30;148.243;2.082;46.481;38.694
2014-10-01;149.207;2.036;46.547;38.581
2014-10-02;149.125;2.04;47.292;39.191
2014-10-03;149.015;2.045;46.042;38.142
2014-10-06;149.315;2.031;45.066;37.28
2014-10-07;149.025;2.044;45.171;37.456
2014-10-08;149.275;2.032;44.111;36.533
2014-10-09;149.405;2.025;42.713;35.367
2014-10-10;149.523;2.019;44.096;36.467
2014-10-13;148.878;2.049;48.553;40.27
2014-10-14;150.51;1.973;46.951;38.622
2014-10-15;152.22;1.895;48.809;39.793
2014-10-16;149.45;2.021;52.811;43.559
2014-10-17;148.03;2.088;56.363;46.813
2014-10-20;147.66;2.105;58.038;48.277
2014-10-21;147.945;2.091;53.363;44.367
2014-10-22;148.123;2.083;52.648;43.75
2014-10-23;147.655;2.104;51.29;42.72
2014-10-24;147.63;2.105;53.801;44.789
2014-10-27;148.325;2.072;49.66;41.232
2014-10-28;148.713;2.053;52.193;43.219
2014-10-29;148.59;2.059;50.404;41.776
2014-10-30;149.64;2.009;51.031;42.071
2014-10-31;150.48;1.97;45.222;37.2
2014-11-03;149.51;2.015;51.797;42.769
2014-11-04;150.43;1.972;50.37;41.439
2014-11-05;149.683;2.006;51.076;42.169
2014-11-06;149.503;2.014;52.078;43.038
2014-11-07;149.783;2.0;53.42;44.061
2014-11-10;149.96;1.992;52.057;42.909
2014-11-11;150.25;1.978;51.07;42.028
2014-11-12;150.368;1.972;53.045;43.624
2014-11-13;150.508;1.965;54.297;44.63
2014-11-14;151.245;1.931;52.988;43.44
2014-11-17;151.135;1.936;53.346;43.705
2014-11-18;151.075;1.938;50.753;41.595
2014-11-19;150.093;1.983;49.876;41.048
2014-11-20;151.033;1.939;51.201;41.972
2014-11-21;151.638;1.911;51.749;42.289
2014-11-24;151.598;1.913;51.867;42.397
2014-11-25;152.663;1.864;49.034;39.906
2014-11-26;153.178;1.84;48.013;38.978
2014-11-27;154.543;1.778;46.549;37.527
2014-11-28;155.33;1.742;41.721;33.533
2014-12-01;154.903;1.761;45.245;36.422
2014-12-02;154.325;1.787;41.652;33.607
2014-12-03;153.975;1.802;40.673;32.887
2014-12-04;153.587;1.819;40.056;32.443
2014-12-05;153.767;1.811;38.13;30.85
2014-12-08;155.128;1.749;31.201;25.125
2014-12-09;155.64;1.726;40.195;32.221
2014-12-10;155.948;1.712;41.308;33.029
2014-12-11;156.368;1.693;39.723;31.701
2014-12-12;157.793;1.63;41.958;33.236
2014-12-15;157.705;1.633;42.595;33.753
2014-12-16;158.615;1.594;41.475;32.693
2014-12-17;158.51;1.598;42.935;33.847
2014-12-18;157.388;1.646;42.51;33.734
2014-12-19;157.093;1.659;44.79;35.613
2014-12-22;157.133;1.657;44.607;35.463
2014-12-23;157.073;1.658;44.167;35.126
2014-12-24;157.185;1.653;43.485;34.552
2014-12-25;157.185;1.653;43.625;34.668
2014-12-26;157.185;1.653;43.41;34.511
2014-12-29;157.957;1.618;39.224;31.076
2014-12-30;158.147;1.61;47.8;37.791
2014-12-31;158.09;1.611;47.312;37.416
2015-01-01;158.09;1.611;46.269;36.582
2015-01-02;159.298;1.558;49.32;38.805
2015-01-05;159.313;1.557;48.806;38.396
2015-01-06;162.315;1.429;47.789;36.991
2015-01-07;161.13;1.479;46.967;36.558
2015-01-08;160.71;1.496;43.804;34.187
2015-01-09;161.363;1.468;44.2;34.389
2015-01-12;162.283;1.428;37.639;29.189
2015-01-13;162.933;1.401;38.201;29.518
2015-01-14;165.273;1.303;30.395;23.275
2015-01-15;164.71;1.325;32.226;24.769
2015-01-16;165.728;1.283;27.956;21.405
2015-01-19;165.698;1.284;26.8;20.523
2015-01-20;165.598;1.287;28.12;21.529
2015-01-21;164.655;1.326;21.522;16.555
2015-01-22;166.78;1.238;16.468;12.574
2015-01-23;169.008;1.147;13.821;10.463
2015-01-26;168.418;1.17;17.226;13.06
2015-01-27;168.493;1.167;11.045;8.381
2015-01-28;168.933;1.149;12.566;9.517
2015-01-29;167.975;1.187;13.756;10.439
2015-01-30;170.358;1.091;11.918;8.946
2015-02-02;170.76;1.074;10.116;7.594
2015-02-03;170.133;1.099;8.228;6.182
2015-02-04;170.138;1.098;6.468;4.861
2015-02-05;170.18;1.096;8.391;6.301
2015-02-06;169.12;1.138;13.88;10.474
2015-02-09;168.758;1.152;16.543;12.497
2015-02-10;168.115;1.178;20.037;15.157
2015-02-11;168.803;1.15;18.023;13.606
2015-02-12;170.263;1.09;14.59;10.94
2015-02-13;169.978;1.101;12.021;9.026
2015-02-16;169.545;1.118;13.333;10.037
2015-02-17;168.938;1.142;13.515;10.213
2015-02-18;168.375;1.165;12.007;9.105
2015-02-19;167.65;1.193;15.023;11.408
2015-02-20;167.905;1.182;13.566;10.303
2015-02-23;168.325;1.165;8.049;6.122
2015-02-24;168.52;1.157;12.753;9.671
2015-02-25;169.885;1.101;10.916;8.217
2015-02-26;171.138;1.05;7.396;5.564
2015-02-27;170.513;1.075;5.759;4.344
2015-03-02;170.043;1.093;8.995;6.771
2015-03-03;169.428;1.118;11.662;8.799
2015-03-04;169.628;1.109;8.553;6.442
2015-03-05;170.743;1.064;7.026;5.279
2015-03-06;169.99;1.093;0.658;0.502
2015-03-09;172.195;1.005;-11.388;-8.47
2015-03-10;175.298;0.884;-19.163;-14.088
2015-03-11;177.07;0.816;-5.299;-3.847
2015-03-12;176.963;0.819;-5.543;-4.03
2015-03-13;176.79;0.825;-9.326;-6.781
2015-03-16;176.498;0.836;-6.146;-4.465
2015-03-17;175.255;0.883;4.792;3.521
2015-03-18;176.445;0.837;4.537;3.313
2015-03-19;177.11;0.811;6.464;4.707
2015-03-20;177.27;0.804;5.811;4.225
2015-03-23;175.94;0.855;13.443;9.832
2015-03-24;175.635;0.866;9.388;6.878
2015-03-25;176.027;0.851;9.589;7.016
2015-03-26;175.88;0.855;9.988;7.313
2015-03-27;175.753;0.86;11.047;8.085
2015-03-30;175.49;0.869;12.226;8.951
2015-03-31;176.235;0.84;14.772;10.77
2015-04-01;176.468;0.83;13.24;9.646
2015-04-02;175.267;0.875;13.432;9.832
2015-04-03;175.267;0.875;14.778;10.814
2015-04-06;175.267;0.875;14.779;10.814
2015-04-07;174.813;0.893;15.754;11.546
2015-04-08;174.85;0.891;18.882;13.844
2015-04-09;174.777;0.893;20.264;14.859
2015-04-10;175.543;0.863;15.817;11.587
2015-04-13;175.853;0.85;13.396;9.808
2015-04-14;176.777;0.814;13.082;9.534
2015-04-15;178.255;0.758;10.498;7.621
2015-04-16;178.445;0.749;11.794;8.552
2015-04-17;178.045;0.764;15.773;11.436
2015-04-20;178.553;0.745;13.316;9.642
2015-04-21;178.055;0.763;13.238;9.601
2015-04-22;176.885;0.807;12.448;9.053
2015-04-23;176.423;0.824;14.879;10.852
2015-04-24;175.993;0.84;17.927;13.1
2015-04-27;175.823;0.846;19.083;13.95
2015-04-28;175.587;0.855;17.072;12.509
2015-04-29;171.373;1.019;22.382;16.662
2015-04-30;169.618;1.089;22.976;17.205
2015-05-01;169.57;1.091;26.003;19.469
2015-05-04;167.238;1.186;36.879;27.866
2015-05-05;164.565;1.296;25.216;19.29
2015-05-06;161.543;1.424;31.846;24.684
2015-05-07;162.498;1.383;31.342;24.16
2015-05-08;163.76;1.329;29.097;22.339
2015-05-11;161.705;1.416;39.964;30.913
2015-05-12;159.728;1.501;32.577;25.45
2015-05-13;158.608;1.55;31.265;24.586
2015-05-14;158.788;1.541;30.567;24.028
2015-05-15;161.008;1.444;27.804;21.629
2015-05-18;159.883;1.493;32.503;25.378
2015-05-19;161.955;1.403;26.2;20.284
2015-05-20;161.018;1.443;23.848;18.566
2015-05-21;160.665;1.457;22.27;17.376
2015-05-22;161.185;1.434;22.174;17.26
2015-05-25;161.013;1.441;22.45;17.49
2015-05-26;162.135;1.393;23.051;17.853
2015-05-27;162.0;1.398;21.592;16.74
2015-05-28;162.288;1.385;22.783;17.643
2015-05-29;163.52;1.332;21.966;16.928
2015-06-01;162.17;1.389;28.88;22.357
2015-06-02;158.503;1.548;26.923;21.181
2015-06-03;155.125;1.699;24.117;19.243
2015-06-04;155.768;1.669;24.75;19.714
2015-06-05;154.85;1.711;28.014;22.398
2015-06-08;153.72;1.762;33.993;27.311
2015-06-09;152.025;1.84;26.302;21.321
2015-06-10;150.87;1.894;28.774;23.444
2015-06-11;153.133;1.787;28.05;22.614
2015-06-12;153.31;1.779;31.503;25.368
2015-06-15;151.988;1.84;35.866;29.048
2015-06-16;152.402;1.82;37.665;30.436
2015-06-17;152.603;1.811;36.196;29.221
2015-06-18;153.315;1.777;31.866;25.659
2015-06-19;154.13;1.739;32.64;26.185
2015-06-22;151.783;1.848;45.955;37.209
2015-06-23;151.828;1.845;29.323;23.823
2015-06-24;152.008;1.837;30.987;25.154
2015-06-25;151.522;1.858;30.736;25.02
2015-06-26;149.642;1.947;33.848;27.787
2015-06-29;150.858;1.889;26.88;21.944
2015-06-30;151.585;1.855;36.773;29.925
2015-07-01;150.013;1.928;38.258;31.385
2015-07-02;148.765;1.987;38.457;31.745
2015-07-03;150.26;1.916;37.087;30.406
2015-07-06;150.207;1.918;43.81;35.903
2015-07-07;152.957;1.789;41.044;33.17
2015-07-08;153.705;1.754;36.442;29.356
2015-07-09;152.585;1.805;37.024;29.978
2015-07-10;149.825;1.934;31.873;26.171
2015-07-13;149.553;1.947;33.207;27.294
2015-07-14;150.267;1.913;32.423;26.606
2015-07-15;152.275;1.818;30.075;24.457
2015-07-16;152.683;1.798;26.399;21.423
2015-07-17;154.448;1.717;23.228;18.708
2015-07-20;155.473;1.67;20.958;16.81
2015-07-21;154.3;1.723;24.879;20.051
2015-07-22;155.2;1.681;25.797;20.697
2015-07-23;155.653;1.66;23.547;18.865
2015-07-24;157.285;1.586;21.279;16.914
2015-07-27;157.142;1.592;23.828;18.932
2015-07-28;157.095;1.594;23.075;18.336
2015-07-29;156.173;1.635;23.414;18.7
2015-07-30;157.8;1.561;21.492;17.043
2015-07-31;158.043;1.55;24.05;19.032
2015-08-03;157.712;1.564;26.113;20.694
2015-08-04;156.825;1.604;27.849;22.144
2015-08-05;153.92;1.736;29.509;23.8
2015-08-06;154.918;1.689;29.839;23.944
2015-08-07;155.515;1.662;32.371;25.914
2015-08-10;154.853;1.692;31.49;25.27
2015-08-11;156.69;1.608;31.586;25.125
2015-08-12;156.835;1.601;32.466;25.807
2015-08-13;156.353;1.622;32.992;26.288
2015-08-14;155.885;1.643;31.949;25.505
2015-08-17;156.683;1.606;30.957;24.615
2015-08-18;156.025;1.636;32.273;25.755
2015-08-19;156.43;1.617;32.577;25.952
2015-08-20;156.973;1.592;34.593;27.476
2015-08-21;157.098;1.586;37.797;29.98
2015-08-24;156.468;1.614;38.236;30.406
2015-08-25;153.178;1.764;39.908;32.208
2015-08-26;154.248;1.715;38.137;30.635
2015-08-27;153.385;1.754;37.757;30.484
2015-08-28;153.55;1.746;36.799;29.68
2015-08-31;152.098;1.813;38.538;31.276
2015-09-01;152.093;1.813;37.236;30.228
2015-09-02;152.775;1.781;35.14;28.46
2015-09-03;153.832;1.731;34.419;27.766
2015-09-04;155.12;1.671;34.427;27.601
2015-09-07;153.813;1.731;39.928;32.203
2015-09-08;153.86;1.729;38.621;31.15
2015-09-09;154.383;1.704;31.807;25.603
2015-09-10;154.603;1.693;31.277;25.158
2015-09-11;154.543;1.696;35.611;28.653
2015-09-14;154.558;1.695;34.441;27.715
2015-09-15;152.707;1.78;33.115;26.892
2015-09-16;152.105;1.808;34.019;27.681
2015-09-17;152.293;1.798;32.292;26.24
2015-09-18;155.263;1.661;28.597;22.951
2015-09-21;154.47;1.697;29.148;23.463
2015-09-22;156.443;1.606;27.923;22.291
2015-09-23;156.313;1.612;28.443;22.714
2015-09-24;156.378;1.608;29.062;23.193
2015-09-25;155.13;1.665;29.098;23.378
2015-09-28;156.233;1.614;29.68;23.718
2015-09-29;156.635;1.595;27.588;22.0
2015-09-30;156.623;1.596;26.417;21.081
2015-10-01;157.538;1.553;26.957;21.45
2015-10-02;158.445;1.512;26.839;21.246
2015-10-05;156.755;1.588;27.902;22.259
2015-10-06;155.903;1.626;28.754;23.027
2015-10-07;156.133;1.616;28.746;22.986
2015-10-08;156.32;1.606;28.378;22.666
2015-10-09;155.745;1.632;26.639;21.355
2015-10-12;156.517;1.597;27.677;22.093
2015-10-13;156.32;1.605;26.356;21.069
2015-10-14;157.19;1.566;26.077;20.79
2015-10-15;156.953;1.575;26.7;21.301
2015-10-16;157.295;1.56;24.758;19.732
2015-10-19;156.838;1.58;25.035;19.994
2015-10-20;155.51;1.64;26.801;21.529
2015-10-21;157.215;1.562;24.523;19.553
2015-10-22;159.098;1.477;18.625;14.749
2015-10-23;158.653;1.496;18.911;15.002
2015-10-26;158.82;1.489;20.654;16.377
2015-10-27;160.158;1.429;20.943;16.52
2015-10-28;160.525;1.412;20.443;16.091
2015-10-29;158.74;1.491;18.73;14.852
2015-10-30;158.965;1.48;18.692;14.81
2015-11-02;157.353;1.552;22.506;17.961
2015-11-03;156.808;1.577;22.821;18.265
2015-11-04;156.178;1.605;23.394;18.772
2015-11-05;155.588;1.631;27.201;21.895
2015-11-06;153.933;1.707;28.742;23.285
2015-11-09;153.61;1.722;35.56;28.871
2015-11-10;154.485;1.681;30.735;24.891
2015-11-11;154.82;1.665;29.829;24.128
2015-11-12;155.053;1.654;28.766;23.239
2015-11-13;155.965;1.611;28.45;22.875
2015-11-16;156.438;1.59;26.831;21.539
2015-11-17;156.323;1.594;28.665;23.017
2015-11-18;157.055;1.561;28.206;22.575
2015-11-19;157.67;1.532;28.964;23.11
2015-11-20;158.065;1.514;30.229;24.063
2015-11-23;157.013;1.561;31.971;25.587
2015-11-24;157.265;1.549;29.934;23.929
2015-11-25;157.873;1.522;28.842;23.012
2015-11-26;157.892;1.52;27.892;22.253
2015-11-27;158.158;1.508;27.16;21.642
2015-11-30;157.51;1.536;28.324;22.653
2015-12-01;157.08;1.556;31.335;25.118
2015-12-02;157.408;1.54;29.898;23.939
2015-12-03;153.707;1.71;33.598;27.244
2015-12-04;153.62;1.713;33.225;26.962
2015-12-07;156.015;1.602;29.812;23.932
2015-12-08;157.022;1.556;25.92;20.734
2015-12-09;156.105;1.598;27.447;22.024
2015-12-10;156.55;1.576;26.247;21.047
2015-12-11;157.155;1.548;27.685;22.135
2015-12-14;155.608;1.619;32.159;25.862
2015-12-15;154.503;1.67;31.769;25.669
2015-12-16;153.59;1.712;32.562;26.389
2015-12-17;155.138;1.639;32.421;26.106
2015-12-18;156.19;1.59;33.607;26.906
2015-12-21;156.085;1.595;30.825;24.695
2015-12-22;154.647;1.661;31.68;25.558
2015-12-23;153.525;1.712;33.883;27.467
2015-12-24;153.228;1.726;36.13;29.312
2015-12-25;153.228;1.726;36.045;29.247
2015-12-28;155.245;1.631;33.379;26.842
2015-12-29;152.85;1.743;37.2;30.255
2015-12-30;153.098;1.73;34.338;27.906
2015-12-31;153.098;1.73;;
2016-01-01;153.098;1.73;;
2016-01-04;154.025;1.686;36.646;29.652
2016-01-05;154.345;1.671;37.838;30.602
2016-01-06;155.033;1.638;37.564;30.306
2016-01-07;154.14;1.679;37.946;30.732
2016-01-08;154.99;1.639;36.865;29.747
2016-01-11;154.402;1.666;39.42;31.867
2016-01-12;154.9;1.643;40.386;32.55
2016-01-13;155.835;1.599;38.356;30.773
2016-01-14;155.195;1.628;38.691;31.157
2016-01-15;155.683;1.605;38.388;30.838
2016-01-18;155.707;1.604;37.214;29.912
2016-01-19;155.723;1.602;36.881;29.643
2016-01-20;156.848;1.551;39.41;31.515
2016-01-21;157.703;1.511;38.103;30.365
2016-01-22;156.94;1.545;37.432;29.964
2016-01-25;157.36;1.526;37.413;29.874
2016-01-26;158.248;1.485;35.589;28.303
2016-01-27;158.558;1.471;34.681;27.534
2016-01-28;159.01;1.449;37.022;29.324
2016-01-29;161.45;1.34;33.045;25.909
2016-02-01;160.87;1.366;35.59;27.952
2016-02-02;161.42;1.341;35.785;28.057
2016-02-03;162.653;1.286;35.921;27.981
2016-02-04;162.078;1.311;34.994;27.326
2016-02-05;162.05;1.311;36.515;28.506
2016-02-08;163.3;1.256;40.319;31.255
2016-02-09;162.483;1.292;43.059;33.466
2016-02-10;162.113;1.308;42.611;33.19
2016-02-11;162.883;1.273;45.055;34.939
2016-02-12;161.565;1.33;43.716;34.093
2016-02-15;162.05;1.309;44.364;34.537
2016-02-16;161.18;1.347;45.307;35.429
2016-02-17;161.553;1.33;43.944;34.303
2016-02-18;163.413;1.247;40.915;31.688
2016-02-19;163.855;1.228;39.616;30.618
2016-02-22;164.933;1.181;38.304;29.467
2016-02-23;164.97;1.179;38.714;29.763
2016-02-24;165.345;1.162;40.574;31.121
2016-02-25;165.335;1.162;39.382;30.234
2016-02-26;165.205;1.167;37.576;28.894
2016-02-29;165.523;1.153;39.994;30.737
2016-03-01;164.228;1.208;41.022;31.702
2016-03-02;162.498;1.284;41.198;32.093
2016-03-03;163.22;1.251;41.684;32.407
2016-03-04;162.5;1.282;39.001;30.386
2016-03-07;162.73;1.272;36.979;28.815
2016-03-08;164.138;1.21;33.771;26.159
2016-03-09;163.078;1.256;32.545;25.323
2016-03-10;161.885;1.307;33.259;25.965
2016-03-11;163.538;1.234;27.359;21.238
2016-03-14;163.64;1.229;25.966;20.149
2016-03-15;162.623;1.274;28.654;22.32
2016-03-16;163.142;1.25;27.35;21.263
2016-03-17;165.23;1.159;26.724;20.592
2016-03-18;165.758;1.136;25.682;19.744
2016-03-21;165.388;1.151;24.015;18.504
2016-03-22;165.92;1.128;23.639;18.164
2016-03-23;165.94;1.125;24.967;19.177
2016-03-24;166.373;1.106;24.058;18.43
2016-03-25;166.373;1.106;23.183;17.767
2016-03-28;166.373;1.106;24.269;18.591
2016-03-29;167.908;1.041;20.949;15.968
2016-03-30;167.743;1.047;19.502;14.878
2016-03-31;167.783;1.045;19.492;14.864
2016-04-01;168.418;1.017;18.923;14.38
2016-04-04;168.593;1.01;18.749;14.231
2016-04-05;169.12;0.987;20.336;15.4
2016-04-06;168.198;1.026;21.708;16.513
2016-04-07;168.505;1.011;23.365;17.739
2016-04-08;167.995;1.033;23.905;18.204
2016-04-11;166.61;1.091;28.51;21.826
2016-04-12;164.71;1.172;31.706;24.474
2016-04-13;166.308;1.103;28.348;21.724
2016-04-14;165.173;1.151;29.603;22.806
2016-04-15;166.21;1.106;29.325;22.495
2016-04-18;165.608;1.131;28.322;21.793
2016-04-19;165.18;1.15;28.29;21.824
2016-04-20;165.633;1.13;28.089;21.625
2016-04-21;163.848;1.206;27.195;21.09
2016-04-22;163.295;1.23;29.314;22.809
2016-04-25;161.923;1.29;32.474;25.395
2016-04-26;161.358;1.315;30.612;23.999
2016-04-27;160.705;1.344;34.614;27.22
2016-04-28;161.705;1.298;31.424;24.605
2016-04-29;161.74;1.296;30.1;23.563
2016-05-02;162.493;1.262;27.371;21.366
2016-05-03;164.23;1.186;26.923;20.856
2016-05-04;164.142;1.189;26.602;20.617
2016-05-05;164.892;1.155;27.636;21.354
2016-05-06;164.925;1.154;29.518;22.791
2016-05-09;165.358;1.134;29.663;22.859
2016-05-10;165.175;1.142;31.214;24.075
2016-05-11;165.5;1.128;27.825;21.451
2016-05-12;164.84;1.155;27.304;21.111
2016-05-13;166.103;1.1;24.943;19.171
2016-05-16;165.613;1.121;25.651;19.764
2016-05-17;165.897;1.108;24.839;19.102
2016-05-18;164.995;1.147;25.214;19.485
2016-05-19;165.392;1.129;23.379;18.027
2016-05-20;165.538;1.122;22.821;17.588
2016-05-23;165.255;1.134;21.181;16.355
2016-05-24;165.483;1.123;20.319;15.683
2016-05-25;166.415;1.083;19.097;14.678
2016-05-26;166.335;1.085;20.212;15.534
2016-05-27;166.55;1.076;18.67;14.355
2016-05-30;165.828;1.106;18.907;14.573
2016-05-31;166.65;1.071;18.14;13.954
2016-06-01;166.698;1.068;17.393;13.383
2016-06-02;166.935;1.057;17.928;13.782
2016-06-03;168.46;0.991;16.617;12.687
2016-06-06;167.79;1.02;16.688;12.779
2016-06-07;169.078;0.965;14.433;11.009
2016-06-08;169.55;0.944;11.141;8.505
2016-06-09;170.647;0.897;9.094;6.898
2016-06-10;171.267;0.871;8.903;6.744
2016-06-13;170.082;0.92;13.092;9.948
2016-06-14;170.035;0.922;16.469;12.49
2016-06-15;170.598;0.898;13.948;10.551
2016-06-16;171.105;0.875;15.124;11.413
2016-06-17;170.277;0.909;14.262;10.788
2016-06-20;170.298;0.908;9.967;7.569
2016-06-21;170.635;0.894;6.479;4.924
2016-06-22;170.603;0.895;2.916;2.244
2016-06-23;169.383;0.945;4.571;3.53
2016-06-24;172.543;0.813;6.195;4.654
2016-06-27;175.8;0.679;-0.221;-0.093
2016-06-28;176.305;0.659;-5.437;-3.941
2016-06-29;176.89;0.635;-6.485;-4.7
2016-06-30;177.718;0.601;-8.988;-6.55
2016-07-01;177.923;0.592;-9.642;-7.031
2016-07-04;177.388;0.613;-1.887;-1.347
2016-07-05;178.47;0.569;-3.194;-2.294
2016-07-06;178.79;0.556;-6.145;-4.445
2016-07-07;178.468;0.568;-5.72;-4.14
2016-07-08;179.32;0.534;-7.023;-5.07
2016-07-11;178.642;0.56;-5.501;-3.969
2016-07-12;176.448;0.647;-3.597;-2.59
2016-07-13;177.983;0.585;-2.957;-2.124
2016-07-14;177.003;0.623;-2.88;-2.065
2016-07-15;175.705;0.675;-1.608;-1.127
2016-07-18;176.005;0.662;-0.812;-0.538
2016-07-19;176.353;0.648;-2.922;-2.106
2016-07-20;175.88;0.667;-3.59;-2.59
2016-07-21;176.12;0.656;-5.332;-3.87
2016-07-22;176.654;0.634;-7.485;-5.445
2016-07-25;177.21;0.611;-8.663;-6.323
2016-07-26;177.313;0.606;-9.453;-6.904
2016-07-27;178.923;0.542;-11.001;-7.983
2016-07-28;179.29;0.526;-11.07;-8.016
2016-07-29;180.175;0.491;-12.323;-8.913
2016-08-01;179.653;0.511;-10.765;-7.797
2016-08-02;177.932;0.579;-10.295;-7.498
2016-08-03;177.779;0.584;-8.215;-5.982
2016-08-04;178.607;0.55;-6.033;-4.373
2016-08-05;177.691;0.586;-5.617;-4.084
2016-08-08;177.732;0.584;-6.229;-4.537
2016-08-09;178.195;0.565;-6.218;-4.515
2016-08-10;179.217;0.524;-6.746;-4.898
2016-08-11;178.76;0.541;-7.221;-5.221
2016-08-12;178.861;0.537;-6.291;-4.55
2016-08-15;178.381;0.555;-8.336;-6.049
2016-08-16;177.359;0.596;-8.19;-5.972
2016-08-17;178.223;0.561;-10.118;-7.349
2016-08-18;179.07;0.526;-10.643;-7.718
2016-08-19;177.625;0.583;-8.996;-6.546
2016-08-22;179.006;0.527;-8.488;-6.147
2016-08-23;178.883;0.532;-6.828;-4.935
2016-08-24;178.502;0.547;-4.896;-3.523
2016-08-25;177.847;0.571;-2.961;-2.124
2016-08-26;177.372;0.59;-0.574;-0.376
2016-08-29;177.354;0.59;-0.635;-0.427
2016-08-30;177.737;0.574;0.839;0.663
2016-08-31;176.946;0.606;0.858;0.65
2016-09-01;176.437;0.625;2.808;2.1
2016-09-02;175.693;0.655;3.136;2.338
2016-09-05;175.841;0.648;3.43;2.566
2016-09-06;177.846;0.567;-1.02;-0.72
2016-09-07;178.512;0.54;-4.658;-3.375
2016-09-08;176.296;0.628;-0.518;-0.347
2016-09-09;173.895;0.725;3.42;2.582
2016-09-12;173.36;0.747;3.888;2.939
2016-09-13;172.554;0.78;5.128;3.867
2016-09-14;173.706;0.732;2.7;2.046
2016-09-15;173.002;0.759;4.131;3.12
2016-09-16;173.484;0.739;3.531;2.659
2016-09-19;173.283;0.747;4.023;3.034
2016-09-20;174.749;0.686;1.596;1.202
2016-09-21;174.566;0.693;-0.604;-0.436
2016-09-22;177.286;0.582;-2.714;-1.976
2016-09-23;177.005;0.592;-2.486;-1.814
2016-09-26;177.59;0.568;-2.67;-1.935
2016-09-27;177.714;0.563;-3.134;-2.269
2016-09-28;177.916;0.555;-3.129;-2.26
2016-09-29;177.093;0.586;-1.41;-1.017
2016-09-30;177.044;0.588;-1.859;-1.345
2016-10-03;176.027;0.629;0.711;0.558
2016-10-04;175.028;0.669;1.705;1.3
2016-10-05;173.305;0.739;3.49;2.639
2016-10-06;174.141;0.704;-0.149;-0.096
2016-10-07;173.563;0.727;-2.71;-1.99
2016-10-10;172.817;0.757;-5.36;-3.97
2016-10-11;173.491;0.729;-4.021;-2.982
2016-10-12;172.302;0.778;-1.247;-0.903
2016-10-13;173.329;0.734;-3.238;-2.378
2016-10-14;173.028;0.746;-4.898;-3.622
2016-10-17;172.668;0.761;-1.958;-1.427
2016-10-18;173.215;0.738;-1.736;-1.259
2016-10-19;173.537;0.724;-2.754;-2.011
2016-10-20;174.645;0.677;-5.231;-3.856
2016-10-21;174.515;0.682;-5.822;-4.278
2016-10-24;174.031;0.701;-5.928;-4.379
2016-10-25;173.96;0.704;-4.859;-3.579
2016-10-26;172.52;0.763;-4.317;-3.132
2016-10-27;170.13;0.863;-0.084;-0.008
2016-10-28;170.563;0.844;-0.878;-0.601
2016-10-31;170.722;0.837;-0.524;-0.337
2016-11-01;169.931;0.87;0.463;0.355
2016-11-02;170.878;0.829;-0.225;-0.109
2016-11-03;170.349;0.85;-1.664;-1.189
2016-11-04;170.817;0.83;-1.365;-0.966
2016-11-07;170.835;0.829;-3.597;-2.651
2016-11-08;169.743;0.875;-2.247;-1.638
2016-11-09;168.837;0.913;-0.919;-0.666
2016-11-10;165.422;1.061;8.122;6.348
2016-11-11;163.716;1.136;14.974;11.647
2016-11-14;162.589;1.186;18.392;14.346
2016-11-15;164.629;1.095;7.676;5.895
2016-11-16;164.645;1.093;9.016;7.003
2016-11-17;164.623;1.093;10.345;8.025
2016-11-18;164.203;1.112;12.324;9.567
2016-11-21;165.071;1.073;7.858;6.11
2016-11-22;165.899;1.036;8.073;6.236
2016-11-23;164.691;1.089;12.078;9.368
2016-11-24;164.423;1.1;12.342;9.586
2016-11-25;164.603;1.091;10.813;8.398
2016-11-28;165.718;1.041;9.624;7.464
2016-11-29;166.946;0.987;0.938;0.766
2016-11-30;165.251;1.061;2.507;1.979
2016-12-01;163.388;1.143;1.071;0.952
2016-12-02;165.602;1.044;-0.032;0.04
2016-12-05;164.287;1.102;2.766;2.188
2016-12-06;163.889;1.119;-0.945;-0.677
2016-12-07;164.275;1.102;-0.56;-0.4
2016-12-08;162.381;1.186;3.58;2.864
2016-12-09;161.264;1.236;8.791;6.961
2016-12-12;159.939;1.297;9.319;7.444
2016-12-13;161.654;1.218;5.806;4.598
2016-12-14;162.952;1.158;4.949;3.91
2016-12-15;162.195;1.192;1.71;1.38
2016-12-16;163.364;1.138;1.587;1.203
2016-12-19;165.231;1.055;-0.885;-0.622
2016-12-20;165.205;1.055;-3.508;-2.643
2016-12-21;165.783;1.03;-4.525;-3.427
2016-12-22;164.946;1.065;-3.908;-2.953
2016-12-23;165.903;1.022;-4.763;-3.612
2016-12-26;165.903;1.022;-7.085;-5.441
2016-12-27;166.204;1.009;-6.32;-4.805
2016-12-28;165.824;1.025;-2.92;-2.186
2016-12-29;166.496;0.994;-2.172;-1.628
2016-12-30;165.235;1.049;0.48;0.487
2017-01-02;165.137;1.053;1.684;1.347
2017-01-03;162.685;1.163;10.324;8.094
2017-01-04;161.447;1.219;16.51;12.982
2017-01-05;161.972;1.194;18.405;14.409
2017-01-06;161.077;1.234;15.615;12.292
2017-01-09;161.477;1.216;16.465;12.936
2017-01-10;161.111;1.232;18.007;14.169
2017-01-11;161.919;1.195;17.657;13.83
2017-01-12;161.344;1.22;20.621;16.206
2017-01-13;160.291;1.268;23.217;18.298
2017-01-16;160.592;1.254;22.154;17.478
2017-01-17;161.236;1.224;18.377;14.425
2017-01-18;160.697;1.248;17.231;13.609
2017-01-19;159.915;1.283;17.032;13.492
2017-01-20;158.79;1.335;17.68;14.084
2017-01-23;160.281;1.265;16.076;12.69
2017-01-24;159.332;1.309;16.003;12.708
2017-01-25;157.389;1.4;22.0;17.575
2017-01-26;156.319;1.449;25.264;20.289
2017-01-27;156.748;1.429;26.199;20.986
2017-01-30;156.647;1.433;27.425;22.003
2017-01-31;157.38;1.398;23.802;19.006
2017-02-01;157.096;1.411;20.961;16.889
2017-02-02;158.118;1.362;19.915;15.761
2017-02-03;156.924;1.418;27.244;21.81
2017-02-06;155.715;1.475;35.821;28.765
2017-02-07;155.915;1.465;36.16;29.052
2017-02-08;158.742;1.331;26.147;20.902
2017-02-09;159.731;1.284;19.078;15.148
2017-02-10;158.826;1.326;20.407;16.226
2017-02-13;159.359;1.3;14.316;11.367
2017-02-14;158.628;1.334;13.766;10.986
2017-02-15;158.299;1.349;16.437;13.122
2017-02-16;159.323;1.3;15.823;12.552
2017-02-17;159.633;1.285;17.39;13.773
2017-02-20;159.293;1.301;18.058;14.32
2017-02-21;159.036;1.312;18.113;14.387
2017-02-22;160.887;1.226;8.742;6.934
2017-02-23;161.447;1.199;11.209;8.815
2017-02-24;162.697;1.142;9.699;7.614
2017-02-27;163.349;1.112;6.297;4.93
2017-02-28;163.317;1.113;5.66;4.434
2017-03-01;162.466;1.151;4.867;3.834
2017-03-02;161.54;1.192;3.333;2.655
2017-03-03;161.045;1.215;1.228;0.988
2017-03-06;160.697;1.23;5.029;3.996
2017-03-07;160.419;1.243;7.221;5.719
2017-03-08;159.406;1.29;9.623;7.632
2017-03-09;157.933;1.358;10.508;8.394
2017-03-10;157.347;1.385;8.983;7.182
2017-03-13;157.688;1.369;10.64;8.487
2017-03-14;158.02;1.353;12.39;9.864
2017-03-15;159.15;1.299;8.644;6.824
2017-03-16;158.096;1.348;12.164;9.676
2017-03-17;158.238;1.34;15.491;12.298
2017-03-20;157.705;1.365;17.14;13.635
2017-03-21;157.738;1.363;15.823;12.581
2017-03-22;158.655;1.32;15.404;12.192
2017-03-23;158.356;1.333;15.274;12.12
2017-03-24;159.398;1.283;10.814;8.548
2017-03-27;159.524;1.277;12.853;10.151
2017-03-28;159.761;1.266;13.009;10.271
2017-03-29;160.142;1.247;11.976;9.453
2017-03-30;159.402;1.281;16.558;13.092
2017-03-31;159.216;1.289;16.968;13.424
2017-04-03;159.65;1.268;18.555;14.635
2017-04-04;160.39;1.234;14.311;11.286
2017-04-05;160.529;1.227;13.279;10.466
2017-04-06;161.041;1.202;10.523;8.266
2017-04-07;161.076;1.2;13.658;10.663
2017-04-10;161.084;1.199;15.342;12.034
2017-04-11;161.236;1.192;14.995;11.761
2017-04-12;162.062;1.152;11.088;8.687
2017-04-13;162.287;1.141;11.777;9.225
2017-04-14;162.287;1.141;;
2017-04-17;162.287;1.141;13.147;10.193
2017-04-18;162.692;1.122;14.867;11.613
2017-04-19;163.072;1.104;8.362;6.447
2017-04-20;162.204;1.143;8.424;6.615
2017-04-21;161.764;1.162;6.94;5.468
2017-04-24;161.962;1.153;0.717;0.485
2017-04-25;160.35;1.227;3.509;2.81
2017-04-26;160.239;1.232;5.641;4.483
2017-04-27;161.313;1.181;4.304;3.406
2017-04-28;161.053;1.192;1.796;1.446
2017-05-01;161.053;1.192;2.248;1.708
2017-05-02;161.464;1.173;-1.748;-1.335
2017-05-03;161.379;1.176;-0.2;-0.115
2017-05-04;160.848;1.2;-4.654;-3.64
2017-05-05;160.176;1.231;-1.583;-1.194
2017-05-08;159.768;1.249;1.31;1.16
2017-05-09;158.866;1.292;5.525;4.407
2017-05-10;159.272;1.272;5.624;4.489
2017-05-11;158.574;1.304;9.146;7.272
2017-05-12;159.613;1.254;7.261;5.777
2017-05-15;158.775;1.294;8.26;6.587
2017-05-16;158.352;1.313;9.68;7.81
2017-05-17;159.587;1.254;6.867;5.472
2017-05-18;160.229;1.223;5.855;4.659
2017-05-19;160.129;1.227;3.212;2.582
2017-05-22;159.563;1.254;2.885;2.339
2017-05-23;159.9;1.237;-0.855;-0.615
2017-05-24;160.168;1.224;-2.463;-1.889
2017-05-25;161.061;1.182;-4.414;-3.429
2017-05-26;161.978;1.139;-6.065;-4.688
2017-05-29;162.341;1.122;-7.071;-5.476
2017-05-30;162.384;1.119;-7.169;-5.665
2017-05-31;162.284;1.123;-8.208;-6.367
2017-06-01;162.126;1.129;-8.666;-6.721
2017-06-02;162.45;1.114;-9.459;-7.402
2017-06-05;161.906;1.139;-7.43;-5.828
2017-06-06;162.89;1.093;-10.611;-8.234
2017-06-07;162.44;1.113;-8.658;-6.716
2017-06-08;163.247;1.075;-11.566;-8.95
2017-06-09;162.662;1.102;-9.291;-7.215
2017-06-12;163.355;1.069;-11.736;-9.078
2017-06-13;163.436;1.065;-14.639;-11.321
2017-06-14;164.504;1.016;-15.35;-11.856
2017-06-15;163.653;1.054;-14.793;-11.437
2017-06-16;163.453;1.062;-13.323;-10.472
2017-06-19;163.772;1.047;-14.731;-11.385
2017-06-20;164.396;1.019;-15.464;-11.918
2017-06-21;164.402;1.018;-13.528;-10.403
2017-06-22;164.342;1.019;-10.258;-7.891
2017-06-23;163.794;1.044;-9.597;-7.38
2017-06-26;163.912;1.038;-10.183;-7.825
2017-06-27;161.433;1.152;-7.217;-5.577
2017-06-28;162.054;1.123;-9.599;-7.45
2017-06-29;160.255;1.205;-7.987;-6.242
2017-06-30;159.856;1.224;-7.437;-5.796
2017-07-03;159.604;1.235;-8.482;-6.626
2017-07-04;159.227;1.253;-9.271;-7.27
2017-07-05;159.295;1.249;-9.318;-7.3
2017-07-06;157.507;1.333;-5.587;-4.348
2017-07-07;157.356;1.34;-7.317;-5.768
2017-07-10;157.802;1.318;-5.009;-4.092
2017-07-11;157.437;1.336;-3.427;-2.657
2017-07-12;158.406;1.289;-5.586;-4.377
2017-07-13;157.862;1.314;-4.794;-3.76
2017-07-14;158.23;1.296;-6.53;-5.141
2017-07-17;158.479;1.283;-7.077;-5.724
2017-07-18;158.912;1.262;-8.077;-6.331
2017-07-19;159.22;1.247;-7.339;-5.743
2017-07-20;159.371;1.239;-9.643;-7.727
2017-07-21;159.454;1.235;-8.638;-6.957
2017-07-24;159.512;1.232;-9.227;-7.206
2017-07-25;158.608;1.274;-9.275;-7.31
2017-07-26;158.769;1.266;-10.598;-8.353
2017-07-27;158.662;1.27;-8.685;-6.867
2017-07-28;158.286;1.288;-8.221;-6.663
2017-07-31;158.438;1.28;-8.795;-7.107
2017-08-01;159.749;1.217;-10.307;-8.088
2017-08-02;159.781;1.215;-9.997;-7.841
2017-08-03;160.515;1.179;-11.24;-8.781
2017-08-04;160.025;1.202;-9.631;-7.566
2017-08-07;160.19;1.194;-10.063;-7.895
2017-08-08;159.716;1.216;-8.478;-6.845
2017-08-09;160.666;1.171;-9.562;-7.478
2017-08-10;160.733;1.166;-8.161;-6.367
2017-08-11;161.492;1.13;-9.337;-7.458
2017-08-14;160.847;1.16;-9.149;-7.145
2017-08-15;160.245;1.188;-7.718;-6.054
2017-08-16;159.807;1.208;-6.994;-5.496
2017-08-17;160.087;1.194;-5.844;-4.583
2017-08-18;160.457;1.176;-6.56;-5.135
2017-08-21;160.564;1.171;-6.384;-4.993
2017-08-22;160.368;1.179;-5.271;-4.115
2017-08-23;160.852;1.156;-6.55;-5.104
2017-08-24;160.788;1.158;-6.645;-5.187
2017-08-25;160.611;1.166;-6.784;-5.304
2017-08-28;160.559;1.168;-6.855;-5.355
2017-08-29;161.438;1.126;-7.512;-5.859
2017-08-30;161.025;1.145;-6.049;-4.713
2017-08-31;161.116;1.14;-6.602;-5.151
2017-09-01;160.288;1.178;-4.67;-3.652
2017-09-04;160.31;1.177;-3.557;-2.776
2017-09-05;161.042;1.142;-4.543;-3.539
2017-09-06;160.804;1.153;-4.508;-3.508
2017-09-07;161.4;1.124;-6.852;-5.353
2017-09-08;161.074;1.139;-6.412;-5.004
2017-09-11;160.63;1.159;-6.042;-4.726
2017-09-12;159.162;1.228;-4.347;-3.413
2017-09-13;159.635;1.205;-5.964;-4.697
2017-09-14;159.484;1.211;-6.908;-5.445
2017-09-15;159.481;1.211;-9.353;-7.382
2017-09-18;159.065;1.231;-9.356;-7.39
2017-09-19;159.418;1.213;-10.533;-8.32
2017-09-20;159.342;1.217;-7.899;-6.231
2017-09-21;159.231;1.221;-8.848;-6.982
2017-09-22;159.438;1.21;-9.398;-7.417
2017-09-25;159.973;1.185;-9.319;-7.339
2017-09-26;159.838;1.191;-9.201;-7.255
2017-09-27;158.692;1.245;-8.329;-6.583
2017-09-28;158.614;1.248;-10.2;-8.074
2017-09-29;159.396;1.21;-13.071;-10.333
2017-10-02;159.584;1.2;-13.386;-10.584
2017-10-03;159.183;1.219;-12.77;-10.1
2017-10-04;159.096;1.223;-11.006;-8.701
2017-10-05;159.162;1.218;-10.926;-8.642
2017-10-06;159.09;1.222;-11.513;-9.105
2017-10-09;159.409;1.206;-10.926;-8.632
2017-10-10;159.387;1.207;-10.673;-8.436
2017-10-11;158.928;1.228;-10.474;-8.277
2017-10-12;159.19;1.214;-10.532;-8.328
2017-10-13;159.807;1.184;-11.464;-9.05
2017-10-16;160.407;1.155;-10.803;-8.495
2017-10-17;160.687;1.142;-11.282;-8.856
2017-10-18;160.094;1.17;-10.421;-8.192
2017-10-19;159.93;1.176;-9.771;-7.691
2017-10-20;158.828;1.229;-9.505;-7.511
2017-10-23;159.485;1.197;-10.587;-8.361
2017-10-24;158.864;1.226;-10.919;-8.631
2017-10-25;158.858;1.226;-12.479;-9.872
2017-10-26;159.799;1.18;-12.881;-10.161
2017-10-27;160.078;1.166;-14.207;-11.198
2017-10-30;160.749;1.134;-15.162;-11.91
2017-10-31;161.154;1.114;-16.162;-12.687
2017-11-01;160.921;1.125;-16.468;-12.934
2017-11-02;160.896;1.124;-15.913;-12.496
2017-11-03;160.948;1.122;-15.236;-11.966
2017-11-06;161.341;1.103;-14.813;-11.622
2017-11-07;162.092;1.067;-19.208;-15.023
2017-11-08;161.636;1.088;-16.102;-12.619
2017-11-09;160.453;1.143;-14.703;-11.568
2017-11-10;159.916;1.168;-15.198;-11.988
2017-11-13;160.01;1.163;-15.954;-12.586
2017-11-14;160.45;1.142;-16.536;-13.018
2017-11-15;161.085;1.111;-18.04;-14.179
2017-11-16;161.067;1.111;-17.873;-14.047
2017-11-17;161.384;1.095;-18.156;-14.253
2017-11-20;161.727;1.079;-20.18;-15.814
2017-11-21;162.324;1.05;-20.646;-16.127
2017-11-22;162.664;1.034;-21.329;-16.636
2017-11-23;162.428;1.043;-19.041;-14.858
2017-11-24;161.968;1.065;-17.929;-14.015
2017-11-27;162.427;1.043;-18.951;-14.785
2017-11-28;162.345;1.046;-18.983;-14.802
2017-11-29;161.599;1.081;-18.426;-14.418
2017-11-30;162.213;1.051;-20.438;-15.945
2017-12-01;163.938;0.969;-23.523;-18.236
2017-12-04;162.992;1.013;-21.714;-16.898
2017-12-05;163.606;0.984;-22.567;-17.519
2017-12-06;163.955;0.967;-22.367;-17.329
2017-12-07;163.892;0.969;-24.999;-19.391
2017-12-08;163.499;0.987;-23.948;-18.605
2017-12-11;163.941;0.966;-24.424;-18.927
2017-12-12;163.457;0.988;-24.42;-18.969
2017-12-13;162.998;1.009;-21.391;-16.645
2017-12-14;163.438;0.987;-21.808;-16.943
2017-12-15;163.986;0.961;-23.358;-18.089
2017-12-18;164.025;0.959;-25.057;-19.408
2017-12-19;162.279;1.04;-21.889;-17.067
2017-12-20;161.737;1.065;-21.938;-17.14
2017-12-21;161.773;1.062;-22.935;-17.933
2017-12-22;161.716;1.064;-23.879;-18.637
2017-12-25;161.716;1.064;-23.708;-18.535
2017-12-26;161.716;1.064;-23.711;-18.534
2017-12-27;162.127;1.044;-21.614;-16.884
2017-12-28;161.083;1.092;-18.406;-14.418
2017-12-29;160.693;1.11;-16.707;-13.11
2018-01-01;160.693;1.11;-16.734;-13.123
2018-01-02;159.765;1.154;-15.233;-11.987
2018-01-03;160.503;1.118;-16.471;-12.932
2018-01-04;160.707;1.107;-16.645;-13.054
2018-01-05;160.435;1.12;-15.769;-12.379
2018-01-08;160.409;1.121;-14.472;-11.36
2018-01-09;159.561;1.161;-13.682;-10.767
2018-01-10;159.557;1.161;-15.802;-12.451
2018-01-11;159.07;1.183;-15.509;-12.231
2018-01-12;159.331;1.17;-17.364;-13.671
2018-01-15;158.952;1.188;-16.063;-12.674
2018-01-16;159.519;1.16;-15.345;-12.071
2018-01-17;159.596;1.156;-15.416;-12.102
2018-01-18;159.242;1.172;-15.736;-12.392
2018-01-19;159.194;1.174;-17.334;-13.673
2018-01-22;159.183;1.174;-17.31;-13.647
2018-01-23;159.263;1.17;-17.142;-13.503
2018-01-24;158.873;1.188;-17.463;-13.781
2018-01-25;158.874;1.187;-17.222;-13.58
2018-01-26;158.748;1.193;-15.655;-12.33
2018-01-29;157.654;1.246;-16.793;-13.273
2018-01-30;157.705;1.243;-16.746;-13.242
2018-01-31;157.915;1.232;-16.714;-13.195
2018-02-01;157.569;1.248;-18.706;-14.799
2018-02-02;157.126;1.269;-20.985;-16.646
2018-02-05;157.284;1.261;-20.581;-16.323
2018-02-06;157.794;1.236;-18.353;-14.509
2018-02-07;157.582;1.246;-20.985;-16.602
2018-02-08;157.287;1.259;-22.045;-17.468
2018-02-09;157.517;1.247;-23.42;-18.543
2018-02-12;157.315;1.257;-26.04;-20.652
2018-02-13;156.599;1.292;-22.223;-17.691
2018-02-14;156.554;1.294;-22.723;-18.105
2018-02-15;156.422;1.299;-22.885;-18.241
2018-02-16;156.993;1.27;-21.72;-17.259
2018-02-19;155.916;1.324;-18.88;-15.077
2018-02-20;155.538;1.342;-16.808;-13.431
2018-02-21;155.687;1.334;-15.046;-12.009
2018-02-22;156.005;1.317;-17.112;-13.639
2018-02-23;157.113;1.262;-19.127;-15.159
2018-02-26;157.325;1.251;-19.531;-15.463
2018-02-27;157.015;1.266;-18.999;-15.069
2018-02-28;157.59;1.237;-20.71;-16.398
2018-03-01;157.609;1.235;-20.326;-16.092
2018-03-02;157.154;1.257;-18.065;-14.331
2018-03-05;157.276;1.25;-18.929;-15.009
2018-03-06;156.832;1.272;-17.973;-14.277
2018-03-07;157.303;1.248;-18.048;-14.297
2018-03-08;157.828;1.221;-19.256;-15.233
2018-03-09;157.107;1.256;-16.67;-13.22
2018-03-12;157.395;1.242;-17.145;-13.583
2018-03-13;157.274;1.247;-15.49;-12.273
2018-03-14;158.021;1.21;-17.565;-13.892
2018-03-15;158.446;1.188;-17.608;-13.905
2018-03-16;158.548;1.182;-18.047;-14.242
2018-03-19;158.63;1.178;-18.567;-14.639
2018-03-20;158.653;1.176;-19.873;-15.668
2018-03-21;158.586;1.179;-20.553;-16.21
2018-03-22;159.645;1.126;-21.998;-17.275
2018-03-23;159.767;1.12;-23.323;-18.312
2018-03-26;159.786;1.119;-22.968;-18.034
2018-03-27;160.334;1.092;-23.686;-18.565
2018-03-28;160.255;1.093;-23.029;-18.059
2018-03-29;160.164;1.097;-23.221;-18.228
2018-03-30;160.164;1.097;-23.112;-18.144
2018-04-02;160.164;1.097;-23.11;-18.144
2018-04-03;159.921;1.109;-20.04;-15.735
2018-04-04;160.075;1.101;-20.439;-16.042
2018-04-05;159.261;1.139;-18.937;-14.901
2018-04-06;159.61;1.122;-18.533;-14.565
2018-04-09;159.471;1.128;-17.94;-14.107
2018-04-10;159.184;1.142;-15.281;-12.011
2018-04-11;159.496;1.126;-15.839;-12.441
2018-04-12;159.059;1.146;-15.691;-12.353
2018-04-13;159.299;1.134;-17.193;-13.521
2018-04-16;159.184;1.139;-17.99;-14.163
2018-04-17;159.644;1.116;-18.648;-14.662
2018-04-18;159.425;1.126;-18.084;-14.221
2018-04-19;158.156;1.187;-16.864;-13.341
2018-04-20;158.288;1.18;-18.701;-14.786
2018-04-23;157.636;1.212;-18.18;-14.419
2018-04-24;157.868;1.2;-19.499;-15.453
2018-04-25;157.705;1.208;-18.87;-14.961
2018-04-26;158.289;1.178;-18.718;-14.794
2018-04-27;158.657;1.159;-19.288;-15.221
2018-04-30;158.685;1.157;-18.989;-14.982
2018-05-01;158.685;1.157;-19.152;-15.126
2018-05-02;158.121;1.184;-17.508;-13.853
2018-05-03;158.599;1.16;-15.894;-12.551
2018-05-04;158.093;1.184;-12.973;-10.267
2018-05-07;158.439;1.167;-13.858;-10.937
2018-05-08;157.535;1.211;-12.226;-9.697
2018-05-09;157.737;1.201;-13.557;-10.758
2018-05-10;157.66;1.203;-13.338;-10.57
2018-05-11;157.913;1.19;-15.69;-12.423
2018-05-14;156.986;1.236;-14.385;-11.416
2018-05-15;156.426;1.263;-14.769;-11.75
2018-05-16;156.666;1.251;-14.964;-11.902
2018-05-17;155.968;1.285;-14.801;-11.822
2018-05-18;156.555;1.255;-13.624;-10.833
2018-05-21;156.649;1.25;-10.514;-8.349
2018-05-22;156.062;1.279;-9.645;-7.681
2018-05-23;156.075;1.278;-6.205;-4.921
2018-05-24;157.142;1.223;-8.869;-7.028
2018-05-25;157.853;1.187;-8.742;-6.898
2018-05-28;158.005;1.179;-5.753;-4.512
2018-05-29;158.512;1.154;-6.056;-4.699
2018-05-30;157.825;1.187;-8.959;-7.05
2018-05-31;158.531;1.151;-9.201;-7.204
2018-06-01;157.945;1.18;-8.233;-6.484
2018-06-04;157.644;1.194;-9.843;-7.804
2018-06-05;157.96;1.178;-9.942;-7.846
2018-06-06;156.265;1.262;-6.733;-5.33
2018-06-07;155.65;1.292;-5.457;-4.346
2018-06-08;154.916;1.329;1.65;1.37
2018-06-11;154.344;1.358;3.376;2.755
2018-06-12;154.896;1.329;1.318;1.099
2018-06-13;155.83;1.281;-3.514;-2.781
2018-06-14;156.75;1.234;-6.384;-5.076
2018-06-15;157.368;1.202;-7.398;-5.887
2018-06-18;157.112;1.215;-4.919;-3.906
2018-06-19;157.282;1.206;-2.139;-1.695
2018-06-20;157.002;1.219;-2.34;-1.842
2018-06-21;157.1;1.213;-2.283;-1.787
2018-06-22;156.762;1.23;-0.689;-0.507
2018-06-25;156.552;1.24;0.804;0.674
2018-06-26;156.141;1.26;1.926;1.57
2018-06-27;156.962;1.218;-0.338;-0.252
2018-06-28;157.253;1.203;-0.989;-0.784
2018-06-29;158.527;1.139;-7.28;-5.738
2018-07-02;158.776;1.126;-10.275;-8.113
2018-07-03;159.027;1.113;-10.436;-8.235
2018-07-04;158.738;1.127;-8.795;-6.934
2018-07-05;158.479;1.138;-6.293;-4.959
2018-07-06;158.349;1.144;-5.949;-4.689
2018-07-09;157.851;1.169;-2.815;-2.215
2018-07-10;157.591;1.181;-3.687;-2.921
2018-07-11;157.849;1.168;-4.788;-3.788
2018-07-12;158.628;1.128;-9.332;-7.369
2018-07-13;158.993;1.109;-11.084;-8.757
2018-07-16;158.283;1.144;-8.857;-7.001
2018-07-17;158.779;1.119;-9.879;-7.806
2018-07-18;158.495;1.133;-7.974;-6.298
2018-07-19;158.494;1.132;-7.494;-5.915
2018-07-20;157.654;1.173;-5.623;-4.452
2018-07-23;157.392;1.186;-6.648;-5.277
2018-07-24;157.894;1.16;-8.449;-6.684
2018-07-25;157.926;1.158;-7.912;-6.256
2018-07-26;157.871;1.16;-9.527;-7.543
2018-07-27;157.744;1.166;-9.311;-7.38
2018-07-30;156.772;1.214;-6.971;-5.544
2018-07-31;157.22;1.191;-9.082;-7.218
2018-08-01;156.41;1.231;-6.623;-5.264
2018-08-02;156.049;1.249;-3.552;-2.813
2018-08-03;156.54;1.223;-2.865;-2.261
2018-08-06;157.053;1.197;-4.356;-3.45
2018-08-07;157.049;1.197;-6.704;-5.317
2018-08-08;157.088;1.194;-6.99;-5.541
2018-08-09;157.037;1.195;-5.62;-4.446
2018-08-10;157.926;1.15;-6.154;-4.835
2018-08-13;157.51;1.171;-3.309;-2.587
2018-08-14;157.409;1.175;-3.756;-2.948
2018-08-15;157.571;1.167;-2.513;-1.97
2018-08-16;157.441;1.172;-3.039;-2.391
2018-08-17;157.594;1.164;-2.575;-2.023
2018-08-20;157.736;1.156;-3.406;-2.68
2018-08-21;157.448;1.17;-3.436;-2.708
2018-08-22;157.259;1.18;-2.224;-1.75
2018-08-23;157.373;1.172;-3.458;-2.727
2018-08-24;157.241;1.179;-2.996;-2.366
2018-08-27;156.794;1.201;-2.618;-2.063
2018-08-28;156.625;1.209;-1.592;-1.256
2018-08-29;156.4;1.22;-2.565;-2.033
2018-08-30;157.118;1.182;-3.377;-2.657
2018-08-31;157.191;1.178;-2.048;-1.603
2018-09-03;156.931;1.191;-1.066;-0.834
2018-09-04;157.024;1.186;-2.922;-2.304
2018-09-05;156.675;1.203;-2.481;-1.959
2018-09-06;157.088;1.181;-3.774;-2.987
2018-09-07;156.625;1.204;-3.734;-2.964
2018-09-10;156.661;1.202;-5.18;-4.122
2018-09-11;156.187;1.225;-5.014;-3.982
2018-09-12;156.484;1.21;-5.157;-4.097
2018-09-13;156.26;1.22;-4.546;-3.611
2018-09-14;155.718;1.247;-3.282;-2.6
2018-09-17;155.916;1.237;-4.692;-3.728
2018-09-18;155.641;1.25;-4.676;-3.717
2018-09-19;155.404;1.262;-5.071;-4.037
2018-09-20;155.567;1.252;-5.717;-4.551
2018-09-21;155.611;1.25;-4.994;-3.972
2018-09-24;154.858;1.288;-2.937;-2.341
2018-09-25;154.479;1.307;-4.372;-3.501
2018-09-26;154.724;1.294;-4.534;-3.624
2018-09-27;154.803;1.289;-3.681;-2.931
2018-09-28;155.354;1.26;-3.93;-3.113
2018-10-01;154.796;1.288;-2.633;-2.089
2018-10-02;155.493;1.252;-3.751;-2.966
2018-10-03;155.007;1.276;-3.711;-2.947
2018-10-04;154.283;1.313;-4.169;-3.332
2018-10-05;153.67;1.344;-5.11;-4.092
2018-10-08;154.051;1.324;-4.559;-3.64
2018-10-09;153.862;1.333;-4.951;-3.953
2018-10-10;153.752;1.339;-4.548;-3.634
2018-10-11;153.965;1.326;-3.949;-3.157
2018-10-12;154.159;1.316;-3.908;-3.123
2018-10-15;154.003;1.323;-3.699;-2.959
2018-10-16;154.403;1.302;-4.26;-3.423
2018-10-17;154.593;1.292;-2.262;-1.812
2018-10-18;154.445;1.298;0.536;0.44
2018-10-19;153.637;1.34;2.515;2.023
2018-10-22;153.954;1.323;1.982;1.608
2018-10-23;154.725;1.283;0.681;0.561
2018-10-24;154.851;1.276;-0.467;-0.362
2018-10-25;154.804;1.277;-0.647;-0.513
2018-10-26;155.385;1.246;0.989;0.804
2018-10-29;155.284;1.251;-1.291;-1.022
2018-10-30;155.315;1.249;-0.838;-0.648
2018-10-31;155.335;1.248;-1.393;-1.097
2018-11-01;155.131;1.257;-1.996;-1.591
2018-11-02;154.709;1.278;-0.167;-0.127
2018-11-05;154.583;1.284;0.635;0.509
2018-11-06;154.351;1.296;1.415;1.129
2018-11-07;154.072;1.31;2.175;1.75
2018-11-08;153.817;1.322;2.64;2.133
2018-11-09;154.274;1.298;3.481;2.796
2018-11-12;153.977;1.313;5.969;4.816
2018-11-13;153.805;1.322;6.113;4.937
2018-11-14;153.789;1.322;7.11;5.751
2018-11-15;154.112;1.304;7.519;6.059
2018-11-16;153.891;1.315;8.454;6.831
2018-11-19;153.451;1.338;10.906;8.82
2018-11-20;153.785;1.32;11.499;9.277
2018-11-21;153.634;1.327;11.12;8.988
2018-11-22;153.453;1.335;12.971;10.488
2018-11-23;153.863;1.313;13.095;10.539
2018-11-26;153.529;1.331;13.555;10.948
2018-11-27;153.723;1.32;12.54;10.123
2018-11-28;153.632;1.324;13.431;10.848
2018-11-29;154.062;1.301;12.764;10.277
2018-11-30;154.415;1.282;10.769;8.666
2018-12-03;154.135;1.296;13.069;10.519
2018-12-04;154.887;1.256;12.666;10.184
2018-12-05;154.623;1.269;11.466;9.227
2018-12-06;154.996;1.249;11.521;9.255
2018-12-07;154.824;1.257;11.906;9.572
2018-12-10;155.169;1.239;10.429;8.368
2018-12-11;154.8;1.258;11.904;9.569
2018-12-12;154.779;1.258;9.718;7.792
2018-12-13;154.495;1.272;10.776;8.681
2018-12-14;154.618;1.265;11.745;9.451
2018-12-17;154.206;1.286;13.706;11.034
2018-12-18;154.692;1.26;13.28;10.68
2018-12-19;154.194;1.286;18.2;14.654
2018-12-20;154.485;1.269;18.74;15.07
2018-12-21;154.008;1.293;18.83;15.17
2018-12-24;154.008;1.293;19.078;15.353
2018-12-25;154.008;1.293;19.067;15.354
2018-12-26;154.008;1.293;19.063;15.354
2018-12-27;153.992;1.292;20.704;16.68
2018-12-28;153.775;1.303;22.847;18.431
2018-12-31;153.775;1.302;22.794;18.391
2019-01-01;153.775;1.302;22.799;18.391
2019-01-02;154.742;1.251;24.229;19.485
2019-01-03;154.625;1.256;24.809;19.966
2019-01-04;153.906;1.293;23.586;19.027
2019-01-07;153.387;1.32;25.732;20.807
2019-01-08;153.556;1.311;22.959;18.542
2019-01-09;154.229;1.275;17.313;13.956
2019-01-10;154.801;1.244;14.139;11.376
2019-01-11;154.865;1.24;14.628;11.764
2019-01-14;155.211;1.221;13.493;10.833
2019-01-15;155.471;1.207;13.189;10.574
2019-01-16;155.056;1.229;15.118;12.148
2019-01-17;154.95;1.233;15.548;12.493
2019-01-18;154.705;1.245;14.715;11.831
2019-01-21;154.778;1.241;15.203;12.231
2019-01-22;155.169;1.22;15.26;12.253
2019-01-23;155.543;1.2;15.392;12.325
2019-01-24;156.382;1.155;14.67;11.718
2019-01-25;156.459;1.151;14.669;11.706
2019-01-28;156.135;1.167;15.429;12.337
2019-01-29;155.98;1.175;18.024;14.417
2019-01-30;156.158;1.165;19.143;15.305
2019-01-31;156.93;1.124;19.837;15.787
2019-02-01;156.551;1.143;17.138;13.674
2019-02-04;156.564;1.142;16.353;13.044
2019-02-05;156.638;1.138;16.436;13.108
2019-02-06;156.92;1.122;16.158;12.875
2019-02-07;157.208;1.106;17.61;14.004
2019-02-08;157.174;1.108;21.841;17.365
2019-02-11;156.737;1.13;21.528;17.163
2019-02-12;156.479;1.143;21.718;17.333
2019-02-13;156.601;1.136;20.72;16.531
2019-02-14;156.818;1.123;21.091;16.801
2019-02-15;156.858;1.121;20.491;16.322
2019-02-18;156.708;1.128;20.027;15.969
2019-02-19;157.079;1.108;19.244;15.309
2019-02-20;157.529;1.085;18.25;14.493
2019-02-21;157.264;1.097;17.045;13.541
2019-02-22;157.607;1.079;17.902;14.218
2019-02-25;157.356;1.091;18.108;14.39
2019-02-26;157.296;1.094;17.831;14.17
2019-02-27;157.111;1.103;15.412;12.256
2019-02-28;156.764;1.12;13.674;10.904
2019-03-01;156.519;1.132;14.529;11.607
2019-03-04;156.73;1.121;15.767;12.578
2019-03-05;156.598;1.127;16.139;12.884
2019-03-06;157.304;1.09;16.091;12.801
2019-03-07;158.451;1.03;17.043;13.501
2019-03-08;159.037;0.999;17.234;13.591
2019-03-11;158.771;1.012;17.707;13.989
2019-03-12;158.519;1.025;18.938;14.986
2019-03-13;158.642;1.018;16.968;13.424
2019-03-14;158.724;1.012;14.794;11.7
2019-03-15;159.087;0.993;12.644;9.984
2019-03-18;159.345;0.98;12.595;9.942
2019-03-19;159.381;0.977;10.771;8.503
2019-03-20;159.376;0.977;11.813;9.323
2019-03-21;160.442;0.922;10.292;8.088
2019-03-22;161.532;0.866;11.021;8.618
2019-03-25;161.558;0.864;13.311;10.398
2019-03-26;161.344;0.875;13.592;10.618
2019-03-27;162.376;0.823;14.427;11.229
2019-03-28;162.154;0.832;11.78;9.188
2019-03-29;161.778;0.851;10.93;8.548
2019-04-01;160.588;0.91;14.596;11.449
2019-04-02;161.034;0.887;14.127;11.069
2019-04-03;160.017;0.938;13.517;10.647
2019-04-04;160.573;0.908;12.516;9.821
2019-04-05;160.77;0.898;10.368;8.132
2019-04-08;160.484;0.912;12.566;9.867
2019-04-09;160.745;0.898;12.066;9.458
2019-04-10;160.795;0.895;14.704;11.523
2019-04-11;160.725;0.897;13.53;10.614
2019-04-12;159.587;0.954;13.804;10.898
2019-04-15;158.959;0.986;16.986;13.424
2019-04-16;158.87;0.99;15.861;12.544
2019-04-17;158.871;0.988;14.303;11.303
2019-04-18;159.849;0.937;14.6;11.506
2019-04-19;159.849;0.937;14.635;11.531
2019-04-22;159.849;0.937;14.656;11.53
2019-04-23;159.342;0.962;16.085;12.693
2019-04-24;160.339;0.911;16.348;12.835
2019-04-25;159.716;0.941;18.285;14.403
2019-04-26;160.246;0.914;16.214;12.73
2019-04-29;160.067;0.922;15.959;12.55
2019-04-30;160.36;0.907;13.142;10.315
2019-05-01;160.36;0.907;13.167;10.333
2019-05-02;160.039;0.922;13.935;10.966
2019-05-03;160.229;0.911;12.015;9.442
2019-05-06;160.391;0.903;13.531;10.613
2019-05-07;160.828;0.88;15.035;11.785
2019-05-08;160.791;0.881;15.322;12.01
2019-05-09;160.444;0.897;17.157;13.457
2019-05-10;160.322;0.903;17.339;13.613
2019-05-13;160.583;0.889;19.601;15.358
2019-05-14;160.657;0.885;20.429;16.005
2019-05-15;161.189;0.858;19.402;15.179
2019-05-16;161.337;0.849;16.839;13.167
2019-05-17;161.546;0.838;16.699;13.052
2019-05-20;161.054;0.862;17.76;13.91
2019-05-21;160.609;0.884;18.839;14.775
2019-05-22;161.007;0.863;18.131;14.205
2019-05-23;161.387;0.843;19.308;15.101
2019-05-24;161.4;0.842;18.844;14.739
2019-05-27;161.764;0.823;19.889;15.515
2019-05-28;162.031;0.809;20.21;15.741
2019-05-29;162.796;0.77;17.784;13.829
2019-05-30;162.666;0.775;17.429;13.563
2019-05-31;163.425;0.736;16.355;12.69
2019-06-03;164.117;0.701;13.898;10.754
2019-06-04;164.771;0.669;12.83;9.908
2019-06-05;165.243;0.645;12.797;9.85
2019-06-06;166.0;0.606;10.444;8.034
2019-06-07;166.885;0.563;7.045;5.413
2019-06-10;165.433;0.633;9.074;7.011
2019-06-11;165.922;0.608;8.359;6.45
2019-06-12;166.096;0.599;7.521;5.784
2019-06-13;166.073;0.599;8.959;6.882
2019-06-14;166.846;0.561;7.244;5.559
2019-06-17;166.409;0.581;8.014;6.169
2019-06-18;168.258;0.491;4.529;3.433
2019-06-19;167.497;0.527;5.905;4.557
2019-06-20;168.738;0.466;1.434;1.137
2019-06-21;167.987;0.502;1.675;1.337
2019-06-24;168.504;0.476;1.914;1.518
2019-06-25;169.139;0.445;1.197;0.982
2019-06-26;168.693;0.466;1.095;0.893
2019-06-27;168.974;0.451;1.99;1.552
2019-06-28;168.855;0.456;3.283;2.545
2019-07-01;169.537;0.423;0.896;0.706
2019-07-02;169.517;0.423;1.476;1.161
2019-07-03;171.222;0.342;-2.806;-2.039
2019-07-04;171.894;0.308;-2.564;-1.862
2019-07-05;171.206;0.34;-2.739;-1.963
2019-07-08;170.507;0.373;3.009;2.34
2019-07-09;169.952;0.398;2.426;1.905
2019-07-10;169.068;0.44;2.562;1.987
2019-07-11;168.068;0.487;1.226;1.003
2019-07-12;166.959;0.54;5.556;4.32
2019-07-15;168.159;0.481;4.262;3.281
2019-07-16;168.466;0.466;3.851;2.988
2019-07-17;169.474;0.417;3.473;2.677
2019-07-18;169.836;0.398;2.485;1.911
2019-07-19;170.089;0.385;2.059;1.575
2019-07-22;170.449;0.367;1.671;1.314
2019-07-23;170.387;0.37;2.663;2.056
2019-07-24;170.962;0.342;4.062;3.101
2019-07-25;170.739;0.351;4.021;3.084
2019-07-26;171.187;0.329;3.32;2.524
2019-07-29;171.86;0.297;0.783;0.584
2019-07-30;171.977;0.29;0.723;0.538
2019-07-31;173.08;0.238;-0.485;-0.307
2019-08-01;173.44;0.219;0.927;0.727
2019-08-02;175.113;0.141;0.996;0.757
2019-08-05;174.981;0.147;3.251;2.422
2019-08-06;175.667;0.115;0.671;0.513
2019-08-07;177.425;0.034;-3.832;-2.779
2019-08-08;176.091;0.093;-0.334;-0.236
2019-08-09;175.58;0.116;4.831;3.577
2019-08-12;175.952;0.098;4.021;2.977
2019-08-13;176.915;0.053;2.285;1.715
2019-08-14;178.271;-0.009;4.351;3.199
2019-08-15;179.906;-0.084;10.822;7.793
2019-08-16;179.318;-0.059;14.57;10.612
2019-08-19;177.493;0.023;12.506;9.187
2019-08-20;178.238;-0.011;11.06;8.081
2019-08-21;178.012;-0.002;7.467;5.483
2019-08-22;176.87;0.049;8.794;6.514
2019-08-23;177.142;0.036;9.564;7.008
2019-08-26;177.33;0.026;8.263;6.075
2019-08-27;178.452;-0.025;10.477;7.65
2019-08-28;179.378;-0.068;11.343;8.242
2019-08-29;178.601;-0.034;10.972;8.0
2019-08-30;178.265;-0.02;11.885;8.663
2019-09-02;177.872;-0.003;12.915;9.432
2019-09-03;178.234;-0.02;13.021;9.518
2019-09-04;177.801;-0.001;9.664;7.069
2019-09-05;175.338;0.11;9.053;6.718
2019-09-06;176.622;0.051;9.607;7.083
2019-09-09;174.596;0.144;15.585;11.542
2019-09-10;173.478;0.195;16.95;12.599
2019-09-11;174.057;0.168;12.384;9.194
2019-09-12;173.863;0.175;7.256;5.445
2019-09-13;172.255;0.25;4.296;3.257
2019-09-16;172.963;0.216;6.844;5.121
2019-09-17;172.424;0.241;13.063;9.77
2019-09-18;173.831;0.174;10.274;7.643
2019-09-19;173.867;0.17;10.667;7.925
2019-09-20;174.163;0.156;11.186;8.295
2019-09-23;176.083;0.066;8.362;6.157
2019-09-24;176.529;0.045;10.825;7.944
2019-09-25;176.165;0.061;8.122;5.973
2019-09-26;177.024;0.02;2.717;1.998
2019-09-27;176.794;0.03;1.275;0.952
2019-09-30;176.661;0.035;0.743;0.584
2019-10-01;176.035;0.064;4.217;3.139
2019-10-02;175.201;0.102;7.556;5.582
2019-10-03;175.957;0.065;7.179;5.307
2019-10-04;175.662;0.078;8.329;6.157
2019-10-07;175.526;0.083;7.608;5.628
2019-10-08;175.971;0.062;6.118;4.519
2019-10-09;175.182;0.098;4.324;3.191
2019-10-10;173.795;0.161;4.787;3.549
2019-10-11;173.351;0.181;0.455;0.294
2019-10-14;173.762;0.161;1.061;0.733
2019-10-15;173.14;0.19;-0.016;-0.052
2019-10-16;172.68;0.211;-1.983;-1.524
2019-10-17;173.017;0.194;-0.28;-0.269
2019-10-18;172.25;0.229;-0.301;-0.266
2019-10-21;171.325;0.273;-0.258;-0.236
2019-10-22;171.86;0.247;1.599;1.149
2019-10-23;172.589;0.211;3.211;2.34
2019-10-24;172.84;0.198;0.581;0.369
2019-10-25;171.738;0.25;-0.377;-0.319
2019-10-28;170.967;0.286;1.07;0.753
2019-10-29;171.423;0.263;0.225;0.11
2019-10-30;171.354;0.266;-0.129;-0.16
2019-10-31;172.289;0.22;0.155;0.038
2019-11-01;171.414;0.261;2.97;2.18
2019-11-04;170.725;0.293;1.896;1.356
2019-11-05;170.269;0.315;1.041;0.723
2019-11-06;170.865;0.285;0.542;0.346
2019-11-07;168.847;0.381;1.985;1.433
2019-11-08;169.673;0.341;-0.144;-0.189
2019-11-11;168.935;0.376;2.399;1.751
2019-11-12;169.168;0.364;2.945;2.15
2019-11-13;170.039;0.321;3.235;2.377
2019-11-14;170.665;0.289;4.593;3.367
2019-11-15;170.606;0.291;3.063;2.233
2019-11-18;170.872;0.278;0.812;0.563
2019-11-19;170.67;0.287;2.524;1.833
2019-11-20;170.816;0.279;2.344;1.703
2019-11-21;170.325;0.301;3.465;2.546
2019-11-22;170.88;0.274;3.638;2.674
2019-11-25;170.718;0.281;2.785;2.035
2019-11-26;171.136;0.26;2.53;1.856
2019-11-27;171.302;0.252;2.974;2.196
2019-11-28;171.086;0.26;2.7;1.996
2019-11-29;171.185;0.255;1.596;1.171
2019-12-02;169.571;0.333;2.931;2.184
2019-12-03;170.898;0.268;3.464;2.536
2019-12-04;170.111;0.305;2.448;1.778
2019-12-05;169.56;0.33;4.28;3.174
2019-12-06;169.287;0.343;4.838;3.589
2019-12-09;169.682;0.323;4.261;3.143
2019-12-10;169.422;0.335;4.604;3.418
2019-12-11;169.883;0.312;4.668;3.457
2019-12-12;168.941;0.356;5.289;3.966
2019-12-13;169.756;0.316;3.431;2.558
2019-12-16;169.4;0.333;3.521;2.632
2019-12-17;169.741;0.316;2.703;2.018
2019-12-18;168.834;0.359;2.937;2.219
2019-12-19;168.57;0.371;2.618;1.968
2019-12-20;168.78;0.36;2.5;1.854
2019-12-23;168.427;0.375;2.679;2.019
2019-12-24;168.427;0.373;2.317;1.718
2019-12-25;168.427;0.373;2.304;1.723
2019-12-26;168.427;0.373;2.315;1.718
2019-12-27;168.552;0.367;2.206;1.638
2019-12-30;167.104;0.437;4.115;3.087
2020-01-01;167.104;0.437;3.796;2.845
2020-01-02;167.719;0.404;5.88;4.395
2020-01-03;168.701;0.355;6.162;4.608
2020-01-06;168.633;0.358;7.721;5.787
2020-01-07;168.637;0.357;7.69;5.752
2020-01-08;167.934;0.391;7.041;5.292
2020-01-09;167.737;0.399;4.861;3.639
2020-01-10;168.217;0.375;3.867;2.905
2020-01-13;167.173;0.426;4.841;3.635
2020-01-14;167.549;0.407;3.847;2.879
2020-01-15;168.18;0.375;2.039;1.521
2020-01-16;168.301;0.367;4.061;3.041
2020-01-17;168.236;0.37;3.807;2.855
2020-01-20;168.393;0.362;3.417;2.572
2020-01-21;169.132;0.325;3.13;2.348
2020-01-22;169.342;0.314;2.787;2.073
2020-01-23;170.411;0.259;1.098;0.785
2020-01-24;170.751;0.242;2.533;1.86
2020-01-27;171.912;0.185;3.413;2.508
2020-01-28;171.179;0.22;1.808;1.32
2020-01-29;172.051;0.177;-0.398;-0.337
2020-01-30;172.438;0.157;0.202;0.111
2020-01-31;172.922;0.133;1.354;0.958
2020-02-03;172.901;0.133;2.485;1.805
2020-02-04;172.004;0.176;2.887;2.126
2020-02-05;171.284;0.21;1.927;1.429
2020-02-06;171.41;0.202;1.553;1.133
2020-02-07;171.815;0.182;2.379;1.742
2020-02-10;172.422;0.152;2.418;1.794
2020-02-11;171.981;0.173;2.348;1.737
2020-02-12;172.139;0.165;0.452;0.338
2020-02-13;172.195;0.16;2.215;1.647
2020-02-14;172.36;0.151;2.794;2.079
2020-02-17;172.373;0.15;3.048;2.261
2020-02-18;172.474;0.145;4.221;3.151
2020-02-19;172.89;0.124;3.418;2.534
2020-02-20;173.733;0.082;3.642;2.695
2020-02-21;173.731;0.081;1.835;1.361
2020-02-24;174.221;0.057;3.706;2.728
2020-02-25;174.58;0.039;4.067;2.968
2020-02-26;174.127;0.06;3.494;2.578
2020-02-27;174.561;0.038;4.167;3.063
2020-02-28;175.484;-0.007;4.35;3.164
2020-03-02;175.729;-0.019;5.052;3.65
2020-03-03;176.243;-0.044;1.945;1.391
2020-03-04;176.15;-0.04;0.871;0.609
2020-03-05;176.741;-0.07;0.62;0.478
2020-03-06;177.194;-0.092;3.762;2.76
2020-03-09;178.647;-0.16;7.749;5.608
2020-03-10;177.1;-0.089;14.737;10.743
2020-03-11;177.469;-0.107;6.641;4.801
2020-03-12;172.741;0.116;37.592;27.785
2020-03-13;169.983;0.25;36.215;27.011
2020-03-16;167.227;0.387;50.582;38.049
2020-03-17;166.286;0.433;55.412;41.82
2020-03-18;164.044;0.547;48.472;36.945
2020-03-19;166.012;0.445;26.451;20.032
2020-03-20;167.974;0.345;26.442;19.861
2020-03-23;167.478;0.37;32.774;24.66
2020-03-24;165.603;0.464;34.79;26.393
2020-03-25;164.359;0.527;37.669;28.728
2020-03-26;167.203;0.381;24.43;18.461
2020-03-27;169.086;0.286;23.927;17.962
2020-03-30;168.57;0.311;27.226;20.459
2020-03-31;167.82;0.348;30.908;23.333
2020-04-01;167.798;0.348;33.818;25.484
2020-04-02;167.402;0.366;38.859;29.274
2020-04-03;166.916;0.39;41.888;31.627
2020-04-06;166.749;0.398;39.908;30.1
2020-04-07;164.899;0.492;41.49;31.466
2020-04-08;165.001;0.484;42.285;31.96
2020-04-09;166.392;0.412;39.816;29.889
2020-04-10;166.392;0.412;39.565;29.661
2020-04-13;166.392;0.412;39.561;29.661
2020-04-14;166.401;0.411;41.841;31.444
2020-04-15;167.533;0.353;41.69;31.187
2020-04-16;167.811;0.337;41.281;30.829
2020-04-17;167.707;0.342;41.078;30.706
2020-04-20;166.623;0.396;44.576;33.444
2020-04-21;166.612;0.396;46.914;35.186
2020-04-22;165.452;0.454;45.115;33.86
2020-04-23;166.659;0.391;41.873;31.213
2020-04-24;167.763;0.335;40.472;30.078
2020-04-27;167.846;0.33;37.347;27.759
2020-04-28;167.862;0.329;39.268;29.22
2020-04-29;168.591;0.289;36.162;26.822
2020-04-30;169.856;0.226;37.798;27.92
2020-05-01;169.856;0.226;37.659;27.791
2020-05-04;168.507;0.292;43.291;32.137
2020-05-05;168.506;0.292;44.568;33.122
2020-05-06;166.977;0.368;48.765;36.425
2020-05-07;167.444;0.343;48.617;36.19
2020-05-08;167.48;0.34;46.694;34.84
2020-05-11;166.864;0.371;50.784;37.981
2020-05-12;167.414;0.343;50.555;37.725
2020-05-13;167.969;0.314;49.579;36.881
2020-05-14;167.696;0.326;52.064;38.776
2020-05-15;167.274;0.347;53.906;40.198
2020-05-18;166.88;0.366;51.147;38.214
2020-05-19;167.529;0.332;48.121;35.833
2020-05-20;168.044;0.306;44.747;33.224
2020-05-21;168.26;0.293;44.501;33.037
2020-05-22;167.723;0.32;47.233;35.183
2020-05-25;167.8;0.315;46.881;34.898
2020-05-26;167.027;0.354;47.865;35.712
2020-05-27;167.545;0.327;43.527;32.424
2020-05-28;168.476;0.278;37.983;28.144
2020-05-29;168.947;0.254;37.601;27.847
2020-06-01;167.638;0.319;39.747;29.575
2020-06-02;168.14;0.293;38.529;28.687
2020-06-03;167.087;0.346;38.706;28.933
2020-06-04;166.95;0.351;34.975;26.163
2020-06-05;166.451;0.376;34.389;25.811
2020-06-08;167.365;0.328;32.605;24.365
2020-06-09;167.085;0.342;32.627;24.423
2020-06-10;167.245;0.333;33.891;25.34
2020-06-11;168.566;0.265;33.861;25.154
2020-06-12;169.054;0.239;32.879;24.404
2020-06-15;168.875;0.248;36.094;26.856
2020-06-16;169.181;0.232;31.731;23.547
2020-06-17;169.075;0.236;32.243;23.954
2020-06-18;169.874;0.194;30.207;22.344
2020-06-19;170.448;0.165;26.105;19.265
2020-06-22;170.938;0.14;25.01;18.491
2020-06-23;170.212;0.176;26.456;19.659
2020-06-24;170.858;0.143;24.566;18.216
2020-06-25;171.335;0.117;23.072;17.037
2020-06-26;171.317;0.118;25.376;18.748
2020-06-29;171.168;0.124;25.977;19.217
2020-06-30;170.751;0.144;26.927;20.01
2020-07-01;169.659;0.198;29.551;22.003
2020-07-02;170.612;0.149;25.607;19.009
2020-07-03;170.575;0.15;24.829;18.458
2020-07-06;170.751;0.14;23.566;17.503
2020-07-07;171.019;0.126;22.034;16.347
2020-07-08;171.202;0.117;22.676;16.83
2020-07-09;171.529;0.099;23.017;17.069
2020-07-10;171.62;0.093;23.032;17.074
2020-07-13;170.633;0.142;23.104;17.23
2020-07-14;171.403;0.103;22.822;16.946
2020-07-15;171.546;0.095;22.236;16.511
2020-07-16;171.673;0.087;22.295;16.579
2020-07-17;171.36;0.102;21.949;16.351
2020-07-20;172.009;0.069;20.213;15.027
2020-07-21;171.887;0.074;21.891;16.28
2020-07-22;172.385;0.049;21.112;15.672
2020-07-23;172.37;0.048;20.454;15.227
2020-07-24;171.761;0.077;21.205;15.814
2020-07-27;172.623;0.034;20.181;15.002
2020-07-28;172.78;0.026;20.551;15.261
2020-07-29;172.401;0.044;20.581;15.329
2020-07-30;173.111;0.007;20.255;15.032
2020-07-31;172.582;0.032;19.892;14.821
2020-08-03;172.818;0.02;19.352;14.421
2020-08-04;173.704;-0.024;16.91;12.572
2020-08-05;172.972;0.011;16.289;12.139
2020-08-06;173.474;-0.016;15.254;11.34
2020-08-07;173.377;-0.012;13.374;9.966
2020-08-10;173.739;-0.03;13.118;9.771
2020-08-11;172.96;0.007;11.891;8.9
2020-08-12;172.315;0.039;12.979;9.74
2020-08-13;171.2;0.092;16.163;12.14
2020-08-14;171.16;0.093;17.812;13.353
2020-08-17;171.754;0.063;17.032;12.763
2020-08-18;171.929;0.054;17.068;12.792
2020-08-19;172.175;0.041;16.327;12.234
2020-08-20;172.659;0.015;15.8;11.792
2020-08-21;172.669;0.014;15.893;11.854
2020-08-24;172.45;0.024;15.819;11.811
2020-08-25;171.29;0.081;17.17;12.863
2020-08-26;171.169;0.086;16.154;12.12
2020-08-27;170.716;0.107;15.843;11.888
2020-08-28;170.77;0.103;15.651;11.751
2020-08-31;170.549;0.114;17.17;12.908
2020-09-01;170.944;0.093;16.535;12.397
2020-09-02;172.162;0.032;14.63;10.94
2020-09-03;172.444;0.016;14.09;10.505
2020-09-04;171.952;0.04;15.874;11.846
2020-09-07;171.824;0.045;15.658;11.707
2020-09-08;172.552;0.009;13.848;10.315
2020-09-09;171.894;0.041;13.273;9.933
2020-09-10;171.48;0.059;13.655;10.224
2020-09-11;172.336;0.016;13.371;9.958
2020-09-14;172.481;0.008;12.463;9.277
2020-09-15;172.7;-0.003;11.339;8.427
2020-09-16;173.269;-0.032;8.278;6.161
2020-09-17;173.461;-0.044;7.931;5.891
2020-09-18;173.444;-0.044;7.013;5.211
2020-09-21;174.311;-0.087;5.699;4.215
2020-09-22;173.895;-0.067;4.833;3.591
2020-09-23;173.867;-0.067;5.289;3.924
2020-09-24;173.487;-0.05;7.174;5.313
2020-09-25;174.118;-0.082;6.254;4.605
2020-09-28;174.127;-0.083;5.036;3.715
2020-09-29;174.506;-0.102;4.127;3.042
2020-09-30;173.988;-0.077;4.859;3.615
2020-10-01;174.136;-0.087;4.408;3.279
2020-10-02;174.166;-0.089;4.032;2.979
2020-10-05;173.748;-0.069;4.257;3.195
2020-10-06;173.745;-0.07;3.372;2.519
2020-10-07;173.308;-0.049;4.75;3.563
2020-10-08;173.893;-0.08;3.296;2.473
2020-10-09;174.053;-0.088;1.423;1.091
2020-10-12;174.414;-0.107;0.953;0.733
2020-10-13;174.608;-0.117;1.571;1.195
2020-10-14;174.81;-0.127;3.658;2.746
2020-10-15;175.265;-0.152;3.095;2.345
2020-10-16;175.411;-0.16;2.692;2.051
2020-10-19;175.204;-0.15;4.375;3.283
2020-10-20;174.989;-0.14;1.524;1.195
2020-10-21;174.657;-0.125;1.707;1.322
2020-10-22;174.089;-0.099;2.603;1.975
2020-10-23;174.374;-0.114;0.904;0.73
2020-10-26;174.442;-0.118;1.427;1.111
2020-10-27;174.966;-0.144;2.401;1.865
2020-10-28;174.956;-0.145;2.966;2.28
2020-10-29;175.442;-0.17;-0.983;-0.625
2020-10-30;175.184;-0.159;-0.387;-0.168
2020-11-02;175.373;-0.169;-2.133;-1.469
2020-11-03;175.276;-0.164;-3.656;-2.593
2020-11-04;175.708;-0.186;-4.633;-3.298
2020-11-05;175.633;-0.185;-3.749;-2.658
2020-11-06;175.257;-0.167;-3.035;-2.137
2020-11-09;173.239;-0.068;0.225;0.266
2020-11-10;172.973;-0.056;-1.772;-1.23
2020-11-11;173.632;-0.089;-4.01;-2.883
2020-11-12;174.248;-0.122;-4.933;-3.549
2020-11-13;174.56;-0.138;-5.59;-4.043
2020-11-16;174.619;-0.141;-6.168;-4.453
2020-11-17;175.106;-0.166;-7.876;-5.696
2020-11-18;174.903;-0.157;-6.616;-4.764
2020-11-19;175.214;-0.174;-7.254;-5.234
2020-11-20;175.284;-0.178;-6.59;-4.764
2020-11-23;175.095;-0.17;-6.271;-4.528
2020-11-24;174.834;-0.158;-6.354;-4.587
2020-11-25;174.948;-0.164;-6.47;-4.679
2020-11-26;175.311;-0.184;-6.584;-4.77
2020-11-27;175.262;-0.182;-5.984;-4.322
2020-11-30;174.814;-0.161;-3.516;-2.51
2020-12-01;173.947;-0.119;-0.631;-0.396
2020-12-02;173.791;-0.112;-0.619;-0.401
2020-12-03;174.384;-0.143;-2.75;-1.945
2020-12-04;174.126;-0.131;-2.491;-1.78
2020-12-07;174.689;-0.16;-2.911;-2.084
2020-12-08;175.152;-0.183;-3.592;-2.577
2020-12-09;175.037;-0.178;-3.151;-2.236
2020-12-10;175.02;-0.18;-1.487;-1.029
2020-12-11;175.703;-0.214;-1.97;-1.376
2020-12-14;175.412;-0.201;-1.906;-1.333
2020-12-15;175.288;-0.195;-1.657;-1.159
2020-12-16;174.431;-0.153;-0.221;-0.081
2020-12-17;174.462;-0.157;-0.819;-0.519
2020-12-18;174.552;-0.162;-1.917;-1.334
2020-12-21;174.715;-0.171;-3.296;-2.341
2020-12-22;174.944;-0.183;-3.417;-2.424
2020-12-23;174.094;-0.144;-2.272;-1.582
2020-12-24;174.094;-0.145;-2.299;-1.62
2020-12-25;174.094;-0.145;-2.322;-1.619
2020-12-28;174.365;-0.159;-2.668;-1.869
2020-12-29;174.547;-0.169;-3.435;-2.45
2020-12-30;174.538;-0.171;-3.737;-2.684
2020-12-31;174.538;-0.172;-3.231;-2.313
2021-01-01;174.538;-0.172;-3.252;-2.312
2021-01-04;175.009;-0.196;-2.23;-1.568
2021-01-05;174.477;-0.17;-2.09;-1.48
2021-01-06;174.224;-0.158;-3.37;-2.393
2021-01-07;174.197;-0.159;-5.456;-3.954
2021-01-08;174.127;-0.156;-5.595;-4.026
2021-01-11;173.524;-0.127;-4.391;-3.165
2021-01-12;172.773;-0.09;-3.732;-2.674
2021-01-13;173.705;-0.137;-3.296;-2.339
2021-01-14;174.067;-0.158;-4.305;-3.083
2021-01-15;173.8;-0.145;-3.432;-2.446
2021-01-18;173.46;-0.129;-2.762;-1.951
2021-01-19;173.466;-0.13;-3.258;-2.329
2021-01-20;173.449;-0.13;-3.649;-2.606
2021-01-21;172.764;-0.097;-3.476;-2.508
2021-01-22;173.046;-0.112;-3.738;-2.687
2021-01-25;173.735;-0.148;-4.94;-3.582
2021-01-26;173.31;-0.127;-4.755;-3.435
2021-01-27;173.137;-0.119;-3.702;-2.693
2021-01-28;172.961;-0.112;-3.825;-2.771
2021-01-29;172.503;-0.09;-3.751;-2.728
2021-02-01;172.528;-0.092;-3.362;-2.444
2021-02-02;172.009;-0.066;-2.706;-1.95
2021-02-03;171.533;-0.043;-3.176;-2.315
2021-02-04;171.469;-0.042;-4.986;-3.655
2021-02-05;171.248;-0.031;-5.385;-3.958
2021-02-08;171.115;-0.025;-4.8;-3.52
2021-02-09;171.031;-0.021;-4.255;-3.118
2021-02-10;170.784;-0.009;-4.734;-3.505
2021-02-11;171.009;-0.023;-4.453;-3.274
2021-02-12;170.227;0.017;-3.957;-2.918
2021-02-15;169.372;0.06;-3.54;-2.606
2021-02-16;168.649;0.097;-3.724;-2.763
2021-02-17;168.866;0.085;-2.457;-1.792
2021-02-18;167.953;0.131;1.038;0.841
2021-02-19;167.359;0.161;-0.382;-0.228
2021-02-22;168.011;0.126;-0.173;-0.076
2021-02-23;167.392;0.158;1.888;1.495
2021-02-24;166.924;0.182;3.441;2.674
2021-02-25;165.71;0.245;4.524;3.529
2021-02-26;166.601;0.196;1.754;1.385
2021-03-01;168.11;0.116;0.45;0.368
2021-03-02;168.222;0.11;1.095;0.861
2021-03-03;166.908;0.178;0.903;0.732
2021-03-04;167.244;0.158;0.535;0.454
2021-03-05;167.037;0.169;-0.071;-0.014
2021-03-08;166.755;0.183;-1.051;-0.765
2021-03-09;167.233;0.157;-1.858;-1.355
2021-03-10;167.253;0.155;0.218;0.204
2021-03-11;167.617;0.134;-1.791;-1.316
2021-03-12;166.949;0.168;-1.997;-1.489
2021-03-15;167.173;0.156;-0.564;-0.396
2021-03-16;167.054;0.162;0.988;0.782
2021-03-17;165.969;0.219;2.196;1.701
2021-03-18;165.614;0.236;0.82;0.655
2021-03-19;166.11;0.208;-0.445;-0.326
2021-03-22;166.199;0.203;-0.166;-0.115
2021-03-23;166.803;0.17;-1.834;-1.372
2021-03-24;167.163;0.15;-2.784;-2.089
2021-03-25;167.7;0.12;-2.239;-1.68
2021-03-26;167.081;0.152;-2.778;-2.087
2021-03-29;166.501;0.182;-2.39;-1.806
2021-03-30;166.043;0.206;-1.657;-1.239
2021-03-31;166.072;0.201;-2.329;-1.784
2021-04-01;166.662;0.169;-2.482;-1.872
2021-04-02;166.662;0.169;-2.913;-2.215
2021-04-05;166.662;0.169;-2.91;-2.215
2021-04-06;166.376;0.183;-1.029;-0.76
2021-04-07;166.502;0.176;-0.663;-0.478
2021-04-08;166.559;0.171;-0.009;0.022
2021-04-09;165.94;0.203;1.197;0.941
2021-04-12;165.625;0.219;1.472;1.149
2021-04-13;165.592;0.22;1.283;1.026
2021-04-14;165.01;0.251;1.328;1.03
2021-04-15;165.604;0.217;0.839;0.653
2021-04-16;165.114;0.243;1.75;1.35
2021-04-19;164.729;0.263;1.99;1.544
2021-04-20;165.151;0.239;2.279;1.768
2021-04-21;165.221;0.235;1.827;1.418
2021-04-22;165.042;0.243;2.003;1.56
2021-04-23;165.082;0.24;1.877;1.454
2021-04-26;165.06;0.24;0.656;0.53
2021-04-27;164.904;0.248;0.696;0.568
2021-04-28;164.536;0.267;1.298;1.026
2021-04-29;163.607;0.316;2.319;1.816
2021-04-30;163.48;0.322;4.362;3.402
2021-05-03;163.539;0.318;3.357;2.621
2021-05-04;164.011;0.292;5.189;3.994
2021-05-05;163.69;0.309;6.357;4.914
2021-05-06;163.486;0.318;7.522;5.78
2021-05-07;163.015;0.343;10.247;7.926
2021-05-10;163.143;0.335;8.678;6.704
2021-05-11;162.236;0.385;10.859;8.427
2021-05-12;161.527;0.423;13.465;10.457
2021-05-13;161.347;0.431;16.194;12.602
2021-05-14;161.473;0.424;16.481;12.798
2021-05-17;161.028;0.448;17.792;13.867
2021-05-18;160.894;0.455;15.81;12.327
2021-05-19;161.05;0.445;15.591;12.159
2021-05-20;161.524;0.417;11.892;9.26
2021-05-21;161.891;0.396;12.103;9.392
2021-05-24;162.007;0.389;12.149;9.415
2021-05-25;162.662;0.352;9.583;7.416
2021-05-26;163.423;0.309;8.645;6.664
2021-05-27;162.823;0.34;8.579;6.648
2021-05-28;163.01;0.329;8.619;6.657
2021-05-31;163.138;0.321;8.097;6.263
2021-06-01;162.986;0.329;8.122;6.3
2021-06-02;163.405;0.305;7.295;5.64
2021-06-03;163.156;0.317;6.037;4.668
2021-06-04;163.536;0.295;5.232;4.038
2021-06-07;163.221;0.312;6.411;4.962
2021-06-08;163.771;0.281;5.427;4.208
2021-06-09;164.081;0.263;6.158;4.768
2021-06-10;164.077;0.262;5.76;4.456
2021-06-11;164.407;0.243;5.312;4.118
2021-06-14;163.876;0.271;5.762;4.484
2021-06-15;163.58;0.287;5.568;4.327
2021-06-16;163.791;0.275;5.601;4.343
2021-06-17;163.47;0.29;8.353;6.445
2021-06-18;163.414;0.293;10.945;8.428
2021-06-21;163.235;0.302;7.937;6.118
2021-06-22;163.139;0.306;7.802;6.014
2021-06-23;163.396;0.292;7.103;5.474
2021-06-24;163.541;0.282;6.162;4.753
2021-06-25;162.647;0.33;8.143;6.309
2021-06-28;163.356;0.29;6.192;4.777
2021-06-29;163.093;0.304;4.557;3.522
2021-06-30;163.935;0.257;3.062;2.389
2021-07-01;163.958;0.254;1.397;1.104
2021-07-02;164.554;0.22;0.722;0.569
2021-07-05;164.088;0.245;0.99;0.778
2021-07-06;165.22;0.182;-0.27;-0.198
2021-07-07;165.93;0.143;-1.025;-0.763
2021-07-08;165.89;0.143;0.416;0.354
2021-07-09;165.588;0.159;-0.206;-0.132
2021-07-12;165.57;0.159;-0.333;-0.229
2021-07-13;165.665;0.153;-2.084;-1.556
2021-07-14;166.129;0.127;-2.795;-2.104
2021-07-15;166.5;0.105;-3.515;-2.653
2021-07-16;166.81;0.088;-4.106;-3.087
2021-07-19;167.168;0.067;-2.95;-2.201
2021-07-20;167.478;0.05;-2.637;-1.934
2021-07-21;167.052;0.072;-2.876;-2.143
2021-07-22;167.639;0.038;-3.32;-2.474
2021-07-23;167.683;0.035;-4.53;-3.386
2021-07-26;167.364;0.052;-3.427;-2.549
2021-07-27;167.51;0.043;-2.718;-2.0
2021-07-28;167.332;0.052;-2.709;-1.989
2021-07-29;167.45;0.044;-2.704;-1.995
2021-07-30;167.572;0.036;-2.284;-1.687
2021-08-02;168.05;0.01;-1.371;-0.999
2021-08-03;167.919;0.016;-0.64;-0.443
2021-08-04;168.232;-0.001;-0.92;-0.652
2021-08-05;168.447;-0.015;-3.281;-2.427
2021-08-06;167.756;0.021;-3.2;-2.378
2021-08-09;167.926;0.011;-3.036;-2.248
2021-08-10;168.103;0.001;-4.034;-2.998
2021-08-11;167.918;0.01;-1.239;-0.884
2021-08-12;167.853;0.012;-1.447;-1.052
2021-08-13;167.883;0.009;-0.047;0.002
2021-08-16;167.734;0.017;-0.252;-0.152
2021-08-17;167.797;0.012;-1.094;-0.785
2021-08-18;168.003;0.001;-1.331;-0.966
2021-08-19;168.229;-0.014;-2.062;-1.514
2021-08-20;168.409;-0.024;-2.672;-1.969
2021-08-23;168.186;-0.013;-2.279;-1.68
2021-08-24;168.086;-0.008;-1.767;-1.307
2021-08-25;166.78;0.062;1.043;0.825
2021-08-26;166.384;0.081;1.923;1.494
2021-08-27;166.642;0.066;0.68;0.555
2021-08-30;166.981;0.047;-0.529;-0.363
2021-08-31;166.022;0.099;0.973;0.744
2021-09-01;165.86;0.107;0.581;0.448
2021-09-02;166.055;0.094;-1.199;-0.904
2021-09-03;165.803;0.107;-2.311;-1.75
2021-09-06;165.995;0.096;-3.559;-2.7
2021-09-07;165.123;0.143;-1.63;-1.22
2021-09-08;165.2;0.138;-1.924;-1.443
2021-09-09;166.065;0.088;-4.256;-3.216
2021-09-10;165.482;0.12;-4.017;-3.045
2021-09-13;165.376;0.125;-3.556;-2.691
2021-09-14;165.618;0.111;-3.731;-2.824
2021-09-15;164.851;0.152;-2.481;-1.868
2021-09-16;164.665;0.16;-2.816;-2.131
2021-09-17;164.278;0.181;-3.353;-2.547
2021-09-20;164.733;0.155;-3.368;-2.547
2021-09-21;164.743;0.154;-2.79;-2.105
2021-09-22;164.914;0.144;-2.32;-1.75
2021-09-23;163.736;0.207;-1.642;-1.249
2021-09-24;163.062;0.244;-0.878;-0.652
2021-09-27;162.971;0.249;-0.949;-0.725
2021-09-28;162.551;0.271;-0.978;-0.733
2021-09-29;162.701;0.262;-0.536;-0.39
2021-09-30;162.392;0.278;-0.093;-0.045
2021-10-01;162.904;0.248;-1.729;-1.306
2021-10-04;162.538;0.268;-1.32;-0.987
2021-10-05;162.107;0.292;-0.778;-0.586
2021-10-06;161.895;0.303;-0.56;-0.408
2021-10-07;162.031;0.293;-2.786;-2.146
2021-10-08;161.461;0.325;-3.719;-2.886
2021-10-11;161.057;0.347;-5.663;-4.381
2021-10-12;160.567;0.375;-5.385;-4.173
2021-10-13;161.468;0.322;-4.949;-3.816
2021-10-14;162.543;0.259;-5.173;-3.983
2021-10-15;162.064;0.286;-4.558;-3.505
2021-10-18;161.907;0.294;-5.689;-4.378
2021-10-19;161.117;0.338;-4.01;-3.095
2021-10-20;161.517;0.315;-4.503;-3.469
2021-10-21;161.234;0.329;-3.956;-3.037
2021-10-22;161.277;0.326;-4.618;-3.544
2021-10-25;161.368;0.32;-5.892;-4.538
2021-10-26;161.348;0.32;-4.412;-3.383
2021-10-27;162.436;0.257;-2.845;-2.137
2021-10-28;161.587;0.304;-1.714;-1.334
2021-10-29;160.727;0.352;2.471;1.916
2021-11-01;160.738;0.351;2.035;1.577
2021-11-02;161.836;0.287;0.44;0.351
2021-11-03;162.041;0.275;-0.829;-0.595
2021-11-04;162.726;0.234;-0.975;-0.733
2021-11-05;163.696;0.178;-0.322;-0.241
2021-11-08;162.923;0.221;0.078;0.082
2021-11-09;163.964;0.162;-0.149;-0.092
2021-11-10;162.759;0.229;-0.374;-0.271
2021-11-11;162.544;0.239;-2.698;-2.075
2021-11-12;162.934;0.216;-4.766;-3.649
2021-11-15;162.465;0.242;-4.107;-3.147
2021-11-16;162.467;0.241;-4.593;-3.517
2021-11-17;162.313;0.249;-2.434;-1.839
2021-11-18;163.087;0.203;-5.273;-4.044
2021-11-19;163.914;0.156;-4.548;-3.477
2021-11-22;163.153;0.198;-3.658;-2.79
2021-11-23;161.608;0.285;-1.644;-1.251
2021-11-24;161.549;0.288;-2.682;-2.025
2021-11-25;161.949;0.263;-4.161;-3.166
2021-11-26;163.13;0.195;-2.834;-2.146
2021-11-29;162.971;0.203;-5.104;-3.911
2021-11-30;164.052;0.142;-8.428;-6.39
2021-12-01;163.864;0.151;-6.46;-4.867
2021-12-02;164.271;0.126;-7.933;-6.015
2021-12-03;164.65;0.104;-8.721;-6.617
2021-12-06;164.639;0.104;-9.172;-6.935
2021-12-07;164.664;0.102;-9.262;-7.012
2021-12-08;163.528;0.165;-7.512;-5.687
2021-12-09;164.155;0.128;-8.253;-6.252
2021-12-10;164.107;0.13;-8.319;-6.31
2021-12-13;164.775;0.091;-8.613;-6.497
2021-12-14;164.472;0.108;-8.135;-6.141
2021-12-15;164.435;0.109;-10.66;-8.053
2021-12-16;163.915;0.136;-8.208;-6.217
2021-12-17;164.428;0.106;-9.121;-6.918
2021-12-20;164.167;0.12;-11.024;-8.355
2021-12-21;162.817;0.196;-9.251;-7.046
2021-12-22;162.575;0.209;-9.456;-7.214
2021-12-23;161.681;0.258;-8.986;-6.912
2021-12-24;161.681;0.258;-9.027;-6.915
2021-12-27;161.549;0.265;-8.343;-6.428
2021-12-28;161.603;0.261;-9.73;-7.456
2021-12-29;160.476;0.325;-8.517;-6.55
2021-12-30;160.446;0.325;-8.609;-6.647
2021-12-31;160.446;0.324;-8.421;-6.51
2022-01-03;159.663;0.369;-7.937;-6.145
2022-01-04;159.745;0.364;-7.555;-5.854
2022-01-05;159.953;0.351;-8.772;-6.782
2022-01-06;159.332;0.385;-7.604;-5.926
2022-01-07;159.05;0.401;-6.508;-5.08
2022-01-10;159.152;0.394;-9.013;-7.023
2022-01-11;158.974;0.404;-9.004;-7.018
2022-01-12;159.486;0.373;-2.768;-6.623
2022-01-13;160.064;0.337;-9.263;-7.18
2022-01-14;159.193;0.387;-9.291;-7.223
2022-01-17;158.741;0.413;-7.27;-5.675
2022-01-18;158.538;0.425;-6.451;-5.025
2022-01-19;158.384;0.433;-6.437;-5.03
2022-01-20;158.701;0.412;-7.951;-6.21
2022-01-21;159.202;0.382;-8.263;-6.456
2022-01-24;159.598;0.358;-9.264;-7.184
2022-01-25;159.02;0.391;-8.491;-6.601
2022-01-26;158.781;0.405;-6.691;-5.212
2022-01-27;158.707;0.407;-6.718;-5.255
2022-01-28;158.417;0.424;-7.466;-5.835
2022-01-31;157.524;0.476;-5.845;-4.552
2022-02-01;157.036;0.505;-5.665;-4.455
2022-02-02;157.145;0.497;-6.967;-5.479
2022-02-03;155.534;0.593;-3.944;-3.11
2022-02-04;154.689;0.643;-5.607;-4.46
2022-02-07;154.165;0.675;-7.932;-6.292
2022-02-08;153.221;0.732;-9.596;-7.642
2022-02-09;154.021;0.682;-10.402;-8.298
2022-02-10;152.65;0.765;-9.928;-7.899
2022-02-11;152.284;0.787;-13.15;-10.472
2022-02-14;152.284;0.787;-16.124;-12.876
2022-02-15;151.671;0.824;-10.406;-8.36
2022-02-16;151.675;0.824;-6.181;-4.979
2022-02-17;152.251;0.786;-8.201;-6.571
2022-02-18;152.477;0.771;-9.374;-7.487
2022-02-21;151.989;0.801;-7.265;-5.811
2022-02-22;151.633;0.822;-8.702;-6.901
2022-02-23;151.637;0.822;-8.527;-6.793
2022-02-24;152.509;0.765;-13.468;-10.734
2022-02-25;151.943;0.8;-16.837;-13.474
2022-02-28;153.183;0.722;-19.681;-15.634
2022-03-01;156.233;0.534;-23.209;-18.263
2022-03-02;154.039;0.667;-13.724;-10.832
2022-03-03;153.764;0.682;-12.378;-9.81
2022-03-04;154.481;0.637;-17.608;-13.858
2022-03-07;154.154;0.657;-18.321;-14.418
2022-03-08;152.709;0.746;-18.223;-14.42
2022-03-09;151.11;0.846;-16.703;-13.362
2022-03-10;150.008;0.914;-14.049;-11.287
2022-03-11;150.363;0.891;-15.963;-12.824
2022-03-14;148.57;1.005;-14.001;-11.347
2022-03-15;148.758;0.992;-14.245;-11.536
2022-03-16;148.293;1.022;-12.39;-10.037
2022-03-17;148.561;1.003;-9.432;-7.654
2022-03-18;148.765;0.989;-10.982;-8.896
2022-03-21;147.375;1.079;-10.474;-8.523
2022-03-22;146.924;1.107;-9.853;-8.037
2022-03-23;147.307;1.082;-6.483;-5.267
2022-03-24;146.728;1.118;-9.86;-8.034
2022-03-25;146.398;1.139;-12.308;-10.048
2022-03-28;146.508;1.131;-13.191;-10.765
2022-03-29;145.863;1.173;-14.007;-11.479
2022-03-30;145.433;1.201;-12.305;-10.128
2022-03-31;146.523;1.127;-13.673;-11.204
2022-04-01;146.074;1.156;-10.626;-8.737
2022-04-04;146.575;1.123;-10.583;-8.705
2022-04-05;144.549;1.257;-7.46;-6.138
2022-04-06;144.058;1.289;-9.667;-8.012
2022-04-07;143.509;1.325;-8.305;-6.942
2022-04-08;143.537;1.322;-13.853;-11.52
2022-04-11;142.539;1.389;-17.916;-14.987
2022-04-12;142.372;1.4;-17.101;-14.393
2022-04-13;142.598;1.382;-18.016;-15.095
2022-04-14;141.258;1.474;-19.165;-16.166
2022-04-15;141.258;1.474;-19.005;-16.078
2022-04-18;141.258;1.474;-19.003;-16.079
2022-04-19;140.296;1.54;-17.706;-15.002
2022-04-20;141.143;1.48;-17.862;-14.975
2022-04-21;139.989;1.559;-16.69;-14.211
2022-04-22;139.694;1.579;-17.754;-15.211
2022-04-25;140.873;1.496;-16.804;-14.421
2022-04-26;140.838;1.498;-14.86;-12.825
2022-04-27;140.806;1.5;-16.283;-13.835
2022-04-28;139.454;1.593;-17.67;-15.204
2022-04-29;138.626;1.651;-15.133;-13.071
2022-05-02;137.99;1.696;-14.628;-12.763
2022-05-03;138.096;1.688;-14.157;-12.405
2022-05-04;137.988;1.695;-12.688;-11.057
2022-05-05;136.805;1.778;-11.428;-10.048
2022-05-06;135.759;1.854;-15.014;-13.121
2022-05-09;135.908;1.842;-19.217;-16.86
2022-05-10;137.157;1.751;-20.253;-17.505
2022-05-11;137.535;1.724;-19.825;-17.004
2022-05-12;139.16;1.606;-12.154;-10.443
2022-05-13;137.762;1.705;-9.684;-8.526
2022-05-16;137.938;1.692;-7.695;-6.818
2022-05-17;136.914;1.765;-7.238;-6.323
2022-05-18;137.315;1.736;-8.823;-7.79
2022-05-19;138.281;1.665;-9.705;-8.633
2022-05-20;137.946;1.688;-6.377;-5.704
2022-05-23;136.951;1.759;-3.986;-3.7
2022-05-24;137.393;1.727;-4.206;-3.848
2022-05-25;137.522;1.717;-7.547;-6.792
2022-05-26;136.972;1.755;-10.393;-9.272
2022-05-27;137.567;1.712;-10.059;-8.831
2022-05-30;136.637;1.779;-8.335;-7.374
2022-05-31;135.836;1.836;-10.139;-8.975
2022-06-01;134.934;1.902;-8.385;-7.544
2022-06-02;134.292;1.948;-8.567;-7.745
2022-06-03;133.688;1.993;-6.623;-6.033
2022-06-06;133.029;2.042;-4.313;-4.029
2022-06-07;133.645;1.995;-7.828;-7.187
2022-06-08;132.916;2.049;-8.98;-8.097
2022-06-09;132.052;2.113;-7.424;-6.794
2022-06-10;130.634;2.221;-4.789;-4.538
2022-06-13;128.976;2.349;-5.624;-5.185
2022-06-14;126.935;2.509;-11.217;-10.311
2022-06-15;128.724;2.368;-14.748;-13.467
2022-06-16;128.256;2.403;-16.684;-15.232
2022-06-17;128.726;2.366;-13.713;-12.673
2022-06-20;127.205;2.486;-11.098;-10.345
2022-06-21;126.935;2.507;-10.685;-10.057
2022-06-22;128.871;2.353;-15.656;-14.34
2022-06-23;130.943;2.191;-13.104;-11.969
2022-06-24;130.976;2.188;-14.634;-13.23
2022-06-27;129.769;2.281;-15.277;-13.774
2022-06-28;128.486;2.381;-11.516;-10.48
2022-06-29;129.65;2.289;-15.645;-14.256
2022-06-30;131.258;2.164;-9.824;-9.038
2022-07-01;132.68;2.055;-12.007;-10.932
2022-07-04;131.09;2.176;-11.562;-10.544
2022-07-05;132.735;2.05;-13.236;-11.974
2022-07-06;132.828;2.043;-8.594;-7.858
2022-07-07;131.59;2.135;-10.17;-9.041
2022-07-08;131.018;2.179;-8.359;-7.694
2022-07-11;132.007;2.102;-9.449;-8.734
2022-07-12;133.778;1.968;-11.553;-10.489
2022-07-13;133.752;1.97;-9.121;-8.077
2022-07-14;133.338;1.999;-8.788;-7.941
2022-07-15;133.665;1.974;-9.714;-9.053
2022-07-18;132.683;2.048;-7.436;-6.895
2022-07-19;132.365;2.071;-9.654;-8.594
2022-07-20;132.426;2.066;-5.218;-5.107
2022-07-21;132.688;2.045;-4.789;-4.523
2022-07-22;135.065;1.866;-8.088;-7.748
2022-07-25;135.204;1.855;-5.274;-5.112
2022-07-26;136.429;1.764;-6.207;-5.826
2022-07-27;136.253;1.777;-6.568;-5.986
2022-07-28;137.887;1.656;-9.816;-8.958
2022-07-29;138.401;1.618;-12.268;-11.025
2022-08-01;138.857;1.585;-12.276;-11.138
2022-08-02;138.185;1.633;-10.847;-9.687
2022-08-03;137.751;1.664;-10.265;-9.244
2022-08-04;138.72;1.592;-12.231;-10.958
2022-08-05;136.911;1.723;-17.474;-15.332
2022-08-08;137.525;1.677;-16.786;-14.803
2022-08-09;137.069;1.71;-16.746;-14.756
2022-08-10;137.144;1.704;-14.816;-13.277
2022-08-11;135.967;1.789;-12.586;-11.342
2022-08-12;135.842;1.798;-10.264;-9.395
2022-08-15;136.901;1.719;-9.19;-8.377
2022-08-16;135.867;1.795;-6.86;-6.329
2022-08-17;134.502;1.896;-6.15;-5.63
2022-08-18;134.324;1.908;-5.888;-5.499
2022-08-19;132.602;2.038;-7.487;-6.905
2022-08-22;131.626;2.112;-10.143;-9.281
2022-08-23;131.328;2.135;-10.989;-10.086
2022-08-24;130.534;2.196;-12.333;-11.155
2022-08-25;130.994;2.159;-10.585;-9.716
2022-08-26;129.978;2.237;-10.164;-9.034
2022-08-29;128.695;2.338;-13.992;-12.322
2022-08-30;128.568;2.348;-11.17;-10.283
2022-08-31;128.356;2.364;-10.356;-9.413
2022-09-01;127.678;2.417;-9.212;-8.396
2022-09-02;127.923;2.397;-9.196;-8.522
2022-09-05;127.185;2.456;-10.61;-9.76
2022-09-06;126.911;2.478;-12.776;-11.735
2022-09-07;127.86;2.401;-10.654;-9.837
2022-09-08;126.767;2.488;-6.148;-5.539
2022-09-09;126.307;2.524;-2.894;-2.766
2022-09-12;126.809;2.483;-1.888;-1.913
2022-09-13;126.304;2.524;-6.241;-5.728
2022-09-14;126.774;2.485;-9.998;-8.982
2022-09-15;126.452;2.51;-7.473;-6.727
2022-09-16;126.598;2.498;-6.345;-5.769
2022-09-19;126.013;2.545;-5.589;-5.108
2022-09-20;124.649;2.657;-5.009;-4.602
2022-09-21;125.299;2.603;-9.669;-8.717
2022-09-22;124.561;2.663;-14.902;-13.187
2022-09-23;123.901;2.717;-13.847;-12.367
2022-09-26;122.489;2.836;-12.906;-11.573
2022-09-27;120.842;2.976;-14.458;-13.288
2022-09-28;121.913;2.884;-20.664;-18.879
2022-09-29;119.629;3.08;-6.916;-6.19
2022-09-30;120.502;3.004;-9.255;-8.344
2022-10-03;122.956;2.794;-12.215;-10.76
2022-10-04;123.536;2.745;-11.413;-9.919
2022-10-05;121.547;2.913;-9.235;-7.796
2022-10-06;121.325;2.931;-15.929;-14.311
2022-10-07;119.95;3.05;-18.183;-16.7
2022-10-10;118.622;3.166;-19.15;-17.987
2022-10-11;118.804;3.15;-18.387;-17.401
2022-10-12;118.238;3.199;-15.245;-14.559
2022-10-13;118.641;3.163;-12.864;-12.27
2022-10-14;117.414;3.272;-7.157;-7.088
2022-10-17;118.394;3.184;-7.408;-7.263
2022-10-18;118.293;3.193;-4.674;-4.67
2022-10-19;117.541;3.259;-0.519;-0.871
2022-10-20;117.456;3.266;-2.816;-3.06
2022-10-21;117.318;3.278;-0.39;-0.949
2022-10-24;118.594;3.164;-2.961;-3.422
2022-10-25;120.31;3.013;-1.118;-1.548
2022-10-26;120.816;2.969;-3.044;-3.302
2022-10-27;122.81;2.797;-8.971;-8.768
2022-10-28;121.544;2.905;-11.153;-10.347
2022-10-31;120.722;2.975;-8.397;-8.212
2022-11-01;120.833;2.966;-9.151;-8.984
2022-11-02;121.005;2.95;-9.246;-9.152
2022-11-03;120.087;3.029;-11.437;-11.25
2022-11-04;119.477;3.082;-9.022;-9.192
2022-11-07;119.356;3.093;-8.08;-8.388
2022-11-08;120.112;3.026;-4.947;-5.501
2022-11-09;121.097;2.94;-1.898;-2.784
2022-11-10;122.971;2.778;-6.07;-6.395
2022-11-11;121.079;2.94;1.727;0.842
2022-11-14;121.097;2.938;5.21;3.818
2022-11-15;121.789;2.878;4.907;3.705
2022-11-16;123.188;2.758;1.9;0.926
2022-11-17;123.107;2.764;-1.382;-1.872
2022-11-18;123.247;2.752;-2.543;-3.02
2022-11-21;123.469;2.733;-0.613;-1.271
2022-11-22;123.693;2.713;0.139;-0.605
2022-11-23;124.593;2.637;-2.014;-2.568
2022-11-24;125.557;2.556;-2.684;-3.059
2022-11-25;123.938;2.691;0.939;0.214
2022-11-28;123.73;2.708;1.985;0.891
2022-11-29;124.55;2.639;-2.35;-3.061
2022-11-30;124.459;2.646;-2.131;-2.698
2022-12-01;125.942;2.521;-3.751;-3.999
2022-12-02;125.55;2.553;-3.334;-3.58
2022-12-05;125.238;2.579;-1.39;-2.017
2022-12-06;125.801;2.532;0.284;-0.564
2022-12-07;126.11;2.506;-3.418;-3.782
2022-12-08;125.792;2.531;-0.733;-1.348
2022-12-09;124.327;2.653;4.829;3.612
2022-12-12;124.368;2.649;5.313;3.814
2022-12-13;124.43;2.643;3.161;2.033
2022-12-14;124.015;2.678;9.515;7.571
2022-12-15;122.352;2.819;14.211;12.384
2022-12-16;121.198;2.918;13.738;11.853
2022-12-19;120.647;2.966;15.71;13.623
2022-12-20;119.349;3.08;17.72;15.467
2022-12-21;119.381;3.077;12.055;10.288
2022-12-22;118.789;3.128;12.756;10.986
2022-12-23;118.499;3.154;12.451;10.876
2022-12-26;118.499;3.154;12.309;10.587
2022-12-27;117.057;3.284;13.996;12.39
2022-12-28;117.135;3.277;17.411;15.25
2022-12-29;117.957;3.201;15.279;13.395
2022-12-30;116.233;3.358;18.884;17.109
2023-01-02;117.683;3.226;19.259;17.033
2023-01-03;118.294;3.17;20.334;17.97
2023-01-04;119.768;3.038;16.619;14.336
2023-01-05;119.145;3.093;15.572;13.597
2023-01-06;120.184;3.0;17.856;15.449
2023-01-09;119.933;3.022;18.115;15.77
2023-01-10;119.302;3.078;17.672;15.465
2023-01-11;120.921;2.934;16.693;14.155
2023-01-12;121.778;2.859;14.202;12.188
2023-01-13;121.413;2.89;18.285;15.707
2023-01-16;121.399;2.891;18.372;15.85
2023-01-17;122.584;2.788;16.63;13.957
2023-01-18;123.829;2.681;9.421;7.661
2023-01-19;123.603;2.699;7.068;5.737
2023-01-20;121.803;2.854;11.871;10.045
2023-01-23;121.259;2.901;10.877;9.105
2023-01-24;122.053;2.831;8.069;6.504
2023-01-25;121.863;2.847;8.082;6.553
2023-01-26;120.993;2.922;11.397;9.805
2023-01-27;120.667;2.951;12.142;10.383
2023-01-30;119.757;3.031;14.165;12.284
2023-01-31;120.155;2.995;13.985;11.981
2023-02-01;120.143;2.996;15.609;13.44
2023-02-02;122.703;2.771;11.474;9.543
2023-02-03;121.184;2.903;14.478;12.46
2023-02-06;120.074;3.001;14.165;12.26
2023-02-07;119.594;3.043;14.166;12.351
2023-02-08;119.333;3.066;18.136;15.967
2023-02-09;120.056;3.001;17.082;14.925
2023-02-10;119.283;3.069;18.309;16.339
2023-02-13;119.387;3.06;16.421;14.424
2023-02-14;118.678;3.123;15.453;13.541
2023-02-15;118.004;3.184;18.102;15.955
2023-02-16;117.922;3.19;18.983;16.874
2023-02-17;118.245;3.161;18.585;16.44
2023-02-20;118.008;3.182;18.692;16.588
2023-02-21;117.06;3.269;20.688;18.431
2023-02-22;117.099;3.265;17.835;15.937
2023-02-23;117.624;3.216;15.672;14.093
2023-02-24;116.961;3.276;15.963;14.4
2023-02-27;116.462;3.322;15.526;13.916
2023-02-28;115.783;3.385;15.583;14.005
2023-03-01;115.173;3.442;17.703;16.078
2023-03-02;114.806;3.476;17.661;16.065
2023-03-03;115.261;3.433;17.109;15.645
2023-03-06;114.933;3.463;20.666;18.95
2023-03-07;115.447;3.415;20.128;18.425
2023-03-08;115.955;3.367;19.717;17.903
2023-03-09;115.982;3.364;19.922;18.174
2023-03-10;117.361;3.236;14.863;13.408
2023-03-13;119.551;3.036;8.593;7.377
2023-03-14;117.86;3.189;14.576;13.528
2023-03-15;120.575;2.944;4.141;3.419
2023-03-16;118.921;3.091;9.698;8.962
2023-03-17;120.592;2.941;7.895;7.154
2023-03-20;120.725;2.929;5.518;4.949
2023-03-21;118.815;3.1;14.863;13.628
2023-03-22;118.537;3.125;13.211;12.094
2023-03-23;119.746;3.015;10.138;9.211
2023-03-24;120.411;2.955;8.974;8.18
2023-03-27;119.521;3.034;10.514;9.824
2023-03-28;118.804;3.099;11.936;11.019
2023-03-29;118.599;3.117;11.624;10.656
2023-03-30;118.123;3.16;11.198;10.253
2023-03-31;119.009;3.079;10.792;9.713
2023-04-03;119.437;3.04;12.095;10.912
2023-04-04;119.092;3.07;16.016;14.424
2023-04-05;119.667;3.017;17.337;15.792
2023-04-06;119.51;3.031;18.16;16.576
2023-04-07;119.51;3.031;18.446;16.815
2023-04-10;119.51;3.031;18.505;16.811
2023-04-11;118.208;3.149;19.93;18.234
2023-04-12;117.758;3.19;19.626;17.722
2023-04-13;117.622;3.201;21.026;18.828
2023-04-14;117.025;3.256;22.745;20.438
2023-04-17;116.782;3.278;21.091;18.6
2023-04-18;116.758;3.28;20.186;17.827
2023-04-19;116.341;3.319;19.283;17.013
2023-04-20;117.009;3.256;16.935;14.768
2023-04-21;116.618;3.292;18.044;15.908
2023-04-24;116.457;3.307;16.847;14.645
2023-04-25;117.701;3.191;15.505;13.274
2023-04-26;117.463;3.212;15.167;12.963
2023-04-27;116.772;3.275;17.259;15.381
2023-04-28;118.302;3.133;14.742;12.769
2023-05-01;118.302;3.133;14.652;12.484
2023-05-02;118.816;3.086;14.295;12.211
2023-05-03;119.053;3.064;13.303;11.261
2023-05-04;119.308;3.04;15.173;13.016
2023-05-05;118.387;3.124;15.214;13.487
2023-05-08;118.152;3.145;15.186;13.258
2023-05-09;117.644;3.191;17.519;15.476
2023-05-10;118.387;3.122;16.287;14.213
2023-05-11;119.142;3.052;14.839;12.953
2023-05-12;118.545;3.107;15.901;14.0
2023-05-15;118.181;3.14;17.687;15.474
2023-05-16;117.655;3.188;18.726;16.54
2023-05-17;117.784;3.176;18.351;16.117
2023-05-18;116.553;3.29;19.403;17.301
2023-05-19;116.863;3.26;18.257;16.143
2023-05-22;116.593;3.285;18.835;16.593
2023-05-23;116.465;3.297;18.425;16.187
2023-05-24;116.399;3.303;19.145;16.807
2023-05-25;115.841;3.355;19.832;17.583
2023-05-26;115.796;3.359;18.825;16.703
2023-05-29;116.941;3.25;17.732;15.349
2023-05-30;117.968;3.154;16.635;14.277
2023-05-31;118.572;3.098;14.64;12.469
2023-06-01;118.927;3.065;14.979;13.067
2023-06-02;118.421;3.111;15.633;13.713
2023-06-05;117.799;3.168;17.118;14.962
2023-06-06;117.902;3.158;16.882;14.846
2023-06-07;116.91;3.25;18.631;16.503
2023-06-08;117.486;3.196;18.624;16.503
2023-06-09;117.868;3.16;18.018;15.913
2023-06-12;117.923;3.154;;
2023-06-13;117.529;3.191;17.72;15.39
2023-06-14;117.174;3.224;19.385;17.031
2023-06-15;116.791;3.258;18.382;16.333
2023-06-16;117.472;3.194;15.032;13.162
2023-06-19;116.886;3.249;15.649;13.601
2023-06-20;118.036;3.141;15.332;13.078
2023-06-21;117.627;3.179;15.908;13.762
2023-06-22;117.043;3.233;16.324;14.358
2023-06-23;118.535;3.093;14.692;12.53
2023-06-26;118.911;3.058;14.179;12.029
2023-06-27;118.512;3.095;13.537;11.472
2023-06-28;118.893;3.059;13.764;11.574
2023-06-29;117.81;3.159;15.122;13.178
2023-06-30;118.064;3.135;15.183;13.199
2023-07-03;117.623;3.175;15.505;13.391
2023-07-04;117.355;3.2;15.871;13.82
2023-07-05;117.134;3.221;15.159;13.14
2023-07-06;115.446;3.38;15.511;13.807
2023-07-07;115.419;3.382;14.427;12.645
2023-07-10;115.352;3.388;15.657;13.764
2023-07-11;115.177;3.405;16.632;14.695
2023-07-12;116.31;3.296;15.147;13.106
2023-07-13;117.114;3.219;14.541;12.691
2023-07-14;116.75;3.253;15.861;14.029
2023-07-17;117.102;3.22;16.049;13.971
2023-07-18;118.099;3.126;16.038;13.779
2023-07-19;117.512;3.181;15.791;13.777
2023-07-20;116.973;3.23;14.681;12.93
2023-07-21;117.187;3.21;13.855;12.077
2023-07-24;117.636;3.167;14.14;12.156
2023-07-25;117.564;3.174;15.297;13.224
2023-07-26;116.936;3.233;16.407;14.416
2023-07-27;117.075;3.218;16.14;14.201
2023-07-28;116.714;3.252;17.505;15.465
2023-07-31;116.816;3.242;17.284;15.339
2023-08-01;116.055;3.314;18.448;16.364
2023-08-02;116.197;3.301;18.291;16.239
2023-08-03;115.599;3.357;16.141;14.521
2023-08-04;116.046;3.314;17.112;15.42
2023-08-07;115.591;3.357;15.844;14.173
2023-08-08;116.992;3.223;14.19;12.65
2023-08-09;116.672;3.253;15.399;13.82
2023-08-10;116.36;3.282;15.806;14.374
2023-08-11;115.356;3.378;16.029;14.717
2023-08-14;115.172;3.395;17.095;15.55
2023-08-15;114.727;3.438;17.922;16.444
2023-08-16;114.948;3.417;17.656;16.125
2023-08-17;114.316;3.477;16.808;15.691
2023-08-18;115.232;3.388;15.495;14.317
2023-08-21;114.473;3.461;16.506;15.329
2023-08-22;115.189;3.391;16.124;14.831
2023-08-23;116.465;3.269;15.086;13.592
2023-08-24;116.47;3.267;15.119;13.87
2023-08-25;116.033;3.309;14.725;13.574
2023-08-28;116.087;3.303;14.384;13.207
2023-08-29;116.667;3.247;15.501;14.16
2023-08-30;116.328;3.279;15.91;14.563
2023-08-31;117.181;3.197;14.382;13.001
2023-09-01;116.232;3.287;15.304;14.09
2023-09-04;116.159;3.294;14.185;12.913
2023-09-05;115.718;3.336;15.686;14.394
2023-09-06;115.212;3.385;18.893;17.489
2023-09-07;115.635;3.343;17.318;16.103
2023-09-08;115.598;3.346;18.149;16.853
2023-09-11;115.256;3.379;18.954;17.533
2023-09-12;115.171;3.387;19.482;18.067
2023-09-13;115.135;3.39;18.42;17.071
2023-09-14;115.827;3.322;18.259;16.934
2023-09-15;114.849;3.417;20.76;19.357
2023-09-18;114.58;3.443;20.161;18.784
2023-09-19;114.315;3.469;20.731;19.334
2023-09-20;114.759;3.425;19.351;18.004
2023-09-21;114.34;3.465;19.214;17.976
2023-09-22;114.204;3.478;19.63;18.388
2023-09-25;113.564;3.541;18.97;17.867
2023-09-26;113.31;3.566;21.086;19.929
2023-09-27;112.897;3.607;22.625;21.203
2023-09-28;112.046;3.692;22.334;21.159
2023-09-29;112.899;3.606;20.662;19.49
2023-10-02;112.098;3.686;19.885;18.771
2023-10-03;111.441;3.752;21.427;20.388
2023-10-04;111.958;3.7;21.113;20.01
2023-10-05;112.125;3.682;23.243;22.133
2023-10-06;112.032;3.691;23.168;22.273
2023-10-09;113.098;3.584;22.376;21.458
2023-10-10;113.385;3.555;19.633;18.774
2023-10-11;114.043;3.49;19.656;18.864
2023-10-12;113.214;3.571;20.646;19.814
2023-10-13;113.584;3.534;21.109;20.024
2023-10-16;113.188;3.573;21.306;20.327
2023-10-17;112.227;3.67;22.846;21.781
2023-10-18;111.736;3.719;23.865;23.03
2023-10-19;111.78;3.714;21.691;20.938
2023-10-20;112.191;3.672;19.362;18.588
2023-10-23;112.572;3.633;18.227;17.456
2023-10-24;112.768;3.613;20.96;20.025
2023-10-25;111.989;3.692;23.294;22.397
2023-10-26;112.284;3.661;24.017;23.194
2023-10-27;112.658;3.623;23.071;22.246
2023-10-30;112.834;3.605;22.229;21.177
2023-10-31;112.903;3.598;22.918;21.893
2023-11-01;113.341;3.554;23.875;22.805
2023-11-02;113.979;3.49;23.729;22.775
2023-11-03;114.821;3.406;23.286;22.303
2023-11-06;113.789;3.508;26.752;25.531
2023-11-07;114.631;3.424;25.988;24.617
2023-11-08;115.172;3.371;25.265;23.86
2023-11-09;114.836;3.403;24.822;23.727
2023-11-10;114.213;3.464;26.062;24.95
2023-11-13;114.356;3.45;25.607;24.274
2023-11-14;115.677;3.319;23.249;21.737
2023-11-15;115.187;3.367;22.999;21.726
2023-11-16;115.629;3.323;22.327;21.245
2023-11-17;115.644;3.321;22.813;21.736
2023-11-20;115.488;3.336;24.664;23.331
2023-11-21;115.935;3.292;24.438;22.939
2023-11-22;116.095;3.276;22.874;21.513
2023-11-23;115.415;3.342;23.142;22.052
2023-11-24;115.262;3.357;22.891;21.79
2023-11-27;116.16;3.268;21.874;20.655
2023-11-28;116.545;3.231;22.653;21.413
2023-11-29;117.177;3.169;22.666;21.128
2023-11-30;116.958;3.189;23.426;22.053
2023-12-01;117.957;3.093;22.502;21.116
2023-12-04;117.951;3.093;25.424;23.881
2023-12-05;119.3;2.964;23.956;22.196
2023-12-06;120.018;2.896;20.077;18.592
2023-12-07;120.028;2.894;21.263;19.809
2023-12-08;119.024;2.989;23.035;21.71
2023-12-11;119.057;2.985;23.121;21.493
2023-12-12;119.616;2.932;22.983;21.233
2023-12-13;120.261;2.871;22.103;20.352
2023-12-14;120.964;2.804;21.042;19.494
2023-12-15;121.971;2.711;21.982;20.237
2023-12-18;121.311;2.771;21.888;20.249
2023-12-19;122.198;2.689;19.61;17.946
2023-12-20;122.685;2.644;20.004;18.174
2023-12-21;122.723;2.638;18.799;17.423
2023-12-22;122.705;2.639;17.819;16.593
2023-12-25;122.705;2.639;18.134;16.597
2023-12-27;123.394;2.576;18.911;17.181
2023-12-28;122.712;2.637;20.65;18.944
2023-12-29;121.759;2.724;22.372;20.762
2024-01-01;121.759;2.724;22.726;20.776
2024-01-02;121.302;2.766;24.514;22.414
2024-01-03;121.658;2.733;25.99;23.65
2024-01-04;120.654;2.825;25.56;23.67
2024-01-05;120.31;2.857;25.042;23.075
2024-01-08;120.568;2.832;24.788;22.574
2024-01-09;120.041;2.881;23.736;21.821
2024-01-10;119.775;2.906;24.568;22.726
2024-01-11;119.857;2.897;25.2;23.336
2024-01-12;120.424;2.843;25.023;23.06
2024-01-15;119.873;2.895;26.712;24.714
2024-01-16;119.612;2.919;26.775;24.887
2024-01-17;119.026;2.975;28.855;26.985
2024-01-18;118.685;3.006;27.621;25.803
2024-01-19;118.901;2.985;26.141;24.491
2024-01-22;119.35;2.942;26.203;24.237
2024-01-23;118.717;3.002;25.596;23.748
2024-01-24;118.797;2.994;26.379;24.511
2024-01-25;119.398;2.936;25.573;23.752
2024-01-26;119.352;2.94;25.524;23.873
2024-01-29;120.057;2.872;24.73;22.781
2024-01-30;119.676;2.908;25.14;23.358
2024-01-31;120.632;2.817;23.862;21.979
2024-02-01;120.725;2.807;25.299;23.478
2024-02-02;119.838;2.891;25.596;23.986
2024-02-05;119.089;2.962;25.753;23.862
2024-02-06;119.254;2.946;27.071;24.912
2024-02-07;118.934;2.976;27.574;25.522
2024-02-08;118.629;3.004;27.009;25.263
2024-02-09;118.389;3.027;26.821;25.117
2024-02-12;118.739;2.993;26.229;24.292
2024-02-13;118.532;3.012;25.653;23.966
2024-02-14;119.219;2.946;24.873;23.007
2024-02-15;119.024;2.964;24.431;22.703
2024-02-16;118.693;2.995;24.365;22.834
2024-02-19;118.627;3.001;24.048;22.356
2024-02-20;118.976;2.967;24.459;22.574
2024-02-21;118.211;3.041;26.074;24.257
2024-02-22;118.473;3.014;24.338;22.826
2024-02-23;119.408;2.924;22.85;21.28
2024-02-26;118.45;3.016;24.076;22.549
2024-02-27;118.108;3.049;25.158;23.478
2024-02-28;118.225;3.037;25.946;24.062
2024-02-29;118.695;2.99;27.038;25.114
2024-03-01;118.522;3.007;29.035;26.997
2024-03-04;118.943;2.966;27.981;25.782
2024-03-05;119.755;2.887;27.379;25.004
2024-03-06;119.913;2.872;26.627;24.333
2024-03-07;120.124;2.85;25.676;23.506
2024-03-08;120.441;2.82;27.268;24.92
2024-03-11;119.993;2.862;28.868;26.365
2024-03-12;119.839;2.876;29.423;26.827
2024-03-13;119.562;2.903;28.425;25.982
2024-03-14;118.853;2.97;29.358;26.95
2024-03-15;118.821;2.973;27.519;25.27
2024-03-18;118.773;2.977;26.764;24.526
2024-03-19;118.741;2.98;27.63;25.314
2024-03-20;118.821;2.972;27.558;25.221
2024-03-21;119.04;2.949;26.922;24.598
2024-03-22;119.598;2.895;28.533;25.979
2024-03-25;119.087;2.944;29.763;27.18
2024-03-26;119.26;2.927;30.215;27.589
2024-03-27;119.7;2.882;30.823;28.09
2024-03-28;119.561;2.895;33.207;30.328
2024-03-29;119.561;2.895;32.028;29.248
2024-04-02;118.399;3.008;33.957;31.243
2024-04-03;118.633;2.984;31.933;29.436
2024-04-04;119.045;2.943;31.273;28.718
2024-04-05;118.502;2.996;32.263;29.753
2024-04-08;118.342;3.011;31.399;28.844
2024-04-09;119.062;2.94;30.319;27.638
2024-04-10;118.446;3.0;30.216;27.801
2024-04-11;118.144;3.028;29.002;26.725
2024-04-12;119.112;2.933;26.926;24.66
2024-04-15;118.141;3.028;28.894;26.708
2024-04-16;117.613;3.079;27.749;25.616
2024-04-17;117.899;3.051;28.835;26.544
2024-04-18;117.619;3.077;28.217;26.182
2024-04-19;117.572;3.081;29.194;27.064
2024-04-22;117.811;3.057;27.145;24.995
2024-04-23;117.641;3.074;27.418;25.297
2024-04-24;116.747;3.162;27.833;25.858
2024-04-25;116.384;3.197;27.908;26.214
2024-04-26;116.983;3.137;28.41;26.542
2024-04-29;117.634;3.072;26.551;24.662
2024-04-30;117.136;3.121;27.203;25.452
2024-05-02;117.48;3.085;27.165;25.317
2024-05-03;117.933;3.04;27.114;25.277
2024-05-06;118.103;3.023;27.736;25.69
2024-05-07;118.63;2.971;27.846;25.639
2024-05-08;118.22;3.011;27.518;25.414
2024-05-09;117.729;3.058;28.999;27.035
2024-05-10;117.54;3.076;29.279;27.342
2024-05-13;117.606;3.069;29.656;27.47
2024-05-14;117.198;3.11;30.14;27.977
2024-05-15;118.492;2.981;28.751;26.453
2024-05-16;118.167;3.012;28.122;26.13
2024-05-17;117.627;3.065;28.417;26.526
2024-05-20;117.571;3.07;28.019;26.004
2024-05-21;117.783;3.049;29.063;26.91
2024-05-22;117.462;3.08;29.571;27.425
2024-05-23;116.942;3.131;30.27;28.338
2024-05-24;117.012;3.124;29.897;27.999
2024-05-27;117.402;3.084;29.118;27.046
2024-05-28;116.855;3.139;30.898;28.903
2024-05-29;115.8;3.244;32.795;30.756
2024-05-30;116.059;3.217;34.783;32.685
2024-05-31;115.994;3.223;34.299;32.395
2024-06-03;116.837;3.138;34.01;31.678
2024-06-04;117.055;3.116;35.773;33.253
2024-06-05;117.276;3.093;35.218;32.69
2024-06-06;116.903;3.13;34.739;32.549
2024-06-07;116.25;3.195;35.248;33.196
2024-06-10;115.317;3.289;38.843;36.532
2024-06-11;115.754;3.245;36.933;34.659
2024-06-12;116.653;3.153;36.793;34.26
2024-06-13;116.554;3.162;40.324;37.749
2024-06-14;117.222;3.095;39.24;36.621
2024-06-17;116.926;3.124;38.431;35.914
2024-06-18;117.161;3.1;39.23;36.652
2024-06-19;116.892;3.127;40.712;38.061
2024-06-20;116.838;3.131;38.097;35.788
2024-06-21;116.844;3.13;38.345;35.973
2024-06-24;117.074;3.106;35.674;33.416
2024-06-25;117.296;3.084;34.157;31.912
2024-06-26;116.689;3.144;35.841;33.542
2024-06-27;116.529;3.159;36.623;34.409
2024-06-28;116.405;3.172;34.994;32.929
2024-07-01;115.581;3.255;37.46;35.253
2024-07-02;115.863;3.226;36.127;33.971
2024-07-03;116.383;3.173;36.413;34.071
2024-07-04;116.121;3.198;35.865;33.764
2024-07-05;116.555;3.154;36.636;34.364
2024-07-08;116.863;3.122;34.44;32.102
2024-07-09;116.117;3.198;38.565;36.115
2024-07-10;116.682;3.14;37.383;34.799
2024-07-11;117.324;3.074;36.373;33.869
2024-07-12;117.0;3.106;36.354;33.965
2024-07-15;117.35;3.071;34.813;32.415
2024-07-16;117.724;3.033;35.624;33.082
2024-07-17;117.81;3.024;34.832;32.408
2024-07-18;117.723;3.031;33.905;31.778
2024-07-19;117.363;3.067;34.856;32.622
2024-07-22;117.207;3.082;34.876;32.514
2024-07-23;117.723;3.03;33.6;31.164
2024-07-24;117.595;3.042;33.92;31.392
2024-07-25;117.699;3.031;34.745;32.421
2024-07-26;117.716;3.029;35.338;33.066
2024-07-29;118.126;2.987;35.892;33.277
2024-07-30;118.267;2.973;36.652;33.883
2024-07-31;118.67;2.932;36.199;33.403
2024-08-01;118.931;2.905;37.535;34.78
2024-08-02;119.255;2.872;39.634;36.317
2024-08-05;119.053;2.892;39.662;36.484
2024-08-06;119.23;2.874;40.124;36.075
2024-08-07;118.704;2.926;40.398;35.899
2024-08-08;118.699;2.925;40.407;36.05
2024-08-09;119.102;2.885;38.588;35.914
2024-08-12;119.087;2.886;41.278;36.741
2024-08-13;119.566;2.838;40.863;36.17
2024-08-14;119.606;2.833;41.561;36.942
2024-08-15;118.926;2.9;41.235;37.369
2024-08-16;118.988;2.893;42.145;38.056
2024-08-19;119.064;2.885;40.278;37.294
2024-08-20;119.313;2.86;43.664;38.875
2024-08-21;119.663;2.825;40.275;37.031
2024-08-22;119.104;2.879;40.49;37.512
2024-08-23;119.356;2.853;40.04;37.123
2024-08-26;119.137;2.875;39.388;36.356
2024-08-27;118.567;2.931;41.924;38.882
2024-08-28;118.867;2.901;43.536;38.856
2024-08-29;118.852;2.901;41.997;37.56
2024-08-30;118.578;2.928;41.115;38.338
2024-09-02;118.421;2.943;41.059;36.902
2024-09-03;118.839;2.901;41.174;38.113
2024-09-04;119.38;2.847;39.488;36.423
2024-09-05;119.514;2.832;40.306;37.191
2024-09-06;119.73;2.81;41.384;38.136
2024-09-09;119.71;2.812;44.053;39.24
2024-09-10;120.092;2.773;43.439;38.59
2024-09-11;120.251;2.757;42.4;37.581
2024-09-12;119.968;2.784;40.9;37.699
2024-09-13;120.051;2.775;41.209;36.483
2024-09-16;120.248;2.755;42.284;37.325
2024-09-17;119.991;2.78;40.772;37.427
2024-09-18;119.428;2.836;42.152;38.837
2024-09-19;119.309;2.846;42.258;38.921
2024-09-20;119.024;2.875;45.369;41.831
2024-09-23;119.423;2.834;45.382;41.702
2024-09-24;119.598;2.816;44.275;40.654
2024-09-25;119.159;2.86;47.721;43.91
2024-09-26;119.012;2.873;48.628;44.758
2024-09-27;119.639;2.81;49.399;43.928
2024-09-30;119.745;2.799;49.257;43.995
2024-10-01;120.699;2.704;46.245;42.43
2024-10-02;120.186;2.754;46.057;42.378
2024-10-03;119.444;2.827;50.05;44.962
2024-10-04;118.936;2.877;48.754;44.049
2024-10-07;118.494;2.922;47.734;43.159
2024-10-08;118.671;2.903;45.954;42.726
2024-10-09;118.524;2.918;45.648;42.525
2024-10-10;118.667;2.902;44.577;41.543
2024-10-11;118.579;2.91;46.281;43.096
2024-10-14;118.527;2.915;48.046;44.629
2024-10-15;119.113;2.856;49.312;44.294
2024-10-16;119.463;2.82;48.61;43.511
2024-10-17;119.231;2.842;47.866;44.486
2024-10-18;119.627;2.802;47.155;43.75
2024-10-21;118.534;2.912;50.652;47.377
2024-10-22;118.202;2.945;53.586;48.858
2024-10-23;118.398;2.925;53.065;48.125
2024-10-24;118.792;2.883;50.731;47.61
2024-10-25;118.319;2.931;56.224;51.532
2024-10-28;118.57;2.905;55.596;50.602
2024-10-29;117.969;2.966;61.05;55.884
2024-10-30;117.554;3.008;60.854;55.948
2024-10-31;117.502;3.012;62.376;57.57
2024-11-01;117.166;3.046;66.117;60.906
2024-11-04;117.454;3.016;62.09;58.151
2024-11-05;117.27;3.035;59.509;55.742
2024-11-06;117.159;3.046;67.041;62.774
2024-11-07;116.782;3.083;71.261;66.013
2024-11-08;117.594;2.999;69.83;64.412
2024-11-11;117.991;2.958;69.942;65.366
2024-11-12;117.637;2.994;70.078;65.718
2024-11-13;117.641;2.993;71.513;65.867
2024-11-14;118.094;2.946;71.327;65.664
2024-11-15;117.948;2.96;73.265;67.432
2024-11-18;118.767;2.876;65.135;59.625
2024-11-19;118.22;2.931;64.597;60.634
2024-11-20;117.997;2.954;64.5;60.536
2024-11-21;118.09;2.943;64.571;60.551
2024-11-22;118.698;2.88;67.093;60.994
2024-11-25;118.936;2.856;66.016;61.561
2024-11-26;118.842;2.865;65.931;61.656
2024-11-27;119.361;2.812;62.637;58.434
2024-11-28;119.95;2.751;61.094;55.25
2024-11-29;120.462;2.699;58.236;54.068
2024-12-02;120.597;2.685;64.769;58.151
2024-12-03;120.645;2.68;65.26;58.871
2024-12-04;120.735;2.671;63.36;57.228
2024-12-05;120.679;2.675;59.04;53.372
2024-12-06;120.734;2.669;60.376;54.502
2024-12-09;120.744;2.667;58.283;53.858
2024-12-10;120.63;2.678;60.442;54.355
2024-12-11;120.363;2.705;60.681;56.137
2024-12-12;119.375;2.803;63.258;58.92
2024-12-13;118.7;2.871;65.318;61.148
2024-12-16;118.712;2.87;69.019;62.86
2024-12-17;118.799;2.86;69.432;63.104
2024-12-18;118.674;2.873;66.277;61.718
2024-12-19;118.056;2.935;68.097;62.436
2024-12-20;118.348;2.904;66.596;60.984
2024-12-23;117.816;2.958;68.638;63.022
2024-12-24;117.816;2.957;67.215;63.12
2024-12-25;117.816;2.957;67.123;63.126
2024-12-27;117.169;3.024;67.555;63.641
2024-12-30;117.38;3.001;69.895;64.432
2024-12-31;117.38;3.0;68.299;64.157
2025-01-01;117.38;3.0;68.377;64.15
2025-01-02;117.083;3.03;71.235;65.827
2025-01-03;116.536;3.087;72.824;67.735
2025-01-06;116.72;3.067;67.7;62.609
2025-01-07;116.38;3.103;67.89;62.771
2025-01-08;115.956;3.147;67.3;63.59
2025-01-09;115.601;3.184;70.643;65.733
2025-01-10;115.316;3.214;70.665;65.991
2025-01-13;115.058;3.241;69.761;66.169
2025-01-14;114.826;3.265;68.643;65.091
2025-01-15;115.881;3.152;67.111;63.31
2025-01-16;116.046;3.134;67.678;63.794
2025-01-17;116.19;3.118;68.603;63.424
2025-01-20;116.325;3.104;66.399;62.543
2025-01-21;116.596;3.075;65.11;61.273
2025-01-22;116.492;3.085;65.315;60.368
2025-01-23;116.17;3.118;66.331;62.747
2025-01-24;116.182;3.116;63.566;60.253
2025-01-27;116.498;3.083;64.071;59.123
2025-01-28;116.187;3.115;63.586;60.052
2025-01-29;115.962;3.139;64.015;60.484
2025-01-30;116.506;3.08;64.544;60.746
2025-01-31;117.087;3.018;67.07;61.477
2025-02-03;117.884;2.934;65.505;59.69
2025-02-04;117.864;2.936;65.528;60.048
2025-02-05;118.182;2.902;65.072;59.486
2025-02-06;118.069;2.913;65.322;59.837
2025-02-07;118.118;2.907;65.978;60.363
2025-02-10;118.221;2.896;64.644;60.248
2025-02-11;117.563;2.965;65.6;60.12
2025-02-12;117.242;2.998;63.928;58.749
2025-02-13;117.91;2.927;60.645;55.282
2025-02-14;117.741;2.944;59.178;53.995
2025-02-17;117.309;2.989;60.947;55.79
2025-02-18;117.263;2.993;61.534;56.379
2025-02-19;116.467;3.077;65.16;60.21
2025-02-20;116.596;3.062;65.395;60.456
2025-02-21;117.069;3.012;65.669;60.472
2025-02-24;117.012;3.017;66.72;61.427
2025-02-25;117.274;2.989;66.538;61.157
2025-02-26;117.605;2.954;65.293;59.936
2025-02-27;117.708;2.942;65.94;60.396
2025-02-28;117.646;2.948;65.634;61.531
2025-03-03;116.965;3.019;68.034;62.863
2025-03-04;116.768;3.04;68.829;64.751
2025-03-05;114.379;3.297;70.135;66.946
2025-03-06;113.863;3.352;71.341;68.195
2025-03-07;113.836;3.355;69.568;66.468
2025-03-10;113.887;3.349;70.354;66.145
2025-03-11;113.434;3.398;68.579;65.653
2025-03-12;113.708;3.368;68.798;65.751
2025-03-13;113.712;3.366;69.277;66.113
2025-03-14;113.605;3.378;67.316;64.288
2025-03-17;114.231;3.309;66.467;62.044
2025-03-18;114.153;3.317;68.317;63.787
2025-03-19;114.239;3.307;68.524;63.721
2025-03-20;114.302;3.299;69.309;64.595
2025-03-21;114.486;3.279;67.109;62.435
2025-03-24;114.512;3.275;66.075;61.402
2025-03-25;114.339;3.294;64.513;60.013
2025-03-26;114.351;3.292;64.897;60.438
2025-03-27;114.551;3.269;64.459;59.886
2025-03-28;114.866;3.235;64.774;60.178
2025-03-31;114.737;3.248;66.028;61.492
2025-04-01;115.206;3.197;65.918;61.293
2025-04-02;114.942;3.225;66.553;61.939
2025-04-03;115.443;3.169;67.808;63.051
2025-04-04;115.911;3.118;64.134;59.749
2025-04-07;115.352;3.178;64.715;60.353
2025-04-08;115.309;3.183;66.168;62.187
2025-04-09;115.463;3.166;63.807;59.693
2025-04-10;115.727;3.136;65.211;61.193
2025-04-11;115.796;3.128;62.245;58.004
2025-04-14;116.445;3.057;63.104;58.666
2025-04-15;116.263;3.077;62.26;57.972
2025-04-16;116.518;3.047;59.568;55.606
2025-04-17;116.832;3.013;59.393;55.48
2025-04-18;116.832;3.013;58.249;54.397
2025-04-22;117.135;2.98;59.322;54.925
2025-04-23;116.829;3.012;60.566;56.63
2025-04-24;117.449;2.945;57.276;53.207
2025-04-25;117.198;2.971;59.09;54.913
2025-04-28;116.69;3.025;59.51;55.454
2025-04-29;116.89;3.002;59.684;55.56
2025-04-30;117.327;2.954;59.182;55.018
2025-05-02;116.493;3.043;61.44;57.282
2025-05-05;116.608;3.031;61.983;57.515
2025-05-06;116.384;3.054;63.166;58.73
2025-05-07;116.945;2.993;63.103;58.383
2025-05-08;116.494;3.041;61.982;57.721
2025-05-09;116.274;3.064;61.79;57.79
2025-05-12;115.673;3.129;61.509;57.639
2025-05-13;115.421;3.156;60.419;56.689
2025-05-14;115.315;3.167;59.786;55.997
2025-05-15;116.075;3.083;58.931;54.911
2025-05-16;116.353;3.052;58.063;53.972
2025-05-19;116.417;3.045;57.119;53.092
2025-05-20;116.325;3.055;55.709;51.781
2025-05-21;115.895;3.101;56.901;53.157
2025-05-22;115.855;3.104;55.757;52.164
2025-05-23;116.456;3.038;53.484;51.171
2025-05-26;116.634;3.018;52.791;50.433
2025-05-27;116.911;2.988;53.646;51.215
2025-05-28;116.753;3.005;52.285;50.122
2025-05-29;117.143;2.961;51.17;48.929
2025-05-30;117.252;2.949;49.82;47.577
2025-06-02;116.967;2.979;51.367;49.037
2025-06-03;116.92;2.984;52.03;49.597
2025-06-04;116.801;2.996;52.591;50.144
2025-06-05;116.353;3.044;51.693;49.713
2025-06-06;116.423;3.036;50.087;48.199
2025-06-09;116.48;3.029;50.876;48.721
2025-06-10;116.811;2.993;50.632;48.414
2025-06-11;116.637;3.011;51.441;49.175
2025-06-12;117.034;2.967;50.748;48.452
2025-06-13;116.307;3.045;54.067;51.788
2025-06-16;116.418;3.033;53.843;51.437
2025-06-17;116.283;3.047;54.475;51.993
2025-06-18;116.611;3.011;54.219;51.688
2025-06-19;116.148;3.06;56.04;53.666
2025-06-20;116.371;3.035;54.563;52.237
2025-06-23;116.483;3.022;54.696;52.221
2025-06-24;116.29;3.043;54.349;51.885
2025-06-25;116.161;3.057;54.43;51.985
2025-06-26;116.228;3.048;53.012;50.689
2025-06-27;115.949;3.078;54.49;52.226
2025-06-30;115.827;3.091;54.163;51.768
2025-07-01;116.069;3.064;54.817;52.247
2025-07-02;115.456;3.131;57.596;55.149
2025-07-03;115.808;3.091;57.145;54.655
2025-07-04;115.84;3.087;56.801;54.33
2025-07-07;115.462;3.128;58.219;55.728
2025-07-08;115.109;3.167;58.293;55.943
2025-07-09;115.184;3.158;58.934;56.36
2025-07-10;114.903;3.188;59.664;57.138
2025-07-11;114.772;3.202;58.56;56.209
2025-07-14;114.645;3.216;58.218;55.676
2025-07-15;114.846;3.193;57.728;55.144
2025-07-16;115.122;3.162;56.113;53.567
2025-07-17;115.124;3.161;57.423;54.917
2025-07-18;114.925;3.183;57.686;55.308
2025-07-21;115.776;3.088;55.579;52.855
2025-07-22;116.011;3.061;53.804;51.159
2025-07-23;115.654;3.1;53.416;50.935
2025-07-24;114.981;3.174;55.496;53.325
2025-07-25;114.983;3.173;54.82;52.665
2025-07-28;115.303;3.137;53.193;50.654
2025-07-29;115.176;3.151;52.679;50.299
2025-07-30;115.202;3.148;52.517;50.158
2025-07-31;115.285;3.137;52.387;50.139
2025-08-01;115.333;3.131;53.13;50.82
2025-08-04;115.912;3.066;52.005;49.393
2025-08-05;115.914;3.066;52.055;49.461
2025-08-06;115.72;3.087;52.211;49.616
2025-08-07;115.86;3.07;52.864;50.26
2025-08-08;115.387;3.122;53.013;50.585
2025-08-11;115.345;3.126;53.482;50.96
2025-08-12;114.951;3.17;54.239;51.745
2025-08-13;115.604;3.097;52.182;49.565
2025-08-14;115.221;3.138;53.249;50.716
2025-08-15;114.415;3.228;56.023;53.649
2025-08-18;114.651;3.201;56.376;53.767
2025-08-19;114.751;3.19;56.745;54.075
2025-08-20;114.985;3.163;56.929;54.215
2025-08-21;114.548;3.211;57.26;54.884
2025-08-22;114.952;3.165;56.569;54.149
2025-08-25;114.23;3.246;60.58;58.078
2025-08-26;114.602;3.204;59.576;57.022
2025-08-27;114.653;3.197;61.343;58.657
2025-08-28;114.877;3.171;59.19;56.583
2025-08-29;114.536;3.209;61.253;58.611
2025-09-01;114.328;3.232;62.048;59.306
2025-09-02;113.965;3.273;62.449;59.79
2025-09-03;114.371;3.226;62.14;59.293
2025-09-04;114.679;3.19;59.724;56.915
2025-09-05;115.106;3.142;58.979;56.032
2025-09-08;115.385;3.11;58.05;54.98
2025-09-09;115.3;3.119;56.888;53.911
2025-09-10;115.36;3.112;56.84;53.823
2025-09-11;115.431;3.103;56.157;53.143
2025-09-12;114.847;3.168;56.703;53.844
2025-09-15;115.11;3.138;55.971;53.034
2025-09-16;115.066;3.143;56.236;53.295
2025-09-17;115.189;3.128;56.823;53.784
2025-09-18;114.706;3.182;57.525;54.584
2025-09-19;114.581;3.195;57.379;54.465
2025-09-22;114.531;3.201;57.475;54.561
2025-09-23;114.493;3.205;57.528;54.61
2025-09-24;114.428;3.212;57.111;54.223
2025-09-25;114.147;3.242;57.723;54.838
2025-09-26;114.4;3.213;57.094;54.11
2025-09-29;114.753;3.173;56.936;53.895
2025-09-30;114.714;3.177;56.78;53.845
2025-10-01;114.747;3.172;56.616;53.802
2025-10-02;114.834;3.161;56.212;53.394
2025-10-03;114.863;3.158;55.565;52.706
2025-10-06;114.495;3.199;57.466;54.573
2025-10-07;114.441;3.205;58.645;55.682
2025-10-08;114.725;3.172;58.704;55.668
2025-10-09;114.598;3.185;57.524;54.629
2025-10-10;114.953;3.144;57.535;54.555
2025-10-13;115.027;3.136;57.978;54.894
2025-10-14;115.5;3.082;55.013;51.928
2025-10-15;115.878;3.038;53.948;50.842
2025-10-16;115.892;3.036;53.705;50.627
2025-10-17;115.691;3.058;55.006;51.907
2025-10-20;115.651;3.062;56.199;53.031
2025-10-21;115.864;3.037;55.368;52.088
2025-10-22;115.808;3.043;54.905;51.772
2025-10-23;115.597;3.066;55.436;52.43
2025-10-24;115.189;3.112;56.108;53.168
2025-10-27;115.336;3.094;56.326;53.118
2025-10-28;115.303;3.098;55.418;52.271
2025-10-29;115.432;3.083;53.998;50.921
2025-10-30;115.304;3.096;52.813;49.922
2025-10-31;115.315;3.094;53.335;50.379
2025-11-03;115.026;3.127;53.532;50.516
2025-11-04;115.096;3.118;53.873;50.86
2025-11-05;114.876;3.143;54.446;51.511
2025-11-06;115.0;3.128;54.734;51.839
2025-11-07;114.816;3.148;54.087;51.331
2025-11-10;114.942;3.133;53.12;50.271
2025-11-11;115.011;3.125;52.755;49.89
2025-11-12;115.269;3.095;50.441;47.575
2025-11-13;114.858;3.141;49.945;47.309
2025-11-14;114.498;3.182;50.545;48.018
2025-11-17;114.546;3.176;49.912;47.304
2025-11-18;114.482;3.183;50.95;48.234
2025-11-19;114.451;3.186;50.331;47.691
2025-11-20;114.261;3.207;52.482;49.978
2025-11-21;114.391;3.191;52.595;50.099
2025-11-24;114.674;3.158;50.053;47.515
2025-11-25;114.959;3.125;47.974;45.462
2025-11-26;115.047;3.114;46.762;44.32
2025-11-27;114.914;3.128;47.613;45.259
2025-11-28;114.979;3.121;45.074;42.882
2025-12-01;114.368;3.191;47.291;44.993
2025-12-02;114.348;3.192;48.632;46.262
2025-12-03;114.345;3.192;49.477;47.137
2025-12-04;114.093;3.22;50.281;47.985
2025-12-05;113.971;3.234;48.678;46.407
2025-12-08;113.448;3.295;47.006;44.833
2025-12-09;113.662;3.269;44.814;42.586
2025-12-10;113.579;3.279;46.247;43.994
2025-12-11;113.689;3.265;45.146;42.999
2025-12-12;113.522;3.284;44.642;42.597
2025-12-15;113.606;3.274;43.254;41.147
2025-12-16;113.731;3.259;42.156;40.078
2025-12-17;113.534;3.281;42.527;40.619
2025-12-18;113.687;3.262;42.383;40.601
2025-12-19;113.191;3.32;44.172;42.49
2025-12-22;113.152;3.324;44.528;42.686
2025-12-23;113.423;3.29;43.184;41.515
2025-12-24;113.423;3.29;43.132;41.447
2025-12-25;113.423;3.29;43.102;41.445
2025-12-29;113.728;3.254;42.161;40.267
2025-12-30;113.377;3.294;44.54;42.679
2025-12-31;113.377;3.293;45.101;43.35
2026-01-01;113.377;3.293;45.122;43.346
2026-01-02;112.972;3.341;46.137;44.498
2026-01-05;113.313;3.3;45.516;43.719
2026-01-06;113.541;3.273;45.443;43.58
2026-01-07;113.794;3.242;46.028;44.065
2026-01-08;113.748;3.247;45.196;43.333
2026-01-09;113.756;3.245;44.99;43.128
2026-01-12;113.932;3.224;46.299;44.152
2026-01-13;113.828;3.236;46.689;44.487
2026-01-14;114.086;3.205;45.686;43.45
2026-01-15;114.066;3.206;45.248;43.177
2026-01-16;113.887;3.227;45.489;43.436
2026-01-19;113.964;3.218;43.715;41.573
2026-01-20;113.721;3.246;45.495;43.355
2026-01-21;113.535;3.267;45.003;42.937
2026-01-22;113.653;3.252;42.523;40.683
2026-01-23;113.717;3.244;39.916;38.157
2026-01-26;114.107;3.198;38.806;36.903
2026-01-27;114.123;3.196;38.406;36.509
2026-01-28;114.211;3.185;39.41;37.484
2026-01-29;114.266;3.177;40.214;38.347
2026-01-30;114.213;3.183;41.113;39.153
2026-02-02;114.027;3.205;41.092;39.11
2026-02-03;113.881;3.221;40.996;39.036
2026-02-04;114.068;3.199;41.689;39.613
2026-02-05;114.076;3.197;42.445;40.413
2026-02-06;114.072;3.197;42.775;40.822
2026-02-09;114.146;3.188;42.913;40.928
2026-02-10;114.229;3.177;42.789;40.87
