;px_last;yld_ytm_mid;asset_swap_spd_mid;z_sprd_mid
2013-01-15;99.771;;150.322;160.939
2013-01-16;99.814;;153.739;164.432
2013-01-17;99.76;;149.986;160.35
2013-01-18;99.949;;154.875;165.019
2013-01-21;99.753;;155.623;166.041
2013-01-22;99.9;;154.643;164.865
2013-01-23;99.886;;154.652;165.102
2013-01-24;99.539;;154.592;165.515
2013-01-25;99.434;;149.892;160.32
2013-01-28;99.321;;148.822;159.033
2013-01-29;99.318;;148.672;158.848
2013-01-30;99.097;;150.392;160.731
2013-01-31;99.166;;149.711;159.925
2013-02-01;99.129;;145.875;156.08
2013-02-04;99.417;;151.36;161.642
2013-02-05;99.177;3.935;150.123;160.529
2013-02-06;99.287;3.927;149.805;160.131
2013-02-07;99.531;3.909;149.293;159.539
2013-02-08;99.602;3.904;148.993;159.286
2013-02-11;99.459;3.914;147.731;158.198
2013-02-12;99.199;3.934;145.602;156.344
2013-02-13;99.668;3.899;137.777;147.517
2013-02-14;99.45;3.915;142.459;152.882
2013-02-15;99.712;3.896;140.817;150.875
2013-02-18;99.728;3.895;140.457;150.517
2013-02-19;99.562;3.907;140.803;151.094
2013-02-20;99.565;3.907;139.751;149.932
2013-02-21;99.538;3.909;143.253;153.755
2013-02-22;99.649;3.9;143.412;153.926
2013-02-25;99.78;3.891;147.34;158.071
2013-02-26;100.06;3.87;146.303;156.668
2013-02-27;99.83;3.887;148.374;159.006
2013-02-28;100.031;3.872;149.936;160.565
2013-03-01;100.201;3.86;152.216;162.822
2013-03-04;100.167;3.862;150.909;161.489
2013-03-05;99.959;3.878;150.012;160.707
2013-03-06;100.185;3.861;149.116;159.586
2013-03-07;100.193;3.861;147.321;157.561
2013-03-08;100.176;3.862;146.779;157.018
2013-03-11;100.15;3.864;144.929;155.163
2013-03-12;100.179;3.861;147.24;157.646
2013-03-13;100.614;3.83;145.101;154.923
2013-03-14;100.685;3.825;144.265;153.996
2013-03-15;100.648;3.827;146.448;156.377
2013-03-18;100.222;3.858;152.484;163.19
2013-03-19;100.331;3.85;156.046;166.533
2013-03-20;100.394;3.846;152.917;163.086
2013-03-21;100.393;3.846;156.298;166.63
2013-03-22;100.593;3.831;154.342;164.296
2013-03-25;100.481;3.839;156.622;166.853
2013-03-26;100.503;3.838;154.918;165.173
2013-03-27;100.262;3.855;159.316;169.892
2013-03-28;99.988;3.875;158.748;169.571
2013-03-29;100.266;3.855;157.691;168.12
2013-04-02;100.192;3.86;158.105;168.783
2013-04-03;100.228;3.858;158.959;169.791
2013-04-04;100.585;3.832;160.571;171.196
2013-04-05;101.065;3.797;162.24;172.125
2013-04-08;101.364;3.775;158.946;168.199
2013-04-09;101.437;3.77;155.471;164.56
2013-04-10;101.272;3.782;153.577;162.831
2013-04-11;101.322;3.778;153.823;163.118
2013-04-12;101.288;3.781;157.613;167.165
2013-04-15;101.479;3.767;158.865;168.301
2013-04-16;101.565;3.761;156.109;165.278
2013-04-17;101.561;3.761;158.119;167.455
2013-04-18;101.698;3.751;158.998;168.267
2013-04-19;101.685;3.752;157.113;166.342
2013-04-22;102.052;3.726;157.411;166.237
2013-04-23;102.98;3.66;153.419;161.096
2013-04-24;102.929;3.663;154.944;162.659
2013-04-25;103.336;3.635;154.828;162.006
2013-04-26;103.853;3.599;153.14;159.666
2013-04-29;104.254;3.571;153.018;159.127
2013-04-30;104.458;3.556;151.588;157.423
2013-05-01;104.701;3.539;150.824;156.352
2013-05-02;106.345;3.427;142.571;146.546
2013-05-03;105.422;3.49;136.903;141.772
2013-05-06;105.387;3.492;135.213;140.149
2013-05-07;106.578;3.411;125.131;128.744
2013-05-08;107.115;3.375;123.477;126.638
2013-05-09;106.319;3.428;128.614;132.554
2013-05-10;106.384;3.424;120.092;123.803
2013-05-13;106.89;3.39;119.465;122.798
2013-05-14;106.051;3.446;121.054;125.14
2013-05-15;105.827;3.462;125.961;130.313
2013-05-16;106.606;3.409;123.206;126.883
2013-05-17;106.969;3.384;120.503;123.894
2013-05-20;105.942;3.454;123.743;128.108
2013-05-21;107.032;3.38;114.363;117.633
2013-05-22;107.792;3.329;108.334;110.91
2013-05-23;107.679;3.336;110.083;112.706
2013-05-24;107.055;3.378;115.469;118.442
2013-05-27;107.255;3.364;111.112;113.887
2013-05-28;107.935;3.319;103.727;105.914
2013-05-29;107.784;3.329;104.225;106.412
2013-05-30;107.73;3.332;105.311;107.511
2013-05-31;107.65;3.338;106.052;108.411
2013-06-03;107.636;3.338;102.268;104.573
2013-06-04;107.745;3.331;101.375;103.547
2013-06-05;107.786;3.328;103.394;105.479
2013-06-06;107.613;3.34;102.677;104.879
2013-06-07;107.173;3.369;103.565;106.027
2013-06-10;107.32;3.359;98.082;100.365
2013-06-11;106.628;3.406;103.895;106.185
2013-06-12;106.229;3.433;105.123;107.971
2013-06-13;106.157;3.438;109.925;112.833
2013-06-14;106.818;3.393;106.823;109.426
2013-06-17;106.561;3.41;107.951;110.829
2013-06-18;106.11;3.441;108.949;112.098
2013-06-19;106.179;3.436;107.506;110.024
2013-06-20;105.191;3.504;105.493;108.823
2013-06-21;104.274;3.567;109.487;113.014
2013-06-24;102.266;3.709;115.32;120.628
2013-06-25;102.361;3.702;115.778;121.043
2013-06-26;101.553;3.76;121.528;128.073
2013-06-27;102.462;3.695;116.995;123.046
2013-06-28;103.262;3.638;117.492;122.381
2013-07-01;102.932;3.662;116.36;121.664
2013-07-02;102.708;3.677;119.044;124.876
2013-07-03;102.016;3.727;126.568;132.839
2013-07-04;102.394;3.7;124.211;130.323
2013-07-05;102.383;3.701;116.511;122.551
2013-07-08;102.18;3.715;119.412;125.763
2013-07-09;102.637;3.682;118.213;124.556
2013-07-10;102.201;3.714;124.331;130.631
2013-07-11;102.838;3.668;120.419;126.322
2013-07-12;102.891;3.664;122.185;128.377
2013-07-15;103.139;3.647;120.803;126.485
2013-07-16;103.5;3.621;119.156;124.621
2013-07-17;103.864;3.595;118.637;123.762
2013-07-18;104.017;3.584;120.687;125.659
2013-07-19;104.101;3.579;119.636;124.506
2013-07-22;104.19;3.572;119.4;124.152
2013-07-23;104.058;3.581;118.311;123.01
2013-07-24;103.696;3.607;117.165;121.631
2013-07-25;103.916;3.591;110.206;114.805
2013-07-26;103.689;3.607;111.438;116.176
2013-07-29;103.862;3.595;110.428;114.966
2013-07-30;103.801;3.599;109.413;114.018
2013-07-31;103.823;3.598;108.415;113.343
2013-08-01;103.548;3.617;114.529;119.054
2013-08-02;103.686;3.607;109.243;114.111
2013-08-05;103.531;3.618;114.345;118.87
2013-08-06;103.695;3.607;107.868;112.407
2013-08-07;104.187;3.572;105.628;109.816
2013-08-08;104.187;3.572;107.39;111.325
2013-08-09;104.148;3.575;106.858;111.164
2013-08-12;104.179;3.572;105.154;109.325
2013-08-13;104.02;3.584;103.698;107.284
2013-08-14;104.201;3.571;96.222;99.986
2013-08-15;103.506;3.62;99.474;103.479
2013-08-16;103.388;3.628;94.538;98.711
2013-08-19;103.214;3.64;94.5;98.878
2013-08-20;103.511;3.619;94.768;99.201
2013-08-21;103.401;3.627;95.47;99.579
2013-08-22;103.071;3.651;93.407;97.806
2013-08-23;103.058;3.651;91.163;95.509
2013-08-26;103.427;3.625;90.06;94.233
2013-08-27;103.416;3.626;93.916;98.506
2013-08-28;103.534;3.617;96.207;100.196
2013-08-29;103.539;3.617;94.039;98.295
2013-08-30;103.395;3.627;94.913;99.114
2013-09-02;102.858;3.666;95.312;99.905
2013-09-03;102.96;3.658;94.686;99.101
2013-09-04;102.84;3.667;93.212;97.607
2013-09-05;101.93;3.732;96.308;100.933
2013-09-06;101.555;3.759;95.156;100.898
2013-09-09;102.123;3.718;95.625;100.607
2013-09-10;101.765;3.744;95.154;100.099
2013-09-11;101.767;3.744;90.645;96.079
2013-09-12;101.764;3.744;94.872;100.403
2013-09-13;101.832;3.739;94.381;100.099
2013-09-16;101.952;3.731;99.565;105.103
2013-09-17;102.059;3.723;100.099;105.409
2013-09-18;101.707;3.748;102.016;108.193
2013-09-19;102.69;3.677;101.536;106.132
2013-09-20;102.704;3.676;94.115;98.954
2013-09-23;102.768;3.672;92.891;97.757
2013-09-24;102.814;3.668;98.804;100.423
2013-09-25;103.141;3.645;99.395;103.585
2013-09-26;103.042;3.652;100.51;106.472
2013-09-27;103.239;3.638;101.935;106.138
2013-09-30;103.16;3.643;104.743;111.53
2013-10-01;103.292;3.634;103.974;108.629
2013-10-02;103.012;3.654;103.041;107.986
2013-10-03;102.977;3.656;100.895;105.878
2013-10-04;102.791;3.67;99.651;104.634
2013-10-07;103.094;3.648;95.798;100.814
2013-10-08;103.092;3.648;98.317;103.217
2013-10-09;103.156;3.644;97.074;101.864
2013-10-10;102.956;3.658;94.117;98.971
2013-10-11;102.681;3.678;96.746;101.919
2013-10-14;102.957;3.658;92.971;97.825
2013-10-15;102.831;3.667;91.357;96.236
2013-10-16;102.78;3.67;92.916;97.848
2013-10-17;102.95;3.658;94.704;99.704
2013-10-18;102.899;3.662;98.037;103.266
2013-10-21;102.846;3.666;96.795;102.038
2013-10-22;103.216;3.639;100.71;105.884
2013-10-23;103.338;3.63;100.899;105.975
2013-10-24;103.426;3.624;99.656;104.572
2013-10-25;103.478;3.62;102.601;107.525
2013-10-28;103.517;3.617;102.076;106.929
2013-10-29;103.572;3.613;103.873;108.785
2013-10-30;103.723;3.603;102.606;107.424
2013-10-31;103.894;3.591;106.198;111.156
2013-11-01;103.791;3.598;104.281;109.288
2013-11-04;103.947;3.587;105.072;109.997
2013-11-05;103.643;3.608;101.81;106.791
2013-11-06;103.82;3.596;98.419;103.19
2013-11-07;104.36;3.557;100.137;104.85
2013-11-08;103.995;3.583;95.461;100.097
2013-11-11;104.0;3.583;95.607;100.276
2013-11-12;103.72;3.603;93.601;98.44
2013-11-13;103.988;3.584;96.41;101.133
2013-11-14;104.275;3.563;98.426;103.112
2013-11-15;104.69;3.534;95.639;100.03
2013-11-18;105.115;3.504;95.176;99.132
2013-11-19;104.908;3.518;94.125;98.148
2013-11-20;105.0;3.512;93.232;97.227
2013-11-21;104.935;3.516;93.901;97.94
2013-11-22;105.065;3.507;93.617;97.496
2013-11-25;105.325;3.489;94.306;98.048
2013-11-26;105.775;3.458;94.595;98.05
2013-11-27;105.288;3.492;93.58;97.16
2013-11-28;105.683;3.464;93.311;96.783
2013-11-29;105.62;3.468;94.13;97.657
2013-12-02;105.618;3.468;90.739;94.146
2013-12-03;105.81;3.455;91.823;95.157
2013-12-04;105.923;3.447;83.749;86.783
2013-12-05;105.313;3.49;84.9;88.24
2013-12-06;105.175;3.499;87.221;90.689
2013-12-09;105.17;3.499;86.454;89.886
2013-12-10;105.563;3.472;85.396;88.582
2013-12-11;105.845;3.452;85.441;88.447
2013-12-12;105.788;3.456;86.138;89.157
2013-12-13;106.028;3.439;86.704;89.584
2013-12-16;105.673;3.464;87.871;90.972
2013-12-17;105.908;3.448;87.711;90.677
2013-12-18;105.713;3.461;86.7;89.71
2013-12-19;105.703;3.462;83.294;86.259
2013-12-20;105.793;3.456;83.683;86.499
2013-12-23;105.593;3.469;83.332;86.3
2013-12-24;105.593;3.469;83.113;86.082
2013-12-25;105.593;3.469;83.071;86.037
2013-12-26;105.593;3.469;83.113;86.077
2013-12-27;105.34;3.487;78.428;81.374
2013-12-30;105.688;3.463;78.687;81.458
2014-01-02;105.468;3.478;78.432;81.324
2014-01-03;105.495;3.476;78.376;81.271
2014-01-06;105.852;3.451;78.929;81.678
2014-01-07;105.818;3.453;80.291;83.079
2014-01-08;105.08;3.505;81.288;84.476
2014-01-09;104.343;3.557;83.668;87.438
2014-01-10;104.683;3.533;85.355;89.057
2014-01-13;105.048;3.507;85.37;88.906
2014-01-14;104.903;3.517;86.82;90.468
2014-01-15;104.833;3.522;86.339;89.951
2014-01-16;105.335;3.487;86.267;89.649
2014-01-17;105.773;3.456;86.57;89.766
2014-01-20;105.693;3.462;89.078;92.371
2014-01-21;105.863;3.45;88.343;91.508
2014-01-22;105.693;3.462;87.947;91.147
2014-01-23;106.153;3.429;89.267;92.184
2014-01-24;106.448;3.409;92.217;95.08
2014-01-27;106.413;3.411;91.254;93.996
2014-01-28;106.383;3.413;90.992;93.762
2014-01-29;106.83;3.382;90.222;92.721
2014-01-30;107.198;3.357;89.273;91.564
2014-01-31;107.473;3.338;91.692;93.92
2014-02-03;107.653;3.325;91.357;93.463
2014-02-04;107.533;3.333;92.337;94.539
2014-02-05;107.563;3.331;93.661;95.865
2014-02-06;107.173;3.358;91.315;93.669
2014-02-07;107.253;3.353;93.361;95.769
2014-02-10;107.193;3.357;91.54;93.955
2014-02-11;107.393;3.343;90.171;92.453
2014-02-12;107.258;3.352;89.119;91.454
2014-02-13;107.533;3.333;90.917;93.156
2014-02-14;107.343;3.346;90.801;93.147
2014-02-17;107.36;3.345;89.867;92.218
2014-02-18;107.465;3.337;90.336;92.682
2014-02-19;107.493;3.335;90.589;92.925
2014-02-20;107.503;3.335;87.158;89.406
2014-02-21;107.863;3.31;86.56;88.604
2014-02-24;107.943;3.304;84.379;86.336
2014-02-25;108.778;3.247;85.268;86.998
2014-02-26;109.678;3.186;80.818;81.756
2014-02-27;110.315;3.144;81.441;82.077
2014-02-28;110.265;3.147;77.306;77.884
2014-03-03;111.318;3.077;76.304;76.403
2014-03-04;111.143;3.088;74.116;74.306
2014-03-05;110.82;3.11;74.766;75.138
2014-03-06;110.468;3.133;73.444;73.952
2014-03-07;109.792;3.178;76.354;77.155
2014-03-10;110.083;3.158;76.934;77.641
2014-03-11;110.253;3.147;73.489;74.165
2014-03-12;110.81;3.11;73.574;73.997
2014-03-13;111.233;3.082;75.953;76.223
2014-03-14;111.113;3.09;75.643;75.932
2014-03-17;110.75;3.113;76.118;76.574
2014-03-18;110.39;3.137;78.409;79.039
2014-03-19;109.97;3.165;78.657;79.475
2014-03-20;109.548;3.193;78.275;79.214
2014-03-21;110.503;3.129;73.743;74.208
2014-03-24;110.318;3.141;79.671;80.241
2014-03-25;110.213;3.148;81.376;82.026
2014-03-26;110.227;3.147;82.431;83.089
2014-03-27;110.423;3.134;83.588;84.178
2014-03-28;110.563;3.125;83.324;83.917
2014-03-31;110.563;3.125;81.238;81.696
2014-04-01;110.848;3.106;79.379;79.681
2014-04-02;110.508;3.128;77.358;77.827
2014-04-03;110.753;3.112;76.339;76.733
2014-04-04;111.553;3.059;76.326;76.427
2014-04-07;112.42;3.002;71.403;71.187
2014-04-08;112.14;3.02;71.278;71.139
2014-04-09;112.16;3.018;69.284;69.099
2014-04-10;112.85;2.973;70.181;69.737
2014-04-11;112.973;2.965;71.253;70.752
2014-04-14;112.95;2.966;69.748;69.237
2014-04-15;113.62;2.923;70.338;69.547
2014-04-16;113.48;2.932;70.287;69.548
2014-04-17;113.36;2.939;68.98;68.269
2014-04-18;113.36;2.939;65.888;65.24
2014-04-21;113.36;2.939;65.943;65.307
2014-04-22;113.47;2.932;66.465;65.746
2014-04-23;114.098;2.891;63.6;62.661
2014-04-24;114.31;2.878;61.62;60.625
2014-04-25;114.92;2.839;63.465;62.169
2014-04-28;114.58;2.86;63.824;62.593
2014-04-29;114.64;2.856;62.282;61.11
2014-04-30;114.79;2.846;64.171;62.96
2014-05-01;114.79;2.846;64.538;63.305
2014-05-02;114.13;2.888;69.523;68.451
2014-05-05;113.89;2.903;69.416;68.445
2014-05-06;113.91;2.902;69.343;68.37
2014-05-07;114.17;2.885;69.333;68.348
2014-05-08;114.15;2.886;68.664;67.654
2014-05-09;113.315;2.94;71.874;71.209
2014-05-12;113.8;2.909;68.985;68.194
2014-05-13;114.29;2.877;70.336;69.501
2014-05-14;114.95;2.835;71.787;70.505
2014-05-15;115.5;2.8;75.489;73.849
2014-05-16;115.3;2.812;75.434;73.997
2014-05-19;115.23;2.816;72.681;71.18
2014-05-20;114.91;2.836;75.189;73.909
2014-05-21;114.81;2.843;72.422;71.1
2014-05-22;114.12;2.887;78.665;77.482
2014-05-23;114.38;2.87;75.483;74.294
2014-05-26;114.48;2.863;74.249;73.066
2014-05-27;114.84;2.84;75.5;74.139
2014-05-28;114.077;2.889;85.3;84.036
2014-05-29;115.11;2.823;78.361;76.792
2014-05-30;115.09;2.824;75.897;74.414
2014-06-02;114.998;2.829;75.219;73.815
2014-06-03;114.58;2.856;74.806;73.584
2014-06-04;114.4;2.867;74.102;72.999
2014-06-05;114.82;2.84;73.699;72.483
2014-06-06;115.305;2.809;73.85;72.526
2014-06-09;116.568;2.729;68.093;66.631
2014-06-10;115.73;2.782;67.155;65.809
2014-06-11;116.245;2.749;63.435;62.019
2014-06-12;116.59;2.728;60.13;58.723
2014-06-13;116.905;2.708;61.341;59.751
2014-06-16;116.533;2.731;65.986;64.378
2014-06-17;116.005;2.764;66.031;64.589
2014-06-18;116.088;2.758;68.42;66.874
2014-06-19;115.83;2.775;74.573;72.978
2014-06-20;116.538;2.73;67.327;65.665
2014-06-23;116.533;2.73;69.194;67.485
2014-06-24;116.572;2.727;69.096;67.366
2014-06-25;117.473;2.671;69.456;67.336
2014-06-26;117.593;2.663;71.13;68.883
2014-06-27;116.498;2.732;76.915;74.885
2014-06-30;118.058;2.634;68.835;66.463
2014-07-01;117.395;2.675;71.689;69.495
2014-07-02;116.76;2.714;71.454;69.518
2014-07-03;116.788;2.713;70.021;68.148
2014-07-04;117.083;2.694;69.774;67.786
2014-07-07;117.19;2.687;69.722;67.71
2014-07-08;116.18;2.75;80.323;78.4
2014-07-09;117.495;2.668;70.895;68.716
2014-07-10;117.89;2.643;72.376;69.948
2014-07-11;116.245;2.746;82.542;80.446
2014-07-14;117.71;2.654;73.26;70.848
2014-07-15;116.555;2.726;81.582;79.329
2014-07-16;117.78;2.649;76.567;73.919
2014-07-17;118.602;2.598;75.909;72.919
2014-07-18;118.083;2.63;79.888;76.921
2014-07-21;117.938;2.639;80.005;76.929
2014-07-22;118.243;2.62;77.747;74.789
2014-07-23;118.05;2.631;80.342;77.394
2014-07-24;117.885;2.641;75.64;72.783
2014-07-25;117.575;2.661;83.224;80.325
2014-07-28;118.77;2.586;78.516;75.222
2014-07-29;118.947;2.575;81.266;77.721
2014-07-30;118.165;2.623;78.663;75.618
2014-07-31;118.523;2.601;77.28;74.159
2014-08-01;118.375;2.61;79.547;76.395
2014-08-04;118.695;2.59;77.409;74.212
2014-08-05;118.055;2.629;78.106;75.155
2014-08-06;119.225;2.557;78.005;74.518
2014-08-07;119.425;2.545;81.53;77.733
2014-08-08;119.48;2.541;81.64;77.768
2014-08-11;119.458;2.542;80.513;76.744
2014-08-12;119.318;2.55;80.415;76.764
2014-08-13;119.388;2.546;82.888;79.093
2014-08-14;119.768;2.523;82.882;78.866
2014-08-15;120.378;2.485;88.131;83.452
2014-08-18;119.15;2.56;89.701;85.54
2014-08-19;119.695;2.526;89.378;84.944
2014-08-20;119.933;2.512;91.899;87.135
2014-08-21;120.208;2.495;90.19;85.361
2014-08-22;120.27;2.491;91.651;86.704
2014-08-25;120.533;2.474;90.781;85.762
2014-08-26;120.82;2.457;93.637;88.383
2014-08-27;121.358;2.424;93.565;88.042
2014-08-28;121.87;2.393;94.937;88.96
2014-08-29;121.863;2.394;93.281;87.46
2014-09-01;121.818;2.396;93.532;87.712
2014-09-02;121.043;2.442;90.602;85.511
2014-09-03;120.988;2.446;87.52;82.715
2014-09-04;120.01;2.505;87.005;82.911
2014-09-05;121.542;2.412;82.939;78.367
2014-09-08;121.178;2.433;83.472;79.05
2014-09-09;120.63;2.466;80.028;76.067
2014-09-10;121.5;2.414;73.408;69.454
2014-09-11;121.333;2.424;75.897;71.851
2014-09-12;120.943;2.447;73.862;70.102
2014-09-15;121.308;2.424;70.68;66.954
2014-09-16;121.173;2.432;71.831;68.163
2014-09-17;121.23;2.429;71.419;67.762
2014-09-18;121.107;2.436;69.264;65.745
2014-09-19;121.663;2.403;69.559;65.818
2014-09-22;122.515;2.351;65.961;62.151
2014-09-23;122.153;2.372;71.442;67.382
2014-09-24;122.528;2.35;69.663;65.577
2014-09-25;122.923;2.326;69.595;65.395
2014-09-26;122.983;2.323;70.556;66.244
2014-09-29;123.143;2.313;69.621;65.295
2014-09-30;122.795;2.333;72.927;68.551
2014-10-01;123.048;2.318;76.239;71.52
2014-10-02;123.238;2.306;75.394;70.617
2014-10-03;122.548;2.347;77.858;73.148
2014-10-06;123.518;2.289;72.456;67.722
2014-10-07;123.403;2.296;72.026;67.414
2014-10-08;123.785;2.273;70.19;65.576
2014-10-09;123.873;2.268;69.18;64.627
2014-10-10;124.098;2.255;69.287;64.612
2014-10-13;124.163;2.25;69.875;65.135
2014-10-14;125.07;2.197;70.964;65.746
2014-10-15;126.818;2.096;70.256;64.433
2014-10-16;123.838;2.269;78.208;72.813
2014-10-17;126.175;2.132;60.199;55.467
2014-10-20;126.38;2.12;58.818;54.142
2014-10-21;125.9;2.148;58.919;54.4
2014-10-22;126.003;2.141;58.748;54.223
2014-10-23;125.66;2.161;57.165;52.877
2014-10-24;125.553;2.167;59.895;55.401
2014-10-27;125.74;2.156;58.554;54.112
2014-10-28;125.743;2.155;62.276;57.496
2014-10-29;126.005;2.14;60.709;55.963
2014-10-30;125.803;2.152;65.971;60.859
2014-10-31;124.873;2.206;70.549;65.417
2014-11-03;125.068;2.194;70.598;65.394
2014-11-04;125.863;2.147;69.06;63.721
2014-11-05;125.388;2.175;69.274;64.112
2014-11-06;125.353;2.176;69.134;63.997
2014-11-07;124.5;2.226;71.391;66.091
2014-11-10;125.38;2.174;71.336;65.996
2014-11-11;125.458;2.169;71.401;65.998
2014-11-12;125.79;2.15;71.866;66.302
2014-11-13;125.975;2.139;72.451;66.775
2014-11-14;126.35;2.117;71.766;65.999
2014-11-17;126.085;2.132;74.023;68.141
2014-11-18;125.783;2.149;73.248;67.534
2014-11-19;125.093;2.189;74.677;69.231
2014-11-20;125.498;2.166;75.289;69.508
2014-11-21;125.893;2.142;76.349;70.332
2014-11-24;125.163;2.184;77.411;71.377
2014-11-25;125.985;2.136;78.333;72.101
2014-11-26;126.708;2.094;75.798;69.48
2014-11-27;127.813;2.031;74.226;67.6
2014-11-28;127.98;2.021;72.876;66.306
2014-12-01;127.505;2.048;76.747;69.98
2014-12-02;126.163;2.125;78.846;72.394
2014-12-03;125.895;2.14;77.93;71.726
2014-12-04;125.763;2.148;76.154;70.137
2014-12-05;125.97;2.135;73.941;68.01
2014-12-08;126.748;2.09;70.045;64.191
2014-12-09;126.693;2.093;80.42;73.554
2014-12-10;126.903;2.08;81.434;74.333
2014-12-11;127.89;2.024;76.255;69.274
2014-12-12;128.885;1.967;78.888;71.159
2014-12-15;127.583;2.041;86.861;78.842
2014-12-16;128.295;2.0;85.993;77.659
2014-12-17;128.14;2.008;87.68;79.232
2014-12-18;127.75;2.03;84.455;76.593
2014-12-19;127.21;2.061;88.534;80.547
2014-12-22;127.913;2.02;84.379;76.506
2014-12-23;126.685;2.091;90.996;82.993
2014-12-24;126.685;2.09;90.704;82.743
2014-12-25;126.685;2.09;90.818;82.834
2014-12-26;126.685;2.09;90.805;82.817
2014-12-29;127.335;2.052;86.86;78.981
2014-12-30;127.53;2.041;94.376;85.622
2015-01-02;128.392;1.991;95.941;86.582
2015-01-05;128.33;1.994;96.048;86.706
2015-01-06;131.34;1.825;89.983;79.76
2015-01-07;129.368;1.935;96.887;86.75
2015-01-08;129.56;1.924;90.511;81.087
2015-01-09;130.93;1.847;85.873;76.384
2015-01-12;131.473;1.816;81.255;72.11
2015-01-13;131.353;1.822;85.805;76.131
2015-01-14;133.078;1.727;79.607;70.043
2015-01-15;133.535;1.702;76.163;66.929
2015-01-16;134.358;1.658;72.276;63.299
2015-01-19;134.628;1.642;69.473;60.773
2015-01-20;135.038;1.62;67.576;58.975
2015-01-21;134.21;1.664;62.243;54.582
2015-01-22;135.548;1.592;60.005;52.279
2015-01-23;137.638;1.482;55.25;47.638
2015-01-26;137.165;1.506;58.744;50.761
2015-01-27;136.883;1.52;55.653;48.168
2015-01-28;137.225;1.502;56.671;48.942
2015-01-29;136.105;1.561;60.049;52.142
2015-01-30;138.125;1.455;57.422;49.314
2015-02-02;137.37;1.493;62.077;53.468
2015-02-03;137.098;1.507;59.22;51.108
2015-02-04;137.448;1.489;55.602;47.919
2015-02-05;136.918;1.516;60.504;52.233
2015-02-06;135.89;1.571;66.706;57.842
2015-02-09;136.613;1.531;62.658;54.157
2015-02-10;136.295;1.548;64.648;55.95
2015-02-11;136.568;1.533;64.496;55.734
2015-02-12;139.095;1.401;53.302;45.508
2015-02-13;138.68;1.422;52.504;44.96
2015-02-16;138.638;1.423;51.538;44.145
2015-02-17;137.6;1.477;55.492;47.774
2015-02-18;136.478;1.536;58.123;50.357
2015-02-19;136.298;1.545;58.539;50.781
2015-02-20;136.2;1.55;59.113;51.309
2015-02-23;136.788;1.518;52.775;45.709
2015-02-24;136.813;1.517;57.707;49.934
2015-02-25;137.113;1.501;60.632;52.362
2015-02-26;137.623;1.474;60.505;52.131
2015-02-27;137.378;1.486;57.529;49.642
2015-03-02;137.39;1.485;57.997;50.037
2015-03-03;138.183;1.443;52.792;45.379
2015-03-04;137.378;1.485;55.546;47.874
2015-03-05;138.755;1.413;50.436;43.161
2015-03-06;138.392;1.431;43.899;37.682
2015-03-09;140.248;1.334;32.873;27.993
2015-03-10;142.275;1.231;31.971;26.959
2015-03-11;144.353;1.126;29.864;24.908
2015-03-12;143.668;1.16;38.573;32.224
2015-03-13;143.267;1.18;39.038;32.653
2015-03-16;143.832;1.151;35.746;29.837
2015-03-17;143.06;1.189;43.808;36.61
2015-03-18;144.835;1.1;42.558;35.267
2015-03-19;144.275;1.128;46.787;38.859
2015-03-20;144.82;1.1;43.951;36.402
2015-03-23;144.133;1.134;48.431;40.246
2015-03-24;143.835;1.148;45.179;37.588
2015-03-25;144.875;1.096;40.842;33.808
2015-03-26;144.695;1.105;42.029;34.823
2015-03-27;144.968;1.091;40.25;33.308
2015-03-30;144.723;1.102;41.371;34.266
2015-03-31;145.088;1.084;44.386;36.67
2015-04-01;145.235;1.076;43.522;35.943
2015-04-02;144.895;1.093;40.238;33.291
2015-04-03;144.895;1.092;41.449;34.292
2015-04-06;144.895;1.091;41.45;34.293
2015-04-07;145.138;1.079;38.943;32.221
2015-04-08;145.388;1.066;40.563;33.543
2015-04-09;145.363;1.067;41.501;34.323
2015-04-10;145.318;1.069;41.75;34.539
2015-04-13;145.7;1.049;38.798;32.051
2015-04-14;146.022;1.033;40.895;33.726
2015-04-15;146.87;0.992;40.498;33.248
2015-04-16;146.96;0.987;42.202;34.626
2015-04-17;147.3;0.97;41.771;34.215
2015-04-20;147.468;0.961;40.851;33.44
2015-04-21;146.798;0.993;42.344;34.741
2015-04-22;145.813;1.041;41.87;34.515
2015-04-23;145.883;1.037;41.835;34.491
2015-04-24;145.95;1.034;42.189;34.78
2015-04-27;145.892;1.036;42.556;35.091
2015-04-28;145.638;1.048;41.722;34.476
2015-04-29;143.723;1.143;38.18;31.872
2015-04-30;142.163;1.221;39.344;33.058
2015-05-01;142.163;1.221;41.724;35.051
2015-05-04;140.603;1.3;50.628;42.791
2015-05-05;139.05;1.38;35.733;30.53
2015-05-06;137.433;1.465;36.387;31.358
2015-05-07;137.358;1.469;40.447;34.82
2015-05-08;137.758;1.447;42.467;36.502
2015-05-11;136.848;1.495;47.975;41.384
2015-05-12;136.225;1.528;35.815;31.081
2015-05-13;135.123;1.587;35.898;31.339
2015-05-14;133.338;1.684;46.73;41.142
2015-05-15;136.415;1.517;35.962;31.176
2015-05-18;135.195;1.582;42.43;36.985
2015-05-19;136.22;1.526;40.692;35.294
2015-05-20;135.49;1.565;38.549;33.578
2015-05-21;135.3;1.575;36.509;31.854
2015-05-22;135.4;1.57;38.621;33.67
2015-05-26;136.29;1.521;38.868;33.727
2015-05-27;136.35;1.517;37.191;32.278
2015-05-28;136.43;1.513;38.357;33.257
2015-05-29;137.06;1.479;39.471;34.114
2015-06-01;136.24;1.522;44.459;38.563
2015-06-02;133.895;1.649;38.54;33.862
2015-06-03;131.353;1.79;34.783;30.965
2015-06-04;132.215;1.741;33.152;29.41
2015-06-05;131.0;1.809;37.813;33.698
2015-06-08;131.435;1.784;36.068;32.118
2015-06-09;130.128;1.858;28.805;25.873
2015-06-10;129.568;1.89;28.672;25.834
2015-06-11;131.313;1.79;28.894;25.777
2015-06-12;131.725;1.767;29.941;26.651
2015-06-15;129.68;1.882;40.26;36.171
2015-06-16;128.51;1.949;51.215;46.254
2015-06-17;129.395;1.898;45.327;40.758
2015-06-18;126.803;2.048;61.418;55.933
2015-06-19;127.32;2.018;62.745;56.957
2015-06-22;125.828;2.105;71.973;65.801
2015-06-23;125.098;2.149;62.876;57.884
2015-06-24;125.32;2.135;63.608;58.489
2015-06-25;126.4;2.071;54.451;49.845
2015-06-26;127.36;2.014;41.151;37.525
2015-06-29;124.863;2.162;57.129;52.732
2015-06-30;125.873;2.101;63.568;58.306
2015-07-01;126.288;2.076;54.353;49.852
2015-07-02;126.588;2.058;46.281;42.456
2015-07-03;127.265;2.018;48.597;44.386
2015-07-06;127.003;2.033;53.965;49.329
2015-07-07;129.008;1.916;55.225;49.848
2015-07-08;129.072;1.912;54.234;48.91
2015-07-09;128.31;1.956;53.715;48.693
2015-07-10;127.113;2.026;42.327;38.679
2015-07-13;127.328;2.012;40.795;37.231
2015-07-14;127.425;2.006;43.767;39.978
2015-07-15;127.898;1.979;48.918;44.54
2015-07-16;127.94;1.976;47.488;43.229
2015-07-17;128.868;1.922;47.8;43.279
2015-07-20;129.452;1.887;47.231;42.617
2015-07-21;129.605;1.878;43.911;39.618
2015-07-22;129.695;1.873;48.809;43.983
2015-07-23;129.808;1.866;48.388;43.578
2015-07-24;130.47;1.828;50.334;45.141
2015-07-27;130.455;1.828;51.968;46.58
2015-07-28;130.843;1.806;48.592;43.472
2015-07-29;131.148;1.788;42.206;37.734
2015-07-30;132.49;1.713;40.396;35.849
2015-07-31;133.033;1.682;40.187;35.554
2015-08-03;133.018;1.682;40.796;36.102
2015-08-04;132.823;1.693;39.333;34.857
2015-08-05;131.32;1.777;35.448;31.711
2015-08-06;132.308;1.721;34.662;30.842
2015-08-07;133.548;1.652;32.291;28.562
2015-08-10;132.365;1.717;35.552;31.619
2015-08-11;133.78;1.638;36.012;31.783
2015-08-12;134.348;1.606;34.617;30.464
2015-08-13;133.775;1.637;35.294;31.149
2015-08-14;133.263;1.666;35.155;31.1
2015-08-17;133.808;1.635;35.097;30.96
2015-08-18;133.498;1.652;35.028;30.956
2015-08-19;133.923;1.628;34.9;30.779
2015-08-20;134.31;1.606;37.0;32.546
2015-08-21;134.25;1.609;40.706;35.779
2015-08-24;134.358;1.602;37.209;32.692
2015-08-25;131.332;1.772;40.086;35.782
2015-08-26;132.608;1.699;36.195;32.101
2015-08-27;131.31;1.772;40.389;36.091
2015-08-28;131.778;1.746;37.546;33.475
2015-08-31;129.35;1.884;46.545;41.991
2015-09-01;131.195;1.778;33.551;30.024
2015-09-02;131.178;1.778;35.496;31.773
2015-09-03;131.723;1.747;36.908;32.962
2015-09-04;132.67;1.694;37.86;33.693
2015-09-07;132.665;1.693;36.187;32.143
2015-09-08;133.44;1.649;30.501;27.023
2015-09-09;132.918;1.678;30.401;27.009
2015-09-10;131.79;1.742;37.927;33.873
2015-09-11;132.488;1.702;37.631;33.475
2015-09-14;132.03;1.727;39.21;34.97
2015-09-15;130.615;1.808;35.284;31.731
2015-09-16;130.285;1.826;37.196;33.501
2015-09-17;131.71;1.745;27.634;24.724
2015-09-18;132.267;1.713;36.134;32.182
2015-09-21;132.003;1.727;34.056;30.4
2015-09-22;133.24;1.657;35.209;31.244
2015-09-23;133.298;1.654;35.065;31.081
2015-09-24;133.348;1.651;35.279;31.246
2015-09-25;131.96;1.728;37.93;33.839
2015-09-28;132.995;1.669;37.285;33.089
2015-09-29;133.385;1.647;35.32;31.284
2015-09-30;133.325;1.65;34.665;30.729
2015-10-01;133.958;1.615;35.649;31.489
2015-10-02;134.69;1.574;35.732;31.437
2015-10-05;133.78;1.624;33.794;29.888
2015-10-06;133.165;1.658;34.095;30.252
2015-10-07;133.37;1.646;34.139;30.251
2015-10-08;133.48;1.64;34.03;30.133
2015-10-09;132.68;1.684;34.424;30.611
2015-10-12;133.56;1.634;33.888;30.004
2015-10-13;133.25;1.651;33.72;29.917
2015-10-14;133.91;1.614;33.988;30.05
2015-10-15;133.69;1.626;34.287;30.348
2015-10-16;133.85;1.617;33.538;29.659
2015-10-19;133.513;1.635;33.673;29.847
2015-10-20;132.955;1.666;31.94;28.396
2015-10-21;132.805;1.674;39.639;35.228
2015-10-22;134.035;1.605;36.447;32.211
2015-10-23;133.91;1.612;35.383;31.321
2015-10-26;134.175;1.596;35.984;31.8
2015-10-27;135.12;1.544;37.169;32.7
2015-10-28;135.165;1.541;38.256;33.642
2015-10-29;133.625;1.626;37.298;33.052
2015-10-30;133.815;1.615;37.232;32.947
2015-11-02;132.94;1.664;37.846;33.659
2015-11-03;132.57;1.684;37.784;33.685
2015-11-04;133.05;1.657;32.161;28.644
2015-11-05;131.865;1.724;40.24;36.022
2015-11-06;130.73;1.789;40.057;36.063
2015-11-09;130.975;1.774;43.03;38.718
2015-11-10;131.315;1.754;41.481;37.305
2015-11-11;131.598;1.738;40.459;36.329
2015-11-12;131.767;1.728;39.735;35.633
2015-11-13;132.488;1.686;39.416;35.207
2015-11-16;132.793;1.668;38.751;34.578
2015-11-17;133.055;1.653;39.843;35.507
2015-11-18;133.825;1.61;36.47;32.349
2015-11-19;135.085;1.539;32.37;28.542
2015-11-20;134.4;1.577;39.554;34.969
2015-11-23;133.61;1.621;40.842;36.265
2015-11-24;133.828;1.608;39.084;34.657
2015-11-25;134.848;1.551;35.125;31.034
2015-11-26;134.54;1.568;36.035;31.879
2015-11-27;134.658;1.561;36.307;32.108
2015-11-30;134.135;1.589;36.95;32.755
2015-12-01;134.805;1.552;33.706;29.819
2015-12-02;134.153;1.588;38.415;34.077
2015-12-03;132.538;1.679;32.225;28.774
2015-12-04;131.832;1.719;35.344;31.697
2015-12-07;133.693;1.612;33.279;29.521
2015-12-08;133.97;1.596;33.264;29.459
2015-12-09;133.59;1.618;32.136;28.533
2015-12-10;133.825;1.604;32.139;28.511
2015-12-11;134.24;1.581;33.598;29.728
2015-12-14;133.85;1.602;32.452;28.763
2015-12-15;133.49;1.622;28.422;25.247
2015-12-16;132.9;1.655;27.908;24.864
2015-12-17;133.8;1.604;30.14;26.703
2015-12-18;134.78;1.548;30.531;26.92
2015-12-21;134.415;1.568;29.722;26.256
2015-12-22;133.455;1.622;29.369;26.071
2015-12-23;132.84;1.656;29.242;26.055
2015-12-24;132.84;1.656;29.649;26.406
2015-12-25;132.84;1.656;29.647;26.407
2015-12-28;134.21;1.578;29.201;25.812
2015-12-29;132.67;1.665;29.587;26.376
2015-12-30;132.55;1.67;29.183;26.048
2015-12-31;132.55;1.67;;
2016-01-01;132.55;1.67;;
2016-01-04;133.53;1.614;30.343;26.939
2016-01-05;134.05;1.585;30.251;26.807
2016-01-06;134.58;1.555;29.541;26.126
2016-01-07;134.09;1.581;28.768;25.503
2016-01-08;134.695;1.547;28.521;25.211
2016-01-11;134.16;1.577;31.064;27.51
2016-01-12;134.68;1.547;31.029;27.394
2016-01-13;134.723;1.545;33.768;29.793
2016-01-14;133.69;1.602;37.303;33.069
2016-01-15;134.14;1.576;36.675;32.456
2016-01-18;133.93;1.588;37.307;33.061
2016-01-19;133.9;1.589;37.31;33.073
2016-01-20;134.435;1.559;41.819;36.941
2016-01-21;134.448;1.557;44.837;39.618
2016-01-22;133.845;1.591;44.323;39.292
2016-01-25;134.495;1.554;42.259;37.345
2016-01-26;134.55;1.551;45.133;39.855
2016-01-27;134.665;1.544;44.349;39.121
2016-01-28;135.17;1.515;45.829;40.295
2016-01-29;135.84;1.477;50.294;44.055
2016-02-01;136.69;1.43;44.346;38.69
2016-02-02;136.95;1.416;45.805;39.904
2016-02-03;137.1;1.407;50.979;44.326
2016-02-04;136.75;1.425;49.462;43.113
2016-02-05;137.23;1.399;47.408;41.202
2016-02-08;137.79;1.368;53.558;46.331
2016-02-09;137.77;1.369;51.526;44.585
2016-02-10;137.81;1.366;49.303;42.682
2016-02-11;137.94;1.358;54.219;46.836
2016-02-12;136.85;1.418;53.377;46.353
2016-02-15;137.22;1.397;54.129;46.933
2016-02-16;135.965;1.466;58.001;50.62
2016-02-17;137.88;1.36;46.863;40.556
2016-02-18;137.58;1.376;55.469;48.007
2016-02-19;137.9;1.358;54.553;47.143
2016-02-22;138.123;1.345;57.251;49.396
2016-02-23;138.48;1.326;55.215;47.543
2016-02-24;138.67;1.315;57.571;49.471
2016-02-25;138.415;1.328;58.091;50.021
2016-02-26;138.403;1.328;56.272;48.508
2016-02-29;138.473;1.324;59.707;51.47
2016-03-01;138.408;1.327;54.964;47.45
2016-03-02;137.208;1.393;53.845;46.787
2016-03-03;137.99;1.349;53.584;46.425
2016-03-04;136.695;1.42;55.174;48.065
2016-03-07;136.33;1.44;56.999;49.783
2016-03-08;136.423;1.434;60.153;52.487
2016-03-09;136.628;1.423;54.073;47.191
2016-03-10;136.493;1.429;48.539;42.327
2016-03-11;137.2;1.39;46.858;40.725
2016-03-14;137.133;1.393;46.585;40.493
2016-03-15;136.938;1.404;45.016;39.171
2016-03-16;137.543;1.37;42.746;37.1
2016-03-17;138.453;1.319;47.134;40.686
2016-03-18;139.09;1.285;44.602;38.382
2016-03-21;138.428;1.32;45.406;39.217
2016-03-22;139.087;1.284;43.63;37.549
2016-03-23;138.803;1.298;46.549;40.09
2016-03-24;138.723;1.302;48.531;41.789
2016-03-25;138.723;1.302;47.375;40.807
2016-03-28;138.723;1.302;48.634;41.88
2016-03-29;139.683;1.25;47.254;40.521
2016-03-30;139.363;1.267;47.042;40.402
2016-03-31;139.478;1.259;46.738;40.109
2016-04-01;140.063;1.227;45.359;38.806
2016-04-04;140.21;1.219;45.472;38.864
2016-04-05;140.61;1.197;46.861;39.954
2016-04-06;140.078;1.226;46.78;40.024
2016-04-07;140.7;1.191;46.026;39.249
2016-04-08;140.293;1.213;46.47;39.728
2016-04-11;139.74;1.242;47.498;40.745
2016-04-12;139.358;1.263;43.536;37.437
2016-04-13;139.748;1.241;45.77;39.265
2016-04-14;139.408;1.259;43.405;37.305
2016-04-15;139.748;1.24;46.116;39.622
2016-04-18;139.423;1.257;44.291;38.125
2016-04-19;139.475;1.254;41.922;36.107
2016-04-20;139.5;1.253;43.724;37.641
2016-04-21;137.928;1.338;43.961;38.151
2016-04-22;138.063;1.33;42.414;36.813
2016-04-25;137.438;1.364;42.315;36.846
2016-04-26;136.74;1.402;42.198;36.844
2016-04-27;136.653;1.407;43.297;37.837
2016-04-28;136.45;1.417;46.894;41.008
2016-04-29;136.323;1.424;46.437;40.637
2016-05-02;136.385;1.42;48.006;41.947
2016-05-03;137.455;1.361;48.962;42.56
2016-05-04;136.975;1.387;51.342;44.72
2016-05-05;137.605;1.351;52.154;45.274
2016-05-06;138.41;1.306;48.968;42.338
2016-05-09;138.0;1.329;53.963;46.737
2016-05-10;138.59;1.296;50.533;43.636
2016-05-11;138.43;1.304;50.235;43.431
2016-05-12;137.22;1.37;54.075;47.039
2016-05-13;137.62;1.348;55.769;48.384
2016-05-16;137.075;1.378;57.154;49.702
2016-05-17;137.425;1.358;55.768;48.419
2016-05-18;136.765;1.394;55.659;48.489
2016-05-19;136.83;1.39;55.468;48.291
2016-05-20;137.065;1.377;54.247;47.189
2016-05-23;136.535;1.406;54.992;47.963
2016-05-24;136.758;1.393;55.349;48.277
2016-05-25;137.023;1.378;55.955;48.687
2016-05-26;137.195;1.367;55.456;48.211
2016-05-27;137.198;1.367;55.247;48.054
2016-05-30;136.59;1.401;55.669;48.601
2016-05-31;137.18;1.367;55.408;48.202
2016-06-01;137.165;1.368;55.434;48.235
2016-06-02;137.655;1.34;53.49;46.434
2016-06-03;138.705;1.281;53.45;46.129
2016-06-06;138.068;1.316;54.014;46.762
2016-06-07;139.535;1.235;49.194;42.3
2016-06-08;139.395;1.243;49.436;42.526
2016-06-09;139.98;1.21;49.406;42.337
2016-06-10;140.943;1.157;45.996;39.233
2016-06-13;140.318;1.191;47.931;41.015
2016-06-14;140.868;1.161;47.107;40.202
2016-06-15;140.85;1.161;47.372;40.428
2016-06-16;140.81;1.163;51.132;43.596
2016-06-17;140.765;1.165;46.687;39.867
2016-06-20;140.295;1.19;46.148;39.54
2016-06-21;140.478;1.18;43.624;37.344
2016-06-22;140.448;1.181;40.983;35.095
2016-06-23;140.273;1.189;37.301;32.002
2016-06-24;140.025;1.203;55.528;47.471
2016-06-27;141.75;1.109;54.254;46.016
2016-06-28;141.73;1.11;52.467;44.504
2016-06-29;142.22;1.083;51.44;43.547
2016-06-30;142.42;1.071;51.68;43.71
2016-07-01;143.115;1.034;48.223;40.666
2016-07-04;143.22;1.028;51.83;43.666
2016-07-05;143.957;0.989;51.333;43.097
2016-07-06;143.832;0.995;51.271;43.072
2016-07-07;143.928;0.989;49.567;41.641
2016-07-08;144.445;0.961;49.361;41.386
2016-07-11;144.295;0.969;48.38;40.595
2016-07-12;142.4;1.069;51.261;43.413
2016-07-13;144.275;0.969;47.699;40.015
2016-07-14;143.68;1.0;46.842;39.411
2016-07-15;143.16;1.027;45.386;38.304
2016-07-18;142.957;1.037;48.347;40.826
2016-07-19;142.88;1.041;48.589;41.048
2016-07-20;142.538;1.059;47.902;40.562
2016-07-21;142.94;1.036;45.26;38.245
2016-07-22;143.343;1.015;43.605;36.759
2016-07-25;143.828;0.989;42.154;35.453
2016-07-26;143.813;0.989;41.615;34.996
2016-07-27;144.813;0.936;41.924;35.093
2016-07-28;145.145;0.917;41.441;34.61
2016-07-29;145.897;0.878;40.025;33.315
2016-08-01;145.655;0.89;40.424;33.67
2016-08-02;143.995;0.977;42.851;35.974
2016-08-03;144.587;0.945;40.328;33.773
2016-08-04;144.553;0.946;46.62;39.024
2016-08-05;143.525;1.0;48.915;41.135
2016-08-08;144.158;0.966;44.641;37.468
2016-08-09;145.605;0.89;38.508;32.106
2016-08-10;145.968;0.87;40.228;33.487
2016-08-11;145.743;0.881;39.051;32.546
2016-08-12;146.12;0.861;38.293;31.865
2016-08-15;145.608;0.887;37.484;31.262
2016-08-16;144.848;0.927;37.058;31.033
2016-08-17;145.173;0.909;37.393;31.248
2016-08-18;145.903;0.87;36.739;30.604
2016-08-19;145.003;0.917;36.888;30.846
2016-08-22;146.023;0.863;37.488;31.194
2016-08-23;146.078;0.86;38.101;31.689
2016-08-24;146.038;0.862;37.847;31.485
2016-08-25;145.625;0.882;39.173;32.64
2016-08-26;146.147;0.854;36.106;30.024
2016-08-29;146.215;0.851;36.087;30.014
2016-08-30;146.978;0.811;33.756;27.95
2016-08-31;145.888;0.867;36.711;30.568
2016-09-01;146.193;0.85;34.208;28.456
2016-09-02;145.61;0.88;34.544;28.806
2016-09-05;146.02;0.858;32.982;27.48
2016-09-06;146.62;0.826;34.834;28.943
2016-09-07;147.288;0.791;31.121;25.786
2016-09-08;145.968;0.859;32.478;27.091
2016-09-09;144.263;0.948;34.484;29.027
2016-09-12;144.243;0.949;32.246;27.136
2016-09-13;143.868;0.969;31.778;26.792
2016-09-14;144.633;0.928;30.731;25.817
2016-09-15;144.103;0.955;31.595;26.657
2016-09-16;144.475;0.935;31.394;26.401
2016-09-19;144.248;0.946;32.159;27.066
2016-09-20;145.09;0.901;31.999;26.784
2016-09-21;144.915;0.91;30.123;25.254
2016-09-22;146.853;0.808;29.315;24.36
2016-09-23;146.623;0.819;;
2016-09-26;147.198;0.789;28.997;24.043
2016-09-27;147.48;0.774;27.244;22.584
2016-09-28;147.248;0.786;29.844;24.749
2016-09-29;147.233;0.785;27.165;22.54
2016-09-30;147.332;0.78;25.96;21.54
2016-10-03;146.665;0.814;27.608;22.977
2016-10-04;145.748;0.862;29.034;24.254
2016-10-05;146.183;0.838;19.873;16.622
2016-10-06;144.888;0.905;28.773;24.145
2016-10-07;144.348;0.934;;
2016-10-10;144.383;0.931;21.023;17.736
2016-10-11;144.238;0.939;26.412;22.218
2016-10-12;143.493;0.978;27.341;23.106
2016-10-13;144.423;0.928;25.12;21.146
2016-10-14;143.808;0.96;;
2016-10-17;143.962;0.951;25.597;21.592
2016-10-18;144.405;0.927;25.874;21.784
2016-10-19;144.538;0.92;25.675;21.611
2016-10-20;145.293;0.879;24.151;20.209
2016-10-21;145.0;0.894;24.803;20.83
2016-10-24;144.457;0.922;25.636;21.558
2016-10-25;144.465;0.922;26.245;22.078
2016-10-26;143.478;0.974;26.527;22.429
2016-10-27;142.318;1.036;24.584;20.958
2016-10-28;143.19;0.988;20.983;17.778
2016-10-31;142.525;1.023;26.293;22.294
2016-11-01;141.943;1.055;26.78;22.81
2016-11-02;142.698;1.014;26.161;22.197
2016-11-03;143.388;0.975;17.837;15.16
2016-11-04;143.445;0.972;;
2016-11-07;143.075;0.991;20.51;17.419
2016-11-08;141.763;1.062;24.377;20.787
2016-11-09;140.988;1.104;26.155;22.42
2016-11-10;140.28;1.142;20.938;18.009
2016-11-11;137.768;1.283;35.002;30.344
2016-11-14;138.475;1.242;27.424;23.739
2016-11-15;138.332;1.25;29.395;25.352
2016-11-16;137.8;1.28;33.863;29.381
2016-11-17;138.935;1.215;27.693;23.89
2016-11-18;138.88;1.218;27.768;23.972
2016-11-21;138.47;1.24;31.433;27.171
2016-11-22;138.54;1.236;34.991;30.255
2016-11-23;138.788;1.222;31.071;26.83
2016-11-24;138.308;1.248;32.968;28.557
2016-11-25;138.125;1.258;33.756;29.261
2016-11-28;138.315;1.247;36.564;31.737
2016-11-29;138.443;1.239;35.004;30.277
2016-11-30;136.865;1.328;37.76;32.916
2016-12-01;135.267;1.419;37.247;32.747
2016-12-02;136.705;1.336;;
2016-12-05;136.16;1.367;38.374;33.58
2016-12-06;135.38;1.412;37.457;32.894
2016-12-07;135.593;1.399;38.732;33.943
2016-12-08;134.528;1.46;39.562;34.907
2016-12-09;134.288;1.474;;
2016-12-12;133.02;1.549;41.913;37.292
2016-12-13;133.993;1.491;41.652;36.866
2016-12-14;135.065;1.428;40.532;35.749
2016-12-15;134.32;1.47;38.656;34.17
2016-12-16;135.138;1.422;38.583;33.885
2016-12-19;136.415;1.348;38.028;33.227
2016-12-20;136.082;1.367;37.029;32.402
2016-12-21;136.53;1.341;36.773;32.109
2016-12-22;136.175;1.36;35.556;31.107
2016-12-23;137.368;1.291;31.91;27.744
2016-12-26;137.368;1.291;29.629;25.726
2016-12-27;136.138;1.362;41.068;35.968
2016-12-28;136.745;1.326;37.461;32.578
2016-12-29;138.128;1.247;32.336;28.015
2016-12-30;137.953;1.256;30.928;26.886
2017-01-02;138.163;1.244;29.09;25.232
2017-01-03;135.01;1.425;39.953;35.02
2017-01-04;135.613;1.39;39.565;34.668
2017-01-05;134.963;1.427;48.064;42.239
2017-01-06;135.15;1.415;39.945;35.107
2017-01-09;134.9;1.43;44.045;38.755
2017-01-10;134.823;1.434;44.297;38.99
2017-01-11;135.433;1.398;45.385;39.795
2017-01-12;135.768;1.377;42.109;36.908
2017-01-13;134.433;1.455;47.487;41.878
2017-01-16;134.903;1.427;45.221;39.814
2017-01-17;134.918;1.426;44.897;39.49
2017-01-18;135.173;1.411;39.529;34.766
2017-01-19;134.443;1.453;40.153;35.399
2017-01-20;133.703;1.496;39.56;35.064
2017-01-23;134.522;1.447;41.101;36.255
2017-01-24;133.908;1.483;39.852;35.278
2017-01-25;132.983;1.538;40.605;36.112
2017-01-26;132.678;1.555;40.145;35.758
2017-01-27;133.228;1.522;39.444;35.015
2017-01-30;133.173;1.525;40.332;35.796
2017-01-31;133.4;1.511;39.533;35.052
2017-02-01;132.678;1.554;40.424;36.012
2017-02-02;133.353;1.513;40.521;35.933
2017-02-03;132.99;1.534;43.3;38.486
2017-02-06;133.695;1.492;39.9;35.343
2017-02-07;133.85;1.483;40.135;35.523
2017-02-08;134.408;1.449;42.743;37.718
2017-02-09;134.96;1.416;37.811;33.263
2017-02-10;134.578;1.438;36.906;32.558
2017-02-13;134.203;1.46;36.675;32.417
2017-02-14;133.39;1.508;37.979;33.711
2017-02-15;133.313;1.512;39.17;34.783
2017-02-16;134.03;1.469;39.072;34.562
2017-02-17;134.053;1.467;42.019;37.149
2017-02-20;133.95;1.473;41.485;36.704
2017-02-21;133.38;1.506;41.317;36.595
2017-02-22;134.563;1.436;37.651;33.287
2017-02-23;135.065;1.405;38.906;34.214
2017-02-24;135.475;1.381;41.696;36.577
2017-02-27;135.48;1.38;42.113;36.941
2017-02-28;135.315;1.39;42.661;37.462
2017-03-01;134.35;1.446;43.98;38.813
2017-03-02;132.9;1.532;47.478;42.211
2017-03-03;132.3;1.567;46.806;41.711
2017-03-06;132.598;1.549;46.434;41.334
2017-03-07;132.72;1.541;45.977;40.904
2017-03-08;132.228;1.571;46.119;41.145
2017-03-09;131.345;1.623;45.141;40.445
2017-03-10;130.67;1.664;45.119;40.515
2017-03-13;131.45;1.616;42.79;38.257
2017-03-14;131.873;1.59;43.197;38.55
2017-03-15;132.31;1.564;43.082;38.351
2017-03-16;131.96;1.584;42.819;38.175
2017-03-17;132.493;1.551;42.968;38.189
2017-03-20;132.268;1.565;43.083;38.343
2017-03-21;132.2;1.569;42.956;38.231
2017-03-22;132.845;1.529;42.836;37.98
2017-03-23;132.52;1.548;43.175;38.36
2017-03-24;132.873;1.526;42.555;37.727
2017-03-27;133.08;1.514;43.71;38.692
2017-03-28;133.183;1.507;44.02;38.949
2017-03-29;133.4;1.494;44.149;39.053
2017-03-30;133.49;1.488;44.012;38.948
2017-03-31;133.603;1.481;42.655;37.731
2017-04-03;134.085;1.451;43.283;38.056
2017-04-04;134.093;1.451;43.275;38.199
2017-04-05;134.098;1.45;42.962;37.928
2017-04-06;134.147;1.446;42.544;37.552
2017-04-07;134.91;1.401;42.143;36.914
2017-04-10;134.845;1.404;42.545;37.358
2017-04-11;134.938;1.398;42.375;37.215
2017-04-12;134.98;1.394;43.036;37.848
2017-04-13;135.378;1.37;42.151;36.954
2017-04-14;135.378;1.37;;
2017-04-17;135.378;1.37;43.503;38.104
2017-04-18;135.835;1.343;43.64;38.172
2017-04-19;135.12;1.385;44.83;39.184
2017-04-20;134.463;1.423;44.576;39.227
2017-04-21;134.115;1.443;43.31;38.249
2017-04-24;133.973;1.452;39.891;35.223
2017-04-25;133.283;1.493;39.023;34.568
2017-04-26;133.653;1.47;37.932;33.571
2017-04-27;134.125;1.441;38.769;34.23
2017-04-28;133.67;1.467;38.784;34.316
2017-05-01;133.67;1.467;38.705;34.461
2017-05-02;133.62;1.47;38.126;33.736
2017-05-03;133.698;1.465;38.566;34.134
2017-05-04;132.49;1.537;39.939;35.513
2017-05-05;132.503;1.536;39.043;34.749
2017-05-08;132.738;1.521;37.877;33.693
2017-05-09;132.503;1.535;38.371;34.174
2017-05-10;132.718;1.522;39.252;34.906
2017-05-11;132.573;1.53;39.976;35.576
2017-05-12;132.983;1.505;40.599;36.043
2017-05-15;132.267;1.548;42.104;37.558
2017-05-16;132.068;1.56;42.448;37.885
2017-05-17;132.885;1.51;41.361;36.761
2017-05-18;133.36;1.48;40.249;35.7
2017-05-19;133.02;1.5;39.921;35.46
2017-05-22;132.455;1.534;40.391;35.994
2017-05-23;132.517;1.53;37.857;33.71
2017-05-24;132.68;1.52;37.315;33.219
2017-05-25;133.233;1.486;36.694;32.58
2017-05-26;133.67;1.459;37.142;32.907
2017-05-29;134.283;1.422;34.391;30.392
2017-05-30;134.14;1.43;35.385;31.148
2017-05-31;133.96;1.441;35.213;31.182
2017-06-01;133.945;1.44;34.013;30.13
2017-06-02;134.418;1.412;;
2017-06-05;134.27;1.42;31.82;28.15
2017-06-06;134.573;1.402;32.304;28.536
2017-06-07;134.448;1.409;32.825;29.002
2017-06-08;134.695;1.393;32.463;28.642
2017-06-09;134.368;1.413;33.827;29.916
2017-06-12;134.7;1.392;32.706;29.036
2017-06-13;134.483;1.405;32.425;28.686
2017-06-14;135.195;1.362;32.414;28.607
2017-06-15;134.585;1.398;32.394;28.606
2017-06-16;134.503;1.402;33.955;29.778
2017-06-19;134.548;1.399;33.71;29.765
2017-06-20;134.928;1.376;33.537;29.559
2017-06-21;135.13;1.364;33.942;29.926
2017-06-22;135.338;1.35;34.913;30.674
2017-06-23;134.99;1.371;35.162;30.961
2017-06-26;135.298;1.352;33.331;29.357
2017-06-27;133.555;1.456;34.604;30.671
2017-06-28;133.655;1.45;34.609;30.643
2017-06-29;132.665;1.509;33.134;29.491
2017-06-30;132.4;1.525;33.368;29.759
2017-07-03;132.08;1.544;33.155;29.636
2017-07-04;131.755;1.564;33.078;29.62
2017-07-05;131.875;1.556;32.626;29.192
2017-07-06;130.788;1.623;33.333;30.066
2017-07-07;130.55;1.637;32.597;29.349
2017-07-10;130.95;1.612;34.4;30.728
2017-07-11;130.89;1.615;34.184;30.708
2017-07-12;131.38;1.585;34.442;30.853
2017-07-13;131.085;1.602;33.979;30.478
2017-07-14;131.183;1.596;34.044;30.521
2017-07-17;131.22;1.593;34.581;30.868
2017-07-18;131.495;1.576;34.31;30.719
2017-07-19;131.81;1.556;34.332;30.691
2017-07-20;131.67;1.564;34.288;30.686
2017-07-21;132.253;1.528;34.009;30.406
2017-07-24;132.32;1.523;33.912;30.318
2017-07-25;131.165;1.594;33.94;30.377
2017-07-26;131.543;1.57;31.003;27.773
2017-07-27;131.47;1.574;32.848;29.436
2017-07-28;131.135;1.594;;
2017-07-31;131.945;1.544;30.997;27.738
2017-08-01;132.61;1.503;29.446;26.224
2017-08-02;132.25;1.525;32.196;28.732
2017-08-03;132.78;1.491;31.514;28.042
2017-08-04;132.483;1.509;;
2017-08-07;133.198;1.465;27.992;24.873
2017-08-08;132.86;1.485;29.096;25.855
2017-08-09;133.392;1.452;29.73;26.393
2017-08-10;133.578;1.44;30.007;26.612
2017-08-11;134.325;1.395;30.608;27.022
2017-08-14;133.72;1.431;28.817;25.544
2017-08-15;133.823;1.424;26.307;23.31
2017-08-16;133.155;1.465;28.915;25.703
2017-08-17;133.495;1.443;29.364;26.061
2017-08-18;133.57;1.438;29.723;26.353
2017-08-21;134.353;1.39;25.633;22.652
2017-08-22;133.832;1.421;29.212;25.887
2017-08-23;134.313;1.392;27.444;24.261
2017-08-24;134.53;1.378;25.444;22.477
2017-08-25;134.05;1.406;27.747;24.555
2017-08-28;133.83;1.419;28.221;25.016
2017-08-29;134.34;1.388;29.747;26.288
2017-08-30;134.24;1.394;29.448;26.038
2017-08-31;134.22;1.394;29.411;26.005
2017-09-01;134.0;1.407;28.516;25.256
2017-09-04;134.0;1.407;29.615;26.23
2017-09-05;134.47;1.378;29.631;26.187
2017-09-06;134.3;1.388;29.249;25.874
2017-09-07;134.44;1.379;29.444;26.028
2017-09-08;134.305;1.387;29.247;25.88
2017-09-11;133.97;1.407;29.481;26.117
2017-09-12;133.73;1.421;24.73;21.957
2017-09-13;133.858;1.413;25.025;22.201
2017-09-14;133.625;1.426;24.847;22.073
2017-09-15;132.68;1.484;29.139;25.974
2017-09-18;132.475;1.496;28.234;25.195
2017-09-19;132.45;1.497;29.288;26.143
2017-09-20;132.78;1.477;28.926;25.777
2017-09-21;132.38;1.5;30.32;27.051
2017-09-22;132.66;1.483;28.969;25.816
2017-09-25;133.09;1.456;29.058;25.866
2017-09-26;133.0;1.461;29.268;26.066
2017-09-27;132.23;1.508;28.946;25.866
2017-09-28;131.85;1.531;29.617;26.515
2017-09-29;132.28;1.504;28.22;25.205
2017-10-02;132.313;1.502;28.697;25.622
2017-10-03;132.25;1.505;27.676;24.724
2017-10-04;132.528;1.488;26.686;23.83
2017-10-05;132.275;1.502;28.946;25.86
2017-10-06;132.23;1.505;28.401;25.374
2017-10-09;132.448;1.491;29.178;26.041
2017-10-10;132.503;1.487;28.689;25.585
2017-10-11;132.445;1.491;26.922;24.083
2017-10-12;132.705;1.473;27.222;24.281
2017-10-13;132.773;1.469;28.769;25.723
2017-10-16;133.28;1.437;29.074;25.847
2017-10-17;133.465;1.426;29.084;25.831
2017-10-18;133.42;1.428;26.708;23.736
2017-10-19;133.498;1.422;25.897;22.998
2017-10-20;132.57;1.479;26.549;23.7
2017-10-23;132.8;1.465;27.52;24.528
2017-10-24;132.45;1.486;26.427;23.591
2017-10-25;132.168;1.503;26.579;23.755
2017-10-26;132.385;1.489;29.998;26.785
2017-10-27;132.5;1.481;30.021;26.814
2017-10-30;133.103;1.443;28.442;25.495
2017-10-31;134.048;1.385;23.169;20.701
2017-11-01;133.808;1.4;23.502;20.845
2017-11-02;133.665;1.407;24.61;22.044
2017-11-03;134.13;1.378;22.49;19.928
2017-11-06;134.43;1.36;22.998;20.355
2017-11-07;134.415;1.36;23.37;20.675
2017-11-08;134.44;1.359;23.377;20.683
2017-11-09;133.405;1.421;25.53;22.699
2017-11-10;132.86;1.454;25.728;23.107
2017-11-13;132.875;1.453;25.778;22.982
2017-11-14;133.595;1.408;22.65;20.118
2017-11-15;133.48;1.415;25.604;22.748
2017-11-16;133.443;1.416;25.991;23.094
2017-11-17;133.548;1.41;26.519;23.545
2017-11-20;133.958;1.384;23.856;21.137
2017-11-21;134.005;1.381;26.121;23.118
2017-11-22;133.995;1.381;27.302;24.228
2017-11-23;134.188;1.368;26.841;23.71
2017-11-24;133.983;1.38;26.748;23.656
2017-11-27;134.19;1.367;26.859;23.738
2017-11-28;134.563;1.344;24.028;21.209
2017-11-29;133.868;1.387;25.115;22.234
2017-11-30;134.13;1.369;24.964;22.072
2017-12-01;134.73;1.332;26.663;23.486
2017-12-04;134.498;1.346;25.429;22.432
2017-12-05;134.888;1.322;25.279;22.244
2017-12-06;135.243;1.3;24.684;21.667
2017-12-07;135.125;1.306;22.994;20.203
2017-12-08;135.253;1.298;22.56;19.839
2017-12-11;135.263;1.297;22.833;20.046
2017-12-12;134.863;1.321;22.957;20.207
2017-12-13;134.712;1.33;24.246;21.363
2017-12-14;134.868;1.319;25.024;22.01
2017-12-15;135.128;1.303;24.751;21.726
2017-12-18;135.095;1.305;23.715;20.824
2017-12-19;134.38;1.348;22.134;19.536
2017-12-20;133.69;1.39;23.942;21.191
2017-12-21;133.588;1.395;23.824;21.065
2017-12-22;133.483;1.401;23.443;20.749
2017-12-25;133.483;1.401;23.447;20.754
2017-12-26;133.483;1.401;23.433;20.737
2017-12-27;133.973;1.371;24.313;21.466
2017-12-28;133.743;1.383;22.967;20.292
2017-12-29;133.595;1.392;23.298;20.596
2018-01-01;133.595;1.392;23.405;20.682
2018-01-02;133.473;1.4;20.581;18.226
2018-01-03;133.86;1.375;20.795;18.39
2018-01-04;133.618;1.389;23.61;20.887
2018-01-05;133.918;1.37;20.736;18.324
2018-01-08;133.958;1.367;21.335;18.858
2018-01-09;133.365;1.404;21.488;19.045
2018-01-10;132.89;1.433;22.995;20.437
2018-01-11;132.533;1.455;23.028;20.48
2018-01-12;132.63;1.448;22.008;19.549
2018-01-15;132.775;1.439;19.961;17.729
2018-01-16;133.185;1.413;20.547;18.186
2018-01-17;133.085;1.419;21.74;19.258
2018-01-18;132.985;1.424;20.47;18.151
2018-01-19;132.888;1.43;19.417;17.231
2018-01-22;132.92;1.427;19.172;17.015
2018-01-23;133.16;1.412;18.013;15.961
2018-01-24;132.838;1.432;17.972;15.964
2018-01-25;132.563;1.448;19.68;17.479
2018-01-26;132.473;1.453;20.744;18.412
2018-01-29;131.943;1.487;17.311;15.407
2018-01-30;131.698;1.502;19.426;17.303
2018-01-31;131.81;1.494;19.459;17.319
2018-02-01;131.345;1.523;19.084;17.044
2018-02-02;130.75;1.561;18.55;16.628
2018-02-05;131.01;1.544;18.144;16.251
2018-02-06;131.585;1.507;19.077;17.02
2018-02-07;131.205;1.531;18.122;16.207
2018-02-08;130.923;1.548;17.449;15.634
2018-02-09;131.003;1.542;17.131;15.343
2018-02-12;130.642;1.565;16.184;14.528
2018-02-13;130.615;1.566;16.062;14.421
2018-02-14;130.423;1.578;16.732;15.032
2018-02-15;130.325;1.584;16.532;14.866
2018-02-16;130.593;1.566;19.107;17.14
2018-02-19;130.558;1.568;15.824;14.216
2018-02-20;130.318;1.583;17.18;15.441
2018-02-21;130.642;1.562;17.301;15.52
2018-02-22;130.583;1.565;17.71;15.886
2018-02-23;131.028;1.536;18.095;16.177
2018-02-26;131.26;1.521;18.333;16.373
2018-02-27;131.305;1.518;16.598;14.832
2018-02-28;131.508;1.504;17.19;15.329
2018-03-01;131.783;1.486;15.731;14.02
2018-03-02;131.988;1.472;13.686;12.192
2018-03-05;131.703;1.49;15.931;14.215
2018-03-06;131.248;1.519;17.014;15.206
2018-03-07;131.588;1.497;17.089;15.232
2018-03-08;131.9;1.476;17.024;15.158
2018-03-09;131.72;1.487;16.563;14.753
2018-03-12;131.833;1.48;16.881;15.035
2018-03-13;131.805;1.481;18.072;16.101
2018-03-14;132.193;1.456;17.659;15.713
2018-03-15;132.423;1.44;18.413;16.366
2018-03-16;132.59;1.429;17.379;15.428
2018-03-19;132.525;1.433;17.766;15.783
2018-03-20;132.4;1.441;17.638;15.667
2018-03-21;132.245;1.45;17.617;15.662
2018-03-22;133.283;1.384;15.153;13.386
2018-03-23;133.478;1.371;14.382;12.707
2018-03-26;133.493;1.37;13.445;11.884
2018-03-27;133.695;1.357;14.867;13.128
2018-03-28;133.365;1.376;17.244;15.229
2018-03-29;133.039;1.396;18.971;16.781
2018-03-30;133.039;1.396;19.115;16.911
2018-04-02;133.039;1.396;19.076;16.895
2018-04-03;133.044;1.395;20.405;18.051
2018-04-04;133.344;1.376;18.732;16.558
2018-04-05;133.364;1.374;15.599;13.788
2018-04-06;133.631;1.356;16.108;14.221
2018-04-09;133.642;1.355;15.809;13.954
2018-04-10;133.683;1.352;16.295;14.382
2018-04-11;133.783;1.346;16.717;14.745
2018-04-12;133.615;1.355;15.711;13.868
2018-04-13;133.673;1.351;15.291;13.5
2018-04-16;133.508;1.361;15.351;13.553
2018-04-17;133.688;1.35;15.902;14.037
2018-04-18;133.65;1.352;15.172;13.388
2018-04-19;133.245;1.376;12.598;11.135
2018-04-20;133.134;1.383;12.39;10.957
2018-04-23;132.754;1.407;11.501;10.184
2018-04-24;132.639;1.413;12.542;11.129
2018-04-25;132.561;1.418;12.583;11.159
2018-04-26;133.087;1.384;12.358;10.932
2018-04-27;133.32;1.368;12.684;11.215
2018-04-30;133.402;1.363;12.48;11.028
2018-05-01;133.402;1.363;12.351;10.894
2018-05-02;133.276;1.37;11.559;10.223
2018-05-03;133.678;1.344;12.962;11.442
2018-05-04;133.603;1.348;13.149;11.606
2018-05-08;133.497;1.354;11.573;10.225
2018-05-09;133.509;1.353;11.331;10.01
2018-05-10;133.534;1.35;11.09;9.817
2018-05-11;133.553;1.349;10.126;8.963
2018-05-14;133.191;1.371;8.69;7.713
2018-05-15;132.736;1.4;8.155;7.235
2018-05-16;132.844;1.393;8.491;7.538
2018-05-17;132.307;1.426;8.921;7.948
2018-05-18;132.608;1.406;11.348;10.091
2018-05-21;133.017;1.38;11.558;10.263
2018-05-22;132.742;1.397;10.586;9.405
2018-05-23;133.258;1.364;10.379;9.24
2018-05-24;133.589;1.342;11.822;10.479
2018-05-25;133.71;1.334;15.364;13.623
2018-05-29;134.169;1.304;18.349;16.25
2018-05-30;133.668;1.335;14.641;13.025
2018-05-31;133.791;1.327;18.506;16.364
2018-06-01;133.039;1.374;21.008;18.618
2018-06-04;133.918;1.318;11.842;10.458
2018-06-05;134.852;1.259;7.242;6.404
2018-06-06;133.937;1.316;6.456;5.716
2018-06-07;133.705;1.329;5.777;5.125
2018-06-08;133.827;1.321;6.886;6.108
2018-06-11;133.614;1.334;6.711;5.955
2018-06-12;133.288;1.355;10.436;9.269
2018-06-13;133.442;1.345;10.363;9.191
2018-06-14;133.648;1.33;12.286;10.86
2018-06-15;133.621;1.332;15.234;13.48
2018-06-18;133.836;1.318;14.612;12.908
2018-06-19;134.252;1.291;14.977;13.201
2018-06-20;134.3;1.288;12.95;11.437
2018-06-21;134.503;1.274;12.494;11.048
2018-06-22;134.484;1.275;11.863;10.483
2018-06-25;134.526;1.272;11.809;10.422
2018-06-26;134.52;1.272;10.164;8.975
2018-06-27;134.983;1.242;9.404;8.281
2018-06-28;134.922;1.245;10.902;9.585
2018-06-29;134.965;1.242;12.346;10.851
2018-07-02;135.385;1.215;7.946;6.973
2018-07-03;135.269;1.221;9.987;8.773
2018-07-04;135.121;1.23;10.889;9.572
2018-07-05;135.157;1.227;11.568;10.152
2018-07-06;135.173;1.226;11.168;9.799
2018-07-09;135.079;1.232;11.91;10.459
2018-07-10;135.132;1.228;9.187;8.074
2018-07-11;135.043;1.233;10.222;8.983
2018-07-12;135.078;1.23;10.615;9.324
2018-07-13;135.265;1.218;9.73;8.535
2018-07-16;135.101;1.227;8.96;7.878
2018-07-17;135.048;1.23;10.387;9.123
2018-07-18;135.325;1.213;9.525;8.355
2018-07-19;135.364;1.209;9.556;8.379
2018-07-20;135.222;1.218;7.338;6.445
2018-07-23;134.702;1.25;8.343;7.353
2018-07-24;134.719;1.249;9.666;8.515
2018-07-25;134.791;1.244;9.904;8.72
2018-07-26;134.851;1.239;7.783;6.859
2018-07-27;134.993;1.229;6.181;5.448
2018-07-30;134.642;1.251;3.961;3.507
2018-07-31;134.815;1.24;4.535;4.011
2018-08-01;134.716;1.246;2.792;2.484
2018-08-02;134.487;1.259;3.376;2.997
2018-08-03;134.928;1.231;5.451;4.81
2018-08-06;135.004;1.226;6.365;5.607
2018-08-07;135.156;1.216;3.442;3.042
2018-08-08;135.228;1.211;2.868;2.536
2018-08-09;135.381;1.2;2.873;2.527
2018-08-10;135.6;1.186;5.889;5.172
2018-08-13;135.415;1.197;7.371;6.468
2018-08-14;135.598;1.185;5.267;4.628
2018-08-15;135.956;1.162;4.712;4.142
2018-08-16;135.771;1.173;4.621;4.06
2018-08-17;135.497;1.189;7.996;7.014
2018-08-20;135.998;1.158;4.599;4.039
2018-08-21;135.735;1.174;4.716;4.149
2018-08-22;136.069;1.152;2.166;1.913
2018-08-23;135.628;1.179;5.143;4.525
2018-08-24;135.541;1.184;5.27;4.633
2018-08-28;135.571;1.181;2.904;2.566
2018-08-29;135.736;1.171;-0.608;-0.514
2018-08-30;135.877;1.16;2.862;2.548
2018-08-31;135.861;1.161;3.755;3.324
2018-09-03;135.852;1.161;3.168;2.811
2018-09-04;135.87;1.16;1.96;1.758
2018-09-05;135.887;1.158;-0.137;-0.066
2018-09-06;135.693;1.169;2.875;2.561
2018-09-07;135.58;1.176;1.115;1.018
2018-09-10;135.778;1.163;-1.475;-1.24
2018-09-11;135.635;1.172;-3.153;-2.715
2018-09-12;135.783;1.162;-2.69;-2.305
2018-09-13;135.35;1.188;-0.087;-0.048
2018-09-14;135.135;1.202;0.093;0.105
2018-09-17;135.646;1.169;-4.359;-3.777
2018-09-18;135.435;1.182;-4.599;-3.993
2018-09-19;135.414;1.183;-6.124;-5.326
2018-09-20;135.546;1.173;-6.588;-5.731
2018-09-21;135.723;1.162;-7.109;-6.187
2018-09-24;135.175;1.196;-4.765;-4.153
2018-09-25;135.182;1.195;-9.334;-8.15
2018-09-26;135.664;1.164;-11.606;-10.098
2018-09-27;135.931;1.146;-12.856;-11.182
2018-09-28;135.775;1.155;-8.291;-7.197
2018-10-01;136.034;1.139;-12.164;-10.561
2018-10-02;136.367;1.117;-11.665;-10.113
2018-10-03;136.113;1.133;-12.835;-11.142
2018-10-04;135.539;1.168;-13.154;-11.463
2018-10-05;134.921;1.207;-13.223;-11.573
2018-10-08;135.406;1.176;-13.89;-12.109
2018-10-09;135.067;1.197;-12.763;-11.155
2018-10-10;135.21;1.187;-13.622;-11.901
2018-10-11;135.127;1.191;-11.695;-10.224
2018-10-12;134.897;1.206;-8.872;-7.764
2018-10-15;135.264;1.182;-12.154;-10.621
2018-10-16;135.469;1.169;-12.116;-10.581
2018-10-17;135.613;1.159;-10.547;-9.195
2018-10-18;135.904;1.139;-10.58;-9.208
2018-10-19;135.585;1.159;-10.872;-9.499
2018-10-22;135.849;1.142;-11.643;-10.147
2018-10-23;136.043;1.129;-9.711;-8.449
2018-10-24;136.135;1.123;-10.367;-9.017
2018-10-25;136.376;1.107;-12.796;-11.126
2018-10-26;136.93;1.071;-12.463;-10.802
2018-10-29;136.866;1.075;-14.082;-12.226
2018-10-30;136.883;1.073;-13.49;-11.713
2018-10-31;136.654;1.086;-13.67;-11.866
2018-11-01;136.746;1.08;-14.575;-12.664
2018-11-02;136.484;1.097;-13.708;-11.943
2018-11-05;136.39;1.102;-12.953;-11.292
2018-11-06;136.468;1.097;-14.173;-12.359
2018-11-07;136.58;1.089;-15.922;-13.856
2018-11-08;136.487;1.094;-16.438;-14.314
2018-11-09;136.808;1.073;-15.014;-13.04
2018-11-12;136.814;1.072;-14.706;-12.768
2018-11-13;136.755;1.076;-15.113;-13.133
2018-11-14;137.127;1.052;-17.088;-14.81
2018-11-15;136.873;1.067;-13.973;-12.12
2018-11-16;137.309;1.039;-16.372;-14.177
2018-11-19;137.252;1.042;-16.278;-14.108
2018-11-20;137.517;1.025;-15.722;-13.611
2018-11-21;137.357;1.034;-15.884;-13.753
2018-11-22;136.956;1.059;-12.122;-10.514
2018-11-23;137.43;1.028;-13.089;-11.32
2018-11-26;137.303;1.036;-13.729;-11.893
2018-11-27;137.236;1.04;-12.832;-11.119
2018-11-28;137.323;1.034;-13.507;-11.71
2018-11-29;137.336;1.032;-11.322;-9.811
2018-11-30;137.755;1.005;-14.156;-12.256
2018-12-03;137.64;1.012;-12.723;-11.019
2018-12-04;137.906;0.995;-10.842;-9.376
2018-12-05;137.699;1.007;-11.86;-10.256
2018-12-06;138.085;0.982;-12.311;-10.618
2018-12-07;137.896;0.993;-11.483;-9.925
2018-12-10;137.988;0.987;-11.841;-10.22
2018-12-11;137.915;0.991;-12.049;-10.402
2018-12-12;137.758;1.0;-13.306;-11.501
2018-12-13;137.2;1.034;-9.997;-8.644
2018-12-14;137.933;0.988;-13.433;-11.611
2018-12-17;137.948;0.986;-13.968;-12.068
2018-12-18;138.092;0.977;-12.675;-10.934
2018-12-19;138.253;0.966;-12.305;-10.596
2018-12-20;139.19;0.905;-17.319;-14.877
2018-12-21;138.277;0.962;-13.671;-11.786
2018-12-24;138.277;0.962;-12.786;-11.011
2018-12-25;138.277;0.962;-12.78;-11.011
2018-12-26;138.277;0.962;-12.775;-11.006
2018-12-27;138.644;0.938;-13.97;-12.03
2018-12-28;138.877;0.922;-15.027;-12.937
2018-12-31;138.877;0.922;-14.956;-12.869
2019-01-01;138.877;0.922;-14.961;-12.871
2019-01-02;139.872;0.859;-15.432;-13.21
2019-01-03;139.833;0.86;-14.792;-12.665
2019-01-04;139.414;0.886;-17.144;-14.724
2019-01-07;140.071;0.845;-23.14;-19.813
2019-01-08;140.101;0.842;-24.991;-21.39
2019-01-09;140.266;0.832;-27.409;-23.446
2019-01-10;140.408;0.822;-25.407;-21.756
2019-01-11;139.888;0.853;-23.006;-19.718
2019-01-14;140.159;0.836;-23.14;-19.824
2019-01-15;139.88;0.853;-20.359;-17.458
2019-01-16;139.64;0.867;-19.332;-16.592
2019-01-17;139.444;0.878;-16.434;-14.142
2019-01-18;137.548;0.997;-6.386;-5.537
2019-01-21;137.56;0.996;-6.286;-5.439
2019-01-22;137.61;0.992;-2.601;-2.252
2019-01-23;137.39;1.006;0.204;0.186
2019-01-24;138.059;0.962;-0.254;-0.201
2019-01-25;138.998;0.903;-3.573;-3.059
2019-01-28;137.611;0.99;1.898;1.655
2019-01-29;137.854;0.974;1.843;1.612
2019-01-30;137.393;1.003;7.326;6.349
2019-01-31;137.941;0.967;8.658;7.492
2019-02-01;138.109;0.955;2.872;2.501
2019-02-04;137.426;0.998;6.962;6.031
2019-02-05;137.213;1.011;9.137;7.928
2019-02-06;137.562;0.989;8.042;6.972
2019-02-07;137.911;0.965;8.718;7.55
2019-02-08;138.121;0.952;10.762;9.305
2019-02-11;137.883;0.966;9.647;8.352
2019-02-12;137.578;0.985;10.439;9.038
2019-02-13;137.76;0.973;8.902;7.708
2019-02-14;137.747;0.973;10.571;9.143
2019-02-15;137.79;0.969;9.981;8.639
2019-02-18;137.575;0.983;10.434;9.036
2019-02-19;137.809;0.967;10.255;8.88
2019-02-20;137.945;0.958;11.011;9.523
2019-02-21;137.721;0.971;9.961;8.627
2019-02-22;137.775;0.967;12.217;10.564
2019-02-25;137.913;0.958;10.169;8.792
2019-02-26;137.788;0.966;10.443;9.032
2019-02-27;137.504;0.983;9.266;8.014
2019-02-28;137.255;0.998;7.599;6.582
2019-03-01;137.177;1.002;7.195;6.252
2019-03-04;137.427;0.986;8.323;7.224
2019-03-05;137.421;0.986;7.716;6.699
2019-03-06;137.752;0.964;9.39;8.136
2019-03-07;138.386;0.923;12.467;10.745
2019-03-08;138.535;0.913;14.781;12.723
2019-03-11;138.981;0.884;10.616;9.111
2019-03-12;138.869;0.891;11.165;9.584
2019-03-13;138.823;0.893;10.547;9.068
2019-03-14;138.662;0.902;10.179;8.761
2019-03-15;138.677;0.901;10.171;8.752
2019-03-18;138.804;0.892;10.776;9.266
2019-03-19;138.583;0.906;10.883;9.344
2019-03-20;138.654;0.901;11.687;10.036
2019-03-21;139.225;0.863;12.098;10.358
2019-03-22;140.142;0.805;12.397;10.557
2019-03-25;140.426;0.787;11.954;10.165
2019-03-26;140.242;0.798;11.872;10.096
2019-03-27;140.657;0.772;15.744;13.383
2019-03-28;140.519;0.779;13.471;11.465
2019-03-29;140.249;0.795;13.012;11.085
2019-04-01;139.651;0.832;13.652;11.671
2019-04-02;139.64;0.833;15.949;13.644
2019-04-03;139.173;0.862;13.09;11.222
2019-04-04;139.519;0.838;12.506;10.699
2019-04-05;139.836;0.818;9.469;8.099
2019-04-08;139.384;0.846;13.098;11.217
2019-04-09;139.784;0.82;11.16;9.538
2019-04-10;139.962;0.809;12.713;10.851
2019-04-11;139.734;0.821;12.769;10.917
2019-04-12;139.318;0.847;9.78;8.396
2019-04-15;139.425;0.84;8.015;6.88
2019-04-16;139.001;0.866;9.613;8.265
2019-04-17;139.003;0.864;8.114;6.97
2019-04-18;139.204;0.851;13.168;11.302
2019-04-19;139.204;0.851;12.926;11.091
2019-04-22;139.204;0.851;12.925;11.091
2019-04-23;139.338;0.842;10.239;8.779
2019-04-24;140.037;0.797;11.393;9.717
2019-04-25;139.784;0.812;11.199;9.579
2019-04-26;139.69;0.817;13.13;11.227
2019-04-29;139.455;0.831;13.486;11.556
2019-04-30;139.861;0.805;9.666;8.257
2019-05-01;139.861;0.805;9.761;8.329
2019-05-02;139.473;0.828;11.533;9.887
2019-05-03;139.558;0.822;10.28;8.809
2019-05-06;139.758;0.809;10.76;9.2
2019-05-07;139.853;0.802;14.407;12.299
2019-05-08;139.864;0.801;14.446;12.337
2019-05-09;139.7;0.81;15.092;12.898
2019-05-10;139.453;0.826;16.565;14.186
2019-05-13;139.653;0.812;18.603;15.887
2019-05-14;139.719;0.808;19.288;16.467
2019-05-15;139.829;0.8;20.45;17.438
2019-05-16;139.699;0.807;20.047;17.107
2019-05-17;139.815;0.799;20.62;17.589
2019-05-20;139.626;0.811;19.888;16.985
2019-05-21;139.339;0.829;20.44;17.49
2019-05-22;139.674;0.807;19.687;16.815
2019-05-23;139.819;0.796;22.014;18.784
2019-05-24;139.774;0.799;22.053;18.818
2019-05-27;139.84;0.794;24.502;20.893
2019-05-28;140.179;0.772;23.932;20.38
2019-05-29;140.296;0.764;25.433;21.649
2019-05-30;140.303;0.762;24.295;20.686
2019-05-31;140.641;0.74;25.174;21.384
2019-06-03;140.741;0.734;25.87;21.983
2019-06-04;141.132;0.709;25.657;21.732
2019-06-05;141.579;0.68;24.517;20.706
2019-06-06;141.861;0.661;24.755;20.928
2019-06-07;142.021;0.651;26.294;22.199
2019-06-10;141.796;0.664;21.522;18.22
2019-06-11;141.843;0.661;23.382;19.782
2019-06-12;141.902;0.656;23.267;19.674
2019-06-13;141.94;0.653;24.028;20.303
2019-06-14;142.34;0.627;23.788;20.062
2019-06-17;142.591;0.611;20.328;17.13
2019-06-18;143.787;0.537;19.12;15.96
2019-06-19;143.66;0.544;17.178;14.415
2019-06-20;144.125;0.514;16.263;13.58
2019-06-21;143.899;0.527;14.143;11.866
2019-06-24;144.346;0.499;13.677;11.424
2019-06-25;144.615;0.482;15.042;12.564
2019-06-26;144.618;0.482;12.323;10.29
2019-06-27;144.757;0.471;13.734;11.456
2019-06-28;145.129;0.448;11.501;9.584
2019-07-01;145.418;0.43;11.406;9.464
2019-07-02;145.51;0.424;11.309;9.404
2019-07-03;146.286;0.375;11.121;9.228
2019-07-04;146.455;0.364;14.069;11.654
2019-07-05;146.344;0.371;11.065;9.201
2019-07-08;146.447;0.364;11.212;9.31
2019-07-09;146.225;0.377;8.978;7.47
2019-07-10;145.567;0.416;9.089;7.542
2019-07-11;145.13;0.441;5.251;4.411
2019-07-12;144.968;0.451;4.115;3.447
2019-07-15;145.488;0.418;5.983;4.983
2019-07-16;145.536;0.415;7.186;5.984
2019-07-17;145.978;0.387;9.358;7.772
2019-07-18;146.005;0.384;10.386;8.622
2019-07-19;145.824;0.395;12.846;10.66
2019-07-22;146.065;0.379;12.925;10.733
2019-07-23;146.129;0.375;12.974;10.773
2019-07-24;146.503;0.352;14.477;11.991
2019-07-25;146.358;0.359;14.539;12.061
2019-07-26;146.5;0.35;14.986;12.409
2019-07-29;146.618;0.342;15.644;12.932
2019-07-30;146.795;0.331;14.999;12.391
2019-07-31;147.275;0.301;16.776;13.809
2019-08-01;147.592;0.281;17.444;14.343
2019-08-02;148.657;0.216;18.192;14.868
2019-08-05;148.391;0.232;21.549;17.633
2019-08-06;148.517;0.224;21.998;17.985
2019-08-07;149.455;0.167;20.984;17.105
2019-08-08;149.26;0.177;18.652;15.237
2019-08-09;149.229;0.178;20.952;17.122
2019-08-12;149.583;0.157;19.021;15.533
2019-08-13;149.88;0.139;20.542;16.735
2019-08-14;150.596;0.096;24.077;19.525
2019-08-15;151.739;0.027;30.265;24.391
2019-08-16;152.326;-0.007;26.412;21.289
2019-08-19;151.528;0.039;20.613;16.723
2019-08-20;151.903;0.016;21.138;17.108
2019-08-21;151.693;0.028;19.336;15.668
2019-08-22;151.098;0.061;17.393;14.136
2019-08-23;151.238;0.052;18.157;14.731
2019-08-26;151.1;0.059;18.341;14.885
2019-08-27;151.795;0.017;21.961;17.727
2019-08-28;152.316;-0.015;23.121;18.622
2019-08-29;151.964;0.006;21.44;17.3
2019-08-30;151.742;0.018;22.546;18.239
2019-09-02;151.789;0.015;21.255;17.245
2019-09-03;151.963;0.004;21.893;17.727
2019-09-04;151.587;0.025;19.344;15.724
2019-09-05;150.216;0.104;16.341;13.359
2019-09-06;151.024;0.056;17.375;14.125
2019-09-09;150.242;0.101;17.198;13.988
2019-09-10;149.854;0.124;14.957;12.214
2019-09-11;149.901;0.12;13.741;11.205
2019-09-12;149.614;0.135;10.344;8.48
2019-09-13;148.981;0.173;6.425;5.229
2019-09-16;148.988;0.172;9.754;7.905
2019-09-17;148.806;0.182;13.678;11.121
2019-09-18;149.572;0.136;13.194;10.701
2019-09-19;149.666;0.128;12.815;10.375
2019-09-20;148.855;0.176;20.274;16.447
2019-09-23;149.534;0.135;23.76;19.234
2019-09-24;149.899;0.113;25.368;20.503
2019-09-25;149.72;0.123;22.193;17.947
2019-09-26;149.728;0.12;22.142;17.911
2019-09-27;149.732;0.119;19.855;16.078
2019-09-30;149.451;0.136;19.914;16.161
2019-10-01;149.468;0.134;20.279;16.471
2019-10-02;149.166;0.151;20.884;16.979
2019-10-03;149.625;0.122;21.38;17.33
2019-10-04;149.585;0.124;19.967;16.18
2019-10-07;149.765;0.113;18.33;14.856
2019-10-08;149.842;0.107;19.148;15.49
2019-10-09;149.415;0.132;16.254;13.188
2019-10-10;148.718;0.172;14.58;11.857
2019-10-11;148.561;0.181;8.648;6.988
2019-10-14;148.538;0.182;12.026;9.727
2019-10-15;148.396;0.19;8.61;6.988
2019-10-16;148.034;0.211;6.696;5.43
2019-10-17;148.293;0.194;8.104;6.555
2019-10-18;147.919;0.216;6.693;5.433
2019-10-21;146.553;0.298;11.473;9.396
2019-10-22;146.767;0.285;14.46;11.842
2019-10-23;147.002;0.27;17.961;14.709
2019-10-24;147.143;0.259;15.95;13.041
2019-10-25;146.764;0.282;11.951;9.789
2019-10-28;146.132;0.32;13.502;11.089
2019-10-29;146.279;0.311;14.434;11.836
2019-10-30;146.291;0.308;13.294;10.889
2019-10-31;146.725;0.28;16.025;13.093
2019-11-01;146.421;0.299;16.113;13.214
2019-11-04;146.086;0.319;13.644;11.201
2019-11-05;145.769;0.338;12.575;10.358
2019-11-06;146.009;0.323;13.793;11.328
2019-11-07;144.66;0.405;14.148;11.696
2019-11-08;145.07;0.379;13.033;10.737
2019-11-11;144.831;0.393;12.991;10.74
2019-11-12;144.794;0.395;15.244;12.583
2019-11-13;145.197;0.369;17.596;14.538
2019-11-14;145.611;0.342;18.937;15.598
2019-11-15;145.534;0.346;17.66;14.56
2019-11-18;145.443;0.351;18.075;14.926
2019-11-19;145.377;0.354;18.88;15.583
2019-11-20;145.526;0.345;18.461;15.221
2019-11-21;145.337;0.355;17.989;14.862
2019-11-22;145.521;0.343;20.21;16.661
2019-11-25;145.47;0.345;18.812;15.524
2019-11-26;145.625;0.335;19.84;16.363
2019-11-27;145.703;0.33;20.646;17.026
2019-11-28;145.646;0.331;19.604;16.182
2019-11-29;145.474;0.342;20.348;16.807
2019-12-02;144.561;0.398;19.085;15.824
2019-12-03;145.343;0.349;21.177;17.461
2019-12-04;144.909;0.375;19.293;15.943
2019-12-05;144.697;0.387;19.139;15.829
2019-12-06;144.594;0.393;18.982;15.697
2019-12-09;144.712;0.385;19.58;16.184
2019-12-10;144.658;0.387;19.117;15.809
2019-12-11;144.879;0.373;20.241;16.745
2019-12-12;144.485;0.396;18.412;15.263
2019-12-13;144.693;0.382;19.804;16.417
2019-12-16;144.642;0.385;18.332;15.197
2019-12-17;144.77;0.376;18.432;15.282
2019-12-18;144.416;0.398;16.041;13.33
2019-12-19;144.199;0.41;15.898;13.211
2019-12-20;144.274;0.403;15.785;13.094
2019-12-23;143.874;0.427;16.626;13.863
2019-12-24;143.874;0.427;17.195;14.328
2019-12-25;143.874;0.427;17.201;14.332
2019-12-26;143.874;0.427;17.17;14.294
2019-12-27;144.295;0.399;;
2019-12-30;144.072;0.412;9.294;7.711
2019-12-31;143.412;0.454;14.598;12.173
2020-01-01;143.412;0.454;14.456;12.056
2020-01-02;143.461;0.449;19.358;16.119
2020-01-03;143.813;0.426;22.84;18.982
2020-01-06;143.967;0.416;22.322;18.54
2020-01-07;143.895;0.42;23.269;19.324
2020-01-08;143.583;0.439;21.029;17.524
2020-01-09;143.299;0.455;19.929;16.625
2020-01-10;143.581;0.437;19.916;16.598
2020-01-13;143.174;0.462;17.771;14.83
2020-01-14;143.258;0.456;18.386;15.342
2020-01-15;143.447;0.444;19.567;16.316
2020-01-16;143.706;0.425;19.482;16.221
2020-01-17;143.638;0.429;19.524;16.263
2020-01-20;143.635;0.429;20.231;16.859
2020-01-21;144.166;0.394;20.104;16.696
2020-01-22;144.156;0.395;21.142;17.558
2020-01-23;144.528;0.369;22.71;18.824
2020-01-24;144.804;0.351;24.207;20.044
2020-01-27;145.402;0.313;27.052;22.323
2020-01-28;145.189;0.326;23.056;19.061
2020-01-29;145.318;0.317;25.149;20.77
2020-01-30;145.986;0.273;22.77;18.755
2020-01-31;145.956;0.275;26.813;22.081
2020-02-03;146.318;0.251;24.884;20.468
2020-02-04;145.488;0.303;26.501;21.868
2020-02-05;144.954;0.336;25.539;21.149
2020-02-06;145.612;0.293;21.7;17.912
2020-02-07;145.931;0.272;21.868;18.015
2020-02-10;146.128;0.259;23.862;19.658
2020-02-11;145.996;0.267;22.39;18.475
2020-02-12;145.944;0.269;22.046;18.234
2020-02-13;146.491;0.233;19.536;16.108
2020-02-14;146.647;0.223;19.929;16.42
2020-02-17;146.575;0.227;20.822;17.138
2020-02-18;146.646;0.222;21.838;17.98
2020-02-19;146.693;0.218;23.015;18.925
2020-02-20;147.053;0.194;24.755;20.304
2020-02-21;147.015;0.196;23.684;19.418
2020-02-24;147.382;0.172;25.498;20.88
2020-02-25;147.355;0.173;28.221;23.092
2020-02-26;147.419;0.169;24.477;20.096
2020-02-27;147.183;0.182;29.068;23.836
2020-02-28;148.075;0.126;27.31;22.311
2020-03-02;148.249;0.114;28.015;22.919
2020-03-03;148.254;0.113;27.907;22.917
2020-03-04;148.399;0.104;28.349;23.239
2020-03-05;148.606;0.089;27.609;22.672
2020-03-06;148.386;0.102;33.89;27.728
2020-03-09;148.781;0.077;40.65;33.077
2020-03-10;148.19;0.113;40.2;32.867
2020-03-11;148.231;0.11;36.79;30.064
2020-03-12;147.649;0.144;41.074;33.706
2020-03-13;145.679;0.267;39.951;32.895
2020-03-16;144.763;0.324;41.504;34.221
2020-03-17;144.214;0.359;44.811;37.046
2020-03-18;143.235;0.421;33.206;27.565
2020-03-19;143.835;0.381;19.902;16.568
2020-03-20;144.116;0.362;24.615;20.272
2020-03-27;144.632;0.325;34.136;28.011
2020-04-14;139.07;0.681;78.098;65.788
2020-04-15;141.859;0.495;61.516;50.939
2020-04-21;140.83;0.559;67.124;55.9
2020-04-22;140.1;0.607;66.439;55.367
2020-04-23;140.258;0.595;67.925;56.479
2020-04-24;140.438;0.583;69.649;57.885
2020-04-27;140.434;0.582;68.685;57.106
2020-04-28;138.447;0.715;85.968;72.219
2020-04-29;138.663;0.698;84.978;71.306
2020-04-30;138.982;0.676;88.376;74.034
2020-05-01;138.982;0.676;92.195;77.225
2020-05-04;139.229;0.659;87.682;73.363
2020-05-05;138.872;0.683;91.736;76.929
2020-05-06;136.954;0.811;101.032;85.464
2020-05-07;137.505;0.773;99.622;83.958
2020-05-08;137.269;0.789;100.366;84.794
2020-05-11;137.391;0.78;99.051;83.614
2020-05-12;137.61;0.765;100.219;84.516
2020-05-13;137.799;0.751;100.762;84.857
2020-05-14;138.014;0.735;99.883;84.032
2020-05-15;137.995;0.736;99.137;83.373
2020-05-18;137.76;0.751;95.605;80.474
2020-05-19;138.026;0.733;95.298;80.136
2020-05-20;138.242;0.717;93.639;78.651
2020-05-21;138.33;0.71;94.108;79.061
2020-05-22;138.455;0.701;92.767;77.913
2020-05-25;139.085;0.657;88.299;73.929
2020-05-26;139.303;0.642;82.517;68.978
2020-05-27;139.535;0.626;80.344;67.131
2020-05-28;139.951;0.596;78.302;65.281
2020-05-29;140.078;0.587;78.939;65.803
2020-06-01;140.019;0.591;73.497;61.19
2020-06-02;140.395;0.565;71.055;59.159
2020-06-03;141.184;0.511;60.901;50.536
2020-06-04;141.728;0.474;53.093;43.961
2020-06-05;141.628;0.48;50.089;41.523
2020-06-08;142.312;0.434;49.187;40.635
2020-06-09;142.012;0.453;49.561;41.03
2020-06-10;142.051;0.45;50.831;42.064
2020-06-11;142.614;0.411;54.362;44.817
2020-06-12;142.851;0.395;54.565;44.974
2020-06-15;142.844;0.395;56.459;46.565
2020-06-16;142.936;0.388;53.99;44.496
2020-06-17;142.911;0.389;53.955;44.474
2020-06-18;143.239;0.366;54.035;44.483
2020-06-19;143.249;0.364;53.867;44.363
2020-06-22;143.849;0.325;51.162;42.071
2020-06-23;143.608;0.34;51.367;42.385
2020-06-24;143.402;0.353;54.068;44.627
2020-06-25;143.516;0.343;54.389;44.832
2020-06-26;143.872;0.319;53.721;44.211
2020-06-29;143.304;0.356;57.749;47.653
2020-06-30;143.966;0.312;51.029;42.036
2020-07-01;143.532;0.34;50.69;41.821
2020-07-02;143.774;0.322;50.261;41.396
2020-07-03;143.598;0.333;51.414;42.442
2020-07-06;143.873;0.314;49.094;40.466
2020-07-07;143.197;0.358;54.203;44.831
2020-07-08;144.046;0.302;49.121;40.478
2020-07-09;145.603;0.199;38.953;31.893
2020-07-10;145.274;0.22;42.419;34.8
2020-07-13;145.463;0.207;35.402;29.039
2020-07-14;145.8;0.184;36.703;30.061
2020-07-15;145.647;0.194;38.137;31.26
2020-07-16;146.052;0.166;32.388;26.478
2020-07-17;145.796;0.181;36.401;29.845
2020-07-20;146.007;0.167;36.763;30.109
2020-07-21;146.241;0.151;33.527;27.411
2020-07-22;146.36;0.143;36.589;29.92
2020-07-23;146.358;0.141;36.084;29.535
2020-07-24;145.95;0.167;36.482;29.911
2020-07-27;146.781;0.113;33.679;27.497
2020-07-28;146.417;0.136;37.968;31.052
2020-07-29;146.474;0.131;35.394;28.951
2020-07-30;146.689;0.116;37.621;30.732
2020-07-31;146.955;0.098;33.026;26.962
2020-08-03;146.878;0.102;33.876;27.656
2020-08-04;147.182;0.082;34.3;27.967
2020-08-05;146.732;0.11;33.163;27.094
2020-08-06;146.646;0.114;33.846;27.616
2020-08-07;146.47;0.124;34.675;28.363
2020-08-10;146.987;0.091;33.05;26.986
2020-08-11;146.823;0.1;27.927;22.839
2020-08-12;146.564;0.116;25.95;21.237
2020-08-13;146.226;0.136;26.92;22.124
2020-08-14;146.004;0.15;29.527;24.282
2020-08-17;146.063;0.146;28.924;23.727
2020-08-18;146.634;0.108;28.954;23.757
2020-08-19;146.726;0.101;28.336;23.24
2020-08-20;146.961;0.084;29.858;24.471
2020-08-21;146.522;0.112;33.245;27.276
2020-08-24;146.41;0.119;32.642;26.802
2020-08-25;146.358;0.121;26.506;21.798
2020-08-26;145.916;0.149;28.999;23.898
2020-08-27;146.148;0.132;24.572;20.231
2020-08-28;145.709;0.159;28.171;23.25
2020-08-31;146.553;0.104;21.102;17.374
2020-09-01;145.804;0.153;29.253;24.13
2020-09-02;146.539;0.104;29.42;24.202
2020-09-03;146.344;0.115;31.62;26.008
2020-09-04;146.152;0.127;31.774;26.154
2020-09-07;146.182;0.124;30.291;24.974
2020-09-08;146.594;0.097;30.604;25.174
2020-09-09;146.383;0.11;27.578;22.75
2020-09-10;146.193;0.12;26.514;21.864
2020-09-11;146.26;0.114;30.983;25.513
2020-09-14;146.549;0.095;28.663;23.58
2020-09-15;146.637;0.089;27.848;22.905
2020-09-16;146.511;0.097;30.237;24.869
2020-09-17;146.555;0.092;30.428;25.018
2020-09-18;146.492;0.095;30.338;24.963
2020-09-21;146.827;0.073;30.908;25.396
2020-09-22;146.682;0.082;29.262;24.087
2020-09-23;146.725;0.078;29.283;24.096
2020-09-24;146.778;0.073;28.092;23.1
2020-09-25;146.829;0.069;30.454;25.006
2020-09-28;146.841;0.068;29.346;24.121
2020-09-29;147.39;0.031;26.707;21.928
2020-09-30;146.757;0.072;24.901;20.483
2020-10-01;146.81;0.066;29.211;24.036
2020-10-02;147.152;0.043;25.403;20.86
2020-10-05;146.699;0.072;23.538;19.409
2020-10-06;147.294;0.033;22.895;18.834
2020-10-07;146.903;0.057;24.305;20.034
2020-10-08;146.826;0.06;26.921;22.164
2020-10-09;147.292;0.03;22.668;18.655
2020-10-12;147.352;0.025;23.822;19.574
2020-10-13;147.407;0.021;25.013;20.541
2020-10-14;147.585;0.009;26.878;22.066
2020-10-15;147.791;-0.007;28.477;23.354
2020-10-16;147.449;0.015;30.355;24.917
2020-10-19;147.367;0.019;31.322;25.719
2020-10-20;147.09;0.037;30.113;24.761
2020-10-21;147.46;0.012;24.568;20.183
2020-10-22;147.413;0.013;22.889;18.83
2020-10-23;147.557;0.003;22.082;18.151
2020-10-26;147.182;0.026;21.135;17.354
2020-10-27;147.782;-0.013;24.015;19.739
2020-10-28;147.791;-0.014;25.505;20.958
2020-10-29;147.962;-0.027;23.978;19.695
2020-10-30;149.997;-0.159;5.897;4.961
2020-11-02;147.781;-0.017;23.361;19.187
2020-11-03;147.898;-0.025;20.874;17.157
2020-11-04;147.923;-0.028;21.251;17.461
2020-11-05;147.94;-0.031;22.799;18.722
2020-11-06;147.873;-0.027;22.22;18.262
2020-11-09;146.734;0.046;21.391;17.688
2020-11-10;146.625;0.053;18.983;15.71
2020-11-11;146.82;0.039;19.239;15.922
2020-11-12;147.008;0.025;20.633;17.038
2020-11-13;147.118;0.016;21.169;17.432
2020-11-16;147.907;-0.036;15.778;12.999
2020-11-17;147.322;0.002;20.864;17.17
2020-11-18;147.988;-0.042;16.257;13.396
2020-11-19;147.504;-0.012;19.591;16.115
2020-11-20;147.875;-0.037;16.174;13.286
2020-11-23;147.426;-0.009;21.447;17.621
2020-11-24;148.035;-0.049;13.16;10.84
2020-11-25;151.5;-0.271;-11.452;-9.057
2020-11-26;152.214;-0.318;-15.685;-12.437
2020-11-27;152.223;-0.32;-15.859;-12.577
2020-11-30;148.224;-0.065;15.709;12.891
2020-12-01;147.947;-0.048;15.139;12.449
2020-12-02;147.921;-0.047;14.306;11.764
2020-12-03;148.128;-0.063;14.426;11.848
2020-12-04;148.041;-0.058;14.04;11.516
2020-12-07;148.189;-0.068;15.774;12.925
2020-12-08;152.799;-0.363;-18.084;-14.339
2020-12-09;152.76;-0.361;-18.313;-14.514
2020-12-10;152.787;-0.365;-17.875;-14.147
2020-12-11;153.253;-0.395;-17.814;-14.086
2020-12-14;153.13;-0.388;-18.437;-14.597
2020-12-15;153.081;-0.386;-18.632;-14.749
2020-12-16;152.36;-0.341;-16.856;-13.339
2020-12-17;152.42;-0.347;-17.75;-14.075
2020-12-18;152.383;-0.346;-18.018;-14.278
2020-12-21;152.32;-0.342;-17.431;-13.837
2020-12-22;152.481;-0.356;-18.224;-14.439
2020-12-23;152.367;-0.35;-19.094;-15.147
2020-12-24;152.367;-0.35;-20.79;-16.504
2020-12-25;152.367;-0.35;-20.788;-16.503
2020-12-28;152.089;-0.333;-18.617;-14.778
2020-12-29;152.204;-0.341;-17.612;-13.981
2020-12-30;152.187;-0.343;-17.901;-14.237
2020-12-31;152.187;-0.344;-17.478;-13.881
2021-01-01;152.187;-0.344;-17.48;-13.88
2021-01-04;152.572;-0.37;-16.809;-13.337
2021-01-05;152.398;-0.36;-18.044;-14.346
2021-01-06;152.154;-0.344;-18.611;-14.814
2021-01-07;152.09;-0.342;-20.241;-16.143
2021-01-08;152.016;-0.338;-20.902;-16.657
2021-01-11;151.918;-0.333;-22.525;-17.979
2021-01-12;151.532;-0.309;-23.807;-19.026
2021-01-13;151.898;-0.333;-20.031;-15.96
2021-01-14;152.146;-0.351;-20.746;-16.543
2021-01-15;151.971;-0.341;-20.248;-16.151
2021-01-18;151.906;-0.338;-20.973;-16.739
2021-01-19;151.741;-0.328;-20.378;-16.281
2021-01-20;151.764;-0.33;-20.887;-16.679
2021-01-21;151.403;-0.309;-22.026;-17.65
2021-01-22;151.495;-0.316;-21.782;-17.447
2021-01-25;151.944;-0.345;-21.67;-17.321
2021-01-26;151.784;-0.336;-22.628;-18.098
2021-01-27;151.749;-0.334;-22.781;-18.244
2021-01-28;151.883;-0.345;-24.818;-19.872
2021-01-29;151.508;-0.322;-24.609;-19.746
2021-02-01;151.566;-0.327;-24.619;-19.749
2021-02-02;151.202;-0.304;-23.919;-19.23
2021-02-03;150.923;-0.287;-25.925;-20.867
2021-02-04;151.004;-0.294;-27.589;-22.219
2021-02-05;151.116;-0.302;-30.633;-24.679
2021-02-08;150.767;-0.281;-29.272;-23.596
2021-02-09;151.124;-0.304;-30.659;-24.697
2021-02-10;150.571;-0.27;-29.036;-23.429
2021-02-11;150.691;-0.28;-27.448;-22.146
2021-02-12;149.945;-0.232;-26.612;-21.527
2021-02-15;149.567;-0.208;-26.131;-21.22
2021-02-16;149.139;-0.181;-28.28;-23.004
2021-02-17;149.141;-0.182;-25.915;-21.068
2021-02-18;148.502;-0.142;-22.741;-18.551
2021-02-19;147.039;-0.047;-13.734;-11.287
2021-02-22;147.304;-0.065;-13.133;-10.769
2021-02-23;146.837;-0.035;-12.803;-10.505
2021-02-24;146.638;-0.022;-12.028;-9.883
2021-02-25;146.754;-0.032;-20.196;-16.579
2021-02-26;145.997;0.018;-11.576;-9.511
2021-03-01;146.697;-0.029;-9.279;-7.638
2021-03-02;147.043;-0.053;-8.523;-6.995
2021-03-03;146.204;0.002;-11.165;-9.191
2021-03-04;146.477;-0.018;-10.359;-8.525
2021-03-05;145.632;0.038;-6.545;-5.4
2021-03-08;145.37;0.055;-7.063;-5.844
2021-03-09;145.532;0.043;-6.173;-5.083
2021-03-10;145.611;0.037;-4.897;-4.026
2021-03-11;145.832;0.02;-6.07;-4.995
2021-03-12;145.377;0.05;-6.566;-5.428
2021-03-15;145.814;0.02;-7.094;-5.855
2021-03-16;145.789;0.021;-5.853;-4.814
2021-03-17;145.414;0.045;-9.494;-7.833
2021-03-18;145.263;0.053;-11.207;-9.252
2021-03-19;145.63;0.028;-12.007;-9.929
2021-03-22;145.515;0.035;-10.178;-8.406
2021-03-23;145.882;0.009;-10.977;-9.059
2021-03-24;145.99;0.001;-10.335;-8.545
2021-03-25;146.248;-0.018;-8.828;-7.287
2021-03-26;145.9;0.005;-10.617;-8.778
2021-03-29;145.557;0.027;-10.603;-8.757
2021-03-30;145.481;0.032;-12.021;-9.911
2021-03-31;145.527;0.025;-13.259;-10.976
2021-04-01;145.617;0.018;-10.252;-8.483
2021-04-02;145.617;0.018;-10.614;-8.783
2021-04-05;145.617;0.018;-10.583;-8.776
2021-04-06;145.34;0.036;-8.707;-7.19
2021-04-07;145.395;0.032;-7.566;-6.267
2021-04-08;145.45;0.026;-7.224;-5.973
2021-04-09;145.249;0.039;-8.58;-7.083
2021-04-12;145.017;0.054;-9.271;-7.67
2021-04-13;145.09;0.048;-9.463;-7.802
2021-04-14;144.781;0.069;-10.442;-8.683
2021-04-15;145.027;0.05;-9.788;-8.111
2021-04-16;144.781;0.066;-9.669;-8.034
2021-04-19;144.375;0.093;-8.514;-7.08
2021-04-20;144.861;0.059;-9.749;-8.07
2021-04-21;145.054;0.045;-11.447;-9.47
2021-04-22;144.935;0.051;-10.861;-8.988
2021-04-23;145.279;0.027;-12.247;-11.309
2021-04-26;145.174;0.033;-14.456;-11.962
2021-04-27;145.247;0.028;-14.324;-13.06
2021-04-28;145.038;0.041;-15.965;-13.208
2021-04-29;144.622;0.067;-17.338;-14.379
2021-04-30;144.534;0.073;-15.43;-12.783
2021-05-03;144.393;0.082;-14.851;-12.334
2021-05-04;144.832;0.051;-13.926;-11.548
2021-05-05;144.663;0.062;-13.585;-11.245
2021-05-06;144.801;0.05;-15.073;-12.51
2021-05-07;144.423;0.075;-12.711;-10.535
2021-05-10;144.463;0.072;-13.368;-11.105
2021-05-11;143.874;0.112;-12.508;-10.4
2021-05-12;143.516;0.136;-12.189;-10.161
2021-05-13;143.419;0.141;-9.589;-7.974
2021-05-14;143.907;0.106;-13.098;-10.922
2021-05-17;143.349;0.144;-10.165;-8.447
2021-05-18;143.592;0.127;-14.631;-12.18
2021-05-19;143.785;0.112;-15.709;-13.061
2021-05-20;143.77;0.111;-12.886;-10.713
2021-05-21;143.678;0.117;-12.63;-10.501
2021-05-24;143.759;0.111;-12.498;-10.409
2021-05-25;144.079;0.088;-12.662;-10.543
2021-05-26;144.654;0.047;-13.458;-11.151
2021-05-27;144.092;0.084;-12.722;-10.567
2021-05-28;144.462;0.058;-14.549;-12.051
2021-05-31;144.16;0.078;-11.955;-9.917
2021-06-01;144.138;0.079;-12.124;-10.045
2021-06-02;144.308;0.066;-11.537;-9.566
2021-06-03;144.431;0.056;-15.951;-13.228
2021-06-04;144.56;0.046;-13.998;-11.596
2021-06-07;144.371;0.058;-14.395;-11.925
2021-06-08;144.522;0.047;-13.084;-10.812
2021-06-09;144.648;0.038;-11.288;-9.316
2021-06-10;144.762;0.028;-12.831;-10.609
2021-06-11;144.848;0.021;-12.004;-9.897
2021-06-14;144.617;0.036;-12.715;-10.489
2021-06-15;144.557;0.04;-14.56;-12.019
2021-06-16;144.633;0.034;-13.619;-11.258
2021-06-17;144.485;0.042;-12.321;-10.201
2021-06-18;144.515;0.039;-11.118;-9.191
2021-06-21;144.478;0.041;-14.605;-12.078
2021-06-22;144.455;0.042;-14.997;-12.407
2021-06-23;144.396;0.045;-13.12;-10.857
2021-06-24;144.473;0.037;-15.303;-12.66
2021-06-25;144.129;0.061;-14.382;-11.912
2021-06-28;144.592;0.028;-15.857;-13.117
2021-06-29;144.484;0.035;-18.201;-15.071
2021-06-30;144.793;0.012;-16.635;-13.753
2021-07-01;144.617;0.022;-16.704;-13.82
2021-07-02;144.903;0.001;-15.6;-12.913
2021-07-05;144.814;0.007;-17.588;-14.557
2021-07-06;145.244;-0.023;-14.929;-12.308
2021-07-07;145.361;-0.032;-12.076;-9.954
2021-07-08;145.335;-0.033;-11.415;-9.389
2021-07-09;145.264;-0.028;-12.994;-10.711
2021-07-12;145.217;-0.026;-12.902;-10.637
2021-07-13;145.279;-0.031;-14.218;-11.711
2021-07-14;145.429;-0.042;-13.279;-10.931
2021-07-15;145.587;-0.055;-12.876;-10.598
2021-07-16;145.74;-0.067;-12.805;-10.516
2021-07-19;145.952;-0.082;-11.351;-9.314
2021-07-20;146.141;-0.096;-11.04;-9.039
2021-07-21;145.899;-0.08;-11.624;-9.536
2021-07-22;146.461;-0.121;-13.884;-11.368
2021-07-23;146.198;-0.103;-11.471;-9.411
2021-07-26;146.142;-0.1;-12.109;-9.937
2021-07-27;146.207;-0.106;-11.02;-9.03
2021-07-28;146.205;-0.106;-12.197;-10.0
2021-07-29;146.657;-0.14;-15.072;-12.328
2021-07-30;146.742;-0.146;-14.679;-12.006
2021-08-02;146.959;-0.162;-12.633;-10.315
2021-08-03;146.931;-0.161;-12.619;-10.304
2021-08-04;147.026;-0.168;-12.184;-9.944
2021-08-05;147.084;-0.174;-13.557;-11.068
2021-08-06;146.861;-0.16;-15.85;-12.967
2021-08-09;146.893;-0.163;-14.748;-12.051
2021-08-10;146.978;-0.169;-15.085;-12.32
2021-08-11;146.877;-0.163;-12.389;-10.108
2021-08-12;146.789;-0.159;-13.067;-10.673
2021-08-13;146.793;-0.16;-11.721;-9.571
2021-08-16;146.923;-0.17;-13.585;-11.094
2021-08-17;146.799;-0.162;-13.166;-10.76
2021-08-18;146.873;-0.168;-12.582;-10.277
2021-08-19;146.95;-0.176;-12.644;-10.317
2021-08-20;147.007;-0.181;-12.482;-10.182
2021-08-23;146.867;-0.172;-12.375;-10.1
2021-08-24;146.799;-0.168;-12.067;-9.851
2021-08-25;146.288;-0.133;-13.545;-11.089
2021-08-26;146.177;-0.128;-14.238;-11.664
2021-08-27;146.321;-0.139;-14.747;-12.068
2021-08-30;146.569;-0.157;-15.919;-13.021
2021-08-31;145.907;-0.112;-14.889;-12.248
2021-09-01;145.934;-0.114;-16.829;-13.842
2021-09-02;146.009;-0.122;-17.525;-14.424
2021-09-03;145.765;-0.106;-17.562;-14.477
2021-09-06;145.673;-0.1;-17.1;-14.095
2021-09-07;145.318;-0.076;-17.412;-14.374
2021-09-08;145.237;-0.071;-18.035;-14.881
2021-09-09;145.623;-0.1;-17.145;-14.132
2021-09-10;145.371;-0.083;-18.429;-15.206
2021-09-13;145.33;-0.082;-18.566;-15.308
2021-09-14;145.42;-0.089;-17.873;-14.718
2021-09-15;145.118;-0.068;-19.107;-15.753
2021-09-16;145.114;-0.07;-20.623;-17.027
2021-09-17;145.219;-0.078;-22.44;-18.513
2021-09-20;145.133;-0.073;-20.87;-17.186
2021-09-21;145.156;-0.075;-20.562;-16.915
2021-09-22;145.269;-0.084;-20.241;-16.71
2021-09-23;144.625;-0.041;-21.875;-18.086
2021-09-24;144.414;-0.027;-23.991;-19.89
2021-09-27;144.185;-0.011;-22.72;-18.867
2021-09-28;144.012;0.0;-24.605;-20.409
2021-09-29;144.215;-0.015;-24.567;-20.356
2021-09-30;143.947;0.002;-24.378;-20.243
2021-10-01;144.389;-0.03;-25.579;-21.197
2021-10-04;144.2;-0.018;-25.357;-21.009
2021-10-05;143.743;0.014;-24.516;-20.367
2021-10-06;144.18;-0.018;-26.595;-22.063
2021-10-07;143.936;-0.003;-29.202;-24.273
2021-10-08;144.08;-0.014;-30.811;-25.675
2021-10-11;141.778;0.151;-18.737;-15.713
2021-10-12;143.28;0.042;-35.302;-29.402
2021-10-13;143.658;0.014;-32.697;-27.177
2021-10-14;144.137;-0.022;-29.438;-24.435
2021-10-15;143.88;-0.005;-30.657;-25.457
2021-10-18;143.88;-0.005;-32.547;-26.997
2021-10-19;143.545;0.018;-33.726;-28.023
2021-10-20;143.504;0.02;-31.007;-25.753
2021-10-21;143.57;0.013;-34.487;-28.628
2021-10-22;143.569;0.012;-35.053;-29.068
2021-10-25;143.665;0.005;-35.663;-29.603
2021-10-26;143.711;0.001;-34.088;-28.263
2021-10-27;144.113;-0.029;-30.542;-25.203
2021-10-28;143.416;0.018;-29.789;-24.682
2021-10-29;141.643;0.145;-17.988;-15.013
2021-11-01;141.255;0.174;-15.716;-13.142
2021-11-02;143.568;0.005;-27.13;-22.483
2021-11-03;142.74;0.064;-19.786;-16.422
2021-11-04;143.322;0.02;-19.431;-16.127
2021-11-05;144.63;-0.074;-24.15;-19.888
2021-11-08;144.512;-0.067;-28.051;-23.132
2021-11-09;144.676;-0.079;-23.278;-19.187
2021-11-10;144.442;-0.063;-30.144;-24.861
2021-11-11;144.386;-0.062;-32.652;-26.985
2021-11-12;144.512;-0.071;-33.336;-27.516
2021-11-15;144.1;-0.043;-31.923;-26.397
2021-11-16;144.438;-0.068;-34.408;-28.437
2021-11-17;144.474;-0.071;-34.968;-28.853
2021-11-18;144.527;-0.077;-32.677;-26.987
2021-11-19;145.069;-0.117;-30.458;-25.111
2021-11-22;144.882;-0.104;-32.737;-27.007
2021-11-23;144.193;-0.056;-36.796;-30.43
2021-11-24;144.397;-0.071;-38.583;-31.87
2021-11-25;144.131;-0.054;-34.706;-28.711
2021-11-26;145.042;-0.12;-33.532;-27.633
2021-11-29;144.996;-0.118;-36.396;-29.982
2021-11-30;145.274;-0.138;-35.235;-28.964
2021-12-01;145.182;-0.132;-34.544;-28.364
2021-12-02;145.5;-0.157;-35.075;-28.813
2021-12-03;145.544;-0.161;-34.014;-27.898
2021-12-06;145.53;-0.161;-34.363;-28.175
2021-12-07;145.463;-0.157;-33.764;-27.698
2021-12-08;144.954;-0.122;-35.633;-29.3
2021-12-09;145.334;-0.151;-34.881;-28.631
2021-12-10;145.308;-0.15;-34.785;-28.574
2021-12-13;145.505;-0.165;-32.577;-26.689
2021-12-14;145.389;-0.158;-33.065;-27.104
2021-12-15;145.311;-0.153;-34.543;-28.301
2021-12-16;145.11;-0.141;-34.189;-28.081
2021-12-17;145.457;-0.166;-34.073;-27.956
2021-12-20;145.266;-0.154;-35.935;-29.504
2021-12-21;144.651;-0.11;-37.854;-31.193
2021-12-22;144.491;-0.102;-38.992;-32.14
2021-12-23;144.015;-0.069;-40.133;-33.211
2021-12-24;144.015;-0.069;-40.056;-33.115
2021-12-27;143.186;-0.009;-32.953;-27.332
2021-12-28;143.212;-0.012;-33.877;-28.065
2021-12-29;142.474;0.041;-34.272;-28.504
2021-12-30;142.591;0.03;-35.261;-29.349
2021-12-31;142.591;0.03;-35.019;-29.149
2022-01-03;142.141;0.062;-35.523;-29.632
2022-01-04;142.741;0.016;-40.652;-33.84
2022-01-05;141.704;0.09;-30.716;-25.645
2022-01-06;141.133;0.133;-28.57;-23.961
2022-01-07;140.878;0.151;-28.418;-23.859
2022-01-10;140.693;0.164;-28.293;-23.76
2022-01-11;140.707;0.162;-29.477;-24.746
2022-01-12;140.808;0.154;-23.043;-22.644
2022-01-13;141.013;0.136;-25.393;-21.285
2022-01-14;140.877;0.146;-30.3;-25.403
2022-01-17;140.588;0.167;-29.334;-24.625
2022-01-18;140.497;0.173;-29.383;-24.692
2022-01-19;140.426;0.177;-29.206;-24.537
2022-01-20;140.459;0.172;-29.028;-24.386
2022-01-21;140.733;0.151;-28.463;-23.884
2022-01-24;140.966;0.133;-28.608;-23.964
2022-01-25;140.662;0.155;-28.728;-24.099
2022-01-26;140.641;0.156;-28.915;-24.26
2022-01-27;140.608;0.156;-30.01;-25.168
2022-01-28;140.438;0.168;-31.106;-26.105
2022-01-31;139.839;0.212;-30.926;-26.0
2022-02-01;139.799;0.215;-33.848;-28.464
2022-02-02;139.816;0.213;-34.809;-29.261
2022-02-03;138.957;0.276;-36.663;-30.881
2022-02-04;138.629;0.3;-42.391;-35.74
2022-02-07;136.503;0.463;-27.783;-23.713
2022-02-08;135.057;0.575;-22.532;-19.357
2022-02-09;135.616;0.531;-23.528;-20.177
2022-02-10;137.703;0.366;-53.252;-45.132
2022-02-11;133.882;0.665;-21.725;-18.772
2022-02-14;133.973;0.657;-24.217;-20.971
2022-02-15;133.215;0.717;-19.539;-16.962
2022-02-16;133.646;0.682;-16.853;-14.593
2022-02-17;133.987;0.653;-18.238;-15.696
2022-02-18;134.208;0.635;-18.876;-16.212
2022-02-21;133.909;0.658;-17.405;-14.967
2022-02-22;133.538;0.687;-19.112;-16.426
2022-02-23;133.557;0.685;-19.214;-16.558
2022-02-24;134.164;0.634;-21.958;-18.911
2022-02-25;133.588;0.679;-24.077;-20.765
2022-02-28;134.15;0.634;-24.49;-21.091
2022-03-01;139.023;0.253;-47.345;-39.978
2022-03-02;138.585;0.286;-51.564;-43.55
2022-03-03;138.671;0.277;-53.384;-45.167
2022-03-04;139.026;0.249;-55.996;-47.367
2022-03-07;138.813;0.265;-57.155;-48.365
2022-03-08;138.288;0.304;-61.81;-52.453
2022-03-09;133.927;0.646;-29.441;-25.612
2022-03-10;137.079;0.395;-67.62;-57.816
2022-03-11;137.312;0.376;-68.213;-58.223
2022-03-14;136.509;0.438;-69.817;-59.936
2022-03-15;136.605;0.43;-71.464;-61.259
2022-03-16;130.468;0.923;-16.329;-14.506
2022-03-17;134.911;0.561;-53.547;-46.147
2022-03-18;134.763;0.572;-52.397;-45.306
2022-03-21;134.105;0.624;-55.795;-48.417
2022-03-22;135.013;0.55;-65.132;-56.275
2022-03-23;129.151;1.028;-6.332;-5.677
2022-03-24;134.607;0.58;-66.468;-57.388
2022-03-25;134.385;0.597;-69.711;-60.319
2022-03-28;128.179;1.107;-10.853;-9.759
2022-03-29;127.565;1.159;-11.483;-10.33
2022-03-30;134.032;0.623;-75.456;-65.059
2022-03-31;128.422;1.084;-15.171;-13.577
2022-04-01;134.335;0.596;-71.141;-61.41
2022-04-04;128.047;1.114;-6.246;-5.699
2022-04-05;126.551;1.242;-4.626;-4.163
2022-04-06;126.189;1.273;-6.417;-5.827
2022-04-07;125.857;1.3;-6.591;-6.049
2022-04-08;125.649;1.317;-9.29;-8.525
2022-04-11;125.018;1.372;-14.485;-13.201
2022-04-12;125.013;1.372;-14.112;-12.931
2022-04-13;125.434;1.332;-17.147;-15.595
2022-04-14;124.708;1.395;-17.554;-16.139
2022-04-15;124.708;1.395;-20.434;-18.795
2022-04-18;124.708;1.395;-20.603;-18.857
2022-04-19;124.035;1.454;-19.755;-18.084
2022-04-20;124.636;1.401;-19.358;-17.536
2022-04-21;123.993;1.456;-18.696;-16.97
2022-04-22;123.699;1.482;-21.4;-19.518
2022-04-25;124.707;1.392;-20.593;-18.844
2022-04-26;124.695;1.392;-19.55;-17.902
2022-04-27;124.792;1.383;-22.043;-20.029
2022-04-28;123.589;1.488;-19.981;-18.326
2022-04-29;122.973;1.543;-21.595;-19.762
2022-05-02;122.209;1.611;-17.388;-16.075
2022-05-03;122.959;1.543;-20.887;-19.114
2022-05-04;121.714;1.655;-12.915;-11.959
2022-05-05;121.06;1.713;-12.761;-11.793
2022-05-06;119.756;1.833;-14.665;-13.554
2022-05-09;120.377;1.775;-19.539;-18.159
2022-05-10;120.807;1.735;-15.474;-14.347
2022-05-11;120.569;1.757;-14.104;-13.097
2022-05-12;122.228;1.604;-16.878;-15.511
2022-05-13;122.084;1.616;-11.7;-10.833
2022-05-16;122.067;1.617;-8.273;-7.672
2022-05-17;120.704;1.741;-5.145;-4.625
2022-05-18;121.089;1.706;-2.962;-2.818
2022-05-19;121.715;1.647;-3.823;-3.581
2022-05-20;121.711;1.647;-4.845;-4.578
2022-05-23;120.629;1.746;0.047;0.038
2022-05-24;121.301;1.683;-3.056;-2.859
2022-05-25;121.145;1.697;-1.765;-1.716
2022-05-26;120.668;1.74;-2.893;-2.818
2022-05-27;121.131;1.697;-3.395;-3.148
2022-05-30;120.326;1.771;-0.738;-0.628
2022-05-31;119.441;1.852;-0.579;-0.557
2022-06-01;118.884;1.904;-0.492;-0.423
2022-06-02;118.426;1.946;-1.441;-1.384
2022-06-03;117.906;1.995;-0.086;-0.072
2022-06-06;117.39;2.044;1.145;1.159
2022-06-07;118.111;1.975;-3.936;-3.634
2022-06-08;117.181;2.063;-0.783;-0.575
2022-06-09;116.189;2.157;1.848;1.717
2022-06-10;115.317;2.242;5.793;5.372
2022-06-13;113.401;2.431;6.361;6.284
2022-06-14;111.568;2.615;2.236;2.388
2022-06-15;112.503;2.52;6.582;6.316
2022-06-16;112.297;2.54;2.222;2.114
2022-06-17;112.78;2.491;4.649;4.234
2022-06-20;111.577;2.613;8.851;8.413
2022-06-21;111.381;2.632;9.281;8.742
2022-06-22;112.657;2.503;8.154;7.51
2022-06-23;114.472;2.321;8.589;7.835
2022-06-24;114.695;2.298;6.756;6.178
2022-06-27;113.427;2.424;7.692;7.185
2022-06-28;112.505;2.516;9.269;8.797
2022-06-29;113.748;2.391;4.974;4.423
2022-06-30;115.026;2.264;6.303;5.776
2022-07-01;116.508;2.118;5.182;4.537
2022-07-04;115.271;2.238;4.903;4.549
2022-07-05;116.335;2.134;6.09;5.599
2022-07-06;116.77;2.092;7.426;6.966
2022-07-07;115.888;2.177;5.549;5.449
2022-07-08;115.425;2.222;5.871;5.458
2022-07-11;116.108;2.154;6.68;6.198
2022-07-12;117.392;2.03;5.398;4.7
2022-07-13;117.491;2.02;4.076;3.883
2022-07-14;116.86;2.079;7.351;7.045
2022-07-15;117.513;2.016;4.687;4.216
2022-07-18;116.619;2.102;6.567;6.147
2022-07-19;116.286;2.134;5.088;4.979
2022-07-20;116.059;2.156;11.156;10.41
2022-07-21;116.248;2.136;11.589;10.94
2022-07-22;118.241;1.943;9.15;8.295
2022-07-25;118.572;1.911;8.599;7.881
2022-07-26;119.222;1.849;10.682;9.84
2022-07-27;119.302;1.841;8.425;7.772
2022-07-28;120.761;1.703;6.965;6.31
2022-07-29;121.206;1.661;0.119;0.043
2022-08-01;121.203;1.66;5.276;4.781
2022-08-02;121.172;1.663;2.331;2.107
2022-08-03;120.703;1.706;1.875;1.699
2022-08-04;121.246;1.654;1.661;1.536
2022-08-05;120.113;1.76;-5.602;-5.082
2022-08-08;120.357;1.736;-2.072;-2.053
2022-08-09;119.945;1.775;-1.923;-1.917
2022-08-10;120.228;1.747;-1.16;-1.387
2022-08-11;119.44;1.821;-0.486;-0.7
2022-08-12;119.276;1.836;0.466;0.185
2022-08-15;120.282;1.74;0.702;0.514
2022-08-16;119.183;1.844;2.98;2.707
2022-08-17;118.381;1.92;4.253;3.835
2022-08-18;118.136;1.942;4.352;3.602
2022-08-19;117.002;2.052;0.3;-0.302
2022-08-22;116.125;2.137;-1.363;-2.014
2022-08-23;115.883;2.161;-2.182;-2.839
2022-08-24;115.321;2.216;-3.22;-3.932
2022-08-25;115.257;2.221;3.2;1.991
2022-08-26;114.491;2.297;1.241;0.139
2022-08-29;112.983;2.449;4.124;2.662
2022-08-30;113.25;2.422;2.42;0.455
2022-08-31;113.14;2.432;4.991;2.844
2022-09-01;112.499;2.497;7.132;4.851
2022-09-02;113.016;2.444;2.637;0.353
2022-09-05;111.993;2.549;6.659;4.286
2022-09-06;111.7;2.579;5.011;2.519
2022-09-07;112.227;2.524;9.754;7.018
2022-09-08;111.082;2.642;15.797;13.025
2022-09-09;110.799;2.671;16.641;13.549
2022-09-12;111.25;2.624;19.453;16.011
2022-09-13;110.84;2.666;15.796;12.367
2022-09-14;110.586;2.692;17.257;13.796
2022-09-15;110.455;2.706;18.759;15.148
2022-09-16;110.339;2.718;21.753;17.847
2022-09-19;110.071;2.746;20.342;16.261
2022-09-20;109.545;2.801;15.186;11.411
2022-09-21;109.727;2.782;13.323;9.523
2022-09-22;109.441;2.811;12.169;8.51
2022-09-23;109.137;2.844;1.513;-1.884
2022-09-26;108.456;2.916;-3.92;-7.075
2022-09-27;107.788;2.988;-10.647;-13.935
2022-09-28;107.795;2.987;-7.423;-10.731
2022-09-29;107.779;2.989;-11.194;-14.085
2022-09-30;107.941;2.971;-8.113;-11.11
2022-10-03;108.845;2.873;2.177;-0.928
2022-10-04;108.993;2.857;6.76;3.752
2022-10-05;108.212;2.941;-1.959;-4.388
2022-10-06;107.917;2.972;-7.581;-10.303
2022-10-07;107.387;3.03;-14.157;-17.047
2022-10-10;107.048;3.067;-24.493;-27.517
2022-10-11;106.929;3.08;-19.948;-23.181
2022-10-12;106.541;3.122;-17.557;-20.853
2022-10-13;106.696;3.105;-13.283;-16.402
2022-10-14;106.39;3.138;-15.091;-18.207
2022-10-17;106.385;3.139;-6.872;-10.021
2022-10-18;106.717;3.102;-8.468;-11.502
2022-10-19;105.994;3.182;-3.75;-6.863
2022-10-20;105.959;3.185;-5.656;-8.649
2022-10-21;105.884;3.194;-4.221;-7.43
2022-10-24;106.72;3.101;-4.2;-7.441
2022-10-25;107.423;3.023;5.688;2.389
2022-10-26;107.638;2.999;5.576;2.281
2022-10-27;108.434;2.912;10.085;6.597
2022-10-28;107.796;2.981;2.73;0.235
2022-10-31;107.542;3.009;0.963;-1.889
2022-11-01;107.542;3.009;0.985;-1.983
2022-11-02;107.539;3.009;1.737;-1.324
2022-11-03;106.144;3.163;8.42;5.507
2022-11-04;106.862;3.083;-4.213;-7.07
2022-11-07;102.532;3.574;46.73;44.115
2022-11-08;106.992;3.068;48.781;46.004
2022-11-09;106.64;3.107;20.178;16.769
2022-11-10;108.266;2.928;14.829;11.639
2022-11-11;107.629;2.997;12.604;9.794
2022-11-14;107.231;3.041;19.437;16.314
2022-11-15;107.719;2.987;20.531;17.539
2022-11-16;107.507;3.009;32.226;28.968
2022-11-17;107.269;3.036;30.744;27.796
2022-11-18;106.519;3.119;38.837;35.67
2022-11-21;108.125;2.941;24.297;21.269
2022-11-22;108.061;2.948;27.654;24.519
2022-11-23;107.994;2.955;33.319;30.017
2022-11-24;108.811;2.865;31.582;28.341
2022-11-25;109.206;2.822;16.931;14.262
2022-11-28;108.846;2.861;19.921;16.928
2022-11-29;108.265;2.924;30.23;26.905
2022-11-30;108.449;2.904;27.085;24.055
2022-12-01;108.994;2.844;32.641;29.537
2022-12-02;108.877;2.856;30.234;27.334
2022-12-05;108.473;2.9;33.042;29.979
2022-12-06;107.935;2.959;45.543;42.202
2022-12-07;107.853;2.968;45.871;42.661
2022-12-08;107.678;2.987;46.187;43.189
2022-12-09;107.107;3.05;46.91;44.035
2022-12-12;106.989;3.063;50.467;47.345
2022-12-13;107.327;3.025;42.891;39.984
2022-12-14;106.723;3.092;52.666;49.544
2022-12-15;104.966;3.29;59.812;57.794
2022-12-16;104.541;3.339;54.292;52.198
2022-12-19;104.192;3.379;55.514;53.557
2022-12-20;102.953;3.522;59.537;58.004
2022-12-21;103.07;3.509;55.369;53.78
2022-12-22;102.546;3.57;55.566;54.411
2022-12-23;102.012;3.633;56.206;55.203
2022-12-26;102.012;3.633;58.81;57.616
2022-12-27;101.754;3.663;54.934;54.144
2022-12-28;101.331;3.714;57.417;56.455
2022-12-29;101.608;3.681;56.494;55.745
2022-12-30;101.236;3.725;57.781;57.441
2023-01-02;101.696;3.67;59.37;58.593
2023-01-03;102.828;3.536;56.091;55.032
2023-01-04;103.892;3.412;54.572;53.132
2023-01-05;103.395;3.47;53.764;52.806
2023-01-06;104.569;3.333;50.216;48.834
2023-01-09;104.428;3.349;51.755;50.462
2023-01-10;103.781;3.424;51.739;50.733
2023-01-11;105.315;3.247;46.821;45.126
2023-01-12;105.548;3.22;49.774;48.313
2023-01-13;105.752;3.197;50.436;48.8
2023-01-16;105.164;3.264;55.716;54.254
2023-01-17;105.986;3.17;55.184;53.284
2023-01-18;106.774;3.081;52.058;50.11
2023-01-19;106.638;3.096;48.755;47.209
2023-01-20;105.505;3.224;49.342;48.112
2023-01-23;104.937;3.289;50.162;49.05
2023-01-24;105.308;3.247;49.445;48.259
2023-01-25;105.459;3.229;46.948;45.799
2023-01-26;104.788;3.306;49.826;49.032
2023-01-27;104.489;3.34;50.897;50.213
2023-01-30;104.086;3.387;48.991;48.442
2023-01-31;104.144;3.38;52.645;52.057
2023-02-01;104.076;3.388;52.572;52.022
2023-02-02;106.295;3.132;48.984;47.946
2023-02-03;105.15;3.263;50.068;49.439
2023-02-06;104.415;3.348;49.175;48.82
2023-02-07;104.074;3.388;48.965;48.59
2023-02-08;103.806;3.419;52.041;51.639
2023-02-09;104.196;3.373;53.045;52.302
2023-02-10;103.708;3.43;53.185;52.715
2023-02-13;103.578;3.445;53.854;53.316
2023-02-14;102.968;3.517;52.851;52.297
2023-02-15;102.64;3.556;53.711;53.201
2023-02-16;102.344;3.591;57.934;57.429
2023-02-17;102.525;3.569;58.025;57.33
2023-02-20;102.395;3.585;57.218;56.651
2023-02-21;101.928;3.64;55.926;55.283
2023-02-22;101.945;3.638;53.739;53.406
2023-02-23;102.193;3.608;53.652;53.394
2023-02-24;101.799;3.656;52.615;52.28
2023-02-27;101.636;3.675;49.8;49.407
2023-02-28;101.229;3.724;48.472;47.991
2023-03-01;100.884;3.766;48.427;48.013
2023-03-02;100.673;3.792;47.767;47.171
2023-03-03;100.807;3.775;49.637;49.255
2023-03-06;100.591;3.802;51.695;51.234
2023-03-07;100.908;3.763;52.668;51.918
2023-03-08;101.049;3.746;55.395;54.393
2023-03-09;101.161;3.732;54.751;53.866
2023-03-10;101.827;3.651;54.91;53.873
2023-03-13;102.857;3.528;57.256;56.035
2023-03-14;102.018;3.628;55.867;56.857
2023-03-15;103.408;3.462;56.644;56.23
2023-03-16;102.258;3.599;59.694;60.816
2023-03-17;102.959;3.515;65.696;66.129
2023-03-20;102.792;3.535;66.776;67.075
2023-03-21;101.927;3.638;67.036;67.979
2023-03-22;101.83;3.65;65.101;65.452
2023-03-23;102.516;3.567;65.594;65.339
2023-03-24;102.91;3.52;66.268;65.855
2023-03-27;102.463;3.573;65.259;65.249
2023-03-28;102.05;3.623;65.116;65.132
2023-03-29;101.957;3.634;65.865;65.792
2023-03-30;101.611;3.676;63.194;63.383
2023-03-31;102.086;3.618;65.504;65.252
2023-04-03;102.295;3.593;68.031;67.668
2023-04-04;102.309;3.591;69.196;68.646
2023-04-05;102.711;3.542;70.518;70.301
2023-04-06;102.552;3.561;71.081;70.925
2023-04-07;102.552;3.561;71.834;71.623
2023-04-10;102.552;3.561;71.929;71.521
2023-04-11;101.887;3.642;69.101;69.073
2023-04-12;101.605;3.676;67.507;67.4
2023-04-13;101.554;3.682;68.463;68.238
2023-04-14;101.203;3.725;68.612;68.485
2023-04-17;101.116;3.736;66.178;65.572
2023-04-18;101.069;3.741;65.39;64.87
2023-04-19;100.839;3.77;63.16;62.732
2023-04-20;101.161;3.73;63.645;63.155
2023-04-21;100.962;3.754;63.527;63.248
2023-04-24;100.868;3.766;62.2;61.71
2023-04-25;101.545;3.683;64.681;63.852
2023-04-26;101.536;3.684;62.537;61.745
2023-04-27;101.191;3.726;62.757;62.227
2023-04-28;102.061;3.619;63.753;63.027
2023-05-01;102.061;3.619;63.804;62.826
2023-05-02;102.515;3.564;63.161;62.178
2023-05-03;102.244;3.597;67.561;66.62
2023-05-04;102.5;3.565;68.805;67.906
2023-05-05;102.244;3.597;64.371;64.064
2023-05-08;101.924;3.636;65.826;65.368
2023-05-09;101.635;3.671;66.747;66.54
2023-05-10;102.078;3.617;67.586;67.102
2023-05-11;102.375;3.58;69.526;69.045
2023-05-12;102.151;3.607;67.297;66.942
2023-05-15;101.879;3.641;69.326;68.998
2023-05-16;101.535;3.683;68.813;68.657
2023-05-17;101.58;3.677;69.31;68.991
2023-05-18;100.986;3.75;65.219;65.344
2023-05-19;101.104;3.736;65.742;65.723
2023-05-22;100.945;3.755;65.563;65.495
2023-05-23;100.904;3.76;64.35;64.239
2023-05-24;100.856;3.766;64.359;64.175
2023-05-25;100.619;3.796;62.544;62.527
2023-05-26;100.566;3.802;62.23;62.354
2023-05-29;101.289;3.712;63.545;63.057
2023-05-30;101.685;3.663;66.927;66.283
2023-05-31;101.996;3.625;67.731;67.081
2023-06-01;102.292;3.589;67.815;67.372
2023-06-02;101.928;3.633;67.578;67.301
2023-06-05;101.607;3.673;67.131;66.894
2023-06-06;101.657;3.666;67.799;67.653
2023-06-07;101.393;3.699;66.977;67.021
2023-06-08;101.437;3.693;68.474;68.462
2023-06-09;101.606;3.673;69.016;68.855
2023-06-12;101.601;3.673;;
2023-06-13;101.4;3.698;67.976;67.556
2023-06-14;101.228;3.719;67.829;67.61
2023-06-15;100.983;3.75;65.295;65.35
2023-06-16;101.376;3.701;65.04;64.88
2023-06-19;101.154;3.728;61.644;61.403
2023-06-20;101.741;3.655;64.653;63.963
2023-06-21;101.556;3.678;63.412;62.93
2023-06-22;101.239;3.717;62.379;62.2
2023-06-23;102.416;3.572;59.685;58.835
2023-06-26;102.242;3.593;65.984;65.135
2023-06-27;102.226;3.595;60.803;59.914
2023-06-28;102.317;3.584;62.927;61.852
2023-06-29;101.755;3.653;61.046;60.708
2023-06-30;101.854;3.641;62.396;61.975
2023-07-03;101.574;3.675;61.595;61.081
2023-07-04;101.389;3.698;61.924;61.705
2023-07-05;101.27;3.713;61.356;61.173
2023-07-06;100.496;3.81;54.823;55.251
2023-07-07;100.356;3.828;55.924;56.268
2023-07-10;100.404;3.822;55.805;56.023
2023-07-11;100.124;3.857;58.914;59.32
2023-07-12;100.893;3.76;58.537;58.53
2023-07-13;101.294;3.71;60.979;61.085
2023-07-14;101.034;3.742;62.233;62.499
2023-07-17;101.189;3.723;63.724;63.718
2023-07-18;101.773;3.65;65.076;64.723
2023-07-19;101.549;3.678;62.802;62.751
2023-07-20;101.356;3.702;59.741;59.924
2023-07-21;101.456;3.689;59.837;59.927
2023-07-24;101.68;3.661;61.416;61.33
2023-07-25;101.468;3.687;64.914;64.957
2023-07-26;100.968;3.75;65.558;65.855
2023-07-27;101.211;3.719;63.852;64.137
2023-07-28;101.066;3.738;64.399;64.806
2023-07-31;101.09;3.735;64.993;65.425
2023-08-01;100.755;3.777;62.967;63.569
2023-08-02;100.838;3.766;63.664;64.27
2023-08-03;100.583;3.798;59.643;60.422
2023-08-04;100.547;3.803;61.78;62.506
2023-08-07;100.779;3.774;56.353;57.029
2023-08-08;101.478;3.686;59.46;60.051
2023-08-09;101.259;3.713;60.477;61.115
2023-08-10;101.211;3.719;58.676;59.318
2023-08-11;100.639;3.791;56.432;57.36
2023-08-14;100.499;3.809;57.329;58.105
2023-08-15;100.289;3.836;56.856;57.856
2023-08-16;100.49;3.81;56.518;57.269
2023-08-17;100.127;3.856;54.834;55.971
2023-08-18;100.557;3.802;57.342;58.344
2023-08-21;100.086;3.862;55.085;56.199
2023-08-22;100.634;3.792;55.374;56.204
2023-08-23;101.213;3.718;60.134;60.779
2023-08-24;101.268;3.711;58.024;58.879
2023-08-25;101.057;3.738;57.167;58.034
2023-08-28;101.168;3.724;55.911;56.615
2023-08-29;101.466;3.686;58.929;59.529
2023-08-30;101.271;3.711;58.18;58.782
2023-08-31;101.731;3.653;59.964;60.399
2023-09-01;101.287;3.709;57.437;58.381
2023-09-04;101.123;3.729;57.643;58.41
2023-09-05;100.946;3.752;55.937;56.707
2023-09-06;100.634;3.791;58.654;59.751
2023-09-07;100.919;3.755;57.426;58.57
2023-09-08;100.95;3.751;58.626;59.681
2023-09-11;100.851;3.764;58.022;58.871
2023-09-12;100.602;3.795;59.46;60.388
2023-09-13;100.609;3.794;57.308;57.957
2023-09-14;100.982;3.747;59.941;60.61
2023-09-15;100.497;3.809;59.532;60.192
2023-09-18;100.331;3.83;58.005;58.634
2023-09-19;100.185;3.849;58.173;58.719
2023-09-20;100.423;3.818;58.329;58.818
2023-09-21;100.31;3.833;55.298;55.999
2023-09-22;100.266;3.838;55.408;56.118
2023-09-25;99.971;3.877;53.653;54.04
2023-09-26;99.916;3.884;53.284;53.865
2023-09-27;99.701;3.912;53.51;53.891
2023-09-28;98.067;4.126;65.041;66.752
2023-09-29;99.715;3.91;52.026;52.777
2023-10-02;99.362;3.956;48.624;49.137
2023-10-03;97.928;4.145;63.074;64.592
2023-10-04;98.179;4.111;62.966;64.347
2023-10-05;98.343;4.09;63.97;65.616
2023-10-06;98.283;4.098;65.028;66.707
2023-10-09;99.974;3.876;53.793;54.552
2023-10-10;99.677;3.915;57.741;58.656
2023-10-11;100.437;3.816;53.594;54.331
2023-10-12;100.045;3.867;51.348;52.144
2023-10-13;100.225;3.844;53.472;53.99
2023-10-16;99.77;3.903;58.45;59.423
2023-10-17;98.959;4.009;57.813;58.893
2023-10-18;99.014;4.002;52.287;53.475
2023-10-19;98.062;4.128;64.204;66.132
2023-10-20;98.466;4.074;61.405;62.983
2023-10-23;98.533;4.066;62.746;64.343
2023-10-24;98.845;4.024;63.622;65.065
2023-10-25;98.201;4.11;66.174;68.049
2023-10-26;98.788;4.032;63.41;65.102
2023-10-27;98.789;4.032;65.909;67.731
2023-10-30;98.986;4.006;65.656;67.114
2023-10-31;99.08;3.994;64.938;66.338
2023-11-01;99.73;3.908;63.472;64.606
2023-11-02;99.762;3.904;67.324;68.834
2023-11-03;100.395;3.822;67.579;68.828
2023-11-06;99.348;3.959;72.551;74.221
2023-11-07;99.993;3.874;72.335;73.599
2023-11-08;100.334;3.83;71.894;72.871
2023-11-09;100.101;3.86;71.557;73.024
2023-11-10;99.767;3.904;71.736;73.268
2023-11-13;99.875;3.89;70.15;71.378
2023-11-14;100.69;3.783;70.591;71.264
2023-11-15;100.378;3.824;70.781;71.753
2023-11-16;100.797;3.769;68.258;69.274
2023-11-17;100.867;3.76;67.977;69.067
2023-11-20;100.715;3.78;70.34;71.304
2023-11-21;101.288;3.706;66.787;67.357
2023-11-22;101.393;3.692;65.314;65.843
2023-11-23;100.927;3.752;64.896;65.885
2023-11-24;100.977;3.746;63.116;64.005
2023-11-27;101.456;3.684;64.75;65.343
2023-11-28;101.82;3.637;65.446;65.996
2023-11-29;102.31;3.574;65.306;65.414
2023-11-30;102.211;3.587;65.198;65.65
2023-12-01;103.154;3.467;63.089;63.089
2023-12-04;103.063;3.478;66.084;66.335
2023-12-05;104.04;3.355;64.879;64.493
2023-12-06;104.51;3.296;62.023;61.505
2023-12-07;104.671;3.276;61.556;61.231
2023-12-08;103.819;3.382;65.231;65.364
2023-12-11;103.839;3.379;64.168;63.979
2023-12-12;104.204;3.333;64.707;64.279
2023-12-13;104.765;3.263;62.935;62.285
2023-12-14;105.35;3.19;62.296;61.648
2023-12-15;106.028;3.106;63.958;63.066
2023-12-18;105.487;3.173;63.656;63.008
2023-12-19;106.259;3.078;60.845;59.829
2023-12-20;106.621;3.033;61.231;59.985
2023-12-21;106.637;3.03;62.42;61.636
2023-12-22;106.68;3.025;59.955;59.12
2023-12-25;106.68;3.025;60.054;58.965
2023-12-27;107.173;2.964;61.036;59.552
2023-12-28;106.696;3.022;62.415;61.372
2023-12-29;106.017;3.105;63.64;62.983
2024-01-01;106.017;3.105;64.022;63.092
2024-01-02;105.727;3.141;64.744;63.879
2024-01-03;105.795;3.132;69.206;68.107
2024-01-04;104.918;3.241;69.205;68.812
2024-01-05;104.518;3.291;70.664;70.256
2024-01-08;104.638;3.276;71.139;70.422
2024-01-09;104.447;3.299;67.664;67.279
2024-01-10;104.288;3.319;67.568;67.274
2024-01-11;104.294;3.318;69.092;68.873
2024-01-12;104.829;3.251;68.685;68.194
2024-01-15;104.394;3.305;70.081;69.791
2024-01-16;104.261;3.322;69.489;69.27
2024-01-17;103.6;3.406;73.061;73.153
2024-01-18;103.451;3.425;70.985;71.119
2024-01-19;103.574;3.409;69.565;69.646
2024-01-22;103.952;3.361;69.457;69.233
2024-01-23;103.472;3.422;69.324;69.286
2024-01-24;103.582;3.407;69.303;69.254
2024-01-25;104.065;3.346;68.868;68.642
2024-01-26;103.929;3.363;70.367;70.229
2024-01-29;104.426;3.3;70.17;69.699
2024-01-30;104.099;3.341;70.799;70.554
2024-01-31;104.767;3.256;70.993;70.394
2024-02-01;104.72;3.262;73.265;72.625
2024-02-02;104.051;3.347;71.898;71.498
2024-02-05;103.471;3.421;73.192;73.058
2024-02-06;103.699;3.391;73.259;73.031
2024-02-07;103.679;3.394;70.652;70.575
2024-02-08;103.368;3.433;71.311;71.494
2024-02-09;102.937;3.489;74.493;74.761
2024-02-12;102.982;3.483;75.898;76.042
2024-02-13;102.738;3.514;76.332;76.719
2024-02-14;103.142;3.462;76.682;76.728
2024-02-15;103.041;3.474;75.696;75.741
2024-02-16;102.792;3.506;75.51;75.826
2024-02-19;102.709;3.517;76.07;76.244
2024-02-20;103.018;3.477;75.994;75.915
2024-02-21;102.348;3.564;78.418;78.792
2024-02-22;102.426;3.553;77.453;77.901
2024-02-23;103.065;3.47;77.194;77.247
2024-02-26;102.164;3.587;80.422;80.895
2024-02-27;101.858;3.628;82.345;82.947
2024-02-28;101.946;3.616;82.8;83.35
2024-02-29;102.238;3.577;84.509;85.096
2024-03-01;102.141;3.59;85.727;86.366
2024-03-04;102.447;3.55;85.28;85.607
2024-03-05;102.96;3.483;85.605;85.418
2024-03-06;102.971;3.481;84.846;84.764
2024-03-07;103.164;3.456;85.255;85.209
2024-03-08;103.432;3.421;86.124;86.055
2024-03-11;103.267;3.442;86.249;86.108
2024-03-12;103.058;3.469;87.254;87.088
2024-03-13;102.638;3.524;85.99;86.027
2024-03-14;102.411;3.553;85.771;86.222
2024-03-15;102.276;3.571;84.791;85.275
2024-03-18;102.357;3.56;82.338;82.481
2024-03-19;102.643;3.522;81.316;81.38
2024-03-20;102.742;3.509;80.169;80.181
2024-03-21;103.225;3.446;75.743;75.799
2024-03-22;103.654;3.39;76.798;76.731
2024-03-25;103.412;3.421;76.387;76.335
2024-03-26;103.637;3.392;74.678;74.348
2024-03-27;104.045;3.339;76.778;76.784
2024-03-28;103.899;3.357;77.372;77.409
2024-03-29;103.899;3.357;76.454;76.404
2024-04-02;103.199;3.448;77.008;76.989
2024-04-03;103.27;3.439;76.443;76.481
2024-04-04;103.669;3.386;74.4;74.389
2024-04-05;103.244;3.442;75.654;75.896
2024-04-08;103.07;3.464;75.554;75.534
2024-04-09;103.439;3.416;75.745;75.316
2024-04-10;103.207;3.446;72.405;72.406
2024-04-11;102.99;3.474;71.533;71.8
2024-04-12;103.724;3.378;70.202;69.979
2024-04-15;102.976;3.476;72.548;72.635
2024-04-16;102.676;3.515;70.226;70.372
2024-04-17;102.883;3.488;70.918;70.923
2024-04-18;102.658;3.517;70.853;71.265
2024-04-19;102.611;3.523;71.445;71.777
2024-04-22;102.797;3.498;69.747;69.703
2024-04-23;102.703;3.511;69.925;69.987
2024-04-24;102.107;3.59;69.073;69.507
2024-04-25;101.812;3.629;69.225;70.097
2024-04-26;102.28;3.566;69.769;70.291
2024-04-29;102.627;3.52;69.964;70.248
2024-04-30;102.326;3.56;68.493;69.064
2024-05-02;102.59;3.525;69.078;69.406
2024-05-03;102.745;3.504;70.383;70.664
2024-05-06;102.98;3.473;71.281;71.303
2024-05-07;103.456;3.41;70.074;69.815
2024-05-08;103.141;3.451;69.966;69.917
2024-05-09;102.83;3.492;70.727;71.027
2024-05-10;102.691;3.51;70.669;71.079
2024-05-13;102.765;3.5;70.901;70.978
2024-05-14;102.587;3.524;69.743;70.009
2024-05-15;103.529;3.399;69.395;69.135
2024-05-16;103.143;3.45;70.335;70.479
2024-05-17;102.836;3.49;69.186;69.544
2024-05-20;102.933;3.477;66.992;67.125
2024-05-21;103.168;3.446;66.687;66.699
2024-05-22;102.911;3.48;67.231;67.39
2024-05-23;102.58;3.524;67.009;67.562
2024-05-24;102.598;3.521;66.678;67.226
2024-05-27;102.886;3.483;66.503;66.702
2024-05-28;102.613;3.519;66.32;66.78
2024-05-29;101.881;3.617;67.919;68.603
2024-05-30;102.156;3.58;68.177;68.874
2024-05-31;102.179;3.577;66.461;67.303
2024-06-03;102.66;3.512;68.905;69.204
2024-06-04;102.946;3.474;69.121;69.262
2024-06-05;103.154;3.446;67.947;67.98
2024-06-06;102.816;3.491;68.33;68.818
2024-06-07;102.34;3.554;68.146;68.938
2024-06-10;101.688;3.642;70.896;71.802
2024-06-11;101.896;3.614;71.309;72.068
2024-06-12;102.59;3.521;71.068;71.336
2024-06-13;102.62;3.516;73.019;73.548
2024-06-14;102.762;3.497;76.834;77.287
2024-06-17;102.648;3.512;74.816;75.338
2024-06-18;102.958;3.471;73.829;74.275
2024-06-19;102.772;3.495;75.153;75.657
2024-06-20;102.728;3.501;72.442;73.17
2024-06-21;102.788;3.493;72.686;73.32
2024-06-24;102.947;3.471;70.395;70.906
2024-06-25;102.972;3.468;71.078;71.397
2024-06-26;102.401;3.545;74.215;74.749
2024-06-27;102.349;3.551;74.058;74.82
2024-06-28;102.254;3.564;72.853;73.623
2024-07-01;101.935;3.607;70.716;71.492
2024-07-02;102.149;3.578;70.12;70.767
2024-07-03;102.429;3.54;70.662;71.09
2024-07-04;102.299;3.557;69.86;70.566
2024-07-05;102.73;3.499;69.265;69.745
2024-07-08;103.018;3.46;66.94;67.089
2024-07-09;102.507;3.529;69.9;70.314
2024-07-10;102.935;3.471;68.807;68.938
2024-07-11;103.498;3.395;67.58;67.585
2024-07-12;103.177;3.438;68.269;68.502
2024-07-15;103.526;3.391;66.345;66.354
2024-07-16;103.774;3.358;67.568;67.422
2024-07-17;103.803;3.354;67.128;67.009
2024-07-18;103.682;3.37;67.595;67.642
2024-07-19;103.298;3.421;69.583;69.71
2024-07-22;103.146;3.442;70.142;70.191
2024-07-23;103.333;3.416;71.834;71.737
2024-07-24;103.149;3.441;73.63;73.612
2024-07-25;103.38;3.409;72.987;72.943
2024-07-26;103.494;3.394;72.29;72.204
2024-07-29;103.821;3.35;72.315;71.996
2024-07-30;103.988;3.328;72.46;72.066
2024-07-31;104.243;3.294;72.56;72.021
2024-08-01;104.489;3.26;74.069;73.429
2024-08-02;104.693;3.233;76.445;75.628
2024-08-05;104.569;3.249;75.957;75.274
2024-08-06;104.758;3.224;74.58;73.861
2024-08-07;104.335;3.28;75.715;74.774
2024-08-08;104.274;3.288;76.409;75.354
2024-08-09;104.616;3.242;75.503;74.608
2024-08-12;104.61;3.243;76.303;75.311
2024-08-13;104.979;3.194;75.916;74.767
2024-08-14;105.048;3.184;76.445;75.019
2024-08-15;104.557;3.249;75.408;74.666
2024-08-16;104.587;3.245;76.478;75.546
2024-08-19;104.676;3.233;75.956;74.489
2024-08-20;104.857;3.209;77.646;76.059
2024-08-21;105.136;3.171;75.602;74.549
2024-08-22;104.737;3.224;75.598;74.89
2024-08-23;104.891;3.203;75.734;74.741
2024-08-26;104.655;3.234;76.445;75.23
2024-08-27;104.286;3.283;77.83;77.383
2024-08-28;104.266;3.286;78.068;77.425
2024-08-29;104.41;3.266;77.893;77.575
2024-08-30;104.135;3.303;78.886;76.666
2024-09-02;104.018;3.319;78.476;77.979
2024-09-03;104.361;3.272;79.31;78.289
2024-09-04;104.864;3.205;76.488;75.741
2024-09-05;105.026;3.183;76.391;75.884
2024-09-06;105.296;3.147;75.861;75.333
2024-09-09;105.223;3.156;78.194;77.752
2024-09-10;105.506;3.118;77.493;77.011
2024-09-11;105.663;3.097;76.285;75.8
2024-09-12;105.473;3.122;75.161;75.073
2024-09-13;105.527;3.115;74.828;74.682
2024-09-16;105.608;3.104;77.167;76.529
2024-09-17;105.342;3.139;78.178;77.231
2024-09-18;104.894;3.198;79.337;78.845
2024-09-19;104.787;3.212;79.811;80.114
2024-09-20;104.562;3.242;82.483;82.617
2024-09-23;104.957;3.189;82.456;82.382
2024-09-24;105.107;3.169;81.311;81.253
2024-09-25;104.764;3.215;84.156;84.373
2024-09-26;104.899;3.196;82.358;82.642
2024-09-27;105.213;3.154;83.108;83.223
2024-09-30;105.276;3.145;84.233;83.768
2024-10-01;105.917;3.059;83.27;82.9
2024-10-02;105.69;3.089;81.952;81.15
2024-10-03;105.176;3.157;82.631;82.42
2024-10-04;104.826;3.204;80.048;80.184
2024-10-07;104.459;3.254;80.093;80.375
2024-10-08;104.658;3.227;78.739;79.343
2024-10-09;104.536;3.243;78.372;79.087
2024-10-10;104.579;3.237;78.454;79.273
2024-10-11;104.498;3.247;80.39;81.157
2024-10-14;104.431;3.256;82.321;82.853
2024-10-15;105.034;3.175;80.073;80.284
2024-10-16;105.278;3.142;80.569;80.02
2024-10-17;105.174;3.155;80.847;81.082
2024-10-18;105.511;3.11;80.239;79.586
2024-10-21;104.645;3.226;83.235;83.791
2024-10-22;104.48;3.248;83.701;83.871
2024-10-23;104.663;3.223;82.55;82.781
2024-10-24;104.983;3.179;81.821;82.261
2024-10-25;104.662;3.223;85.106;85.799
2024-10-28;104.863;3.195;84.673;84.326
2024-10-29;104.943;3.184;82.795;83.086
2024-10-30;104.609;3.229;80.05;80.629
2024-10-31;104.17;3.289;86.84;87.825
2024-11-01;104.438;3.252;84.5;85.072
2024-11-04;104.429;3.253;83.985;84.241
2024-11-05;104.21;3.283;82.379;82.739
2024-11-06;104.42;3.254;87.891;87.485
2024-11-07;104.306;3.269;87.737;88.339
2024-11-08;104.422;3.253;92.445;92.59
2024-11-11;104.588;3.23;96.063;95.695
2024-11-12;104.668;3.219;91.519;91.319
2024-11-13;104.688;3.216;89.471;89.437
2024-11-14;105.053;3.166;90.689;90.931
2024-11-15;104.846;3.194;94.529;94.285
2024-11-18;105.076;3.163;87.004;87.443
2024-11-19;105.277;3.135;83.529;83.879
2024-11-20;105.134;3.154;86.061;85.905
2024-11-21;105.243;3.139;83.026;83.177
2024-11-22;105.804;3.063;83.027;81.909
2024-11-25;105.826;3.06;85.558;84.543
2024-11-26;106.1;3.022;80.343;80.228
2024-11-27;106.258;3.001;81.225;80.232
2024-11-28;106.586;2.956;79.49;79.03
2024-11-29;107.038;2.896;79.131;77.706
2024-12-02;107.116;2.885;83.11;81.268
2024-12-03;107.072;2.89;84.469;82.969
2024-12-04;107.181;2.876;82.202;80.849
2024-12-05;106.994;2.9;79.782;78.597
2024-12-06;107.075;2.889;80.743;79.457
2024-12-09;107.119;2.883;79.476;78.472
2024-12-10;107.117;2.883;79.481;78.49
2024-12-11;107.122;2.882;78.644;77.664
2024-12-12;106.487;2.966;79.062;78.591
2024-12-13;105.952;3.038;81.662;81.584
2024-12-16;106.262;2.996;79.801;78.741
2024-12-17;106.242;2.998;80.776;79.71
2024-12-18;106.27;2.994;77.708;77.223
2024-12-19;105.774;3.061;78.442;78.411
2024-12-20;106.062;3.021;75.664;75.447
2024-12-23;105.791;3.057;76.285;76.183
2024-12-24;105.791;3.057;76.761;76.704
2024-12-25;105.791;3.057;76.795;76.701
2024-12-27;105.209;3.137;79.959;79.531
2024-12-30;105.56;3.088;79.743;79.116
2024-12-31;105.56;3.088;77.05;77.097
2025-01-01;105.56;3.088;77.145;77.092
2025-01-02;105.187;3.138;81.004;80.599
2025-01-03;104.78;3.194;81.657;82.105
2025-01-06;104.814;3.189;78.14;78.407
2025-01-07;104.57;3.223;78.616;78.771
2025-01-08;104.411;3.245;77.679;77.941
2025-01-09;104.241;3.268;77.732;78.104
2025-01-10;104.08;3.29;76.874;77.019
2025-01-13;104.01;3.3;75.212;75.577
2025-01-14;103.795;3.33;74.67;75.02
2025-01-15;104.551;3.224;74.25;74.253
2025-01-16;104.621;3.214;75.505;75.443
2025-01-17;104.737;3.198;75.018;74.955
2025-01-20;104.792;3.19;75.309;74.67
2025-01-21;105.014;3.159;73.462;73.251
2025-01-22;105.025;3.157;71.469;71.328
2025-01-23;104.89;3.175;72.833;72.732
2025-01-24;104.781;3.19;70.684;70.628
2025-01-27;105.004;3.159;70.944;70.156
2025-01-28;104.912;3.172;69.782;69.042
2025-01-29;104.915;3.171;68.198;67.441
2025-01-30;105.265;3.122;69.558;68.536
2025-01-31;105.386;3.105;75.348;74.156
2025-02-03;106.086;3.008;72.396;70.902
2025-02-04;106.139;3.001;72.713;71.221
2025-02-05;106.393;2.966;71.089;69.417
2025-02-06;106.468;2.955;69.224;67.599
2025-02-07;106.489;2.952;69.759;68.654
2025-02-10;106.578;2.939;69.665;68.496
2025-02-11;106.06;3.01;70.049;68.42
2025-02-12;105.75;3.052;69.121;67.63
2025-02-13;106.231;2.985;66.747;64.953
2025-02-14;106.244;2.983;64.103;62.324
2025-02-17;105.802;3.044;66.924;65.388
2025-02-18;105.846;3.038;66.807;65.31
2025-02-19;105.284;3.115;69.72;68.558
2025-02-20;105.23;3.122;71.688;70.725
2025-02-21;105.598;3.071;71.659;70.545
2025-02-24;105.566;3.075;72.707;71.702
2025-02-25;105.761;3.047;72.395;71.368
2025-02-26;106.006;3.013;71.561;70.56
2025-02-27;106.154;2.992;71.061;70.06
2025-02-28;106.254;2.978;70.276;69.482
2025-03-03;105.844;3.034;70.179;70.236
2025-03-04;105.786;3.042;71.225;71.205
2025-03-05;104.164;3.27;68.851;69.193
2025-03-06;103.584;3.351;72.579;73.477
2025-03-07;103.519;3.361;72.082;72.928
2025-03-10;103.679;3.338;71.183;71.543
2025-03-11;103.35;3.384;70.569;71.436
2025-03-12;103.583;3.351;69.541;70.449
2025-03-13;103.568;3.352;71.529;72.133
2025-03-14;103.568;3.352;68.543;69.318
2025-03-17;103.899;3.305;68.297;68.209
2025-03-18;103.924;3.301;68.889;68.873
2025-03-19;104.08;3.279;67.697;67.198
2025-03-20;104.185;3.263;67.662;67.635
2025-03-21;104.314;3.245;66.76;66.703
2025-03-24;104.298;3.247;65.898;65.694
2025-03-25;104.099;3.275;66.138;66.093
2025-03-26;104.068;3.279;67.02;67.069
2025-03-27;104.288;3.247;66.262;66.29
2025-03-28;104.367;3.236;68.496;68.62
2025-03-31;104.398;3.231;67.88;67.939
2025-04-01;104.661;3.193;68.439;68.471
2025-04-02;104.556;3.208;68.113;68.108
2025-04-03;104.746;3.18;72.883;72.979
2025-04-04;105.125;3.126;70.199;70.362
2025-04-07;104.522;3.212;72.857;72.917
2025-04-08;104.801;3.172;69.884;70.44
2025-04-09;104.619;3.198;72.483;72.724
2025-04-10;104.748;3.179;74.325;74.991
2025-04-11;104.716;3.183;71.179;71.471
2025-04-14;105.149;3.121;74.046;74.055
2025-04-15;104.963;3.147;74.418;74.516
2025-04-16;105.007;3.14;74.139;74.539
2025-04-17;105.132;3.122;74.102;74.419
2025-04-18;105.132;3.122;75.004;75.398
2025-04-22;105.379;3.087;76.222;75.917
2025-04-23;105.206;3.111;76.127;76.434
2025-04-24;105.91;3.011;70.114;69.91
2025-04-25;105.732;3.035;71.6;71.423
2025-04-28;105.489;3.07;70.198;70.127
2025-04-29;105.673;3.043;69.676;69.482
2025-04-30;105.889;3.012;71.423;71.193
2025-05-02;105.548;3.06;69.073;68.896
2025-05-05;105.604;3.051;70.364;69.884
2025-05-06;105.536;3.061;70.376;69.902
2025-05-07;105.778;3.026;72.239;71.564
2025-05-08;105.545;3.058;69.661;69.422
2025-05-09;105.333;3.088;70.501;70.553
2025-05-12;104.924;3.147;68.219;68.472
2025-05-13;104.661;3.184;68.896;69.241
2025-05-14;104.515;3.205;68.708;68.992
2025-05-15;104.886;3.151;71.005;71.013
2025-05-16;105.086;3.122;71.087;70.974
2025-05-19;105.072;3.124;71.409;71.372
2025-05-20;105.062;3.125;69.571;69.528
2025-05-21;104.873;3.152;67.727;67.861
2025-05-22;104.583;3.193;72.261;72.653
2025-05-23;105.009;3.131;70.557;71.181
2025-05-26;105.158;3.11;69.627;70.127
2025-05-27;105.29;3.091;69.917;70.487
2025-05-28;105.144;3.111;69.946;70.712
2025-05-29;105.144;3.11;73.129;73.808
2025-05-30;105.114;3.115;74.111;74.75
2025-06-02;105.055;3.123;72.946;73.545
2025-06-03;105.135;3.111;72.82;73.224
2025-06-04;105.274;3.091;69.998;70.429
2025-06-05;104.607;3.186;72.177;73.25
2025-06-06;104.749;3.166;72.059;73.128
2025-06-09;104.761;3.164;71.194;72.016
2025-06-10;105.003;3.128;71.252;71.95
2025-06-11;105.203;3.099;68.35;68.964
2025-06-12;105.38;3.073;69.367;69.918
2025-06-13;105.197;3.099;66.782;67.497
2025-06-16;105.172;3.103;67.835;68.425
2025-06-17;105.191;3.1;67.017;67.544
2025-06-18;105.304;3.083;68.118;68.6
2025-06-19;105.189;3.099;67.598;68.252
2025-06-20;105.432;3.064;65.154;65.756
2025-06-23;105.522;3.05;65.524;65.921
2025-06-24;105.461;3.059;64.402;64.714
2025-06-25;105.495;3.054;63.027;63.341
2025-06-26;105.589;3.039;61.008;61.316
2025-06-27;105.445;3.06;61.009;61.445
2025-06-30;105.352;3.073;60.979;61.269
2025-07-01;105.503;3.051;61.868;62.016
2025-07-02;105.505;3.05;58.623;58.927
2025-07-03;105.57;3.04;60.15;60.392
2025-07-04;105.539;3.044;61.394;61.658
2025-07-07;105.356;3.071;61.599;61.86
2025-07-08;105.063;3.113;61.908;62.325
2025-07-09;105.008;3.121;64.046;64.331
2025-07-10;104.816;3.148;64.454;64.847
2025-07-11;104.718;3.162;63.413;63.903
2025-07-14;104.64;3.173;63.411;63.787
2025-07-15;104.738;3.159;63.704;63.904
2025-07-16;104.837;3.144;64.664;64.828
2025-07-17;104.866;3.139;64.446;64.666
2025-07-18;104.795;3.149;63.95;64.258
2025-07-21;105.138;3.099;65.837;65.823
2025-07-22;105.379;3.064;63.412;63.339
2025-07-23;105.276;3.078;62.263;62.207
2025-07-24;104.837;3.142;61.236;61.473
2025-07-25;104.662;3.167;62.963;63.231
2025-07-28;104.813;3.145;62.757;62.785
2025-07-29;104.856;3.138;60.319;60.364
2025-07-30;104.862;3.137;60.313;60.348
2025-07-31;104.848;3.139;60.466;60.429
2025-08-01;104.945;3.124;61.792;61.732
2025-08-04;105.339;3.066;60.611;60.345
2025-08-05;105.389;3.058;60.326;60.045
2025-08-06;105.213;3.084;61.109;60.785
2025-08-07;105.234;3.08;60.8;60.536
2025-08-08;104.802;3.143;63.753;63.728
2025-08-11;104.839;3.138;63.464;63.4
2025-08-12;104.629;3.169;64.2;64.168
2025-08-13;105.009;3.112;62.574;62.332
2025-08-14;104.848;3.135;61.841;61.643
2025-08-15;104.197;3.232;65.469;65.571
2025-08-18;104.354;3.208;66.324;66.297
2025-08-19;104.438;3.195;66.832;66.802
2025-08-20;104.62;3.168;66.87;66.839
2025-08-21;104.211;3.228;66.355;66.673
2025-08-22;104.566;3.175;66.299;66.639
2025-08-25;104.199;3.23;67.37;67.735
2025-08-26;104.272;3.219;71.141;71.556
2025-08-27;104.19;3.231;73.756;74.155
2025-08-28;104.231;3.224;73.902;74.32
2025-08-29;104.128;3.239;73.876;74.373
2025-09-01;103.961;3.264;74.444;74.804
2025-09-02;103.778;3.291;74.154;74.627
2025-09-03;103.902;3.272;76.257;76.562
2025-09-04;104.265;3.217;71.713;71.946
2025-09-05;104.491;3.183;72.137;72.274
2025-09-08;104.727;3.148;70.684;70.557
2025-09-09;104.691;3.153;69.538;69.433
2025-09-10;104.763;3.142;68.857;68.619
2025-09-11;104.791;3.137;67.635;67.511
2025-09-12;104.399;3.196;67.662;67.815
2025-09-15;104.541;3.174;67.194;67.221
2025-09-16;104.643;3.159;66.159;66.25
2025-09-17;104.689;3.152;66.596;66.678
2025-09-18;104.406;3.193;66.993;67.247
2025-09-19;104.508;3.178;63.656;63.832
2025-09-22;104.429;3.189;65.006;65.055
2025-09-23;104.459;3.185;63.839;63.968
2025-09-24;104.477;3.182;62.74;62.821
2025-09-25;104.215;3.221;63.336;63.637
2025-09-26;104.359;3.199;63.546;63.668
2025-09-29;104.539;3.171;64.399;64.387
2025-09-30;104.571;3.166;63.431;63.524
2025-10-01;104.54;3.171;64.496;64.716
2025-10-02;104.614;3.159;63.846;64.133
2025-10-03;104.661;3.152;62.761;62.945
2025-10-06;104.454;3.183;64.306;64.407
2025-10-07;104.439;3.185;65.003;65.082
2025-10-08;104.67;3.15;64.662;64.654
2025-10-09;104.622;3.156;62.841;62.984
2025-10-10;104.905;3.113;63.487;63.534
2025-10-13;104.968;3.104;63.485;63.294
2025-10-14;105.345;3.047;60.215;59.872
2025-10-15;105.713;2.992;58.871;58.449
2025-10-16;105.768;2.983;57.478;57.115
2025-10-17;105.758;2.984;56.549;56.151
2025-10-20;105.53;3.018;60.471;60.066
2025-10-21;105.647;3.0;60.735;60.152
2025-10-22;105.601;3.006;60.033;59.598
2025-10-23;105.468;3.026;59.91;59.692
2025-10-24;105.113;3.079;61.044;60.97
2025-10-27;105.178;3.069;61.753;61.351
2025-10-28;105.167;3.07;60.757;60.324
2025-10-29;105.24;3.059;59.638;59.232
2025-10-30;105.147;3.072;58.677;58.452
2025-10-31;105.226;3.06;58.59;58.247
2025-11-03;105.14;3.073;56.999;56.564
2025-11-04;105.128;3.074;58.119;57.706
2025-11-05;105.028;3.089;57.72;57.412
2025-11-06;105.056;3.084;59.013;58.811
2025-11-07;104.959;3.099;58.171;58.063
2025-11-10;105.038;3.086;57.237;56.984
2025-11-11;105.106;3.076;56.959;56.661
2025-11-12;105.266;3.051;54.825;54.416
2025-11-13;105.152;3.068;51.579;51.374
2025-11-14;104.941;3.1;51.701;51.629
2025-11-17;104.896;3.106;52.819;52.652
2025-11-18;104.889;3.107;53.039;52.745
2025-11-19;104.87;3.11;52.682;52.433
2025-11-20;104.725;3.131;54.358;54.4
2025-11-21;104.832;3.114;54.918;54.986
2025-11-24;104.936;3.098;54.029;53.979
2025-11-25;105.182;3.061;51.532;51.39
2025-11-26;105.188;3.06;51.544;51.438
2025-11-27;105.104;3.072;51.863;51.923
2025-11-28;105.111;3.07;50.516;50.618
2025-12-01;104.735;3.127;51.663;51.752
2025-12-02;104.696;3.133;53.183;53.264
2025-12-03;104.759;3.123;52.758;52.878
2025-12-04;104.565;3.152;53.626;53.842
2025-12-05;104.487;3.164;51.532;51.677
2025-12-08;104.051;3.231;50.003;50.198
2025-12-09;104.182;3.211;48.669;48.691
2025-12-10;104.113;3.221;49.744;49.797
2025-12-11;104.183;3.21;49.061;49.189
2025-12-12;104.139;3.216;48.259;48.474
2025-12-15;104.276;3.195;45.435;45.49
2025-12-16;104.332;3.186;45.424;45.463
2025-12-17;104.278;3.194;44.49;44.684
2025-12-18;104.321;3.187;44.582;44.942
2025-12-19;104.165;3.211;44.228;44.709
2025-12-22;104.181;3.208;43.987;44.294
2025-12-23;104.371;3.178;42.808;43.287
2025-12-24;104.371;3.178;42.246;42.828
2025-12-25;104.371;3.178;42.301;42.822
2025-12-29;104.52;3.154;43.113;43.32
2025-12-30;104.396;3.173;43.718;44.024
2025-12-31;104.396;3.172;43.479;43.994
2026-01-01;104.396;3.172;43.51;43.992
2026-01-02;104.178;3.206;44.121;44.717
2026-01-05;104.323;3.183;45.13;45.535
2026-01-06;104.482;3.158;45.311;45.65
2026-01-07;104.754;3.116;44.615;44.895
2026-01-08;104.696;3.124;43.837;44.186
2026-01-09;104.719;3.12;43.204;43.531
2026-01-12;104.862;3.098;43.856;43.922
2026-01-13;104.782;3.11;44.501;44.514
2026-01-14;104.934;3.086;44.194;44.146
2026-01-15;104.939;3.085;42.913;42.994
2026-01-16;104.824;3.102;42.675;42.77
2026-01-19;104.903;3.09;41.556;41.496
2026-01-20;104.738;3.115;43.291;43.295
2026-01-21;104.652;3.128;41.944;41.967
2026-01-22;104.75;3.113;39.372;39.451
2026-01-23;104.778;3.108;37.174;37.229
2026-01-26;104.795;3.105;40.28;40.268
2026-01-27;105.029;3.068;36.919;36.849
2026-01-28;105.001;3.072;40.753;40.702
2026-01-29;105.134;3.051;39.187;39.12
2026-01-30;105.041;3.065;40.653;40.589
2026-02-02;104.893;3.088;40.603;40.567
2026-02-03;104.842;3.096;39.974;39.958
2026-02-04;104.978;3.074;40.57;40.502
2026-02-05;104.93;3.081;41.906;41.854
2026-02-06;104.979;3.073;41.668;41.768
2026-02-09;105.017;3.067;42.226;42.464
2026-02-10;105.088;3.055;41.8;42.156
